Reading GRB file -->
HDR1: GRID DISV                                        

HDR2: VERSION 1                                        

HDR3: NTXT 20                                          

HDR4: LENTXT 100                                       

DEF: NCELLS INTEGER NDIM 0 # 38141                                                                      

DEF: NLAY INTEGER NDIM 0 # 1                                                                            

DEF: NCPL INTEGER NDIM 0 # 38141                                                                        

DEF: NVERT INTEGER NDIM 0 # 82608                                                                       

DEF: NJAVERT INTEGER NDIM 0 # 264116                                                                    

DEF: NJA INTEGER NDIM 0 # 205829                                                                        

DEF: XORIGIN DOUBLE NDIM 0 #     0.00000000000000                                                       

DEF: YORIGIN DOUBLE NDIM 0 #     0.00000000000000                                                       

DEF: ANGROT DOUBLE NDIM 0 #     0.00000000000000                                                        

DEF: TOP DOUBLE NDIM 1 38141                                                                            

DEF: BOTM DOUBLE NDIM 1 38141                                                                           

DEF: VERTICES DOUBLE NDIM 2 2 82608                                                                     

DEF: CELLX DOUBLE NDIM 1 38141                                                                          

DEF: CELLY DOUBLE NDIM 1 38141                                                                          

DEF: IAVERT INTEGER NDIM 1 38142                                                                        

DEF: JAVERT INTEGER NDIM 1 264116                                                                       

DEF: IA INTEGER NDIM 1 38142                                                                            

DEF: JA INTEGER NDIM 1 205829                                                                           

DEF: IDOMAIN INTEGER NDIM 1 38141                                                                       

DEF: ICELLTYPE INTEGER NDIM 1 38141                                                                     

   NCELLS:     38141
     NLAY:         1
     NCPL:     38141
    NVERT:     82608
  NJAVERT:    264116
      NJA:    205829
  XORIGIN:          0.000
  YORIGIN:          0.000
   ANGROT:          0.000
Reading/setting TOP and BOT...
Reading vertices...
Reading cell centers...
Reading IAVERT...
Reading JAVERT...
Reading IA...
Reading JA...
Reading IDOMAIN...
   1   1   1   1   1   1   1   1   1   1   1   1   1   1   1   1   1   1   1   1
   1   1   1   1   1   1   1   1   1   1   1   1   1   1   1   1   1   1   1   1
   1   1   1   1   1   1   1   1   1   1   1   1   1   1   1   1   1   1   1   1
   1   1   1   1   1   1   1   1   1   1   1   1   1   1   1   1   1   1   1   1
   1   1   1   1   1   1   1   1   1   1   1   1   1   1   1   1   1   1   1   1
   1   1   1   1   1   1   1   1   1   1   1   1   1   1   1   1   1   1   1   1
   1   1   1   1   1   1   1   1   1   1   1   1   1   1   1   1   1   1   1   1
   1   1   1   1   1   1   1   1   1   1   1   1   1   1   1   1   1   1   1   1
   1   1   1   1   1   1   1   1   1   1   1   1   1   1   1   1   1   1   1   1
   1   1   1   1   1   1   1   1   1   1   1   1   1   1   1   1   1   1   1   1
   1   1   1   1   1   1   1   1   1   1   1   1   1   1   1   1   1   1   1   1
   1   1   1   1   1   1   1   1   1   1   1   1   1   1   1   1   1   1   1   1
   1   1   1   1   1   1   1   1   1   1   1   1   1   1   1   1   1   1   1   1
   1   1   1   1   1   1   1   1   1   1   1   1   1   1   1   1   1   1   1   1
   1   1   1   1   1   1   1   1   1   1   1   1   1   1   1   1   1   1   1   1
   1   1   1   1   1   1   1   1   1   1   1   1   1   1   1   1   1   1   1   1
   1   1   1   1   1   1   1   1   1   1   1   1   1   1   1   1   1   1   1   1
   1   1   1   1   1   1   1   1   1   1   1   1   1   1   1   1   1   1   1   1
   1   1   1   1   1   1   1   1   1   1   1   1   1   1   1   1   1   1   1   1
   1   1   1   1   1   1   1   1   1   1   1   1   1   1   1   1   1   1   1   1
   1   1   1   1   1   1   1   1   1   1   1   1   1   1   1   1   1   1   1   1
   1   1   1   1   1   1   1   1   1   1   1   1   1   1   1   1   1   1   1   1
   1   1   1   1   1   1   1   1   1   1   1   1   1   1   1   1   1   1   1   1
   1   1   1   1   1   1   1   1   1   1   1   1   1   1   1   1   1   1   1   1
   1   1   1   1   1   1   1   1   1   1   1   1   1   1   1   1   1   1   1   1
   1   1   1   1   1   1   1   1   1   1   1   1   1   1   1   1   1   1   1   1
   1   1   1   1   1   1   1   1   1   1   1   1   1   1   1   1   1   1   1   1
   1   1   1   1   1   1   1   1   1   1   1   1   1   1   1   1   1   1   1   1
   1   1   1   1   1   1   1   1   1   1   1   1   1   1   1   1   1   1   1   1
   1   1   1   1   1   1   1   1   1   1   1   1   1   1   1   1   1   1   1   1
   1   1   1   1   1   1   1   1   1   1   1   1   1   1   1   1   1   1   1   1
   1   1   1   1   1   1   1   1   1   1   1   1   1   1   1   1   1   1   1   1
   1   1   1   1   1   1   1   1   1   1   1   1   1   1   1   1   1   1   1   1
   1   1   1   1   1   1   1   1   1   1   1   1   1   1   1   1   1   1   1   1
   1   1   1   1   1   1   1   1   1   1   1   1   1   1   1   1   1   1   1   1
   1   1   1   1   1   1   1   1   1   1   1   1   1   1   1   1   1   1   1   1
   1   1   1   1   1   1   1   1   1   1   1   1   1   1   1   1   1   1   1   1
   1   1   1   1   1   1   1   1   1   1   1   1   1   1   1   1   1   1   1   1
   1   1   1   1   1   1   1   1   1   1   1   1   1   1   1   1   1   1   1   1
   1   1   1   1   1   1   1   1   1   1   1   1   1   1   1   1   1   1   1   1
   1   1   1   1   1   1   1   1   1   1   1   1   1   1   1   1   1   1   1   1
   1   1   1   1   1   1   1   1   1   1   1   1   1   1   1   1   1   1   1   1
   1   1   1   1   1   1   1   1   1   1   1   1   1   1   1   1   1   1   1   1
   1   1   1   1   1   1   1   1   1   1   1   1   1   1   1   1   1   1   1   1
   1   1   1   1   1   1   1   1   1   1   1   1   1   1   1   1   1   1   1   1
   1   1   1   1   1   1   1   1   1   1   1   1   1   1   1   1   1   1   1   1
   1   1   1   1   1   1   1   1   1   1   1   1   1   1   1   1   1   1   1   1
   1   1   1   1   1   1   1   1   1   1   1   1   1   1   1   1   1   1   1   1
   1   1   1   1   1   1   1   1   1   1   1   1   1   1   1   1   1   1   1   1
   1   1   1   1   1   1   1   1   1   1   1   1   1   1   1   1   1   1   1   1
   1   1   1   1   1   1   1   1   1   1   1   1   1   1   1   1   1   1   1   1
   1   1   1   1   1   1   1   1   1   1   1   1   1   1   1   1   1   1   1   1
   1   1   1   1   1   1   1   1   1   1   1   1   1   1   1   1   1   1   1   1
   1   1   1   1   1   1   1   1   1   1   1   1   1   1   1   1   1   1   1   1
   1   1   1   1   1   1   1   1   1   1   1   1   1   1   1   1   1   1   1   1
   1   1   1   1   1   1   1   1   1   1   1   1   1   1   1   1   1   1   1   1
   1   1   1   1   1   1   1   1   1   1   1   1   1   1   1   1   1   1   1   1
   1   1   1   1   1   1   1   1   1   1   1   1   1   1   1   1   1   1   1   1
   1   1   1   1   1   1   1   1   1   1   1   1   1   1   1   1   1   1   1   1
   1   1   1   1   1   1   1   1   1   1   1   1   1   1   1   1   1   1   1   1
   1   1   1   1   1   1   1   1   1   1   1   1   1   1   1   1   1   1   1   1
   1   1   1   1   1   1   1   1   1   1   1   1   1   1   1   1   1   1   1   1
   1   1   1   1   1   1   1   1   1   1   1   1   1   1   1   1   1   1   1   1
   1   1   1   1   1   1   1   1   1   1   1   1   1   1   1   1   1   1   1   1
   1   1   1   1   1   1   1   1   1   1   1   1   1   1   1   1   1   1   1   1
   1   1   1   1   1   1   1   1   1   1   1   1   1   1   1   1   1   1   1   1
   1   1   1   1   1   1   1   1   1   1   1   1   1   1   1   1   1   1   1   1
   1   1   1   1   1   1   1   1   1   1   1   1   1   1   1   1   1   1   1   1
   1   1   1   1   1   1   1   1   1   1   1   1   1   1   1   1   1   1   1   1
   1   1   1   1   1   1   1   1   1   1   1   1   1   1   1   1   1   1   1   1
   1   1   1   1   1   1   1   1   1   1   1   1   1   1   1   1   1   1   1   1
   1   1   1   1   1   1   1   1   1   1   1   1   1   1   1   1   1   1   1   1
   1   1   1   1   1   1   1   1   1   1   1   1   1   1   1   1   1   1   1   1
   1   1   1   1   1   1   1   1   1   1   1   1   1   1   1   1   1   1   1   1
   1   1   1   1   1   1   1   1   1   1   1   1   1   1   1   1   1   1   1   1
   1   1   1   1   1   1   1   1   1   1   1   1   1   1   1   1   1   1   1   1
   1   1   1   1   1   1   1   1   1   1   1   1   1   1   1   1   1   1   1   1
   1   1   1   1   1   1   1   1   1   1   1   1   1   1   1   1   1   1   0   0
   0   0   0   0   0   0   0   0   0   0   0   0   0   0   0   0   0   0   0   0
   0   0   0   0   0   0   0   0   0   0   0   0   0   0   0   0   0   0   0   0
   0   0   0   0   0   0   0   0   0   0   0   0   0   0   0   0   0   0   0   0
   0   0   0   0   0   0   0   0   0   0   0   0   0   0   0   0   0   0   0   0
   0   0   0   0   0   0   0   0   0   0   0   0   0   0   0   0   0   0   0   0
   0   0   0   0   0   0   0   0   0   0   0   0   0   0   0   0   0   0   0   0
   0   0   0   0   0   0   0   0   0   0   0   0   0   0   0   0   0   0   0   0
   0   0   0   0   0   0   0   0   0   0   0   0   0   0   0   0   0   0   0   0
   0   0   0   0   0   0   0   0   0   0   0   0   0   0   0   0   0   0   0   0
   0   0   0   0   0   0   0   0   0   0   0   0   0   0   0   0   0   0   0   0
   0   0   0   0   0   0   0   0   0   0   0   0   0   0   0   0   0   0   0   0
   0   0   0   0   0   0   0   0   0   0   0   0   0   0   0   0   0   0   0   0
   0   0   0   0   0   0   0   0   0   0   0   0   0   0   0   0   0   0   0   0
   0   0   0   0   0   0   0   0   0   0   0   0   0   0   0   0   0   0   0   0
   0   0   0   0   0   0   0   0   0   0   0   0   0   0   0   0   0   0   0   0
   0   0   0   0   0   0   0   0   0   0   0   0   0   0   0   0   0   0   0   0
   0   0   0   0   0   0   0   1   1   1   1   1   1   1   1   1   1   1   1   1
   1   1   1   1   1   1   1   1   1   1   1   1   1   1   1   1   1   1   1   1
   1   1   1   1   1   1   1   1   0   0   0   0   0   0   0   0   0   0   0   0
   0   0   0   0   0   0   0   0   0   0   0   0   0   0   0   0   0   0   0   0
   0   0   0   0   0   0   0   0   0   0   0   0   0   0   0   0   0   0   0   0
   0   0   0   0   0   0   0   0   0   0   0   0   0   0   0   0   0   0   0   0
   0   0   0   0   0   0   0   0   0   0   0   0   0   0   0   0   0   0   0   0
   0   0   0   0   0   0   0   0   0   0   0   0   0   0   0   0   0   0   0   0
   0   0   0   0   0   0   0   0   0   0   0   0   0   0   0   0   0   0   0   0
   0   0   0   0   0   0   0   0   0   0   0   0   0   0   0   0   0   0   0   0
   0   0   0   0   0   0   0   0   0   0   0   0   0   0   0   0   0   0   0   0
   0   0   0   0   0   0   0   0   0   0   0   0   0   0   0   0   0   0   0   0
   0   0   0   0   0   0   0   0   0   0   0   0   0   0   0   0   0   0   0   0
   0   0   0   0   0   0   0   0   0   0   0   0   0   0   0   0   0   0   0   0
   0   0   0   0   0   0   0   0   0   0   0   0   0   0   0   0   0   0   0   0
   0   0   0   0   0   0   0   0   0   0   0   0   0   0   0   0   0   0   0   0
   0   0   0   0   0   0   0   0   0   0   0   0   0   0   0   0   0   0   0   0
   0   0   0   0   0   0   0   0   0   0   0   0   0   0   0   0   0   0   0   0
   0   0   0   0   0   0   0   0   0   0   0   0   0   0   0   0   0   0   0   0
   0   0   0   0   0   0   0   0   0   0   0   0   0   0   0   0   0   0   0   0
   0   0   0   0   0   0   0   0   0   0   0   0   0   0   0   0   0   0   0   0
   0   0   0   0   0   0   0   0   0   0   0   0   0   0   0   0   0   0   0   0
   0   0   0   0   0   0   0   0   0   0   0   0   0   0   0   0   0   0   0   0
   0   0   0   0   0   0   0   0   0   0   0   0   0   0   0   0   0   0   0   0
   0   0   0   0   0   0   0   0   0   0   0   0   0   0   0   0   0   0   0   0
   0   0   0   1   1   1   1   1   1   1   1   1   1   1   1   1   1   1   1   1
   1   1   1   1   1   1   1   1   1   1   1   1   1   1   1   1   1   1   1   1
   1   1   1   1   1   1   1   1   1   1   1   1   1   1   1   1   0   0   0   0
   0   0   0   0   0   0   0   0   0   0   0   0   0   0   0   0   0   0   0   0
   0   0   0   0   0   0   0   0   0   0   0   0   0   0   0   0   0   0   0   0
   0   0   0   0   0   0   0   0   0   0   0   0   0   0   0   0   0   0   0   0
   0   0   0   0   0   0   0   0   0   0   0   0   0   0   0   0   0   0   0   0
   0   0   1   1   1   1   1   1   1   1   1   1   1   1   1   1   1   1   1   1
   1   1   1   1   1   1   1   1   1   1   1   1   1   1   1   1   1   1   1   1
   1   1   1   1   1   1   1   1   1   1   1   1   1   1   1   1   1   1   1   1
   1   1   1   1   1   1   1   1   1   1   1   1   1   1   1   1   1   1   1   1
   1   1   1   1   1   1   1   1   1   1   1   1   1   1   1   1   1   1   1   1
   1   1   1   1   1   1   1   1   1   1   1   1   1   1   1   1   1   1   1   1
   1   1   1   1   1   1   1   1   1   1   1   1   1   1   1   1   1   1   1   1
   1   1   1   1   1   1   1   1   1   1   1   1   1   1   1   1   1   1   1   1
   1   1   1   1   1   1   1   1   1   1   1   1   1   1   1   1   1   1   1   1
   1   1   1   1   1   1   1   1   1   1   1   1   1   1   1   1   1   1   1   1
   1   1   1   1   1   1   1   1   1   1   1   1   1   1   1   1   1   1   1   1
   1   1   1   1   1   1   1   1   1   1   1   1   1   1   1   1   1   1   1   1
   1   1   1   1   1   1   1   1   1   1   1   1   1   1   1   1   1   1   1   1
   1   1   1   1   1   1   1   1   1   1   1   1   1   1   1   1   1   1   1   1
   1   1   1   1   1   1   1   1   1   1   1   1   1   1   1   1   1   1   1   1
   1   1   1   1   1   0   0   0   0   0   0   0   0   0   0   0   0   0   0   0
   0   0   0   0   0   0   0   0   0   0   0   0   0   0   0   0   0   0   0   0
   0   0   0   0   0   0   0   0   0   0   0   0   0   0   0   0   0   0   0   0
   0   0   0   0   0   0   0   0   0   0   0   0   0   0   0   0   0   0   0   0
   0   0   0   0   0   0   0   0   0   0   0   0   0   0   0   0   0   0   0   0
   0   0   0   0   0   0   0   0   0   0   0   0   0   0   0   0   0   0   0   0
   0   0   0   0   0   0   0   0   0   0   0   0   0   0   0   0   0   1   1   1
   1   1   1   1   1   1   1   1   1   1   1   1   1   1   1   1   1   1   1   1
   1   1   1   1   1   1   1   1   1   1   1   1   1   1   1   1   1   1   1   1
   1   1   1   1   1   1   1   1   1   1   1   1   1   1   1   1   1   1   1   1
   1   1   1   1   1   1   1   1   1   1   1   0   0   0   0   0   0   0   0   0
   0   0   0   0   0   0   0   0   0   0   0   0   0   0   0   0   0   0   0   0
   0   0   0   0   0   0   0   0   0   0   0   0   0   0   0   0   0   0   0   0
   0   0   0   0   0   0   0   0   0   0   0   0   0   0   0   0   0   0   0   0
   0   0   0   0   0   0   0   0   0   0   0   0   0   0   0   0   0   0   0   0
   0   0   0   0   0   0   0   1   1   1   1   1   1   1   1   1   1   1   1   1
   1   1   1   1   1   1   1   1   1   1   1   1   1   1   1   1   1   1   1   1
   1   1   1   1   1   1   1   1   1   1   1   1   1   1   1   1   1   1   1   1
   1   1   1   1   1   1   1   1   1   1   1   1   1   1   1   1   1   1   1   1
   1   1   1   1   1   1   1   1   1   1   1   1   1   1   1   1   1   1   1   1
   1   1   1   1   1   1   1   1   1   1   1   1   1   1   1   1   1   1   1   1
   1   1   1   1   1   1   1   1   1   1   1   1   1   1   1   1   1   1   1   1
   1   1   1   1   1   1   1   1   1   1   1   1   1   1   1   1   1   1   1   1
   1   1   1   1   1   1   1   1   1   1   1   1   1   1   1   1   1   1   1   1
   1   1   1   1   1   1   1   1   1   1   1   1   1   1   1   1   1   1   1   1
   1   1   1   1   1   1   1   1   1   1   1   1   1   1   1   1   1   1   1   1
   1   1   1   1   1   1   1   1   1   1   1   1   1   1   1   1   1   1   1   1
   1   1   1   1   1   1   1   1   1   1   1   1   1   1   1   1   1   1   1   1
   1   1   1   1   1   1   1   1   1   1   1   1   1   1   1   1   1   1   1   1
   1   1   1   1   1   1   1   1   1   1   1   1   1   1   1   1   1   1   1   1
   1   1   1   1   1   1   1   1   1   1   1   1   1   1   1   1   1   1   1   1
   1   1   1   1   1   1   1   1   1   1   1   1   1   1   1   1   1   1   1   1
   1   1   1   1   1   1   1   1   1   1   1   1   1   1   1   1   1   1   1   1
   1   1   1   1   1   1   1   1   1   1   1   1   1   1   1   1   1   1   1   1
   1   1   1   1   1   1   1   1   1   1   1   1   1   1   1   1   1   1   1   1
   1   1   1   1   1   1   1   1   1   1   1   1   1   1   1   1   1   1   1   1
   1   1   1   1   1   1   1   1   1   1   1   1   1   1   1   1   1   1   1   1
   1   1   1   1   1   1   1   1   1   1   1   1   1   1   1   1   1   1   1   1
   1   1   1   1   1   1   1   1   1   1   1   1   1   1   1   1   1   1   1   1
   1   1   1   1   1   1   1   1   1   1   1   1   1   1   1   1   1   1   1   1
   1   1   1   1   1   1   1   1   1   1   1   1   1   1   1   1   1   1   1   1
   1   1   1   1   1   1   1   1   1   1   1   1   1   1   1   1   1   1   1   1
   1   1   1   1   1   1   1   1   1   1   1   1   1   1   1   1   1   1   1   1
   1   1   1   1   1   1   1   1   1   1   1   1   1   1   1   1   1   1   1   1
   1   1   1   1   1   1   1   1   1   1   1   1   1   1   1   1   1   1   1   1
   1   1   1   1   1   1   1   1   1   1   1   1   1   1   1   1   1   1   1   1
   1   1   1   1   1   1   1   1   1   1   1   1   1   1   1   1   1   1   1   1
   1   1   1   1   1   1   1   1   1   1   1   1   1   1   1   1   1   1   1   1
   1   1   1   1   1   1   1   1   1   1   1   1   1   1   1   1   1   1   1   1
   1   1   1   1   1   1   1   1   1   1   1   1   1   1   1   1   1   1   1   1
   1   1   1   1   1   1   1   1   1   1   1   1   1   1   1   1   1   1   1   1
   1   1   1   1   1   1   1   1   1   1   1   1   1   1   1   1   1   1   1   1
   1   1   1   1   1   1   1   1   1   1   1   1   1   1   1   1   1   1   1   1
   1   1   1   1   1   1   1   1   1   1   1   1   1   1   1   1   1   1   1   1
   1   1   1   1   1   1   1   1   1   1   1   1   1   1   1   1   1   1   1   1
   1   1   1   1   1   1   1   1   1   1   1   1   1   1   1   1   1   1   1   1
   1   1   1   1   1   1   1   1   1   1   1   1   1   1   1   1   1   1   1   1
   1   1   1   1   1   1   1   1   1   1   1   1   1   1   1   1   1   1   1   1
   1   1   1   1   1   1   1   1   1   1   1   1   1   1   1   1   1   1   1   1
   1   1   1   1   1   1   1   1   1   1   1   1   1   1   1   1   1   1   1   1
   1   1   1   1   1   1   1   1   1   1   1   1   1   1   1   1   1   1   1   1
   1   1   1   1   1   1   1   1   1   1   1   1   1   1   1   1   1   1   1   1
   1   1   1   1   1   1   1   1   1   1   1   1   1   1   1   1   1   1   1   1
   1   1   1   1   1   1   1   1   1   1   1   1   1   1   1   1   1   1   1   1
   1   1   1   1   1   1   1   1   1   1   1   1   1   1   1   1   1   1   1   1
   1   1   1   1   1   1   1   1   1   1   1   1   1   1   1   1   1   1   1   1
   1   1   1   1   1   1   1   1   1   1   1   1   1   1   1   1   1   1   1   1
   1   1   1   1   1   1   1   1   1   1   1   1   1   1   1   1   1   1   1   1
   1   1   1   1   1   1   1   1   1   1   1   1   1   1   1   1   1   1   1   1
   1   1   1   1   1   1   1   1   1   1   1   1   1   1   1   1   1   1   1   1
   1   1   1   1   1   1   1   1   1   1   1   1   1   1   1   1   1   1   1   1
   1   1   1   1   1   1   1   1   1   1   1   1   1   1   1   1   1   1   1   1
   1   1   1   1   1   1   1   1   1   1   1   1   1   1   1   1   1   1   1   1
   1   1   1   1   1   1   1   1   1   1   1   1   1   1   1   1   1   1   1   1
   1   1   1   1   1   1   1   1   1   1   1   1   1   1   1   1   1   1   1   1
   1   1   1   1   1   1   1   1   1   1   1   1   1   1   1   1   1   1   1   1
   1   1   1   1   1   1   1   1   1   1   1   1   1   1   1   1   1   1   1   1
   1   1   1   1   1   1   1   1   1   1   1   1   1   1   1   1   1   1   1   1
   1   1   1   1   1   1   1   1   1   1   1   1   1   1   1   1   1   1   1   1
   1   1   1   1   1   1   1   1   1   1   1   1   1   1   1   1   1   1   1   1
   1   1   1   1   1   1   1   1   1   1   1   1   1   1   1   1   1   1   1   1
   1   1   1   1   1   1   1   1   1   1   1   1   1   1   1   1   1   1   1   1
   1   1   1   1   1   1   1   1   1   1   1   1   1   1   1   1   1   1   1   1
   1   1   1   1   1   1   1   1   1   1   1   1   1   1   1   1   1   1   1   1
   1   1   1   1   1   1   1   1   1   1   1   1   1   1   1   1   1   1   1   1
   1   1   1   1   1   1   1   1   1   1   1   1   1   1   1   1   1   1   1   1
   1   1   1   1   1   1   1   1   1   1   1   1   1   1   1   1   1   1   1   1
   1   1   1   1   1   1   1   1   1   1   1   1   1   1   1   1   1   1   1   1
   1   1   1   1   1   1   1   1   1   1   1   1   1   1   1   1   1   1   1   1
   1   1   1   1   1   1   1   1   1   1   1   1   1   1   1   1   1   1   1   1
   1   1   1   1   1   1   1   1   1   1   1   1   1   1   1   1   1   1   1   1
   1   1   1   1   1   1   1   1   1   1   1   1   1   1   1   1   1   1   1   1
   1   1   1   1   1   1   1   1   1   1   1   1   1   1   1   1   1   1   1   1
   1   1   1   1   1   1   1   1   1   1   1   1   1   1   1   1   1   1   1   1
   1   1   1   1   1   1   1   1   1   1   1   1   1   1   1   1   1   1   1   1
   1   1   1   1   1   1   1   1   1   1   1   1   1   1   1   1   1   1   1   1
   1   1   1   1   1   1   1   1   1   1   1   1   1   1   1   1   1   1   1   1
   1   1   1   1   1   1   1   1   1   1   1   1   1   1   1   1   1   1   1   1
   1   1   1   1   1   1   1   1   1   1   1   1   1   1   1   1   1   1   1   1
   1   1   1   1   1   1   1   1   1   1   1   1   1   1   1   1   1   1   1   1
   1   1   1   1   1   1   1   1   1   1   1   1   1   1   1   1   1   1   1   1
   1   1   1   1   1   1   1   1   1   1   1   1   1   1   1   1   1   1   1   1
   1   1   1   1   1   1   1   1   1   1   1   1   1   1   1   1   1   1   1   1
   1   1   1   1   1   1   1   1   1   1   1   1   1   1   1   1   1   1   1   1
   1   1   1   1   1   1   1   1   1   1   1   1   1   1   1   1   1   1   1   1
   1   1   1   1   1   1   1   1   1   1   1   1   1   1   1   1   1   1   1   1
   1   1   1   1   1   1   1   1   1   1   1   1   1   1   1   1   1   1   1   1
   1   1   1   1   1   1   1   1   1   1   1   1   1   1   1   1   1   1   1   1
   1   1   1   1   1   1   1   1   1   1   1   1   1   1   1   1   1   1   1   1
   1   1   1   1   1   1   1   1   1   1   1   1   1   1   1   1   1   1   1   1
   1   1   1   1   1   1   1   1   1   1   1   1   1   1   1   1   1   1   1   1
   1   1   1   1   1   1   1   1   1   1   1   1   1   1   1   1   1   1   1   1
   1   1   1   1   1   1   1   1   1   1   1   1   1   1   1   1   1   1   1   1
   1   1   1   1   1   1   1   1   1   1   1   1   1   1   1   1   1   1   1   1
   1   1   1   1   1   1   1   1   1   1   1   1   1   1   1   1   1   1   1   1
   1   1   1   1   1   1   1   1   1   1   1   1   1   1   1   1   1   1   1   1
   1   1   1   1   1   1   1   1   1   1   1   1   1   1   1   1   1   1   1   1
   1   1   1   1   1   1   1   1   1   1   1   1   1   1   1   1   1   1   1   1
   1   1   1   1   1   1   1   1   1   1   1   1   1   1   1   1   1   1   1   1
   1   1   1   1   1   1   1   1   1   1   1   1   1   1   1   1   1   1   1   1
   1   1   1   1   1   1   1   1   1   1   1   1   1   1   1   1   1   1   1   1
   1   1   1   1   1   1   1   1   1   1   1   1   1   1   1   1   1   1   1   1
   1   1   1   1   1   1   1   1   1   1   1   1   1   1   1   1   1   1   1   1
   1   1   1   1   1   1   1   1   1   1   1   1   1   1   1   1   1   1   1   1
   1   1   0   0   1   1   1   1   1   1   1   1   1   1   1   1   1   1   1   1
   1   1   1   1   1   1   1   1   1   1   1   1   1   1   1   1   1   1   1   1
   1   1   1   1   1   1   1   1   1   1   1   1   1   1   1   1   1   1   1   1
   1   1   1   1   1   1   1   1   1   1   1   1   1   1   1   1   1   1   1   1
   1   1   1   1   1   1   1   1   1   1   1   1   1   1   1   1   1   1   1   1
   1   1   1   1   1   1   1   1   1   1   1   1   1   1   1   1   1   1   1   1
   1   1   1   1   1   1   1   1   1   1   1   1   1   1   1   1   1   1   1   1
   1   1   1   1   1   1   1   1   1   1   1   1   1   1   1   1   1   1   1   1
   1   1   1   1   1   1   1   1   1   1   1   1   1   1   1   1   1   1   1   1
   1   1   1   1   1   1   1   1   1   1   1   1   1   1   1   1   1   1   1   1
   1   1   1   1   1   1   1   1   1   1   1   1   1   1   1   1   1   1   1   1
   1   1   1   1   1   1   1   1   1   1   1   1   1   1   1   1   1   1   1   1
   1   1   1   1   1   1   1   1   1   1   1   1   1   1   1   1   1   1   1   1
   1   1   1   1   1   1   1   1   1   1   1   1   1   1   1   1   1   1   1   1
   1   1   1   1   1   1   1   1   1   1   1   1   1   1   1   1   1   1   1   1
   1   1   1   1   1   1   1   1   1   1   1   1   1   1   1   1   1   0   1   1
   1   1   0   0   0   0   0   0   0   0   1   1   0   0   1   1   1   1   1   1
   1   1   0   0   0   1   1   1   1   1   1   1   1   1   1   1   1   0   0   1
   1   1   1   1   1   1   1   1   1   1   1   1   1   1   1   1   1   1   1   1
   1   1   1   1   1   1   1   1   1   1   1   1   1   1   1   1   1   1   1   1
   1   1   1   1   1   1   1   1   1   1   1   1   1   1   1   1   1   1   1   1
   1   1   1   1   1   1   1   1   1   1   0   0   0   0   0   0   0   1   0   0
   1   1   1   0   0   0   0   0   0   0   0   0   0   0   0   1   0   0   0   0
   0   0   0   0   0   0   0   0   0   0   0   1   1   1   1   1   1   1   1   1
   1   1   1   1   1   1   1   1   1   1   1   1   1   1   1   1   1   1   1   1
   1   1   1   1   1   1   1   1   1   1   1   1   1   1   1   1   1   1   1   1
   1   1   1   1   1   1   1   1   1   1   1   1   1   1   1   1   1   1   1   1
   1   1   1   1   1   1   1   1   1   1   1   1   1   1   1   1   1   1   1   1
   1   1   1   1   1   1   1   1   1   1   1   1   1   1   1   1   1   1   1   1
   1   1   1   1   1   1   1   1   1   1   1   1   1   1   1   1   1   1   1   1
   1   1   1   1   1   1   1   1   1   1   1   1   1   1   1   1   1   1   1   1
   1   1   1   1   1   1   1   1   1   1   1   1   1   1   1   1   1   1   1   1
   1   1   1   1   1   1   1   1   1   1   1   1   1   1   1   1   1   1   1   1
   1   1   1   1   1   1   1   1   1   1   1   1   1   1   1   1   1   1   1   1
   1   1   1   1   1   1   1   1   1   1   1   1   1   1   1   1   1   1   1   1
   1   1   1   1   1   1   1   1   1   1   1   1   1   1   1   1   1   1   1   1
   1   1   1   1   1   1   1   1   1   1   1   1   1   1   1   1   1   1   1   1
   1   1   1   1   1   1   1   1   1   1   1   1   1   1   1   1   1   1   1   1
   1   1   1   1   1   1   1   1   1   1   1   1   1   1   1   1   1   1   1   1
   1   1   1   1   1   1   1   1   1   1   1   1   1   1   1   1   1   1   1   1
   1   1   1   1   1   1   1   1   1   1   1   1   1   1   1   1   1   1   1   1
   1   1   1   1   1   1   1   1   1   1   1   1   1   1   1   1   1   1   1   1
   1   1   1   1   1   1   1   1   1   1   1   1   1   1   1   1   1   1   1   1
   1   1   1   1   1   1   1   1   1   1   1   1   1   1   1   1   1   1   1   1
   1   1   1   1   1   1   1   1   1   1   1   1   1   1   1   1   1   1   1   1
   1   1   1   1   1   1   1   1   1   1   1   1   1   1   1   1   1   1   1   1
   1   1   1   1   1   1   1   1   1   1   1   1   1   1   1   1   1   1   1   1
   1   1   1   1   1   1   1   1   1   1   1   1   1   1   1   1   1   1   1   1
   1   1   1   1   1   1   1   1   1   1   1   1   1   1   1   1   1   1   1   1
   1   1   1   1   1   1   1   1   1   1   1   1   1   1   1   1   1   1   1   1
   1   1   1   1   1   1   1   1   1   1   1   1   1   1   1   1   1   1   1   1
   1   1   1   1   1   1   1   1   1   1   1   1   1   1   1   1   1   1   1   1
   1   1   1   1   1   1   1   1   1   1   1   1   1   1   1   1   1   1   1   1
   1   1   1   1   1   1   1   1   1   1   1   1   1   1   1   1   1   1   1   1
   1   1   1   1   1   1   1   1   1   1   1   1   1   1   1   1   1   1   1   1
   1   1   1   1   1   1   1   1   1   1   1   1   1   1   1   1   1   1   1   1
   1   1   1   1   1   1   1   1   1   1   1   1   1   1   1   1   1   1   1   1
   1   1   1   1   1   1   1   1   1   1   1   1   1   1   1   1   1   1   1   1
   1   1   1   1   1   1   1   1   1   1   1   1   1   1   1   1   1   1   1   1
   1   1   1   1   1   1   1   1   1   1   1   1   1   1   1   1   1   1   1   1
   1   1   1   1   1   1   1   1   1   1   1   1   1   1   1   1   1   1   1   1
   1   1   1   1   1   1   1   1   1   1   1   1   1   1   1   1   1   1   1   1
   1   1   1   1   1   1   1   1   1   1   1   1   1   1   1   1   1   1   1   1
   1   1   1   1   1   1   1   1   1   1   1   0   0   1   1   1   1   1   1   1
   0   0   0   0   0   1   1   1   1   1   1   1   1   1   1   1   1   1   1   1
   1   1   1   1   1   1   1   1   1   1   1   1   1   1   1   1   1   1   1   1
   1   1   1   1   1   1   1   1   1   0   0   0   0   0   0   0   0   0   0   1
   1   1   1   1   1   1   0   0   0   1   1   1   1   1   1   1   1   1   1   1
   1   1   1   1   1   1   1   1   1   1   1   1   1   1   1   1   1   1   1   1
   1   1   1   1   1   1   1   1   1   1   1   1   1   1   1   1   1   1   1   1
   1   1   1   1   1   1   1   1   1   1   1   1   1   1   1   1   1   1   1   1
   1   1   1   1   1   1   1   1   1   1   1   1   1   1   1   1   1   1   1   1
   1   1   1   1   1   1   1   1   1   1   1   1   1   1   1   1   1   1   1   1
   1   1   1   1   1   1   1   1   1   1   1   1   1   1   1   1   1   1   1   1
   1   1   1   1   1   1   1   1   1   1   1   1   1   1   1   1   1   1   1   1
   1   1   1   1   1   1   1   1   1   1   1   1   1   1   1   1   1   1   1   1
   1   1   1   1   1   1   1   1   1   1   1   1   1   1   1   1   1   1   1   1
   1   1   1   1   1   1   1   1   1   1   1   1   1   1   1   1   1   1   1   1
   1   1   1   1   1   1   1   1   1   1   1   1   1   1   1   1   1   1   1   1
   1   1   1   1   1   1   1   1   1   1   1   1   1   1   1   1   1   1   1   1
   1   1   1   1   0   0   0   0   1   1   1   1   1   1   1   1   1   1   1   1
   1   1   1   1   1   1   1   1   1   1   1   1   1   1   1   1   1   1   1   1
   1   1   1   1   1   1   1   1   1   0   1   1   1   1   1   1   1   1   1   1
   1   1   1   1   1   1   1   1   1   1   1   1   1   1   1   1   1   1   1   1
   1   1   1   1   1   1   1   1   1   1   1   1   1   1   1   1   1   1   1   1
   1   1   1   1   1   1   1   1   1   1   0   0   0   0   0   1   1   0   0   1
   1   1   1   1   1   1   0   0   0   0   0   0   0   0   0   0   0   0   0   0
   0   0   0   0   0   0   0   0   0   0   0   0   0   0   0   0   0   1   1   1
   1   1   0   1   1   1   1   0   0   0   0   0   1   0   0   0   0   1   1   1
   1   1   1   1   1   1   1   1   1   1   1   1   1   1   1   1   1   1   1   1
   1   1   1   1   0   0   0   0   0   0   0   0   1   0   0   0   1   0   0   1
   1   1   1   1   1   1   1   1   1   1   1   1   1   1   1   1   1   1   1   1
   1   1   1   1   1   1   1   1   1   1   1   1   1   1   1   1   1   1   1   0
   0   0   0   0   0   0   0   1   1   1   1   1   1   1   1   1   1   1   1   1
   1   1   1   1   1   1   1   1   1   1   1   1   1   1   1   1   1   1   1   1
   1   1   1   1   1   1   1   1   1   1   1   1   1   1   1   1   1   1   1   1
   1   1   1   1   1   1   1   1   1   1   1   1   1   1   1   1   1   1   1   1
   1   1   1   1   1   1   1   1   1   1   1   1   1   1   1   1   1   1   1   1
   1   1   1   1   1   1   1   1   1   1   1   1   1   1   1   1   1   1   1   1
   1   1   1   1   1   1   1   1   1   1   1   1   1   1   1   1   1   1   1   1
   1   1   1   1   1   1   1   1   1   1   1   1   1   1   1   1   1   1   1   1
   1   1   1   1   1   1   1   1   1   1   1   1   1   1   1   1   1   1   1   1
   1   1   1   1   1   1   1   1   1   1   1   1   1   1   1   1   1   1   1   1
   1   1   1   1   1   1   1   1   1   1   1   1   1   1   1   1   1   1   1   1
   1   1   1   1   1   1   1   1   1   1   1   1   1   1   0   0   0   0   0   0
   0   0   0   0   0   0   0   0   0   0   0   0   0   0   0   0   0   0   0   0
   0   0   0   0   0   1   0   0   0   0   0   0   0   0   1   1   1   1   1   1
   1   1   0   1   0   1   1   0   0   0   0   0   0   0   0   0   0   0   0   0
   0   0   0   0   0   0   0   0   0   0   0   0   0   0   0   0   0   0   0   0
   0   0   0   0   0   0   1   0   1   1   1   0   0   0   0   0   0   0   0   0
   0   0   0   0   0   0   0   0   0   0   0   0   0   0   0   0   0   0   0   0
   0   0   0   0   0   0   0   0   0   0   0   0   0   0   0   1   1   1   1   1
   1   1   1   1   1   1   1   1   1   1   1   1   1   1   1   1   1   1   1   1
   1   1   1   1   1   1   1   1   1   1   1   1   1   1   1   1   1   1   1   1
   0   0   0   0   0   0   1   1   1   1   1   1   1   1   1   1   1   1   1   1
   0   0   0   0   0   0   0   0   0   0   0   0   0   0   0   0   0   0   0   0
   1   1   1   1   1   1   1   1   1   1   1   1   1   1   1   1   1   1   1   1
   1   1   1   1   1   1   1   1   1   1   1   1   1   1   1   1   1   1   1   1
   1   1   1   1   1   1   1   1   1   1   1   1   1   1   1   1   1   1   1   1
   1   1   1   1   1   1   1   1   1   1   1   1   1   1   1   1   1   1   1   1
   1   1   1   1   1   1   1   1   1   1   1   1   1   1   1   1   1   1   1   1
   1   1   1   1   1   1   1   1   1   1   1   1   1   1   1   1   1   1   1   1
   1   1   1   1   1   1   1   1   1   1   1   1   1   1   1   1   1   1   1   1
   1   1   0   0   0   0   0   0   0   0   0   0   0   0   0   0   0   0   0   0
   0   0   0   0   0   0   0   0   0   0   0   0   0   0   0   0   0   0   0   0
   0   0   0   0   0   0   0   1   1   0   0   0   0   0   0   0   0   0   0   0
   0   0   0   1   1   1   1   1   1   1   1   1   1   1   1   1   1   1   1   1
   1   1   1   1   1   1   1   1   1   1   1   1   1   1   1   1   1   1   1   1
   1   1   1   1   1   1   1   1   1   1   1   1   1   1   1   1   1   1   1   1
   1   1   1   1   1   1   1   1   1   1   1   1   1   1   1   1   1   1   1   1
   1   1   1   1   1   1   1   1   1   1   1   1   1   1   1   1   1   1   1   1
   1   1   1   1   1   1   1   1   1   1   1   1   1   1   1   1   1   1   1   1
   1   1   1   1   1   1   1   1   1   1   1   1   1   1   1   1   1   1   1   1
   1   1   1   1   1   1   1   1   0   0   0   0   1   1   1   1   1   1   1   1
   1   1   1   1   1   1   1   1   1   1   1   1   1   1   1   1   1   1   1   1
   1   1   1   1   1   1   1   0   0   0   0   1   1   1   1   1   1   1   1   1
   1   1   1   1   1   1   1   1   1   1   1   1   1   1   1   1   1   1   1   1
   1   1   1   1   1   1   1   1   1   1   1   1   1   1   1   1   1   1   1   1
   1   1   1   1   1   1   1   1   1   1   1   1   1   1   1   1   1   1   1   1
   1   1   1   1   1   1   1   1   1   1   1   1   1   1   1   1   1   1   1   1
   1   1   1   1   1   1   1   1   1   1   1   1   1   1   1   1   1   1   1   1
   1   1   1   1   1   1   1   1   1   1   1   1   1   1   1   1   1   1   1   1
   1   1   1   1   1   1   1   1   1   1   1   1   1   1   1   1   1   1   1   1
   1   1   1   1   1   1   1   1   1   1   1   1   1   1   1   1   0   0   0   0
   0   1   1   0   0   1   1   1   0   0   0   0   1   1   1   1   1   1   1   0
   0   0   0   0   0   0   0   0   0   0   0   0   0   0   0   0   0   0   0   0
   0   0   0   0   0   0   0   0   0   0   0   0   0   0   0   0   0   0   0   0
   0   0   1   1   1   1   1   1   1   1   1   1   0   0   1   1   1   1   1   1
   1   0   0   0   0   0   0   0   0   0   0   1   1   1   1   0   0   0   0   1
   1   1   1   1   1   1   1   1   1   1   1   1   1   1   1   1   1   1   1   1
   1   1   1   1   1   1   1   1   1   1   1   1   1   1   1   1   1   1   0   0
   0   0   0   0   0   0   0   0   0   0   1   1   1   1   0   0   0   0   0   1
   0   0   0   0   1   1   1   1   1   1   1   1   1   1   1   1   1   1   1   1
   1   1   1   1   1   1   1   1   1   1   1   1   1   1   1   1   1   1   1   1
   1   1   1   1   1   1   1   1   1   1   1   1   1   1   1   1   1   1   1   1
   1   1   1   1   1   1   1   1   1   1   1   1   1   1   1   1   1   1   1   1
   1   1   1   1   1   1   1   1   1   1   1   1   1   1   1   1   1   1   1   1
   1   1   1   1   1   1   1   1   0   1   0   0   0   0   0   0   0   0   0   0
   1   1   1   1   1   1   1   1   1   1   1   1   1   1   1   1   1   1   1   1
   1   1   1   1   1   1   1   1   1   1   1   1   1   1   1   1   1   1   1   1
   1   1   1   1   1   1   1   1   1   1   1   1   1   1   1   1   1   1   1   1
   1   1   1   1   1   1   1   1   1   1   1   1   1   1   1   1   1   1   1   1
   1   1   1   1   1   1   1   1   1   1   1   1   1   1   1   1   1   1   1   1
   1   1   1   1   1   1   1   1   1   1   1   1   1   1   1   1   1   1   1   1
   1   1   1   1   1   1   1   1   1   1   1   1   1   1   1   1   1   1   1   1
   1   1   1   1   1   1   1   1   1   1   1   1   1   1   1   1   1   1   1   1
   1   1   1   1   1   1   1   1   1   1   1   1   1   1   1   1   1   1   1   1
   1   1   1   1   1   1   1   1   1   1   1   1   1   1   1   1   1   1   1   1
   1   1   1   1   1   1   1   1   1   1   1   1   1   1   1   1   1   1   1   1
   1   1   1   1   1   1   1   1   1   1   1   1   1   1   1   1   1   1   1   1
   1   1   1   1   1   1   1   1   1   1   1   1   1   1   0   0   0   0   0   0
   0   0   0   0   0   0   0   0   0   0   0   0   0   0   0   0   0   0   0   0
   0   0   0   0   0   0   0   0   0   0   0   0   0   0   0   0   0   0   0   0
   0   0   0   0   0   0   0   0   0   0   0   0   0   1   1   1   1   0   0   1
   1   1   1   1   1   1   0   0   0   0   1   0   0   0   1   1   0   0   0   0
   0   0   0   0   0   0   0   0   0   0   0   0   0   0   0   0   0   0   0   0
   0   0   0   0   0   0   0   0   0   0   0   1   0   0   0   1   1   0   0   0
   0   0   0   0   0   0   0   0   0   0   0   0   0   0   0   0   0   0   0   0
   0   0   0   0   0   0   0   0   0   0   0   0   0   0   0   0   0   0   0   0
   0   0   0   0   0   0   1   1   1   1   1   1   1   1   1   1   1   1   1   1
   1   1   1   1   1   1   1   1   1   1   1   1   1   1   1   1   1   1   1   1
   1   1   1   1   1   1   1   1   1   1   1   1   1   1   1   1   1   1   1   1
   1   1   1   1   1   1   1   1   1   1   1   1   1   1   1   1   1   1   1   1
   1   1   1   1   1   1   1   1   1   1   1   1   1   1   1   1   1   1   1   1
   1   1   1   1   1   1   1   1   1   1   1   1   1   1   1   1   1   1   1   1
   1   1   1   1   1   1   1   1   1   1   1   1   1   1   1   1   1   1   1   1
   1   1   1   1   1   1   1   1   1   1   1   1   1   1   1   1   1   1   1   1
   1   1   1   1   1   1   1   1   1   1   1   1   1   1   1   1   1   1   1   1
   1   1   1   1   1   1   1   1   1   1   1   1   1   1   1   1   1   1   1   1
   1   1   1   1   1   1   1   1   1   1   1   1   1   1   1   1   1   1   1   1
   0   0   0   0   0   0   0   1   1   1   1   1   1   1   1   1   1   1   1   1
   1   0   0   0   0   0   0   0   0   0   0   0   0   0   0   0   0   0   0   0
   0   0   0   0   0   0   0   0   0   0   0   1   1   1   1   1   1   1   1   1
   1   1   1   1   1   1   1   1   1   1   1   1   1   1   1   1   1   1   1   1
   1   1   1   1   1   1   1   1   1   1   1   1   1   1   1   1   1   1   1   1
   1   1   1   1   1   1   1   1   1   1   1   1   1   1   1   1   1   1   1   1
   1   1   1   1   1   1   1   1   1   1   1   1   1   1   1   1   1   1   1   1
   1   1   1   1   1   1   1   1   1   1   1   1   1   1   1   1   1   1   1   1
   1   1   1   1   1   1   1   1   1   1   1   1   1   1   1   1   1   1   1   1
   1   1   1   1   1   1   1   1   1   1   1   1   1   1   1   1   1   1   1   1
   1   1   1   1   1   1   1   1   1   0   0   0   0   0   0   0   0   0   0   0
   0   0   0   0   0   0   0   0   0   0   0   0   0   0   0   0   0   0   0   0
   1   0   0   0   0   0   0   0   0   0   0   0   0   0   0   0   0   0   0   0
   0   0   0   0   0   0   0   0   0   0   0   0   0   0   0   0   0   0   0   0
   0   1   1   1   0   0   0   0   0   0   0   0   0   0   0   0   0   0   0   0
   0   1   1   1   1   1   1   1   1   1   1   1   1   1   1   1   1   1   1   1
   1   1   1   1   1   1   1   1   1   1   1   1   1   1   1   1   1   1   1   1
   1   1   1   1   1   1   1   1   1   1   1   1   1   1   1   1   1   1   1   1
   1   1   1   1   1   1   1   1   1   1   1   1   1   1   1   1   1   1   1   1
   1   1   1   1   1   1   1   1   1   1   1   1   1   1   1   1   1   1   1   1
   1   1   1   1   1   1   1   1   1   1   1   1   1   1   1   1   1   1   1   1
   1   1   1   1   1   1   1   1   1   1   1   1   1   1   1   1   1   1   1   1
   1   1   1   1   1   1   1   1   1   1   1   1   1   1   1   1   1   1   1   1
   1   1   1   1   1   1   1   1   1   1   1   1   1   1   1   1   1   1   1   1
   1   1   1   1   1   1   1   1   1   1   1   1   1   1   1   1   1   1   1   1
   1   1   1   1   1   1   1   1   1   1   1   1   1   1   1   1   1   1   1   1
   1   1   1   1   1   1   1   1   1   1   1   1   1   1   1   1   1   1   1   1
   1   1   1   1   1   1   1   1   1   1   1   1   1   1   1   1   1   1   1   1
   1   1   1   1   1   1   1   1   1   1   1   1   1   1   1   1   1   1   1   1
   1   1   1   1   1   1   1   1   1   1   1   1   1   1   1   1   1   1   1   1
   1   1   1   1   1   1   1   1   1   1   1   1   1   1   1   1   1   1   1   1
   1   1   1   1   1   1   1   1   1   1   1   1   1   1   1   1   1   1   1   1
   1   1   1   1   1   1   1   1   1   1   1   1   1   1   1   1   1   1   1   1
   1   1   1   1   1   1   1   1   1   1   1   1   1   1   1   1   1   1   1   1
   1   1   1   1   1   1   1   1   1   1   1   1   1   1   1   1   1   1   1   1
   1   1   1   1   1   1   1   1   1   1   1   1   1   1   1   1   1   1   1   1
   1   1   1   1   1   1   1   1   1   1   1   1   1   1   1   1   1   1   1   1
   1   1   1   1   1   1   1   1   1   1   1   1   1   1   1   1   1   1   1   1
   1   1   1   1   0   0   0   0   1   1   1   1   1   1   1   1   1   1   1   1
   1   1   1   1   1   0   0   0   0   1   1   1   1   1   1   1   1   1   1   1
   1   1   1   1   1   1   1   1   1   1   1   1   1   1   1   1   1   1   1   1
   1   1   1   1   1   1   1   1   1   1   1   1   1   1   1   1   1   1   1   1
   1   1   1   1   1   1   1   1   1   1   1   1   1   1   1   1   1   1   1   1
   1   1   1   1   1   1   1   1   1   1   1   1   1   1   1   1   1   1   1   1
   1   1   1   1   1   1   1   1   1   1   1   1   1   1   1   1   1   1   1   1
   1   1   1   1   1   1   1   1   1   1   1   1   1   1   1   1   1   1   1   1
   1   1   1   1   1   1   1   1   1   1   1   1   1   1   1   1   1   1   1   1
   1   1   1   1   1   1   1   1   1   1   1   1   1   1   1   1   1   1   1   1
   1   1   1   1   1   1   1   1   1   1   1   1   1   1   1   1   1   1   1   1
   1   1   1   1   1   1   1   1   1   1   1   1   1   1   1   1   1   1   1   1
   1   1   1   1   1   1   1   1   1   1   1   0   0   0   0   1   1   1   0   1
   1   0   0   0   1   1   1   1   1   1   1   1   0   0   0   0   0   0   0   0
   0   0   0   0   0   0   0   0   0   0   0   0   0   0   0   0   0   0   0   0
   0   0   0   0   0   0   0   0   1   1   1   1   1   1   1   0   1   0   0   1
   1   1   1   1   1   1   1   1   0   0   0   0   0   0   0   0   1   1   1   1
   1   1   1   0   0   1   1   1   1   1   1   1   1   1   1   1   1   1   1   1
   1   1   1   1   1   1   1   1   1   1   1   1   1   1   1   1   1   1   1   1
   1   1   1   1   1   1   0   0   0   0   0   0   0   0   0   0   0   0   0   1
   1   1   1   1   0   0   0   1   1   0   0   0   0   1   1   1   1   1   1   1
   1   1   1   1   1   1   1   1   1   1   1   1   1   1   1   1   1   1   1   1
   1   1   1   1   1   1   1   1   1   1   1   1   1   1   1   1   1   1   1   1
   1   0   1   0   0   0   0   0   0   0   0   1   1   1   1   1   1   1   1   1
   1   1   1   1   1   1   1   1   1   1   1   1   1   1   1   1   1   1   1   1
   1   1   1   1   1   1   1   1   1   1   1   1   1   1   1   1   1   1   1   1
   1   1   1   1   1   1   1   1   1   1   1   1   1   1   1   1   1   1   1   1
   1   1   1   1   1   1   1   1   1   1   1   1   1   1   1   1   1   1   1   1
   1   1   1   1   1   1   1   1   1   1   1   1   1   1   1   1   1   1   1   1
   1   1   1   1   1   1   1   1   1   1   1   1   1   1   1   1   1   1   1   1
   1   1   1   1   1   1   1   1   1   1   1   1   1   1   1   1   1   1   1   1
   1   1   1   1   1   1   1   1   1   1   1   1   1   1   1   1   1   1   1   1
   1   1   1   1   1   1   1   1   1   1   1   1   1   1   1   1   1   1   1   1
   1   1   1   0   0   0   0   0   0   0   0   0   0   0   0   0   0   0   0   0
   0   0   0   0   0   0   0   0   0   0   0   0   0   0   0   0   0   0   0   0
   0   0   0   0   0   0   0   0   0   0   0   0   0   0   0   0   0   0   0   0
   0   1   1   1   1   1   0   0   1   1   1   1   1   1   1   0   0   0   0   0
   0   1   0   0   0   0   1   1   0   0   0   0   0   0   0   0   0   0   0   0
   0   0   0   0   0   0   0   0   0   0   0   0   0   0   0   0   0   0   1   1
   0   0   0   0   0   1   1   1   0   0   0   0   0   0   0   0   0   0   0   0
   0   0   0   0   0   0   0   0   0   0   0   0   0   0   0   0   0   0   0   0
   0   0   0   0   0   0   0   0   0   0   0   0   0   0   0   1   1   1   1   1
   1   1   1   1   1   1   1   1   1   1   1   1   1   1   1   1   1   1   1   1
   1   1   1   1   1   1   1   1   1   1   1   1   1   1   1   1   1   1   1   1
   1   1   1   1   1   1   1   1   1   1   1   1   1   1   1   1   1   1   1   1
   1   1   1   1   1   1   1   1   1   1   1   1   1   1   1   1   1   1   1   1
   1   1   1   1   1   1   1   1   1   1   1   1   1   1   1   1   1   1   1   1
   1   1   1   1   1   1   1   1   1   1   1   1   1   1   1   1   1   1   1   1
   1   1   1   1   1   1   1   1   1   1   1   1   1   1   1   1   1   1   1   1
   1   1   1   1   1   1   1   1   1   1   1   1   1   1   1   1   1   1   1   1
   1   1   1   1   1   1   1   1   1   1   1   1   1   1   1   1   1   1   1   1
   1   1   1   1   1   1   1   1   0   0   0   0   1   0   0   1   1   1   1   1
   1   1   1   1   1   1   1   1   0   0   0   0   0   0   0   0   0   0   0   0
   0   0   0   0   0   0   0   0   0   0   0   0   0   0   0   1   1   1   1   1
   1   1   1   1   1   1   1   1   1   1   1   1   1   1   1   1   1   1   1   1
   1   1   1   1   1   1   1   1   1   1   1   1   1   1   1   1   1   1   1   1
   1   1   1   1   1   1   1   1   1   1   1   1   1   1   1   1   1   1   1   1
   1   1   1   1   1   1   1   1   1   1   1   1   1   1   1   1   1   1   1   1
   1   1   1   1   1   1   1   1   1   1   1   1   1   1   1   1   1   1   1   1
   1   1   1   1   1   1   1   1   1   1   1   1   1   1   1   1   1   1   1   1
   1   1   1   1   0   0   0   0   0   0   0   0   0   0   0   0   0   0   0   0
   0   0   0   0   0   0   0   0   0   0   0   0   0   0   1   0   0   0   0   0
   0   0   0   0   0   0   0   0   0   0   0   0   0   0   0   0   0   0   0   0
   0   0   0   0   0   0   0   0   0   0   0   0   0   0   1   1   1   0   0   0
   0   0   0   0   0   0   0   0   0   0   0   0   0   0   0   1   1   1   1   1
   1   1   1   1   1   1   1   1   1   1   1   1   1   1   1   1   1   1   1   1
   1   1   1   1   1   1   1   1   1   1   1   1   1   1   1   1   1   1   1   1
   1   1   1   1   1   1   1   1   1   1   1   1   1   1   1   1   1   1   1   1
   1   1   1   1   1   1   1   1   1   1   1   1   1   1   1   1   1   1   1   1
   1   1   1   1   1   1   1   1   1   1   1   1   1   1   1   1   1   1   1   1
   1   1   1   1   1   1   1   1   1   1   1   1   1   1   1   1   1   1   1   1
   1   1   1   1   1   1   1   1   1   1   1   1   1   1   1   1   1   1   1   1
   1   1   1   1   1   1   1   1   1   1   1   1   1   1   1   1   1   1   1   1
   1   1   1   1   1   1   1   1   1   1   1   1   1   1   1   1   1   1   1   1
   1   1   1   1   1   1   1   1   1   1   1   1   1   1   1   1   1   1   1   1
   1   1   1   1   1   1   1   1   1   1   1   1   1   1   1   1   1   1   1   1
   1   1   1   1   1   1   1   1   1   1   1   1   1   1   1   1   1   1   1   1
   1   1   1   1   1   1   1   1   1   1   1   1   1   1   1   1   1   1   1   1
   1   1   1   1   1   1   1   1   1   1   1   1   1   0   0   1   1   1   1   1
   1   1   1   1   1   1   0   0   0   0   0   0   1   1   1   1   1   1   1   1
   1   1   1   1   1   1   1   1   1   1   1   1   1   1   1   1   1   1   1   1
   1   1   1   1   1   1   1   1   1   1   1   1   1   1   1   1   1   1   1   1
   1   1   1   1   1   1   1   1   1   1   1   1   1   1   1   1   1   1   1   1
   1   1   1   1   1   1   1   1   1   1   1   1   1   1   1   1   0   0   0   1
   0   0   1   1   1   1   1   1   1   0   0   0   0   0   0   0   0   0   0   0
   0   0   0   0   0   0   0   0   0   1   1   1   1   1   0   0   1   1   1   1
   1   1   0   0   0   0   0   1   1   1   1   1   0   1   1   1   1   1   1   1
   1   1   1   1   1   1   1   1   1   1   1   1   1   1   1   1   0   0   0   0
   0   1   1   1   1   1   0   0   1   0   0   0   0   1   1   1   1   1   1   1
   1   1   1   1   1   1   1   1   1   1   1   1   1   1   1   1   1   1   1   1
   1   1   1   1   1   1   1   1   1   1   1   1   1   1   1   1   1   1   1   1
   1   1   1   1   1   1   1   1   1   1   1   1   1   1   1   1   1   1   1   1
   1   1   1   1   1   1   1   1   1   1   1   1   1   1   1   1   1   1   1   1
   1   1   1   1   1   1   1   1   1   1   1   1   1   1   1   1   1   1   1   1
   1   1   1   1   1   1   1   1   1   1   1   1   1   1   0   0   0   0   0   1
   1   1   1   1   1   1   1   1   1   1   1   1   1   1   1   1   1   1   1   1
   1   1   1   1   1   1   1   1   1   1   1   1   1   1   1   1   1   1   1   1
   1   1   1   1   1   1   1   1   1   1   1   1   1   1   1   1   1   1   1   1
   1   1   1   1   1   1   1   1   1   1   1   1   1   1   1   1   1   1   1   1
   1   1   1   1   1   1   1   1   1   1   1   1   1   1   1   1   1   1   1   1
   1   1   1   1   1   1   1   1   1   1   0   0   0   0   0   0   0   0   0   0
   0   0   0   0   0   0   0   0   0   0   0   0   0   0   0   0   0   0   0   0
   0   0   0   0   0   0   0   0   0   0   0   0   0   1   1   1   1   1   1   0
   0   0   0   0   0   0   0   0   1   0   0   0   0   0   0   0   0   0   0   0
   0   0   0   1   0   0   0   1   1   0   0   0   0   0   0   0   0   0   0   0
   0   0   0   0   0   0   0   0   0   0   0   0   0   0   0   0   0   1   1   1
   1   1   1   1   1   1   1   1   1   1   1   1   1   1   1   1   1   1   1   1
   1   1   1   1   1   1   1   1   1   1   1   1   1   1   1   1   1   1   1   1
   1   1   1   1   1   1   1   1   1   1   1   1   1   1   1   1   1   1   1   1
   1   1   1   1   1   1   1   1   1   1   1   1   1   1   1   1   1   1   1   1
   1   1   1   1   1   1   1   1   1   1   1   1   1   1   1   1   1   1   1   1
   1   1   1   1   1   1   1   1   1   1   1   1   1   1   1   1   1   1   1   1
   1   1   1   1   1   1   1   1   1   1   1   1   1   1   1   1   1   1   1   1
   1   1   1   1   1   1   1   1   1   1   1   1   1   1   1   1   1   1   1   1
   1   1   1   1   1   1   1   1   1   1   1   1   0   0   0   1   1   1   0   0
   0   0   0   0   0   0   0   0   0   0   0   0   0   0   1   1   1   1   1   1
   1   1   1   1   1   1   1   1   1   1   1   1   1   1   1   1   1   1   1   1
   1   1   1   1   1   1   1   1   1   1   1   1   1   1   1   1   1   1   1   1
   1   1   1   1   1   1   1   1   1   1   1   1   1   1   1   1   1   1   1   1
   1   1   1   1   1   1   1   1   1   1   0   0   0   0   0   0   0   0   0   0
   0   0   0   0   0   0   0   0   0   0   1   1   0   0   0   0   0   0   0   0
   0   0   0   0   0   0   0   0   0   0   0   0   0   0   0   0   0   0   0   0
   0   0   0   0   0   0   1   0   0   0   0   0   0   0   0   0   1   1   1   1
   1   1   1   1   1   1   1   1   1   1   1   1   1   1   1   1   1   1   1   1
   1   1   1   1   1   1   1   1   1   1   1   1   1   1   1   1   1   1   1   1
   1   1   1   1   1   1   1   1   1   1   1   1   1   1   1   1   1   1   1   1
   1   1   1   1   1   1   1   1   1   1   1   1   0   1   1   1   1   1   1   0
   0   0   1   1   1   1   1   1   1   1   1   1   1   1   1   1   1   1   1   1
   0   0   1   1   1   1   1   1   0   1   1   1   1   1   1   1   1   1   1   1
   0   0   1   1   1   1   1   1   1   1   1   1   1   1   1   1   1   1   1   1
   1   1   1   1   1   1   1   1   1   1   1   1   1   1   1   1   1   1   1   1
   1   1   1   1   1   1   1   1   1   1   1   1   1   1   1   1   1   1   1   1
   1   1   1   1   1   1   1   1   1   1   1   1   1   1   1   1   1   1   1   1
   1   1   1   1   1   1   1   1   1   1   1   1   1   1   1   1   1   1   1   1
   1   1   1   1   1   1   1   1   1   1   1   1   1   1   1   1   1   0   0   0
   0   0   0   0   0   0   0   0   0   0   0   0   0   0   1   1   1   0   0   0
   0   0   0   0   0   0   0   1   1   1   1   1   1   1   1   1   1   1   1   1
   1   1   1   1   1   1   1   1   1   1   1   1   1   1   1   1   1   1   1   1
   1   1   1   1   1   1   1   1   1   1   1   1   1   1   1   1   1   1   1   1
   1   1   1   1   1   1   1   1   1   1   1   1   1   1   1   1   1   1   1   1
   1   1   1   1   1   1   1   1   1   1   1   1   1   1   1   1   1   1   1   1
   1   1   1   1   1   1   1   1   1   1   1   1   1   1   1   1   1   1   1   1
   1   0   0   1   1   1   1   1   1   1   1   1   1   1   1   1   1   1   1   1
   1   1   1   1   0   0   0   0   0   1   0   0   0   0   0   0   0   0   0   0
   0   0   0   0   0   0   0   1   1   1   1   1   1   1   1   1   1   1   1   1
   1   1   1   1   1   1   1   1   1   1   1   1   1   1   1   1   1   1   1   1
   1   1   1   1   1   1   1   1   1   1   1   1   1   1   1   1   1   1   1   1
   1   1   1   1   1   1   1   1   1   1   1   1   1   1   1   1   1   1   1   1
   1   1   1   1   1   1   1   1   1   1   1   1   1   1   1   1   1   1   1   1
   1   1   1   1   1   1   1   1   1   1   1   1   1   1   1   1   1   1   1   1
   1   1   1   1   1   1   1   1   1   1   1   1   1   1   1   1   1   1   1   1
   1   1   1   1   1   1   1   1   1   1   1   1   1   1   1   1   1   1   1   1
   1   1   1   1   1   1   1   1   1   1   1   1   1   1   1   1   1   1   1   1
   1   1   1   1   1   1   1   1   1   1   1   1   1   1   1   1   1   1   1   1
   1   1   1   1   1   1   1   1   1   1   1   1   1   1   1   1   1   1   1   1
   1   1   1   1   1   1   1   1   1   1   1   1   1   1   1   1   1   1   1   1
   1   1   1   1   1   1   1   1   1   1   1   1   1   1   1   1   1   1   1   1
   1   1   1   1   1   1   1   1   1   1   1   1   1   1   1   1   1   1   1   1
   1   1   1   1   1   1   1   1   1   1   1   1   1   1   1   1   1   1   1   1
   1   1   1   1   1   1   1   1   1   1   1   1   1   1   1   1   1   1   1   1
   1   1   1   1   1   1   1   1   1   1   1   1   1   1   1   1   1   1   1   1
   1   1   1   1   1   1   1   1   1   1   1   1   1   1   1   1   1   1   1   1
   1   1   1   1   1   1   1   1   1   1   1   1   1   1   1   1   1   1   1   1
   1   1   1   1   1   1   1   1   1   1   1   1   1   1   1   1   1   1   1   1
   1   1   1   1   1   1   1   1   1   1   1   1   1   1   1   1   1   1   1   1
   1   1   1   1   1   1   1   1   1   1   1   1   1   1   1   1   1   1   1   1
   1   1   1   1   1   1   1   1   1   1   1   1   1   1   1   1   1   1   1   1
   1   1   1   1   1   1   1   1   1   1   1   1   1   1   1   1   1   1   1   1
   1   1   1   1   1   1   1   1   1   1   1   1   1   1   1   1   1   1   1   1
   1   1   1   1   1   1   1   1   1   1   1   1   1   1   1   1   1   1   1   1
   1   1   1   1   1   1   1   1   1   1   1   1   1   1   1   1   1   1   1   1
   1   1   1   1   1   1   1   1   1   1   1   1   1   1   1   1   1   1   1   1
   1   1   1   1   1   1   1   1   1   1   1   1   1   1   1   1   1   1   1   1
   1   1   1   1   1   1   1   1   1   1   1   1   1   1   1   1   1   1   1   1
   1   1   1   1   1   1   1   1   1   1   1   1   1   1   1   1   1   1   1   1
   1   1   1   1   1   1   1   1   1   1   1   1   1   1   1   1   1   1   1   1
   1   1   1   1   1   1   1   1   1   1   1   1   1   1   1   1   1   1   1   1
   1   1   1   1   1   1   1   1   1   1   1   1   1   1   1   1   1   1   1   1
   1   1   1   1   1   1   1   1   1   1   1   1   1   1   1   1   1   1   1   1
   1   1   1   1   1   1   1   1   1   1   1   0   0   0   0   1   1   1   1   1
   1   1   1   1   1   1   1   1   1   1   1   1   1   1   1   1   1   1   1   1
   1   1   1   1   1   1   1   1   1   1   1   1   1   1   1   1   1   1   1   1
   1   1   1   1   1   1   1   1   1   1   1   1   1   1   1   1   1   1   1   1
   1   1   1   1   1   1   1   1   1   1   1   1   1   1   1   1   1   1   1   1
   1   1   1   1   1   1   1   1   1   1   1   1   1   1   1   1   1   1   1   1
   1   1   1   1   1   1   1   1   1   1   1   1   1   1   1   1   1   1   1   1
   1   1   1   1   1   1   1   1   1   1   1   1   1   1   1   1   1   1   1   1
   1   1   1   1   1   1   1   1   1   1   1   1   1   1   1   1   1   1   1   1
   1   1   1   1   1   1   1   1   1   1   1   1   1   1   1   1   1   1   1   1
   1   1   1   1   1   1   1   1   1   1   1   1   1   1   1   1   1   1   1   1
   1   1   1   1   1   1   1   1   1   1   1   1   1   1   1   1   1   1   1   1
   1   1   1   1   1   1   1   1   1   1   1   1   1   1   1   1   1   1   1   1
   1   1   1   1   1   1   1   1   1   1   1   1   1   1   1   1   1   1   1   1
   1   1   1   1   1   1   1   1   1   1   1   1   1   1   1   1   1   1   1   1
   1   1   1   1   1   1   1   1   1   1   1   1   1   1   1   1   1   1   1   1
   1   1   1   1   1   1   1   1   1   1   1   1   1   1   1   1   1   1   1   1
   1   1   1   1   1   1   1   1   1   1   1   1   1   1   1   1   1   1   1   1
   1   1   1   1   1   1   1   1   1   1   1   1   1   1   1   1   1   1   1   1
   1   1   1   1   1   1   1   1   1   1   1   1   1   1   1   1   1   1   1   1
   1   1   1   1   1   1   1   1   1   1   1   1   1   1   1   1   1   1   1   1
   1   1   1   1   1   1   1   1   1   1   1   1   1   1   1   1   1   1   1   1
   1   1   1   1   1   1   1   1   1   1   1   1   1   1   1   1   1   1   1   1
   1   1   1   1   1   1   1   1   1   1   1   1   1   1   1   1   1   1   1   1
   1   1   1   1   1   1   1   1   1   1   1   1   1   1   1   1   1   1   1   1
   1   1   1   1   1   1   1   1   1   1   1   1   1   1   1   1   1   1   1   1
   1   1   1   1   1   1   1   1   1   1   1   1   1   1   1   1   1   1   1   1
   1   1   1   1   1   1   1   1   1   1   1   1   1   1   1   1   1   1   1   1
   1   1   1   1   1   1   1   1   1   1   1   1   1   1   1   1   1   1   1   1
   1   1   1   1   1   1   1   1   1   1   1   1   1   1   1   1   1   1   1   1
   1   1   1   1   1   1   1   1   1   1   1   1   1   1   1   1   1   1   1   1
   1   1   1   1   1   1   1   1   1   1   1   1   1   1   1   1   1   1   1   1
   1   1   1   1   1   1   1   1   1   1   1   1   1   1   1   1   1   1   1   1
   1   1   1   1   1   1   1   1   1   1   1   1   1   1   1   1   1   1   1   1
   1   1   1   1   1   1   1   1   1   1   1   1   1   1   1   1   1   1   1   1
   1   1   1   1   1   1   1   1   1   1   1   1   1   1   1   1   1   1   1   1
   1   1   1   1   1   1   1   1   1   1   1   1   1   1   1   1   1   1   1   1
   1   1   1   1   1   1   1   1   1   1   1   1   1   1   1   1   1   1   1   1
   1   1   1   1   1   1   1   1   1   1   1   1   1   1   1   1   1   1   1   1
   1   1   1   1   1   1   1   1   1   1   1   1   1   1   1   1   1   1   1   1
   1   1   1   1   1   1   1   1   1   1   1   1   1   1   1   1   1   1   1   1
   1   1   1   1   1   1   1   1   1   1   1   1   1   1   1   1   1   1   1   1
   1   1   1   1   1   1   1   1   1   1   1   1   1   1   1   1   1   1   1   1
   1   1   1   1   1   1   1   1   1   1   1   1   1   1   1   1   1   1   1   1
   1   1   1   1   1   1   1   1   1   1   1   1   1   1   1   1   1   1   1   1
   1   1   1   1   1   1   1   1   1   1   1   1   1   1   1   1   1   1   1   1
   1   1   1   1   1   1   1   1   1   1   1   1   1   1   1   1   1   1   1   1
   1   1   1   1   1   1   1   1   1   1   1   1   1   1   1   1   1   1   1   1
   1   1   1   1   1   1   1   1   1   1   1   1   1   1   1   1   1   1   1   1
   1   1   1   1   1   1   1   1   1   1   1   1   1   1   1   1   1   1   1   1
   1   1   1   1   1   1   1   1   1   1   1   1   1   1   1   1   1   1   1   1
   1   1   1   1   1   1   1   1   1   1   1   1   1   1   1   1   1   1   1   1
   1   1   1   1   1   1   1   1   1   1   1   1   1   1   1   1   1   1   1   1
   1   1   1   1   1   1   1   1   1   1   1   1   1   1   1   1   1   1   1   1
   1   1   1   1   1   1   1   1   1   1   1   1   1   1   1   1   1   1   1   1
   1   1   1   1   1   1   1   1   1   1   1   1   1   1   1   1   1   1   1   1
   1   1   1   1   1   1   1   1   1   1   1   1   1   1   1   1   1   1   1   1
   1   1   1   1   1   1   1   1   1   1   1   1   1   1   1   1   1   1   1   1
   1   1   1   1   1   1   1   1   1   1   1   1   1   1   1   1   1   1   1   1
   1   1   1   1   1   1   1   1   1   1   1   1   1   1   1   1   1   1   1   1
   1   1   1   1   1   1   1   1   1   1   1   1   1   1   1   1   1   1   1   1
   1   1   1   1   1   1   1   1   1   1   1   1   1   1   1   1   1   1   1   1
   1   1   1   1   1   1   1   1   1   1   1   1   1   1   1   1   1   1   1   1
   1   1   1   1   1   1   1   1   1   1   1   1   1   1   1   1   1   1   1   1
   1   1   1   1   1   1   1   1   1   1   1   1   1   1   1   1   1   1   1   1
   1   1   1   1   1   1   1   1   1   1   1   1   1   1   1   1   1   1   1   1
   1   1   1   1   1   1   1   1   1   1   1   1   1   1   1   1   1   1   1   1
   1   1   1   1   1   1   1   1   1   1   1   1   1   1   1   1   1   1   1   1
   1   1   1   1   1   1   1   1   1   1   1   1   1   1   1   1   1   1   1   1
   1   1   1   1   1   1   1   1   1   1   1   1   1   1   1   1   1   1   1   1
   1   1   1   1   1   1   1   1   1   1   1   1   1   1   1   1   1   1   1   1
   1   1   1   1   1   1   1   1   1   1   1   1   1   1   1   1   1   1   1   1
   1   1   1   1   1   1   1   1   1   1   1   1   1   1   1   1   1   1   1   1
   1   1   1   1   1   1   1   1   1   1   1   1   1   1   1   1   1   1   1   1
   1   1   1   1   1   1   1   1   1   1   1   1   1   1   1   1   1   1   1   1
   1   1   1   1   1   1   1   1   1   1   1   1   1   1   1   1   1   1   1   1
   1   1   1   1   1   1   1   1   1   1   1   1   1   1   1   1   1   1   1   1
   1   1   1   1   1   1   1   1   1   1   1   1   1   1   1   1   1   1   1   1
   1   1   1   1   1   1   1   1   1   1   1   1   1   1   1   1   1   1   1   1
   1   1   1   1   1   1   1   1   1   1   1   1   1   1   1   1   1   1   1   1
   1   1   1   1   1   1   1   1   1   1   1   1   1   1   1   1   1   1   1   1
   1   1   1   1   1   1   1   1   1   1   1   1   1   1   1   1   1   1   1   1
   1   1   1   1   1   1   1   1   1   1   1   1   1   1   1   1   1   1   1   1
   1   1   1   1   1   1   1   1   1   1   1   1   1   1   1   1   1   1   1   1
   1   1   1   1   1   1   1   1   1   1   1   1   1   1   1   1   1   1   1   1
   1   1   1   1   1   1   1   1   1   1   1   1   1   1   1   1   1   1   1   1
   1   1   1   1   1   1   1   1   1   1   1   1   1   1   1   1   1   1   1   1
   1   1   1   1   1   1   1   1   1   1   1   1   1   1   1   1   1   1   1   1
   1   1   1   1   1   1   1   1   1   1   1   1   1   1   1   1   1   1   1   1
   1   1   1   1   1   1   1   1   1   1   1   1   1   1   1   1   1   1   1   1
   1   1   1   1   1   1   1   1   1   1   1   1   1   1   1   1   1   1   1   1
   1   1   1   1   1   1   1   1   1   1   1   1   1   1   1   0   1   1   1   0
   1   1   1   1   1   1   1   1   1   1   1   1   1   1   1   1   1   1   1   1
   1   1   1   1   1   1   1   1   1   1   1   1   1   1   1   1   1   1   0   0
   0   0   0   1   1   1   1   1   0   1   1   1   1   1   1   1   1   1   1   1
   1   1   1   1   1   1   1   1   1   1   1   1   1   1   1   1   1   1   1   1
   1   1   1   1   1   1   1   1   1   1   1   1   1   1   1   1   1   1   1   1
   1   1   1   1   0   1   1   1   1   1   1   1   1   1   1   1   0   1   1   0
   0   0   0   0   0   0   0   1   0   0   1   1   1   1   1   0   0   0   0   1
   1   1   1   1   1   1   1   1   1   1   0   1   1   1   1   1   1   1   1   1
   1   1   1   1   1   1   1   1   1   1   1   1   1   1   1   1   1   1   1   1
   0   0   0   0   0   0   0   1   1   0   0   0   0   0   0   0   0   0   0   0
   0   0   1   0   0   0   0   0   0   0   0   0   0   0   0   1   1   1   1   0
   0   1   1   1   0   0   0   0   0   1   1   1   1   1   1   1   1   1   1   1
   1   1   1   1   1   1   1   1   1   1   1   0   0   0   0   0   0   0   0   0
   0   1   1   1   1   1   1   1   1   1   1   1   1   1   1   1   1   0   0   1
   1   1   1   1   1   1   1   0   1   1   0   1   1   1   0   1   1   1   1   1
   1   1   1   1   1   1   1   1   1   1   1   1   1   1   1   1   1   1   1   1
   0   0   0   0   0   0   0   1   1   0   0   0   0   0   0   1   1   1   1   0
   0   1   1   1   1   1   1   1   1   1   1   1   1   1   1   0   0   0   0   1
   0   0   0   0   0   0   0   0   0   0   0   1   1   1   1   1   1   1   1   1
   1   1   1   1   1   1   1   1   1   1   1   1   1   1   1   1   0   0   0   1
   1   1   1   1   1   1   1   1   1   1   1   1   1   1   1   1   1   1   1   1
   1   1   1   1   1   1   1   1   1   1   1   1   1   1   1   1   1   1   1   1
   1   1   1   1   1   1   1   1   1   1   1   1   1   1   1   1   1   1   1   1
   1   1   1   1   1   1   1   1   1   1   1   1   1   1   1   1   1   1   1   1
   1   1   1   1   1   1   1   1   1   1   1   1   1   1   1   1   1   1   1   1
   1   1   1   1   1   0   0   1   1   1   1   1   1   1   1   1   1   1   1   1
   1   1   1   1   1   1   1   1   1   1   1   1   1   1   1   1   1   1   1   1
   1   1   1   1   1   1   1   1   1   1   1   1   1   1   1   1   1   1   0   0
   0   1   1   1   1   1   1   1   1   1   1   1   1   1   1   1   1   1   1   1
   1   1   1   1   1   1   1   1   1   1   1   1   1   1   1   1   1   1   1   1
   1   1   1   1   1   1   1   1   1   1   1   1   1   1   1   1   1   1   1   1
   1   0   0   1   1   1   1   1   1   1   1   1   1   1   1   1   1   1   0   1
   1   1   1   1   1   1   1   1   1   1   1   1   1   1   1   1   1   1   1   1
   1   1   1   1   1   1   1   1   1   1   1   1   1   1   1   1   1   1   1   1
   1   1   1   1   1   1   1   1   1   1   1   1   1   1   1   1   1   1   1   1
   1   1   1   1   1   1   1   1   1   1   1   1   1   1   1   1   1   1   1   1
   1   1   1   1   1   1   1   1   1   1   1   1   1   1   1   1   1   1   1   1
   1   1   1   1   1   1   1   1   1   1   1   1   1   1   1   1   1   1   0   1
   1   1   0   1   1   1   1   1   1   1   1   1   0   1   1   1   1   1   1   1
   1   1   0   1   1   1   1   0   0   0   0   0   0   0   0   1   0   1   1   1
   1   0   0   1   1   1   1   1   1   1   1   0   1   1   1   1   1   1   1   1
   1   1   1   1   1   1   1   1   1   1   1   1   1   1   1   0   0   0   0   0
   1   1   0   1   0   0   1   1   0   0   0   0   1   1   1   1   1   1   1   1
   0   0   0   0   0   0   0   1   1   1   1   1   1   1   1   1   0   1   1   1
   1   1   1   1   1   1   1   1   1   0   0   0   1   1   0   0   1   1   1   1
   1   0   1   1   1   1   1   1   1   1   1   1   1   1   1   1   1   1   1   1
   1   1   1   1   1   1   1   1   1   1   1   1   1   1   1   1   1   1   1   1
   1   1   1   1   1   1   1   1   1   1   1   1   1   1   1   1   1   1   1   1
   1   1   1   1   1   1   1   1   1   1   1   1   1   1   1   1   1   1   1   1
   1   1   1   1   1   1   1   1   1   1   1   1   1   1   1   1   1   1   1   1
   1   1   1   1   1   1   1   1   1   1   1   1   1   1   1   1   1   1   1   1
   1   1   1   1   1   1   1   1   1   1   1   1   1   1   1   1   1   1   1   1
   1   1   1   1   1   1   1   1   1   1   1   1   1   1   1   1   1   1   1   1
   1   1   0   0   1   1   1   1   0   1   1   1   1   1   1   1   1   1   1   1
   0   0   1   1   1   0   1   1   1   1   1   1   1   1   1   1   1   1   1   0
   1   0   0   1   0   1   1   1   0   0   1   1   1   1   1   1   1   1   0   0
   0   0   0   0   0   0   0   0   0   0   0   0   1   1   1   1   1   1   1   1
   1   1   1   0   0   1   1   1   1   1   1   0   1   1   1   1   0   0   0   0
   1   1   0   1   1   1   1   1   1   0   0   1   1   1   1   1   1   1   1   1
   1   1   1   1   1   1   1   1   1   1   1   1   1   1   1   1   1   1   1   1
   1   1   1   1   1   1   1   1   1   1   1   1   1   1   1   1   1   1   1   1
   1   1   1   1   1   1   1   1   1   1   1   1   1   1   1   1   1   1   1   1
   1   1   1   1   1   1   1   0   1   1   1   1   1   1   1   1   1   1   1   1
   1   1   1   1   1   1   1   1   1   0   1   1   1   1   1   1   1   1   1   1
   1   1   1   1   1   1   1   1   1   1   1   1   1   1   1   1   1   1   1   1
   1   1   1   1   1   1   1   1   1   1   1   1   1   1   1   1   1   1   1   1
   1   1   1   1   1   1   1   1   1   1   1   1   1   1   1   1   1   1   1   1
   1   1   1   1   1   1   1   1   1   1   1   1   1   1   1   1   1   1   1   1
   1   1   1   1   1   1   1   1   1   1   1   1   1   1   1   1   1   1   1   1
   1   1   1   1   1   1   1   1   1   1   1   1   1   1   1   1   1   1   1   1
   1   1   1   1   1   1   1   1   1   1   1   1   1   1   1   1   1   1   1   1
   1   1   1   1   1   1   1   1   1   1   1   1   1   1   1   1   1   1   1   1
   1   1   1   1   1   1   1   1   1   1   1   1   1   1   1   1   1   1   1   1
   1   1   1   1   1   1   1   1   1   1   1   1   1   1   1   1   1   1   1   1
   1   1   1   1   1   1   1   1   1   1   1   1   1   1   1   1   1   1   1   1
   1   1   1   1   1   1   1   1   1   1   1   1   1   1   1   1   1   1   1   1
   0   1   1   1   0   1   1   1   0   1   0   1   1   1   1   1   1   1   1   1
   0   1   0   1   1   0   0   0   1   1   1   1   1   1   1   1   0   0   1   1
   1   1   1   1   1   1   1   1   1   1   1   1   1   1   1   1   1   1   1   1
   1   1   1   1   1   1   1   1   1   1   1   1   1   1   1   1   1   1   1   1
   1   1   1   1   1   1   1   1   1   1   1   1   1   1   1   1   1   1   1   1
   1   1   1   1   1   1   1   1   1   1   1   1   1   1   0   1   1   1   1   1
   1   0   1   0   0   0   1   1   1   1   1   1   1   0   1   1   1   1   1   1
   1   1   1   1   1   1   1   1   1   1   1   1   0   1   1   1   1   1   1   1
   1   1   0   1   1   1   1   1   1   1   1   1   1   1   1   1   1   1   1   1
   1   1   1   1   1   1   1   1   1   1   1   1   1   1   1   1   1   1   1   1
   1   1   1   1   1   1   1   1   1   1   1   1   1   1   1   1   1   1   1   1
   1   1   1   1   1   1   1   1   1   1   1   1   1   1   1   1   1   1   1   1
   1   1   1   1   1   1   1   1   1   1   1   1   1   1   1   1   1   1   1   1
   1   1   0   1   1   1   1   0   1   1   1   1   1   1   1   1   1   1   1   1
   1   1   1   1   1   1   1   1   1   1   1   1   1   1   1   1   1   1   1   1
   1   1   1   1   1   1   1   1   1   1   1   1   1   1   1   1   1   1   1   1
   1   1   1   1   1   1   1   1   1   1   1   1   1   1   1   1   1   1   1   1
   1   1   1   1   1   1   1   1   1   1   1   1   1   1   1   1   1   1   1   1
   1   1   1   1   1   1   1   1   1   1   1   1   1   1   1   1   1   1   1   1
   1   1   1   1   1   1   1   1   1   1   1   1   1   1   1   1   1   1   1   1
   1   1   1   1   1   1   1   1   1   1   1   1   1   1   1   1   1   1   1   1
   1   1   1   1   1   1   1   1   1   1   1   1   1   1   1   1   1   1   1   1
   1   1   1   1   1   1   1   1   1   1   1   1   1   1   1   1   1   1   1   1
   1   1   1   1   1   1   1   1   1   1   1   1   1   1   1   1   1   1   1   1
   1   1   1   1   1   1   1   1   1   1   1   1   1   1   1   1   1   1   1   1
   1   1   1   1   1   1   1   1   1   1   1   1   1   1   1   1   1   1   1   1
   1   1   1   1   1   1   1   1   1   1   1   1   1   1   1   1   1   1   1   1
   1   1   1   1   1   1   1   1   1   1   1   1   1   1   1   1   1   1   1   1
   1   1   1   1   1   1   1   1   1   1   1   1   1   1   1   1   1   1   1   1
   1   1   1   1   1   1   1   1   1   1   1   1   1   1   1   1   1   1   1   1
   1   1   1   1   1   1   1   1   0   1   0   1   1   1   1   1   1   1   0   1
   1   1   1   1   1   1   1   1   1   1   0   1   0   0   0   0   0   1   0   0
   0   0   1   0   1   1   0   0   0   1   1   0   1   1   0   1   1   1   1   1
   1   1   1   0   0   0   1   1   1   1   1   0   0   0   1   1   1   0   1   1
   0   1   1   1   1   1   1   1   1   1   1   1   1   1   1   1   1   0   1   1
   1   1   1   1   1   1   1   1   0   0   0   0   0   0   0   1   1   0   0   0
   1   1   1   1   1   1   1   1   0   1   1   1   1   1   1   1   1   1   1   1
   1   0   0   0   0   0   0   1   1   1   0   0   0   1   0   0   0   1   0   1
   0   0   0   0   0   0   0   1   1   1   1   1   1   0   0   0   0   0   0   0
   0   0   0   1   1   1   1   1   1   1   1   1   0   1   1   1   0   1   1   0
   1   1   1   0   1   1   1   0   1   1   1   1   1   1   0   0   0   0   0   0
   0   0   1   1   1   1   0   0   0   0   0   0   0   1   1   1   1   1   0   0
   0   1   1   1   1   1   1   1   1   1   1   1   1   1   1   1   1   1   1   0
   1   1   1   1   1   1   1   1   1   1   1   1   1   1   1   1   1   1   1   1
   1   1   1   1   1   1   1   1   1   1   1   1   0   0   0   0   0   1   0   1
   1   1   0   1   1   1   1   1   1   1   1   1   1   0   0   0   0   0   0   0
   0   0   1   1   1   1   1   1   0   0   0   0   1   1   1   1   1   1   1   1
   0   0   0   0   1   1   0   1   1   1   1   1   1   1   1   1   1   1   1   1
   1   0   1   1   1   0   1   1   1   1   1   0   1   0   1   1   1   1   1   1
   0   1   1   1   1   1   1   1   0   0   0   0   0   0   0   0   0   0   0   1
   1   1   1   1   1   0   0   1   1   1   1   0   0   1   1   0   1   1   1   0
   1   1   1   1   1   1   1   1   1   1   1   1   1   1   1   1   1   1   1   1
   1   1   1   1   1   1   0   1   1   1   1   1   0   0   1   1   1   1   1   1
   1   1   1   1   1   0   1   0   1   1   1   1   1   1   0   1   1   1   1   1
   1   1   1   1   1   1   1   0   1   1   0   1   1   1   1   1   1   1   1   1
   1   1   1   1   1   1   1   1   1   1   1   1   1   1   1   0   1   0   1   1
   1   1   0   1   1   1   1   1   0   1   0   0   0   1   0   0   0   1   0   1
   0   0   1   1   1   1   1   1   1   0   1   1   1   0   0   1   1   0   0   1
   1   1   1   1   1   1   1   1   1   0   0   0   0   0   1   1   1   1   1   0
   0   0   0   0   1   1   0   0   0   1   0   0   0   1   1   0   0   1   0   0
   0   0   1   1   1   0   1   1   1   1   1   1   1   1   1   0   0   0   0   1
   1   0   0   1   1   1   1   1   1   1   1   1   1   1   0   1   1   1   1   1
   1   1   1   1   1   1   1   1   1   1   0   1   1   0   1   0   0   0   0   0
   0   0   0   1   1   0   0   0   0   1   1   0   1   0   1   1   0   1   1   1
   1   0   1   1   1   1   1   1   1   1   0   1   0   1   1   1   1   1   1   1
   0   0   1   1   1   1   0   0   0   1   1   1   1   0   1   1   0   1   0   1
   0   1   0   0   1   0   0   1   1   1   1   0   1   0   1   1   0   1   1   1
   0   0   0   1   1   0   0   0   0   1   0   0   0   1   1   0   1   1   1   1
   1   1   1   0   0   0   1   1   1   1   1   1   1   1   1   0   1   1   0   1
   0   1   0   1   1   1   0   0   0   1   1   1   1   1   0   0   0   0   0   0
   0   0   0   1   1   1   0   0   1   0   0   1   1   1   1   0   0   1   1   1
   1   1   0   1   1   1   1   0   0   1   1   0   1   0   0   1   0   0   0   0
   0   0   0   1   1   1   0   1   1   1   1   1   1   1   1   1   1   1   0   1
   1   1   1   1   1   1   1   1   1   1   1   1   0   1   1   1   1   1   1   1
   1   1   1   1   1   0   1   1   1   1   0   0   1   1   0   0   1   1   1   1
   1   1   1   1   1   0   1   0   0   0   0   0   1   0   0   0   1   1   0   0
   0   0   0   0   1   1   1   1   1   1   1   0   1   1   0   0   0   1   1   0
   0   1   1   1   1   1   1   1   1   1   1   1   1   1   1   1   1   1   1   1
   1   1   1   1   1   1   1   1   1   1   1   1   1   1   1   1   1   1   1   1
   1   1   1   0   1   1   1   1   1   1   1   1   1   1   1   1   1   1   1   1
   1   1   1   1   1   1   1   1   1   1   1   1   1   1   1   1   1   0   1   0
   1   0   0   1   1   1   1   0   0   0   1   0   1   1   1   1   1   1   1   1
   0   1   1   0   1   1   1   0   0   0   0   0   0   1   0   1   1   1   0   1
   1   1   1   1   1   1   1   0   1   1   1   1   0   0   1   1   1   1   1   1
   1   1   0   0   0   0   0   1   1   1   1   1   1   1   1   1   1   1   1   1
   1   0   1   1   1   1   1   1   1   1   1   1   1   1   1   0   1   1   1   1
   1   1   1   1   1   1   1   1   1   1   1   1   1   1   1   1   1   1   0   1
   1   0   0   0   1   1   1   0   0   1   1   1   1   1   1   0   1   1   1   1
   1   1   1   1   1   1   1   0   1   1   1   1   1   1   1   1   1   1   1   1
   1   0   0   1   1   0   1   1   1   0   1   1   1   1   1   0   1   1   1   1
   1   1   1   1   1   1   0   1   1   1   1   1   1   1   1   1   0   1   1   1
   1   1   1   1   1   1   1   1   1   1   1   1   1   1   1   1   1   1   1   1
   1   1   1   1   1   1   1   1   0   0   0   1   1   1   1   0   1   1   0   1
   1   1   1   0   0   1   1   1   1   1   1   1   1   1   1   1   0   1   1   1
   1   1   1   1   1   1   1   0   1   0   0   1   1   0   1   1   1   1   1   1
   1   1   1   1   1   1   0   0   1   1   1   1   1   1   1   1   1   1   1   1
   1   1   1   1   1   1   1   1   1   1   1   0   1   1   1   1   1   1   1   1
   1   1   1   1   1   1   0   1   1   1   1   1   1   1   1   1   1   1   1   1
   1   1   1   1   1   1   1   1   1   0   1   1   1   1   1   1   1   1   1   1
   0   1   1   1   1   1   1   1   1   1   1   1   1   1   1   1   1   1   1   1
   1   1   1   1   1   1   1   1   1   1   1   1   1   1   1   1   1   1   1   1
   1   1   1   1   1   1   1   1   1   1   1   1   1   1   1   0   1   1   1   1
   1   1   1   1   1   1   1   1   0   0   0   0   0   0   1   1   1   1   1   1
   1   1   1   0   0   1   1   1   1   1   1   1   1   1   0   1   1   1   1   1
   0   0   0   0   0   0   0   1   1   1   1   1   0   0   1   0   1   1   1   0
   1   0   0   0   0   0   1   1   1   1   1   1   1   1   1   1   1   0   0   1
   1   1   1   0   0   1   1   0   0   0   0   0   0   0   0   0   0   1   1   0
   1   1   1   0   0   1   1   1   1   1   1   1   0   1   1   1   1   0   1   0
   1   0   1   1   0   0   0   1   0   0   0   0   0   0   1   0   1   1   1   1
   1   0   1   0   0   1   1   1   1   0   1   0   1   1   1   1   1   1   1   1
   1   1   0   1   1   1   1   0   0   0   0   0   0   0   1   1   1   1   1   1
   1   0   1   0   1   1   1   1   1   1   1   1   1   1   1   1   1   1   1   1
   1   0   0   1   0   1   0   1   0   0   1   1   1   0   1   0   0   0   1   0
   1   1   1   1   1   1   0   0   1   1   0   1   1   1   1   1   1   1   1   1
   1   1   1   1   1   1   1   1   1   1   1   1   1   1   1   1   1   1   0   0
   1   1   1   0   0   1   1   0   1   1   1   1   1   1   1   1   1   1   0   1
   1   0   1   1   1   0   1   1   1   0   0   1   1   1   1   1   1   1   1   1
   1   1   1   1   1   1   1   1   1   1   1   1   1   1   1   1   0   0   1   1
   1   1   1   1   1   1   1   1   1   1   1   0   1   1   1   1   1   1   1   1
   1   1   1   1   1   1   1   1   1   1   1   1   1   1   1   1   1   1   1   1
   1   1   1   1   1   1   1   1   1   1   1   1   0   1   1   1   1   1   1   1
   1   0   1   1   1   1   1   1   1   1   0   1   1   1   0   0   1   0   0   0
   0   0   1   1   1   0   1   0   1   1   1   0   0   0   1   1   1   1   1   1
   1   0   1   1   0   0   1   0   0   0   0   0   0   1   0   1   1   1   1   1
   0   1   0   1   0   0   0   1   0   0   1   0   1   1   1   0   1   0   1   1
   1   1   0   0   1   1   1   1   1   1   1   0   0   0   1   0   0   1   1   0
   0   1   1   1   1   1   1   0   1   0   0   1   0   0   0   1   1   0   0   0
   0   0   0   1   1   1   0   1   1   0   1   1   1   1   1   1   1   1   1   1
   1   1   0   0   1   0   0   0   0   1   1   1   1   1   1   0   0   0   0   0
   1   1   1   1   1   1   1   1   1   1   1   1   1   1   0   0   1   1   1   1
   1   1   1   1   1   1   1   1   1   1   1   1   1   1   1   1   1   1   1   1
   1   1   1   1   1   1   1   1   1   1   1   1   0   1   0   1   1   0   1   1
   0   0   1   1   0   1   0   1   1   1   1   1   1   1   1   0   0   0   0   0
   1   1   1   0   1   0   0   0   1   0   0   1   1   1   0   0   0   0   1   1
   1   0   1   1   1   1   1   0   0   1   1   1   1   1   1   1   1   1   1   1
   1   1   1   1   1   1   1   1   1   1   1   1   1   1   1   1   1   1   1   1
   1   1   1   1   1   1   0   0   1   1   0   0   1   1   1   1   1   1   1   1
   1   1   1   1   1   1   1   1   1   1   1   1   1   1   1   1   1   1   1   1
   1   1   1   1   1   1   1   1   1   1   1   1   1   1   1   1   1   1   1   1
   1   1   1   1   1   1   1   1   1   1   1   1   1   1   1   1   1   1   1   1
   1   1   1   1   1   1   1   1   1   1   1   0   1   1   1   1   0   1   1   1
   1   1   1   0   1   1   1   1   1   1   1   1   1   1   1   1   1   1   0   1
   1   1   1   1   1   1   1   0   1   1   1   1   1   1   1   1   1   1   1   1
   1   1   1   0   1   0   1   1   1   1   1   1   1   1   1   0   1   1   1   1
   1   1   0   0   1   1   1   1   1   1   1   1   1   1   1   1   1   1   1   1
   1   1   1   1   1   1   1   1   1   0   0   0   0   1   1   1   1   1   1   0
   1   0   1   1   1   1   1   1   1   1   1   1   1   0   0   0   0   0   1   1
   1   1   1   1   1   1   1   0   0   1   0   1   1   1   1   1   1   1   1   1
   1   1   1   0   1   0   1   1   1   1   1   1   1   1   1   1   1   1   1   1
   1   1   1   1   1   1   1   1   0   1   0   1   0   1   1   0   0   1   1   0
   0   1   0   1   0   0   1   1   0   0   1   1   1   0   1   1   1   1   0   0
   1   1   1   1   1   1   1   1   1   1   1   1   1   1   1   1   1   1   1   1
   1   1   1   1   1   1   1   1   1   1   1   1   1   1   1   1   1   1   1   1
   1   1   1   1   1   1   1   1   1   1   1   1   1   1   1   1   1   1   1   1
   0   1   1   1   1   1   1   0   0   0   1   1   0   1   1   1   0   1   1   1
   1   1   1   1   1   1   0   1   0   1   1   1   1   1   1   1   1   1   1   1
   1   1   1   1   1   1   1   1   1   1   1   1   1   1   1   1   1   1   1   1
   1   1   1   1   1   1   1   1   1   1   1   1   1   1   1   1   1   1   1   1
   1   1   1   1   1   1   1   1   1   1   1   1   1   1   1   1   1   1   1   1
   1   1   1   1   1   1   1   1   1   1   0   1   1   1   1   1   1   1   1   1
   0   1   1   1   1   1   1   1   1   1   1   0   1   1   1   1   1   1   0   1
   1   1   1   1   1   0   0   0   1   1   1   1   1   0   1   1   1   1   1   0
   0   1   1   1   1   1   1   1   1   1   1   1   0   1   0   1   0   0   0   1
   0   1   1   1   1   1   1   1   1   1   1   1   1   1   1   1   1   1   1   1
   1   1   1   1   1   1   1   1   1   1   1   1   1   1   1   1   1   1   1   1
   1   1   1   1   1   1   1   1   1   1   1   1   1   1   1   1   1   1   1   1
   1   1   1   1   1   1   1   1   1   1   0   0   1   0   1   1   1   0   1   1
   1   1   1   1   1   1   1   1   1   1   1   1   1   1   1   1   1   1   1   1
   1   1   1   1   1   1   1   1   1   1   1   1   1   1   1   1   1   1   1   1
   1   1   1   1   1   1   1   1   1   1   1   1   1   1   1   1   1   1   1   1
   1   1   1   1   1   1   1   1   1   1   1   1   1   1   1   1   1   1   1   1
   1   1   1   1   1   1   1   1   1   1   1   1   1   1   1   1   1   1   1   1
   1   1   1   1   1   1   1   1   1   1   1   1   1   1   1   1   1   1   1   1
   1   1   1   1   1   1   1   1   1   1   1   1   1   1   1   1   1   1   1   1
   1   1   1   1   1   1   1   1   1   1   1   1   1   1   1   1   1   1   1   1
   1   1   1   1   1   1   1   1   1   1   1   0   1   1   1   1   1   1   1   1
   1   1   0   0   0   0   1   1   1   1   1   1   1   1   1   1   1   1   1   1
   1   1   1   1   1   1   1   1   1   1   1   1   1   1   1   1   1   1   1   1
   1   1   1   1   1   1   1   1   1   1   1   1   1   1   1   1   1   1   1   1
   1   1   1   1   1   1   1   1   1   1   1   1   1   1   1   1   1   1   1   1
   1   1   1   1   1   1   1   1   1   1   1   1   1   1   1   1   1   1   1   1
   1   1   1   1   1   1   1   1   1   1   1   1   1   1   1   1   1   1   1   1
   1   1   1   1   1   1   1   1   0   0   1   1   1   1   1   1   1   1   1   1
   1   1   1   1   1   1   1   1   1   1   1   1   1   1   1   1   1   1   1   1
   1   1   1   1   1   1   1   1   1   1   1   1   1   1   1   1   1   1   1   1
   1   1   1   1   1   1   1   1   1   1   1   1   1   1   1   1   1   1   1   1
   1   1   1   1   1   1   1   1   1   1   1   1   1   1   1   1   1   1   1   1
   1   1   1   1   1   1   1   1   1   1   1   1   1   1   1   1   1   1   1   1
   1   1   1   1   1   1   1   1   1   1   1   1   1   1   1   1   1   1   1   1
   1   1   1   1   1   1   1   1   1   1   1   1   1   1   1   1   1   1   1   1
   1   1   1   1   1   1   1   1   1   1   1   1   1   1   1   1   1   1   1   1
   1   1   1   1   1   1   1   1   1   1   1   1   1   1   1   1   1   1   1   1
   1   1   1   1   1   1   1   1   1   1   1   1   1   1   1   1   1   1   1   1
   1   1   1   1   1   1   1   1   1   1   1   1   1   1   1   1   1   1   1   1
   1   1   1   1   1   1   1   1   1   1   1   1   1   1   1   1   1   1   1   1
   1   1   1   1   1   1   1   1   1   1   1   1   1   1   1   1   1   1   1   1
   1   1   1   1   1   1   1   1   1   1   1   1   1   1   1   1   1   1   1   1
   1   1   1   1   1   1   1   1   1   1   1   1   1   1   1   1   1   1   1   1
   1   1   1   1   1   1   1   1   1   1   1   1   1   1   1   1   1   1   1   1
   1   1   1   1   1   1   1   1   1   1   1   1   1   1   1   1   1   1   1   1
   1   1   1   1   1   1   1   1   1   1   1   1   1   1   1   1   1   1   1   1
   1   1   1   1   1   1   1   1   1   1   1   1   1   1   1   1   1   1   1   1
   1   1   1   1   1   1   1   1   1   1   1   1   1   1   1   1   1   1   1   1
   1   1   1   1   1   1   1   1   1   1   1   1   1   1   1   1   1   1   1   1
   1   1   1   1   1   1   1   1   1   1   1   1   1   1   1   1   1   1   1   1
   1   1   1   1   1   1   1   1   1   1   1   1   1   1   1   1   1   1   1   1
   1   0   1   1   0   1   0   0   0   1   1   0   1   1   1   1   1   1   1   1
   0   0   0   1   1   1   0   1   1   1   1   1   1   1   1   1   1   1   0   1
   1   1   0   1   1   1   1   0   0   0   1   1   1   0   1   1   1   1   1   1
   1   1   1   1   1   1   1   0   1   1   1   1   1   1   1   1   0   0   1   1
   1   0   0   1   0   1   1   0   1   1   1   0   1   1   1   0   1   0   1   0
   0   0   1   1   1   0   1   1   1   1   1   1   1   1   0   0   1   0   1   1
   0   0   1   0   0   1   1   1   1   0   1   1   0   1   1   1   1   1   1   1
   1   1   0   1   0   1   1   1   1   1   1   1   1   0   1   1   0   1   1   1
   1   1   0   0   1   1   1   1   1   1   1   1   1   1   1   1   1   1   0   1
   0   0   1   1   1   1   1   1   0   1   1   0   1   1   1   0   1   1   1   1
   1   1   1   0   1   1   1   1   1   1   1   1   1   1   1   1   1   1   1   1
   1   1   1   0   1   1   1   1   1   1   1   1   1   0   1   0   1   1   1   1
   1   1   1   1   1   1   1   1   1   1   1   1   1   1   1   1   1   1   1   1
   1   1   1   1   1   1   1   1   1   0   1   1   1   0   0   1   1   1   1   1
   1   1   1   1   1   1   1   1   1   1   1   1   0   0   1   1   1   0   0   1
   1   1   1   1   1   1   1   0   0   1   0   1   1   1   1   0   1   1   0   0
   1   0   0   1   0   1   0   1   0   1   1   1   1   0   1   1   1   0   1   1
   1   0   1   1   1   0   1   1   1   1   1   1   0   1   1   1   1   1   1   1
   1   1   1   1   1   1   1   1   1   1   1   0   0   1   1   1   0   1   1   1
   0   1   1   1   0   1   1   1   1   1   1   1   1   1   0   1   0   1   0   0
   1   1   1   1   1   1   1   0   1   1   1   1   0   0   1   1   1   1   1   1
   0   1   1   1   1   1   1   1   1   1   1   1   1   0   1   1   1   0   1   1
   1   1   1   1   1   1   1   1   1   1   0   1   1   1   1   1   1   1   1   0
   1   1   1   1   1   1   1   1   0   1   1   0   1   1   1   1   1   1   1   1
   1   1   1   1   1   0   1   1   0   1   1   0   0   0   0   1   1   0   1   0
   1   1   1   1   1   1   0   1   1   0   1   1   1   0   0   0   0   0   0   1
   0   1   1   0   1   1   0   1   1   1   1   1   1   0   0   1   0   1   1   0
   1   1   0   1   1   0   1   1   1   1   1   1   1   1   1   1   1   1   0   0
   0   1   1   1   1   1   1   1   1   1   1   1   1   1   1   1   1   0   1   1
   1   1   1   0   0   1   0   1   0   1   1   1   1   1   1   0   1   1   1   1
   1   1   1   1   0   0   1   1   0   1   1   1   1   1   1   1   1   1   0   0
   0   1   1   1   1   1   1   1   1   1   1   1   1   0   1   1   0   1   1   0
   0   1   1   1   1   1   1   1   1   1   1   0   1   1   1   1   1   1   1   1
   1   1   1   1   0   0   1   1   1   1   1   1   1   0   1   1   1   0   0   0
   1   0   1   0   1   1   1   0   1   0   1   1   0   1   0   0   1   1   1   1
   1   1   0   0   1   1   1   1   1   1   1   1   1   1   1   1   1   1   0   0
   1   1   1   1   0   1   0   1   1   1   1   1   0   0   1   1   1   1   1   1
   1   1   1   1   1   1   1   1   0   1   1   1   0   1   1   1   1   1   1   1
   1   1   1   0   0   1   1   1   1   1   1   1   1   1   1   1   1   1   1   1
   1   1   0   0   1   1   1   1   1   1   1   1   1   0   0   1   1   0   0   1
   1   0   0   1   1   1   1   0   0   1   0   1   0   0   1   1   1   1   0   0
   1   1   1   1   1   1   1   1   1   1   1   1   1   1   0   0   0   1   1   1
   1   1   1   1   1   0   1   1   1   1   1   1   0   0   0   0   1   1   1   1
   1   1   1   1   1   1   1   1   1   1   1   0   0   1   1   1   1   1   1   1
   1   1   1   1   1   1   1   1   1   1   0   1   1   1   1   1   1   1   1   0
   0   0   0   0   0   1   0   0   0   1   0   1   1   1   0   1   1   1   1   1
   1   0   1   1   1   1   1   1   1   0   1   1   0   0   1   1   1   1   1   1
   1   1   1   1   0   1   1   1   1   1   1   1   1   1   1   1   1   1   1   1
   1   1   1   1   1   0   0   0   0   0   0   1   0   1   1   1   1   0   1   1
   1   1   1   1   1   1   0   0   1   1   1   1   1   1   1   1   1   1   1   0
   1   1   1   1   1   1   1   1   1   1   1   1   1   1   1   1   1   1   1   1
   0   0   0   0   1   1   1   1   0   1   1   1   0   0   0   0   1   1   1   1
   1   1   0   0   1   1   1   1   1   1   1   1   1   1   1   1   1   1   0   1
   1   1   1   0   1   1   1   1   1   0   0   1   1   0   0   1   1   1   1   1
   1   1   1   1   1   1   1   1   0   1   1   1   1   1   0   0   1   1   0   1
   0   0   0   1   1   1   1   1   1   1   1   1   1   1   1   1   1   1   1   0
   1   0   1   1   0   0   0   1   1   1   1   1   1   1   1   1   1   1   1   1
   1   1   0   0   0   1   1   1   1   1   1   1   1   1   0   1   1   1   1   1
   1   1   1   1   0   0   1   1   1   1   1   0   1   1   1   1   0   0   1   1
   1   1   1   0   0   0   1   1   1   1   1   0   0   0   1   1   1   1   1   1
   0   0   1   1   0   0   0   0   0   0   0   0   0   0   0   0   1   1   1   1
   1   1   1   1   1   0   0   0   1   1   1   1   1   1   1   1   1   1   1   1
   0   1   1   1   1   1   1   0   1   1   1   1   1   1   1   1   0   0   0   0
   0   1   1   1   1   0   1   1   1   1   1   1   1   1   1   1   1   1   1   1
   1   1   0   1   1   0   1   0   1   1   0   1   1   0   1   0   1   0   1   0
   0   0   0   0   0   1   0   1   1   1   1   1   1   1   1   1   1   0   1   1
   1   1   1   1   1   1   1   1   1   1   1   1   1   0   0   0   0   0   0   0
   0   0   0   0   0   0   1   1   1   1   1   1   1   1   1   1   1   1   1   0
   0   1   1   1   1   0   1   0   1   1   1   1   1   1   1   1   1   1   1   1
   1   1   1   0   1   1   1   1   1   1   1   1   1   1   0   0   0   0   0   1
   1   1   1   1   1   1   1   1   1   0   1   1   1   0   1   1   1   1   1   1
   1   1   1   1   1   1   1   1   1   1   1   1   1   1   1   1   1   1   1   1
   1   1   0   1   0   1   1   1   1   1   1   1   1   1   1   0   1   1   1   1
   1   1   1   1   1   1   1   1   1   1   1   1   1   1   1   0   1   1   1   1
   1   1   1   0   0   0   1   0   1   1   1   1   1   1   1   1   1   0   0   0
   1   1   1   0   1   1   1   1   1   1   1   1   1   1   1   0   1   0   0   0
   0   0   0   1   0   0   1   1   1   0   0   0   0   1   0   1   1   0   1   1
   1   1   1   1   1   1   1   1   1   1   0   0   0   0   0   1   1   1   1   1
   1   1   1   1   1   1   1   1   1   1   1   1   1   1   1   1   1   1   1   1
   1   1   0   1   1   1   1   1   1   1   1   1   1   1   0   0   0   1   1   1
   1   1   1   1   1   0   1   1   1   1   1   1   1   0   1   1   1   1   1   0
   1   1   1   1   1   0   1   1   1   1   1   1   1   1   0   1   1   0   1   1
   1   0   1   1   1   1   1   1   1   1   1   1   1   0   1   0   0   0   0   0
   0   1   1   1   0   0   1   1   1   1   1   1   1   1   1   1   1   1   1   1
   1   1   1   1   1   1   1   1   1   1   0   0   1   0   0   0   0   0   0   0
   0   0   0   0   1   1   1   1   1   1   1   1   1   1   1   1   1   1   1   1
   1   1   1   1   1   1   1   1   1   1   0   1   1   1   1   1   1   0   0   1
   1   1   1   1   1   1   1   1   1   0   0   1   1   1   1   0   1   0   0   0
   1   1   1   1   1   1   1   0   0   0   0   1   1   1   1   1   1   1   1   1
   1   1   1   1   1   1   1   1   1   1   1   1   1   1   0   0   1   1   1   1
   1   1   1   1   1   1   1   1   1   1   1   1   1   1   1   1   1   1   1   1
   1   1   1   1   1   1   1   1   1   1   1   1   1   1   1   1   1   1   0   1
   1   1   1   1   1   1   1   1   1   1   1   1   1   1   1   1   1   1   1   1
   1   1   1   1   1   1   1   1   1   1   1   1   1   0   0   0   1   1   1   1
   1   0   1   0   1   1   1   1   0   0   0   0   0   0   0   0   0   0   0   0
   0   0   0   0   0   0   0   0   0   0   0   0   1   1   1   1   1   1   1   1
   1   0   0   1   1   1   1   1   1   1   1   1   1   1   1   1   1   1   1   1
   1   1   1   1   1   1   1   1   1   1   1   1   1   1   1   1   1   1   1   1
   1   1   1   1   1   1   1   1   1   1   1   1   1   0   1   1   1   1   1   1
   1   1   1   1   1   1   1   1   1   1   1   1   1   1   1   1   1   0   1   1
   1   1   1   1   1   1   1   1   1   1   1   1   1   1   1   1   0   1   1   1
   1   1   1   1   1   1   1   1   1   1   1   1   1   1   1   1   1   1   1   1
   1   1   1   1   1   1   1   1   1   1   1   1   1   1   1   1   1   1   1   1
   1   1   1   1   1   1   1   1   0   1   0   1   1   1   1   1   1   1   1   1
   1   1   1   1   1   1   1   1   0   0   0   0   0   1   1   1   1   1   0   0
   0   0   0   0   1   1   1   1   1   1   1   1   1   1   1   1   1   1   0   0
   1   1   1   1   1   1   1   1   1   1   1   1   1   1   1   1   0   1   1   1
   1   1   1   1   1   1   1   1   1   1   1   1   1   1   1   1   1   1   1   1
   1   1   1   1   1   1   1   1   1   1   1   0   1   1   1   1   1   1   1   0
   0   0   0   1   1   1   1   1   1   1   1   1   1   1   1   1   1   1   1   1
   1   1   1   1   1   1   1   1   1   1   0   0   0   1   1   1   1   1   1   1
   0   1   1   1   1   1   1   1   1   1   1   1   1   1   1   1   1   1   1   1
   1   1   1   1   1   1   1   1   1   1   1   1   1   1   1   0   0   0   1   1
   0   0   1   0   1   1   1   1   1   0   1   0   1   1   1   1   1   1   1   1
   1   1   1   0   1   1   1   1   1   1   1   1   1   1   1   0   0   0   0   0
   0   0   0   0   0   1   1   1   1   1   1   1   1   1   1   1   1   1   1   0
   0   0   0   0   0   1   1   1   1   1   0   0   0   0   0   0   0   0   0   0
   0   1   1   1   1   1   1   1   1   1   1   1   1   1   1   1   1   1   1   1
   1   1   1   1   1   0   0   0   1   1   1   1   0   1   1   1   1   1   1   1
   1   1   1   1   1   1   1   1   1   1   1   1   1   1   1   1   1   1   1   1
   1   1   1   1   1   1   1   1   1   1   1   0   0   1   1   1   1   1   1   1
   1   0   0   0   0   0   1   1   1   1   1   1   1   1   1   1   1   0   0   0
   0   0   0   1   1   1   1   0   1   1   1   1   1   1   1   1   1   1   1   1
   1   1   0   0   1   1   1   1   1   1   1   1   1   1   1   1   1   1   1   1
   1   1   1   1   0   1   1   1   1   1   1   1   1   1   1   1   1   1   1   1
   1   1   0   0   1   1   1   1   1   1   1   1   1   0   0   1   1   1   0   0
   0   0   1   0   0   0   1   1   1   1   1   1   1   1   1   1   1   1   1   1
   1   1   1   1   1   0   1   1   1   1   1   1   1   1   1   1   1   1   1   1
   1   1   1   1   1   1   1   1   1   1   1   1   1   1   1   1   1   1   1   1
   1   1   1   1   1   1   1   1   1   1   1   1   1   1   1   1   1   1   1   1
   0   0   0   1   1   1   1   0   0   1   1   0   1   1   1   1   1   1   1   1
   1   1   1   1   1   1   1   1   1   1   1   1   1   1   1   1   1   1   1   1
   1   0   0   0   0   0   0   0   0   0   0   0   0   0   0   0   0   0   0   0
   0   0   0   0   0   0   0   0   0   0   0   0   0   0   0   0   0   0   0   0
   0   1   1   1   1   1   1   1   1   1   1   1   1   1   1   1   1   1   1   1
   1   1   1   1   1   1   1   1   1   1   1   1   0   0   0   1   1   1   0   0
   0   0   1   1   1   1   1   1   0   1   1   1   1   1   1   1   1   1   1   1
   1   0   0   0   1   1   1   1   0   1   1   1   1   1   1   1   1   1   1   1
   1   1   1   1   0   1   1   1   1   1   1   1   1   1   1   1   1   0   0   0
   0   0   1   1   1   1   1   1   0   0   1   1   1   1   1   1   1   1   1   1
   1   1   1   1   1   0   0   0   0   0   0   1   1   1   1   0   1   1   1   1
   1   1   0   1   1   1   1   1   1   1   1   1   1   1   1   1   1   1   1   1
   1   1   1   1   1   1   1   1   1   1   1   1   1   1   1   1   1   0   1   1
   1   1   1   1   1   1   1   1   1   1   1   1   1   1   1   0   0   1   0   1
   0   1   1   0   1   1   1   1   1   1   1   1   1   1   1   1   1   1   1   1
   1   1   1   1   1   1   1   1   1   1   1   0   0   1   1   1   1   1   1   1
   1   1   0   0   1   1   1   1   1   1   1   1   1   1   1   0   0   0   0   0
   1   0   0   1   1   1   1   1   1   1   1   1   1   1   1   1   1   1   0   0
   0   1   1   1   1   1   1   1   1   1   1   1   1   1   1   1   1   1   1   1
   1   1   1   1   1   1   1   1   1   1   1   0   0   1   1   1   1   1   1   1
   1   1   1   1   1   0   1   0   0   1   1   1   1   1   1   1   1   1   1   1
   1   1   1   1   1   1   1   1   0   0   0   1   1   1   0   1   1   1   1   0
   1   1   1   1   1   1   1   1   1   1   1   1   1   1   1   1   1   1   0   1
   1   1   1   0   1   1   1   0   0   1   1   1   1   1   1   1   1   1   1   1
   1   1   1   1   1   1   1   1   1   1   1   1   1   0   0   0   0   0   1   1
   1   1   1   0   1   1   1   1   1   1   1   1   1   1   1   1   1   1   1   1
   1   1   1   1   0   0   1   1   1   1   1   1   1   1   1   1   1   1   1   1
   1   1   1   1   1   1   1   1   1   1   1   1   1   1   1   1   1   1   1   1
   0   0   1   1   1   1   1   1   1   1   1   1   1   1   1   1   1   1   1   1
   1   1   1   1   1   1   1   1   1   1   1   1   1   1   1   1   1   1   1   1
   1   1   1   1   1   1   1   0   0   0   0   0   1   1   1   1   0   1   1   1
   1   0   0   0   0   0   0   0   0   0   0   0   0   1   0   0   1   1   1   1
   1   1   1   1   1   1   1   1   1   1   1   1   1   1   1   0   1   1   0   0
   0   0   0   0   0   0   1   1   1   1   1   1   1   1   1   1   1   1   1   1
   1   1   1   1   1   1   1   0   1   1   1   1   0   0   0   1   1   1   1   1
   1   1   1   1   1   1   1   1   1   1   1   0   1   1   1   1   1   1   1   1
   1   1   1   1   1   1   1   1   1   1   1   1   1   1   1   1   1   1   1   1
   1   1   1   1   1   1   1   1   1   1   1   1   1   1   1   1   1   1   0   0
   0   0   0   1   1   1   0   0   1   1   0   1   1   1   1   1   1   1   1   1
   1   1   0   1   1   1   0   0   1   1   1   1   1   1   1   1   1   1   1   0
   1   0   0   1   0   0   0   0   0   0   0   1   1   1   1   1   1   1   1   1
   1   1   0   0   0   1   1   1   1   1   1   1   1   1   1   1   1   1   1   1
   1   1   1   1   1   1   1   1   1   1   1   1   1   1   1   1   1   1   1   0
   1   0   0   0   0   1   1   1   1   1   1   1   1   1   1   1   1   1   1   1
   1   1   1   1   1   0   1   1   1   1   1   1   1   1   1   1   1   1   1   1
   1   1   1   1   1   1   1   1   1   1   1   1   1   1   1   1   1   1   1   1
   0   1   1   1   1   1   1   1   1   1   0   0   0   0   0   0   0   0   0   0
   0   1   1   0   0   0   0   0   0   0   0   0   0   0   1   0   0   0   0   1
   1   1   0   0   0   0   0   0   0   0   0   0   0   0   1   1   0   1   1   1
   1   1   1   1   1   1   1   0   0   0   0   0   0   0   0   0   0   0   0   1
   1   1   1   1   1   1   1   1   1   1   1   1   0   0   0   0   0   0   0   0
   0   0   0   0   1   1   1   1   1   1   1   1   1   1   1   1   1   1   1   1
   1   1   1   1   0   0   1   1   1   1   1   1   1   1   1   1   1   1   1   1
   1   1   1   1   0   0   0   0   0   0   0   0   0   0   0   0   0   1   0   1
   1   1   1   1   1   0   0   0   0   0   0   0   0   0   1   1   0   1   1   1
   0   0   0   0   0   1   1   1   1   0   0   1   1   1   1   1   1   1   1   1
   1   0   0   0   1   1   1   1   1   1   1   1   1   1   1   1   1   1   1   1
   1   1   1   1   1   1   1   1   1   1   1   1   1   1   1   1   0   0   0   0
   0   0   0   0   0   1   1   1   1   1   1   1   1   1   1   1   1   1   1   1
   1   1   1   1   1   1   1   1   1   1   1   1   1   1   1   1   1   1   1   1
   1   1   1   1   1   1   1   1   1   1   1   1   0   1   1   1   1   1   1   1
   1   1   1   1   1   1   1   1   1   1   1   1   1   1   1   1   1   1   1   1
   1   1   1   1   1   1   1   1   1   1   1   1   1   1   1   1   1   1   1   1
   0   0   1   1   1   1   1   1   1   1   1   1   1   1   1   1   1   1   1   1
   1   1   1   1   1   1   1   1   1   1   1   1   1   1   1   0   1   1   1   1
   1   1   1   1   1   1   1   0   0   1   1   1   0   0   0   0   0   0   0   0
   1   1   1   1   1   1   1   1   1   0   0   0   0   0   0   0   0   0   0   0
   0   0   0   0   1   1   1   1   1   1   1   1   1   1   1   1   1   1   1   1
   1   1   1   1   1   1   1   1   1   1   1   1   1   0   1   1   1   1   1   1
   1   1   1   1   0   0   0   1   1   1   1   1   1   1   1   1   1   1   1   1
   1   1   1   1   1   1   1   1   1   1   1   1   1   1   1   0   0   0   0   0
   0   0   0   0   0   0   0   0   0   0   0   0   0   1   1   1   1   1   1   0
   0   0   0   1   1   1   1   1   1   1   1   1   1   1   1   0   0   1   1   1
   1   1   1   1   1   1   1   0   0   0   0   0   0   0   0   1   1   1   1   1
   1   1   1   0   0   0   1   1   1   1   1   1   1   1   1   1   1   1   1   1
   1   0   0   0   0   0   0   0   0   0   0   0   0   0   0   0   0   0   0   0
   0   0   0   0   0   0   1   1   1   1   1   1   1   1   1   1   1   1   1   1
   1   1   1   1   1   1   1   0   1   0   1   0   0   0   0   0   0   0   0   0
   0   1   0   0   1   1   1   1   1   1   1   1   1   1   1   1   0   0   0   1
   1   1   1   1   1   1   1   1   1   1   1   1   1   1   1   1   1   1   1   1
   1   1   1   1   1   1   1   1   1   1   1   1   1   1   0   1   1   1   0   0
   0   1   1   1   0   0   0   0   0   0   1   1   1   1   1   1   1   1   1   1
   1   1   1   1   1   1   1   1   1   1   1   1   1   1   1   1   1   1   1   0
   0   0   0   0   0   0   0   1   1   1   1   1   0   0   0   1   1   1   1   1
   1   1   1   1   1   1   1   1   1   1   1   1   0   0   0   0   0   0   1   1
   1   1   1   1   1   1   1   1   1   1   1   1   1   1   1   1   1   1   1   1
   1   1   1   1   1   1   1   1   1   1   1   1   1   0   0   1   0   0   0   1
   0   0   0   0   1   1   1   1   0   1   1   0   0   0   1   1   1   1   1   1
   0   0   0   1   1   1   1   1   0   0   1   1   1   1   1   1   1   1   1   1
   1   1   1   1   1   1   1   1   1   1   1   1   0   0   0   0   0   0   0   0
   0   0   1   1   1   1   1   1   1   1   1   1   1   1   1   1   1   1   1   1
   1   1   1   1   0   0   1   1   1   1   1   1   1   1   1   1   1   1   1   1
   1   0   1   0   1   1   1   1   1   1   1   1   1   1   1   1   1   1   1   1
   1   0   1   1   1   1   1   1   0   0   0   0   1   1   1   1   1   1   0   0
   1   1   1   1   1   0   0   0   1   1   1   1   1   1   1   1   1   1   1   1
   1   1   1   1   1   1   1   1   1   1   1   1   0   0   0   1   0   1   1   0
   0   0   1   1   1   1   1   1   1   1   1   1   1   1   1   1   1   1   1   1
   1   0   1   1   1   1   1   1   1   1   1   1   1   1   1   1   1   0   0   0
   0   0   0   0   1   1   1   1   1   1   1   1   1   1   1   1   1   1   0   0
   0   0   0   0   0   0   0   0   0   0   0   0   0   0   0   0   0   1   1   1
   1   1   1   1   1   1   1   1   1   1   1   1   1   1   1   1   1   1   1   1
   1   1   0   0   0   0   0   0   0   0   0   0   0   0   0   0   0   1   1   1
   1   1   1   1   1   1   1   1   1   1   1   1   1   0   1   1   1   1   1   1
   1   1   1   0   0   1   1   1   1   1   1   1   1   1   1   0   0   0   1   0
   0   1   1   1   1   1   1   1   1   1   1   1   1   1   1   1   0   0   0   1
   1   1   1   1   1   1   1   1   1   1   1   0   0   0   1   1   1   1   0   0
   1   1   1   1   1   1   1   1   1   1   1   1   1   0   1   1   1   1   1   1
   1   1   1   1   1   1   1   1   0   0   0   0   0   0   0   0   0   0   0   0
   1   0   1   1   1   1   1   1   1   1   1   1   1   1   1   1   1   1   1   1
   1   1   1   1   1   1   1   1   1   1   1   1   1   1   0   0   0   0   0   0
   0   0   0   0   1   1   1   1   1   1   1   1   0   1   1   0   0   1   1   1
   1   1   1   0   0   0   1   1   1   0   0   1   1   1   1   1   1   1   1   1
   1   1   1   0   0   1   1   1   1   1   1   1   1   0   0   0   0   0   1   1
   0   1   1   1   1   0   1   1   1   1   1   1   1   1   1   1   1   1   1   1
   1   1   1   1   1   1   1   1   1   1   0   0   1   1   1   1   1   1   1   1
   1   1   1   1   1   1   1   1   1   1   1   1   1   1   1   1   1   1   0   0
   0   0   0   0   0   0   0   0   0   0   1   1   1   1   1   1   1   1   1   1
   1   1   1   1   1   1   1   1   1   1   1   1   1   1   1   1   1   0   0   0
   0   0   0   1   1   1   1   1   1   1   1   1   1   1   1   1   0   1   1   0
   0   0   0   0   0   0   0   0   0   0   0   1   1   0   0   0   1   1   1   1
   1   1   1   1   1   1   1   1   1   1   1   1   1   1   1   1   1   1   1   1
   1   1   1   1   1   1   1   1   1   0   0   1   1   1   1   0   1   1   1   1
   1   1   1   1   1   1   1   1   0   0   0   0   1   1   0   1   1   1   0   0
   0   0   1   1   1   1   1   1   1   1   1   1   1   1   1   1   1   1   1   1
   1   1   1   1   0   1   1   1   0   0   1   1   1   1   1   0   1   1   1   1
   1   1   1   1   1   1   1   1   1   1   1   1   1   1   1   1   1   1   1   1
   0   1   1   1   1   1   1   1   1   1   1   1   0   0   0   0   1   1   0   1
   1   1   1   1   1   1   1   1   0   1   1   1   1   1   1   1   1   1   1   1
   1   1   1   1   0   0   0   0   0   0   1   1   1   1   0   0   0   0   0   0
   0   0   0   0   0   0   1   1   1   1   1   1   1   1   1   1   1   1   1   1
   1   1   1   1   0   1   1   1   1   1   1   1   0   0   0   0   1   1   0   1
   1   1   1   1   1   1   1   1   1   0   0   1   1   1   1   1   1   1   1   1
   1   1   1   1   1   1   1   1   1   1   1   1   1   1   1   1   1   1   1   1
   1   1   1   1   1   1   1   1   1   1   1   1   1   1   1   1   1   1   1   1
   0   0   1   1   1   1   1   0   0   1   0   0   1   1   1   1   1   1   1   1
   1   1   1   1   1   1   1   1   1   1   1   0   0   1   1   1   0   0   1   1
   0   0   0   0   0   0   0   0   0   0   0   0   1   1   1   1   1   1   1   1
   1   1   1   1   1   1   1   1   1   1   1   1   1   1   1   1   1   0   1   1
   1   0   0   0   1   1   1   1   1   1   1   1   1   1   1   1   1   0   0   0
   0   0   0   0   1   1   1   1   1   1   1   1   1   1   1   1   1   1   1   1
   1   1   1   1   1   1   1   1   1   1   1   1   1   1   1   1   1   1   1   1
   1   1   1   1   1   1   1   1   1   1   1   1   1   1   0   0   1   1   1   1
   1   1   1   1   1   1   1   1   1   1   1   1   1   1   1   1   1   1   1   1
   1   1   1   1   1   1   1   1   1   1   1   1   1   1   1   1   1   1   1   1
   1   1   1   1   1   1   1   1   1   1   1   1   1   1   1   1   1   1   1   1
   1   1   1   1   1   1   1   1   1   1   0   0   1   1   1   1   1   1   1   1
   1   1   1   1   1   1   1   1   0   0   0   1   1   1   1   1   1   1   1   1
   1   1   1   1   1   1   1   1   1   1   1   1   1   1   0   0   0   0   1   1
   1   1   1   1   1   1   1   1   1   1   1   1   1   1   1   1   1   1   1   1
   1   1   1   1   1   1   0   1   1   1   1   1   1   1   1   1   1   1   1   1
   1   1   1   0   0   0   0   0   0   0   0   1   1   1   1   1   1   1   1   1
   1   1   1   1   1   1   1   1   1   1   1   1   1   1   1   1   1   1   1   1
   1   1   0   1   0   1   0   0   1   0   1   1   1   1   1   1   1   1   1   1
   1   1   0   1   1   1   1   1   1   1   1   1   0   0   0   1   1   1   1   1
   1   1   1   1   1   1   1   1   1   1   1   1   1   1   1   1   1   1   1   0
   1   1   0   1   1   1   1   1   1   1   1   1   1   1   1   1   0   0   0   0
   0   1   1   1   1   1   1   1   1   1   1   1   0   1   0   0   0   0   0   1
   1   1   1   1   1   1   1   1   1   1   1   1   1   0   0   1   1   1   1   1
   1   1   1   1   1   1   1   1   1   1   1   1   1   1   1   1   1   1   1   1
   1   0   0   1   1   1   1   1   1   1   1   1   1   1   1   1   1   1   1   1
   1   1   1   1   1   1   1   1   1   1   1   1   1   1   1   1   1   1   1   1
   1   1   1   1   1   0   0   1   1   1   1   1   1   1   1   1   1   0   0   0
   0   0   0   0   0   0   0   0   0   0   0   1   1   1   1   1   1   1   1   1
   1   1   1   1   1   1   1   1   0   0   0   1   1   1   1   1   1   1   1   1
   1   1   1   1   1   1   1   1   1   1   1   1   0   0   0   1   0   0   1   1
   1   1   1   1   1   1   1   1   1   1   1   1   1   1   1   1   1   1   1   1
   1   1   1   1   1   1   1   1   1   1   1   1   1   1   1   1   1   1   1   1
   1   1   1   1   1   1   1   1   1   1   1   1   1   1   1   1   1   1   1   1
   1   1   1   1   1   1   1   1   1   1   1   1   1   1   1   1   1   1   1   1
   1   1   1   1   1   1   1   1   1   1   1   1   1   1   1   1   1   1   1   1
   1   1   1   1   1   1   1   1   1   1   1   1   1   1   1   1   1   1   1   1
   1   1   1   1   1   1   1   1   1   1   1   1   1   1   1   1   1   1   1   1
   1   1   1   1   1   1   1   1   1   1   1   1   1   1   1   1   1   1   1   1
   1   1   1   1   1   1   1   1   1   1   1   1   1   1   1   1   1   1   1   1
   1   1   1   1   1   1   1   1   1   1   1   1   1   1   1   1   1   1   1   1
   1   1   1   1   1   1   1   1   1   1   1   1   1   1   1   1   1   1   1   1
   1   1   1   1   1   1   1   1   1   1   1   1   1   1   1   1   1   1   1   1
   1   1   1   1   1   1   1   1   1   1   1   1   1   1   1   1   1   1   1   1
   1   1   1   1   1   1   1   1   1   1   1   1   1   1   1   1   1   1   1   1
   1   1   1   1   1   1   1   1   1   1   1   1   1   1   1   1   1   1   1   1
   1   1   1   1   1   1   1   1   1   1   1   1   1   1   1   1   1   1   1   1
   1   1   1   1   1   1   1   1   1   1   1   1   1   1   1   1   1   1   1   1
   1   1   1   1   1   1   1   1   1   1   1   1   1   1   1   1   1   1   1   1
   1   1   1   1   1   1   1   1   1   1   1   1   1   1   1   1   1   1   1   1
   1   1   1   1   1   1   1   1   1   1   1   1   1   1   1   1   1   1   1   1
   1   1   1   1   1   1   1   1   1   1   1   1   1   1   1   1   1   1   1   1
   1   1   1   1   1   1   1   1   1   1   1   1   1   1   1   1   1   1   1   1
   1   1   1   1   1   1   1   1   1   1   1   1   1   1   1   1   1   1   1   1
   1   1   1   1   1   1   1   1   1   1   1   1   1   1   1   1   1   1   1   1
   1   1   1   1   1   1   1   1   1   1   1   1   1   1   1   1   1   1   1   1
   1   1   1   1   1   1   1   1   1   1   1   1   1   1   1   0   0   1   1   1
   1   1   1   1   1   1   1   1   1   1   1   1   1   1   1   1   1   1   1   1
   1   1   1   1   1   1   1   1   1   1   1   1   1   1   1   1   0   1   1   1
   1   1   1   1   1   1   1   1   1   1   1   1   1   1   1   1   1   1   1   1
   1   1   1   1   1   1   1   1   1   1   1   1   1   1   1   1   1   0   1   0
   1   0   1   0   0   0   0   1   1   1   1   1   1   1   1   0   1   0   0   0
   0   0   1   0   0   0   0   0   0   0   0   0   0   0   0   0   0   0   0   0
   0   0   0   0   0   0   0   0   0   0   0   0   0   0   0   0   0   0   0   0
   0   0   0   0   0   0   0   0   0   0   0   0   0   0   0   0   0   0   0   0
   1   1   1   1   1   1   1   1   1   1   1   1   0   0   0   0   0   0   0   0
   1   1   1   1   1   1   1   1   1   1   1   1   1   1   1   1   1   1   1   1
   1   1   1   1   1   1   1   1   1   1   1   1   1   1   1   1   1   1   1   1
   1   1   1   1   1   1   1   1   1   1   1   1   1   1   1   1   1   1   1   1
   1   1   1   1   1   1   1   1   1   1   1   1   1   1   1   1   1   1   1   1
   1   1   1   1   1   1   1   1   1   1   1   1   1   1   1   1   1   1   1   1
   1   1   1   1   1   1   1   1   1   1   1   1   1   1   1   1   1   1   1   1
   1   1   1   1   1   1   1   1   1   1   1   1   1   1   1   1   1   1   1   1
   1   1   1   1   1   1   1   1   1   1   1   1   1   1   1   1   1   1   1   1
   1   1   1   1   1   1   1   1   1   1   1   1   1   1   1   1   1   1   1   1
   1   1   1   1   1   0   1   1   1   1   1   1   1   1   1   1   1   1   1   1
   1   1   1   1   0   0   0   0   0   0   0   0   0   0   0   0   0   0   0   0
   0   1   0   0   0   0   0   0   0   0   0   0   0   0   0   0   1   1   1   1
   1   1   1   1   1   1   1   1   1   1   1   1   1   1   1   1   1   1   1   1
   1   1   1   1   1   1   1   1   1   1   1   1   1   1   1   1   1   1   1   1
   1   0   0   0   1   1   1   1   1   1   1   1   1   1   1   1   1   1   1   1
   1   1   1   1   1   1   1   1   1   1   1   0   1   1   1   1   1   0   0   0
   0   0   0   0   0   0   0   0   0   0   0   0   0   0   0   0   0   0   0   0
   0   0   0   0   0   0   0   0   0   0   0   0   0   0   0   0   0   0   0   0
   0   0   0   0   0   0   0   0   0   0   0   0   0   0   0   0   0   0   0   0
   0   0   0   0   0   0   0   0   0   0   0   0   0   0   0   0   0   0   0   0
   0   0   0   0   0   0   0   0   0   0   0   0   0   0   0   0   0   0   0   1
   1   1   1   0   1   0   1   1   1   1   1   1   1   1   1   1   1   1   1   1
   1   1   1   1   1   1   1   1   1   1   1   1   0   1   1   1   1   1   1   1
   1   0   0   1   1   1   0   1   1   1   1   0   0   1   1   1   1   1   1   1
   1   1   1   1   1   1   1   1   1   1   1   1   1   1   1   1   1   1   1   1
   1   1   1   1   1   1   1   1   1   1   1   1   1   0   1   1   1   1   1   1
   0   0   1   1   1   1   1   1   1   1   1   1   1   0   1   1   1   1   0   0
   0   0   0   0   0   0   0   0   0   0   0   0   0   0   0   0   0   1   0   0
   0   1   1   1   1   1   1   1   1   1   1   1   1   0   1   1   1   1   0   0
   1   1   1   1   1   1   1   1   1   1   1   1   1   1   1   1   1   1   1   1
   1   1   1   1   1   1   0   0   1   1   0   0   1   1   1   1   1   1   0   0
   0   0   0   0   0   0   0   0   0   0   0   0   0   0   0   1   1   1   1   1
   1   1   1   1   1   1   1   1   1   1   1   1   1   1   1   1   1   1   1   0
   1   1   1   1   1   0   1   1   1   1   1   1   1   0   0   0   0   0   0   0
   0   0   0   0   0   0   0   0   0   1   1   1   0   0   1   1   0   0   1   0
   1   1   1   1   1   1   0   1   1   1   1   1   1   1   1   1   1   1   1   1
   1   1   1   1   1   1   1   1   1   1   1   1   1   1   1   1   1   1   1   1
   1   1   1   1   1   1   1   1   1   1   1   1   1   1   1   1   1   1   1   1
   1   1   1   1   1   1   0   1   1   1   1   0   1   1   1   1   1   1   1   1
   1   0   1   1   1   1   1   1   0   1   1   1   1   1   1   1   1   1   1   1
   1   1   1   1   1   1   1   1   1   1   1   1   1   1   1   1   1   1   0   1
   1   1   1   1   1   1   1   1   1   1   1   1   1   1   1   1   1   1   1   1
   1   1   1   1   1   1   1   1   1   1   1   1   1   1   1   1   1   1   1   1
   1   1   1   1   1   1   1   1   1   1   1   1   1   1   1   1   1   1   1   1
   1   1   1   1   1   1   1   1   1   1   1   1   1   1   1   1   1   1   1   1
   1   1   1   1   1   1   1   1   1   1   1   1   1   1   1   1   1   1   1   0
   0   0   0   0   0   0   0   0   0   0   0   0   0   0   0   0   0   0   0   0
   0   0   0   0   0   0   0   0   0   0   0   0   0   1   1   1   1   1   0   1
   1   1   1   1   0   0   0   0   0   0   0   0   0   0   0   0   0   0   0   1
   0   1   1   1   1   1   1   1   1   1   1   1   0   0   1   1   1   1   1   1
   1   1   1   1   1   1   1   1   0   0   0   0   0   0   0   0   0   1   1   1
   1   1   1   1   1   1   1   1   1   1   1   1   1   1   1   1   1   1   1   1
   1   1   1   1   1   1   1   1   1   0   0   0   0   0   0   0   0   0   0   0
   0   0   0   0   0   0   0   0   0   0   0   0   0   0   0   0   0   0   0   0
   0   0   0   0   0   0   0   0   0   0   0   0   0   0   0   0   0   0   0   0
   0   0   0   0   0   0   0   1   1   0   0   0   1   1   1   1   1   1   1   0
   0   1   1   1   1   1   1   1   1   1   1   1   1   1   1   1   1   1   1   1
   1   1   1   1   1   1   1   1   1   1   1   1   1   1   1   1   1   1   1   1
   1   1   1   1   1   1   1   1   1   1   0   0   1   1   1   1   1   1   1   1
   1   1   1   1   1   1   1   1   1   1   1   1   1   1   1   1   1   1   1   1
   1   1   1   1   1   1   1   1   1   1   1   1   1   1   1   1   1   0   0   0
   0   0   0   0   0   0   0   0   0   0   0   0   0   0   0   0   0   0   0   0
   0   0   0   0   0   0   0   0   0   0   0   0   1   1   0   1   1   1   1   1
   1   1   1   1   0   1   1   1   1   1   1   1   1   1   1   1   1   1   1   1
   1   1   1   1   1   1   1   1   1   1   1   1   1   1   1   1   1   1   1   1
   1   1   1   1   1   1   1   1   1   1   1   1   1   1   0   1   1   1   1   1
   1   0   0   0   0   1   1   1   0   0   0   0   0   0   0   0   0   0   1   0
   1   1   0   1   0   1   0   1   0   1   1   0   1   1   1   0   0   1   1   1
   1   1   1   1   1   1   1   0   0   0   0   0   0   0   1   0   1   1   1   1
   1   1   1   1   1   1   1   1   1   1   1   1   1   1   1   1   1   1   1   1
   1   1   1   1   1   1   1   1   1   1   1   1   1   1   1   1   1   1   1   1
   1   1   1   1   1   1   1   1   1   1   1   1   1   1   1   1   1   1   1   1
   1   1   1   0   1   1   1   1   0   1   1   0   1   1   1   1   1   1   1   0
   1   1   0   0   0   1   0   0   0   0   1   1   1   1   1   1   1   0   0   1
   1   0   1   1   1   0   0   0   0   0   0   0   0   1   1   0   0   1   1   1
   0   1   1   1   0   0   1   1   1   1   0   0   0   0   0   0   1   1   1   0
   0   1   1   0   0   0   0   0   0   0   0   0   0   0   0   0   0   0   0   0
   0   0   0   0   0   0   0   0   0   0   0   0   0   0   1   0   0   0   0   0
   0   0   0   0   0   0   0   0   0   0   0   0   0   0   0   0   0   0   0   1
   0   0   0   0   0   0   0   0   0   0   0   0   0   0   0   0   0   0   0   0
   0   0   0   0   0   0   0   0   0   0   0   0   0   0   0   0   0   0   0   0
   0   0   0   0   0   0   0   0   0   0   0   0   0   0   0   0   0   0   0   0
   0   0   0   0   0   0   0   0   0   0   0   0   0   0   0   0   0   0   0   0
   0   0   0   0   1   1   1   1   1   1   1   1   1   1   1   1   1   1   1   1
   1   1   1   1   1   1   1   1   1   1   1   1   1   1   1   1   1   1   1   1
   1   1   1   1   1   1   1   1   1   1   1   1   1   1   1   1   1   1   1   1
   1   1   1   1   1   1   1   1   1   1   1   1   1   1   1   1   1   1   1   1
   1   1   1   1   0   0   1   0   0   1   1   1   1   1   1   1   1   1   1   1
   1   1   1   1   1   1   1   1   1   1   1   1   1   1   1   1   1   1   1   1
   1   1   1   1   1   1   1   1   1   1   1   0   1   1   1   1   1   1   1   1
   0   0   1   1   1   1   1   1   0   0   1   1   1   1   1   1   1   1   1   1
   1   1   1   0   1   0   0   0   0   0   0   0   0   0   0   0   0   0   0   0
   0   0   0   0   0   0   0   0   0   0   0   0   0   0   0   0   0   0   0   0
   0   0   1   0   1   1   1   1   0   0   0   1   1   1   1   1   1   1   0   0
   0   1   1   1   1   1   1   1   1   1   1   1   1   1   1   1   0   1   1   1
   1   1   1   1   1   1   1   1   1   1   1   1   1   1   1   1   1   1   1   1
   1   1   1   1   1   1   1   1   1   1   1   1   1   1   1   1   1   1   1   1
   1   1   1   1   1   1   1   1   1   1   1   1   1   1   1   1   1   1   1   1
   1   1   1   1   1   1   1   1   1   1   1   1   1   1   1   1   1   1   1   1
   1   1   1   1   1   1   1   1   1   1   1   1   1   1   1   1   1   1   1   1
   1   1   1   1   1   1   1   1   1   1   1   1   1   1   1   1   1   1   1   1
   1   1   1   1   1   1   1   1   1   0   0   0   1   1   1   1   0   0   1   1
   1   1   1   1   0   0   0   0   0   0   0   0   0   0   0   0   0   0   0   1
   1   0   1   0   1   1   1   1   1   0   0   0   0   0   0   0   0   1   1   1
   1   1   1   0   0   0   0   1   1   1   1   1   1   1   1   1   1   1   1   1
   1   1   1   1   1   1   1   1   1   1   1   1   1   1   1   1   1   1   1   1
   1   1   1   1   1   1   1   1   1   1   1   1   1   1   1   1   1   1   1   1
   1   1   1   1   1   1   1   1   1   1   1   1   1   1   1   1   1   1   1   1
   1   1   1   1   1   1   1   1   1   1   1   1   1   1   1   1   1   1   1   1
   1   1   1   1   1   1   1   1   1   1   1   1   1   1   1   1   1   1   1   1
   1   1   1   1   1   1   1   1   1   1   1   1   1   1   1   1   1   1   1   1
   1   1   1   1   1   1   1   1   1   1   1   1   1   1   1   1   1   1   1   1
   1   1   1   1   1   1   1   1   1   1   1   1   1   1   1   1   1   1   1   1
   1   1   1   1   1   1   1   1   1   1   1   1   1   1   1   1   1   1   1   1
   1   1   1   1   1   1   1   1   1   1   1   1   1   1   1   1   1   1   1   1
   1   1   1   0   0   1   1   1   1   1   1   1   1   1   1   1   1   0   0   0
   1   1   1   1   1   1   1   1   1   1   1   1   1   1   1   1   1   1   1   1
   1   1   1   1   1   1   1   1   1   1   1   1   1   1   1   1   1   1   1   1
   1   1   1   1   1   1   1   1   1   1   1   1   1   0   1   0   0   0   0   0
   0   1   1   1   1   1   0   1   1   1   1   1   1   1   1   1   0   0   0   0
   0   1   0   1   0   0   0   0   1   1   1   1   0   1   1   1   1   1   1   1
   1   1   1   1   1   1   1   0   0   1   1   1   1   1   1   1   1   1   1   1
   1   1   1   1   0   0   0   0   0   0   0   0   1   0   1   1   0   0   0   0
   0   0   0   1   1   0   0   0   0   0   0   0   0   1   1   1   0   1   1   1
   1   1   1   1   1   0   0   0   0   0   0   0   0   0   0   0   0   0   0   0
   0   0   0   0   0   0   0   0   0   0   0   0   0   0   0   0   0   0   0   0
   0   0   0   1   1   1   1   1   1   1   1   1   1   1   1   1   1   1   1   1
   1   1   1   1   1   1   1   1   1   1   1   1   1   1   1   1   1   1   1   1
   1   1   1   1   1   1   1   1   1   1   1   1   1   1   1   1   1   1   1   1
   1   1   1   1   1   1   1   1   1   1   1   1   1   1   1   1   1   1   1   1
   1   1   1   1   1   1   1   1   1   1   1   1   1   1   1   1   1   1   1   1
   1   1   1   1   1   1   1   1   1   1   1   1   1   1   1   1   1   1   1   1
   1   1   0   1   1   1   1   1   1   1   1   1   1   0   1   1   1   1   1   1
   1   1   1   1   1   1   1   1   1   1   1   1   1   0   0   0   0   0   0   0
   0   0   0   0   1   1   1   0   0   0   0   0   0   0   0   0   0   0   0   0
   1   1   1   1   1   0   1   0   0   0   0   0   0   0   0   0   0   0   0   0
   0   0   0   0   0   0   0   0   0   0   0   0   0   0   0   0   0   0   0   0
   0   0   0   0   0   0   0   0   0   0   0   0   0   0   0   0   0   0   0   0
   1   1   1   1   1   1   1   1   1   1   1   1   1   1   1   1   1   1   1   1
   1   1   1   1   1   1   1   1   1   1   1   0   1   1   1   1   1   1   1   1
   1   1   1   1   1   1   1   1   1   1   1   1   1   1   1   1   1   1   1   1
   1   1   1   1   1   1   1   1   1   1   1   0   1   0   0   0   0   0   0   0
   0   0   0   0   0   0   0   0   0   0   0   0   0   0   0   0   1   1   1   0
   0   0   0   0   0   0   1   1   1   1   1   1   1   1   1   1   1   1   1   1
   1   1   1   1   1   1   1   1   1   1   0   0   0   1   1   1   1   1   1   1
   1   1   1   1   1   1   1   1   1   1   1   1   1   1   1   1   1   1   1   1
   1   1   1   1   1   1   1   1   1   1   1   1   1   1   1   1   1   1   1   1
   1   1   1   1   1   1   1   0   0   1   1   1   1   1   1   1   1   1   1   1
   0   1   0   1   0   0   0   0   0   0   0   0   0   0   0   0   0   0   0   0
   0   0   0   0   0   0   0   0   0   1   1   1   1   0   0   0   0   0   0   0
   0   0   0   0   0   0   0   0   0   0   0   0   0   0   0   0   0   0   0   0
   0   0   0   0   0   0   0   0   0   0   0   0   0   0   0   0   0   0   0   0
   0   0   0   0   0   0   0   0   0   0   0   0   0   0   0   0   0   0   0   0
   0   0   0   0   0   0   0   0   0   0   0   0   0   0   0   0   0   0   0   0
   0   0   0   0   0   0   0   0   0   0   0   0   0   0   0   0   0   0   0   0
   0   0   0   0   0   0   0   0   0   0   0   0   0   0   0   0   0   0   0   0
   0   0   0   0   0   0   0   0   0   0   0   0   0   0   0   0   0   0   0   0
   0   0   0   0   0   0   0   0   0   0   0   0   0   0   0   0   0   0   0   0
   0   0   0   0   0   0   0   0   0   0   0   0   0   0   0   0   0   0   0   0
   0   0   0   0   0   0   0   0   0   0   0   0   0   0   0   0   0   0   0   0
   0   0   0   0   1   0   0   0   0   0   0   0   1   0   0   0   0   0   0   1
   0   0   1   0   0   0   0   0   0   0   0   0   0   1   0   1   1   1   1   1
   1   1   1   1   1   1   1   1   1   1   0   1   1   1   1   1   1   1   0   1
   0   1   0   0   1   1   1   0   0   0   1   1   0   0   0   0   0   0   0   0
   0   0   0   0   0   0   0   0   0   0   1   0   0   0   0   0   1   0   0   0
   1   1   1   1   1   1   1   1   0   1   1   1   1   1   1   1   1   1   1   1
   1   1   0   0   0   0   0   1   1   0   1   1   0   1   1   1   1   1   0   1
   0   0   0   0   0   0   1   1   0   1   1   1   1   1   1   1   1   1   1   1
   1   1   1   1   1   0   0   0   0   0   0   0   1   1   1   0   1   1   1   0
   0   0   0   0   1   1   1   1   0   1   1   1   1   1   1   0   0   1   1   1
   1   1   1   1   1   1   1   1   1   1   1   1   1   1   1   1   0   0   0   0
   0   0   0   0   0   1   1   1   1   0   0   0   0   0   1   1   1   1   1   1
   1   1   1   1   1   0   0   0   0   0   0   0   0   0   0   0   1   1   1   1
   1   0   0   0   0   1   1   1   1   1   1   1   1   1   1   1   1   0   1   1
   1   1   1   1   1   1   1   1   1   0   0   0   0   0   1   1   1   1   0   0
   1   1   1   1   1   0   1   1   1   1   1   1   0   1   1   0   0   0   0   0
   1   1   0   1   1   1   1   1   1   0   0   0   1   1   1   1   1   0   0   1
   1   1   1   1   0   0   0   0   0   0   0   0   0   0   0   0   1   1   1   1
   1   1   1   1   1   1   1   1   1   1   1   1   1   1   1   1   1   1   1   0
   1   1   0   0   0   1   1   1   1   1   1   0   0   1   1   1   0   0   0   1
   1   1   1   0   1   1   0   1   1   1   1   0   0   0   0   0   0   1   1   1
   1   1   1   1   0   1   1   1   1   1   1   1   1   1   0   1   1   0   1   1
   0   1   1   1   1   1   1   0   0   1   0   0   0   0   0   0   0   1   1   1
   1   1   1   1   1   1   1   1   1   1   1   1   1   1   1   1   1   1   1   1
   0   1   1   1   1   1   1   0   1   1   1   1   0   1   0   1   1   1   1   1
   1   1   1   1   1   1   1   1   1   1   1   1   1   1   1   1   1   0   1   1
   1   1   1   1   1   0   0   1   1   1   1   1   1   1   0   1   1   1   1   1
   1   1   1   1   1   1   1   1   1   1   1   1   1   1   1   1   1   1   1   1
   1   1   1   1   1   1   1   1   1   1   1   1   1   1   1   1   1   0   0   0
   1   1   1   0   1   1   1   1   1   1   1   1   1   1   1   1   1   1   1   1
   1   1   1   1   1   1   1   1   1   1   1   1   1   1   1   1   1   1   1   1
   1   1   1   1   1   1   1   1   1   1   1   1   1   1   1   1   1   1   1   1
   1   1   1   1   1   1   1   1   1   1   1   1   1   1   1   1   1   1   1   1
   1   1   1   1   1   1   1   1   1   1   1   1   1   1   1   1   1   1   1   1
   1   1   1   1   1   1   1   1   1   1   1   1   1   1   1   1   1   1   1   1
   1   1   1   1   1   1   1   1   1   1   1   1   1   1   1   1   1   1   1   1
   1   1   1   1   1   1   1   1   1   1   1   1   1   1   1   1   1   1   1   1
   1   1   1   1   1   1   1   1   1   1   1   1   1   1   1   1   1   1   1   1
   1   1   1   1   1   1   1   1   1   1   1   1   1   1   1   1   1   1   1   1
   1   1   1   1   1   1   1   1   1   1   1   1   1   1   1   1   1   1   1   1
   1   1   1   1   1   1   1   1   1   1   1   1   1   1   1   1   1   1   1   1
   1   1   1   1   1   1   1   1   1   1   1   1   1   1   1   1   1   1   1   1
   1   1   1   1   1   1   1   1   1   1   1   1   1   1   1   1   1   1   1   1
   1   1   1   1   1   1   1   1   1   1   1   1   1   1   1   1   1   1   1   1
   1   1   1   1   1   1   1   1   1   1   1   1   1   1   1   1   1   1   1   1
   1   1   1   1   1   1   1   1   1   1   1   1   1   1   1   1   1   1   1   1
   1   1   1   1   1   1   1   1   1   1   1   1   1   1   1   1   1   1   1   1
   1   1   1   1   1   1   1   1   1   1   1   1   1   1   1   1   1   1   1   1
   1   1   1   1   1   1   1   1   1   1   1   1   1   1   1   1   1   1   1   1
   1   1   1   1   1   1   1   1   1   1   1   0   0   0   0   0   0   0   0   1
   1   1   1   1   1   1   1   1   1   1   1   1   1   1   1   1   1   1   1   1
   1   1   1   1   1   1   1   1   1   1   1   1   1   1   1   1   1   1   1   1
   1   1   1   1   1   1   1   1   1   1   1   1   1   1   1   1   1   1   1   1
   1   1   1   1   1   1   1   1   1   1   1   1   1   1   1   1   1   1   1   1
   1   1   1   1   1   1   1   1   1   1   1   1   1   1   1   1   1   1   1   1
   1   1   1   1   1   1   1   1   1   1   1   1   1   1   1   1   1   1   1   1
   1   1   1   1   1   1   1   1   1   1   1   1   1   1   1   1   1   1   1   1
   1   1   1   1   1   1   1   1   1   1   1   1   1   1   1   1   1   1   1   1
   1   1   1   1   1   1   1   1   1   1   1   1   1   1   1   1   1   1   1   1
   1   1   1   1   1   1   1   1   1   1   1   1   1   1   1   1   1   1   1   1
   1   1   1   1   1   1   1   1   1   1   1   1   1   1   1   1   1   1   1   1
   1   1   1   1   1   1   1   1   1   1   1   1   1   1   1   1   1   1   1   1
   1   1   1   1   1   0   0   0   0   0   0   0   0   0   0   0   0   0   0   0
   0   0   0   0   0   0   0   0   0   0   0   0   0   0   0   0   0   0   0   0
   0   0   0   0   0   0   0   0   0   0   0   0   0   0   0   0   0   0   0   0
   0   0   0   0   1   1   1   1   1   1   1   1   1   1   1   1   1   1   1   1
   1   1   1   1   1   1   1   1   1   1   1   1   1   1   1   1   1   1   1   1
   1   1   1   1   1   1   1   1   1   1   1   1   1   1   1   1   1   1   1   1
   1   1   0   0   0   0   0   0   0   0   0   0   0   0   0   0   0   0   0   0
   0   0   0   0   0   0   0   0   0   0   0   0   0   0   0   0   0   0   0   0
   0   0   0   0   0   0   1   1   1   1   1   1   1   1   1   1   1   1   1   1
   1   1   1   1   1   1   1   1   1   1   1   1   1   1   1   1   1   1   1   1
   1   1   1   0   0   0   1   1   1   0   0   0   0   0   0   0   0   0   0   0
   0   0   0   0   0   0   0   0   0   0   1   1   1   1   1   1   1   1   1   1
   1   1   1   1   1   0   0   0   1   1   1   1   1   1   1   1   1   1   1   1
   1   1   1   1   1   1   1   1   1   0   0   0   0   0   0   0   0   0   0   0
   0   0   0   0   0   0   1   1   1   1   1   1   1   1   0   1   0   0   0   1
   1   1   1   1   1   1   1   1   1   1   1   1   1   1   1   1   1   1   1   1
   1   1   1   1   1   1   1   1   1   1   1   1   1   1   1   1   1   1   1   1
   1   1   1   1   1   1   1   1   1   1   1   1   1   1   1   0   0   0   0   0
   1   1   1   1   1   1   1   1   1   1   1   1   1   1   1   0   0   0   0   0
   0   0   0   0   0   0   0   0   0   0   0   0   0   0   0   0   0   0   0   0
   0   0   0   1   1   1   0   0   0   0   0   0   0   0   0   0   0   0   0   0
   0   0   0   0   0   0   0   0   1   0   1   1   1   0   0   0   1   1   1   1
   1   1   1   0   0   1   0   0   0   0   0   0   0   1   1   1   0   0   0   0
   0   0   0   0   0   0   0   0   1   0   0   1   0   1   1   1   1   1   1   1
   1   1   1   1   0   0   1   1   1   1   0   0   0   1   1   1   1   1   1   0
   0   0   1   1   1   0   0   0   0   0   0   0   0   0   0   0   0   0   0   0
   0   0   0   0   0   0   0   0   0   0   0   0   0   0   0   0   0   0   0   0
   0   0   0   0   0   1   1   1   1   1   1   1   1   1   1   1   1   1   1   1
   1   1   1   1   1   1   1   1   1   1   1   1   1   1   1   1   1   1   1   1
   1   1   1   1   1   1   1   1   1   1   1   1   1   1   1   1   1   1   1   1
   1   1   1   1   1   1   1   1   1   1   1   1   1   1   1   1   1   1   1   1
   1   1   1   1   1   1   1   1   1   1   1   1   1   1   1   1   1   1   1   1
   1   1   1   1   1   1   1   1   1   1   1   1   1   1   1   1   1   1   1   1
   1   1   1   1   1   1   1   1   1   1   1   1   1   1   1   1   1   1   1   1
   1   1   1   1   1   1   1   1   1   1   1   1   1   1   1   1   1   1   1   1
   1   1   1   1   1   1   1   1   1   1   1   1   1   1   1   1   1   1   1   1
   1   1   1   1   1   1   1   1   1   1   1   1   1   1   1   1   1   1   1   0
   1   1   0   0   0   0   1   1   0   1   0   0   0   0   0   0   0   0   0   0
   0   0   0   1   1   1   1   1   1   1   1   1   1   1   1   1   1   1   1   1
   1   0   0   0   0   0   0   1   1   0   1   1   1   1   1   1   1   1   1   1
   1   1   1   1   1   1   1   1   1   1   0   1   1   0   1   1   1   1   1   1
   1   1   1   1   1   1   1   0   1   0   0   0   0   0   1   0   0   0   0   0
   0   0   0   0   0   0   0   0   0   0   1   0   0   1   0   0   1   1   0   0
   0   1   0   0   0   0   0   0   0   0   0   0   0   0   0   0   0   0   0   0
   0   0   0   0   0   0   0   0   0   0   0   0   0   0   0   0   0   0   0   0
   0   0   0   0   0   0   0   0   0   0   0   0   0   0   0   0   0   0   0   0
   0   0   0   0   0   0   0   0   0   0   0   0   0   0   0   0   0   0   0   0
   0   0   0   0   0   0   0   0   0   0   0   0   0   0   0   0   0   0   0   0
   0   0   0   0   0   0   0   0   0   0   0   0   0   0   0   0   0   0   0   0
   0   0   1   1   1   1   1   1   1   1   1   1   1   1   1   1   1   1   1   1
   1   0   0   1   0   1   1   1   0   0   0   1   1   0   1   0   0   0   0   0
   0   0   0   0   0   1   0   0   0   1   1   0   0   0   1   1   1   1   1   1
   1   1   1   1   1   1   1   1   1   1   1   1   1   1   1   1   1   1   1   1
   1   1   1   1   1   1   1   1   1   1   1   1   1   1   1   1   1   1   1   1
   1   1   1   1   1   1   1   1   1   1   1   1   1   1   1   1   1   1   1   1
   1   1   1   1   1   1   1   1   1   1   1   1   1   1   1   1   1   1   1   1
   1   1   1   1   1   1   1   1   1   1   1   1   1   1   1   1   1   1   1   1
   1   1   1   1   1   1   1   1   1   1   1   1   1   1   1   1   1   1   1   1
   1   1   1   1   1   1   1   1   1   1   1   1   1   1   1   1   1   1   1   1
   1   1   1   1   1   1   1   1   1   1   1   1   1   1   1   1   1   1   1   1
   1   1   1   1   1   1   1   1   1   1   1   1   1   1   1   1   1   1   1   1
   1   1   1   1   1   1   1   1   1   1   1   1   1   1   1   1   1   1   1   1
   0   0   0   0   0   0   0   0   0   0   0   0   0   0   0   0   0   0   0   0
   1   1   1   1   1   1   1   1   1   1   1   1   1   1   1   1   1   1   1   1
   1   1   1   1   1   1   1   1   1   1   1   1   1   1   1   1   1   1   1   1
   1   1   1   1   1   1   1   1   1   1   1   1   1   1   1   1   1   1   1   1
   1   1   1   1   1   1   1   1   1   1   1   1   1   1   1   1   1   1   1   1
   1   1   1   1   1   1   1   1   1   1   1   1   1   1   1   1   1   1   1   1
   1   1   1   1   1   1   1   1   1   1   1   1   1   1   1   1   1   1   1   1
   1   1   1   1   1   1   1   1   1   1   1   1   1   1   1   1   1   1   1   1
   1   1   1   1   1   1   1   1   1   1   1   1   1   1   1   1   1   1   1   1
   1   1   1   1   1   1   1   1   1   1   1   1   1   1   1   1   1   1   1   1
   1   1   1   1   1   1   1   1   1   1   1   1   1   1   1   1   1   1   1   1
   1   1   1   1   1   1   1   1   1   1   1   1   1   1   1   1   1   1   1   1
   1   1   1   1   1   1   1   1   1   1   1   0   0   0   0   0   0   0   0   0
   1   1   1   1   1   1   1   1   1   1   1   1   1   1   1   1   1   1   1   1
   1   1   1   1   1   1   1   1   1   1   1   1   1   1   1   1   1   1   1   1
   1   1   1   1   1   1   1   1   1   1   1   1   1   1   1   1   1   1   1   1
   1   1   1   1   1   1   1   1   1   1   1   1   1   1   1   1   1   1   1   1
   1   1   1   1   1   1   1   1   1   1   1   1   1   1   1   1   1   1   1   1
   1   1   1   1   1   1   1   1   1   1   1   1   1   1   1   1   1   1   1   1
   1   1   1   1   1   1   1   1   1   1   1   1   1   1   1   1   1   1   1   1
   1   1   1   1   1   1   1   1   1   1   1   1   1   1   1   1   1   1   1   1
   1   1   1   1   1   1   1   1   1   1   1   1   0   0   0   0   0   0   0   0
   0   0   0   0   1   1   1   1   1   1   1   1   1   0   0   0   1   1   0   0
   1   1   0   0   0   0   0   0   0   0   0   0   0   0   0   0   0   0   0   0
   0   0   0   0   0   0   0   0   0   0   0   0   0   0   0   0   0   0   0   0
   0   0   0   0   0   0   0   0   1   1   1   1   1   1   1   1   1   1   1   1
   1   1   1   1   1   1   1   1   1   1   1   1   1   0   0   0   0   0   0   0
   0   0   0   0   0   0   0   0   0   0   0   0   0   0   0   0   0   0   0   0
   0   0   0   0   0   0   0   0   0   0   0   0   0   0   0   0   0   0   0   0
   0   0   1   1   1   1   1   1   1   1   1   1   1   1   1   1   0   0   0   0
   0   0   1   0   1   1   1   1   1   1   1   1   1   1   1   1   1   0   1   0
   1   0   1   1   0   1   1   1   0   0   0   0   0   0   0   0   0   0   0   0
   0   0   0   0   0   0   0   0   0   0   0   0   0   0   0   0   0   0   0   0
   0   0   0   0   0   0   0   0   0   0   0   0   0   0   0   0   0   0   0   0
   0   0   0   0   1   1   1   1   0   1   0   0   1   1   1   1   0   0   0   0
   0   1   1   1   1   1   1   1   1   1   1   0   0   0   1   1   1   1   0   1
   1   1   1   1   1   1   1   1   1   1   1   0   1   1   0   0   0   0   1   0
   1   1   1   1   1   1   1   1   1   1   0   1   0   0   0   0   1   0   0   1
   1   1   1   1   1   1   1   0   1   1   1   1   1   1   1   1   0   0   0   0
   0   0   0   0   1   0   0   1   1   1   1   1   1   1   1   1   1   1   1   1
   1   1   1   1   1   1   1   1   1   1   1   1   1   1   1   1   1   1   1   1
   1   1   1   1   1   1   1   1   1   1   1   1   1   1   1   1   1   1   1   1
   1   1   1   1   1   1   1   1   1   0   0   0   0   0   0   0   1   1   1   1
   1   1   1   1   1   1   1   1   1   1   1   1   1   1   1   1   1   1   1   1
   1   1   1   1   1   1   1   1   1   1   1   1   1   1   1   1   1   1   1   1
   1   1   1   1   1   1   1   1   1   1   1   1   1   1   1   1   1   1   1   1
   1   1   1   1   1   1   1   1   1   1   1   1   1   1   1   1   1   1   1   1
   1   1   1   1   1   1   1   1   1   1   1   1   1   1   1   1   1   1   1   1
   1   1   1   1   1   1   1   1   1   1   1   1   1   1   1   1   1   1   1   1
   1   1   1   1   1   1   1   1   1   1   1   1   1   1   1   1   1   1   1   1
   1   1   1   1   1   1   1   1   1   1   1   1   1   1   1   1   1   1   1   1
   1   1   1   1   1   1   1   1   1   1   1   1   1   1   1   1   1   0   1   1
   1   1   1   1   1   1   1   1   1   1   1   1   1   1   1   1   1   1   1   1
   1   1   1   1   1   1   1   1   1   1   1   1   1   1   1   1   1   1   1   1
   1   1   1   1   1   1   1   1   1   1   1   1   1   1   1   1   1   1   1   1
   1   1   1   1   1   1   1   1   1   1   1   1   1   1   1   1   1   1   1   1
   1   1   1   1   1   1   1   1   1   1   1   1   1   1   1   1   0   0   0   0
   0   0   0   1   0   0   0   0   0   0   0   0   0   0   0   0   1   1   0   0
   1   1   1   1   1   1   1   1   1   1   1   1   0   1   1   1   1   1   1   1
   1   1   0   1   1   0   1   1   1   1   0   0   0   1   1   1   1   1   1   1
   1   1   1   1   0   1   0   0   0   0   0   0   0   0   0   0   0   0   0   0
   0   0   0   0   0   0   0   0   0   0   0   1   1   1   1   1   1   1   1   1
   1   1   1   1   1   1   1   1   1   1   1   1   1   1   1   1   1   1   1   1
   1   1   1   1   1   1   1   1   1   1   1   1   1   1   1   1   1   1   1   1
   1   1   1   1   1   1   1   1   1   1   1   1   1   1   1   1   1   1   1   1
   1   1   1   1   1   1   1   1   1   1   1   1   1   1   1   1   1   1   1   1
   1   1   1   1   1   1   1   1   1   1   1   1   1   1   1   1   1   1   1   1
   1   1   1   1   1   1   1   1   1   1   1   1   1   1   1   1   1   1   1   1
   1   1   1   1   1   1   1   1   1   1   1   1   1   1   1   1   1   1   1   1
   1   1   1   0   0   0   0   0   0   0   0   1   1   1   1   0   0   1   1   1
   1   1   1   0   0   0   1   1   1   1   1   1   1   1   1   1   1   1   1   1
   1   1   1   1   1   1   1   1   1   1   1   1   1   1   1   1   1   1   1   1
   1   1   1   1   1   1   1   1   1   1   1   1   1   1   1   1   1   1   1   1
   1   1   1   1   1   1   1   1   1   1   1   1   1   1   1   1   0   0   0   1
   0   0   0   0   1   0   1   0   1   1   1   1   1   1   1   1   1   1   1   1
   1   1   1   0   1   0   1   1   1   1   1   1   1   0   0   0   0   0   0   0
   1   0   0   0   0   0   1   0   0   0   0   0   0   0   0   0   0   0   0   0
   0   0   1   1   1   1   1   1   1   1   1   1   1   1   1   1   1   1   1   1
   1   1   1   1   1   1   1   1   1   1   1   1   1   1   1   1   1   1   1   1
   1   1   1   1   1   1   1   1   1   1   1   1   1   0   0   0   0   0   0   1
   1   0   0   0   1   1   1   1   1   1   1   1   1   1   1   1   1   1   1   1
   1   1   1   1   1   1   0   1   1   1   1   1   0   0   0   0   0   1   0   1
   1   1   0   0   0   1   1   1   1   1   1   1   1   1   1   1   1   1   1   1
   0   1   1   1   1   0   1   1   1   1   1   1   1   1   1   0   0   1   1   1
   1   1   1   1   0   0   0   0   0   0   0   0   0   0   0   0   0   0   0   0
   0   0   0   0   0   0   0   0   0   0   0   0   1   1   0   0   0   1   1   1
   1   1   1   1   1   1   1   1   1   1   1   1   1   1   1   1   1   1   1   1
   1   1   1   1   1   1   1   1   1   1   1   1   1   1   1   0   1   1   1   1
   1   1   1   1   1   1   1   1   1   1   1   1   1   1   1   1   1   1   1   1
   1   1   1   1   1   1   0   0   0   0   0   0   0   0   0   0   0   0   0   0
   0   1   1   1   1   1   1   1   1   1   1   1   1   1   1   1   1   1   1   1
   1   1   1   1   1   1   1   1   1   1   1   1   1   1   1   1   1   1   1   1
   1   1   1   1   1   1   1   1   1   1   1   1   1   1   1   1   1   1   1   1
   1   1   1   1   1   1   1   1   1   1   1   1   1   1   1   1   1   1   1   1
   1   1   1   1   1   1   1   1   1   1   1   1   1   1   1   1   1   1   1   1
   1   1   1   1   1   1   1   1   1   1   1   1   1   1   1   1   1   1   1   1
   1   1   1   1   1   1   1   1   1   1   1   1   1   1   1   1   1   1   1   1
   1   1   1   1   1   1   1   1   1   1   1   1   1   1   1   1   1   1   1   1
   1   1   1   1   1   1   1   1   1   1   1   1   1   1   1   1   1   1   1   1
   1   1   1   1   1   1   1   1   1   1   1   1   1   1   1   1   1   1   1   1
   1   1   1   1   1   1   1   1   1   1   1   1   1   1   1   1   1   1   1   1
   1   1   1   1   1   1   1   1   1   1   1   1   1   1   1   1   1   1   1   1
   1   1   1   1   1   1   1   1   1   1   1   1   1   1   1   1   1   1   1   1
   1   1   1   1   1   1   1   1   1   1   1   1   1   1   1   1   1   1   1   1
   1   1   1   1   1   1   1   1   1   1   1   1   1   1   1   1   1   1   1   1
   1   1   1   1   1   1   0   1   1   1   1   1   1   1   1   1   0   0   0   0
   0   0   0   0   1   1   1   1   1   1   1   1   1   1   1   1   1   1   0   0
   0   0   0   0   0   0   0   0   0   0   0   0   0   0   0   0   0   0   0   0
   0   0   0   0   0   0   0   0   1   0   0   1   1   1   1   1   1   1   1   1
   1   1   1   1   1   1   1   1   0   0   0   1   1   1   1   1   1   1   1   1
   1   1   0   1   1   1   1   1   1   0   0   0   0   0   0   0   0   0   0   0
   0   0   0   0   0   0   0   0   0   1   0   0   0   0   0   0   0   1   0   0
   1   0   0   0   1   0   0   0   0   0   0   0   0   1   0   0   0   1   1   0
   0   1   1   1   1   0   0   0   1   0   0   0   0   1   1   0   1   1   0   0
   0   0   0   0   0   0   0   0   0   0   0   0   0   0   0   0   0   0   0   0
   0   0   0   1   1   1   1   1   1   1   0   0   1   1   1   1   1   1   1   1
   1   0   0   0   0   0   1   0   0   1   0   0   0   0   0   0   1   0   0   0
   0   0   0   1   1   1   0   0   0   1   0   1   1   0   1   1   0   0   0   0
   0   0   0   0   0   1   0   1   1   1   1   0   0   1   1   1   1   1   1   1
   1   1   1   0   1   1   1   1   0   1   1   1   1   0   0   0   0   0   0   0
   1   1   1   1   1   1   0   0   0   0   0   0   0   0   0   0   0   0   0   0
   0   0   0   0   0   0   0   0   0   0   0   0   0   0   0   0   0   0   0   0
   0   0   0   0   0   0   0   0   0   1   1   1   1   1   1   1   1   1   1   1
   1   1   1   1   1   1   1   1   0   1   1   1   1   1   1   1   1   1   1   1
   1   1   1   1   1   1   1   1   1   1   1   1   1   1   1   1   1   1   1   1
   1   1   1   1   1   1   1   1   1   1   1   1   1   1   1   1   1   1   1   1
   1   1   1   1   1   1   1   1   1   1   1   1   1   1   1   1   1   1   1   1
   1   1   1   1   1   1   1   1   1   1   1   1   1   1   1   1   1   1   1   1
   1   1   1   1   1   1   1   1   1   1   1   1   1   1   1   1   1   1   1   1
   1   1   1   1   1   1   1   1   1   1   1   1   1   1   1   1   1   1   1   1
   1   1   1   0   0   0   0   0   1   0   1   1   0   0   0   0   0   0   1   1
   1   1   1   1   1   1   1   1   1   1   1   1   1   1   1   1   1   1   1   1
   1   1   1   1   1   1   1   1   1   1   1   0   0   0   0   0   0   0   0   0
   0   0   1   1   1   1   1   1   1   1   1   1   1   1   1   1   1   1   1   0
   0   1   0   0   1   1   0   1   0   0   0   1   1   0   1   1   1   1   1   1
   1   1   1   1   1   1   1   0   0   0   0   0   1   1   1   1   1   1   1   0
   1   1   1   1   1   1   1   0   1   1   1   1   0   0   0   0   0   0   0   1
   1   1   1   1   1   1   1   1   1   1   1   1   1   1   1   1   1   1   1   1
   0   0   0   0   0   1   1   1   1   1   1   1   1   1   1   1   1   1   1   1
   1   1   1   1   1   1   1   1   1   1   1   1   1   1   1   1   1   1   1   1
   1   1   1   1   1   1   1   1   1   1   1   1   1   1   1   1   1   1   1   1
   1   1   1   1   1   1   1   1   1   1   1   1   1   1   1   1   1   1   1   1
   1   1   1   1   0   0   1   1   1   1   1   1   1   1   1   1   1   1   1   1
   1   1   1   1   1   1   1   1   1   1   0   0   0   0   0   0   0   0   0   0
   0   0   0   0   0   0   0   0   0   0   0   0   0   0   0   0   0   0   0   0
   0   0   0   0   0   0   0   0   0   0   0   0   0   0   0   0   0   0   0   0
   0   0   0   0   0   0   0   0   0   0   0   0   0   0   0   0   0   0   0   0
   0   0   0   0   0   0   0   0   0   0   0   0   0   0   0   0   0   0   0   0
   0   0   0   0   0   0   0   0   0   0   0   0   0   0   0   0   0   0   0   0
   0   0   0   0   1   1   1   1   1   0   1   1   0   0   1   1   1   1   1   0
   0   0   0   0   0   0   0   0   0   0   1   1   1   1   1   1   1   1   1   1
   1   1   1   1   1   1   0   1   1   1   1   1   1   1   1   1   1   1   1   1
   1   0   0   1   1   1   1   1   1   1   1   1   1   1   1   1   1   1   1   1
   1   1   1   1   1   1   1   1   1   1   1   1   1   1   1   1   1   1   1   1
   1   1   1   1   1   1   1   1   1   1   1   1   1   1   1   1   1   1   1   1
   1   1   1   1   1   1   1   1   1   1   1   1   1   1   1   1   1   1   1   1
   1   1   1   1   1   1   1   1   1   1   1   1   1   1   1   1   1   0   1   0
   0   0   0   0   0   0   1   1   1   1   1   1   1   1   1   1   1   1   1   1
   1   1   1   1   1   1   0   1   0   1   1   1   0   0   1   1   1   1   1   1
   1   0   0   0   0   0   0   0   0   0   0   0   0   0   0   0   0   1   1   1
   1   1   1   1   1   1   0   0   1   0   0   0   0   0   0   0   0   0   0   0
   0   0   0   0   0   1   1   1   1   1   1   1   1   1   1   1   1   1   1   1
   1   1   1   1   1   1   1   1   1   1   1   1   1   1   1   1   1   1   1   1
   1   1   1   1   1   1   1   1   1   1   1   1   1   1   1   1   1   1   1   1
   1   1   1   1   1   1   1   1   1   1   1   1   1   1   1   1   1   1   1   1
   1   1   1   1   1   1   1   1   1   1   1   1   1   1   1   1   1   1   1   1
   1   1   1   1   1   1   1   1   1   1   1   1   1   1   1   1   1   1   1   1
   1   1   1   1   1   1   1   1   1   1   1   1   1   1   1   1   1   1   1   1
   1   1   1   1   1   1   1   1   1   1   1   1   1   1   1   1   1   0   0   0
   0   1   1   1   1   1   1   1   1   1   1   1   1   1   1   1   1   1   1   1
   1   1   1   1   1   1   1   0   0   1   1   1   1   1   1   1   0   0   0   1
   1   1   1   1   1   1   1   1   1   1   0   0   0   0   0   0   0   0   0   0
   1   0   1   0   1   1   1   1   1   1   1   1   1   1   1   1   1   1   1   1
   1   1   1   1   1   1   1   1   1   1   1   1   1   1   1   1   1   1   1   1
   1   1   0   0   0   0   0   0   0   0   0   0   0   1   1   1   1   1   1   1
   0   1   1   1   1   1   1   1   1   1   1   1   1   1   1   1   1   1   0   1
   1   0   1   0   0   0   1   0   0   0   0   0   0   0   0   0   0   1   0   0
   0   1   1   1   0   0   1   0   0   0   1   1   1   0   1   1   1   1   1   1
   1   1   1   1   1   1   1   1   1   1   1   1   1   1   1   1   1   1   1   1
   1   1   1   1   1   1   1   1   1   1   1   1   1   1   1   1   1   1   1   1
   1   1   1   1   1   1   1   1   1   1   1   1   1   1   1   1   1   1   1   1
   1   1   1   1   1   1   1   1   1   1   1   1   1   1   1   1   1   1   1   1
   1   1   1   1   1   1   1   1   1   1   1   1   1   1   1   1   1   1   1   1
   1   1   1   1   1   1   1   1   1   1   1   1   1   1   1   1   1   1   1   1
   1   1   1   1   1   1   1   1   1   1   1   1   1   1   1   1   1   1   1   1
   1   1   1   1   1   1   1   1   1   1   1   1   1   1   1   1   1   1   1   1
   1   1   1   1   1   1   1   1   1   1   1   1   1   1   1   1   1   1   1   1
   1   1   1   1   1   1   1   1   1   1   1   1   1   1   1   1   1   1   1   1
   1   1   1   1   1   1   1   1   1   1   1   1   1   1   1   1   1   1   1   1
   1   1   1   1   1   1   1   1   1   1   1   1   1   1   1   1   1   1   1   1
   1   1   1   1   1   1   1   1   1   1   1   1   1   1   1   1   1   0   0   0
   0   0   0   0   0   0   1   0   1   0   0   0   0   0   0   0   0   0   0   0
   0   0   0   0   0   0   0   0   0   0   0   0   0   0   0   0   0   0   0   0
   1   1   0   1   1   0   1   1   1   1   1   1   0   0   0   0   0   1   0   0
   1   0   0   1   1   1   1   1   1   1   1   1   1   1   1   1   1   1   1   1
   1   1   1   1   1   1   1   1   1   1   1   1   1   1   1   1   0   1   1   1
   1   1   1   1   1   1   1   1   1   1   1   1   1   1   1   1   1   1   1   1
   1   1   1   1   1   1   1   1   1   0   0   0   0   0   0   0   0   0   0   0
   0   0   0   0   0   0   1   1   1   1   1   1   1   1   1   1   1   1   1   1
   1   1   1   1   1   1   1   1   1   1   1   1   1   1   1   1   1   1   1   1
   1   1   1   1   1   1   1   1   1   1   1   1   1   1   1   1   0   1   1   1
   1   1   1   1   1   1   1   1   1   1   1   1   1   1   0   0   0   1   1   1
   1   1   1   1   1   0   0   0   0   0   0   0   0   0   0   0   0   0   0   0
   0   0   0   0   0   0   0   0   0   0   0   0   0   0   0   0   0   0   1   1
   1   1   0   0   0   0   0   0   0   0   0   0   0   0   0   0   0   0   0   0
   0   0   0   0   0   1   1   1   1   1   1   1   1   1   1   1   1   1   1   1
   1   1   1   1   1   1   1   1   1   1   1   1   1   1   1   1   1   1   1   1
   1   1   1   1   1   1   1   1   1   1   1   1   1   1   1   1   1   1   1   1
   1   1   1   1   1   1   1   1   1   1   1   1   1   1   1   1   1   1   1   1
   1   1   1   1   1   1   1   1   1   1   1   1   1   1   1   1   1   1   1   1
   1   1   1   1   1   1   1   1   1   1   1   1   1   1   1   1   1   0   0   0
   0   0   0   1   0   1   0   1   1   0   0   0   0   1   0   1   1   0   0   0
   0   0   0   0   0   0   0   0   1   1   0   0   1   1   1   1   1   0   0   0
   1   1   1   1   1   1   1   0   0   0   0   0   0   0   0   0   0   0   0   0
   0   0   0   0   0   0   0   0   1   1   1   1   1   1   1   1   1   0   0   0
   0   0   0   0   0   0   0   0   0   0   0   0   1   1   1   1   1   1   1   1
   1   1   1   1   1   1   1   1   1   1   1   1   1   1   1   1   1   1   1   1
   1   0   0   0   1   1   1   1   1   0   0   0   0   0   0   0   0   1   1   1
   1   1   1   1   1   1   1   1   1   1   1   1   1   1   1   1   1   1   1   1
   1   1   1   1   1   1   1   0   0   0   0   0   0   1   1   1   1   1   1   1
   1   1   1   1   1   1   1   1   1   1   1   1   1   1   1   1   1   1   1   1
   1   1   1   1   1   1   1   1   1   1   1   1   1   1   1   1   1   1   1   1
   1   1   1   1   1   1   1   1   1   1   1   1   1   1   1   1   1   1   1   1
   1   0   0   1   1   1   1   1   1   1   1   1   1   0   0   0   0   0   0   0
   0   0   0   0   0   0   0   0   0   0   0   0   0   0   0   0   0   0   0   0
   0   0   0   1   0   0   0   0   0   0   0   0   0   0   0   0   0   0   0   0
   1   1   0   0   0   0   0   0   0   1   1   0   0   0   0   0   0   1   1   1
   1   0   0   0   0   0   0   0   0   0   0   0   0   1   1   1   1   1   1   1
   1   1   1   1   0   0   0   0   0   0   0   0   0   0   0   0   0   0   0   0
   1   1   1   1   1   1   1   1   1   1   1   1   1   1   1   1   1   1   1   1
   1   1   0   0   0   0   1   0   0   1   1   1   1   1   0   1   0   1   1   0
   1   0   1   0   1   1   1   1   1   1   1   1   1   1   1   0   0   1   1   1
   1   1   0   0   0   0   1   1   1   1   1   1   1   1   1   1   1   1   1   1
   1   1   1   1   1   1   1   1   1   1   1   1   1   1   1   1   1   1   1   1
   1   1   1   1   1   1   1   1   1   1   1   0   0   0   0   0   0   0   0   1
   1   0   0   0   0   0   0   1   1   1   0   0   0   0   0   0   0   0   0   0
   0   0   0   0   0   0   0   1   1   1   1   1   1   1   1   0   0   1   1   1
   1   0   0   0   0   0   0   0   0   0   0   0   0   0   0   0   0   0   0   0
   0   0   0   0   0   0   0   0   0   0   0   0   0   0   0   0   0   0   0   1
   1   1   1   1   0   1   0   1   0   0   0   1   1   1   1   1   1   1   1   1
   1   1   1   0   0   0   1   1   1   0   0   0   0   1   1   1   1   0   1   1
   1   1   1   1   1   1   1   1   1   1   1   1   1   0   0   1   1   0   1   1
   1   0   1   1   0   1   1   1   1   1   0   1   0   0   0   1   0   0   0   1
   1   1   1   1   0   0   0   1   1   1   1   1   0   1   0   1   1   0   1   1
   1   1   1   1   1   1   1   1   0   0   0   0   1   1   1   0   0   0   0   1
   0   0   0   0   1   1   1   1   1   1   1   1   0   0   1   1   1   1   1   1
   0   0   1   1   1   1   1   1   1   0   0   1   1   1   1   0   0   1   1   1
   1
Reading ICELLTYPE...
 FINISHED READING GRB FILE.
 
Reading TDIS file -->
 NPER:          118
   PERIOD:              1 --->
   PERLEN:  1.000000E+000
     NSTP:             10
   TSMULT:  1.200000E+000
   PERIOD:              2 --->
   PERLEN:  3.000000E+001
     NSTP:             10
   TSMULT:  1.100000E+000
   PERIOD:              3 --->
   PERLEN:  3.000000E+001
     NSTP:             10
   TSMULT:  1.100000E+000
   PERIOD:              4 --->
   PERLEN:  3.000000E+001
     NSTP:             10
   TSMULT:  1.100000E+000
   PERIOD:              5 --->
   PERLEN:  3.000000E+001
     NSTP:             10
   TSMULT:  1.100000E+000
   PERIOD:              6 --->
   PERLEN:  3.000000E+001
     NSTP:             10
   TSMULT:  1.100000E+000
   PERIOD:              7 --->
   PERLEN:  3.000000E+001
     NSTP:             10
   TSMULT:  1.100000E+000
   PERIOD:              8 --->
   PERLEN:  3.000000E+001
     NSTP:             10
   TSMULT:  1.100000E+000
   PERIOD:              9 --->
   PERLEN:  3.000000E+001
     NSTP:             10
   TSMULT:  1.100000E+000
   PERIOD:             10 --->
   PERLEN:  3.000000E+001
     NSTP:             10
   TSMULT:  1.100000E+000
   PERIOD:             11 --->
   PERLEN:  3.000000E+001
     NSTP:             10
   TSMULT:  1.100000E+000
   PERIOD:             12 --->
   PERLEN:  3.000000E+001
     NSTP:             10
   TSMULT:  1.100000E+000
   PERIOD:             13 --->
   PERLEN:  3.000000E+001
     NSTP:             10
   TSMULT:  1.100000E+000
   PERIOD:             14 --->
   PERLEN:  3.000000E+001
     NSTP:             10
   TSMULT:  1.100000E+000
   PERIOD:             15 --->
   PERLEN:  3.000000E+001
     NSTP:             10
   TSMULT:  1.100000E+000
   PERIOD:             16 --->
   PERLEN:  3.000000E+001
     NSTP:             10
   TSMULT:  1.100000E+000
   PERIOD:             17 --->
   PERLEN:  3.000000E+001
     NSTP:             10
   TSMULT:  1.100000E+000
   PERIOD:             18 --->
   PERLEN:  3.000000E+001
     NSTP:             10
   TSMULT:  1.100000E+000
   PERIOD:             19 --->
   PERLEN:  3.000000E+001
     NSTP:             10
   TSMULT:  1.100000E+000
   PERIOD:             20 --->
   PERLEN:  3.000000E+001
     NSTP:             10
   TSMULT:  1.100000E+000
   PERIOD:             21 --->
   PERLEN:  3.000000E+001
     NSTP:             10
   TSMULT:  1.100000E+000
   PERIOD:             22 --->
   PERLEN:  3.000000E+001
     NSTP:             10
   TSMULT:  1.100000E+000
   PERIOD:             23 --->
   PERLEN:  3.000000E+001
     NSTP:             10
   TSMULT:  1.100000E+000
   PERIOD:             24 --->
   PERLEN:  3.000000E+001
     NSTP:             10
   TSMULT:  1.100000E+000
   PERIOD:             25 --->
   PERLEN:  3.000000E+001
     NSTP:             10
   TSMULT:  1.100000E+000
   PERIOD:             26 --->
   PERLEN:  3.000000E+001
     NSTP:             10
   TSMULT:  1.100000E+000
   PERIOD:             27 --->
   PERLEN:  3.000000E+001
     NSTP:             10
   TSMULT:  1.100000E+000
   PERIOD:             28 --->
   PERLEN:  3.000000E+001
     NSTP:             10
   TSMULT:  1.100000E+000
   PERIOD:             29 --->
   PERLEN:  3.000000E+001
     NSTP:             10
   TSMULT:  1.100000E+000
   PERIOD:             30 --->
   PERLEN:  3.000000E+001
     NSTP:             10
   TSMULT:  1.100000E+000
   PERIOD:             31 --->
   PERLEN:  3.000000E+001
     NSTP:             10
   TSMULT:  1.100000E+000
   PERIOD:             32 --->
   PERLEN:  3.000000E+001
     NSTP:             10
   TSMULT:  1.100000E+000
   PERIOD:             33 --->
   PERLEN:  3.000000E+001
     NSTP:             10
   TSMULT:  1.100000E+000
   PERIOD:             34 --->
   PERLEN:  3.000000E+001
     NSTP:             10
   TSMULT:  1.100000E+000
   PERIOD:             35 --->
   PERLEN:  3.000000E+001
     NSTP:             10
   TSMULT:  1.100000E+000
   PERIOD:             36 --->
   PERLEN:  3.000000E+001
     NSTP:             10
   TSMULT:  1.100000E+000
   PERIOD:             37 --->
   PERLEN:  3.000000E+001
     NSTP:             10
   TSMULT:  1.100000E+000
   PERIOD:             38 --->
   PERLEN:  3.000000E+001
     NSTP:             10
   TSMULT:  1.100000E+000
   PERIOD:             39 --->
   PERLEN:  3.000000E+001
     NSTP:             10
   TSMULT:  1.100000E+000
   PERIOD:             40 --->
   PERLEN:  3.000000E+001
     NSTP:             10
   TSMULT:  1.100000E+000
   PERIOD:             41 --->
   PERLEN:  3.000000E+001
     NSTP:             10
   TSMULT:  1.100000E+000
   PERIOD:             42 --->
   PERLEN:  3.000000E+001
     NSTP:             10
   TSMULT:  1.100000E+000
   PERIOD:             43 --->
   PERLEN:  3.000000E+001
     NSTP:             10
   TSMULT:  1.100000E+000
   PERIOD:             44 --->
   PERLEN:  3.000000E+001
     NSTP:             10
   TSMULT:  1.100000E+000
   PERIOD:             45 --->
   PERLEN:  3.000000E+001
     NSTP:             10
   TSMULT:  1.100000E+000
   PERIOD:             46 --->
   PERLEN:  3.000000E+001
     NSTP:             10
   TSMULT:  1.100000E+000
   PERIOD:             47 --->
   PERLEN:  3.000000E+001
     NSTP:             10
   TSMULT:  1.100000E+000
   PERIOD:             48 --->
   PERLEN:  3.000000E+001
     NSTP:             10
   TSMULT:  1.100000E+000
   PERIOD:             49 --->
   PERLEN:  3.000000E+001
     NSTP:             10
   TSMULT:  1.100000E+000
   PERIOD:             50 --->
   PERLEN:  3.000000E+001
     NSTP:             10
   TSMULT:  1.100000E+000
   PERIOD:             51 --->
   PERLEN:  3.000000E+001
     NSTP:             10
   TSMULT:  1.100000E+000
   PERIOD:             52 --->
   PERLEN:  3.000000E+001
     NSTP:             10
   TSMULT:  1.100000E+000
   PERIOD:             53 --->
   PERLEN:  3.000000E+001
     NSTP:             10
   TSMULT:  1.100000E+000
   PERIOD:             54 --->
   PERLEN:  3.000000E+001
     NSTP:             10
   TSMULT:  1.100000E+000
   PERIOD:             55 --->
   PERLEN:  3.000000E+001
     NSTP:             10
   TSMULT:  1.100000E+000
   PERIOD:             56 --->
   PERLEN:  3.000000E+001
     NSTP:             10
   TSMULT:  1.100000E+000
   PERIOD:             57 --->
   PERLEN:  3.000000E+001
     NSTP:             10
   TSMULT:  1.100000E+000
   PERIOD:             58 --->
   PERLEN:  3.000000E+001
     NSTP:             10
   TSMULT:  1.100000E+000
   PERIOD:             59 --->
   PERLEN:  3.000000E+001
     NSTP:             10
   TSMULT:  1.100000E+000
   PERIOD:             60 --->
   PERLEN:  3.000000E+001
     NSTP:             10
   TSMULT:  1.100000E+000
   PERIOD:             61 --->
   PERLEN:  3.000000E+001
     NSTP:             10
   TSMULT:  1.100000E+000
   PERIOD:             62 --->
   PERLEN:  3.000000E+001
     NSTP:             10
   TSMULT:  1.100000E+000
   PERIOD:             63 --->
   PERLEN:  3.000000E+001
     NSTP:             10
   TSMULT:  1.100000E+000
   PERIOD:             64 --->
   PERLEN:  3.000000E+001
     NSTP:             10
   TSMULT:  1.100000E+000
   PERIOD:             65 --->
   PERLEN:  3.000000E+001
     NSTP:             10
   TSMULT:  1.100000E+000
   PERIOD:             66 --->
   PERLEN:  3.000000E+001
     NSTP:             10
   TSMULT:  1.100000E+000
   PERIOD:             67 --->
   PERLEN:  3.000000E+001
     NSTP:             10
   TSMULT:  1.100000E+000
   PERIOD:             68 --->
   PERLEN:  3.000000E+001
     NSTP:             10
   TSMULT:  1.100000E+000
   PERIOD:             69 --->
   PERLEN:  3.000000E+001
     NSTP:             10
   TSMULT:  1.100000E+000
   PERIOD:             70 --->
   PERLEN:  3.000000E+001
     NSTP:             10
   TSMULT:  1.100000E+000
   PERIOD:             71 --->
   PERLEN:  3.000000E+001
     NSTP:             10
   TSMULT:  1.100000E+000
   PERIOD:             72 --->
   PERLEN:  3.000000E+001
     NSTP:             10
   TSMULT:  1.100000E+000
   PERIOD:             73 --->
   PERLEN:  3.000000E+001
     NSTP:             10
   TSMULT:  1.100000E+000
   PERIOD:             74 --->
   PERLEN:  3.000000E+001
     NSTP:             10
   TSMULT:  1.100000E+000
   PERIOD:             75 --->
   PERLEN:  3.000000E+001
     NSTP:             10
   TSMULT:  1.100000E+000
   PERIOD:             76 --->
   PERLEN:  3.000000E+001
     NSTP:             10
   TSMULT:  1.100000E+000
   PERIOD:             77 --->
   PERLEN:  3.000000E+001
     NSTP:             10
   TSMULT:  1.100000E+000
   PERIOD:             78 --->
   PERLEN:  3.000000E+001
     NSTP:             10
   TSMULT:  1.100000E+000
   PERIOD:             79 --->
   PERLEN:  3.000000E+001
     NSTP:             10
   TSMULT:  1.100000E+000
   PERIOD:             80 --->
   PERLEN:  3.000000E+001
     NSTP:             10
   TSMULT:  1.100000E+000
   PERIOD:             81 --->
   PERLEN:  3.000000E+001
     NSTP:             10
   TSMULT:  1.100000E+000
   PERIOD:             82 --->
   PERLEN:  3.000000E+001
     NSTP:             10
   TSMULT:  1.100000E+000
   PERIOD:             83 --->
   PERLEN:  3.000000E+001
     NSTP:             10
   TSMULT:  1.100000E+000
   PERIOD:             84 --->
   PERLEN:  3.000000E+001
     NSTP:             10
   TSMULT:  1.100000E+000
   PERIOD:             85 --->
   PERLEN:  3.000000E+001
     NSTP:             10
   TSMULT:  1.100000E+000
   PERIOD:             86 --->
   PERLEN:  3.000000E+001
     NSTP:             10
   TSMULT:  1.100000E+000
   PERIOD:             87 --->
   PERLEN:  3.000000E+001
     NSTP:             10
   TSMULT:  1.100000E+000
   PERIOD:             88 --->
   PERLEN:  3.000000E+001
     NSTP:             10
   TSMULT:  1.100000E+000
   PERIOD:             89 --->
   PERLEN:  3.000000E+001
     NSTP:             10
   TSMULT:  1.100000E+000
   PERIOD:             90 --->
   PERLEN:  3.000000E+001
     NSTP:             10
   TSMULT:  1.100000E+000
   PERIOD:             91 --->
   PERLEN:  3.000000E+001
     NSTP:             10
   TSMULT:  1.100000E+000
   PERIOD:             92 --->
   PERLEN:  3.000000E+001
     NSTP:             10
   TSMULT:  1.100000E+000
   PERIOD:             93 --->
   PERLEN:  3.000000E+001
     NSTP:             10
   TSMULT:  1.100000E+000
   PERIOD:             94 --->
   PERLEN:  3.000000E+001
     NSTP:             10
   TSMULT:  1.100000E+000
   PERIOD:             95 --->
   PERLEN:  3.000000E+001
     NSTP:             10
   TSMULT:  1.100000E+000
   PERIOD:             96 --->
   PERLEN:  3.000000E+001
     NSTP:             10
   TSMULT:  1.100000E+000
   PERIOD:             97 --->
   PERLEN:  3.000000E+001
     NSTP:             10
   TSMULT:  1.100000E+000
   PERIOD:             98 --->
   PERLEN:  3.000000E+001
     NSTP:             10
   TSMULT:  1.100000E+000
   PERIOD:             99 --->
   PERLEN:  3.000000E+001
     NSTP:             10
   TSMULT:  1.100000E+000
   PERIOD:            100 --->
   PERLEN:  3.000000E+001
     NSTP:             10
   TSMULT:  1.100000E+000
   PERIOD:            101 --->
   PERLEN:  3.000000E+001
     NSTP:             10
   TSMULT:  1.100000E+000
   PERIOD:            102 --->
   PERLEN:  3.000000E+001
     NSTP:             10
   TSMULT:  1.100000E+000
   PERIOD:            103 --->
   PERLEN:  3.000000E+001
     NSTP:             10
   TSMULT:  1.100000E+000
   PERIOD:            104 --->
   PERLEN:  3.000000E+001
     NSTP:             10
   TSMULT:  1.100000E+000
   PERIOD:            105 --->
   PERLEN:  3.000000E+001
     NSTP:             10
   TSMULT:  1.100000E+000
   PERIOD:            106 --->
   PERLEN:  3.000000E+001
     NSTP:             10
   TSMULT:  1.100000E+000
   PERIOD:            107 --->
   PERLEN:  3.000000E+001
     NSTP:             10
   TSMULT:  1.100000E+000
   PERIOD:            108 --->
   PERLEN:  3.000000E+001
     NSTP:             10
   TSMULT:  1.100000E+000
   PERIOD:            109 --->
   PERLEN:  3.000000E+001
     NSTP:             10
   TSMULT:  1.100000E+000
   PERIOD:            110 --->
   PERLEN:  3.000000E+001
     NSTP:             10
   TSMULT:  1.100000E+000
   PERIOD:            111 --->
   PERLEN:  3.000000E+001
     NSTP:             10
   TSMULT:  1.100000E+000
   PERIOD:            112 --->
   PERLEN:  3.000000E+001
     NSTP:             10
   TSMULT:  1.100000E+000
   PERIOD:            113 --->
   PERLEN:  3.000000E+001
     NSTP:             10
   TSMULT:  1.100000E+000
   PERIOD:            114 --->
   PERLEN:  3.000000E+001
     NSTP:             10
   TSMULT:  1.100000E+000
   PERIOD:            115 --->
   PERLEN:  3.000000E+001
     NSTP:             10
   TSMULT:  1.100000E+000
   PERIOD:            116 --->
   PERLEN:  3.000000E+001
     NSTP:             10
   TSMULT:  1.100000E+000
   PERIOD:            117 --->
   PERLEN:  3.000000E+001
     NSTP:             10
   TSMULT:  1.100000E+000
   PERIOD:            118 --->
   PERLEN:  3.000000E+001
     NSTP:             10
   TSMULT:  1.100000E+000

 PATH -- for MP3DU PACKAGE, VER. 1, 5/11/2015
         INPUT READ FROM UNIT 13
 # PATH3D input file

                IVELOCITY =         3 FOR LAYER   1

                 POROSITY =  0.250000     FOR LAYER   1

              RETARDATION =   1.00000     FOR LAYER   1

       LONGITUDINAL DISP. =   0.00000     FOR LAYER   1

  TRANSVERSE HORIZ. DISP. =   0.00000     FOR LAYER   1

   TRANSVERSE VERT. DISP. =   0.00000     FOR LAYER   1
