0  2  0  1
29018  1
   0       0  3902       1
   1       1     2       2
   2    41811     2       3
   3       4     3       4
   4    51344     4       5
   5    47908     5       6
   6    49347     6       7
   7    49364     7       8
   8    49592     8       9
   9      10     9      10
  10    41782    10      11
  11    50233    11      12
  12      13    12      13
  13      13  47935      14
  14      15    14      15
  15    41697    15      16
  16    47937    16      17
  17    48364    17      18
  18      19    18      19
  19    41566    19      20
  20      21    20      21
  21    7814   950      22
  22    48458    22      23
  23      24    23      24
  24    4046    24      25
  25    50270    25      26
  26      27    26      27
  27    49387  52185      28
  28    47960    28      29
  29      30    29      30
  30      31  48417      31
  31      31    32      32
  32    10894  48418      33
  33      34    33      34
  34    41555    34      35
  35      35  47982      36
  36      36  47957      37
  37    49397    37      38
  38    50261    38      39
  39    49389    39      40
  40    47962    40      41
  41    49409    41      42
  42      43    42      43
  43      43  41461      44
  44    41036    44      45
  45      46    45      46
  46    41539    46      47
  47      47  48224      48
  48    3908    48      49
  49      50    49      50
  50      50  39867      51
  51      52    51      52
  52      52  48314      53
  53     949    53      54
  54      55    54      55
  55    40332    55      56
  56    48321    56      57
  57      57    58      58
  58      58  39180      59
  59      59  47965      60
  60      60    61      61
  61    40911    61      62
  62      62    63      63
  63    38696    63      64
  64      64  47971      65
  65      65  49420      66
  66    49416    66      67
  67      68    67      68
  68    41570    68      69
  69      70  14034      70
  70      71  45076      71
  71      71  47991      72
  72      72  47989      73
  73      74    73      74
  74    41465    74      75
  75    3909    75      76
  76      77    76      77
  77      78  12281      78
  78      79    78      79
  79      80  12280      80
  80      81    80      81
  81      82  41476      82
  82      83    82      83
  83    47994    83      84
  84      85    84      85
  85      86    85      86
  86      86    87      87
  87    47993    87      88
  88    40926  39610      89
  89      90  14314      90
  90      90   945      91
  91      91  32872      92
  92      92    93      93
  93    41487    93      94
  94      95    94      95
  95    48036    95      96
  96    2398    96      97
  97      98    97      98
  98    48037    98      99
  99      99  48040     100
 100     100  40947     101
 101     101   102     102
 102     102   103     103
 103     104   103     104
 104     104  49504     105
 105    49512   105     106
 106    2399   106     107
 107     107  48054     108
 108    8959   108     109
 109    27530   110     110
 110    48628  43854     111
 111    48142   111     112
 112     113   112     113
 113     113  40347     114
 114     115   114     115
 115    49527   115     116
 116    48065   116     117
 117    10878   933     118
 118    48067   118     119
 119     120   119     120
 120     120  37494     121
 121    50368   121     122
 122    48079   122     123
 123     124   123     124
 124    35960   124     125
 125     125  48077     126
 126    39992   126     127
 127     128   127     128
 128     128  41580     129
 129     130   129     130
 130     130  40353     131
 131     131   132     132
 132    48071   132     133
 133     134   133     134
 134     134  41493     135
 135     135   136     136
 136     136  5878     137
 137     137   138     138
 138    41494   138     139
 139     140   139     140
 140     140  41831     141
 141     141  48094     142
 142    49559   142     143
 143     143   144     144
 144    48088   144     145
 145     146   145     146
 146     147   146     147
 147     147  40355     148
 148    44987   149     149
 149    48086   149     150
 150     151   150     151
 151    32942   938     152
 152     153   152     153
 153    41047   153     154
 154     154  2405     155
 155     155  48378     156
 156     156   157     157
 157     157  7825     158
 158     159   158     159
 159    19413  37243     160
 160    25762   160     161
 161     161   162     162
 162    2380  12678     163
 163    11562   163     164
 164    32472   164     165
 165     166   165     166
 166     166  40892     167
 167     167  49602     168
 168    51219   168     169
 169     170   169     170
 170     170  41358     171
 171    49563   171     172
 172     173   172     173
 173     173  48644     174
 174     175   174     175
 175     175  51347     176
 176     176   177     177
 177     177  41504     178
 178     178   179     179
 179    51221   179     180
 180     181   180     181
 181    46148   181     182
 182     182   183     183
 183     183  12835     184
 184    49731   184     185
 185     185  50762     186
 186    50342   186     187
 187     187  49490     188
 188     188   189     189
 189    41787   189     190
 190     190  49468     191
 191     191   192     192
 192    40342   192     193
 193     194   193     194
 194     194  49452     195
 195     195   196     196
 196    7835  42642     197
 197    49441   197     198
 198     198   199     199
 199    49440  8801     200
 200    5364  53461     201
 201    9773   201     202
 202    50293   202     203
 203     203  41575     204
 204     205   204     205
 205     205  34414     206
 206     206   207     207
 207     207  41747     208
 208     208   209     209
 209     209  41852     210
 210     210  49324     211
 211     211   212     212
 212    37482   212     213
 213    50202   213     214
 214    5893  1432     215
 215     215   216     216
 216    47893  7880     217
 217    48272   217     218
 218     218  12283     219
 219    39366   219     220
 220    50221   220     221
 221    31911   222     222
 222    35643   222     223
 223     223  38385     224
 224    38384   224     225
 225     225  35645     226
 226    31073   227     227
 227     227  1132     228
 228     228  39247     229
 229     229  38841     230
 230    38838   230     231
 231    1131  35006     232
 232     232  32407     233
 233     233  36348     234
 234     235  1214     235
 235     235  30047     236
 236    23236  13231     237
 237    30743   237     238
 238    27521   239     239
 239    27524   239     240
 240     980   241     241
 241    16213   241     242
 242    22002   243     243
 243    39891  2429     244
 244    34074   244     245
 245     245   246     246
 246    27614   247     247
 247    8840   248     248
 248     248  38821     249
 249     249  32683     250
 250    5810   244     251
 251    37671  43485     252
 252     252   253     253
 253    30261  31659     254
 254    14786   255     255
 255     256  40077     256
 256     256   257     257
 257    1076  8828     258
 258    42107  44271     259
 259     259   260     260
 260     261  43962     261
 261     261   262     262
 262    5961  44214     263
 263     263  43229     264
 264    26278  11949     265
 265    8320  15472     266
 266    33974   266     267
 267    6177  46249     268
 268     268  47116     269
 269    47126   269     270
 270     270   271     271
 271    26771  12097     272
 272    23148  6206     273
 273    27276   274     274
 274    33413   274     275
 275    1626   276     276
 276    18414  17241     277
 277    30305   278     278
 278     278  6184     279
 279     279  33571     280
 280    22392  1212     281
 281     281  44538     282
 282     282   283     283
 283     283  44654     284
 284     284   285     285
 285    1213   285     286
 286     286  44336     287
 287     287  45860     288
 288    44300  44315     289
 289    35676   289     290
 290    3944   291     291
 291     291   292     292
 292     292  39458     293
 293     293  47646     294
 294     294  45909     295
 295    45888   296     296
 296     296   297     297
 297    45921   297     298
 298     298  47419     299
 299     299  47420     300
 300    41924   300     301
 301    47383   301     302
 302     302  47392     303
 303     303  47619     304
 304    11599  47825     305
 305     306  1254     306
 306     300   942     307
 307     307  59373     308
 308     308  59372     309
 309    60824   309     310
 310     310  60804     311
 311     311  58827     312
 312     312  58280     313
 313    58279   313     314
 314     957  43940     315
 315     315   316     316
 316    55117   316     317
 317     317   318     318
 318     319   318     319
 319     320   319     320
 320     321  2434     321
 321     321  37505     322
 322     956   323     323
 323    39087   323     324
 324    39085  62116     325
 325     325  9086     326
 326     326  61459     327
 327     327   328     328
 328    1575  27369     329
 329    8188   330     330
 330    2435   330     331
 331     331   332     332
 332     333   332     333
 333     334   333     334
 334     334   335     335
 335     336   335     336
 336     336  53564     337
 337     338   337     338
 338    56969   338     339
 339     340  54155     340
 340    1444   340     341
 341    8184   341     342
 342     342   343     343
 343    43436   344     344
 344    57227   345     345
 345     345   346     346
 346     347   346     347
 347     347  62128     348
 348     349   348     349
 349    60702   349     350
 350    9210   350     351
 351     352  9207     352
 352     353  42038     353
 353     353  48915     354
 354    42307   355     355
 355    6826   355     356
 356     356  31083     357
 357    1010  27018     358
 358     358  41160     359
 359     360  1009     360
 360     361  39813     361
 361     361  63016     362
 362     363   362     363
 363     364   363     364
 364     364   365     365
 365     366  6825     366
 366    48971  6062     367
 367     367  62140     368
 368     914   913     369
 369    38849   369     370
 370     370  39527     371
 371     371  40897     372
 372     372  40831     373
 373    39121  1454     374
 374    42629   374     375
 375     375  2443     376
 376     376  5818     377
 377     377  34400     378
 378     378  7789     379
 379    39043   379     380
 380    2447  47175     381
 381    39127  2448     382
 382    39482  39340     383
 383     383  40806     384
 384     384  40849     385
 385    39551   385     386
 386     386  39463     387
 387     915   912     388
 388    10103   388     389
 389     389  2455     390
 390    47795   390     391
 391     391  44446     392
 392     392  41903     393
 393     393  44393     394
 394     394  2457     395
 395    2458   395     396
 396    2459   396     397
 397    1445  7791     398
 398     398  29327     399
 399    1126   400     400
 400    5970  33461     401
 401     401  23380     402
 402    40379   402     403
 403    6838   403     404
 404    34625   404     405
 405    22976   406     406
 406    22172  2466     407
 407    2467  27985     408
 408    1309  2468     409
 409    34657  35714     410
 410    1745   410     411
 411     916   911     412
 412    29612   412     413
 413    38310   413     414
 414    28604   414     415
 415    5998  37311     416
 416    1814   417     417
 417    17599  27155     418
 418     418  32510     419
 419    10853   919     420
 420    7795   907     421
 421    13079  8721     422
 422    2473  35504     423
 423    7898  1136     424
 424    2474  8069     425
 425    37488   426     426
 426     427   987     427
 427     428  1220     428
 428    2476  11009     429
 429    2477   429     430
 430    38162   431     431
 431    14312   899     432
 432     432  14383     433
 433     433  33001     434
 434     923  25103     435
 435    7824  12833     436
 436    10839  6457     437
 437     437  26075     438
 438    2482   438     439
 439    2483   439     440
 440    48861  2484     441
 441     441  32902     442
 442    2486  36251     443
 443    2487  51803     444
 444    44348   444     445
 445    41908   445     446
 446     446  48007     447
 447     447  41911     448
 448    2492   448     449
 449    2493   449     450
 450    41913   450     451
 451    27978   451     452
 452    38326   452     453
 453    2496   453     454
 454    2497  49969     455
 455    35987   455     456
 456    4222   456     457
 457     457   927     458
 458    40376  2500     459
 459     460  1166     460
 460    6485  2501     461
 461    10893   462     462
 462    2502   462     463
 463     463  5836     464
 464    48023   464     465
 465    49478   465     466
 466    2504   466     467
 467    2505   467     468
 468    2506   468     469
 469    48019   469     470
 470    49454   470     471
 471    48131   471     472
 472     472  2507     473
 473     473  49461     474
 474     474  49473     475
 475    2508   475     476
 476     476  2509     477
 477    2510   477     478
 478    48022   478     479
 479    48024   479     480
 480    5842   480     481
 481    2512   481     482
 482     482  42385     483
 483     483  5839     484
 484    42166   484     485
 485    4226   485     486
 486    1054  29196     487
 487     926  28489     488
 488    35395   489     489
 489    2515  1047     490
 490     490  2516     491
 491    34876  4122     492
 492    1020  22663     493
 493     493  41912     494
 494     494  2519     495
 495     495  2520     496
 496    41910   496     497
 497     497  48008     498
 498     498  41909     499
 499    44349   499     500
 500    2525   500     501
 501    39880   501     502
 502    2527  9078     503
 503    2528  7590     504
 504    2529  44387     505
 505    2530   505     506
 506    36855   506     507
 507     901  30433     508
 508    30983   508     509
 509     509  32099     510
 510    12850  10160     511
 511    27730   962     512
 512     512  5848     513
 513     513  2535     514
 514    2536   514     515
 515     515  33961     516
 516    4281   516     517
 517     517  43103     518
 518    32686   518     519
 519    1135  27773     520
 520    27354   520     521
 521     521  5849     522
 522     522  26247     523
 523    1832  30400     524
 524    1672  5903     525
 525    1316   526     526
 526    12397  33113     527
 527    1370   528     528
 528     529  1236     529
 529    2542  34944     530
 530    2543  29289     531
 531     917   910     532
 532    28238   968     533
 533    27870  35718     534
 534    7808  1297     535
 535    8049   535     536
 536    32870  8125     537
 537    30950   537     538
 538    9104  2548     539
 539    12408  2549     540
 540    2550   541     541
 541    4509  30900     542
 542    31028  29476     543
 543     543  2551     544
 544    8121   545     545
 545     545  1446     546
 546     546  5854     547
 547    2553   547     548
 548     548  2554     549
 549    2555   549     550
 550     550  42059     551
 551    41989   551     552
 552    47794   553     553
 553     553  5853     554
 554     554  5852     555
 555     555  7790     556
 556    40901   557     557
 557    51900   558     558
 558    47902   559     559
 559    49351   560     560
 560    49356   561     561
 561    49352   562     562
 562    41613   563     563
 563     564   563     564
 564     565  49802     565
 565    50229   566     566
 566     566   567     567
 567    47932   568     568
 568     568   569     569
 569    48415   570     570
 570    47939   571     571
 571    41565   572     572
 572     572   573     573
 573    8853  48365     574
 574     574   575     575
 575    55974  7815     576
 576    41814   577     577
 577    2566   578     578
 578     579  50240     579
 579     580   579     580
 580    47946   581     581
 581    47981   582     582
 582     582   583     583
 583     583  57298     584
 584     585   584     585
 585     585  62056     586
 586     586   587     587
 587     587   588     588
 588     588  43250     589
 589    47983   590     590
 590    50250   591     591
 591    49400   592     592
 592    50257   593     593
 593    49391  9799     594
 594     595  47961     595
 595    49412  5418     596
 596    39586   597     597
 597     598  41531     598
 598     598   599     599
 599    39864   600     600
 600     600   601     601
 601     602  39866     602
 602     603  47933     603
 603     603   604     604
 604    10072   605     605
 605     605   606     606
 606     606   607     607
 607    41457   608     608
 608     608   609     609
 609    34002  34258     610
 610     948   610     611
 611    48055   612     612
 612    48322  37787     613
 613     614   613     614
 614    37793  37789     615
 615    41458   616     616
 616    37795  40910     617
 617     617   618     618
 618    37797  37802     619
 619    47968   620     620
 620    49370   621     621
 621     622  41572     622
 622     622   623     623
 623    47986  7698     624
 624    20942  19711     625
 625    11571   626     626
 626    47990   627     627
 627    47988   628     628
 628     628   629     629
 629     630  49423     630
 630     631   630     631
 631    41091   632     632
 632     632   633     633
 633     634  40920     634
 634     635  13075     635
 635    54591  41477     636
 636     636  58535     637
 637    47995   638     638
 638     639   638     639
 639    40924   640     640
 640     640   641     641
 641    47992   642     642
 642     643  40925     643
 643     644  29144     644
 644     645   644     645
 645     944  20536     646
 646    41718   647     647
 647    40942   648     648
 648     648   649     649
 649    48035   650     650
 650    40944   651     651
 651     652   651     652
 652    48038   653     653
 653    48039   654     654
 654    41490   655     655
 655     655   656     656
 656     657   656     657
 657     657   658     658
 658    49506   659     659
 659     660  49514     660
 660    5796   661     661
 661     662   661     662
 662    48053   663     663
 663     663  6700     664
 664    31355  4315     665
 665     666  48627     666
 666    40349   667     667
 667     667   668     668
 668    39679   669     669
 669     670  49528     670
 670    48062   671     671
 671    7821   932     672
 672    7767   673     673
 673    47998   674     674
 674    50367  2579     675
 675    5799  27534     676
 676     676   677     677
 677     678  34646     678
 678     679  49539     679
 679     680  41105     680
 680     680   681     681
 681    40350   682     682
 682     683  40352     683
 683     683   684     684
 684    48072   935     685
 685     685   686     686
 686    4033   687     687
 687     688   687     688
 688     689   688     689
 689    40957   690     690
 690    48422  2581     691
 691     692   691     692
 692     693  6412     693
 693    49558   694     694
 694     695  49562     695
 695     696   695     696
 696    2377  48087     697
 697     697   698     698
 698     698   699     699
 699    41263   700     700
 700     700   701     701
 701    46127   898     702
 702    48085   703     703
 703    39683   704     704
 704     705   939     705
 705     705  32766     706
 706     706   707     707
 707     707   708     708
 708    39876   709     709
 709     709   710     710
 710     711  5800     711
 711     712  41582     712
 712     712   713     713
 713     713   714     714
 714    7826   715     715
 715     715   716     716
 716    20006   895     717
 717     717  20012     718
 718     719  30531     719
 719    7848   720     720
 720    37500   721     721
 721    40893  39517     722
 722    10107   723     723
 723    40356   724     724
 724    48099   725     725
 725    39193   726     726
 726     726   727     727
 727     728   727     728
 728     729  11785     729
 729     730  41502     730
 730     731  48253     731
 731    41550   732     732
 732     733   732     733
 733     734   733     734
 734    48100   735     735
 735     736  51225     736
 736    11786   737     737
 737     738   737     738
 738     739  50734     739
 739    50318  2592     740
 740     741  41621     741
 741     741   742     742
 742     743  50330     743
 743    51208  2593     744
 744    48255   745     745
 745     745   746     746
 746    41767   747     747
 747     748   747     748
 748     749   748     749
 749     750  48259     750
 750     751  39624     751
 751     752  39613     752
 752    49437   753     753
 753    12222  1013     754
 754    6447  1159     755
 755     756  41576     756
 756     757   756     757
 757    12788   758     758
 758    41545   759     759
 759     759   760     760
 760    50353  2600     761
 761     761   762     762
 762    50722  2601     763
 763    49315  2602     764
 764    51364  2603     765
 765    49507  7525     766
 766    2604   767     767
 767     767   768     768
 768     769  47892     769
 769     952  44506     770
 770    10844  1429     771
 771     771   772     772
 772     772   773     773
 773    49343   774     774
 774    51191  3966     775
 775     894  30205     720
 776    7849   894     776
 777     895   717     717
 778     894  30206     776
 779     896   160     160
 780     895  19963     776
 781     897   148     149
 782    52307   937     776
 783     898   701     702
 784     897   898     776
 785     905   922     776
 786    2612  38304     432
 787    7852   964     777
 788     900  6224     510
 789    3971  30068     777
 790    5909   507     508
 791    30434   901     777
 792    10152  7844     777
 793    23638  6456     437
 794    2616  5287     778
 795    11815   435     436
 796    7855  22778     778
 797     904  6459     435
 798     903  19389     778
 799    1680  8373     776
 800    35148  1216     778
 801    8722   421     422
 802    11798   984     778
 803    23503  8723     421
 804    6478  3984     778
 805    6989   419     420
 806    10855   908     778
 807    23864   525     525
 808    7857   909     778
 809     910  11553     532
 810    9743  3988     778
 811     911  10171     412
 812    7862   911     778
 813     912  12969     388
 814    20775  1718     778
 815     913  22507     369
 816    6469   913     778
 817    8708  1307     778
 818    8710   368     369
 819    12829   914     779
 820     915  8707     388
 821    6464   915     779
 822     916  9874     412
 823    21402  1747     779
 824     917  7465     532
 825    5308   917     779
 826    31141   524     525
 827    10861  1234     779
 828    29243   420     420
 829    10854   919     779
 830    15767  15655     421
 831    4008  7509     779
 832    12290  2639     422
 833    10866   921     779
 834     965  7872     776
 835    8718   922     779
 836    30072  4015     435
 837    6460  30073     779
 838    2644  7152     777
 839    25104  1902     779
 840     925  6484     506
 841    2645  34940     779
 842    59403  4018     779
 843    28492   487     488
 844    28495   926     780
 845    21886  21404     458
 846    27306  1055     780
 847    2647  4020     780
 848    1859  8731     279
 849    1802   928     781
 850    19351  6487     776
 851    36787  1050     781
 852    7927  1000     781
 853     930   275     275
 854     781  27030     782
 855    29281  1086     782
 856     782  48615     783
 857    7878  2651     784
 858    16216   664     664
 859    8960  16373     785
 860    8728  4025     672
 861    55113  58717     785
 862     933  7820     118
 863    5876  10133     785
 864    28119   109     110
 865    27531   934     785
 866     931  16217     785
 867     935   685     685
 868    44051  45377     786
 869     936   133     133
 870     935   936     786
 871    50590  39688     776
 872     936  40968     786
 873    41724   151     152
 874     937  52396     786
 875     939  27537     705
 876    27536   939     786
 877    54720   786     786
 878    39335   898     776
 879    2663  64995     787
 880    57214   783     783
 881    14693  1104     787
 882    39069   306     307
 883    10958   942     787
 884     943  47831     305
 885    41923  4321     787
 886     944   646     646
 887    54046  4037     787
 888     945  17467      91
 889     944  20534     787
 890    18971    69      70
 891    14315   946     787
 892    14075   624     625
 893    19712  20941     787
 894    54025   787     787
 895    41247   611     611
 896    34075   948     788
 897     949  33371      54
 898    31908   949     788
 899    41090    21      22
 900    12282   950     788
 901     951   575     576
 902     950  39975     788
 903     952  38294     770
 904    62533  2671     788
 905     953  37692     218
 906    10188  37698     788
 907    48106   214     215
 908    57038  1431     788
 909     955  7883     767
 910    6060  8111     788
 911    2675  52410     788
 912    53825  56887     789
 913     956   322     323
 914     789  45250     790
 915     957  12862     315
 916    2677  51199     790
 917    37349  6869     790
 918    51235  1322     782
 919    1087  7961     791
 920    10265  48569     776
 921    30473  26157     791
 922    53574  1058     791
 923    42387   461     462
 924    48974  4061     792
 925     961   483     483
 926    42386   961     792
 927    2680  58642     792
 928     962   511     512
 929     792  59589     793
 930    10193  14868     432
 931    7891  2682     793
 932    28838  2683     777
 933     963  27910     793
 934    27556  1218     776
 935    5896  27649     793
 936    5349   423     424
 937    5907  10174     793
 938     967  34495     521
 939    25490  6523     793
 940    33455   532     533
 941    2685  33852     793
 942    17381  16584     411
 943     968  28237     793
 944    6513   409     410
 945    30143  35712     793
 946    12748  2687     536
 947     970  8767     793
 948     972  35000     542
 949    1450  4068     793
 950     973   401     401
 951    29005  4070     793
 952     973  21323     793
 953    54782  64117     789
 954    42071   974     794
 955    55840  54581     790
 956    57702  1004     794
 957    1286  57174     791
 958    4071  1487     794
 959    1285  54429     782
 960    30430   977     794
 961    47571  8055     783
 962    7894  1085     794
 963    53490  1330     794
 964     979  1028     783
 965     795   979     795
 966    1031  19030     241
 967    1082  6510     795
 968    22137   242     242
 969    6553   981     795
 970    21552  1080     795
 971    1323  1485     791
 972    17054  1027     796
 973     983  41691     781
 974    30474  26156     796
 975    26081  1677     796
 976    12289   906     778
 977    52661  5291     797
 978    2703  10901     779
 979     984   985     797
 980    10197   966     793
 981     985  12778     797
 982    41253   426     427
 983    41907   987     797
 984     988   517     517
 985     987   988     797
 986    1411  7901     797
 987    35489  1670     793
 988    11184  8765     798
 989    18974  1671     779
 990    4377  9187     798
 991    21600   909     778
 992     990   991     798
 993    1561  32505     526
 994     991  2711     798
 995    32514  7903     419
 996     992  32491     798
 997    13635   930     782
 998    16580  1002     798
 999    1799  7906     796
1000    2280  2715     798
1001    36672  35821     791
1002    2356   996     798
1003    1508  44803     798
1004    37107   959     776
1005    15374  12291     799
1006     997  62261     799
1007    45219  35837     791
1008    1524  32574     800
1009     999  45245     776
1010    45244   999     800
1011    36418  23268     781
1012    10218  1000     800
1013    1461  42745     796
1014    1023  10059     800
1015    8288  1948     798
1016    29663  1557     800
1017    1501  1999     790
1018    1752  1870     800
1019    1500  2000     794
1020    4100  63999     800
1021    2262  14851     788
1022    1004  57701     800
1023    58558  10802     800
1024    53663  1005     788
1025    55547  2723     801
1026    1591  10423     801
1027    57690  1650     800
1028    13026  1499     802
1029    2725  4489     789
1030    57673  57675     802
1031    10917  1441     802
1032    1009   359     360
1033    10918  1009     803
1034    1010  32879     358
1035    1009  2728     803
1036    2729  4877     798
1037    21412  1738     803
1038    4109  1894     797
1039    12436  1664     803
1040    11581   754     754
1041    4237  53568     803
1042    1014  13071     201
1043    8690  12262     803
1044    10216   196     197
1045    10124  42641     803
1046    2735  10215     750
1047    12261  1016     803
1048    44893   803     803
1049    1857  41692     796
1050    1800  43837     804
1051    7550   961     792
1052    44892  7992     804
1053    1019  1046     779
1054    1045  1019     804
1055    1020   492     493
1056    31135  4123     804
1057    1021  25266     452
1058    1020  19709     804
1059    1022  41335     776
1060    53194  1406     804
1061    1023  1000     800
1062    49948  48669     804
1063    1024  36882     781
1064    1023  7925     804
1065    28214  1933     804
1066    2743  31005     798
1067    10403  1553     805
1068    10220   982     791
1069    1504  10219     805
1070    46059  2745     796
1071    1026  1995     805
1072    1033  49294     783
1073    9945  1481     805
1074    11875   981     795
1075    18070  1029     805
1076    5950  11874     242
1077    1029  16277     805
1078    1031  16476     241
1079    1030  10056     805
1080    20758  6586     794
1081    2750  27563     805
1082    1331  15396     805
1083    15037  10926     806
1084    57008  1339     783
1085    57188  1033     807
1086    6083  40272     799
1087    1615  10438     807
1088    1099  44006     791
1089    34849  6391     807
1090    18283  37884     804
1091    12078  1144     807
1092    1462  44187     781
1093    1934  1037     807
1094    48779  1001     800
1095    1037  24136     807
1096    9277  1187     807
1097    10271   905     776
1098     807  13565     808
1099    1071   998     800
1100    8810  1040     808
1101    1683  60642     791
1102    1070  56889     808
1103    48672   929     781
1104    2755  62884     808
1105    36224  35066     804
1106    1042  51708     808
1107    58725  1906     808
1108    1044  1052     792
1109     809  8811     809
1110    31929  31133     804
1111    1044  62063     809
1112    2757  30512     779
1113    1045  1046     809
1114    1047   489     490
1115    1046  32390     809
1116    22509  6557     800
1117    42005  1687     809
1118    1049  5344     791
1119    1069  1049     809
1120    63148  1405     781
1121    63013  64363     809
1122    1051   454     455
1123    44784  48741     809
1124    1051  1047     809
1125    21630  1018     792
1126    7940  1170     810
1127    1168  21631     804
1128    1052  6641     810
1129    31418  36836     487
1130    34776  34839     810
1131    5954   927     780
1132    29197  26334     810
1133    1056   456     456
1134    2763  31079     810
1135    1164  5910     781
1136    1056  7941     810
1137    37566  1067     791
1138    44982  8889     810
1139    2765  64538     800
1140    1058  1068     810
1141    64342  1151     799
1142    12048  1205     810
1143    29938  9069     810
1144    47339  1063     811
1145    63769  4142     812
1146    45886   295     296
1147    8816  2768     813
1148    46943  47639     298
1149    2769  45920     813
1150    54182  63805     811
1151    1062  46935     813
1152    1064  37981     799
1153    39631  1197     813
1154    7990  64129     800
1155    1064  43986     813
1156    1161  63945     813
1157    1066   791     792
1158    50534  2772     814
1159    1067  33354     791
1160    1066  11889     814
1161    4151  63049     810
1162    37600  1162     814
1163    38060  1402     809
1164    4152  1069     814
1165    8254  13482     808
1166    4150  56928     814
1167    1071  57955     800
1168    59174  1071     814
1169    1386  61947     776
1170    1193  43363     814
1171    1073  15378     807
1172    1101  41946     814
1173    1074  5260     799
1174    1073  15379     814
1175    1075   251     252
1176    34889  1543     814
1177    1076   251     258
1178    1075  1076     814
1179    20378  1027     796
1180    13307  1077     814
1181    1078  11741     805
1182    1077  1078     814
1183    1078  12786     814
1184    50163  2781     783
1185     814  54165     815
1186    8833  45052     795
1187    8823  12784     815
1188    1081  13086     805
1189    8777  13569     815
1190    6761  9025     815
1191    20790   794     795
1192    5434  1337     816
1193    4165  6770     805
1194    1082  1083     816
1195    46604   978     783
1196    2789  54433     816
1197    1085  40486     794
1198    46603  2790     816
1199    2791  42906     782
1200    5928  1086     816
1201    41930   790     791
1202    54218  4168     816
1203    1088  42062     790
1204    1087  5965     816
1205    11722  1492     788
1206    9828  1590     816
1207    52353  1298     816
1208    1090  13339     788
1209    25840  2797     817
1210    2259  1301     801
1211    25873  4171     817
1212    1092  52783     802
1213    64391  4174     817
1214    1634  51591     794
1215    51577  1635     817
1216    1633  2013     790
1217    30958  1094     817
1218    2172  49571     782
1219    12671  9693     817
1220    5183  26322     805
1221    2189  44033     817
1222    1097  2191     796
1223    1096  1097     817
1224    11540  2192     798
1225    57139  12668     817
1226    33878  1782     791
1227    43100  1099     817
1228    43282  1783     807
1229    51832  43283     817
1230    1101  41952     814
1231    1100  41914     817
1232    1102  1147     799
1233    1101  41937     817
1234    54487   940     787
1235    1102  1148     817
1236    8986  1270     817
1237    1251  11039     787
1238    14694  1104     818
1239    36534  4325     807
1240    1149  9948     818
1241    2805  1282     805
1242    52640  1343     818
1243    1601  2807     796
1244    1106  1107     818
1245    51463  1284     814
1246    38753  1108     818
1247    37626   958     791
1248    46462  37627     818
1249    1110  37624     782
1250    1109  1110     818
1251    52161  1287     794
1252    6868  2809     818
1253    1595  9230     790
1254    1111  35898     818
1255    32567   801     802
1256    47244  2811     818
1257    1114  4182     801
1258    1113  6599     818
1259    1115  9138     816
1260    6871  1115     818
1261    12314   951     788
1262    2815  61405     818
1263    2816  61876     818
1264    6613  1089     788
1265    1292  55184     819
1266    1118  48157     816
1267    2818  1118     819
1268    7394  40472     801
1269    59472  59436     819
1270    1120  6353     817
1271    59454  2265     819
1272    59657  1302     800
1273    57696  1121     819
1274    53824  1008     802
1275    57688  56882     819
1276    10961  42087     794
1277    48522  1123     819
1278    8858  42088     789
1279    64430  1124     819
1280    2826  62095     793
1281    32828  1125     819
1282    32718   399     400
1283    8869  1126     819
1284    1127  30479     544
1285    28171  1448     819
1286    29530  27015     803
1287    61031  1128     819
1288    62083   797     798
1289    11652  1735     819
1290    2831  11902     797
1291    1129  48568     819
1292    64567  8857     819
1293    1131  36191     232
1294    35008  1131     820
1295    1132   228     228
1296    31075  1132     820
1297    7970  1175     797
1298    17214  1133     820
1299    1134  6644     803
1300    15703  10247     820
1301    36731   519     520
1302    46831  10321     820
1303    1136  28567     424
1304    27527  1136     820
1305    1360  10252     793
1306    1136  1137     820
1307    10016   985     779
1308    31364  9054     820
1309    1358  8875     778
1310    1138  1139     820
1311    1140  58119     800
1312    1920  46233     820
1313    1141  49860     796
1314    1378  4208     820
1315    1142  1242     781
1316    33086  7981     820
1317    46770  2839     804
1318    1463  7982     820
1319    1228  20028     807
1320    2288  2161     820
1321    42131  1963     791
1322    1144  10490     820
1323    2054  1964     814
1324    2199  44381     820
1325    55187  51530     799
1326    41975  48606     820
1327    30132  1103     817
1328    1147  1148     820
1329    1267  9787     818
1330    7064  1774     820
1331    8863   941     783
1332    1149  1477     820
1333    53335  31076     820
1334    1151  64338     799
1335     821  7985     821
1336    6725  43111     783
1337     820  55487     821
1338    2850  8883     818
1339    1276  1265     821
1340    6085  1513     817
1341    62005  2371     821
1342    1974  2300     776
1343    62908  1978     821
1344    29987  1388     810
1345    2223  29935     821
1346    2118  26112     813
1347    29942  1389     821
1348    51314  59694     821
1349    13553  64719     800
1350    53687  1158     822
1351    7987  2852     755
1352     822  7988     822
1353    1160  6630     202
1354    1159  1160     822
1355    65029  5982     813
1356    63794  13939     822
1357    53321  1068     814
1358    37622  1162     822
1359    1163  39091     791
1360    1162  1163     822
1361    41861  1057     781
1362    51891  1164     822
1363    21405  21885     780
1364    5327  1165     822
1365    35427  6638     460
1366    1165  1166     822
1367    1167  33474     485
1368    1166  35426     822
1369    44120  1053     804
1370    21636  1168     822
1371    18967  42966     792
1372    8895  1169     822
1373    2861  1052     810
1374    18966  6603     822
1375    1171  4232     809
1376    5953  1171     822
1377    4233  1016     803
1378    6551  44900     822
1379    1173  6643     750
1380    1172  38282     822
1381    1174  35217     197
1382    12292  1174     822
1383    1174  35218     822
1384    4238  1012     797
1385    16678  1175     823
1386    1176  17073     820
1387    1175  1176     823
1388    8096  1134     803
1389    1176  17075     823
1390    28220  1224     798
1391    27770  1178     823
1392    18545  1570     823
1393    38482  1366     793
1394    36025  36023     824
1395    20043  1367     779
1396    20065  1180     824
1397    2869  8899     778
1398    1180  20047     824
1399    1182   526     527
1400    35595  9013     824
1401    28537  27023     418
1402    1182  2871     824
1403    32512   993     798
1404    27178  8176     824
1405    34426  1139     820
1406    2873  62046     824
1407    1186  11654     796
1408    9905  1186     824
1409    1187  1679     807
1410    2875  8902     824
1411    43826  1022     804
1412    1187  7001     824
1413    1189  48659     781
1414    1188  43130     824
1415    1190  10263     776
1416    46671  2877     824
1417    55553   998     800
1418    4250  38135     824
1419    55552   998     791
1420    7168  4910     824
1421    1193  58719     814
1422    55136  1193     824
1423    1399  1060     799
1424    1521  1532     824
1425    15269  10344     810
1426    1194  55300     824
1427    1203  1157     821
1428    6304  29976     824
1429    1202  51293     813
1430    1390  29799     824
1431    34110   811     811
1432    39643  2213     824
1433    1199  5989     812
1434    1198  33627     824
1435    1200   824     824
1436    5990  27516     825
1437    4251  63737     824
1438    13102  1200     826
1439    56970   826     826
1440    61553  1128     803
1441    8001  1201     827
1442    1391  35035     813
1443    1375  64388     827
1444    1203  51305     821
1445    51300  1203     827
1446    29547  4255     799
1447    28322  1204     827
1448    4258  34067     810
1449    2120  9573     827
1450    8914  2892     800
1451    1692  7750     827
1452    1207  8912     809
1453    1206  36292     827
1454    1208  53576     814
1455    8913  6662     827
1456    1209  57948     791
1457    1208  57949     827
1458    1210  57771     781
1459    2896  63512     827
1460    45270  1043     804
1461    54861  1211     827
1462    1212   280     281
1463    42737  21406     827
1464    2897   279     286
1465    46839  7560     827
1466    1214  32570     235
1467    1213  1214     827
1468    14298   236     236
1469    8003  19122     827
1470    8004   905     778
1471    35149  1216     827
1472    35151  4270     779
1473    8917  1217     827
1474    10865   922     776
1475    32189  1218     827
1476    5321  41289     793
1477    11859  1219     827
1478    4277   427     428
1479    12333  1220     827
1480    1221  31229     516
1481    26123  1221     827
1482    39691   988     797
1483    1221  31230     827
1484    32412  1135     820
1485    53583  1223     827
1486    6922  4289     798
1487    6136  9204     827
1488    1231  22730     823
1489    18135  18138     827
1490    33064  1127     819
1491    1739  1727     827
1492    2914  6686     827
1493    1227  7999     803
1494     827  10988     828
1495    2289  2160     807
1496     828  11447     828
1497    1464  1143     804
1498    34906  1466     828
1499    59844  61554     819
1500    1227  12332     828
1501    33796  1740     823
1502    1659  62337     828
1503    4294  1179     824
1504    1725  19959     828
1505    40562  6689     793
1506    1232  10273     828
1507    20064  1180     779
1508    1233  40561     828
1509    2921  10992     778
1510    1234  1235     828
1511    37310   528     529
1512    6671  1236     828
1513    1237  38450     415
1514    31767  1237     828
1515    12456  4301     798
1516    1237  38451     828
1517    2926  58066     800
1518    41124  1937     828
1519    1240  41674     796
1520    2928  6693     828
1521    28064  8909     820
1522    2930  8918     828
1523    38002  1381     781
1524    7964  1242     828
1525    37916  1229     828
1526    29744  1253     784
1527     829  26101     829
1528    1244  64613     783
1529    29071  8950     829
1530    1245  2106     791
1531    2105  1245     829
1532    27924  27339     814
1533    27338  28844     829
1534    55019  1537     799
1535    12623  2053     829
1536    8013  1983     817
1537    1514  32555     829
1538    2935  62025     818
1539    1248  11034     829
1540    1475  62026     821
1541    1249  63416     829
1542    8988  2936     787
1543    1266  1275     829
1544    64615  1244     829
1545    1252  58779     807
1546    55956  1252     830
1547    6702  57330     784
1548    29746  1253     830
1549    1254   305     306
1550    11598  1254     830
1551    1255  41996     787
1552    1254  4322     830
1553    6704  47818     301
1554    5812  46625     830
1555    53640  1152     783
1556    4324  47858     830
1557    1258  1152     821
1558    1257  59712     830
1559    1273  1150     820
1560    1277  1264     830
1561    1259  62071     830
1562    1260  46807     807
1563    46806  1260     831
1564    1272  27001     783
1565    44482  1280     831
1566    1261  12940     831
1567    6727  4326     783
1568    2948  8997     832
1569    1263  46416     820
1570    42285  1263     832
1571    1264  10295     830
1572    8021  1264     832
1573    8025  62041     821
1574    11036  1265     832
1575    1266  45130     829
1576    11919  1266     832
1577    8638  1438     818
1578    8033  2374     832
1579    4335  30714     787
1580    4334  1268     832
1581    1269  11921     817
1582    10275  1269     832
1583    20586   832     832
1584    4339  28299     817
1585    13840  2957     833
1586    1271  22693     818
1587    22692  1271     833
1588    1272  22517     783
1589     833  22516     833
1590    1273  1263     820
1591    6009  1273     833
1592    41323  37732     787
1593    6719  1274     833
1594    1275  45125     829
1595    8984  1436     833
1596    8977  53639     821
1597    7568  1276     833
1598    60397  61547     830
1599    12373  2965     833
1600    46418  1273     833
1601    9794  1262     783
1602    4353  1278     834
1603    7570  11602     832
1604    1278  10297     834
1605    1280  11260     831
1606    1279  9795     834
1607    1605  12942     807
1608    6729  39779     834
1609    41925  1028     805
1610    8207  1340     834
1611    1283  5411     796
1612    1282  1283     834
1613    1284  51461     814
1614    27544  1284     834
1615    30431   977     782
1616    29126  53276     834
1617    1286   976     791
1618    54428  1286     834
1619    49193   976     794
1620    1286  49194     834
1621    1288  52159     790
1622    52162  52160     834
1623    1289  51353     816
1624    4181  51352     834
1625    8042  62632     818
1626    59551  60586     834
1627    1291  11176     788
1628    4553  61353     834
1629    61806  1493     819
1630    8043  1472     834
1631    51509  1494     834
1632    1293  1311     827
1633     835  1293     835
1634    20566  4365     798
1635    12443  1294     835
1636    44810  1232     828
1637    1294  1568     835
1638    1296  1743     824
1639    1742  1296     835
1640    1297  6153     535
1641    1296  31916     835
1642    50101  1418     816
1643    1417  63510     835
1644    2979  50617     817
1645    31029  1299     835
1646    34934  2216     788
1647    1299  2260     835
1648    1301  38103     801
1649    34933  2217     835
1650    1425  53665     800
1651    1301  45195     835
1652    47067  1122     819
1653    2982  53758     835
1654    47064  47066     802
1655    1303  9263     835
1656    48521  1123     794
1657    9796  22684     835
1658    64632  1654     789
1659    63853  1306     835
1660    10305   778     778
1661    64411  55200     835
1662    7793   778     779
1663    1307  1308     835
1664    26701   408     409
1665    26505  4374     835
1666    29155   971     793
1667    1309  1310     835
1668    1310  5850     835
1669    4691  1363     827
1670     835  1311     836
1671    15202  1364     798
1672    21941  2989     836
1673    1313  11226     793
1674    1312  15653     836
1675    6024   990     779
1676    1313  12468     836
1677    1315  26085     778
1678    1314  1315     836
1679    32494   992     526
1680    1315  27993     836
1681    25955  1183     824
1682    5986  1317     836
1683    1318  25291     418
1684    25290  1318     836
1685    6840  9112     828
1686    2996  42104     836
1687    1320  6039     800
1688    1373  1320     836
1689    9609  32438     817
1690    57379  1632     836
1691    1997  64304     782
1692    64316  1998     836
1693    1996  1026     791
1694    51246  1323     836
1695    53305  6077     818
1696    1323  1484     836
1697    1325  6025     814
1698    1599  25123     836
1699    9016  3000     834
1700    28400  27543     836
1701    51414  1079     815
1702    46406  1327     836
1703    1328  51415     783
1704    1327  10312     836
1705    1329  12394     816
1706    1328  51416     836
1707    10936  6587     794
1708    4388  54812     836
1709    11082  1032     805
1710    5419  51691     836
1711    24847  12761     806
1712    10207  1332     836
1713    59790  9033     836
1714    44359  44361     800
1715    24558  13004     837
1716    13314  1332     806
1717    3010  44757     837
1718    49032  9020     794
1719    20757  1335     837
1720    3013  9028     795
1721    19663  1336     837
1722    3014  42168     816
1723    61641  4405     837
1724    9039  44484     815
1725    10938  1338     837
1726    1339  8832     783
1727    62454  45783     837
1728    3018  9038     834
1729    42204  1340     837
1730    8063   830     831
1731    1340  1603     837
1732    1342  6029     830
1733    1341  1342     837
1734    6863  35563     818
1735    1342  8062     837
1736    1344  37670     814
1737    52641  52638     837
1738    30043   996     798
1739    46213  1507     837
1740    2357   996     791
1741    1345  8067     837
1742    42419  1098     817
1743    9180  1347     837
1744    8215   267     268
1745    37965  10687     837
1746    1349  2165     266
1747    2164  1349     837
1748    10374  26662     820
1749    8441  1350     837
1750    6032  1229     828
1751    44045  1465     837
1752    43563  1229     804
1753    48690  3025     837
1754    43762  1242     781
1755    1352  48651     837
1756    8011  62311     837
1757    1921  6229     796
1758    21541  1840     838
1759    1355  8247     824
1760    42003  1676     838
1761    1412  11116     820
1762     838  47004     838
1763    6036  10326     827
1764    53586  1357     838
1765    10316  1139     778
1766    55015  4419     838
1767    1359  9046     779
1768    1358  1359     838
1769    6781  1137     793
1770    1359  11093     838
1771    1361  7588     426
1772    1360  1361     838
1773    1362  30839     519
1774    1361  9810     838
1775    3034  4427     838
1776    54085  57343     827
1777     838  47006     839
1778    4429  11227     798
1779    20302  1565     839
1780    1365  15146     836
1781    11075  1365     839
1782    43450  13153     793
1783    1365  15147     839
1784    26119  1314     779
1785    30646  31774     839
1786    20078  1181     824
1787    1367  1368     839
1788    1369  20077     778
1789    20074  1369     839
1790    3039  37369     528
1791    12335  34898     839
1792    37453  37401     416
1793    37450  1371     839
1794    1372  40770     828
1795    37404  1372     839
1796    15221  13218     839
1797    6845  1457     836
1798    1872  1751     840
1799    16578  1002     800
1800    29763  1458     840
1801    64038  8082     827
1802     840  8081     840
1803    1376  1002     798
1804    1374  16586     840
1805    5999  47247     828
1806    25636  1770     840
1807    58120  1140     820
1808    6694  49147     840
1809    1379  58445     796
1810    1378  1379     840
1811    1936  48110     837
1812    62310  1380     840
1813    1935  1037     781
1814    57186  22531     840
1815    1382  1036     804
1816    1381  33920     840
1817    1383  1036     807
1818    1382  1383     840
1819    62196  34476     791
1820    7016  18322     840
1821    50987  55108     814
1822    1384  62197     840
1823    50985  1072     776
1824    1385  63311     840
1825    9589  58695     799
1826    61946  1534     840
1827    30003  2136     810
1828    2135  26326     840
1829    29946  2137     821
1830    1388  29986     840
1831    31802  10338     824
1832    3047  10335     840
1833    2129  37899     813
1834    30528  2220     840
1835    4443  2211     840
1836    63801   826     827
1837    6788  1392     841
1838    3052  63800     824
1839    8079  1393     841
1840    11110   841     841
1841    39957  1199     824
1842    6046  63736     842
1843    35034  1391     840
1844    42928  1395     842
1845    1396  5074     813
1846    2218  21407     842
1847    1397  51932     821
1848    5083  48983     842
1849    31651  38217     810
1850    16208  1398     842
1851    55299  1194     799
1852    4449  1399     842
1853    9074  1206     827
1854    18076  1400     842
1855    11111  6796     800
1856    1525  32572     842
1857    1402  9811     809
1858    1401  9073     842
1859    1403  1208     814
1860    5959  10995     842
1861    1404  1209     791
1862    60658  1404     842
1863    1405  1210     781
1864    60659  57952     842
1865    48608  1211     804
1866    55206  1406     842
1867    6800   442     443
1868    9075  36250     842
1869    12406   502     502
1870    1407  4457     842
1871    44365  3062     779
1872    1408  11112     842
1873    1899   962     793
1874    1409  44364     842
1875    8077  58461     797
1876    51403  4463     842
1877    47005  7900     820
1878    5931  47007     842
1879    4466  1177     803
1880    8099  1413     842
1881    1414  1177     823
1882    1413  8097     842
1883    6805  1011     798
1884    12493  7593     842
1885    1416  45044     819
1886    1736  9899     842
1887    64429  1571     842
1888    48425  1428     835
1889    65045  8102     843
1890    8103   816     816
1891    50103  1418     843
1892    1419  6053     817
1893    1418  1419     843
1894    54058  1572     803
1895    28366  29528     843
1896    30299   357     358
1897    10101  1421     843
1898    6057   326     326
1899    6809  1422     843
1900    3078  63498     802
1901    1422  48786     843
1902    1424  62776     789
1903    1423  10353     843
1904    63156  64873     800
1905    54718  55633     843
1906    58132  59914     788
1907    10210  1426     843
1908    64003  6058     801
1909    6539  1427     843
1910    8100  62565     843
1911    63701   834     835
1912    8101  1428     844
1913    11973  6059     771
1914    3083  11970     844
1915    1430  10843     219
1916    10842  1430     844
1917    9091   954     788
1918    57039  1431     844
1919    9090  6817     215
1920    3088  4487     844
1921    1433  46680     767
1922    6450  1433     844
1923    1434  64349     789
1924    1433  46681     844
1925    1434  64350     844
1926    1435  1471     787
1927     845  10379     845
1928    10347  31703     833
1929    12348  1436     845
1930    1437  5688     832
1931    1436  1437     845
1932    3094  53981     818
1933    10788  1438     845
1934    61955  61984     817
1935    11558  2372     845
1936    1440  61968     821
1937    1439  61953     845
1938    64991   802     802
1939    6824  3096     845
1940    1442  7598     367
1941    10916  3097     845
1942    5692  30298     843
1943    3099  53934     845
1944    1444   341     341
1945    3100  55524     845
1946    4503   397     398
1947    58567  4501     845
1948    31348  4504     546
1949    5824  31349     845
1950    11128   544     545
1951    24595  1447     845
1952    29001  1127     819
1953    3104  9106     845
1954    1449  30482     543
1955    30481  1449     845
1956    26700   971     793
1957    4511  1450     845
1958    30147   540     541
1959    30282  1451     845
1960    22526  31808     404
1961    24001  1452     845
1962    1453  53119     835
1963    1655  23980     845
1964    39480   373     374
1965    39124  1454     845
1966    1455  39092     382
1967    39116  37642     845
1968    40771  1372     839
1969    4739  32777     845
1970    47728  1319     836
1971    62221  4516     845
1972    18215  1374     840
1973    29764  1458     845
1974    1459  8129     800
1975    1458  11138     845
1976    12938  1376     798
1977    1459  10372     845
1978    8951  1240     796
1979    26071  1628     845
1980    45638  1142     781
1981    44190  1462     845
1982    1463  22031     820
1983    31236  18285     845
1984    22722  18853     804
1985    5977  1464     845
1986    1465  4522     837
1987    3117  1465     845
1988    1852  12577     828
1989    8135  4525     845
1990    35559  40427     807
1991    11987  3120     845
1992    62675  62149     791
1993    35040  2235     845
1994    1928  62674     814
1995    49829  1469     845
1996    3122  62427     799
1997    11685  2052     845
1998    64104  1982     845
1999    64277  1251     787
2000    3124  1471     846
2001    3125  64099     834
2002    4528  40175     846
2003    9956  1275     833
2004    11968  31702     846
2005    30212  11151     832
2006    11725  1474     846
2007    1475  1250     821
2008    62027  1475     846
2009    1476  62035     829
2010    62034  1476     846
2011    62072  1259     820
2012    12321  4535     846
2013    9961  1612     818
2014    15665  1478     846
2015    1479  1105     807
2016    17846  35771     846
2017    52633  1343     837
2018    1479  53622     846
2019    25110  1106     805
2020    1480  52637     846
2021    1482  20171     796
2022    1481  1482     846
2023    1483  37923     814
2024    37918  1483     846
2025    46461  1324     836
2026    35742  3137     846
2027    51245  45223     791
2028    1484  1485     846
2029    1486  51238     782
2030    51227  1486     846
2031    35899  1111     794
2032    51258  51243     846
2033    34448  1112     790
2034    1487  1488     846
2035    10949  1113     802
2036    9134  3142     846
2037    3143  48702     801
2038    6945  1490     846
2039    1491  38706     816
2040    3145  31701     846
2041    1492  1291     788
2042    3146  6835     846
2043    1492  9999     846
2044    1493  61937     819
2045    61928  1493     847
2046    64444   847     847
2047    64733   834     834
2048    6080  11997     848
2049    46383  3149     819
2050    51511  51507     848
2051    10539  1979     788
2052    1495  51859     848
2053    54102  63995     816
2054    1496  54386     848
2055    3153  64019     801
2056    1497  52209     848
2057    2340  43749     802
2058    1498  6256     848
2059    57467  2085     794
2060    8425  1500     848
2061    58356  6879     790
2062    3158  1501     848
2063    1502  58654     836
2064    52584  1502     848
2065    52770  63291     782
2066    1502  64302     848
2067    6880  2354     805
2068    64119  9147     848
2069    1505  48165     796
2070    1504  1505     848
2071    30045   996     791
2072    47082  1506     848
2073    6082  42293     837
2074    46215  1507     848
2075    45682  3162     798
2076    1507  1508     848
2077    27950  28857     799
2078    8156  23239     848
2079    1617  22762     814
2080    22212  34631     848
2081    1511  28798     807
2082    1616  31522     848
2083    1512  21113     820
2084    1511  31526     848
2085    1513  8158     817
2086    1791  8155     848
2087    1538  55017     829
2088    3166  1539     848
2089    1515  64470     845
2090    7439  3167     848
2091    1925  1155     821
2092    2304  44237     848
2093    1924  21697     776
2094    31129  3170     848
2095    18212  1919     848
2096    11491  1387     840
2097     849  1533     849
2098    42717  42719     799
2099    2133  10670     849
2100    35779  1155     821
2101    64573  2209     849
2102    3173  42715     849
2103    1698  42150     824
2104    54681  1521     850
2105    1522  1527     822
2106     850  17710     850
2107    1523  1528     810
2108    1522  18256     850
2109    33819  1529     800
2110    1523  39700     850
2111    31085  1530     842
2112    32577  1525     850
2113    1526  31086     827
2114    1525  1526     850
2115    34340  1688     850
2116    1527  18922     822
2117    18181  1527     851
2118    57354  1059     810
2119    39694  1528     851
2120    4580  57353     800
2121    36481  1529     851
2122    15603  1400     842
2123    1529  33005     851
2124    1690  13168     827
2125    1530  1531     851
2126    2117  9833     824
2127    8163  1696     851
2128    7171  1518     849
2129    54676  1533     851
2130    1534  60185     840
2131    1915  1534     851
2132    2131  13650     776
2133    1534  1535     851
2134    1536  43303     845
2135    62539  3180     851
2136    1537  43304     799
2137    1536  43305     851
2138    27507  2317     829
2139    55018  1538     851
2140    54566  3181     848
2141    52132  2318     851
2142    3182  63515     817
2143    1539  1540     851
2144    13978  1149     820
2145    47866  1788     851
2146    7735  1614     851
2147    37971  4588     807
2148    6249  37972     852
2149    40559  8212     814
2150    6118  40560     852
2151    10398  1509     848
2152    1543  34888     852
2153    1545  6090     799
2154    1544  1545     852
2155    11394  1129     819
2156     852  42125     852
2157    7607  12492     842
2158    3187  6901     852
2159    1548  1011     803
2160    1547  9835     852
2161    34716  36967     791
2162    1545  23155     852
2163    6903  1347     817
2164    44007  43099     852
2165    1551  10401     837
2166    1550  4595     852
2167    2282  26498     796
2168    17165  1779     852
2169    10206  1025     805
2170    4596  1956     852
2171    1554  10626     782
2172    4597  2025     852
2173    3192  28841     845
2174    3193  7055     852
2175    12000  1376     840
2176    25541  4601     852
2177    1557  4602     800
2178    29823  26321     852
2179    1558  22523     828
2180    1810  20372     852
2181    1559  1184     824
2182    6905  11219     852
2183    32506   993     419
2184    1559  3198     852
2185    32501   992     526
2186    32523  32492     852
2187    1562   991     778
2188    31798  5352     852
2189    1563   990     779
2190    1562  1563     852
2191    1564   989     793
2192    1563  9191     852
2193    15203  1364     839
2194    1564  9192     852
2195    20218  10406     836
2196    1565  20300     852
2197    1826  13610     798
2198    3204  21458     852
2199    8362  53791     835
2200    1567  19759     852
2201    1569  1225     827
2202    18137  18845     852
2203    1570  1225     823
2204    1569  1570     852
2205    11182  1548     852
2206    1571  64983     842
2207    64982  1571     853
2208    1734  1732     853
2209    61458  6097     803
2210    58454  1572     854
2211    11237   351     352
2212    6927  1573     854
2213    62242  50030     845
2214    61609  4622     854
2215    1575   329     329
2216    27370  1575     854
2217    46385  3214     789
2218    1575  12939     854
2219    1577  63119     802
2220    5969  54471     854
2221    1578  64870     800
2222    1577  63120     854
2223    63719  1302     835
2224    1578  12617     854
2225    8191  1091     801
2226    47218  2258     854
2227    1581  17917     817
2228    1580  6934     854
2229    8192  1089     788
2230    2263  27905     854
2231    1583  8186     816
2232    1582  11238     854
2233    1583  10410     854
2234    4628  48531     832
2235    3221  1584     855
2236    6106  12007     783
2237    8193  1585     855
2238    48916  12026     831
2239    1585  46512     855
2240    11239  1117     819
2241     854  48333     855
2242    6967  9246     788
2243    3225  57304     855
2244    6941  61421     848
2245    8196  1589     855
2246    52210  1497     816
2247    3229  63239     855
2248    3230  6928     801
2249    9223  24590     855
2250    8197  1489     846
2251    4641  1592     855
2252    1593  6946     802
2253    10424  8200     855
2254    34445  1112     818
2255    36922  1594     855
2256    1595  6949     790
2257    1594  8202     855
2258    1596  6112     794
2259    6950  3236     855
2260    1597  37631     791
2261    3237  51990     855
2262    52572  37632     782
2263    1597  52573     855
2264    59987  51758     836
2265    59666  11996     855
2266    1600  29727     814
2267    25124  1600     855
2268    25111  1107     796
2269    6756  11242     855
2270    3240  12485     805
2271    1601  1602     855
2272    6008  1341     837
2273    4649  1603     855
2274    10428  1281     834
2275    8209  31402     855
2276    1605  1281     807
2277    1604  26697     855
2278    1605  12017     855
2279    16914  1584     832
2280     855  6104     856
2281    33842  8185     783
2282    16910  18522     856
2283    42825  6955     834
2284    6728  1608     856
2285    11627  1710     845
2286    9369  1609     856
2287    1803  20143     273
2288    41981  1711     856
2289    1611  63494     830
2290    42824  9238     856
2291    6960  1105     818
2292    1611  63495     856
2293    3251  4659     846
2294    1612  1613     856
2295    1614   851     851
2296    1613  11262     856
2297    42660  43628     807
2298    1989  42098     856
2299    1616  1510     848
2300    34880  1616     856
2301    1617  1510     814
2302    1616  1617     856
2303    27954  22213     799
2304    27953  1618     856
2305    42965  1099     817
2306    27952  2360     856
2307    42963  1099     791
2308    1619  42964     856
2309    46243  1348     268
2310    42818  2195     856
2311    3256  6120     837
2312    46242  3257     856
2313    1623  20908     266
2314    20907  1623     856
2315    7194  1552     796
2316    30270  2285     856
2317    1625   804     804
2318    2242  3260     856
2319    17191   275     276
2320    17239  1626     856
2321    1627   781     781
2322    17240  3262     856
2323    20148  20159     856
2324    9368  1609     845
2325    26797  27249     857
2326    1629  12022     819
2327     857  1629     857
2328    34506  1712     852
2329    1628  1806     857
2330    45928  1865     798
2331    43620  1631     857
2332    2090  16616     836
2333    32792  1632     857
2334    30959  1094     790
2335    9245  23084     857
2336    2011  1093     794
2337    10623  22831     857
2338    2010  1093     817
2339    1634  51584     857
2340    2084  61881     802
2341    1635  51575     857
2342    11267  2003     801
2343    2076  59834     857
2344    54318  3269     816
2345    1637  59831     857
2346    8415  18323     788
2347    62848  64026     857
2348    8414  18324     855
2349    57305  1640     857
2350    12954  1629     857
2351    16218  1587     819
2352    10442  36493     858
2353    1642  1587     855
2354    14946  10448     858
2355    6974  12481     788
2356    1642  16222     858
2357    1644  1118     816
2358    1643  9256     858
2359    1645  59437     801
2360    1644  4676     858
2361    13164  1415     798
2362     858  1646     858
2363    3276  11271     852
2364    1646  10017     858
2365    51443  55307     842
2366    49235  1648     858
2367    1649  1120     817
2368    1645  59440     858
2369    57686  1121     800
2370    7255  57692     858
2371    51089  3278     802
2372    57676  1651     858
2373    1652  1305     794
2374    51088  4682     858
2375    1653  10455     835
2376    1652  3280     858
2377    63725  1124     789
2378    26359  22714     858
2379    23993  1452     845
2380    57144  63276     858
2381    23989  23992     404
2382    1655  1656     858
2383    1657  6067     541
2384    23982  25065     858
2385    1658  8126     793
2386    1657  1658     858
2387    62606  1230     828
2388    62338  1659     858
2389    59842  1226     827
2390    11329  57966     858
2391    1661  1729     803
2392    1728  8275     858
2393    28969  26347     858
2394    1662  43218     824
2395    6648  49750     859
2396    39805  1414     842
2397    13165  1663     859
2398    47191  6135     803
2399    13141  1664     859
2400    34679  32055     823
2401    32053  34682     859
2402    8007  25107     827
2403    38652  1666     859
2404    27209  1293     835
2405    5995  32020     859
2406    1668  32416     836
2407    37961  5522     859
2408    1669  32912     839
2409    32911  1669     859
2410    45158  9766     793
2411    35488  1670     859
2412    21470   918     779
2413    18975  1671     859
2414    20098  6137     525
2415    1671  20100     859
2416    3297  10462     778
2417    1672  1673     859
2418    1674  26420     419
2419    18279  10463     859
2420    43219  1662     859
2421    1675  10543     820
2422    54133  3300     860
2423    1676  1355     838
2424    3301  4700     860
2425    1677  1186     796
2426    1676  42002     860
2427    1678  24512     824
2428    1677  8239     860
2429    13948   807     807
2430    6649  1679     860
2431    3305  58724     776
2432    64042  1680     860
2433    4708  44750     804
2434    51966  6225     860
2435    1682  41678     781
2436    3307  36075     860
2437    1683  1041     791
2438    59665  4710     860
2439    1684  1070     814
2440    1683  56890     860
2441    53575  53578     808
2442    1684  53579     860
2443    8257  1048     800
2444    12297  1686     860
2445    1687  1048     809
2446    31745  3311     860
2447    1688  35111     850
2448    3312  36290     860
2449    1689  34787     851
2450    1688  34786     860
2451    30102  1531     827
2452    33503  9889     860
2453    1691  13617     842
2454    6892  15357     860
2455    31786   860     860
2456    10020  5717     827
2457    7007  29878     861
2458    3316  5713     842
2459    5771  1693     861
2460    63638  5571     836
2461     861  1753     861
2462    42632  1631     857
2463    1694  32791     861
2464    53615  1532     851
2465    10397  1696     861
2466    1697  8234     850
2467    1696  1697     861
2468    1698  4728     824
2469    1697  12059     861
2470    42334  49944     814
2471    42149  52920     861
2472    1700   959     791
2473    1913  34435     861
2474    1701   959     776
2475    1700  1701     861
2476    63671  1384     840
2477    3321  7011     861
2478    36886  1851     807
2479    36349  1931     861
2480    48652  1352     804
2481    45664  1704     861
2482    1705  1353     781
2483    1704  1705     861
2484    1706  1353     837
2485    1705  1706     861
2486    6148  1241     820
2487    1706  51563     861
2488    1708  3326     828
2489    1707  1708     861
2490    1709  32144     796
2491    11000  1709     861
2492    1710  43208     845
2493    34569  38349     861
2494    8325  20151     856
2495    1710  9869     861
2496    32897  1863     852
2497    1711  1805     861
2498    3328  7112     798
2499    1712  6207     861
2500    45926  1767     861
2501    63095  64279     800
2502    12548  46733     862
2503    50020   839     840
2504    36138  1715     862
2505    1716  42504     839
2506    42503  1716     862
2507    39096  1455     845
2508    38770  1717     862
2509    12060   912     778
2510    3335  40870     862
2511    1719  20759     779
2512    1718  1719     862
2513    8270   970     793
2514    1719  21744     862
2515    1721  8265     410
2516    35715  1721     862
2517    1722   534     534
2518    1721  36354     862
2519    1723  39905     835
2520    1722  3339     862
2521    57444   823     824
2522    36024  1724     862
2523    8272  1231     828
2524    19960  1725     862
2525    1726  1231     823
2526    1725  8273     862
2527    9331  1660     827
2528    9332  4746     862
2529    24505  8281     858
2530    6159  10489     862
2531    5551  59843     803
2532    22548  1729     862
2533    41982  1416     842
2534    11649  1730     862
2535    36957  8274     819
2536    9326  4751     862
2537    64428  1571     853
2538    27206  1732     862
2539    10487  21348     862
2540    1733  46067     848
2541    34505  1733     863
2542    1734  27493     853
2543    25937  1734     863
2544    37647  1891     819
2545    12510  3352     863
2546    7136  49234     842
2547    9325  1736     863
2548    1887  10571     858
2549    44403  3354     863
2550    5473  59297     803
2551    32925  1738     863
2552    3356  53832     827
2553    5561  1739     863
2554    1884  37383     823
2555    7637  3358     863
2556    6216  1295     828
2557    39781  1741     863
2558    1882  1295     835
2559    3360  10568     863
2560    44809  1232     824
2561    1742  1743     863
2562    1880   533     534
2563    1743  8364     863
2564    3363  7131     411
2565    3364  1745     863
2566    25651  6162     793
2567    1745  30142     863
2568    7047   916     779
2569    1746  24672     863
2570    1876  9339     778
2571    1747  1748     863
2572    16605  16603     845
2573    7049  37746     863
2574    1750  10497     839
2575    1749  16604     863
2576    3370  9118     840
2577    10050  1751     863
2578    46298  3372     800
2579    32725  1752     863
2580    37655  54489     861
2581    63765  1753     863
2582    57378  1632     857
2583    1753  39147     863
2584    37347  36239     817
2585    2018  63927     863
2586    40464  10768     863
2587    1756  1733     848
2588     863  10486     864
2589    28744  1766     800
2590     864  30315     864
2591    8514  38129     817
2592    55465  2351     864
2593    30384  3377     836
2594    32255  2089     864
2595    10504  1695     861
2596    2068  33356     864
2597    1761  3379     857
2598    1760  1761     864
2599    32542  1460     798
2600    34663  1762     864
2601    6168  32541     845
2602    27916  1763     864
2603    4777  1556     852
2604    1763  32699     864
2605    1765  1556     840
2606    1764  8290     864
2607    1765  3384     864
2608    1809  1938     800
2609    29662  1766     865
2610    46772  1943     861
2611    42913  46779     865
2612    39141  1867     857
2613    1866  39143     865
2614    10500  6166     798
2615    8299  1769     865
2616    7076  3387     840
2617    25637  1770     865
2618    4778  1555     852
2619    6908  25540     865
2620    1772  7056     845
2621    1771  10510     865
2622    1772  12551     865
2623    1773  1987     851
2624    45968  1773     866
2625    2365  9711     820
2626    3391  49100     866
2627    1775  6174     782
2628    2022  32652     866
2629    3393  36592     798
2630    8305  2066     866
2631    36323  1955     805
2632    1954  7192     866
2633    1778  2095     796
2634    2094  1778     866
2635    1779  15363     852
2636    15788  4784     866
2637    4785  1348     837
2638    33081  2167     866
2639    46240  1621     856
2640    3400  2322     866
2641    1782  2197     791
2642    2196  1782     866
2643    1783  42605     807
2644    1782  30691     866
2645    41941  41918     814
2646    41915  41949     866
2647    3403  1102     817
2648    41935  1785     866
2649    1786  1102     799
2650    41961  10519     866
2651    21111  1512     848
2652    45319  3404     866
2653    21110  4789     866
2654    45965  1773     851
2655    1985  45960     867
2656    1789  1821     823
2657    53868  53870     867
2658    53777  1822     835
2659    53948  37207     867
2660    34873  4791     848
2661    47864  2367     867
2662    7067  44019     817
2663    1791  1792     867
2664    1793  50604     799
2665    1792  9364     867
2666    44382  1146     814
2667    1793  52357     867
2668    1795  1145     791
2669    1794  45937     867
2670    11354  1144     807
2671    1795  4794     867
2672    1797  22029     820
2673    1796  8314     867
2674    30272  3410     837
2675    2162  2287     867
2676    4662  6964     796
2677    2240  3411     867
2678    40228  1625     804
2679    5934  1800     867
2680    1801   277     278
2681    1800  36176     867
2682    1802  1627     781
2683    3413  1802     867
2684    1803  1610     273
2685    4798  7111     867
2686    1804  20123     856
2687    1803  20137     867
2688    45696  3415     861
2689    10526  1805     867
2690    51698  1630     857
2691    27250  1806     867
2692    1946  9352     845
2693    26072  1807     867
2694    3418  38297     840
2695    44796  4803     867
2696    36754  6187     800
2697    30302  1809     867
2698    9354  4804     852
2699    13103  22830     867
2700    10522  1238     828
2701    22587  1811     867
2702    23753  11366     798
2703    27602  8330     867
2704    9065  51835     836
2705    1812  29348     867
2706    4811   416     417
2707    13208  1814     867
2708    1815  37241     527
2709    35391  1815     867
2710    21216  1181     824
2711    26819  1816     867
2712    21215  1181     778
2713    9063  1817     867
2714    1818  5579     779
2715    1817  1818     867
2716    1819  26313     839
2717    1818  7702     867
2718    1820  38479     793
2719    31775  30645     867
2720    45439  1790     867
2721    5492  11728     823
2722    53871  1821     868
2723    12390  1568     835
2724    1821  52078     868
2725    1823  1848     851
2726     868  51266     868
2727    61798  2232     814
2728    51281  9562     868
2729    1825  62668     791
2730    61893  62669     868
2731    15050  17337     798
2732    1822  43191     868
2733    1827  12566     852
2734    1826  12565     868
2735    1828  11368     836
2736    7712  1828     868
2737    1829  1669     839
2738    27764  3434     868
2739    1830  10329     859
2740    6038  10328     868
2741    34497   967     793
2742    11577  1831     868
2743    25921   523     524
2744    30401  1832     868
2745    8339   920     421
2746    15656  15766     868
2747    12567  6195     779
2748    1833  9971     868
2749    1835  20919     778
2750    1834  13210     868
2751    6196  1185     824
2752    1835  20920     868
2753    6197  1675     860
2754    6991  3442     868
2755    35194  1675     820
2756    1837  8342     868
2757    63425  1354     796
2758    46430  49173     868
2759    31316  31249     838
2760    1839  8337     868
2761    6200  1038     800
2762    44362  1841     868
2763    57283  1038     807
2764    1841  8345     868
2765    31090  31118     781
2766    39922  31108     868
2767    1844  31092     804
2768    1843  1844     868
2769    8346  1702     840
2770    9390  18321     868
2771    1846  6201     861
2772    1845  11375     868
2773    1846  12572     868
2774    1847  7098     863
2775     869  1847     869
2776    1967  40238     851
2777    51264  1848     869
2778    49831  1469     814
2779    58243  2109     869
2780    45830  1468     791
2781    56891  60754     869
2782    42112  1467     807
2783    2234  54615     869
2784    10555  29695     828
2785    1851  36885     869
2786    1853  32729     845
2787    11379  7107     869
2788    10556  1350     837
2789    8132  43057     869
2790    1855  9402     820
2791    44046  7108     869
2792    40783  1017     804
2793    39200  1856     869
2794    1857  40784     796
2795    34376  1857     869
2796    1858   928     781
2797    1857  41690     869
2798    6205   928     279
2799    1858  8347     869
2800    1860  8730     867
2801    6486  10869     869
2802    1861  4842     856
2803    1860  1861     869
2804    1862   273     273
2805    28431  3459     869
2806    4845  55079     852
2807    32899  1863     869
2808    6208  1713     861
2809    8353  1864     869
2810    1865  1713     798
2811    1864  8355     869
2812    46780  8222     865
2813    6124  1866     869
2814    1867  1944     857
2815    39142  1867     869
2816    1868  40626     864
2817    1867  1945     869
2818    1869  9415     836
2819    63349  1869     869
2820    62370  4775     869
2821    11341  1714     800
2822    34453  1870     870
2823    37209  1890     853
2824     870  10573     870
2825    7648  36137     840
2826    9925  1872     870
2827    12992  4853     863
2828    11666  4854     870
2829    1874  20829     845
2830    26057  9301     870
2831    4856  16600     839
2832    1874  20830     870
2833    21439  1748     778
2834    3472  13306     870
2835    1877  21416     779
2836    1876  1877     870
2837    3474  18366     411
2838    16585  17380     870
2839    1879  18367     793
2840    1878  6213     870
2841    22371  22199     534
2842    21423  1880     870
2843    6215  1743     824
2844    21460  6161     870
2845    30031  1742     835
2846    1881  3477     870
2847    8366  39765     828
2848    8365  1883     870
2849    37045  1740     823
2850    1883  39810     870
2851    1885  7730     827
2852    3480  7125     870
2853    1886  31667     803
2854    1885  10034     870
2855    8367  6218     858
2856    1886  31669     870
2857    11647  7636     842
2858    9423  46390     870
2859    30208  1735     819
2860    3484  42282     870
2861    6220  41754     870
2862    29421   852     853
2863    32648  1890     871
2864    11393  1546     819
2865    45711  3487     871
2866    1892  8371     852
2867    1891  37646     871
2868    1893  12455     798
2869    6902  12453     871
2870    11396  4878     797
2871    4879  12590     871
2872    3492  64974     820
2873    8795  1895     871
2874    27090   822     823
2875    26995  1896     871
2876    7147  59758     803
2877    53569  1897     871
2878    51520  1410     842
2879    11115  1898     871
2880    51519  1410     793
2881    53944  4890     871
2882    4891   510     511
2883    13381  1900     871
2884    32582  3500     777
2885    1900  30049     871
2886    9443  4893     779
2887    3502  31480     871
2888    4898   904     435
2889    3977  20332     871
2890    1904  19605     778
2891    1903  9732     871
2892    17974  1215     827
2893    31257  3505     871
2894    1906  4904     808
2895    62057  4905     871
2896    17245  1681     860
2897    17250  17273     871
2898    1908  1681     804
2899    1907  17246     871
2900    1909  38533     781
2901    27820  6142     871
2902    8375  1191     824
2903    7169  38134     871
2904    1911  6226     800
2905    1910  11413     871
2906    1912  51864     791
2907    1911  9455     871
2908    1913  1699     861
2909    34437  1913     871
2910    1914  1699     814
2911    1913  1914     871
2912    1915  56884     851
2913    3512  63657     871
2914    3513  7170     840
2915    1915  60184     871
2916    8543  3514     799
2917    2132  54365     871
2918    54995  53860     821
2919    5764  2271     871
2920    3516  64709     848
2921    18213  1919     871
2922    2207  16898     871
2923    9391  46429     820
2924    41127  41131     872
2925    10546  1839     796
2926    46232  46230     872
2927    48109  1333     800
2928    3520  48778     872
2929    1923  19352     848
2930    2178  9459     872
2931    1924  10586     776
2932    1923  19353     872
2933    28772  3523     821
2934    8159  33077     872
2935    8410  1470     799
2936    11693  2299     872
2937    6293  51267     851
2938    32552  2112     872
2939    1928  61892     814
2940    2230  47160     872
2941    1929  62671     791
2942    1928  61925     872
2943    1930  57745     868
2944    1929  62672     872
2945    3527  51667     861
2946    36350  1931     872
2947    35558  1383     840
2948    44400  1932     872
2949    26729  1036     804
2950    35557  1933     872
2951    26728  1036     807
2952    1933  24247     872
2953    33919  1381     781
2954    1934  1935     872
2955    1936  51907     837
2956    51906  1936     872
2957    8387  1922     872
2958    12718  1239     828
2959    41126  1937     873
2960    11359  1239     800
2961    42430  1938     873
2962    28108  1808     867
2963    1938  30301     873
2964    1940  28106     840
2965    1939  10592     873
2966    8389  2019     836
2967    9465  1941     873
2968    44869  1760     864
2969    1941  29431     873
2970    44865  1760     861
2971    2248  27213     873
2972    40624  1761     857
2973    1943  40625     873
2974    38633  1868     869
2975    1944  1945     873
2976    3534  9466     845
2977    12550  1946     873
2978    45618  51699     852
2979    9467  1947     873
2980    42633  1631     798
2981    11403  1948     873
2982    21008  9449     865
2983    12089  1949     873
2984    21007  11410     873
2985    8393  1759     864
2986     873  30351     874
2987    1951  22497     836
2988    1950  1951     874
2989    2067  47021     782
2990    54430  6278     874
2991    10599  1776     798
2992    48586  3543     874
2993    26215  3544     866
2994    1953  26216     874
2995    8392  1553     805
2996    4941  1955     874
2997    2063  31310     852
2998    1955  36320     874
2999    45400  39824     796
3000    1956  1957     874
3001    2061  40745     856
3002    37953  3546     874
3003    53072  2029     837
3004    39706  1959     874
3005    43118  2030     867
3006    39743  7285     874
3007    2058  2102     820
3008    1960  34297     874
3009    45305  2103     807
3010    34362  40202     874
3011    12620  44674     791
3012    3549  8456     874
3013    27919  1246     814
3014    12124  1964     874
3015    1965  11620     829
3016    9849  1965     874
3017    2154  12181     845
3018    13015  34868     874
3019    1967  2037     851
3020    5018  7337     874
3021    6308  1926     799
3022    1967  12129     874
3023    2150  1926     872
3024    47780  4951     874
3025    6242   997     776
3026    38655  1970     874
3027    2148  10675     871
3028    35130  1971     874
3029    42363   874     874
3030    2050  2297     799
3031    9493  1972     875
3032    1973  8564     871
3033    7397  3561     875
3034    1974  38553     776
3035    38552  1974     875
3036    1975  7745     872
3037    3563  5625     875
3038    11451  2049     875
3039    1976  7208     799
3040     875  42027     876
3041    3564  56895     848
3042    10395  1977     876
3043    59952  11509     821
3044    42141  64035     876
3045    64793   876     876
3046    11430  1588     788
3047    31741  3565     877
3048    1980  8416     855
3049    1979  8412     877
3050    62687  61960     821
3051    59951  62907     877
3052    1982  61966     845
3053    1981  62688     877
3054    63762  4964     817
3055    1982  64103     877
3056    2370  63138     829
3057    8012  1984     877
3058    8411   866     867
3059    57903  10606     877
3060    1986  45962     866
3061    45958  45961     877
3062    44410  46976     851
3063    45969  1987     877
3064    1988  48967     820
3065    48966  1988     877
3066    5591  1614     856
3067    4780  40750     877
3068    10614  1542     807
3069    1989  42097     877
3070    36476  3571     852
3071    1990  1991     877
3072    51797  1344     814
3073    1991  42658     877
3074    51796  1344     837
3075    52823  1993     877
3076    41985  4969     796
3077    52401  9500     877
3078    37650  7217     805
3079    1994  1995     877
3080    51247  1323     791
3081    1995  1996     877
3082    6252  62352     782
3083    1996  44633     877
3084    63797  64311     836
3085    64305  1998     877
3086    47107   975     790
3087    53652  1999     877
3088    2000  5602     794
3089    3578  2000     877
3090    10613  1499     848
3091    45504  2001     877
3092    2002  1499     802
3093    2001  33384     877
3094    62051  1498     801
3095    2002  9507     877
3096    2004  6257     816
3097    9252  49627     877
3098    57266  4982     877
3099    2005  36219     855
3100    35051  2005     878
3101    2006  45576     788
3102    2005  2006     878
3103    62851  1638     816
3104    53840  8431     878
3105    2008  2075     801
3106    2074  2008     878
3107    12224  2269     802
3108    2008  41508     878
3109    2010  51583     817
3110    2009  20650     878
3111    2011  1634     794
3112    2010  2011     878
3113    28206  13034     857
3114    2011  51355     878
3115    2253  64509     790
3116    21495  2013     878
3117    8223   878     878
3118    2252  39427     857
3119     878  2014     879
3120    2015  2041     871
3121     879  27739     879
3122    2016  2042     776
3123    2015  9862     879
3124    11436  7236     872
3125    2308  9519     879
3126    2251  1754     863
3127    5027  38639     879
3128    51986  1632     836
3129    3593  53847     879
3130    37751  3594     873
3131    2019  2020     879
3132    2021  42254     864
3133    2020  2021     879
3134    59580  5158     866
3135    58252  3596     879
3136    32589   994     782
3137    2022  32651     879
3138    2024  32649     798
3139    36591  2024     879
3140    9630  4993     852
3141    36593  11517     879
3142    8218   804     805
3143    2025  2026     879
3144    6266  52144     796
3145    10402  2027     879
3146    2028  44743     856
3147    44742  2028     879
3148    10628  1798     837
3149    51706  53076     879
3150    2030  45410     867
3151    45408  2030     879
3152    2238  4995     820
3153    43116  2031     879
3154    9526  1228     807
3155    40574  47559     879
3156    2033  36001     791
3157    47235  6291     879
3158    2034  17773     829
3159    2033  42395     879
3160    37833  48410     814
3161    31562  2035     879
3162    2036  35915     845
3163    35914  2036     879
3164    51271  1848     851
3165    7339  2153     879
3166    42701  1968     874
3167    10603  24036     879
3168    42697  42700     799
3169    4999  9528     879
3170    2040  8587     875
3171    9537  2040     879
3172    9499  44452     879
3173    2041  13541     871
3174    13030  2041     880
3175    2042  34484     776
3176    34483  2042     880
3177    2043  7434     872
3178    7235  3613     880
3179    64695  57698     802
3180    64295  2044     880
3181    2254  8556     794
3182    8461  13046     880
3183    20429  2012     857
3184    13544  28205     880
3185    2047  9852     878
3186    2046  2047     880
3187    34018  10622     790
3188    2047  11622     880
3189    9536  1972     875
3190    12615  2049     880
3191    3620  11457     799
3192    9629  5016     880
3193    2295  49036     851
3194    8585  20696     880
3195    2294  11438     845
3196    46523  3622     880
3197    2053  12600     829
3198    31145  3623     880
3199    30735  2158     814
3200    17603  2054     880
3201    12621  1963     874
3202    8400  15579     880
3203    2056  1963     791
3204    3626  30097     880
3205    40201  1962     807
3206    3627  6274     880
3207    25621  10652     820
3208    8473  25622     880
3209    2100  10645     867
3210    7287  2101     880
3211    2060  39718     837
3212    31452  8470     880
3213    2061  42683     856
3214    2060  42682     880
3215    37362  34045     796
3216    2061  40744     880
3217    36951  35754     852
3218    2062  33403     880
3219    26178  1955     805
3220    31311  2064     880
3221    8457  1776     798
3222    8394  31156     880
3223    2066  5024     866
3224    2065  2066     880
3225    2067  47017     782
3226    6175  2067     880
3227    6279  25633     864
3228    3634  49001     880
3229    33996  31840     836
3230    31839  2069     880
3231    33359  31841     873
3232    2069  2070     880
3233    2275  2333     863
3234    62354  2071     880
3235    34016  34239     880
3236    54799  3639     817
3237     880  2072     881
3238    2073  38640     816
3239     881  2073     881
3240    2074  39237     878
3241    2073  38641     881
3242    39704  59832     801
3243    2074  2075     881
3244    6259  53493     857
3245    2267  5029     881
3246    59837  39703     881
3247    2077  2073     816
3248     881  2077     882
3249    2078  27546     813
3250    12173  2078     882
3251    8460  28321     799
3252    26093  2079     882
3253    2080  31903     827
3254    6296  26164     882
3255    11454  16270     810
3256    6297  30520     882
3257    33523  3646     842
3258    2081  33524     882
3259    2083  51729     801
3260    34433  51730     882
3261    24980  2009     802
3262    4668  40711     882
3263    9590  2182     794
3264    61771  8504     882
3265    48116  2183     790
3266    2085  52204     882
3267    2177  1755     863
3268    2086  48114     882
3269    2176  8467     817
3270    2087  46454     882
3271    2332  39949     864
3272    38130  6315     882
3273    2331  36029     836
3274    2089  30543     882
3275    2091  2278     782
3276    3651  7405     882
3277    26217  1953     798
3278    49572  44089     882
3279    32886  5040     805
3280    2092  2093     882
3281    3653  37014     866
3282    26829  34081     882
3283    2095  33555     796
3284    2094  2095     882
3285    2096  33556     852
3286    2095  2096     882
3287    39736  1958     856
3288    43061  4943     882
3289    2098  1959     837
3290    2097  39729     882
3291    2099  39710     874
3292    2098  39709     882
3293    2100  2059     867
3294    5041  3654     882
3295    24140  8472     880
3296    2100  6288     882
3297    2102  22550     820
3298    20763  2102     882
3299    45309  42370     807
3300    45310  2103     882
3301    2104  12166     879
3302    8455  13045     882
3303    25991  3658     829
3304    18249  2105     882
3305    18029  35550     791
3306    2105  2106     882
3307    2107  44773     845
3308    44772  2107     882
3309    2108  50514     814
3310    50510  2108     882
3311    2109  10654     869
3312    2108  50515     882
3313    2231  61795     868
3314    58244  2110     882
3315    2111  1927     851
3316    7290  53884     882
3317    2112  1927     872
3318    2111  2112     882
3319    2113  12636     776
3320    9623  3663     882
3321    44467  2123     871
3322    46999  2114     882
3323    9566  1518     849
3324    3665  45728     882
3325    47356  5052     840
3326    52047  3667     882
3327    64256  54682     824
3328    5054  7300     882
3329    3670  7310     882
3330    2118  2078     813
3331    17235  8481     883
3332    7304  26816     799
3333    3672  11481     883
3334    2120  2080     827
3335    2119  26224     883
3336    33525  2081     810
3337    2120  7293     883
3338    62535  1535     776
3339    6300  2122     883
3340    2123  7308     871
3341    3677  2123     883
3342    2124  2082     842
3343    2121  2124     883
3344    12638  2117     824
3345    2124  9574     883
3346    9577  2116     840
3347    2125  7276     883
3348    2127  6299     849
3349    47357  3680     883
3350    3681  47001     883
3351    6302  2113     882
3352     883  8489     884
3353    10667  23589     813
3354     884  7330     884
3355    37897  3684     842
3356    2129  37898     884
3357    2131  2113     776
3358    2128  8491     884
3359    2132  7319     871
3360    2131  13246     884
3361    52046  2115     849
3362    3688  54289     884
3363    9584  12642     799
3364    42720  2134     884
3365    60203  7325     840
3366    9585  5080     884
3367    2136  12918     810
3368    11957  2136     884
3369    2137  29958     821
3370    29955  2137     884
3371    2138  8494     824
3372    2137  29961     884
3373    40268  2130     884
3374    2139  9829     794
3375    8507  2139     885
3376    2140  2346     790
3377    3696  5086     885
3378    2141  32111     842
3379     884  5089     885
3380    2142  27068     813
3381    27067  2142     885
3382    2143  7367     840
3383    7366  29207     885
3384    46819  8539     824
3385    8533  46820     885
3386    2210  63798     810
3387    32078  2145     885
3388    9622  63608     821
3389    45172  2146     885
3390    63477  1520     849
3391    55562  5142     885
3392    35131  1971     871
3393    2147  64643     885
3394    2149  6307     776
3395    2148  8500     885
3396    2150  7335     872
3397    3705  9594     885
3398    13229  7202     799
3399    8502  55740     885
3400    2152  44497     851
3401    3707  37665     885
3402    39756  2037     879
3403    45221  5099     885
3404    2154  1966     845
3405    2153  7201     885
3406    2155  28331     874
3407    2154  9831     885
3408    2156  34586     880
3409    34585  2156     885
3410    2293  42446     829
3411    32778  2157     885
3412    2313  1794     814
3413    34764  2158     885
3414    44462  1795     791
3415    3714  7417     885
3416    10492  1796     807
3417    16657  2160     885
3418    18380  1797     820
3419    6362  18315     885
3420    2162  5105     867
3421    2161  2162     885
3422    2163  31298     272
3423    31297  2163     885
3424    8513  1622     837
3425    20325  15275     885
3426    2165  15320     266
3427    2164  2165     885
3428    2166  18426     856
3429    2165  15322     885
3430    3720  34552     866
3431    3721  35414     885
3432    2193  3722     852
3433    33079  2168     885
3434    6313  30311     796
3435    33505  2169     885
3436    41609  3723     798
3437    36379  2170     885
3438    2190  1096     805
3439    2170  2171     885
3440    2172  2328     782
3441    50766  2172     885
3442    16610  2090     882
3443    33484  2329     885
3444    2174  2090     836
3445    2173  16286     885
3446    2175  2089     864
3447    2174  16623     885
3448    11473  2088     817
3449    33467  8520     885
3450    2177  47539     863
3451    6284  47538     885
3452    6385  2140     885
3453    13251  9604     872
3454    7175  13653     886
3455    62755  64592     776
3456    7176  14011     886
3457    7349  1516     848
3458    19975  2180     886
3459    2181  1516     821
3460    17089  17430     886
3461    2182  2139     794
3462    38427  8524     886
3463    2183  53313     790
3464    3732  5117     886
3465    9605  2348     882
3466    10695  2184     886
3467    2185  32556     863
3468    2184  9608     886
3469    36237  37198     864
3470    3735  49148     886
3471    2187  54227     836
3472    2186  45447     886
3473    2188  1095     782
3474    3736  48124     886
3475    2189  8528     817
3476    2188  8527     886
3477    3738  37060     805
3478    7449  52129     886
3479    10700   995     796
3480    2190  2191     886
3481    2325  3739     798
3482    2191  2192     886
3483    33080  36366     852
3484    2192  9685     886
3485    2323  1780     837
3486    2193  2194     886
3487    41633  1781     856
3488    44043  2195     886
3489    35327  5124     866
3490    2195  7356     886
3491    36684  36690     791
3492    2196  2197     886
3493    2198  41141     807
3494    30036  43067     886
3495    3742  40290     820
3496    2198  43795     886
3497    2200  1794     814
3498    2199  44379     886
3499    2201  1794     867
3500    2200  2201     886
3501    54233  1247     799
3502    5978  11905     886
3503    2203  55020     851
3504    54496  2203     886
3505    2204  55021     829
3506    58487  55022     886
3507    10607  1470     845
3508    57767  2205     886
3509    60888  5127     876
3510    3746  7359     886
3511    14302  2181     886
3512    6329  1919     871
3513     886  31253     887
3514    2208  16589     848
3515    2207  16896     887
3516    2209  64102     849
3517    4915  59511     887
3518    32079  2145     810
3519    2209  64270     887
3520    3751  9614     840
3521    41147  2211     887
3522    43929  1394     842
3523    2211  2212     887
3524    3753  45681     824
3525    2212  39667     887
3526    39636  8536     813
3527    2213  39640     887
3528    39632  53751     887
3529    34510  3754     885
3530    30440  2215     888
3531    6743  3755     788
3532    40978  2216     888
3533    2217  1301     835
3534    34935  2217     888
3535    26519  2141     842
3536    34986  6334     888
3537    2219  21409     813
3538    21408  2219     888
3539    3759  11513     840
3540    3760  47351     888
3541    33493  8541     824
3542    2220  30527     888
3543    2222  27540     810
3544    27538  2222     888
3545    45171  2146     821
3546    9070  2223     888
3547    64644  2147     849
3548    7664  5143     888
3549    42153  1917     799
3550    10714  2225     888
3551    2226  6339     871
3552    42152  3765     888
3553    2227  55089     776
3554    55088  2227     888
3555    32550  2112     882
3556    7377  5147     888
3557    2229  32551     851
3558    2228  8542     888
3559    32261  1927     872
3560    2229  34084     888
3561    58245  2110     868
3562    2230  47159     888
3563    61797  1849     814
3564    61794  61885     888
3565    2233  1850     791
3566    61792  56892     888
3567    2234  10718     869
3568    2233  10717     888
3569    50135  3771     845
3570    52956  9625     888
3571    18250  2105     829
3572    36208  7667     888
3573    40575  46517     807
3574    25992  2237     888
3575    43117  2031     820
3576    3775  44780     888
3577    45591  5153     837
3578    2238  2239     888
3579    3777  50172     867
3580    37704  2240     888
3581    8551  1624     796
3582    2240  2241     888
3583    2242  5155     856
3584    2241  2242     888
3585    3779  54498     805
3586    2242  2243     888
3587    52095  1554     782
3588    2243  2244     888
3589    2245  3780     852
3590    2244  2245     888
3591    2246  5159     798
3592    2245  2246     888
3593    52819   865     865
3594    58399  2247     888
3595    8554  24375     873
3596    44800  12202     888
3597    2249  25170     864
3598    2248  2249     888
3599    2250  25286     836
3600    2249  27188     888
3601    39431  39348     863
3602    39346  2251     888
3603    39424  40873     857
3604    39428  2252     888
3605    57310  8224     790
3606    3784  63561     888
3607    12167  2045     794
3608    2253  63587     888
3609    64296  2044     802
3610    2254  6349     888
3611    54943  59483     858
3612    2255  4173     888
3613    58583  1120     819
3614    2256  2257     888
3615    19037  19861     854
3616    2257  54083     888
3617    19036  19862     801
3618    2258  43515     888
3619    2259  2217     888
3620    31467  1300     835
3621    39760  3787     889
3622    8549  1090     817
3623    25841  5967     889
3624    2262  11518     788
3625    2261  8557     889
3626    19091  1581     854
3627    2262  14850     889
3628    2264  8560     801
3629    2263  27904     889
3630    2265  8866     819
3631    40473  5167     889
3632    59460  59457     858
3633    59455  2266     889
3634    54800  2072     881
3635    61584  5169     889
3636    2267   889     889
3637    42961  2341     857
3638     889  43416     890
3639    2269  2342     802
3640    42960  5172     890
3641    7459  51582     878
3642    2269  8621     890
3643    2271  1973     871
3644     890  7388     890
3645    6593  55127     794
3646    9702  3797     890
3647    2336  19145     790
3648    3798  9697     890
3649    2274  12195     817
3650    25137  6356     890
3651    2275  64285     863
3652    6380  2275     890
3653    7403  26570     864
3654    51497  52531     890
3655    44797  3803     836
3656    2276  52532     890
3657    48587  1952     782
3658    49570  2278     890
3659    8571  2092     882
3660    49573  44088     890
3661    6358  2092     798
3662    37325  8572     890
3663    2281  21420     805
3664    2280  2281     890
3665    6359  1778     796
3666    3807  33780     890
3667    9643  3808     866
3668    24841  9645     890
3669    2284  15790     852
3670    15789  2284     890
3671    39732  2097     856
3672    34182  2285     890
3673    2286  31664     837
3674    30269  2286     890
3675    34298  1960     867
3676    8579  36763     890
3677    3814  33584     820
3678    2287  2288     890
3679    16350  24441     807
3680    18388  16660     890
3681    12207  2159     885
3682    15938  2290     890
3683    2291  2159     791
3684    42901  6363     890
3685    2292  37161     814
3686    2291  7415     890
3687    32779  2157     829
3688    2292  38525     890
3689    9516  2052     845
3690    9647  45273     890
3691    2295  2051     851
3692    2294  9515     890
3693    3822  44383     880
3694    25775  2296     890
3695    28674  7245     799
3696    7421  2297     890
3697    7418  42696     879
3698    12611  7398     890
3699    2299  13259     872
3700    45930  5205     890
3701    2300  7743     776
3702    7669  5208     890
3703    7672  5211     890
3704    2301  11696     875
3705     890  2301     891
3706    11626  2015     871
3707    5213  2302     891
3708    61561  1515     845
3709    63979  2303     891
3710    3832  61789     848
3711    59233  6369     891
3712    43905  5215     876
3713    44238  44236     891
3714    2306  53734     886
3715    53733  2306     891
3716    8595  2016     776
3717    9490  2307     891
3718    9670  3835     879
3719    2307  9671     891
3720    2309  7431     880
3721    2308  2309     891
3722    45990  42132     872
3723    45986  2310     891
3724    3838  42144     891
3725    2311  40289     820
3726    40288  2311     892
3727    2312  40292     867
3728    40291  2312     892
3729    54469  9601     814
3730    44380  2313     892
3731    9678  2202     886
3732    11906  40414     892
3733    2315  7438     799
3734    2314  10751     892
3735    32554  1514     848
3736    3843  64287     892
3737    2317  10754     829
3738    2316  32553     892
3739    54323  49312     851
3740    63383  5226     892
3741    9677  2315     892
3742    36662  1035     791
3743     892  37105     893
3744    36661  1035     807
3745    2319  36663     893
3746    10757  1781     856
3747    47122  8605     893
3748    35470  3848     866
3749    2321  35471     893
3750    5229  2194     837
3751    5228  2323     893
3752    3850  7442     852
3753    40312  2324     893
3754    3852  46542     798
3755    40441  9688     893
3756    3853  2191     796
3757    2325  2326     893
3758    2327  35849     805
3759    31879  2327     893
3760    11505  32209     782
3761    47346  2328     893
3762    12219  18376     885
3763    33485  2329     893
3764    6379  24299     882
3765    2329  10762     893
3766    13550  16611     836
3767    2330  12214     893
3768    39943  31897     864
3769    2331  36027     893
3770    50141  1755     863
3771    2332  39947     893
3772    3859  10765     817
3773    9687  2334     893
3774    8609  2273     890
3775    8567  25701     893
3776    2336  2273     790
3777    2335  17009     893
3778    2337  2272     794
3779    3863  42028     893
3780    31788  9703     878
3781    3864  48401     893
3782    2339  1636     857
3783    2338  31787     893
3784    2340  1636     802
3785    2339  2340     893
3786    3865  7676     893
3787    10731  1636     857
3788    3866  9967     894
3789    2342  21517     802
3790    21516  2342     894
3791    5249  2270     890
3792    8623  2343     894
3793    2344  2270     878
3794    2343  10770     894
3795    2345  5641     794
3796    23117  12670     894
3797    17512  2273     790
3798    7328  51470     894
3799    49168  5254     885
3800    8627  2347     894
3801    10677  7470     882
3802    3874  5255     894
3803    8626  2185     886
3804    40649  2349     894
3805    2350  2185     863
3806    2349  10774     894
3807    2351  2186     864
3808    40465  7354     894
3809    2352  55013     836
3810    2351  55011     894
3811    31676  2188     782
3812    2352  51909     894
3813    3877  1096     805
3814    2353  52769     894
3815    2355  5257     796
3816    2354  2355     894
3817    42420  1098     798
3818    36798  2356     894
3819    2357  1346     791
3820    2356  2357     894
3821    2358  1346     837
3822    2357  2358     894
3823    2359  44630     852
3824    3880  46089     894
3825    43284  51831     856
3826    41329  5259     894
3827    16206  1074     799
3828    27951  28856     894
3829    16205  1074     814
3830    2361  6392     894
3831    2363  24166     807
3832    2362  22767     894
3833    9358  4788     848
3834    8634  42664     894
3835    6395  32247     820
3836    2364  7063     894
3837    2366  5263     866
3838    2365  7478     894
3839    10388  1791     867
3840    6173  10391     894
3841    47847  1540     851
3842    2367  47863     894
3843    2369  62212     877
3844    57915  5265     894
3845    10277  1984     829
3846    2369  62213     894
3847    62001  61990     821
3848    63420  7211     894
3849    8882  6627     845
3850    2371  62000     894
3851    14520  14696     818
3852    8640  2373     894
3853    14306  14697     832
3854    10292  2374     894
3855    3897  9713     833
3856    2374  2375     894
3857    37298  33236     787
3858    2375  11559     894
3859    49586   697     697
3860    36643  31654     894
3861    2378  49584     145
3862    2377  2378     894
3863    52308   937     786
3864    2378  54905     894
3865    37498   162     163
3866    2379  41801     894
3867    9712  7479     894
3868    2381  5860       1
3869    2382  49379       3
3870    2383  51374       5
3871    2384  49348       6
3872    2385  49547       9
3873    2386  47940      17
3874    2387  50235      26
3875    2388  47941      28
3876    2389  50253      37
3877    2390  47974      48
3878    2391  10071      49
3879    2392  48056      56
3880    2393  40909      60
3881    2394  49368      66
3882    2395  48370      67
3883    2396  47987      69
3884    2397  39978      76
3885    2398  40945      97
3886    2399   107     107
3887    2400  3910     119
3888    2401  47997     121
3889    2402  27535     123
3890    2403   135     135
3891    2404  48104     141
3892    2405   155     155
3893    2406  10115     168
3894    2407  7771     169
3895    2408  48257     171
3896    2409  48294     174
3897    2410  51196     176
3898    2411  10087     178
3899    2412  48041     182
3900    2413  52452     184
3901    2414  51409     185
3902    2415  49666     187
3903    2416  50326     188
3904    2417  50465     190
3905    2418  51366     191
3906    2419  51205     193
3907    2420  48290     204
3908    2421  51204     206
3909    2422  50279     208
3910    2423  50667     210
3911    2424  49691     211
3912    2425  51190     213
3913    2426  49329     214
3914    48048  7524     217
3915    2428  48220     221
3916    35225   243     244
3917    2430  7784     251
3918    34887  3943     275
3919    2432  7785     291
3920    2433  7786     301
3921    2434   320     321
3922    2435   331     331
3923    2436  7787     358
3924    2437  6055     368
3925    2438  39462     370
3926    2439  39550     371
3927    40839   372     372
3928    39139  40799     373
3929    2442  41926     375
3930    2443  5815     376
3931    37102   377     377
3932    2445  34401     379
3933    2446  3946     380
3934    2447  41927     381
3935    2448  39114     382
3936    2449  40795     383
3937    2450  40824     384
3938    2451  41428     385
3939    2452  39528     386
3940    32298   387     387
3941    2454  5859     389
3942    2455  5858     390
3943    2456  41988     392
3944    2457   395     395
3945    2458   396     396
3946    2459  4500     397
3947    2460  31128     398
3948    2461  11981     399
3949    22862   973     401
3950    25090   403     403
3951    2464  35896     405
3952    2465  37659     406
3953    20999   407     407
3954    30164  12926     408
3955    2468  5926     409
3956    2469  30524     413
3957    2470  37150     414
3958    2471  33449     415
3959    2472  19117     421
3960    2473  5831     423
3961    11099   425     425
3962    5832  7797     426
3963    2476   429     429
3964    47464   430     430
3965    2478  44602     431
3966    2479  37202     434
3967    2480  6458     435
3968    42361   438     438
3969    2482  44386     439
3970    2483  41995     440
3971    2484  40185     441
3972    2485  4899     442
3973    2486   443     443
3974    2487  44392     444
3975    2488  48130     445
3976    2489  5835     446
3977    2490  41993     447
3978    2491  44388     448
3979    2492  44390     449
3980    2493  41991     450
3981    2494  34325     451
3982    2495  5837     453
3983    2496   454     454
3984    2497   455     455
3985    2498  34672     456
3986    2499  7942     457
3987    2500  5838     459
3988    2501   461     461
3989    2502   463     463
3990    2503   464     464
3991    2504   467     467
3992    2505   468     468
3993    2506   469     469
3994    2507  48132     473
3995    2508   476     476
3996    2509   477     477
3997    2510   478     478
3998    2511   481     481
3999    2512  34419     482
4000    2513  4227     486
4001    2514  34695     489
4002    2515   490     490
4003    2516  5843     491
4004    2517  34326     493
4005    2518  41990     494
4006    2519   495     495
4007    2520  44389     496
4008    2521  41992     497
4009    2522   498     498
4010    2523  48129     499
4011    2524  44391     500
4012    45641   501     501
4013    2526  4456     502
4014    6801   503     503
4015    2528  41994     504
4016    2529  44427     505
4017    45994   925     506
4018    2531  31685     507
4019    2532  30224     509
4020    2533  35457     512
4021    2534   513     513
4022    2535   514     514
4023    2536  38229     515
4024    2537  29446     516
4025    2538  4282     517
4026    2539  40338     518
4027    2540   522     522
4028    2541  33274     524
4029    29400   530     530
4030    26165   531     531
4031    2544  6214     533
4032    2545  32571     535
4033    11979  25590     537
4034    6066  37896     538
4035    34571   539     539
4036    27588   540     540
4037    30281  1451     541
4038    2551  29002     544
4039    2552   547     547
4040    2553   548     548
4041    2554  5855     549
4042    2555  44394     550
4043    2556  41904     551
4044    2557   554     554
4045    2558  5851     555
4046    2559  3964     557
4047    2560  51377     559
4048    2561  49344     561
4049    2562  49366     562
4050    2563  49360     563
4051    2564  47936     568
4052    2565  4185     576
4053    2566  39578     578
4054    59333  49385     581
4055    2568  47959     582
4056    2569  48137     603
4057    2570  11805     608
4058    2571  47972     620
4059    2572  48139     630
4060    2573  40941     648
4061    2574  48141     667
4062    2575  40348     669
4063    2576  49525     670
4064    2577  48066     671
4065    2578  12275     672
4066    50409   675     675
4067    2580   689     690
4068    48859  45459     691
4069    41897  40948     693
4070    2583  10136     715
4071    2584  41799     719
4072    2585  51217     723
4073    2586  48296     725
4074    2587  49565     726
4075    2588  51223     730
4076    2589  51349     732
4077    2590  10140     736
4078    2591  50749     739
4079    49606   740     740
4080    40340   744     744
4081    2594  49610     747
4082    2595  7838     750
4083    2596  49612     751
4084    2597  7543     754
4085    2598  9770     755
4086    2599  50287     756
4087    50286  5891     761
4088    50420   763     763
4089    42941   764     764
4090    49656  3957     765
4091    2604  3958     767
4092    2605  48047     769
4093    2606  12288     770
4094    3963  10835     771
4095    2608  49776     774
4096    12255   556     775
4097    2610  10155     776
4098    2611  48629     776
4099    27911   963     432
4100    2613  3970     777
4101    3972  11839     777
4102    2615  33025     777
4103    6455   777     778
4104    2617  11807     778
4105    2618  10134     778
4106    2619  21251     778
4107    2620  8705     778
4108    6479  23504     778
4109    2622  27553     778
4110    2623  1673     778
4111    3989  10856     778
4112    2625  6472     778
4113    2626  21450     778
4114    2627  28982     369
4115    2628  5300     778
4116    2629  12857     778
4117    2630  6467     388
4118    2631  6468     779
4119    2632  31860     412
4120    2633  11802     779
4121    2634  33855     532
4122    2635  7867     779
4123    2636  9736     779
4124    2637  8242     779
4125    7510  25307     779
4126    34523   422     422
4127    2640  5318     779
4128    2641  27657     776
4129    2642  11858     779
4130    2643  6665     779
4131    24611   924     777
4132    2645  11833     779
4133    4019  52121     779
4134    5328  1165     780
4135    2648  31477     279
4136    2649  21583     776
4137    2650  52768     781
4138    2651  4024     784
4139    7564   784     785
4140    2653  8729     785
4141    2654  8736     118
4142    2655  63108     785
4143    2656  32893     785
4144    63544  50768     786
4145    2658  53288     786
4146    2659  7877     786
4147    2660  41497     705
4148    57342  4036     786
4149    2662  59552     776
4150    54722   786     787
4151    2664  64023     783
4152    2665  6005     305
4153    2666  59873     787
4154    2667  5915     787
4155    2668  10883     787
4156    13723   947     787
4157    2670  65014     788
4158    52050  53719     788
4159    37697  11863     218
4160    2673  6507     215
4161    2674  49742     788
4162    10187   955     788
4163    2676  37660     790
4164    39082   956     790
4165    2678  5343     791
4166    34439  1066     792
4167    2680  4231     792
4168    2681  47430     793
4169    2682  7890     793
4170    24836  7892     777
4171    2684  7532     793
4172    2685  37091     793
4173    2686  25199     793
4174    10365  30562     536
4175    2688  4067     793
4176    34999   972     793
4177    2690  30901     793
4178    43939   957     790
4179    57313  6131     794
4180    2693  32563     794
4181    2694  10240     794
4182    2695  29282     794
4183    46606   978     794
4184    2697  26232     795
4185    2698  20579     242
4186    2699  16212     795
4187    18069  1029     795
4188    2701  1354     796
4189    2702  7531     778
4190    9804  1138     779
4191    2704  7899     793
4192    2705   987     427
4193    2706  41997     797
4194    37663  4087     798
4195    2708  4089     779
4196    6530   989     798
4197    5353  1562     778
4198    2711  31799     798
4199    2712  48562     782
4200    12096  1238     798
4201    2714  43838     796
4202    2715  7907     798
4203    2716  39807     799
4204    37396  1701     776
4205    2718  39268     800
4206    2719  54098     800
4207    2720  58282     800
4208    2721  43615     788
4209    2722  7910     788
4210    2723  53678     801
4211    12014  1489     802
4212    2725  63986     789
4213    2726  54173     802
4214    2727  64992     803
4215    2728  41159     803
4216    9174  4108     798
4217    2730  10098     797
4218    2731  8797     754
4219    2732  5658     201
4220    2733  6550     197
4221    5368  54574     803
4222    5371  9774     750
4223    4120  44901     803
4224    2737  41176     792
4225    34875  4124     804
4226    2739  30590     452
4227    2740  5942     804
4228    2741  4125     804
4229    2742  10217     781
4230    2743  26323     798
4231    2744  36015     805
4232    2745  7933     796
4233    2746  50593     783
4234    2747  13363     805
4235    2748  11862     795
4236    2749  16383     805
4237    17045  1031     805
4238    2751  5381     805
4239    37394  4132     807
4240    13081  1039     776
4241    2754  30558     808
4242    11278  57950     808
4243    32262  1045     809
4244    32389  1046     779
4245    2758  59194     791
4246    2759  58049     781
4247    2760  6639     792
4248    4137  34562     810
4249    2762  1055     780
4250    22823  1055     810
4251    41421  1057     810
4252    60191  4140     800
4253    2766  53814     799
4254    4143  62184     812
4255    7553  4145     813
4256    45896  45889     813
4257    51929  58706     813
4258    2771  4147     813
4259    40585  4148     814
4260    2773  11891     791
4261    2774  6571     809
4262    2775  5387     814
4263    2776  40671     800
4264    2777  1074     814
4265    2778  11752     796
4266    2779  4156     814
4267    2780  30949     814
4268    2781  4157     783
4269    53065  6755     815
4270    2783  10022     795
4271    50162  1079     815
4272    2785  8831     805
4273    2786  44457     815
4274    2787  9974     795
4275    10934  1083     805
4276    2789  44768     816
4277    2790  10237     816
4278    2791  4167     782
4279    32565  6588     816
4280    2793  41929     790
4281    54387  1496     788
4282    2795  53763     816
4283    27817  1300     788
4284    2797  23453     817
4285    2798  34322     817
4286    2799  60867     817
4287    2800  50006     817
4288    2801  46916     817
4289    2802  54322     817
4290    2803  39939     787
4291    2804  20388     818
4292    2805  1602     805
4293    2806  53623     818
4294    2807  1283     796
4295    2808  12315     794
4296    2809  4180     818
4297    10948  1288     790
4298    2811  38393     818
4299    2812  33567     801
4300    2813  41204     816
4301    2814  50620     788
4302    2815  47482     818
4303    2816  62286     818
4304    2817  48158     788
4305    2818  1117     819
4306    2819  53626     801
4307    57244  6129     819
4308    2821  43857     817
4309    2822  55145     802
4310    2823  4196     794
4311    2824  48831     819
4312    2825  63106     819
4313    2826  52075     793
4314    2827  61074     819
4315    2828  4199     400
4316    2829  31264     819
4317    48567  1129     798
4318    4202  10955     797
4319    2832  7975     820
4320    2833  32891     520
4321    2834  43104     793
4322    2835  8878     779
4323    2836  10006     778
4324    2837  10244     820
4325    2838  44399     820
4326    2839  42952     804
4327    2840  1143     820
4328    2841  4210     820
4329    2842  8600     799
4330    2843  41917     820
4331    2844  8881     817
4332    2845  47289     783
4333    8995  43110     820
4334    64746  63923     799
4335    2848  60189     783
4336    61214  10285     821
4337    9131  64512     818
4338    2851  64343     821
4339    10966   755     755
4340    2853  6606     202
4341    2854  65057     822
4342    2855  45184     814
4343    2856  44672     781
4344    2857  51601     822
4345    2858  34568     780
4346    2859  6604     804
4347    33475  45089     822
4348    48744  1170     810
4349    2862  4230     822
4350    2863  1044     809
4351    2864  9775     803
4352    39412  4234     822
4353    2866  54504     822
4354    2867  7994     797
4355    2868  36106     824
4356    11101  4242     778
4357    26818  1816     824
4358    2871  1317     824
4359    8341  1185     820
4360    48443  4243     824
4361    2874  42001     824
4362    57478  27898     824
4363    2876  63520     824
4364    2877  39758     824
4365    2878  9457     800
4366    2879  48160     824
4367    31650  38218     824
4368    2881  28279     824
4369    2882  1199     824
4370    6047  1393     824
4371    2884  27517     826
4372    2885  6654     827
4373    9593  1197     813
4374    2887  46690     827
4375    2888  34196     799
4376    2889  57204     827
4377    2890  56899     810
4378    2891  56901     827
4379    2892  4260     800
4380    18075  1400     827
4381    2894  6659     827
4382    4265  38058     827
4383    57951  1209     827
4384    2897  32569     286
4385    21576  1212     827
4386    2899  30048     827
4387    2900  4268     778
4388    2901  31258     827
4389    2902  4271     779
4390    6674  35150     827
4391    6677  45614     793
4392    2905  28581     827
4393    2906  4278     428
4394    2907  4280     827
4395    4284  1222     797
4396    2909  6680     827
4397    53584  1223     820
4398    11194  1294     798
4399    48824  57445     823
4400    62607  1230     819
4401    2914  7595     827
4402    2915  6851     828
4403    2916  59845     828
4404    57301  4293     828
4405    2918  8009     824
4406    2919  11012     779
4407    12271  1234     828
4408    10985  1235     778
4409    2922  34948     529
4410    12324  1235     828
4411    2924  12458     798
4412    2925  37405     828
4413    2926  47248     800
4414    2927  7080     828
4415    2928  51568     828
4416    2929  41675     820
4417    6695  1240     828
4418    2931  47567     781
4419    2932  57324     829
4420    38921  4310     817
4421    2934  64286     829
4422    2935  63417     818
4423    2936  16666     787
4424    2937  4314     830
4425    2938  62290     784
4426    2939  26100     830
4427    2940  57325     830
4428    2941  1255     830
4429    59711  1257     783
4430    8018  59702     830
4431    6699  1341     831
4432    40385  1150     783
4433    2946  40582     831
4434    2947  35588     783
4435    4327  5510     832
4436    2949  32016     832
4437    2950  62190     830
4438    2951  48162     832
4439    2952  8991     832
4440    2953  8989     832
4441    2954  14672     832
4442    2955  8985     832
4443    2956  21457     832
4444    12346  5399     833
4445    2958  28300     818
4446    2959  10274     833
4447    2960  8996     783
4448    2961  18436     833
4449    2962  8035     833
4450    2963  10293     833
4451    11060  1277     830
4452    8974  1277     833
4453    2966  11938     833
4454    2967  10000     783
4455    2968  33844     834
4456    37042  4357     834
4457    2970  6773     805
4458    2971  6732     796
4459    47293  1088     790
4460    61236  4361     816
4461    59650  6736     834
4462    11177  1291     834
4463    2976  10298     834
4464    2977  12441     798
4465    2978  43703     828
4466    45381  4367     817
4467    2980  49583     801
4468    2981  6981     819
4469    2982  56883     835
4470    2983  40006     794
4471    2984  44714     835
4472    22715  26358     835
4473    14015  5414     779
4474    2987  1309     409
4475    4375  1310     793
4476    11131  21677     836
4477    2990  15201     836
4478    2991  26104     779
4479    28285  1314     836
4480    2993  4380     778
4481    2994  27022     526
4482    2995  45978     828
4483    2996  42273     836
4484    2997  32138     800
4485    2998  60079     817
4486    2999  1325     836
4487    3000  52686     834
4488    3001  8056     815
4489    3002  43492     816
4490    44769  6027     836
4491    57672  9027     836
4492    49190  6763     805
4493    10937  57908     836
4494    60453  5672     806
4495    44756  4395     836
4496    3009  9030     806
4497    53697  58682     837
4498    3011  42857     794
4499    3012  24295     837
4500    11605  22783     795
4501    3014  8836     816
4502    55437  7577     837
4503    3016  42493     815
4504    11092  38142     837
4505    3018  4410     834
4506    3019  1341     831
4507    3020  53859     837
4508    3021  46386     837
4509    53237  1993     837
4510    3023  30044     837
4511    34715  36968     837
4512    3025  43564     837
4513    3026  47530     824
4514    3027  46311     838
4515    3028  56091     838
4516    3029  10319     838
4517    3030  9050     778
4518    10465  1355     838
4519    3032  8075     779
4520    3033  7587     793
4521    30840  1362     838
4522    3035  8072     827
4523    11618  4430     798
4524    3037  29670     839
4525    3038  9048     779
4526    36847  37400     528
4527    3040  6787     828
4528    4519  1373     840
4529    3042  4437     827
4530    3043  16577     840
4531    3044  53964     796
4532    3045  44401     840
4533    3046  10334     840
4534    10672  29943     840
4535    51313  1202     813
4536    3049  34614     840
4537    42927  1395     840
4538    3051  10330     827
4539    3052  9060     824
4540    3053  8092     842
4541    3054  7318     842
4542    61120  8462     842
4543    3056  43189     799
4544    3057  15205     842
4545    3058  32573     827
4546    3059  5448     842
4547    6798  52297     842
4548    3061  1408     842
4549    45993   925     779
4550    3063  5450     842
4551    3064  39065     842
4552    3065  53878     797
4553    3066  56090     820
4554    3067  1413     803
4555    4467  9082     842
4556    9814  1415     798
4557    3070  61032     819
4558    3071  62073     842
4559    3072  48426     843
4560    3073  1418     816
4561    63509  1417     843
4562    3075  4474     803
4563    64955  64954     843
4564    48683  1443     843
4565    3078  8106     802
4566    3079  62331     843
4567    6814  1424     843
4568    3081  8790     788
4569    10348  1428     835
4570    48424  48427     844
4571    3084  11976     219
4572    3085  6820     788
4573    3086  54915     844
4574    46678  4485     215
4575    3088  1431     844
4576    3089  10360     767
4577    3090  63936     844
4578    4495  65088     844
4579    3092  9093     833
4580    3093  11978     832
4581    51616  54818     818
4582    11118  1437     845
4583    3096  65035     845
4584    3097  4496     845
4585    61871  53933     843
4586    3099  48972     845
4587    55517  52249     845
4588    3101  4502     845
4589    3102  4505     546
4590    3103  10367     845
4591    27470  28544     845
4592    3105  29472     845
4593    3106  38741     793
4594    3107  33155     845
4595    3108  34962     404
4596    3109  25101     845
4597    51844  29012     845
4598    55397  1453     845
4599    6841  63252     836
4600    3113  39175     845
4601    3114  32719     840
4602    3115  62049     845
4603    3116  30628     845
4604    30630  8134     845
4605    3118  34549     828
4606    35884  4526     845
4607    42111  1467     845
4608    3121  19347     845
4609    3122  1926     799
4610    59235  4532     787
4611    3124  8139     846
4612    3125  40174     834
4613    3126  11148     833
4614    3127  42638     846
4615    38672  9950     832
4616    12423  30211     846
4617    14604  1477     820
4618    3131  11139     846
4619    3132  16016     846
4620    3133  12737     846
4621    57722  52634     846
4622    3135  22553     805
4623    3136  24306     796
4624    3137  45224     846
4625    3138  44898     794
4626    3139  48887     846
4627    4545  1488     790
4628    9226  1593     802
4629    3142  51503     846
4630    12426  1490     801
4631    3144  43938     816
4632    3145  25060     846
4633    4555  57901     846
4634    3147  63244     847
4635    11998  1494     834
4636    3149  6081     819
4637    44790  1496     788
4638    63814  4558     848
4639    3152  62114     816
4640    3153  63403     801
4641    62050  1498     848
4642    3155  7222     848
4643    62871  4563     794
4644    3157  63683     790
4645    3158  1500     848
4646    3159  6882     805
4647    3160  6881     796
4648    47083  1506     791
4649    3162  42294     798
4650    3163  44802     848
4651    39013  4792     820
4652    3165  1792     817
4653    3166  1513     848
4654    64469  1515     848
4655    3168  8161     848
4656    3169  10393     776
4657    3170  30173     848
4658    36877  4573     848
4659    46372  2116     840
4660    3173  52000     849
4661    3174  9157     850
4662    3175  4576     850
4663    3176  13280     851
4664    3177  45427     800
4665    3178  11283     827
4666    3179  4582     849
4667    53095  8545     851
4668    62418  4583     848
4669    4585  49309     817
4670    52696  1541     820
4671    54690  1479     807
4672    4589  6898     852
4673    3186  21428     848
4674    11209  46672     852
4675    3188  5476     852
4676    3189  31136     852
4677    3190  9484     852
4678    3191  9932     852
4679    24921  4598     845
4680    3193  7184     852
4681    26320  29824     840
4682    22519  24502     852
4683    3196  25118     800
4684    22524  1558     852
4685    3198  32534     852
4686    3199  5483     852
4687    16764  1565     839
4688    3201  26181     852
4689    3202  10407     836
4690    3203  12474     798
4691    9193  21678     852
4692    11064  1568     852
4693    3206  7614     852
4694    3207  37661     852
4695    3208   842     842
4696    3209  6098     803
4697    3210  48632     854
4698    3211  4621     845
4699    12478  1573     854
4700    50031  62241     854
4701    3214  42020     789
4702    3215  56886     854
4703    64390  4624     802
4704    65010  61595     854
4705    3218  17918     801
4706    3219  57973     788
4707    3220  57182     854
4708    3221   855     855
4709    34848  4629     855
4710    6116  10433     855
4711    3224  39785     819
4712    44761  4632     855
4713    3226  8408     848
4714    3227  49215     855
4715    6943  4637     816
4716    62638  1589     855
4717    11245  24589     801
4718    3231  9827     855
4719    3232  20174     855
4720    3233  4642     855
4721    3234  46149     855
4722    3235  34446     855
4723    3236  1596     855
4724    3237  13093     855
4725    3238  12483     796
4726    52098  5503     855
4727    5507  1602     805
4728    53754  4650     855
4729    3242  10429     855
4730    3243  4652     855
4731    3244  12488     855
4732    33041  1607     856
4733    3246  48922     834
4734    3247  8327     845
4735    3248  6186     856
4736    3249  62162     830
4737    3250  6958     818
4738    9241  1613     846
4739    3252  4660     856
4740    3253  44293     807
4741    3254  44294     856
4742    3255  8213     856
4743    3256  27871     837
4744    3257  4661     856
4745    33312   266     266
4746    3259  27744     856
4747    3260  4663     856
4748    40426  1625     856
4749    3262  27029     856
4750    3263  49110     852
4751    3264  42631     798
4752    3265  1321     836
4753    3266  42021     857
4754    3267  12674     857
4755    3268  58498     801
4756    59181  2004     816
4757    3270  15139     819
4758    3271  11664     858
4759    3272  34451     858
4760    3273  1644     858
4761    3274  4677     858
4762    12491  6980     798
4763    44469  1647     852
4764    44470  1647     858
4765    3278  5514     802
4766    3279  42846     858
4767    3280  8231     858
4768    3281  64662     858
4769    23981  1655     858
4770    3283  30283     793
4771    49900  25088     858
4772    3285  58365     858
4773    3286  31597     858
4774    3287  53899     842
4775    3288  9865     859
4776    3289  5518     859
4777    3290  35977     859
4778    3291  5521     836
4779    6985  12445     859
4780    3293  50174     839
4781    3294  33345     859
4782    3295  38306     859
4783    3296  20099     779
4784    8243  18280     778
4785    3298  33548     859
4786    3299  1185     820
4787    3300  62921     860
4788    4701  47205     860
4789    31566  4703     860
4790    3303  8250     824
4791    3304  55185     807
4792    64043  1680     776
4793    58727  1679     860
4794    3307  27833     860
4795    45014  1682     860
4796    38028  1685     860
4797    3310  12053     860
4798    3311  1687     860
4799    42004  1687     860
4800    3313  12050     842
4801    3314  28015     860
4802    9289  1205     827
4803    10054  1693     842
4804    3317  8261     851
4805    3318  42490     861
4806    3319  1698     861
4807    3320  48242     840
4808    63452  4730     861
4809    3322  54244     807
4810    3323  30135     861
4811    3324  1704     804
4812    3325  44686     861
4813    3326  1241     828
4814    3327  44944     845
4815    34649  1713     798
4816    3329  61587     862
4817    3330  41211     862
4818    3331  33734     862
4819    3332  44614     845
4820    3333  35084     862
4821    3334  11290     778
4822    11308  42413     862
4823    3336  9881     779
4824    3337  35716     793
4825    3338  8271     835
4826    39904  1723     862
4827    3340  45264     862
4828    18510  10479     862
4829    4747  7640     862
4830    3343  7037     862
4831    3344  10482     862
4832    3345  44404     862
4833    7035  36958     862
4834    3347  12530     862
4835    3348  4754     848
4836    3349  8277     863
4837    3350  13491     863
4838    43462  1889     819
4839    30207  1735     863
4840    3353  7027     863
4841    7632  4761     863
4842    3355  31598     863
4843    57650  7132     827
4844    3357  8282     863
4845    5738  5565     863
4846    7133  27964     863
4847    39766  1741     863
4848    3361  42394     824
4849    3362  8285     863
4850    3363  30141     411
4851    3364  1744     863
4852    3365  9342     779
4853    21906  1747     863
4854    3367  9341     778
4855    22877  1748     863
4856    3369  8287     863
4857    3370  48990     840
4858    3371  22491     863
4859    3372  58260     800
4860    3373  29928     863
4861    3374  61099     863
4862    3375  63225     863
4863    56943  43950     864
4864    3377  9463     836
4865    3378  32343     864
4866    3379  8293     857
4867    3380  32115     798
4868    3381  42330     864
4869    3382  10501     852
4870    22520  24501     864
4871    3384  29667     864
4872    3385  12083     865
4873    3386  12085     865
4874    3387  49242     840
4875    3388  21429     852
4876    12084  4934     865
4877    3390  1988     820
4878    45954  1773     866
4879    3392  8303     866
4880    7058  2065     798
4881    3394  47022     866
4882    3395  36324     866
4883    3396  15362     866
4884    37258  1780     837
4885    3398  10512     866
4886    35472  2321     856
4887    3400  1780     866
4888    42603  42606     866
4889    43281  1783     866
4890    3403  8313     817
4891    36128  6178     866
4892    3405  9361     866
4893    3406  44764     848
4894    3407  42657     817
4895    3408  8318     867
4896    3409  7057     820
4897    25487  6182     837
4898    3411  6965     867
4899    3412  34988     867
4900    3413  30306     867
4901    3414  24308     867
4902    3415  4799     861
4903    3416  20152     867
4904    3417  4802     867
4905    38299  8386     840
4906    33465  30406     867
4907    3420  9769     852
4908    30313  5575     867
4909    3422  12101     867
4910    3423  7082     867
4911    42049  1813     867
4912    3425  17600     417
4913    3426  42105     867
4914    3427  27567     824
4915    3428  4814     778
4916    3429  21214     779
4917    38481  1820     867
4918    3431  33263     868
4919    3432  13518     852
4920    3433  33344     836
4921    3434  1829     868
4922    3435  32580     859
4923    3436  40042     793
4924    3437  41657     868
4925    3438  1831     868
4926    3439  14885     421
4927    17436  1835     868
4928    62045  1836     868
4929    3442  4828     868
4930    3443  35195     868
4931    3444  57172     868
4932    63421  63423     838
4933    44827  4831     868
4934    3447  57284     868
4935    3448  4832     840
4936    31114  35346     868
4937    49104  1930     868
4938    3451  8306     863
4939    3452  52460     869
4940    3453  53408     869
4941    3454  28893     869
4942    3455  26107     845
4943    3456  10550     820
4944    3457  8352     867
4945    43751  10557     856
4946    26162  1862     869
4947    32900  1863     852
4948    11382  1862     869
4949    32896  1863     869
4950    3463  1865     869
4951    3464  5582     870
4952    3465  12538     870
4953    7018  26058     863
4954    3467  22490     870
4955    3468  4855     845
4956    3469  20917     839
4957    3470  17557     870
4958    3471  21436     778
4959    23454  1875     870
4960    3473  21418     779
4961    3474  8361     411
4962    21913  1877     870
4963    18369  1879     870
4964    3477  30033     870
4965    3478  1882     870
4966    3479  43810     870
4967    37273  1884     870
4968    3481  44515     870
4969    3482  10570     870
4970    46986  8368     870
4971    12727  1888     870
4972    43461  1889     870
4973    3486  8369     871
4974    3487  9425     871
4975    3488  37648     852
4976    3489  42189     798
4977    3490  62103     797
4978    4880  35874     871
4979    13641  1895     820
4980    3493  59757     803
4981    3494  48904     871
4982    4887  55087     842
4983    9440  55622     871
4984    3497  42515     793
4985    3498  55086     871
4986    3499  30050     511
4987    3500  8372     777
4988    26524  9434     779
4989    32583  1901     871
4990    3503  9731     435
4991    43733  1905     827
4992    39241  1905     871
4993    3506  40650     808
4994    50120  4906     871
4995    7164  1906     871
4996    3509  30075     824
4997    3510  52758     871
4998    47541  1912     871
4999    3512  63303     871
5000    3513  57983     840
5001    3514  8492     799
5002    64557  1520     821
5003    57300  6228     848
5004    3517  42993     871
5005    7348  62568     871
5006    41130  1920     820
5007    3520  8380     872
5008    3521  6488     872
5009    3522  17778     872
5010    22796  4921     821
5011    8501  1926     872
5012    3525  63277     872
5013    3526  56920     868
5014    3527  8085     861
5015    3528  7179     872
5016    46284  22530     872
5017    3530  48108     872
5018    3531  8388     867
5019    3532  10589     836
5020    3533  48751     873
5021    4931  7158     845
5022    28107  29460     873
5023    3536  32824     852
5024    3537  7187     798
5025    41265  1947     873
5026    40776  1768     865
5027    3540  43836     873
5028    3541  21442     836
5029    44778  9642     874
5030    3543  36540     874
5031    3544  10574     866
5032    3545  10596     852
5033    39750  43642     874
5034    10651  31451     867
5035    3548  35439     874
5036    3549  45000     874
5037    3550  13021     874
5038    3551  40011     845
5039    3552  11423     874
5040    4949  7200     874
5041    3554  12131     874
5042    3555  7188     874
5043    3556  5762     874
5044    48792  62263     871
5045    3558  37260     874
5046    3559  9668     874
5047    3560  42026     875
5048    6355  1973     875
5049    3562  7674     875
5050    3563  5622     875
5051    63008  42142     848
5052    3565  27864     877
5053    3566  4962     855
5054    64792   876     877
5055    3568  63711     817
5056    3569  12140     866
5057    3570  53745     856
5058    3571  32585     852
5059    3572  17868     796
5060    3573  25628     805
5061    38634  1996     791
5062    3575  62353     836
5063    3576  47034     877
5064    3577  53726     794
5065    3578  1999     877
5066    3579  10616     877
5067    3580  10615     877
5068    3581  51395     877
5069    3582  48171     877
5070    4983  7660     877
5071    59514  57308     855
5072    3585  20651     802
5073    46272  5171     878
5074    3587  42043     878
5075    62300  64124     790
5076    3589  10535     878
5077    3590  25162     879
5078    3591  32587     879
5079    3592  4992     879
5080    3593  63926     879
5081    29674  1942     873
5082    29673  1942     864
5083    3596  48881     879
5084    3597  32590     798
5085    3598  8439     852
5086    3599  1624     796
5087    3600  52145     856
5088    3601  8440     867
5089    3602  10629     820
5090    22813  2237     807
5091    3604  4997     879
5092    32038  2038     874
5093    32039  2038     879
5094    3607  9660     875
5095    3608  9529     879
5096    9492  7205     879
5097    46329  1918     871
5098    35777  1155     776
5099    3612  32654     880
5100    5007  2043     880
5101    3614  2255     802
5102    64000  1004     794
5103    3616  12162     857
5104    3617  30262     880
5105    47677  7261     875
5106    3619  9524     880
5107    34844  5014     799
5108    3621  53616     880
5109    7227  11441     880
5110    12602  2053     880
5111    3624  22535     880
5112    18265  2055     874
5113    18266  2055     880
5114    39768  2056     880
5115    3628  20764     880
5116    3629  40973     880
5117    3630  40239     796
5118    3631  38232     852
5119    32024  2064     805
5120    3633  10641     866
5121    3634  49271     880
5122    3635  25634     836
5123    3636  31495     873
5124    3637  7177     880
5125    3638  63136     880
5126    52782  1092     817
5127    3640  54863     881
5128    51320  51324     813
5129    3642  11482     882
5130    30210  5032     882
5131    3644  27550     810
5132    5034  7277     882
5133    3646  8465     842
5134    3647  57291     802
5135    3648  1755     817
5136    3649  45202     882
5137    3650  27794     882
5138    3651  10648     882
5139    3652  7283     798
5140    3653  35465     866
5141    3654  5042     882
5142    3655  2059     880
5143    3656  40527     820
5144    3657  5046     882
5145    3658  24794     829
5146    3659  47236     882
5147    3660  8475     882
5148    3661  31125     882
5149    3662  2122     776
5150    3663  5071     882
5151    34874  5049     882
5152    52074  5050     882
5153    3666  7295     840
5154    3667  7311     882
5155    11484  2125     824
5156    3669  7312     882
5157    9554  2117     882
5158    3671  20804     883
5159    12626  2118     883
5160    3673  26873     883
5161    3674  33071     883
5162    8488  2122     776
5163    3676  57982     871
5164    3677  42585     883
5165    3678  10661     883
5166    3679  7267     883
5167    3680  8487     883
5168    5070  43323     883
5169    3682  5072     884
5170    3683  30441     884
5171    3684  8490     842
5172    3685  2131     884
5173    3686  44465     884
5174    9583  2133     849
5175    54364  2132     884
5176    3689  8493     884
5177    9954  5079     840
5178    64297  7322     884
5179    3692  30218     810
5180    30002  2136     884
5181    3694  2138     884
5182    3695  34616     884
5183    3696  5087     885
5184    5090  12186     885
5185    3698  29206     840
5186    3699  39379     824
5187    3700  36385     885
5188    3701  7372     885
5189    3702  64452     849
5190    3703  57648     871
5191    38656  1970     776
5192    58722  8407     885
5193    3706  2150     885
5194    13235  2151     885
5195    3708  5098     879
5196    3709  7338     885
5197    3710  9479     885
5198    3711  10680     874
5199    3712  30092     880
5200    3713  31256     885
5201    41394  30736     885
5202    17160  2160     807
5203    3716  18389     885
5204    3717  16225     867
5205    3718  34608     885
5206    3719  19075     837
5207    38383  6326     866
5208    32156  10518     885
5209    3722  8516     852
5210    3723  30312     798
5211    3724  30872     885
5212    3725  15687     885
5213    3726  34458     885
5214    3727  52028     872
5215    14305  2179     776
5216    17429  17090     848
5217    3730  31130     886
5218    3731  10681     886
5219    7329  2182     886
5220    3733  48113     886
5221    3734  10694     886
5222    3735  5119     886
5223    5122  58485     886
5224    3737  10697     817
5225    3738  40316     805
5226    3739  8530     798
5227    40442  2324     852
5228    41632  1781     866
5229    3742  45934     820
5230    57768  2205     845
5231    3744  62950     886
5232    63275  2206     876
5233    64015  2205     886
5234    3747  63009     886
5235    3748  26987     887
5236    3749  1919     848
5237    3750  49282     810
5238    51777  7363     840
5239    5612  39666     842
5240    42677  39637     824
5241    32110  2141     885
5242    3755  49582     788
5243    3756  26515     842
5244    3757  31508     888
5245    3758  24746     813
5246    3759  47350     840
5247    5139  27852     888
5248    3761  30529     824
5249    3762  34670     888
5250    5144  46538     888
5251    3764  42716     888
5252    3765  8544     888
5253    3766   997     776
5254    3767  2228     882
5255    3768  44617     888
5256    3769  58246     888
5257    3770  8548     888
5258    43819  1468     845
5259    9955  29165     829
5260    26778  28438     807
5261    3774  50171     820
5262    35739  5152     888
5263    3776  52405     837
5264    37706  2240     867
5265    3778  1624     856
5266    42047  2243     805
5267    52094  1554     852
5268    3781  44498     798
5269    3782  13058     864
5270    3783  45455     836
5271    9545  43017     888
5272    3785  2255     802
5273    3786  40069     801
5274    33582  2260     889
5275    3788  14906     889
5276    27902  2263     854
5277    3790  31225     889
5278    3791  10729     801
5279    6612  2265     889
5280    3793  7390     881
5281    5170  59478     889
5282    29437  5173     890
5283    3796  5175     890
5284    3797  48400     890
5285    7457  2272     890
5286    3799  25146     817
5287    3800  7453     890
5288    52530  2276     864
5289    3802  5181     890
5290    36725  7404     836
5291    3804  42554     890
5292    3805  34641     890
5293    3806  2093     805
5294    26400  7905     890
5295    3808  8575     866
5296    33823  2096     852
5297    3810  5186     890
5298    39723  2098     837
5299    3812  32599     867
5300    3813  31296     890
5301    9650  2288     820
5302    3815  34268     807
5303    3816  18316     890
5304    3817  42902     885
5305    3818  16125     890
5306    3819  43156     890
5307    3820  42760     890
5308    3821  42055     890
5309    3822  36013     880
5310    5200  2295     890
5311    3824  20697     890
5312    3825  9491     879
5313    53617  2298     890
5314    5206  11450     890
5315    5209  5626     890
5316    38550  5632     890
5317    3830  12211     875
5318    28475  2302     871
5319    8593  45835     848
5320    3833  2206     876
5321    3834  5216     886
5322    6371  2016     879
5323    3836  8596     880
5324    3837  37333     872
5325    3838  54306     891
5326    3839  34412     820
5327    3840  41225     867
5328    3841  10749     886
5329    3842  51805     892
5330    62099   891     892
5331    3844  8602     892
5332    27506  2317     892
5333    3846  52131     892
5334    3847  44903     893
5335    3848  8606     866
5336    32601  2323     837
5337    40313  2324     852
5338    36453  2323     893
5339    3852  7448     798
5340    9684  2326     796
5341    52128  2190     805
5342    3855  8499     893
5343    3856  10761     885
5344    3857  27115     893
5345    3858  5237     893
5346    11542  2334     817
5347    3860  8617     893
5348    3861  10732     893
5349    3862  16018     893
5350    27597  7428     893
5351    3864  8844     893
5352    43748  2340     893
5353    7460  50051     894
5354    3867  8622     890
5355    3868  2342     894
5356    3869  56908     894
5357    54177  51469     790
5358    3871  10682     894
5359    3872  6386     885
5360    3873  2346     894
5361    3874  53715     894
5362    3875  8624     894
5363    3876  41661     894
5364    3877  6389     805
5365    57138  1097     796
5366    36799  2356     798
5367    3880  30046     894
5368    7475  30890     856
5369    3882  8632     799
5370    3883  20867     807
5371    3884  24168     894
5372    3885  30964     894
5373    3886  32248     866
5374    3887  40608     877
5375    3888  52318     894
5376    3889  54532     829
5377    3890  49068     894
5378    63137  2370     894
5379    7487  44819     894
5380    3893  36274     818
5381    3894  39799     894
5382    3895  9715     832
5383    3896  39293     894
5384    9720  2375     833
5385    3898  63474     894
5386    3899  7803     163
5387    3900  5280     894
5388    5283  32473     894
5389    3902  2381       1
5390    3903  49339       3
5391    3904  51359       5
5392    3905  47945      28
5393    3906  48177      37
5394    3907  48138      48
5395    3908  2391      49
5396    3909  58389      76
5397    3910  40616     119
5398    3911   141     141
5399    3912  10111     168
5400    3913  10081     169
5401    3914  37501     169
5402    3915  10112     171
5403    3916  10086     174
5404    3917  7794     176
5405    3918  48101     182
5406    3919  51361     184
5407    3920  48209     185
5408    3921  11788     185
5409    3922  49634     187
5410    3923  49679     188
5411    3924  50791     190
5412    3925  50441     190
5413    3926  49764     191
5414    3927  12259     191
5415    3928  10094     193
5416    3929  11779     204
5417    3930  13358     206
5418    3931  49651     206
5419    3932  50355     208
5420    3933  50730     210
5421    3934  50773     210
5422    3935  49654     211
5423    3936  12837     211
5424    3937  10840     213
5425    3938  49620     213
5426    3939  50452     214
5427    3940  49510     214
5428    48199  6433     217
5429    3942  10823     221
5430    29025  8220     275
5431    3944  2432     291
5432    3945  6435     291
5433    3946   380     380
5434    3947  50314     187
5435    3948  49518     740
5436    6436  10832     744
5437    3950  49450     747
5438    3951  42221     750
5439    3952  49443     751
5440    3953  6548     754
5441    3954  6544     755
5442    3955  49668     756
5443    3956  12223     765
5444    49622  6449     765
5445    3958  1433     767
5446    3959  47924     769
5447    3960  48198     769
5448    3961  37681     770
5449    3962  9756     771
5450    8677  10827     771
5451    3964   556     557
5452    3965  10794     221
5453    10784  2609     775
5454    3967  12256     775
5455    3968  45647     776
5456    3969  6453     776
5457    3970  27658     777
5458    3971  6454     777
5459    10148  2614     777
5460    3973  35141     777
5461    3974  5286     438
5462    3975  20798     778
5463    3976  12264     778
5464    3977  1902     871
5465    3978  8702     778
5466    3979  27792     778
5467    3980  20844     778
5468    59920   796     797
5469    3982  8724     778
5470    3983  17942     421
5471    3984  2621     778
5472    3985  6475     778
5473    3986  20831     778
5474    3987  27562     531
5475    9734  5296     778
5476    9741  5298     778
5477    3990  5299     778
5478    3991  21447     778
5479    3992  26411     369
5480    3993  5301     778
5481    3994  11804     778
5482    3995  12851     778
5483    21448   914     369
5484    3997  23834     388
5485    3998  5303     779
5486    3999  21425     779
5487    4000  21491     779
5488    4001  30868     532
5489    4002  5309     779
5490    4003  5310     779
5491    4004  9740     779
5492    4005  9707     779
5493    4006  24754     525
5494    4007  9270     779
5495    4008   919     779
5496    5316  17958     779
5497    4010  28881     523
5498    4011  5317     779
5499    4012  21461     779
5500    4013  8725     779
5501    4014  11856     779
5502    4015  5323     435
5503    4016  31723     507
5504    4017   925     779
5505    7513  31134     779
5506    54384  2646     779
5507    4020  46434     780
5508    4021  2647     780
5509    4022  2648     279
5510    4023  8733     776
5511    4024  6490     784
5512    8737   672     672
5513    4026  8734     118
5514    4027  49530     116
5515    4028  48061     117
5516    4029  52345     785
5517    4030  6494     785
5518    4031  32894     110
5519    4032  31203     785
5520    4033  40953     687
5521    4034  54123     786
5522    4035  54906     786
5523    46736  6499     786
5524    54036  6496     787
5525    52172  54260     787
5526    4039  54140     787
5527    4040  53746     787
5528    4041  48367     624
5529    4042  49413     622
5530    4043  49418     621
5531    4044  53768     787
5532    60233  2669     787
5533    4046    25      25
5534    4047  65151     788
5535    4048  6506     788
5536    4049  8751     788
5537    4050  10826     219
5538    4051  40512     218
5539    4052  10359     215
5540    4053  8756     218
5541    4054  57028     788
5542    4055  10891     788
5543    4056  50448     766
5544    4057  50654     788
5545    4058  50348     788
5546    4059  5345     809
5547    4060  2678     791
5548    8762   960     792
5549    4062  54321     792
5550    4063  9765     521
5551    4064  28850     533
5552    4065  6512     793
5553    4066  26116     793
5554    4067  1310     793
5555    4068  2689     793
5556    33956   402     402
5557    4070  23792     793
5558    4071  6870     794
5559    57931  1285     782
5560    4073  55888     794
5561    39886  2696     794
5562    4075  10899     795
5563    4076  20652     795
5564    4077  22712     242
5565    4078  9805     795
5566    20178  2700     795
5567    4080  37946     796
5568    4081  10898     778
5569    4082  9808     778
5570    4083  25115     424
5571    6524  10905     779
5572    4085  1137     793
5573    10181  7902     798
5574    24811  1178     798
5575    43880  1670     859
5576    4089  1563     779
5577    4090  6913     798
5578    4091  6532     779
5579    23866  2710     778
5580    4093  8786     778
5581    7535  2713     798
5582    4095  9374     798
5583    34855  2716     799
5584    63796  2717     776
5585    4098  9454     800
5586    4099  62292     800
5587    4100  58287     800
5588    4101  1427     801
5589    4102  63169     802
5590    4103  47371     802
5591    4104  60032     789
5592    4105  50068     802
5593    4106  54172     802
5594    4107  2727     803
5595    38275  6533     798
5596    4109  13997     797
5597    4110  8793     754
5598    4111  5360     202
5599    4112  7541     201
5600    4113  6546     197
5601    5363  48354     198
5602    4115  5365     201
5603    4116  60846     803
5604    4117  52190     803
5605    4118  5372     750
5606    4119  62096     803
5607    9779  2736     803
5608    4121  2737     792
5609    12700   492     492
5610    4123  5376     804
5611    28469  5377     804
5612    4125  5378     804
5613    4126  1000     781
5614    4127  7924     805
5615    4128   981     242
5616    4129  18303     795
5617    4130  16791     805
5618    4131  10925     805
5619    36694  34411     807
5620    4133  53819     776
5621    4134  57302     776
5622    4135  25243     808
5623    4136  42006     808
5624    34527  2761     810
5625    4138  6636     810
5626    4139  2763     810
5627    4140  53635     800
5628    4141  44524     799
5629    4142  64726     812
5630    7545  2767     812
5631    4144  64727     813
5632    6565  53892     813
5633    4146  51536     813
5634    4147  58511     813
5635    4148  6569     814
5636    4149  6570     791
5637    4150  1069     814
5638    4151  6572     810
5639    4152  2775     814
5640    4153  53572     814
5641    4154  33111     800
5642    4155  21520     796
5643    4156  6575     814
5644    4157  42031     783
5645    4158  6584     795
5646    4159  34545     815
5647    44228  2784     815
5648    4161  10235     805
5649    4162  6579     805
5650    4163  8837     815
5651    4164  6578     795
5652    8829  2788     805
5653    4166  9022     805
5654    4167  1086     782
5655    4168  41931     816
5656    40180  2792     816
5657    64105  2794     788
5658    4171  21363     817
5659    4172  25274     817
5660    4173  60866     888
5661    64092  2072     817
5662    34017  34238     790
5663    4176  55128     817
5664    4177  8630     894
5665    4178  38745     787
5666    4179  17859     818
5667    4180  8203     818
5668    8850  1288     834
5669    4182  32643     801
5670    4183  38565     816
5671    58592  1289     816
5672    4185  39976     576
5673    56820  6601     788
5674    62624  1116     788
5675    4188  49545     563
5676    4189  63397     818
5677    4190  62283     818
5678    4191  6611     788
5679    4192  59456     801
5680    4193  8867     816
5681    4194  52120     888
5682    4195  36179     817
5683    4196  63107     794
5684    4197  59976     789
5685    4198  6618     793
5686    4199  24303     400
5687    4200  2829     819
5688    12318  2830     798
5689    4202  6616     797
5690    17170  1176     820
5691    4204   986     793
5692    4205  8856     779
5693    4206  8879     778
5694    4207  10245     778
5695    4208  2837     820
5696    4209  10520     807
5697    4210  1145     820
5698    4211  46960     867
5699    9716  44818     845
5700    4213  54327     817
5701    4214  45718     783
5702    4215  58315     820
5703    4216  10956     818
5704    4217  7989     202
5705    4218  8886     202
5706    4219  50799     743
5707    4220  51450     814
5708    4221  48278     791
5709    4222  30052     457
5710    4223  6637     780
5711    4224  8894     780
5712    19327  1168     822
5713    4226  2513     486
5714    4227   486     486
5715    4228  36162     822
5716    4229  1052     792
5717    48743  1170     822
5718    4231  6642     792
5719    4232  2863     809
5720    4233  6597     803
5721    4234  38570     822
5722    4235  63724     822
5723    4236  64365     822
5724    4237  41998     803
5725    4238  11965     797
5726    4239  10260     797
5727    4240  36107     793
5728    4241  8900     778
5729    9062  1817     778
5730    4243  10981     824
5731    4244  50044     796
5732    4245  1355     824
5733    57477  27899     860
5734    4247  1187     824
5735    42095  59939     807
5736    4249  44103     824
5737    4250  57141     824
5738    63005  2883     824
5739    4252  13828     826
5740    4253  8906     827
5741    61917  6653     827
5742    4255  25292     799
5743    4256  6651     799
5744    4257  49014     827
5745    51950  2890     810
5746    41297  40435     827
5747    4260  1048     800
5748    4261  7628     827
5749    12055  1048     809
5750    6660  2894     827
5751    45693  6650     808
5752    10227  2895     827
5753    4266  10997     280
5754    4267  1216     827
5755    4268  6667     778
5756    4269  32814     827
5757    4270  8006     779
5758    4271   922     779
5759    4272  35112     434
5760    10858  39825     827
5761    4274  2903     827
5762    10159   965     776
5763    4276  11841     827
5764    4277  2906     428
5765    26121  1220     428
5766    4279  51879     827
5767    32834  32944     827
5768    4281  2538     517
5769    4282   988     517
5770    4283  2908     797
5771    4284  2908     797
5772    4285  26122     516
5773    4286  2909     827
5774    6682  2910     820
5775    4288  53597     820
5776    8932  2911     798
5777    4290  64052     819
5778    20027  1228     828
5779    55149  2916     828
5780    44755  5728     828
5781    4294  40563     824
5782    4295  33089     824
5783    4296  11018     779
5784    4297  10999     779
5785    4298  10972     778
5786    4299  10969     778
5787    4300  2923     828
5788    11002  1184     798
5789    4302  2925     828
5790    4303  9366     828
5791    41673  1240     828
5792    57654  1377     828
5793    4306  2929     820
5794    4307  1705     781
5795    4308  8016     783
5796    4309  44994     829
5797    4310  34465     817
5798    4311  62044     829
5799    4312  15401     787
5800    54700  1105     807
5801    4314  1342     830
5802    25280  5394     665
5803    4316  2652     785
5804    4317  63221     784
5805    4318  54788     784
5806    4319  64377     830
5807    4320  44995     830
5808    4321  1255     787
5809    4322  2941     830
5810    60399  2942     783
5811    46630  46634     830
5812    28060  1281     807
5813    4326  2947     783
5814    4327  40502     832
5815    4328  58064     820
5816    4329  30063     832
5817    46419  1263     832
5818    4331  12370     832
5819    4332  8973     832
5820    4333  8987     832
5821    4334  14688     832
5822    4335  20495     787
5823    4336  17860     832
5824    4337  12354     832
5825    4338  12378     833
5826    13111  1270     817
5827    4340  29060     818
5828    4341  10288     833
5829    4342  6716     833
5830    4343  15666     833
5831    4344  20389     833
5832    4345  8990     833
5833    4346  5403     833
5834    4347  11930     833
5835    4348  11926     833
5836    4349  8994     833
5837    4350  55286     783
5838    4351  48163     833
5839    4352  5407     833
5840    4353  5408     834
5841    4354  5410     834
5842    4355  8998     834
5843    4356  35554     831
5844    4357  32752     834
5845    4358  2970     805
5846    4359  51342     796
5847    45051   795     796
5848    47292  1088     816
5849    61404  6734     834
5850    4363  47211     834
5851    4364  1291     834
5852    20748  6739     798
5853    4366  11068     798
5854    4367  39759     817
5855    4368  2980     801
5856    4369  5412     794
5857    4370  47068     819
5858    4371  42845     835
5859    13743  2986     779
5860    9798  14388     779
5861    4374  1309     835
5862    4375  2988     793
5863    4376  9010     836
5864    6746  2709     798
5865    4378  26084     779
5866    4379  6749     778
5867    4380   991     778
5868    4381  31205     828
5869    4382  29149     800
5870    4383  54229     817
5871    57339  6754     836
5872    4385  6753     834
5873    4386  43345     816
5874    4387  27522     816
5875    13124  1329     836
5876    4389  46526     805
5877    5420  40305     836
5878    57232  3006     836
5879    4392  11084     816
5880    56188  5671     806
5881    59317  53829     806
5882    34858  6762     836
5883    4396  40304     805
5884    40303  3009     806
5885    4398  53967     806
5886    4399  46801     837
5887    58691  53691     837
5888    4401  9983     837
5889    4402  31206     794
5890    6767  11087     795
5891    4404  5677     795
5892    7684  1337     837
5893    4406  20238     805
5894    4407  31521     815
5895    4408  45174     837
5896    4409  6771     805
5897    4410  1340     834
5898    4411  42637     837
5899    4412  3024     837
5900    4413  6776     824
5901    4414  1354     838
5902    62360  1363     839
5903    4416  3029     838
5904    63066  2872     820
5905    4418  9045     778
5906    12402  1358     838
5907    4420  49237     838
5908    11904  1360     838
5909    4422  9051     779
5910    4423  10322     779
5911    32614  1138     820
5912    4425  8076     793
5913    4426  5682     793
5914    4427  53592     838
5915    53784  41405     838
5916    26855  3036     798
5917    11103  6785     798
5918    4431  25502     839
5919    4432  9064     779
5920    42050  1813     836
5921    23455  1875     839
5922    4435  53755     828
5923    4436  3041     840
5924    4437  9068     827
5925    4438  1376     840
5926    4439  36973     840
5927    4440  30004     840
5928    4441  32593     840
5929    4442  57047     813
5930    4443  10341     840
5931    4444  9072     842
5932    16209  1398     810
5933    57321  3055     842
5934    11496  63180     824
5935    34854  6789     799
5936    4449  15209     842
5937    4450  3058     827
5938    4451  5446     842
5939    4452  7589     842
5940    4453  46880     284
5941    62066  3060     842
5942    4455  47052     842
5943    4456  1408     502
5944    4457  3061     842
5945    4458  5687     842
5946    4459  46963     842
5947    4460  31684     507
5948    4461  42625     793
5949    4462  37423     842
5950    55999  1411     842
5951    4464  53604     797
5952    56000  1411     797
5953    4466  3067     803
5954    48493  3068     842
5955    6803  3069     798
5956    5455  3069     798
5957    4470  11020     803
5958    4471  3070     819
5959    4472  12520     842
5960    59639  1298     835
5961    4474  35447     803
5962    4475  56041     843
5963    4476  40984     843
5964    4477  64014     843
5965    4478  64370     843
5966    4479  48763     844
5967    4480  11967     219
5968    4481  10351     219
5969    4482  9087     788
5970    4483  59265     844
5971    4484  53318     844
5972    4485  8693     215
5973    4486  1431     788
5974    7845  1432     844
5975    4488  6810     767
5976    4489  61053     789
5977    4490  61507     844
5978    4491  7597     833
5979    4492  9096     832
5980    4493  32618     832
5981    39406  5461     818
5982    4495  65039     844
5983    4496  5462     845
5984    40263  59200     843
5985    60685  60665     843
5986    4499  48682     845
5987    4500   397     397
5988    4501  53808     845
5989    4502  6829     845
5990    4503  1445     398
5991    4504  3102     546
5992    4505   546     546
5993    4506  1446     845
5994    4507  6832     845
5995    4508  12411     793
5996    4509  30584     542
5997    4510  33459     543
5998    4511  35001     845
5999    4512  3109     845
6000    4513  43804     845
6001    4514  57223     845
6002    4515  51609     836
6003    4516  63253     845
6004    4517  16891     800
6005    4518  9116     840
6006    4519  3041     840
6007    50629  3115     845
6008    4521  1457     845
6009    4522  39829     837
6010    36630  3118     828
6011    4524  44197     828
6012    4525  1853     845
6013    44044  1465     845
6014    4527  6847     845
6015    4528  64098     846
6016    55036  1292     834
6017    4530  55825     829
6018    4531  11155     833
6019    4532  56986     787
6020    4533  11158     832
6021    4534  10381     832
6022    14501  1477     846
6023    4536  63777     846
6024    4537  6861     846
6025    4538  10380     846
6026    4539  38749     846
6027    4540  24318     805
6028    4541  21959     796
6029    4542  25108     796
6030    62845  3139     846
6031    4544  8151     846
6032    4545  3140     790
6033    4546  9137     790
6034    4547  9225     846
6035    4548  1114     801
6036    48687  3143     801
6037    4550  40378     816
6038    4551  52011     816
6039    4552  22545     846
6040    61360  6875     834
6041    4554  6827     846
6042    4555  61867     846
6043    64842  3148     834
6044    36199  3150     788
6045    4558  51880     848
6046    4559  52044     816
6047    4560  6976     801
6048    4561  42126     848
6049    12429  2002     802
6050    12142  1500     794
6051    4564  62728     790
6052    48118  2086     790
6053    4566  3159     805
6054    54324  2355     894
6055    4568  5469     796
6056    4569  42295     791
6057    4570  27968     820
6058    22827  6885     848
6059    34997  3171     848
6060    4573  27558     848
6061    4574  9160     850
6062    4575  38496     850
6063    4576  1697     850
6064    4577  12697     851
6065    4578  11192     851
6066    4579  57215     810
6067    47739  3177     800
6068    4581  15359     827
6069    58659  1533     849
6070    4583  45227     848
6071    9166  37116     817
6072    4585  56977     817
6073    58258  3183     820
6074    63600  3184     807
6075    4588  6900     807
6076    7214  3185     852
6077    4590  38274     852
6078    4591  39761     852
6079    4592  5475     803
6080    4593  37866     852
6081    4594  5477     852
6082    4595  3189     852
6083    4596  3190     852
6084    4597  3191     852
6085    4598  21433     845
6086    32987  30386     798
6087    4600  34629     865
6088    4601  31377     852
6089    4602  30023     800
6090    4603  6909     800
6091    4604  7609     798
6092    6904  11171     852
6093    4606  44413     852
6094    4607  5481     852
6095    4608  5484     852
6096    4609  27565     852
6097    4610  11095     852
6098    4611  20301     836
6099    4612  11206     798
6100    4613  22540     798
6101    4614  10003     852
6102    4615  11233     852
6103    4616  7613     852
6104    4617  11200     852
6105    4618  9162     852
6106    4619  34534     852
6107    4620  3210     854
6108    4621  1444     845
6109    55934  1574     854
6110    60734  3212     854
6111    4624  60096     802
6112    4625  9212     801
6113    4626  9214     788
6114    4627  53646     854
6115    40367  6936     832
6116    27823  6954     855
6117    4630  57049     854
6118    4631  44415     819
6119    34864  6932     855
6120    4633  6939     855
6121    63985  3228     816
6122    6931  9220     855
6123    4636  61728     855
6124    4637  6942     816
6125    8420  1498     801
6126    4639  47443     801
6127    4640  42986     855
6128    4641  5502     855
6129    4642  1593     855
6130    4643  47243     855
6131    4644  6947     855
6132    4645  1595     855
6133    4646  2810     790
6134    4647  32805     796
6135    4648  11243     805
6136    4649  3241     855
6137    4650  5509     855
6138    4651  1603     855
6139    4652  1605     855
6140    4653  33042     783
6141    28200  3245     856
6142    4655  63878     856
6143    4656  50046     834
6144    4657  42040     834
6145    4658  6957     818
6146    55281  1479     846
6147    4660  1614     856
6148    4661  27872     856
6149    4662  1799     796
6150    4663  6963     856
6151    4664  1321     817
6152    4665  3265     836
6153    4666  12035     857
6154    4667  2014     857
6155    4668  58499     882
6156    4669  53236     801
6157    4670  12038     819
6158    4671  12025     858
6159    54298  63502     788
6160    4673  14240     858
6161    4674  44416     858
6162    4675  3273     858
6163    4676  3274     858
6164    59443  1645     858
6165    11263  9242     798
6166    9863  5513     798
6167    4680  44708     852
6168    4681  1304     835
6169    4682  50997     858
6170    4683  64063     858
6171    52243  63599     858
6172    4685  51895     842
6173    4686  6984     842
6174    4687  9866     859
6175    4688  9864     859
6176    4689  41011     859
6177    4690  5519     859
6178    4691  49087     827
6179    4692  41136     836
6180    31837  34977     859
6181    4694  39823     859
6182    4695  38519     859
6183    4696  6988     778
6184    4697  24123     778
6185    4698  3299     820
6186    4699  5524     860
6187    4700  6992     860
6188    4701  47700     860
6189    4702  34503     860
6190    4703  6995     860
6191    4704  26090     824
6192    4705  51529     807
6193    4706  51527     776
6194    4707  3306     860
6195    34847  17256     804
6196    4709  52704     808
6197    4710  9280     860
6198    62893  3308     860
6199    4712  51792     800
6200    4713  45692     860
6201    4714  6997     860
6202    4715  27942     860
6203    4716  36253     860
6204    4717  21476     842
6205    26145  5525     827
6206    4719  12500     842
6207    4720  36150     860
6208    4721  25576     860
6209    7622  3315     827
6210    5534  56900     842
6211    4724  5776     842
6212    4725  7010     851
6213    4726  9888     842
6214    4727  32876     861
6215    4728  54686     824
6216    4729  9397     861
6217    37395  1701     861
6218    4731  53049     807
6219    4732  25542     861
6220    4733  8262     861
6221    4734  7012     798
6222    4735  51571     862
6223    4736  34032     862
6224    47546  3332     845
6225    4738  11307     778
6226    38769  1717     845
6227    22742  1718     862
6228    40777  3335     862
6229    4742  11310     779
6230    4743  12064     779
6231    4744  58020     824
6232    4745  42692     862
6233    5727  1727     862
6234    5729  3342     862
6235    4748  53650     858
6236    4749  11328     862
6237    4750  35658     862
6238    9309  3346     862
6239    4752  30096     862
6240    4753  11323     862
6241    4754  53651     848
6242    4755  25173     863
6243    4756  11293     863
6244    4757  7029     862
6245    4758  9327     863
6246    4759  32740     863
6247    5559  9900     863
6248    35657  1737     863
6249    4762  5562     863
6250    5564  5736     863
6251    9910  5566     863
6252    4765  7040     863
6253    4766  45568     828
6254    4767  37139     824
6255    4768  7042     779
6256    4769  7045     778
6257    7048  13190     863
6258    5567  11659     863
6259    4772  12580     863
6260    46458  5568     840
6261    4774  12547     863
6262    4775  61813     869
6263    4776  58384     863
6264    4777  3382     852
6265    4778  21471     852
6266    4779  39701     865
6267    4780  5572     877
6268    4781  46885     820
6269    43996  2366     866
6270    4783  3393     798
6271    4784  15364     866
6272    4785  3397     837
6273    4786  15365     852
6274    4787  3399     856
6275    32851  10516     848
6276    4789  20205     866
6277    4790  20203     820
6278    28415  7061     848
6279    4792  1148     820
6280    4793  48939     867
6281    4794  7065     867
6282    4795  10521     867
6283    4796  11353     820
6284    4797  26316     279
6285    4798  1860     867
6286    4799  32898     861
6287    4800  8326     867
6288    4801  47926     867
6289    4802  41980     867
6290    36581  7075     867
6291    7077  31790     852
6292    11350  7071     852
6293    4806  9376     867
6294    4807  44997     867
6295    4808  11363     867
6296    4809  26176     867
6297    11142  9113     867
6298    4811  3425     417
6299    4812  3426     867
6300    4813  3427     824
6301    4814  1817     778
6302    4815  26314     867
6303    4816  3429     779
6304    20090  1367     779
6305    4818  43190     868
6306    4819  25267     868
6307    4820  13300     852
6308    9384  33053     836
6309    4822  40043     793
6310    4823  27813     868
6311    4824  3438     868
6312    4825  7680     421
6313    4826  16702     868
6314    4827  48442     868
6315    4828  37860     868
6316    4829  54373     868
6317    4830  63431     868
6318    4831  31717     868
6319    4832  9394     840
6320    44890  3449     868
6321    4834  48760     840
6322    7102  3450     868
6323    4836  9412     863
6324    4837  45837     869
6325    4838  28000     869
6326    4839  10554     845
6327    4840  43789     820
6328    4841  3457     867
6329    4842  7110     856
6330    4843  7093     856
6331    4844  38789     782
6332    53835  3460     852
6333    5580  54806     852
6334    47130  3461     869
6335    4848  44841     869
6336    4849  8356     870
6337    4850  5583     870
6338    4851  36441     862
6339    4852  10031     870
6340    12581  15222     863
6341    20263  3467     870
6342    4855  8286     845
6343    18110  3469     839
6344    4857  3470     870
6345    4858  20918     870
6346    4859  21415     778
6347    7127  11388     870
6348    4861  21437     779
6349    4862  21438     779
6350    31980  3475     870
6351    4864  3476     870
6352    4865  27594     870
6353    4866  37269     870
6354    4867  7124     870
6355    4868  3481     870
6356    4869  38190     870
6357    4870  3483     870
6358    4871  41062     870
6359    4872  42123     870
6360    4873  9426     852
6361    4874  47301     798
6362    4875  45358     798
6363    4876  53979     797
6364    53842  1893     798
6365    64583  7139     797
6366    9429  3491     871
6367    54247  3491     871
6368    4881  64882     820
6369    64812  7122     820
6370    4883  8798     803
6371    53142  3494     871
6372    4885  33183     871
6373    4886  43992     842
6374    50853  3495     842
6375    9813  3496     871
6376    4889  33007     793
6377    11406  1899     871
6378    4891  30066     511
6379    4892  30100     508
6380    24610   924     779
6381    26185  7143     779
6382    4895  36269     510
6383    25105  1902     871
6384    35146  3502     871
6385    19604  3503     435
6386    4899   442     442
6387    59522  57318     827
6388    9452  62134     827
6389    39240  1905     827
6390    19606  1904     871
6391    4904  44972     808
6392    58726  1906     871
6393    43734  1905     871
6394    4907  3305     776
6395    4908  9456     824
6396    4909  57373     871
6397    51865  1192     824
6398    4911  3511     871
6399    4912  56885     871
6400    4913  1518     840
6401    4914  3515     821
6402    44759  10583     887
6403    4916  37186     886
6404    4917  43078     871
6405    4918  58716     820
6406    4919  21582     872
6407    4920  17794     872
6408    19843  8522     821
6409    4922  3524     872
6410    4923  62181     872
6411    4924  39372     872
6412    49103  1930     872
6413    4926  7173     873
6414    53854  2247     865
6415    4928  37359     873
6416    4929  1946     873
6417    4930  7163     867
6418    46575  3534     845
6419    4932  40447     852
6420    4933  9448     798
6421    4934  7186     865
6422    41264  1947     852
6423    4936  9473     873
6424    4937  9475     865
6425    4938  44107     864
6426    4939  11418     873
6427    4940  21527     836
6428    4941  9482     874
6429    4942  8397     852
6430    39737  2097     882
6431    33472  1957     796
6432    4945  10646     874
6433    4946  10565     874
6434    4947  44636     879
6435    4948  31146     874
6436    4949  7189     874
6437    4950  32759     874
6438    11530  1969     874
6439    4952  7646     874
6440    4953  44502     874
6441    4954  39323     874
6442    4955  30099     874
6443    4956  3560     875
6444    4957  42693     776
6445    4958  9470     875
6446    11445  47187     872
6447    4960  7670     875
6448    4961  7209     877
6449    4962  9495     855
6450    4963  63712     877
6451    63622  61963     817
6452    4965  51556     817
6453    4966  8417     866
6454    4967  5592     856
6455    4968  40749     856
6456    32095  22705     796
6457    11732  5594     796
6458    36521  5595     805
6459    4972  31160     805
6460    4973  53282     791
6461    4974  8423     877
6462    64315  1998     877
6463    4976  7220     790
6464    58118  3577     794
6465    4978  2000     877
6466    4979  2002     877
6467    4980  9508     877
6468    4981  62052     877
6469    4982  49216     877
6470    54319  3583     877
6471    48581  3584     855
6472    4985  54315     878
6473    4986  34591     878
6474    4987  63766     862
6475    4988  12152     878
6476    4989  27570     879
6477    4990  34482     879
6478    4991  5746     879
6479    4992  9521     879
6480    4993  43944     852
6481    4994  1624     856
6482    4995  37703     820
6483    4996  19349     807
6484    4997  40012     879
6485    4998  37666     874
6486    11448  3606     879
6487    5000  7247     875
6488    5001  56914     879
6489    7259  2040     875
6490    11446  7246     879
6491    5004  37332     776
6492    5005  32588     880
6493    5006  10630     880
6494    5007  7734     880
6495    5008  64694     802
6496    5009  64929     794
6497    5010  7257     857
6498    5011  44572     875
6499    5012  9532     880
6500    5013  11444     880
6501    5014  27802     799
6502    5015  53618     875
6503    13239  2050     880
6504    5017  56912     880
6505    7230  3553     874
6506    5019  7226     880
6507    5020  20245     880
6508    5021  7264     880
6509    5022  11456     874
6510    5023  44371     880
6511    5024  31154     866
6512    47019  2067     880
6513    5026  3635     836
6514    5027  51483     879
6515    5028  63928     880
6516    5029  3640     881
6517    5030  31935     882
6518    5031  11465     882
6519    31902  2080     882
6520    5033  22789     810
6521    7307  34195     882
6522    22788  7278     842
6523    5036  9555     882
6524    5037  21485     882
6525    5038  35431     882
6526    5039  36953     798
6527    36448  37015     805
6528    5041  9559     882
6529    32358  2100     882
6530    5043  9560     882
6531    5044  40528     879
6532    5045  35089     820
6533    5046  25623     882
6534    5047  2110     868
6535    5048  3662     776
6536    28419  7286     882
6537    5050  9582     882
6538    5051  43322     849
6539    5052  45731     840
6540    5053  63566     824
6541    46371  2116     882
6542    5055  7299     882
6543    5056  9575     882
6544    5057  12176     883
6545    5058  31933     883
6546    5059  28278     883
6547    5060  31032     883
6548    5061  35731     883
6549    5062  33526     883
6550    5063  56941     871
6551    5064  2122     883
6552    5065  5714     883
6553    5066  9553     883
6554    5067  2126     840
6555    5068  7268     883
6556    5069  47513     883
6557    5070  51809     883
6558    5071  7317     882
6559    5072  7316     884
6560    40766  28170     884
6561    5074  2219     813
6562    5075  2132     884
6563    5076  3687     849
6564    5077  7321     884
6565    11495  3690     840
6566    9952  42891     840
6567    7666  5617     884
6568    7373  3691     884
6569    5082  30219     824
6570    48313  7327     842
6571    5084  36875     884
6572    5085  11961     884
6573    52724  2140     885
6574    5087  2139     885
6575    5088  7659     884
6576    5605  10673     885
6577    8498  3697     885
6578    5091  26520     840
6579    5092  7332     824
6580    5093  57649     885
6581    5094  47325     871
6582    12661  1969     872
6583    5096  40555     885
6584    5097  7336     879
6585    5098  2153     879
6586    5099  9595     885
6587    5100  7331     879
6588    5101  5606     885
6589    5102  1966     874
6590    5103  5607     880
6591    41150  3714     885
6592    5105  10683     867
6593    5106  11527     885
6594    5107  16861     837
6595    37257  1780     866
6596    5109  53779     893
6597    42527  2176     885
6598    9600  48749     872
6599    5112  62569     872
6600    5113  58207     776
6601    5114  8523     848
6602    5115  21034     886
6603    5116  2182     886
6604    51908  2183     886
6605    5118  10678     886
6606    5119  7353     886
6607    5120  48125     817
6608    5121  42196     886
6609    5122  3736     886
6610    5123  41185     852
6611    5124  3741     866
6612    5125  55313     845
6613    62556  3743     845
6614    9611  1976     876
6615    5128  7357     876
6616    5129  59176     886
6617    5130  8534     887
6618    5131  59555     827
6619    52754  7663     840
6620    5133  7658     842
6621    40200  3752     842
6622    5135  43800     824
6623    5136  9620     885
6624    5137  24195     813
6625    5138  34993     840
6626    5139  38036     888
6627    5140  40147     824
6628    5141  44561     810
6629    64450  49024     885
6630    51998  2224     888
6631    5756  3763     888
6632    5145  52001     888
6633    5146  53962     776
6634    53943  2228     888
6635    53389  3772     829
6636    5149  46327     829
6637    52617  3773     807
6638    5151  54446     820
6639    5152  31639     888
6640    5153  49253     837
6641    5154  52406     867
6642    5155  8552     856
6643    7386  44547     805
6644    5157  51505     805
6645    59684   865     866
6646    5159  54308     798
6647    5160  42314     798
6648    5161  33950     801
6649    5162  9633     889
6650    24607  3789     854
6651    5164  41314     788
6652    5165  29830     889
6653    5166  30499     801
6654    5167  51870     889
6655    5168  50602     881
6656    5169  58350     889
6657    63372  3794     889
6658    5171  36542     878
6659    5172  3795     890
6660    5173  26244     890
6661    5174  7385     890
6662    5175  2271     890
6663    5176  7400     890
6664    5177  26425     890
6665    5178  25358     817
6666    5179  9641     890
6667    5180  36726     864
6668    5181  2275     890
6669    5182  44745     890
6670    5183  31006     805
6671    5184  26113     805
6672    5185  7407     852
6673    27818  7399     890
6674    5187  35799     867
6675    12655  2287     890
6676    5189  32854     890
6677    5190  27576     867
6678    5191  34361     820
6679    5192  27575     820
6680    5193  8580     890
6681    5194  10737     885
6682    5195  3819     890
6683    55026  1247     829
6684    5197  9517     890
6685    25776  2296     880
6686    36014  3823     890
6687    5200  44384     890
6688    5201  20236     890
6689    43033  7651     879
6690    7384  9928     890
6691    11428  3826     890
6692    9659  12662     890
6693    7382  47841     890
6694    44922  5621     874
6695    5759  2300     890
6696    5209  5627     890
6697    5210  5628     874
6698    5631  7748     890
6699    8590  3829     890
6700    5213  9639     891
6701    5214  5634     875
6702    5215  3833     876
6703    5216  2206     886
6704    5217  7430     880
6705    5218  2042     880
6706    5219  48814     872
6707    34308  1925     872
6708    5221  44423     872
6709    5222  3839     820
6710    5223  1795     867
6711    5224  3841     886
6712    5225  7437     892
6713    5226  55505     892
6714    5227  42912     892
6715    5228  2322     893
6716    5229  3849     837
6717    5230  3849     837
6718    5231  44576     852
6719    40210  3853     796
6720    44032  2189     886
6721    5234  40209     805
6722    5235  10759     885
6723    5236  44671     893
6724    5237  50142     893
6725    50140  1755     817
6726    5239  7445     893
6727    5240  2333     893
6728    5241  11545     893
6729    5242  7456     893
6730    5243  42029     890
6731    5244  7429     893
6732    5245  11547     893
6733    5246  2338     893
6734    5247  50052     893
6735    42962  2341     894
6736    5249  18976     890
6737    5250  57316     802
6738    5251  5640     894
6739    5252  2345     894
6740    5253  3870     790
6741    47704  2177     885
6742    11504  2348     894
6743    5256  2350     894
6744    5257  3878     796
6745    5258  45401     798
6746    5259  30891     894
6747    5260  1034     799
6748    5261  17832     807
6749    5262  32249     894
6750    35424  3886     866
6751    5264  38598     877
6752    5265  64407     894
6753    5266  49306     894
6754    5267  52123     894
6755    5268  54533     894
6756    5269  3891     894
6757    62029  1153     818
6758    10965  3892     894
6759    5272  11556     894
6760    5273  33639     818
6761    5274  24290     832
6762    5275  7483     832
6763    5276  39294     818
6764    5277  32628     894
6765    5278  24284     833
6766    5279  41800     163
6767    5280  10117     894
6768    36893  9656     720
6769    5282  9728     894
6770    32764  9726     894
6771    5284  12839     777
6772    5285  27577     438
6773    5286  2481     438
6774    5287  7499     778
6775    5288  11409     778
6776    5289  1904     871
6777    5290  7501     778
6778    12823   984     797
6779    5292  7502     778
6780    5293  7498     421
6781    5294  18068     778
6782    5295  7503     778
6783    9705   910     778
6784    5297  10863     778
6785    9738  2624     778
6786    5299   910     778
6787    5300  3993     778
6788    5301   912     778
6789    5302  3997     388
6790    5303   914     779
6791    5304  21446     779
6792    5305  21451     779
6793    5306  21464     779
6794    5307  4001     532
6795    5308  4002     779
6796    5309  2635     779
6797    5310   916     779
6798    5311  9742     779
6799    5312  9744     779
6800    5313  5642     779
6801    5314  5643     420
6802    5315  5644     778
6803    21050  4009     779
6804    5317  2640     779
6805    5318  24720     779
6806    20401  7512     779
6807    5320  7511     779
6808    32833  32945     793
6809    5322  11800     779
6810    5323  35137     435
6811    5324  52882     779
6812    5325  44430     779
6813    5326  47616     779
6814    5327  1164     822
6815    5328  4021     780
6816    5329  4026     118
6817    5330  55093     787
6818    5331  7519     787
6819    5332  9755     787
6820    5333  51193     219
6821    5334  9757     219
6822    5335  10890     218
6823    5336  57034     788
6824    5337  49738     788
6825    5338  50203     766
6826    5339  7527     789
6827    5340  54020     788
6828    9763  49327     766
6829    5342  49567     788
6830    5343  1049     791
6831    5344  2758     791
6832    5345  7529     809
6833    5346  20502     795
6834    5347  7700     778
6835    5348  5654     778
6836    5349  5655     424
6837    5350  37662     798
6838    43272  1670     793
6839    5352  1562     852
6840    5353  4093     778
6841    46342  4094     798
6842    5355  9372     798
6843    5356  25486     798
6844    5357  7537     797
6845    5358  9772     201
6846    5359  5659     202
6847    5360  1160     202
6848    5361  8799     201
6849    5362  8796     201
6850    49674  4114     198
6851    5364  4115     201
6852    5365  38291     201
6853    59549  4116     803
6854    5367  60855     803
6855    52527  2734     803
6856    5369  54635     803
6857    5370  7546     822
6858    35906  4118     750
6859    5372  2735     750
6860    5373  35892     803
6861    5374  54199     803
6862    5375  4121     792
6863    5376  2738     804
6864    5377  26204     804
6865    5378  1023     804
6866    5379  16228     242
6867    5380  10212     795
6868    5381  15216     805
6869    5382  40285     776
6870    39958  1199     812
6871    5384  7544     812
6872    5385  49889     813
6873    5386  13288     850
6874    5387  4153     814
6875    5388  25130     800
6876    25384  26608     797
6877    5390  26118     778
6878    5391  46846     280
6879    5392  14673     818
6880    5393  14902     787
6881    21030  21815     665
6882    5395  54257     787
6883    5396  9790     784
6884    57323  4319     830
6885    5398  40015     830
6886    12362  5661     833
6887    5400  22561     833
6888    5401  26897     818
6889    5402  7566     833
6890    5403  2375     833
6891    5404  11925     833
6892    5405  5663     833
6893    5406  5664     833
6894    5407  1277     833
6895    5408   833     834
6896    5409  4354     834
6897    5410  2968     834
6898    5411  4359     796
6899    5412  7569     794
6900    34964  4371     835
6901    12706  1308     779
6902    14190  5665     779
6903    5416  31544     816
6904    9800  55378     805
6905    39595   596     596
6906    46528  3006     836
6907    9029  49189     836
6908    8835  55247     836
6909    40318  41779     837
6910    5423  41239     806
6911    60447  3007     806
6912    49017  9026     806
6913    5426  32611     806
6914    29682  1334     806
6915    5428  53968     837
6916    61181  4045     787
6917    55863  3010     837
6918    5431  1335     837
6919    5432  50085     795
6920    60651  3013     795
6921    5434  11083     816
6922    59185  4405     837
6923    5436  20182     805
6924    5437  5680     805
6925    5438  24910     815
6926    5439  7683     779
6927    5440  7586     779
6928    5441  9055     793
6929    5442  5683     793
6930    5443  5685     779
6931    11107  42115     867
6932    5445  4451     842
6933    5446  3059     842
6934    5447  1207     809
6935    5448  34444     842
6936    5449  42051     842
6937    5450  44426     842
6938    5451  48838     842
6939    5452  44432     842
6940    5453  7592     842
6941    5454  37865     798
6942    5455  4469     798
6943    5456  7594     803
6944    5457  7596     833
6945    5458  5689     832
6946    5459  5690     832
6947    5460  31704     832
6948    5461  38612     818
6949    5462  9824     845
6950    5463  11614     843
6951    59204  60660     843
6952    5465  7600     816
6953    5466  48289     846
6954    5467  61849     846
6955    5468  31357     788
6956    5469  3160     796
6957    5470  42052     851
6958    5471  12688     851
6959    15926  3178     827
6960    5473  44516     803
6961    5474  37862     852
6962    5475  7608     803
6963    5476  4594     852
6964    5477  7606     852
6965    5478  44412     798
6966    5479  32922     852
6967    5480  7709     852
6968    5481  9009     852
6969    5482  32635     793
6970    5483  4608     852
6971    5484  1564     852
6972    5485  28014     852
6973    5486  26141     852
6974    5487  11102     852
6975    5488  20221     798
6976    5489  13138     852
6977    5490  11069     852
6978    5491  12449     852
6979    5492  52079     823
6980    30195  4616     852
6981    5494  8933     852
6982    5495  9205     852
6983    5496  5705     852
6984    44805  5706     827
6985    5498  37664     852
6986    32150  5707     852
6987    5500  42989     801
6988    5501  54086     801
6989    5502  3232     855
6990    44635  27542     855
6991    5504  25109     818
6992    5505  30682     796
6993    5506  9859     796
6994    5507  11252     805
6995    5508  37713     805
6996    5509  1602     855
6997    5510  7615     832
6998    5511  25249     856
6999    5512  63879     830
7000    7715  5709     798
7001    5514  39792     802
7002    5515  11255     859
7003    5516  39763     859
7004    5517  7703     859
7005    5518  4690     859
7006    5519  37863     859
7007    5520  26089     827
7008    5521  39008     836
7009    5522  37723     859
7010    5523  30537     859
7011    5524  7624     860
7012    28017  2893     827
7013    5526  7625     842
7014    5527  4261     827
7015    5528  28019     860
7016    5529  26783     860
7017    5530  19659     860
7018    9872  4722     827
7019    5532  7627     827
7020    5533  9290     842
7021    5534  59777     842
7022    5535  5775     842
7023    5536  5721     842
7024    5537  26147     842
7025    5538  5723     842
7026    5539  5724     861
7027    5540  39571     862
7028    39524  47197     862
7029    5542  38653     862
7030    5543  11292     779
7031    5544  12062     779
7032    5545  9336     824
7033    5546  7638     862
7034    28807  20863     862
7035    5548  7639     862
7036    5549  57473     827
7037    5550  9904     862
7038    5551  53785     803
7039    5552  5732     862
7040    5553  33428     862
7041    5554  13988     862
7042    5555  13182     862
7043    5556  11316     862
7044    5557  9903     863
7045    5558  4760     863
7046    9329  4760     863
7047    5560  4761     863
7048    5561  4762     863
7049    5562  3357     863
7050    5563  9333     863
7051    5737  4763     863
7052    9909  4764     863
7053    37044  1740     863
7054    7731  4771     863
7055    5568  38367     840
7056    5569  9349     863
7057    5570  9907     863
7058    54423  1320     836
7059    5572  1988     877
7060    5573  45763     820
7061    11579  3421     867
7062    36755  1809     867
7063    5576  11346     867
7064    5577  7644     867
7065    9840  4810     867
7066    5579  4816     779
7067    49221  4846     852
7068    5581  4849     870
7069    5582  4850     870
7070    5583   869     870
7071    5584  10037     870
7072    5585  30054     870
7073    5586  11747     870
7074    5587  43781     874
7075    5588  5747     875
7076    63228  2303     845
7077    5590  3568     817
7078    5591  4967     856
7079    5592  3570     856
7080    31942  4970     796
7081    12739  1077     796
7082    5595  32094     805
7083    5596  7736     805
7084    5597  11676     805
7085    5598  51655     791
7086    5599  4974     877
7087    5600  42336     848
7088    5601  35863     877
7089    5602  4977     794
7090    60087  3269     816
7091    5604  32761     884
7092    5605  11498     885
7093    5606  2154     885
7094    5607  9943     880
7095    5608  30174     886
7096    5609  24803     886
7097    50641  2887     827
7098    5611  33622     842
7099    5612  5134     842
7100    35694  1198     824
7101    5614  23901     813
7102    5615  9588     888
7103    5616  5143     888
7104    7665  42892     884
7105    5618  44534     888
7106    5619  5757     888
7107    5620  5149     829
7108    5621  3556     874
7109    5622  7668     875
7110    5623  3828     890
7111    5624  5760     890
7112    5761  1975     875
7113    5626  9960     890
7114    5627  3828     890
7115    5628  36465     874
7116    5629  7673     875
7117    5630  5763     890
7118    5631  5765     890
7119    5632  2300     890
7120    5633  9669     875
7121    5634  3830     875
7122    5635  39775     893
7123    5636  11549     893
7124    5637  52998     890
7125    5638  51371     894
7126    5639  5248     894
7127    5640  3869     894
7128    5641  2272     794
7129    5642   917     779
7130    5643   919     420
7131    5644  23581     778
7132    5645  7679     868
7133    5646  16689     779
7134    5647  12258     219
7135    5648  7747     844
7136    5649  7682     219
7137    5650  5768     219
7138    5651  57042     788
7139    5652  57044     788
7140    5653  49726     788
7141    5654  1139     778
7142    5655  25149     424
7143    5656  46340     798
7144    5657  35043     798
7145    5658  5358     201
7146    5659  4111     202
7147    5660  22552     797
7148    12363  1270     833
7149    5662  21467     833
7150    5663  4349     833
7151    5664  2965     833
7152    13449  4373     779
7153    31038  5416     816
7154    5667  12765     795
7155    35669  36577     837
7156    5669  24669     806
7157    53102  4393     806
7158    56197  5424     806
7159    5672  7696     806
7160    5673  11715     805
7161    5674  11714     806
7162    44763  5429     787
7163    7699  3015     837
7164    5677  5433     795
7165    5678  5433     795
7166    5679  52505     837
7167    5680  1081     805
7168    5681  5769     779
7169    5682  7701     793
7170    5683  1360     793
7171    5684  27295     867
7172    5685  1818     779
7173    5686  33820     850
7174    5687  5449     842
7175    5688  5458     832
7176    5689  4492     832
7177    5690  3093     832
7178    5691  10002     832
7179    5692  9825     843
7180    5693  31941     843
7181    5694  9821     846
7182    5695  32928     852
7183    5696  9841     852
7184    5697  11216     852
7185    5698  7710     852
7186    5699  19482     852
7187    5700  13612     868
7188    5701  13151     852
7189    5702  45423     835
7190    5703  7713     852
7191    5704  12448     852
7192    5705  1568     852
7193    37003  7716     827
7194    18192  1570     852
7195    21606  5511     856
7196    7718  11731     798
7197    5710  39776     859
7198    5711  7704     859
7199    5712  34494     859
7200    5713  5533     842
7201    5714  3678     883
7202    5715  1205     810
7203    5716  7719     842
7204    7749  5531     827
7205    5718  7742     842
7206    5719  9873     842
7207    5720  5536     842
7208    5721  3316     842
7209    5722  26862     842
7210    5723  1693     842
7211    5724  7723     861
7212    5725  11390     863
7213    5726  38236     862
7214    5727  5546     862
7215    34856  7725     828
7216    5729  5548     862
7217    5730  42325     803
7218    5731  44440     862
7219    5732  4750     862
7220    26346  29455     862
7221    5734  27246     862
7222    5735  26183     862
7223    5736  1739     863
7224    5737  5564     863
7225    5738  3358     863
7226    5739  11658     863
7227    5740  10038     863
7228    5741  7755     863
7229    5742  41123     867
7230    5743  54877     828
7231    44414  5578     867
7232    5745  42702     874
7233    5746  3592     879
7234    5747  1974     875
7235    52697  1541     851
7236    27360  11432     796
7237    5750  33174     805
7238    5751  11755     805
7239    5752  12743     805
7240    5753  63602     864
7241    5754  34279     842
7242    51545  3753     824
7243    5756  5619     888
7244    5757  52709     888
7245    42525  5150     807
7246    5759  5624     890
7247    5760  5208     890
7248    5761  5625     875
7249    5762  44435     874
7250    5763  3829     890
7251    5764  1971     871
7252    5765  5211     890
7253    42959  2268     890
7254    5767  11572     844
7255    5768  1430     219
7256    5769  2703     779
7257    5770   858     859
7258    5771  1692     861
7259    5772  7751     827
7260    5773  10021     842
7261    5774  5535     842
7262    5775  5719     842
7263    5776  5720     842
7264    5777  20768     778
7265    5778  11749     863
7266    5779  11653     863
7267    5780  21359     796
7268    5781  7753     805
7269    5782  12741     805
7270    51910  2352     836
7271    5784  11669     863
7272    5785  15464     796
7273    5786  49837     558
7274    5787  47904     560
7275    5788  47938     571
7276    5789  50264     579
7277    5790  49630     591
7278    5791  7760     605
7279    5792  40333     612
7280    5793  47966     616
7281    58387  7766     632
7282    5795   650     651
7283    5796   660     661
7284    5797  48068     673
7285    5798   673     674
7286    5799  48080     676
7287    5800   710     711
7288    5801  10080     724
7289    44035  48643     729
7290    5803  10084     731
7291    46147   734     735
7292    5805  48180     737
7293    5806  49639     741
7294    5807  11792     745
7295    5808  13366     758
7296    5809  12797     759
7297    5810  2430     251
7298    5811  7783     251
7299    5812  42035     830
7300    5813  2446     380
7301    26376  1420     843
7302    5815   376     376
7303    5816  37303     379
7304    5817   378     378
7305    5818  2444     377
7306    5819  10141     736
7307    5820  52454     736
7308    5821  40811     373
7309    5822  2454     389
7310    5823  44445     552
7311    5824  1445     845
7312    5825  51220     732
7313    5826  2465     406
7314    5827  51346     730
7315    5828  7792     730
7316    5829  34837     413
7317    5830  10110     778
7318    5831  34496     423
7319    5832  2475     426
7320    5833  10113     725
7321    5834  7798     723
7322    5835   446     446
7323    5836  2503     464
7324    5837   453     453
7325    8891   459     459
7326    5839   484     484
7327    5840   472     472
7328    5841  2584     719
7329    5842  2511     481
7330    5843   491     491
7331    5844  2574     667
7332    5845  49590     563
7333    5846  51372     559
7334    5847  51213     559
7335    5848  2534     513
7336    5849  2540     522
7337    5850  1297     835
7338    5851   555     555
7339    5852  2558     555
7340    5853  2557     554
7341    5854  2552     547
7342    5855   549     549
7343    5856   394     394
7344    5857  42058     393
7345    5858   390     390
7346    5859   389     389
7347    5860  40902       1
7348    5861  51195       5
7349    5862  49359       7
7350    5863  49354       8
7351    5864  49362       9
7352    5865  47931      14
7353    5866  10127      22
7354    5867  40919     630
7355    5868  47980      29
7356    5869  47973     603
7357    5870  10131      51
7358    5871  47967      65
7359    5872  49421      75
7360    5873  40943      94
7361    5874  7819     112
7362    5875   114     114
7363    5876   932     785
7364    5877  50413     122
7365    5878  40956     137
7366    5879  48858     139
7367    41608   158     158
7368    5881  48214     168
7369    5882  48098     171
7370    5883  48328     172
7371    5884  51222     176
7372    5885  51477     180
7373    5886  10138     184
7374    5887  50747     186
7375    5888  49794     195
7376    5889  10137     197
7377    5890  49671     203
7378    49685  7840     761
7379    5892  51412     764
7380    5893   215     215
7381    5894  50225     220
7382    5895  10157     720
7383    5896   964     793
7384    5897  11830     433
7385    5898  34782     777
7386    5899  26073     777
7387    7823  22779     436
7388    5901  12854     436
7389    5902   421     421
7390    5903   909     525
7391    5904  12861     779
7392    5905  21399     778
7393    5906  7858     778
7394    5907   965     793
7395    5908  11852     778
7396    5909   901     508
7397    5910  7874     781
7398    5911  2660     705
7399    44567   938     152
7400    5913  2664     783
7401    47830   943     787
7402    17466   945     787
7403    39980    77      78
7404    37675  37677     788
7405    7881  48107     767
7406    47923  7879     217
7407    46889  2677     790
7408    5921  42251     790
7409    5922  2533     512
7410    5923   963     432
7411    5924  33456     793
7412    5925  26707     411
7413    5926  26117     409
7414    5927   541     542
7415    5928  1085     816
7416    5929  17190     242
7417    5930  10196     424
7418    5931  10201     842
7419    5932  44493     859
7420    5933  27728     526
7421    5934  10205     867
7422    5935  2281     805
7423    34850  7904     814
7424    5937  53664     843
7425    5938  63518     802
7426    5939  10213     803
7427    5940  7914     820
7428    5941  11877     197
7429    5942  7928     804
7430    5943  2650     781
7431    36881  1024     804
7432    5945  38994     796
7433    5946  1026     791
7434    5947  11686     805
7435    5948  12869     796
7436    5949  16244     805
7437    7911  1030     242
7438    5951  25129     805
7439    15395  1331     836
7440    5953  1170     822
7441    5954  20206     780
7442    28361  21075     457
7443    5956  2764     810
7444    5957  47397     813
7445    33353  1067     814
7446    38059  1402     842
7447    5960  12785     805
7448    44220  7954     263
7449    5962  10040     795
7450    5963   978     794
7451    5964  44887     794
7452    5965  42061     816
7453    22754  2796     788
7454    5967  23452     889
7455    5968  33620     802
7456    45062  1576     854
7457    5970  7973     401
7458    5971  10248     798
7459    5972  10246     797
7460    5973  7968     793
7461    5974  10253     779
7462    61113  1379     796
7463    5976  33087     828
7464    5977  1463     845
7465    7983  46961     886
7466    5979  2847     799
7467    60327  52023     821
7468    5981  7986     755
7469    65074  1065     813
7470    5983  34968     792
7471    10345  1134     820
7472    5985  36388     867
7473    5986  1316     836
7474    42581  7995     776
7475    5988  48161     776
7476    32645   811     812
7477    5990  22645     825
7478    5991  11917     803
7479    5992  9278     842
7480    5993  19123     236
7481    5994  34463     778
7482    5995  38773     859
7483    5996  1233     828
7484    5997  8010     530
7485    5998  34464     416
7486    5999  49241     828
7487    36899  1709     796
7488    6001  1380     840
7489    6002  1983     877
7490    6003  26159     829
7491    6004  1244     829
7492    6005  39771     305
7493    6006  53638     830
7494    6007  59703     783
7495    10279  1603     837
7496    6009  10284     833
7497    6010  17821     832
7498    6011  8027     832
7499    6012  8026     832
7500    6013  11927     832
7501    63908  8022     783
7502    6015  10296     832
7503    6016  11723     834
7504    60569  9143     818
7505    6018  11943     846
7506    6019  54071     816
7507    6020  53759     819
7508    6021  14389     778
7509    29154   971     536
7510    15652  1312     798
7511    6024  8053     779
7512    6025  1600     814
7513    6026  8054     836
7514    34899  8057     836
7515    6028  9981     837
7516    6029   830     830
7517    6030  51610     837
7518    6031  10317     798
7519    6032  48691     828
7520    6033  8071     820
7521    6034  8070     778
7522    6035  8068     425
7523    6036  8065     827
7524    6037  26891     836
7525    6038  29671     868
7526    51928  2997     800
7527    6040  64039     840
7528    6041  40592     872
7529    6042  12920     884
7530    6043  10325     824
7531    6044  31181     824
7532    6045  8090     842
7533    6046  11964     842
7534    62179  2883     824
7535    6048  15208     810
7536    6049  1401     842
7537    6050  1414     842
7538    6051  10346     803
7539    6052  65046     844
7540    6053   816     817
7541    6054  62441     854
7542    6055  39772     368
7543    6056  1424     843
7544    48785  1422     326
7545    58131  59915     801
7546    40639   771     771
7547    6060   954     788
7548    6061  10363     833
7549    6062   367     367
7550    6063  11982     545
7551    27469  28545     545
7552    6065  35243     793
7553    33073  2547     538
7554    6067  25093     541
7555    18214  1374     800
7556    6069  43046     820
7557    6070  8128     869
7558    6071  10370     828
7559    6072  1435     845
7560    6073  11991     833
7561    6074  12931     818
7562    6075  11673     818
7563    6076  21475     805
7564    6077  40654     818
7565    6078  1487     794
7566    6079  3141     802
7567    64443   847     848
7568    6081  1629     819
7569    46217  1507     837
7570    6083  10390     799
7571    6084  1513     848
7572    6085  1540     817
7573    64017  2205     845
7574    6087  42066     876
7575    21696  1924     872
7576    6089  9890     851
7577    6090  8165     799
7578    6091  31137     837
7579    6092  32646     805
7580    6093  1762     864
7581    6094  30022     840
7582    32527  8173     798
7583    6096  20207     852
7584    6097  59298     803
7585    6098  48633     803
7586    50588   342     342
7587    6100  42073     789
7588    6101  3215     854
7589    6102  10413     817
7590    6103  1089     816
7591    6104  1606     856
7592    6105  10417     783
7593    6106  10418     783
7594    55052  57306     857
7595    6108  1589     848
7596    6109  20173     801
7597    6110  12016     846
7598    6111  10426     818
7599    6112  1111     794
7600    6113  31403     834
7601    26696  1604     834
7602    6115  39780     855
7603    44476  3223     855
7604    42094  1612     856
7605    42659  1991     852
7606    6119  31524     807
7607    6120  1348     837
7608    6121  2243     805
7609    6122  3261     856
7610    16482  17905     782
7611    45927  1865     869
7612    6125  10443     878
7613    6126  15219     858
7614    6127  12947     819
7615    6128  32693     819
7616    48159  1118     819
7617    6130  53703     842
7618    44771  9008     794
7619    6132  1305     835
7620    6133  64493     858
7621    6134  58366     828
7622    6135  51894     803
7623    38651  1666     827
7624    6137  21469     525
7625    6138  24748     779
7626    6139  8246     824
7627    6140  34502     824
7628    6141  10457     860
7629    35435  1909     871
7630    6143  8253     808
7631    6144  27943     800
7632    6145  12052     827
7633    6146  63831     810
7634    6147  10472     850
7635    6148  1707     820
7636    43207  1710     861
7637    6150  55495     839
7638    6151  12066     778
7639    6152  10477     410
7640    35303   534     535
7641    6154  10480     828
7642    6155  1661     858
7643    6156  11312     819
7644    6157  34504     864
7645    6158  13889     862
7646    8280  3343     862
7647    6160  39782     828
7648    36774  1881     870
7649    18652  19558     793
7650    6163  28989     412
7651    6164  1456     839
7652    6165  1760     861
7653    34662  1762     798
7654    6167  1765     864
7655    32698  1763     845
7656    6169  12088     865
7657    6170  12087     864
7658    6171  1769     798
7659    6172  21472     865
7660    43995  2366     894
7661    6174  35696     782
7662    6175  10514     880
7663    30549  2168     852
7664    46239  1621     268
7665    6178  27969     866
7666    6179  1786     866
7667    6180  8316     820
7668    22028  1797     867
7669    6182  10524     837
7670    6183  8322     867
7671    6184   928     279
7672    6185  8324     856
7673    6186  1609     856
7674    6187  35909     800
7675    6188  12104     852
7676    9768  27604     828
7677    8333  3428     778
7678    13120  3205     852
7679    6192  13913     798
7680    6193  1669     859
7681    6194  42611     793
7682    6195  10542     779
7683    6196  1836     824
7684    6197  10545     860
7685    31248  31317     868
7686    51905  1333     837
7687    6200  10548     800
7688    6201  10549     861
7689    54614  2234     888
7690    6203  26108     828
7691    43056  8348     837
7692    6205  8308     279
7693    26161  1862     273
7694    6207  1864     861
7695    6208  1864     861
7696    6209  8304     863
7697    6210  13484     870
7698    6211  41083     862
7699    6212  21419     778
7700    6213  1879     870
7701    6214  8363     533
7702    6215  1881     824
7703    6216  1883     828
7704    6217  8359     870
7705    35659  1737     858
7706    6219  53666     858
7707    44746  3485     870
7708    6221  32647     870
7709    6222  10575     871
7710    6223  30067     871
7711    6224   510     510
7712    17249  17274     860
7713    6226  1191     800
7714    63491  8376     776
7715    44751  8379     848
7716    6229  1001     796
7717    6230  17793     776
7718    6231  51380     872
7719    6232  10591     800
7720    26349  1940     873
7721    41529  2020     873
7722    37358  8390     864
7723    22495  1950     864
7724    6237  1953     798
7725    6238  27667     805
7726    6239  12136     880
7727    12122  34869     885
7728    6241  12130     879
7729    10604  2149     776
7730    6243  1976     876
7731    6244  62905     876
7732    6245  2005     855
7733    6246  1980     877
7734    63243  1978     876
7735    6248  53655     867
7736    6249  3185     852
7737    6250  8418     807
7738    6251  22818     255
7739    6252  64312     782
7740    6253  3348     848
7741    45503  2001     848
7742    33383  2001     848
7743    6256  51396     848
7744    6257  48170     816
7745    6258  51988     788
7746    6259  63062     857
7747    6260  51356     857
7748    6261  10617     857
7749    27738   879     880
7750    6263  37730     864
7751    6264  32650     782
7752    6265  42313     782
7753    44548  47089     796
7754    6267  53074     837
7755    6268  37702     837
7756    6269  12160     879
7757    6270  12163     878
7758    6271  42839     890
7759    6272  11422     885
7760    6273  12164     874
7761    6274  45002     880
7762    6275  42100     874
7763    6276  41209     880
7764    6277  31155     798
7765    6278  47020     874
7766    6279  10637     864
7767    6280  2044     802
7768    51325  1203     827
7769    6282  26163     799
7770    30521  2081     810
7771    6284  2176     885
7772    30542  2175     885
7773    6286  49568     885
7774    6287  41510     880
7775    6288  24141     882
7776    6289  2057     880
7777    6290  8474     829
7778    6291  38435     879
7779    61922  62590     869
7780    6293  31127     851
7781    6294  13552     882
7782    6295  31140     799
7783    6296  2079     882
7784    30875  8483     882
7785    6298  10659     882
7786    6299  2115     849
7787    6300  10666     883
7788    6301  2129     813
7789    6302  2128     882
7790    6303  1519     849
7791    6304  29984     824
7792    6305  29964     824
7793    6306  12184     888
7794    52300  3704     776
7795    6308  55741     799
7796    28330  2155     885
7797    6310  12187     820
7798    6311  10686     856
7799    6312  2194     837
7800    6313  8529     796
7801    6314  15368     882
7802    6315  33468     882
7803    6316  9818     886
7804    19974  2180     848
7805    6318  12190     885
7806    6319  2085     794
7807    6320  8525     882
7808    6321  10676     894
7809    6322  62065     894
7810    6323  12191     886
7811    37237  37281     798
7812    6325  2326     796
7813    33865  2167     866
7814    6327  2195     856
7815    6328  51573     848
7816    6329  2207     871
7817    6330  49187     810
7818    55456  1063     813
7819    6332  34514     842
7820    6333  28504     888
7821    6334  34512     888
7822    23900  2218     842
7823    6336  38035     885
7824    6337  29817     888
7825    6338  3764     888
7826    62262  1917     871
7827    6340  38012     888
7828    6341  63621     872
7829    6342  8547     869
7830    45368  46727     820
7831    6344  2241     796
7832    6345  2244     782
7833    6346  12198     873
7834    6347  43036     836
7835    42398  2258     854
7836    6349  2255     888
7837    6350   888     888
7838    6351  2261     817
7839    6352  12204     889
7840    6353  45445     817
7841    6354  8561     894
7842    6355  3561     875
7843    10713  2274     890
7844    6357  37326     882
7845    6358  26114     798
7846    6359  27063     796
7847    6360  33317     856
7848    6361  36764     885
7849    6362  10739     885
7850    6363  12208     890
7851    15937  2290     885
7852    6365  20235     880
7853    44369  8583     875
7854    6367  8582     875
7855    6368  13560     874
7856    6369  45836     891
7857    6370  2307     776
7858    6371  3835     879
7859    6372  2315     892
7860    11198  37115     829
7861    6374  1514     829
7862    6375  63382     829
7863    6376  42911     886
7864    6377  2321     856
7865    6378  8612     893
7866    10748  2330     882
7867    6380  8615     890
7868    6381  16019     890
7869    6382  42689     817
7870    6383  19419     894
7871    6384  2343     890
7872    6385  2347     885
7873    6386  53716     885
7874    6387  10773     886
7875    6388  3375     863
7876    6389  2354     805
7877    6390  42572     852
7878    43285  1100     807
7879    6392  22759     894
7880    22760  2362     814
7881    6394  42665     848
7882    6395  2365     820
7883    57914  8635     877
7884    11161  64511     829
7885    6398  2373     818
7886    6399  32557     894
7887    6400  53189     894
7888    6401  12236     165
7889    6402  12237     775
7890    6403  10795     775
7891    6404  10796     221
7892    60100  47942     581
7893    6406  49695     213
7894    6407  49659     213
7895    6408  48225     603
7896    6409  10771     213
7897    6410  11826     211
7898    6411  49317     211
7899    6412  48105     693
7900    6413  8652     168
7901    6414  49700     211
7902    6415  13067     191
7903    6416  51445     191
7904    6417  51224     184
7905    6418  49604     187
7906    6419  8658     185
7907    6420  49701     188
7908    6421  49709     191
7909    6422  50334     190
7910    6423  49705     744
7911    6424  3928     193
7912    6425  11768     204
7913    6426  48250     206
7914    6427  48360     206
7915    6428  49784     761
7916    6429  50494     763
7917    6430  50665     763
7918    6431  49698     764
7919    6432  10824     221
7920    48234   216     217
7921    10825  2607     771
7922    6435   290     291
7923    10782  3949     744
7924    6437  10829     744
7925    6438  49632     740
7926    6439  50340     740
7927    6440  49516     187
7928    6441  10833     191
7929    6442  10834     750
7930    42160   770     771
7931    6444  10809     765
7932    6445  34622     754
7933    6446  51201     765
7934    6447  3954     755
7935    6448  51399     213
7936    49693   765     765
7937    6450  1432     844
7938    6451  8694     771
7939    6452  49713     221
7940    6453  8698     776
7941    6454  2614     777
7942    6455  27578     778
7943    6456  20771     437
7944    11408   436     437
7945    6458  20333     435
7946    6459   435     435
7947    35143  2643     779
7948    6461  3985     778
7949    6462  27552     531
7950    6463  21401     778
7951    6464  2631     779
7952    6465  11846     778
7953    6466  12834     778
7954    6467   368     388
7955    6468  3998     779
7956    6469  2628     778
7957    6470  31243     863
7958    6471  21424     778
7959    6472  3990     778
7960    6473  10864     779
7961    6474  4007     779
7962    6475  2622     778
7963    24550   420     421
7964    6477  4011     779
7965    6478   906     778
7966    6479  2621     778
7967    6480  8713     779
7968    32190  1218     776
7969    6482  8704     778
7970    6483  47508     779
7971    6484   506     506
7972    6485   460     461
7973    6486  1859     869
7974    6487  19690     776
7975    6488  8732     872
7976    6489  8727     672
7977    6490  8726     784
7978    6491  10873     118
7979    6492  43200     785
7980    41641  8738     111
7981    6494  8741     785
7982    6495  21816     785
7983    6496  8743     787
7984    6497  47369     786
7985    6498  52383     786
7986    6499  42594     786
7987    6500  41714     787
7988    6501  60248     787
7989    6502  55317     787
7990    6503  43163     787
7991    6504  12284     788
7992    6505  62076     788
7993    6506  8753     788
7994    6507  4052     215
7995    6508  10888     770
7996    6509  8761     792
7997    6510  8774     795
7998    6511  44454     794
7999    6512  8758     793
8000    6513   970     410
8001    55657  4074     794
8002    6515  23383     793
8003    6516  28995     402
8004    6517  54214     794
8005    10311  47570     816
8006    6519  32658     805
8007    6520  4078     795
8008    6521  21124     242
8009    6522  10909     778
8010    6523  25116     793
8011    10906  4084     779
8012    6525  10911     779
8013    6526  10897     778
8014    11193  4086     798
8015    6528  23865     779
8016    6529  4088     859
8017    6530  4090     798
8018    21599   909     525
8019    6532  2708     779
8020    6533  34524     798
8021    27839  4096     799
8022    6535  45372     776
8023    6536  62332     802
8024    6537  3615     794
8025    6538  59399     802
8026    6539  1426     843
8027    6540  43050     802
8028    6541  4107     803
8029    6542  1894     871
8030    6543  8792     754
8031    6544  2598     755
8032    6545  8791     754
8033    6546  10920     197
8034    6547  49614     198
8035    6548  2597     754
8036    41483   199     200
8037    6550  4113     197
8038    51618  54198     822
8039    6552  28470     492
8040    6553  16229     795
8041    6554  10924     806
8042    6555  38411     893
8043    6556  44758     776
8044    6557  1040     800
8045    6558  4136     808
8046    6559  27701     810
8047    6560  35876     809
8048    6561  30069     456
8049    6562  28692     488
8050    6563  53634     822
8051    6564  32225     799
8052    53667  4145     813
8053    6566  12299     813
8054    64378  2661     786
8055    63944  1161     822
8056    6569  31157     814
8057    6570   791     791
8058    6571  1069     809
8059    6572  53573     810
8060    6573  58360     822
8061    6574  8827     796
8062    6575  1076     814
8063    6576  11090     805
8064    6577  8824     805
8065    6578  2787     795
8066    6579  45054     805
8067    6580  4162     805
8068    6581  11895     805
8069    6582  8822     815
8070    48563  4160     815
8071    6584  2783     795
8072    6585  44455     837
8073    20788   794     794
8074    8821  54955     794
8075    29280  1086     816
8076    6589  20938     817
8077    6590  21058     817
8078    6591  31937     889
8079    6592  33124     787
8080    6593  2337     794
8081    6594  16184     818
8082    6595  63537     822
8083    6596  57363     822
8084    6597  2864     803
8085    60143  2973     816
8086    6599  1114     818
8087    61859  60041     788
8088    60515  58145     788
8089    6602  53122     788
8090    6603  2862     822
8091    6604  18301     804
8092    6605  50505     743
8093    6606  4218     202
8094    6607  48383       9
8095    6608  13578     818
8096    6609  4214     783
8097    6610  8862     778
8098    6611  1117     788
8099    6612  53625     889
8100    6613  2817     788
8101    6614  8865     778
8102    6615  8868     778
8103    64059  2831     797
8104    6617  4200     819
8105    6618  8870     793
8106    6619  63904     794
8107    6620  4197     789
8108    6621  58493     798
8109    6622  64956     819
8110    6623  8855     779
8111    6624  8877     779
8112    6625  44577     817
8113    6626  44545     817
8114    6627  62019     845
8115    6628  8880     817
8116    6629  11163     818
8117    6630  4217     202
8118    6631  8885     755
8119    6632  50299     743
8120    6633  1165     780
8121    53320  1058     791
8122    6635  8888     780
8123    6636  1056     810
8124    6637  2858     780
8125    6638  8892     460
8126    6639  10975     792
8127    6640  30230     822
8128    43874  1053     810
8129    6642  1044     792
8130    6643  1016     750
8131    6644  1012     803
8132    56983  3430     867
8133    6646  10978     778
8134    6647  10977     779
8135    48240   859     859
8136    6649  4246     860
8137    38029  1685     808
8138    6651  31904     799
8139    6652  8904     799
8140    51312  1202     827
8141    6654  4253     827
8142    6655  14173     826
8143    6656  1227     828
8144    6657  54266     827
8145    6658  44003     827
8146    6659  10993     827
8147    6660  4263     827
8148    6661  4263     827
8149    10996  1208     827
8150    6663  8911     827
8151    46107  8910     827
8152    6665  1217     779
8153    6666  4306     820
8154    6667  1216     778
8155    6668  11351     828
8156    6669  31425     827
8157    6670  11213     798
8158    6671  4300     828
8159    6672  11014     778
8160    6673  31012     827
8161    37428  4274     827
8162    6675  11021     778
8163    6676  4279     827
8164    49896  2904     793
8165    6678  11025     778
8166    59937  4290     819
8167    6680  1222     827
8168    6681  4286     827
8169    6682  46818     820
8170    6683  8931     798
8171    6684  11022     778
8172    51874  4292     828
8173    6686  8937     827
8174    6687  11023     779
8175    6688  11024     779
8176    6689  1179     793
8177    6690  28312     824
8178    6691  11027     779
8179    6692  11028     779
8180    48479  4304     828
8181    57653  1377     840
8182    6695  2930     828
8183    6696  40016     829
8184    6697  35852     829
8185    6698  4311     829
8186    6699  2944     831
8187    6700  16374     664
8188    6701  8963     783
8189    45392  8962     784
8190    6703  16041     832
8191    46629  46635     301
8192    6705  58065     830
8193    6706  8972     832
8194    6707  12374     832
8195    6708  11031     832
8196    6709  12377     833
8197    6710  8979     832
8198    6711  1268     787
8199    6712  18534     787
8200    6713  12350     832
8201    6714  12338     832
8202    6715  4341     833
8203    6716  1270     833
8204    6717  8965     833
8205    6718  1435     845
8206    6719  4343     833
8207    6720  8953     832
8208    6721  8993     833
8209    6722  58363     830
8210    6723  8949     832
8211    61523  2846     820
8212    6725  4350     783
8213    6726  1278     783
8214    6727  1262     783
8215    6728  33841     856
8216    44481  1280     834
8217    6730  9000     834
8218    6731  4358     805
8219    6732  4360     796
8220    58591  1289     834
8221    61672  2974     834
8222    59550  60587     818
8223    57664  42568     834
8224    6737  1579     835
8225    6738  11071     798
8226    19760  1567     798
8227    6740  13600     798
8228    6741  32596     817
8229    6742   888     889
8230    40979  2216     788
8231    6744  36864     858
8232    6745  25529     408
8233    6746  4377     798
8234    6747  1364     839
8235    6748  9019     816
8236    6749  2993     778
8237    18856  1316     836
8238    6751  35856     816
8239    6752  12559     828
8240    6753  44459     834
8241    51941  1326     836
8242    6755  11079     815
8243    51801  3239     855
8244    6757  34467     259
8245    43491   238     239
8246    6759  44285     836
8247    6760  43707     805
8248    6761  9024     815
8249    27875  9023     836
8250    46620  4396     805
8251    6764  38577     837
8252    53696  58683     836
8253    6766  21607     794
8254    9031  4403     795
8255    6768  9037     795
8256    6769  9021     805
8257    6770  54954     805
8258    6771  1282     805
8259    6772  46730     837
8260    6773  4409     805
8261    6774  9043     779
8262    6775  9041     779
8263    6776  1185     824
8264    6777  9044     778
8265    6778  48585     820
8266    6779  51787     838
8267    6780  9049     778
8268    6781  4425     793
8269    6782  9052     425
8270    6783  9047     779
8271    6784  40521     838
8272    9057  13324     798
8273    6786  9061     778
8274    6787  51836     828
8275    6788   840     841
8276    27837  9067     799
8277    6790  4441     840
8278    6791  2222     810
8279    44884  4446     842
8280    6793  4442     813
8281    57320  4445     810
8282    6795  1393     841
8283    6796  1206     800
8284    6797  50117     842
8285    6798  47053     842
8286    6799  9076     842
8287    6800  1407     443
8288    6801  2527     503
8289    6802  51402     871
8290    6803  4468     798
8291    9081  1134     820
8292    6805  4468     798
8293    6806  50066     844
8294    48893  4475     843
8295    6808  32373     803
8296    6809  4476     843
8297    6810  3089     767
8298    6811  4488     767
8299    6812  42157     788
8300    6813  62532     843
8301    6814  63851     843
8302    6815  9089     219
8303    6816  41366     219
8304    6817   954     215
8305    6818  63145     844
8306    6819  50473     844
8307    6820  4486     788
8308    6821  42909     846
8309    6822  3095     845
8310    6823  9092     833
8311    6824  65089     845
8312    6825   365     366
8313    6826  31151     356
8314    6827  9099     846
8315    6828  12412     793
8316    6829  1444     845
8317    6830  9101     845
8318    6831  11123     793
8319    28173  1448     845
8320    6833  4507     845
8321    6834  9105     544
8322    6835  4554     846
8323    6836  33460     845
8324    6837  36157     845
8325    24000  1452     404
8326    6839  44806     858
8327    47727  1319     828
8328    62278  3112     836
8329    6842  20792     796
8330    26694  9109     845
8331    6844  4520     845
8332    6845  1373     836
8333    6846  63418     846
8334    6847  10371     845
8335    6848  39830     828
8336    6849  42829     828
8337    6850  40270     807
8338    6851  4291     828
8339    6852  9123     832
8340    6853  11147     832
8341    6854  32680     833
8342    6855  34470     832
8343    6856  46200     846
8344    6857  11159     833
8345    6858  11130     846
8346    6859  11164     846
8347    6860  63780     818
8348    6861  1477     846
8349    6862  1613     846
8350    44955  1343     818
8351    6864  24305     805
8352    6865  10422     846
8353    43937  4549     801
8354    6867  1488     790
8355    37635  45225     818
8356    6869  32772     790
8357    6870  37667     794
8358    6871  1114     818
8359    6872  38713     816
8360    6873  52012     818
8361    6874  9140     834
8362    60577  1290     834
8363    6876  63144     802
8364    6877  9145     816
8365    6878  9146     848
8366    6879  4564     790
8367    6880  4566     805
8368    6881  2355     796
8369    6882  48164     805
8370    6883  24540     820
8371    6884  9149     848
8372    20340  9150     848
8373    26782  4572     848
8374    6887  34998     871
8375    6888  9153     851
8376    6889  42053     850
8377    6890  9159     850
8378    6891  59543     810
8379    12496  1690     860
8380    6893  3187     852
8381    6894  38680     848
8382    6895  55231     817
8383    53340  3887     877
8384    6897  1647     852
8385    6898   851     852
8386    6899  44726     820
8387    6900  3184     807
8388    6901  44699     852
8389    9175  46673     871
8390    6903  1550     817
8391    11211  4605     852
8392    42114  3197     852
8393    6906  42056     798
8394    6907  32988     845
8395    6908  31378     865
8396    6909  9186     800
8397    6910  11222     798
8398    6911  4607     852
8399    6912  9185     798
8400    6913  2709     798
8401    6914  9195     852
8402    6915  9194     798
8403    6916  21508     798
8404    6917  13144     798
8405    6918  22593     852
8406    6919  12447     852
8407    6920  12451     798
8408    6921  12460     798
8409    11235  1224     798
8410    6923  11236     798
8411    6924  11187     852
8412    6925  42116     852
8413    6926  34533     798
8414    6927  4620     854
8415    53058  4638     801
8416    6929  55534     845
8417    53066  9208     854
8418    9221  4635     855
8419    27967  9148     855
8420    6933  52923     802
8421    6934  17304     854
8422    6935  53673     854
8423    37760  9237     832
8424    6937  9244     819
8425    6938  64190     855
8426    6939  25852     855
8427    6940  4634     816
8428    62637  1589     848
8429    6942  49264     816
8430    6943  3228     816
8431    6944  37816     855
8432    6945  1592     846
8433    6946  1489     802
8434    6947  11248     855
8435    36921  1594     818
8436    6949  1112     790
8437    6950  1595     855
8438    6951  30078     805
8439    6952  11254     796
8440    6953  33040     783
8441    22785  9236     855
8442    6955  51763     834
8443    6956  43315     831
8444    6957  1612     818
8445    6958  4658     818
8446    6959  3251     846
8447    6960  3250     818
8448    6961  11259     798
8449    6962  9233     858
8450    6963  1625     856
8451    6964  2241     796
8452    6965  1799     867
8453    6966  39786     858
8454    57000  4672     788
8455    6968  30064     857
8456    6969  23738     858
8457    6970  49629     801
8458    6971  11665     819
8459    6972  9254     858
8460    6973  42180     819
8461    6974  1643     788
8462    9253  4678     798
8463    59442  1645     801
8464    6977  9257     852
8465    6978  42247     852
8466    6979  42246     852
8467    39777  4679     798
8468    6981  1303     819
8469    6982  4685     842
8470    6983  9264     859
8471    6984  9266     842
8472    38468  3292     859
8473    6986  34976     836
8474    6987  45784     839
8475    6988   908     778
8476    6989  9271     420
8477    25260  1674     859
8478    6991  1836     868
8479    6992  1676     860
8480    35193  1675     860
8481    6994  40023     838
8482    28883  1677     860
8483    6996  12726     842
8484    6997  3310     860
8485    6998  40380     776
8486    6999  42485     807
8487    7000  51528     808
8488    7001  2876     824
8489    7002  59700     827
8490    7003  2755     808
8491    7004  43149     860
8492    7005  36005     800
8493    7006  13170     827
8494    31785   860     861
8495    7008  25987     827
8496    7009  9288     827
8497    7010  1696     851
8498    7011  54344     861
8499    7012  3328     798
8500    7013  45162     798
8501    46804  4731     807
8502    7015  9393     861
8503    7016  33011     840
8504    7017  44422     862
8505    13463  3466     863
8506    7019  43632     845
8507    7020  38148     862
8508    37727  4741     862
8509    7022  11309     779
8510    35713  1720     862
8511    7024  11311     778
8512    7025  11326     842
8513    7026  30055     863
8514    7027  4759     863
8515    7028  9320     863
8516    7029  3346     862
8517    7030  12512     863
8518    7031  11324     863
8519    7032  12532     862
8520    7033  9310     863
8521    7034  9296     862
8522    7035  4757     862
8523    7036  9293     862
8524    7037  1727     862
8525    7038  9330     862
8526    7039  9292     870
8527    30684  1742     863
8528    36816  1724     862
8529    7042  11335     779
8530    7043  9338     779
8531    7044  9337     778
8532    7045   911     778
8533    7046  9340     778
8534    7047  9335     779
8535    13202  4770     863
8536    38662  3368     863
8537    7050  13172     870
8538    7051  32637     870
8539    7052  42024     869
8540    7053  3389     865
8541    31636  4779     865
8542    7055  9350     852
8543    7056  1555     845
8544    7057  4796     820
8545    7058  4783     798
8546    7059  9355     867
8547    7060  2284     852
8548    26614  9357     848
8549    36127  4788     848
8550    7063  9356     894
8551    7064  4790     820
8552    7065  3408     867
8553    7066  1148     817
8554    7067  1792     817
8555    7068  12206     791
8556    7069  1796     807
8557    7070  9362     867
8558    12555  9360     852
8559    7072  11362     852
8560    7073  34633     845
8561    43181  1805     861
8562    7075  33539     867
8563    45286  9371     840
8564    7077  9359     852
8565    7078  9353     852
8566    7079  9373     798
8567    7080  9375     828
8568    22585  1811     828
8569    7082  11365     867
8570    7083  26177     798
8571    20084  1367     839
8572    7085  4812     867
8573    7086  28514     836
8574    33190  4844     782
8575    7088  29317     836
8576    7089  33054     859
8577    7090  25339     868
8578    7091  13301     852
8579    7092  4822     793
8580    7093  1861     856
8581    7094  33275     868
8582    7095  16059     868
8583    7096  43511     868
8584    7097  44138     869
8585    7098  4836     863
8586    7099  52153     868
8587    25430  27756     868
8588    7101  1846     868
8589    7102  4835     868
8590    38166  4833     868
8591    34896  4835     868
8592    7105  40133     840
8593    7106  24309     856
8594    32728  1853     869
8595    7108  1855     869
8596    7109  9403     869
8597    7110  3458     856
8598    7111  3414     867
8599    7112  2246     798
8600    7113  44735     869
8601    7114  4848     869
8602    7115  9411     863
8603    7116  36442     800
8604    7117  12985     863
8605    7118  40423     839
8606    7119  13213     863
8607    7120  44108     869
8608    31260  4937     865
8609    7122  64548     820
8610    7123  52302     871
8611    7124  1885     870
8612    7125  4867     870
8613    7126  21482     779
8614    11380  4860     870
8615    7128  30350     870
8616    7129  4865     870
8617    7130  4864     870
8618    18653  19557     411
8619    7132  9420     827
8620    7133  42858     863
8621    7134  9422     871
8622    7135  42124     870
8623    7136  46391     842
8624    7137  1891     819
8625    40634  1546     819
8626    7139  3490     797
8627    7140  63043     797
8628    7141  63450     797
8629    7142  64288     820
8630    11816  3501     779
8631    7144  23887     779
8632    40591  4885     871
8633    9437  4893     779
8634    7147  55623     803
8635    7148  44363     871
8636    7149  48816     871
8637    7150  48817     842
8638    7151  9442     779
8639    7152   901     777
8640    7153  26523     509
8641    7154  4936     873
8642    7155  4896     871
8643    36908  4897     871
8644    7157  21867     798
8645    7158  9450     845
8646    7159   904     778
8647    7160  50119     827
8648    44878  4900     827
8649    7162  21166     871
8650    7163  3419     867
8651    7164  44973     871
8652    7165  45154     871
8653    7166  4911     871
8654    7167  30074     871
8655    7168  9453     824
8656    7169  57142     871
8657    7170  4913     840
8658    7171  3179     849
8659    7172  33661     873
8660    7173  2070     873
8661    7174  35030     871
8662    7175  4916     886
8663    7176  2178     886
8664    7177  9460     880
8665    7178  4922     872
8666    7179  11416     872
8667    7180  44767     872
8668    7181  35580     872
8669    7182  9464     868
8670    7183  11417     836
8671    7184  1947     852
8672    33464  30407     845
8673    7186  9472     865
8674    7187  4933     798
8675    7188  4952     874
8676    7189  3553     874
8677    7190  33013     882
8678    7191  3632     805
8679    7192  3395     866
8680    7193  44741     796
8681    7194  9483     796
8682    7195  9481     874
8683    7196  9489     874
8684    7197  44639     879
8685    7198  46098     845
8686    7199  9480     880
8687    9478  1966     874
8688    7201  3710     885
8689    7202  45790     799
8690    7203  9471     874
8691    53619  2298     879
8692    9523  47188     879
8693    7206  9469     875
8694    7207  32597     874
8695    7208  1972     799
8696    7209  9494     877
8697    7210  1979     788
8698    62030  61965     894
8699    7212  51557     877
8700    7213  4966     866
8701    7214  4589     852
8702    7215  36522     796
8703    7216  31380     256
8704    7217  41986     805
8705    7218  37652     796
8706    47106   975     794
8707    53653  1999     790
8708    7221  42127     877
8709    7222  4561     848
8710    7223  9509     877
8711    7224  9513     883
8712    7225  42099     880
8713    7226  3622     880
8714    7227  5019     880
8715    7228  32795     878
8716    7229  2294     845
8717    7230  5018     874
8718    7231  11522     880
8719    7232  9510     879
8720    7233  2016     879
8721    7234  4991     879
8722    7235  9520     880
8723    7236  2043     872
8724    7237  12605     880
8725    7238  47522     880
8726    7239  9505     880
8727    7240  9525     880
8728    7241  32668     880
8729    7242  18664     807
8730    7243  9502     879
8731    7244  9501     874
8732    7245  11449     799
8733    11435  3609     879
8734    7247  9959     875
8735    47782  9533     879
8736    42129  9496     875
8737    7250  11431     879
8738    7251  34536     880
8739    7252  37439     776
8740    7253  34535     879
8741    7254  47843     880
8742    63466  2256     858
8743    7256  42128     880
8744    7257  2046     857
8745    7258  34707     875
8746    7259  5002     875
8747    7260  24368     799
8748    7261  13236     875
8749    7262  56913     875
8750    7263  19427     880
8751    7264  11461     880
8752    7265  11462     874
8753    7266  11460     880
8754    7267  47696     883
8755    7268  3679     883
8756    7269  3636     873
8757    7270  12630     882
8758    7271  51484     857
8759    7272  12628     882
8760    31602  33302     882
8761    7274  12622     883
8762    7275  19715     810
8763    7276  5068     883
8764    7277  2080     882
8765    19714  9551     842
8766    7279  9552     883
8767    42528  2176     817
8768    7281  20258     882
8769    7282  26906     882
8770    7283  2092     798
8771    7284  3674     883
8772    7285  9558     874
8773    7286  26221     882
8774    7287  3628     880
8775    7288  31975     820
8776    7289  5048     776
8777    7290  2110     882
8778    51274  1848     869
8779    34973  3686     884
8780    7293  36640     883
8781    7294  33300     883
8782    7295  1518     840
8783    7296  12639     883
8784    7297  9565     882
8785    7298  62144     824
8786    7299  11485     882
8787    7300  3669     882
8788    7301  9570     883
8789    7302  12640     882
8790    7303  2120     883
8791    26222  2119     799
8792    7305  30209     883
8793    7306  38908     827
8794    36638  5034     882
8795    7308  5063     871
8796    7309  5065     883
8797    7310  5056     882
8798    7311  11488     882
8799    7312  5055     882
8800    7313  47695     882
8801    7314  34179     884
8802    7315  34513     884
8803    7316  9580     884
8804    7317  9576     882
8805    7318  1396     842
8806    7319  44463     871
8807    7320  11955     884
8808    7321  11492     884
8809    43657  2134     884
8810    7323  11691     824
8811    7324  9581     884
8812    56933  1387     840
8813    7326  33096     884
8814    40269  2130     842
8815    7328  3871     894
8816    7329  3732     886
8817    7330  9592     884
8818    7331  3604     879
8819    7332  11499     824
8820    7333  43616     871
8821    51999  2224     849
8822    55152  5095     872
8823    7336  3708     879
8824    7337  39757     874
8825    7338  2153     885
8826    7339  9596     879
8827    7340  32762     880
8828    7341  49974     776
8829    7342  3728     776
8830    7343  26261     885
8831    7344  38575     890
8832    16736  1623     266
8833    7346  58206     872
8834    7347  38537     872
8835    58205  3518     871
8836    7349  5114     848
8837    7350  2998     817
8838    48120  48122     882
8839    7352  2184     882
8840    7353  2185     886
8841    7354  3876     894
8842    7355  32439     886
8843    7356  35328     886
8844    7357  64016     876
8845    7358  47250     876
8846    63274  2206     886
8847    7360  46990     886
8848    64387  1375     840
8849    43928  1394     824
8850    41149  2211     840
8851    7364  9618     811
8852    7365  46795     842
8853    7366  24747     885
8854    7367  3698     840
8855    7368  9619     888
8856    7369  34994     888
8857    7370  38034     840
8858    7371  40148     885
8859    7372  44562     885
8860    7373  5081     884
8861    7374  54265     885
8862    36169  34972     776
8863    7376  53963     888
8864    7377  53764     888
8865    53942  2228     882
8866    7379  57751     845
8867    7380  40525     845
8868    45768  3704     776
8869    7382  9627     890
8870    7383  56915     890
8871    7384  9628     890
8872    7385  3796     890
8873    7386  5156     805
8874    27842  5161     801
8875    7388  5174     890
8876    7389  14837     788
8877    7390  5168     881
8878    7391  29372     889
8879    19988  1091     801
8880    7393  9634     817
8881    7394  51871     801
8882    7395  50603     889
8883    7396  9637     890
8884    7397  2301     875
8885    12654  5203     890
8886    22770  9636     890
8887    7400  2272     890
8888    7401  21544     890
8889    7402  13265     890
8890    7403  34487     864
8891    7404  34486     836
8892    7405  48111     882
8893    7406  5184     805
8894    7407  3809     852
8895    23604  5185     852
8896    7409  21486     866
8897    7410  52614     829
8898    7411  30273     890
8899    7412  31171     890
8900    7413  25126     820
8901    7414  25127     867
8902    7415  5195     890
8903    7416  28225     807
8904    7417  2159     885
8905    40999  5202     879
8906    7419  5199     890
8907    42837  2051     880
8908    7421  21501     890
8909    7422  9658     890
8910    7423  46954     874
8911    7424  39451     874
8912    7425  5210     874
8913    36647  3831     871
8914    7427  9667     874
8915    19144  2336     893
8916    7429  2337     893
8917    7430  3836     880
8918    7431  5217     880
8919    7432  2308     879
8920    7433  38278     892
8921    7434  5221     872
8922    7435  46598     872
8923    7436  44424     891
8924    7437  9675     892
8925    7438  2202     799
8926    7439  9676     848
8927    7440  5244     893
8928    7441  39774     890
8929    7442  2193     852
8930    7443  5230     837
8931    7444  9686     893
8932    7445  3860     893
8933    7446  5239     893
8934    7447  5232     796
8935    7448  9683     798
8936    7449  5233     886
8937    7450  9690     817
8938    7451  3856     885
8939    7452  9689     817
8940    7453  5179     890
8941    7454  5238     817
8942    7455  9692     817
8943    7456  2336     893
8944    7457  5243     890
8945    7458  32626     890
8946    7459  2338     878
8947    7460  42241     894
8948    7461  51370     893
8949    7462  11552     894
8950    7463  44787     802
8951    29687  11546     890
8952    7465  5307     532
8953    7466  5253     790
8954    7467  9704     779
8955    7468  9681     779
8956    7469  9680     778
8957    42947  47540     882
8958    7471  9706     778
8959    7472  9679     778
8960    7473  17435     778
8961    7474  16194     807
8962    7475  3881     856
8963    7476  13377     777
8964    7477  26079     894
8965    7478  2366     894
8966    7479  9710     894
8967    23684  9714     833
8968    7481  9725     833
8969    7482  24285     787
8970    7483  2374     832
8971    7484  9721     832
8972    7485  23958     832
8973    54885  3129     846
8974    53856  5271     894
8975    7488  24952     818
8976    7489  9657     845
8977    7490  9719     833
8978    7491  41180     818
8979    7492  9722     832
8980    42133  5281     720
8981    7494  40617     719
8982    7495  43916     776
8983    7496  9652     720
8984    7497  9729     894
8985    7498  15441     421
8986    7499  3975     778
8987    7500  11565     435
8988    7501  1904     778
8989    7502   905     778
8990    7503  2624     778
8991    7504  20776     779
8992    7505  9739     779
8993    7506  9737     778
8994    7507  9735     779
8995    7508  9733     778
8996    7509  2638     779
8997    7510  27554     779
8998    7511  2642     779
8999    18668  9745     779
9000    56974  5324     779
9001    7514  9746     779
9002    7515  44428     779
9003    7516  34802     787
9004    7517  49725     787
9005    7518  51202     787
9006    7519  9754     787
9007    48244    88      89
9008    7521  9750     771
9009    7522  9748     844
9010    7523  12286     788
9011    48245  3941     217
9012    48247  9759     766
9013    7526  3091     844
9014    7527  54021     789
9015    7528  50480     788
9016    7529  1049     809
9017    7530  16477     795
9018    7531  5347     778
9019    7532   967     793
9020    36652  34941     798
9021    7534  43271     868
9022    7535  5355     798
9023    7536  27635     798
9024    7537  2730     797
9025    7538  9771     754
9026    7539  11582     755
9027    38285  5361     201
9028    7541  5362     201
9029    7542  49672     751
9030    7543   753     754
9031    7544  63864     812
9032    7545  5384     812
9033    7546  1173     822
9034    7547  9776     803
9035    38281  1172     803
9036    7549  9778     804
9037    7550  5375     792
9038    7551  48535     803
9039    7552  54536     812
9040    7553  2768     813
9041    7554  12699     850
9042    7555  27559     851
9043    7556  21312     871
9044    7557  14802     787
9045    7558  14689     818
9046    7559  46845     280
9047    7560  33572     827
9048    7561  11597     832
9049    44905  5397     830
9050    7563  47630     787
9051    44354  2652     785
9052    7565  12361     833
9053    7566  2962     833
9054    7567  5401     818
9055    7568  5404     833
9056    7569  9793     794
9057    7570  1279     832
9058    30168  5413     835
9059    7572  14061     779
9060    7573  23135     407
9061    7574  50146     836
9062    7575  41823      42
9063    50910  4390     836
9064    50086  5422     837
9065    29681  1334     837
9066    7579  11088     837
9067    7580  55436     795
9068    41780  40317     795
9069    7582  21454     795
9070    7583  9809     779
9071    7584  21681     815
9072    7585  5348     778
9073    7586  1138     779
9074    7587  5441     793
9075    7588   425     426
9076    7589  11611     842
9077    7590   503     504
9078    7591  48839     793
9079    7592  4463     842
9080    7593  1415     842
9081    7594  4470     803
9082    7595  61552     827
9083    7596  1436     833
9084    7597  5457     833
9085    7598   366     367
9086    7599  9822     357
9087    7600  42987     816
9088    7601  1590     855
9089    7602  27636     852
9090    29349  1812     798
9091    7604  39698     851
9092    7605  13284     851
9093    7606  1548     852
9094    7607  1547     842
9095    7608  9836     803
9096    7609  5478     798
9097    7610  28588     798
9098    7611  26105     798
9099    7612  12006     798
9100    7613  5494     852
9101    7614  32675     852
9102    7615  9855     832
9103    7616  27592     796
9104    7617  37714     796
9105    7618  3130     820
9106    7619  11628     798
9107    7620  11266     859
9108    7621  11261     859
9109    7622  5532     827
9110    7623  9871     827
9111    7624  37861     860
9112    7625  16083     842
9113    7626  16272     860
9114    7627  9886     827
9115    7628  11642     827
9116    7629  9892     779
9117    7630  9894     779
9118    7631  5550     862
9119    7632  44441     863
9120    7633  9902     862
9121    7634  9901     819
9122    7635  9898     863
9123    7636  11648     842
9124    7637  5563     863
9125    7638  4746     862
9126    7639  4747     862
9127    7640  43539     862
9128    7641  11657     870
9129    7642  32636     863
9130    7643  30053     863
9131    7644  3422     867
9132    36496  4381     828
9133    7646  5587     874
9134    7647  11668     870
9135    7648  30533     840
9136    7649  5584     870
9137    7650  29927     870
9138    7651  3825     879
9139    7652  4963     877
9140    7653  30672     814
9141    7654  26763     805
9142    7655  12733     796
9143    7656  63210     877
9144    7657  9939     877
9145    34109  5611     842
9146    7659  5604     884
9147    59180  2004     877
9148    7661  21584     886
9149    7662  1966     845
9150    57368  3751     840
9151    7664  5615     888
9152    46541  5617     884
9153    7666  5080     884
9154    7667  29166     888
9155    7668  4960     875
9156    7669  5623     890
9157    7670  5588     875
9158    7671  1975     872
9159    7672  5630     890
9160    7673  4958     875
9161    7674  5629     875
9162    7675  5633     875
9163    7676  5636     893
9164    7677  51405     844
9165    7678  15654     779
9166    7679  1834     868
9167    7680  1833     421
9168    7681  48269     219
9169    7682  5334     219
9170    7683  5681     779
9171    7684  5679     837
9172    34872  5675     787
9173    7686  12759     806
9174    7687  35671     806
9175    7688  20266     797
9176    7689  11703     806
9177    7690  21456     833
9178    7691  9973     795
9179    12707  22782     837
9180    7693  27606     816
9181    7694  13736     837
9182    7695  12767     805
9183    7696  9991     806
9184    7697  12769     836
9185    37903  9992     624
9186    7699  5676     837
9187    7700  4082     778
9188    7701  5442     793
9189    7702  5684     867
9190    7703  5712     859
9191    7704  5517     859
9192    7705  40659     835
9193    7706  1473     846
9194    7707  12464     852
9195    7708  24712     852
9196    7709  5697     852
9197    7710  4610     852
9198    7711  16766     852
9199    7712  19783     868
9200    7713  4615     852
9201    7714  10012     852
9202    7715  5513     798
9203    7716  32149     827
9204    7717  1647     858
9205    7718  5709     798
9206    11487  2124     842
9207    7720  1205     827
9208    12783  28652     827
9209    7722  33490     863
9210    7723  1693     861
9211    7724  10030     840
9212    27861  20864     828
9213    7726  10026     803
9214    7727  10029     863
9215    7728  10025     863
9216    7729  11650     862
9217    7730  1739     827
9218    7731  5739     863
9219    7732  10036     870
9220    7733  11744     870
9221    7734  3613     880
9222    7735  5748     851
9223    7736  32682     805
9224    7737  32681     796
9225    7738  31147     796
9226    7739  56944     863
9227    7740  10051     842
9228    7741  11746     863
9229    7742  5774     842
9230    7743  37715     776
9231    7744  29811     842
9232    7745  4959     872
9233    7746  10052     844
9234    7747  5767     844
9235    7748  2271     890
9236    7749  5772     827
9237    7750  5527     827
9238    7751  5717     827
9239    7752  20760     778
9240    7753  5597     805
9241    7754  10068     805
9242    7755  5784     863
9243    15148  15150     796
9244    7757  49377     558
9245    7758  47958     591
9246    7759  60286     794
9247    55873   604     605
9248    48353    49      49
9249    7762  12812     759
9250    7763  48306     759
9251    7764  13350     758
9252    7765  49729     737
9253    7766   631     632
9254    7767  5797     673
9255    7768  48042     735
9256    7769  10079     724
9257    7770  5801     724
9258    7771  3914     169
9259    7772  40967     731
9260    7773  11782     729
9261    7774  48254     178
9262    7775  51211     737
9263    7776  48179     185
9264    7777  49704     741
9265    7778  49811     188
9266    7779  10078     745
9267    7780  48256     193
9268    7781  52506     204
9269    7782  51406     206
9270    7783   250     251
9271    7784  5811     251
9272    7785  3945     291
9273    7786  46626     301
9274    7787  1421     358
9275    7788  34541     378
9276    7789  34540     379
9277    7790   388     556
9278    7791  2460     398
9279    7792  51197     730
9280    7793  16436     779
9281    7794  40965     176
9282    7795  10109     421
9283    7796   521     521
9284    7797  1361     426
9285    7798  2585     723
9286    7799  10106     723
9287    52167  5833     725
9288    7801  3915     171
9289    7802  10114     168
9290    7803  32946     163
9291    7804  51375     559
9292    7805  51358     559
9293    7806  51345     559
9294    7807  51212       5
9295    7808  2545     535
9296    7809  51376       5
9297    7810  51373       5
9298    7811  2559     557
9299    7812  51194     559
9300    7813  10125      51
9301    7814  5866      22
9302    58731  2565     576
9303    7816  47934      48
9304    7817  10129     608
9305    7818  48140      75
9306    7819  42861     112
9307    7820  5329     118
9308    7821  2578     672
9309    7822  10132     436
9310    13228  11401     436
9311    7824  10128     436
9312    7825  5880     158
9313    7826  2583     715
9314    7827  51218     168
9315    7828  49600     723
9316    7829  48258     725
9317    7830  49689     764
9318    7831  51216     184
9319    7832  51348     180
9320    7833  11823     736
9321    7834  48260     197
9322    7835  5889     197
9323    7836  51440     803
9324    7837  49608     195
9325    7838  3951     750
9326    7839  11828     764
9327    41251   761     761
9328    7841  48374     203
9329    7842  49688     208
9330    7843  48013     211
9331    7844   777     777
9332    7845  4487     844
9333    7846  26074     779
9334    7847  10154     433
9335    7848  5895     720
9336    7849  10156     776
9337    7850  12849     433
9338    7851   965     793
9339    7852  27650     777
9340    7853  10147     777
9341    7854  5898     777
9342    7855  13643     778
9343    7856  13801     778
9344    7857  2623     778
9345    7858  2625     778
9346    7859  11818     779
9347    7860  12853     779
9348    7861  18973     778
9349    7862  5906     778
9350    7863  10121     778
9351    7864  21452     778
9352    7865  21398     779
9353    7866  27143     412
9354    7867  4003     779
9355    7868  11860     778
9356    7869  11857     778
9357    7870  44899     797
9358    7871  4276     827
9359    7872  2641     776
9360    7873  11861     779
9361    7874  46435     781
9362    7875  2857     822
9363    7876  5912     152
9364    36963   938     786
9365    57213   783     784
9366    48262  2427     217
9367    48263  5919     217
9368    7881  5918     767
9369    7882  39979     634
9370    7883  5918     767
9371    7884  10186     788
9372    7885  37699     770
9373    7886  37678     218
9374    7887  10190     215
9375    7888  57045     788
9376    7889  11866     790
9377    7890   963     793
9378    27729   962     793
9379    21687  11868     777
9380    7893  4863     870
9381    7894  2695     794
9382    7895  45086     859
9383    7896  42475     859
9384    7897  12863     424
9385    7898  5930     424
9386    7899  4085     793
9387    53710  3066     820
9388    7901  10199     797
9389    11188  2707     798
9390    7903  27358     419
9391    27824  10180     814
9392    7905  10203     890
9393    7906  2714     796
9394    7907  1025     798
9395    7908  15028     836
9396    7909  20724     805
9397    7910  1426     788
9398    7911  5950     242
9399    7912  10204     795
9400    7913  17788     805
9401    7914  1895     820
9402    7915  63519     845
9403    35547   358     358
9404    7917  10214     871
9405    17213  1133     797
9406    7919  18985     796
9407    7920  14374     796
9408    31371  10061     846
9409    7922  2733     197
9410    7923  11878     750
9411    7924  1026     805
9412    7925  10060     804
9413    7926  54207     800
9414    7927  5943     781
9415    7928  27979     804
9416    7929  4099     800
9417    7930  11766     781
9418    7931  1505     796
9419    47081  1506     791
9420    7933  11882     796
9421    7934  11780     805
9422    7935  12870     805
9423    7936  13402     795
9424    7937  16399     805
9425    7938  25128     795
9426    7939  15023     805
9427    7940  2761     810
9428    7941  5956     810
9429    7942  5955     457
9430    7943  10055     842
9431    46934  1062     298
9432    7945  12875     814
9433    7946  48396     792
9434    7947  24346     791
9435    7948  62550     809
9436    20377  1027     805
9437    7950  11897     805
9438    7951  12877     796
9439    7952  11736     795
9440    7953  10236     795
9441    7954  34546     263
9442    7955  10233     805
9443    7956  19072     788
9444    7957   978     783
9445    40485  1085     816
9446    7959  5964     794
9447    7960  4072     782
9448    7961   976     791
9449    7962  20903     889
9450    7963  32644     818
9451    38977  5976     828
9452    7965  10243     796
9453    7966  10009     779
9454    7967  10010     779
9455    7968  2834     793
9456    7969  15704     797
9457    7970  5972     797
9458    25232  1896     823
9459    7972  2830     798
9460    7973  10249     401
9461    62082   797     797
9462    7975  4203     820
9463    7976  5973     793
9464    7977  43356     838
9465    48895  45613     797
9466    7979  10005     778
9467    61112  1379     840
9468    7981  2838     820
9469    7982  2840     820
9470    7983  5978     886
9471    7984  10255     892
9472    64337  1151     821
9473    7986  1159     755
9474    7987  5981     755
9475    7988  10258     822
9476    7989  2853     202
9477    7990  65075     800
9478    7991  30229     792
9479    38246  10254     804
9480    7993  39788     820
9481    7994  39787     797
9482    7995  48667     776
9483    7996  11911     824
9484    7997  53958     776
9485    7998  11913     824
9486    7999  5991     803
9487    8000  13829     825
9488    8001  10262     827
9489    8002  30082     236
9490    8003  30080     827
9491    8004  5994     778
9492    8005  5382     776
9493    8006  2902     779
9494    8007  38774     827
9495    8008  10272     793
9496    8009  1232     824
9497    8010  27585     530
9498    52575  1706     837
9499    8012  11922     877
9500    8013  10278     817
9501    8014  6008     837
9502    8015  11928     783
9503    8016  1244     783
9504    8017  60400     830
9505    8018  10283     830
9506    32302  2945     783
9507    8020  12777     832
9508    8021  6015     832
9509    61202  1152     783
9510    8023  11923     832
9511    8024  11936     832
9512    8025  45529     821
9513    8026  2953     832
9514    8027  2955     832
9515    8028  10291     832
9516    8029  14205     832
9517    20585   832     833
9518    8031  27659     817
9519    8032  10270     833
9520    8033  6012     832
9521    8034  5277     894
9522    8035  4346     833
9523    8036  10269     833
9524    8037  2950     830
9525    8038  10261     833
9526    8039  12906     783
9527    8040  9998     846
9528    8041  49867     788
9529    61344  6017     818
9530    8043  12911     834
9531    8044  3074     843
9532    8045  15214     798
9533    8046  14086     778
9534    8047  15129     778
9535    8048  14446     779
9536    8049  26189     536
9537    8050  26190     793
9538    8051  15762     839
9539    8052  15213     836
9540    8053  2991     779
9541    8054  1328     836
9542    8055  10310     783
9543    8056  11951     815
9544    29575  10309     836
9545    8058  34900     816
9546    24563  6028     837
9547    8060  33641     836
9548    8061  26263     836
9549    8062  3020     837
9550    8063  3019     831
9551    8064  37845     839
9552    8065  53593     827
9553    8066  4569     791
9554    8067  3023     837
9555    8068   424     425
9556    8069  6035     425
9557    8070  3030     778
9558    8071  1223     820
9559    8072  10320     827
9560    8073  46832     838
9561    8074  10315     778
9562    8075  4423     779
9563    8076  3033     793
9564    8077  4464     797
9565    8078  1830     868
9566    8079  62177     841
9567    8080  32592     824
9568    8081  6040     840
9569    8082  3042     827
9570    8083  6042     884
9571    8084  22544     810
9572    8085  40593     861
9573    8086  12921     840
9574    8087  31803     840
9575    8088  12917     888
9576    8089  27609     840
9577    40936  2212     842
9578    8091  10332     842
9579    8092  4444     842
9580    8093  1060     810
9581    8094  15270     842
9582    8095  1401     800
9583    8096  51421     803
9584    8097  6050     842
9585    8098  37720     823
9586    8099  10343     842
9587    8100  64002     843
9588    8101  6052     844
9589    8102  3072     843
9590    8103  3073     816
9591    8104  10349     771
9592    8105  10352     789
9593    8106  11975     802
9594    8107  3079     843
9595    8108  64004     788
9596    8109  11977     771
9597    8110  10358     219
9598    8111   955     788
9599    8112   954     215
9600    8113   955     767
9601    8114  10361     833
9602    8115  32617     833
9603    8116  32748     846
9604    8117  9969     832
9605    34328  36359     793
9606    8119  9964     793
9607    8120  26193     545
9608    8121  10366     545
9609    8122  33273     399
9610    8123  12927     845
9611    8124  26266     845
9612    33736   536     537
9613    8126  3283     793
9614    8127  2915     828
9615    8128  1853     869
9616    8129  28192     800
9617    8130  3116     845
9618    28191  3114     840
9619    8132  34548     869
9620    8133  43047     869
9621    8134  29032     845
9622    8135  34547     845
9623    34905  1466     845
9624    8137  20240     805
9625    35770  17847     818
9626    8139   845     846
9627    8140  11672     818
9628    8141  11692     833
9629    8142  9951     833
9630    8143  9949     832
9631    8144  11993     818
9632    8145  14478     846
9633    8146  11674     846
9634    8147  21961     805
9635    8148  28227     846
9636    8149  23290     796
9637    8150  40655     814
9638    8151  1487     846
9639    8152  63774     834
9640    8153  12936     847
9641    11999  6088     872
9642    8155  6084     848
9643    39892  3163     848
9644    8157  49304     867
9645    8158  3165     817
9646    8159  10392     872
9647    8160  43333     891
9648    8161  1977     848
9649    8162  12937     776
9650    8163  6089     851
9651    8164  3175     850
9652    8165  1509     799
9653    41328  2359     852
9654    8167  1347     837
9655    8168  33165     817
9656    8169  12001     852
9657    8170  2026     805
9658    8171  12003     852
9659    8172  1762     798
9660    8173  1184     798
9661    8174  25117     840
9662    8175  29478     798
9663    8176  10405     824
9664    8177  32518     852
9665    8178  20219     852
9666    8179  6096     852
9667    8180  22327     839
9668    8181  55003     856
9669    8182  9918     803
9670    8183  46510     831
9671    8184  6099     342
9672    8185  6105     783
9673    8186  6103     816
9674    8187  6101     854
9675    8188  10412     330
9676    8189  4627     854
9677    8190  20641     854
9678    8191  10409     801
9679    8192  3219     788
9680    8193  10416     855
9681    8194  10415     855
9682    8195  6111     818
9683    8196  54385     855
9684    8197  10420     846
9685    8198  1490     801
9686    8199  12015     855
9687    8200  3233     855
9688    8201  38918     790
9689    8202  10425     855
9690    8203  1111     818
9691    8204  37043     855
9692    8205  52563     807
9693    8206  12024     834
9694    8207  12010     834
9695    57007  1339     837
9696    8209  12011     855
9697    8210  12944     855
9698    8211  44474     831
9699    8212  1992     814
9700    8213  1615     856
9701    8214  26572     819
9702    8215  1348     268
9703    8216  34452     819
9704    8217  36494     819
9705    8218  6121     805
9706    8219  6122     856
9707    16481  17906     275
9708    8221  30065     878
9709    8222  1767     865
9710    8223  6125     878
9711    44762  10434     790
9712    8225  34553     819
9713    8226  11663     858
9714    8227  14947     819
9715    8228  34554     858
9716    8229  32694     858
9717    8230  6133     858
9718    8231  1653     858
9719    60842  2985     835
9720    8233  53614     850
9721    8234  6147     850
9722    8235  10453     803
9723    62406  2913     819
9724    8237  63772     810
9725    24511  1678     860
9726    8239  10459     860
9727    8240  4080     796
9728    8241  23171     779
9729    24755  6138     779
9730    8243  21949     778
9731    8244  24749     525
9732    8245  31567     824
9733    8246  47701     824
9734    8247  6139     824
9735    8248  52314     838
9736    8249  42305     796
9737    8250  4704     824
9738    8251  21477     827
9739    8252  12961     827
9740    8253  1040     808
9741    8254  30725     808
9742    8255  9893     800
9743    8256  30726     860
9744    8257  6144     800
9745    8258  12056     860
9746    8259  25125     842
9747    8260  3319     861
9748    8261  4725     851
9749    8262  10470     861
9750    8263  3327     845
9751    8264  6150     839
9752    8265  6152     410
9753    8266  10474     778
9754    8267  12065     778
9755    8268  25912     388
9756    8269  12067     779
9757    8270  9879     793
9758    8271  1297     835
9759    8272  6154     828
9760    8273  9876     862
9761    8274  10481     819
9762    8275  6155     858
9763    8276  13489     862
9764    8277   863     863
9765    8278  19014     863
9766    8279  24644     412
9767    8280  6159     862
9768    8281  10488     858
9769    8282  31666     863
9770    42768  4745     862
9771    8284  3366     863
9772    8285  27869     863
9773    8286  16599     845
9774    8287  12081     863
9775    8288  12090     798
9776    8289  12987     864
9777    8290  6167     864
9778    8291  40971     798
9779    8292  10496     798
9780    8293  12086     857
9781    8294  41526     864
9782    8295  24896     840
9783    8296  32697     798
9784    8297  10503     873
9785    8298  10502     865
9786    8299  10509     865
9787    8300  21473     845
9788    8301  1771     852
9789    8302  12962     870
9790    8303  1775     866
9791    8304  34454     863
9792    8305  3394     866
9793    8306  6209     863
9794    39037  10513     800
9795    8308  1859     279
9796    17164  1779     866
9797    24544  10493     866
9798    8311  3164     820
9799    8312  20855     856
9800    8313  41962     817
9801    8314  10517     867
9802    8315  22375     807
9803    8316  2841     820
9804    8317  6180     820
9805    8318  4795     867
9806    8319  12095     820
9807    20324   265     266
9808    8321  6189     828
9809    8322  10525     867
9810    8323  34739     867
9811    8324  1711     856
9812    8325  10528     856
9813    8326  3416     867
9814    8327  1609     845
9815    8328  1558     852
9816    8329  13524     867
9817    8330  27632     867
9818    8331  44718     837
9819    8332  13528     798
9820    8333  6190     778
9821    8334  4813     824
9822    8335  20747     852
9823    8336  14244     852
9824    8337  6198     868
9825    8338  1831     793
9826    8339  10541     421
9827    8340  4698     820
9828    8341  2872     820
9829    8342  3443     868
9830    8343  46229     796
9831    8344  10544     838
9832    8345  3447     868
9833    8346  3448     840
9834    8347  10547     869
9835    43058  1854     837
9836    8349  32622     828
9837    8350  29696     845
9838    8351  12119     820
9839    8352  1802     867
9840    8353  3462     869
9841    8354  3263     852
9842    8355  3463     869
9843    8356  3464     870
9844    8357  39850     845
9845    8358  33253     840
9846    8359  3479     870
9847    8360  21483     778
9848    8361  1878     411
9849    55398  1790     835
9850    8363  21917     533
9851    8364  3362     863
9852    8365  3478     870
9853    39809  1883     828
9854    8367  1887     858
9855    8368  1887     870
9856    8369   870     871
9857    8370  42145     819
9858    8371  3488     852
9859    8372   900     777
9860    8373  10577     776
9861    8374  54273     871
9862    8375  3509     824
9863    8376  62684     776
9864    8377  63490     840
9865    43917  1914     871
9866    34851  10582     848
9867    8380  1921     872
9868    8381  1924     872
9869    8382  56919     872
9870    8383  51378     868
9871    8384  10580     873
9872    8385  41029     864
9873    8386  26348     840
9874    8387  3530     872
9875    8388  1939     867
9876    8389  3532     836
9877    8390  35165     864
9878    8391  10593     879
9879    8392  10590     805
9880    8393  21441     864
9881    8394  27663     880
9882    8395  10598     874
9883    8396  12133     866
9884    8397  27662     852
9885    10602  6240     885
9886    8399  10567     880
9887    8400  15137     880
9888    8401  25605     814
9889    8402  12123     874
9890    8403  34559     880
9891    8404  12135     874
9892    8405  38993     885
9893    8406  13539     874
9894    8407  2149     885
9895    8408  48172     848
9896    52320  1985     867
9897    8410  10605     799
9898    8411  13025     867
9899    8412  6246     877
9900    8413  5468     788
9901    8414  6245     855
9902    37995  2006     788
9903    8416  3566     855
9904    8417  3569     866
9905    8418  1990     807
9906    8419  12146     852
9907    8420  4638     801
9908    8421  31163     848
9909    8422  57647     848
9910    52295  3576     877
9911    8424  56930     802
9912    8425  12143     848
9913    8426  12144     877
9914    8427  12145     877
9915    8428  4981     877
9916    8429  2004     877
9917    8430  13545     880
9918    58442  63818     878
9919    8432  43319     857
9920    42958  2268     857
9921    8434  51579     880
9922    8435  21496     857
9923    8436  22832     878
9924    8437  14499     879
9925    8438  12158     873
9926    8439  1554     852
9927    8440  1798     867
9928    8441  6268     837
9929    8442  32653     879
9930    8443  9861     879
9931    8444  32703     871
9932    8445  9856     880
9933    8446  18991     874
9934    8447  9851     878
9935    8448  13043     857
9936    8449  22534     874
9937    8450  27922     829
9938    8451  33168     885
9939    8452  2293     829
9940    8453  1536     845
9941    8454  10638     880
9942    46518  45003     882
9943    8456  44372     874
9944    8457  6277     798
9945    8458  33357     864
9946    42442  9842     880
9947    8460  9839     799
9948    8461  9838     880
9949    51934  1397     842
9950    63029  3641     813
9951    8464  32867     867
9952    8465  27549     842
9953    8466  10644     885
9954    8467  3648     817
9955    8468  2328     893
9956    8469  25695     885
9957    8470  6287     880
9958    8471  3547     867
9959    8472  3655     880
9960    8473  6289     880
9961    18662   828     829
9962    8475  12175     882
9963    8476  26196     882
9964    8477  31080     799
9965    65091  1065     813
9966    8479  13052     882
9967    46192  3641     813
9968    8481  16917     883
9969    8482  2079     799
9970    8483  3645     882
9971    8484  10660     882
9972    8485  58694     824
9973    8486  2115     882
9974    8487  2127     883
9975    8488  57980     776
9976    8489  10665     884
9977    11512  23590     842
9978    8491  3685     884
9979    8492  39811     799
9980    8493  2133     884
9981    8494  6305     824
9982    8495  3694     884
9983    8496  10668     888
9984    8497  13943     888
9985    8498  10663     885
9986    8499  2326     893
9987    8500  2149     885
9988    8501  4923     872
9989    8502  3706     885
9990    8503  2348     894
9991    8504  54361     882
9992    8505  9830     885
9993    8506  11616     874
9994    8507  6318     885
9995    56992  2345     794
9996    8509  2181     886
9997    8510  2161     820
9998    8511  16252     820
9999    8512  3258     266
10000    8513  10685     837
10001    8514  36235     817
10002    8515  2194     886
10003    8516  37966     852
10004    15686  6314     882
10005    8518  4665     836
10006    8519  15389     885
10007    8520  3726     885
10008    8521  10691     886
10009    8522  17959     821
10010    8523  16020     848
10011    8524  34619     886
10012    8525  2184     882
10013    40648  2349     886
10014    8527  6323     886
10015    8528  10698     817
10016    36426  2169     796
10017    8530   995     798
10018    33864  2167     885
10019    27686  6337     888
10020    40598  6336     885
10021    8534  16608     887
10022    8535  26516     888
10023    8536  51546     813
10024    8537  34515     840
10025    8538  34987     885
10026    8539  40597     824
10027    8540  29818     840
10028    8541  30644     824
10029    8542  6340     888
10030    8543  2225     799
10031    8544  2226     888
10032    8545  38013     851
10033    8546  3767     882
10034    8547  1850     869
10035    8548  2234     888
10036    8549  6351     817
10037    45367  46728     888
10038    8551  6344     796
10039    8552  3778     856
10040    8553  43035     879
10041    8554  13944     873
10042    8555  13057     864
10043    8556  5009     794
10044    8557  10728     889
10045    8558  34459     889
10046    40713  1582     854
10047    8560  10720     801
10048    8561  2341     894
10049    30215  6354     894
10050    8563  30957     802
10051    8564  2302     871
10052    8565  12836     211
10053    8566  10706     890
10054    8567  25134     893
10055    8568  10702     221
10056    8569  13062     874
10057    8570  10701     798
10058    8571  35958     882
10059    8572  35957     890
10060    8573  10735     890
10061    8574  15627     885
10062    8575  1778     866
10063    8576  10736     890
10064    8577  42155     885
10065    8578  42668     272
10066    8579  42156     890
10067    8580  3816     890
10068    8581  15634     890
10069    8582  3562     875
10070    44453  3607     875
10071    8584  21499     880
10072    8585  19000     880
10073    8586  12210     890
10074    8587  47781     875
10075    47659  3827     890
10076    8589  6367     875
10077    8590  5212     890
10078    42362   874     875
10079    8592  48310     775
10080    58033  3832     848
10081    8594  51424     775
10082    8595  6370     776
10083    8596  5218     880
10084    8597  44125     817
10085    8598  35900     886
10086    8599  45654     886
10087    8600  10750     799
10088    8601  2314     886
10089    8602  12216     892
10090    8603  63384     886
10091    8604  46760     799
10092    8605  10756     893
10093    8606  1781     866
10094    8607  36461     817
10095    17008  2335     890
10096    8609  10752     890
10097    8610  10743     882
10098    8611  24300     885
10099    8612  2330     893
10100    8613  26201     885
10101    8614  30530     893
10102    8615  51404     890
10103    62355  2071     863
10104    8617  5240     893
10105    8618  5242     893
10106    45396  4175     790
10107    8620  6388     863
10108    8621  6384     890
10109    8622  2343     890
10110    8623  3868     894
10111    8624  5256     894
10112    8625  2349     886
10113    8626  6387     886
10114    8627  3873     894
10115    8628  2087     863
10116    37933  6394     848
10117    8630  10779     894
10118    19104  6393     814
10119    8632  2361     799
10120    19499  19103     799
10121    39183  3884     894
10122    8635  64408     877
10123    8636  2365     894
10124    8637  6397     829
10125    8638  6398     818
10126    8639  3095     845
10127    8640  3894     894
10128    8641  46119     894
10129    8642  34318     787
10130    8643  33527     165
10131    8644  34491     165
10132    8645  12231     221
10133    8646  12240     775
10134    8647  10785     221
10135    8648  10783     775
10136    8649  48265     213
10137    8650  48266     765
10138    8651  10810     213
10139    8652   168     168
10140    8653  10804     191
10141    8654  51426     191
10142    8655  51365     213
10143    8656  51360     736
10144    8657  51400     765
10145    8658   185     185
10146    8659  10808     765
10147    8660  49737     744
10148    8661  49734     191
10149    8662  51446     744
10150    8663  49707     191
10151    8664  10837     765
10152    8665  10815     204
10153    8666  12799     206
10154    10836  6443     771
10155    8668  10817     744
10156    8669  12245     744
10157    8670  49323     764
10158    8671  49652     764
10159    8672  10822     221
10160    8673  12254     221
10161    8674  12253     775
10162    8675  48235     769
10163    8676  10819     771
10164    8677  48270     771
10165    8678  4050     219
10166    8679  51448     801
10167    8680  51427     744
10168    8681  12244     191
10169    8682  10830     191
10170    8683  49664     740
10171    8684  10797     191
10172    8685  10781     744
10173    8686  10777     803
10174    8687  12227     771
10175    8688  12226     219
10176    8689  10766     213
10177    10764  1013     803
10178    8691  51200     213
10179    8692  12263     765
10180    8693  1432     215
10181    8694  3962     771
10182    8695  1429     844
10183    8696  51192     221
10184    8697  50217     775
10185    8698  10845     776
10186    27841  27878     437
10187    8700  10848     437
10188    8701  23639     778
10189    8702   904     778
10190    8703   908     420
10191    8704  3982     778
10192    8705  6482     778
10193    8706  6481     776
10194    8707  5302     388
10195    8708  6465     778
10196    8709  10859     778
10197    8710  3996     369
10198    8711  6470     863
10199    8712  3992     369
10200    8713  4013     779
10201    8714  10862     779
10202    8715  10860     779
10203    8716  29641     828
10204    8717  10852     778
10205    8718  6480     779
10206    20975  6476     421
10207    8720  25001     868
10208    8721   921     422
10209    8722   906     422
10210    8723  5902     421
10211    8724  5292     778
10212    8725  5320     779
10213    8726  10867     784
10214    8727   932     672
10215    8728  6489     672
10216    8729  10868     785
10217    8730  4841     867
10218    8731  4022     279
10219    19368  1923     872
10220    8733  2649     776
10221    8734  2654     118
10222    8735  18692     785
10223    8736  6491     118
10224    8737  4025     672
10225    8738  10875     111
10226    8739  34902     785
10227    40453  10877     666
10228    8741  12276     785
10229    8742  18693     665
10230    8743  10879     787
10231    8744  53774     786
10232    8745  10881     786
10233    8746  4040     787
10234    8747  13076     787
10235    8748  60198     787
10236    8749  42755     787
10237    8750  60890     788
10238    8751  10880     788
10239    8752  13077     770
10240    8753  10887     788
10241    8754  48271     770
10242    8755  51430     770
10243    8756  5335     218
10244    8757  42161     798
10245    8758  16583     793
10246    8759  55659     794
10247    41843  6511     794
10248    8761  4061     792
10249    8762  6509     792
10250    41041   586     586
10251    8764  5925     411
10252    42117  6527     798
10253    8766  52170     794
10254    8767  4066     793
10255    8768  20783     793
10256    8769  6516     402
10257    8770  10902     778
10258    8771  10912     778
10259    8772  6519     805
10260    8773  32659     816
10261    8774  4075     795
10262    8775  10900     779
10263    8776  10907     778
10264    21551  1080     815
10265    8778  10910     779
10266    8779  10904     779
10267    8780  25148     793
10268    8781  25491     424
10269    8782  10908     778
10270    8783  10896     779
10271    31314  6529     859
10272    23513  4092     778
10273    8786  2710     778
10274    23631  6534     799
10275    8788  1646     798
10276    8789  1441     845
10277    8790  1426     788
10278    8791  1013     754
10279    8792  2731     754
10280    8793  6543     754
10281    8794  6541     803
10282    13642  6542     871
10283    8796  2732     201
10284    8797  6545     754
10285    8798  10919     803
10286    8799  4112     201
10287    8800  1173     822
10288    49744  6549     200
10289    8802  49842     753
10290    8803  26205     492
10291    8804  17305     817
10292    8805   821     822
10293    8806  1332     806
10294    8807  13082     805
10295    8808  22510     860
10296    8809  34860     776
10297    8810  22511     808
10298    8811  34563     809
10299    8812  34528     822
10300    8813  28693     489
10301    8814  53688     800
10302    64845  2663     787
10303    8816  6566     813
10304    8817  10930     813
10305    8818  10929     812
10306    8819  4146     813
10307    8820  17967     817
10308    8821  55242     794
10309    8822  4159     815
10310    8823  6582     815
10311    8824  4165     805
10312    8825  11089     805
10313    8826  57970     822
10314    8827  1077     796
10315    8828   257     258
10316    8829  6577     805
10317    8830  11737     805
10318    8831  6580     805
10319    43884  1028     783
10320    8833  4158     795
10321    8834  57909     794
10322    54611  5421     836
10323    8836  44456     816
10324    8837  12304     815
10325    8838  27615     816
10326    8839  4169     816
10327    8840   247     248
10328    25273  6591     889
10329    8842  35442     788
10330    8843  34740     787
10331    8844  2337     893
10332    15158  6594     818
10333    8846  63271     822
10334    8847  10944     822
10335    51921  5366     803
10336    8849  51432     816
10337    8850  51433     834
10338    8851  6079     802
10339    8852  43625     788
10340    48275  10951     574
10341    8854  53875     817
10342    8855  1359     779
10343    8856  6623     779
10344    64883  6622     819
10345    8858  6620     789
10346    8859  28092     818
10347    8860  13091     818
10348    8861  13097     846
10349    8862   984     778
10350    8863  6609     783
10351    64999  3216     802
10352    8865  2836     778
10353    8866  1120     819
10354    8867  1089     816
10355    8868  4206     778
10356    8869  6617     819
10357    8870  42069     793
10358    8871  6619     794
10359    8872  6621     798
10360    8873  63826     819
10361    8874  64957     820
10362    8875  6615     778
10363    8876  33991     817
10364    8877  4205     779
10365    8878  6624     779
10366    8879  6614     778
10367    8880  62020     817
10368    8881  6628     817
10369    8882  4212     845
10370    8883  10964     818
10371    8884  50445     743
10372    8885  2852     755
10373    8886   202     202
10374    8887  50303     190
10375    8888  4224     780
10376    8889  53319     810
10377    8890  48277     814
10378    8891  5838     459
10379    8892  31164     460
10380    8893  1167     822
10381    8894  6633     780
10382    8895  10974     822
10383    8896  10976     779
10384    8897  10982     779
10385    8898  6645     867
10386    8899  6646     778
10387    8900  5390     778
10388    8901  39790     859
10389    8902  4247     824
10390    8903  42296     827
10391    8904  10983     799
10392    8905  13820     826
10393    8906   827     827
10394    8907  38319     827
10395    8908  25823     828
10396    8909  6666     820
10397    8910  46844     827
10398    8911  1207     827
10399    8912  4262     809
10400    8913  2895     827
10401    36291  1206     800
10402    8915  12328     842
10403    8916  13105     280
10404    8917  4267     827
10405    8918  28943     828
10406    8919  11212     798
10407    8920  11003     778
10408    8921  31013     776
10409    8922  11005     778
10410    8923  30571     828
10411    8924  45582     819
10412    8925  6676     827
10413    8926  20539     778
10414    8927  11013     779
10415    8928  11011     779
10416    8929  6681     827
10417    8930  11015     779
10418    8931  4289     798
10419    8932  6683     798
10420    8933  3206     852
10421    8934  11016     779
10422    8935  31570     828
10423    8936  11017     778
10424    8937  11019     827
10425    8938  11004     779
10426    8939  11001     779
10427    8940  10994     779
10428    8941  10991     778
10429    8942  10984     778
10430    8943  36105     828
10431    8944  10973     779
10432    8945  26249     824
10433    8946  10971     778
10434    8947  10968     778
10435    8948  44480     855
10436    8949  4332     832
10437    8950  6696     829
10438    8951  6000     796
10439    8952  34951     830
10440    8953  4333     832
10441    8954  1984     829
10442    8955  11033     877
10443    8956  12353     817
10444    8957  6698     829
10445    8958  38240     845
10446    8959  26309     109
10447    8960  4316     785
10448    8961  15160     832
10449    8962  40017     784
10450    8963  40726     783
10451    8964  1251     829
10452    8965  4345     833
10453    8966  4324     830
10454    8967  12379     832
10455    8968  12366     832
10456    8969  12367     832
10457    8970  12357     833
10458    8971  12359     832
10459    8972  1264     832
10460    8973  6706     832
10461    8974  5405     833
10462    8975  11049     832
10463    8976  12375     833
10464    8977  47199     821
10465    8978  11030     832
10466    8979  1437     832
10467    8980  16047     787
10468    8981  11057     833
10469    8982  21531     832
10470    8983  12384     833
10471    8984  6717     833
10472    8985  22691     832
10473    8986  1269     817
10474    8987  6710     832
10475    8988  1274     787
10476    8989  6720     832
10477    8990  5402     833
10478    8991  6723     832
10479    8992  6722     830
10480    8993  1275     833
10481    8994  5406     833
10482    61782  6724     820
10483    8996  6726     783
10484    8997  1262     832
10485    8998  1608     834
10486    8999  4356     831
10487    9000  1281     834
10488    9001  13602     798
10489    9002  11066     798
10490    9003  11065     798
10491    9004  1579     854
10492    9005  11063     852
10493    9006  13969     852
10494    9007  30740     858
10495    9008  34969     794
10496    9009  3199     852
10497    9010  12395     836
10498    28950  6751     816
10499    29545  6750     836
10500    9013  31498     824
10501    35379  6759     836
10502    9015  37840     239
10503    51940  1326     834
10504    51825  4384     836
10505    9018  28951     259
10506    32216  4387     816
10507    9020  1032     794
10508    9021  2788     805
10509    9022  6769     805
10510    9023  23122     836
10511    9024  2786     815
10512    9025   815     815
10513    9026  57988     806
10514    53491  1330     836
10515    9028  6768     795
10516    46619  5420     836
10517    9030  4398     806
10518    9031  6767     795
10519    9032  11086     795
10520    9033  53692     836
10521    9034  18233     794
10522    9035  4166     805
10523    9036  12401     816
10524    9037  4403     795
10525    9038  1282     834
10526    9039  38143     815
10527    9040  6779     838
10528    9041  4422     779
10529    36284  4421     838
10530    9043  3032     779
10531    9044  1358     778
10532    9045  6777     778
10533    9046  6775     779
10534    9047  4432     779
10535    9048  6783     779
10536    9049  4418     778
10537    9050  6780     778
10538    9051  6774     779
10539    9052  2474     425
10540    9053  6782     425
10541    9054  4424     820
10542    9055  4426     793
10543    9056  11100     778
10544    20773  11097     798
10545    9058  11096     798
10546    9059  11094     852
10547    9060  1393     824
10548    9061  4242     778
10549    9062  6786     778
10550    9063  1816     867
10551    9064  5443     779
10552    9065  4433     836
10553    38006  6792     842
10554    23556  11104     799
10555    9068  1392     827
10556    9069  30680     810
10557    9070  33987     888
10558    44883  6794     810
10559    9072   841     842
10560    9073  5445     842
10561    9074  4450     827
10562    9075  6797     842
10563    9076  4458     842
10564    9077  6799     842
10565    9078  11113     503
10566    9079  3496     871
10567    9080  1898     842
10568    9081  6804     820
10569    9082  12407     842
10570    9083  22590     803
10571    43582  6807     843
10572    9085  6806     844
10573    9086  1422     326
10574    9087  46677     788
10575    9088  37784     219
10576    9089  4480     219
10577    9090  3087     215
10578    9091  4482     788
10579    9092  4491     833
10580    9093  6823     833
10581    9094  42910     787
10582    9095  6822     845
10583    9096  5459     832
10584    9097  25087     793
10585    9098  12409     793
10586    9099  1492     846
10587    9100  12410     540
10588    9101  11122     845
10589    9102  34572     793
10590    9103  6831     793
10591    9104   538     539
10592    9105   544     544
10593    9106  6833     845
10594    9107  11129     818
10595    9108  3131     846
10596    9109  1459     845
10597    9110  37055     858
10598    9111  20239     796
10599    9112  2995     828
10600    46698  3424     867
10601    9114  4515     836
10602    9115  11137     800
10603    9116  12421     840
10604    9117  11136     846
10605    9118  1373     840
10606    9119  11144     833
10607    9120  11145     833
10608    9121  30213     833
10609    9122  11143     832
10610    9123  1266     832
10611    9124  37413     846
10612    9125  11153     832
10613    9126  32679     832
10614    9127  34471     833
10615    9128  11157     832
10616    9129  12425     846
10617    9130  11162     818
10618    9131  63776     818
10619    9132  34824     801
10620    9133  24317     796
10621    9134  11170     846
10622    9135  32564     790
10623    9136  37350     794
10624    9137  6867     790
10625    9138  4183     816
10626    38705  1491     846
10627    9140  2975     834
10628    9141  6874     834
10629    62627  1116     788
10630    60576  1290     818
10631    9144  53826     802
10632    9145  1644     816
10633    9146  1499     848
10634    44254  48166     848
10635    9148  24493     855
10636    9149  11181     848
10637    9150  17783     848
10638    9151  42162     852
10639    9152  6925     852
10640    9153  4578     851
10641    9154  28439     871
10642    25256  6886     848
10643    42559  6888     851
10644    9157  4575     850
10645    9158  12437     852
10646    9159  3174     850
10647    9160  42171     850
10648    9161  42172     851
10649    9162  11190     852
10650    9163  32674     798
10651    9164  28563     848
10652    9165  49050     892
10653    9166  52525     817
10654    9167  11189     798
10655    9168  33754     820
10656    9169  11204     798
10657    9170  12450     798
10658    9171  12433     798
10659    9172  12432     852
10660    9173  13158     852
10661    9174  2729     798
10662    9175  6902     871
10663    9176  42175     798
10664    9177  24569     836
10665    9178  12457     852
10666    9179  11169     852
10667    9180  4412     837
10668    9181  11168     798
10669    9182  11166     852
10670    9183  21478     852
10671    9184  11140     798
10672    9185   990     798
10673    16581  1002     800
10674    9187  6912     798
10675    9188  11221     798
10676    9189  11220     798
10677    9190  11218     852
10678    9191  6911     852
10679    9192  6914     852
10680    9193  22539     852
10681    9194   989     798
10682    9195  4609     852
10683    9196  12463     798
10684    9197  21534     798
10685    9198  13156     798
10686    9199  13135     852
10687    9200  12424     836
10688    9201  21679     798
10689    9202  21510     798
10690    9203  12477     852
10691    9204  1224     827
10692    9205  4617     852
10693    9206  6926     798
10694    9207  1573     352
10695    60696  4623     854
10696    9209  6930     854
10697    9210   351     351
10698    9211  47069     802
10699    9212  1580     801
10700    9213  53674     816
10701    9214  12480     788
10702    9215  6937     819
10703    9216  39764     798
10704    9217  1601     796
10705    9218  11241     796
10706    9219  28050     805
10707    9220  49265     855
10708    9221  6931     855
10709    9222  6948     818
10710    9223  6944     855
10711    9224  37817     801
10712    9225  11247     846
10713    9226  3141     802
10714    9227  4643     855
10715    9228  33182     805
10716    9229  34573     818
10717    9230  4646     790
10718    9231  31948     796
10719    9232  11249     805
10720    9233  1643     858
10721    9234  6962     858
10722    9235  43316     855
10723    19694  11257     855
10724    9237  11256     832
10725    9238  59942     856
10726    9239  12489     834
10727    9240  4678     798
10728    9241  6959     846
10729    11258  3275     798
10730    9243  11246     859
10731    9244  4631     819
10732    9245  26234     857
10733    9246  11264     788
10734    9247  42181     858
10735    9248  11629     798
10736    9249  44712     852
10737    9250  20556     858
10738    9251  44491     852
10739    9252  2003     877
10740    9253  6975     798
10741    9254   857     858
10742    9255  6975     798
10743    9256  4675     858
10744    9257  1547     852
10745    9258  11270     852
10746    9259  11269     842
10747    9260  46700     858
10748    9261  3276     852
10749    9262  44511     852
10750    9263  4681     835
10751    9264  4687     859
10752    9265  32671     859
10753    9266  37864     842
10754    9267  6987     839
10755    9268  37724     836
10756    32415  1668     859
10757    9270  2637     779
10758    9271   908     420
10759    9272  27365     827
10760    9273  6999     807
10761    9274  12723     842
10762    31043  1039     776
10763    9276  40381     808
10764    62436  4248     807
10765    64373  1405     842
10766    63782  2896     827
10767    9280  1683     860
10768    9281  43150     808
10769    9282  23824     827
10770    9283  25988     842
10771    9284  12499     827
10772    9285  14510     842
10773    36155  4720     860
10774    22816  5530     860
10775    9288  3315     827
10776    9289  7009     827
10777    9290  4723     842
10778    9291  37710     870
10779    9292  3480     870
10780    9293  3345     862
10781    9294  40513     798
10782    52586  4927     865
10783    9296  4751     862
10784    9297  11291     778
10785    9298  11289     778
10786    9299  33231     862
10787    9300  13624     863
10788    9301  14513     870
10789    9302  45191     862
10790    9303  7019     845
10791    9304  11304     779
10792    9305  20767     779
10793    9306  42414     845
10794    9307  12518     778
10795    9308  11305     779
10796    9309  7034     862
10797    9310  4758     863
10798    9311  11313     862
10799    9312  12521     862
10800    9313  11315     863
10801    9314  11302     863
10802    9315  27203     863
10803    9316  12526     863
10804    9317  47694     819
10805    9318  30056     862
10806    9319  42185     819
10807    9320  3353     863
10808    9321  12529     863
10809    9322  44918     870
10810    9323  11294     862
10811    9324  12503     863
10812    9325  7033     863
10813    9326  1730     862
10814    9327  7028     863
10815    9328  7036     862
10816    9329  11327     863
10817    9330  3342     862
10818    9331  1727     827
10819    9332  7038     862
10820    9333  4763     863
10821    9334  11660     870
10822    9335  3365     779
10823    36815  1724     824
10824    9337  3367     778
10825    9338  4768     779
10826    9339  7044     778
10827    9340  4769     778
10828    9341  7046     778
10829    9342  7043     779
10830    9343  13201     863
10831    9344  13205     870
10832    9345  43863     839
10833    9346  13173     863
10834    9347  32726     870
10835    9348  12539     870
10836    9349  4774     863
10837    9350  11330     852
10838    30160  7054     865
10839    9352  11344     845
10840    9353  3420     852
10841    9354  7078     852
10842    9355  11347     867
10843    9356  3885     894
10844    9357  20204     848
10845    9358  2364     848
10846    46338  4804     852
10847    13583  22829     852
10848    9361  1774     866
10849    9362  4806     867
10850    9363  11348     867
10851    9364  4793     867
10852    9365  1144     820
10853    9366  11355     828
10854    11356  29665     852
10855    9368  39794     845
10856    9369  41027     856
10857    9370  39793     867
10858    9371  31777     840
10859    9372  4094     798
10860    9373  2713     798
10861    9374  7079     798
10862    9375  4303     828
10863    9376  5574     867
10864    9377  12560     828
10865    9378  11360     798
10866    9379  22570     867
10867    9380  20671     868
10868    9381  7085     867
10869    9382  23815     836
10870    9383  7087     782
10871    32813  4821     836
10872    9385  11370     852
10873    9386  7092     793
10874    9387  34773     868
10875    9388  15218     868
10876    9389  40271     869
10877    35269  7103     868
10878    9391  4918     820
10879    9392  12569     868
10880    9393  1846     861
10881    9394  12571     840
10882    29448  7104     868
10883    9396  11378     840
10884    9397  11376     861
10885    9398  32730     828
10886    9399  4843     856
10887    20156  1803     867
10888    9401  12576     845
10889    9402  4840     820
10890    9403  1861     869
10891    9404  11391     870
10892    9405  13220     863
10893    9406  32802     839
10894    9407  2246     888
10895    9408  40424     862
10896    9409  4846     852
10897    9410  7114     869
10898    9411  3451     863
10899    9412  7115     863
10900    9413  12983     863
10901    9414  13216     870
10902    9415  51985     836
10903    31259  4939     873
10904    22582  1876     870
10905    9418  11389     863
10906    9419  26437     870
10907    9420  1885     827
10908    9421  6160     828
10909    53841  1893     871
10910    9423  4870     870
10911    9424  64815     820
10912    9425  11392     871
10913    9426  1546     852
10914    40633  1546     852
10915    9428  12589     798
10916    9429  64584     871
10917    9430  4882     820
10918    9431  11399     820
10919    9432  12588     797
10920    9433  21084     779
10921    9434  24394     779
10922    9435  26292     779
10923    9436  22865     871
10924    9437  7146     779
10925    9438  2644     777
10926    9439  4890     871
10927    9440  4888     871
10928    9441  11405     871
10929    9442  11407     779
10930    9443  7151     779
10931    9444  6457     437
10932    9445  20256     798
10933    9446  7154     873
10934    9447  35953     777
10935    9448  25961     798
10936    9449  25314     865
10937    9450  1946     845
10938    37776  7161     827
10939    54117  4901     827
10940    42416  1191     824
10941    9454  30076     800
10942    9455  7166     871
10943    9456  1910     824
10944    9457  11414     800
10945    9458  28204     871
10946    9459  4919     872
10947    9460  28329     880
10948    9461  1971     874
10949    9462  27574     874
10950    9463  7183     836
10951    9464  3450     868
10952    9465  11415     873
10953    39923  7185     845
10954    9467  4929     873
10955    9468  39924     867
10956    9469  1973     875
10957    9470  7206     875
10958    9471  3555     874
10959    25555  1769     865
10960    9473  3538     873
10961    9474  7203     874
10962    9475  3539     865
10963    9476  11420     799
10964    9477  51549     885
10965    9478  7200     874
10966    9479  5101     885
10967    9480  2156     880
10968    9481  12604     874
10969    9482  1954     874
10970    9483  4944     796
10971    9484  1552     852
10972    9485  12603     874
10973    9486  11424     880
10974    9487  7198     845
10975    9488  31168     880
10976    9489  31169     874
10977    9490  32733     891
10978    9491  7204     879
10979    9492  3609     879
10980    9493  4956     875
10981    9494  1979     877
10982    9495  12607     855
10983    9496  5002     875
10984    9497  25282     256
10985    9498  48484     252
10986    44370  7248     879
10987    9500  37653     877
10988    9501  4998     874
10989    9502  4999     879
10990    9503  53706     794
10991    9504  53707     790
10992    9505  5013     880
10993    9506  11433     880
10994    9507  7221     877
10995    9508  3581     877
10996    9509  25853     877
10997    9510  2015     879
10998    9511  39795     880
10999    9512  11437     878
11000    9513  2126     883
11001    9514  39769     874
11002    9515  6271     890
11003    9516  7229     845
11004    9517  2294     890
11005    9518  12610     880
11006    9519  7234     879
11007    9520  2309     880
11008    9521  2017     879
11009    9522  44490     880
11010    9523  44489     879
11011    9524  7239     880
11012    9525  2041     880
11013    9526  7242     807
11014    9527  12614     874
11015    9528  2039     879
11016    9529  5001     879
11017    9530  36445     776
11018    9531  45932     880
11019    9532  7254     880
11020    9533  2040     879
11021    63465  2257     819
11022    9535  5012     880
11023    9536  42808     875
11024    9537  7250     879
11025    9538  11458     799
11026    9539  18311     880
11027    9540  1965     829
11028    9541  11459     880
11029    9542  12625     874
11030    9543  18982     810
11031    9544  11453     882
11032    9545  47568     888
11033    9546  27573     882
11034    9547  12629     883
11035    9548  12618     883
11036    9549  12631     882
11037    16621  2090     882
11038    9551  18981     842
11039    9552  11483     883
11040    9553  7279     883
11041    9554  6298     882
11042    9555  12635     882
11043    9556  11475     882
11044    9557  11474     882
11045    9558  3548     874
11046    9559  39744     882
11047    9560  2101     882
11048    9561  7289     776
11049    9562  51284     868
11050    30308  7292     884
11051    9564  33301     799
11052    9565  2082     882
11053    9566  5051     849
11054    9567  11480     883
11055    9568  7298     824
11056    9569  2125     824
11057    9570  2118     883
11058    9571  11479     882
11059    9572  26922     882
11060    9573  7306     827
11061    9574  7309     883
11062    9575  7297     882
11063    9576  11490     882
11064    9577  5067     840
11065    9578  2129     884
11066    9579  3172     840
11067    9580  11489     884
11068    9581  3691     884
11069    9582  44464     882
11070    9583  3687     849
11071    43656  2134     799
11072    9585  7324     884
11073    61592  4445     810
11074    9587  11494     840
11075    9588  3763     888
11076    56932  1387     799
11077    9590  6319     794
11078    9591  38556     871
11079    9592  5088     884
11080    9593  2886     813
11081    9594  2150     885
11082    9595  3709     885
11083    9596  5100     879
11084    9597  11500     885
11085    9598  5113     776
11086    9599  11501     776
11087    37912  5111     872
11088    9601  11503     814
11089    9602  18425     885
11090    9603  16283     837
11091    9604  7347     872
11092    9605  7352     882
11093    9606  5255     894
11094    63899  3156     794
11095    9608  5118     886
11096    9609  42197     817
11097    9610  40678     856
11098    9611  7358     876
11099    9612  36736     886
11100    9613  40000     848
11101    9614  7361     840
11102    9615  11510     827
11103    9616  12646     824
11104    9617  13655     842
11105    35693  1198     811
11106    9619  11511     888
11107    9620  2143     885
11108    9621  3760     888
11109    9622  47675     821
11110    9623  7378     882
11111    9624  5147     888
11112    9625  40526     888
11113    9626  52362     829
11114    9627  5206     890
11115    9628  39796     890
11116    9629  7237     880
11117    9630  46050     852
11118    23653  7387     801
11119    31278  6348     854
11120    9633  2262     889
11121    19987  1091     817
11122    9635  20260     890
11123    19106  11515     890
11124    9637  11521     890
11125    9638  11514     890
11126    9639  2301     891
11127    9640  26571     836
11128    9641  35234     890
11129    35667  11523     874
11130    23173  7409     866
11131    9644  21487     852
11132    22176  12658     890
11133    9646  12659     890
11134    42445  2293     890
11135    9648  31172     885
11136    9649  11528     867
11137    9650  7413     820
11138    9651  2159     791
11139    9652  5281     720
11140    9653  5198     880
11141    9654  7496     720
11142    9655  39998     720
11143    9656  36215     720
11144    9657  1438     845
11145    9658  46006     890
11146    45120  7422     890
11147    9660  5000     875
11148    9661  46956     872
11149    9662  24705     818
11150    9663  24274     832
11151    9664  39496     776
11152    9665  22399     832
11153    9666  24768     893
11154    9667  4955     874
11155    9668  7427     874
11156    9669  5214     875
11157    9670  7432     879
11158    9671  2308     891
11159    9672  23683     787
11160    9673  24278     833
11161    9674  11536     807
11162    42312  2316     892
11163    9676  11537     848
11164    9677  35902     892
11165    9678  5224     886
11166    9679  5296     778
11167    9680  3989     778
11168    9681  2636     779
11169    9682  7466     790
11170    9683  11539     798
11171    9684  7447     796
11172    9685  2193     886
11173    9686  5241     893
11174    9687  7446     893
11175    9688  11541     893
11176    9689  3859     817
11177    9690  2802     817
11178    9691  7452     817
11179    9692  2274     817
11180    32840  2334     817
11181    9694  11543     890
11182    32839  2334     893
11183    30158  7462     894
11184    9697  7458     890
11185    9698  32625     893
11186    9699  3866     894
11187    9700  1092     802
11188    9701  36159     802
11189    34904  7464     890
11190    9703  29834     878
11191    9704  4005     779
11192    9705  7472     778
11193    9706  1235     778
11194    9707  5313     779
11195    9708  11838     894
11196    9709  13789     777
11197    9710  5282     894
11198    9711  5573     820
11199    9712  3901     894
11200    9713  7481     833
11201    9714  23193     833
11202    9715  7484     832
11203    53855  4212     845
11204    9717  11557     818
11205    9718  12677     894
11206    9719  3897     833
11207    9720  7490     833
11208    9721  5275     832
11209    9722  3895     832
11210    9723  7492     832
11211    9724  5273     818
11212    9725  5278     833
11213    34490  3901     894
11214    9727  7495     776
11215    32426  7477     894
11216    9729  11561     894
11217    9730   924     777
11218    9731  7500     435
11219    9732  11564     871
11220    9733  3988     778
11221    9734  7508     778
11222    9735  5312     779
11223    9736  7507     779
11224    9737  5298     778
11225    9738  7506     778
11226    9739  5311     779
11227    9740  7505     779
11228    9741  7469     778
11229    9742  7468     779
11230    9743  5295     778
11231    9744  7467     779
11232    9745  11566     779
11233    9746   985     779
11234    9747  46964     779
11235    9748  4483     844
11236    9749  25175     787
11237    9750  2607     771
11238    9751  48243     643
11239    9752  42134     787
11240    9753  11569      71
11241    9754  39800     787
11242    9755  39611     787
11243    9756  7521     771
11244    9757  5650     219
11245    9758  57043     844
11246    48283   766     766
11247    9760  48246     769
11248    9761  48248     214
11249    9762  50479     788
11250    49753  5341     766
11251    27830  7533     798
11252    9765   967     521
11253    9766  1831     793
11254    9767  11576     798
11255    27634  6189     828
11256    9769  7072     852
11257    9770  7539     755
11258    9771  4110     754
11259    9772   201     201
11260    9773  5359     202
11261    9774  1173     750
11262    9775  34576     803
11263    9776  38292     803
11264    9777  34577     822
11265    9778  11588     804
11266    9779  7551     803
11267    9780  43930     812
11268    9781  13667     851
11269    9782  12696     850
11270    9783  12703     850
11271    9784  13290     851
11272    9785  13680     850
11273    9786  14757     787
11274    9787  5392     818
11275    39079  7562     830
11276    9789  47826     787
11277    9790   784     784
11278    9791  11600     833
11279    9792  7567     818
11280    9793  20243     794
11281    9794  11601     783
11282    9795  5409     834
11283    25919  7571     835
11284    9797  13734     779
11285    14051  5415     779
11286    49757   594     594
11287    46078  5417     805
11288    36578  35668     795
11289    9802  37288     794
11290    9803  11606     815
11291    9804  7583     779
11292    9805  7582     795
11293    9806  21455     805
11294    42369  4424     820
11295    9808  7585     778
11296    9809  5439     779
11297    9810  1362     838
11298    9811  5447     809
11299    9812  2353     782
11300    9813  4888     871
11301    9814  5454     798
11302    9815  15367     885
11303    9816  8518     836
11304    9817  16226     820
11305    9818  8509     886
11306    9819  11613     852
11307    9820  28617     852
11308    9821  42988     846
11309    9822   357     357
11310    9823  7599     357
11311    9824  1442     845
11312    9825  5463     843
11313    9826  3231     855
11314    9827  7601     855
11315    9828  5465     816
11316    9829  8508     794
11317    9830  12709     885
11318    9831  8505     885
11319    9832  39699     810
11320    9833  8485     824
11321    9834  13296     883
11322    9835  5474     852
11323    9836  1548     803
11324    9837  12169     893
11325    9838  2044     880
11326    9839  26197     799
11327    9840  5578     867
11328    9841  5480     852
11329    9842  33358     880
11330    9843  33170     829
11331    9844  20303     798
11332    9845  26142     798
11333    9846  26106     852
11334    9847  23277     829
11335    9848  6273     874
11336    9849  8449     874
11337    9850  3616     857
11338    9851  6270     878
11339    9852  8447     878
11340    9853  3617     880
11341    9854  26916     796
11342    9855  11623     832
11343    9856  11624     880
11344    9857  8445     880
11345    9858  8444     871
11346    9859  7617     796
11347    9860  11625     805
11348    9861  6269     879
11349    9862  8443     879
11350    9863  7619     798
11351    9864  5711     859
11352    9865  7620     859
11353    9866  7621     859
11354    9867  11631     873
11355    9868  13702     798
11356    9869  42203     861
11357    47333  1937     873
11358    9871  5531     827
11359    9872  7623     827
11360    9873  4724     842
11361    9874  8279     412
11362    9875  13892     863
11363    9876  3341     862
11364    9877  12717     860
11365    9878  18733     860
11366    9879  3337     793
11367    9880  11638     779
11368    9881  8269     779
11369    9882  24926     388
11370    9883  11637     778
11371    9884  3313     842
11372    9885  12057     842
11373    9886  4722     827
11374    9887  12725     860
11375    9888  5538     842
11376    9889  31162     860
11377    34255  34789     851
11378    9891  12722     827
11379    9892  3336     779
11380    9893  1040     800
11381    9894   915     779
11382    9895  11645     827
11383    9896  8249     796
11384    9897  7135     870
11385    9898  1736     863
11386    9899  1730     842
11387    9900  7635     863
11388    9901  1731     819
11389    9902  3347     862
11390    9903  12728     863
11391    9904  4749     862
11392    9905  8245     824
11393    9906  12948     858
11394    9907  7643     863
11395    9908  11655     870
11396    9909  5565     863
11397    9910  4764     863
11398    9911  12731     863
11399    9912  3465     870
11400    9913  4671     858
11401    9914  8228     858
11402    9915  16219     858
11403    9916  12040     858
11404    9917  56996     837
11405    9918  11662     803
11406    9919  8181     856
11407    9920  40558     862
11408    9921  54919     836
11409    9922  11667     870
11410    9923  11670     870
11411    9924  11651     863
11412    9925  7649     870
11413    9926  13454     818
11414    9927  11671     818
11415    9928  3826     890
11416    9929  21807     839
11417    9930  8175     798
11418    9931  5589     845
11419    9932  8171     852
11420    9933  11677     796
11421    9934  5596     805
11422    9935  22121     805
11423    9936  12744     796
11424    9937  12745     805
11425    9938  25631     846
11426    9939  11683     877
11427    9940  17311     796
11428    17053  1027     805
11429    9942  11684     805
11430    9943  2052     880
11431    9944  11884     805
11432    9945  7934     805
11433    9946  20170     805
11434    9947  11688     818
11435    9948  8144     818
11436    9949  4534     832
11437    9950  8143     832
11438    9951  6073     833
11439    46539  5079     840
11440    9953  29050     845
11441    9954  3690     840
11442    9955  5620     829
11443    9956  8142     833
11444    9957  55578     829
11445    9958  37741     833
11446    9959  1975     875
11447    9960  2299     890
11448    9961  8140     818
11449    9962  11695     845
11450    9963  7675     875
11451    9964  34151     793
11452    9965  11697     793
11453    9966  36358     793
11454    9967  5638     894
11455    9968  15233     779
11456    9969  4493     832
11457    9970  8117     832
11458    9971  5645     868
11459    9972  8064     839
11460    9973  5667     795
11461    9974  7691     795
11462    9975  23879     806
11463    9976  18345     797
11464    9977  13319     806
11465    28404  7685     787
11466    9979  33186     806
11467    9980  24296     806
11468    9981  3012     837
11469    9982  21572     833
11470    9983  5431     837
11471    9984  26824     836
11472    9985  12751     836
11473    9986  11712     837
11474    19662  1336     795
11475    9988  12757     805
11476    9989  4397     806
11477    9990  13330     836
11478    9991  5425     806
11479    30249  11718     624
11480    9993  37902      69
11481    9994  14375     779
11482    9995  12901     407
11483    9996  14018     778
11484    9997  8041     788
11485    9998  31179     846
11486    9999  8040     846
11487    10000  8039     783
11488    10001  5984     820
11489    10002  12779     832
11490    10003  7707     852
11491    10004  31177     820
11492    10005  4207     778
11493    10006  7979     778
11494    10007  38357     797
11495    10008  17182     852
11496    10009  2835     779
11497    10010  5974     779
11498    10011  7977     838
11499    10012  3205     852
11500    21612  7971     823
11501    10014  17790     827
11502    10015  27645     820
11503    10016  7967     779
11504    10017  7717     858
11505    10018  18396     788
11506    30663  7721     827
11507    10020  7721     827
11508    10021  5718     842
11509    10022  7953     795
11510    10023  11735     795
11511    27853  7722     863
11512    10025  5740     863
11513    26345  29456     803
11514    10027  34884     862
11515    10028  7728     863
11516    10029  1751     863
11517    10030  11745     840
11518    10031  7650     870
11519    10032  11743     870
11520    10033  11750     870
11521    10034  4868     870
11522    10035  11742     840
11523    10036  4852     870
11524    10037  7732     870
11525    10038  7727     863
11526    10039  11748     863
11527    10040  11899     795
11528    10041  11751     796
11529    10042  11898     796
11530    10043  21521     805
11531    10044  26535     814
11532    10045  13750     805
11533    10046  7948     809
11534    10047  12794     796
11535    10048  5593     796
11536    10049  31148     805
11537    10050  7741     863
11538    10051  5754     842
11539    10052  1430     844
11540    10053  37716     874
11541    10054  7744     842
11542    10055  5959     842
11543    10056  7937     805
11544    10057  16243     795
11545    10058  38995     791
11546    10059  53018     800
11547    10060  5944     804
11548    10061  26637     846
11549    10062  13347     758
11550    10063  12791     758
11551    10064  13351     759
11552    10065  48292     759
11553    10066  51439     759
11554    10067  49648     759
11555    10068  1078     805
11556    10069  14806     796
11557    10070  19470     255
11558    10071  7761      49
11559    10072  5791     605
11560    10073  11776     206
11561    10074  12800     204
11562    10075  11774     796
11563    10076  13771     796
11564    10077  51438     206
11565    42859   744     745
11566    10079   723     724
11567    10080  7769     724
11568    10081  2407     169
11569    10082  49491     741
11570    10083  48295     729
11571    10084  7772     731
11572    10085  11784     178
11573    10086   174     174
11574    10087  7774     178
11575    10088  11787     731
11576    10089  12817     737
11577    10090  51210     185
11578    10091  48208     737
11579    10092  49636     188
11580    10093  50322     741
11581    10094  2419     193
11582    10095  13367     204
11583    10096  51206     745
11584    10097  51913     758
11585    10098  27644     797
11586    10099  11795     779
11587    10100  7870     797
11588    10101  5814     843
11589    10102  11796     778
11590    10103  5822     389
11591    10104  3917     176
11592    10105  11797     778
11593    10106  5834     723
11594    10107  7799     723
11595    10108  5828     730
11596    10109  2472     421
11597    10110   907     778
11598    10111  6413     168
11599    10112  48297     171
11600    10113  41359     725
11601    10114  3912     168
11602    10115  7802     168
11603    10116  21490     778
11604    10117  32947     894
11605    10118  21465     778
11606    10119  47903       5
11607    10120  31244     862
11608    10121  2626     778
11609    10122  11803     778
11610    10123  18993     778
11611    10124  7836     803
11612    10125  5870      51
11613    10126  12824     608
11614    10127    22      22
11615    10128   436     436
11616    10129  2570     608
11617    10130  48945     787
11618    10131  40906      51
11619    10132  5901     436
11620    10133   933     785
11621    10134  3978     778
11622    10135  13370     779
11623    10136   714     715
11624    10137  7834     197
11625    10138  7831     184
11626    10139  48215     723
11627    10140  5819     736
11628    10141  7833     736
11629    10142  5886     184
11630    10143  2595     750
11631    10144  11824     764
11632    10145  11827     211
11633    10146  12859     779
11634    10147  11829     777
11635    10148  27653     777
11636    10149  48389     208
11637    10150  51413     211
11638    10151  11831     433
11639    10152  5899     777
11640    10153  13379     433
11641    10154   433     433
11642    10155   775     776
11643    10156  2610     776
11644    10157   894     720
11645    10158  11837     777
11646    27647  4275     776
11647    10160   511     511
11648    10161  27654     433
11649    10162  12852     779
11650    10163  11844     778
11651    10164  11819     778
11652    19388   903     436
11653    10166  11817     779
11654    10167  27702     835
11655    10168  12860     778
11656    10169  18992     779
11657    10170  21453     779
11658    10171  7866     412
11659    10172  11855     778
11660    10173  11854     779
11661    10174  1219     793
11662    10175  11853     779
11663    10176  11851     778
11664    10177  18304     805
11665    10178  11811     805
11666    10179  17789     242
11667    22795  11808     814
11668    10181  4086     798
11669    10182  44499     859
11670    40754  7896     859
11671    10184  48261     769
11672    10185  48264     769
11673    10186  5342     788
11674    10187  7884     788
11675    44505   952     788
11676    37691   953     788
11677    10190  2673     215
11678    43038  1664     859
11679    10192  11865     315
11680    10193  11867     432
11681    10194  44500     859
11682    10195  11869     803
11683    10196  7897     424
11684    10197  13393     793
11685    32890  1135     820
11686    10199  2706     797
11687    10200  53709     838
11688    10201  1411     842
11689    10202  27825     807
11690    23061  2281     890
11691    10204  4129     795
11692    10205  1799     867
11693    10206  5935     805
11694    10207  15121     836
11695    19747  7909     805
11696    10209  24909     241
11697    10210  5937     843
11698    10211   981     242
11699    10212  2748     795
11700    32878  1010     803
11701    10214  1895     871
11702    10215  7923     750
11703    10216  11876     197
11704    10217  4126     781
11705    10218  7929     800
11706    10219  39409     805
11707    10220  5946     791
11708    10221  12871     796
11709    10222  14172     805
11710    10223  26231     805
11711    15120  2751     805
11712    10225  47761     294
11713    10226  7943     842
11714    10227  4265     827
11715    10228  46944     813
11716    10229  11888     814
11717    10230  11893     791
11718    10231  12878     805
11719    10232  11892     805
11720    10233  2785     805
11721    10234  44229     815
11722    10235  7955     805
11723    10236  5962     795
11724    10237  7958     816
11725    10238  5963     794
11726    10239  7960     782
11727    10240   976     794
11728    10241  11901     889
11729    10242  20904     817
11730    10243  5975     796
11731    49859  1141     820
11732    10245  6610     778
11733    10246  15371     797
11734    10247  15370     820
11735    10248  7972     798
11736    10249   400     401
11737    10250  12880     797
11738    10251  13415     798
11739    10252  7976     793
11740    10253  7966     779
11741    10254  32869     804
11742    10255  3842     892
11743    10256  40415     886
11744    10257  51742     803
11745    10258  1159     822
11746    10259  26590     792
11747    10260  31176     797
11748    10261  4352     833
11749    10262  2885     827
11750    10263  11910     776
11751    10264  53959     800
11752    10265  5988     776
11753    10266  13816     825
11754    10267  14170     826
11755    10268  1201     803
11756    10269  4348     833
11757    10270  4342     833
11758    10271  8005     776
11759    10272  1233     793
11760    10273  5996     828
11761    10274  8032     833
11762    10275  8028     832
11763    10276  11924     821
11764    10277  3889     829
11765    10278  2933     817
11766    10279  8014     837
11767    10280  11920     832
11768    10281  11918     832
11769    10282  11931     832
11770    10283  2943     830
11771    27000  1272     833
11772    60395  1152     821
11773    10286  11929     833
11774    10287  52164     829
11775    10288  2959     833
11776    10289  20801     832
11777    10290  14349     833
11778    10291  6011     832
11779    10292  8034     894
11780    10293  8036     833
11781    10294  39804     832
11782    10295  8037     830
11783    10296  2951     832
11784    10297  11937     834
11785    10298  4364     834
11786    10299  61691     788
11787    10300  14332     778
11788    10301  31178     834
11789    10302  1472     846
11790    10303  40657     835
11791    10304  14039     779
11792    10305  16438     778
11793    10306  14309     778
11794    10307  29576     816
11795    10308  8051     839
11796    10309  28479     836
11797    10310  51659     783
11798    54499  6518     816
11799    10312  11950     836
11800    10313  20789     837
11801    10314  29737     836
11802    10315  6034     778
11803    10316  8074     778
11804    10317  1345     798
11805    10318  42408     820
11806    10319  42214     838
11807    10320  1223     827
11808    10321  42215     820
11809    10322  5440     779
11810    10323  40631     846
11811    10324  11954     833
11812    10325  8080     824
11813    10326  58462     827
11814    10327  32594     884
11815    10328  8078     868
11816    10329  3435     859
11817    10330  62178     827
11818    10331  31180     840
11819    10332  3053     842
11820    10333  31182     840
11821    10334  4440     840
11822    10335  12919     840
11823    10336  11959     840
11824    26325  2135     884
11825    10338  11958     824
11826    10339  29908     884
11827    10340  27690     824
11828    10341  3050     840
11829    10342  12923     824
11830    10343  3068     842
11831    10344  15204     810
11832    10345  5984     820
11833    10346  1413     803
11834    10347  32750     833
11835    10348  3082     835
11836    10349  6059     771
11837    10350  8104     771
11838    10351  6816     219
11839    10352  1424     789
11840    10353  11974     843
11841    10354  11971     771
11842    10355  11972     771
11843    10356  12925     844
11844    10357  11966     219
11845    10358  4481     219
11846    10359  8112     215
11847    10360  8113     767
11848    10361  3092     833
11849    10362  32749     832
11850    10363  8114     833
11851    10364  31819     793
11852    10365  11980     536
11853    10366  6063     545
11854    10367  4506     845
11855    24594  1447     545
11856    10369  26192     845
11857    10370  8127     828
11858    10371  3120     845
11859    10372  8130     845
11860    10373  20791     805
11861    10374  29488     820
11862    10375  12929     845
11863    10376  11988     828
11864    10377  21474     796
11865    10378  13455     846
11866    10379  6072     845
11867    10380  6862     846
11868    10381  6852     832
11869    10382  11990     833
11870    10383  11992     846
11871    10384  12933     846
11872    15664  1478     818
11873    10386  8146     846
11874    26545  28185     836
11875    10388  8157     867
11876    10389  1494     848
11877    10390  23240     799
11878    10391  49305     894
11879    10392  6088     872
11880    35780  1155     776
11881    10394  3834     886
11882    10395  6087     876
11883    10396  3169     776
11884    10397  3318     861
11885    10398  3186     848
11886    10399  41327     894
11887    10400  5258     798
11888    10401  6091     837
11889    10402  35398     879
11890    10403  12002     805
11891    10404  8174     840
11892    10405  1184     824
11893    10406  20210     836
11894    10407  20309     836
11895    10408  8183     831
11896    10409  3218     801
11897    10410  8189     854
11898    10411  8187     854
11899    10412  12009     330
11900    10413  1091     817
11901    10414  12941     834
11902    10415  3223     855
11903    10416  3222     855
11904    10417  1585     783
11905    46511  1585     783
11906    10419  42317     807
11907    10420  6110     846
11908    10421  6540     802
11909    10422  1490     846
11910    10423  6109     801
11911    31336  1592     855
11912    10425  3235     855
11913    10426  1594     818
11914    10427  32751     855
11915    10428  12020     834
11916    10429  4651     855
11917    10430  12023     855
11918    10431  12019     819
11919    10432  44475     783
11920    10433  48917     855
11921    34866  12027     790
11922    10435  26235     878
11923    10436  13464     819
11924    10437  12029     819
11925    10438  6119     807
11926    10439  22905     819
11927    10440  37734     819
11928    10441  37735     858
11929    10442  14237     858
11930    10443  8221     878
11931    10444  8219     856
11932    10445  48822     857
11933    10446  12037     819
11934    10447  14890     819
11935    10448  14936     858
11936    10449  12043     819
11937    10450  13473     819
11938    10451  8240     796
11939    10452  40007     858
11940    10453  12959     803
11941    10454  8232     835
11942    10455  6132     835
11943    10456  12046     823
11944    10457  12960     860
11945    10458  12047     810
11946    10459  6141     860
11947    10460  12049     824
11948    10461  24261     778
11949    10462  4696     778
11950    10463  6990     859
11951    10464  23172     525
11952    10465  8248     838
11953    10466  30101     842
11954    10467  12963     860
11955    10468  4262     809
11956    10469  12051     827
11957    10470  26238     861
11958    10471  8260     861
11959    10472  8233     850
11960    10473  12058     778
11961    10474  3334     778
11962    10475  12063     779
11963    10476  8266     778
11964    10477   970     410
11965    10478  39941     823
11966    10479  1726     862
11967    10480  1725     828
11968    10481  6156     819
11969    10482  1728     862
11970    10483  25932     862
11971    10484  13494     862
11972    10485  13483     863
11973    10486  6157     864
11974    10487  14671     862
11975    10488  4748     858
11976    10489  24506     862
11977    10490  8317     820
11978    10491  4209     807
11979    10492  8315     807
11980    21322  1787     866
11981    10494  12966     870
11982    10495  13511     870
11983    10496  12080     798
11984    10497  6164     839
11985    10498  12082     864
11986    30314   864     865
11987    10500  12988     798
11988    10501  1764     852
11989    10502  3385     865
11990    10503  1948     873
11991    10504  6165     861
11992    10505  8294     864
11993    10506  1766     865
11994    10507  1949     865
11995    10508  29333     864
11996    10509  3386     865
11997    10510  21430     865
11998    10511  13509     863
11999    10512  8309     866
12000    10513  34455     800
12001    10514  2066     880
12002    27843  6176     852
12003    10516  24545     848
12004    10517  12995     867
12005    10518  20856     885
12006    10519  6179     866
12007    10520  2752     807
12008    10521  7059     867
12009    10522  8321     828
12010    10523  22826     885
12011    10524  15473     837
12012    10525  1801     867
12013    10526  4800     867
12014    10527  13926     798
12015    10528  6185     856
12016    10529  12102     867
12017    10530  12099     867
12018    10531  5657     798
12019    10532  14263     852
12020    10533  8331     837
12021    10534  13008     852
12022    10535  8436     878
12023    10536  30419     852
12024    10537  13917     852
12025    10538  14818     798
12026    10539  8413     788
12027    10540  12116     867
12028    10541  3439     421
12029    10542   920     779
12030    10543  8340     820
12031    10544  3445     838
12032    10545  1837     860
12033    10546  8343     796
12034    10547  1859     869
12035    10548  1841     800
12036    10549  1702     861
12037    10550  8351     820
12038    10551  26240     845
12039    10552  8349     828
12040    10553  32623     869
12041    32857  3455     845
12042    10555  26241     828
12043    10556  12118     837
12044    10557  1627     856
12045    10558  12120     874
12046    10559  42550     851
12047    10560  34618     845
12048    10561  34584     874
12049    10562  36091     880
12050    10563  12137     880
12051    10564  13018     874
12052    10565  8402     874
12053    10566  12121     814
12054    10567  2054     880
12055    10568  4765     863
12056    10569  39808     863
12057    10570  1887     870
12058    10571  6219     858
12059    10572  13017     880
12060    10573  6221     870
12061    10574  8396     866
12062    10575  1892     871
12063    10576  21528     864
12064    10577  40571     776
12065    10578  1680     860
12066    10579  53837     879
12067    10580  6234     873
12068    10581  62685     840
12069    27827  12128     848
12070    34861  12127     887
12071    10584  51391     868
12072    51390  6231     872
12073    10586  17776     776
12074    10587  62676     868
12075    57744  1930     872
12076    29430  1941     836
12077    10590  27661     805
12078    10591  1922     800
12079    10592  6233     873
12080    10593  2037     879
12081    10594  30170     864
12082    10595  32758     879
12083    10596  1553     852
12084    10597  1759     836
12085    10598  1953     874
12086    10599  12132     798
12087    10600  15580     874
12088    10601  8399     880
12089    10602  8398     885
12090    10603  22621     879
12091    10604  6242     776
12092    10605  1976     799
12093    52319  1985     877
12094    10607  5125     845
12095    10608   866     866
12096    10609  13027     848
12097    10610  4563     794
12098    10611  8424     802
12099    10612  13028     848
12100    10613  8421     848
12101    10614  6250     807
12102    10615  4979     877
12103    10616  4978     877
12104    10617  8435     857
12105    10618  34590     857
12106    10619  26110     880
12107    10620  34926     871
12108    10621  45805     880
12109    10622  21497     790
12110    10623  12156     857
12111    10624  24322     879
12112    10625  12147     864
12113    10626  6265     782
12114    10627  32667     879
12115    10628  6267     837
12116    10629  1350     820
12117    10630  7240     880
12118    10631  32760     879
12119    10632  18310     874
12120    10633  5010     857
12121    20428  2012     878
12122    10635  5021     880
12123    10636  2293     890
12124    10637  8458     864
12125    10638  3624     880
12126    10639  13044     874
12127    10640  45311     879
12128    10641  1776     866
12129    10642  2254     794
12130    10643  2851     821
12131    10644  6286     885
12132    10645  30228     867
12133    10646  32868     874
12134    10647  41154     885
12135    10648  40057     882
12136    10649  21955     885
12137    10650  37986     813
12138    10651  8471     867
12139    34296  1961     820
12140    10653  20253     882
12141    10654  6292     869
12142    10655  12172     882
12143    13051  65092     800
12144    10657  21529     883
12145    10658  17236     882
12146    10659  8484     882
12147    10660  3670     882
12148    10661  5066     883
12149    10662  34665     845
12150    10663  5090     885
12151    10664  12182     888
12152    10665  3682     884
12153    10666   883     883
12154    10667  12183     813
12155    10668   887     888
12156    10669  8496     888
12157    10670  6303     849
12158    10671  12185     887
12159    10672  29992     840
12160    10673  3697     885
12161    30439  2215     885
12162    10675  3557     871
12163    10676  8503     894
12164    10677  2348     882
12165    10678  3734     886
12166    59594  2085     882
12167    10680  5102     874
12168    10681  5116     886
12169    56991  2345     894
12170    10683  17309     867
12171    18379  1797     867
12172    10685  3719     837
12173    10686  1622     856
12174    10687  6312     837
12175    10688  16609     885
12176    16285  2173     882
12177    10690  16716     821
12178    10691  6316     886
12179    10692  3731     886
12180    10693  38428     885
12181    10694  8526     886
12182    10695  3733     886
12183    10696  6321     894
12184    10697  1095     817
12185    10698  3737     817
12186    10699  2189     886
12187    10700  6325     796
12188    10701  21421     798
12189    10702  2428     221
12190    23899  2218     888
12191    10704  25163     893
12192    10705  2886     813
12193    10706  25164     890
12194    10707  28682     824
12195    10708  40596     824
12196    10709  3049     840
12197    10710  27672     840
12198    10711  27671     888
12199    10712  33494     888
12200    10713  8566     890
12201    10714  6338     888
12202    10715  12194     817
12203    10716  7178     872
12204    10717  3770     888
12205    10718  6342     869
12206    10719  26243     894
12207    10720  3791     801
12208    10721  12199     864
12209    10722  12200     873
12210    10723  24376     864
12211    10724  25168     873
12212    10725  38997     854
12213    10726  43155     788
12214    10727  34991     889
12215    10728  3788     889
12216    10729  36178     801
12217    10730  2264     889
12218    10731  2341     857
12219    10732  7444     893
12220    10733  25702     890
12221    10734  3559     874
12222    10735  12205     890
12223    10736  2291     890
12224    10737  3817     885
12225    44832  8578     272
12226    10739  3716     885
12227    10740  15628     890
12228    10741  6365     880
12229    10742  4957     776
12230    10743  27674     882
12231    10744  32657     875
12232    10745  48221     775
12233    10746  27673     885
12234    10747  12213     775
12235    10748  8610     882
12236    10749  8601     886
12237    10750  2315     799
12238    10751  6372     892
12239    10752  6381     890
12240    10753  16022     890
12241    10754  12215     829
12242    10755  12217     799
12243    10756  2321     893
12244    10757  6377     856
12245    10758  16021     893
12246    10759  7451     885
12247    10760  18377     882
12248    10761  26276     885
12249    10762  26202     893
12250    10763  20974     868
12251    10764  35916     803
12252    10765  7454     817
12253    10766  3937     213
12254    10767  40181     790
12255    10768  8620     863
12256    10769  3585     802
12257    10770  6383     894
12258    10771  8689     213
12259    10772  12225     219
12260    10773  8625     886
12261    10774  3875     894
12262    10775  32705     863
12263    10776  8688     219
12264    10777  1015     803
12265    17353  8631     814
12266    10779  2354     894
12267    10780  12229     197
12268    10781  6436     744
12269    10782  8685     744
12270    10783  6403     775
12271    10784  8648     775
12272    10785  6404     221
12273    10786  51423     221
12274    10787  12233     165
12275    10788  8639     845
12276    10789  32763     165
12277    10790  28476     165
12278    10791  12234     165
12279    10792  12238     221
12280    10793  13065     775
12281    10794  8647     221
12282    10795  8646     775
12283    10796  8568     221
12284    10797  6441     191
12285    10798  8651     213
12286    10799  51189     765
12287    10800  12246     191
12288    10801  51367     744
12289    10802  51449     800
12290    10803  12243     744
12291    10804  40341     191
12292    10805  12241     744
12293    10806  51207     191
12294    10807  49763     744
12295    44064   764     765
12296    10809  8659     765
12297    10810  6409     213
12298    10811  51398     744
12299    10812  49472     744
12300    10813  51362     191
12301    10814  49711     744
12302    10815  34415     204
12303    10816  8666     206
12304    10817  3949     744
12305    10818  13066     191
12306    10819  6434     771
12307    10820  12252     775
12308    10821  12257     775
12309    10822     0     221
12310    10823  8673     221
12311    10824  8672     221
12312    10825  8676     771
12313    10826  5649     219
12314    10827  6434     771
12315    10828  12260     191
12316    10829  8668     744
12317    10830  3927     191
12318    10831  51428     191
12319    52909  8680     744
12320    10833  8682     191
12321    10834  13070     750
12322    10835  8687     771
12323    10836  8667     771
12324    10837  6444     765
12325    10838  34592     201
12326    10839  8699     437
12327    10840  8691     213
12328    27840  27879     778
12329    10842  8695     844
12330    10843  12265     219
12331    10844  12266     771
12332    10845  18995     776
12333    10846  49716     775
12334    40369   718     718
12335    10848   437     437
12336    10849  24552     524
12337    10850  20770     778
12338    10851  19508     421
12339    10852  5297     778
12340    10853  8703     420
12341    10854  6474     779
12342    10855  6461     778
12343    10856  8717     778
12344    10857  8716     828
12345    32956  4273     827
12346    10859   913     778
12347    10860  6473     779
12348    10861  8715     779
12349    10862  4004     779
12350    10863  7471     778
12351    10864  8714     779
12352    10865  8706     776
12353    10866  6477     779
12354    10867  26160     784
12355    10868   932     785
12356    10869  1860     869
12357    10870   770     770
12358    18374  8735     785
12359    10872  38671     218
12360    10873   118     118
12361    10874  29647     785
12362    10875  27688     111
12363    17518  12274     665
12364    10877  40448     666
12365    10878   117     118
12366    10879  12277     787
12367    10880  6504     788
12368    10881  12279     786
12369    10882  39606     787
12370    10883  12278     787
12371    10884  8750     788
12372    10885  8667     771
12373    38293   952     788
12374    10887  12285     788
12375    10888  8754     770
12376    10889  4053     218
12377    44875   953     218
12378    10891  7523     788
12379    10892  39889     794
12380    10893   960     462
12381    10894  39870      33
12382    10895  7893     870
12383    10896  4084     779
12384    10897  8770     778
12385    10898  8771     778
12386    10899  27564     795
12387    10900  6525     779
12388    10901  8775     779
12389    10902  2702     778
12390    10903  8776     778
12391    10904   921     779
12392    10905  8779     779
12393    10906  8778     779
12394    10907  6522     778
12395    10908  4081     778
12396    10909  8782     778
12397    10910  6524     779
12398    10911  8783     779
12399    10912  6526     778
12400    10913  27716     859
12401    10914  21642     799
12402    10915  32708     852
12403    10916  8789     845
12404    10917  6538     802
12405    10918  8794     803
12406    10919  1013     803
12407    10920  13080     197
12408    10921  49747     753
12409    10922  27886     776
12410    10923  4714     860
12411    10924  8806     806
12412    10925  8807     805
12413    10926  13566     806
12414    10927  1686     800
12415    10928   809     810
12416    10929  2767     812
12417    10930  12300     813
12418    10931  63768     813
12419    10932  12302     822
12420    10933  16365     817
12421    10934  8825     805
12422    10935  23624     805
12423    10936  53721     794
12424    10937  53720     836
12425    10938  6585     837
12426    10939  6588     816
12427    10940   246     247
12428    10941  25275     788
12429    10942  18745     889
12430    10943  14833     818
12431    10944  57361     822
12432    10945  46473     822
12433    10946  12311     846
12434    10947  42651     788
12435    10948  2810     790
12436    10949  8851     802
12437    10950  14281     846
12438    10951  38068     574
12439    10952  48276      20
12440    10953  55142     820
12441    10954  22639     818
12442    10955  64568     797
12443    10956  12320     818
12444    10957  13579     818
12445    10958   941     787
12446    10959  65000     854
12447    10960  8873     819
12448    10961  8871     794
12449    10962  63827     797
12450    10963  30363     817
12451    10964  6629     818
12452    10965  5271     894
12453    10966  6631     755
12454    10967  50461     743
12455    10968  6672     778
12456    10969  8947     778
12457    10970  51451     791
12458    10971  6678     778
12459    10972  8946     778
12460    10973  6691     779
12461    10974  4225     822
12462    10975  1169     792
12463    10976  3038     779
12464    10977  8896     779
12465    10978  4241     778
12466    10979  2992     836
12467    10980  21067     779
12468    10981  39791     824
12469    10982  6647     779
12470    10983  12323     799
12471    10984  6675     778
12472    10985  8942     778
12473    10986  8923     828
12474    10987  13773     826
12475    10988  6656     828
12476    10989  34814     827
12477    10990  18531     828
12478    10991  6684     778
12479    10992  8941     778
12480    10993  1207     827
12481    10994  6687     779
12482    10995  8915     842
12483    10996  6662     827
12484    10997  8916     280
12485    10998  13106     827
12486    10999  8940     779
12487    11000  12331     861
12488    11001  2919     779
12489    11002  8919     798
12490    11003  2921     778
12491    11004  6688     779
12492    11005  4299     778
12493    11006  42440     819
12494    11007  28932     828
12495    11008  8925     827
12496    11009  12334     429
12497    11010  20051     778
12498    11011  6692     779
12499    11012  8928     779
12500    11013  4296     779
12501    11014  8920     778
12502    11015  4297     779
12503    11016  1234     779
12504    11017  4298     778
12505    11018  8938     779
12506    11019  31568     827
12507    11020  12336     803
12508    11021  8922     778
12509    11022  8936     778
12510    11023  8939     779
12511    11024  8934     779
12512    11025  21826     778
12513    11026  8945     824
12514    11027  8930     779
12515    11028  8927     779
12516    11029  12345     833
12517    11030  4331     832
12518    11031  8978     832
12519    11032  8958     845
12520    11033  1984     877
12521    11034  6697     829
12522    11035  12358     821
12523    11036  8971     832
12524    11037  14824     832
12525    11038  29745     784
12526    11039  40727     787
12527    11040  12356     833
12528    11041  12360     832
12529    11042  12352     832
12530    11043  12351     832
12531    11044  12349     832
12532    11045  12364     832
12533    11046  12347     833
12534    11047  12344     833
12535    11048  12371     833
12536    11049  2952     832
12537    11050  12372     833
12538    11051  12369     832
12539    11052  12376     833
12540    11053  15163     787
12541    11054  12343     833
12542    11055  22560     832
12543    11056  21468     832
12544    11057  5399     833
12545    11058  21532     833
12546    11059  12337     832
12547    11060  8992     830
12548    11061  30232     794
12549    11062  26623     858
12550    11063  5490     852
12551    11064  9005     852
12552    11065  6738     798
12553    11066  1294     798
12554    11067  12387     798
12555    11068  9003     798
12556    11069  5703     852
12557    11070  7705     835
12558    11071  9002     798
12559    11072  13589     852
12560    11073  13967     798
12561    11074  26250     816
12562    11075  6747     839
12563    11076  18294     824
12564    11077  9015     239
12565    11078  28949     836
12566    46405  1327     815
12567    11080  26251     259
12568    17839  12398     836
12569    11082  6760     805
12570    11083  4392     816
12571    11084   815     816
12572    11085  12400     794
12573    11086  1082     795
12574    11087  9032     795
12575    11088  5428     837
12576    11089  6576     805
12577    11090  9035     805
12578    11091  9040     838
12579    11092  6772     837
12580    11093  9042     838
12581    11094  5487     852
12582    11095  9059     852
12583    11096  4430     798
12584    11097  6785     798
12585    11098  13729     798
12586    11099  9053     425
12587    11100  2869     778
12588    11101  9056     778
12589    19973  5699     852
12590    11103  9058     798
12591    11104  21640     799
12592    11105  1816     824
12593    11106  31279     842
12594    45469  5444     867
12595    11108  2222     888
12596    38005  9071     810
12597    11110  6795     841
12598    11111  1401     800
12599    11112  9077     842
12600    11113   502     503
12601    11114  51454     842
12602    11115  51453     871
12603    11116  6804     820
12604    11117  9085     844
12605    11118  9095     845
12606    11119  31165     793
12607    11120  34469     540
12608    11121  9100     540
12609    11122  1445     845
12610    11123  9102     793
12611    11124  2548     539
12612    11125  12414     852
12613    11126  21459     798
12614    11127  22886     836
12615    11128  8120     545
12616    11129  2850     818
12617    11130  4536     846
12618    11131  22541     836
12619    11132  13131     852
12620    11133  13143     852
12621    11134  18302     868
12622    11135  13132     798
12623    11136  6858     846
12624    11137  1459     800
12625    11138  12420     845
12626    11139  9117     846
12627    11140  4604     798
12628    11141  1320     800
12629    11142  4810     867
12630    11143  37740     832
12631    11144  4531     833
12632    11145  6857     833
12633    11146  26252     833
12634    11147  9122     832
12635    11148  9120     833
12636    11149  34596     833
12637    11150  34595     832
12638    11151  32771     832
12639    11152  33645     846
12640    11153  4533     832
12641    11154  32770     833
12642    11155  34601     833
12643    11156  34600     832
12644    11157  6853     832
12645    11158  9128     832
12646    11159  9119     833
12647    11160  21535     852
12648    11161  6397     829
12649    11162  4216     818
12650    11163  9130     818
12651    11164  9108     846
12652    11165  6846     846
12653    11166  6905     852
12654    11167  9132     801
12655    11168  4301     798
12656    11169  1559     852
12657    11170  1488     846
12658    11171  9179     852
12659    11172  12427     824
12660    11173  32773     794
12661    11174  21970     836
12662    11175  9144     802
12663    11176  9142     788
12664    11177  9141     834
12665    11178  21509     852
12666    11179  12431     852
12667    11180  20997     855
12668    11181  12434     848
12669    11182  9152     852
12670    11183  17795     848
12671    11184  1011     798
12672    25255  9154     871
12673    11186  26741     820
12674    11187  9158     852
12675    11188  7902     798
12676    11189  6923     798
12677    11190  6924     852
12678    11191  5470     851
12679    11192  9161     851
12680    11193  8757     798
12681    11194  9167     798
12682    11195  12442     848
12683    11196  9165     892
12684    11197  6375     829
12685    11198  6373     829
12686    11199  1667     835
12687    11200  5496     852
12688    11201  12452     852
12689    11202  12446     798
12690    11203  12440     798
12691    11204  4366     798
12692    11205  12439     852
12693    11206  9171     798
12694    11207  12438     798
12695    11208  21505     868
12696    11209  4591     852
12697    11210  1893     871
12698    11211  9178     852
12699    11212  6670     798
12700    11213  9181     798
12701    11214  37744     852
12702    11215  42113     798
12703    11216  3197     852
12704    11217  22592     798
12705    11218  4605     852
12706    11219  9190     852
12707    11220  6910     798
12708    11221  2924     798
12709    11222  9188     798
12710    11223  21479     798
12711    11224  12462     798
12712    11225  13152     798
12713    11226   989     793
12714    11227  6915     798
12715    11228  13149     852
12716    11229  21507     852
12717    11230  13146     798
12718    11231  12475     798
12719    11232  12465     852
12720    11233  12476     852
12721    11234  12459     798
12722    11235  6922     798
12723    11236  9163     798
12724    11237  1573     352
12725    11238  12479     854
12726    11239  9215     819
12727    11240  26254     805
12728    11241  6952     796
12729    11242  1601     855
12730    11243  5508     805
12731    11244  30077     796
12732    11245  9224     801
12733    11246  3288     859
12734    11247  1489     846
12735    11248  1593     855
12736    11249  4648     805
12737    11250  13160     805
12738    11251  42428     794
12739    11252  9232     805
12740    11253  31622     805
12741    11254  9217     796
12742    11255  9243     859
12743    11256  12487     832
12744    11257  18725     855
12745    11258  9242     798
12746    11259  9240     798
12747    11260  6956     831
12748    11261  5515     859
12749    11262  3252     856
12750    11263  6961     798
12751    11264  1643     788
12752    11265  18596     858
12753    11266  5516     859
12754    11267  6970     801
12755    11268  9255     798
12756    11269  1547     842
12757    11270  6977     852
12758    11271  9258     852
12759    11272  9260     858
12760    11273  9265     859
12761    11274  12494     842
12762    11275  9273     807
12763    31042  1039     808
12764    11277  63781     842
12765    11278  7003     808
12766    11279  13167     842
12767    11280  13169     827
12768    11281  27366     842
12769    11282  23825     842
12770    11283  12501     827
12771    11284  5526     842
12772    15602  1400     827
12773    11286  12522     863
12774    11287  37712     870
12775    11288  37748     863
12776    11289  7024     778
12777    11290  9298     778
12778    11291  4738     778
12779    11292  7629     779
12780    11293  9324     863
12781    11294  5556     862
12782    11295  50089     819
12783    11296  12531     863
12784    11297  13178     863
12785    41558  9319     819
12786    11299  30095     863
12787    11300  13627     870
12788    11301  13176     863
12789    11302  7031     863
12790    11303  9314     863
12791    11304  4742     779
12792    11305  5543     779
12793    11306  9299     862
12794    11307  9307     778
12795    38375  7021     862
12796    11309  9304     779
12797    11310  9308     779
12798    11311  9297     778
12799    11312  45481     819
12800    11313  4753     862
12801    11314  12519     862
12802    11315  4756     863
12803    11316  5735     862
12804    11317  28921     863
12805    11318  13184     862
12806    11319  42186     870
12807    11320  30061     862
12808    11321  12528     863
12809    11322  12527     862
12810    11323  9323     862
12811    11324  9313     863
12812    11325  9311     862
12813    11326  1730     842
12814    11327  5559     863
12815    11328  9328     862
12816    11329  59819     858
12817    11330  1555     852
12818    11331  7051     870
12819    11332  12549     870
12820    11333  12537     863
12821    11334  36938     839
12822    11335  1877     779
12823    11336  13197     870
12824    11337  13203     870
12825    22780  12536     863
12826    11339  27821     845
12827    11340  13206     863
12828    11341  32727     800
12829    11342  12546     863
12830    11343  9351     865
12831    11344  12552     845
12832    11345  3535     873
12833    11346  3421     867
12834    11347  1796     867
12835    11348  7070     867
12836    29140  9363     867
12837    11350  4805     852
12838    30825  8908     828
12839    11352  17433     868
12840    11353  9365     820
12841    11354  7069     807
12842    11355  6668     828
12843    11356  33321     852
12844    11357  37835     856
12845    11358  22578     867
12846    11359  42795     800
12847    11360  1238     798
12848    11361  9378     798
12849    11362  4805     852
12850    11363  5577     867
12851    11364  12558     828
12852    11365  4809     867
12853    11366  22568     798
12854    11367  9381     867
12855    11368  24670     836
12856    11369  9383     782
12857    11370  7091     852
12858    11371  1827     868
12859    11372  9388     868
12860    11373  27032     868
12861    11374  21988     868
12862    11375  7101     868
12863    11376  12574     861
12864    11377  25211     868
12865    11378  25209     840
12866    11379  1852     869
12867    11380  9404     870
12868    11381  13215     863
12869    11382  9410     869
12870    11383  27708     863
12871    11384  32970     839
12872    11385  13214     870
12873    11386  20821     863
12874    11387  30747     870
12875    11388  34053     870
12876    11389  4771     863
12877    11390  9418     863
12878    11391  7127     870
12879    11392  1891     871
12880    11393  7137     819
12881    11394  7138     819
12882    11395  12591     797
12883    11396  9432     797
12884    11397  13225     871
12885    11398  12585     820
12886    11399  7142     820
12887    11400  1902     779
12888    12592  5900     436
12889    11402  9436     871
12890    11403  9446     873
12891    11404  12594     798
12892    11405  7148     871
12893    11406  12595     871
12894    11407  3501     779
12895    11408  9444     437
12896    11409  3976     778
12897    11410  25315     873
12898    11411  25304     827
12899    11412  24385     871
12900    11413  7167     871
12901    42415  1191     800
12902    11415  4926     873
12903    11416  4925     872
12904    11417  1941     836
12905    11418  3540     873
12906    11419  12597     874
12907    11420  42703     799
12908    11421  9477     885
12909    11422  2156     885
12910    11423  7196     874
12911    11424  3623     880
12912    11425  9486     880
12913    11426  32731     829
12914    11427  6272     885
12915    11428  5204     890
12916    11429  21043     256
12917    11430  7210     788
12918    11431  3608     879
12919    11432  5593     796
12920    11433  2043     880
12921    11434  53725     790
12922    11435  7246     879
12923    11436  2017     872
12924    11437  2047     878
12925    11438  8453     845
12926    11439  7231     880
12927    11440  12613     880
12928    11441  2052     880
12929    11442  13238     890
12930    11443  2309     891
12931    11444  9522     880
12932    11445  4959     872
12933    11446  5003     879
12934    11447  1228     828
12935    11448  7243     879
12936    11449  2039     799
12937    11450  7383     890
12938    11451  7249     875
12939    11452  9530     776
12940    11453  2078     882
12941    11454  9543     810
12942    63591  1579     835
12943    11456  9542     874
12944    11457  1972     799
12945    11458  21500     799
12946    11459  2056     880
12947    11460  9541     880
12948    11461  2053     880
12949    11462  5022     874
12950    11463  12624     880
12951    11464  25153     882
12952    11465  9549     882
12953    11466  3672     883
12954    11467  26258     883
12955    11468  12627     882
12956    11469  13244     883
12957    11470  1064     813
12958    11471  12616     883
12959    11472  12632     842
12960    11473  7280     817
12961    11474  12634     882
12962    11475  2330     882
12963    11476  9561     776
12964    11477  26220     884
12965    11478  30792     776
12966    11479  3642     882
12967    11480  7296     883
12968    11481  9567     883
12969    11482  9546     882
12970    11483  2125     883
12971    11484  9568     824
12972    11485  2117     882
12973    11486  13248     883
12974    11487  7719     842
12975    11488  2116     882
12976    11489  21514     884
12977    11490  12641     882
12978    11491  51997     840
12979    11492  2133     884
12980    11493  7322     884
12981    11494  5078     840
12982    11495  9587     840
12983    62491  4447     824
12984    11497  9591     871
12985    11498  5089     885
12986    11499  1197     824
12987    11500  2162     885
12988    11501  7341     776
12989    11502  12643     776
12990    11503  38576     814
12991    11504  9606     894
12992    11505  52913     782
12993    11506  13252     824
12994    11507  28644     886
12995    11508  31308     848
12996    44753  13254     821
12997    11510  5131     827
12998    11511  12649     888
12999    11512  8490     842
13000    11513  7370     840
13001    11514  12651     890
13002    17519  12650     890
13003    27093  9632     854
13004    11517  46051     879
13005    11518  7389     788
13006    11519  12652     890
13007    23696  8309     866
13008    11521  2269     890
13009    11522  9511     880
13010    27309  1951     874
13011    11524  9644     852
13012    11525  12657     866
13013    11526  26260     890
13014    11527  7343     885
13015    11528  2287     867
13016    11529  34607     890
13017    11530  46994     874
13018    11531  42238     872
13019    11532  7488     818
13020    11533  19468     832
13021    11534  22282     818
13022    11535  21990     893
13023    11536  15373     807
13024    42311  2316     848
13025    11538  9682     790
13026    11539  2325     798
13027    11540  1098     798
13028    11541  12669     893
13029    11542  9691     817
13030    11543  2274     890
13031    25885  9696     894
13032    11545  13266     893
13033    11546  27972     890
13034    11547  5635     893
13035    11548  27596     890
13036    11549  42240     893
13037    11550  1092     817
13038    11551  39213     893
13039    11552  5251     894
13040    11553   531     532
13041    11554  15228     777
13042    11555  21653     787
13043    11556  9718     894
13044    11557  1438     818
13045    11558  12676     845
13046    11559  6399     894
13047    11560  9727     776
13048    11561  13270     894
13049    11562   164     164
13050    11563   924     779
13051    11564  5289     871
13052    11565  1903     435
13053    11566  15442     779
13054    11567  21563     787
13055    11568  31953      90
13056    11569  12683      71
13057    11570  9752     787
13058    11571  25639     626
13059    11572  7746     844
13060    11573  48284     214
13061    11574  49755     214
13062    23037  9764     798
13063    11576  28648     798
13064    11577  7534     868
13065    11578  29617     798
13066    11579  5574     867
13067    14713  12691     787
13068    11581  7538     754
13069    11582   754     755
13070    11583  14033     850
13071    11584  13286     851
13072    11585  12704     851
13073    11586  13285     850
13074    11587  39695     850
13075    11588  1020     804
13076    11589  8803     492
13077    11590  12702     850
13078    11591  9780     812
13079    57001  12692     810
13080    11593  13279     851
13081    11594  12687     851
13082    11595  12685     850
13083    11596  23545     851
13084    11597  1267     832
13085    11598  39075     830
13086    47749   304     305
13087    11600  4338     833
13088    11601  2967     783
13089    11602  1262     832
13090    11603  13728     779
13091    11604  49759      40
13092    11605  33479     795
13093    11606  1081     815
13094    11607  9807     820
13095    11608  20237     795
13096    11609  9812     782
13097    11610  1362     519
13098    11611  1402     842
13099    11612  22586     852
13100    11613  5479     852
13101    11614  31084     843
13102    11615  4639     801
13103    11616  3711     874
13104    11617  20251     883
13105    11618  9845     798
13106    11619  26182     798
13107    11620  9847     829
13108    11621  26253     796
13109    11622  9853     880
13110    11623  16626     832
13111    11624  5006     880
13112    11625  3240     805
13113    11626  9858     871
13114    11627  43394     845
13115    11628  4679     798
13116    11629  3275     798
13117    11630  13302     798
13118    11631  8438     873
13119    11632  37752     864
13120    11633  47597     828
13121    11634  14247     863
13122    11635  12716     860
13123    11636  20953     827
13124    11637  6151     778
13125    11638  4743     779
13126    11639  12721     827
13127    11640  22599     842
13128    11641  20794     827
13129    11642  2893     827
13130    11643  13305     860
13131    11644  20796     842
13132    11645  6145     827
13133    11646  8258     860
13134    11647  1888     842
13135    11648  1736     842
13136    11649  7631     862
13137    11650  1731     862
13138    11651  4772     863
13139    11652  7634     819
13140    11653  9924     863
13141    11654  9896     796
13142    11655  4860     870
13143    11656  9906     858
13144    11657  9908     870
13145    11658  5567     863
13146    11659  9911     863
13147    11660  7039     870
13148    11661  12730     870
13149    11662  12729     803
13150    11663  9915     858
13151    11664  9914     858
13152    11665  4670     819
13153    11666  9923     870
13154    11667  5586     870
13155    11668  9922     870
13156    11669  5779     863
13157    11670  7647     870
13158    11671  6075     818
13159    11672  9927     818
13160    11673  12736     818
13161    11674  4538     846
13162    11675  12738     805
13163    11676  9937     805
13164    11677  5594     796
13165    11678  12740     796
13166    11679  12735     796
13167    11680  29306     814
13168    11681  12742     805
13169    11682  12732     796
13170    11683  5601     877
13171    11684  2747     805
13172    11685  7662     845
13173    11686  9944     805
13174    11687  20172     846
13175    11688  12934     818
13176    11689  46540     824
13177    11690  9957     829
13178    11691  2880     824
13179    11692  9958     833
13180    11693  7671     872
13181    11694  9919     856
13182    11695  3103     845
13183    11696  9963     875
13184    11697  8119     793
13185    26699   971     536
13186    11699  12750     779
13187    11700  16148     806
13188    16941  1175     797
13189    11702  24509     806
13190    11703  24409     806
13191    11704  25221     787
13192    11705  13316     836
13193    11706  12755     805
13194    11707  7689     806
13195    11708  24848     837
13196    11709  8061     836
13197    11710  20774     836
13198    11711  27783     839
13199    11712  4401     837
13200    11713  13329     795
13201    11714  5426     806
13202    11715  32609     805
13203    11716  13720     778
13204    11717  14014     778
13205    27050  12771     624
13206    11719  27049      69
13207    11720  14035     779
13208    11721  14059     779
13209    11722  9997     788
13210    11723  1279     834
13211    11724  10007     797
13212    11725  12776     846
13213    11726  26609     820
13214    11727  18651     823
13215    11728  17791     823
13216    11729  28655     871
13217    11730  10018     788
13218    11731  1646     798
13219    11732  10047     796
13220    11733  28653     861
13221    11734  23946     863
13222    11735  23100     795
13223    11736  10023     795
13224    11737  6581     805
13225    11738  13754     805
13226    11739  23615     814
13227    11740  12789     805
13228    11741  10043     805
13229    11742  12787     840
13230    11743  1872     870
13231    11744  10032     870
13232    11745  1751     840
13233    11746  5778     863
13234    11747  10033     870
13235    11748  5741     863
13236    11749  10039     863
13237    11750  7733     870
13238    11751  4155     796
13239    11752  10042     796
13240    11753  6574     796
13241    11754  13753     796
13242    11755  5781     805
13243    11756  31159     796
13244    11757  51203     759
13245    11758  12796     759
13246    11759  48302     759
13247    11760  48304     758
13248    11761  12795     759
13249    11762  12790     758
13250    11763  12806     758
13251    11764  13397     795
13252    11765  13356     758
13253    11766  2742     781
13254    11767  13354     204
13255    11768  8665     204
13256    11769  48301     206
13257    11770  48305     206
13258    11771  16692     255
13259    14900  14301     796
13260    11773  12813     796
13261    11774  1482     796
13262    11775  10075     796
13263    11776  3930     206
13264    11777  48249     759
13265    11778  12811     846
13266    11779  10074     204
13267    11780  18986     805
13268    11781  14128     805
13269    11782  10083     729
13270    11783  3916     174
13271    11784  2411     178
13272    11785  7773     729
13273    11786  10089     737
13274    11787  5803     731
13275    11788  6419     185
13276    11789  51408     737
13277    11790  49682     741
13278    11791  51410     758
13279    11792  7779     745
13280    11793  12816     204
13281    11794  49770     204
13282    11795  4014     779
13283    11796  5908     778
13284    11797  7869     778
13285    11798  10105     778
13286    11799  10100     797
13287    11800  7514     779
13288    11801  10120     862
13289    11802  7865     779
13290    11803  2629     778
13291    11804  10123     778
13292    11805  10126     608
13293    11806  7813      51
13294    11807  5288     778
13295    19807  12825     814
13296    11809  18305     242
13297    11810  10179     242
13298    11811  7913     805
13299    11812  16628     805
13300    11813  12826     779
13301    11814  12830     835
13302    11815  7822     436
13303    11816  10135     779
13304    11817  1308     779
13305    11818  10166     779
13306    11819  2617     778
13307    11820  12832     779
13308    11821  12828     779
13309    11822  12827     779
13310    11823   735     736
13311    11824  7839     764
13312    11825  10144     764
13313    11826  8565     211
13314    11827  6410     211
13315    11828  5892     764
13316    11829  3972     777
13317    11830  10161     433
13318    11831  5897     433
13319    11832  48014     764
13320    11833  7846     779
13321    11834  12842     433
13322    11835  13378     433
13323    11836  12838     777
13324    11837  12845     777
13325    11838   775     894
13326    11839  10158     777
13327    11840  10151     433
13328    11841  27646     827
13329    11842  30105     871
13330    11843  12847     778
13331    11844  2618     778
13332    11845  13385     436
13333    11846  3994     778
13334    11847  12858     778
13335    11848  12856     778
13336    11849  12846     779
13337    11850  18972     779
13338    11851  7868     778
13339    11852  10176     778
13340    11853  7873     779
13341    11854  5322     779
13342    11855  2620     778
13343    11856  10173     779
13344    11857  10102     778
13345    11858  10175     779
13346    11859  7871     827
13347    11860  10172     778
13348    11861  10099     779
13349    11862  16627     795
13350    11863  44507     218
13351    11864  37690     770
13352    11865   315     315
13353    11866  13392     790
13354    11867  5923     432
13355    20276  14869     777
13356    43037  1664     803
13357    11870  2704     793
13358    11871   966     424
13359    11872  4415     839
13360    11873  22794     807
13361    11874  16247     242
13362    11875  16248     795
13363    11876  5941     197
13364    11877  7922     197
13365    11878   749     750
13366    11879  13396     805
13367    20592  5929     242
13368    11881  12868     796
13369    11882   982     796
13370    11883  12867     796
13371    11884  7935     805
13372    16276  1029     795
13373    11886  15024     836
13374    11887  10046     809
13375    11888  7945     814
13376    11889  10229     814
13377    11890  7946     792
13378    11891  4149     791
13379    11892  4161     805
13380    11893  2773     791
13381    11894  24312     814
13382    11895  10232     805
13383    11896  20255     805
13384    11897  10231     805
13385    11898  7951     796
13386    11899  7952     795
13387    11900  12879     817
13388    16158  2261     889
13389    11902  10250     797
13390    11903  5971     798
13391    11904  10011     838
13392    11905  10256     886
13393    11906  7984     892
13394    11907  21635     804
13395    11908  7993     820
13396    11909  14184     826
13397    11910  5987     776
13398    11911  1190     824
13399    11912  13780     825
13400    11913  48570     824
13401    11914  13763     825
13402    11915  13834     826
13403    11916  14134     825
13404    11917  10268     803
13405    11918  8024     832
13406    11919  10281     832
13407    11920  1265     832
13408    11921  8031     817
13409    11922  6002     877
13410    11923  10280     832
13411    11924  12892     821
13412    11925  4347     833
13413    11926  6721     833
13414    11927  10282     832
13415    11928  6007     783
13416    11929  2963     833
13417    11930  10286     833
13418    11931  8023     832
13419    11932  20803     833
13420    11933  13844     832
13421    11934  14451     832
13422    11935  37084     835
13423    11936  10294     832
13424    11937  6016     834
13425    11938  8038     833
13426    11939  1278     783
13427    11940  14162     778
13428    11941  14328     778
13429    11942  14322     779
13430    11943  10302     846
13431    11944  13993     779
13432    11945  14317     778
13433    11946  14521     779
13434    11947  22604     836
13435    11948  12916     816
13436    11949  33100     265
13437    11950  6026     836
13438    11951  1327     815
13439    11952  10318     820
13440    11953  6033     820
13441    11954  6061     833
13442    11955  10327     884
13443    11956  34612     824
13444    11957  8083     884
13445    11958  6043     824
13446    11959  3046     840
13447    11960  13452     884
13448    11961  30108     884
13449    11962  27608     824
13450    29798  1390     840
13451    11964  8091     842
13452    11965  2867     797
13453    11966  3084     219
13454    11967  10357     219
13455    11968  8116     846
13456    11969  12924     844
13457    11970  10356     844
13458    11971  1429     771
13459    11972  8109     771
13460    11973  10355     771
13461    11974  6056     843
13462    11975  1423     802
13463    11976  8110     219
13464    11977  10354     771
13465    11978  9970     832
13466    26683  2546     537
13467    11980  2687     536
13468    11981  30595     399
13469    11982  13453     545
13470    11983  26267     545
13471    11984  6069     820
13472    11985  39199     804
13473    11986  19387     845
13474    11987  10375     845
13475    11988  6071     828
13476    11989  12928     846
13477    11990  8141     833
13478    11991  10382     833
13479    11992  4537     846
13480    11993  16017     818
13481    11994  12932     846
13482    11995  13867     818
13483    26544  28186     855
13484    11997  10389     848
13485    11998  8152     834
13486    11999  8154     872
13487    12000  10404     840
13488    12001  1551     852
13489    12002  6092     805
13490    12003  1553     852
13491    12004  9930     798
13492    12005  20212     798
13493    12006  20310     798
13494    12007  1261     783
13495    12008  10411     854
13496    12009   329     330
13497    12010  10414     834
13498    12011  3242     855
13499    12012  10454     835
13500    12013  23085     878
13501    12014  10421     802
13502    12015  1591     855
13503    31335  1592     846
13504    12017  10427     855
13505    12018  10419     807
13506    12019  8225     819
13507    12020  8206     834
13508    12021  30861     807
13509    12022  10431     819
13510    12023  3243     855
13511    12024  13460     834
13512    12025  6972     858
13513    12026  8211     831
13514    28264  12946     790
13515    12028  13468     819
13516    12029  6128     819
13517    12030  18998     819
13518    12031  35364     855
13519    12032  34808     858
13520    12033  13475     819
13521    12034  13467     858
13522    12035  3266     857
13523    12036  10444     856
13524    12037  15220     819
13525    12038  10446     819
13526    12039  10445     857
13527    12040  8226     858
13528    12041  15025     819
13529    12042  15026     858
13530    12043  6127     819
13531    12044  12957     858
13532    12045  6982     842
13533    12046  13477     823
13534    12047  8237     810
13535    12048  10458     810
13536    12049  3303     824
13537    12050  10466     842
13538    12051  22598     827
13539    12052  10469     827
13540    12053  10467     860
13541    12054  6143     808
13542    12055  10468     809
13543    12056  12965     860
13544    12057  8259     842
13545    12058  8267     778
13546    12059  10471     861
13547    12060  10473     778
13548    12061  9882     388
13549    12062  7630     779
13550    12063  5544     779
13551    12064  10475     779
13552    12065  9883     778
13553    12066  10476     778
13554    12067  9880     779
13555    12068  13496     863
13556    12069  13493     862
13557    12070  13899     862
13558    12071  13900     863
13559    12072  13901     862
13560    12073  14479     862
13561    12074  21349     863
13562    12075  13485     870
13563    12076  12964     870
13564    12077  12986     870
13565    12078  10491     807
13566    12079  12984     863
13567    25554  1769     798
13568    12081  1750     863
13569    12082  6170     864
13570    12083  13508     865
13571    12084  3389     865
13572    12085  6169     865
13573    12086  1695     857
13574    12087  10508     864
13575    12088  10507     865
13576    12089  8297     873
13577    12090  6171     798
13578    12091  24343     863
13579    12092  12993     863
13580    12093  13513     870
13581    21321  1787     848
13582    12095  3409     820
13583    12096  9767     798
13584    12097  25351     272
13585    12098  12997     852
13586    12099  8329     867
13587    12100  13522     798
13588    12101  10530     867
13589    12102  3423     867
13590    12103  27638     852
13591    12104  8328     852
13592    20371  1810     867
13593    12106  15640     852
13594    12107  10533     837
13595    12108  13523     852
13596    12109  13515     798
13597    12110  14487     798
13598    12111  13927     852
13599    12112  13532     852
13600    12113  30420     798
13601    12114  13922     798
13602    15049  17338     852
13603    12116  6248     867
13604    12117  12994     845
13605    12118  6204     837
13606    12119  1350     820
13607    12120  26272     874
13608    12121  13014     814
13609    12122  6240     885
13610    12123  10564     874
13611    12124  4946     874
13612    12125  13016     880
13613    12126  41030     879
13614    27892  13020     887
13615    22803  13019     848
13616    12129  4950     874
13617    12130  10595     879
13618    12131  10558     874
13619    12132  6237     798
13620    12133  1776     866
13621    12134  15143     874
13622    12135  10561     874
13623    12136  10601     880
13624    12137  8403     880
13625    12138  26271     879
13626    12139  24037     874
13627    12140  10608     866
13628    12141  10611     802
13629    12142  10610     794
13630    12143  10609     848
13631    12144  3579     877
13632    12145  3580     877
13633    12146  1542     852
13634    12147  6263     864
13635    12148  30867     871
13636    12149  25161     880
13637    12150  27569     880
13638    12151  32794     857
13639    12152  3589     878
13640    12153  26111     879
13641    12154  39933     880
13642    12155  13039     879
13643    12156  6261     857
13644    12157  14269     880
13645    12158  42255     873
13646    12159  17602     874
13647    12160  10631     879
13648    12161  13042     814
13649    12162  10633     857
13650    12163  13549     878
13651    12164  10639     874
13652    12165  8454     880
13653    12166  10640     879
13654    12167  10642     794
13655    12168  2254     888
13656    12169  8468     893
13657    12170  41155     893
13658    12171  20257     885
13659    12172  8479     882
13660    12173  10655     882
13661    12174  32927     813
13662    12175  2109     882
13663    12176  7301     883
13664    12177  65111     822
13665    12178  5057     883
13666    12179  20766     882
13667    12180  17319     882
13668    12181  10662     845
13669    12182  6306     888
13670    12183  6301     813
13671    12184  10669     888
13672    12185   887     887
13673    12186  13557     885
13674    12187  8510     820
13675    12188  16253     867
13676    12189  15388     882
13677    12190  34620     885
13678    12191  10699     886
13679    12192  3861     893
13680    12193  27685     840
13681    12194  3799     817
13682    12195  10715     817
13683    12196  10719     894
13684    25360  8563     802
13685    12198  10724     873
13686    12199  3782     864
13687    12200  6346     873
13688    12201  13559     864
13689    36790  25169     888
13690    12203  10725     854
13691    12204  10730     889
13692    12205  21422     890
13693    44510  2291     791
13694    12207  5194     885
13695    12208  8576     890
13696    12209  15633     885
13697    12210  19001     890
13698    12211  13061     875
13699    12212  13060     874
13700    12213  8594     775
13701    12214  8614     893
13702    12215  6374     829
13703    12216  2317     892
13704    12217  35901     799
13705    12218  24326     882
13706    12219  24329     885
13707    12220  26275     893
13708    12221  2329     885
13709    12222  6445     754
13710    12223  8664     765
13711    12224  10769     802
13712    12225  5333     219
13713    12226  10772     219
13714    12227  6443     771
13715    12228  17354     799
13716    12229  1015     197
13717    12230  3942     221
13718    12231  10786     221
13719    12232  13064     775
13720    12233  6401     165
13721    12234  8643     165
13722    12235   165     165
13723    12236  10791     165
13724    12237  10793     775
13725    12238  8645     221
13726    12239  48309     221
13727    12240  3966     775
13728    12241  8669     744
13729    12242  10805     744
13730    12243  6437     744
13731    12244  10800     191
13732    12245  10803     744
13733    12246  6415     191
13734    12247  37489     191
13735    12248  51444     744
13736    12249  51425     744
13737    12250  51397     191
13738    12251  51447     191
13739    12252  3967     775
13740    12253  10820     775
13741    12254  6432     221
13742    12255  10821     775
13743    12256  10747     775
13744    12257  8674     775
13745    12258  8678     219
13746    12259  10828     191
13747    12260  8681     191
13748    12261  13069     803
13749    12262  1014     803
13750    12263  3956     765
13751    12264  10841     778
13752    12265  6815     219
13753    12266  6451     771
13754    12267  40368     161
13755    12268  10851     421
13756    12269  20799     437
13757    12270  19766     868
13758    12271  10857     828
13759    12272  16254     785
13760    12273  27689     785
13761    12274  16255     665
13762    12275   671     672
13763    12276   933     785
13764    12277  13074     787
13765    12278  8747     787
13766    12279   939     786
13767    41474    79      80
13768    12281  5916      78
13769    12282  10884     788
13770    12283  10776     219
13771    12284  13563     788
13772    12285  13078     788
13773    44874   953     788
13774    12287  4055     788
13775    12288  8755     770
13776    12289  10903     778
13777    12290   921     422
13778    12291  10914     799
13779    37753  8800     822
13780    12293  24341     776
13781    12294  6554     806
13782    12295  15038     805
13783    12296  10927     800
13784    12297  8808     860
13785    12298  15582     817
13786    12299  10931     813
13787    12300  45887     813
13788    12301  8818     812
13789    12302  1160     822
13790    12303  22001     805
13791    12304  1338     815
13792    17040  16865     889
13793    19931  18848     788
13794    12307  20807     818
13795    12308  14780     818
13796    44775  10953     820
13797    12310  38678     822
13798    12311  4535     846
13799    12312  13575     846
13800    12313  13090     818
13801    12314  10947     788
13802    12315  1596     794
13803    12316  25719     846
13804    12317  39239      20
13805    63832  4201     798
13806    12319  13096     818
13807    12320  8860     818
13808    12321  9129     846
13809    12322  13098     846
13810    12323  15271     799
13811    12324  10986     828
13812    12325  13581     828
13813    12326  13823     826
13814    12327  22689     828
13815    12328  1403     842
13816    12329  6664     827
13817    12330  13582     280
13818    12331  28944     861
13819    12332  11007     828
13820    12333  11008     827
13821    12334  26277     429
13822    29548  13107     839
13823    12336  31569     803
13824    12337  8967     832
13825    12338  11059     832
13826    12339  21554     833
13827    12340  11026     824
13828    12341  21553     832
13829    12342  21556     832
13830    12343  8983     833
13831    12344  7565     833
13832    12345  22609     833
13833    12346  11047     833
13834    12347  5661     833
13835    12348  11032     845
13836    12349  8968     832
13837    12350  11044     832
13838    12351  13108     832
13839    12352  8969     832
13840    12353  1248     817
13841    12354  11042     832
13842    12355  14779     832
13843    12356  1276     833
13844    12357  11040     833
13845    12358  13110     821
13846    12359  6708     832
13847    12360  6713     832
13848    12361  9791     833
13849    12362  8981     833
13850    12363  11046     833
13851    12364  4337     832
13852    12365  4339     817
13853    12366  11043     832
13854    12367  11041     832
13855    12368  14922     787
13856    12369  6707     832
13857    12370  11051     832
13858    12371  6709     833
13859    12372  8976     833
13860    12373  11050     833
13861    12374  8975     832
13862    12375  11048     833
13863    12376  8970     833
13864    12377  11052     833
13865    12378  11054     833
13866    12379  11045     832
13867    12380  22610     832
13868    12381  21555     833
13869    12382  22613     833
13870    12383  22614     832
13871    12384  11029     833
13872    12385  24048     858
13873    12386  13113     794
13874    12387  2977     798
13875    12388  13971     798
13876    12389  13593     852
13877    12390  11070     835
13878    12391  13603     852
13879    12392  13604     798
13880    12393  14285     852
13881    12394  11074     816
13882    12395  1365     836
13883    12396  11078     836
13884    12397  18295     527
13885    15500  13125     836
13886    12399  13126     259
13887    12400  1335     794
13888    12401  1082     816
13889    12402  11091     838
13890    16282  13127     798
13891    12404  13128     799
13892    12405  31280     810
13893    12406  1408     502
13894    12407  1412     842
13895    12408  11120     540
13896    12409  11119     793
13897    12410  2549     540
13898    12411  9098     793
13899    12412  27589     793
13900    12413  13136     798
13901    12414  5491     852
13902    12415  13137     798
13903    12416  13133     852
13904    12417  13130     852
13905    12418  13129     868
13906    12419  13155     852
13907    12420  6843     845
13908    12421  1458     840
13909    12422  1473     833
13910    12423  11152     846
13911    12424  11127     836
13912    12425  6859     846
13913    12426  11167     801
13914    12427  1559     824
13915    12428  3298     859
13916    12429  11175     802
13917    12430  13139     855
13918    12431  4614     852
13919    12432  11179     852
13920    12433  6920     798
13921    19367  1923     848
13922    23566  11186     820
13923    12436  1011     803
13924    12437  3207     852
13925    12438  3203     798
13926    12439  5704     852
13927    12440  9170     798
13928    12441  11203     798
13929    12442  1514     848
13930    12443  11199     835
13931    12444  11197     829
13932    12445  1667     859
13933    12446  6921     798
13934    12447  11201     852
13935    12448  7714     852
13936    12449  11205     852
13937    12450  11202     798
13938    12451  11207     798
13939    12452  9172     852
13940    12453  11210     871
13941    12454  6893     852
13942    12455  9176     798
13943    12456  9189     798
13944    12457  11214     852
13945    12458  11215     798
13946    12459  9169     798
13947    12460  11234     798
13948    12461  13150     798
13949    12462  4612     798
13950    12463  11224     798
13951    12464  5701     852
13952    12465  6919     852
13953    12466  13148     852
13954    12467  13154     852
13955    12468  36716     836
13956    12469  1313     836
13957    12470  13147     798
13958    12471  13145     798
13959    12472  13157     798
13960    12473  13142     852
13961    12474  11231     798
13962    12475  9202     798
13963    12476  9203     852
13964    12477  11125     852
13965    12478  9209     854
13966    12479  6935     854
13967    12480  1582     788
13968    12481  1117     788
13969    32937  13299     818
13970    12483  9218     796
13971    12484  27593     805
13972    12485  11250     805
13973    12486  13159     796
13974    12487  17426     832
13975    12488  9235     855
13976    12489  1280     834
13977    12490  17313     858
13978    12491  9248     798
13979    12492  1415     842
13980    12493  1663     842
13981    12494  9274     842
13982    12495  15356     842
13983    16106  6892     860
13984    12497  13162     842
13985    12498  16025     860
13986    12499  11280     827
13987    12500  11284     842
13988    12501  9284     827
13989    12502  13979     827
13990    12503  11286     863
13991    12504  37709     863
13992    12505  37745     870
13993    12506  13620     870
13994    12507  37711     863
13995    12508  38665     870
13996    12509  13185     863
13997    12510  11301     863
13998    12511  13626     870
13999    12512  11296     863
14000    12513  13177     863
14001    30060  7026     863
14002    12515  14290     863
14003    12516  7633     862
14004    12517  11298     819
14005    12518  5777     778
14006    12519  7032     862
14007    45045  45482     842
14008    12521  11314     862
14009    12522  7030     863
14010    12523  13183     862
14011    12524  13188     862
14012    12525  13630     863
14013    12526  13631     863
14014    12527  9312     862
14015    12528  3352     863
14016    12529  11321     863
14017    12530  11322     862
14018    12531  9321     863
14019    12532  11325     862
14020    12533  13192     863
14021    12534  13193     863
14022    12535  22781     845
14023    19511  13191     863
14024    12537  4770     863
14025    12538  11332     870
14026    12539  11331     870
14027    12540  13200     870
14028    12541  13198     870
14029    12542  13196     870
14030    12543  36943     839
14031    12544  13189     863
14032    12545  13204     870
14033    12546  5570     863
14034    12547  11342     863
14035    12548  7017     862
14036    12549  9348     870
14037    12550  11345     873
14038    12551  11343     865
14039    12552  1555     845
14040    12553  16632     868
14041    12554  2927     828
14042    12555  7071     852
14043    29139  9360     852
14044    22577  7083     798
14045    12558  1238     828
14046    12559  11364     828
14047    12560  7081     828
14048    12561  22579     828
14049    12562  23754     867
14050    12563  11367     867
14051    12564  11369     782
14052    12565  11371     868
14053    12566  9385     852
14054    12567  1834     779
14055    12568  23859     868
14056    12569  21558     868
14057    12570  21559     838
14058    12571  1845     840
14059    12572  11377     868
14060    12573  13638     863
14061    12574  25210     861
14062    12575  13212     870
14063    12576  4839     845
14064    12577  9398     828
14065    12578  13221     870
14066    12579  11384     839
14067    12580  11381     863
14068    12581  11383     863
14069    12582  13219     863
14070    12583  13637     870
14071    26415  11387     870
14072    12585  9431     820
14073    12586  42191     820
14074    12587  13226     871
14075    12588  11395     797
14076    12589  1129     798
14077    12590  11397     871
14078    12591  42190     797
14079    12592  11401     436
14080    12593  13227     778
14081    12594  1948     798
14082    12595  9441     871
14083    20889  11411     827
14084    12597  13232     874
14085    12598  20445     256
14086    12599  2151     799
14087    12600  11426     829
14088    12601  32732     885
14089    12602  11425     880
14090    12603  7195     874
14091    12604  11419     874
14092    12605  3621     880
14093    12606  25953     796
14094    12607  1588     855
14095    12608  13240     890
14096    12609  13237     880
14097    12610  11439     880
14098    12611  11442     890
14099    12612  13241     799
14100    12613  9518     880
14101    12614  3605     874
14102    12615  7256     880
14103    12616  7274     883
14104    63590  1579     854
14105    12618  11471     883
14106    32224  11470     813
14107    45261  2056     791
14108    12621  7265     874
14109    12622  11467     883
14110    12623  9540     829
14111    12624  7266     880
14112    12625  30098     874
14113    12626  11469     883
14114    12627  5031     882
14115    12628  11468     882
14116    12629  11466     883
14117    12630  9544     882
14118    12631  11464     882
14119    12632  16421     842
14120    12633  11478     776
14121    12634  13245     882
14122    12635  2088     882
14123    12636  11476     776
14124    12637  11477     884
14125    12638  9569     824
14126    12639  11486     883
14127    12640  9571     882
14128    12641  21515     882
14129    12642  1387     799
14130    12643  9599     776
14131    12644  11502     776
14132    12645  23852     886
14133    12646  11506     824
14134    12647  5133     842
14135    23851  13253     848
14136    12649  2219     888
14137    12650  16062     890
14138    12651  7398     890
14139    12652  18326     890
14140    23695  10515     852
14141    12654  9638     890
14142    12655  11526     890
14143    12656  11524     852
14144    16694  2283     866
14145    12658  13256     890
14146    12659  7412     890
14147    12660  42239     874
14148    12661  9661     872
14149    12662  2299     890
14150    12663  20259     893
14151    12664  19469     818
14152    12665  16667     832
14153    12666  1094     790
14154    12667  11538     790
14155    12668  1098     817
14156    12669  2325     893
14157    12670  11544     894
14158    12671  7455     817
14159    12672  13264     890
14160    12673  13263     878
14161    12674  39214     857
14162    12675  14892     777
14163    12676  7489     845
14164    12677  2372     894
14165    12678  13269     163
14166    12679  25716      90
14167    12680  20268     787
14168    12681  32123     644
14169    12682  11570     787
14170    12683  13275      71
14171    12684  14320     851
14172    12685  7554     850
14173    12686  19303     798
14174    12687  4577     851
14175    12688  11594     851
14176    12689  13683     851
14177    12690  13289     851
14178    12691  14683     787
14179    12692  39696     810
14180    12693  13682     850
14181    12694  13678     850
14182    12695  13685     851
14183    12696  11587     850
14184    12697  11585     851
14185    12698  32782     850
14186    12699  11590     850
14187    12700  11589     492
14188    12701  13287     850
14189    12702  9782     850
14190    12703  11595     850
14191    12704  9784     851
14192    12705  14655     850
14193    12706  11603     779
14194    12707  33480     837
14195    12708  13292     852
14196    12709  6309     885
14197    12710  13698     883
14198    12711  14053     882
14199    12712  25112     805
14200    12713  13298     798
14201    12714  13294     798
14202    12715  13293     852
14203    12716  16084     860
14204    12717  11635     860
14205    12718  46750     828
14206    12719  14236     863
14207    12720  20954     842
14208    12721  1690     827
14209    12722  11639     827
14210    12723  6996     842
14211    12724  13304     860
14212    12725  20795     860
14213    12726  11644     842
14214    12727  9897     870
14215    12728  1735     863
14216    12729  1227     803
14217    12730  7641     870
14218    12731  3368     863
14219    12732  9933     796
14220    12733  11682     796
14221    12734  11680     814
14222    12735  9936     796
14223    12736  9926     818
14224    12737  10386     846
14225    12738  5752     805
14226    12739  11679     796
14227    12740  7655     796
14228    12741  7754     805
14229    12742  5782     805
14230    12743  11681     805
14231    12744  11678     796
14232    12745  11675     805
14233    12746  9586     810
14234    12747  23796     839
14235    12748  13718     536
14236    12749  13311     793
14237    12750  1834     779
14238    12751  11709     836
14239    12752  9977     806
14240    12753  15070     806
14241    12754  9985     836
14242    12755  13318     805
14243    12756  11704     787
14244    12757  11706     805
14245    12758  13315     836
14246    12759  5674     806
14247    12760  13730     837
14248    12761  22629     806
14249    12762  13731     836
14250    12763  14095     778
14251    12764  13727     778
14252    12765  11713     795
14253    12766  17805     837
14254    12767  9988     805
14255    12768  14025     778
14256    12769  32610     836
14257    12770  14088     779
14258    12771  13335     624
14259    12772  14068     779
14260    12773  14116     779
14261    12774  14097     779
14262    12775  14008     778
14263    12776  7706     846
14264    12777  1279     832
14265    12778  11724     797
14266    12779  1474     832
14267    12780  23286     820
14268    34891  8098     823
14269    12782  11730     788
14270    29812  10019     827
14271    12784  23102     815
14272    12785  11738     805
14273    12786  11739     814
14274    12787  1872     840
14275    12788  11763     758
14276    12789  7950     805
14277    12790  7764     758
14278    12791  11762     758
14279    12792  13343     796
14280    12793  14109     805
14281    12794  7738     796
14282    12795   758     759
14283    12796  7762     759
14284    12797  11759     759
14285    12798  13349     758
14286    12799  6426     206
14287    12800  6425     204
14288    12801  48291     758
14289    12802  48303     204
14290    12803  13348     204
14291    12804  13758     758
14292    12805  15757     255
14293    12806  10063     758
14294    12807  13357     206
14295    12808  48293     206
14296    12809  51407     759
14297    12810  14776     796
14298    12811  23308     846
14299    12812  11777     759
14300    12813  5948     796
14301    12814  13362     805
14302    12815  14129     796
14303    12816  2420     204
14304    12817  7775     737
14305    12818  51457     758
14306    12819  13775     758
14307    12820  51411     204
14308    12821  49683     204
14309    12822  49789     758
14310    12823  11799     797
14311    12824  39868     608
14312    15386  16076     814
14313    12826  7859     779
14314    12827  5904     779
14315    12828  10162     779
14316    12829  11821     779
14317    12830  21568     835
14318    25024  3996     369
14319    12832  7860     779
14320    12833  5900     436
14321    12834  8709     778
14322    12835  10142     184
14323    12836  40615     211
14324    12837  10145     211
14325    12838  13373     777
14326    12839  11836     777
14327    12840  13374     433
14328    12841  13790     433
14329    12842  7850     433
14330    12843  13376     777
14331    12844  11834     433
14332    12845  5284     777
14333    12846  10146     779
14334    12847  6466     778
14335    12848  30106     793
14336    12849  11840     433
14337    12850  1900     511
14338    12851  11843     778
14339    12852  11820     779
14340    12853  11849     779
14341    12854  11845     436
14342    12855  13384     778
14343    12856  10168     778
14344    12857  11848     778
14345    12858  3995     778
14346    12859  11822     779
14347    12860  11847     778
14348    12861  11850     779
14349    12862  13391     315
14350    12863  11871     424
14351    12864  19808     807
14352    12865  2749     805
14353    12866  5949     805
14354    12867  10221     796
14355    12868  7919     796
14356    12869  11883     796
14357    12870  9942     805
14358    12871  11881     796
14359    12872  14171     795
14360    12873  15027     805
14361    12874  11890     792
14362    12875  11894     814
14363    12876  24313     791
14364    12877  10041     796
14365    12878  11896     805
14366    16157  2261     817
14367    12880  7974     797
14368    12881  14432     825
14369    12882  13765     826
14370    12883  25178     826
14371    12884  14181     826
14372    12885  13822     825
14373    12886  13831     825
14374    12887  13819     826
14375    12888  13833     825
14376    12889  25179     825
14377    12890  14562     826
14378    12891  10287     829
14379    12892  1265     821
14380    12893  14536     779
14381    12894  31318     835
14382    12895  14355     832
14383    12896  13433     832
14384    12897  14449     833
14385    12898  20786     833
14386    12899  20780     832
14387    12900  14567     833
14388    12901  20387     407
14389    12902  14455     779
14390    12903  14334     778
14391    12904  13996     778
14392    12905  14041     778
14393    12906  11939     783
14394    12907  14139     779
14395    12908  14431     778
14396    12909  14400     779
14397    12910  14156     778
14398    12911  10301     834
14399    12912  14417     778
14400    12913  14166     779
14401    12914  14365     779
14402    12915  14526     778
14403    12916  22605     816
14404    12917  34613     888
14405    12918  8084     810
14406    12919  8087     840
14407    12920  11960     884
14408    12921  10336     840
14409    12922  27692     840
14410    12923  4251     824
14411    12924  1429     844
14412    12925  11969     844
14413    31406   408     408
14414    12927  9962     845
14415    12928  3133     846
14416    12929  8136     845
14417    12930  13868     818
14418    12931  13869     818
14419    12932  3132     846
14420    12933  11994     846
14421    12934  6074     818
14422    12935  13456     846
14423    12936  3147     847
14424    12937  10396     776
14425    12938  12004     798
14426    12939  12008     854
14427    12940  10408     831
14428    12941  6113     834
14429    12942  12018     807
14430    12943  28130     855
14431    12944  10430     855
14432    12945  17803     819
14433    23672  2013     790
14434    12947  12028     819
14435    12948  3272     858
14436    12949  21985     858
14437    12950  12012     835
14438    12951  13466     858
14439    12952  13877     819
14440    12953  9916     858
14441    12954  12039     857
14442    12955  15140     858
14443    12956  14932     819
14444    12957  8229     858
14445    12958  13883     819
14446    12959  1177     803
14447    12960  8238     860
14448    12961  9895     827
14449    12962  12077     870
14450    12963  8256     860
14451    12964  23035     870
14452    12965  9887     860
14453    12966  12076     870
14454    12967  24342     870
14455    12968  13503     870
14456    12969  12061     388
14457    12970  13885     862
14458    12971  13887     863
14459    12972  13499     863
14460    12973  13894     862
14461    12974  13495     862
14462    12975  13497     862
14463    12976  13481     863
14464    12977  13480     863
14465    12978  13479     862
14466    12979  13884     863
14467    12980  14253     862
14468    12981  17801     863
14469    12982  13462     863
14470    12983  7117     863
14471    12984  4853     863
14472    12985  12079     863
14473    12986  10494     870
14474    12987  10498     864
14475    12988  8292     798
14476    12989  26283     870
14477    12990  13510     870
14478    12991  25180     863
14479    12992  26284     863
14480    12993  10511     863
14481    12994  13514     845
14482    12995  6181     867
14483    12996  26772     885
14484    12997  6188     852
14485    12998  13519     798
14486    12999  13915     798
14487    13000  13520     852
14488    13001  13517     852
14489    13002  13912     852
14490    13003  13918     798
14491    13004  12107     837
14492    13005  13920     867
14493    13006  13526     852
14494    13007  13529     798
14495    13008  13924     852
14496    13009  14887     798
14497    13010  13527     798
14498    13011  13928     798
14499    13012  13929     852
14500    13013  14595     852
14501    13014  19093     814
14502    13015  8404     874
14503    13016  6239     880
14504    13017  12125     880
14505    13018  3550     874
14506    20289  16590     848
14507    24395  13536     887
14508    13021  12134     874
14509    13022  13537     880
14510    13023  6241     879
14511    13024  13933     874
14512    13025  10540     867
14513    13026  12141     802
14514    13027  6254     848
14515    13028  6255     848
14516    13029  26288     880
14517    13030  27693     880
14518    13031  13546     880
14519    13032  29248     871
14520    13033  27694     879
14521    13034  12151     857
14522    13035  26287     879
14523    13036  26290     879
14524    13037  26289     880
14525    13038  12154     880
14526    13039  3590     879
14527    13040  24321     880
14528    13041  14270     879
14529    13042  17604     814
14530    13043  9850     857
14531    13044  20246     874
14532    13045  2104     882
14533    13046  2045     880
14534    13047  12174     813
14535    13048  2331     836
14536    13049  18331     882
14537    13050  65084     822
14538    64944  10656     800
14539    13052  21530     882
14540    13053  20765     883
14541    13054  17806     883
14542    13055  10664     888
14543    13056  12197     802
14544    13057  10721     864
14545    13058  12201     864
14546    13059  13558     873
14547    13060  8569     874
14548    13061  10744     875
14549    13062  10734     874
14550    13063  13945     875
14551    13064  6402     775
14552    13065  8592     775
14553    13066  8653     191
14554    13067  10818     191
14555    13068  51363     744
14556    13069  8686     803
14557    13070  1016     750
14558    13071  10838     201
14559    13072  12268     421
14560    13073  12270     868
14561    13074  13562     787
14562    13075  40921     635
14563    13076  10882     787
14564    13077  10870     770
14565    13078  31189     788
14566    13079   906     422
14567    13080  1174     197
14568    13081  12293     776
14569    13082  12295     805
14570    13083  15048     817
14571    13084  14750     818
14572    13085  14279     818
14573    13086  12303     805
14574    13087  17233     788
14575    13088  16096     889
14576    13089  37755     822
14577    13090  6608     818
14578    13091  12313     818
14579    13092  22012     846
14580    13093  1596     855
14581    13094  35037     820
14582    13095  26550     818
14583    13096  10957     818
14584    13097  12312     846
14585    13098  8861     846
14586    13099  13960     818
14587    13100  1558     828
14588    13101  20834     828
14589    13102  12326     826
14590    13103  26027     867
14591    13104  13962     280
14592    13105  12330     280
14593    13106  12329     827
14594    13107  26600     839
14595    13108  1269     832
14596    13109  14749     832
14597    13110  1276     821
14598    13111  12365     817
14599    13112  14790     787
14600    13113  24049     794
14601    13114  13972     852
14602    13115  13596     798
14603    13116  13595     798
14604    13117  13594     852
14605    13118  13591     852
14606    13119  13590     798
14607    13120  12391     852
14608    13121  13601     798
14609    13122  13587     852
14610    13123  14287     798
14611    13124  12396     836
14612    13125  15078     836
14613    13126   258     259
14614    13127  15145     798
14615    13128  13608     799
14616    13129  13609     868
14617    13130  1827     852
14618    13131  12417     852
14619    13132  12413     798
14620    13133  11132     852
14621    13134  12415     798
14622    13135  12416     852
14623    13136  9198     798
14624    13137  11135     798
14625    13138  12419     852
14626    13139  16220     855
14627    13140  20604     820
14628    13141  39815     859
14629    13142  9199     852
14630    13143  12473     852
14631    13144  12461     798
14632    13145  6917     798
14633    13146  12471     798
14634    13147  9196     798
14635    13148  5489     852
14636    13149  12466     852
14637    13150  11225     798
14638    13151  12467     852
14639    13152  12470     798
14640    13153  34116     793
14641    13154  11228     852
14642    13155  11133     852
14643    13156  12472     798
14644    13157  11230     798
14645    13158  11232     852
14646    13159  5506     796
14647    13160  32804     805
14648    13161  16637     858
14649    13162  4719     842
14650    13163  11274     842
14651    13164  11268     798
14652    13165  11273     859
14653    13166  1691     860
14654    13167  12497     842
14655    16105  4581     827
14656    13169  7006     827
14657    13170  13980     827
14658    13171  13618     842
14659    13172  12506     870
14660    13173  11333     863
14661    13174  37747     870
14662    13175  13621     870
14663    13176  12509     863
14664    13177  9300     863
14665    13178  12513     863
14666    13179  13625     870
14667    13180  21578     863
14668    13181  13983     870
14669    13182  12516     862
14670    13183  5555     862
14671    13184  12523     862
14672    13185  9316     863
14673    13186  12525     863
14674    13187  13629     862
14675    13188  11318     862
14676    13189  9343     863
14677    13190  12544     863
14678    13191  16903     863
14679    13192  7048     863
14680    13193  11340     863
14681    13194  19510     845
14682    13195  12543     839
14683    13196  7050     870
14684    13197  12542     870
14685    13198  11337     870
14686    13199  12541     870
14687    13200  9344     870
14688    13201  11338     863
14689    13202  12534     863
14690    13203  12540     870
14691    13204  11336     870
14692    13205  12545     870
14693    13206  12533     863
14694    13207  13634     868
14695    13208  12563     867
14696    13209  12564     782
14697    13210  11372     868
14698    13211  12568     868
14699    13212  4854     870
14700    13213  12573     863
14701    13214  12575     870
14702    13215  9405     863
14703    13216  12578     870
14704    13217  13636     870
14705    13218  12579     839
14706    13219  7119     863
14707    13220  12582     863
14708    13221  11385     870
14709    13222  20273     863
14710    13223  12584     870
14711    13224  12586     820
14712    13225  12587     871
14713    13226  42192     871
14714    13227  10164     778
14715    13228  7823     436
14716    13229  12599     799
14717    13230  13999     827
14718    18681  19293     237
14719    13232  1965     874
14720    16064  16152     256
14721    13234  19121     796
14722    13235  11421     885
14723    13236  5015     875
14724    13237  11440     880
14725    13238  12608     890
14726    13239  12609     880
14727    13240  2297     890
14728    13241  13648     799
14729    13242  11463     880
14730    13243  12619     813
14731    13244  9548     883
14732    13245  2113     882
14733    13246  12637     884
14734    13247  12633     776
14735    13248  5058     883
14736    13249  22005     886
14737    13250  12644     776
14738    13251  2178     872
14739    13252  7362     824
14740    13253  22917     848
14741    34852  13649     821
14742    13255  13656     890
14743    16693  2283     890
14744    13257  15402     832
14745    13258  12663     893
14746    13259  11531     872
14747    13260  16668     818
14748    13261  26371     790
14749    13262  1094     817
14750    13263  13661     878
14751    13264  2270     890
14752    13265  9694     890
14753    13266  9695     893
14754    13267  14545     777
14755    13268  13665     851
14756    13269   163     163
14757    13270  2380     894
14758    13271  18355     787
14759    13272  22008      90
14760    13273  13664     851
14761    13274  12682     787
14762    13275  13673      71
14763    13276  14036     851
14764    13277  13672     787
14765    13278  18474     798
14766    13279  12689     851
14767    13280  12690     851
14768    13281  13681     850
14769    13282  13679     850
14770    13283  13677     850
14771    13284  5471     851
14772    13285  12698     850
14773    13286  3176     851
14774    13287  11586     850
14775    13288  12701     850
14776    13289  11593     851
14777    13290  11584     851
14778    13291  14048     850
14779    13292  11612     852
14780    13293  4820     852
14781    13294  11630     798
14782    13295  13697     882
14783    13296  12710     883
14784    13297  20254     883
14785    13298  1826     798
14786    13299  25113     818
14787    13300  12108     852
14788    13301  12715     852
14789    13302  12713     798
14790    13303  13705     863
14791    13304  1690     860
14792    13305  12724     860
14793    13306  11661     870
14794    13307  12734     814
14795    13308  14066     778
14796    13309  14076     778
14797    13310  14016     779
14798    13311  9965     793
14799    13312  14085     779
14800    13313  11700     806
14801    13314  15122     806
14802    13315  13724     836
14803    13316  12758     836
14804    13317  12756     787
14805    13318  16146     805
14806    13319  7686     806
14807    13320  13726     778
14808    13321  13722     836
14809    13322  19437     839
14810    13323  9980     806
14811    13324  11098     798
14812    13325  13735     778
14813    13326  14006     778
14814    13327  13711     779
14815    13328  14083     778
14816    13329  9987     795
14817    13330  11705     836
14818    13331  14090     779
14819    13332  14093     779
14820    13333  14026     778
14821    13334  14080     779
14822    13335  19004     624
14823    13336  14054     778
14824    13337  14155     779
14825    13338  14058     779
14826    13339  12782     788
14827    29133  12781     823
14828    13341  20265     820
14829    13342  14105     805
14830    13343  2778     796
14831    13344  12792     796
14832    13345  13752     805
14833    13346  14350     796
14834    13347  12804     758
14835    13348  11767     204
14836    13349  11760     758
14837    13350  12798     758
14838    13351  11761     759
14839    13352  12803     204
14840    13353  3929     204
14841    13354  48312     204
14842    13355  48311     758
14843    13356  12801     758
14844    13357  2421     206
14845    13358  12808     206
14846    14795  11772     796
14847    13360  15193     255
14848    13361  13768     796
14849    13362  16260     805
14850    13363  16634     805
14851    13364  16633     796
14852    13365  14373     805
14853    13366  12819     758
14854    13367  11793     204
14855    13368  49767     758
14856    13369  12831     369
14857    13370  7143     779
14858    13371  13785     433
14859    13372  14144     433
14860    13373  7476     777
14861    13374  10153     433
14862    13375  13788     777
14863    13376  9709     777
14864    13377  12843     777
14865    13378  12840     433
14866    13379  12844     433
14867    13380  14531     778
14868    13381  11842     871
14869    13382  14414     779
14870    13383  14418     779
14871    13384  10163     778
14872    13385  10165     436
14873    13386  14118     778
14874    13387  14407     779
14875    13388  14434     779
14876    13389  14390     778
14877    13390  14071     779
14878    13391  10192     315
14879    13392   957     790
14880    13393  11870     793
14881    15385  16077     807
14882    13395  14113     778
14883    13396  12866     805
14884    13397  7936     795
14885    13398  14003     778
14886    13399  14199     778
14887    13400  20802     832
14888    13401  22640     826
14889    13402  12872     795
14890    13403  13814     805
14891    13404  25185     825
14892    13405  13817     825
14893    13406  13818     825
14894    13407  13821     826
14895    13408  13832     826
14896    13409  13782     825
14897    13410  24345     814
14898    13411  13781     825
14899    13412  13830     825
14900    13413  14182     825
14901    13414  14183     825
14902    13415  11903     798
14903    13416  14135     826
14904    13417  13827     826
14905    13418  25184     826
14906    13419  13774     826
14907    13420  13769     826
14908    13421  13766     825
14909    13422  13764     826
14910    13423  13762     825
14911    13424  14121     826
14912    13425  14436     825
14913    13426  24070     835
14914    13427  14555     779
14915    13428  14202     832
14916    13429  20800     833
14917    13430  13839     833
14918    13431  14206     833
14919    13432  14352     832
14920    13433  2956     832
14921    13434  20785     832
14922    13435  20779     833
14923    13436  14443     833
14924    13437  14636     832
14925    13438  14344     778
14926    13439  14462     778
14927    13440  14345     779
14928    13441  14313     779
14929    13442  14040     779
14930    13443  14220     779
14931    13444  14042     778
14932    13445  14316     778
14933    13446  14223     778
14934    13447  14037     779
14935    13448  14308     778
14936    13449  12913     779
14937    13450  14425     778
14938    13451  14621     779
14939    13452  10337     884
14940    13453  10368     545
14941    13454  12930     818
14942    13455  11989     846
14943    13456  10384     846
14944    13457  14230     818
14945    13458  16638     819
14946    13459  22835     855
14947    13460  6114     834
14948    13461  18997     858
14949    13462  11297     863
14950    13463  12982     863
14951    13464  12952     819
14952    13465  20989     819
14953    13466  3271     858
14954    13467  12951     858
14955    13468  10436     819
14956    13469  13876     858
14957    13470  14587     863
14958    13471  14239     862
14959    13472  14256     862
14960    13473  12958     819
14961    13474  14889     858
14962    13475  10450     819
14963    13476  13882     858
14964    13477  42268     823
14965    13478  13881     863
14966    13479  10484     862
14967    13480  3350     863
14968    13481  12068     863
14969    13482  12054     808
14970    13483  12976     863
14971    13484  12968     870
14972    13485  12967     870
14973    13486  13890     863
14974    13487  13891     862
14975    13488  13888     862
14976    13489  12970     862
14977    13490  13893     863
14978    13491  12972     863
14979    13492  13886     863
14980    13493  12974     862
14981    13494  12975     862
14982    13495  8276     862
14983    13496  12977     863
14984    13497  12069     862
14985    13498  14255     862
14986    13499  12071     863
14987    13500  25174     862
14988    13501  14258     863
14989    13502  17800     862
14990    13503  12075     870
14991    13504  14261     852
14992    13505  13907     852
14993    13506  13908     852
14994    13507  13909     798
14995    13508  10499     865
14996    13509  12991     863
14997    13510  12093     870
14998    13511  12990     870
14999    13512  13910     798
15000    13513  12989     870
15001    13514  23036     845
15002    13515  13003     798
15003    13516  13911     852
15004    13517  12112     852
15005    13518  13001     852
15006    13519  8332     798
15007    13520  13916     852
15008    13521  13914     798
15009    13522  12998     798
15010    13523  10534     852
15011    13524  13005     867
15012    13525  17809     852
15013    13526  3432     852
15014    13527  12100     798
15015    13528  13007     798
15016    13529  12109     798
15017    13530  13925     798
15018    13531  13010     798
15019    13532  13000     852
15020    13533  13923     852
15021    13534  13921     798
15022    13535  14579     798
15023    21255  16592     887
15024    13537  10572     880
15025    13538  15138     874
15026    13539  13024     874
15027    13540  13932     879
15028    13541  13032     871
15029    13542  13934     879
15030    13543  12157     880
15031    13544  13038     880
15032    13545  24348     880
15033    13546  8430     880
15034    13547  24347     879
15035    13548  22608     880
15036    13549  10634     878
15037    13550  13048     836
15038    13551  2331     893
15039    13552  18340     882
15040    13553  63795     800
15041    13554  18339     883
15042    13555  20805     882
15043    13556  16641     882
15044    13557  10674     885
15045    13558  10722     873
15046    13559  10723     864
15047    13560  12212     874
15048    13561  13073     868
15049    13562   944     787
15050    13563  10886     788
15051    13564  14823     817
15052    13565  1039     808
15053    13566  12294     806
15054    13567  18341     818
15055    13568  14732     818
15056    13569  1081     815
15057    13570  15536     889
15058    13571  16779     788
15059    15609  12298     817
15060    31241  13094     820
15061    13574  20261     846
15062    13575  10946     846
15063    13576  22930     818
15064    13577  26966     846
15065    13578  12319     818
15066    13579  13099     818
15067    13580  13959     846
15068    13581  13100     828
15069    13582  13104     280
15070    13583  26028     852
15071    13584  26299     827
15072    13585  13963     798
15073    13586  32151     836
15074    13587  12389     852
15075    13588  14737     832
15076    13589  13122     852
15077    13590  6740     798
15078    13591  9006     852
15079    13592  14760     787
15080    13593  13118     852
15081    13594  11072     852
15082    13595  12392     798
15083    13596  9001     798
15084    13597  13970     852
15085    13598  13968     852
15086    13599  13966     798
15087    13600  13116     798
15088    13601  11067     798
15089    13602  13121     798
15090    13603  13117     852
15091    13604  13115     798
15092    13605  14508     852
15093    13606  14286     836
15094    13607  13977     798
15095    13608  16422     799
15096    13609  1827     868
15097    13610  13134     798
15098    13611  13140     820
15099    13612  18343     868
15100    13613  12486     796
15101    13614  13161     858
15102    13615  13166     860
15103    13616  15478     827
15104    13617  12495     842
15105    13618  11279     842
15106    13619  14289     827
15107    13620  11287     870
15108    13621  12511     870
15109    13622  13984     870
15110    13623  13982     863
15111    13624  13986     863
15112    13625  6210     870
15113    13626  13179     870
15114    13627  13175     870
15115    13628  14512     863
15116    13629  9318     862
15117    13630  11317     863
15118    13631  11299     863
15119    18097  16904     845
15120    13633  13195     839
15121    13634  13989     868
15122    13635  13209     782
15123    13636  9414     870
15124    13637  13217     870
15125    13638  11386     863
15126    13639  20808     863
15127    13640  20809     870
15128    13641  13224     820
15129    27696  8795     871
15130    13643  12593     778
15131    13644  12596     827
15132    17973  1215     236
15133    13646  15252     256
15134    13647  16708     796
15135    13648  2297     799
15136    13649  27831     821
15137    13650  13247     776
15138    19634  13249     886
15139    13652  13250     776
15140    13653  2178     886
15141    13654  19635     848
15142    13655  12647     842
15143    13656  2284     890
15144    13657  14901     832
15145    13658  15403     818
15146    13659  13261     790
15147    13660  14603     779
15148    13661  2270     878
15149    13662  14385     778
15150    13663  14471     778
15151    13664  12695     851
15152    13665  26301     851
15153    13666  14027     777
15154    13667  13273     851
15155    13668  14030     787
15156    13669  20267      90
15157    13670  14031     850
15158    13671  13274     787
15159    13672  14690     787
15160    13673    70      71
15161    13674  25187     851
15162    13675  14047     779
15163    13676  14224     779
15164    13677  11583     850
15165    13678  13283     850
15166    13679  26300     850
15167    13680  13282     850
15168    13681  5386     850
15169    13682  13281     850
15170    13683  9781     851
15171    13684  14045     851
15172    13685  13268     851
15173    13686  14044     778
15174    13687  14392     778
15175    13688  14219     778
15176    13689  14221     778
15177    13690  14163     779
15178    13691  14218     779
15179    13692  14038     850
15180    13693  14522     851
15181    13694  14324     779
15182    13695  14338     779
15183    13696  14343     779
15184    13697  6294     882
15185    13698  11617     883
15186    13699  20252     882
15187    13700  14326     778
15188    13701  18346     820
15189    13702  12714     798
15190    13703  14063     779
15191    13704  14060     778
15192    13705  12719     863
15193    13706  14052     779
15194    13707  14062     778
15195    13708  14094     778
15196    13709  14020     779
15197    13710  14091     778
15198    13711  7572     779
15199    13712  14064     779
15200    13713  14067     779
15201    13714  14010     778
15202    13715  14007     778
15203    13716  14065     778
15204    13717  14069     778
15205    13718  11698     536
15206    13719  14005     779
15207    13720  13325     778
15208    13721  13322     839
15209    13722  12762     836
15210    13723  13317     787
15211    13724  16147     836
15212    13725  13321     836
15213    13726  1307     778
15214    13727  13320     778
15215    13728  9797     779
15216    13729  12403     798
15217    13730  22630     837
15218    13731  11710     836
15219    13732  14087     778
15220    13733  14084     779
15221    13734  13327     779
15222    13735  12764     778
15223    13736  12766     837
15224    13737  14089     779
15225    13738  14092     779
15226    13739  14082     778
15227    13740  14081     779
15228    13741  14096     778
15229    13742  14079     779
15230    13743  13337     779
15231    13744  14098     779
15232    13745  14074     778
15233    13746  26560     823
15234    13747  14342     778
15235    13748  14409     778
15236    13749  14569     832
15237    13750  13342     805
15238    13751  14104     796
15239    13752  10045     805
15240    13753  13344     796
15241    13754  13345     805
15242    13755  17312     805
15243    13756  14457     833
15244    13757  14356     833
15245    13758  11765     758
15246    13759  14448     833
15247    13760  20810     833
15248    13761  14115     835
15249    13762  12889     825
15250    13763  13423     825
15251    13764  4252     826
15252    13765  13422     826
15253    13766  11912     825
15254    13767  14778     796
15255    13768  10076     796
15256    13769  8905     826
15257    13770  14127     805
15258    13771  13364     796
15259    13772  14130     796
15260    13773  13420     826
15261    13774  12884     826
15262    13775  11791     758
15263    13776  14136     826
15264    13777  14133     825
15265    13778  14137     825
15266    13779  14429     825
15267    13780  13412     825
15268    13781   824     825
15269    13782  12886     825
15270    13783  12841     433
15271    13784  14891     433
15272    13785  11835     433
15273    13786  14143     777
15274    13787  14164     779
15275    13788  11554     777
15276    13789  13375     777
15277    13790  13371     433
15278    13791  14380     778
15279    13792  14403     778
15280    13793  14378     779
15281    13794  14466     779
15282    13795  14528     778
15283    13796  14552     778
15284    13797  14535     779
15285    13798  14363     779
15286    13799  14382     779
15287    13800  14117     778
15288    13801  12855     778
15289    13802  14157     778
15290    13803  14114     779
15291    13804  14405     779
15292    13805  20813     832
15293    13806  14161     778
15294    13807  14112     778
15295    13808  14165     778
15296    13809  14331     779
15297    13810  14002     778
15298    13811  14167     778
15299    13812  13992     779
15300    13813  14440     826
15301    13814  11879     805
15302    13815  14422     795
15303    13816  13409     825
15304    13817  11914     825
15305    13818  12888     825
15306    13819  13407     826
15307    13820  13408     826
15308    13821  6655     826
15309    13822  13411     825
15310    13823  10987     826
15311    13824  14180     826
15312    13825  24353     826
15313    13826  14433     825
15314    13827  12882     826
15315    13828  13419     826
15316    13829  13406     825
15317    13830  12885     825
15318    13831  13421     825
15319    13832  12887     826
15320    13833  13405     825
15321    13834  13417     826
15322    13835  22641     825
15323    13836  14630     826
15324    13837  14197     833
15325    13838  14198     833
15326    13839  20815     833
15327    13840  13430     833
15328    13841  14533     779
15329    13842  14201     832
15330    13843  20812     833
15331    13844  12896     832
15332    13845  14204     832
15333    13846  14207     832
15334    13847  20814     832
15335    13848  20816     832
15336    13849  20817     833
15337    13850  20811     832
15338    13851  14458     832
15339    13852  14637     833
15340    13853  14447     779
15341    13854  14371     778
15342    13855  14196     778
15343    13856  14189     779
15344    13857  14188     779
15345    13858  14468     778
15346    13859  14428     779
15347    13860  14178     778
15348    13861  14420     779
15349    13862  14423     778
15350    13863  14474     778
15351    13864  14296     779
15352    13865  14602     778
15353    13866  20448     855
15354    13867  13457     818
15355    13868  8138     818
15356    13869  11995     818
15357    13870  15141     846
15358    13871  14229     819
15359    13872  17804     858
15360    13873  19134     819
15361    13874  14234     862
15362    13875  14235     862
15363    13876  12034     858
15364    13877  8217     819
15365    13878  14585     863
15366    13879  14233     863
15367    13880  19006     862
15368    13881  10485     863
15369    13882  12044     858
15370    13883  8214     819
15371    13884  13478     863
15372    13885  12072     862
15373    13886  9875     863
15374    13887  13492     863
15375    13888  12973     862
15376    13889  13488     862
15377    13890  3466     863
15378    13891  12070     862
15379    13892  13303     863
15380    13893  12971     863
15381    13894  13487     862
15382    13895  14250     852
15383    13896  14588     862
15384    13897  14252     863
15385    13898  14246     863
15386    13899  13498     862
15387    13900  13490     863
15388    13901  13500     862
15389    13902  14257     863
15390    13903  14254     862
15391    13904  14643     863
15392    13905  14886     852
15393    13906  14241     798
15394    13907  12111     852
15395    13908  13012     852
15396    13909  12114     798
15397    13910  13011     798
15398    13911  8336     852
15399    13912  13516     852
15400    13913  13512     798
15401    13914  10527     798
15402    13915  13521     798
15403    13916  10537     852
15404    13917  13506     852
15405    13918  9868     798
15406    13919  14596     798
15407    13920  12105     867
15408    13921  12999     798
15409    13922  13534     798
15410    13923  13002     852
15411    13924  12106     852
15412    13925  6192     798
15413    13926  13531     798
15414    13927  13533     852
15415    13928  13507     798
15416    13929  13505     852
15417    13930  14623     852
15418    13931  15142     880
15419    13932  12138     879
15420    13933  22620     874
15421    13934  10624     879
15422    13935  14267     880
15423    13936  14266     879
15424    13937  9834     883
15425    13938  18332     883
15426    13939  13050     822
15427    13940  17807     882
15428    13941  17315     882
15429    13942  17316     883
15430    13943  13055     888
15431    13944  13059     873
15432    13945  8591     875
15433    13946  20806     846
15434    13947  14838     817
15435    13948  11275     807
15436    13949  14728     818
15437    13950  14276     818
15438    13951  18334     846
15439    13952  24413     820
15440    13953  15191     889
15441    13954  15263     817
15442    13955  15537     788
15443    13956  16468     889
15444    13957  20262     818
15445    13958  22638     846
15446    13959  12322     846
15447    13960  14503     818
15448    13961  32152     859
15449    13962  21577     280
15450    13963  11073     798
15451    14727  1268     832
15452    14754  14283     787
15453    13966  12388     798
15454    13967  13599     798
15455    13968  13114     852
15456    13969  13598     852
15457    13970  12393     852
15458    13971  13119     798
15459    13972  13597     852
15460    13973  1332     836
15461    13974  14507     852
15462    13975  20269     798
15463    13976  15044     836
15464    13977  1364     798
15465    13978  13611     820
15466    13979  13619     827
15467    13980  12502     827
15468    13981  15144     842
15469    13982  12515     863
15470    13983  13622     870
15471    13984  21579     870
15472    13985  20819     863
15473    13986  13180     863
15474    13987  14291     870
15475    13988  13187     862
15476    13989  1826     868
15477    13990  14610     778
15478    13991  14419     779
15479    13992  10304     779
15480    13993  13812     779
15481    13994  20820     870
15482    13995  20264     863
15483    13996  13811     778
15484    13997  27695     797
15485    13998  14517     236
15486    13999  13644     827
15487    14000  14617     827
15488    14001  14962     256
15489    14002  8046     778
15490    14003  13810     778
15491    14004  16703     796
15492    14005  13312     779
15493    14006  13717     778
15494    14007  13308     778
15495    14008  13715     778
15496    14009  18353     886
15497    14010  13309     778
15498    14011  2179     886
15499    14012  18354     848
15500    25294  14303     821
15501    14014  13714     778
15502    14015  13713     779
15503    14016  13712     779
15504    14017  13657     832
15505    14018  13710     778
15506    14019  14903     818
15507    14020  13332     779
15508    14021  13659     790
15509    14022  14611     779
15510    14023  14426     778
15511    14024  14364     778
15512    14025  13708     778
15513    14026  13707     778
15514    14027   899     777
15515    14028  14327     779
15516    14029  14311     851
15517    14030   945     787
15518    14031  12693     850
15519    14032  13669      90
15520    14033  13670     850
15521    14034   946      70
15522    14035  13676     779
15523    14036  13674     851
15524    14037  13675     779
15525    14038  9785     850
15526    14039  13691     779
15527    14040  13690     779
15528    14041  13689     778
15529    14042  13688     778
15530    14043  14379     778
15531    14044  13446     778
15532    14045  13276     851
15533    14046  13686     778
15534    14047  14318     779
15535    14048  13692     850
15536    14049  24351     850
15537    14050  14461     779
15538    14051  13696     779
15539    14052  13334     779
15540    14053  13295     882
15541    14054  13704     778
15542    14055  14325     778
15543    14056  14329     778
15544    14057  14323     779
15545    14058  13703     779
15546    14059  13706     779
15547    14060  11717     778
15548    14061  13709     779
15549    14062  11716     778
15550    14063  11721     779
15551    14064  12774     779
15552    14065  9996     778
15553    14066  13716     778
15554    14067  13310     779
15555    14068  13719     779
15556    14069  12763     778
15557    14070  14333     779
15558    14071  13809     779
15559    14072  14330     778
15560    14073  14450     778
15561    14074  12775     778
15562    14075   947     625
15563    14076  13745     778
15564    14077  13725     836
15565    14078  13721     839
15566    14079  12772     779
15567    14080  13742     779
15568    14081  12770     779
15569    14082  12768     778
15570    14083  13739     778
15571    14084  4373     779
15572    14085  13733     779
15573    14086  13732     778
15574    14087  13326     778
15575    14088  13738     779
15576    14089  5414     779
15577    14090  13737     779
15578    14091  13328     778
15579    14092  13331     779
15580    14093  13740     779
15581    14094  13333     778
15582    14095  13741     778
15583    14096  13336     778
15584    14097  13744     779
15585    14098  13338     779
15586    14099  14341     778
15587    14100  14346     778
15588    14101  13746     823
15589    14102  14340     779
15590    14103  14348     832
15591    14104  11754     796
15592    14105  12793     805
15593    14106  14351     833
15594    14107  14347     833
15595    14108  14339     833
15596    14109  13755     805
15597    14110  14354     796
15598    14111  14353     832
15599    14112  12905     778
15600    14113  13807     778
15601    14114  11720     779
15602    14115  23327     835
15603    14116  13803     779
15604    14117  6021     778
15605    14118  13800     778
15606    14119  14362     779
15607    14120  14398     779
15608    14121  11915     826
15609    14122  14539     779
15610    14123  14551     779
15611    14124  14527     778
15612    14125  14530     778
15613    14126  14554     778
15614    14127  13365     805
15615    14128  13770     805
15616    14129  13361     796
15617    14130  12815     796
15618    14131  14542     805
15619    14132  14424     779
15620    14133  13414     825
15621    14134  13777     825
15622    14135  13776     826
15623    14136  10267     826
15624    14137  8000     825
15625    14138  14377     779
15626    14139  13787     779
15627    14140  13372     433
15628    14141  14846     433
15629    14142  14845     777
15630    14143  12675     777
15631    14144  13783     433
15632    14145  14393     779
15633    14146  14406     778
15634    14147  14399     778
15635    14148  14391     778
15636    14149  14544     779
15637    14150  14547     778
15638    14151  14384     778
15639    14152  14381     779
15640    14153  14401     779
15641    14154  14376     778
15642    14155  12773     779
15643    14156  13802     778
15644    14157  13386     778
15645    14158  14404     779
15646    14159  14408     779
15647    14160  14402     778
15648    14161  13399     778
15649    14162  13806     778
15650    14163  5665     779
15651    14164  13390     779
15652    14165  13395     778
15653    14166  11944     779
15654    14167  13398     778
15655    14168  14475     779
15656    14169  14416     778
15657    14170  13813     826
15658    14171  13815     795
15659    14172  13403     805
15660    14173  13418     826
15661    14174  14421     778
15662    14175  14473     778
15663    14176  14415     779
15664    14177  14472     779
15665    14178  12910     778
15666    14179  14435     779
15667    14180  11909     826
15668    14181  13824     826
15669    14182  13778     825
15670    14183  13826     825
15671    14184  13825     826
15672    14185  13416     826
15673    14186  14469     779
15674    14187  14430     778
15675    14188  12907     779
15676    14189  13443     779
15677    14190  13856     779
15678    14191  14628     826
15679    14192  14437     825
15680    14193  22627     825
15681    14194  22626     826
15682    14195  14560     825
15683    14196  12904     778
15684    14197  10290     833
15685    14198  13431     833
15686    14199  13855     778
15687    14200  14532     779
15688    14201  12899     832
15689    14202  13842     832
15690    14203  14445     779
15691    14204  13428     832
15692    14205  13845     832
15693    14206  13837     833
15694    14207  8029     832
15695    14208  14460     779
15696    14209  14571     833
15697    14210  14452     832
15698    14211  14444     832
15699    14212  14411     833
15700    14213  17814     832
15701    14214  14372     778
15702    14215  14370     778
15703    14216  14463     778
15704    14217  14337     779
15705    14218  13442     779
15706    14219  11940     778
15707    14220  13857     779
15708    14221  13444     778
15709    14222  14467     778
15710    14223  13860     778
15711    14224  13447     779
15712    14225  14470     778
15713    14226  14465     779
15714    14227  14464     778
15715    14228  15029     779
15716    14229  16223     819
15717    14230  10385     818
15718    14231  18093     855
15719    14232  17314     819
15720    14233  11634     863
15721    14234  6158     862
15722    14235  13471     862
15723    14236  13879     863
15724    14237  13469     858
15725    14238  13878     863
15726    14239  13874     862
15727    14240  13476     858
15728    14241  13009     798
15729    14242  13906     798
15730    14243  13504     852
15731    14244  14895     852
15732    14245  14646     863
15733    14246  13501     863
15734    14247  13898     863
15735    14248  14483     862
15736    14249  14648     862
15737    14250  14482     852
15738    14251  14589     863
15739    14252  19007     863
15740    14253  13875     862
15741    14254  12980     862
15742    14255  12978     862
15743    14256  13903     862
15744    14257  12979     863
15745    14258  13897     863
15746    14259  14650     862
15747    14260  14894     798
15748    14261  13895     852
15749    14262  14495     798
15750    14263  13525     852
15751    14264  14597     852
15752    14265  14642     798
15753    14266  13041     879
15754    14267  13548     880
15755    14268  13540     879
15756    14269  13935     880
15757    14270  13542     879
15758    14271  14599     880
15759    14272  17318     883
15760    14273  16923     882
15761    14274  20936     820
15762    14275  13574     846
15763    14276  1149     818
15764    14277  13949     818
15765    14278  18342     846
15766    14279  18333     818
15767    14280  13955     788
15768    14281  13580     846
15769    14282  13584     827
15770    14726  1268     787
15771    14284  13123     798
15772    14285  13974     852
15773    14286  13973     836
15774    14287  13585     798
15775    14288  20564     852
15776    14289  11285     827
15777    14290  13985     863
15778    14291  20818     870
15779    14292  14612     863
15780    14293  14608     778
15781    14294  14614     778
15782    14295  14605     779
15783    14296  13991     779
15784    14297  20274     870
15785    14298  13998     236
15786    14848  14516     256
15787    14300  13230     827
15788    14301  15253     796
15789    14302  14009     886
15790    14303  22947     821
15791    14304  14518     848
15792    14305  13652     776
15793    14306  14017     832
15794    14307  14019     818
15795    14308  14024     778
15796    14309  14023     778
15797    14310  14609     779
15798    14311  13693     851
15799    14312   432     432
15800    14313  14028     779
15801    14314  14032      90
15802    14315  13671     787
15803    14316  14043     778
15804    14317  14046     778
15805    14318  9994     779
15806    14319  13291     850
15807    14320  14029     851
15808    14321  14620     851
15809    14322  14050     779
15810    14323  9798     779
15811    14324  14057     779
15812    14325  13439     778
15813    14326  14055     778
15814    14327  13694     779
15815    14328  14056     778
15816    14329  13700     778
15817    14330  13808     778
15818    14331  14070     779
15819    14332  14072     778
15820    14333  5415     779
15821    14334  14073     778
15822    14335  14078     839
15823    14336  15034     779
15824    14337  13441     779
15825    14338  14217     779
15826    14339  12900     833
15827    14340  12902     779
15828    14341  10300     778
15829    14342  14099     778
15830    14343  13440     779
15831    14344  14100     778
15832    14345  14102     779
15833    14346  13747     778
15834    14347  13757     833
15835    14348  11934     832
15836    14349  14107     833
15837    14350  13751     796
15838    14351  13436     833
15839    14352  13846     832
15840    14353  13432     832
15841    14354  13346     796
15842    14355  14111     832
15843    14356  14106     833
15844    14357  14549     778
15845    14358  14529     778
15846    14359  14541     778
15847    14360  14537     778
15848    14361  14540     778
15849    14362  13382     779
15850    14363  14119     779
15851    14364  13662     778
15852    14365  14120     779
15853    14366  14548     779
15854    14367  14534     779
15855    14368  14538     779
15856    14369  14525     779
15857    14370  12903     778
15858    14371  14215     778
15859    14372  13438     778
15860    14373  14131     805
15861    14374  13772     796
15862    14375  14132     779
15863    14376  12908     778
15864    14377  13388     779
15865    14378  14138     779
15866    14379  13687     778
15867    14380  14154     778
15868    14381  13387     779
15869    14382  14152     779
15870    14383  14141     433
15871    14384  12912     778
15872    14385  14151     778
15873    14386  14546     778
15874    14387  14543     779
15875    14388  14145     779
15876    14389  14146     778
15877    14390  14147     778
15878    14391  11941     778
15879    14392  14148     778
15880    14393  13793     779
15881    14394  14556     779
15882    14395  14553     778
15883    14396  14557     778
15884    14397  14550     779
15885    14398  13798     779
15886    14399  13791     778
15887    14400  14153     779
15888    14401  13799     779
15889    14402  13389     778
15890    14403  14160     778
15891    14404  2986     779
15892    14405  14158     779
15893    14406  13792     778
15894    14407  14159     779
15895    14408  13804     779
15896    14409  14214     778
15897    14410  14559     832
15898    14411  13756     833
15899    14412  14558     825
15900    14413  12890     826
15901    14414  14177     779
15902    14415  8048     779
15903    14416  13863     778
15904    14417  14169     778
15905    14418  14168     779
15906    14419  12914     779
15907    14420  14176     779
15908    14421  11945     778
15909    14422  11885     795
15910    14423  14174     778
15911    14424  13794     779
15912    14425  14175     778
15913    14426  13663     778
15914    14427  22643     826
15915    14428  14179     779
15916    14429  13413     825
15917    14430  13858     778
15918    14431  14187     778
15919    14432  13779     825
15920    14433  24352     825
15921    14434  14186     779
15922    14435  12909     779
15923    14436  14193     825
15924    14437  11916     825
15925    14438  14192     825
15926    14439  14626     826
15927    14440  13401     826
15928    14441  22642     825
15929    14442  22636     826
15930    14443  14212     833
15931    14444  13851     832
15932    14445  11942     779
15933    14446  14200     779
15934    14447  14203     779
15935    14448  12897     833
15936    14449  13838     833
15937    14450  13748     778
15938    14451  14211     832
15939    14452  12895     832
15940    14453  14568     833
15941    14454  14566     833
15942    14455  14208     779
15943    14456  14565     832
15944    14457  14108     833
15945    14458  14210     832
15946    14459  17810     833
15947    14460  13853     779
15948    14461  13695     779
15949    14462  14216     778
15950    14463  13854     778
15951    14464  13450     778
15952    14465  13383     779
15953    14466  14226     779
15954    14467  13445     778
15955    14468  14222     778
15956    14469  13859     779
15957    14470  13448     778
15958    14471  14225     778
15959    14472  13861     779
15960    14473  13862     778
15961    14474  14227     778
15962    14475  13864     779
15963    14476  15032     778
15964    14477  16224     855
15965    14478  13870     846
15966    14479  19013     862
15967    14480  17812     863
15968    14481  14649     863
15969    14482  13013     852
15970    14483  12073     862
15971    14484  14584     862
15972    14485  14583     863
15973    14486  17813     862
15974    14487  14242     798
15975    14488  14586     863
15976    14489  13896     862
15977    14490  13472     862
15978    14491  14647     862
15979    14492  14665     863
15980    14493  14594     798
15981    14494  14581     852
15982    14495  12110     798
15983    14496  14580     852
15984    14497  14578     798
15985    14498  14667     852
15986    14499  13936     879
15987    14500  16642     883
15988    14501  14278     846
15989    14502  14274     820
15990    14503  8859     818
15991    14504  14606     779
15992    14505  14615     779
15993    14506  14601     778
15994    14507  13605     852
15995    14508  20270     852
15996    14509  14607     778
15997    14510  13981     842
15998    14511  14613     778
15999    14512  14292     863
16000    14513  13987     870
16001    14514  14600     779
16002    14515  14576     778
16003    14516  14616     256
16004    14517  13645     236
16005    14518  1516     848
16006    14519  14618     821
16007    14520  14307     818
16008    14521  14310     779
16009    14522  14321     851
16010    14523  14619     850
16011    14524  14657     779
16012    14525  13427     779
16013    14526  14361     778
16014    14527  14360     778
16015    14528  14359     778
16016    14529  10306     778
16017    14530  14358     778
16018    14531  14357     778
16019    14532  13841     779
16020    14533  14369     779
16021    14534  14122     779
16022    14535  14367     779
16023    14536  14366     779
16024    14537  13796     778
16025    14538  11946     779
16026    14539  14368     779
16027    14540  14124     778
16028    14541  14125     778
16029    14542  9941     805
16030    14543  12893     779
16031    14544  14387     779
16032    14545  13666     777
16033    14546  13380     778
16034    14547  14386     778
16035    14548  14123     779
16036    14549  14126     778
16037    14550  13797     779
16038    14551  14397     779
16039    14552  14396     778
16040    14553  13795     778
16041    14554  14395     778
16042    14555  14394     779
16043    14556  14149     779
16044    14557  14150     778
16045    14558  13425     825
16046    14559  13437     832
16047    14560  14412     825
16048    14561  14627     826
16049    14562  14439     826
16050    14563  14442     826
16051    14564  14629     825
16052    14565  13749     832
16053    14566  14209     833
16054    14567  14454     833
16055    14568  13852     833
16056    14569  14103     832
16057    14570  14635     832
16058    14571  14453     833
16059    14572  14634     833
16060    14573  17816     832
16061    14574  14668     778
16062    15128  4372     779
16063    14576  13990     778
16064    14577  14622     852
16065    14578  13919     798
16066    14579  14497     798
16067    14580  14264     852
16068    14581  13930     852
16069    14582  14663     863
16070    14583  13470     863
16071    14584  14248     862
16072    14585  14485     863
16073    14586  14251     863
16074    14587  14488     863
16075    14588  14484     862
16076    14589  14480     863
16077    14590  14664     862
16078    14591  14651     862
16079    14592  14645     863
16080    14593  14662     862
16081    14594  13535     798
16082    14595  14496     852
16083    14596  14262     798
16084    14597  14494     852
16085    14598  14653     798
16086    14599  6262     880
16087    14600  13660     779
16088    14601  14294     778
16089    14602  14506     778
16090    14603  14505     779
16091    14604  14502     820
16092    14605  14504     779
16093    14606  13451     779
16094    14607  12915     778
16095    14608  14509     778
16096    14609  14022     779
16097    14610  14511     778
16098    14611  14514     779
16099    14612  7018     863
16100    14613  14293     778
16101    14614  14515     778
16102    14615  14295     779
16103    14616  14777     256
16104    14617  14300     827
16105    18393  1516     821
16106    14619  14049     850
16107    14620  11596     851
16108    14621  14524     779
16109    14622  14498     852
16110    14623  14577     852
16111    14624  15074     779
16112    14625  14656     778
16113    14626  14191     826
16114    14627  13836     826
16115    14628  14561     826
16116    14629  14195     825
16117    14630  14563     826
16118    14631  22644     826
16119    14632  15033     778
16120    14633  17811     832
16121    14634  17815     833
16122    14635  14456     832
16123    14636  14570     832
16124    14637  14572     833
16125    14638  14410     832
16126    14639  17822     833
16127    14640  15031     779
16128    14641  15077     778
16129    14642  14493     798
16130    14643  14582     863
16131    14644  14661     862
16132    14645  13904     863
16133    14646  14592     863
16134    14647  14590     862
16135    14648  14489     862
16136    14649  14245     863
16137    14650  14591     862
16138    14651  14491     862
16139    14652  14670     863
16140    14653  14265     798
16141    14654  14819     852
16142    14655  14523     850
16143    14656  13865     778
16144    14657  14336     779
16145    14658  22637     825
16146    14659  17817     833
16147    14660  15072     778
16148    14661  14259     862
16149    14662  14644     862
16150    14663  14492     863
16151    14664  13502     862
16152    14665  14652     863
16153    14666  14669     862
16154    14667  14654     852
16155    14668  14625     778
16156    14669  14593     862
16157    14670  12074     863
16158    14671  14666     862
16159    14672  7561     832
16160    14673  7558     818
16161    14683  14684     787
16162    14684  13277     787
16163    14688  2954     832
16164    14689  1104     818
16165    14690  1104     787
16166    14693  6711     787
16167    14694  14277     818
16168    14696  14703     818
16169    14697  14704     832
16170    14703  14705     818
16171    14704  14706     832
16172    14705  14707     818
16173    14706  14708     832
16174    14707  1267     818
16175    14708  1267     832
16176    14713  11580     787
16177    14724  14283     787
16178    14725  13964     832
16179    14726  14724     787
16180    14727  14725     832
16181    14728  13568     818
16182    14732  13084     818
16183    14737  13964     832
16184    14749  13588     832
16185    14750  12308     818
16186    14754  13965     787
16187    14757  11580     787
16188    14760  13965     787
16189    14771  10943     818
16190    14775  13360     255
16191    14776  13767     796
16192    14777   255     256
16193    14778  13359     796
16194    14779  14783     832
16195    14780  14771     818
16196    14781  14775     255
16197    14783  13109     832
16198    14786  14781     255
16199    14790  13592     787
16200    14795  13359     796
16201    14802  9786     787
16202    14812  12810     796
16203    14812  14806     796
16204    14818  14598     798
16205    14819  12115     852
16206    14821  13606     836
16207    14823  13947     817
16208    14824  14857     832
16209    14825  8845     818
16210    14833  14825     818
16211    14837  1090     788
16212    14838  1090     817
16213    14845  13267     777
16214    14846  13784     433
16215    14848  14299     256
16216    14850  13953     889
16217    14851  14280     788
16218    14857  12355     832
16219    14868  14873     432
16220    14869  14874     777
16221    15291   899     432
16222    15290   899     777
16223    14882  14931     858
16224    14883  14935     819
16225    14885  4825     421
16226    14886  14243     852
16227    14887  14260     798
16228    14889  12042     858
16229    14890  12956     819
16230    14891  14140     433
16231    14892  14142     777
16232    14894  13530     798
16233    14895  13905     852
16234    14913  11772     796
16235    14901  13257     832
16236    14902  7557     787
16237    14903  13658     818
16238    14906  5162     889
16239    14913  14900     796
16240    14922  13112     787
16241    14931  13474     858
16242    14932  14883     819
16243    14935  8227     819
16244    14936  14882     858
16245    14941  1641     858
16246    14942  1641     819
16247    14944  14941     858
16248    14945  14942     819
16249    14946  14944     858
16250    14947  14945     819
16251    14962  14299     256
16252    15023  12873     805
16253    15024  5952     836
16254    15025  10447     819
16255    15026  12955     858
16256    15027  10224     805
16257    15028  11886     836
16258    15029  15073     779
16259    15030  14476     778
16260    15031  14228     779
16261    15032  14632     778
16262    15033  14574     778
16263    15034  14640     779
16264    15035  15075     778
16265    15036  15076     779
16266    15037   805     806
16267    15038   805     805
16268    15044  14821     836
16269    15048  13564     817
16270    16166  15095     852
16271    16165  15096     798
16272    15070  13313     806
16273    15072  15030     778
16274    15073  14624     779
16275    15074  15036     779
16276    15075  14660     778
16277    15076  14575     779
16278    15077  15035     778
16279    15078  13976     836
16280    15095  15107     852
16281    15096  15108     798
16282    15107  15112     852
16283    15108  15113     798
16284    15112  12115     852
16285    15113  10538     798
16286    15120  10224     805
16287    15121  7908     836
16288    15122  12753     806
16289    15128  15132     779
16290    15129  15133     778
16291    15132  14575     779
16292    15133  14641     778
16293    15137  13931     880
16294    15138  10600     874
16295    15139  12041     819
16296    15140  6126     858
16297    15141  12935     846
16298    15142  13022     880
16299    15143  13538     874
16300    15144  13171     842
16301    15145  13607     798
16302    15146  14077     836
16303    15147  14335     839
16304    15148  7756     796
16305    15150  10069     796
16306    15159  8845     818
16307    15159  15158     818
16308    15160  15260     832
16309    15163  12368     787
16310    15191  13570     889
16311    15193  12805     255
16312    15201  4376     836
16313    15202  8045     798
16314    15203  10308     839
16315    15204  6048     810
16316    15205  8094     842
16317    15208  8093     810
16318    15209  3057     842
16319    15210  16284     266
16320    15211  15466     837
16321    15212  9602     885
16322    15213  2990     836
16323    15214  6023     798
16324    15216  4131     805
16325    15217  17209     868
16326    15218  7095     868
16327    15219  12953     858
16328    15220  3270     819
16329    15221  15281     839
16330    15222  15282     863
16331    15228  13786     777
16332    15231  14874     777
16333    15232  14873     432
16334    15233  11699     779
16335    15252  15308     256
16336    15253  5785     796
16337    15260  11037     832
16338    15263  13083     817
16339    15269  1398     810
16340    15270  1398     842
16341    15271  1060     799
16342    15272  15210     266
16343    15273  15212     885
16344    15274  15319     837
16345    15275  15321     885
16346    15281  16274     839
16347    15282  16275     863
16348    15290  15231     777
16349    15291  15232     432
16350    15308  14001     256
16351    15319  2164     837
16352    15320  15272     266
16353    15321  15335     885
16354    15322  15273     885
16355    15335  15345     885
16356    15345  15351     885
16357    15351  2164     885
16358    15356  13163     842
16359    15357  13615     860
16360    15359  13616     827
16361    15362  1779     866
16362    15363  4786     852
16363    15364  3396     866
16364    15365  7060     852
16365    15367  3725     885
16366    15368  12189     882
16367    15370  2832     820
16368    15371  7969     797
16369    15373  1034     807
16370    15374  15375     799
16371    15375  15376     799
16372    15376  1034     799
16373    15380  1034     807
16374    15379  15381     814
16375    15380  15378     807
16376    15381  2777     814
16377    15385  13394     807
16378    19174  12825     814
16379    15388  10689     882
16380    15389  9815     885
16381    15395  15492     836
16382    15396  15493     805
16383    15401  5393     787
16384    15402  12665     832
16385    15403  13260     818
16386    15406  12398     836
16387    15441  15521     421
16388    15442  15522     779
16389    15459  13088     889
16390    15464  14004     796
16391    15466  15274     837
16392    15472  15547     266
16393    15473  15548     837
16394    15478  5472     827
16395    15492  5952     836
16396    15493  7939     805
16397    15500  15406     836
16398    15501  20893     868
16399    15521   920     421
16400    15522   920     779
16401    15531  2055     880
16402    15532  2055     874
16403    15536  15459     889
16404    15537  13571     788
16405    15547  15590     266
16406    15548  15591     837
16407    15579  15531     880
16408    15580  15532     874
16409    15582  13954     817
16410    15590  1349     266
16411    15591  1349     837
16412    15602  15622     827
16413    15603  15623     842
16414    15609  13572     817
16415    15622  11285     827
16416    15623  9285     842
16417    15626  21318     407
16418    15627  12209     885
16419    15628  3818     890
16420    15633  6364     885
16421    15634  10740     890
16422    15640  13006     852
16423    15652  6023     798
16424    15653  8052     836
16425    15654  9968     779
16426    15655  13072     421
16427    15656  13561     868
16428    15664  15861     818
16429    15665  15862     846
16430    15666  17581     833
16431    15685  9816     836
16432    15686  8517     882
16433    15687  10688     885
16434    15690  16204     814
16435    15691  12228     799
16436    15703  1133     820
16437    15704  1133     797
16438    15757  11771     255
16439    15762  3200     839
16440    15766  1833     868
16441    15767  1833     421
16442    15788  2283     866
16443    15789  2283     890
16444    15790  12656     852
16445    15861  10385     818
16446    15862  8145     846
16447    15926  5472     827
16448    15937  15981     885
16449    15938  15982     890
16450    15981  6364     885
16451    15982  8581     890
16452    16014  16656     890
16453    16015  16126     885
16454    16016  10383     846
16455    16017  9947     818
16456    16018  8618     893
16457    16019  10753     890
16458    16020  3729     848
16459    16021  3862     893
16460    16022  8608     890
16461    16025  16363     860
16462    16031  26583     842
16463    16032  26584     810
16464    16041  16183     832
16465    16042  4179     818
16466    16047  11053     787
16467    16059  4826     868
16468    16062  13255     890
16469    16064  13233     256
16470    16066  17143     788
16471    16074  12879     817
16472    16075  11901     889
16473    16076  1073     814
16474    16077  1073     807
16475    16083  1691     842
16476    16084  1691     860
16477    16085  11727     823
16478    16096  13956     889
16479    16105  13168     827
16480    16106  12496     860
16481    16108  15685     836
16482    16125  16014     890
16483    16126  8574     885
16484    16127  3715     807
16485    16135  16031     842
16486    16136  16032     810
16487    16146  16187     805
16488    16147  16188     836
16489    16148  12752     806
16490    16152  13646     256
16491    16157  16074     817
16492    16158  16075     889
16493    16165  15050     798
16494    16166  15049     852
16495    16180  16135     842
16496    16181  16136     810
16497    16183  8961     832
16498    16184  16042     818
16499    16187  1331     805
16500    16188  1331     836
16501    16194  9674     807
16502    16197  16127     807
16503    16200  16180     842
16504    16201  16181     810
16505    16204  10778     814
16506    16205  15690     814
16507    16206  15691     799
16508    16208  16200     842
16509    16209  16201     810
16510    16212   980     795
16511    16213  5379     242
16512    16216   931     664
16513    16217  12272     785
16514    16218  6971     819
16515    16219  1642     858
16516    16220  16377     855
16517    16222  13614     858
16518    16223  1587     819
16519    16224  16378     855
16520    16225  12188     867
16521    16226  6310     820
16522    16228  4128     242
16523    16229  2699     795
16524    23140  8220     275
16525    16239  23139     782
16526    16242  23538     407
16527    16243  11764     795
16528    16244  11812     805
16529    16246  16794     868
16530    16247  10211     242
16531    16248  7912     795
16532    16252  9817     820
16533    16253  10684     867
16534    16254  10871     785
16535    16255   664     665
16536    16257  21123     407
16537    16260  11781     805
16538    16270  1060     810
16539    16272  16523     860
16540    16274  1750     839
16541    16275  1750     863
16542    16276  16426     795
16543    16277  16427     805
16544    16282  12403     798
16545    16283  15211     837
16546    16284  7345     266
16547    16285  10689     882
16548    16286  8519     885
16549    22116  16462     807
16550    16363  9877     860
16551    16365  13572     817
16552    16494  18381     785
16553    16493  18382     664
16554    16375  16374     664
16555    16376  16373     785
16556    16377  1642     855
16557    16378  1587     855
16558    16383  16478     805
16559    16390  16238     275
16560    21790  16239     782
16561    16399  12865     805
16562    16421  1399     842
16563    16422  1399     799
16564    16426  11885     795
16565    16427  10222     805
16566    16436  16525     779
16567    16437  5826     406
16568    16438  16526     778
16569    16462  16535     807
16570    16468  12305     889
16571    16476  16540     241
16572    16477  16541     795
16573    16478  4130     805
16574    16481  16390     275
16575    16482  16391     782
16576    16493  16375     664
16577    16494  16376     785
16578    16523  12498     860
16579    16525  16553     779
16580    16526  16554     778
16581    16535  16658     807
16582    16540   980     241
16583    16541  16871     795
16584    16553  16562     779
16585    16554  16563     778
16586    16562  4372     779
16587    16563  8047     778
16588    16577  4438     840
16589    16578  4517     800
16590    16579  13278     798
16591    16580  16579     798
16592    16581  9186     800
16593    16583  1879     793
16594    16584  8764     411
16595    16585  10895     870
16596    16586  16892     840
16597    16587  1374     800
16598    16588  2208     887
16599    16589  3749     848
16600    16590  20285     848
16601    16591  21079     871
16602    16592  16595     887
16603    16593  18518     871
16604    16594  18386     848
16605    16595  18387     887
16606    16599  1456     845
16607    16600  16602     839
16608    16602  1456     839
16609    16603  1456     845
16610    16604  3369     863
16611    16605  1749     845
16612    16901  2207     887
16613    16609  2174     885
16614    16610  8517     882
16615    16611  16613     836
16616    16612  16108     836
16617    16624  16906     836
16618    16616  16612     836
16619    19024  9550     882
16620    16618  19023     885
16621    16619  16617     882
16622    16620  16618     885
16623    16621  16619     882
16624    16623  16620     885
16625    16624  16613     836
16626    16626  16908     832
16627    16627  10057     795
16628    16628  10178     805
16629    16632  13207     868
16630    16633  11773     796
16631    16634  12814     805
16632    16637  12490     858
16633    16638  13871     819
16634    16639  16918     882
16635    16640  16922     883
16636    16641  14273     882
16637    16642  13942     883
16638    16656  2289     890
16639    16657  16015     885
16640    16658  16659     807
16641    16659  2289     807
16642    16660  16662     890
16643    16661  16663     885
16644    16662  16664     890
16645    17161  2160     885
16646    16664  2289     890
16647    16666  4312     787
16648    16667  11533     832
16649    16668  12664     818
16650    16673  22126     866
16651    16674  22127     852
16652    16678  16085     823
16653    16679  11701     797
16654    16680  13701     820
16655    16681  14101     823
16656    16687  16946     836
16657    16688  16947     798
16658    16689  16948     779
16659    16690  23578     797
16660    16691  23579     820
16661    16692  10070     255
16662    16693  13256     890
16663    16694  12657     866
16664    16702  3440     868
16665    16703  13647     796
16666    16708  13234     796
16667    16716  2181     821
16668    16735  1623     856
16669    16736  17419     266
16670    16764  16981     839
16671    16765  1565     852
16672    16766  10008     852
16673    16779  16066     788
16674    16791  1031     805
16675    16794  12553     868
16676    16815  17118     860
16677    16833  17575     276
16678    16861  9603     837
16679    16864  17039     817
16680    16865  18218     889
16681    16871   980     795
16682    16891  16587     800
16683    16892  3043     840
16684    16896  16588     887
16685    16897  16593     871
16686    16898  16897     871
16687    16900  16608     887
16688    16901  16900     887
16689    16903  17061     863
16690    16904  17062     845
16691    16906  2174     836
16692    16908  1606     832
16693    16910  16911     856
16694    16911  16913     856
16695    16913  1606     856
16696    16914  1606     832
16697    16917  16640     883
16698    16918  10658     882
16699    16922  14500     883
16700    16923  16639     882
16701    16932  16197     807
16702    16939  16673     866
16703    16940  16674     852
16704    16941  16679     797
16705    16946  17081     836
16706    16947  17082     798
16707    16948  7678     779
16708    23042  16690     797
16709    23041  16691     820
16710    16981  3200     839
16711    17008  8608     890
16712    17009  10758     893
16713    17016  21733     276
16714    17039  10933     817
16715    17200  12305     889
16716    17043  19081     805
16717    17044  22755     241
16718    17045  17043     805
16719    17046  17044     241
16720    17053  17204     805
16721    17054  17205     796
16722    17153  1749     863
16723    17152  1749     845
16724    17071  16939     866
16725    17072  16940     852
16726    17073  16680     820
16727    17074  16681     823
16728    17075  17074     823
16729    17080  7711     852
16730    17081  1312     836
16731    17082  1312     798
16732    17084  16951     797
16733    17085  16952     820
16734    17089  2180     886
16735    17090  2180     848
16736    17118  7626     860
16737    17124  20483     276
16738    17143  13087     788
16739    17152  17062     845
16740    17153  17061     863
16741    17156   882     883
16742    17157   882     882
16743    17160  16932     807
16744    17161  16663     885
16745    17164  17071     866
16746    17165  17072     852
16747    17170  4203     820
16748    17177  17084     797
16749    17178  17085     820
16750    17182  16765     852
16751    17190  11810     242
16752    17191  17124     276
16753    17200  17040     889
16754    17204  17224     805
16755    17205  17225     796
16756    17207  17156     883
16757    17208  17157     882
16758    17209  19035     868
16759    17213  17177     797
16760    17214  17178     820
16761    17223  19217     788
16762    17224  9941     805
16763    17225  7920     796
16764    17227  17207     883
16765    17228  17208     882
16766    17233  17223     788
16767    17235  17227     883
16768    17236  17228     882
16769    17239  12036     856
16770    17240  17462     856
16771    17241  30450     277
16772    17243  1907     860
16773    17244  1908     871
16774    17245  17243     860
16775    17246  17244     871
16776    31263  17248     804
16777    25768  17251     804
16778    17249  6225     860
16779    17250  8374     871
16780    17251  17252     804
16781    17252  17253     804
16782    17253  17257     804
16783    17254  22775     871
16784    17255  23404     860
16785    27819  17260     804
16786    17257  17277     804
16787    17282  1908     871
16788    17280  1681     860
16789    17271  1681     804
16790    17262  22773     804
16791    19228  17262     804
16792    17265  17540     804
16793    17266  20925     860
16794    19234  17258     871
16795    17268  17265     804
16796    17269  17266     860
16797    17270  17915     871
16798    17271  17268     804
16799    17272  17269     860
16800    17300  1907     871
16801    17299  1907     860
16802    17277  1908     804
16803    17278  26333     860
16804    17279  17273     871
16805    17280  17272     860
16806    17281  17270     871
16807    17282  17281     871
16808    17285  21639     860
16809    17286  17279     871
16810    17292  17285     860
16811    17293  17286     871
16812    17297  17292     860
16813    17298  17293     871
16814    17299  17297     860
16815    17300  17298     871
16816    17304  1581     854
16817    17305  19452     817
16818    17306  5915     787
16819    17307    91      91
16820    17309  3717     867
16821    17311  14110     796
16822    17312  7949     805
16823    17313  13872     858
16824    17314  13458     819
16825    17315  13556     882
16826    17316  14272     883
16827    17318  13054     883
16828    17319  13941     882
16829    17337  1567     798
16830    17338  1567     852
16831    17353  10778     814
16832    17354  8633     799
16833    17380  1878     870
16834    17381  1878     411
16835    17414  17523     890
16836    17415  17524     885
16837    17419  7345     266
16838    17425  17992     855
16839    17426  17993     832
16840    17429  3729     848
16841    17430  8521     886
16842    17433  16246     868
16843    17435  1835     778
16844    17436  17531     868
16845    17462  17538     856
16846    17466  17306     787
16847    17467  17307      91
16848    17512  12667     790
16849    17518  10876     665
16850    17519  11515     890
16851    17523  17566     890
16852    17524  17567     885
16853    17531  3440     868
16854    17538  17574     856
16855    17540  17264     804
16856    17557  4858     870
16857    17566  17587     890
16858    17567  17588     885
16859    17574  1626     856
16860    17575  18455     276
16861    17581  2961     833
16862    17587  18010     890
16863    17588  18011     885
16864    17598  18145     867
16865    17599  30153     418
16866    17600  18146     417
16867    17602  1964     874
16868    17603  9539     880
16869    17604  19060     814
16870    17605  17633     850
16871    17606  17627     851
16872    17709   850     851
16873    18117  18014     850
16874    17609  17645     851
16875    17610  17662     850
16876    17611  17643     850
16877    17612  17657     851
16878    17613  17631     851
16879    17614  17644     850
16880    17615  17635     850
16881    17616  17630     851
16882    17617  17636     851
16883    17618  17634     850
16884    17619  17639     850
16885    17620  17648     850
16886    17621  17629     851
16887    17622  17659     851
16888    17623  17626     851
16889    17624  17656     850
16890    17625  17708     850
16891    17626  17613     851
16892    17627  17623     851
16893    17628  17641     851
16894    17629  17609     851
16895    17630  17617     851
16896    17631  17621     851
16897    17632  17642     850
16898    17633  17619     850
16899    17634  17611     850
16900    17635  17618     850
16901    17636  17606     851
16902    17637  17647     850
16903    17638  17653     850
16904    17639  17615     850
16905    17640  17650     851
16906    17641  17622     851
16907    17642  17620     850
16908    17643  17625     850
16909    17644  17632     850
16910    17645  17628     851
16911    17646  17652     850
16912    17647  17605     850
16913    17648  17637     850
16914    17649  17661     851
16915    17650  17616     851
16916    17651  17608     850
16917    17652  17614     850
16918    17653  17646     850
16919    17654  17664     851
16920    17655  17658     850
16921    17656  17651     850
16922    17657  17640     851
16923    17658  17638     850
16924    17659  17654     851
16925    17660  17663     851
16926    17661  17660     851
16927    17662  17655     850
16928    17663  17607     851
16929    17664  17649     851
16930    57769  17725     822
16931    17708  17624     850
16932    17709  17718     851
16933    17710  17719     850
16934    17718  17729     851
16935    17719  17730     850
16936    45399  17753     822
16937    17729  17736     851
16938    17730  17737     850
16939    17736  17607     851
16940    17737  17610     850
16941    36130  18119     822
16942    34720  18022     791
16943    17770  37330     882
16944    17771  2034     879
16945    17772  48648     829
16946    34862  18024     829
16947    42918  17772     829
16948    17775  8381     872
16949    17776  17777     776
16950    17777  6230     776
16951    17778  17775     872
16952    17783  11183     848
16953    17788  10177     805
16954    17789  11809     242
16955    17790  18033     827
16956    17791  18034     823
16957    30118  5707     852
16958    17793  1517     776
16959    17794  3522     872
16960    17795  1517     848
16961    17796  20601     851
16962    17797  21342     850
16963    17800  14486     862
16964    17801  14481     863
16965    17803  14232     819
16966    17804  11265     858
16967    17805  9986     837
16968    17806  13938     883
16969    17807  12180     882
16970    25196  18041     418
16971    17809  12098     852
16972    17810  14659     833
16973    17811  14213     832
16974    17812  12981     863
16975    17813  14249     862
16976    17814  14638     832
16977    17815  14459     833
16978    17816  14633     832
16979    17817  14639     833
16980    17818  17820     833
16981    17819  17823     832
16982    17820  8030     833
16983    17821  17819     832
16984    17822  17818     833
16985    17823  14573     832
16986    17832  7474     807
16987    17839  11081     836
16988    32381  3625     874
16989    32380  3626     880
16990    17846  18057     846
16991    17847  18058     818
16992    17848  18059     256
16993    17859  2804     818
16994    17860  18160     832
16995    17868  7756     796
16996    20664  4079     795
16997    20663  5436     805
16998    17882  9155     848
16999    22727  11185     871
17000    17898  11636     827
17001    17899  12720     842
17002    17905   930     782
17003    17906   930     275
17004    17915  17267     871
17005    17917  6102     817
17006    17918  4625     801
17007    17919  8190     854
17008    17942  5293     421
17009    17951  25226     800
17010    17952  25227     840
17011    17958  5646     779
17012    17959  10690     821
17013    17967  16864     817
17014    17973  13645     236
17015    17974  14000     827
17016    17992  1584     855
17017    17993  1584     832
17018    18010  18112     890
17019    18011  18113     885
17020    18013  18118     851
17021    18014  18115     850
17022    18015  6568     822
17023    18021  17770     882
17024    18022  18127     791
17025    18023  17774     829
17026    27896  18129     829
17027    18025  40540     791
17028    18026  34971     882
17029    18027  44853     845
17030    18028  30274     882
17031    18029  32910     791
17032    18032  17792     852
17033    18033  18131     827
17034    23110  18133     823
17035    18036  19907     850
17036    18037  19591     851
17037    18144   417     418
17038    18057  18157     846
17039    18058  18158     818
17040    18059  13233     256
17041    18068  7473     778
17042    18069  17876     795
17043    18070  17877     805
17044    18075  17898     827
17045    18076  17899     842
17046    18088  21837     800
17047    18089  21838     840
17048    18093  14477     855
17049    18097  13632     845
17050    18110  4856     839
17051    18112  2290     890
17052    18113  2290     885
17053    18115  18180     850
17054    18116  18013     851
17055    18543  17608     850
17056    18542  17612     851
17057    27760  18539     822
17058    18120  18015     822
17059    18126  18021     882
17060    18127  18187     791
17061    18128  18023     829
17062    24495  18189     829
17063    18130  18032     852
17064    18131  18193     827
17065    18132  1178     823
17066    18133  18195     823
17067    18134  21056     798
17068    28219  1224     827
17069    25568  5493     852
17070    18137  18136     852
17071    18138  18846     827
17072    18139  18551     851
17073    18140  18836     850
17074    18144  18041     418
17075    18145  18199     867
17076    18146  18200     417
17077    18154  17840     874
17078    18155  17841     880
17079    18157  18209     846
17080    18158  18210     818
17081    18160  6703     832
17082    18163  17882     848
17083    18164  17883     871
17084    18170  18088     800
17085    18171  18089     840
17086    18180  1522     850
17087    18181  18116     851
17088    18186  18126     882
17089    18187  18224     791
17090    18188  18128     829
17091    21036  18226     829
17092    18190  27749     882
17093    18191  18228     791
17094    18192  18130     852
17095    18193  1225     827
17096    18194  18132     823
17097    18195  18742     823
17098    18196  18254     850
17099    18197  18258     851
17100    18199  18234     867
17101    18200  18235     417
17102    18207  18154     874
17103    18208  18155     880
17104    18209  18243     846
17105    18210  18244     818
17106    18212  18163     848
17107    18213  18164     871
17108    18214  18170     800
17109    18215  18171     840
17110    18216  19383     817
17111    18217  20939     889
17112    18218  10942     889
17113    18223  18186     882
17114    18224  18251     791
17115    18225  18188     829
17116    20418  18252     829
17117    18227  18271     882
17118    18228  18272     791
17119    18229  18552     850
17120    18230  18253     851
17121    18231  18255     851
17122    18232  18257     850
17123    18233  21693     794
17124    18234  1814     867
17125    18235  1814     417
17126    18241  18207     874
17127    18242  18208     880
17128    18243  1478     846
17129    18244  1478     818
17130    18247  18559     817
17131    18249  18223     882
17132    18250  18225     829
17133    18251  1245     791
17134    18273  1245     829
17135    18253  18197     851
17136    18254  18229     850
17137    18255  1527     851
17138    18256  18232     850
17139    18257  18196     850
17140    18258  18231     851
17141    18265  18241     874
17142    18266  18242     880
17143    18850  2106     882
17144    18849  2106     791
17145    18273  18252     829
17146    18277  18561     836
17147    22786  18562     824
17148    18279  1673     859
17149    18280  1673     778
17150    18282  43665     845
17151    18283  18570     804
17152    18284  45639     820
17153    22030  1463     845
17154    18286  18284     820
17155    18287  1229     804
17156    18294  19390     824
17157    18295  19391     527
17158    27086  6750     836
17159    32950  10478     823
17160    18301  19326     804
17161    18302  12418     868
17162    18303  5380     795
17163    18304  1030     805
17164    18305  1030     242
17165    18307  18595     819
17166    18308  19135     858
17167    18310  12159     874
17168    18311  7263     880
17169    18315  2161     885
17170    18316  2288     890
17171    18321  21602     868
17172    18322  21603     840
17173    18323  18611     788
17174    18324  18612     855
17175    18326  2273     890
17176    18331  13940     882
17177    18332  13554     883
17178    18333  13567     818
17179    18334  14275     846
17180    18339  13937     883
17181    18340  13049     882
17182    18341  13950     818
17183    18342  13951     846
17184    18343  11134     868
17185    18345  11701     797
17186    18346  13341     820
17187    18353  13651     886
17188    18354  14304     848
17189    18355  13668     787
17190    18366   969     411
17191    18367   969     793
17192    18368  7129     870
17193    18369  18368     870
17194    18374  10871     785
17195    18376  18656     885
17196    18377  18657     882
17197    18379  10684     867
17198    18380  8511     820
17199    18381  18660     785
17200    18382  18661     664
17201    18385  8474     829
17202    18386  2208     848
17203    18387  2208     887
17204    18388  5193     890
17205    18389  16661     885
17206    18393  14618     821
17207    18396  7956     788
17208    18697   276     277
17209    22177  13231     237
17210    18425  2166     885
17211    18426  16735     856
17212    18436  4344     833
17213    18454  18414     277
17214    18455  19299     276
17215    18683  18707     858
17216    18682  18708     819
17217    18474  12686     798
17218    18510  3341     862
17219    18511  20862     823
17220    18518  16591     871
17221    18522  5708     856
17222    18529  18838     851
17223    18530  19597     850
17224    18531  13101     828
17225    18534  19337     787
17226    23649  18735     822
17227    18540  18120     822
17228    18542  18118     851
17229    18543  18117     850
17230    18545  18194     823
17231    20731  9380     868
17232    18551  18230     851
17233    18552  18140     850
17234    18554  18217     889
17235    18555  18272     791
17236    18556  18271     882
17237    18559  8820     817
17238    18561  18749     836
17239    18562  18750     824
17240    18563  18852     526
17241    18567  18285     845
17242    18568  18286     820
17243    18569  31342     804
17244    18570  19385     804
17245    18581  18296     836
17246    18587  18300     823
17247    18595  12945     819
17248    18596  18308     858
17249    18611  21610     788
17250    18612  21611     855
17251    18651  10013     823
17252    18652  6162     793
17253    18653  7131     411
17254    18656  18803     885
17255    18657  18804     882
17256    18660   931     785
17257    18661   931     664
17258    18662  18385     829
17259    18664  4996     807
17260    18668  7512     779
17261    18681  18417     237
17262    18682  18468     819
17263    18683  18467     858
17264    18692  6495     785
17265    18693  10876     665
17266    18697  18454     277
17267    18816  18825     858
17268    18815  18826     819
17269    18725  17425     855
17270    18730  18837     851
17271    18731  18839     850
17272    18733  16815     860
17273    21833  18841     822
17274    18736  18540     822
17275    18742  1225     823
17276    18745  18554     889
17277    18749  1317     836
17278    18750  1317     824
17279    18753  27865     804
17280    18760  18581     836
17281    18803  2173     885
17282    18804  2173     882
17283    18815  18708     819
17284    18816  18707     858
17285    18825  1641     858
17286    18826  1641     819
17287    18836  18731     850
17288    18837  18139     851
17289    18838  18730     851
17290    18839  18530     850
17291    18841  18889     822
17292    18843  18736     822
17293    19314  1569     852
17294    19313  1569     827
17295    18848  10941     788
17296    18849  18555     791
17297    18850  18556     882
17298    18852  18899     526
17299    18853  18753     804
17300    18856  18760     836
17301    18889  18919     822
17302    18893  18843     822
17303    18899  18926     526
17304    18919  1522     822
17305    18922  18893     822
17306    18926  1316     526
17307    18962   896     776
17308    25966  25265     804
17309    18964  28874     493
17310    18965  26712     452
17311    20024  1169     822
17312    20023  1169     792
17313    31220   625     625
17314    18969  19011     787
17315    18970  18969     787
17316    18971  19012      70
17317    18972  10169     779
17318    18973  10122     778
17319    18974  23512     779
17320    18975  10913     859
17321    18976  3867     890
17322    18977  2344     894
17323    18978  19713     878
17324    18981  11472     842
17325    18982  7275     810
17326    18985  11775     796
17327    18986  5947     805
17328    18990  5020     880
17329    18991  19426     874
17330    18992  11813     779
17331    18993  7861     778
17332    18995  19428     776
17333    18997  9250     858
17334    18998  13873     819
17335    19000  10741     880
17336    19001  3824     890
17337    19004  19436     624
17338    19006  14490     862
17339    19007  8278     863
17340    19011  19439     787
17341    19012  19440      70
17342    19013  13880     862
17343    19014  14238     863
17344    19023  12171     885
17345    19024  16617     882
17346    19030  17046     241
17347    19035  11352     868
17348    19036  21902     801
17349    19037  11516     854
17350    19060  1964     814
17351    19071  6251     255
17352    19072  5966     788
17353    19075  5107     837
17354    19076  6311     856
17355    19077  8512     266
17356    19078  19476     893
17357    19079  19477     890
17358    19081  10208     805
17359    19085  6317     848
17360    19086  3730     886
17361    19091  17919     854
17362    19093  2054     814
17363    19100  10536     852
17364    19101  12113     798
17365    19103  3882     799
17366    19104  8631     814
17367    19106  9636     890
17368    19109  20602     850
17369    19110  20444     851
17370    19114  8719     421
17371    19117  3983     421
17372    19121  5780     796
17373    19122  19514     827
17374    19123  19515     236
17375    19134  18307     819
17376    19135  13461     858
17377    19144  13258     893
17378    19145  14021     790
17379    19174  15386     814
17380    19211  9421     828
17381    19212  8283     862
17382    19217  12306     788
17383    19228  17264     804
17384    19234  17267     871
17385    19239  19590     850
17386    19240  19596     851
17387    19293   236     237
17388    19299  1626     276
17389    19303  11575     798
17390    19313  18846     827
17391    19314  18845     852
17392    19326  20935     804
17393    19327  4225     822
17394    19337  8980     787
17395    19345  4291     828
17396    19346  1467     807
17397    19347  1467     845
17398    19349  3603     807
17399    19355  1517     776
17400    19354  1517     848
17401    19353  19356     872
17402    19354  19352     848
17403    19355  19351     776
17404    19356  4920     872
17405    19367  12434     848
17406    19368  8732     872
17407    19379  19211     828
17408    19380  19212     862
17409    19383  18247     817
17410    22721  1143     804
17411    20621  1143     820
17412    19387  20420     845
17413    19388  10165     436
17414    19389  7856     778
17415    19390  19392     824
17416    19391  19393     527
17417    19392  1182     824
17418    19393  1182     527
17419    19411  18962     776
17420    19412  40277     717
17421    19413  35024     160
17422    19414  18963     804
17423    25831  18964     493
17424    19416  18968     625
17425    19417  18970     787
17426    19419  18977     894
17427    19426  10632     874
17428    19427  18990     880
17429    20007   895     776
17430    19436   624     624
17431    19437  12747     839
17432    19439  21650     787
17433    19440  21651      70
17434    19452  1581     817
17435    19468  9665     832
17436    19469  11534     818
17437    19470  19071     255
17438    19476  19743     893
17439    19477  19744     890
17440    19479  7530     795
17441    19482  17080     852
17442    19485  19085     848
17443    19486  19086     886
17444    19497  19100     852
17445    19498  19101     798
17446    19499  8633     799
17447    19505  19903     851
17448    19506  20443     850
17449    19508  19114     421
17450    19510  13632     845
17451    19511  12536     863
17452    19514  19769     827
17453    19515  19770     236
17454    19521  9634     817
17455    29115  7392     801
17456    19557   969     411
17457    19558   969     793
17458    19590  18036     850
17459    19591  19240     851
17460    19596  18529     851
17461    19597  19239     850
17462    19603  21824     779
17463    19604  4898     435
17464    19605  7159     778
17465    19606  11402     871
17466    19613  32864     792
17467    19614  18966     822
17468    19634  13651     886
17469    19635  14012     848
17470    19659  9878     860
17471    19662  9987     795
17472    19663  7694     837
17473    19686  19345     828
17474    19687  19346     807
17475    19690  4023     776
17476    19692  19379     828
17477    19693  19380     862
17478    19694  9236     855
17479    19707  19411     776
17480    19708  19412     717
17481    19709  19414     804
17482    19710  19415     493
17483    19711  19416     625
17484    19712  19417     787
17485    19713  2344     878
17486    19714  7278     842
17487    19715  5033     810
17488    19743  19891     893
17489    19744  19892     890
17490    19747  10208     805
17491    19750  19485     848
17492    19751  19486     886
17493    19759  19497     852
17494    19760  19498     798
17495    19763  19902     850
17496    19764  19908     851
17497    19766  10763     868
17498    19769  19913     827
17499    19770  19914     236
17500    19774  19521     817
17501    19775  19522     801
17502    19783  22666     868
17503    19807  11808     814
17504    19808  13394     807
17505    19830  26385     792
17506    19831  19614     822
17507    19843  4921     821
17508    19861  19950     854
17509    19862  19951     801
17510    19870  19692     828
17511    19871  19693     862
17512    19877  19707     776
17513    19878  19708     717
17514    19891  2335     893
17515    19892  2335     890
17516    19896  19750     848
17517    19897  19751     886
17518    19902  19506     850
17519    19903  19764     851
17520    19907  19763     850
17521    19908  18037     851
17522    19913  1215     827
17523    19914  1215     236
17524    19917  19774     817
17525    19918  19775     801
17526    19931  12306     788
17527    19934  22798     792
17528    19935  19831     822
17529    19950  1580     854
17530    19951  1580     801
17531    19957  19686     828
17532    19958  19687     807
17533    19959  19870     828
17534    19960  19871     862
17535    19963  19877     776
17536    19964  19878     717
17537    19966  19964     717
17538    19973  11102     852
17539    19974  19896     848
17540    19975  19897     886
17541    19987  19917     817
17542    19988  19918     801
17543    19995  19934     792
17544    19996  19935     822
17545    20002  19957     828
17546    20003  19958     807
17547    20006  19966     717
17548    20007  19428     776
17549    20009  37762     718
17550    20010  20009     718
17551    20011  20010     718
17552    20012  20011     718
17553    20023  19995     792
17554    20024  19996     822
17555    20027  20002     828
17556    20028  20003     807
17557    20038  22981     787
17558    20039  39841     647
17559    20040  30125     646
17560    20041  40939      92
17561    20042  20040     646
17562    20043  20046     779
17563    20044  20045     824
17564    20045  1368     824
17565    20046  20048     779
17566    20047  20049     824
17567    20048  1180     779
17568    20049  20044     824
17569    20096  1369     778
17570    20091  1369     839
17571    20058  20538     779
17572    20059  12340     824
17573    20062  20058     779
17574    20063  20059     824
17575    20064  20062     779
17576    20065  20063     824
17577    20069  24370     839
17578    20074  1368     839
17579    20075  20086     824
17580    20076  1181     778
17581    20077  20076     778
17582    20078  20075     824
17583    20080  20069     839
17584    20084  20080     839
17585    20086  1368     824
17586    20087  20052     839
17587    20088  4817     779
17588    20089  20087     839
17589    20090  20088     779
17590    20091  20089     839
17591    20096  20051     778
17592    20098  1672     525
17593    20099  1671     779
17594    20100  1672     859
17595    20101  20107     856
17596    20102  20112     867
17597    20103  20136     856
17598    20104  20108     867
17599    20105  20115     856
17600    20122  1804     867
17601    20107  20103     856
17602    20108  20102     867
17603    20109  20111     856
17604    20110  20114     867
17605    20111  20101     856
17606    20112  20110     867
17607    20114  20106     867
17608    20115  20109     856
17609    20122  20106     867
17610    20123  20105     856
17611    20128   272     273
17612    20134  21799     273
17613    20136  1610     856
17614    20137  20104     867
17615    20138  20140     273
17616    20139  20128     273
17617    20140  20153     273
17618    20141  20139     273
17619    20143  20141     273
17620    22680  9400     867
17621    20146  22681     856
17622    20147  20145     867
17623    20148  20146     856
17624    20151  20157     856
17625    20152  20158     867
17626    20153  1610     273
17627    20156  20147     867
17628    20157  20161     856
17629    20158  20162     867
17630    20159  1610     856
17631    20161  20163     856
17632    20162  20164     867
17633    20163  20165     856
17634    20164  20166     867
17635    20165  1804     856
17636    20166  1804     867
17637    20170  1481     805
17638    20171  9111     796
17639    22941  1481     846
17640    20173  8198     801
17641    20174  8199     855
17642    20175  20193     805
17643    20176  20183     795
17644    20177  4406     805
17645    20178  20194     795
17646    20179  20181     795
17647    20180  20184     805
17648    20181  4079     795
17649    20182  20180     805
17650    20183  20179     795
17651    20184  20175     805
17652    20193  20177     805
17653    20194  20176     795
17654    20203  1512     820
17655    20204  22961     848
17656    20205  3405     866
17657    20206  2762     780
17658    20207  20211     852
17659    20208  3202     836
17660    20209  7612     798
17661    20210  20208     836
17662    20211  8178     852
17663    20212  20209     798
17664    20216  20225     836
17665    20217  20226     852
17666    20218  20216     836
17667    20219  20217     852
17668    20221  12005     798
17669    20225  1566     836
17670    20226  1566     852
17671    20235  8584     880
17672    20236  8586     890
17673    20237  2700     795
17674    20238  9806     805
17675    20239  6842     796
17676    20240  9946     805
17677    20241  20557     819
17678    20242  20988     858
17679    20243  1305     794
17680    20245  12165     880
17681    20246  8446     874
17682    20251  13297     883
17683    20252  12711     882
17684    20253  13699     882
17685    20254  3671     883
17686    20255  5960     805
17687    20256  11404     798
17688    20257  10649     885
17689    20258  9550     882
17690    20259  11535     893
17691    20260  11519     890
17692    20261  13946     846
17693    20262  13085     818
17694    20263  14297     870
17695    20264  3371     863
17696    20265  12780     820
17697    20266  9976     797
17698    20267  13272      90
17699    20268  13271     787
17700    20269  14284     798
17701    20270  14288     852
17702    20271  20565     798
17703    20272  20567     852
17704    20273  13995     863
17705    20274  13640     870
17706    20276  11868     777
17707    20282  15217     868
17708    20285  16594     848
17709    20289  13019     848
17710    20300  20307     852
17711    20301  16687     836
17712    20302  9929     839
17713    20303  16688     798
17714    20307  8179     852
17715    20309  4611     836
17716    20310  9844     798
17717    20319  22654     805
17718    20324  8320     266
17719    20325  10523     885
17720    20332  20587     871
17721    20333  20588     435
17722    20340  6885     848
17723    20363  20600     850
17724    20364  20603     851
17725    20371  12105     867
17726    20372  10532     852
17727    20377  20688     805
17728    20378  20689     796
17729    20387   406     407
17730    20388  1271     818
17731    20389  1271     833
17732    20401  5319     779
17733    20411  22812     888
17734    20418  18226     829
17735    20420  20622     845
17736    20421  19386     820
17737    20428  10634     878
17738    20429  8448     857
17739    20439  21253     407
17740    20443  19109     850
17741    20444  19505     851
17742    20445  17848     256
17743    20448  14231     855
17744    20479  25526     408
17745    20483  17016     276
17746    20495  6712     787
17747    20502  19479     795
17748    22267  22390     647
17749    20534  20038     787
17750    20535  41024      92
17751    20536  20042     646
17752    20538  10980     779
17753    20539  11010     778
17754    20556  20242     858
17755    20557  12030     819
17756    20563  33947     868
17757    20564  20272     852
17758    20565  13975     798
17759    20566  20271     798
17760    20567  6191     852
17761    20579  20677     242
17762    20585  20686     833
17763    20586  20687     832
17764    20587  1903     871
17765    20588  1903     435
17766    20592  11880     242
17767    20600  17797     850
17768    20601  20364     851
17769    20602  20363     850
17770    20603  19110     851
17771    20604  12435     820
17772    20621  20421     820
17773    20622  1464     845
17774    20638  2296     880
17775    20639  2296     890
17776    20641  5163     854
17777    20650  18978     878
17778    24987  2009     802
17779    20652  20700     795
17780    20653  5951     805
17781    20663  17877     805
17782    20664  17876     795
17783    20665  22839     815
17784    20671  20282     868
17785    20676  22173     407
17786    20677  11880     242
17787    20686  20717     833
17788    20687  20718     832
17789    20688  20719     805
17790    20689  20720     796
17791    20696  20638     880
17792    20697  20639     890
17793    20700  5346     795
17794    20704  18587     823
17795    21127  21132     833
17796    21126  21133     832
17797    20719  7949     805
17798    20720  9940     796
17799    20724  20653     805
17800    20731  18547     868
17801    20747  20749     852
17802    20748  20750     798
17803    20749  20751     852
17804    20750  20752     798
17805    20751  20753     852
17806    20752  20754     798
17807    20753  6191     852
17808    20754  4365     798
17809    20756  1125     793
17810    20757  10313     837
17811    20758  1335     794
17812    20759  9305     779
17813    20760  1718     778
17814    20761  11306     862
17815    20763  5043     882
17816    20764  2058     880
17817    20765  10657     883
17818    20766  13555     882
17819    20767  7022     779
17820    20768  7752     778
17821    20770  8701     778
17822    20771  12269     437
17823    20772  25561     871
17824    20773  9057     798
17825    20774  12754     836
17826    20775  10118     778
17827    20776  1719     779
17828    20777  11801     862
17829    20779  13759     833
17830    20780  13850     832
17831    20783   973     793
17832    20785  13847     832
17833    20786  13849     833
17834    20788  6586     794
17835    20789  8059     837
17836    20790  4164     795
17837    20791  8137     805
17838    20792  10377     796
17839    20794  9891     827
17840    20795  11643     860
17841    20796  4717     842
17842    20798  10850     778
17843    20799  8700     437
17844    20800  13843     833
17845    20801  13848     832
17846    20802  13805     832
17847    20803  13760     833
17848    20804  13053     883
17849    20805  10653     882
17850    20806  13092     846
17851    20807  13957     818
17852    20808  13222     863
17853    20809  13994     870
17854    20810  13435     833
17855    20811  13400     832
17856    20812  11932     833
17857    20813  10289     832
17858    20814  11933     832
17859    20815  12898     833
17860    20816  13434     832
17861    20817  13429     833
17862    20818  13181     870
17863    20819  13628     863
17864    20820  12583     870
17865    20821  13639     863
17866    20825  22161     851
17867    20826  22315     850
17868    20829  3468     845
17869    20830  4857     870
17870    20831  21162     778
17871    20834  12325     828
17872    20840  7144     779
17873    20844  5290     778
17874    20846   862     862
17875    20847   862     863
17876    20855  21172     856
17877    20856  21173     885
17878    20862  21174     823
17879    25446  21175     862
17880    24223  21176     828
17881    20867  5261     807
17882    21191  12596     827
17883    20893  18547     868
17884    20903  10241     889
17885    20904  11900     817
17886    20907  19076     856
17887    20908  19077     266
17888    20917  1875     839
17889    20918  1875     870
17890    20919  5830     778
17891    20920  13211     868
17892    20925  17259     860
17893    20935  1168     804
17894    20936  13952     820
17895    20938  18216     817
17896    20939  8841     889
17897    20941   947     787
17898    20942   947     625
17899    20953  9282     827
17900    20954  11282     842
17901    20974  8720     868
17902    20975  21306     421
17903    20988  12949     858
17904    20989  20241     819
17905    20997  12430     855
17906    20999  22983     407
17907    21007  21227     873
17908    21008  21228     865
17909    21030  5394     665
17910    21034  5609     886
17911    21036  18189     829
17912    21043  21239     256
17913    21050  21241     779
17914    21056  1178     798
17915    21058  8804     817
17916    21067  8944     779
17917    21075  21247     457
17918    21079  11412     871
17919    21084  11400     779
17920    21110  1787     866
17921    21111  1787     848
17922    21112  6883     820
17923    21113  21112     820
17924    21123  20676     407
17925    21124  2698     242
17926    21126  20718     832
17927    21127  20717     833
17928    21132  8030     833
17929    21133  6010     832
17930    21139  20756     793
17931    31027  2462     401
17932    21158  21345     851
17933    21159  22158     850
17934    21162  5294     778
17935    21166  20772     871
17936    21168  20846     862
17937    21169  20847     863
17938    21171  33506     796
17939    21172  2166     856
17940    21856  2166     885
17941    24051  1726     823
17942    23785  1726     862
17943    22733  1231     828
17944    21188  27829     815
17945    21191  20889     827
17946    21214  4817     779
17947    21215  6190     778
17948    21216  8334     824
17949    21227  1949     873
17950    21228  1949     865
17951    21239  12598     256
17952    21241  5316     779
17953    21247  21316     457
17954    21251  3980     778
17955    21252  9995     407
17956    21253  15626     407
17957    21255  13536     887
17958    21265  21139     793
17959    21266  21140     401
17960    21287  21343     851
17961    21288  21344     850
17962    21292  21168     862
17963    21293  21169     863
17964    21306  8719     421
17965    21312  25231     871
17966    21316   457     457
17967    21318  21252     407
17968    21321  12094     848
17969    24538  10493     866
17970    21323  21265     793
17971    21324  21266     401
17972    21342  21288     850
17973    21343  17796     851
17974    21344  21159     850
17975    21345  21287     851
17976    21348  21292     862
17977    21349  21293     863
17978    21359  12606     796
17979    21363  21394     817
17980    21394  6590     817
17981    21398  4000     779
17982    21399  7863     778
17983    21401  1748     778
17984    21402  5304     779
17985    21403  8711     863
17986    21404  31417     458
17987    31274  4223     780
17988    21406  21907     827
17989    21407  3054     842
17990    21408  2218     888
17991    21409  5614     813
17992    36003  8166     852
17993    21412  26319     803
17994    21413  3355     863
17995    21415  1876     778
17996    21416  4861     779
17997    21417  9419     870
17998    21418  4862     779
17999    21419  8360     778
18000    21420  7406     805
18001    21421  2280     798
18002    21422  2280     890
18003    21423  7130     870
18004    21424  3991     778
18005    21425  5305     779
18006    21428  1544     848
18007    21429  8301     852
18008    21430  6172     865
18009    21433  8300     845
18010    21436  4859     778
18011    21437  7126     779
18012    21438  1747     779
18013    21439  6212     778
18014    21440  23158     863
18015    21441  10576     864
18016    21442  10597     836
18017    21446  3999     779
18018    21447  6463     778
18019    21448  13369     369
18020    21450  6471     778
18021    21451  2633     779
18022    21452  10116     778
18023    21453  5306     779
18024    21454  11608     795
18025    21455  5437     805
18026    21456  9982     833
18027    21457  12342     832
18028    21458  11178     852
18029    21459  6916     798
18030    21460  21943     870
18031    21461  21522     779
18032    21464  7504     779
18033    21465  7864     778
18034    21467  12381     833
18035    21468  12341     832
18036    21469   918     525
18037    21470  3296     779
18038    21471  3388     852
18039    21472  1772     865
18040    21473  1772     845
18041    21474  4541     796
18042    21475  10373     805
18043    21476  11640     842
18044    21477  11641     827
18045    21478  11229     852
18046    21479  9197     798
18047    21482  3473     779
18048    21483  3471     778
18049    21484  8469     885
18050    21485  21954     882
18051    21486  11525     866
18052    21487  7408     852
18053    21490  5905     778
18054    21491  10170     779
18055    21493  21962     796
18056    21494  21960     805
18057    21495  4988     878
18058    21496  1633     857
18059    21497  21964     790
18060    21499  2050     880
18061    21500  2050     799
18062    21501  5201     890
18063    21504  26329     836
18064    21505  26330     868
18065    21507  3204     852
18066    21508  11223     798
18067    21509  9173     852
18068    21510  11126     798
18069    21514  2128     884
18070    21515  2128     882
18071    21516  12196     894
18072    21517  13056     802
18073    21520  11753     796
18074    21521  11740     805
18075    21522  5319     779
18076    21527  3541     836
18077    21528  6236     864
18078    21529  12178     883
18079    21530  12179     882
18080    21531  12383     832
18081    21532  12339     833
18082    21534  11217     798
18083    21535  9183     852
18084    21538  22906     858
18085    21539  21986     819
18086    21540  1840     868
18087    21541  21987     838
18088    21543  9666     893
18089    21544  21991     890
18090    21551  8777     815
18091    21552  6520     795
18092    21553  8982     832
18093    21554  5662     833
18094    21555  7690     833
18095    21556  11056     832
18096    21558  11374     868
18097    21559   837     838
18098    21561  22918     886
18099    21562  22006     848
18100    21563  22007     787
18101    21564  12679      90
18102    21568  1308     835
18103    30194  20533     647
18104    21572  2957     833
18105    21574  22013     818
18106    21575  22929     846
18107    21576  14282     827
18108    21577   280     280
18109    21578  13623     863
18110    21579  11300     870
18111    21582  3521     872
18112    21583  23105     776
18113    21584  23106     886
18114    21588  8154     872
18115    21589  8162     776
18116    21599  6531     525
18117    21600  8785     778
18118    21602  22026     868
18119    21603  22027     840
18120    21604  6181     867
18121    21605  8319     820
18122    21606  5708     856
18123    21607  24065     794
18124    21608  18567     845
18125    21609  18568     820
18126    21610  1588     788
18127    21611  1588     855
18128    21612  10013     823
18129    21630  2760     792
18130    21631  1018     804
18131    21632  26591     822
18132    21633  22046     792
18133    21634  21632     822
18134    21635  22047     804
18135    21636  21634     822
18136    21639  17278     860
18137    21640  12404     799
18138    21642  8787     799
18139    33925  9701     802
18140    21650   946     787
18141    21651   946      70
18142    21652  22053     833
18143    21653  22054     787
18144    21677  22064     836
18145    21678  22065     852
18146    21679  5488     798
18147    21681  9803     815
18148    21687  7892     777
18149    21693  11085     794
18150    21696  21588     872
18151    21697  21589     776
18152    21733  16833     276
18153    33924  24439     878
18154    21744  20761     862
18155    21752  22312     851
18156    21753  23550     850
18157    21773  16257     407
18158    21790  16391     782
18159    21799  20138     273
18160    21807  8180     839
18161    21815  8742     665
18162    21816  4032     785
18163    21824  9433     779
18164    21826  8926     778
18165    21833  18735     822
18166    21837  17951     800
18167    21838  17952     840
18168    21851  22159     851
18169    21852  22160     850
18170    21856  21173     885
18171    21867  22166     798
18172    21885  22179     780
18173    21886  22180     458
18174    21902  9631     801
18175    21906  21403     863
18176    21907  22191     827
18177    21911  21411     852
18178    21913  21417     870
18179    21917   533     533
18180    21918  1744     534
18181    21927  29035     852
18182    34882  1510     814
18183    21934  22496     874
18184    21941  23091     836
18185    21943  22224     870
18186    21949  4697     778
18187    21954  7281     882
18188    21955  21484     885
18189    21959  21493     796
18190    21960  6076     805
18191    21961  21494     805
18192    21962  8149     796
18193    21964  23083     790
18194    21970  9177     836
18195    21975  25881     790
18196    21977  3715     807
18197    21985  21538     858
18198    21986  13465     819
18199    21987  12570     838
18200    21988  21540     868
18201    21990  21543     893
18202    21991  9635     890
18203    22001  10935     805
18204    22002  24889     243
18205    22005  21561     886
18206    22006  13654     848
18207    22007  12680     787
18208    22008  21564      90
18209    26655  21569     647
18210    22012  21575     846
18211    22013  12307     818
18212    22014   281     281
18213    22026  1845     868
18214    22027  1845     840
18215    22028  21604     867
18216    22029  21605     820
18217    22030  21608     845
18218    22031  21609     820
18219    22046  22279     792
18220    22047  22280     804
18221    22053  1274     833
18222    22054  1274     787
18223    22064  1566     836
18224    22065  1566     852
18225    22111  22313     850
18226    22112  22314     851
18227    22116  16350     807
18228    22121  27177     805
18229    22126  11520     866
18230    22127  12653     852
18231    22137  4077     242
18232    22140  4431     839
18233    22158  21852     850
18234    22159  21158     851
18235    22160  20826     850
18236    22161  21851     851
18237    22164  1873     870
18238    22165  1873     863
18239    22166  9445     798
18240    22167  11729     871
18241    22172  20439     407
18242    22173  2466     407
18243    22176  9645     890
18244    22177  18417     237
18245    22179   927     780
18246    22180   927     458
18247    22191  22349     827
18248    22192  21911     852
18249    22199  21918     534
18250    26419  22362     852
18251    22212  32959     848
18252    30766  22364     799
18253    22224  22370     870
18254    22267  22011     647
18255    22268  22014     281
18256    22279  1018     792
18257    22280  1018     804
18258    22281  23194     832
18259    22282  9662     818
18260    22312  22112     851
18261    22313  21753     850
18262    22314  20825     851
18263    22315  22111     850
18264    22327  22140     839
18265    22334  22164     870
18266    22335  22165     863
18267    22349  22431     827
18268    22362  22441     852
18269    22363  25842     848
18270    22364  25425     799
18271    22370  1880     870
18272    23221  1880     534
18273    22375  21977     807
18274    22390   646     647
18275    22392  22268     281
18276    22399  22281     832
18277    22426  22334     870
18278    22427  22335     863
18279    22431  1212     827
18280    23944  1544     852
18281    23940  1544     848
18282    23937  1545     799
18283    22473  22426     870
18284    22474  22427     863
18285    22487  12681     644
18286    22490  22473     870
18287    22491  22474     863
18288    22495  6236     864
18289    22496  25242     874
18290    22497  4940     836
18291    22507  8712     369
18292    22509  12296     800
18293    22510  10923     860
18294    22511  4135     808
18295    22516  1272     833
18296    22517  2960     783
18297    22519  34628     852
18298    22520  3383     864
18299    26678  1770     865
18300    26677  1770     840
18301    22523  9377     828
18302    22524  12708     852
18303    22525  6837     845
18304    22526  23261     404
18305    33115  9110     858
18306    22528  43007     807
18307    22529  48543     868
18308    38001  23264     872
18309    44589  1381     840
18310    22534  9848     874
18311    22535  10635     880
18312    22539  6918     852
18313    22540  9201     798
18314    22541  9200     836
18315    22544  3692     810
18316    22545  6865     846
18317    22546  24587     819
18318    22547  25759     858
18319    22548  3344     862
18320    22550  7288     820
18321    22551  11726     820
18322    22552  23285     797
18323    22553  23291     805
18324    22554  3136     796
18325    22560  12380     832
18326    22561  12382     833
18327    22565  22567     867
18328    22566  22569     798
18329    22567  12562     867
18330    22568  22566     798
18331    22569  12557     798
18332    22570  22565     867
18333    22577  12557     798
18334    22578  9379     867
18335    22579  6752     828
18336    22582  13223     870
18337    22585  7081     828
18338    22586  9820     852
18339    22587  4808     867
18340    22590  26377     803
18341    22592  4613     798
18342    22593  11160     852
18343    22598  8251     827
18344    22599  9885     842
18345    22604  1329     836
18346    22605  1329     816
18347    22608  14271     880
18348    22609  5400     833
18349    22610  6714     832
18350    22613  11058     833
18351    22614  11055     832
18352    22620  12139     874
18353    22621  14268     879
18354    22626  14413     826
18355    22627  14441     825
18356    22629  13323     806
18357    22630  11708     837
18358    22636  14631     826
18359    22637  14564     825
18360    22638  12316     846
18361    22639  13576     818
18362    22640  14427     826
18363    22641  14438     825
18364    22642  13835     825
18365    22643  14194     826
18366    22644  2884     826
18367    22645  14658     825
18368    22654  9935     805
18369    22663  19710     493
18370    22666  5700     868
18371    22680  20145     867
18372    22681  7106     856
18373    22684  23779     835
18374    22689  10990     828
18375    22691  4336     832
18376    22692  6715     833
18377    22693  9792     818
18378    22705  22817     796
18379    22706  27897     805
18380    22709  27131     827
18381    22712  6521     242
18382    22714  12032     858
18383    22715  12950     835
18384    22721  19385     804
18385    22722  1464     804
18386    22727  17883     871
18387    22730  20704     823
18388    24053  21176     828
18389    22733  22732     828
18390    22737  7146     779
18391    22738  9438     777
18392    22741  11711     839
18393    22742  20777     862
18394    22746  8769     402
18395    22754  5966     788
18396    22755  10209     241
18397    22759  22761     894
18398    22760  6393     814
18399    22761  2362     894
18400    22762  22766     814
18401    22763  22764     856
18402    22764  1617     856
18403    22765  24165     894
18404    22766  22768     814
18405    22767  22765     894
18406    22768  22769     814
18407    22769  2362     814
18408    22770  7399     890
18409    22773  17260     804
18410    22775  17258     871
18411    22778  23406     778
18412    22779  23407     436
18413    22780  11338     863
18414    22781  13194     845
18415    22782  23409     837
18416    22783  23410     795
18417    22785  6954     855
18418    22786  18278     824
18419    22788  5035     842
18420    22789  3644     810
18421    22794  12864     807
18422    22795  10180     814
18423    22796  3523     821
18424    22798  19830     792
18425    22803  12128     848
18426    22812  25346     888
18427    24795  3603     807
18428    22816  9287     860
18429    24496  3572     796
18430    22818   254     255
18431    22823  6559     810
18432    22825   265     272
18433    22826  12996     885
18434    22827  4571     848
18435    22829  23442     852
18436    22830  23443     867
18437    22831  2012     857
18438    22832  2012     878
18439    22835  13866     855
18440    22839  7584     815
18441    22862  21324     401
18442    22865  7162     871
18443    22877  21440     863
18444    22886  23662     836
18445    22905  21539     819
18446    22906  6969     858
18447    22917  21562     848
18448    22918  12645     886
18449    22929  13958     846
18450    22930  21574     818
18451    22941  20172     846
18452    22947  14519     821
18453    22961  1512     848
18454    22976  16437     406
18455    22981  2667     787
18456    22982  24634     407
18457    22983  16242     407
18458    22992  23546     850
18459    22993  23549     851
18460    23028   407     408
18461    23035  1874     870
18462    23036  1874     845
18463    23037  11575     798
18464    23041  16952     820
18465    23042  16951     797
18466    23061  10203     890
18467    23083  1633     790
18468    23084  23606     857
18469    23085  23607     878
18470    23091  11174     836
18471    23100  23620     795
18472    23101  8830     805
18473    23102  23621     815
18474    23105  2179     776
18475    23106  2179     886
18476    23110  18034     823
18477    23117  2344     894
18478    23122  11081     836
18479    23135  21773     407
18480    23139  6123     782
18481    23140  16238     275
18482    23148  20134     273
18483    23155  22192     852
18484    23158  11734     863
18485    23167  2630     388
18486    23171  23667     779
18487    23172  23668     525
18488    23173  9643     866
18489    23176  21975     790
18490    23193  21652     833
18491    23194  7485     832
18492    23221  22371     534
18493    23236   237     237
18494    23239  23715     848
18495    23240  23716     799
18496    23260  22525     845
18497    23261  23727     404
18498    23262  22527     858
18499    38369  22528     807
18500    33918  23730     872
18501    31195  1843     781
18502    23266  36419     804
18503    23267  23270     804
18504    24138  1037     781
18505    23269  23265     781
18506    23270  31196     804
18507    23277  8450     829
18508    23282  24588     858
18509    23283  23737     819
18510    23285  7688     797
18511    23286  22551     820
18512    23290  22554     796
18513    23291  8147     805
18514    23308  1482     846
18515    23327  1307     835
18516    23339  9979     806
18517    23372  21175     862
18518    23380  22746     402
18519    23383  8768     793
18520    23404  17259     860
18521    23406  23802     778
18522    23407  23803     436
18523    23409  23805     837
18524    23410  23806     795
18525    23442  1810     852
18526    23443  1810     867
18527    23452  23820     889
18528    23453  23821     817
18529    23454  13199     870
18530    23455  13633     839
18531    23458  7008     827
18532    23459  9283     842
18533    26388  12648     848
18534    23500  26389     886
18535    23503  23857     421
18536    23504  23858     778
18537    23512  6528     779
18538    23513  8785     778
18539    23538  22982     407
18540    23543  11702     806
18541    23545  22993     851
18542    23546  12705     850
18543    23549  21752     851
18544    23550  22992     850
18545    23556  9067     799
18546    23566  12435     820
18547    23578  7918     797
18548    23579  10015     820
18549    23581  3986     778
18550    23587  10703     888
18551    23588  6335     842
18552    23589  23903     813
18553    23590  23904     842
18554    23604  7408     852
18555    23606  1633     857
18556    23607  2013     878
18557    23615  10044     814
18558    23620  1080     795
18559    23621  1080     815
18560    23624  23101     805
18561    23631  8787     799
18562    23638   902     437
18563    23639   902     778
18564    23649  18539     822
18565    23653  9631     801
18566    23655  22443     799
18567    23662  2989     836
18568    23667   918     779
18569    23668   918     525
18570    23672  23176     790
18571    23683  11555     787
18572    24124  7480     833
18573    23695  12653     852
18574    23696  11520     866
18575    23715  23970     848
18576    23716  23971     799
18577    23725  23260     845
18578    23726  23262     858
18579    23727  23979     404
18580    23728  23263     807
18581    32230  23268     781
18582    23730  24011     872
18583    23737  10439     819
18584    23738  23282     858
18585    23753  1812     798
18586    23754  1812     867
18587    23762  2038     879
18588    23763  2038     874
18589    23779  1305     835
18590    23785  23372     862
18591    23792  6515     793
18592    23796  22741     839
18593    23802   903     778
18594    23803   903     436
18595    23805  1336     837
18596    23806  1336     795
18597    23815  27733     836
18598    23820  7962     889
18599    23821  10242     817
18600    23824  23458     827
18601    23825  23459     842
18602    23834  23167     388
18603    23851  23499     848
18604    23852  23500     886
18605    23857   907     421
18606    23858   907     778
18607    23859  11373     868
18608    23864  6531     525
18609    23865  4091     779
18610    23866  4092     778
18611    23879  23543     806
18612    23887  19603     779
18613    23899  23587     888
18614    23900  23588     842
18615    23901  5137     813
18616    23903  1396     813
18617    23904  1396     842
18618    23923  26038     523
18619    23937  23655     799
18620    23939  22442     848
18621    23940  23939     848
18622    23944  22441     852
18623    23946  10024     863
18624    23958  9663     832
18625    23970  1509     848
18626    23971  1509     799
18627    23979  1656     404
18628    23980  23725     845
18629    23981  23726     858
18630    23982  23985     858
18631    23985  23988     858
18632    23988  1656     858
18633    23989  1656     404
18634    23990  1655     845
18635    23991  23990     845
18636    23992  1452     404
18637    23993  23991     845
18638    23995  6838     404
18639    23996  4512     845
18640    24000  23995     404
18641    24001  23996     845
18642    24010  23728     807
18643    24011  24137     872
18644    24012  23729     781
18645    24013  24207     781
18646    24036  23762     879
18647    24037  23763     874
18648    24048  24221     858
18649    24049  24222     794
18650    24051  21174     823
18651    24053  22732     828
18652    24062  24730     807
18653    24065  9034     794
18654    24070  13761     835
18655    24123  24238     778
18656    24124  23684     833
18657    24136  24010     807
18658    24137  24206     872
18659    24138  24012     781
18660    24140  24212     880
18661    24141  24213     882
18662    24165  2363     894
18663    24166  24062     807
18664    24167  24169     807
18665    24172  2363     894
18666    24169  24171     807
18667    24170  24168     894
18668    24171  2363     807
18669    24172  24170     894
18670    24195  3758     813
18671    24206  1935     872
18672    24207  24209     781
18673    24209  24245     781
18674    24212  2101     880
18675    24213  2101     882
18676    24221  1652     858
18677    24222  1652     794
18678    24223  20864     828
18679    24238  10461     778
18680    24239  8241     779
18681    24243  7480     833
18682    24245  1935     781
18683    24246  24248     807
18684    24247  24249     872
18685    24248  1934     807
18686    24249  1934     872
18687    24261  3297     778
18688    24274  5274     832
18689    24278  24243     833
18690    24284  9673     833
18691    24285  9672     787
18692    24288  9723     832
18693    24290  24288     832
18694    24295  12760     837
18695    24296  11707     806
18696    24299  12218     882
18697    24300  10746     885
18698    24301  28172     845
18699    24302  24761     819
18700    24303  24762     400
18701    24305  3135     805
18702    24306  9133     796
18703    24308  9400     867
18704    24309  9399     856
18705    24310  24767     890
18706    24311  26424     893
18707    24312  13410     814
18708    24313  10230     791
18709    24317  4542     796
18710    24318  6864     805
18711    24321  13543     880
18712    24322  13547     879
18713    24324  24327     885
18714    24325  24328     882
18715    24326  24325     882
18716    24327  8611     885
18717    24328  10760     882
18718    24329  24324     885
18719    24341  10922     776
18720    24342  10495     870
18721    24343  13486     863
18722    24345  5958     814
18723    24346  12876     791
18724    24347  12155     879
18725    24348  13040     880
18726    24351  14319     850
18727    24352  12881     825
18728    24353  14185     826
18729    24368  9538     799
18730    24370  7084     839
18731    24375  1942     873
18732    24376  1942     864
18733    24385  9458     871
18734    24390  28848     817
18735    24392  9206     798
18736    34676  1665     823
18737    24394  20840     779
18738    24395  13020     887
18739    24409  9975     806
18740    24413  13573     820
18741    24433  21649     802
18742    24983  2009     878
18743    24441  7416     807
18744    24443  31689     509
18745    24444  34927     777
18746    24447  2282     890
18747    24448  32164     796
18748    24493  11180     855
18749    24495  18129     829
18750    24496  22817     796
18751    24501  24859     864
18752    24502  24860     852
18753    24505  24863     858
18754    24506  24864     862
18755    24509  5669     806
18756    24511  8238     860
18757    24512  10460     824
18758    24538  21322     866
18759    24540  4570     820
18760    24544  8310     866
18761    24545  12094     848
18762    24550  25662     421
18763    24551  27139     868
18764    24552  27140     524
18765    24558   837     837
18766    24563  8059     837
18767    24569  21504     836
18768    24587  23283     819
18769    24588  22547     858
18770    24589  24901     801
18771    24590  24902     855
18772    24594  10368     545
18773    24595  8123     845
18774    24607  5163     854
18775    24610  22737     779
18776    24611  22738     777
18777    24615   240     241
18778    24634  7573     407
18779    24644  6163     412
18780    24662  8268     388
18781    24669  23339     806
18782    24670  9382     836
18783    24672  8284     863
18784    24705  11532     818
18785    24712  5695     852
18786    24716  9972     839
18787    24720  4012     779
18788    24730  3883     807
18789    24746  2142     813
18790    24747  2142     885
18791    24748  24239     779
18792    24749  10464     525
18793    24754  24951     525
18794    24755  8242     779
18795    24761  1126     819
18796    24762  1126     400
18797    24767  7401     890
18798    24768  24311     893
18799    24794  6290     829
18800    24795  22813     807
18801    24803  7661     886
18802    24811  24392     798
18803    24812  24393     823
18804    24833  24433     802
18805    24836  2683     777
18806    24841  24447     890
18807    24847  1334     806
18808    24848  1334     837
18809    24851  24993     814
18810    24859  1764     864
18811    24860  1764     852
18812    24863  1728     858
18813    24864  1728     862
18814    24881  24551     868
18815    24889   242     243
18816    24896  1765     840
18817    24901  25007     801
18818    24902  25008     855
18819    24909  24615     241
18820    24910  20665     815
18821    24921  3192     845
18822    24926  24662     388
18823    24947  2463     403
18824    24951  25031     525
18825    24952  9724     818
18826    24980  24833     802
18827    24981  24439     878
18828    24982  24981     878
18829    24983  24982     878
18830    24987  20651     802
18831    24993  12161     814
18832    25001  24881     868
18833    25007  1591     801
18834    25008  1591     855
18835    25024  12831     369
18836    25027  1657     858
18837    25030  24947     403
18838    25031  8244     525
18839    25056  2780     814
18840    25060  25084     846
18841    25065  25027     858
18842    25066  25030     403
18843    25084  4552     846
18844    25086  25685     541
18845    25087  1658     793
18846    25088  41145     858
18847    25090  25066     403
18848    25092  1451     845
18849    25093  1451     541
18850    25101  25092     845
18851    25103  2480     435
18852    25104   923     779
18853    25105  7155     871
18854    25107  25688     827
18855    25108  1107     796
18856    25109  27793     818
18857    25110  4540     805
18858    25111  11621     796
18859    25112  1106     805
18860    25113  26539     818
18861    25115  8781     424
18862    25116  8780     793
18863    25117  6094     840
18864    25118  4603     800
18865    25120  27795     885
18866    25121  25694     882
18867    25123  2999     836
18868    25124  1599     855
18869    25125  9884     842
18870    25126  5192     820
18871    25127  9649     867
18872    25128  4076     795
18873    25129  10223     805
18874    25130  8255     800
18875    25132  25135     890
18876    25133  25136     893
18877    25134  25133     893
18878    25135  10733     890
18879    25136  10704     893
18880    25137  25132     890
18881    25146  24390     817
18882    25148  2684     793
18883    25149  4083     424
18884    25153  7270     882
18885    25156  25935     862
18886    25157  25931     863
18887    25158  58257     853
18888    25159  64777     842
18889    25161  13031     880
18890    25162  13036     879
18891    25163  12192     893
18892    25164  6356     890
18893    25168  2248     873
18894    25169  34691     888
18895    25170  8555     864
18896    25173  13902     863
18897    25174  10483     862
18898    25175  25717     787
18899    25176  11568      90
18900    25178  13424     826
18901    25179  13404     825
18902    25180  12091     863
18903    25181  25720     818
18904    25182  26549     846
18905    25184  12883     826
18906    25185  10266     825
18907    25187  12684     851
18908    25196  17808     418
18909    25198   411     411
18910    25199  4065     793
18911    25209  25740     840
18912    25210  25741     861
18913    25211  9395     868
18914    25221  9978     787
18915    25226  6068     800
18916    25227  8131     840
18917    25231  26566     871
18918    25232  7971     823
18919    25242  1950     874
18920    25243  2754     808
18921    25245  26573     858
18922    25246  25758     819
18923    25249  4654     856
18924    25255  11185     871
18925    25256  9155     848
18926    25260  6990     859
18927    25261  1674     419
18928    25265  1021     804
18929    25266  18965     452
18930    25267  27158     868
18931    25273  25774     889
18932    26578  6589     817
18933    25275  8842     788
18934    25276  7419     890
18935    25277  9653     880
18936    25279  37917     814
18937    25280  4315     665
18938    25282  25952     256
18939    25284  2827     819
18940    25285  2250     888
18941    25286  51631     836
18942    42793  25285     888
18943    25784  18277     836
18944    25291  26765     418
18945    25292  6652     799
18946    25294  14013     821
18947    25304  9451     827
18948    25307  4009     779
18949    25314  7121     865
18950    25315  9416     873
18951    25339  15501     868
18952    25346  2237     888
18953    25351  22825     272
18954    25358  13262     817
18955    25360  12197     802
18956    25384  5389     797
18957    25385  10004     820
18958    25425  22443     799
18959    25430  7100     868
18960    25446  20863     862
18961    25448  1299     817
18962    25449  2260     889
18963    25486  10531     798
18964    25487  3410     837
18965    25490   966     793
18966    25491   966     424
18967    25502  3037     839
18968    25513  26638     820
18969    25514  26639     866
18970    25526  23028     408
18971    25529  20479     408
18972    33259  2798     817
18973    25645  1771     865
18974    25644  1771     852
18975    25542  7015     861
18976    25554  12080     798
18977    25555  9472     865
18978    25561  4903     871
18979    25568  18136     852
18980    25576  9287     860
18981    25586   523     523
18982    25590  30198     537
18983    25605  10566     814
18984    25621  2058     820
18985    25622  2058     880
18986    25623  2102     882
18987    25628  20319     805
18988    25631  11687     846
18989    25633  25902     864
18990    25634  25903     836
18991    25636  8295     840
18992    25637  10506     865
18993    25639  31226     626
18994    25644  25541     852
18995    25645  25540     865
18996    25651  1746     793
18997    25662  6476     421
18998    25673  27918     829
18999    25685  1657     541
19000    25688  25925     827
19001    25694  5037     882
19002    25695  25120     885
19003    25701  19078     893
19004    25702  19079     890
19005    25707  25933     863
19006    25708  25930     862
19007    25709  25934     863
19008    25710  25936     862
19009    25711  44696     853
19010    25716  25176      90
19011    25717  11567     787
19012    25719  25182     846
19013    25720  10954     818
19014    25740  1702     840
19015    25741  1702     861
19016    25748  6745     408
19017    25758  22546     819
19018    25759  25245     858
19019    25762  12267     161
19020    25768  17248     804
19021    25774  8841     889
19022    25775  25276     890
19023    25776  25277     880
19024    25784  25290     836
19025    25823  12327     828
19026    25831  19415     493
19027    25840  25448     817
19028    25841  25449     889
19029    25842  22442     848
19030    25852  25978     855
19031    25853  25979     877
19032    25873  25539     817
19033    25881  12946     790
19034    25885  11544     894
19035    25902  26002     864
19036    25903  26003     836
19037    25912   387     388
19038    25919  9796     835
19039    25921  10849     524
19040    25925  1293     827
19041    25930  25156     862
19042    25931  25707     863
19043    25932  25708     862
19044    25933  4755     863
19045    25934  25157     863
19046    25935  25710     862
19047    25936  1732     862
19048    25937  25709     863
19049    25938  38176     853
19050    25952  11429     256
19051    25953  5749     796
19052    25955  18278     824
19053    25958  1873     870
19054    25959  1873     863
19055    25961  7157     798
19056    25966  18963     804
19057    25978  26033     855
19058    25979  26034     877
19059    25987  9272     827
19060    25988  11281     842
19061    25991  2236     829
19062    25992  25993     888
19063    25993  2236     888
19064    25994  5758     807
19065    26002  1759     864
19066    26003  1759     836
19067    26021  25287     888
19068    26024  25958     870
19069    26025  25959     863
19070    26027  11349     867
19071    26028  12556     852
19072    26029  26051     814
19073    26030  26052     791
19074    26033  1980     855
19075    26034  1980     877
19076    26038  25586     523
19077    26049  26024     870
19078    26050  26025     863
19079    26051  26059     814
19080    26052  26060     791
19081    26057  26049     870
19082    26058  26050     863
19083    26059  5958     814
19084    26060  7947     791
19085    26066  57286     329
19086    58175  3213     854
19087    26069  1806     867
19088    26070  1807     845
19089    26071  26070     845
19090    26072  26069     867
19091    26073  9730     777
19092    26074  11563     779
19093    26075  5285     438
19094    26076  26800     826
19095    54856  26078     824
19096    26078  26801     824
19097    26079  27270     894
19098    26081  10451     796
19099    26082  27207     863
19100    26083  27202     862
19101    26084  1314     779
19102    26085  4379     778
19103    26086  9012     836
19104    26087  26811     836
19105    35070  1667     835
19106    26089  26813     827
19107    26090  1186     824
19108    26091  30171     873
19109    26092  26814     864
19110    26093  26817     882
19111    26094  2079     799
19112    26095  3673     883
19113    26097  30606     824
19114    26098  33090     867
19115    26100   829     830
19116    26101  6003     829
19117    26102  32068     817
19118    26103  32069     818
19119    26104  4378     779
19120    26105  11619     798
19121    26106  5486     852
19122    26107  10551     845
19123    26108  10552     828
19124    26110  13037     880
19125    26111  13035     879
19126    26112  13243     813
19127    26113  3806     805
19128    26114  8570     798
19129    26116  2688     793
19130    26117   409     409
19131    26118  1315     778
19132    26119  8897     779
19133    26120  10979     836
19134    26121  4278     428
19135    26122  1221     516
19136    26123  1220     827
19137    26130  8477     799
19138    26131  62505     813
19139    26132  42740     871
19140    26139  28013     798
19141    26140  26856     852
19142    26141  5698     852
19143    26142  7611     798
19144    26143  26146     842
19145    26144  26148     827
19146    26145  26144     827
19147    26146  5722     842
19148    26147  26143     842
19149    26148  4718     827
19150    26151  28018     842
19151    26152  26863     827
19152    26156  36810     796
19153    26157  10058     791
19154    26158  2939     830
19155    26159  1243     829
19156    26160  28309     784
19157    26161  6206     273
19158    26162  3459     869
19159    26163  8482     799
19160    26164  8476     882
19161    26165  6462     531
19162    26167  31711     824
19163    26172  28913     862
19164    26173  28316     863
19165    26174  26886     845
19166    26175  34634     867
19167    26176  11358     867
19168    26177  11361     798
19169    26178  7191     805
19170    26181  9846     852
19171    26182  3036     798
19172    26183  7729     862
19173    26185  9435     779
19174    26188  27385     818
19175    26189  6022     536
19176    26190  2988     793
19177    26192  3104     845
19178    26193  11983     545
19179    26196  3643     882
19180    26197  6282     799
19181    26201  12221     885
19182    26202  12220     893
19183    26204  7549     804
19184    26205  6552     492
19185    26211  28049     796
19186    26212  26915     805
19187    26213  30383     864
19188    26215  1954     866
19189    26216  1954     874
19190    26217  5039     798
19191    26220  9563     884
19192    26221  9557     882
19193    26222  26921     799
19194    26223  7273     882
19195    26224  26923     883
19196    26231  2750     805
19197    26232  7938     795
19198    26234  6968     857
19199    26235  12013     878
19200    26238  1707     861
19201    26240  8350     845
19202    26241  6203     828
19203    26243  8562     894
19204    26244  7396     890
19205    26247  4010     523
19206    26249  29415     824
19207    26250  9011     816
19208    26251  12399     259
19209    26252  12422     833
19210    26253  9854     796
19211    26254  12712     805
19212    26258  9547     883
19213    26260  9646     890
19214    26261  9597     885
19215    26263  9984     836
19216    26266  10369     845
19217    26267  6064     545
19218    26271  13023     879
19219    26272  8406     874
19220    26275  6378     893
19221    26276  8613     885
19222    26277   428     429
19223    26278  26950     265
19224    26283  8302     870
19225    26284  12092     863
19226    26287  4989     879
19227    26288  10619     880
19228    26289  12149     880
19229    26290  12153     879
19230    26292  4894     779
19231    26297  28091     846
19232    26298  26965     818
19233    26299  10998     827
19234    26300  12694     850
19235    26301  7555     851
19236    26309  32863     109
19237    26977  7084     839
19238    26314  1819     867
19239    26316  26980     279
19240    26319  1661     803
19241    26320  3194     840
19242    26321  1557     852
19243    26322  26983     805
19244    26323  26984     798
19245    26325  10337     884
19246    26326  8086     840
19247    26329  1828     836
19248    26330  1828     868
19249    26333  17274     860
19250    26334  1055     810
19251    26343  10284     833
19252    26344  8019     783
19253    26345  10026     803
19254    26346  5733     862
19255    26347  3286     858
19256    26348  28105     840
19257    26349  6233     873
19258    26358  1653     835
19259    26359  1653     858
19260    26362  6562     488
19261    32183  11523     874
19262    26371  12666     790
19263    26376  5814     843
19264    26377  1420     803
19265    64963   825     825
19266    64962   825     826
19267    26385  19613     792
19268    26388  23499     848
19269    26389  11507     886
19270    26400  3807     890
19271    26411  2627     369
19272    26415  12584     870
19273    26419  22211     852
19274    26420   419     419
19275    26424  7428     893
19276    26425  24310     890
19277    26437  7128     870
19278    26467  33059     538
19279    26484  50017     835
19280    26498  24448     796
19281    26505  10167     835
19282    26515  6335     842
19283    26516  10703     888
19284    26517  2141     885
19285    26518  1391     813
19286    26519  28502     842
19287    26520  1391     840
19288    26523  2532     509
19289    26524  4894     779
19290    26535  25056     814
19291    26539  1106     818
19292    26541  27328     521
19293    50537  11996     855
19294    48541  10387     836
19295    26546  43760     814
19296    26549  13577     846
19297    26550  25181     818
19298    26560  13340     823
19299    26566  1896     871
19300    26570  28405     864
19301    26571  28406     836
19302    26572  25246     819
19303    26573  4673     858
19304    26578  25274     817
19305    26579  28196     888
19306    26583  11106     842
19307    26584  12405     810
19308    26590  21633     792
19309    26591  6640     822
19310    26600  20052     839
19311    26608  5660     797
19312    26609  25385     820
19313    26614  7061     848
19314    26623  12385     858
19315    26637  11778     846
19316    26638  27120     820
19317    26639  27121     866
19318    48342  2034     829
19319    48341  2034     879
19320    26655  22011     647
19321    26662  19386     820
19322    26677  22522     840
19323    26678  22521     865
19324    26683  27141     537
19325    26688   412     412
19326    26694  6843     845
19327    26695  9115     800
19328    26696  27146     834
19329    26697  27147     855
19330    26699  11698     536
19331    26700  12749     793
19332    26701  2987     409
19333    26707  25198     411
19334    26712  2739     452
19335    26716  25284     819
19336    26728  24246     807
19337    26729  1933     804
19338    26741  9168     820
19339    33056  27174     853
19340    26763  9934     805
19341    26765  1183     418
19342    26771  2163     272
19343    26772  2163     885
19344    26778  25994     807
19345    26782  6886     848
19346    26783  27364     860
19347    26789  26021     888
19348    26795  26066     329
19349    26796  26067     854
19350    31709   856     857
19351    26798  44717     857
19352    26800  27194     826
19353    26801  27195     824
19354    26807  27204     862
19355    26808  27201     863
19356    26809  27208     862
19357    26810  27205     863
19358    26811  27210     836
19359    26812  26088     835
19360    26813  27211     827
19361    26814  27212     864
19362    26815  26091     873
19363    26816  26094     799
19364    26817  9572     882
19365    26818  26097     824
19366    26819  26098     867
19367    26824  6037     836
19368    26829  27462     882
19369    26855  26139     798
19370    26856  3201     852
19371    26862  26151     842
19372    26863  5525     827
19373    26873  27474     883
19374    26884  27247     863
19375    26885  28315     862
19376    26886  27248     845
19377    26887  26175     867
19378    26891  10314     836
19379    26897  26188     818
19380    26906  9556     882
19381    26915  11240     805
19382    26916  26211     796
19383    26921  7304     799
19384    26922  26223     882
19385    26923  5059     883
19386    26924  26132     871
19387    26950   258     265
19388    26965  13095     818
19389    26966  26297     846
19390    26977  26313     839
19391    26980   272     279
19392    26983  1025     805
19393    26984  1025     798
19394    26987  5130     887
19395    26995  22167     871
19396    27000  26343     833
19397    27001  26344     783
19398    27008  28490     780
19399    27011  26369     874
19400    27015  1010     803
19401    27016  2436     358
19402    27017  9084     843
19403    27018  27016     358
19404    27020  63207     825
19405    27021  63208     826
19406    27022  18563     526
19407    27023   418     418
19408    27029  1627     856
19409    27030  6123     782
19410    27032  9387     868
19411    27049  34823      69
19412    27050  11718     624
19413    27063  2282     796
19414    27067  26517     885
19415    27068  26518     813
19416    27083  36543     233
19417    27086  18296     836
19418    49959  27331     823
19419    27093  11516     854
19420    27115  13551     893
19421    27120  1774     820
19422    27121  1774     866
19423    31561  26642     829
19424    27131  2901     827
19425    27139  1832     868
19426    27140  1832     524
19427    27141  11979     537
19428    27143  26688     412
19429    27146  6114     834
19430    27147  8210     855
19431    27155  17808     418
19432    27158  27352     868
19433    27169  35133     853
19434    27460  1732     853
19435    27177  7654     805
19436    27178  27362     824
19437    27180  8577     885
19438    27181  10738     272
19439    27188  26789     888
19440    27189  26795     329
19441    27190  26796     854
19442    27192  27371     857
19443    27194  27373     826
19444    27195  27374     824
19445    27201  26082     863
19446    27202  26807     862
19447    27203  26808     863
19448    27204  5734     862
19449    27205  1734     863
19450    27206  26809     862
19451    27207  26810     863
19452    27208  26083     862
19453    27209  26812     835
19454    27210  1311     836
19455    27211  1311     827
19456    27212  2249     864
19457    27213  26815     873
19458    27246  26885     862
19459    27247  9315     863
19460    27248  1628     845
19461    28441  1628     857
19462    27250  26887     867
19463    27270  9708     894
19464    28478   273     274
19465    27295  4815     867
19466    27306  27008     780
19467    27309  27011     874
19468    27312  27020     825
19469    27313  27021     826
19470    27328  4063     521
19471    44549  27433     823
19472    27338  27126     829
19473    27339  31563     814
19474    27352  7090     868
19475    27354  26541     521
19476    30923  27169     853
19477    27358  25261     419
19478    27360  5749     796
19479    27362  27449     824
19480    27364  4721     860
19481    27365  4718     827
19482    27366  5537     842
19483    27369  27189     329
19484    27370  27190     854
19485    28556  1806     857
19486    27373  1200     826
19487    27374  1200     824
19488    27379  27174     853
19489    27385  4340     818
19490    27408  11196     892
19491    27409  12444     829
19492    27425  27312     825
19493    27426  27313     826
19494    27431  12926     408
19495    27433  27491     823
19496    27444  27355     853
19497    27449  1183     824
19498    27455  27371     857
19499    27460  27379     853
19500    27462  2093     882
19501    27469  6064     545
19502    27470  8124     845
19503    27474  7305     883
19504    27478  27408     892
19505    27479  27409     829
19506    27486  27425     825
19507    27487  27426     826
19508    27491  27510     823
19509    27493  27444     853
19510    27506  27478     892
19511    27507  27479     829
19512    27508  27486     825
19513    27509  27487     826
19514    27510  27518     823
19515    27516  27508     825
19516    27517  27509     826
19517    27518  1896     823
19518    27521  11077     239
19519    27522  7693     816
19520    27523  32889     240
19521    27524  27523     240
19522    27527  10198     820
19523    27530   934     110
19524    27531  12273     785
19525    34647  35962     676
19526    27535  37458     123
19527    27536   938     786
19528    27537  5911     705
19529    27538  34748     888
19530    27539  5141     810
19531    27540  27539     810
19532    27542  28573     855
19533    27543  1326     836
19534    27544  1326     834
19535    27546  13047     813
19536    27549  5035     842
19537    27550  6283     810
19538    27552  2543     531
19539    27553  5315     778
19540    27554  2638     779
19541    27555  1218     827
19542    27556  28580     776
19543    27558  6884     848
19544    27559  13684     851
19545    27562   530     531
19546    27563  8772     805
19547    27564  2697     795
19548    27565  28589     852
19549    27566  4429     798
19550    27567  11105     824
19551    27569  13029     880
19552    27570  13033     879
19553    27573  7272     882
19554    27574  7207     874
19555    27575  3814     820
19556    27576  7414     867
19557    27577  3974     438
19558    27578  2616     778
19559    27579  3987     531
19560    27580  30642     530
19561    27585   529     530
19562    27588  11121     540
19563    27589  9097     793
19564    27590  30426     858
19565    27592  11244     796
19566    27593  9219     805
19567    27594  3476     870
19568    27596  5177     890
19569    27597  9698     893
19570    27602  28618     867
19571    27603  7602     852
19572    27604  28619     828
19573    27606  5666     816
19574    27608  6044     824
19575    27609  12922     840
19576    27614  10940     247
19577    27615  10939     816
19578    27616  7959     794
19579    27617  10239     782
19580    27625  31309     886
19581    27626  28643     848
19582    27629  27631     828
19583    27630  27633     867
19584    27631  9768     828
19585    27632  27630     867
19586    27633  10529     867
19587    27634  27629     828
19588    27635  11578     798
19589    27636  12103     852
19590    27638  9819     852
19591    27644  7918     797
19592    27645  5940     820
19593    27646  2905     827
19594    27647  10159     776
19595    27649  7851     793
19596    27650  2613     777
19597    27653  7853     777
19598    27654  7847     433
19599    27657   776     776
19600    27658   776     777
19601    27659  1103     817
19602    27660  34653     787
19603    27661  6238     805
19604    27662  3545     852
19605    27663  31413     880
19606    27667  2064     805
19607    27671  8532     888
19608    27672  12193     840
19609    27673  5235     885
19610    27674  6379     882
19611    27680  5841     719
19612    27685  8540     840
19613    27686  10711     888
19614    27688  28685     111
19615    27689  10874     785
19616    27690  11962     824
19617    27691  29797     888
19618    27692  11963     840
19619    27693  12150     880
19620    27694  7232     879
19621    27695  5357     797
19622    27696  13642     871
19623    27701  4139     810
19624    27702  11814     835
19625    27708  9413     863
19626    27716  8784     859
19627    27728   525     526
19628    27729  7891     793
19629    27730  5922     512
19630    27733  7088     836
19631    27738  28715     880
19632    27739  28716     879
19633    27744  8312     856
19634    27749  18227     882
19635    27756  9392     868
19636    27760  18119     822
19637    27764  11208     868
19638    27770  24812     823
19639    27773  30834     520
19640    27774  40154     820
19641    27783  24716     839
19642    27786  38124     369
19643    27792  2619     778
19644    27793  28748     818
19645    27794  25121     882
19646    27795  6285     885
19647    27802  7260     799
19648    27812  33500     859
19649    27813  33501     868
19650    27965  2796     788
19651    27818  5186     890
19652    27819  17256     804
19653    27820  17254     871
19654    27821  12535     845
19655    27823  4629     855
19656    27824  7904     814
19657    27825  11873     807
19658    33863  1925     821
19659    27827  10582     848
19660    27829  5438     815
19661    27830  9764     798
19662    27831  14013     821
19663    27833  17255     860
19664    27837  6789     799
19665    27839  6534     799
19666    27840  10841     778
19667    27841  8699     437
19668    27842  7387     801
19669    27843  10515     852
19670    27844  30548     885
19671    27846  5744     867
19672    27847  7603     798
19673    27848  4606     852
19674    45354  5220     872
19675    45353  3611     776
19676    27852  28795     888
19677    27853  10024     863
19678    27861  7725     828
19679    27864  28808     877
19680    27865  18569     804
19681    27869  1744     863
19682    27870  34655     534
19683    27871  28811     837
19684    27872  28812     856
19685    27875  6762     836
19686    27878   902     437
19687    27879   902     778
19688    27886  8809     776
19689    27889  41790     864
19690    27890  41791     873
19691    27892  12127     887
19692    27896  18024     829
19693    27897  3573     805
19694    48640  28833     824
19695    48639  28834     860
19696    27901  27903     889
19697    27902  3789     854
19698    27903  2263     889
19699    27904  10727     889
19700    27905  12203     854
19701    27909   964     777
19702    27910   964     793
19703    27911  2612     432
19704    27912  7578     837
19705    27913  5427     806
19706    27915  1763     845
19707    27916  31530     864
19708    27918  1246     829
19709    27919  24851     814
19710    27922  25673     829
19711    27924  27926     814
19712    27926  1246     814
19713    27942  28851     860
19714    27943  28852     800
19715    27950  1618     799
19716    27951  2360     894
19717    27952  1618     856
19718    27953  22763     856
19719    27954  27955     799
19720    27955  27956     799
19721    27956  1618     799
19722    27964  1740     863
19723    27965  27817     788
19724    27967  6932     855
19725    27968  8311     820
19726    27969  8310     866
19727    27972  12672     890
19728    28763  1021     452
19729    28762  1021     804
19730    27985  25748     408
19731    27993  26086     836
19732    28000  10553     869
19733    28013  7610     798
19734    28014  26140     852
19735    28015  5529     860
19736    28017  26152     827
19737    28018  4726     842
19738    28019  30471     860
19739    28031  28912     863
19740    28032  28920     862
19741    28049  7616     796
19742    28050  26212     805
19743    28060  12021     807
19744    28064  1707     820
19745    28091  10950     846
19746    28092  26298     818
19747    28105  1940     840
19748    28106  1808     840
19749    28107  3535     873
19750    28108  3531     867
19751    28119  4031     110
19752    28130  13459     855
19753    28170  34696     884
19754    28171  24302     819
19755    28172  1448     845
19756    28173  6832     845
19757    28176  29006     542
19758    28184  39212     814
19759    29128  1599     836
19760    29127  1599     855
19761    28191  8131     840
19762    28192  6068     800
19763    29016  2248     888
19764    28200  4654     856
19765    28202  37939     801
19766    28203  37940     888
19767    28204  7174     871
19768    28205  2046     880
19769    28206  2046     857
19770    28213  35055     804
19771    28214  28213     804
19772    28219  18135     827
19773    28220  18134     798
19774    28225  3815     807
19775    28227  9938     846
19776    28237  2686     793
19777    28238  4064     533
19778    28264  12027     790
19779    28278  26095     883
19780    28279  5082     824
19781    28285  26120     836
19782    28295  2958     818
19783    28299  26102     817
19784    28300  26103     818
19785    28309  1243     784
19786    28312  26167     824
19787    28315  26172     862
19788    28316  26884     863
19789    28321  1204     799
19790    28322  10989     827
19791    28329  31492     880
19792    28330  6309     885
19793    28331  8506     874
19794    28361  5955     457
19795    28366  27017     843
19796    28397  28186     855
19797    28398  28185     836
19798    28575  29129     814
19799    28574  29130     836
19800    28404  9978     787
19801    28405  1950     864
19802    28406  1951     836
19803    28415  4791     848
19804    28419  5049     882
19805    28431  7109     869
19806    28438  2237     807
19807    28439  6887     871
19808    28441  27249     857
19809    28469  4124     804
19810    28470  4122     492
19811    28475  26924     871
19812    28476  12235     165
19813    28478  27276     274
19814    28479  11947     836
19815    28489  26362     488
19816    28490   926     780
19817    28498   926     488
19818    28493   779     780
19819    28495  28493     780
19820    28498  28492     488
19821    28502  3756     842
19822    28504  29203     888
19823    29596  1318     836
19824    28537  1183     418
19825    28544  1447     845
19826    28545  1447     545
19827    28556  27455     857
19828    28563  11195     848
19829    28567   424     424
19830    28573  29240     855
19831    28574  28400     836
19832    28575  28399     814
19833    28580  4275     776
19834    28581  27555     827
19835    28588  27566     798
19836    28589  5485     852
19837    28593  12148     871
19838    28604  30614     415
19839    28617  27603     852
19840    28618  1811     867
19841    28619  1811     828
19842    28643  12648     848
19843    28644  27625     886
19844    28648  7536     798
19845    28652  1692     827
19846    28653  1692     861
19847    28655  7917     871
19848    28665  5140     824
19849    28667  3857     893
19850    28674  12612     799
19851    28682  3761     824
19852    28685   110     111
19853    28692   488     488
19854    28693   488     489
19855    28702  4821     836
19856    28715  29323     880
19857    28716  29324     879
19858    28741  34677     859
19859    28744  1757     800
19860    28748  1107     818
19861    39950  2332     893
19862    28752  42457     836
19863    28753  48507     890
19864    28758  4436     840
19865    28759  6844     845
19866    28762  27979     804
19867    28763  27978     452
19868    28772  27826     821
19869    28793  27846     867
19870    28794  27847     798
19871    28795  7368     888
19872    28798  24167     807
19873    28807  10027     862
19874    28808  4961     877
19875    28811  1622     837
19876    28812  1622     856
19877    28826  27889     864
19878    28827  27890     873
19879    43577  29370     824
19880    43576  29371     860
19881    28838  27909     777
19882    28839  27912     837
19883    28840  27913     806
19884    28841  27915     845
19885    28844  1246     829
19886    28848  5178     817
19887    28850  2544     533
19888    28851  1686     860
19889    28852  1686     800
19890    28856  2361     894
19891    28857  2361     799
19892    28874  2517     493
19893    28881  29394     523
19894    28883  6995     860
19895    28893  29694     869
19896    28901  8060     836
19897    28912  26173     863
19898    28913  28032     862
19899    28920  5554     862
19900    28921  28031     863
19901    28932  8935     828
19902    28935  10589     836
19903    28936  8384     873
19904    28943  1708     828
19905    28944  1708     861
19906    28949  9014     836
19907    28950  9011     816
19908    28951  11080     259
19909    28969  1661     858
19910    28982  27786     369
19911    28989  2632     412
19912    28995  4069     402
19913    29001  1448     819
19914    29002  1127     544
19915    29005  2690     793
19916    29006   542     542
19917    29011  37889     814
19918    29012  51980     845
19919    29016  28196     888
19920    29025  3943     275
19921    29032  29489     845
19922    29035  22211     852
19923    29050  3121     845
19924    29060  28295     818
19925    29071  29741     829
19926    29115  19522     801
19927    29121  36459     817
19928    29122  10767     790
19929    29126  42306     834
19930    29127  28397     855
19931    29128  28398     836
19932    29129  1325     814
19933    29130  1325     836
19934    29133  13340     823
19935    29137  2888     799
19936    29139  12556     852
19937    29140  11349     867
19938    29144  22487     644
19939    29149  26695     800
19940    29154  6022     536
19941    29155  8050     793
19942    29165  2236     829
19943    29166  2236     888
19944    29196  29580     487
19945    29197  1054     810
19946    29203  8535     888
19947    29206  5091     840
19948    29207  5136     885
19949    29240  29607     855
19950    29243  5314     420
19951    29248  28593     871
19952    29280  8838     816
19953    29281   977     782
19954    29282   977     794
19955    29289  27579     531
19956    29306  29819     814
19957    29317  28702     836
19958    29323  29655     880
19959    29324  29656     879
19960    29327  8122     399
19961    29333  29661     864
19962    29348  28793     867
19963    29349  28794     798
19964    29368  28826     864
19965    29369  28827     873
19966    29370  29676     824
19967    29371  29677     860
19968    29372  27901     889
19969    29375  28839     837
19970    29376  28840     806
19971    29394  23923     523
19972    29400  27580     530
19973    29415  6690     824
19974    29419  36265     870
19975    29420  36916     871
19976    35993  1890     853
19977    29430  28935     836
19978    29431  28936     873
19979    29437  3795     890
19980    29446  4285     516
19981    29448  9395     868
19982    29455  1729     862
19983    29456  1729     803
19984    29460  29720     873
19985    29472  24301     845
19986    29476   542     543
19987    29478  4599     798
19988    29479  29011     814
19989    29488  11984     820
19990    29489  11986     845
19991    29494  34770     815
19992    29528  1420     843
19993    29530  1420     803
19994    29545  9012     836
19995    29547  29137     799
19996    29548  12335     839
19997    29552  40085     880
19998    29553  40086     890
19999    29555  28758     840
20000    29556  28759     845
20001    29575  8057     836
20002    29576  11948     816
20003    29580   487     487
20004    29582  40093     810
20005    29596  28514     836
20006    29607  1600     855
20007    29612  5829     413
20008    29617  5356     798
20009    29620  2779     814
20010    29623  5085     884
20011    29637  5773     842
20012    29641  2920     828
20013    29647  8739     785
20014    29655  6262     880
20015    29656  8437     879
20016    29661  1757     864
20017    29662  8298     865
20018    29663  1757     800
20019    29665  1557     852
20020    29667  1757     864
20021    29670  1829     839
20022    29671  1829     868
20023    29673  29368     864
20024    29674  29369     873
20025    29676  29828     824
20026    29677  29829     860
20027    29681  29375     837
20028    29682  29376     806
20029    29687  7464     890
20030    29694  4838     869
20031    29695  1466     828
20032    29696  1466     845
20033    29720  1940     873
20034    29727  29479     814
20035    29737  28901     836
20036    29741  1243     829
20037    29750  1253     830
20038    29744  1243     784
20039    29749  1253     784
20040    29746  26158     830
20041    29749  29745     784
20042    29750  29743     830
20043    29763  29555     840
20044    29764  29556     845
20045    29797  8088     888
20046    29798  11963     840
20047    29799  10340     824
20048    29811  29637     842
20049    29812  12783     827
20050    29817  10712     888
20051    29818  10709     840
20052    29819  7653     814
20053    29823  1556     852
20054    29824  1556     840
20055    29828  29886     824
20056    29829  29887     860
20057    29830  7391     889
20058    29834  29892     878
20059    29844  44941     796
20060    29845  44942     845
20061    29878  11733     861
20062    29886  1678     824
20063    29887  1678     860
20064    29892  12673     878
20065    29908  29623     884
20066    29910  29620     814
20067    29927  5585     870
20068    29928  10028     863
20069    29932  29949     840
20070    29933  29985     884
20071    29934  1156     810
20072    29935  29936     821
20073    29936  29937     821
20074    29937  1156     821
20075    29938  29941     810
20076    29941  1156     810
20077    29942  1156     821
20078    29943  29944     840
20079    29944  1389     840
20080    29946  29948     821
20081    29948  1389     821
20082    29949  1389     840
20083    29950  29933     884
20084    29955  29950     884
20085    29957  1196     821
20086    29958  29957     821
20087    29959  8495     884
20088    29961  29959     884
20089    29964  29969     824
20090    29965  29966     821
20091    29966  29970     821
20092    29969  1196     824
20093    29970  29972     821
20094    29972  29973     821
20095    29973  29975     821
20096    29975  1196     821
20097    29976  29978     824
20098    29978  1196     824
20099    29982  2881     824
20100    29984  29982     824
20101    29985  3693     884
20102    29986  29932     840
20103    29987  29934     810
20104    29992  6790     840
20105    30002  3693     884
20106    30003  30005     810
20107    30004  30006     840
20108    30005  1388     810
20109    30006  1388     840
20110    30022  3194     840
20111    30023  3196     800
20112    30027  31621     796
20113    30028  30681     805
20114    30029  7040     863
20115    30030  30683     824
20116    30031  1882     835
20117    30032  39901     862
20118    30033  1882     870
20119    30035  34995     866
20120    30036  30037     886
20121    30037  30689     886
20122    30038  40677     791
20123    30039  30040     791
20124    30040  30690     791
20125    42828  30042     807
20126    36683  36691     807
20127    30043  6031     798
20128    30044  2358     837
20129    30045  8066     791
20130    30046  35288     894
20131    30047  8002     236
20132    30048  1214     827
20133    30049  6223     871
20134    30050  1900     511
20135    30051  5933     526
20136    30052  2499     457
20137    30053  3373     863
20138    30054  9912     870
20139    30055  13186     863
20140    30056  11320     862
20141    30060  12514     863
20142    30061  4752     862
20143    30063  8020     832
20144    30064  4666     857
20145    30065  10435     878
20146    30066  3499     511
20147    30067  1901     871
20148    30068  1901     777
20149    30069  1056     456
20150    30072   923     435
20151    30073   923     779
20152    30074  1911     871
20153    30075  4908     824
20154    30076  1911     800
20155    30077  5505     796
20156    30078  12484     805
20157    30080  30083     827
20158    30081  5993     236
20159    30082  30081     236
20160    30083  2899     827
20161    30092  32211     880
20162    30095  12514     863
20163    30096  12524     862
20164    30097  13242     880
20165    30098  3625     874
20166    30099  9462     874
20167    30100   508     508
20168    30101  1530     842
20169    30102  8252     827
20170    30105  1899     871
20171    30106  1899     793
20172    30108  7320     884
20173    30118  17792     852
20174    30125   645     646
20175    30132  10963     817
20176    30135  4732     861
20177    30141  1745     411
20178    30142  1746     863
20179    30143  33015     793
20180    30147  25086     541
20181    30150  1685     808
20182    30151  1685     860
20183    30152  3713     885
20184    30153  1318     418
20185    30158  9696     894
20186    30160  9351     865
20187    30164  2467     408
20188    30166  42881     835
20189    30168  7571     835
20190    30170  26092     864
20191    30171  7172     873
20192    30173  4571     848
20193    30174  5115     886
20194    30176   232     238
20195    30194  21569     647
20196    30195  5493     852
20197    30198   537     537
20198    30203  4736     862
20199    30204  8264     839
20200    30205  9654     720
20201    30206  11560     776
20202    30207  11303     863
20203    30208  12517     819
20204    30209  30953     883
20205    30210  3643     882
20206    30211  1474     846
20207    30212  1474     832
20208    30213  11146     833
20209    30215  8562     894
20210    30218  1195     810
20211    30219  1195     824
20212    30224  24443     509
20213    30228  8464     867
20214    30229  10259     792
20215    30230  4228     822
20216    30232  12386     794
20217    30233  31874     793
20218    30249  9992     624
20219    30261   253     254
20220    30262  34019     880
20221    30269  2285     890
20222    30270  3259     856
20223    30271  35744     837
20224    30272  2286     837
20225    30273  2286     890
20226    30274  18190     882
20227    30281  2550     541
20228    30282  1450     845
20229    30283  1450     793
20230    30298  30785     843
20231    30299  30786     358
20232    30301  1939     873
20233    30302  30303     867
20234    30303  1939     867
20235    30305  1801     278
20236    30306  1801     867
20237    30308  9563     884
20238    30310   524     524
20239    30311  30796     796
20240    30312  30797     798
20241    30313  5742     867
20242    30314  10499     865
20243    30315  8289     864
20244    30317  11609     782
20245    30344  36022     888
20246    38050  2223     821
20247    30350  3475     870
20248    30351  30810     874
20249    30363  8876     817
20250    30368  40446     852
20251    30383  3378     864
20252    30384  2069     836
20253    30386  1460     798
20254    30387  1460     845
20255    30400  2541     524
20256    30401  7094     868
20257    30406  30832     867
20258    30407  30833     845
20259    30419  8335     852
20260    30420  6739     798
20261    30426  31845     858
20262    30430  27616     794
20263    30431  27617     782
20264    30433  4892     508
20265    30434  7854     777
20266    30439  10674     885
20267    30440  8497     888
20268    30441  7315     884
20269    30450   277     277
20270    30471  3314     860
20271    30473   982     791
20272    30474   982     796
20273    30479  6834     544
20274    30480  11006     819
20275    30481  3105     845
20276    30482   543     543
20277    30499  7392     801
20278    30501  10620     871
20279    30512  30921     779
20280    30520  2081     882
20281    30521  6283     810
20282    30524   413     413
20283    30527  8532     888
20284    30528  10710     840
20285    30529  28665     824
20286    30530  28667     893
20287    30531  27680     719
20288    30533  10035     840
20289    30537  4694     859
20290    30542  30884     885
20291    30885  3650     882
20292    30548  2168     885
20293    30549  6176     852
20294    30558  6558     808
20295    30562   536     536
20296    30571  2923     828
20297    30584  28176     542
20298    30590   452     452
20299    30595   399     399
20300    30606  2870     824
20301    30614  2471     415
20302    30628  6907     845
20303    30630  3117     845
20304    30642  2542     530
20305    30644  10707     824
20306    30645  38480     867
20307    42301  1366     839
20308    30650  1366     839
20309    30663  10019     827
20310    30672  29910     814
20311    30680  6791     810
20312    30681  6951     805
20313    30682  30027     796
20314    30683  1296     824
20315    30684  30029     863
20316    30689  2197     886
20317    30690  33109     791
20318    30691  30035     866
20319    30714  1103     787
20320    30725  30150     808
20321    30726  30151     860
20322    30735  8401     814
20323    30736  34778     885
20324    30740  11062     858
20325    30743  30176     238
20326    30747  9417     870
20327    30749  25279     814
20328    30766  22213     799
20329    30785  1421     843
20330    30786  1421     358
20331    30788  30789     800
20332    30789  1938     800
20333    30792  7375     776
20334    30796  30973     796
20335    30797  30974     798
20336    37824  11276     808
20337    37823  9275     776
20338    30810  21934     874
20339    30825  11351     828
20340    30832  30986     867
20341    30833  30987     845
20342    30834   520     520
20343    30839  36129     519
20344    30840  6784     838
20345    30861  4325     807
20346    30867  30501     871
20347    30868  2634     532
20348    30870  2170     798
20349    30871  2171     805
20350    30872  41383     885
20351    30875  6297     882
20352    30884  6285     885
20353    30885  30543     882
20354    30890  31014     856
20355    30891  31015     894
20356    30900   972     542
20357    30901   972     793
20358    30921  31022     779
20359    30923  27355     853
20360    30944  30166     835
20361    30949  30749     814
20362    30950  26467     538
20363    30953  5060     883
20364    30957  1636     802
20365    30958  29121     817
20366    30959  29122     790
20367    38347  5262     894
20368    30973   995     796
20369    30974   995     798
20370    30978  30800     808
20371    30979  30801     776
20372    30983  7153     509
20373    30986  1807     867
20374    30987  1807     845
20375    31005  30870     798
20376    31006  30871     805
20377    31012  4273     827
20378    31013  6481     776
20379    31014  2360     856
20380    31015  2360     894
20381    31022   779     779
20382    31024  39845     845
20383    31027  21140     401
20384    31028  4510     543
20385    31029  30944     835
20386    31032  7303     883
20387    31038  5666     816
20388    31042  30978     808
20389    31043  30979     776
20390    31069   948     788
20391    31073  31912     227
20392    31074   221     222
20393    31075  1131     820
20394    31076  31913     820
20395    62224   820     820
20396    31079  4138     810
20397    31080  33386     799
20398    39902  1723     835
20399    31083  9823     357
20400    31084  5693     843
20401    31085  1525     842
20402    31086  1531     827
20403    31087  31112     781
20404    31088  31119     804
20405    31089  31097     804
20406    31090  31096     781
20407    31091  1843     781
20408    31092  31111     804
20409    31093  31095     804
20410    31094  31098     781
20411    31095  31088     804
20412    31096  31094     781
20413    31097  31093     804
20414    31098  31087     781
20415    31101  52107     868
20416    31108  31917     868
20417    31111  31089     804
20418    31112  31091     781
20419    31113  31101     868
20420    31114  31113     868
20421    31118  1024     781
20422    31119  1024     804
20423    31121  38447     869
20424    31122  43129     807
20425    31124  40020     872
20426    31125  31922     882
20427    31126  40021     888
20428    31127  31923     851
20429    31128   398     398
20430    31129  6317     848
20431    31130  5608     886
20432    31132  2756     809
20433    43263  1053     804
20434    31134  31927     779
20435    31135  31928     804
20436    31136  8169     852
20437    31137  8167     837
20438    31138  31932     882
20439    31139  31934     883
20440    31140  9564     799
20441    31141  4006     525
20442    31142  34321     889
20443    31143  31936     817
20444    31145  9488     880
20445    31146  9485     874
20446    31147  11756     796
20447    31148  5751     805
20448    31150  4497     843
20449    31151  31940     356
20450    31152  31943     805
20451    31153  33175     796
20452    31154  3633     866
20453    31155  2065     798
20454    31156  2065     880
20455    31157  1066     814
20456    31159  4970     796
20457    31160  10049     805
20458    31162  11646     860
20459    31163  10612     848
20460    31164   459     460
20461    31165  6828     793
20462    31166  31949     805
20463    31167  33181     796
20464    31168  7199     880
20465    31169  4948     874
20466    31171  11529     890
20467    31172  5106     885
20468    31173  31954     787
20469    31174  34801      90
20470    31176  5389     797
20471    31177  11908     820
20472    31178  2976     834
20473    31179  6018     846
20474    31180  3047     840
20475    31181  11956     824
20476    31182  8089     840
20477    31189   949     788
20478    31195  23269     781
20479    31196  1844     804
20480    31203  2656     785
20481    31205  12561     828
20482    31206  31974     794
20483    31220  33196     625
20484    31225  5165     889
20485    31226   625     626
20486    31229   516     516
20487    31230  8929     827
20488    31233  31992     160
20489    31234  31993     776
20490    31236  18282     845
20491    31241  13573     820
20492    31243  3366     863
20493    31244  5726     862
20494    31248  6198     868
20495    31249  8344     838
20496    31253  3748     887
20497    31256  12601     885
20498    31265  4903     871
20499    31258  4902     827
20500    31259  9416     873
20501    31260  7121     865
20502    31263  17247     804
20503    31264  1125     819
20504    31265  31257     871
20505    31270  32012     882
20506    31274  21405     780
20507    31278  9632     854
20508    31279  9066     842
20509    31280  11109     810
20510    31283  20535      92
20511    31296  5189     890
20512    31297  27180     885
20513    31298  27181     272
20514    31299  53920     827
20515    31300  53921     871
20516    31308  27626     848
20517    31309  9612     886
20518    31310  4942     852
20519    31311  2063     880
20520    31312  3632     805
20521    31314  8784     859
20522    32003  32306     838
20523    32002  32307     868
20524    31318  13426     835
20525    31335  12016     846
20526    31336  10424     855
20527    40647  3605     874
20528    40646  3606     879
20529    31342  18287     804
20530    31348  1446     546
20531    31349  1446     845
20532    31355   665     665
20533    31357  4557     788
20534    31364  1137     820
20535    31371  7921     846
20536    31377  3195     852
20537    31378  4600     865
20538    31380  33412     256
20539    31393  42968     275
20540    31402  32071     855
20541    31403  32072     834
20542    31406  27431     408
20543    31413  2064     880
20544    31417   458     458
20545    31418  34838     487
20546    31425  4269     827
20547    31451  2059     867
20548    31452  2059     880
20549    31464  36086     868
20550    31467  2260     835
20551    31477  4797     279
20552    31480  4896     871
20553    31492  2070     880
20554    31495  34975     873
20555    31498  11076     824
20556    31506  34877     885
20557    31507  6332     842
20558    31508  6333     888
20559    31509  8537     840
20560    31510  10705     813
20561    31521  21188     815
20562    31522  1511     848
20563    31523  3255     856
20564    35366  1511     807
20565    31526  8629     848
20566    31530  6093     864
20567    31544  8773     816
20568    31553  4095     798
20569    31561  27126     829
20570    31562  38711     879
20571    31563  2035     814
20572    31566  3302     860
20573    31567  6140     824
20574    32207  1201     827
20575    32206  1201     803
20576    31570  6685     828
20577    31597  1737     858
20578    31598  1737     863
20579    32142  7273     882
20580    32141  2119     883
20581    32140  2119     799
20582    31614  40030     796
20583    31621  9231     796
20584    31622  30028     805
20585    35775  4889     793
20586    31636  7054     865
20587    31639  20411     888
20588    33977  2135     840
20589    33976  2135     884
20590    31650  42893     824
20591    31651  12746     810
20592    31654  36561     894
20593    31659   254     254
20594    31664  30271     837
20595    31666  32169     863
20596    31667  31668     803
20597    31668  32170     803
20598    31669  4869     870
20599    31676  30317     782
20600    31684   507     507
20601    31685  4460     507
20602    38850  2453     387
20603    31689   509     509
20604    31701  9139     846
20605    31702  1473     846
20606    31703  1473     833
20607    31704  5691     832
20608    31709  26797     857
20609    31711  4295     824
20610    31717  7100     868
20611    31723  2531     507
20612    31736   719     720
20613    35052   877     877
20614    31742  6673     827
20615    31743  8921     776
20616    31745  4715     860
20617    31752  9408     862
20618    31764  32196     828
20619    31765  31768     415
20620    31766  32197     529
20621    36144  31764     828
20622    31768  1237     415
20623    31774  1819     839
20624    31775  1819     867
20625    31776  32199     867
20626    31777  32200     840
20627    31785  7007     861
20628    31786  9286     860
20629    31787  11551     893
20630    31788  2338     878
20631    31790  33997     852
20632    32498  1561     852
20633    32497   992     798
20634    31802  1390     824
20635    31803  1390     840
20636    31806  43096     837
20637    31808  3108     404
20638    31819  30233     793
20639    34981  4693     859
20640    31838  34982     836
20641    31839  2068     880
20642    31840  5026     836
20643    31841  7269     873
20644    31845  1658     858
20645    31860  32233     412
20646    31874  8118     793
20647    31879  3855     893
20648    31897  32254     864
20649    36234  1758     864
20650    31899  36233     817
20651    31902  5032     882
20652    31903  1204     827
20653    31904  1204     799
20654    31908  31069     788
20655    31909  40331      54
20656    31910  33372     611
20657    31911  31074     222
20658    31912   226     227
20659    31913  32258     820
20660    31914  31077     820
20661    31916  31081     835
20662    31917  1843     868
20663    31921  31124     872
20664    31922  2111     882
20665    31923  2111     851
20666    31926  31132     809
20667    31927  32387     779
20668    31928  32388     804
20669    31929  32263     804
20670    31930  38720     779
20671    42284  1047     809
20672    31932  7302     882
20673    31933  31139     883
20674    31934  7294     883
20675    31935  31138     882
20676    31936  4172     817
20677    31937  31142     889
20678    31940   356     356
20679    31941  31150     843
20680    31942  31153     796
20681    31943  4972     805
20682    31944  33471     874
20683    31948  31167     796
20684    31949  11253     805
20685    31953  31174      90
20686    31954  9749     787
20687    31974  6766     794
20688    31975  5045     820
20689    31980  4863     870
20690    31992   896     160
20691    34014   896     776
20692    32002  31317     868
20693    32003  31316     838
20694    32012  7282     882
20695    32016  4329     832
20696    32020  35069     859
20697    32021  26088     835
20698    32024  31312     805
20699    32027  35092     820
20700    32038  31337     874
20701    32039  31338     879
20702    38072  10183     859
20703    32054  10456     823
20704    32055  32054     823
20705    32068   817     817
20706    32069   817     818
20707    32071  1604     855
20708    32072  1604     834
20709    32078  37321     885
20710    32079  43095     810
20711    32094  22706     805
20712    32095  7215     796
20713    32099  4895     510
20714    32109  32337     165
20715    32110  31506     885
20716    32111  31507     842
20717    32115  8172     798
20718    32123  36049     644
20719    32132  8385     864
20720    32138  32345     800
20721    32140  31604     799
20722    32141  31603     883
20723    32142  31602     882
20724    32144  35077     796
20725    32149  10014     827
20726    32150  5499     852
20727    32151  1668     836
20728    32152  1668     859
20729    32156  3721     885
20730    32164  21171     796
20731    32169  1738     863
20732    32170  1738     803
20733    32183  26369     874
20734    32189  31742     827
20735    32190  31743     776
20736    32196  1236     828
20737    32197  1236     529
20738    32199  1808     867
20739    32200  1808     840
20740    32206  31569     803
20741    32207  31568     827
20742    32209  32369     782
20743    32211  7340     880
20744    32216  9019     816
20745    32224  12619     813
20746    32225  37844     799
20747    32230  23729     781
20748    32233   411     412
20749    32244  17841     880
20750    32245  17840     874
20751    32247  25513     820
20752    32248  25514     866
20753    32249  8636     894
20754    32254  2175     864
20755    32255  36230     864
20756    32258  1132     820
20757    32261  31921     872
20758    32262  31926     809
20759    32263  1045     804
20760    32264  5164     788
20761    32298  31686     387
20762    35090  27083     233
20763    32302  8019     783
20764    32306  1840     838
20765    32307  1840     868
20766    32323  5725     863
20767    32337  10790     165
20768    32343  32132     864
20769    32345  4382     800
20770    32358  5042     882
20771    32369  32437     782
20772    32373  9083     803
20773    32380  32244     880
20774    32381  32245     874
20775    32387  1019     779
20776    32388  1019     804
20777    32389  31930     779
20778    32390  31931     809
20779    32397  40058     870
20780    32407  32300     233
20781    32412  32027     820
20782    32415  9269     859
20783    32416  6986     836
20784    32426  9728     894
20785    32437  1095     782
20786    32438  33530     817
20787    33531  2188     886
20788    32470  46266     245
20789    40432   787     788
20790    32472  10789     165
20791    32473  7497     894
20792    32491  32507     798
20793    32492  32502     852
20794    32493  2994     526
20795    32494  32493     526
20796    32497  31799     798
20797    32498  31798     852
20798    32501  1561     526
20799    32502  1561     852
20800    32505  30051     526
20801    32506  1560     419
20802    32507   993     798
20803    32508  32511     852
20804    32509  32517     798
20805    32510   993     419
20806    32511  1560     852
20807    32512  32509     798
20808    32514  32522     419
20809    32517  6095     798
20810    32518  32508     852
20811    32522  1560     419
20812    32523  1560     852
20813    32527  6095     798
20814    32534  8177     852
20815    32541  1460     845
20816    32542  8296     798
20817    32546  1552     796
20818    32547  1552     852
20819    32548  34080     866
20820    32550  8546     882
20821    32551  33558     851
20822    32552  10716     872
20823    32553  3844     892
20824    32554  2316     848
20825    32555  8957     829
20826    32556  10775     863
20827    32557  34317     894
20828    32563  11173     794
20829    32564  4546     790
20830    32565  8839     816
20831    32566   801     801
20832    32567  33568     802
20833    32569  1213     286
20834    32570   234     235
20835    32571   535     535
20836    32572  6049     842
20837    32573  1526     827
20838    32574  8095     800
20839    32577  1524     850
20840    32580  6193     859
20841    32582  1901     777
20842    32583  7156     871
20843    32585  8419     852
20844    32587  7253     879
20845    32588  7241     880
20846    32589  6264     782
20847    32590   994     798
20848    32592  2138     824
20849    32593  10331     840
20850    32594  2138     884
20851    32595  3787     889
20852    32596  33583     817
20853    32597  9461     874
20854    32598  5191     820
20855    32599  33585     867
20856    32601  7443     837
20857    32609  7695     805
20858    32610  9990     836
20859    32611  9989     806
20860    32614  11607     820
20861    32617  10324     833
20862    32618  10362     832
20863    32622  1852     828
20864    32623  1852     869
20865    32625  5245     893
20866    32626  11548     890
20867    32628  3896     894
20868    32635  1564     793
20869    32636  5569     863
20870    32637  9347     870
20871    32642  1113     802
20872    32643  33619     801
20873    32644  1113     818
20874    32645  5989     812
20875    32646  8170     805
20876    32647  1871     870
20877    32648  3486     871
20878    32649  3597     798
20879    32650  2023     782
20880    32651  33629     879
20881    32652  3392     866
20882    32653  10627     879
20883    32654  9857     880
20884    32657  13063     875
20885    32658  1083     805
20886    32659  1083     816
20887    32662  6985     859
20888    32667  3591     879
20889    32668  3612     880
20890    32671  6983     859
20891    32674  2911     798
20892    32675  5495     852
20893    32679  11150     832
20894    32680  11154     833
20895    32681  10048     796
20896    32682  5750     805
20897    32683   250     250
20898    32686  11610     519
20899    32693  12033     819
20900    32694  11656     858
20901    32697  3380     798
20902    32698  6168     845
20903    32699  3383     864
20904    32700  33660     864
20905    32701  35164     873
20906    32703  3831     871
20907    32705  8628     863
20908    32708  6897     852
20909    32718  36058     400
20910    32719  4518     840
20911    32725  7642     863
20912    32726  1870     870
20913    32727  36295     800
20914    32728  7107     869
20915    32729  9401     845
20916    32730  4523     828
20917    32731  2157     829
20918    32732  2157     885
20919    32733  33682     891
20920    32740  5557     863
20921    32748  10323     846
20922    32749  5460     832
20923    32750  8115     833
20924    32751  8204     855
20925    32752  6730     834
20926    32758  8391     879
20927    32759  3554     874
20928    32760  8442     879
20929    32761  3683     884
20930    32762  5103     880
20931    32763  8644     165
20932    32764  5283     894
20933    32766   706     706
20934    32770  9121     833
20935    32771  9126     832
20936    32772  9135     790
20937    32773  9136     794
20938    32777  11339     845
20939    32778  8451     885
20940    32779  9843     829
20941    32781  9717     818
20942    32782  9783     850
20943    32791  33709     861
20944    32792  33710     857
20945    32794  10618     857
20946    32795  9512     878
20947    32802  7118     839
20948    32804  9228     805
20949    32805  13613     796
20950    32813  9384     836
20951    32814  22709     827
20952    32822  38023     878
20953    32824  4935     852
20954    32828  26716     819
20955    32833  5321     793
20956    32834  4280     827
20957    32839  9695     893
20958    32840  9693     817
20959    32851  7062     848
20960    32854  7411     890
20961    32857  10554     845
20962    32863   109     109
20963    32864  18967     792
20964    32867  1960     867
20965    32868  1960     874
20966    32869  11907     804
20967    32870  2546     537
20968    32871  34727     793
20969    32872  31283      92
20970    32876  5539     861
20971    32878  10213     803
20972    32879  7916     358
20973    32886  35248     805
20974    32889   240     240
20975    32890  10198     820
20976    32891  32892     520
20977    32892  1135     520
20978    32893   934     785
20979    32894   934     110
20980    32896  3462     869
20981    32897  1712     852
20982    32898  1712     861
20983    32899  7113     869
20984    32900  9409     852
20985    32902  35548     442
20986    32910  18191     791
20987    32911  33893     859
20988    32912  9267     839
20989    32922  7708     852
20990    32925  21413     863
20991    32927  10650     813
20992    32928  27848     852
20993    32930  44690     872
20994    32931  44691     840
20995    32932  1703     807
20996    32934  35261     890
20997    32937  12482     818
20998    32942   152     152
20999    32944  1219     827
21000    32945  1219     793
21001    32946  33791     163
21002    32947  33792     894
21003    32950  18300     823
21004    42462  5566     863
21005    41352  9334     870
21006    32953  45420     823
21007    32956  10858     827
21008    32959  22363     848
21009    32970  9406     839
21010    32987  4599     798
21011    32988  30387     845
21012    32993  51931     842
21013    33001  4272     434
21014    33005  33818     851
21015    33007  12848     793
21016    33011  4439     840
21017    33013  33824     882
21018    33015  1746     793
21019    33025  24444     777
21020    41212  3810     890
21021    33040  1607     783
21022    33041  3245     856
21023    33042  6953     783
21024    33053  3433     836
21025    33054  3294     859
21026    33056  26759     853
21027    33059  2547     538
21028    33064  30480     819
21029    33066  33850     532
21030    33071  5062     883
21031    33073  6066     538
21032    38562  27850     872
21033    33076  38563     776
21034    33077  1925     872
21035    33079  2167     885
21036    33080  5123     852
21037    33081  3398     866
21038    33086  34192     820
21039    33087  34193     828
21040    33089  2868     824
21041    33090  5985     867
21042    33096  3695     884
21043    33100   264     265
21044    33109  2197     791
21045    33110  30038     791
21046    33111  33880     800
21047    33113  1815     527
21048    33115  22527     858
21049    33124  8843     787
21050    33126  47041     805
21051    33150  35607     885
21052    33155  6836     845
21053    33165  1347     817
21054    33168  11427     885
21055    33170  8452     829
21056    33174  31152     805
21057    33175  7737     796
21058    33181  4647     796
21059    33182  31166     805
21060    33183  36329     871
21061    33186  7687     806
21062    33190  7087     782
21063    33196  18968     625
21064    33213   886     886
21065    33231  7023     862
21066    33236  7482     787
21067    33251  36318     868
21068    33252  39838     862
21069    33253  39839     840
21070    33259  25539     817
21071    33263  20563     868
21072    33273  2461     399
21073    33274  30310     524
21074    33275  4824     868
21075    33300  31603     883
21076    33301  31604     799
21077    33302  5030     882
21078    33312  3258     266
21079    33314  31649     884
21080    33315  31648     840
21081    33317  33978     856
21082    33321  9367     852
21083    33344  13586     836
21084    33345  13961     859
21085    33352  6626     817
21086    33353  26029     814
21087    33354  26030     791
21088    33356  26213     864
21089    33357  2068     864
21090    33994  2068     880
21091    33359  2070     873
21092    33369  48315     610
21093    33370  34001      53
21094    33371  31909      54
21095    35758   948     611
21096    33373   223     223
21097    33383  34010     848
21098    33384  34011     877
21099    33386  6295     799
21100    33388  35649     840
21101    33389  35650     885
21102    33393  31993     776
21103    33399  3638     880
21104    52880  4175     790
21105    33402  2063     852
21106    33403  2063     880
21107    33412  9497     256
21108    33413  31393     275
21109    33424  37832     879
21110    33428  5733     862
21111    33449  31765     415
21112    33455   968     533
21113    33456   968     793
21114    33459  1449     543
21115    33460  1449     845
21116    33461  2462     401
21117    33464  7185     845
21118    33465  9468     867
21119    33467  34247     885
21120    34044  2089     882
21121    33471  1957     874
21122    33472  4944     796
21123    33474   485     485
21124    33475  2860     822
21125    33479  9801     795
21126    33480  7692     837
21127    33484  10647     885
21128    33485  12170     893
21129    33490  32323     863
21130    33492  39927     885
21131    33493  2221     824
21132    33494  2221     888
21133    33500  34061     859
21134    33501  34062     868
21135    33503  34790     860
21136    33504  9890     851
21137    33505  27844     885
21138    33506  2169     796
21139    33519  40243     862
21140    33523  2082     842
21141    33524  2082     882
21142    33525  2121     810
21143    33526  2121     883
21144    33527  32109     165
21145    33530  1095     817
21146    33531  32439     886
21147    33539  31776     867
21148    33542  32470     245
21149    33543  32471     788
21150    35451  1674     859
21151    33555  32546     796
21152    33556  32547     852
21153    33558  1927     851
21154    33567  32566     801
21155    33568  5968     802
21156    46860  5391     280
21157    33572  35685     827
21158    33582  32595     889
21159    33583  1299     817
21160    33584  32598     820
21161    33585  5190     867
21162    33619  2812     801
21163    33620  32642     802
21164    33622  7740     842
21165    33625  2882     824
21166    33626  1198     811
21167    33627  33625     824
21168    33629  34112     879
21169    33639  34381     818
21170    33641  12469     836
21171    33645  35922     846
21172    33646  34384     256
21173    33660  10594     864
21174    33661  32701     873
21175    33682  35514     891
21176    33709  42327     861
21177    33710  42328     857
21178    33734  41084     862
21179    33736  8125     537
21180    33754  6899     820
21181    33778  37196     872
21182    33780  32934     890
21183    33791  2380     163
21184    33792  2380     894
21185    33796  18511     823
21186    33818  1530     851
21187    33819  1524     800
21188    35506  1524     850
21189    33823  3809     852
21190    33824  2096     882
21191    33835  33029     890
21192    33841  1607     856
21193    33842  1607     783
21194    33844  36609     834
21195    33850   532     532
21196    33852  5924     793
21197    33855  33066     532
21198    37096  33075     872
21199    33861  33076     776
21200    33862  40547     821
21201    33863  27826     821
21202    33864  8531     885
21203    33865  6326     866
21204    33878  33110     791
21205    33880  5388     800
21206    33893  5523     859
21207    33918  23264     872
21208    33919  24013     781
21209    33920  1382     840
21210    33921  38003     804
21211    33922  45361     781
21212    33924  21735     878
21213    33925  21649     802
21214    33928  43678     864
21215    33940  12894     835
21216    33947  33251     868
21217    33950  3786     801
21218    33956  4069     402
21219    33961  2537     516
21220    33974   267     267
21221    33976  33314     884
21222    33977  33315     840
21223    33978  2285     856
21224    33985   493     493
21225    33987  11108     888
21226    33991  33352     817
21227    33994  33358     880
21228    33996  2069     836
21229    33997  9367     852
21230    34001  39963      53
21231    34002  33369     610
21232    34010  6255     848
21233    34011  8427     877
21234    34014  33393     776
21235    34016  33399     880
21236    34017  33400     790
21237    34018  2048     790
21238    34019  2048     880
21239    34032  9302     862
21240    34044  33468     882
21241    34045  34249     796
21242    34053  9417     870
21243    34061  1830     859
21244    34062  1830     868
21245    34067  2121     810
21246    34074  33542     245
21247    34075  33543     788
21248    34080  2094     866
21249    34081  2094     882
21250    34084  31126     888
21251    34086  35807     816
21252    34093  41201     807
21253    34109  7658     842
21254    34110  33626     811
21255    34112  2023     879
21256    34116  1313     793
21257    34151  6065     793
21258    34179  9578     884
21259    34182  33835     890
21260    34192  1241     820
21261    34193  1241     828
21262    34195  3645     882
21263    34196  4256     799
21264    34238  2048     790
21265    34239  2048     880
21266    34247  2175     885
21267    34249  1957     796
21268    34255  33504     851
21269    34258   610     610
21270    34268  34093     807
21271    34279  3752     842
21272    34295  1961     874
21273    34296  10652     820
21274    34297  34295     874
21275    34298  5187     867
21276    34308  33860     872
21277    34317  2376     894
21278    34318  35785     787
21279    34321  3790     889
21280    34322  31143     817
21281    34325  34369     451
21282    34326  33985     493
21283    34328  8118     793
21284    34340  8164     850
21285    34361  1961     820
21286    34362  1961     874
21287    34369   451     451
21288    34376  35815     869
21289    34377  41416     796
21290    34378  39204     804
21291    34381  3893     818
21292    34384  7216     256
21293    34399   404     404
21294    34400  7788     378
21295    34401  5816     379
21296    34410  1145     791
21297    34411  35819     807
21298    34412  1145     820
21299    34413  36692     893
21300    34414  10816     206
21301    34415   204     204
21302    34419   482     482
21303    34426  11952     820
21304    34432  35832     816
21305    34433  35833     882
21306    34434  38057     801
21307    34435  43003     861
21308    34436  1072     776
21309    34437  46791     871
21310    34439  12874     792
21311    34444  4452     842
21312    34445  8195     818
21313    34446  4645     855
21314    34447  8201     790
21315    34448  34447     790
21316    34451  10441     858
21317    34452  10437     819
21318    34453  5581     870
21319    34454  1752     863
21320    35510  1752     800
21321    45099  2307     776
21322    34458  38267     885
21323    34459  6352     889
21324    34463  2900     778
21325    34464   415     416
21326    34465  8956     817
21327    34467  35857     259
21328    34468  4386     816
21329    34469   539     540
21330    34470  11156     832
21331    34471  11149     833
21332    34472  44782     846
21333    37109   959     791
21334    34477  53838     861
21335    34478  2717     776
21336    34479  4787     856
21337    34482  7233     879
21338    34483  7251     880
21339    34484  11452     776
21340    34486  9640     836
21341    34487  5180     864
21342    34490  9726     894
21343    34491  10787     165
21344    34492  4975     877
21345    34494  5770     859
21346    34495  7796     521
21347    34496   423     423
21348    34497  9386     793
21349    34502  2874     824
21350    34503  3302     860
21351    34504  1756     864
21352    34505  3349     863
21353    34506  8354     852
21354    34507  34509     888
21355    34508  34511     885
21356    34509  3757     888
21357    34510  34508     885
21358    34511  8538     885
21359    34512  34507     888
21360    34513  38517     884
21361    34514  1395     842
21362    34515  1395     840
21363    34523  2639     422
21364    34524  8788     798
21365    34526  1171     809
21366    34527  35877     810
21367    34528  1171     822
21368    34533  4087     798
21369    34534  5499     852
21370    34535  4990     879
21371    34536  5005     880
21372    34538  39999     886
21373    34539  35881     848
21374    34540  2445     379
21375    34541  5817     378
21376    34545  10234     815
21377    34546   262     263
21378    34547  3119     845
21379    34548  6070     869
21380    34549  6849     828
21381    34552  5108     866
21382    34553  10449     819
21383    34554  9913     858
21384    34559  10562     880
21385    34562  10928     810
21386    34563  6560     809
21387    34568  6635     780
21388    36227  1709     861
21389    34571  11124     539
21390    34572  4508     793
21391    34573  1112     818
21392    34576  7548     803
21393    34577  5370     822
21394    34582  1766     800
21395    34584  3552     874
21396    34585  8398     885
21397    34586  10563     880
21398    34590  8432     857
21399    34591  7228     878
21400    34592  7540     201
21401    34595  6855     832
21402    34596  6854     833
21403    34600  9125     832
21404    34601  9127     833
21405    34607  5188     890
21406    34608  9648     885
21407    34612  2221     824
21408    34613  2221     888
21409    34614  10333     840
21410    34616  10339     884
21411    34618  12117     845
21412    34619  10692     886
21413    34620  10693     885
21414    34622  3953     754
21415    34625  2464     405
21416    34627  11334     839
21417    34628  3195     852
21418    34629  22521     865
21419    34631  1510     848
21420    34633  26174     845
21421    34634  9370     867
21422    34641  8573     890
21423    34645   125     125
21424    34646  35961     678
21425    34647  27534     676
21426    34648  37327     123
21427    34649  9294     798
21428    34653  1103     787
21429    34655  1744     534
21430    34657   410     410
21431    34662  8291     798
21432    34663  10505     864
21433    34665  3551     845
21434    34670  27691     888
21435    34672  6561     456
21436    34676  24393     823
21437    34677  1665     859
21438    34679  34681     823
21439    34681  1665     823
21440    34682  1665     859
21441    34691  26579     888
21442    34695  8813     489
21443    34696  7314     884
21444    34707  5011     875
21445    43097  4567     894
21446    41232  3879     798
21447    34715  41233     837
21448    44005  1549     791
21449    34720  17769     791
21450    48556  17771     879
21451    34727  10364     793
21452    34739  5575     867
21453    34740  27660     787
21454    34748  3762     888
21455    34757  38521     414
21456    34763  28751     893
21457    34764  30152     885
21458    34770  4407     815
21459    34773  7096     868
21460    34776  29582     810
21461    34778  36041     885
21462    34779  36824     814
21463    34780  36044     666
21464    34782  9447     777
21465    34786  34788     860
21466    34787  1531     851
21467    34788  1689     860
21468    34789  1689     851
21469    34790  1689     860
21470    34801    89      90
21471    34802  31173     787
21472    34808  10452     858
21473    34814  8907     827
21474    34818  42399     888
21475    34823    69      69
21476    34824  6866     801
21477    34837  2469     413
21478    34838  1054     487
21479    34839  1054     810
21480    34844  3620     799
21481    34847  4708     804
21482    34848  3222     855
21483    34849  10202     807
21484    34850  5936     814
21485    34851  8379     848
21486    34852  13254     821
21487    34853  38532     860
21488    34854  4448     799
21489    34855  4096     799
21490    34856  5728     828
21491    34857  41172     837
21492    34858  4395     836
21493    34860  6556     776
21494    34861  10583     887
21495    34862  17773     829
21496    34864  4632     855
21497    34866  10434     790
21498    34868  2155     874
21499    34869  2155     885
21500    34872  7685     787
21501    34873  3406     848
21502    34874  3664     882
21503    34875  2738     804
21504    34876   491     492
21505    34877  3754     885
21506    34880  31523     856
21507    34882  38829     814
21508    34884  5547     862
21509    34887  2431     275
21510    34888  36102     852
21511    34889  21928     814
21512    34891  36104     823
21513    34896  7104     868
21514    34898  1370     839
21515    34899  6027     836
21516    34900  10307     816
21517    34902  6492     785
21518    34904  9702     890
21519    34905  8136     845
21520    34906  10376     828
21521    34926  3610     871
21522    34927  3973     777
21523    34933  1300     835
21524    34934  34936     788
21525    34935  2216     888
21526    34936  1300     788
21527    34940  4017     779
21528    34941  5354     798
21529    34944  5997     530
21530    34948  31766     529
21531    34951  29743     830
21532    34956  5528     860
21533    34962  34399     404
21534    36161  5413     835
21535    34967  2860     822
21536    34968  7991     792
21537    34969  11061     794
21538    34971  18028     882
21539    34972  5146     776
21540    34973  7292     884
21541    34975   873     873
21542    34976  31838     836
21543    34977  9269     859
21544    34981  31837     859
21545    34982  9268     836
21546    34986  36174     888
21547    34987  36175     885
21548    34988  6183     867
21549    34991  8558     889
21550    34993  36182     840
21551    34994  36183     888
21552    34995  3401     866
21553    34997  4572     848
21554    34998  3517     871
21555    34999  2689     793
21556    35000  5927     542
21557    35001  3107     845
21558    35006   226     232
21559    35007  31914     820
21560    35008  35007     820
21561    35010  38114     232
21562    35014  5944     804
21563    35015  7930     781
21564    35024  31233     160
21565    35030  4917     871
21566    35034  31509     840
21567    35035  31510     813
21568    35037  12309     820
21569    35040  36209     845
21570    35041  2235     888
21571    35043  31553     798
21572    35051   877     878
21573    35052  31741     877
21574    35055  23266     804
21575    35061  42406     805
21576    42388  2327     893
21577    35066  1022     804
21578    35069  1667     859
21579    35070  32021     835
21580    35077  31614     796
21581    35084  31752     862
21582    35089  3656     820
21583    35090  32300     233
21584    35092  27774     820
21585    35111  1526     850
21586    35112  2479     434
21587    35130  7425     874
21588    35131  11497     871
21589    35133  36264     853
21590    35137   434     435
21591    35139  4897     871
21592    35140   900     510
21593    35141   900     777
21594    35143  6460     779
21595    35145  35147     434
21596    35146  35139     871
21597    35147   434     434
21598    35148  3979     778
21599    35149  6669     827
21600    35150  1217     827
21601    35151  1217     779
21602    35164  4928     873
21603    35165  32700     864
21604    35193  6993     860
21605    35194  1838     820
21606    35195  1838     868
21607    35217  10780     197
21608    35218  13089     822
21609    35225  2429     244
21610    35231  36622     874
21611    35234  7402     890
21612    35243  32871     793
21613    35248  2093     805
21614    35261  2282     890
21615    35269  9390     868
21616    35288  2358     894
21617    35303  6153     535
21618    35306  42549     885
21619    35327  2196     866
21620    35328  2196     886
21621    35346  1844     868
21622    35364  12943     855
21623    35366  31524     807
21624    35379  9014     836
21625    35391  17598     867
21626    35395  2514     489
21627    35398  2026     879
21628    35414  8531     885
21629    35424  5263     866
21630    35426  8893     822
21631    35427  1166     460
21632    35431  31270     882
21633    35435  36425     871
21634    35438  8529     796
21635    35439  36427     874
21636    35442  32264     788
21637    35447  6808     803
21638    35451  33548     859
21639    35457   512     512
21640    35465  32548     866
21641    35470  36450     866
21642    35471  36451     893
21643    35472  34479     856
21644    35475  3851     893
21645    41658  4695     859
21646    35489  5482     793
21647    35504   422     423
21648    35506  33820     850
21649    35510  34455     800
21650    35514  2302     891
21651    35547  7916     358
21652    35548  2485     442
21653    35550  18025     791
21654    35554  42849     831
21655    35557  33778     872
21656    35558  32931     840
21657    35559  32932     807
21658    35563  12482     818
21659    35580  4924     872
21660    35588  4653     783
21661    35595  2870     824
21662    35605  40580     807
21663    35606  40581     831
21664    35607  36536     885
21665    35617   233     233
21666    35643  33373     223
21667    35645   221     226
21668    35649  2143     840
21669    35650  2143     885
21670    35657  5560     863
21671    35658  5553     862
21672    35659  6218     858
21673    35667  9642     874
21674    35668  7581     795
21675    35669  5668     837
21676    35670  5423     806
21677    35671  35670     806
21678    35676   290     290
21679    35685  1213     827
21680    35693  9618     811
21681    35694  5613     824
21682    35696  36590     782
21683    35711  7023     862
21684    35712  1720     793
21685    35713  35711     862
21686    35714  1721     410
21687    35715  1720     862
21688    35716  1720     793
21689    35718  1722     534
21690    35731  7284     883
21691    35739  3775     888
21692    37927  1483     846
21693    35744  3811     837
21694    35754  36621     852
21695    35758  33372     611
21696    35770  8138     818
21697    35771  10378     846
21698    35775  31624     793
21699    35777  33861     776
21700    35778  33862     821
21701    35779  35778     821
21702    35780  10393     776
21703    35785  2376     787
21704    35794  7426     871
21705    35799  3812     867
21706    35807  2813     816
21707    35815  39203     869
21708    35819  36675     807
21709    35820  36660     893
21710    35821  34410     791
21711    35832  36709     816
21712    35833  36710     882
21713    35834  34436     776
21714    35835  36711     861
21715    35836  55110     791
21716    35837  36713     791
21717    35849  5234     805
21718    35851  36146     529
21719    35852  8954     829
21720    35856  34468     816
21721    35857  9018     259
21722    35863  34492     877
21723    35874  7134     871
21724    35876  34526     809
21725    35877  4137     810
21726    35881  36737     848
21727    35882  34538     886
21728    35884  3119     845
21729    35892  36735     803
21730    35896  38981     405
21731    35898  9229     818
21732    35899  11251     794
21733    35900  2202     886
21734    35901  2202     799
21735    35902  7433     892
21736    35906  5371     750
21737    35909  34582     800
21738    35914  38419     879
21739    35915  9487     845
21740    35916  8690     803
21741    35922  9124     846
21742    35926  34472     846
21743    35953  2615     777
21744    35957  3805     890
21745    35958  6357     882
21746    35960  34645     125
21747    36778   677     678
21748    35962   676     676
21749    35977  28741     859
21750    35982  3295     859
21751    35983  44862     868
21752    35987  2498     456
21753    35993  29421     853
21754    36001  17769     791
21755    36003  36802     852
21756    38499  1529     800
21757    36013  29552     880
21758    36014  29553     890
21759    36015  4127     805
21760    36022  2223     888
21761    36023  30030     824
21762    36024  30032     862
21763    36025  1724     824
21764    36027  34763     893
21765    36028  28752     836
21766    36029  36028     836
21767    36041  2158     885
21768    36042  3820     890
21769    36044   665     666
21770    36049   643     644
21771    36058  2828     400
21772    36075  34853     860
21773    36086  3431     868
21774    36091  3712     880
21775    36102  21927     852
21776    36104  12781     823
21777    36105  2920     828
21778    36106  40566     824
21779    36107  40567     793
21780    36127  7062     848
21781    36128  3404     866
21782    36129   519     519
21783    36130  17753     822
21784    36137  1715     840
21785    36138  9920     862
21786    36144  31767     828
21787    36146  2922     529
21788    36150  34956     860
21789    36155  9286     860
21790    36157  4513     845
21791    36159  7463     802
21792    36161  34964     835
21793    36162  34967     822
21794    36169  7375     776
21795    36174  2215     888
21796    36175  2215     885
21797    36176  3412     867
21798    36178  5166     801
21799    36179  7393     817
21800    36182  2220     840
21801    36183  2220     888
21802    36191  35010     232
21803    36193  35014     804
21804    36194  35015     781
21805    36199  4557     788
21806    36208  35041     888
21807    36209  9953     845
21808    36215  31736     720
21809    36219  4984     855
21810    36224  17247     804
21811    36227  34569     861
21812    36230  31898     864
21813    36233  1758     817
21814    36234  31898     864
21815    36235  31899     817
21816    36236  4664     817
21817    40611  2186     864
21818    36239  36236     817
21819    36250  1407     842
21820    36251  1407     443
21821    36253  1688     860
21822    36264  1871     853
21823    36265  36915     870
21824    36269  35140     510
21825    36274  7491     818
21826    36278  6948     818
21827    36279  9227     855
21828    36284  9042     838
21829    36290  4716     860
21830    36291  8914     800
21831    36292  6661     827
21832    36295  1870     800
21833    36318  4819     868
21834    36320  35231     874
21835    36323  1777     805
21836    36324  1777     866
21837    36325  3652     798
21838    36329  7556     871
21839    36337  7877     786
21840    36348   234     234
21841    36349  36974     861
21842    36350  7181     872
21843    36354  1722     862
21844    36358  3106     793
21845    36359  9966     793
21846    36366  2168     852
21847    36379  36983     885
21848    36385  7371     885
21849    37368  1815     867
21850    36418  23265     781
21851    36419  23267     804
21852    36425  6142     871
21853    36426  35438     796
21854    36427  4945     874
21855    36441  42556     862
21856    36442  42557     800
21857    36445  37250     776
21858    36447  37016     866
21859    36448  5040     805
21860    36450  2322     866
21861    36451  2322     893
21862    36453  35475     893
21863    36459  8607     817
21864    36461  6382     817
21865    36465  3558     874
21866    36476  1991     852
21867    36481  38495     851
21868    36493  18467     858
21869    36494  18468     819
21870    36496  7645     828
21871    36508  32951     863
21872    36521  4971     805
21873    36522  4969     796
21874    36534  35605     807
21875    36536  2171     885
21876    36540  8395     874
21877    36542  21735     878
21878    36543  35617     233
21879    36557  44861     875
21880    36561  8641     894
21881    36577  7692     837
21882    36578  9801     795
21883    36581  4803     867
21884    36590  2023     782
21885    36591  2023     879
21886    36592  2024     798
21887    36593  2024     879
21888    36609  4355     834
21889    36621  1956     852
21890    36622  1956     874
21891    36630  4523     828
21892    36638  7307     882
21893    36640  5061     883
21894    36643  37098     894
21895    36647  35794     871
21896    36652  7533     798
21897    39042  2444     377
21898    36667  2320     893
21899    36665  2320     807
21900    36662  36664     791
21901    36663  2320     893
21902    36664  2319     791
21903    36665  36661     807
21904    36666  36668     893
21905    36667  36660     893
21906    36668  36671     893
21907    36671  2319     893
21908    36672  36679     791
21909    36675  2320     807
21910    36679  2319     791
21911    36683  30042     807
21912    36684  30039     791
21913    36690  1035     791
21914    36691  1035     807
21915    36692  35820     893
21916    36694  4132     807
21917    36709  2077     816
21918    36710  2077     882
21919    36711  1700     861
21920    36712  35834     776
21921    36713  1700     791
21922    36714  35836     791
21923    36716  2992     836
21924    36725  3803     836
21925    36726  3801     864
21926    36731  2833     520
21927    36735  36745     803
21928    36736  35882     886
21929    36737  11508     848
21930    36745  2736     803
21931    36754  1809     800
21932    36755  8323     867
21933    38422  5188     890
21934    36764  38423     885
21935    36774  6161     870
21936    36775  1881     824
21937    36778  35961     678
21938    36787  39272     781
21939    36790  12202     888
21940    36798  34713     894
21941    36799  34714     798
21942    36802  21411     852
21943    36810  5945     796
21944    36815  9336     824
21945    36816  7041     862
21946    36824  2158     814
21947    36836   486     487
21948    36847  3039     528
21949    36855  4016     507
21950    36864  9007     858
21951    36875  7326     884
21952    36877  3171     848
21953    36881  36193     804
21954    36882  36194     781
21955    36885  31121     869
21956    36886  31122     807
21957    36889  44792     824
21958    36892  2611     776
21959    36893  7493     720
21960    36899  6000     796
21961    36908  7156     871
21962    36915  1871     870
21963    36916  1890     871
21964    36921  36278     818
21965    36922  36279     855
21966    44566  6235     864
21967    36925  44565     873
21968    36938  9345     839
21969    36943  34627     839
21970    36951  3631     852
21971    36953  36325     798
21972    36957  1731     819
21973    36958  1731     862
21974    36963  36337     786
21975    36967  37228     791
21976    36968  37229     837
21977    36972  3045     840
21978    36973  36972     840
21979    36974  3323     861
21980    36983  2169     885
21981    36984  51532     871
21982    36993   527     527
21983    37003  5706     827
21984    37014  36447     866
21985    37015  1777     805
21986    37016  1777     866
21987    37042  2969     834
21988    37043  6115     855
21989    37044  36508     863
21990    37045  37268     823
21991    37055  6839     858
21992    37060  37280     805
21993    37084  33940     835
21994    37089  3361     824
21995    37090  4766     828
21996    37091  8008     793
21997    37096  33860     872
21998    37098  2376     894
21999    37102  36659     377
22000    37105  36666     893
22001    37107  36712     776
22002    37108  36714     791
22003    37109  37108     791
22004    37115  37313     829
22005    37116  37314     817
22006    37125  8812     822
22007    37139  36775     824
22008    37150  34757     414
22009    37152  3659     882
22010    37161  34779     814
22011    37186  33213     886
22012    37196  32930     872
22013    37198  37346     864
22014    37202  35145     434
22015    37203  37354     845
22016    37204  37355     894
22017    37206  46584     868
22018    37207  53778     867
22019    37209  1871     853
22020    42450  36924     864
22021    37212  42449     873
22022    37228  1346     791
22023    37229  1346     837
22024    37237  6324     798
22025    37241  36993     527
22026    37243   159     160
22027    37248  38581     781
22028    37250  7252     776
22029    37252  3837     872
22030    37257  5108     866
22031    37258  3397     837
22032    37260  4954     874
22033    37268  1884     823
22034    37269  37272     870
22035    37270  32952     870
22036    41356  32953     823
22037    37272  1884     870
22038    37273  37270     870
22039    37274  37271     823
22040    37280  2171     805
22041    37281  2170     798
22042    37288  4402     794
22043    37298  2376     787
22044    37303   379     379
22045    37304  2752     807
22046    37308  34477     861
22047    37309  34478     776
22048    37310  35851     529
22049    37311  1371     416
22050    37313  37407     829
22051    37314  37408     817
22052    37321  33492     885
22053    37325  2279     890
22054    37326  2279     882
22055    37327   123     123
22056    37330  37152     882
22057    37332  3611     776
22058    37333  5220     872
22059    37338  5451     842
22060    37346  1758     864
22061    37347  1758     817
22062    37349   975     790
22063    37350   975     794
22064    37354  37430     845
22065    37355  37431     894
22066    37358  37211     864
22067    37359  37212     873
22068    37362  3630     796
22069    37368  36388     867
22070    37369   527     528
22071    37373  5004     776
22072    37383  37274     823
22073    37394  37304     807
22074    37395  37308     861
22075    37396  37309     776
22076    37398  1370     839
22077    37400  1370     528
22078    38597   416     416
22079    37404  37452     839
22080    37405  1372     828
22081    37407  1248     829
22082    37408  1248     817
22083    37413  35926     846
22084    37423  3064     842
22085    37428  6674     827
22086    37430  2372     845
22087    37431  2372     894
22088    37439  37373     776
22089    37450  37398     839
22090    37452  1371     839
22091    37453  1371     416
22092    37458  34648     123
22093    37482  10798     213
22094    37488  2475     426
22095    37489   191     191
22096    37494  2401     121
22097    37498  41663     163
22098    37500   720     721
22099    37501   169     169
22100    37502  2662     776
22101    37503   942     307
22102    43004  5920     790
22103    37505  39083     322
22104    37506  37579     791
22105    37507  37530     814
22106    37508  37603     814
22107    37509  37523     791
22108    37510  37563     814
22109    37511  37607     791
22110    37540  37514     791
22111    37565  1067     814
22112    37514  37564     791
22113    37515  37541     814
22114    37516  37521     814
22115    37517  37526     791
22116    37518  37520     791
22117    37519  37522     814
22118    37520  37517     791
22119    37521  37519     814
22120    37522  37513     814
22121    37523  37518     791
22122    37524  37527     814
22123    37525  37531     791
22124    37526  37525     791
22125    37527  37516     814
22126    37530  37524     814
22127    37531  37512     791
22128    37550  37512     791
22129    37541  37549     814
22130    37549  37507     814
22131    37550  37540     791
22132    37563  37515     814
22133    37564  37506     791
22134    37565  37570     814
22135    37566  37571     791
22136    37570  37513     814
22137    37571  37509     791
22138    37573  37578     814
22139    37574  37602     791
22140    37578  37510     814
22141    37579  37574     791
22142    62275  17696     822
22143    37599  1163     791
22144    37600  37608     814
22145    37602  37511     791
22146    37603  37573     814
22147    37607  37599     791
22148    37608  37508     814
22149    37609  37614     822
22150    57026  37586     822
22151    37614  38625     822
22152    37618  37611     822
22153    37622  37618     822
22154    37624   958     782
22155    37625  1109     791
22156    37626  37625     791
22157    37627  42467     818
22158    38627  1109     791
22159    37629  38628     782
22160    37631  37634     791
22161    37632  37636     782
22162    37633  57381     818
22163    42469   958     791
22164    37635  37633     818
22165    42468   958     782
22166    37638  40623     814
22167    37639  43546     791
22168    37641  39117     374
22169    37642  39094     845
22170    37643  3539     865
22171    37644  38632     873
22172    37645  3537     798
22173    37646  6222     871
22174    37647  8370     819
22175    37648  4873     852
22176    37649  5598     791
22177    37650  1995     805
22178    37651  7656     877
22179    37652  1994     796
22180    37653  44580     877
22181    37654  38637     857
22182    37655  57130     861
22183    37656  59681     888
22184    37657  63820     816
22185    39236  2074     881
22186    37659   405     406
22187    37660   956     790
22188    37661  5498     852
22189    37662  2707     798
22190    37663  5350     798
22191    37664  4619     852
22192    37665  53866     885
22193    37666  9527     874
22194    37667  2693     794
22195    37668  1344     837
22196    37669  38644     814
22197    37670  37669     814
22198    37671  38645     252
22199    37674  37683     770
22200    37680  5917     788
22201    37676  37679     218
22202    37677  10189     788
22203    37678  37676     218
22204    37679  2672     218
22205    37680  37675     788
22206    37681  37674     770
22207    37683  11864     770
22208    37690  2606     770
22209    37691  10189     788
22210    37692  7886     218
22211    37697  2672     218
22212    37698  5917     788
22213    37699  3961     770
22214    37702  2239     837
22215    37703  3602     820
22216    37704  37705     888
22217    37705  42481     888
22218    37706  3777     867
22219    37709  7049     863
22220    37710  13174     870
22221    37711  9346     863
22222    37712  12505     870
22223    37713  9860     805
22224    37714  3238     796
22225    37715  1970     776
22226    37716  1970     874
22227    44715  1414     823
22228    37722  39166     817
22229    37723  4693     859
22230    37724  3291     836
22231    37725  38663     870
22232    37726  38664     863
22233    37727  7021     862
22234    37730  11632     864
22235    37732  1435     787
22236    37734  8216     819
22237    37735  6966     858
22238    37740  3128     832
22239    37741  3126     833
22240    37744  6904     852
22241    37745  9291     870
22242    37746  12507     863
22243    37747  12508     870
22244    37748  12504     863
22245    37751  9867     873
22246    37752  3595     864
22247    37753  12292     822
22248    37755  12310     822
22249    37760  6936     832
22250    37762  10847     718
22251    37776  9451     827
22252    37784  38688     219
22253    37785  41447     774
22254    37786  49773     220
22255    38692   613     613
22256    37788  37792      57
22257    48323   615     615
22258    37790  48324      59
22259    37791  37787     613
22260    37792  38693      57
22261    38694   614     615
22262    37794  41414      59
22263    37799   617     617
22264    37796  37800      62
22265    48325   619     619
22266    37798  48326      64
22267    37799  37795     617
22268    37800    62      62
22269    37801  37798      64
22270    37802  38697     619
22271    37816  4640     855
22272    37817  5500     801
22273    37823  30801     776
22274    37824  30800     808
22275    37832  2035     879
22276    40781  2035     814
22277    37835   856     856
22278    37840  6758     239
22279    37844  1064     799
22280    37845  30650     839
22281    37852  48329     726
22282    37853  38723     172
22283    37860  1837     868
22284    37861  1837     860
22285    37862  4593     852
22286    37863  1663     859
22287    37864  1663     842
22288    37865  4469     798
22289    37866  3188     852
22290    37884  11985     804
22291    37889  28184     814
22292    37896   538     538
22293    37897  2130     842
22294    37898  2130     884
22295    37899  6793     813
22296    37902  11719      69
22297    37903  7698     624
22298    37912  9600     872
22299    37915  46746     828
22300    37916  37915     828
22301    37917  37919     814
22302    37918  7921     846
22303    37919  1483     814
22304    37920  1108     814
22305    37921  37920     814
22306    37922  35742     846
22307    37923  37921     814
22308    37924  37922     846
22309    37927  37924     846
22310    37933  8629     848
22311    37939  2259     801
22312    37940  2259     888
22313    37946  2701     796
22314    37953  31944     874
22315    37961  3292     859
22316    37965  1551     837
22317    37966  1551     852
22318    37971  38777     807
22319    37972  38778     852
22320    37981  26130     799
22321    37982  26131     813
22322    37986  8480     813
22323    37995  8415     788
22324    37999  2712     782
22325    38001  22530     872
22326    38002  33922     781
22327    38003  1382     804
22328    38004  22531     840
22329    38005  11109     810
22330    38006  9066     842
22331    38012  2229     888
22332    38013  44591     851
22333    38023  40425     878
22334    38028  7004     860
22335    38029  9281     808
22336    38034  33388     840
22337    38035  33389     885
22338    38036  9621     888
22339    60205  3430     867
22340    38050  30345     821
22341    38056  37658     881
22342    38057  38815     801
22343    38058  6663     827
22344    38059  10226     842
22345    38060  11887     809
22346    38068  38818     574
22347    38071  40469     249
22348    38072  32053     859
22349    38103  4368     801
22350    46450  6737     835
22351    38114   231     232
22352    38123  39250     370
22353    38124   369     369
22354    38129  2088     817
22355    38130  2088     882
22356    38134  38866     871
22357    38135  38867     824
22358    38142  1338     837
22359    38143  1338     815
22360    38146  4413     824
22361    38148  3333     862
22362    38158  2859     804
22363    38161  44646     245
22364    38162  2478     431
22365    38165  44663     284
22366    38166  7103     868
22367    38176  26759     853
22368    38190  3482     870
22369    38217  1195     810
22370    38218  1195     824
22371    38229   515     515
22372    38232  33402     852
22373    38236  5541     862
22374    38240  6718     845
22375    38243  6821     846
22376    38246  7992     804
22377    38250  4259     827
22378    41200  1962     874
22379    38258  42827     880
22380    38267  5110     885
22381    38274  10915     852
22382    38275  4108     798
22383    38278  5227     892
22384    38281  7548     803
22385    38282  9777     822
22386    38285  7540     201
22387    38291  1014     201
22388    38292  1014     803
22389    38293  10886     788
22390    38294  8752     770
22391    38297  22522     840
22392    38299  3418     840
22393    38304   431     432
22394    38306  27812     859
22395    38310  38940     414
22396    38319  6658     827
22397    38326  2495     453
22398    38347  30964     894
22399    38349  6149     861
22400    38357  7978     797
22401    38367  7724     840
22402    38369  38966     807
22403    38375  11308     862
22404    38383  38968     866
22405    38384   225     225
22406    38385   224     224
22407    38393  7963     818
22408    38408  8854     817
22409    38411  34413     893
22410    38419  7197     879
22411    38422  36763     890
22412    38423  3718     885
22413    38427   885     886
22414    38428   885     885
22415    38435  38992     879
22416    38447  3454     869
22417    38450   415     415
22418    38451  4302     828
22419    38460  8559     854
22420    38468  32662     859
22421    38479  4240     793
22422    38480  1820     867
22423    38481  8898     867
22424    38482  1820     793
22425    38493  1992     877
22426    38495  9156     851
22427    38496  5686     850
22428    38499  36005     800
22429    38517  5073     884
22430    38519  35982     859
22431    43596  1125     793
22432    38521   414     414
22433    38525  36042     890
22434    44170  46548     793
22435    38527  51569     842
22436    38532  1682     860
22437    38533  1682     781
22438    38537  5111     872
22439    38550  5212     890
22440    38552  8589     875
22441    38553  10742     776
22442    38556  7333     871
22443    38560  6400     894
22444    38562  33075     872
22445    38563  27851     776
22446    38565  34086     816
22447    38570  37125     822
22448    38575  2292     890
22449    44626  2292     814
22450    38577  31806     837
22451    38581  39057     781
22452    38595  4435     828
22453    63297  4434     839
22454    38597  37401     416
22455    38598  8955     877
22456    38612  32781     818
22457    38621  37502     776
22458    38622  37503     307
22459    38623  37504     790
22460    38625  1163     822
22461    38627  37628     791
22462    38628  1110     782
22463    38629  40622     791
22464    38630  39090     814
22465    38632  1945     873
22466    38633  1945     869
22467    38634  37649     791
22468    38635  37651     877
22469    52808  37656     888
22470    38637  39145     857
22471    38638  2018     863
22472    38639  2018     879
22473    38640  37657     816
22474    38641  37658     881
22475    38644  1075     814
22476    38645  1075     252
22477    38651  6136     827
22478    38652  3290     859
22479    38653  42670     862
22480    38655  39357     874
22481    38656  9664     776
22482    38662  37726     863
22483    38663  3472     870
22484    38664  11288     863
22485    38665  37725     870
22486    38671   218     218
22487    38672  3128     832
22488    38678  10945     822
22489    38680  9164     848
22490    38688   219     219
22491    38690  41446     220
22492    38691  40877     774
22493    38692  37791     613
22494    38693    57      57
22495    38694  37793     615
22496    38696  37801      64
22497    38697   618     619
22498    38705  9139     846
22499    38706  6872     816
22500    38711  26643     879
22501    38713  4550     816
22502    38714  7180     872
22503    38720  2757     779
22504    38721  45871     293
22505    38722  37852     726
22506    38723  39376     172
22507    42644  8133     869
22508    38741  9103     793
22509    38745  42648     787
22510    38749  8148     846
22511    38753  5504     818
22512    38769  4739     845
22513    38770  7020     862
22514    38773  1666     859
22515    38774  1666     827
22516    38777  39224     807
22517    38778  39225     852
22518    38789  37999     782
22519    38813  38056     881
22520    38814  2007     878
22521    38815  39235     801
22522    38816  38814     878
22523    38818   574     574
22524    38821  38071     249
22525    38829  21928     814
22526    38838   231     231
22527    38841   230     230
22528    38849  38123     370
22529    38850  31686     387
22530    38866  39266     871
22531    38867  39267     824
22532    38900  44074     289
22533    38908  38250     827
22534    38918  3140     790
22535    38921  2933     817
22536    38940  2470     414
22537    38958  2373     894
22538    38959  2373     818
22539    38966  23263     807
22540    38968  3720     866
22541    38974  1353     781
22542    38975  1353     837
22543    38976  3324     804
22544    38977  7964     828
22545    38981   405     405
22546    38992  2033     879
22547    38993  35306     885
22548    38994  7931     796
22549    38995  7932     791
22550    38997  38460     854
22551    38999  39003     788
22552    39003  10726     788
22553    39008  4692     836
22554    39013  3164     820
22555    39016  38493     877
22556    39017  6118     852
22557    39037  8307     800
22558    39042  36659     377
22559    39043  5813     380
22560    39055  1932     872
22561    39056  1932     840
22562    39057  1909     781
22563    39060  38595     828
22564    39061  38596     839
22565    39065  37338     842
22566    39066  4494     818
22567    39068  38621     776
22568    39069  38622     307
22569    39075  9788     830
22570    39079  9788     830
22571    39082  38623     790
22572    39083   322     322
22573    39084   324     324
22574    39085  42626     325
22575    39087  39084     324
22576    39090  1162     814
22577    39091  38629     791
22578    39092   382     382
22579    39093  9303     845
22580    39105  1455     845
22581    39102  1455     382
22582    39096  39093     845
22583    39101  39095     382
22584    39102  39101     382
22585    39105  39094     845
22586    39114  39095     382
22587    39116  1454     845
22588    39117  39125     374
22589    39121   374     374
22590    39122  4514     845
22591    39123  39122     845
22592    39124  39123     845
22593    39125  1454     374
22594    39127   381     382
22595    40804  2441     373
22596    39141  1768     857
22597    39142  1866     869
22598    39143  1768     865
22599    39145  39347     857
22600    39146  38636     888
22601    57128  39149     863
22602    39148  38638     863
22603    39149  39349     863
22604    39166  4195     817
22605    54263  8357     845
22606    39177  38690     220
22607    39178  39367     774
22608    39180  37794      59
22609    39183  8634     894
22610    39193  38722     726
22611    39199  1856     804
22612    39200  38737     869
22613    39203  1856     869
22614    39207  1856     804
22615    39207  39204     804
22616    39212  26546     814
22617    39213  2339     893
22618    39214  2339     857
22619    39224  1542     807
22620    39225  1542     852
22621    39235  2008     801
22622    39236  38813     881
22623    39237  38816     878
22624    39239    20      20
22625    39240  4902     827
22626    39241  3505     871
22627    39247   229     229
22628    39249  39251     387
22629    39250  2438     370
22630    39251  2453     387
22631    39266  1910     871
22632    39267  1910     824
22633    39268  4098     800
22634    39272  41422     781
22635    39279  39398     289
22636    39293  38958     894
22637    39294  38959     818
22638    39323  10053     874
22639    39327  2865     822
22640    39335  39068     776
22641    39485   382     383
22642    39346  39146     888
22643    39347  39419     857
22644    39348  39148     863
22645    39349  39420     863
22646    39357  7424     874
22647    39366  39177     220
22648    39367   773     774
22649    39372  38714     872
22650    39375  43015     293
22651    39376   172     172
22652    39379  36889     824
22653    39395  39505     370
22654    39398   289     289
22655    39406  39066     818
22656    39409  2744     805
22657    39412  39327     822
22658    49782   722     722
22659    39415  49779     167
22660    39419  1754     857
22661    39420  39421     863
22662    39421  1754     863
22663    39423  39429     888
22664    39424  39430     857
22665    39427  1754     857
22666    39428  2251     888
22667    39429  39434     888
22668    39430  39435     857
22669    39431  2251     863
22670    39434  2252     888
22671    39435  2252     857
22672    39451  5207     874
22673    39458  39375     293
22674    39462  39395     370
22675    39463  39249     387
22676    48349  39414     722
22677    39478  48348     167
22678    39480  37641     374
22679    39482  2449     383
22680    39485  39340     383
22681    39496  7381     776
22682    39504  39506     386
22683    39505   370     370
22684    39506   386     386
22685    39517  39477     722
22686    39518  39478     167
22687    39523  39537     371
22688    41162  5541     862
22689    39527  39523     371
22690    39528  39504     386
22691    39536  39538     386
22692    39537  2439     371
22693    39538  2452     386
22694    39547  39559     371
22695    39550  39547     371
22696    39551  39536     386
22697    39558  39561     385
22698    39559   371     371
22699    39561   385     385
22700    39568  40862     372
22701    39571  48350     862
22702    39578   577     578
22703    39586   596     597
22704    39591  41818     596
22705    39592  39594      42
22706    39593  39591     596
22707    39594    42      42
22708    39595  39593     596
22709    39606  6500     787
22710    39610  7520      89
22711    39611  7516     787
22712    39613   751     752
22713    39618  48355     751
22714    39619  39620     198
22715    39620  39622     198
22716    39621  39618     751
22717    39622   198     198
22718    39623  39621     751
22719    39624  39623     751
22720    39630  1197     824
22721    39631  2214     813
22722    39632  39633     887
22723    39633  39634     887
22724    39634  39635     887
22725    39635  2214     887
22726    39636  39638     813
22727    39637  39641     824
22728    39638  39639     813
22729    39639  2214     813
22730    39640  2214     887
22731    39649  2213     824
22732    39646  2213     887
22733    39643  39630     824
22734    39659  39642     887
22735    39645  39644     887
22736    39646  39645     887
22737    39647  39641     824
22738    39649  39647     824
22739    39659  39644     887
22740    39666  40935     842
22741    39667  39642     887
22742    39677  2658     786
22743    39679  2575     669
22744    39683   703     704
22745    39688  43193     776
22746    39690  8744     786
22747    39691  4283     797
22748    39694  7605     851
22749    39695  1523     850
22750    39696  43638     810
22751    39698  1528     851
22752    39699  42679     810
22753    39700  6889     850
22754    39701  7053     865
22755    39702  4985     878
22756    39703  43168     881
22757    39704  43169     801
22758    39727  2098     882
22759    39706  39730     874
22760    39707  1959     874
22761    39708  39712     882
22762    39709  39708     882
22763    39710  39711     874
22764    39711  39707     874
22765    39712  2099     882
22766    39713  2060     880
22767    39718  1959     837
22768    39721  3811     837
22769    39723  39721     837
22770    39725  39748     856
22771    39727  39705     882
22772    39729  39705     882
22773    39730  1958     874
22774    39732  39725     856
22775    39749  4943     882
22776    39736  39740     856
22777    39737  39734     882
22778    39740  2097     856
22779    39743  2099     874
22780    39744  2099     882
22781    39748  6360     856
22782    39749  39734     882
22783    40976  3546     874
22784    39756  5097     879
22785    39757  1967     874
22786    39758  7996     824
22787    39759  6741     817
22788    39760  6742     889
22789    39761  12454     852
22790    39763  5710     859
22791    39764  6980     798
22792    39765  1741     828
22793    39766  10569     863
22794    39768  7225     880
22795    39769  1963     874
22796    39771   305     305
22797    39772  40983     368
22798    39773  3077     843
22799    39774  3798     890
22800    39775  3863     893
22801    39776  4688     859
22802    39777  9216     798
22803    39779  2969     834
22804    39780  8948     855
22805    39781  3359     863
22806    39782  1741     828
22807    39785  10440     819
22808    39786  9247     858
22809    39787  4239     797
22810    39788  10001     820
22811    39790  41736     859
22812    39791  41737     824
22813    39792  1304     802
22814    39793  4801     867
22815    39794  7073     845
22816    39795  5016     880
22817    39796  5203     890
22818    39799  5272     894
22819    39800  2668     787
22820    39804  6013     832
22821    39805  12045     842
22822    39806  3381     864
22823    39807  1786     799
22824    39808  3360     863
22825    39809  8366     828
22826    39810  6217     870
22827    39811  1519     799
22828    39813  41524     361
22829    39815  4689     859
22830    39823  7089     859
22831    39824  7193     796
22832    39825  2903     827
22833    39829  1351     837
22834    39830  1351     828
22835    39838  1715     862
22836    39839  1715     840
22837    39841  20533     647
22838    39845  10560     845
22839    39850  31024     845
22840    39859  41034      44
22841    39860  40913     598
22842    39861  39863      45
22843    39862  41037     600
22844    39863    45      45
22845    39864  39862     600
22846    39865    47      47
22847    39866  41040     602
22848    39867  11806      51
22849    39868   607     608
22850    39869  8763     586
22851    39870    33      33
22852    39871  48359     759
22853    39872  41044     206
22854    39873  48430     761
22855    39874  49786     208
22856    39875   154     154
22857    39876  41048     709
22858    39877  41050     180
22859    39878  51478     732
22860    39880  2526     502
22861    39886  10892     794
22862    39889  8760     794
22863    39890  44722     239
22864    39891  43958     244
22865    39892  8156     848
22866    39901  39903     862
22867    39902  31081     835
22868    39903  1723     862
22869    39904  3339     862
22870    39905  3338     835
22871    39915  2771     813
22872    39922  22529     868
22873    39923  9466     845
22874    39924  4930     867
22875    39927  3700     885
22876    39933  10621     880
22877    39939  4178     787
22878    39941  2912     823
22879    39943  2332     864
22880    39944  5236     893
22881    39945  39944     893
22882    45282  2276     864
22883    39947  39945     893
22884    39948  39946     864
22885    39949  39948     864
22886    39950  28751     893
22887    39957  9616     824
22888    39958  11591     812
22889    39963    53      53
22890    39970  41087      18
22891    39971  48363     572
22892    39972  41089     574
22893    39973  48366      20
22894    39974   950      22
22895    39975   951     788
22896    39976   951     576
22897    39977  5794     632
22898    39978  41092      76
22899    39979   633     634
22900    39980  5916      78
22901    39981  48368      69
22902    39982  41095     624
22903    39983  48369     622
22904    39984  41096      67
22905    39985  48437     758
22906    39986  49792     204
22907    39987  48373     756
22908    39988  41100     203
22909    39989  48438     195
22910    39990  49796     747
22911    39991   679     680
22912    39992  41104     127
22913    39993  41107     682
22914    39994  40351     129
22915    39995  48377     712
22916    39996  41108     156
22917    39998  7493     720
22918    39999  7360     886
22919    40000  34539     848
22920    40006  4369     794
22921    40007  8230     858
22922    40011  2036     845
22923    40012  2036     879
22924    40015  8952     830
22925    40016  4309     829
22926    40017  11038     784
22927    40020  2230     872
22928    40021  2230     888
22929    40023  3027     838
22930    40030  29844     796
22931    40042  42786     793
22932    40043  3436     793
22933    40057  5038     882
22934    40058  6220     870
22935    40069  28202     801
22936    40077  33646     256
22937    40085  5198     880
22938    40086  5199     890
22939    40092  41682     804
22940    40093  1053     810
22941    40133  9396     840
22942    40147  2144     824
22943    40148  2144     885
22944    40154  4287     820
22945    40174  41186     834
22946    40175  41187     846
22947    44885  4169     816
22948    40181  8619     790
22949    40185   441     441
22950    40200  7365     842
22951    40201  2057     807
22952    40202  1962     874
22953    40204  4184     816
22954    40209  3854     805
22955    40210  5232     796
22956    40228  1800     804
22957    40238  2051     851
22958    40239  2062     796
22959    40243  4851     862
22960    40263  4497     843
22961    40268  5084     884
22962    40269  7327     842
22963    40270  1851     807
22964    40271  1851     869
22965    40272   798     799
22966    40277  40960     717
22967    40285  4133     776
22968    40288   892     892
22969    40289  5222     820
22970    41605  2311     820
22971    41604  2311     892
22972    40292  41224     867
22973    42853  4397     806
22974    40304  42854     805
22975    40305  42855     836
22976    40312  3851     893
22977    40313  5231     852
22978    40316  35061     805
22979    40317  5432     795
22980    40318  5422     837
22981    40319  5670     806
22982    40324  4866     870
22983    40327  48384     563
22984    40328  41244       9
22985    40329  48445     565
22986    40330  49805      11
22987    40331    54      54
22988    40332  2392      56
22989    40333   611     612
22990    40334  50491     210
22991    40335  49848     763
22992    40336  41252     208
22993    40337  48390     761
22994    40338   518     518
22995    40340  12242     744
22996    40341  12247     191
22997    40342  6424     193
22998    40343  49813     741
22999    40344  48449     188
23000    40345  49854     743
23001    40346  50500     190
23002    40347  5875     114
23003    40348   668     669
23004    40349  5844     667
23005    40350  39993     682
23006    40351  41260     129
23007    40352   682     683
23008    40353   131     131
23009    40354   699     700
23010    40355  41262     148
23011    40356  7770     724
23012    40367  4628     832
23013    40368  41270     161
23014    40369  10847     718
23015    40376   458     459
23016    40378  3144     816
23017    40379  2463     403
23018    40380  9275     776
23019    40381  11276     808
23020    40385  2945     783
23021    40414  2314     892
23022    40415  2314     886
23023    40423  1716     839
23024    40424  1716     862
23025    40425  2006     878
23026    43089  3261     856
23027    40427  1383     807
23028    40429  4328     820
23029    40432  32471     788
23030    40435  52744     827
23031    40440  41298     852
23032    40441  2324     893
23033    40442  40440     852
23034    40446  3536     852
23035    40447  30368     852
23036    40448  34780     666
23037    40453  8740     666
23038    40462  41302     252
23039    40464  2350     863
23040    40465  2350     894
23041    40469   249     249
23042    40472  41305     801
23043    40473  41306     889
23044    40485  7958     816
23045    40486  10238     794
23046    40502  2948     832
23047    40512  10872     218
23048    40513  7013     798
23049    40521  4428     838
23050    40525  41316     845
23051    40526  41317     888
23052    40527  2031     820
23053    40528  2031     879
23054    40539  46910     845
23055    40540  1468     791
23056    40547  1918     821
23057    40555  8405     885
23058    40558  3330     862
23059    40559  43126     814
23060    40560  43127     852
23061    40561  8943     828
23062    40562  1233     793
23063    40563  2918     824
23064    40566  1179     824
23065    40567  1179     793
23066    40571  41334     776
23067    48664   929     776
23068    40574  5044     879
23069    40575  3773     807
23070    40580  1260     807
23071    40581  1260     831
23072    40582  35606     831
23073    40585  2772     814
23074    40591  7145     871
23075    40592  1931     872
23076    40593  1931     861
23077    40596  3699     824
23078    40597  10708     824
23079    40598  8533     885
23080    40605  43691     836
23081    40608  43139     877
23082    40611  41659     864
23083    40615   211     211
23084    40616   119     119
23085    40617   718     719
23086    40618  7801     171
23087    40622  37639     791
23088    40623  38630     814
23089    40624  41361     857
23090    40625  41362     873
23091    40626  40627     864
23092    40627  1761     864
23093    40631  3127     846
23094    40633  9427     852
23095    40634  7138     819
23096    40639  10350     771
23097    40644  56976     781
23098    40646  31338     879
23099    40647  31337     874
23100    40648  8526     886
23101    40649  10696     894
23102    51707  1043     808
23103    40654  1108     818
23104    53740  1108     814
23105    40657  41374     835
23106    40659  5702     835
23107    40671  43148     800
23108    40677  1620     791
23109    40678  1620     856
23110    40686  2431     275
23111    40698  3017     837
23112    61939  2084     802
23113    61933  2084     882
23114    40713  43154     854
23115    40714  1582     788
23116    52703  1042     781
23117    40718  53896     860
23118    40723  41396     871
23119    40726  43540     783
23120    40727  43541     787
23121    40743  43211     800
23122    40744  6276     880
23123    40745  51705     856
23124    40749  1989     856
23125    40750  40751     877
23126    40751  1989     877
23127    40754  10183     859
23128    40766  5073     884
23129    40767  51552     827
23130    40770  39060     828
23131    40771  39061     839
23132    40772  4434     839
23133    40776  37643     865
23134    40777  41413     862
23135    40781  37833     814
23136    40782  1017     796
23137    40783  34378     804
23138    40784  34377     796
23139    40794  41423     383
23140    40795  40794     383
23141    40799   373     373
23142    40802  40820     384
23143    40804  39139     373
23144    40806  40802     384
23145    40811  2441     373
23146    40819  40843     384
23147    40820  2450     384
23148    40824  40819     384
23149    40829  5821     373
23150    40831  40829     373
23151    40850  2440     372
23152    40839  40838     372
23153    40843   384     384
23154    40848  40858     385
23155    40849  40848     385
23156    40850  40838     372
23157    40858  2451     385
23158    40862  2440     372
23159    40870  5540     862
23160    40873  7271     857
23161    40877  39178     774
23162    40892  39518     167
23163    40893   721     722
23164    40896  39558     385
23165    40897  39568     372
23166    40899  49836       3
23167    40900  48456     558
23168    40901  7811     557
23169    40902     1       1
23170    40903  48414      16
23171    40904  41454     570
23172    40906    51      51
23173    40907  7817     608
23174    40908  5793     616
23175    40909  41459      60
23176    40910   616     617
23177    40911  37796      62
23178    40912  39859      44
23179    40913  41460     598
23180    40919  41464     630
23181    40920  7882     634
23182    40921   634     635
23183    40924   639     640
23184    40925  9751     643
23185    40926    89      89
23186    40928  49839     200
23187    40929  48460     753
23188    40935  2212     842
23189    40936  8090     842
23190    40939  41486      92
23191    40940  20039     647
23192    40941   647     648
23193    40942  2573     648
23194    40943    94      94
23195    40944  5795     651
23196    40945    97      97
23197    40946   654     655
23198    40947   101     101
23199    40948  41889     693
23200    40949  41898     141
23201    40953   686     687
23202    40954  48421     139
23203    40955  41495     691
23204    40956   137     137
23205    40957  2580     690
23206    40960   716     717
23207    40964  41501     776
23208    40965   176     176
23209    40966  10085     178
23210    40967  41503     731
23211    40968  39690     786
23212    40971  6166     798
23213    40972  39702     878
23214    40973  39713     880
23215    40976  39750     874
23216    40978  6350     888
23217    40979  6743     788
23218    40983   325     368
23219    40984  39773     843
23220    40999  7418     879
23221    41011  3289     859
23222    41024  20041      92
23223    41025  41527     263
23224    41027  11357     856
23225    41029  2021     864
23226    43423  2021     879
23227    41034  41530      44
23228    41035  39860     598
23229    41036  39861      45
23230    41037  41532     600
23231    41039  39865      47
23232    41040   601     602
23233    41041  39869     586
23234    41043  39871     759
23235    41044  41546     206
23236    41045  48431     208
23237    41046  41548     761
23238    41047  39875     154
23239    41048   708     709
23240    41049  39878     732
23241    41050  41749     180
23242    48432  55663     589
23243    41057  48433      35
23244    41058  43180     794
23245    41062  11319     870
23246    43051  29419     870
23247    41083  33252     862
23248    41084  6211     862
23249    41086  39971     572
23250    41087  41564      18
23251    41088  39973      20
23252    41089   573     574
23253    41090  39974      22
23254    41091  39977     632
23255    41092    76      76
23256    41094  39981      69
23257    41095  41571     624
23258    41096  41573      67
23259    41097  39983     622
23260    41098  48436     204
23261    41099  41574     758
23262    41100  41765     203
23263    41101  39987     756
23264    41102  48439     747
23265    41103  41577     195
23266    41104   127     127
23267    41105  39991     680
23268    41106  39994     129
23269    41107   681     682
23270    41108  41581     156
23271    41109  39995     712
23272    41123  4807     867
23273    41124  5743     828
23274    41125   872     873
23275    41126  41125     873
23276    41127  41128     872
23277    41128   872     872
23278    63444  3519     820
23279    41130  41129     820
23280    41131  1920     872
23281    41136  26087     836
23282    41141  30041     807
23283    41145  27590     858
23284    41147  41591     887
23285    41148  7363     840
23286    41149  41148     840
23287    41150  5104     885
23288    41154  8466     885
23289    41155  9837     893
23290    41159  5939     803
23291    41160   359     359
23292    41162  39524     862
23293    41172  6764     837
23294    41176  5983     792
23295    41180  5276     818
23296    41185  3740     852
23297    41186  41598     834
23298    41187  41599     846
23299    41200  38257     874
23300    41201  1962     807
23301    41204  40204     816
23302    41209  2062     880
23303    41211  33519     862
23304    41212  33029     890
23305    41224  3840     867
23306    41225  5223     867
23307    41232  34714     798
23308    41233  3024     837
23309    41239  40319     806
23310    41243  40327     563
23311    41244  41612       9
23312    41245  48444      11
23313    41246  41615     565
23314    41247  31910     611
23315    41249  48467     763
23316    41250  49851     210
23317    41251  40337     761
23318    41252   208     208
23319    41253  2705     427
23320    41256  48450     741
23321    41257  41620     188
23322    41258  48468     743
23323    41259  49852     190
23324    41260   129     129
23325    41262  41625     148
23326    41263  40354     700
23327    41264  4935     852
23328    41265  3538     873
23329    41268  3741     866
23330    41269  6327     856
23331    41270   161     161
23332    41289  2904     793
23333    41297  4259     827
23334    41298  3740     852
23335    41300  6493     111
23336    41302   252     252
23337    41305  2264     801
23338    41306  2264     889
23339    41314  2721     788
23340    41316  2235     845
23341    41317  2235     888
23342    41323  8642     787
23343    41327  2359     894
23344    41328  8166     852
23345    41329  10399     894
23346    41334  1022     776
23347    41335  40572     776
23348    41352  32952     870
23349    41356  37271     823
23350    41358  40618     171
23351    41359   724     725
23352    41361  1944     857
23353    41362  1944     873
23354    41366  9088     219
23355    41374  11935     835
23356    41383  33150     885
23357    41392  40717     781
23358    41394  5104     885
23359    41396  41806     871
23360    41405  3034     838
23361    41413  5542     862
23362    41414  37790      59
23363    41416  40782     796
23364    41421  2764     810
23365    41422  1057     781
23366    41423   383     383
23367    41428  40896     385
23368    41446  37786     220
23369    41447  38691     774
23370    41450  48457       3
23371    41451  41696     558
23372    41453  40903      16
23373    41454  41698     570
23374    41455  41700      23
23375    41456  48459     577
23376    41457  40907     608
23377    41458  40908     616
23378    41459    60      60
23379    41460  41702     598
23380    41461  40912      44
23381    41462  41710      42
23382    41463  7818      75
23383    41464   629     630
23384    41465  41463      75
23385    41474  12280      80
23386    41475  8746     787
23387    41476  41715      82
23388    41477   635     636
23389    41482  41717     753
23390    41480  48461     200
23391    41482  41479     753
23392    41483  41480     200
23393    41486    92      92
23394    41487  5873      94
23395    41490  40946     655
23396    41491  41890     141
23397    41492  41721     693
23398    41493  2403     135
23399    41494  40954     139
23400    41495   690     691
23401    41497   704     705
23402    41501   897     776
23403    41502  10108     730
23404    41503   730     731
23405    41504  40966     178
23406    41508  40972     878
23407    41510  3629     880
23408    41524  41738     361
23409    41526  39806     864
23410    41527  43223     263
23411    41529  6234     873
23412    41530    44      44
23413    41531  41035     598
23414    41532   599     600
23415    41539  41039      47
23416    41545  41043     759
23417    41546   206     206
23418    41547  41045     208
23419    41548   760     761
23420    41550  41049     732
23421    41554  41056     589
23422    41555  41057      35
23423    41558  11298     819
23424    41563  3802     890
23425    41564    18      18
23426    41565  41086     572
23427    41566  41088      20
23428    41570  41094      69
23429    41571   623     624
23430    41572  41097     622
23431    41573    67      67
23432    41574  41759     758
23433    41575  41098     204
23434    41576  41101     756
23435    41577  41766     195
23436    41578  41102     747
23437    41580  41106     129
23438    41581   156     156
23439    41582  41109     712
23440    41591  10671     887
23441    41598  1472     834
23442    41599  1472     846
23443    41604  40291     892
23444    41605  40290     820
23445    41608  5880     158
23446    41609  6324     798
23447    41612     9       9
23448    41613  41243     563
23449    41614  41245      11
23450    41615  41783     565
23451    41617  48466     210
23452    41618  41785     763
23453    41620  41786     188
23454    41621  41256     741
23455    41622  48469     190
23456    41623  41788     743
23457    41625   148     148
23458    41632  41268     866
23459    41633  41269     856
23460    41641  41300     111
23461    41657  35983     868
23462    41658  35488     859
23463    41659  36237     864
23464    41660  2186     886
23465    41661  2351     894
23466    41663  5279     163
23467    48474  4304     828
23468    50526  1141     796
23469    50525  1141     820
23470    41678  41392     781
23471    41679  40718     860
23472    41682  31133     804
23473    41690  1858     869
23474    41691  1858     781
23475    41692   983     796
23476    41693  2856     781
23477    41695  41450       3
23478    41696  41812     558
23479    41697  41453      16
23480    41698   569     570
23481    41699  41456     577
23482    41700  41815      23
23483    41702   597     598
23484    41709  5418     596
23485    41710  39592      42
23486    41714  41475     787
23487    41715    81      82
23488    41717   752     753
23489    41718  40940     647
23490    41721   692     693
23491    41724  7876     152
23492    41736  1662     859
23493    41737  1662     824
23494    41738   360     361
23495    41747  41547     208
23496    41749   180     180
23497    41754  41077     870
23498    41759   757     758
23499    41765   203     203
23500    41766   195     195
23501    41767  41578     747
23502    41779  5668     837
23503    41780  7581     795
23504    41782  41614      11
23505    41783   564     565
23506    41784  41617     210
23507    41785   762     763
23508    41786   188     188
23509    41787  41622     190
23510    41788   742     743
23511    41790  3595     864
23512    41791  3594     873
23513    41799  7494     719
23514    41800  3899     163
23515    41801  51499     894
23516    41806  1909     871
23517    41810  41693     781
23518    41811  41695       3
23519    41812   557     558
23520    41814  41699     577
23521    41815    23      23
23522    41818  41709     596
23523    41823  41462      42
23524    41831  41491     141
23525    41843  8760     794
23526    41852  41784     210
23527    41861  41810     781
23528    41889  41492     693
23529    41890  40949     141
23530    41897  2582     693
23531    41898  2404     141
23532    41903  5857     393
23533    41904   551     551
23534    41907   986     797
23535    41908  2489     446
23536    41909  2523     499
23537    41910  2521     497
23538    41911  2491     448
23539    41912  2518     494
23540    41913  2494     451
23541    41914  41951     817
23542    41958  3402     866
23543    41916  1146     814
23544    41917  1146     820
23545    41918  41916     814
23546    41923   942     787
23547    41924  2433     301
23548    41925  6731     805
23549    41926   375     375
23550    41927   381     381
23551    41929   790     790
23552    41930  1087     791
23553    41931  1087     816
23554    41933  41936     817
23555    41934  41938     866
23556    41935  41934     866
23557    41936  1785     817
23558    41937  41933     817
23559    41938  1784     866
23560    41973  5936     814
23561    41941  41944     814
23562    41944  1784     814
23563    41946  41940     814
23564    41949  1784     866
23565    41951  41953     817
23566    41952  1784     814
23567    41953  1101     817
23568    41958  41915     866
23569    41961  1785     866
23570    41962  1785     817
23571    41973  41940     814
23572    41975  2843     820
23573    41980  1805     867
23574    41981  3248     856
23575    41982  7025     842
23576    41983  9317     819
23577    41984  3489     798
23578    41985  7218     796
23579    41986  4971     805
23580    41987  7224     883
23581    41988   392     392
23582    41989  5823     552
23583    41990   494     494
23584    41991   450     450
23585    41992   497     497
23586    41993   447     447
23587    41994   504     504
23588    41995   440     440
23589    45478  5914     787
23590    41997  1012     797
23591    41998  1012     803
23592    42000  46654     783
23593    42001  4245     824
23594    42002  4702     860
23595    42003  6994     838
23596    42004  3312     860
23597    42005   808     809
23598    42006  42007     808
23599    42007   808     808
23600    42020  6100     789
23601    42021  4667     857
23602    42477  1847     863
23603    42023  54783     862
23604    42476  1847     869
23605    42026   875     875
23606    42027  6243     876
23607    42028  7440     893
23608    42029  7441     890
23609    42030  5268     894
23610    42031   979     783
23611    42035  1255     830
23612    42038  43314     353
23613    42040  9239     834
23614    42043  43318     878
23615    42044  6260     857
23616    42047  5157     805
23617    42049  5444     867
23618    42050  4433     836
23619    42051  3063     842
23620    42052  7604     851
23621    42053  4574     850
23622    42055  5197     890
23623    42056  9184     798
23624    42058   393     393
23625    42059  2556     551
23626    42061  1088     816
23627    42062  2793     790
23628    42065  3168     848
23629    42066  2305     876
23630    42067  42070     789
23631    42068  42072     794
23632    42069  42074     793
23633    42070   974     789
23634    42071  42068     794
23635    42072   793     794
23636    42073  42067     789
23637    42074   793     793
23638    42087  42090     794
23639    42088  42091     789
23640    42090   974     794
23641    42091   974     789
23642    42094  11694     856
23643    42095  62437     807
23644    42097  1990     877
23645    42098  43629     856
23646    42099  5023     880
23647    42100  9514     874
23648    42104  1813     836
23649    42105  1813     867
23650    42107  43344     259
23651    42108  44279     816
23652    42111  4527     845
23653    42112  6850     807
23654    42113  6906     798
23655    42114  9182     852
23656    42115  3424     867
23657    42116  9151     852
23658    42117  8765     798
23659    42123  3484     870
23660    42124  4872     870
23661    42125  9427     852
23662    42126  6878     848
23663    42127  4980     877
23664    42128  9535     880
23665    42129  7249     875
23666    42131  9651     791
23667    42132  7435     872
23668    42133  9655     720
23669    42134  7518     787
23670    53739  54757     876
23671    53737  54758     848
23672    42143  53736     886
23673    42144  53738     891
23674    42145  3351     819
23675    42146  43362     861
23676    42147  1193     824
23677    42148  8378     871
23678    42149  1698     861
23679    42150  42147     824
23680    48794  2225     888
23681    48793  2225     799
23682    42155  6361     885
23683    42156  3813     890
23684    42157  3085     788
23685    42160  10885     771
23686    42161  6527     798
23687    42162  4618     852
23688    42166  1167     485
23689    42168  9036     816
23690    42169  9113     867
23691    42171  6890     850
23692    42172  11191     851
23693    42175  4874     798
23694    42180  3224     819
23695    42181  4674     858
23696    42185  1889     819
23697    42186  1889     870
23698    42189  4875     798
23699    42190  1894     797
23700    42191  11398     820
23701    42192  1894     871
23702    42195  8903     827
23703    42196  7355     886
23704    42197  5120     817
23705    42203  1711     861
23706    42204  9917     837
23707    42214  8073     838
23708    42215  11953     820
23709    42221  6442     750
23710    42224  57135     812
23711    42226  49251     846
23712    42238  1969     872
23713    42239  1969     874
23714    42240  5247     893
23715    42241  9699     894
23716    42246  9249     852
23717    42247  9261     852
23718    42251  7889     790
23719    42254  10625     864
23720    42255  2020     873
23721    42268  1177     823
23722    42273  7086     836
23723    42280  4551     816
23724    42282  4871     870
23725    42284  31931     809
23726    42285  2949     832
23727    42288  48874     344
23728    42289  2691     790
23729    53292   314     315
23730    42293  1345     837
23731    42294  1345     798
23732    42295  3161     791
23733    42296  6657     827
23734    42301  30646     839
23735    42305  4244     796
23736    51462  1284     834
23737    59260   354     355
23738    42311  11537     848
23739    42312  9675     892
23740    42313  43458     782
23741    42314  43459     798
23742    42317  8205     807
23743    42325  7726     803
23744    42327  1695     861
23745    42328  1695     857
23746    42330  33928     864
23747    42334  43473     814
23748    42336  43476     848
23749    42361  2481     438
23750    42362  43496     875
23751    42363  43497     874
23752    42369  9807     820
23753    45313  2032     807
23754    42385   961     483
23755    42386   960     792
23756    42387   960     462
23757    42388  35062     893
23758    42394  4767     824
23759    42395  34721     879
23760    42398  43512     854
23761    42399  2258     888
23762    42405  6258     788
23763    42406  2327     805
23764    42408  6778     820
23765    42413  1717     862
23766    42414  1717     845
23767    42415  11414     800
23768    42416  9453     824
23769    42419  8168     817
23770    42420  10400     798
23771    49577  2278     782
23772    42423  43526     284
23773    42428  3138     794
23774    42430  9870     873
23775    42440  8924     819
23776    42442  8459     880
23777    42445  43535     890
23778    42446  7410     829
23779    42449  36925     873
23780    42450  37211     864
23781    42457  52536     836
23782    42462  32951     863
23783    42467  1109     818
23784    42468  37636     782
23785    42469  37634     791
23786    42470  43547     814
23787    42471  45183     791
23788    42475  10182     859
23789    42476  42024     869
23790    42477  42022     863
23791    42481  2239     888
23792    42485  4705     807
23793    42490  43561     861
23794    42493  29494     815
23795    42497  59230     836
23796    42501  37982     813
23797    42503  30203     862
23798    42504  30204     839
23799    50116  4454     842
23800    42515  31624     793
23801    42525  43993     807
23802    42527  5110     885
23803    42528  7280     817
23804    42549  2152     885
23805    42550  45220     851
23806    42554  43987     890
23807    42556  1714     862
23808    42557  45605     800
23809    42559  9156     851
23810    42562  38520     793
23811    49239  4363     834
23812    42572  44004     852
23813    42581  5987     776
23814    42585  5064     883
23815    42594  8745     786
23816    42603  3401     866
23817    42604  43794     807
23818    42605  42604     807
23819    42606  1783     866
23820    42611  8338     793
23821    42623  5094     871
23822    42625  7591     793
23823    42626  43618     325
23824    42629  2442     375
23825    42631  1631     798
23826    42632  1768     857
23827    42633  37645     798
23828    42637  45619     837
23829    42638  38243     846
23830    42641  1015     803
23831    42642  1015     197
23832    42644  38737     869
23833    42648  6592     787
23834    42651  8852     788
23835    42657  7066     817
23836    42658  39016     877
23837    42659  39017     852
23838    42660  44021     807
23839    42664  2364     894
23840    42665  2364     848
23841    42668   271     272
23842    42670  4741     862
23843    42677  5755     824
23844    42679  1528     810
23845    42682  2061     880
23846    42683  43641     856
23847    42686  3340     862
23848    42689  8597     817
23849    42692  42686     862
23850    42693  34457     776
23851    42696  2039     879
23852    42697  2039     799
23853    42698  7244     874
23854    42699  42698     874
23855    42700  1968     799
23856    42701  42699     874
23857    42709  1968     874
23858    42708  1968     799
23859    42708  42703     799
23860    42709  42702     874
23861    42715  1519     849
23862    42716  5145     888
23863    42717  1519     799
23864    42726  3689     884
23865    42719  2134     799
23866    42720  42718     884
23867    42721  9584     799
23868    42722  11493     884
23869    42726  42718     884
23870    42737  1211     827
23871    42740  7426     871
23872    42741   983     781
23873    42742  42744     796
23874    42743  1461     845
23875    42744   983     796
23876    42745  42742     796
23877    42747  5233     886
23878    42748  7450     817
23879    42755  6502     787
23880    42760  10636     890
23881    42768  8283     862
23882    42786  6194     793
23883    42793  25287     888
23884    42795  30788     800
23885    42808  7258     875
23886    42818  9610     856
23887    42824  1608     856
23888    42825  1608     834
23889    42827  2057     880
23890    42828  30041     807
23891    42829  4524     828
23892    42837  7420     880
23893    42838  2051     880
23894    42839  2295     890
23895    42845  2984     835
23896    42846  6744     858
23897    42849  2946     831
23898    42853  40303     806
23899    42854  5673     805
23900    42855  7697     836
23901    42857  9802     794
23902    42858  3359     863
23903    42859  10078     745
23904    42861   112     112
23905    42881  26484     835
23906    42891  31648     840
23907    42892  31649     884
23908    42893  11689     824
23909    42901  17414     890
23910    42902  17415     885
23911    42906   782     782
23912    42908  55009     837
23913    42909  1471     846
23914    42910  1471     787
23915    42911  8598     886
23916    42912  3846     892
23917    46788  9295     865
23918    42918  17774     829
23919    42919  31299     827
23920    42920  31300     871
23921    42927  3050     840
23922    42928  6045     842
23923    42941  11825     764
23924    42947  46002     882
23925    42952  33921     804
23926    42958  8433     857
23927    42959  5766     890
23928    42960  2268     890
23929    42961  2268     857
23930    42962  5639     894
23931    42963  1620     791
23932    42964  1620     856
23933    42965  1619     817
23934    42966  4229     792
23935    42968  40686     275
23936    42986  9826     855
23937    42987  1491     816
23938    42988  1491     846
23939    42989  11615     801
23940    42993  36984     871
23941    43001  44069     781
23942    43003  35835     861
23943    43004  37504     790
23944    43007  1842     807
23945    43008  1842     868
23946    43015  38721     293
23947    43017  39423     888
23948    43033  5202     879
23949    43034  2019     836
23950    43035  2019     879
23951    43036  43034     836
23952    43037  11869     803
23953    43038  10191     859
23954    43046  1855     820
23955    43047  1855     869
23956    43050  4103     802
23957    43051  41077     870
23958    43056  6204     837
23959    43057  1854     869
23960    43058  8348     837
23961    43061  7190     882
23962    43067  2198     886
23963    43068  45935     886
23964    43078  3518     871
23965    43089  40426     856
23966    43091  43802     828
23967    43093  3110     845
23968    43095  6330     810
23969    43096  4399     837
23970    43097  34713     894
23971    43099  44258     852
23972    43100  44259     817
23973    43103  2539     518
23974    43104  4204     793
23975    43110  1150     820
23976    43111  1150     783
23977    43116  43119     879
23978    43117  5151     820
23979    43118  3547     867
23980    43119  2030     879
23981    43122  45824     845
23982    43126  1543     814
23983    43127  1543     852
23984    43129  7014     807
23985    43130  48660     824
23986    43131  1188     804
23987    43132  48661     781
23988    43133  53133     804
23989    43135  52258     831
23990    52137  55574     807
23991    43137  52136     830
23992    43139  5264     877
23993    43148  4154     800
23994    43149  4713     860
23995    43150  6650     808
23996    43154  8559     854
23997    43155  40714     788
23998    43156  43835     890
23999    43163  10130     787
24000    43168  2075     881
24001    43169  2075     801
24002    43172  4160     815
24003    43180  43845     794
24004    43181  7074     861
24005    43189  4448     799
24006    43190  31464     868
24007    43191  4818     868
24008    43193  40964     776
24009    43200  4029     785
24010    43207  6149     861
24011    43208  8263     845
24012    43211  7005     800
24013    43214  40772     839
24014    43218  11172     824
24015    43219  12428     859
24016    43223   263     263
24017    43229   264     264
24018    43250  41554     589
24019    43258  54103     837
24020    43259  57743     814
24021    43263  40092     804
24022    43271  3437     868
24023    43272  5351     793
24024    43278  8832     783
24025    45468  3402     866
24026    43282  1100     807
24027    43283  1100     817
24028    43284  3881     856
24029    43285  6391     807
24030    43303  1470     845
24031    43304  53782     799
24032    43305  1537     851
24033    43306  2801     817
24034    43314   352     353
24035    43315  1586     831
24036    43316  1586     855
24037    43318  4986     878
24038    43319  42044     857
24039    43321  3666     840
24040    43322  45726     849
24041    43323  45727     883
24042    43333  2305     891
24043    43344  6757     259
24044    43345  42108     816
24045    43353  3968     776
24046    43356  4421     838
24047    43362  1699     861
24048    43363  43365     814
24049    43364  42148     871
24050    43365  1699     814
24051    43394  3247     845
24052    43416  5637     890
24053    43423  41030     879
24054    43436  42288     344
24055    43438  42289     790
24056    43439  42290     315
24057    43450  1366     793
24058    43458   994     782
24059    43459   994     798
24060    43461  45749     870
24061    43462  11295     819
24062    43473  1914     814
24063    43476  1756     848
24064    43485  9498     252
24065    43491  39890     239
24066    43492  6748     816
24067    43496  8591     875
24068    43497  6368     874
24069    43511  4827     868
24070    43512  6348     854
24071    43515  28203     888
24072    43526   284     284
24073    43535  9647     890
24074    43539  5547     862
24075    43540   941     783
24076    43541   941     787
24077    43546  42471     791
24078    43547  37638     814
24079    43561  4727     861
24080    43563  1352     804
24081    43564  1352     837
24082    43576  28834     860
24083    43577  28833     824
24084    43582  9084     843
24085    43585  6173     894
24086    46884  4782     866
24087    43596  42562     793
24088    43598  4257     827
24089    43615  38999     788
24090    43616  42623     871
24091    43618   324     325
24092    43620  1630     857
24093    43625  6602     788
24094    43627  48604     799
24095    43628  1990     807
24096    43629  3254     856
24097    43632  4737     845
24098    43638  1523     810
24099    43641  1958     856
24100    43642  1958     874
24101    43656  42721     799
24102    43657  42722     884
24103    43665  1462     845
24104    49922  5802     729
24105    43670  49919     174
24106    43678  4938     864
24107    43691  53805     836
24108    43692  54787     888
24109    43703  1295     828
24110    43707  46527     805
24111    43719  3293     839
24112    43733  42919     827
24113    43734  42920     871
24114    43748  7461     893
24115    50005  9700     802
24116    43751  3458     856
24117    43760  8150     814
24118    43762  43001     781
24119    43781  5745     874
24120    43789  3456     820
24121    43794  2198     807
24122    43795  43068     886
24123    43800  5613     824
24124    43802  2978     828
24125    43804  43093     845
24126    43810  40324     870
24127    43819  43122     845
24128    43820  56942     791
24129    43826  43131     804
24130    43835  7344     890
24131    43836  37644     873
24132    43837  1017     804
24133    43838  1017     796
24134    43845  2696     794
24135    48626  6493     111
24136    43855  48625     666
24137    43857  37722     817
24138    43863  43214     839
24139    43867  41025     263
24140    43874  6641     810
24141    43880  4088     859
24142    43884  43278     783
24143    43905  44132     876
24144    43916  43353     776
24145    43917  43364     871
24146    48636  7362     824
24147    48635  9617     842
24148    43930  7552     812
24149    43937  6866     801
24150    43938  42280     816
24151    43939  43438     790
24152    43940  43439     315
24153    43944  3598     852
24154    43950  44155     864
24155    43951  44156     863
24156    43958   238     244
24157    43962   260     261
24158    43974  53848     842
24159    43986  42501     813
24160    43987  28753     890
24161    43992  54935     842
24162    43993  5758     807
24163    43995  43585     894
24164    43996  43586     866
24165    44003  43598     827
24166    44004  1549     852
24167    44005  34716     791
24168    44006  1549     791
24169    44007  1549     852
24170    44013  54510     816
24171    44019  3407     817
24172    44021  3253     807
24173    44032  42747     886
24174    44033  42748     817
24175    48646  43669     729
24176    44036  48645     174
24177    44043  8515     886
24178    44044  4526     845
24179    44045  1854     837
24180    44046  1854     869
24181    44051  63373     786
24182    44064  10808     765
24183    44069  38974     781
24184    44074  39279     289
24185    44088  44206     890
24186    44089  44207     882
24187    44100  43820     791
24188    44103  48697     824
24189    44107  46811     864
24190    46278  47343     869
24191    44120  38158     804
24192    44125  43306     817
24193    44132  2305     876
24194    44138  9389     869
24195    44155  44250     864
24196    46068  1733     863
24197    44164  9147     848
24198    44170  38526     793
24199    44187  42741     781
24200    44190  42743     845
24201    44197  6848     828
24202    44206  2279     890
24203    44207  2279     882
24204    44214  43867     263
24205    44220  5961     263
24206    44228  43172     815
24207    44229  2784     815
24208    44236  2305     891
24209    44237  42065     848
24210    44238  2304     891
24211    44242   259     259
24212    44250  1756     864
24213    44254  44164     848
24214    44258  1550     852
24215    44259  1550     817
24216    44266  44326     293
24217    44271  44242     259
24218    44273  3002     816
24219    44279  44273     816
24220    44285  4388     836
24221    44293  45852     807
24222    44294  45853     856
24223    44300  44309     289
24224    44304  38900     289
24225    44309  44304     289
24226    44315   288     289
24227    44321  45863     287
24228    44324  44328     293
24229    44326   286     293
24230    44328  44266     293
24231    44336  44321     287
24232    44348  2488     445
24233    44349  2524     500
24234    44354  7564     785
24235    54483  1333     800
24236    44360  55155     868
24237    44361  1841     800
24238    44362  44360     868
24239    44363  9439     871
24240    44364  5452     842
24241    44365  1409     779
24242    44368  1713     861
24243    44369  6366     875
24244    44370  9499     879
24245    44371  3627     880
24246    44372  6275     874
24247    44377  48588     782
24248    44378  2312     867
24249    44379  45936     886
24250    44380  2312     892
24251    44381  1146     820
24252    44382  45938     814
24253    44383  7420     880
24254    44384  3823     890
24255    44386   439     439
24256    44387   505     505
24257    44388   448     448
24258    44389   496     496
24259    44390   449     449
24260    44391   500     500
24261    44392   444     444
24262    44393  5856     394
24263    44394   550     550
24264    44396  2679     792
24265    44399  1142     820
24266    44400  6041     872
24267    44401  1932     840
24268    44403  5558     863
24269    44404  5731     862
24270    44407  45955     877
24271    46973  3391     866
24272    44409  1541     820
24273    45971  1987     851
24274    44412  7603     798
24275    44413  5696     852
24276    44414  5744     867
24277    44415  6973     819
24278    44416  9234     858
24279    44422  46985     862
24280    44423  2310     872
24281    44424  45989     891
24282    44426  4459     842
24283    44427   504     505
24284    44428  9747     779
24285    44430  7515     779
24286    44432  4462     842
24287    44435  4953     874
24288    44439  52750     871
24289    44440  5552     862
24290    44441  3354     863
24291    44445   552     552
24292    44446  2456     392
24293    44450  51572     886
24294    44451  46004     848
24295    44452  5003     879
24296    44453  8583     875
24297    44454  8759     794
24298    44455  1337     837
24299    44456  1337     816
24300    44457  4163     815
24301    44459  1283     834
24302    44462  7068     791
24303    44463  2114     871
24304    44464  2114     882
24305    44465  5075     884
24306    44466  2123     883
24307    44467  2114     871
24308    44469  9251     852
24309    44470  11272     858
24310    44474  1261     831
24311    44475  1261     783
24312    44476  6116     855
24313    44480  3244     855
24314    44481  6729     834
24315    44482  8999     831
24316    44484  3016     815
24317    44489  7205     879
24318    44490  7238     880
24319    44491  6979     852
24320    44493  10194     859
24321    44497  2037     851
24322    44498  5160     798
24323    44499  5932     859
24324    44500  7895     859
24325    44502  12660     874
24326    44505  10188     788
24327    44506  7885     770
24328    44507  4051     218
24329    44510  12206     791
24330    44511  6978     852
24331    44515  1886     870
24332    44516  1886     803
24333    44518  46039     345
24334    44524  6564     799
24335    44529  8422     848
24336    44532  4414     838
24337    44534  30344     888
24338    44538   282     282
24339    44542  4455     842
24340    44545  38408     817
24341    44547  2026     805
24342    44548  6266     796
24343    44549  27331     823
24344    44561  2145     810
24345    44562  2145     885
24346    44565  3533     873
24347    44566  36924     864
24348    44567  5912     152
24349    44572  36557     875
24350    44576  3850     852
24351    44577  2844     817
24352    44580  1994     877
24353    44589  38004     840
24354    44591  2229     851
24355    44602   430     431
24356    44614  9306     845
24357    44617  7376     888
24358    44626  38576     814
24359    44629  2359     894
24360    44630  46093     852
24361    44633  38635     877
24362    44635  5503     855
24363    44636  33424     879
24364    44639  4947     879
24365    44646   245     245
24366    44652  38165     284
24367    44654  44652     284
24368    44663  4453     284
24369    44671  3858     893
24370    44672  1164     781
24371    44674  2033     791
24372    44686  4733     861
24373    44690  39055     872
24374    44691  39056     840
24375    44696  25938     853
24376    52653  4539     846
24377    44699  4590     852
24378    44708  9262     852
24379    44712  4680     852
24380    44714  47063     835
24381    44715  37720     823
24382    44717  27192     857
24383    44718  6199     837
24384    44722  6758     239
24385    48735  5804     735
24386    44724  48736     182
24387    44726  4586     820
24388    44735  4847     869
24389    44741  2027     796
24390    44742  46158     879
24391    44743  47090     856
24392    44745  3804     890
24393    44746  32397     870
24394    44750  1043     804
24395    44751  6228     848
24396    44753  11509     821
24397    44755  4293     828
24398    44756  3008     836
24399    44757  34857     837
24400    44758  4134     776
24401    44759  4915     887
24402    44761  3225     855
24403    44762  8224     790
24404    44763  5675     787
24405    44764  1791     848
24406    44767  3528     872
24407    44768  8058     816
24408    44769  3003     836
24409    44771  6131     794
24410    44772  18026     882
24411    44773  18027     845
24412    60316  5980     821
24413    44775  12309     820
24414    44778  3542     874
24415    44780  8550     888
24416    44782  6856     846
24417    44784  1050     809
24418    44787  5250     802
24419    44790  46205     788
24420    44791  49214     848
24421    44792  5092     824
24422    44796  3419     867
24423    52533  2277     836
24424    44800  2247     888
24425    44801  51515     865
24426    44802  1508     848
24427    44803   798     798
24428    44805  5497     827
24429    44806  3282     858
24430    44809  37089     824
24431    44810  37090     828
24432    44816  7219     794
24433    44817  9504     790
24434    44818  37203     845
24435    44819  37204     894
24436    44827  3446     868
24437    44832  10738     272
24438    44841  3461     869
24439    44853  1468     845
24440    44856  3586     878
24441    44861  3618     875
24442    44862  4823     868
24443    44865  1943     861
24444    44866  44868     873
24445    44867  48752     864
24446    44868  44870     873
24447    44869  44867     864
24448    44870  1943     873
24449    44874  12286     788
24450    44875  10890     218
24451    44878  7161     827
24452    44882  3529     872
24453    44883  9071     810
24454    44884  6792     842
24455    44885  40180     816
24456    44887  2694     794
24457    44890  4833     868
24458    44891  10257     803
24459    44892   803     804
24460    44893  44891     803
24461    44898  6078     794
24462    44899  5291     797
24463    44900  46295     822
24464    44901  46296     803
24465    44903  6555     893
24466    44905  7562     830
24467    48168  1505     848
24468    44913  2753     776
24469    44918  3485     870
24470    44922  5207     874
24471    44941  1461     796
24472    44942  1461     845
24473    44944  29845     845
24474    51696  6863     818
24475    44956  6733     834
24476    48379  3610     871
24477    44972  3506     808
24478    44973  3508     871
24479    44982  46333     810
24480    44986  55094     787
24481    44987  46816     149
24482    44994  2932     829
24483    44995  5398     830
24484    44997  5576     867
24485    44998  3769     888
24486    44999  6341     872
24487    45000  38257     874
24488    45002  38258     880
24489    45003  45304     882
24490    45014  41679     860
24491    45044  41983     819
24492    45045  12520     842
24493    45047  47514     882
24494    45048  9579     840
24495    45051  4360     796
24496    45052   979     795
24497    45054  1028     805
24498    45061  1576     789
24499    45062  5969     854
24500    45076  9753      71
24501    45086  10191     859
24502    45089  1167     822
24503    45099  34457     776
24504    45120  9659     890
24505    45125  11690     829
24506    45130  12891     829
24507    45138  40429     820
24508    45154  3507     871
24509    45158  5351     793
24510    45162  4734     798
24511    45171  30345     821
24512    45172  46415     885
24513    45174  40698     837
24514    45183  4221     791
24515    45184  42470     814
24516    45191  3331     862
24517    45195  38104     835
24518    45202  5036     882
24519    45218  3511     871
24520    45219  1912     791
24521    45220  2152     851
24522    45221  2152     885
24523    45222  1484     836
24524    45223  37628     791
24525    45224  47225     846
24526    45225  1110     818
24527    45227  6894     848
24528    45244  2718     800
24529    45245  6535     776
24530    45250  2676     790
24531    45261  12620     791
24532    45264  7041     862
24533    45270  49059     804
24534    45273  3821     890
24535    45276  47242     855
24536    45282  39946     864
24537    45286  7076     840
24538    45295  5127     876
24539    45304  45306     882
24540    45305  2057     807
24541    45306  2103     882
24542    45309  2103     807
24543    45310  3657     882
24544    45311  45312     879
24545    45312  2032     879
24546    45313  42370     807
24547    45319  1786     866
24548    45353  27851     776
24549    45354  27850     872
24550    45358  9428     798
24551    45361  2931     781
24552    45367  8550     888
24553    45368  6343     820
24554    45372  4097     776
24555    48074   935     786
24556    45381  2979     817
24557    45392  6702     784
24558    45396  46570     790
24559    45399  17725     822
24560    45400  2062     796
24561    45401  3879     798
24562    45408  53073     879
24563    45409  3601     867
24564    45410  45409     867
24565    45418   867     867
24566    45419   867     868
24567    45420  1789     823
24568    45423  1822     835
24569    45427  40743     800
24570    45439  54889     867
24571    46900  2821     817
24572    45447  54226     886
24573    45455  6347     836
24574    48857   691     691
24575    45460  48856     139
24576    45468  43281     866
24577    45469  11107     867
24578    45478  41996     787
24579    45481  1416     819
24580    45482  1416     842
24581    45503  6254     848
24582    45504  8426     877
24583    45529  10276     821
24584    45568  43091     828
24585    45576  42405     788
24586    45582  6679     819
24587    45591  46725     837
24588    45605  1714     800
24589    45613   986     797
24590    45614   986     793
24591    45618  4932     852
24592    45619  37668     837
24593    45638  1462     781
24594    45639  1142     820
24595    45641  2525     501
24596    45647  36892     776
24597    45654  46756     886
24598    45662  51839     861
24599    45663  1704     804
24600    45664  45662     861
24601    45667  46775     861
24602    45681  46796     824
24603    45682  1508     798
24604    45690  43135     831
24605    45691  43136     807
24606    45692  3309     860
24607    45693  4264     808
24608    45696  7074     861
24609    45711  29420     871
24610    45718  46647     783
24611    45726  2127     849
24612    45727  2127     883
24613    45728  8486     882
24614    45731  43321     840
24615    45749  9322     870
24616    45763  4781     820
24617    45768  7381     776
24618    59247  1339     837
24619    45784  43719     839
24620    45790  9476     799
24621    45805  8434     880
24622    45824  40539     845
24623    45830  44100     791
24624    45835  2304     848
24625    45836  2304     891
24626    45837  7097     869
24627    45848  4176     817
24628    45852  1615     807
24629    45853  1615     856
24630    45860   288     288
24631    45863   287     287
24632    45871  44324     293
24633    45884  47620     303
24634    45886  1061     296
24635    45887  1061     813
24636    45888  1061     296
24637    45889  1061     813
24638    45895  45902     294
24639    45896  2769     813
24640    45902  45904     294
24641    45904   294     294
24642    45909   295     295
24643    45920  1062     813
24644    45921  1062     298
24645    45926  44368     861
24646    45927  6124     869
24647    45928  3264     798
24648    45930  8588     890
24649    45931  4951     874
24650    45932  3619     880
24651    45934  2199     820
24652    45935  2199     886
24653    45936  2200     886
24654    45937  44378     867
24655    45938  2200     814
24656    45954  44408     866
24657    45955  1987     877
24658    47440  1788     851
24659    45957  47783     867
24660    45958  1985     877
24661    45959  7213     866
24662    45960  45957     867
24663    45961  1986     877
24664    45962  45959     866
24665    45965  45956     851
24666    45968  1986     866
24667    45969  1986     877
24668    45971  44410     851
24669    45978  7645     828
24670    45986  11443     891
24671    45989  2310     891
24672    45990  2310     872
24673    45993  3062     779
24674    45994  2530     506
24675    46002  7470     882
24676    46004  46991     848
24677    46005  44450     886
24678    46006  5205     890
24679    46039  47016     345
24680    46050  2025     852
24681    46051  2025     879
24682    46059  1994     796
24683    46067  44529     848
24684    46068  44156     863
24685    46078  9800     805
24686    46089  44629     894
24687    46093  6390     852
24688    49834  1469     845
24689    46107  6664     827
24690    46119  38560     894
24691    46127   702     702
24692    46147  44723     735
24693    46148  44724     182
24694    46149  4644     855
24695    46158  2027     879
24696    46192  8480     813
24697    46200  42226     846
24698    46205  3150     788
24699    46213  6030     837
24700    47084  1506     848
24701    46215  46214     848
24702    46217  6082     837
24703    46221  44816     794
24704    46222  44817     790
24705    46229  47113     796
24706    46230  47114     872
24707    46231  59912     820
24708    46232  1920     872
24709    46233  46231     820
24710    46239  6177     268
24711    46240  3399     856
24712    46242  1621     856
24713    46243  1621     268
24714    46249   268     268
24715    46252  46484     270
24716    46264  51855     779
24717    46266  38161     245
24718    46272  44856     878
24719    46278  44108     869
24720    46284  44882     872
24721    46295  47140     822
24722    46296  47141     803
24723    46298  8307     800
24724    46302  3843     892
24725    46311  44532     838
24726    46327  9626     829
24727    46329  44971     871
24728    46333  47156     810
24729    46338  9359     852
24730    46340  5354     798
24731    46342  5656     798
24732    46344  44998     888
24733    46345  44999     872
24734    46371  45047     882
24735    46372  45048     840
24736    46382  63847     848
24737    46383  1495     819
24738    46385  45061     789
24739    46386  4411     837
24740    46390  1888     870
24741    46391  1888     842
24742    46405  11079     815
24743    46406  9017     836
24744    46412  3872     885
24745    46415  3701     885
24746    46416  45138     820
24747    46417  4330     832
24748    46418  4351     833
24749    46419  46417     832
24750    46429  47203     820
24751    46430  47204     868
24752    46434   780     780
24753    46435   780     781
24754    46450  38104     835
24755    46454  3649     882
24756    46458  4773     840
24757    46461  45222     836
24758    46462  1324     818
24759    46473  8847     822
24760    46484   270     270
24761    46510   831     831
24762    46511  10418     783
24763    46512  8194     855
24764    46517  47557     807
24765    46518  8455     882
24766    46523  42838     880
24767    46526  33126     805
24768    46527  4389     805
24769    46528  7574     836
24770    46538  5618     888
24771    46539  9952     840
24772    46540  7323     824
24773    46541  7665     884
24774    46542  2192     798
24775    46548  3497     793
24776    46562  57173     842
24777    46570  8619     790
24778    46575  4931     845
24779    46584  1822     868
24780    46598  5219     872
24781    46605  1084     816
24782    46604  1084     783
24783    46605  46603     816
24784    46606  47572     794
24785    46619  47285     836
24786    46620  6763     805
24787    46625  1256     830
24788    46626  1256     301
24789    46629  6704     301
24790    46630  8966     830
24791    46634  1256     830
24792    46635  1256     301
24793    46647  42000     783
24794    46654  2845     783
24795    46662  4361     816
24796    46663  2972     790
24797    46671  1189     824
24798    46672  1892     852
24799    46673  1892     871
24800    46677  6812     788
24801    46678  3087     215
24802    46680  6811     767
24803    46681  11117     844
24804    46690  42195     827
24805    46698  42169     867
24806    46700  3277     858
24807    46725  2239     837
24808    46727  2238     820
24809    46728  2238     888
24810    46730  4408     837
24811    46733  1714     862
24812    46736  4036     786
24813    46746  1242     828
24814    46750  11633     828
24815    46756  6376     886
24816    46760  10755     799
24817    46770  45663     804
24818    46772  45667     861
24819    46775  1767     861
24820    46779  1767     865
24821    46780  1866     865
24822    46788  42913     865
24823    46791  1912     871
24824    46795  5134     842
24825    46796  5135     824
24826    46801  7579     837
24827    46804  7014     807
24828    46806  45690     831
24829    46807  45691     807
24830    46811  1868     864
24831    46816   897     149
24832    46818  4287     820
24833    46819  2144     824
24834    46820  2144     885
24835    46831  1356     820
24836    46832  1356     838
24837    46839  46840     827
24838    46840  2898     827
24839    46844  2898     827
24840    46845  4266     280
24841    46846  7559     280
24842    46860  33571     280
24843    46880  42423     284
24844    46884  43586     866
24845    46885  3390     820
24846    46889  5920     790
24847    46894  4034     786
24848    46900  45445     817
24849    46910  7379     845
24850    46916  45848     817
24851    46934  46936     298
24852    46935  10228     813
24853    46936  7944     298
24854    46943  46945     298
24855    46944  5957     813
24856    46945  7944     298
24857    46954  45931     874
24858    46956  5095     872
24859    46960  2201     867
24860    46961  2201     886
24861    46963  1409     842
24862    46964  1409     779
24863    46972  47876     894
24864    46973  44408     866
24865    46975  47441     867
24866    46976  1541     851
24867    46979  5501     801
24868    46985  4735     862
24869    46986  3483     870
24870    46990  46005     886
24871    46991  9613     848
24872    46994  7423     874
24873    46999  3664     882
24874    47001  44466     883
24875    47004  10200     838
24876    47005  47451     820
24877    47006  11872     839
24878    47007  47452     842
24879    47016   344     345
24880    47017  44377     782
24881    47018  5025     880
24882    47019  47018     880
24883    47020  48589     874
24884    47021  1775     782
24885    47022  1775     866
24886    47034  7657     877
24887    47041  5417     805
24888    47052  43974     842
24889    47053  44542     842
24890    47063  1304     835
24891    47064  1304     802
24892    47077  2981     819
24893    47066  1122     802
24894    47067  47065     819
24895    47075  1122     819
24896    47074  1122     802
24897    47074  47069     802
24898    47075  47068     819
24899    47077  47065     819
24900    49132  7932     791
24901    47082  44910     848
24902    47083  3161     791
24903    47084  46214     848
24904    47089  2027     796
24905    47090  3600     856
24906    47106  46221     794
24907    47107  46222     790
24908    47113  1921     796
24909    47114  1921     872
24910    47116   269     269
24911    47122  3847     893
24912    47126  46252     270
24913    47130  4847     869
24914    47140  1172     822
24915    47141  1172     803
24916    47498  1057     810
24917    47159  46344     888
24918    47160  46345     872
24919    47175   380     381
24920    47183  46382     848
24921    51853  3277     858
24922    47187  2017     872
24923    47188  2017     879
24924    47191  47524     803
24925    47197  4740     862
24926    47199  11035     821
24927    47203  1838     820
24928    47204  1838     868
24929    47205  6993     860
24930    47211  44956     834
24931    47218  47535     854
24932    47225  1484     846
24933    47235  2104     879
24934    47236  2104     882
24935    47242  3234     855
24936    47243  45276     855
24937    47244  9222     818
24938    47247  1239     828
24939    47248  1239     800
24940    47250  45295     876
24941    47266  3784     888
24942    47285  9029     836
24943    47289  8015     783
24944    47292  46662     816
24945    47293  46663     790
24946    47301  41984     798
24947    47309  6840     828
24948    47310  9114     836
24949    47325  3703     871
24950    47332  1937     828
24951    47333  9870     873
24952    47339  7364     811
24953    47343  1868     869
24954    47346  47603     893
24955    47350  5138     840
24956    47351  7369     888
24957    47356  2126     840
24958    47357  2126     883
24959    47369  46894     786
24960    47371  2724     802
24961    47383   302     302
24962    47389  47744     301
24963    47392  45884     303
24964    47397  2770     813
24965    47399  47407     294
24966    47407  10225     294
24967    47410  47645     300
24968    47414  47399     294
24969    47418  47410     300
24970    47419   299     299
24971    47420  47418     300
24972    47430  53951     793
24973    47440  45956     851
24974    47441  1788     867
24975    47443  46979     801
24976    47451  1412     820
24977    47452  1412     842
24978    47464  2477     430
24979    47482  6873     818
24980    47498  47156     810
24981    47508  2646     779
24982    47513  41987     883
24983    47514  7313     882
24984    47522  9506     880
24985    47524  10195     803
24986    47530  38146     824
24987    47535  9004     854
24988    47538  2177     885
24989    47539  2087     863
24990    47540  2087     882
24991    47541  45218     871
24992    47546  4737     845
24993    47557  2032     807
24994    47559  2032     879
24995    47567  4307     781
24996    47568  47266     888
24997    47570  1084     816
24998    47571  1084     783
24999    47572  8766     794
25000    47597  47332     828
25001    47603  5109     893
25002    57347  4580     800
25003    47616  54264     779
25004    47619   304     304
25005    47620   303     303
25006    47623  47625     787
25007    47625  7563     787
25008    47630  9789     787
25009    47637  47766     294
25010    47639   298     298
25011    47645  47647     300
25012    47646  47414     294
25013    47647   293     300
25014    47659  8588     890
25015    47662  47846     894
25016    47674  47788     885
25017    47675  47789     821
25018    47677  3618     875
25019    47694  4471     819
25020    47695  5054     882
25021    47696  5069     883
25022    47700  3301     860
25023    47701  3026     824
25024    47704  5254     885
25025    47708  49293     783
25026    47727  47309     828
25027    47728  47310     836
25028    47739  47611     800
25029    47744   301     301
25030    47749  11599     305
25031    47761  47637     294
25032    47766  45895     294
25033    47780  9474     874
25034    47781  6366     875
25035    47782  7248     879
25036    47783  46975     867
25037    47788  2146     885
25038    47789  2146     821
25039    49286   552     553
25040    47795  49287     391
25041    47818  47389     301
25042    47825   943     305
25043    47826   943     787
25044    47830  5914     787
25045    47831  2665     305
25046    47841  3827     890
25047    47843  9531     880
25048    47846  47868     894
25049    47847  47848     851
25050    47848  47862     851
25051    47858  2943     830
25052    47869  2368     851
25053    47865  2368     894
25054    47864  1788     867
25055    47865  47863     894
25056    47866  2368     851
25057    47868  2368     894
25058    47869  47862     851
25059    47876  47662     894
25060    47884  49314     211
25061    47885  49316     764
25062    47886  50206     214
25063    47887  50199     766
25064    47888  49325     764
25065    47889  49322     211
25066    47890  49326     214
25067    47891  49328     766
25068    47892  10185     769
25069    47893   217     217
25070    47894  50661     210
25071    47895  50673     763
25072    47896  50220     221
25073    47897  50224     775
25074    47898  49338     558
25075    47899  51899       3
25076    47900  49342     220
25077    47901  49341     774
25078    47902  7805     559
25079    47903     5       5
25080    47904  47907     560
25081    47905  47906       6
25082    47906  2384       6
25083    47907   559     560
25084    47908  47905       6
25085    47909  49346     561
25086    47910  49345       7
25087    47911  49350       6
25088    47912  49349     560
25089    47913  49353       8
25090    47914  49355     562
25091    47915  49358     561
25092    47916  49357       7
25093    47917  49361       9
25094    47918  49363     563
25095    47919  49365     562
25096    47920  49367       8
25097    47921  49369     621
25098    47922  49371      66
25099    47923  5919     217
25100    47924  10184     769
25101    47926  3417     867
25102    47927  50227      12
25103    47928  50231     566
25104    47929  49378       3
25105    47930  49380     558
25106    47931    14      14
25107    47932  2564     568
25108    47933  5869     603
25109    47934    48      48
25110    47935  5865      14
25111    47936   567     568
25112    47937  2386      17
25113    47938   570     571
25114    47939  5788     571
25115    47940    17      17
25116    47941  3905      28
25117    60796  2567     581
25118    47943  50241      26
25119    47944  50237     579
25120    47945    28      28
25121    61102  6405     581
25122    47947  49386      28
25123    47948  49388     581
25124    47949  49392      40
25125    47950  49390     594
25126    47951  50247      37
25127    47952  50251     591
25128    47953  49399      38
25129    47954  49398     592
25130    47955  50255      39
25131    47956  50259     593
25132    47957  3906      37
25133    56018   590     591
25134    47959   581     582
25135    47960  5868      29
25136    47961   594     595
25137    47962    41      41
25138    47963  50268     579
25139    47964  50266      26
25140    47965  2393      60
25141    47966   615     616
25142    47967    65      65
25143    47968  2571     620
25144    47969  49410     596
25145    47970  49411      42
25146    47971  5871      65
25147    47972   619     620
25148    47973  2569     603
25149    47974  7816      48
25150    47976  49415     622
25151    47977  49414      67
25152    47978  49419     621
25153    47979  49417      66
25154    47980    29      29
25155    58407  2568     582
25156    47982    36      36
25157    47983   589     590
25158    47984  49422     630
25159    47985  49424      75
25160    47986  4041     624
25161    47987  9993      69
25162    47988   627     628
25163    47989    73      73
25164    53904   626     627
25165    47991    72      72
25166    47992   641     642
25167    47993    88      88
25168    47994    84      84
25169    47995   637     638
25170    47997   121     121
25171    47998  5798     674
25172    47999  50281     761
25173    48000  50283     208
25174    48001  50291     756
25175    48002  50290     203
25176    48003  49439     753
25177    48004  49438     200
25178    48005  49442     751
25179    48006  49444     198
25180    48007  2490     447
25181    48008  2522     498
25182    48009  50296     190
25183    48010  50300     743
25184    48011  49451     195
25185    48012  49453     747
25186    48013  10150     211
25187    48014  7830     764
25188    48015  49455     474
25189    48016  49460     471
25190    48017  49471     191
25191    48018  49469     744
25192    48019  49474     470
25193    48020   475     475
25194    48021   466     466
25195    48022  49477     479
25196    50312   465     465
25197    48024   480     480
25198    48025  50316     740
25199    48026  50320     187
25200    48027  50329     741
25201    48028  50325     188
25202    48029  49492     188
25203    48030  49489     741
25204    48031  50333     190
25205    48032  50337     743
25206    48033  50338     187
25207    48034  50344     740
25208    48035   649     650
25209    48036    96      96
25210    48037    99      99
25211    48038   652     653
25212    48039   653     654
25213    48040   100     100
25214    48041  3918     182
25215    48042  5804     735
25216    48043  49503     659
25217    48044  49505     105
25218    48045  49508     214
25219    48046  49509     766
25220    48047  9760     769
25221    48048  2427     217
25222    48049  49513     106
25223    48050  49511     660
25224    48051  49515     740
25225    48052  49517     187
25226    48053   662     663
25227    48054   108     108
25228    48055  5792     612
25229    48056    56      56
25230    48057  50357     761
25231    48058  50351     208
25232    48059  49524     116
25233    48060  49526     670
25234    48061   117     117
25235    48062  2577     671
25236    48063  49531     670
25237    48064  49529     116
25238    48065  4028     117
25239    48066   670     671
25240    48067  2400     119
25241    48068   672     673
25242    48069  50370     675
25243    48070  50364     122
25244    48071   936     133
25245    48072   684     685
25246    48073  45377     786
25247    48074  48073     786
25248    48077  49538     126
25249    48078   678     679
25250    48079  2402     123
25251    48080   675     676
25252    48081  50727     763
25253    48082  50719     210
25254    48083  49544       9
25255    48084  49546     563
25256    48085   702     703
25257    48086   150     150
25258    48087   696     697
25259    48088  2378     145
25260    48089  50741     739
25261    48090  50739     186
25262    48091  50757     739
25263    48092  50755     186
25264    48094  49557     142
25265    48095   693     694
25266    48096  49561     143
25267    48097  49560     695
25268    48098   171     171
25269    48099  7829     725
25270    48100  7768     735
25271    48101   182     182
25272    48102  49564     726
25273    48103  49566     172
25274    48104  3911     141
25275    48105  2582     693
25276    48106  7887     215
25277    48107   766     767
25278    48108  1936     872
25279    48109  6232     800
25280    48110  1333     837
25281    48111  49569     882
25282    48112  5182     890
25283    48113  2183     886
25284    48114  6320     882
25285    48115  4565     790
25286    48116  2086     790
25287    48117  48115     790
25288    48118  48117     790
25289    48120  7351     882
25290    48122  2086     882
25291    48124  5121     886
25292    48125  7350     817
25293    48127  49585     697
25294    48128  49587     145
25295    48129   499     499
25296    48130   445     445
25297    48131  5840     472
25298    48132   473     473
25299    48135  49591       9
25300    48136  49593     563
25301    48137  6408     603
25302    48138  2390      48
25303    48139  5867     630
25304    48140  5872      75
25305    48141   666     667
25306    48142  5874     112
25307    48143  50406     122
25308    48144  50410     675
25309    48145  49601     168
25310    48146  49603     723
25311    48147  49605     740
25312    48148  49607     187
25313    48149  49609     747
25314    48150  49611     195
25315    48151  49613     198
25316    48152  49615     751
25317    48153  50777     763
25318    48154  50781     210
25319    48155  49621     765
25320    48156  49623     213
25321    48157  49624     816
25322    48158  4191     788
25323    48159  6129     819
25324    48160  7998     824
25325    48161  7997     776
25326    48162  4330     832
25327    48163  2966     833
25328    48164  1504     805
25329    48165  4568     796
25330    48166  1504     848
25331    48168  44910     848
25332    48170  1497     816
25333    48171  8429     877
25334    48172  1497     848
25335    48177  49631      37
25336    48178  7758     591
25337    48179  2414     185
25338    48180  10091     737
25339    48181  49633     187
25340    48182  49635     740
25341    48183  49638     188
25342    48184  49637     741
25343    48185  50789     743
25344    48186  50795     190
25345    48187  50439     743
25346    48188  50442     190
25347    48189  49650     759
25348    48190  49649     206
25349    48191  49653     211
25350    48192  49655     764
25351    48193  49658     765
25352    48194  49657     213
25353    48195  50451     766
25354    48196  50885     788
25355    48197  50446     214
25356    48198  8675     769
25357    48199  3941     217
25358    48200  49665     187
25359    48201  49667     740
25360    48202  49670     756
25361    48203  49669     203
25362    48204  49673     198
25363    48205  49675     751
25364    48208  7765     737
25365    48209  7776     185
25366    48210  49681     188
25367    48211  49680     741
25368    48212  49684     758
25369    48213  51912     204
25370    48214  7827     168
25371    48215  7828     723
25372    48216  49686     208
25373    48217  49687     761
25374    48218  49690     211
25375    48219  49692     764
25376    48220  12239     221
25377    48221  2609     775
25378    48222  49694     213
25379    48223  49696     765
25380    48224  3907      48
25381    48225   602     603
25382    48226  49699     764
25383    48227  49697     211
25384    48228  49703     188
25385    48229  49702     741
25386    48230  49706     191
25387    48231  49708     744
25388    48232  49710     744
25389    48233  49712     191
25390    48234  6433     217
25391    48235   768     769
25392    48236  49714     775
25393    48237  49715     221
25394    48238  50459     190
25395    48239  50462     743
25396    48240  6648     859
25397    48242  52218     840
25398    48243   642     643
25399    48244  7520      89
25400    48245  7524     217
25401    48246  3960     769
25402    48247  7525     766
25403    48248  11573     214
25404    48249  10064     759
25405    48250  10073     206
25406    48251  49730     737
25407    48252  49728     185
25408    48253  10088     731
25409    48254   178     178
25410    48255  10096     745
25411    48256   193     193
25412    48257  5882     171
25413    48258  2586     725
25414    48259  10143     750
25415    48260   197     197
25416    48261  2605     769
25417    48262  7879     217
25418    48263  7880     217
25419    48264  3959     769
25420    48265  6407     213
25421    48266  10799     765
25422    48267  49736     191
25423    48268  49735     744
25424    48269  5647     219
25425    48270  3963     771
25426    48271   769     770
25427    48272  10889     218
25428    48273  49746     200
25429    48274  49745     753
25430    48275  8853     574
25431    48276  12317      20
25432    48277  2855     814
25433    48278  10970     791
25434    48283  9759     766
25435    48284   214     214
25436    48285  49754     214
25437    48286  49756     766
25438    48287  49760     594
25439    48288  49758      40
25440    48289  5694     846
25441    48290  13352     204
25442    48291  5808     758
25443    48292  11758     759
25444    48293  11769     206
25445    48294  11783     174
25446    48295  5802     729
25447    48296  7800     725
25448    48297  2408     171
25449    48298  49762     191
25450    48299  49765     744
25451    48301  12807     206
25452    48302  10065     759
25453    48303  13353     204
25454    48304  13355     758
25455    48305  3931     206
25456    48306  12809     759
25457    48307  49768     204
25458    48308  49769     758
25459    48309  10792     221
25460    48310  10745     775
25461    48311  10062     758
25462    48312  12802     204
25463    48313  5083     842
25464    48314  33370      53
25465    48315   609     610
25466    48319  49774     774
25467    48320  49775     220
25468    48321  37788      57
25469    48322   612     613
25470    48323  37789     615
25471    48324    59      59
25472    48325  37797     619
25473    48326    64      64
25474    48328  37853     172
25475    48329  2587     726
25476    48333  12031     855
25477    48341  26643     879
25478    48342  26642     829
25479    48346  49781     167
25480    48347  49780     722
25481    48348  39415     167
25482    48349  39477     722
25483    48350  4740     862
25484    48353  7761      49
25485    48354  39619     198
25486    48355  7542     751
25487    48359  10067     759
25488    48360  39872     206
25489    48361  49787     761
25490    48362  49785     208
25491    48363   571     572
25492    48364  39970      18
25493    48365  39972     574
25494    48366  10952      20
25495    48367  39982     624
25496    48368  2396      69
25497    48369  4042     622
25498    48370  39984      67
25499    48371  49790     204
25500    48372  49791     758
25501    48373  3955     756
25502    48374  39988     203
25503    48375  49795     747
25504    48376  49797     195
25505    48377   711     712
25506    48378  39996     156
25507    48379  44971     871
25508    48383  40328       9
25509    48384  4188     563
25510    48385  49804     565
25511    48386  49803      11
25512    48387  50495     210
25513    48388  50489     763
25514    48389  40336     208
25515    48390  7840     761
25516    48391  49812     741
25517    48392  49814     188
25518    48393  50503     190
25519    48394  50501     743
25520    48396  2679     792
25521    60180  4318     784
25522    48400  5176     890
25523    48401  5246     893
25524    48408  2107     845
25525    48409  2107     882
25526    48410  1469     814
25527    48412  49835     558
25528    48413  49838       3
25529    48414    16      16
25530    48415  40904     570
25531    48417    30      31
25532    48418    32      33
25533    48419  49841     200
25534    48420  49840     753
25535    48421  5879     139
25536    48422  40955     691
25537    48424  62940     844
25538    48425  62984     835
25539    48426  62985     843
25540    48427  1428     844
25541    48430  41046     761
25542    48431  39874     208
25543    48432  41056     589
25544    48433    35      35
25545    48436  39986     204
25546    48437  41099     758
25547    48438  41103     195
25548    48439  39990     747
25549    48442  3441     868
25550    48443  2873     824
25551    48444  40330      11
25552    48445  41246     565
25553    48446  49850     763
25554    48447  49849     210
25555    48449  41257     188
25556    48450  40343     741
25557    48451  49855     190
25558    48452  49853     743
25559    48456  41451     558
25560    48457  40899       3
25561    48458  41455      23
25562    56069   576     577
25563    48460  41479     753
25564    48461  40928     200
25565    48466  41250     210
25566    48467  41618     763
25567    48468  41623     743
25568    48469  41259     190
25569    48474  41673     828
25570    48479  6693     828
25571    48484  40462     252
25572    48493  4467     842
25573    48507  52537     890
25574    48521  49884     794
25575    48522  54293     819
25576    48531   831     832
25577    48532  57965     827
25578    48535  5374     803
25579    48541  49892     836
25580    48543  43008     868
25581    48556  34721     879
25582    48561  4684     858
25583    48562  2244     782
25584    48563  6583     815
25585    48567  8872     798
25586    48568  10960     819
25587    48569  1190     776
25588    48570  1190     824
25589    48581  4984     855
25590    48585  4417     820
25591    48586  1952     874
25592    48587  42421     782
25593    48588  1952     782
25594    48589  48590     874
25595    48590  1952     874
25596    48604  1147     799
25597    48606  1147     820
25598    48608  1406     804
25599    48609  49920     729
25600    48610  49921     174
25601    48615  7957     783
25602    48625  8740     666
25603    48626  43854     111
25604    48627  43855     666
25605    48628   111     111
25606    48629  3969     776
25607    48632  1572     854
25608    48633  57208     803
25609    48635  43929     842
25610    48636  43928     824
25611    48639  27899     860
25612    48640  27898     824
25613    48643   728     729
25614    48644  44036     174
25615    48645  43670     174
25616    48646  44035     729
25617    48648  5148     829
25618    48651  38975     837
25619    48652  38976     804
25620    48659   929     781
25621    48660  1189     824
25622    48661  48663     781
25623    48663  1189     781
25624    48664  40572     776
25625    48667   929     776
25626    48669  43133     804
25627    48672  37248     781
25628    48682  1443     845
25629    48683  3077     843
25630    48687  4549     801
25631    48690  1351     837
25632    48691  1351     828
25633    48697  49946     824
25634    48701  54395     842
25635    48702  4548     801
25636    48735  44723     735
25637    48736  2412     182
25638    48741  49968     809
25639    48743  4230     822
25640    48744  2861     810
25641    48749  3727     872
25642    48751  44866     873
25643    48752  6235     864
25644    48760  7105     840
25645    48763  3083     844
25646    48778  1922     872
25647    48779  1922     800
25648    48785  6057     326
25649    48786  8107     843
25650    48792  3557     871
25651    48793  42153     799
25652    48794  42152     888
25653    48814  37252     872
25654    48816  3498     871
25655    48817  4887     842
25656    48822  6107     857
25657    48824  2912     823
25658    48831  52352     819
25659    48838  1410     842
25660    48839  1410     793
25661    48856   139     139
25662    48857  45459     691
25663    48858  45460     139
25664    48859  2581     691
25665    48861   440     441
25666    48874   343     344
25667    52235  2022     866
25668    52234  2022     879
25669    48887  4544     846
25670    48893  6807     843
25671    48895  7978     797
25672    48904  7145     871
25673    48911  52284     786
25674    48914   796     796
25675    48915  59248     354
25676    48916  1586     831
25677    48917  1586     855
25678    48919  4657     834
25679    48922  48919     834
25680    48939  1793     867
25681    48945  4044     787
25682    48966  44407     877
25683    48967  44409     820
25684    48971  1442     367
25685    48972  1442     845
25686    48974  44396     792
25687    48983  32993     842
25688    48990  4773     840
25689    52615  8459     880
25690    49014  2889     827
25691    49017  5425     806
25692    49023  64453     849
25693    49024  64454     885
25694    49032  3011     794
25695    49036  1536     851
25696    49050  3845     892
25697    49059  1211     804
25698    49068  42030     894
25699    49087  5520     827
25700    49100  4782     866
25701    49103  4925     872
25702    49104  7182     868
25703    61842  6600     788
25704    49108  5326     779
25705    51700  1630     852
25706    49132  47081     791
25707    49145  1001     800
25708    49146  58446     820
25709    49147  58447     840
25710    49148  41660     886
25711    49168  46412     885
25712    49173  7099     868
25713    49187  3750     810
25714    49189  4390     836
25715    49190  3005     805
25716    49193  1287     794
25717    49194  1287     834
25718    49214  1496     848
25719    49215  4633     855
25720    49216  7223     877
25721    49217  6108     848
25722    49218  2794     788
25723    49221  5580     852
25724    49234  1648     842
25725    49235  47186     858
25726    49237  3031     838
25727    49239  42568     834
25728    49241  1377     828
25729    49242  1377     840
25730    49251  3129     846
25731    49253  3776     837
25732    49258  1363     839
25733    49264  1590     816
25734    49265  1590     855
25735    49271  50179     880
25736    49282  2210     810
25737    49286  47794     553
25738    49287   391     391
25739    49293  2746     783
25740    49294  47708     783
25741    49295  57122     807
25742    49304  2367     867
25743    49305  2367     894
25744    49306  46972     894
25745    52180  1540     817
25746    49310  52181     848
25747    53218  49309     817
25748    49312  58218     851
25749    49314  2424     211
25750    49315  47885     764
25751    49316  8671     764
25752    49317  47884     211
25753    49318  50201     766
25754    49319  50200     214
25755    49320  50205     766
25756    49321  50204     214
25757    49322  6414     211
25758    49323  47888     764
25759    49324  47889     211
25760    49325   763     764
25761    49326  11574     214
25762    49327  47891     766
25763    49328  4056     766
25764    49329  47890     214
25765    49330  50659     763
25766    49331  50663     210
25767    49332  50668     763
25768    49333  50671     210
25769    49334  50218     221
25770    49335  50219     775
25771    49336  50222     775
25772    49337  50223     221
25773    49338  7757     558
25774    49339  47899       3
25775    49340  47900     220
25776    49341  50226     774
25777    49342   220     220
25778    49343  47901     774
25779    49344  47909     561
25780    49345  5862       7
25781    49346   560     561
25782    49347  47910       7
25783    49348  47911       6
25784    49349  5787     560
25785    49350     6       6
25786    49351  47912     560
25787    49352  47914     562
25788    49353     8       8
25789    49354  47913       8
25790    49355  2562     562
25791    49356  47915     561
25792    49357     7       7
25793    49358  2561     561
25794    49359  47916       7
25795    49360  47918     563
25796    49361  2385       9
25797    49362  47917       9
25798    49363  5845     563
25799    49364  47920       8
25800    49365   561     562
25801    49366  47919     562
25802    49367  5863       8
25803    49368  47922      66
25804    49369  4043     621
25805    49370  47921     621
25806    49371    66      66
25807    49373  50228     566
25808    49374  50230      12
25809    49375  50232      12
25810    49376  50234     566
25811    49377  47930     558
25812    49378  3903       3
25813    49379  47929       3
25814    49380  5786     558
25815    49381  50238      26
25816    49382  50236     579
25817    49383  50242     579
25818    49384  50239      26
25819    57165  47948     581
25820    49386  2388      28
25821    49387  47947      28
25822    49388   580     581
25823    49389  47949      40
25824    49390   593     594
25825    49391  47950     594
25826    49392  11604      40
25827    49393  50248     591
25828    49394  50249      37
25829    49395  50254     591
25830    49396  50252      37
25831    49397  47953      38
25832    49398   591     592
25833    49399    38      38
25834    49400  47954     592
25835    49401  50256     593
25836    49402  50258      39
25837    49403  50260      39
25838    49404  50262     593
25839    49405  50267     579
25840    49406  50265      26
25841    49407  50271     579
25842    49408  50269      26
25843    49409  47970      42
25844    49410   595     596
25845    49411  7575      42
25846    49412  47969     596
25847    49413  47976     622
25848    49414  2395      67
25849    49415   621     622
25850    49416  47977      67
25851    49417  2394      66
25852    49418  47978     621
25853    49419   620     621
25854    49420  47979      66
25855    49421  47985      75
25856    49422  2572     630
25857    49423  47984     630
25858    49424    75      75
25859    49429  50282     208
25860    49430  50280     761
25861    49431  50284     761
25862    49432  50285     208
25863    49433  50289     756
25864    49434  50288     203
25865    49435  50292     203
25866    49436  50294     756
25867    49437  48003     753
25868    49438   200     200
25869    49439  10921     753
25870    49440  48004     200
25871    49441  48006     198
25872    49442   750     751
25873    49443  48005     751
25874    49444  6547     198
25875    49446  50297     743
25876    49447  50298     190
25877    49448  50301     190
25878    49449  50302     743
25879    49450  48012     747
25880    49451  7837     195
25881    49452  48011     195
25882    49453   746     747
25883    49454  48016     471
25884    49455   474     474
25885    49460   471     471
25886    49461  48015     474
25887    49468  48017     191
25888    49469   743     744
25889    49471  8661     191
25890    49472  48018     744
25891    49473  48020     475
25892    49474   470     470
25893    49477   479     479
25894    49478  48021     466
25895    49481  50315     740
25896    49482  50317     187
25897    49483  50319     187
25898    49484  50321     740
25899    49485  50324     741
25900    49486  50323     188
25901    49487  50328     188
25902    49488  50327     741
25903    49489   740     741
25904    49490  48029     188
25905    49491  48030     741
25906    49492  6420     188
25907    49493  50331     190
25908    49494  50332     743
25909    49495  50335     743
25910    49496  50336     190
25911    49497  50339     740
25912    49498  50341     187
25913    49499  50343     740
25914    49500  50345     187
25915    49503   658     659
25916    49504  48044     105
25917    49505   105     105
25918    49506  48043     659
25919    49507  48046     766
25920    49508  9761     214
25921    49509  5341     766
25922    49510  48045     214
25923    49511   659     660
25924    49512  48049     106
25925    49513   106     106
25926    49514  48050     660
25927    49515  8683     740
25928    49516  48052     187
25929    49517  3922     187
25930    49518  48051     740
25931    49520  50354     208
25932    49521  50352     761
25933    49522  50358     208
25934    49523  50356     761
25935    49524  4027     116
25936    49525  48060     670
25937    49526   669     670
25938    49527  48059     116
25939    49528  48063     670
25940    49529   116     116
25941    49530  48064     116
25942    49531  2576     670
25943    49532  50366     122
25944    49533  50365     675
25945    49534  50371     122
25946    49535  50369     675
25947    49538   126     126
25948    49539  48078     679
25949    49540  50723     210
25950    49541  50718     763
25951    49542  50731     763
25952    49543  50726     210
25953    49544  6607       9
25954    49545  48084     563
25955    49546  2563     563
25956    49547  48083       9
25957    49549  50737     739
25958    49550  50735     186
25959    49551  50745     739
25960    49552  50743     186
25961    49553  50753     739
25962    49554  50751     186
25963    49555  50763     739
25964    49556  50759     186
25965    49557   142     142
25966    49558  48095     694
25967    49559  48096     143
25968    49560   694     695
25969    52198   143     143
25970    49562  48097     695
25971    49563  48103     172
25972    49564   725     726
25973    49565  48102     726
25974    49566  5883     172
25975    49567  5653     788
25976    49568  2172     885
25977    49569  2091     882
25978    49570  48112     890
25979    49571  2091     782
25980    49572  2091     882
25981    49573  2278     890
25982    49574  42421     782
25983    49577  49574     782
25984    49582  1006     788
25985    49583  1006     801
25986    49584  48128     145
25987    49585  2377     697
25988    49586  48127     697
25989    49587   145     145
25990    49590  48136     563
25991    49591  5864       9
25992    49592  48135       9
25993    49593   562     563
25994    49596  50407     675
25995    49597  50408     122
25996    49598  50411     122
25997    49599  50412     675
25998    49600  48146     723
25999    49601  5881     168
26000    49602  48145     168
26001    49603   722     723
26002    49604  48148     187
26003    49605  6438     740
26004    49606  48147     740
26005    49607   187     187
26006    49608  48150     195
26007    49609  3950     747
26008    49610  48149     747
26009    49611  5888     195
26010    49612  48152     751
26011    49613  4114     198
26012    49614  48151     198
26013    49615  3952     751
26014    49616  50770     763
26015    49617  50775     210
26016    49618  50779     763
26017    49619  50423     210
26018    49620  48156     213
26019    49621  3957     765
26020    49622  48155     765
26021    49623  6406     213
26022    49624  4193     816
26023    49627  3582     877
26024    49629  4669     801
26025    49630  48178     591
26026    49631  2389      37
26027    49632  48182     740
26028    49633  6418     187
26029    49634  48181     187
26030    49635  3948     740
26031    49636  48183     188
26032    49637  11790     741
26033    49638  2416     188
26034    49639  48184     741
26035    49640  50793     743
26036    49641  50788     190
26037    49642  50798     743
26038    49643  50802     190
26039    49644  50438     190
26040    49645  50440     743
26041    49646  50443     743
26042    49647  50444     190
26043    49648  48189     759
26044    49649  6427     206
26045    49650  7763     759
26046    49651  48190     206
26047    49652  48192     764
26048    49653  6411     211
26049    49654  48191     211
26050    49655  6431     764
26051    49656  48193     765
26052    49657  3938     213
26053    49658  8650     765
26054    49659  48194     213
26055    49660  50449     214
26056    49661  50447     766
26057    49662  50453     766
26058    49663  50450     214
26059    49664  48201     740
26060    49665  6440     187
26061    49666  48200     187
26062    49667  2592     740
26063    49668  48202     756
26064    49669  7841     203
26065    49670  2599     756
26066    49671  48203     203
26067    49672  48205     751
26068    49673  5363     198
26069    49674  48204     198
26070    49675  2596     751
26071    49679  48210     188
26072    49680  7777     741
26073    49681  10092     188
26074    49682  48211     741
26075    49683  48213     204
26076    49684  13368     758
26077    49685  48217     761
26078    49686  10149     208
26079    49687  5891     761
26080    49688  48216     208
26081    49689  48219     764
26082    49690  7843     211
26083    49691  48218     211
26084    49692  2602     764
26085    49693  48223     765
26086    49694   213     213
26087    49695  48222     213
26088    49696  6449     765
26089    49697  3935     211
26090    49698  48226     764
26091    49699  8670     764
26092    49700  48227     211
26093    49701  48228     188
26094    49702  10082     741
26095    49703  3923     188
26096    49704  48229     741
26097    49705  48231     744
26098    49706  3926     191
26099    49707  48230     191
26100    49708  10814     744
26101    49709  48233     191
26102    49710  8660     744
26103    49711  48232     744
26104    49712  8663     191
26105    49713  48237     221
26106    49714  8697     775
26107    49715  8696     221
26108    49716  48236     775
26109    49717  50458     743
26110    49718  50460     190
26111    49719  50463     190
26112    49720  50464     743
26113    49725  5332     787
26114    49726  4058     788
26115    49728  3920     185
26116    49729  48251     737
26117    49730   736     737
26118    49731  48252     185
26119    49734  48267     191
26120    49735  10812     744
26121    49736  6421     191
26122    49737  48268     744
26123    49738  12287     788
26124    49742  5337     788
26125    49744  48273     200
26126    49745  8802     753
26127    49746  8801     200
26128    49747  48274     753
26129    49748  50476     860
26130    49750  8901     859
26131    49753  48286     766
26132    49754  3940     214
26133    49755  48285     214
26134    49756  9763     766
26135    49757  48287     594
26136    49758    40      40
26137    49759  48288      40
26138    49760  9799     594
26139    49762  10813     191
26140    49763  48299     744
26141    49764  48298     191
26142    49765  6423     744
26143    49767  48308     758
26144    49768  12821     204
26145    49769  12822     758
26146    49770  48307     204
26147    49772  54380     787
26148    49773  48320     220
26149    49774  37785     774
26150    49775  5894     220
26151    49776  48319     774
26152    49779  48346     167
26153    49780  39414     722
26154    49781   167     167
26155    49782  48347     722
26156    49784  48361     761
26157    49785  3932     208
26158    49786  48362     208
26159    49787  39873     761
26160    49789  48372     758
26161    49790  11794     204
26162    49791  39985     758
26163    49792  48371     204
26164    49794  48376     195
26165    49795  2594     747
26166    49796  48375     747
26167    49797  39989     195
26168    49802  48385     565
26169    49803    11      11
26170    49804  40329     565
26171    49805  48386      11
26172    49806  50492     763
26173    49807  50490     210
26174    49808  50496     763
26175    49809  50493     210
26176    49811  48392     188
26177    49812  10093     741
26178    49813  48391     741
26179    49814  40344     188
26180    49815  50502     190
26181    49816  50499     743
26182    49817  50506     190
26183    49818  50504     743
26184    49829  48408     845
26185    49830  50509     814
26186    49831  49830     814
26187    49834  46098     845
26188    49835  40900     558
26189    49836  48413       3
26190    49837  48412     558
26191    49838  2382       3
26192    49839  48419     200
26193    49840  40929     753
26194    49841  6549     200
26195    49842  48420     753
26196    49848  48446     763
26197    49849  40334     210
26198    49850  41249     763
26199    49851  48447     210
26200    49852  48451     190
26201    49853  41258     743
26202    49854  48452     743
26203    49855  40346     190
26204    49859  10244     820
26205    49860  7965     796
26206    49867  4170     788
26207    49884  2983     794
26208    49888  54111     814
26209    49889  54112     813
26210    49892  26545     836
26211    49896  6677     793
26212    49900  48561     858
26213    49919  48610     174
26214    49920  43669     729
26215    49921  2409     174
26216    49922  48609     729
26217    49944  1072     814
26218    49946  1188     824
26219    49948  1188     804
26220    49959  27090     823
26221    49968  1051     809
26222    49969  1051     455
26223    49974  9598     776
26224    50005  43749     802
26225    50006  11550     817
26226    50017  1298     835
26227    50020  50580     840
26228    50029  6099     342
26229    50030  52355     845
26230    50031  3213     854
26231    50038  50589     851
26232    50043   937     776
26233    50044  48914     796
26234    50046  50594     834
26235    50051   893     894
26236    50052   893     893
26237    50066  4490     844
26238    50068  2726     802
26239    50082  50611     869
26240    50085  7580     795
26241    50086  7577     837
26242    50089  3351     819
26243    50101  54966     816
26244    50102  1419     817
26245    50103  8044     843
26246    50116  42511     842
26247    50117  4454     842
26248    50119  4901     827
26249    50120  3507     871
26250    50135  7380     845
26251    50140  5238     817
26252    50141  2333     863
26253    50142  2333     893
26254    50146  5419     836
26255    50162  6583     815
26256    50163  1079     783
26257    50169  5610     827
26258    50171  50642     820
26259    50172  5154     867
26260    50174  49258     839
26261    50177  63305     844
26262    50179  5025     880
26263    50199  49318     766
26264    50200  47886     214
26265    50201   765     766
26266    50202  49319     214
26267    50203  49320     766
26268    50204  3939     214
26269    50205  47887     766
26270    50206  49321     214
26271    50207  52407     788
26272    50209  50658     210
26273    50210  50660     763
26274    50211  50662     763
26275    50212  50664     210
26276    50213  50669     210
26277    50214  50666     763
26278    50215  50670     763
26279    50216  50672     210
26280    50217  49335     775
26281    50218  6452     221
26282    50219  47897     775
26283    50220  49334     221
26284    50221  49337     221
26285    50222   774     775
26286    50223  47896     221
26287    50224  49336     775
26288    50225  49340     220
26289    50226  2608     774
26290    50227  49374      12
26291    50228  47928     566
26292    50229  49373     566
26293    50230    12      12
26294    50231  49376     566
26295    50232  47927      12
26296    50233  49375      12
26297    50234   565     566
26298    50235  49381      26
26299    50236  5789     579
26300    50237  49382     579
26301    50238  47943      26
26302    50239    26      26
26303    50240  49383     579
26304    50241  49384      26
26305    50242  47944     579
26306    50244  57923     836
26307    50247  49394      37
26308    50248  47952     591
26309    50249    37      37
26310    50250  49393     591
26311    50251  49395     591
26312    50252  47951      37
26313    50253  49396      37
26314    50254  5790     591
26315    50255  49402      39
26316    50256  47956     593
26317    50257  49401     593
26318    50258    39      39
26319    50259  49404     593
26320    50260  47955      39
26321    50261  49403      39
26322    50262   592     593
26323    50264  49405     579
26324    50265  2387      26
26325    50266  49406      26
26326    50267  47963     579
26327    50268  49407     579
26328    50269  47964      26
26329    50270  49408      26
26330    50271   578     579
26331    50277  54822     787
26332    50279  49429     208
26333    50280  2600     761
26334    50281  49430     761
26335    50282  48000     208
26336    50283  49432     208
26337    50284  47999     761
26338    50285  7842     208
26339    50286  49431     761
26340    50287  49433     756
26341    50288  5890     203
26342    50289  48001     756
26343    50290  49434     203
26344    50291  49436     756
26345    50292  48002     203
26346    50293  49435     203
26347    50294   755     756
26348    50296  49447     190
26349    50297  48010     743
26350    50298  3925     190
26351    50299  49446     743
26352    50300  49449     743
26353    50301  48009     190
26354    50302  10967     743
26355    50303  49448     190
26356    50312  48023     465
26357    50314  49482     187
26358    50315  6439     740
26359    50316  49481     740
26360    50317  48026     187
26361    50318  49484     740
26362    50319  2415     187
26363    50320  49483     187
26364    50321  48025     740
26365    50322  49485     741
26366    50323  7778     188
26367    50324  48027     741
26368    50325  49486     188
26369    50326  49487     188
26370    50327  5806     741
26371    50328  48028     188
26372    50329  49488     741
26373    50330  49494     743
26374    50331   190     190
26375    50332  48032     743
26376    50333  49493     190
26377    50334  49496     190
26378    50335  8884     743
26379    50336  48031     190
26380    50337  49495     743
26381    50338  49498     187
26382    50339  48034     740
26383    50340  49497     740
26384    50341  3947     187
26385    50342  49500     187
26386    50343   739     740
26387    50344  49499     740
26388    50345  48033     187
26389    50348  9762     788
26390    50351  49520     208
26391    50352  48057     761
26392    50353  49521     761
26393    50354  2422     208
26394    50355  49522     208
26395    50356  6428     761
26396    50357  49523     761
26397    50358  48058     208
26398    50359  63024     785
26399    50364  49532     122
26400    50365  48069     675
26401    50366  5877     122
26402    50367  49533     675
26403    50368  49534     122
26404    50369   674     675
26405    50370  49535     675
26406    50371  48070     122
26407    50374  50720     763
26408    50375  50717     210
26409    50376  50724     763
26410    50377  50721     210
26411    50378  50728     210
26412    50379  50725     763
26413    50380  50732     210
26414    50381  50729     763
26415    50382  50736     739
26416    50383  50733     186
26417    50384  50740     739
26418    50385  50738     186
26419    50386  50744     739
26420    50387  50742     186
26421    50388  50748     739
26422    50389  50746     186
26423    50390  50752     739
26424    50391  50750     186
26425    50392  50756     739
26426    50393  50754     186
26427    50394  50760     739
26428    50395  50758     186
26429    50396  50764     186
26430    50397  50761     739
26431    50406  49597     122
26432    50407  48144     675
26433    50408   122     122
26434    50409  49596     675
26435    50410  49599     675
26436    50411  48143     122
26437    50412  2579     675
26438    50413  49598     122
26439    50414  50771     210
26440    50415  50772     763
26441    50416  50774     763
26442    50417  50776     210
26443    50418  50778     210
26444    50419  50780     763
26445    50420  50422     763
26446    50421   210     210
26447    50422  49618     763
26448    50423  50421     210
26449    50430  50790     190
26450    50431  50787     743
26451    50432  50794     190
26452    50433  50792     743
26453    50434  50796     743
26454    50435  50797     190
26455    50436  50800     190
26456    50437  50801     743
26457    50438  48188     190
26458    50439  49645     743
26459    50440  6632     743
26460    50441  49644     190
26461    50442  49647     190
26462    50443  48187     743
26463    50444  6422     190
26464    50445  49646     743
26465    50446  49660     214
26466    50447  48195     766
26467    50448  49661     766
26468    50449  2426     214
26469    50450  48197     214
26470    50451  49662     766
26471    50452  49663     214
26472    50453  5338     766
26473    50457  63329     835
26474    50458  48239     743
26475    50459  49718     190
26476    50460  8887     190
26477    50461  49717     743
26478    50462  49720     743
26479    50463  48238     190
26480    50464  4219     743
26481    50465  49719     190
26482    50473  3086     844
26483    50476   859     860
26484    50479  7528     788
26485    50480  50207     788
26486    50489  49806     763
26487    50490  48387     210
26488    50491  49807     210
26489    50492  40335     763
26490    50493  3933     210
26491    50494  49808     763
26492    50495  49809     210
26493    50496  48388     763
26494    50499  40345     743
26495    50500  49815     190
26496    50501  49816     743
26497    50502  48393     190
26498    50503  49817     190
26499    50504  48394     743
26500    50505  49818     743
26501    50506  3924     190
26502    50508  48409     882
26503    50509  2108     814
26504    50510  50508     882
26505    50512  62589     814
26506    50513  3660     882
26507    50514  50512     814
26508    50515  50513     882
26509    50525  41675     820
26510    50526  41674     796
26511    50534  49888     814
26512    50537  26544     855
26513    50580  8358     840
26514    50588  50029     342
26515    50589  10559     851
26516    50590  50043     776
26517    50593  10432     783
26518    50594  3246     834
26519    50602  2267     881
26520    50603  2267     889
26521    50604  43627     799
26522    50610  1993     877
26523    50611  4837     869
26524    50617  50102     817
26525    50620  49107     788
26526    50627  3279     858
26527    50629  4520     845
26528    50641  50169     827
26529    50642  6343     820
26530    50654  5340     788
26531    50658  49331     210
26532    50659  50210     763
26533    50660  47895     763
26534    50661  50209     210
26535    50662  49330     763
26536    50663  50212     210
26537    50664  3934     210
26538    50665  50211     763
26539    50666  2601     763
26540    50667  50213     210
26541    50668  50214     763
26542    50669  49333     210
26543    50670  49332     763
26544    50671  50216     210
26545    50672  47894     210
26546    50673  50215     763
26547    50717  49540     210
26548    50718  50374     763
26549    50719  50375     210
26550    50720  48081     763
26551    50721  2423     210
26552    50722  50376     763
26553    50723  50377     210
26554    50724  49541     763
26555    50725  49542     763
26556    50726  50378     210
26557    50727  50379     763
26558    50728  48082     210
26559    50729  6429     763
26560    50730  50380     210
26561    50731  50381     763
26562    50732  49543     210
26563    50733   186     186
26564    50734  50382     739
26565    50735  50383     186
26566    50736  49549     739
26567    50737  50384     739
26568    50738  49550     186
26569    50739  50385     186
26570    50740  48089     739
26571    50741  50386     739
26572    50742  48090     186
26573    50743  50387     186
26574    50744  49551     739
26575    50745  50388     739
26576    50746  49552     186
26577    50747  50389     186
26578    50748  2591     739
26579    50749  50390     739
26580    50750  5887     186
26581    50751  50391     186
26582    50752  49553     739
26583    50753  50392     739
26584    50754  49554     186
26585    50755  50393     186
26586    50756  48091     739
26587    50757  50394     739
26588    50758  48092     186
26589    50759  50395     186
26590    50760  49555     739
26591    50761   738     739
26592    50762  50396     186
26593    50763  50397     739
26594    50764  49556     186
26595    50766  3724     885
26596    50768  52442     786
26597    50770  50415     763
26598    50771  49617     210
26599    50772  6430     763
26600    50773  50414     210
26601    50774  49616     763
26602    50775  50417     210
26603    50776  48154     210
26604    50777  50416     763
26605    50778  49619     210
26606    50779  50419     763
26607    50780  48153     763
26608    50781  50418     210
26609    50787  49640     743
26610    50788  50430     190
26611    50789  50431     743
26612    50790  48186     190
26613    50791  50432     190
26614    50792  6605     743
26615    50793  50433     743
26616    50794  49641     190
26617    50795  50435     190
26618    50796  48185     743
26619    50797  49643     190
26620    50798  50434     743
26621    50799  50437     743
26622    50800  2417     190
26623    50801  49642     743
26624    50802  50436     190
26625    50804  52426     788
26626    50845  62106     776
26627    50853  48701     842
26628    50885  4057     788
26629    50910  7576     836
26630    50985  50845     776
26631    50986  1385     814
26632    50987  50986     814
26633    50997  50627     858
26634    51088  1651     858
26635    51089  1651     802
26636    51189  2603     765
26637    51190  8649     213
26638    51191  10846     775
26639    51192  3965     221
26640    51193  7681     219
26641    51194  5846     559
26642    51195  7809       5
26643    51196  10104     176
26644    51197  2588     730
26645    51199  5921     790
26646    51200  6448     213
26647    51201  8692     765
26648    51202  5330     787
26649    51203  5809     759
26650    51204  10077     206
26651    51205  7780     193
26652    51206  5807     745
26653    51207  2418     191
26654    51208  12249     744
26655    51210  3921     185
26656    51211  11789     737
26657    51212  3904       5
26658    51213  7804     559
26659    51214  52451     736
26660    51215  52453     184
26661    51216  2413     184
26662    51217  10139     723
26663    51218  2406     168
26664    51219  3913     169
26665    51220   731     732
26666    51221  7832     180
26667    51222  2410     176
26668    51223  5827     730
26669    51224   184     184
26670    51225  8656     736
26671    51244  1485     846
26672    51228  51232     836
26673    51229  53251     782
26674    51230  61072     791
26675    51231  51237     836
26676    51232  51231     836
26677    51233  51252     782
26678    51234  54520     791
26679    51235  51236     782
26680    51236  51229     782
26681    51237  1322     836
26682    51238  37629     782
26683    51242  4543     846
26684    51243  51242     846
26685    51244  51227     846
26686    51245  1485     791
26687    51246  52456     836
26688    51247  51234     791
26689    51252  51254     782
26690    51254  1486     782
26691    51258  1486     846
26692    51261  51263     868
26693    51262  51265     869
26694    51263  1823     868
26695    51264  51262     869
26696    51265   868     869
26697    51266  51261     868
26698    51267  51275     851
26699    51268  50038     851
26700    51271  51268     851
26701    51273  7291     869
26702    51274  51273     869
26703    51275  51280     851
26704    51280  1823     851
26705    51281  1823     868
26706    51284  5047     868
26707    51291  51311     813
26708    51292  51294     827
26709    51293  51291     813
26710    51294  1202     827
26711    51295  6653     827
26712    51296  3048     813
26713    51300  51292     827
26714    51301  1397     821
26715    51303  51301     821
26716    51305  51303     821
26717    51309  51295     827
26718    51310  51296     813
26719    51311  1157     813
26720    51312  51309     827
26721    51313  51310     813
26722    51314  52988     821
26723    51317  51321     821
26724    57709  6281     827
26725    52986  8463     813
26726    51321  51323     821
26727    51322  51319     827
26728    51323  1157     821
26729    51324  51330     813
26730    51325  51322     827
26731    51330  1157     813
26732    51342  2971     796
26733    51344  7810       5
26734    51345   558     559
26735    51346   729     730
26736    51347  5884     176
26737    51348  5885     180
26738    51349  5825     732
26739    51352  1289     834
26740    51353  8849     816
26741    51354  54417     803
26742    51355  3587     878
26743    51356  1634     857
26744    51358  5847     559
26745    51359  10119       5
26746    51360  5820     736
26747    51361  6417     184
26748    51362  12251     191
26749    51363  10807     744
26750    51364  8657     765
26751    51365  2425     213
26752    51366  10831     191
26753    51367  2593     744
26754    51370  3865     893
26755    51371  5248     894
26756    51372  7806     559
26757    51373  5861       5
26758    51374  7807       5
26759    51375  2560     559
26760    51376  2383       5
26761    51377  7812     559
26762    51378  51381     868
26763    51379  10588     872
26764    51380  51379     872
26765    51381  10584     868
26766    51389  57274     840
26767    51390  10585     872
26768    51391  3526     868
26769    51395  8428     877
26770    51396  3155     848
26771    51397  8654     191
26772    51398  12248     744
26773    51399  8655     213
26774    51400  6446     765
26775    51402  9079     871
26776    51403  11114     842
26777    51404  3800     890
26778    51405  5648     844
26779    51406  11770     206
26780    51407  10066     759
26781    51408  5805     737
26782    51409  10090     185
26783    51410  12818     758
26784    51411  10095     204
26785    51412  11832     764
26786    51413  3936     211
26787    51414  51417     815
26788    51415  1079     783
26789    51416  3003     836
26790    51417  3001     815
26791    51421  6051     803
26792    51423  12230     221
26793    51424  12232     775
26794    51425  10811     744
26795    51426  10806     191
26796    51427  10801     744
26797    51428  8684     191
26798    51430  6508     770
26799    51432  6598     816
26800    51433  4181     834
26801    51438  7782     206
26802    51439  11757     759
26803    51440  5366     803
26804    51441  54716     800
26805    51443  54719     842
26806    51444  8662     744
26807    51445  12250     191
26808    51446  13068     744
26809    51447  6416     191
26810    51448   800     801
26811    51449   800     800
26812    51450  8890     814
26813    51451  6634     791
26814    51453  6802     871
26815    51454  9080     842
26816    51456  12820     204
26817    51457  52507     758
26818    51461   814     814
26819    51462  42306     834
26820    51463  28399     814
26821    51469  2346     790
26822    51470  2346     894
26823    51477  39877     180
26824    51478  2589     732
26825    52804  2014     879
26826    52803  2014     857
26827    51497  41563     890
26828    51499  3900     894
26829    51503  4547     846
26830    51505  3779     805
26831    61076  52543     848
26832    51508  59982     834
26833    51509  51508     834
26834    51510  61807     847
26835    51511  1494     848
26836    51515  4927     865
26837    51519  38526     793
26838    51520  38527     842
26839    51527  6998     776
26840    51528  9276     808
26841    51529  3304     807
26842    51530  52555     799
26843    51532  1918     871
26844    51536  39915     813
26845    51537  2328     782
26846    61135  2379     786
26847    51545  5755     824
26848    51546  6331     813
26849    51547  1033     807
26850    51548  53038     783
26851    51549  3707     885
26852    51552  4254     827
26853    51556  52570     817
26854    51557  52571     877
26855    51558  2370     829
26856    51559  2370     894
26857    51563  3325     861
26858    51568  4305     828
26859    51569  4886     842
26860    51571  42023     862
26861    51572  5129     886
26862    51573  44451     848
26863    51575  3267     857
26864    54186  2800     817
26865    51577  51576     817
26866    51578  2045     794
26867    51579  2045     880
26868    51580  51578     794
26869    51582  2010     878
26870    51583  1635     817
26871    51584  51585     857
26872    51585  1635     857
26873    51591  51580     794
26874    51601  37609     822
26875    51609  9921     836
26876    51610  3022     837
26877    51616  3094     818
26878    51618  6551     822
26879    51619  4120     803
26880    51631  3783     836
26881    51642  5196     829
26882    51648  3774     820
26883    51655  4973     791
26884    51659  1328     783
26885    51667  1703     861
26886    58123  7576     836
26887    51696  44955     818
26888    51698  26798     857
26889    51699  1630     852
26890    51700  49110     852
26891    51705  2028     856
26892    51706  2028     879
26893    51707  40650     808
26894    51708  52654     808
26895    51729  52657     801
26896    51730  2083     882
26897    51742  4119     803
26898    51758  53304     836
26899    51763  4656     834
26900    51770  2060     837
26901    51777  5132     840
26902    51787  4419     838
26903    51792  52682     800
26904    51796  43258     837
26905    51797  43259     814
26906    51801  6756     855
26907    51803   443     444
26908    51805  52685     892
26909    51809  3681     883
26910    51822  1577     854
26911    51823  1577     802
26912    51825  9017     836
26913    51831  1619     856
26914    51832  1619     817
26915    51835  1319     836
26916    51836  1319     828
26917    51839  1703     861
26918    51844  3110     845
26919    51849  3183     820
26920    51853  47186     858
26921    51855  5325     779
26922    51859  47183     848
26923    51864  1192     791
26924    51865  4910     824
26925    51870  3792     889
26926    51871  2819     801
26927    51874  6685     828
26928    51879  2907     827
26929    51880  44791     848
26930    51890  7335     872
26931    51891  7875     822
26932    51894  8235     803
26933    51895  3287     842
26934    51899     3       3
26935    51900  47898     558
26936    51905  6199     837
26937    51906  3529     872
26938    51907  1380     837
26939    51908  5117     886
26940    51909  6322     894
26941    51910  5783     836
26942    51912  7781     204
26943    51913  48212     758
26944    51921  8848     803
26945    51928  6039     800
26946    53983  2770     813
26947    51931  1397     842
26948    51932  29965     821
26949    51934  54455     842
26950    51940  9016     834
26951    51941  6754     836
26952    56799  4186     788
26953    51950  4258     810
26954    51966  10578     860
26955    51980  54549     845
26956    51984  3510     871
26957    51985  52760     836
26958    51986  57733     836
26959    51987  63390     857
26960    51988  1639     788
26961    51990  1597     855
26962    51997  3172     840
26963    51998  5616     888
26964    51999  7334     849
26965    52000  2224     849
26966    52001  2224     888
26967    52011  1115     816
26968    52012  1115     818
26969    60342  2849     821
26970    52028  7346     872
26971    52044  6877     816
26972    52046  5076     849
26973    52047  2115     882
26974    55493  2671     788
26975    52066  3065     797
26976    52074  3665     882
26977    52075  53144     793
26978    52077  60836     325
26979    52078  37206     868
26980    52079  1821     823
26981    52094  3780     852
26982    52095  6345     782
26983    52098  3239     855
26984    52103  3075     803
26985    52104  6054     854
26986    52107  3449     868
26987    52120  34818     888
26988    52121  46264     779
26989    52122  6896     877
26990    52123  52811     894
26991    52128  3854     805
26992    52129  2190     886
26993    52131  2318     892
26994    52132  2203     851
26995    52136  55821     830
26996    52137  43136     807
26997    52144  3599     796
26998    52145  4994     856
26999    52153  4829     868
27000    52159  2972     790
27001    52160  1288     834
27002    52161  2808     794
27003    52162  1287     834
27004    52164  1250     829
27005    52167  7800     725
27006    60047  6514     794
27007    55748  4038     787
27008    52180  49311     817
27009    52181  1539     848
27010    52184  62820     819
27011    52185    27      28
27012    52190  52840     803
27013    52198  49561     143
27014    52204  7351     882
27015    52205  9607     794
27016    52209  3154     848
27017    52210  6940     816
27018    52215  53366     803
27019    52218  4834     840
27020    52234  48881     879
27021    52235  48880     866
27022    52243  52876     858
27023    52247  60116     784
27024    52249  4499     845
27025    52258  55167     831
27026    52274  52887     884
27027    52275  2226     871
27028    52276  2226     888
27029    52277  3766     776
27030    52284  2659     786
27031    52287  2795     816
27032    52295  8423     877
27033    52296  54638     804
27034    52297  1406     842
27035    52300  6307     776
27036    52302  44439     871
27037    52307  31234     776
27038    52308  51538     786
27039    52314  4420     838
27040    52318  52898     894
27041    52319  10606     877
27042    52320  8409     867
27043    52345  2655     785
27044    52352  4370     819
27045    52353  44013     816
27046    52355  3211     845
27047    52357  4211     867
27048    52362  3772     829
27049    52383  4035     786
27050    52396  48911     786
27051    52401  50610     877
27052    52405  1798     837
27053    52406  1798     867
27054    52407  2675     788
27055    52410  50804     788
27056    52426  48196     788
27057    52442  54410     786
27058    52451  2590     736
27059    52452  51215     184
27060    52453  3919     184
27061    52454  51214     736
27062    52456  51228     836
27063    52460  7291     869
27064    52505  5435     837
27065    52506  51456     204
27066    52507  10097     758
27067    52525  6895     817
27068    52527  5368     803
27069    52530  3801     864
27070    52531  2276     890
27071    52532  2277     890
27072    52533  44797     836
27073    52536  2277     836
27074    52537  2277     890
27075    52543  54528     848
27076    52544  1292     834
27077    52555  2842     799
27078    52563  51547     807
27079    52570  1983     817
27080    52571  1983     877
27081    52572  1598     782
27082    52573  1598     855
27083    52575  8011     837
27084    52576  5383     812
27085    52584  54537     848
27086    52585  5783     836
27087    52586  9295     865
27088    52614  51642     829
27089    52615  49001     880
27090    52617  5150     807
27091    52633  1480     837
27092    52634  52635     846
27093    52635  52639     846
27094    52636  2806     818
27095    52637  44697     846
27096    52638  52646     837
27097    52639  1480     846
27098    52640  52636     818
27099    52641  1480     837
27100    52646  42908     837
27101    52653  44697     846
27102    52654  1043     808
27103    52657  34434     801
27104    52661  3981     797
27105    52682  2776     800
27106    52685  2313     892
27107    52686  4385     834
27108    52696  51849     820
27109    52697  5748     851
27110    52703  40717     781
27111    52704  57770     808
27112    52709  5144     888
27113    52724  5086     885
27114    52744  2891     827
27115    52750  4880     871
27116    52754  53126     840
27117    52758  40723     871
27118    52760  1694     836
27119    52768  43132     781
27120    52769  4177     894
27121    64303  1503     782
27122    52782  3639     817
27123    52783  6280     802
27124    52803  51484     857
27125    52804  51483     879
27126    52808  38636     888
27127    52811  3890     894
27128    58400  2247     865
27129    52823  1992     877
27130    52840  5369     803
27131    52876  53474     858
27132    52878  58225     894
27133    52880  33400     790
27134    52882  4018     779
27135    52887  3688     884
27136    52898  5266     894
27137    52909  10832     744
27138    52913  51537     782
27139    52920  42146     861
27140    52923  9211     802
27141    52928  53388     845
27142    52929  57750     829
27143    52952  3268     801
27144    52956  6202     888
27145    52965  57755     794
27146    52966  57756     836
27147    52986  51320     813
27148    52988  51317     821
27149    52998  5766     890
27150    53018  7926     800
27151    53038  1033     783
27152    53049  3322     807
27153    53058  6928     801
27154    53065  2782     815
27155    53066  6930     854
27156    53072  51770     837
27157    53073  2029     879
27158    53074  53075     837
27159    53075  2029     837
27160    53076  53079     879
27161    53079  2029     879
27162    53095  3180     851
27163    53102  5670     806
27164    53119  10303     835
27165    53122  51946     788
27166    53126  5132     840
27167    53133  2741     804
27168    53142  4884     871
27169    53144  38520     793
27170    53189  52878     894
27171    53194  52296     804
27172    53218  49311     817
27173    53236  52952     801
27174    53237  3022     837
27175    53251  51233     782
27176    60926  1285     834
27177    53282  3574     791
27178    53288  6498     786
27179    53292  42290     315
27180    53304  1324     836
27181    53305  58300     818
27182    53313  2140     790
27183    53318  7677     844
27184    53319  54631     810
27185    53320  6634     791
27186    53321  4220     814
27187    53335  58305     820
27188    53340  52122     877
27189    53366  4117     803
27190    53388  3771     845
27191    53389  52929     829
27192    53408  50082     869
27193    53461   200     201
27194    53474  4684     858
27195    53490  52965     794
27196    53491  52966     836
27197    53493  8433     857
27198    53559  56207     311
27199    53564   337     337
27200    53568  1897     803
27201    53569  4884     871
27202    53572  1068     814
27203    58303  1068     810
27204    53574  4060     791
27205    53581  4264     808
27206    53576  1070     814
27207    53577  53580     860
27208    53578  1070     808
27209    53579  53577     860
27210    53580  3309     860
27211    53581  53575     808
27212    53582  4416     838
27213    53585  1357     827
27214    53584  53587     820
27215    53585  53583     827
27216    53586  53582     838
27217    53587  4288     820
27218    53592  53595     838
27219    53593  53596     827
27220    53595  1357     838
27221    53596  1357     827
27222    53597  2910     820
27223    53604  52066     797
27224    53609  53612     851
27225    53610  53611     850
27226    53611  54677     850
27227    53612  54680     851
27228    53614  1521     850
27229    53615  3317     851
27230    53616  5017     880
27231    53617  5204     890
27232    53618  7262     875
27233    53619  7204     879
27234    53622  3134     846
27235    53623  1105     818
27236    53624  4587     807
27237    53625  3792     889
27238    53626  4192     801
27239    53634  8805     822
27240    53635  8814     800
27241    53636  4313     807
27242    53638  1258     830
27243    53639  57963     821
27244    53640  4323     783
27245    53646  3220     854
27246    53647  63971     810
27247    53648  63972     800
27248    53650  1660     858
27249    53651  1501     848
27250    53652  5599     877
27251    53653  7220     790
27252    53655  8409     867
27253    53663  2722     788
27254    53664  1425     843
27255    53665  1005     800
27256    53666  1648     858
27257    53667  54721     813
27258    53668  6567     786
27259    53669  8815     787
27260    53673  1583     854
27261    53674  1583     816
27262    53678  4101     801
27263    53681  3056     799
27264    53682  4447     824
27265    53687  6563     822
27266    53688  1158     800
27267    53691  5430     837
27268    53692  6765     836
27269    58670  60193     836
27270    58669  4400     837
27271    53703  9259     842
27272    53706  7219     794
27273    53707  11434     790
27274    53709  3028     838
27275    53710  7900     820
27276    53715  2347     894
27277    53716  2347     885
27278    53719  4049     788
27279    53720  4391     836
27280    53721  8834     794
27281    53725  4976     790
27282    53726  9503     794
27283    53733  8160     891
27284    53734  10394     886
27285    53736  2306     886
27286    53737  42142     848
27287    53738  2306     891
27288    53739  42141     876
27289    53740  40655     814
27290    53745  4968     856
27291    53746  7517     787
27292    53751  2210     887
27293    53754  3241     855
27294    53755  3040     828
27295    53758  1303     835
27296    53759  1303     819
27297    53761  3743     845
27298    53763  9213     816
27299    53764  3768     888
27300    53768  58544     787
27301    53769  58767     787
27302    53774  6497     786
27303    53777  1790     835
27304    53778  1790     867
27305    53779  35062     893
27306    53782  1470     799
27307    53784  4428     838
27308    53785  5730     803
27309    53791  1295     835
27310    53805  2250     836
27311    53808  6830     845
27312    53814  54794     799
27313    53819  44913     776
27314    53824  56888     802
27315    53825  1008     789
27316    53826  6876     802
27317    57119   806     806
27318    53832  5497     827
27319    53835  4845     852
27320    53837  12126     879
27321    53838  4730     861
27322    53840  32822     878
27323    53841  9422     871
27324    53842  4877     798
27325    53847  8553     879
27326    53848  3060     842
27327    53849  42497     836
27328    53854  44801     865
27329    53855  9716     845
27330    53856  7487     894
27331    53859  54821     837
27332    53860  4914     821
27333    53866  5096     885
27334    53873  45418     867
27335    53869  53872     868
27336    53870  1789     867
27337    53871  53869     868
27338    53872  45419     868
27339    53873  53868     867
27340    53875  4213     817
27341    53878  4465     797
27342    53884  3661     882
27343    53886  58223     845
27344    53892  8817     813
27345    53896  4711     860
27346    53899  46562     842
27347    53903  55662     794
27348    53904  47990     627
27349    53920  7160     827
27350    53921  4906     871
27351    53922  4975     877
27352    53927  1210     827
27353    53928  2076     857
27354    53933  55673     843
27355    53934  55674     845
27356    53942  7378     882
27357    53943  9624     888
27358    53944  7149     871
27359    53948  1789     867
27360    53951  4461     793
27361    53958   999     776
27362    53959   999     800
27363    53962  2227     776
27364    53963  2227     888
27365    53964  1001     796
27366    55372  5427     806
27367    55371  7578     837
27368    53969  7486     846
27369    53979  7140     797
27370    53981  5270     818
27371    53983  51929     813
27372    54014  2379     894
27373    54015  54907     894
27374    54020  55722     788
27375    54021  55723     789
27376    54023  3090     844
27377    54025  49772     787
27378    54031  3112     836
27379    54036  4037     787
27380    54040  58096     787
27381    54044  58079     787
27382    54046  54044     787
27383    54058  52103     803
27384    54059  52104     854
27385    54071  1298     816
27386    54083  54941     888
27387    54085  1363     827
27388    54086  3230     801
27389    54098  10264     800
27390    59839  1637     801
27391    54102  62494     816
27392    54103  1993     837
27393    54111   813     814
27394    54112   813     813
27395    54117  9452     827
27396    54123  55441     786
27397    54133  49748     860
27398    54140  50277     787
27399    54155   339     340
27400    54165  2782     815
27401    54172  6536     802
27402    54173  54993     802
27403    54177  3870     790
27404    54182  55455     811
27405    54186  51576     817
27406    54197  63793     822
27407    54198  2865     822
27408    54199  51619     803
27409    54207  59938     800
27410    54214  41058     794
27411    54218  2792     816
27412    54226  2187     886
27413    54227  1321     836
27414    54228  2352     894
27415    54229  1321     817
27416    54231  3031     838
27417    54233  8604     799
27418    54234  5196     829
27419    54244  55033     807
27420    54247  7123     871
27421    54253  4529     834
27422    54257  47623     787
27423    54260  5395     787
27424    54263  39175     845
27425    54264  4019     779
27426    54265  47674     885
27427    54266  40767     827
27428    54273  3508     871
27429    54281  55482     820
27430    54288  61424     801
27431    54289  5077     884
27432    54293  2824     819
27433    54298  63317     788
27434    54306  7436     891
27435    54308  3781     798
27436    54315  3586     878
27437    54318  34432     816
27438    54319  4983     877
27439    54321   792     792
27440    54322  1096     817
27441    54323  55070     851
27442    54324  4567     894
27443    54327  6625     817
27444    54344  4729     861
27445    54349  2245     852
27446    54361  10679     882
27447    54362  62867     871
27448    54363  62868     842
27449    54364  52274     884
27450    54365  52275     871
27451    54367  5093     885
27452    54368  7334     849
27453    54373  55092     868
27454    54374  3519     820
27455    54380  55095     787
27456    54384  49108     779
27457    54385  3227     855
27458    54386  49217     848
27459    54387  49218     788
27460    54395  7150     842
27461    54410   785     786
27462    54417  4883     803
27463    54423  5571     836
27464    54428  1285     834
27465    59667  1598     782
27466    54430  3542     874
27467    54433  6518     816
27468    54446  51648     820
27469    54455  8462     842
27470    54469  55144     814
27471    54471  51822     854
27472    54483  44359     800
27473    54487  55159     787
27474    57380  1694     861
27475    54496  8599     886
27476    54498  5156     805
27477    54499  10311     816
27478    54504  64366     822
27479    54510  52287     816
27480    54520  51230     791
27481    54528  1495     848
27482    54529  1679     807
27483    54532  51558     829
27484    54533  51559     894
27485    54534  55189     842
27486    54535  55190     824
27487    54536  52576     812
27488    54537  5600     848
27489    54549  1453     845
27490    54562  1405     842
27491    54566  49310     848
27492    54574  52215     803
27493    54577  54579     314
27494    54579   314     314
27495    54581  55218     790
27496    54582  2691     790
27497    54591   636     636
27498    54611  8835     836
27499    54614  55822     888
27500    54615  55823     869
27501    54619  5339     789
27502    54620  7526     844
27503    54631  1058     810
27504    54635  7547     803
27505    54638  2740     804
27506    54676  53609     851
27507    54677   849     850
27508    54680  1532     851
27509    54681  53610     850
27510    54682  54683     824
27511    58347  1532     824
27512    54686  55279     824
27513    54690  53624     807
27514    54700  53636     807
27515    54716  55288     800
27516    54717  55289     788
27517    54718  6813     843
27518    54719  1648     842
27519    54720  53668     786
27520    54721  6565     813
27521    54722  53669     787
27522    54757  1977     876
27523    54758  1977     848
27524    54782  1306     789
27525    54783  3329     862
27526    54787  2250     888
27527    54788  5396     784
27528    54794  4141     799
27529    54799  2072     817
27530    54800  3793     881
27531    54806  3460     852
27532    54812  53849     836
27533    54818  4494     818
27534    54821  1343     837
27535    54822  5331     787
27536    54856  26077     824
27537    54861  53927     827
27538    54863  2076     881
27539    54877  12554     828
27540    54885  53969     846
27541    62287  3111     845
27542    54889  38046     867
27543    54905  54014     894
27544    54906  2379     786
27545    54907  55411     894
27546    54915  62141     844
27547    54919  54031     836
27548    54935  3495     842
27549    54941  4194     888
27550    54942  2257     819
27551    54943  2256     858
27552    54954  1032     805
27553    54955  1032     794
27554    54966  6019     816
27555    54993  4106     802
27556    54995  1918     821
27557    55000  51548     783
27558    55003  6117     856
27559    55009  3021     837
27560    55011  54228     894
27561    55012  3376     864
27562    55013  2187     836
27563    55015  54231     838
27564    55017  1247     829
27565    55018  1537     851
27566    55019  1247     799
27567    55020  1538     851
27568    55021  58486     829
27569    55022  2204     886
27570    55026  54234     829
27571    55033  1703     807
27572    55036  54253     834
27573    62402  6107     857
27574    55055  56040     839
27575    55070  2318     851
27576    55079  54349     852
27577    55086  54362     871
27578    55087  54363     842
27579    55088  52276     888
27580    55089  52277     776
27581    55092  3444     868
27582    55093  44986     787
27583    55094  4039     787
27584    55095  6503     787
27585    55108  1072     814
27586    55110  34476     791
27587    55113  55545     785
27588    55117   317     317
27589    55127  1093     794
27590    55128  1093     817
27591    55136  1192     824
27592    55142  3130     820
27593    55144  2313     814
27594    55145  51823     802
27595    55149  4292     828
27596    55152  51890     872
27597    55155  3446     868
27598    55159  2803     787
27599    55167  2944     831
27600    55182  64116     829
27601    55184  1495     819
27602    55185  54529     807
27603    55187  1793     799
27604    55189  58526     842
27605    55190  58527     824
27606    55200  55586     835
27607    55206  54562     842
27608    55218  54582     790
27609    55219  1003     800
27610    55231  4584     817
27611    55242  6587     794
27612    55247  4391     836
27613    55276  4582     849
27614    55279  1521     824
27615    55281  4659     846
27616    55286  58661     783
27617    55288  1425     800
27618    55289  1005     788
27619    55299  53681     799
27620    55300  53682     824
27621    55307  6130     842
27622    55313  53761     845
27623    55317  53769     787
27624    55371  53968     837
27625    55372  53967     806
27626    55378  3005     805
27627    55397  54887     845
27628    55398  8362     835
27629    55411  2377     894
27630    55436  4404     795
27631    55437  3015     837
27632    55441  39677     786
27633    55455  1063     811
27634    55456  6331     813
27635    55465  55012     864
27636    55482  31077     820
27637    55487  44774     821
27638    55493  52050     788
27639    55495  55055     839
27640    58630  2318     892
27641    55517  3100     845
27642    55523  6929     845
27643    55524  55523     845
27644    55530  55935     845
27645    55531  55940     854
27646    55534  55926     845
27647    55545   785     785
27648    55547  8679     801
27649    55552  55810     791
27650    55553  60217     800
27651    55562  58721     885
27652    55574  1252     807
27653    55578  4530     829
27654    55579  55182     829
27655    55830  1453     835
27656    55622  1897     871
27657    55623  1897     803
27658    55624  5453     842
27659    55625  4465     797
27660    55633  1425     843
27661    60052  6514     794
27662    55659  4074     794
27663    55662  6517     794
27664    55663   589     589
27665    55673  1443     843
27666    55674  1443     845
27667    55722   788     788
27668    55723   788     789
27669    55740  2151     885
27670    55741  2151     799
27671    55748  52172     787
27672    55796  63843     843
27673    55810  1192     791
27674    55821  1252     830
27675    55822  6202     888
27676    55823  3453     869
27677    55825  55579     829
27678    55830  55586     835
27679    55840  1003     790
27680    55856  56088     311
27681    55863  5430     837
27682    55873  7760     605
27683    55888  53903     794
27684    55925  55796     843
27685    55926  55530     845
27686    55933  1574     845
27687    55934  55531     854
27688    55935  55933     845
27689    55940  4622     854
27690    55956  2937     830
27691    55957  4313     807
27692    55974   576     576
27693    55999  55624     842
27694    56000  55625     797
27695    56018  47958     591
27696    56040   839     839
27697    56041  55925     843
27698    56069  48459     577
27699    56088   311     311
27700    58797  1356     820
27701    58796  1356     838
27702    56125  59893     787
27703    56188  4393     806
27704    56197  5671     806
27705    56204  58285     312
27706    56207  55856     311
27707    56388  56429     806
27708    56403  56412     787
27709    56412  4038     787
27710    56429  5424     806
27711    56797  56817     788
27712    56799  51946     788
27713    56817  4186     788
27714    56820  56797     788
27715    56882  6020     819
27716    56883  1302     835
27717    56884  59166     851
27718    56885  1915     871
27719    60039  1576     854
27720    60038  1576     789
27721    56888  59169     802
27722    56889  1041     808
27723    56890  1684     860
27724    62588  1849     869
27725    61571  2233     888
27726    61058  2233     791
27727    56895  59175     848
27728    56896  3747     886
27729    56899  5715     810
27730    56900  5716     842
27731    56901  7720     827
27732    56908  5252     894
27733    56912  2049     880
27734    56913  2049     875
27735    56914  2298     879
27736    56915  2298     890
27737    56919  10585     872
27738    56920  10587     868
27739    56928  59192     814
27740    56930  4102     802
27741    56932  9589     799
27742    56933  7325     840
27743    56941  3676     871
27744    56942  59216     791
27745    56943  5753     864
27746    56944  43951     863
27747    56969   339     339
27748    56970  26076     826
27749    56974  7513     779
27750    56976  1050     781
27751    56977  3182     817
27752    56983  6645     867
27753    56986  9094     787
27754    56991  10682     894
27755    56992  8508     794
27756    56996  8208     837
27757    57000  6967     788
27758    57001  11592     810
27759    57007  8208     837
27760    57008  55000     783
27761    57026  37611     822
27762    57028  7888     788
27763    57034  5652     788
27764    57038  5651     788
27765    57039  9758     844
27766    57042  5336     788
27767    57043  7522     844
27768    57044  4054     788
27769    57045  2674     788
27770    57047  3048     813
27771    57049   854     854
27772    57102  57123     806
27773    57119  57102     806
27774    57122   806     807
27775    57123  53829     806
27776    57128  39147     863
27777    57130  1753     861
27778    57135  5383     812
27779    57138  3878     796
27780    57139  1097     817
27781    57141  2879     824
27782    57142  4909     871
27783    57144  1654     858
27784    57165  49385     581
27785    57172  4830     868
27786    57173  4686     842
27787    57174  1597     791
27788    57182  4630     854
27789    57186  6001     840
27790    57188  49295     807
27791    57193  61577     818
27792    57196  5367     803
27793    57204  6281     827
27794    57208  1572     803
27795    57213  7878     784
27796    57214  5913     783
27797    57215  9832     810
27798    57223  3111     845
27799    57227  44518     345
27800    57232  50244     836
27801    57244  2820     819
27802    57266  3583     877
27803    57274  3320     840
27804    57283  1842     807
27805    57284  1842     868
27806    57286   328     329
27807    57291  40710     802
27808    57298   584     584
27809    57300  3516     848
27810    57301  2917     828
27811    57302  2753     776
27812    64574  2209     887
27813    57304  1640     855
27814    57305  1639     857
27815    57306  1640     857
27816    57308  1640     855
27817    57310  2253     790
27818    57311  2253     888
27819    57313  2692     794
27820    57316  3647     802
27821    57318  3504     827
27822    57320  6794     810
27823    57321  4446     842
27824    57323  5397     830
27825    57324  6004     829
27826    57325  4320     830
27827    57330  4317     784
27828    57339  4384     836
27829    57342  2661     786
27830    57343  59539     827
27831    57347  47611     800
27832    57353  1059     800
27833    57354  6891     810
27834    57359  62600     876
27835    57361  6596     822
27836    57363  8846     822
27837    57368  7663     840
27838    57373  51984     871
27839    57378  51987     857
27840    57379  1694     836
27841    57380  54489     861
27842    57381  6868     818
27843    57444  4744     824
27844    57445   823     823
27845    57467  52205     794
27846    57473  48532     827
27847    57477  4246     860
27848    57478  2875     824
27849    57534  59604     806
27850    57537  4394     806
27851    57647  6253     848
27852    57648  2148     871
27853    57649  2148     885
27854    57650  3356     827
27855    57653  6694     840
27856    57654  4305     828
27857    57661  4473     835
27858    57664  6736     834
27859    57671  58805     794
27860    57672  3004     836
27861    57673  57689     802
27862    57682  1650     858
27863    57675  1651     802
27864    57676  57674     858
27865    57681  1650     800
27866    57682  57674     858
27867    57686  57681     800
27868    57688  1121     819
27869    57689  1007     802
27870    57690  1007     800
27871    57692  57695     858
27872    57693  9534     819
27873    57694  57693     819
27874    57695  57699     858
27875    57696  57694     819
27876    57698  57700     802
27877    57699  1650     858
27878    57700  1007     802
27879    57701  57703     800
27880    57702  2692     794
27881    57703  1007     800
27882    57709  51319     827
27883    57722  3134     846
27884    57733  40605     836
27885    57743  1992     814
27886    57744  10588     872
27887    57745  8383     868
27888    57750  5148     829
27889    57751  52928     845
27890    57755  7759     794
27891    57756  9027     836
27892    57767  3744     886
27893    57768  5126     845
27894    57769  17696     822
27895    57770  1042     808
27896    57771  59699     781
27897    57776  1257     830
27898    57777  1257     783
27899    57901  5466     846
27900    57903  6396     877
27901    57908  1330     836
27902    57909  1330     794
27903    57914  6396     877
27904    57915  3888     894
27905    57923  5421     836
27906    57931  4072     782
27907    57948  1041     791
27908    57949  1209     827
27909    57950  1041     808
27910    57951  9279     827
27911    57952  11277     842
27912    57955  4712     800
27913    57963  61014     821
27914    57965  1660     827
27915    57966  1660     858
27916    57970  10932     822
27917    57973  4626     788
27918    57980  3675     776
27919    57982  1916     871
27920    57983  1916     840
27921    57988  4394     806
27922    63819  2007     816
27923    62849  1638     857
27924    58020  5545     824
27925    58033  8593     848
27926    58049  40644     781
27927    58064  1259     820
27928    58065  1259     830
27929    60919  1140     800
27930    58079  54040     787
27931    58091  59897     787
27932    58096  58091     787
27933    58113  59880     787
27934    58118  4977     794
27935    58119  49145     800
27936    58120  49146     820
27937    58123  51691     836
27938    58131  6058     801
27939    58132  8108     788
27940    58136  63199     797
27941    60519  2814     788
27942    58175  26067     854
27943    58205  7348     871
27944    58206  5112     872
27945    58207  7342     776
27946    58211  1978     821
27947    58218  1539     851
27948    58223  3113     845
27949    58225  3898     894
27950    59693  3452     869
27951    58244  2109     882
27952    58245  2231     868
27953    58246  2231     888
27954    58252  10579     879
27955    58257  25711     853
27956    58258  4586     820
27957    58260  11141     800
27958    58279  54577     314
27959    58280   313     313
27960    58282  55219     800
27961    58285   312     312
27962    58287  58291     800
27963    58291  2720     800
27964    58300  1324     818
27965    58303  53573     810
27966    58305  4215     820
27967    58312  60002     820
27968    58315  58312     820
27969    58347  54683     824
27970    58350  7395     889
27971    58356  1501     790
27972    58360  60022     822
27973    58363  2964     830
27974    58365  1659     858
27975    58366  1659     828
27976    58384  42022     863
27977    58387  5794     632
27978    58389  2397      76
27979    58399  9407     888
27980    58400  52819     865
27981    58407  47981     582
27982    63822  8431     878
27983    58445  3044     796
27984    58446  1378     820
27985    58447  1378     840
27986    58454  54059     854
27987    58461  1222     797
27988    58462  1222     827
27989    58485  2187     886
27990    58486  1538     829
27991    58487  2203     886
27992    58493  4201     798
27993    58498  2083     801
27994    58499  2083     882
27995    58511  5385     813
27996    58526  1394     842
27997    58527  1394     824
27998    58535   637     637
27999    58544  8749     787
28000    58558  1005     800
28001    58567  3101     845
28002    58583  54942     819
28003    58591  58596     834
28004    58592  4184     816
28005    58596  6733     834
28006    58630  55505     892
28007    60741  60746     854
28008    58642  60179     792
28009    58654  52585     836
28010    58659  55276     849
28011    58661  2848     783
28012    58669  53697     837
28013    58670  53696     836
28014    58678  60280     787
28015    58682   836     837
28016    58683   836     836
28017    58691  4400     837
28018    58694  1194     824
28019    58695  1194     799
28020    58706  1063     813
28021    58716  54374     820
28022    58717  2653     785
28023    58719  1071     814
28024    58721  7374     885
28025    58722  3705     885
28026    58724  4706     776
28027    58725  7000     808
28028    58726  4905     871
28029    58727  4707     860
28030    58731  7815     576
28031    58741  58754     787
28032    58754  6501     787
28033    58755  60238     787
28034    58767  2669     787
28035    58779  55957     807
28036    58796  56091     838
28037    58797  56090     820
28038    58805  4073     794
28039    58827  56204     312
28040    58835  58838     311
28041    58838  60296     311
28042    58848  60309     821
28043    58854  60414     821
28044    59143  60567     818
28045    59144  60568     834
28046    59166  1533     851
28047    59169  2822     802
28048    59174  60641     814
28049    59175  6328     848
28050    59176  56896     886
28051    59180  7660     877
28052    59181  5603     816
28053    59185  5435     837
28054    59192  1403     814
28055    59194  1404     791
28056    59200  5464     843
28057    59204  5464     843
28058    59216  1850     791
28059    59230  3004     836
28060    59233  2303     891
28061    59234  5589     845
28062    59235  3123     787
28063    59247  45783     837
28064    59248   354     354
28065    59260  42307     355
28066    59265  6819     844
28067    59297  4592     803
28068    59298  8182     803
28069    59316  57534     806
28070    59317  59316     806
28071    59333  2567     581
28072    59366  60815     310
28073    59372   309     309
28074    59373   308     308
28075    59399  4105     802
28076    59403  6483     779
28077    59436  1119     819
28078    59437  1119     801
28079    59450  2266     858
28080    59439  59447     889
28081    59440  59445     858
28082    59441  59484     817
28083    59442  6976     801
28084    59443  4677     858
28085    59445  59438     858
28086    59447  59451     889
28087    59450  59438     858
28088    59451  2266     889
28089    59454  59461     819
28090    59455  2265     889
28091    59456  59462     801
28092    59467  1649     858
28093    59460  2266     858
28094    59461  1119     819
28095    59462  1119     801
28096    59467  59457     858
28097    59468  59474     817
28098    59472  2820     819
28099    59474  1649     817
28100    59478  59439     889
28101    59483  59489     858
28102    59484  59468     817
28103    59489  1649     858
28104    59511  57303     887
28105    59514  3584     855
28106    59522  4900     827
28107    59537  62612     876
28108    59539  3035     827
28109    59543  4579     810
28110    59549  8848     803
28111    60592  6735     818
28112    60591  4362     834
28113    59552  64325     776
28114    59554  6505     788
28115    59555  5610     827
28116    59559  60895     860
28117    59580  48880     866
28118    59589  61500     793
28119    59594  10679     882
28120    59596  62667     802
28121    59604  57537     806
28122    59639  57661     835
28123    59648  2974     834
28124    59650  59648     834
28125    59657  1121     800
28126    59665  3308     860
28127    59666  1598     855
28128    59667  54429     782
28129    59681  43692     888
28130    59684  5158     866
28131    59693  58243     869
28132    59694  10643     821
28133    59699  1042     781
28134    59700  1210     827
28135    59702  57776     830
28136    59703  57777     783
28137    59711  2942     783
28138    59712  8017     830
28139    59757  51354     803
28140    59758  3493     803
28141    59777  4723     842
28142    59785  61017     776
28143    59790  3008     836
28144    59819  3285     858
28145    59831  58014     857
28146    59832  1637     801
28147    59834  1637     857
28148    59837  2076     881
28149    59838  54101     801
28150    59839  59838     801
28151    59842  5549     827
28152    59843  1128     803
28153    59844  1230     819
28154    59845  59846     828
28155    59846  1230     828
28156    59867  3702     849
28157    59873  59874     787
28158    59874  58113     787
28159    59880  56125     787
28160    59893  56403     787
28161    59897  2666     787
28162    59912  1140     820
28163    59914  1006     788
28164    59915  1006     801
28165    59920  58136     797
28166    59928  56893     791
28167    59937  6679     819
28168    59938  1038     800
28169    59939  1038     807
28170    59942  4655     856
28171    59950  6247     876
28172    64069  3567     877
28173    59952  58211     821
28174    59975  1124     819
28175    59976  62572     789
28176    59982  52544     834
28177    59987  10387     836
28178    60002  2846     820
28179    60022  8826     822
28180    60032  8105     789
28181    60038  56887     789
28182    60039  56886     854
28183    61909  4187     788
28184    60047  52170     794
28185    60052  55657     794
28186    60079  4383     817
28187    60087  5603     816
28188    60091  3055     842
28189    60096  6933     802
28190    60100  6405     581
28191    60116  2938     784
28192    60143  6598     816
28193    60179  4062     792
28194    60180  48399     784
28195    60186  1916     871
28196    60185  1916     840
28197    60186  60184     871
28198    60189  6014     783
28199    60191  2765     800
28200    60193  6765     836
28201    60198  4045     787
28202    60203  5078     840
28203    60205  38046     867
28204    60217  2878     800
28205    60233  58755     787
28206    60238  58741     787
28207    60248  60249     787
28208    60249  8748     787
28209    60280  5429     787
28210    60286  57671     794
28211    60296  53559     311
28212    60309  44774     821
28213    60316  58848     821
28214    60327  60328     821
28215    60328  5980     821
28216    60342  60343     821
28217    60343  52023     821
28218    60350  61192     821
28219    60354  60356     821
28220    60356  2849     821
28221    60395  58854     821
28222    60396  8022     783
28223    60397  2964     830
28224    60399  4323     783
28225    60400  6006     830
28226    60414  61208     821
28227    60447  56388     806
28228    60453  3007     806
28229    60515  6601     788
28230    60519  58145     788
28231    60563  61328     818
28232    60564  61330     834
28233    60567  9143     818
28234    60568  6875     834
28235    60569  60563     818
28236    60576  61392     818
28237    60577  61393     834
28238    60580  1290     834
28239    60581  1290     818
28240    60586  60580     834
28241    60587  60581     818
28242    60591  59551     834
28243    60592  59550     818
28244    60641  1684     814
28245    60642   998     791
28246    60651  5678     795
28247    60658  1403     842
28248    60659  1404     842
28249    60660  3098     843
28250    60668  3098     843
28251    60667  60665     843
28252    60668  60667     843
28253    60685  61730     843
28254    60696  9208     854
28255    60703  4623     854
28256    60702   350     350
28257    60710  60700     854
28258    60710  60703     854
28259    60715  60700     854
28260    60734  60715     854
28261    60741  58638     854
28262    60746  3212     854
28263    60754  1850     869
28264    60796  47942     581
28265    60804  60807     311
28266    60807  58835     311
28267    60815   310     310
28268    60824  59366     310
28269    60836   307     325
28270    60842  8232     835
28271    60846  57196     803
28272    60855  2734     803
28273    60866  61764     888
28274    60867  59441     817
28275    60876  64700     843
28276    60888  57359     876
28277    60890  59554     788
28278    60895  4711     860
28279    60919  58066     800
28280    60926  53276     834
28281    61001  61538     820
28282    61014  1258     821
28283    61017  3675     776
28284    61031  1226     819
28285    61032  61560     819
28286    61052  1434     844
28287    61053  1434     789
28288    61058  59928     791
28289    61072  3574     791
28290    61074  59975     819
28291    61076  51507     848
28292    61077  61896     847
28293    61086  61777     820
28294    61090  3794     889
28295    61098  4987     862
28296    61099  4776     863
28297    61102  47946     581
28298    61112  7980     840
28299    61113  5975     796
28300    61120  60091     842
28301    61135  51538     786
28302    61137  54101     801
28303    61181  58678     787
28304    61192  60354     821
28305    61202  60396     783
28306    61208  10285     821
28307    61213  61226     821
28308    61214  61213     821
28309    61226  60350     821
28310    61236  2973     816
28311    61325  6017     818
28312    61327  61683     818
28313    61328  61325     818
28314    61330  61339     834
28315    61339  4553     834
28316    61344  61327     818
28317    61350  2975     834
28318    61353  61350     834
28319    61360  60564     834
28320    61370  61686     788
28321    61382  4187     788
28322    61392  59143     818
28323    61393  59144     834
28324    61404  61710     834
28325    61405  61712     818
28326    61421  3226     848
28327    61424  4560     801
28328    61458  3209     803
28329    61459   327     327
28330    61500  2681     793
28331    61507  54023     844
28332    61523  61086     820
28333    61534  6724     820
28334    61538  61534     820
28335    61547  1258     830
28336    61552  1226     827
28337    61553  5456     803
28338    61554  61558     819
28339    61558  1226     819
28340    61560  1128     819
28341    61561  61790     845
28342    61562  1515     848
28343    61571  56892     888
28344    61577   818     818
28345    61584  61090     889
28346    61587  61098     862
28347    61592  9586     810
28348    61595  64871     854
28349    61609  58638     854
28350    61641  5676     837
28351    61672  6734     834
28352    61683  8042     818
28353    61686  61382     788
28354    61691  61370     788
28355    61701  62623     818
28356    61702  62619     788
28357    61709  5467     846
28358    61710  4362     834
28359    61712  6735     818
28360    61727  3229     855
28361    61728  61727     855
28362    61730  4498     843
28363    61764  2256     888
28364    61771  2084     882
28365    61777  61001     820
28366    61782  8995     820
28367    61789  61562     848
28368    61790  2303     845
28369    61792  2232     888
28370    61887  1824     814
28371    61794  61796     888
28372    61795  61800     868
28373    61796  2231     888
28374    61797  2232     814
28375    61798  61793     814
28376    61800  61888     868
28377    61806  1292     819
28378    61807  61077     847
28379    61813  7052     869
28380    61842  49107     788
28381    61849  3146     846
28382    61859  6600     788
28383    61867  61709     846
28384    61871  4498     843
28385    61876  63989     818
28386    61881  59596     802
28387    61885  2232     888
28388    61887  61793     814
28389    61888  1824     868
28390    61891  1928     872
28391    61892  1824     814
28392    61923  1824     868
28393    61896  1493     847
28394    61897   846     847
28395    61909  60041     788
28396    61917  4254     827
28397    61921  40711     882
28398    61922  6292     869
28399    61923  61893     868
28400    61925  62670     872
28401    61928  61897     847
28402    61929  64203     819
28403    61930  61929     819
28404    61933  61921     882
28405    61937  61930     819
28406    61939  40710     802
28407    61945  1535     776
28408    61946  1386     840
28409    61947  61945     776
28410    62536  1535     851
28411    61951  61954     817
28412    61952  61957     845
28413    61953  61952     845
28414    61954  1439     817
28415    61955  61958     817
28416    61956  1440     845
28417    61957  61956     845
28418    61958  61951     817
28419    61960  61985     821
28420    61961  61964     877
28421    61978  1440     845
28422    61963  61972     817
28423    61964  1982     877
28424    61965  61989     894
28425    61966  61962     845
28426    61967  62023     894
28427    61968  1154     821
28428    61972  61976     817
28429    61973  61962     845
28430    61976  61977     817
28431    61977  1154     817
28432    61978  61973     845
28433    61979  61982     821
28434    61982  1154     821
28435    61984  1154     817
28436    61985  1440     821
28437    61989  61997     894
28438    61990  61979     821
28439    61997  62006     894
28440    61998  61967     894
28441    62000  61998     894
28442    62001  2371     821
28443    62012  1153     821
28444    62004  62002     821
28445    62005  62004     821
28446    62006  2371     894
28447    62012  62002     821
28448    62013  5270     818
28449    62019  1439     845
28450    62020  1439     817
28451    62023  3892     894
28452    62025  1153     818
28453    62026  62028     821
28454    62027  7486     846
28455    62028  1153     821
28456    62029  62013     818
28457    62030  7211     894
28458    62034  1475     846
28459    62035  1250     829
28460    62041  1250     821
28461    62044  2934     829
28462    62045  3441     868
28463    62046  1836     824
28464    62049  4521     845
28465    62050  3154     848
28466    62051  2003     801
28467    62052  2003     877
28468    62056  8763     586
28469    62057  7165     871
28470    62063  2756     809
28471    62065  2353     894
28472    62066  42511     842
28473    62071  5512     830
28474    62072  7618     820
28475    62073  4472     842
28476    62076  4047     788
28477    62082  7974     797
28478    62083  10251     798
28479    62095  4198     793
28480    62096  5373     803
28481    62099  46302     892
28482    62103  63489     797
28483    62106  6227     776
28484    62112  64635     797
28485    62114  4559     816
28486    62116  52077     325
28487    62128   348     348
28488    62134  3504     827
28489    62140  2437     368
28490    62141  6818     844
28491    62144  5053     824
28492    62149  1384     791
28493    62162  43137     830
28494    62177  1392     841
28495    62178  1392     827
28496    62179  6047     824
28497    62181  3524     872
28498    62184  42224     812
28499    62190  6705     830
28500    62196  1384     791
28501    62197  1385     840
28502    64776  3728     776
28503    62212  6896     877
28504    62213  5267     894
28505    62221  53886     845
28506    62224  54281     820
28507    62241  1574     854
28508    62242  1574     845
28509    62261  1917     799
28510    62262  6339     871
28511    62263  1917     871
28512    62275  37586     822
28513    62278  6841     836
28514    62626  1116     818
28515    62286  4190     818
28516    62287  54887     845
28517    62290  48399     784
28518    62292  2719     800
28519    62300  63407     790
28520    62310  7980     840
28521    62311  1380     837
28522    62331  1423     843
28523    62332  1423     802
28524    62337  62795     828
28525    62338  4683     858
28526    62344  8603     886
28527    62352  62802     782
28528    62353  62803     836
28529    62354  3637     880
28530    62355  8616     863
28531    62360  4415     839
28532    62369  1869     836
28533    62370  1869     869
28534    62402  55052     857
28535    62404  64206     819
28536    62405  64207     858
28537    62406  8236     819
28538    62418  3181     848
28539    62427   997     799
28540    62436  9277     807
28541    62437  4248     807
28542    64984   853     854
28543    62454  3017     837
28544    62491  11496     824
28545    62494  62847     816
28546    62505  8478     813
28547    62528  3156     794
28548    62532  4477     843
28549    62533  54717     788
28550    62535  59785     776
28551    62536  61948     851
28552    62539  61948     851
28553    62550  2774     809
28554    62556  5126     845
28555    62565  1419     843
28556    62568   871     871
28557    62569   871     872
28558    62572  1124     789
28559    62588  56891     869
28560    62589  1849     814
28561    62590  1849     869
28562    62600  3745     876
28563    62606  6134     828
28564    62607  8236     819
28565    62612  1978     876
28566    62619  10299     788
28567    62623  1116     818
28568    62624  61702     788
28569    62626  62283     818
28570    62627  9142     788
28571    62632  61701     818
28572    62637  6941     848
28573    62638  4636     855
28574    62645  59537     876
28575    62667  4562     802
28576    62668  56893     791
28577    62669  1825     868
28578    62670  1929     872
28579    62671  1825     791
28580    62672  8382     872
28581    62674  63411     814
28582    62675  62679     791
28583    62676  1825     868
28584    62679  1929     791
28585    62684  1386     776
28586    62685  1386     840
28587    62687  1981     821
28588    62688  61961     877
28589    62728  3157     790
28590    62755  62203     776
28591    62775  1008     802
28592    62776  1008     789
28593    62785  4479     844
28594    62795  2917     828
28595    62802  1322     782
28596    62803  1322     836
28597    62820  2913     819
28598    62845  4543     846
28599    62847  1638     816
28600    62848  62853     857
28601    62849  58014     857
28602    62851  58013     816
28603    62853  62855     857
28604    62855  1638     857
28605    62867  1898     871
28606    62868  1898     842
28607    62871  62528     794
28608    62884  62999     808
28609    62893  59559     860
28610    62905  62645     876
28611    62907  1981     877
28612    62908  64358     821
28613    62921  4699     860
28614    62940  62785     844
28615    62950  62344     886
28616    62984  1417     835
28617    62985  1417     843
28618    62999  4709     808
28619    63005  10342     824
28620    63008  3564     848
28621    63009  42143     886
28622    63013  4059     809
28623    63016   362     362
28624    63024  4030     785
28625    63029  8463     813
28626    63043  10962     797
28627    63049  11592     810
28628    63062  53928     857
28629    63066  4417     820
28630    63095  7116     800
28631    63106  1123     819
28632    63107  1123     794
28633    63108  50359     785
28634    63113  63700     787
28635    63119  8864     802
28636    63120  10959     854
28637    63128  3668     824
28638    63136  5028     880
28639    63137  5269     894
28640    63138  8637     829
28641    63144  4562     802
28642    63145  50177     844
28643    63148  2759     781
28644    63156  51441     800
28645    63169  2724     802
28646    63177  12168     888
28647    63180  2880     824
28648    63191  12617     854
28649    63192  11455     835
28650    63199  3981     797
28651    63207  26380     825
28652    63208  26381     826
28653    63210  64309     877
28654    63221  52247     784
28655    63225  7739     863
28656    63228  59234     845
28657    63232  64101     849
28658    63239  6938     855
28659    63243  59950     876
28660    63244  51510     847
28661    63252  1457     836
28662    63253  1457     845
28663    63270  6595     822
28664    63271  4235     822
28665    63274  7359     886
28666    63275  5128     876
28667    63276  3282     858
28668    63277  61891     872
28669    63291  2353     782
28670    63297  38596     839
28671    63303  8378     871
28672    63305  4484     844
28673    63311  8377     840
28674    63317  4672     788
28675    63329  3082     835
28676    63349  7120     869
28677    63720  1302     800
28678    63372  5170     889
28679    63373  2657     786
28680    63382  2204     829
28681    63383  3845     892
28682    63384  2204     886
28683    63390  37654     857
28684    63397  57193     818
28685    63403  61137     801
28686    63407  3588     790
28687    63411  1385     814
28688    63416  1476     829
28689    63417  1249     818
28690    63418  1476     846
28691    63420  3891     894
28692    63427  3445     838
28693    63422  63428     796
28694    63423  1354     838
28695    63424  63429     868
28696    63425  63422     796
28697    63427  63421     838
28698    63428  1839     796
28699    63429  1839     868
28700    63431  63424     868
28701    63444  41129     820
28702    63450  62112     797
28703    63452  3321     861
28704    63465  62404     819
28705    63466  62405     858
28706    63474  54015     894
28707    63477  59867     849
28708    63489  7141     797
28709    63490  10581     840
28710    63491  6227     776
28711    63494  3249     830
28712    63495  6117     856
28713    63498  62775     802
28714    63502  1639     788
28715    63509  3074     843
28716    63510  4473     835
28717    63512  7002     827
28718    63515  4584     817
28719    63518  1441     802
28720    63519  1441     845
28721    63520  4249     824
28722    63537  2866     822
28723    63544  2657     786
28724    63561  57311     888
28725    63562  63707     887
28726    63566  63128     824
28727    63587  63177     888
28728    63588  3588     790
28729    63590  63191     854
28730    63591  63192     835
28731    63599  3284     858
28732    63600  4587     807
28733    63602  3376     864
28734    63607  11455     835
28735    64067  1520     821
28736    63621  3525     872
28737    63622  4964     817
28738    63638  62369     836
28739    63657  4912     871
28740    63671  51389     840
28741    63683  4565     790
28742    63700  3123     787
28743    63701  64434     835
28744    64242  2210     887
28745    63711  4965     817
28746    63712  7212     877
28747    63719  63607     835
28748    63720  63370     800
28749    63724  63270     822
28750    63725  1654     789
28751    63726  64663     819
28752    63736  54534     842
28753    63737  54535     824
28754    63762  5590     817
28755    63765  3374     863
28756    63766   861     862
28757    63768  4144     813
28758    63769  12301     812
28759    63772  6146     810
28760    63774  4556     834
28761    63776  6860     818
28762    63777  11165     846
28763    63780  9107     818
28764    63781  5992     842
28765    63782  9279     827
28766    63793  6573     822
28767    63794  1158     822
28768    63795  1158     800
28769    63796  4097     776
28770    64313  1998     836
28771    63798   810     810
28772    63800  26077     824
28773    63801  3051     827
28774    63805   810     811
28775    63814  3151     848
28776    63818  2007     878
28777    63819  58013     816
28778    63820  2007     816
28779    63822  58442     878
28780    63826  1130     819
28781    63827  1130     797
28782    63831  53647     810
28783    63832  12318     798
28784    63843  3076     843
28785    63847  3151     848
28786    63851  4478     843
28787    63853  2985     835
28788    63864  4143     812
28789    63868  64685     813
28790    63869  64686     822
28791    63878  1611     856
28792    63879  1611     830
28793    63898  3668     824
28794    63899  9607     794
28795    63904  2823     794
28796    63908  6014     783
28797    63922  64172     800
28798    63923  64173     799
28799    63926  2018     879
28800    63927  2071     863
28801    63928  2071     880
28802    64702  4882     820
28803    63936  61052     844
28804    63944  6568     822
28805    63945  8819     813
28806    63971  1059     810
28807    63972  1059     800
28808    63979   891     891
28809    63985  4634     816
28810    63986  4104     789
28811    63989  4189     818
28812    63995  3152     816
28813    63999  1004     800
28814    64000  6537     794
28815    64002  1427     843
28816    64003  1427     801
28817    64004  3081     788
28818    64014  60876     843
28819    64015  3746     886
28820    64016  3745     876
28821    64017  6086     845
28822    64019  54288     801
28823    64023  4308     783
28824    64024  64762     820
28825    64026  1639     857
28826    64035  6244     876
28827    64038  1375     827
28828    64039  1375     840
28829    64042  3306     860
28830    64043  4907     776
28831    64052  52184     819
28832    64059  6616     797
28833    64063  3284     858
28834    64067  63608     821
28835    64069  59951     877
28836    64092  4174     817
28837    64098  64232     846
28838    64099  4529     834
28839    64101  1520     849
28840    64102  63232     849
28841    64103  7652     877
28842    64104  9931     845
28843    64105  4170     788
28844    64116  1251     829
28845    64117   789     789
28846    64119  1503     848
28847    64124  64246     790
28848    64129  53648     800
28849    64172   799     800
28850    64173   799     799
28851    64190  4635     855
28852    64203   818     819
28853    64206  9534     819
28854    64207  7255     858
28855    64232   846     846
28856    64242  63707     887
28857    64246  1003     790
28858    64256  63898     824
28859    64270  63562     887
28860    64273   848     849
28861    64272   848     848
28862    64273  64271     849
28863    64277  63113     787
28864    64279  1003     800
28865    64285  8616     863
28866    64286  6373     829
28867    64287  5225     892
28868    64288  9430     820
28869    64295   880     880
28870    64296  3785     802
28871    64297  5081     884
28872    64302  1503     848
28873    64303  52770     782
28874    64304  1503     782
28875    64305  1997     877
28876    64306  64307     782
28877    64307  1997     782
28878    64309  1997     877
28879    64311  3575     836
28880    64312  64306     782
28881    64313  63797     836
28882    64315  53922     877
28883    64316  1502     836
28884    64325   940     776
28885    64326  64327     787
28886    64327   940     787
28887    64337  7985     821
28888    64338  5979     799
28889    64342  64850     799
28890    64343  1151     821
28891    64349  54619     789
28892    64350  54620     844
28893    64358  1981     821
28894    64363  1050     809
28895    64365  54197     822
28896    64366  4236     822
28897    64673  3080     843
28898    64373  9278     842
28899    64377  2940     830
28900    64378  6567     786
28901    64387  7361     840
28902    64388  9615     827
28903    64390  3216     802
28904    64391  2799     817
28905    64407  2369     894
28906    64408  2369     877
28907    64411  1306     835
28908    64428  25158     853
28909    64429  25159     842
28910    64430  63726     819
28911    64434  50457     835
28912    65081   812     812
28913    65080   812     813
28914    64443  6080     848
28915    64444  8153     847
28916    64450  5142     885
28917    64452  49023     849
28918    64453  2147     849
28919    64454  2147     885
28920    64469  3167     848
28921    64470  6086     845
28922    64492  1654     858
28923    64493  3281     858
28924    64509  63588     790
28925    64511  1249     829
28926    64512  1249     818
28927    64538  63922     800
28928    64548  64024     820
28929    64557  3515     821
28930    64567  1130     819
28931    64568  1130     797
28932    64573  64271     849
28933    64574  57303     887
28934    64583  4878     797
28935    64584  4879     871
28936    64592   940     776
28937    64613  6701     783
28938    64614  8964     829
28939    64615  64614     829
28940    64632  64731     789
28941    64635  4876     797
28942    64643  54367     885
28943    64644  54368     849
28944    64662  64492     858
28945    64663  2825     819
28946    64673  64370     843
28947    64685  64742     813
28948    64686  64743     822
28949    64694  3614     802
28950    64695  5008     802
28951    64700  3080     843
28952    64702  63931     820
28953    64709  64272     848
28954    64719  10656     800
28955    64721  8478     813
28956    64726  64438     812
28957    64727  64439     813
28958    64731  1306     789
28959    64733  3148     834
28960    64742  1161     813
28961    64743  1161     822
28962    64746  2847     799
28963    64762  3492     820
28964    64776  62203     776
28965    64777  3071     842
28966    64792  3567     877
28967    64793  6247     876
28968    64812  63931     820
28969    64815  4881     820
28970    64842  4556     834
28971    64845  8815     787
28972    64850  2766     799
28973    64870  63370     800
28974    64871  64872     854
28975    64872  1578     854
28976    64873  1578     800
28977    64882  8874     820
28978    64883  8857     819
28979    64929  3615     794
28980    64944  13051     800
28981    64954   842     843
28982    64955  3076     843
28983    64956   819     819
28984    64957   819     820
28985    64962  26381     826
28986    64963  26380     825
28987    64974  9424     820
28988    64982   853     853
28989    64983  3208     842
28990    64984  62441     854
28991    64991  65031     802
28992    64992   802     803
28993    64995  64326     787
28994    64999  8864     802
28995    65000  3217     854
28996    65010  3217     854
28997    65014  4048     788
28998    65029  63868     813
28999    65031  5938     802
29000    65033  7915     845
29001    65035  65033     845
29002    65039  3091     844
29003    65045   843     843
29004    65046   843     844
29005    65057  63869     822
29006    65074  5982     813
29007    65075  1065     800
29008    65080  64439     813
29009    65081  64438     812
29010    65084  12177     822
29011    65088   844     844
29012    65089   844     845
29013    65091  64721     813
29014    65092  1065     800
29015    65111  2854     822
29016    65137  2670     788
29017    65151  65137     788
0
19
   0   1368186.1079461188  116610.10681478359  0  500
   1   1368087.8906055  116595.07937792162  0  500
   2   1370746.4542697459  107796.62303082692  0  500
   3   1366356.679111734  114840.26651445031  0  500
   4   1365721.578097227  113533.72567694609  0  500
   5   1367335.7767270282  112469.88092101365  0  500
   6   1366280.3681940455  114573.09260321141  0  500
   7   1368198.0118169002  110987.06546376945  0  500
   8   1368283.6617836156  109140.6152286443  0  500
   9   1370902.3815152845  107943.63037099165  0  500
  10   1365479.3380165943  113445.27226327101  0  500
  11   1374343.9297735801  115262.92173171365  0  500
  12   1369807.150604873  116889.46706433898  0  500
  13   1366233.6508655429  105893.75349999964  0  2000
  14   1365836.6881224406  101925.06500000507  0  2000
  15   1367117.0803155354  105069.94340895499  0  200
  16   1367726.1328415063  105104.86472476399  0  200
  17   1364227.1953156162  109064.74229026248  0  8000
  18   1363943  112693  0  2000
# Generated by C:\Users\lukem\Python\PATH\modflow_exe\triangle.exe -a -q30 -A -p -V -D -e -n _triangle.0
