0  2  0  1
8906  1
   0       0     1       1
   1       1     2       2
   2       2     3       3
   3       4     3       4
   4       4     5       5
   5       5     6       6
   6       6     7       7
   7       7     8       8
   8       8     9       9
   9       9    10      10
  10      11    10      11
  11      11    12      12
  12      13    12      13
  13      14    13      14
  14      15    14      15
  15      16    15      16
  16      16    17      17
  17      17    18      18
  18      18    19      19
  19      19    20      20
  20      21    20      21
  21      21    22      22
  22      23    22      23
  23      24    23      24
  24      25    24      25
  25      26    25      26
  26      26    27      27
  27      28    27      28
  28      28    29      29
  29      30    29      30
  30      30    31      31
  31      31    32      32
  32      32    33      33
  33      33    34      34
  34      35    34      35
  35      35    36      36
  36      36    37      37
  37      37    38      38
  38      38    39      39
  39      39    40      40
  40      40    41      41
  41      42    41      42
  42      42    43      43
  43      43    44      44
  44      44    45      45
  45      45    46      46
  46      46    47      47
  47      48    47      48
  48      49    48      49
  49      49    50      50
  50      51    50      51
  51      52    51      52
  52      53    52      53
  53      53    54      54
  54      54    55      55
  55      56    55      56
  56      56    57      57
  57      57    58      58
  58      58    59      59
  59      60    59      60
  60      60    61      61
  61      62    61      62
  62      63    62      63
  63      64    63      64
  64      64    65      65
  65      66    65      66
  66      67    66      67
  67      68    67      68
  68      69    68      69
  69      70    69      70
  70      70    71      71
  71      72    71      72
  72      73    72      73
  73      74    73      74
  74      75    74      75
  75      76    75      76
  76      77    76      77
  77      77    78      78
  78      79    78      79
  79      79    80      80
  80      81    80      81
  81      81    82      82
  82      83    82      83
  83      83    84      84
  84      84    85      85
  85      85    86      86
  86      87    86      87
  87      87    88      88
  88      89    88      89
  89      89    90      90
  90      91    90      91
  91      92    91      92
  92      93    92      93
  93      94    93      94
  94      95    94      95
  95      96    95      96
  96      97    96      97
  97      98    97      98
  98      99    98      99
  99     100    99     100
 100     101   100     101
 101     102   101     102
 102     103   102     103
 103     104   103     104
 104     105   104     105
 105     106   105     106
 106     107   106     107
 107     107   108     108
 108     108   109     109
 109     109   110     110
 110     111   110     111
 111     111   112     112
 112     113   112     113
 113     114   113     114
 114     115   114     115
 115     116   115     116
 116     116   117     117
 117     118   117     118
 118     119   118     119
 119     120   119     120
 120     121   120     121
 121     122   121     122
 122     123   122     123
 123     124   123     124
 124     124   125     125
 125     125   126     126
 126     126   127     127
 127     127   128     128
 128     129   128     129
 129     130   129     130
 130     131   130     131
 131     132   131     132
 132     133   132     133
 133     133   134     134
 134     135   134     135
 135     136   135     136
 136     137   136     137
 137     138   137     138
 138     138   139     139
 139     140   139     140
 140     140   141     141
 141     141   142     142
 142     142   143     143
 143     144   143     144
 144     144   145     145
 145     146   145     146
 146     146   147     147
 147     147   148     148
 148     149   148     149
 149     149   150     150
 150     150   151     151
 151     152   151     152
 152     152   153     153
 153     153   154     154
 154     155   154     155
 155     156   155     156
 156     157   156     157
 157     158   157     158
 158     159   158     159
 159     160   159     160
 160     161   160     161
 161     161   162     162
 162     163   162     163
 163     164   163     164
 164     165   164     165
 165     166   165     166
 166     166   167     167
 167     167   168     168
 168     169   168     169
 169     170   169     170
 170     170   171     171
 171     171   172     172
 172     172   173     173
 173     173   174     174
 174     174   175     175
 175     176   175     176
 176     176   177     177
 177     177   178     178
 178     179   178     179
 179     179   180     180
 180     180   181     181
 181     182   181     182
 182     183   182     183
 183     184   183     184
 184     185   184     185
 185     186   185     186
 186     187   186     187
 187     188   187     188
 188     189   188     189
 189     189   190     190
 190     190   191     191
 191     191   192     192
 192     192   193     193
 193     194   193     194
 194     195   194     195
 195     196   195     196
 196     197   196     197
 197     198   197     198
 198     199   198     199
 199     200   199     200
 200     201   200     201
 201     202   201     202
 202     203   202     203
 203     204   203     204
 204     204   205     205
 205     206   205     206
 206     206   207     207
 207     208   207     208
 208     209   208     209
 209     210   209     210
 210     211   210     211
 211     212   211     212
 212     213   212     213
 213     214   213     214
 214     215   214     215
 215     216   215     216
 216     217   216     217
 217     218   217     218
 218     218   219     219
 219     219   220     220
 220     220   221     221
 221     221   222     222
 222     222   223     223
 223     224   223     224
 224     225   224     225
 225     225   226     226
 226     226   227     227
 227     227   228     228
 228     228   229     229
 229     229   230     230
 230     230   231     231
 231     231   232     232
 232     232   233     233
 233     233   234     234
 234     234   235     235
 235     235   236     236
 236     237   236     237
 237     237   238     238
 238     238   239     239
 239     240   239     240
 240     240   241     241
 241     241   242     242
 242     242   243     243
 243     243   244     244
 244     244   245     245
 245     245   246     246
 246     246   247     247
 247     247   248     248
 248     248   249     249
 249     249   250     250
 250     250   251     251
 251     252   251     252
 252     252   253     253
 253     254   253     254
 254     254   255     255
 255     256   255     256
 256     256   257     257
 257     258   257     258
 258     258   259     259
 259     259   260     260
 260     261   260     261
 261     261   262     262
 262     262   263     263
 263     264   263     264
 264     264   265     265
 265     265   266     266
 266     266   267     267
 267     268   267     268
 268     268   269     269
 269     269   270     270
 270     270   271     271
 271     272   271     272
 272     273   272     273
 273     274   273     274
 274     275   274     275
 275     276   275     276
 276     277   276     277
 277     278   277     278
 278     279   278     279
 279     280   279     280
 280     280   281     281
 281     281   282     282
 282     282   283     283
 283     284   283     284
 284     284   285     285
 285     286   285     286
 286     287   286     287
 287     288   287     288
 288     289   288     289
 289     289   290     290
 290     290   291     291
 291     291   292     292
 292     292   293     293
 293     294   293     294
 294     294   295     295
 295     296   295     296
 296     296   297     297
 297     297   298     298
 298     298   299     299
 299     299   300     300
 300     300   301     301
 301     302   301     302
 302     302   303     303
 303     303   304     304
 304     305   304     305
 305     305   306     306
 306     306   307     307
 307     308   307     308
 308     309   308     309
 309     310   309     310
 310     310   311     311
 311     312   311     312
 312     313   312     313
 313     314   313     314
 314     315   314     315
 315     316   315     316
 316     317   316     317
 317     318   317     318
 318     319   318     319
 319     320   319     320
 320     321   320     321
 321     322   321     322
 322     323   322     323
 323     324   323     324
 324     325   324     325
 325     326   325     326
 326     327   326     327
 327     328   327     328
 328     329   328     329
 329     330   329     330
 330     331   330     331
 331     332   331     332
 332     332   333     333
 333     334   333     334
 334     334   335     335
 335     335   336     336
 336     336   337     337
 337     337   338     338
 338     339   338     339
 339     340   339     340
 340     340   341     341
 341     341   342     342
 342     343   342     343
 343     344   343     344
 344     345   344     345
 345     346   345     346
 346     347   346     347
 347     348   347     348
 348     349   348     349
 349     350   349     350
 350     351   350     351
 351     352   351     352
 352     353   352     353
 353     354   353     354
 354     354   355     355
 355     355   356     356
 356     357   356     357
 357     358   357     358
 358     359   358     359
 359     360   359     360
 360     361   360     361
 361     362   361     362
 362     363   362     363
 363     364   363     364
 364     365   364     365
 365     366   365     366
 366     367   366     367
 367     368   367     368
 368     369   368     369
 369     370   369     370
 370     370   371     371
 371     371   372     372
 372     373   372     373
 373     374   373     374
 374     375   374     375
 375     375   376     376
 376     376   377     377
 377     377   378     378
 378     379   378     379
 379     379   380     380
 380     380   381     381
 381     381   382     382
 382     382   383     383
 383     383   384     384
 384     384   385     385
 385     385   386     386
 386     386   387     387
 387     387   388     388
 388     388   389     389
 389     390   389     390
 390     391   390     391
 391     391   392     392
 392     392   393     393
 393     393   394     394
 394     394   395     395
 395     395   396     396
 396     396   397     397
 397     397   398     398
 398     398   399     399
 399     399   400     400
 400     400   401     401
 401     401   402     402
 402     403   402     403
 403     403   404     404
 404     404   405     405
 405     405   406     406
 406     406   407     407
 407     407   408     408
 408     408   409     409
 409     409   410     410
 410     410   411     411
 411     411   412     412
 412     413   412     413
 413     413   414     414
 414     414   415     415
 415     415   416     416
 416     417   416     417
 417     417   418     418
 418     418   419     419
 419     419   420     420
 420     421   420     421
 421     421   422     422
 422     422   423     423
 423     423   424     424
 424     424   425     425
 425     426   425     426
 426     426   427     427
 427     427   428     428
 428     428   429     429
 429     429   430     430
 430     430   431     431
 431     431   432     432
 432     432   433     433
 433     433   434     434
 434     434   435     435
 435     436   435     436
 436     436   437     437
 437     437   438     438
 438     438   439     439
 439     439   440     440
 440     440   441     441
 441     441   442     442
 442     442   443     443
 443     443   444     444
 444     444   445     445
 445     445   446     446
 446     446   447     447
 447     447   448     448
 448     448   449     449
 449     450   449     450
 450     450   451     451
 451     452   451     452
 452     452   453     453
 453     453   454     454
 454     454   455     455
 455     455   456     456
 456     456   457     457
 457     458   457     458
 458     458   459     459
 459     459   460     460
 460     460   461     461
 461     461   462     462
 462     462   463     463
 463     463   464     464
 464     464   465     465
 465     465   466     466
 466     466   467     467
 467     467   468     468
 468     468   469     469
 469     469   470     470
 470     471   470     471
 471     471   472     472
 472     472   473     473
 473     473   474     474
 474     474   475     475
 475     475   476     476
 476     476   477     477
 477     477   478     478
 478     478   479     479
 479     479   480     480
 480     480   481     481
 481     481   482     482
 482     482   483     483
 483     484   483     484
 484     484   485     485
 485     485   486     486
 486     487   486     487
 487     488   487     488
 488     489   488     489
 489     489   490     490
 490     490   491     491
 491     491   492     492
 492     492   493     493
 493     493   494     494
 494     494   495     495
 495     495   496     496
 496     496   497     497
 497     497   498     498
 498     498   499     499
 499     499   500     500
 500     500   501     501
 501     501   502     502
 502     503   502     503
 503     503   504     504
 504     504   505     505
 505     505   506     506
 506     506   507     507
 507     507   508     508
 508     509   508     509
 509     509   510     510
 510     510   511     511
 511     511   512     512
 512     512   513     513
 513     513   514     514
 514     515   514     515
 515     516   515     516
 516     517   516     517
 517     518   517     518
 518     519   518     519
 519     520   519     520
 520     521   520     521
 521     522   521     522
 522     523   522     523
 523     524   523     524
 524     525   524     525
 525     526   525     526
 526     527   526     527
 527     528   527     528
 528     529   528     529
 529     529   530     530
 530     531   530     531
 531     531   532     532
 532     533   532     533
 533     534   533     534
 534     534   535     535
 535     535   536     536
 536     536   537     537
 537     537   538     538
 538     538   539     539
 539     539   540     540
 540     540   541     541
 541     542   541     542
 542     543   542     543
 543     544   543     544
 544     545   544     545
 545     546   545     546
 546     547   546     547
 547     548   547     548
 548     549   548     549
 549     549   550     550
 550     550   551     551
 551     551   552     552
 552     553   552     553
 553     553   554     554
 554     554   555     555
 555     555   556     556
 556     556   557     557
 557     557   558     558
 558     559   558     559
 559     559   560     560
 560     561   560     561
 561     562   561     562
 562     563   562     563
 563     564   563     564
 564     565   564     565
 565     566   565     566
 566     567   566     567
 567     567   568     568
 568     568   569     569
 569     569   570     570
 570     570   571     571
 571     571   572     572
 572     573   572     573
 573     574   573     574
 574     574   575     575
 575     575   576     576
 576     577   576     577
 577     578   577     578
 578     578   579     579
 579     579   580     580
 580     581   580     581
 581     581   582     582
 582     582   583     583
 583     584   583     584
 584     584   585     585
 585     585   586     586
 586     587   586     587
 587     588   587     588
 588     588   589     589
 589     589   590     590
 590     591   590     591
 591     591   592     592
 592     593   592     593
 593     593   594     594
 594     594   595     595
 595     595   596     596
 596     596   597     597
 597     597   598     598
 598     598   599     599
 599     599   600     600
 600     600   601     601
 601     601   602     602
 602     603   602     603
 603     603   604     604
 604     605   604     605
 605     606   605     606
 606     606   607     607
 607     607   608     608
 608     609   608     609
 609     610   609     610
 610     610   611     611
 611     612   611     612
 612     612   613     613
 613     614   613     614
 614     614   615     615
 615     616   615     616
 616     617   616     617
 617     617   618     618
 618     619   618     619
 619     620   619     620
 620     621   620     621
 621     622   621     622
 622     623   622     623
 623     624   623     624
 624     625   624     625
 625     626   625     626
 626     626   627     627
 627     627   628     628
 628     628   629     629
 629     630   629     630
 630     630   631     631
 631     631   632     632
 632     632   633     633
 633     634   633     634
 634     634   635     635
 635     635   636     636
 636     636   637     637
 637     638   637     638
 638     638   639     639
 639     639   640     640
 640     641   640     641
 641     642   641     642
 642     642   643     643
 643     643   644     644
 644     644   645     645
 645     646   645     646
 646     647   646     647
 647     647   648     648
 648     649   648     649
 649     649   650     650
 650     650   651     651
 651     651   652     652
 652     653   652     653
 653     654   653     654
 654     654   655     655
 655     655   656     656
 656     657   656     657
 657     657   658     658
 658     658   659     659
 659     660   659     660
 660     661   660     661
 661     662   661     662
 662     662   663     663
 663     663   664     664
 664     665   664     665
 665     665   666     666
 666     667   666     667
 667     668   667     668
 668     668   669     669
 669     669   670     670
 670     671   670     671
 671     672   671     672
 672     673   672     673
 673     674   673     674
 674     675   674     675
 675     676   675     676
 676     677   676     677
 677     677   678     678
 678     679   678     679
 679     680   679     680
 680     681   680     681
 681     682   681     682
 682     683   682     683
 683     684   683     684
 684     684   685     685
 685     686   685     686
 686     687   686     687
 687     688   687     688
 688     689   688     689
 689     690   689     690
 690     691   690     691
 691     691   692     692
 692     692   693     693
 693     693   694     694
 694     695   694     695
 695     696   695     696
 696     696   697     697
 697     698   697     698
 698     698   699     699
 699     699   700     700
 700     701   700     701
 701     701   702     702
 702     702   703     703
 703     703   704     704
 704     705   704     705
 705     706   705     706
 706     707   706     707
 707     708   707     708
 708     708   709     709
 709     709   710     710
 710     710   711     711
 711     712   711     712
 712     713   712     713
 713     714   713     714
 714     715   714     715
 715     716   715     716
 716     716   717     717
 717     717   718     718
 718     719   718     719
 719     720   719     720
 720     720   721     721
 721     721   722     722
 722     722   723     723
 723     723   724     724
 724     725   724     725
 725     726   725     726
 726     727   726     727
 727     727   728     728
 728     729   728     729
 729     729   730     730
 730     731   730     731
 731     731   732     732
 732     733   732     733
 733     734   733     734
 734     734   735     735
 735     735   736     736
 736     737   736     737
 737     738   737     738
 738     738   739     739
 739     739   740     740
 740     741   740     741
 741     742   741     742
 742     743   742     743
 743     743   744     744
 744     745   744     745
 745     746   745     746
 746     746   747     747
 747     747   748     748
 748     749   748     749
 749     749   750     750
 750     750   751     751
 751     751   752     752
 752     753   752     753
 753     754   753     754
 754     755   754     755
 755     756   755     756
 756     756   757     757
 757     757   758     758
 758     759   758     759
 759     759   760     760
 760     761   760     761
 761     761   762     762
 762     763   762     763
 763     764   763     764
 764     765   764     765
 765     766   765     766
 766     766   767     767
 767     768   767     768
 768     768   769     769
 769     770   769     770
 770     770   771     771
 771     772   771     772
 772     773   772     773
 773     774   773     774
 774     775   774     775
 775     776   775     776
 776     776   777     777
 777     777   778     778
 778     779   778     779
 779     779   780     780
 780     781   780     781
 781     781   782     782
 782     782   783     783
 783     783   784     784
 784     785   784     785
 785     786   785     786
 786     786   787     787
 787     788   787     788
 788     789   788     789
 789     789   790     790
 790     791   790     791
 791     792   791     792
 792     793   792     793
 793     794   793     794
 794     795   794     795
 795     796   795     796
 796     797   796     797
 797     797   798     798
 798     798   799     799
 799     800   799     800
 800     801   800     801
 801     802   801     802
 802     803   802     803
 803     804   803     804
 804     804   805     805
 805     805   806     806
 806     807   806     807
 807     808   807     808
 808     809   808     809
 809     810   809     810
 810     811   810     811
 811     812   811     812
 812     813   812     813
 813     813   814     814
 814     815   814     815
 815     815   816     816
 816     817   816     817
 817     818   817     818
 818     819   818     819
 819     820   819     820
 820     821   820     821
 821     822   821     822
 822     823   822     823
 823     823   824     824
 824     824   825     825
 825     826   825     826
 826     827   826     827
 827     828   827     828
 828     828   829     829
 829     830   829     830
 830     831   830     831
 831     831   832     832
 832     833   832     833
 833     833   834     834
 834     835   834     835
 835     836   835     836
 836     837   836     837
 837     837   838     838
 838     838   839     839
 839     840   839     840
 840     840   841     841
 841     841   842     842
 842     843   842     843
 843     843   844     844
 844     845   844     845
 845     845   846     846
 846     846   847     847
 847     847   848     848
 848     849   848     849
 849     849   850     850
 850     851   850     851
 851     852   851     852
 852     853   852     853
 853     854   853     854
 854     855   854     855
 855     856   855     856
 856     857   856     857
 857     858   857     858
 858     859   858     859
 859     860   859     860
 860     861   860     861
 861     861   862     862
 862     862   863     863
 863     863   864     864
 864     864   865     865
 865     866   865     866
 866     867   866     867
 867     868   867     868
 868     869   868     869
 869     870   869     870
 870     871   870     871
 871     872   871     872
 872     873   872     873
 873     874   873     874
 874     875   874     875
 875     876   875     876
 876     876   877     877
 877     878   877     878
 878     879   878     879
 879     880   879     880
 880     881   880     881
 881     882   881     882
 882     883   882     883
 883     884   883     884
 884     885   884     885
 885     886   885     886
 886     887   886     887
 887     887   888     888
 888     888   889     889
 889     890   889     890
 890     891   890     891
 891     892   891     892
 892     893   892     893
 893     894   893     894
 894     895   894     895
 895     895   896     896
 896     897   896     897
 897     897   898     898
 898     898   899     899
 899     900   899     900
 900     901   900     901
 901     901   902     902
 902     902   903     903
 903     903   904     904
 904     904   905     905
 905     905   906     906
 906     907   906     907
 907     907   908     908
 908     908   909     909
 909     909   910     910
 910     911   910     911
 911     912   911     912
 912     913   912     913
 913     914   913     914
 914     915   914     915
 915     915   916     916
 916     916   917     917
 917     917   918     918
 918     918   919     919
 919     920   919     920
 920     920   921     921
 921     922   921     922
 922     922   923     923
 923     923   924     924
 924     925   924     925
 925     925   926     926
 926     926   927     927
 927     927   928     928
 928     928   929     929
 929     929   930     930
 930     930   931     931
 931     932   931     932
 932     932   933     933
 933     934   933     934
 934     934   935     935
 935     936   935     936
 936     937   936     937
 937     938   937     938
 938     938   939     939
 939     940   939     940
 940     940   941     941
 941     942   941     942
 942     942   943     943
 943     943   944     944
 944     944   945     945
 945     946   945     946
 946     946   947     947
 947     948   947     948
 948     948   949     949
 949     949   950     950
 950     950   951     951
 951     951   952     952
 952     952   953     953
 953     953   954     954
 954     955   954     955
 955     956   955     956
 956     957   956     957
 957     957   958     958
 958     959   958     959
 959     960   959     960
 960     960   961     961
 961     961   962     962
 962     962   963     963
 963     964   963     964
 964     965   964     965
 965     965   966     966
 966     966   967     967
 967     968   967     968
 968     968   969     969
 969     969   970     970
 970     971   970     971
 971     971   972     972
 972     972   973     973
 973     973   974     974
 974     975   974     975
 975     975   976     976
 976     976   977     977
 977     978   977     978
 978     978   979     979
 979     979   980     980
 980     981   980     981
 981     981   982     982
 982     982   983     983
 983     983   984     984
 984     984   985     985
 985     985   986     986
 986     987   986     987
 987     988   987     988
 988     988   989     989
 989     990   989     990
 990     990   991     991
 991     992   991     992
 992     992   993     993
 993     994   993     994
 994     994   995     995
 995     996   995     996
 996     996   997     997
 997     998   997     998
 998     998   999     999
 999     999  1000    1000
1000    1000  1001    1001
1001    1001  1002    1002
1002    1003  1002    1003
1003    1004  1003    1004
1004    1005  1004    1005
1005    1006  1005    1006
1006    1007  1006    1007
1007    1008  1007    1008
1008    1009  1008    1009
1009    1010  1009    1010
1010    1011  1010    1011
1011    1012  1011    1012
1012    1013  1012    1013
1013    1014  1013    1014
1014    1014  1015    1015
1015    1015  1016    1016
1016    1017  1016    1017
1017    1018  1017    1018
1018    1019  1018    1019
1019    1020  1019    1020
1020    1021  1020    1021
1021    1022  1021    1022
1022    1022  1023    1023
1023    1023  1024    1024
1024    1025  1024    1025
1025    1026  1025    1026
1026    1027  1026    1027
1027    1028  1027    1028
1028    1029  1028    1029
1029    1030  1029    1030
1030    1031  1030    1031
1031    1032  1031    1032
1032    1033  1032    1033
1033    1033  1034    1034
1034    1034  1035    1035
1035    1035  1036    1036
1036    1036  1037    1037
1037    1037  1038    1038
1038    1038  1039    1039
1039    1040  1039    1040
1040    1040  1041    1041
1041    1041  1042    1042
1042    1042  1043    1043
1043    1044  1043    1044
1044    1044  1045    1045
1045    1045  1046    1046
1046    1047  1046    1047
1047    1047  1048    1048
1048    1048  1049    1049
1049    1049  1050    1050
1050    1051  1050    1051
1051    1052  1051    1052
1052    1052  1053    1053
1053    1053  1054    1054
1054    1054  1055    1055
1055    1056  1055    1056
1056    1057  1056    1057
1057    1058  1057    1058
1058    1059  1058    1059
1059    1060  1059    1060
1060    1061  1060    1061
1061    1062  1061    1062
1062    1063  1062    1063
1063    1063  1064    1064
1064    1064  1065    1065
1065    1065  1066    1066
1066    1066  1067    1067
1067    1068  1067    1068
1068    1068  1069    1069
1069    1070  1069    1070
1070    1070  1071    1071
1071    1072  1071    1072
1072    1073  1072    1073
1073    1074  1073    1074
1074    1074  1075    1075
1075    1075  1076    1076
1076    1076  1077    1077
1077    1078  1077    1078
1078    1079  1078    1079
1079    1080  1079    1080
1080    1081  1080    1081
1081    1082  1081    1082
1082    1083  1082    1083
1083    1084  1083    1084
1084    1085  1084    1085
1085    1086  1085    1086
1086    1087  1086    1087
1087    1088  1087    1088
1088    1089  1088    1089
1089    1090  1089    1090
1090    1091  1090    1091
1091    1092  1091    1092
1092    1093  1092    1093
1093    1094  1093    1094
1094    1095  1094    1095
1095    1096  1095    1096
1096    1097  1096    1097
1097    1097  1098    1098
1098    1099  1098    1099
1099    1100  1099    1100
1100    1101  1100    1101
1101    1102  1101    1102
1102    1103  1102    1103
1103    1104  1103    1104
1104    1105  1104    1105
1105    1106  1105    1106
1106    1106  1107    1107
1107    1107  1108    1108
1108    1109  1108    1109
1109    1109  1110    1110
1110    1110  1111    1111
1111    1111  1112    1112
1112    1113  1112    1113
1113    1114  1113    1114
1114    1115  1114    1115
1115    1115  1116    1116
1116    1116  1117    1117
1117    1117  1118    1118
1118    1119  1118    1119
1119    1120  1119    1120
1120    1121  1120    1121
1121    1122  1121    1122
1122    1123  1122    1123
1123    1124  1123    1124
1124    1125  1124    1125
1125    1126  1125    1126
1126    1127  1126    1127
1127    1128  1127    1128
1128    1128  1129    1129
1129    1129  1130    1130
1130    1131  1130    1131
1131    1131  1132    1132
1132    1132  1133    1133
1133    1133  1134    1134
1134    1135  1134    1135
1135    1135  1136    1136
1136    1136  1137    1137
1137    1137  1138    1138
1138    1139  1138    1139
1139    1140  1139    1140
1140    1140  1141    1141
1141    1142  1141    1142
1142    1143  1142    1143
1143    1144  1143    1144
1144    1145  1144    1145
1145    1146  1145    1146
1146    1147  1146    1147
1147    1148  1147    1148
1148    1148  1149    1149
1149    1149  1150    1150
1150    1151  1150    1151
1151    1152  1151    1152
1152    1152  1153    1153
1153    1154  1153    1154
1154    1155  1154    1155
1155    1155  1156    1156
1156    1157  1156    1157
1157    1157  1158    1158
1158    1158  1159    1159
1159    1159  1160    1160
1160    1160  1161    1161
1161    1161  1162    1162
1162    1162  1163    1163
1163    1163  1164    1164
1164    1164  1165    1165
1165    1166  1165    1166
1166    1166  1167    1167
1167    1167  1168    1168
1168    1169  1168    1169
1169    1169  1170    1170
1170    1170  1171    1171
1171    1171  1172    1172
1172    1172  1173    1173
1173    1173  1174    1174
1174    1174  1175    1175
1175    1175  1176    1176
1176    1176  1177    1177
1177    1177  1178    1178
1178    1178  1179    1179
1179    1179  1180    1180
1180    1180  1181    1181
1181    1182  1181    1182
1182    1183  1182    1183
1183    1184  1183    1184
1184    1185  1184    1185
1185    1185  1186    1186
1186    1186  1187    1187
1187    1187  1188    1188
1188    1188  1189    1189
1189    1189  1190    1190
1190    1191  1190    1191
1191    1191  1192    1192
1192    1192  1193    1193
1193    1193  1194    1194
1194    1194  1195    1195
1195    1196  1195    1196
1196    1196  1197    1197
1197    1197  1198    1198
1198    1198  1199    1199
1199    1200  1199    1200
1200    1201  1200    1201
1201    1202  1201    1202
1202    1202  1203    1203
1203    1203  1204    1204
1204    1205  1204    1205
1205    1205  1206    1206
1206    1207  1206    1207
1207    1207  1208    1208
1208    1208  1209    1209
1209    1210  1209    1210
1210    1210  1211    1211
1211    1211  1212    1212
1212    1212  1213    1213
1213    1214  1213    1214
1214    1215  1214    1215
1215    1215  1216    1216
1216    1217  1216    1217
1217    1218  1217    1218
1218    1218  1219    1219
1219    1220  1219    1220
1220    1220  1221    1221
1221    1222  1221    1222
1222    1222  1223    1223
1223    1224  1223    1224
1224    1225  1224    1225
1225    1226  1225    1226
1226    1227  1226    1227
1227    1228  1227    1228
1228    1229  1228    1229
1229    1230  1229    1230
1230    1230  1231    1231
1231    1231  1232    1232
1232    1232  1233    1233
1233    1234  1233    1234
1234    1235  1234    1235
1235    1235  1236    1236
1236    1237  1236    1237
1237    1238  1237    1238
1238    1239  1238    1239
1239    1240  1239    1240
1240    1240  1241    1241
1241    1242  1241    1242
1242    1243  1242    1243
1243    1244  1243    1244
1244    1245  1244    1245
1245    1246  1245    1246
1246    1247  1246    1247
1247    1247  1248    1248
1248    1248  1249    1249
1249    1249  1250    1250
1250    1250  1251    1251
1251    1252  1251    1252
1252    1252  1253    1253
1253    1253  1254    1254
1254    1254  1255    1255
1255    1256  1255    1256
1256    1256  1257    1257
1257    1257  1258    1258
1258    1259  1258    1259
1259    1259  1260    1260
1260    1260  1261    1261
1261    1261  1262    1262
1262    1263  1262    1263
1263    1264  1263    1264
1264    1264  1265    1265
1265    1266  1265    1266
1266    1266  1267    1267
1267    1267  1268    1268
1268    1268  1269    1269
1269    1269  1270    1270
1270    1270  1271    1271
1271    1271  1272    1272
1272    1272  1273    1273
1273    1274  1273    1274
1274    1274  1275    1275
1275    1276  1275    1276
1276    1276  1277    1277
1277    1277  1278    1278
1278    1278  1279    1279
1279    1280  1279    1280
1280    1281  1280    1281
1281    1281  1282    1282
1282    1283  1282    1283
1283    1284  1283    1284
1284    1285  1284    1285
1285    1286  1285    1286
1286    1287  1286    1287
1287    1288  1287    1288
1288    1289  1288    1289
1289    1289  1290    1290
1290    1291  1290    1291
1291    1291  1292    1292
1292    1293  1292    1293
1293    1294  1293    1294
1294    1295  1294    1295
1295    1296  1295    1296
1296    1296  1297    1297
1297    1298  1297    1298
1298    1299  1298    1299
1299    1300  1299    1300
1300    1301  1300    1301
1301    1301  1302    1302
1302    1303  1302    1303
1303    1304  1303    1304
1304    1305  1304    1305
1305    1306  1305    1306
1306    1307  1306    1307
1307    1308  1307    1308
1308    1309  1308    1309
1309    1310  1309    1310
1310    1311  1310    1311
1311    1312  1311    1312
1312    1313  1312    1313
1313    1314  1313    1314
1314    1314  1315    1315
1315    1315  1316    1316
1316    1316  1317    1317
1317    1318  1317    1318
1318    1318  1319    1319
1319    1320  1319    1320
1320    1321  1320    1321
1321    1321  1322    1322
1322    1322  1323    1323
1323    1323  1324    1324
1324    1324  1325    1325
1325    1326  1325    1326
1326    1327  1326    1327
1327    1328  1327    1328
1328    1329  1328    1329
1329    1330  1329    1330
1330    1330  1331    1331
1331    1331  1332    1332
1332    1332  1333    1333
1333    1333  1334    1334
1334    1334  1335    1335
1335    1335  1336    1336
1336    1337  1336    1337
1337    1337  1338    1338
1338    1339  1338    1339
1339    1339  1340    1340
1340    1340  1341    1341
1341    1341  1342    1342
1342    1342  1343    1343
1343    1343  1344    1344
1344    1344  1345    1345
1345    1345  1346    1346
1346    1346  1347    1347
1347    1347  1348    1348
1348    1349  1348    1349
1349    1350  1349    1350
1350    1351  1350    1351
1351    1352  1351    1352
1352    1353  1352    1353
1353    1354  1353    1354
1354    1355  1354    1355
1355    1356  1355    1356
1356    1357  1356    1357
1357    1358  1357    1358
1358    1359  1358    1359
1359    1360  1359    1360
1360    1361  1360    1361
1361    1362  1361    1362
1362    1362  1363    1363
1363    1363  1364    1364
1364    1364  1365    1365
1365    1366  1365    1366
1366    1367  1366    1367
1367    1368  1367    1368
1368    1369  1368    1369
1369    1370  1369    1370
1370    1371  1370    1371
1371    1371  1372    1372
1372    1372  1373    1373
1373    1373  1374    1374
1374    1375  1374    1375
1375    1375  1376    1376
1376    1376  1377    1377
1377    1377  1378    1378
1378    1378  1379    1379
1379    1379  1380    1380
1380    1380  1381    1381
1381    1381  1382    1382
1382    1383  1382    1383
1383    1383  1384    1384
1384    1384  1385    1385
1385    1385  1386    1386
1386    1386  1387    1387
1387    1387  1388    1388
1388    1388  1389    1389
1389    1390  1389    1390
1390    1391  1390    1391
1391    1392  1391    1392
1392    1392  1393    1393
1393    1393  1394    1394
1394    1395  1394    1395
1395    1395  1396    1396
1396    1397  1396    1397
1397    1397  1398    1398
1398    1399  1398    1399
1399    1399  1400    1400
1400    1401  1400    1401
1401    1401  1402    1402
1402    1402  1403    1403
1403    1404  1403    1404
1404    1405  1404    1405
1405    1406  1405    1406
1406    1406  1407    1407
1407    1408  1407    1408
1408    1409  1408    1409
1409    1410  1409    1410
1410    1411  1410    1411
1411    1412  1411    1412
1412    1413  1412    1413
1413    1413  1414    1414
1414    1414  1415    1415
1415    1415  1416    1416
1416    1416  1417    1417
1417    1417  1418    1418
1418    1419  1418    1419
1419    1420  1419    1420
1420    1420  1421    1421
1421    1421  1422    1422
1422    1423  1422    1423
1423    1424  1423    1424
1424    1425  1424    1425
1425    1426  1425    1426
1426    1427  1426    1427
1427    1428  1427    1428
1428    1429  1428    1429
1429    1430  1429    1430
1430    1430  1431    1431
1431    1431  1432    1432
1432    1432  1433    1433
1433    1433  1434    1434
1434    1434  1435    1435
1435    1436  1435    1436
1436    1437  1436    1437
1437    1438  1437    1438
1438    1439  1438    1439
1439    1440  1439    1440
1440    1441  1440    1441
1441    1442  1441    1442
1442    1443  1442    1443
1443    1444  1443    1444
1444    1445  1444    1445
1445    1446  1445    1446
1446    1446  1447    1447
1447    1447  1448    1448
1448    1448  1449    1449
1449    1449  1450    1450
1450    1451  1450    1451
1451    1452  1451    1452
1452    1453  1452    1453
1453    1454  1453    1454
1454    1455  1454    1455
1455    1455  1456    1456
1456    1456  1457    1457
1457    1458  1457    1458
1458    1459  1458    1459
1459    1459  1460    1460
1460    1460  1461    1461
1461    1461  1462    1462
1462    1462  1463    1463
1463    1463  1464    1464
1464    1464  1465    1465
1465    1466  1465    1466
1466    1466  1467    1467
1467    1467  1468    1468
1468    1468  1469    1469
1469    1469  1470    1470
1470    1471  1470    1471
1471    1471  1472    1472
1472    1472  1473    1473
1473    1474  1473    1474
1474    1475  1474    1475
1475    1475  1476    1476
1476    1476  1477    1477
1477    1478  1477    1478
1478    1479  1478    1479
1479    1479  1480    1480
1480    1481  1480    1481
1481    1481  1482    1482
1482    1482  1483    1483
1483    1484  1483    1484
1484    1484  1485    1485
1485    1485  1486    1486
1486    1486  1487    1487
1487    1487  1488    1488
1488    1488  1489    1489
1489    1489  1490    1490
1490    1490  1491    1491
1491    1491  1492    1492
1492    1493  1492    1493
1493    1494  1493    1494
1494    1495  1494    1495
1495    1495  1496    1496
1496    1496  1497    1497
1497    1498  1497    1498
1498    1499  1498    1499
1499    1499  1500    1500
1500    1501  1500    1501
1501    1501  1502    1502
1502    1502  1503    1503
1503    1504  1503    1504
1504    1504  1505    1505
1505    1505  1506    1506
1506    1507  1506    1507
1507    1508  1507    1508
1508    1508  1509    1509
1509    1509  1510    1510
1510    1511  1510    1511
1511    1511  1512    1512
1512    1512  1513    1513
1513    1513  1514    1514
1514    1514  1515    1515
1515    1516  1515    1516
1516    1517  1516    1517
1517    1518  1517    1518
1518    1518  1519    1519
1519    1519  1520    1520
1520    1521  1520    1521
1521    1522  1521    1522
1522    1522  1523    1523
1523    1523  1524    1524
1524    1525  1524    1525
1525    1525  1526    1526
1526    1527  1526    1527
1527    1528  1527    1528
1528    1528  1529    1529
1529    1529  1530    1530
1530    1530  1531    1531
1531    1532  1531    1532
1532    1533  1532    1533
1533    1533  1534    1534
1534    1534  1535    1535
1535    1536  1535    1536
1536    1537  1536    1537
1537    1538  1537    1538
1538    1539  1538    1539
1539    1540  1539    1540
1540    1541  1540    1541
1541    1542  1541    1542
1542    1543  1542    1543
1543    1544  1543    1544
1544    1545  1544    1545
1545    1546  1545    1546
1546    1547  1546    1547
1547    1548  1547    1548
1548    1549  1548    1549
1549    1550  1549    1550
1550    1551  1550    1551
1551    1552  1551    1552
1552    1553  1552    1553
1553    1554  1553    1554
1554    1555  1554    1555
1555    1556  1555    1556
1556    1557  1556    1557
1557    1558  1557    1558
1558    1559  1558    1559
1559    1560  1559    1560
1560    1561  1560    1561
1561    1562  1561    1562
1562    1563  1562    1563
1563    1564  1563    1564
1564    1565  1564    1565
1565    1566  1565    1566
1566    1567  1566    1567
1567    1568  1567    1568
1568    1569  1568    1569
1569    1570  1569    1570
1570    1571  1570    1571
1571    1572  1571    1572
1572    1573  1572    1573
1573    1574  1573    1574
1574    1575  1574    1575
1575    1576  1575    1576
1576    1577  1576    1577
1577    1578  1577    1578
1578    1578  1579    1579
1579    1579  1580    1580
1580    1580  1581    1581
1581    1581  1582    1582
1582    1582  1583    1583
1583    1583  1584    1584
1584    1584  1585    1585
1585    1585  1586    1586
1586    1587  1586    1587
1587    1588  1587    1588
1588    1589  1588    1589
1589    1589  1590    1590
1590    1591  1590    1591
1591    1591  1592    1592
1592    1593  1592    1593
1593    1593  1594    1594
1594    1594  1595    1595
1595    1595  1596    1596
1596    1596  1597    1597
1597    1598  1597    1598
1598    1598  1599    1599
1599    1599  1600    1600
1600    1600  1601    1601
1601    1602  1601    1602
1602    1603  1602    1603
1603    1603  1604    1604
1604    1605  1604    1605
1605    1606  1605    1606
1606    1607  1606    1607
1607    1608  1607    1608
1608    1609  1608    1609
1609    1610  1609    1610
1610    1611  1610    1611
1611    1611  1612    1612
1612    1613  1612    1613
1613    1613  1614    1614
1614    1614  1615    1615
1615    1615  1616    1616
1616    1616  1617    1617
1617    1618  1617    1618
1618    1618  1619    1619
1619    1619  1620    1620
1620    1620  1621    1621
1621    1621  1622    1622
1622    1623  1622    1623
1623    1623  1624    1624
1624    1624  1625    1625
1625    1625  1626    1626
1626    1626  1627    1627
1627    1628  1627    1628
1628    1628  1629    1629
1629    1629  1630    1630
1630    1631  1630    1631
1631    1631  1632    1632
1632    1633  1632    1633
1633    1633  1634    1634
1634    1634  1635    1635
1635    1635  1636    1636
1636    1636  1637    1637
1637    1638  1637    1638
1638    1638  1639    1639
1639    1639  1640    1640
1640    1640  1641    1641
1641    1641  1642    1642
1642    1642  1643    1643
1643    1643  1644    1644
1644    1644  1645    1645
1645    1645  1646    1646
1646    1646  1647    1647
1647    1648  1647    1648
1648    1648  1649    1649
1649    1649  1650    1650
1650    1650  1651    1651
1651    1651  1652    1652
1652    1653  1652    1653
1653    1653  1654    1654
1654    1654  1655    1655
1655    1656  1655    1656
1656    1656  1657    1657
1657    1658  1657    1658
1658    1658  1659    1659
1659    1660  1659    1660
1660    1661  1660    1661
1661    1661  1662    1662
1662    1663  1662    1663
1663    1663  1664    1664
1664    1664  1665    1665
1665    1665  1666    1666
1666    1666  1667    1667
1667    1668  1667    1668
1668    1668  1669    1669
1669    1669  1670    1670
1670    1670  1671    1671
1671    1671  1672    1672
1672    1673  1672    1673
1673    1673  1674    1674
1674    1675  1674    1675
1675    1675  1676    1676
1676    1677  1676    1677
1677    1677  1678    1678
1678    1678  1679    1679
1679    1679  1680    1680
1680    1680  1681    1681
1681    1682  1681    1682
1682    1682  1683    1683
1683    1683  1684    1684
1684    1684  1685    1685
1685    1685  1686    1686
1686    1686  1687    1687
1687    1688  1687    1688
1688    1689  1688    1689
1689    1689  1690    1690
1690    1690  1691    1691
1691    1691  1692    1692
1692    1693  1692    1693
1693    1693  1694    1694
1694    1694  1695    1695
1695    1695  1696    1696
1696    1696  1697    1697
1697    1697  1698    1698
1698    1698  1699    1699
1699    1699  1700    1700
1700    1701  1700    1701
1701    1702  1701    1702
1702    1702  1703    1703
1703    1703  1704    1704
1704    1704  1705    1705
1705    1705  1706    1706
1706    1707  1706    1707
1707    1707  1708    1708
1708    1708  1709    1709
1709    1709  1710    1710
1710    1710  1711    1711
1711    1711  1712    1712
1712    1712  1713    1713
1713    1713  1714    1714
1714    1714  1715    1715
1715    1715  1716    1716
1716    1716  1717    1717
1717    1717  1718    1718
1718    1718  1719    1719
1719    1719  1720    1720
1720    1720  1721    1721
1721    1722  1721    1722
1722    1722  1723    1723
1723    1723  1724    1724
1724    1724  1725    1725
1725    1725  1726    1726
1726    1726  1727    1727
1727    1727  1728    1728
1728    1728  1729    1729
1729    1729  1730    1730
1730    1730  1731    1731
1731    1731  1732    1732
1732    1732  1733    1733
1733    1733  1734    1734
1734    1734  1735    1735
1735    1735  1736    1736
1736    1737  1736    1737
1737    1738  1737    1738
1738    1739  1738    1739
1739    1740  1739    1740
1740    1740  1741    1741
1741    1742  1741    1742
1742    1743  1742    1743
1743    1743  1744    1744
1744    1745  1744    1745
1745    1745  1746    1746
1746    1747  1746    1747
1747    1748  1747    1748
1748    1749  1748    1749
1749    1749  1750    1750
1750    1750  1751    1751
1751    1752  1751    1752
1752    1752  1753    1753
1753    1754  1753    1754
1754    1755  1754    1755
1755    1756  1755    1756
1756    1756  1757    1757
1757    1757  1758    1758
1758    1758  1759    1759
1759    1760  1759    1760
1760    1760  1761    1761
1761    1761  1762    1762
1762    1763  1762    1763
1763    1764  1763    1764
1764    1764  1765    1765
1765    1766  1765    1766
1766    1767  1766    1767
1767    1768  1767    1768
1768    1769  1768    1769
1769    1770  1769    1770
1770    1771  1770    1771
1771    1772  1771    1772
1772    1773  1772    1773
1773    1774  1773    1774
1774    1774  1775    1775
1775    1775  1776    1776
1776    1776  1777    1777
1777    1778  1777    1778
1778    1778  1779    1779
1779    1779  1780    1780
1780    1781  1780    1781
1781    1782  1781    1782
1782    1783  1782    1783
1783    1784  1783    1784
1784    1785  1784    1785
1785    1786  1785    1786
1786    1786  1787    1787
1787    1787  1788    1788
1788    1789  1788    1789
1789    1790  1789    1790
1790    1791  1790    1791
1791    1792  1791    1792
1792    1793  1792    1793
1793    1793  1794    1794
1794    1794  1795    1795
1795    1796  1795    1796
1796    1796  1797    1797
1797    1797  1798    1798
1798    1799  1798    1799
1799    1800  1799    1800
1800    1800  1801    1801
1801    1802  1801    1802
1802    1803  1802    1803
1803    1804  1803    1804
1804    1804  1805    1805
1805    1805  1806    1806
1806    1806  1807    1807
1807    1808  1807    1808
1808    1809  1808    1809
1809    1810  1809    1810
1810    1810  1811    1811
1811    1811  1812    1812
1812    1813  1812    1813
1813    1814  1813    1814
1814    1815  1814    1815
1815    1816  1815    1816
1816    1817  1816    1817
1817    1818  1817    1818
1818    1819  1818    1819
1819    1820  1819    1820
1820    1821  1820    1821
1821    1822  1821    1822
1822    1822  1823    1823
1823    1823  1824    1824
1824    1825  1824    1825
1825    1826  1825    1826
1826    1827  1826    1827
1827    1828  1827    1828
1828    1828  1829    1829
1829    1829  1830    1830
1830    1831  1830    1831
1831    1832  1831    1832
1832    1833  1832    1833
1833    1833  1834    1834
1834    1835  1834    1835
1835    1835  1836    1836
1836    1836  1837    1837
1837    1838  1837    1838
1838    1839  1838    1839
1839    1840  1839    1840
1840    1840  1841    1841
1841    1841  1842    1842
1842    1843  1842    1843
1843    1844  1843    1844
1844    1844  1845    1845
1845    1846  1845    1846
1846    1847  1846    1847
1847    1848  1847    1848
1848    1849  1848    1849
1849    1850  1849    1850
1850    1851  1850    1851
1851    1852  1851    1852
1852    1852  1853    1853
1853    1854  1853    1854
1854    1855  1854    1855
1855    1856  1855    1856
1856    1856  1857    1857
1857    1857  1858    1858
1858    1858  1859    1859
1859    1860  1859    1860
1860    1861  1860    1861
1861    1862  1861    1862
1862    1863  1862    1863
1863    1863  1864    1864
1864    1865  1864    1865
1865    1865  1866    1866
1866    1866  1867    1867
1867    1868  1867    1868
1868    1869  1868    1869
1869    1869  1870    1870
1870    1871  1870    1871
1871    1872  1871    1872
1872    1873  1872    1873
1873    1874  1873    1874
1874    1875  1874    1875
1875    1875  1876    1876
1876    1876  1877    1877
1877    1878  1877    1878
1878    1879  1878    1879
1879    1880  1879    1880
1880    1881  1880    1881
1881    1881  1882    1882
1882    1883  1882    1883
1883    1884  1883    1884
1884    1884  1885    1885
1885    1886  1885    1886
1886    1887  1886    1887
1887    1888  1887    1888
1888    1888  1889    1889
1889    1889  1890    1890
1890    1890  1891    1891
1891    1891  1892    1892
1892    1893  1892    1893
1893    1894  1893    1894
1894    1895  1894    1895
1895    1896  1895    1896
1896    1897  1896    1897
1897    1897  1898    1898
1898    1899  1898    1899
1899    1899  1900    1900
1900    1900  1901    1901
1901    1901  1902    1902
1902    1902  1903    1903
1903    1904  1903    1904
1904    1905  1904    1905
1905    1906  1905    1906
1906    1906  1907    1907
1907    1908  1907    1908
1908    1909  1908    1909
1909    1909  1910    1910
1910    1910  1911    1911
1911    1911  1912    1912
1912    1913  1912    1913
1913    1914  1913    1914
1914    1915  1914    1915
1915    1916  1915    1916
1916    1917  1916    1917
1917    1917  1918    1918
1918    1918  1919    1919
1919    1920  1919    1920
1920    1921  1920    1921
1921    1922  1921    1922
1922    1922  1923    1923
1923    1923  1924    1924
1924    1925  1924    1925
1925    1926  1925    1926
1926    1927  1926    1927
1927    1928  1927    1928
1928    1929  1928    1929
1929    1929  1930    1930
1930    1931  1930    1931
1931    1931  1932    1932
1932    1932  1933    1933
1933    1933  1934    1934
1934    1934  1935    1935
1935    1935  1936    1936
1936    1937  1936    1937
1937    1938  1937    1938
1938    1939  1938    1939
1939    1939  1940    1940
1940    1941  1940    1941
1941    1941  1942    1942
1942    1942  1943    1943
1943    1944  1943    1944
1944    1945  1944    1945
1945    1945  1946    1946
1946    1946  1947    1947
1947    1948  1947    1948
1948    1948  1949    1949
1949    1950  1949    1950
1950    1951  1950    1951
1951    1951  1952    1952
1952    1952  1953    1953
1953    1953  1954    1954
1954    1954  1955    1955
1955    1956  1955    1956
1956    1957  1956    1957
1957    1957  1958    1958
1958    1959  1958    1959
1959    1960  1959    1960
1960    1960  1961    1961
1961    1961  1962    1962
1962    1962  1963    1963
1963    1964  1963    1964
1964    1965  1964    1965
1965    1966  1965    1966
1966    1966  1967    1967
1967    1967  1968    1968
1968    1968  1969    1969
1969    1969  1970    1970
1970    1971  1970    1971
1971    1972  1971    1972
1972    1972  1973    1973
1973    1974  1973    1974
1974    1975  1974    1975
1975    1975  1976    1976
1976    1976  1977    1977
1977    1977  1978    1978
1978    1979  1978    1979
1979    1979  1980    1980
1980    1980  1981    1981
1981    1981  1982    1982
1982    1982  1983    1983
1983    1984  1983    1984
1984    1984  1985    1985
1985    1985  1986    1986
1986    1986  1987    1987
1987    1987  1988    1988
1988    1988  1989    1989
1989    1989  1990    1990
1990    1990  1991    1991
1991    1991  1992    1992
1992    1992  1993    1993
1993    1993  1994    1994
1994    1994  1995    1995
1995    1995  1996    1996
1996    1997  1996    1997
1997    1997  1998    1998
1998    1998  1999    1999
1999    1999  2000    2000
2000    2000  2001    2001
2001    2001  2002    2002
2002    2003  2002    2003
2003    2003  2004    2004
2004    2005  2004    2005
2005    2005  2006    2006
2006    2006  2007    2007
2007    2007  2008    2008
2008    2008  2009    2009
2009    2009  2010    2010
2010    2010  2011    2011
2011    2011  2012    2012
2012    2012  2013    2013
2013    2013  2014    2014
2014    2014  2015    2015
2015    2015  2016    2016
2016    2017  2016    2017
2017    2017  2018    2018
2018    2018  2019    2019
2019    2019  2020    2020
2020    2020  2021    2021
2021    2021  2022    2022
2022    2022  2023    2023
2023    2024  2023    2024
2024    2024  2025    2025
2025    2025  2026    2026
2026    2026  2027    2027
2027    2028  2027    2028
2028    2028  2029    2029
2029    2029  2030    2030
2030    2031  2030    2031
2031    2031  2032    2032
2032    2033  2032    2033
2033    2034  2033    2034
2034    2035  2034    2035
2035    2036  2035    2036
2036    2037  2036    2037
2037    2038  2037    2038
2038    2039  2038    2039
2039    2040  2039    2040
2040    2041  2040    2041
2041    2042  2041    2042
2042    2043  2042    2043
2043    2044  2043    2044
2044    2045  2044    2045
2045    2046  2045    2046
2046    2046  2047    2047
2047    2048  2047    2048
2048    2049  2048    2049
2049    2050  2049    2050
2050    2050  2051    2051
2051    2051  2052    2052
2052    2052  2053    2053
2053    2054  2053    2054
2054    2054  2055    2055
2055    2055  2056    2056
2056    2056  2057    2057
2057    2057  2058    2058
2058    2058  2059    2059
2059    2059  2060    2060
2060    2060  2061    2061
2061    2061  2062    2062
2062    2062  2063    2063
2063    2064  2063    2064
2064    2065  2064    2065
2065    2066  2065    2066
2066    2067  2066    2067
2067    2067  2068    2068
2068    2069  2068    2069
2069    2070  2069    2070
2070    2071  2070    2071
2071    2072  2071    2072
2072    2073  2072    2073
2073    2074  2073    2074
2074    2075  2074    2075
2075    2076  2075    2076
2076    2076  2077    2077
2077    2078  2077    2078
2078    2078  2079    2079
2079    2079  2080    2080
2080    2081  2080    2081
2081    2081  2082    2082
2082    2082  2083    2083
2083    2084  2083    2084
2084    2084  2085    2085
2085    2085  2086    2086
2086    2087  2086    2087
2087    2087  2088    2088
2088    2088  2089    2089
2089    2089  2090    2090
2090    2090  2091    2091
2091    2091  2092    2092
2092    2092  2093    2093
2093    2093  2094    2094
2094    2095  2094    2095
2095    2095  2096    2096
2096    2096  2097    2097
2097    2097  2098    2098
2098    2098  2099    2099
2099    2099  2100    2100
2100    2100  2101    2101
2101    2102  2101    2102
2102    2102  2103    2103
2103    2103  2104    2104
2104    2104  2105    2105
2105    2105  2106    2106
2106    2107  2106    2107
2107    2107  2108    2108
2108    2109  2108    2109
2109    2109  2110    2110
2110    2111  2110    2111
2111    2112  2111    2112
2112    2113  2112    2113
2113    2114  2113    2114
2114    2115  2114    2115
2115    2116  2115    2116
2116    2117  2116    2117
2117    2118  2117    2118
2118    2119  2118    2119
2119    2120  2119    2120
2120    2121  2120    2121
2121    2122  2121    2122
2122    2123  2122    2123
2123    2124  2123    2124
2124    2125  2124    2125
2125    2125  2126    2126
2126    2127  2126    2127
2127    2128  2127    2128
2128    2128  2129    2129
2129    2130  2129    2130
2130    2130  2131    2131
2131    2132  2131    2132
2132    2132  2133    2133
2133    2133  2134    2134
2134    2134  2135    2135
2135    2135  2136    2136
2136    2136  2137    2137
2137    2137  2138    2138
2138    2139  2138    2139
2139    2139  2140    2140
2140    2140  2141    2141
2141    2141  2142    2142
2142    2143  2142    2143
2143    2144  2143    2144
2144    2145  2144    2145
2145    2146  2145    2146
2146    2147  2146    2147
2147    2148  2147    2148
2148    2148  2149    2149
2149    2149  2150    2150
2150    2150  2151    2151
2151    2151  2152    2152
2152    2152  2153    2153
2153    2153  2154    2154
2154    2155  2154    2155
2155    2155  2156    2156
2156    2156  2157    2157
2157    2158  2157    2158
2158    2159  2158    2159
2159    2160  2159    2160
2160    2160  2161    2161
2161    2161  2162    2162
2162    2162  2163    2163
2163    2164  2163    2164
2164    2164  2165    2165
2165    2165  2166    2166
2166    2166  2167    2167
2167    2167  2168    2168
2168    2168  2169    2169
2169    2169  2170    2170
2170    2170  2171    2171
2171    2172  2171    2172
2172    2173  2172    2173
2173    2173  2174    2174
2174    2174  2175    2175
2175    2175  2176    2176
2176    2176  2177    2177
2177    2177  2178    2178
2178    2178  2179    2179
2179    2179  2180    2180
2180    2181  2180    2181
2181    2182  2181    2182
2182    2183  2182    2183
2183    2184  2183    2184
2184    2185  2184    2185
2185    2186  2185    2186
2186    2187  2186    2187
2187    2188  2187    2188
2188    2189  2188    2189
2189    2190  2189    2190
2190    2191  2190    2191
2191    2192  2191    2192
2192    2193  2192    2193
2193    2194  2193    2194
2194    2195  2194    2195
2195    2196  2195    2196
2196    2197  2196    2197
2197    2198  2197    2198
2198    2199  2198    2199
2199    2199  2200    2200
2200    2201  2200    2201
2201    2201  2202    2202
2202    2203  2202    2203
2203    2203  2204    2204
2204    2204  2205    2205
2205    2205  2206    2206
2206    2206  2207    2207
2207    2207  2208    2208
2208    2209  2208    2209
2209    2210  2209    2210
2210    2210  2211    2211
2211    2211  2212    2212
2212    2213  2212    2213
2213    2213  2214    2214
2214    2214  2215    2215
2215    2216  2215    2216
2216    2216  2217    2217
2217    2217  2218    2218
2218    2218  2219    2219
2219    2219  2220    2220
2220    2220  2221    2221
2221    2222  2221    2222
2222    2222  2223    2223
2223    2223  2224    2224
2224    2224  2225    2225
2225    2225  2226    2226
2226    2226  2227    2227
2227    2228  2227    2228
2228    2228  2229    2229
2229    2230  2229    2230
2230    2231  2230    2231
2231    2232  2231    2232
2232    2233  2232    2233
2233    2234  2233    2234
2234    2235  2234    2235
2235    2236  2235    2236
2236    2237  2236    2237
2237    2238  2237    2238
2238    2239  2238    2239
2239    2240  2239    2240
2240    2241  2240    2241
2241    2242  2241    2242
2242    2243  2242    2243
2243    2244  2243    2244
2244    2245  2244    2245
2245    2246  2245    2246
2246    2247  2246    2247
2247    2248  2247    2248
2248    2249  2248    2249
2249    2249  2250    2250
2250    2250  2251    2251
2251    2251  2252    2252
2252    2253  2252    2253
2253    2254  2253    2254
2254    2255  2254    2255
2255    2256  2255    2256
2256    2257  2256    2257
2257    2257  2258    2258
2258    2259  2258    2259
2259    2260  2259    2260
2260    2261  2260    2261
2261    2261  2262    2262
2262    2263  2262    2263
2263    2264  2263    2264
2264    2265  2264    2265
2265    2265  2266    2266
2266    2267  2266    2267
2267    2268  2267    2268
2268    2268  2269    2269
2269    2270  2269    2270
2270    2271  2270    2271
2271    2272  2271    2272
2272    2273  2272    2273
2273    2274  2273    2274
2274    2275  2274    2275
2275    2276  2275    2276
2276    2277  2276    2277
2277    2278  2277    2278
2278    2279  2278    2279
2279    2280  2279    2280
2280    2281  2280    2281
2281    2282  2281    2282
2282    2283  2282    2283
2283    2284  2283    2284
2284    2285  2284    2285
2285    2286  2285    2286
2286    2286  2287    2287
2287    2288  2287    2288
2288    2289  2288    2289
2289    2289  2290    2290
2290    2290  2291    2291
2291    2292  2291    2292
2292    2292  2293    2293
2293    2294  2293    2294
2294    2294  2295    2295
2295    2295  2296    2296
2296    2296  2297    2297
2297    2298  2297    2298
2298    2299  2298    2299
2299    2300  2299    2300
2300    2301  2300    2301
2301    2302  2301    2302
2302    2303  2302    2303
2303    2303  2304    2304
2304    2305  2304    2305
2305    2306  2305    2306
2306    2307  2306    2307
2307    2308  2307    2308
2308    2308  2309    2309
2309    2310  2309    2310
2310    2311  2310    2311
2311    2312  2311    2312
2312    2313  2312    2313
2313    2314  2313    2314
2314    2315  2314    2315
2315    2316  2315    2316
2316    2316  2317    2317
2317    2317  2318    2318
2318    2318  2319    2319
2319    2320  2319    2320
2320    2320  2321    2321
2321    2322  2321    2322
2322    2322  2323    2323
2323    2323  2324    2324
2324    2325  2324    2325
2325    2326  2325    2326
2326    2327  2326    2327
2327    2328  2327    2328
2328    2328  2329    2329
2329    2329  2330    2330
2330    2331  2330    2331
2331    2332  2331    2332
2332    2333  2332    2333
2333    2334  2333    2334
2334    2335  2334    2335
2335    2336  2335    2336
2336    2337  2336    2337
2337    2338  2337    2338
2338    2339  2338    2339
2339    2340  2339    2340
2340    2340  2341    2341
2341    2342  2341    2342
2342    2343  2342    2343
2343    2344  2343    2344
2344    2345  2344    2345
2345    2346  2345    2346
2346    2347  2346    2347
2347    2347  2348    2348
2348    2348  2349    2349
2349    2350  2349    2350
2350    2351  2350    2351
2351    2352  2351    2352
2352    2353  2352    2353
2353    2354  2353    2354
2354    2354  2355    2355
2355    2356  2355    2356
2356    2357  2356    2357
2357    2357  2358    2358
2358    2358  2359    2359
2359    2359  2360    2360
2360    2361  2360    2361
2361    2361  2362    2362
2362    2363  2362    2363
2363    2363  2364    2364
2364    2364  2365    2365
2365    2365  2366    2366
2366    2366  2367    2367
2367    2367  2368    2368
2368    2368  2369    2369
2369    2369  2370    2370
2370    2371  2370    2371
2371    2371  2372    2372
2372    2372  2373    2373
2373    2373  2374    2374
2374    2374  2375    2375
2375    2375  2376    2376
2376    2376  2377    2377
2377    2377  2378    2378
2378    2379  2378    2379
2379    2379  2380    2380
2380    2380  2381    2381
2381    2381  2382    2382
2382    2382  2383    2383
2383    2383  2384    2384
2384    2384  2385    2385
2385    2386  2385    2386
2386    2386  2387    2387
2387    2387  2388    2388
2388    2388  2389    2389
2389    2389  2390    2390
2390    2390  2391    2391
2391    2391  2392    2392
2392    2392  2393    2393
2393    2393  2394    2394
2394    2394  2395    2395
2395    2395  2396    2396
2396    2396  2397    2397
2397    2397  2398    2398
2398    2398  2399    2399
2399    2399  2400    2400
2400    2400  2401    2401
2401    2401  2402    2402
2402    2402  2403    2403
2403    2403  2404    2404
2404    2404  2405    2405
2405    2405  2406    2406
2406    2407  2406    2407
2407    2407  2408    2408
2408    2408  2409    2409
2409    2409  2410    2410
2410    2410  2411    2411
2411    2411  2412    2412
2412    2413  2412    2413
2413    2413  2414    2414
2414    2414  2415    2415
2415    2416  2415    2416
2416    2416  2417    2417
2417    2418  2417    2418
2418    2418  2419    2419
2419    2419  2420    2420
2420    2420  2421    2421
2421    2421  2422    2422
2422    2422  2423    2423
2423    2423  2424    2424
2424    2424  2425    2425
2425    2425  2426    2426
2426    2426  2427    2427
2427    2428  2427    2428
2428    2428  2429    2429
2429    2429  2430    2430
2430    2430  2431    2431
2431    2431  2432    2432
2432    2432  2433    2433
2433    2433  2434    2434
2434    2434  2435    2435
2435    2435  2436    2436
2436    2436  2437    2437
2437    2437  2438    2438
2438    2438  2439    2439
2439    2439  2440    2440
2440    2440  2441    2441
2441    2441  2442    2442
2442    2442  2443    2443
2443    2443  2444    2444
2444    2444  2445    2445
2445    2445  2446    2446
2446    2446  2447    2447
2447    2448  2447    2448
2448    2448  2449    2449
2449    2449  2450    2450
2450    2450  2451    2451
2451    2451  2452    2452
2452    2452  2453    2453
2453    2453  2454    2454
2454    2454  2455    2455
2455    2455  2456    2456
2456    2456  2457    2457
2457    2457  2458    2458
2458    2458  2459    2459
2459    2460  2459    2460
2460    2460  2461    2461
2461    2461  2462    2462
2462    2462  2463    2463
2463    2463  2464    2464
2464    2464  2465    2465
2465    2465  2466    2466
2466    2466  2467    2467
2467    2467  2468    2468
2468    2468  2469    2469
2469    2469  2470    2470
2470    2470  2471    2471
2471    2471  2472    2472
2472    2472  2473    2473
2473    2473  2474    2474
2474    2474  2475    2475
2475    2475  2476    2476
2476    2476  2477    2477
2477    2477  2478    2478
2478    2478  2479    2479
2479    2479  2480    2480
2480    2480  2481    2481
2481    2481  2482    2482
2482    2482  2483    2483
2483    2483  2484    2484
2484    2484  2485    2485
2485    2485  2486    2486
2486    2486  2487    2487
2487    2487  2488    2488
2488    2488  2489    2489
2489    2489  2490    2490
2490    2490  2491    2491
2491    2491  2492    2492
2492    2492  2493    2493
2493    2493  2494    2494
2494    2494  2495    2495
2495    2495  2496    2496
2496    2496  2497    2497
2497    2497  2498    2498
2498    2498  2499    2499
2499    2499  2500    2500
2500    2501  2500    2501
2501    2501  2502    2502
2502    2502  2503    2503
2503    2503  2504    2504
2504    2504  2505    2505
2505    2505  2506    2506
2506    2506  2507    2507
2507    2507  2508    2508
2508    2508  2509    2509
2509    2509  2510    2510
2510    2510  2511    2511
2511    2511  2512    2512
2512    2512  2513    2513
2513    2513  2514    2514
2514    2514  2515    2515
2515    2515  2516    2516
2516    2516  2517    2517
2517    2517  2518    2518
2518    2518  2519    2519
2519    2519  2520    2520
2520    2520  2521    2521
2521    2522  2521    2522
2522    2522  2523    2523
2523    2523  2524    2524
2524    2524  2525    2525
2525    2525  2526    2526
2526    2527  2526    2527
2527    2527  2528    2528
2528    2528  2529    2529
2529    2529  2530    2530
2530    2530  2531    2531
2531    2531  2532    2532
2532    2532  2533    2533
2533    2533  2534    2534
2534    2534  2535    2535
2535    2535  2536    2536
2536    2536  2537    2537
2537    2537  2538    2538
2538    2538  2539    2539
2539    2539  2540    2540
2540    2540  2541    2541
2541    2541  2542    2542
2542    2542  2543    2543
2543    2543  2544    2544
2544    2544  2545    2545
2545    2545  2546    2546
2546    2546  2547    2547
2547    2547  2548    2548
2548    2548  2549    2549
2549    2549  2550    2550
2550    2550  2551    2551
2551    2551  2552    2552
2552    2552  2553    2553
2553    2553  2554    2554
2554    2554  2555    2555
2555    2555  2556    2556
2556    2556  2557    2557
2557    2557  2558    2558
2558    2558  2559    2559
2559    2559  2560    2560
2560    2560  2561    2561
2561    2561  2562    2562
2562    2562  2563    2563
2563    2563  2564    2564
2564    2564  2565    2565
2565    2565  2566    2566
2566    2566  2567    2567
2567    2567  2568    2568
2568    2568  2569    2569
2569    2569  2570    2570
2570    2570  2571    2571
2571    2571  2572    2572
2572    2572  2573    2573
2573    2573  2574    2574
2574    2574  2575    2575
2575    2575  2576    2576
2576    2576  2577    2577
2577    2577  2578    2578
2578    2578  2579    2579
2579    2579  2580    2580
2580    2580  2581    2581
2581    2581  2582    2582
2582    2582  2583    2583
2583    2583  2584    2584
2584    2584  2585    2585
2585    2585  2586    2586
2586    2586  2587    2587
2587    2587  2588    2588
2588    2588  2589    2589
2589    2589  2590    2590
2590    2590  2591    2591
2591    2591  2592    2592
2592    2592  2593    2593
2593    2593  2594    2594
2594    2594  2595    2595
2595    2595  2596    2596
2596    2596  2597    2597
2597    2597  2598    2598
2598    2598  2599    2599
2599    2599  2600    2600
2600    2601  2600    2601
2601    2601  2602    2602
2602    2602  2603    2603
2603    2603  2604    2604
2604    2604  2605    2605
2605    2605  2606    2606
2606    2606  2607    2607
2607    2607  2608    2608
2608    2608  2609    2609
2609    2609  2610    2610
2610    2610  2611    2611
2611    2611  2612    2612
2612    2612  2613    2613
2613    2613  2614    2614
2614    2614  2615    2615
2615    2615  2616    2616
2616    2616  2617    2617
2617    2617  2618    2618
2618    2618  2619    2619
2619    2619  2620    2620
2620    2620  2621    2621
2621    2621  2622    2622
2622    2622  2623    2623
2623    2623  2624    2624
2624    2624  2625    2625
2625    2625  2626    2626
2626    2626  2627    2627
2627    2627  2628    2628
2628    2628  2629    2629
2629    2629  2630    2630
2630    2630  2631    2631
2631    2631  2632    2632
2632    2632  2633    2633
2633    2633  2634    2634
2634    2634  2635    2635
2635    2636  2635    2636
2636    2636  2637    2637
2637    2638  2637    2638
2638    2638  2639    2639
2639    2640  2639    2640
2640    2640  2641    2641
2641    2641  2642    2642
2642    2642  2643    2643
2643    2643  2644    2644
2644    2644  2645    2645
2645    2645  2646    2646
2646    2646  2647    2647
2647    2648  2647    2648
2648    2648  2649    2649
2649    2649  2650    2650
2650    2650  2651    2651
2651    2651  2652    2652
2652    2652  2653    2653
2653    2653  2654    2654
2654    2654  2655    2655
2655    2656  2655    2656
2656    2656  2657    2657
2657    2657  2658    2658
2658    2658  2659    2659
2659    2659  2660    2660
2660    2660  2661    2661
2661    2661  2662    2662
2662    2662  2663    2663
2663    2663  2664    2664
2664    2664  2665    2665
2665    2665  2666    2666
2666    2666  2667    2667
2667    2668  2667    2668
2668    2668  2669    2669
2669    2669  2670    2670
2670    2670  2671    2671
2671    2671  2672    2672
2672    2672  2673    2673
2673    2673  2674    2674
2674    2674  2675    2675
2675    2675  2676    2676
2676    2676  2677    2677
2677    2677  2678    2678
2678    2678  2679    2679
2679    2679  2680    2680
2680    2681  2680    2681
2681    2681  2682    2682
2682    2682  2683    2683
2683    2683  2684    2684
2684    2684  2685    2685
2685    2685  2686    2686
2686    2686  2687    2687
2687    2687  2688    2688
2688    2688  2689    2689
2689    2689  2690    2690
2690    2690  2691    2691
2691    2691  2692    2692
2692    2692  2693    2693
2693    2694  2693    2694
2694    2694  2695    2695
2695    2695  2696    2696
2696    2696  2697    2697
2697    2697  2698    2698
2698    2698  2699    2699
2699    2699  2700    2700
2700    2700  2701    2701
2701    2701  2702    2702
2702    2702  2703    2703
2703    2704  2703    2704
2704    2704  2705    2705
2705    2705  2706    2706
2706    2706  2707    2707
2707    2707  2708    2708
2708    2708  2709    2709
2709    2709  2710    2710
2710    2710  2711    2711
2711    2711  2712    2712
2712    2712  2713    2713
2713    2713  2714    2714
2714    2714  2715    2715
2715    2715  2716    2716
2716    2716  2717    2717
2717    2717  2718    2718
2718    2718  2719    2719
2719    2720  2719    2720
2720    2720  2721    2721
2721    2721  2722    2722
2722    2722  2723    2723
2723    2723  2724    2724
2724    2725  2724    2725
2725    2725  2726    2726
2726    2726  2727    2727
2727    2727  2728    2728
2728    2728  2729    2729
2729    2729  2730    2730
2730    2730  2731    2731
2731    2731  2732    2732
2732    2733  2732    2733
2733    2733  2734    2734
2734    2734  2735    2735
2735    2735  2736    2736
2736    2736  2737    2737
2737    2737  2738    2738
2738    2738  2739    2739
2739    2739  2740    2740
2740    2741  2740    2741
2741    2741  2742    2742
2742    2742  2743    2743
2743    2743  2744    2744
2744    2744  2745    2745
2745    2745  2746    2746
2746    2746  2747    2747
2747    2747  2748    2748
2748    2748  2749    2749
2749    2749  2750    2750
2750    2750  2751    2751
2751    2751  2752    2752
2752    2752  2753    2753
2753    2753  2754    2754
2754    2754  2755    2755
2755    2755  2756    2756
2756    2756  2757    2757
2757    2757  2758    2758
2758    2758  2759    2759
2759    2759  2760    2760
2760    2760  2761    2761
2761    2762  2761    2762
2762    2762  2763    2763
2763    2763  2764    2764
2764    2764  2765    2765
2765    2765  2766    2766
2766    2766  2767    2767
2767    2767  2768    2768
2768    2768  2769    2769
2769    2769  2770    2770
2770    2770  2771    2771
2771    2771  2772    2772
2772    2772  2773    2773
2773    2773  2774    2774
2774    2775  2774    2775
2775    2775  2776    2776
2776    2776  2777    2777
2777    2777  2778    2778
2778    2778  2779    2779
2779    2779  2780    2780
2780    2781  2780    2781
2781    2781  2782    2782
2782    2782  2783    2783
2783    2784  2783    2784
2784    2784  2785    2785
2785    2785  2786    2786
2786    2787  2786    2787
2787    2787  2788    2788
2788    2789  2788    2789
2789    2789  2790    2790
2790    2790  2791    2791
2791    2791  2792    2792
2792    2793  2792    2793
2793    2793  2794    2794
2794    2794  2795    2795
2795    2796  2795    2796
2796    2796  2797    2797
2797    2798  2797    2798
2798    2798  2799    2799
2799    2799  2800    2800
2800    2800  2801    2801
2801    2801  2802    2802
2802    2802  2803    2803
2803    2803  2804    2804
2804    2804  2805    2805
2805    2805  2806    2806
2806    2806  2807    2807
2807    2808  2807    2808
2808    2808  2809    2809
2809    2809  2810    2810
2810    2811  2810    2811
2811    2812  2811    2812
2812    2813  2812    2813
2813    2814  2813    2814
2814    2815  2814    2815
2815    2816  2815    2816
2816    2817  2816    2817
2817    2818  2817    2818
2818    2819  2818    2819
2819    2820  2819    2820
2820    2821  2820    2821
2821    2822  2821    2822
2822    2823  2822    2823
2823    2824  2823    2824
2824    2825  2824    2825
2825    2826  2825    2826
2826    2827  2826    2827
2827    2828  2827    2828
2828    2829  2828    2829
2829    2830  2829    2830
2830    2831  2830    2831
2831    2832  2831    2832
2832    2833  2832    2833
2833    2834  2833    2834
2834    2835  2834    2835
2835    2836  2835    2836
2836    2837  2836    2837
2837    2838  2837    2838
2838    2839  2838    2839
2839    2840  2839    2840
2840    2840  2841    2841
2841    2841  2842    2842
2842    2842  2843    2843
2843    2843  2844    2844
2844    2844  2845    2845
2845    2845  2846    2846
2846    2846  2847    2847
2847    2847  2848    2848
2848    2849  2848    2849
2849    2850  2849    2850
2850    2851  2850    2851
2851    2852  2851    2852
2852    2853  2852    2853
2853    2854  2853    2854
2854    2855  2854    2855
2855    2856  2855    2856
2856    2857  2856    2857
2857    2858  2857    2858
2858    2859  2858    2859
2859    2860  2859    2860
2860    2861  2860    2861
2861    2862  2861    2862
2862    2863  2862    2863
2863    2863  2864    2864
2864    2864  2865    2865
2865    2866  2865    2866
2866    2866  2867    2867
2867    2867  2868    2868
2868    2869  2868    2869
2869    2870  2869    2870
2870    2870  2871    2871
2871    2871  2872    2872
2872    2873  2872    2873
2873    2874  2873    2874
2874    2875  2874    2875
2875    2876  2875    2876
2876    2877  2876    2877
2877    2877  2878    2878
2878    2878  2879    2879
2879    2879  2880    2880
2880    2880  2881    2881
2881    2881  2882    2882
2882    2882  2883    2883
2883    2883  2884    2884
2884    2884  2885    2885
2885    2885  2886    2886
2886    2886  2887    2887
2887    2888  2887    2888
2888    2888  2889    2889
2889    2889  2890    2890
2890    2891  2890    2891
2891    2891  2892    2892
2892    2892  2893    2893
2893    2893  2894    2894
2894    2894  2895    2895
2895    2895  2896    2896
2896    2896  2897    2897
2897    2897  2898    2898
2898    2898  2899    2899
2899    2899  2900    2900
2900    2901  2900    2901
2901    2902  2901    2902
2902    2903  2902    2903
2903    2903  2904    2904
2904    2904  2905    2905
2905    2905  2906    2906
2906    2906  2907    2907
2907    2907  2908    2908
2908    2908  2909    2909
2909    2909  2910    2910
2910    2910  2911    2911
2911    2911  2912    2912
2912    2912  2913    2913
2913    2913  2914    2914
2914    2914  2915    2915
2915    2915  2916    2916
2916    2916  2917    2917
2917    2917  2918    2918
2918    2918  2919    2919
2919    2919  2920    2920
2920    2920  2921    2921
2921    2922  2921    2922
2922    2922  2923    2923
2923    2924  2923    2924
2924    2924  2925    2925
2925    2926  2925    2926
2926    2926  2927    2927
2927    2927  2928    2928
2928    2928  2929    2929
2929    2930  2929    2930
2930    2930  2931    2931
2931    2932  2931    2932
2932    2932  2933    2933
2933    2933  2934    2934
2934    2934  2935    2935
2935    2935  2936    2936
2936    2936  2937    2937
2937    2937  2938    2938
2938    2938  2939    2939
2939    2939  2940    2940
2940    2940  2941    2941
2941    2942  2941    2942
2942    2942  2943    2943
2943    2943  2944    2944
2944    2944  2945    2945
2945    2945  2946    2946
2946    2946  2947    2947
2947    2948  2947    2948
2948    2948  2949    2949
2949    2949  2950    2950
2950    2950  2951    2951
2951    2951  2952    2952
2952    2952  2953    2953
2953    2954  2953    2954
2954    2954  2955    2955
2955    2956  2955    2956
2956    2956  2957    2957
2957    2958  2957    2958
2958    2959  2958    2959
2959    2960  2959    2960
2960    2961  2960    2961
2961    2962  2961    2962
2962    2963  2962    2963
2963    2964  2963    2964
2964    2965  2964    2965
2965    2966  2965    2966
2966    2967  2966    2967
2967    2968  2967    2968
2968    2969  2968    2969
2969    2970  2969    2970
2970    2971  2970    2971
2971    2972  2971    2972
2972    2973  2972    2973
2973    2974  2973    2974
2974    2975  2974    2975
2975    2976  2975    2976
2976    2977  2976    2977
2977    2978  2977    2978
2978    2979  2978    2979
2979    2980  2979    2980
2980    2981  2980    2981
2981    2982  2981    2982
2982    2983  2982    2983
2983    2984  2983    2984
2984    2985  2984    2985
2985    2986  2985    2986
2986    2987  2986    2987
2987    2988  2987    2988
2988    2988  2989    2989
2989    2990  2989    2990
2990    2991  2990    2991
2991    2992  2991    2992
2992    2993  2992    2993
2993    2994  2993    2994
2994    2995  2994    2995
2995    2996  2995    2996
2996    2997  2996    2997
2997    2998  2997    2998
2998    2999  2998    2999
2999    3000  2999    3000
3000    3001  3000    3001
3001    3002  3001    3002
3002    3003  3002    3003
3003    3004  3003    3004
3004    3005  3004    3005
3005    3006  3005    3006
3006    3007  3006    3007
3007    3008  3007    3008
3008    3009  3008    3009
3009    3010  3009    3010
3010    3011  3010    3011
3011    3012  3011    3012
3012    3013  3012    3013
3013    3014  3013    3014
3014    3015  3014    3015
3015    3016  3015    3016
3016    3017  3016    3017
3017    3018  3017    3018
3018    3019  3018    3019
3019    3020  3019    3020
3020    3021  3020    3021
3021    3022  3021    3022
3022    3023  3022    3023
3023    3024  3023    3024
3024    3025  3024    3025
3025    3026  3025    3026
3026    3027  3026    3027
3027    3028  3027    3028
3028    3028  3029    3029
3029    3030  3029    3030
3030    3031  3030    3031
3031    3031  3032    3032
3032    3032  3033    3033
3033    3033  3034    3034
3034    3034  3035    3035
3035    3036  3035    3036
3036    3037  3036    3037
3037    3038  3037    3038
3038    3039  3038    3039
3039    3040  3039    3040
3040    3041  3040    3041
3041    3041  3042    3042
3042    3042  3043    3043
3043    3044  3043    3044
3044    3045  3044    3045
3045    3045  3046    3046
3046    3046  3047    3047
3047    3047  3048    3048
3048    3048  3049    3049
3049    3049  3050    3050
3050    3050  3051    3051
3051    3052  3051    3052
3052    3052  3053    3053
3053    3054  3053    3054
3054    3055  3054    3055
3055    3055  3056    3056
3056    3056  3057    3057
3057    3057  3058    3058
3058    3058  3059    3059
3059    3059  3060    3060
3060    3060  3061    3061
3061    3062  3061    3062
3062    3063  3062    3063
3063    3063  3064    3064
3064    3065  3064    3065
3065    3066  3065    3066
3066    3066  3067    3067
3067    3067  3068    3068
3068    3068  3069    3069
3069    3070  3069    3070
3070    3071  3070    3071
3071    3071  3072    3072
3072    3072  3073    3073
3073    3073  3074    3074
3074    3075  3074    3075
3075    3075  3076    3076
3076    3076  3077    3077
3077    3077  3078    3078
3078    3078  3079    3079
3079    3079  3080    3080
3080    3080  3081    3081
3081    3081  3082    3082
3082    3082  3083    3083
3083    3084  3083    3084
3084    3084  3085    3085
3085    3085  3086    3086
3086    3086  3087    3087
3087    3088  3087    3088
3088    3089  3088    3089
3089    3089  3090    3090
3090    3090  3091    3091
3091    3092  3091    3092
3092    3092  3093    3093
3093    3093  3094    3094
3094    3094  3095    3095
3095    3095  3096    3096
3096    3097  3096    3097
3097    3097  3098    3098
3098    3098  3099    3099
3099    3099  3100    3100
3100    3100  3101    3101
3101    3101  3102    3102
3102    3102  3103    3103
3103    3104  3103    3104
3104    3105  3104    3105
3105    3106  3105    3106
3106    3106  3107    3107
3107    3108  3107    3108
3108    3109  3108    3109
3109    3110  3109    3110
3110    3110  3111    3111
3111    3112  3111    3112
3112    3112  3113    3113
3113    3113  3114    3114
3114    3114  3115    3115
3115    3116  3115    3116
3116    3117  3116    3117
3117    3117  3118    3118
3118    3118  3119    3119
3119    3120  3119    3120
3120    3120  3121    3121
3121    3122  3121    3122
3122    3122  3123    3123
3123    3124  3123    3124
3124    3124  3125    3125
3125    3125  3126    3126
3126    3126  3127    3127
3127    3127  3128    3128
3128    3129  3128    3129
3129    3130  3129    3130
3130    3131  3130    3131
3131    3131  3132    3132
3132    3132  3133    3133
3133    3133  3134    3134
3134    3134  3135    3135
3135    3136  3135    3136
3136    3137  3136    3137
3137    3137  3138    3138
3138    3138  3139    3139
3139    3139  3140    3140
3140    3140  3141    3141
3141    3141  3142    3142
3142    3142  3143    3143
3143    3143  3144    3144
3144    3144  3145    3145
3145    3145  3146    3146
3146    3146  3147    3147
3147    3148  3147    3148
3148    3149  3148    3149
3149    3149  3150    3150
3150    3150  3151    3151
3151    3151  3152    3152
3152    3152  3153    3153
3153    3153  3154    3154
3154    3155  3154    3155
3155    3155  3156    3156
3156    3157  3156    3157
3157    3157  3158    3158
3158    3158  3159    3159
3159    3159  3160    3160
3160    3160  3161    3161
3161    3161  3162    3162
3162    3162  3163    3163
3163    3164  3163    3164
3164    3164  3165    3165
3165    3165  3166    3166
3166    3166  3167    3167
3167    3167  3168    3168
3168    3168  3169    3169
3169    3170  3169    3170
3170    3170  3171    3171
3171    3171  3172    3172
3172    3172  3173    3173
3173    3173  3174    3174
3174    3174  3175    3175
3175    3175  3176    3176
3176       0  3176    3177
3177    7507  6914    3178
3178    7582  3178    3179
3179    24661  3179    3180
3180    24664  3180    3181
3181    3181  6953    3182
3182    3182  3177    3183
3183    7182  3184    3184
3184    3184  7413    3185
3185    3185  9558    3186
3186    3186  3187    3187
3187    24720  3187    3188
3188    15050  3188    3189
3189    7602  3189    3190
3190    25339  3190    3191
3191    3191  24671    3192
3192    3192  3193    3193
3193    9105  3194    3194
3194    26563  3194    3195
3195    3195  24676    3196
3196    3196  25331    3197
3197    25336  3197    3198
3198    3198  24626    3199
3199    24652  3199    3200
3200    3200  25322    3201
3201    25323  3201    3202
3202    3202  25316    3203
3203    3203  25315    3204
3204    24641  3204    3205
3205    24638  3205    3206
3206    3206  24633    3207
3207    3207  24625    3208
3208    9318  3208    3209
3209    3209  11820    3210
3210    3210  24800    3211
3211    3211  24794    3212
3212    24799  3212    3213
3213    3214  3213    3214
3214    24081  3214    3215
3215    3215  12313    3216
3216    3216  9102    3217
3217    6519  3218    3218
3218    6520  3208    3219
3219    23040  3219    3220
3220    24965  3220    3221
3221    3221  26185    3222
3222    25823  3222    3223
3223    3223  25253    3224
3224    3224  25247    3225
3225    25250  3225    3226
3226    3226  25693    3227
3227    3227  25269    3228
3228    25699  3228    3229
3229    25614  3229    3230
3230    3230  25606    3231
3231    25589  3231    3232
3232    3232  25588    3233
3233    3233  24958    3234
3234    3219  3234    3235
3235    23037  3235    3236
3236    3236  24949    3237
3237    3237  26183    3238
3238    25817  3238    3239
3239    25298  3239    3240
3240    3240  25295    3241
3241    3242  24636    3242
3242    3242  25707    3243
3243    3243  25308    3244
3244    3244  25709    3245
3245    3245  25584    3246
3246    25576  3246    3247
3247    3247  25565    3248
3248    3248  25564    3249
3249    3249  24942    3250
3250    3235  3250    3251
3251    24604  3251    3252
3252    25276  3252    3253
3253    25275  3253    3254
3254    3254  25283    3255
3255    3255  25843    3256
3256    25942  3256    3257
3257    3257  25937    3258
3258    25932  3258    3259
3259    25931  3259    3260
3260    25924  3260    3261
3261    25920  3261    3262
3262    25903  3262    3263
3263    25892  3263    3264
3264    3264  25891    3265
3265    24612  3265    3266
3266    3266  24603    3267
3267    23031  3267    3268
3268    24908  3268    3269
3269    24903  3269    3270
3270    25550  3270    3271
3271    25687  3271    3272
3272    25226  3272    3273
3273    3274  25682    3274
3274    25202  3274    3275
3275    25201  3275    3276
3276    3276  25195    3277
3277    3278  3277    3278
3278    3278  25196    3279
3279    25221  3279    3280
3280    25240  3280    3281
3281    25690  3281    3282
3282    24895  3282    3283
3283    3267  3283    3284
3284    3284  25963    3285
3285    3285  25493    3286
3286    25497  3286    3287
3287    25506  3287    3288
3288    3288  25873    3289
3289    3289  25780    3290
3290    25779  3290    3291
3291    25767  3291    3292
3292    25768  3292    3293
3293    25766  3293    3294
3294    25756  3294    3295
3295    3295  25500    3296
3296    25487  3296    3297
3297    25478  3297    3298
3298    3299  3298    3299
3299    9104  3300    3300
3300    3284  3300    3301
3301    3301  23034    3302
3302    3303  24922    3303
3303    3303  24925    3304
3304    24926  3304    3305
3305    3305  25808    3306
3306    3306  25193    3307
3307    24583  3307    3308
3308    3308  24746    3309
3309    9721  3309    3310
3310    3311  6521    3311
3311    6695  3312    3312
3312    3313  3312    3313
3313    10212  3313    3314
3314    23700  3314    3315
3315    3315  24568    3316
3316    3316  25561    3317
3317    3317  24915    3318
3318    3318  3301    3319
3319    23604  3319    3320
3320    3320  24983    3321
3321    26187  3321    3322
3322    3322  25853    3323
3323    25730  3323    3324
3324    3324  25430    3325
3325    3325  25424    3326
3326    25427  3326    3327
3327    25745  3327    3328
3328    26285  3328    3329
3329    3329  25740    3330
3330    3330  25869    3331
3331    3331  25863    3332
3332    3332  25624    3333
3333    24996  3333    3334
3334    26189  3334    3335
3335    3335  25622    3336
3336    3336  24976    3337
3337    3337  3319    3338
3338    9980  3338    3339
3339    3339  24712    3340
3340    3340  25418    3341
3341    3341  25406    3342
3342    25405  3342    3343
3343    25719  3343    3344
3344    25361  3344    3345
3345    3345  25353    3346
3346    25356  3346    3347
3347    26280  3347    3348
3348    26279  3348    3349
3349    25378  3349    3350
3350    25383  3350    3351
3351    3351  25391    3352
3352    26126  3352    3353
3353    24708  3353    3354
3354    24701  3354    3355
3355    25451  3355    3356
3356    24698  3356    3357
3357    24689  3357    3358
3358    3338  3358    3359
3359    3359  28526    3360
3360    3360  28510    3361
3361    28512  3361    3362
3362    28520  3362    3363
3363    28353  3363    3364
3364    28349  3364    3365
3365    28345  3365    3366
3366    28326  3366    3367
3367    3367  3368    3368
3368    3368  27820    3369
3369    24748  3369    3370
3370    3371  12011    3371
3371    3371  3372    3372
3372    9959  3373    3373
3373    10363  3374    3374
3374    3375  3374    3375
3375    3375  26677    3376
3376    3359  26982    3377
3377    3377  28157    3378
3378    3378  28105    3379
3379    28117  3379    3380
3380    28116  3380    3381
3381    3381  28172    3382
3382    28461  3382    3383
3383    3383  27731    3384
3384    27734  3384    3385
3385    27735  3385    3386
3386    3386  27545    3387
3387    3388  3387    3388
3388    27092  3388    3389
3389    3390  27973    3390
3390    27972  27091    3391
3391    29159  27984    3392
3392    28484  3392    3393
3393    3394  28031    3394
3394    28025  3394    3395
3395    3396  9977    3396
3396    3397  26931    3397
3397    3397  3398    3398
3398    3399  3398    3399
3399    27423  3399    3400
3400    27626  3400    3401
3401    3401  28283    3402
3402    28535  3402    3403
3403    3403  28910    3404
3404    28848  3404    3405
3405    3405  28712    3406
3406    28916  3406    3407
3407    3407  28865    3408
3408    3408  28875    3409
3409    3409  28966    3410
3410    3410  29233    3411
3411    29225  3411    3412
3412    3412  28962    3413
3413    3413  28983    3414
3414    3414  28927    3415
3415    28779  28941    3416
3416    28778  28761    3417
3417    28773  3417    3418
3418    3418  28737    3419
3419    3419  28814    3420
3420    3420  19873    3421
3421    3421  19834    3422
3422    19796  3422    3423
3423    19758  3423    3424
3424    19722  3424    3425
3425    3425  19683    3426
3426    19643  3426    3427
3427    19597  19580    3428
3428    19586  19545    3429
3429    17415  17398    3430
3430    12362  12385    3431
3431    3431  12374    3432
3432    3432  12329    3433
3433    10527  3433    3434
3434    9953  9955    3435
3435    3435  9956    3436
3436    3436  10361    3437
3437    10535  3437    3438
3438    12338  3438    3439
3439    12361  15337    3440
3440    17428  17401    3441
3441    17441  3441    3442
3442    19551  3442    3443
3443    19613  3443    3444
3444    19645  3444    3445
3445    3445  19685    3446
3446    19724  3446    3447
3447    3447  19760    3448
3448    3448  19798    3449
3449    3449  19836    3450
3450    3450  19867    3451
3451    3451  11908    3452
3452    11940  3452    3453
3453    11967  3453    3454
3454    14844  3454    3455
3455    15641  6552    3456
3456    15625  3456    3457
3457    3457  10865    3458
3458    3458  13070    3459
3459    3459  22302    3460
3460    3460  22269    3461
3461    3461  22219    3462
3462    3462  22191    3463
3463    22124  22137    3464
3464    3464  22120    3465
3465    3465  22093    3466
3466    3466  22062    3467
3467    21713  3467    3468
3468    3468  21682    3469
3469    21415  21410    3470
3470    3470  21413    3471
3471    3471  21287    3472
3472    3472  21252    3473
3473    21210  21192    3474
3474    21184  3474    3475
3475    21145  3475    3476
3476    21108  3476    3477
3477    21071  3477    3478
3478    21033  3478    3479
3479    6569  20983    3480
3480    20513  3480    3481
3481    20209  3481    3482
3482    19887  20156    3483
3483    20347  20327    3484
3484    20364  3484    3485
3485    20395  6570    3486
3486    20434  3486    3487
3487    3487  20470    3488
3488    20551  3488    3489
3489    20811  3489    3490
3490    3490  20853    3491
3491    20927  3491    3492
3492    3492  20967    3493
3493    3493  21561    3494
3494    21819  3494    3495
3495    21858  3495    3496
3496    21882  3496    3497
3497    21918  3497    3498
3498    3498  21956    3499
3499    3499  21997    3500
3500    3500  22038    3501
3501    3501  22510    3502
3502    22533  3502    3503
3503    22631  3503    3504
3504    22677  3504    3505
3505    3505  22712    3506
3506    22758  3506    3507
3507    22764  22785    3508
3508    22830  3508    3509
3509    3509  22858    3510
3510    22889  3510    3511
3511    3511  22950    3512
3512    22981  3512    3513
3513    23009  23017    3514
3514    23548  3515    3515
3515    23543  3515    3516
3516    23485  3516    3517
3517    3517  23448    3518
3518    23398  3518    3519
3519    23354  3519    3520
3520    3520  23335    3521
3521    3521  23304    3522
3522    3522  23266    3523
3523    23242  3523    3524
3524    23118  23130    3525
3525    23085  3525    3526
3526    23167  23061    3527
3527    3527  23174    3528
3528    23212  24267    3529
3529    24247  24239    3530
3530    3530  24214    3531
3531    24184  3531    3532
3532    22596  3532    3533
3533    3533  22479    3534
3534    3534  22454    3535
3535    22417  22406    3536
3536    3537  22351    3537
3537    21813  22310    3538
3538    3538  21791    3539
3539    3539  21766    3540
3540    21523  21598    3541
3541    3541  21510    3542
3542    3542  21346    3543
3543    6603  20591    3544
3544    3544  20527    3545
3545    20025  3545    3546
3546    19195  19180    3547
3547    3547  19172    3548
3548    19147  3548    3549
3549    15300  15293    3550
3550    3550  15276    3551
3551    3552  15193    3552
3552    15187  3552    3553
3553    15113  15151    3554
3554    3554  15106    3555
3555    3555  10293    3556
3556    9932  3556    3557
3557    3557  9929    3558
3558    9874  9931    3559
3559    10491  10298    3560
3560    15315  3560    3561
3561    3561  17340    3562
3562    19208  17356    3563
3563    19213  3563    3564
3564    3564  19248    3565
3565    3565  19280    3566
3566    19295  19304    3567
3567    19345  3567    3568
3568    19342  3568    3569
3569    19356  3569    3570
3570    3570  19403    3571
3571    19432  3571    3572
3572    3572  19463    3573
3573    3573  19490    3574
3574    3574  19526    3575
3575    20293  3575    3576
3576    20312  3576    3577
3577    20670  20631    3578
3578    3578  20697    3579
3579    20742  3579    3580
3580    3580  20777    3581
3581    20898  3581    3582
3582    3582  20893    3583
3583    3583  20781    3584
3584    20747  20721    3585
3585    20710  3585    3586
3586    20664  3586    3587
3587    20627  3587    3588
3588    20309  3588    3589
3589    3590  19529    3590
3590    19532  19498    3591
3591    3591  19487    3592
3592    3592  19447    3593
3593    19404  19400    3594
3594    3594  19395    3595
3595    19354  3595    3596
3596    3596  19329    3597
3597    3597  19300    3598
3598    19265  19276    3599
3599    18703  19238    3600
3600    3600  18702    3601
3601    3601  17362    3602
3602    3603  17320    3603
3603    12323  10509    3604
3604    10347  6626    3605
3605    10329  3605    3606
3606    3606  10314    3607
3607    6706  9917    3608
3608    6628  10476    3609
3609    12320  3609    3610
3610    3610  15148    3611
3611    3611  15182    3612
3612    3612  15210    3613
3613    3613  15241    3614
3614    15305  15261    3615
3615    3615  19131    3616
3616    19174  3616    3617
3617    3617  19990    3618
3618    3618  20022    3619
3619    3619  20262    3620
3620    3620  20604    3621
3621    21473  3621    3622
3622    21486  3622    3623
3623    3623  21518    3624
3624    3624  21654    3625
3625    3625  21780    3626
3626    3626  22311    3627
3627    22352  3627    3628
3628    22398  3628    3629
3629    3629  22437    3630
3630    22470  22475    3631
3631    22593  3631    3632
3632    24175  3632    3633
3633    6643  24208    3634
3634    24252  3634    3635
3635    24275  3635    3636
3636    23191  3636    3637
3637    23152  3637    3638
3638    23066  3638    3639
3639    23110  3639    3640
3640    23231  23144    3641
3641    23294  23257    3642
3642    23299  3642    3643
3643    3643  23323    3644
3644    23352  3644    3645
3645    3645  23400    3646
3646    23441  3646    3647
3647    23477  3647    3648
3648    23525  3648    3649
3649    23555  3649    3650
3650    23597  3650    3651
3651    23003  22995    3652
3652    22958  22944    3653
3653    3654  22887    3654
3654    3654  22880    3655
3655    3655  22842    3656
3656    22778  3656    3657
3657    22737  22729    3658
3658    3658  22722    3659
3659    3660  22673    3660
3660    22644  22801    3661
3661    22524  22534    3662
3662    22322  22501    3663
3663    22033  6658    3664
3664    22018  3664    3665
3665    21937  21963    3666
3666    21948  3666    3667
3667    21894  3667    3668
3668    3669  21838    3669
3669    21615  21827    3670
3670    21604  3670    3671
3671    21537  3671    3672
3672    20930  20933    3673
3673    20911  3673    3674
3674    20567  3675    3675
3675    20478  3676    3676
3676    20472  3676    3677
3677    3677  20444    3678
3678    20409  3678    3679
3679    20369  20340    3680
3680    3680  20334    3681
3681    20160  3681    3682
3682    3682  20188    3683
3683    20518  3683    3684
3684    20990  20874    3685
3685    21008  3685    3686
3686    21089  3686    3687
3687    3687  21126    3688
3688    21166  3688    3689
3689    3689  21168    3690
3690    3690  21200    3691
3691    21218  21271    3692
3692    21291  3692    3693
3693    21422  21398    3694
3694    21435  3694    3695
3695    3695  21623    3696
3696    21727  3697    3697
3697    21753  22084    3698
3698    22116  3698    3699
3699    3699  22131    3700
3700    22156  3700    3701
3701    22197  3701    3702
3702    22238  3702    3703
3703    22272  3703    3704
3704    22297  3704    3705
3705    3706  10874    3706
3706    3706  10867    3707
3707    12734  3707    3708
3708    14867  15671    3709
3709    14857  3709    3710
3710    3710  11991    3711
3711    3711  11939    3712
3712    6687  11919    3713
3713    3451  3713    3714
3714    7230  3714    3715
3715    3716  3715    3716
3716    3717  10585    3717
3717    3718  3717    3718
3718    3718  3719    3719
3719    3720  3719    3720
3720    3721  3720    3721
3721    3722  3721    3722
3722    3722  3723    3723
3723    3723  3724    3724
3724    3724  3725    3725
3725    3726  3725    3726
3726    3726  3727    3727
3727    3727  3728    3728
3728    3728  3729    3729
3729    3730  3729    3730
3730    3731  3730    3731
3731    3732  3731    3732
3732    3732  3733    3733
3733    3733  3734    3734
3734    3734  3735    3735
3735    3735  3736    3736
3736    3737  3736    3737
3737    3737  3738    3738
3738    3738  3739    3739
3739    3739  3740    3740
3740    3741  3740    3741
3741    3741  3742    3742
3742    3742  3743    3743
3743    3743  3744    3744
3744    3745  3744    3745
3745    3745  3746    3746
3746    3746  3747    3747
3747    3748  3747    3748
3748    3749  3748    3749
3749    3749  3750    3750
3750    3750  3751    3751
3751    3751  3752    3752
3752    3752  3753    3753
3753    3753  3754    3754
3754    3754  3755    3755
3755    7717  3756    3756
3756    3757  3756    3757
3757    3758  3757    3758
3758    7496  3758    3759
3759    3760  3759    3760
3760    3761  3760    3761
3761    3761  3762    3762
3762    3762  3763    3763
3763    3763  3764    3764
3764    3764  3765    3765
3765    3766  3765    3766
3766    3766  3767    3767
3767    3767  3768    3768
3768    3769  3768    3769
3769    3770  3769    3770
3770    3771  3770    3771
3771    3772  3771    3772
3772    3773  3772    3773
3773    3774  3773    3774
3774    3775  3774    3775
3775    3776  3775    3776
3776    3776  3777    3777
3777    3777  3778    3778
3778    3778  3779    3779
3779    3779  3780    3780
3780    3780  3781    3781
3781    3782  3781    3782
3782    3783  3782    3783
3783    3784  3783    3784
3784    3784  3785    3785
3785    3786  3785    3786
3786    3787  3786    3787
3787    3787  3788    3788
3788    3788  3789    3789
3789    3789  3790    3790
3790    3791  3790    3791
3791    3791  3792    3792
3792    3792  3793    3793
3793    3794  3793    3794
3794    3795  3794    3795
3795    3795  9746    3796
3796    3796  3797    3797
3797    23729  3798    3798
3798    3799  3798    3799
3799    17844  3800    3800
3800    3800  3801    3801
3801    3802  9750    3802
3802    3803  3802    3803
3803    3804  7677    3804
3804    3804  3805    3805
3805    7678  3806    3806
3806    9184  3806    3807
3807    3808  3807    3808
3808    3809  3808    3809
3809    3809  3810    3810
3810    3811  3810    3811
3811    3812  3811    3812
3812    3813  3812    3813
3813    3813  3814    3814
3814    3815  3814    3815
3815    3816  3815    3816
3816    3817  3816    3817
3817    3817  3818    3818
3818    3819  3818    3819
3819    7209  3820    3820
3820    3821  3820    3821
3821    7173  3822    3822
3822    3823  3822    3823
3823    3824  3823    3824
3824    3824  3825    3825
3825    3825  3826    3826
3826    3826  3827    3827
3827    3828  3827    3828
3828    3829  3828    3829
3829    3829  3830    3830
3830    3830  3831    3831
3831    3832  3831    3832
3832    3833  3832    3833
3833    3834  3833    3834
3834    3835  3834    3835
3835    3835  3836    3836
3836    3836  3837    3837
3837    3838  3837    3838
3838    7828  3839    3839
3839    3839  3840    3840
3840    7669  3841    3841
3841    3841  3842    3842
3842    11604  3843    3843
3843    3843  3844    3844
3844    3844  3845    3845
3845    3845  3846    3846
3846    3847  3846    3847
3847    3848  3847    3848
3848    3848  3849    3849
3849    3849  3850    3850
3850    3850  3851    3851
3851    3851  3852    3852
3852    3853  3852    3853
3853    3854  3853    3854
3854    3855  3854    3855
3855    3855  3856    3856
3856    3856  3857    3857
3857    3858  3857    3858
3858    3859  3858    3859
3859    3860  3859    3860
3860    3861  3860    3861
3861    3861  3862    3862
3862    3863  3862    3863
3863    3863  3864    3864
3864    3864  3865    3865
3865    3866  3865    3866
3866    3867  3866    3867
3867    3867  3868    3868
3868    3868  3869    3869
3869    3869  3870    3870
3870    3870  3871    3871
3871    3871  3872    3872
3872    3873  3872    3873
3873    3873  3874    3874
3874    3874  3875    3875
3875    3875  3876    3876
3876    3876  3877    3877
3877    3877  3878    3878
3878    3879  3878    3879
3879    3880  3879    3880
3880    3880  3881    3881
3881    3882  3881    3882
3882    3883  10187    3883
3883    3884  3883    3884
3884    3885  3884    3885
3885    3885  3886    3886
3886    3886  3887    3887
3887    3887  3888    3888
3888    3888  3889    3889
3889    3889  3890    3890
3890    3891  3890    3891
3891    3892  3891    3892
3892    3892  3893    3893
3893    3893  3894    3894
3894    3895  7298    3895
3895    3895  3896    3896
3896    7269  3897    3897
3897    3897  3898    3898
3898    10021  3899    3899
3899    3899  3900    3900
3900    3900  3901    3901
3901    3902  3901    3902
3902    3902  3903    3903
3903    3903  3904    3904
3904    3905  3904    3905
3905    3906  3905    3906
3906    3907  3906    3907
3907    3907  3908    3908
3908    3908  3909    3909
3909    3909  3910    3910
3910    3910  3911    3911
3911    8704  3912    3912
3912    3912  3913    3913
3913    3913  3914    3914
3914    3914  3915    3915
3915    8705  3916    3916
3916    3916  3917    3917
3917    3917  3918    3918
3918    3918  3919    3919
3919    3920  3919    3920
3920    3921  3920    3921
3921    3922  3921    3922
3922    3922  3923    3923
3923    3923  3924    3924
3924    3925  8452    3925
3925    3926  3925    3926
3926    3927  3926    3927
3927    3927  8608    3928
3928    3928  3929    3929
3929    3929  3930    3930
3930    3931  3930    3931
3931    3932  3931    3932
3932    3932  3933    3933
3933    3933  3934    3934
3934    3934  3935    3935
3935    3935  3936    3936
3936    3936  3937    3937
3937    3938  10037    3938
3938    3939  3938    3939
3939    8062  3940    3940
3940    3940  3941    3941
3941    8063  3942    3942
3942    3942  3943    3943
3943    3943  3944    3944
3944    3944  3945    3945
3945    3945  3946    3946
3946    3946  3947    3947
3947    3947  3948    3948
3948    3948  3949    3949
3949    3949  3950    3950
3950    3950  3951    3951
3951    3951  3952    3952
3952    3952  3953    3953
3953    3953  3954    3954
3954    3955  3954    3955
3955    3955  3956    3956
3956    3956  3957    3957
3957    3957  3958    3958
3958    3959  3958    3959
3959    3959  3960    3960
3960    3960  3961    3961
3961    3961  3962    3962
3962    8877  3963    3963
3963    3964  3963    3964
3964    3965  3964    3965
3965    3965  3966    3966
3966    3966  3967    3967
3967    3967  3968    3968
3968    3968  3969    3969
3969    3969  3970    3970
3970    9221  3971    3971
3971    3971  3972    3972
3972    3973  3972    3973
3973    3973  8550    3974
3974    3974  3975    3975
3975    10416  3976    3976
3976    3976  3977    3977
3977    17886  3978    3978
3978    3979  3978    3979
3979    3980  3979    3980
3980    3981  8557    3981
3981    3981  3982    3982
3982    3982  6981    3983
3983    3984  3983    3984
3984    7000  3984    3985
3985    3986  3985    3986
3986    3986  3987    3987
3987    3987  3988    3988
3988    3988  3989    3989
3989    3990  3989    3990
3990    3991  3990    3991
3991    3991  3992    3992
3992    3993  3992    3993
3993    3994  3993    3994
3994    3995  3994    3995
3995    3996  3995    3996
3996    3996  3997    3997
3997    3998  3997    3998
3998    3999  3998    3999
3999    4000  3999    4000
4000    4001  4000    4001
4001    4001  4002    4002
4002    4002  4003    4003
4003    4004  4003    4004
4004    4005  4004    4005
4005    4005  4006    4006
4006    4007  4006    4007
4007    4007  4008    4008
4008    4008  4009    4009
4009    4010  4009    4010
4010    4010  4011    4011
4011    4012  4011    4012
4012    4012  4013    4013
4013    4013  4014    4014
4014    26566  4014    4015
4015    4015  4016    4016
4016    4016  4017    4017
4017    4017  4018    4018
4018    4019  4018    4019
4019    4019  4020    4020
4020    4020  4021    4021
4021    7945  4022    4022
4022    4022  4023    4023
4023    4023  4024    4024
4024    4024  8161    4025
4025    4026  4025    4026
4026    4026  10625    4027
4027    4027  4028    4028
4028    4029  4028    4029
4029    4030  10954    4030
4030    4031  4030    4031
4031    10956  4032    4032
4032    4032  4033    4033
4033    4033  4034    4034
4034    10014  4034    4035
4035    4036  4035    4036
4036    4036  4037    4037
4037    4037  4038    4038
4038    4038  4039    4039
4039    4039  4040    4040
4040    4040  4041    4041
4041    4041  4042    4042
4042    7962  4042    4043
4043    4044  4043    4044
4044    4045  4044    4045
4045    4045  4046    4046
4046    4047  9131    4047
4047    4048  4047    4048
4048    4049  4048    4049
4049    4050  7740    4050
4050    8681  4051    4051
4051    4051  4052    4052
4052    4052  4053    4053
4053    4054  8162    4054
4054    4055  4054    4055
4055    4056  4055    4056
4056    4056  4057    4057
4057    4057  4058    4058
4058    4058  4059    4059
4059    4059  4060    4060
4060    4060  4061    4061
4061    9030  4062    4062
4062    4063  4062    4063
4063    4064  4063    4064
4064    4064  4065    4065
4065    8713  4066    4066
4066    4066  4067    4067
4067    4067  4068    4068
4068    4068  4069    4069
4069    4069  4070    4070
4070    4070  4071    4071
4071    4071  4072    4072
4072    4073  4072    4073
4073    4073  4074    4074
4074    4075  4074    4075
4075    4075  4076    4076
4076    8744  4077    4077
4077    4077  4078    4078
4078    4079  7237    4079
4079    4079  4080    4080
4080    7168  4081    4081
4081    4081  4082    4082
4082    4082  4083    4083
4083    4083  4084    4084
4084    4084  4085    4085
4085    8469  4085    4086
4086    4087  4086    4087
4087    4088  4087    4088
4088    4088  4089    4089
4089    4090  4089    4090
4090    4091  4090    4091
4091    4092  4091    4092
4092    4092  4093    4093
4093    4093  4094    4094
4094    4094  4095    4095
4095    4095  4096    4096
4096    4096  4097    4097
4097    4097  4098    4098
4098    4098  4099    4099
4099    4100  4099    4100
4100    4101  4100    4101
4101    4101  4102    4102
4102    4102  4103    4103
4103    4104  4103    4104
4104    4104  4105    4105
4105    4105  4106    4106
4106    4106  4107    4107
4107    4107  4108    4108
4108    4108  4109    4109
4109    4109  4110    4110
4110    4111  4110    4111
4111    4112  4111    4112
4112    4113  4112    4113
4113    4113  4114    4114
4114    4114  4115    4115
4115    8065  4116    4116
4116    4116  4117    4117
4117    8066  4118    4118
4118    4118  4119    4119
4119    9523  4120    4120
4120    4120  4121    4121
4121    4122  4121    4122
4122    4123  4122    4123
4123    4123  18642    4124
4124    4125  4124    4125
4125    4125  4126    4126
4126    4126  4127    4127
4127    4127  4128    4128
4128    4128  4129    4129
4129    4130  4129    4130
4130    4131  4130    4131
4131    4131  4132    4132
4132    4133  4132    4133
4133    4134  4133    4134
4134    4135  4134    4135
4135    4136  4135    4136
4136    4136  4137    4137
4137    4137  4138    4138
4138    4138  4139    4139
4139    8064  4140    4140
4140    4140  4141    4141
4141    7834  4142    4142
4142    4142  4143    4143
4143    7671  4144    4144
4144    4144  4145    4145
4145    4145  4146    4146
4146    4146  4147    4147
4147    4147  8117    4148
4148    4148  4149    4149
4149    4149  4150    4150
4150    7147  4151    4151
4151    4151  4152    4152
4152    7108  4153    4153
4153    4153  4154    4154
4154    4154  4155    4155
4155    4156  4155    4156
4156    4157  4156    4157
4157    4157  4158    4158
4158    4158  4159    4159
4159    4159  4160    4160
4160    4160  4161    4161
4161    4161  4162    4162
4162    4162  4163    4163
4163    4164  9458    4164
4164    4164  4165    4165
4165    4165  4166    4166
4166    7739  4167    4167
4167    4167  4168    4168
4168    4168  4169    4169
4169    9128  4170    4170
4170    4170  4171    4171
4171    4171  4172    4172
4172    4172  4173    4173
4173    4173  4174    4174
4174    4174  4175    4175
4175    4175  4176    4176
4176    4177  4176    4177
4177    4177  4178    4178
4178    4178  4179    4179
4179    4179  4180    4180
4180    4180  4181    4181
4181    4181  4182    4182
4182    4182  4183    4183
4183    4183  4184    4184
4184    4185  7432    4185
4185    4186  4185    4186
4186    7353  4187    4187
4187    4187  4188    4188
4188    4189  7700    4189
4189    7175  7212    4190
4190    4190  4191    4191
4191    7176  4191    4192
4192    4192  8079    4193
4193    4193  4194    4194
4194    4195  4194    4195
4195    6831  4196    4196
4196    4196  4197    4197
4197    4197  6818    4198
4198    9190  4199    4199
4199    4199  4200    4200
4200    10238  4201    4201
4201    4201  4202    4202
4202    4202  4203    4203
4203    4203  4204    4204
4204    4204  4205    4205
4205    4205  4206    4206
4206    4206  4207    4207
4207    4207  4208    4208
4208    4208  4209    4209
4209    4209  4210    4210
4210    4210  4211    4211
4211    4211  4212    4212
4212    4212  4213    4213
4213    4213  4214    4214
4214    4215  4214    4215
4215    9174  4216    4216
4216    4216  4217    4217
4217    4217  4218    4218
4218    4218  4219    4219
4219    4219  4220    4220
4220    4220  4221    4221
4221    4221  4222    4222
4222    4222  8574    4223
4223    4224  4223    4224
4224    4224  8573    4225
4225    4225  14448    4226
4226    4226  4227    4227
4227    17907  4228    4228
4228    4228  4229    4229
4229    4229  11481    4230
4230    4230  4231    4231
4231    4231  4232    4232
4232    4232  4233    4233
4233    4233  4234    4234
4234    4234  4235    4235
4235    4235  4236    4236
4236    4236  4237    4237
4237    4237  4238    4238
4238    10943  4239    4239
4239    4240  4239    4240
4240    4240  4241    4241
4241    4241  4242    4242
4242    4242  9707    4243
4243    4243  4244    4244
4244    8402  4245    4245
4245    4246  4245    4246
4246    4247  4246    4247
4247    4247  4248    4248
4248    4248  4249    4249
4249    4249  4250    4250
4250    9395  4251    4251
4251    4251  4252    4252
4252    4253  4252    4253
4253    4253  9450    4254
4254    4254  4255    4255
4255    4255  4256    4256
4256    4257  4256    4257
4257    4257  4258    4258
4258    4258  4259    4259
4259    4259  4260    4260
4260    4260  9127    4261
4261    4262  4261    4262
4262    9124  4262    4263
4263    4264  4263    4264
4264    4265  4264    4265
4265    4265  4266    4266
4266    4266  4267    4267
4267    4267  4268    4268
4268    4268  4269    4269
4269    4270  4269    4270
4270    8552  4270    4271
4271    4272  4271    4272
4272    4273  4272    4273
4273    4273  4274    4274
4274    4274  4275    4275
4275    4275  4276    4276
4276    4277  4276    4277
4277    4277  4278    4278
4278    4278  4279    4279
4279    4279  4280    4280
4280    4280  4281    4281
4281    4281  4282    4282
4282    4282  4283    4283
4283    4283  4284    4284
4284    4285  4284    4285
4285    4285  4286    4286
4286    4286  4287    4287
4287    4288  4287    4288
4288    4289  4288    4289
4289    4290  4289    4290
4290    4291  4290    4291
4291    4291  4292    4292
4292    4293  4292    4293
4293    4293  9147    4294
4294    4294  4295    4295
4295    4296  4295    4296
4296    4297  4296    4297
4297    4298  4297    4298
4298    4299  4298    4299
4299    4299  4300    4300
4300    4301  4300    4301
4301    4302  4301    4302
4302    4303  4302    4303
4303    4304  4303    4304
4304    7270  4304    4305
4305    4306  4305    4306
4306    4306  7301    4307
4307    4308  4307    4308
4308    23783  4308    4309
4309    4310  4309    4310
4310    4311  4310    4311
4311    4312  4311    4312
4312    4312  4313    4313
4313    4314  4313    4314
4314    11564  4314    4315
4315    4316  4315    4316
4316    4316  4317    4317
4317    4318  4317    4318
4318    4319  4318    4319
4319    4320  4319    4320
4320    4321  4320    4321
4321    4322  4321    4322
4322    4322  4323    4323
4323    4324  4323    4324
4324    4324  4325    4325
4325    4325  4326    4326
4326    4327  4326    4327
4327    4328  4327    4328
4328    4329  4328    4329
4329    4330  4329    4330
4330    4331  4330    4331
4331    10136  9406    4332
4332    4332  4333    4333
4333    10992  4334    4334
4334    4334  4335    4335
4335    4336  23673    4336
4336    4337  4336    4337
4337    4337  8575    4338
4338    4339  4338    4339
4339    4340  4339    4340
4340    4341  9228    4341
4341    4342  4341    4342
4342    4343  4342    4343
4343    4344  4343    4344
4344    4345  4344    4345
4345    4346  4345    4346
4346    4347  4346    4347
4347    4348  4347    4348
4348    4349  4348    4349
4349    4350  4349    4350
4350    4351  4350    4351
4351    4351  4352    4352
4352    4352  4353    4353
4353    4353  4354    4354
4354    4355  4354    4355
4355    4356  4355    4356
4356    4357  4356    4357
4357    11512  4358    4358
4358    8554  4359    4359
4359    4360  4359    4360
4360    7418  4361    4361
4361    4362  4361    4362
4362    4363  7337    4363
4363    4363  4364    4364
4364    7680  4365    4365
4365    4365  4366    4366
4366    4367  4366    4367
4367    4368  4367    4368
4368    4369  4368    4369
4369    4370  4369    4370
4370    4371  4370    4371
4371    4372  4371    4372
4372    4373  4372    4373
4373    4374  4373    4374
4374    4375  4374    4375
4375    4375  4376    4376
4376    4376  4377    4377
4377    4377  4378    4378
4378    4378  4379    4379
4379    7303  4380    4380
4380    4381  4380    4381
4381    7272  4382    4382
4382    8213  4382    4383
4383    4384  4383    4384
4384    4384  4385    4385
4385    4385  4386    4386
4386    4387  9180    4387
4387    4388  4387    4388
4388    4389  4388    4389
4389    4390  4389    4390
4390    4391  9465    4391
4391    4392  4391    4392
4392    4393  4392    4393
4393    4394  4393    4394
4394    24780  4394    4395
4395    4396  4395    4396
4396    8499  4396    4397
4397    4397  4398    4398
4398    4398  4399    4399
4399    4399  4400    4400
4400    4400  7673    4401
4401    4401  4402    4402
4402    7923  7848    4403
4403    4403  4404    4404
4404    11803  4404    4405
4405    4405  4406    4406
4406    4406  4407    4407
4407    4407  4408    4408
4408    4408  4409    4409
4409    4410  4409    4410
4410    4411  4410    4411
4411    4412  4411    4412
4412    4413  9797    4413
4413    4414  4413    4414
4414    4414  4415    4415
4415    4416  4415    4416
4416    4417  4416    4417
4417    4417  4418    4418
4418    7356  4418    4419
4419    4420  4419    4420
4420    7355  4420    4421
4421    4422  4421    4422
4422    9119  4422    4423
4423    6726  4424    4424
4424    4425  4424    4425
4425    6711  4426    4426
4426    4426  4427    4427
4427    4428  9278    4428
4428    8617  4428    4429
4429    4429  4430    4430
4430    4430  4431    4431
4431    4432  8069    4432
4432    4432  4433    4433
4433    4434  8070    4434
4434    4435  4434    4435
4435    4436  4435    4436
4436    4437  4436    4437
4437    4438  4437    4438
4438    4438  4439    4439
4439    8470  4440    4440
4440    4441  9151    4441
4441    4442  4441    4442
4442    4442  4443    4443
4443    4443  4444    4444
4444    4445  7742    4445
4445    4445  4446    4446
4446    4446  4447    4447
4447    9133  4448    4448
4448    4449  4448    4449
4449    4450  4449    4450
4450    4451  4450    4451
4451    4452  4451    4452
4452    4453  4452    4453
4453    23615  4453    4454
4454    4455  4454    4455
4455    4456  4455    4456
4456    4456  4457    4457
4457    4458  4457    4458
4458    4459  8718    4459
4459    4459  4460    4460
4460    4460  4461    4461
4461    4461  4462    4462
4462    4462  4463    4463
4463    4463  4464    4464
4464    4465  4464    4465
4465    4465  4466    4466
4466    4467  4466    4467
4467    4468  4467    4468
4468    4468  4469    4469
4469    4469  4470    4470
4470    4470  4471    4471
4471    4472  4471    4472
4472    8502  4473    4473
4473    4473  4474    4474
4474    4474  4475    4475
4475    4475  4476    4476
4476    4477  4476    4477
4477    4477  4478    4478
4478    4478  4479    4479
4479    4480  4479    4480
4480    10034  4480    4481
4481    4481  4482    4482
4482    4482  10040    4483
4483    4483  4484    4484
4484    4484  9134    4485
4485    4485  4486    4486
4486    4486  4487    4487
4487    4488  7743    4488
4488    4489  8682    4489
4489    4490  4489    4490
4490    4491  4490    4491
4491    4492  4491    4492
4492    4492  4493    4493
4493    7887  4494    4494
4494    4495  4494    4495
4495    4496  4495    4496
4496    9137  4497    4497
4497    4497  4498    4498
4498    4498  4499    4499
4499    4499  4500    4500
4500    4500  4501    4501
4501    4501  4502    4502
4502    4503  4502    4503
4503    9496  4503    4504
4504    4505  4504    4505
4505    6765  4505    4506
4506    4507  6846    4507
4507    4508  4507    4508
4508    4508  4509    4509
4509    4510  4509    4510
4510    4511  4510    4511
4511    4511  4512    4512
4512    4513  4512    4513
4513    4514  4513    4514
4514    9154  4515    4515
4515    4515  4516    4516
4516    8725  4517    4517
4517    4517  4518    4518
4518    4518  4519    4519
4519    4519  4520    4520
4520    4521  4520    4521
4521    4521  4522    4522
4522    4522  4523    4523
4523    4523  4524    4524
4524    4524  4525    4525
4525    4526  4525    4526
4526    4527  4526    4527
4527    4528  9823    4528
4528    4529  4528    4529
4529    4529  4530    4530
4530    4531  4530    4531
4531    4532  4531    4532
4532    4533  4532    4533
4533    4533  4534    4534
4534    8176  4535    4535
4535    4536  4535    4536
4536    4536  4537    4537
4537    9477  4538    4538
4538    4538  4539    4539
4539    4539  4540    4540
4540    4540  4541    4541
4541    4542  4541    4542
4542    4542  4543    4543
4543    4543  4544    4544
4544    4544  4545    4545
4545    4546  4545    4546
4546    4547  4546    4547
4547    4548  4547    4548
4548    4549  4548    4549
4549    4550  4549    4550
4550    4551  4550    4551
4551    23617  4551    4552
4552    4553  4552    4553
4553    4554  4553    4554
4554    4555  13972    4555
4555    8555  4555    4556
4556    4557  4556    4557
4557    8556  4557    4558
4558    4558  4559    4559
4559    4560  4559    4560
4560    4561  4560    4561
4561    4562  4561    4562
4562    4563  4562    4563
4563    4564  4563    4564
4564    4565  4564    4565
4565    4566  4565    4566
4566    7105  4566    4567
4567    4568  4567    4568
4568    7141  4568    4569
4569    4569  4570    4570
4570    4570  4571    4571
4571    4571  4572    4572
4572    4572  4573    4573
4573    4574  4573    4574
4574    4574  4575    4575
4575    7934  4576    4576
4576    4576  4577    4577
4577    7682  4578    4578
4578    4578  4579    4579
4579    4579  4580    4580
4580    8424  4581    4581
4581    4581  4582    4582
4582    4582  4583    4583
4583    4583  4584    4584
4584    4585  4584    4585
4585    4585  4586    4586
4586    4586  4587    4587
4587    4588  4587    4588
4588    4588  4589    4589
4589    4589  4590    4590
4590    4590  4591    4591
4591    4591  4592    4592
4592    4592  4593    4593
4593    4593  4594    4594
4594    4594  4595    4595
4595    4595  4596    4596
4596    7436  4597    4597
4597    4597  4598    4598
4598    7360  4599    4599
4599    4599  4600    4600
4600    4600  4601    4601
4601    4601  4602    4602
4602    4602  4603    4603
4603    4603  4604    4604
4604    4604  4605    4605
4605    4606  4605    4606
4606    4606  4607    4607
4607    4607  4608    4608
4608    4608  4609    4609
4609    4609  4610    4610
4610    4610  4611    4611
4611    4612  4611    4612
4612    4612  4613    4613
4613    4613  4614    4614
4614    4614  4615    4615
4615    4615  4616    4616
4616    4616  4617    4617
4617    4617  4618    4618
4618    4618  4619    4619
4619    4619  4620    4620
4620    4620  4621    4621
4621    4621  4622    4622
4622    4622  4623    4623
4623    4623  4624    4624
4624    4624  4625    4625
4625    4625  4626    4626
4626    4626  4627    4627
4627    4628  4627    4628
4628    4628  4629    4629
4629    4629  4630    4630
4630    4630  4631    4631
4631    4631  4632    4632
4632    4632  4633    4633
4633    4633  4634    4634
4634    4635  4634    4635
4635    4636  4635    4636
4636    4637  7575    4637
4637    4638  4637    4638
4638    7232  4638    4639
4639    4640  4639    4640
4640    4641  4640    4641
4641    4642  4641    4642
4642    4643  4642    4643
4643    4644  4643    4644
4644    4645  4644    4645
4645    4646  4645    4646
4646    4647  4646    4647
4647    4648  4647    4648
4648    4648  4649    4649
4649    4650  4649    4650
4650    4650  4651    4651
4651    4652  4651    4652
4652    4652  4653    4653
4653    4654  4653    4654
4654    4655  4654    4655
4655    4655  4656    4656
4656    4656  4657    4657
4657    4658  4657    4658
4658    4658  4659    4659
4659    4660  4659    4660
4660    4661  4660    4661
4661    4662  4661    4662
4662    4663  4662    4663
4663    4663  4664    4664
4664    4665  4664    4665
4665    4666  4665    4666
4666    4667  4666    4667
4667    4667  4668    4668
4668    4669  4668    4669
4669    4670  4669    4670
4670    4670  4671    4671
4671    4671  4672    4672
4672    4673  4672    4673
4673    4673  4674    4674
4674    4674  4675    4675
4675    4675  4676    4676
4676    4676  4677    4677
4677    4678  4677    4678
4678    4679  4678    4679
4679    4680  4679    4680
4680    4681  4680    4681
4681    4682  4681    4682
4682    4682  4683    4683
4683    4684  4683    4684
4684    4685  4684    4685
4685    4686  4685    4686
4686    4687  4686    4687
4687    4687  4688    4688
4688    4689  4688    4689
4689    4690  4689    4690
4690    8581  4690    4691
4691    4692  4691    4692
4692    8580  4692    4693
4693    4694  4693    4694
4694    4695  4694    4695
4695    4696  4695    4696
4696    4697  4696    4697
4697    4697  4698    4698
4698    4698  4699    4699
4699    4699  4700    4700
4700    4700  4701    4701
4701    4701  4702    4702
4702    4702  7010    4703
4703    4703  4704    4704
4704    4704  7137    4705
4705    4705  4706    4706
4706    4706  4707    4707
4707    4707  4708    4708
4708    4708  4709    4709
4709    4709  4710    4710
4710    4710  4711    4711
4711    4711  4712    4712
4712    9712  4713    4713
4713    4713  4714    4714
4714    4714  4715    4715
4715    4715  4716    4716
4716    4716  4717    4717
4717    4717  4718    4718
4718    4719  4718    4719
4719    4719  4720    4720
4720    4721  8731    4721
4721    4722  4721    4722
4722    4722  4723    4723
4723    4724  4723    4724
4724    4724  4725    4725
4725    8184  4726    4726
4726    4726  4727    4727
4727    4728  4727    4728
4728    4728  4729    4729
4729    4729  4730    4730
4730    4731  4730    4731
4731    4732  8730    4732
4732    4732  4733    4733
4733    4733  4734    4734
4734    4735  4734    4735
4735    4735  4736    4736
4736    4737  4736    4737
4737    4737  7275    4738
4738    4738  4739    4739
4739    4739  7304    4740
4740    4740  4741    4741
4741    4742  10036    4742
4742    4743  4742    4743
4743    4744  4743    4744
4744    4745  4744    4745
4745    4746  4745    4746
4746    4747  4746    4747
4747    4747  4748    4748
4748    4748  4749    4749
4749    4750  4749    4750
4750    4751  4750    4751
4751    4751  4752    4752
4752    4752  4753    4753
4753    4753  4754    4754
4754    4755  4754    4755
4755    4755  4756    4756
4756    9141  4757    4757
4757    4758  4757    4758
4758    4758  4759    4759
4759    4760  7749    4760
4760    4761  4760    4761
4761    4761  4762    4762
4762    4762  4763    4763
4763    4764  4763    4764
4764    4764  4765    4765
4765    4765  4766    4766
4766    4766  4767    4767
4767    4768  4767    4768
4768    4769  7084    4769
4769    4769  4770    4770
4770    6884  7024    4771
4771    4772  4771    4772
4772    4773  8332    4773
4773    4773  4774    4774
4774    4774  7674    4775
4775    4775  4776    4776
4776    7928  7855    4777
4777    4778  4777    4778
4778    4779  4778    4779
4779    4779  4780    4780
4780    4781  4780    4781
4781    4782  4781    4782
4782    4783  4782    4783
4783    4784  4783    4784
4784    4784  4785    4785
4785    4786  4785    4786
4786    4787  4786    4787
4787    4787  4788    4788
4788    4789  8415    4789
4789    4790  4789    4790
4790    4790  4791    4791
4791    7747  4792    4792
4792    4793  4792    4793
4793    4794  4793    4794
4794    4795  4794    4795
4795    4796  4795    4796
4796    4797  4796    4797
4797    4797  4798    4798
4798    4798  4799    4799
4799    4800  4799    4800
4800    4801  4800    4801
4801    4801  4802    4802
4802    4802  4803    4803
4803    4803  4804    4804
4804    4804  4805    4805
4805    4806  4805    4806
4806    4807  4806    4807
4807    4808  4807    4808
4808    4809  4808    4809
4809    4809  4810    4810
4810    8333  4810    4811
4811    4812  4811    4812
4812    4812  4813    4813
4813    4813  4814    4814
4814    4815  4814    4815
4815    4815  6982    4816
4816    4817  4816    4817
4817    7003  4817    4818
4818    4818  4819    4819
4819    4819  4820    4820
4820    9161  4821    4821
4821    4821  4822    4822
4822    9158  4823    4823
4823    4824  4823    4824
4824    4825  4824    4825
4825    4825  4826    4826
4826    4826  4827    4827
4827    4827  4828    4828
4828    4829  4828    4829
4829    4830  4829    4830
4830    4831  4830    4831
4831    7681  4831    4832
4832    4832  4833    4833
4833    4834  4833    4834
4834    4835  7704    4835
4835    8676  4836    4836
4836    4837  4836    4837
4837    4838  4837    4838
4838    4839  4838    4839
4839    4839  4840    4840
4840    4840  4841    4841
4841    4841  4842    4842
4842    4843  4842    4843
4843    4843  4844    4844
4844    4844  4845    4845
4845    4846  4845    4846
4846    4846  4847    4847
4847    4847  4848    4848
4848    4848  4849    4849
4849    4850  4849    4850
4850    9573  4851    4851
4851    8180  4852    4852
4852    4852  4853    4853
4853    4853  4854    4854
4854    4855  4854    4855
4855    4855  4856    4856
4856    4856  4857    4857
4857    4858  4857    4858
4858    4858  4859    4859
4859    4859  4860    4860
4860    4860  4861    4861
4861    4862  4861    4862
4862    4862  4863    4863
4863    4863  4864    4864
4864    4864  4865    4865
4865    4866  4865    4866
4866    4866  8803    4867
4867    4868  4867    4868
4868    4869  4868    4869
4869    4869  4870    4870
4870    9487  4871    4871
4871    4871  4872    4872
4872    9486  4873    4873
4873    4874  4873    4874
4874    4874  4875    4875
4875    4875  4876    4876
4876    4877  4876    4877
4877    4877  4878    4878
4878    4878  4879    4879
4879    4879  4880    4880
4880    9506  4881    4881
4881    4881  4882    4882
4882    4882  4883    4883
4883    4883  4884    4884
4884    4884  4885    4885
4885    4885  4886    4886
4886    8188  4887    4887
4887    4887  4888    4888
4888    4888  4889    4889
4889    4889  4890    4890
4890    4891  4890    4891
4891    4892  4891    4892
4892    4893  4892    4893
4893    4894  8240    4894
4894    4894  9025    4895
4895    4895  4896    4896
4896    4896  4897    4897
4897    4897  4898    4898
4898    4898  4899    4899
4899    4899  4900    4900
4900    4900  4901    4901
4901    4902  4901    4902
4902    4903  4902    4903
4903    8755  4904    4904
4904    4904  4905    4905
4905    9004  4905    4906
4906    4907  4906    4907
4907    4908  4907    4908
4908    4909  4908    4909
4909    6885  4909    4910
4910    4911  4910    4911
4911    6858  4911    4912
4912    4912  8546    4913
4913    4913  4914    4914
4914    4915  4914    4915
4915    4915  4916    4916
4916    4917  4916    4917
4917    4917  4918    4918
4918    4918  4919    4919
4919    4919  4920    4920
4920    4920  4921    4921
4921    4921  4922    4922
4922    4923  4922    4923
4923    4923  7357    4924
4924    4925  8109    4925
4925    4925  4926    4926
4926    4926  12123    4927
4927    4927  4928    4928
4928    4928  4929    4929
4929    4930  4929    4930
4930    4931  4930    4931
4931    4931  4932    4932
4932    4932  8611    4933
4933    4933  4934    4934
4934    4934  4935    4935
4935    8182  4936    4936
4936    4936  4937    4937
4937    4937  4938    4938
4938    4938  10384    4939
4939    4939  4940    4940
4940    9022  4941    4941
4941    7894  4942    4942
4942    4942  4943    4943
4943    4943  4944    4944
4944    7076  4945    4945
4945    4945  4946    4946
4946    7022  4947    4947
4947    4947  4948    4948
4948    4949  4948    4949
4949    4949  4950    4950
4950    4951  4950    4951
4951    4951  26582    4952
4952    4952  4953    4953
4953    4953  4954    4954
4954    4954  4955    4955
4955    4955  4956    4956
4956    4957  4956    4957
4957    4957  4958    4958
4958    18444  4959    4959
4959    4959  4960    4960
4960    4960  4961    4961
4961    4961  4962    4962
4962    4962  9570    4963
4963    4963  4964    4964
4964    4964  7533    4965
4965    4965  7361    4966
4966    4967  4966    4967
4967    6808  4967    4968
4968    4968  4969    4969
4969    4970  4969    4970
4970    4971  4970    4971
4971    4972  4971    4972
4972    4972  4973    4973
4973    4974  4973    4974
4974    4975  4974    4975
4975    4976  4975    4976
4976    4977  4976    4977
4977    4977  4978    4978
4978    4979  6690    4979
4979    4980  4979    4980
4980    11367  26208    4981
4981    4982  4981    4982
4982    4983  4982    4983
4983    4983  4984    4984
4984    4985  8738    4985
4985    4985  4986    4986
4986    4986  4987    4987
4987    4988  4987    4988
4988    4989  4988    4989
4989    4989  4990    4990
4990    4991  4990    4991
4991    4992  4991    4992
4992    4993  4992    4993
4993    4994  4993    4994
4994    4995  4994    4995
4995    4996  4995    4996
4996    4996  4997    4997
4997    4998  4997    4998
4998    4999  4998    4999
4999    8736  5000    5000
5000    5001  5000    5001
5001    5001  5002    5002
5002    5003  5002    5003
5003    5003  5004    5004
5004    5004  5005    5005
5005    5005  5006    5006
5006    5007  5006    5007
5007    5007  5008    5008
5008    5009  5008    5009
5009    5009  5010    5010
5010    5011  5010    5011
5011    5011  5012    5012
5012    5013  5012    5013
5013    5013  5014    5014
5014    5014  5015    5015
5015    5015  5016    5016
5016    5016  5017    5017
5017    5017  5018    5018
5018    5018  5019    5019
5019    5019  5020    5020
5020    5020  5021    5021
5021    5021  5022    5022
5022    5023  5022    5023
5023    5023  5024    5024
5024    5024  5025    5025
5025    5025  5026    5026
5026    5027  5026    5027
5027    5028  5027    5028
5028    5029  5028    5029
5029    5030  5029    5030
5030    5031  5030    5031
5031    5031  5032    5032
5032    8059  5032    5033
5033    5034  5033    5034
5034    8329  5034    5035
5035    5036  5035    5036
5036    5036  5037    5037
5037    5038  5037    5038
5038    5038  5039    5039
5039    5040  5039    5040
5040    5041  5040    5041
5041    5042  5041    5042
5042    5042  5043    5043
5043    5043  5044    5044
5044    5045  5044    5045
5045    5045  5046    5046
5046    5047  5046    5047
5047    5048  5047    5048
5048    5049  5048    5049
5049    5050  5049    5050
5050    5050  5051    5051
5051    5051  5052    5052
5052    5052  5053    5053
5053    5053  5054    5054
5054    5055  5054    5055
5055    5056  5055    5056
5056    5057  5056    5057
5057    10090  5057    5058
5058    5059  5058    5059
5059    18490  5060    5060
5060    5061  5060    5061
5061    5062  15044    5062
5062    5062  5063    5063
5063    5063  5064    5064
5064    5064  5065    5065
5065    5066  5065    5066
5066    5067  5066    5067
5067    5068  5067    5068
5068    5069  5068    5069
5069    5069  5070    5070
5070    5070  5071    5071
5071    5071  5072    5072
5072    5072  5073    5073
5073    5074  5073    5074
5074    5074  5075    5075
5075    5076  5075    5076
5076    5077  5076    5077
5077    5078  5077    5078
5078    5079  5078    5079
5079    5079  5080    5080
5080    5080  5081    5081
5081    5082  5081    5082
5082    5083  5082    5083
5083    5083  5084    5084
5084    5084  5085    5085
5085    5085  5086    5086
5086    5086  5087    5087
5087    5087  5088    5088
5088    5089  8189    5089
5089    5090  5089    5090
5090    5090  5091    5091
5091    9492  5092    5092
5092    5093  5092    5093
5093    5093  5094    5094
5094    5094  5095    5095
5095    5096  5095    5096
5096    5096  5097    5097
5097    5097  5098    5098
5098    5099  5098    5099
5099    5099  5100    5100
5100    5101  5100    5101
5101    5102  5101    5102
5102    5103  5102    5103
5103    5104  5103    5104
5104    5104  5105    5105
5105    5105  5106    5106
5106    5107  5106    5107
5107    5107  5108    5108
5108    5108  5109    5109
5109    5109  5110    5110
5110    5111  5110    5111
5111    5111  5112    5112
5112    5112  5113    5113
5113    5114  5113    5114
5114    5114  5115    5115
5115    5115  5116    5116
5116    5117  5116    5117
5117    5117  5118    5118
5118    5118  5119    5119
5119    5119  5120    5120
5120    5120  5121    5121
5121    5121  5122    5122
5122    5122  5123    5123
5123    5124  5123    5124
5124    5124  5125    5125
5125    5126  5125    5126
5126    5127  5126    5127
5127    5128  5127    5128
5128    5129  5128    5129
5129    5130  5129    5130
5130    5131  5130    5131
5131    5132  5131    5132
5132    5133  5132    5133
5133    5133  5134    5134
5134    5135  5134    5135
5135    5136  5135    5136
5136    7504  5136    5137
5137    5137  5138    5138
5138    5139  5138    5139
5139    5140  7718    5140
5140    5140  5141    5141
5141    5141  5142    5142
5142    5142  5143    5143
5143    5143  5144    5144
5144    5144  5145    5145
5145    5145  5146    5146
5146    5146  5147    5147
5147    5148  5147    5148
5148    5148  5149    5149
5149    5150  5149    5150
5150    5150  5151    5151
5151    5151  5152    5152
5152    5152  5153    5153
5153    5154  5153    5154
5154    5155  5154    5155
5155    5156  5155    5156
5156    5157  5156    5157
5157    5157  5158    5158
5158    5158  5159    5159
5159    5159  5160    5160
5160    5160  5161    5161
5161    5162  5161    5162
5162    5163  5162    5163
5163    5163  5164    5164
5164    5165  5164    5165
5165    5165  5166    5166
5166    5167  5166    5167
5167    5167  5168    5168
5168    5169  5168    5169
5169    5169  5170    5170
5170    5171  5170    5171
5171    5172  5171    5172
5172    5172  5173    5173
5173    5174  5173    5174
5174    5174  5175    5175
5175    7279  5175    5176
5176    5177  5176    5177
5177    7306  5177    5178
5178    5179  5178    5179
5179    5179  5180    5180
5180    5181  5180    5181
5181    9542  5181    5182
5182    5183  5182    5183
5183    5184  5183    5184
5184    5185  5184    5185
5185    5186  5185    5186
5186    5187  5186    5187
5187    5188  5187    5188
5188    5189  5188    5189
5189    5189  5190    5190
5190    5191  5190    5191
5191    5192  5191    5192
5192    5193  5192    5193
5193    5194  5193    5194
5194    5195  5194    5195
5195    5196  5195    5196
5196    5197  5196    5197
5197    5198  5197    5198
5198    5199  5198    5199
5199    5200  5199    5200
5200    5201  5200    5201
5201    5202  5201    5202
5202    5202  5203    5203
5203    5203  5204    5204
5204    5204  5205    5205
5205    5206  5205    5206
5206    5207  5206    5207
5207    5208  5207    5208
5208    5209  5208    5209
5209    5210  5209    5210
5210    5211  5210    5211
5211    5211  5212    5212
5212    5213  5212    5213
5213    5213  5214    5214
5214    5215  5214    5215
5215    5216  5215    5216
5216    5216  5217    5217
5217    5218  5217    5218
5218    8049  5218    5219
5219    5220  6740    5220
5220    5220  5221    5221
5221    6729  5222    5222
5222    5223  5222    5223
5223    5224  7503    5224
5224    5225  5224    5225
5225    5226  5225    5226
5226    5227  5226    5227
5227    5227  5228    5228
5228    5229  5228    5229
5229    5230  5229    5230
5230    5231  5230    5231
5231    5232  5231    5232
5232    5232  5233    5233
5233    5234  5233    5234
5234    5235  5234    5235
5235    5235  5236    5236
5236    5237  5236    5237
5237    5238  5237    5238
5238    5239  5238    5239
5239    5240  5239    5240
5240    5241  5240    5241
5241    5242  5241    5242
5242    5243  5242    5243
5243    5244  5243    5244
5244    5244  5245    5245
5245    5246  5245    5246
5246    5247  5246    5247
5247    5248  5247    5248
5248    5249  5248    5249
5249    5249  5250    5250
5250    5251  5250    5251
5251    5252  5251    5252
5252    5253  5252    5253
5253    5254  5253    5254
5254    5254  5255    5255
5255    5256  5255    5256
5256    5256  5257    5257
5257    5258  5257    5258
5258    5259  5258    5259
5259    5259  5260    5260
5260    5261  5260    5261
5261    5262  5261    5262
5262    5263  5262    5263
5263    5264  5263    5264
5264    5264  5265    5265
5265    5266  5265    5266
5266    5267  5266    5267
5267    5268  5267    5268
5268    5269  5268    5269
5269    5269  5270    5270
5270    5271  5270    5271
5271    5272  5271    5272
5272    5273  5272    5273
5273    5274  5273    5274
5274    5274  5275    5275
5275    5276  5275    5276
5276    5277  5276    5277
5277    5278  5277    5278
5278    5279  5278    5279
5279    5280  5279    5280
5280    5281  5280    5281
5281    5282  5281    5282
5282    5283  5282    5283
5283    5284  5283    5284
5284    5285  5284    5285
5285    5286  5285    5286
5286    5287  5286    5287
5287    5288  5287    5288
5288    5289  5288    5289
5289    5289  5290    5290
5290    5291  5290    5291
5291    5292  5291    5292
5292    5293  5292    5293
5293    5294  5293    5294
5294    5294  5295    5295
5295    5296  5295    5296
5296    5297  5296    5297
5297    5298  5297    5298
5298    5298  5299    5299
5299    5300  5299    5300
5300    5301  5300    5301
5301    5302  5301    5302
5302    5303  5302    5303
5303    5304  5303    5304
5304    5304  5305    5305
5305    5306  5305    5306
5306    5306  5307    5307
5307    5308  5307    5308
5308    5309  5308    5309
5309    5309  5310    5310
5310    5310  5311    5311
5311    5312  5311    5312
5312    5313  5312    5313
5313    5314  5313    5314
5314    5315  5314    5315
5315    5316  5315    5316
5316    5317  5316    5317
5317    5317  5318    5318
5318    5318  5319    5319
5319    5319  5320    5320
5320    5320  5321    5321
5321    5321  5322    5322
5322    5322  5323    5323
5323    5323  5324    5324
5324    18299  5325    5325
5325    5326  5325    5326
5326    5326  5327    5327
5327    5327  5328    5328
5328    5329  5328    5329
5329    5329  5330    5330
5330    5331  5330    5331
5331    5332  5331    5332
5332    5333  18294    5333
5333    5334  5333    5334
5334    5334  5335    5335
5335    5335  5336    5336
5336    5337  5336    5337
5337    5338  18290    5338
5338    5339  5338    5339
5339    5340  18287    5340
5340    5341  5340    5341
5341    5342  5341    5342
5342    5343  5342    5343
5343    5343  5344    5344
5344    18285  5345    5345
5345    5345  5346    5346
5346    18283  5347    5347
5347    5348  5347    5348
5348    5349  5348    5349
5349    5350  5349    5350
5350    5350  5351    5351
5351    18280  5352    5352
5352    5353  5352    5353
5353    10408  5354    5354
5354    5354  5355    5355
5355    5355  5356    5356
5356    5356  24327    5357
5357    5357  5358    5358
5358    18279  5359    5359
5359    5359  5360    5360
5360    5360  5361    5361
5361    11217  5362    5362
5362    5363  5362    5363
5363    5364  18274    5364
5364    5364  5365    5365
5365    5366  5365    5366
5366    5367  5366    5367
5367    5368  18272    5368
5368    5368  5369    5369
5369    11210  5370    5370
5370    5370  5371    5371
5371    5371  18959    5372
5372    5372  5373    5373
5373    5373  5374    5374
5374    5374  5375    5375
5375    11207  5376    5376
5376    5377  5376    5377
5377    5378  23751    5378
5378    5379  5378    5379
5379    5380  5379    5380
5380    18259  5381    5381
5381    5381  5382    5382
5382    5383  11202    5383
5383    5384  5383    5384
5384    5384  19946    5385
5385    5385  5386    5386
5386    5386  5387    5387
5387    5387  5388    5388
5388    11197  5389    5389
5389    5389  5390    5390
5390    23749  11196    5391
5391    5392  5391    5392
5392    5393  5392    5393
5393    5394  18251    5394
5394    5395  5394    5395
5395    5396  11191    5396
5396    5397  5396    5397
5397    5398  5397    5398
5398    5398  5399    5399
5399    5399  5400    5400
5400    5400  5401    5401
5401    10138  5401    5402
5402    5402  5403    5403
5403    5403  5404    5404
5404    5404  5405    5405
5405    11450  5406    5406
5406    5407  5406    5407
5407    18950  5408    5408
5408    5408  5409    5409
5409    18949  5410    5410
5410    5410  5411    5411
5411    23923  5412    5412
5412    5413  5412    5413
5413    18240  5414    5414
5414    5414  5415    5415
5415    5415  5416    5416
5416    5416  5417    5417
5417    17640  5418    5418
5418    5418  5419    5419
5419    5419  5420    5420
5420    5421  18235    5421
5421    5422  5421    5422
5422    5423  5422    5423
5423    18946  5424    5424
5424    5424  5425    5425
5425    5425  5426    5426
5426    5426  5427    5427
5427    18944  5428    5428
5428    5428  5429    5429
5429    5429  23654    5430
5430    5430  5431    5431
5431    18228  20905    5432
5432    5433  5432    5433
5433    5434  18227    5434
5434    5435  5434    5435
5435    26575  5435    5436
5436    5436  5437    5437
5437    5438  25976    5438
5438    5439  5438    5439
5439    5439  5440    5440
5440    5440  5441    5441
5441    23798  11151    5442
5442    5443  5442    5443
5443    5443  5444    5444
5444    17643  5445    5445
5445    5445  5446    5446
5446    18220  9979    5447
5447    5447  5448    5448
5448    5448  5449    5449
5449    5449  5450    5450
5450    5451  5450    5451
5451    5451  5452    5452
5452    5452  5453    5453
5453    5454  5453    5454
5454    5454  5455    5455
5455    5455  5456    5456
5456    5456  5457    5457
5457    5457  5458    5458
5458    5458  5459    5459
5459    5459  5460    5460
5460    5460  5461    5461
5461    5462  5461    5462
5462    5463  5462    5463
5463    5463  5464    5464
5464    8174  5465    5465
5465    5465  5466    5466
5466    5466  5467    5467
5467    5467  5468    5468
5468    5468  5469    5469
5469    5470  5469    5470
5470    5470  5471    5471
5471    5471  5472    5472
5472    5472  5473    5473
5473    5473  5474    5474
5474    5474  5475    5475
5475    5475  5476    5476
5476    5476  5477    5477
5477    5477  5478    5478
5478    5478  5479    5479
5479    5479  5480    5480
5480    5480  5481    5481
5481    5481  5482    5482
5482    5483  5482    5483
5483    5484  5483    5484
5484    5485  5484    5485
5485    5486  5485    5486
5486    5486  5487    5487
5487    5488  5487    5488
5488    5488  5489    5489
5489    5489  5490    5490
5490    5490  5491    5491
5491    5491  5492    5492
5492    5492  5493    5493
5493    5494  5493    5494
5494    5494  5495    5495
5495    5495  5496    5496
5496    5496  5497    5497
5497    5498  9502    5498
5498    5498  5499    5499
5499    5499  5500    5500
5500    5500  5501    5501
5501    5501  5502    5502
5502    5502  5503    5503
5503    9466  5504    5504
5504    5504  5505    5505
5505    5505  5506    5506
5506    5506  5507    5507
5507    5507  5508    5508
5508    5508  5509    5509
5509    5509  5510    5510
5510    5511  5510    5511
5511    5511  5512    5512
5512    5513  5512    5513
5513    5513  5514    5514
5514    5514  5515    5515
5515    5516  5515    5516
5516    5517  5516    5517
5517    5517  5518    5518
5518    5518  5519    5519
5519    5520  5519    5520
5520    5520  5521    5521
5521    5521  5522    5522
5522    5522  5523    5523
5523    5523  5524    5524
5524    5524  5525    5525
5525    5525  5526    5526
5526    5527  5526    5527
5527    5527  5528    5528
5528    5528  5529    5529
5529    5530  5529    5530
5530    5530  5531    5531
5531    5531  5532    5532
5532    5532  5533    5533
5533    5533  5534    5534
5534    5534  5535    5535
5535    5535  5536    5536
5536    5536  5537    5537
5537    5538  5537    5538
5538    5538  5539    5539
5539    5539  5540    5540
5540    5541  5540    5541
5541    5542  5541    5542
5542    8372  5543    5543
5543    5543  5544    5544
5544    5545  5544    5545
5545    5545  5546    5546
5546    5547  6951    5547
5547    5547  5548    5548
5548    6924  5549    5549
5549    5550  5549    5550
5550    5551  5550    5551
5551    5551  5552    5552
5552    5553  5552    5553
5553    5553  5554    5554
5554    5554  5555    5555
5555    5556  5555    5556
5556    5556  5557    5557
5557    5557  5558    5558
5558    5559  5558    5559
5559    5560  5559    5560
5560    5560  5561    5561
5561    5562  5561    5562
5562    5562  5563    5563
5563    5563  5564    5564
5564    5565  5564    5565
5565    5565  5566    5566
5566    5567  5566    5567
5567    5568  5567    5568
5568    5569  5568    5569
5569    5569  5570    5570
5570    5570  5571    5571
5571    5571  5572    5572
5572    5572  5573    5573
5573    5573  5574    5574
5574    5574  5575    5575
5575    5575  5576    5576
5576    5577  5576    5577
5577    5577  5578    5578
5578    5578  5579    5579
5579    5580  5579    5580
5580    5580  5581    5581
5581    5581  5582    5582
5582    5582  5583    5583
5583    5583  5584    5584
5584    5584  5585    5585
5585    5585  5586    5586
5586    5586  5587    5587
5587    5587  5588    5588
5588    5589  5588    5589
5589    5589  5590    5590
5590    7888  5591    5591
5591    5592  5591    5592
5592    5592  5593    5593
5593    5593  8114    5594
5594    5595  5594    5595
5595    5595  5596    5596
5596    5596  5597    5597
5597    5598  5597    5598
5598    5598  5599    5599
5599    5600  5599    5600
5600    5601  5600    5601
5601    5602  5601    5602
5602    5602  5603    5603
5603    5604  5603    5604
5604    5604  5605    5605
5605    5605  5606    5606
5606    5606  5607    5607
5607    5608  5607    5608
5608    5609  5608    5609
5609    5609  5610    5610
5610    5610  5611    5611
5611    5611  5612    5612
5612    5612  5613    5613
5613    5614  5613    5614
5614    5615  5614    5615
5615    5616  5615    5616
5616    5617  5616    5617
5617    5617  5618    5618
5618    5619  5618    5619
5619    5620  5619    5620
5620    5621  5620    5621
5621    7500  5621    5622
5622    5623  5622    5623
5623    7572  5623    5624
5624    5625  5624    5625
5625    5625  5626    5626
5626    5627  8209    5627
5627    5628  5627    5628
5628    5629  5628    5629
5629    5629  5630    5630
5630    5631  5630    5631
5631    5632  5631    5632
5632    5632  5633    5633
5633    5634  5633    5634
5634    5635  5634    5635
5635    5636  5635    5636
5636    5637  5636    5637
5637    5637  5638    5638
5638    5638  5639    5639
5639    5640  5639    5640
5640    5641  5640    5641
5641    5642  5641    5642
5642    5643  5642    5643
5643    5644  5643    5644
5644    5644  5645    5645
5645    5646  5645    5646
5646    5647  5646    5647
5647    5648  5647    5648
5648    5649  5648    5649
5649    5650  5649    5650
5650    5650  5651    5651
5651    5652  5651    5652
5652    5653  5652    5653
5653    5654  5653    5654
5654    5655  5654    5655
5655    5656  5655    5656
5656    5656  5657    5657
5657    5658  5657    5658
5658    5658  5659    5659
5659    5659  5660    5660
5660    5661  5660    5661
5661    5662  5661    5662
5662    5662  5663    5663
5663    5664  5663    5664
5664    5664  5665    5665
5665    5665  5666    5666
5666    5667  7216    5667
5667    5667  5668    5668
5668    7179  5669    5669
5669    5670  5669    5670
5670    5671  18108    5671
5671    5672  5671    5672
5672    5673  18916    5673
5673    5674  5673    5674
5674    5675  18110    5675
5675    5676  5675    5676
5676    26574  5676    5677
5677    5678  5677    5678
5678    5679  18099    5679
5679    5680  5679    5680
5680    5681  18104    5681
5681    5682  5681    5682
5682    5683  23921    5683
5683    5684  5683    5684
5684    5685  9169    5685
5685    5686  5685    5686
5686    5687  7214    5687
5687    5687  5688    5688
5688    7177  5689    5689
5689    5690  5689    5690
5690    5691  5690    5691
5691    5692  5691    5692
5692    5693  5692    5693
5693    5694  5693    5694
5694    5694  5695    5695
5695    5696  5695    5696
5696    5697  5696    5697
5697    5698  5697    5698
5698    5699  5698    5699
5699    5700  5699    5700
5700    5700  5701    5701
5701    5701  5702    5702
5702    5703  5702    5703
5703    5704  5703    5704
5704    5705  5704    5705
5705    5706  5705    5706
5706    5706  5707    5707
5707    5708  5707    5708
5708    5709  5708    5709
5709    5709  5710    5710
5710    5711  5710    5711
5711    5712  5711    5712
5712    5712  5713    5713
5713    5714  5713    5714
5714    5715  5714    5715
5715    5715  5716    5716
5716    9513  5716    5717
5717    5717  6922    5718
5718    5718  5719    5719
5719    6949  5719    5720
5720    5720  5721    5721
5721    5721  5722    5722
5722    5723  5722    5723
5723    5724  5723    5724
5724    5724  5725    5725
5725    5726  5725    5726
5726    8236  5727    5727
5727    5727  5728    5728
5728    5729  5728    5729
5729    5729  5730    5730
5730    5731  5730    5731
5731    5731  5732    5732
5732    5732  5733    5733
5733    5734  5733    5734
5734    5735  5734    5735
5735    5736  5735    5736
5736    5737  5736    5737
5737    5738  5737    5738
5738    5738  5739    5739
5739    5739  5740    5740
5740    5741  5740    5741
5741    5742  5741    5742
5742    5743  5742    5743
5743    5743  5744    5744
5744    5745  5744    5745
5745    5746  5745    5746
5746    5747  5746    5747
5747    5748  5747    5748
5748    5749  5748    5749
5749    5750  5749    5750
5750    5751  5750    5751
5751    5752  5751    5752
5752    5753  5752    5753
5753    5753  5754    5754
5754    5754  5755    5755
5755    5756  5755    5756
5756    5757  5756    5757
5757    5758  5757    5758
5758    5759  5758    5759
5759    5760  5759    5760
5760    5760  5761    5761
5761    5761  5762    5762
5762    5763  5762    5763
5763    5764  5763    5764
5764    5765  5764    5765
5765    5765  5766    5766
5766    5766  5767    5767
5767    5767  5768    5768
5768    5769  5768    5769
5769    5770  5769    5770
5770    5771  5770    5771
5771    5772  5771    5772
5772    5773  5772    5773
5773    5773  5774    5774
5774    5775  5774    5775
5775    5776  5775    5776
5776    5777  5776    5777
5777    5778  5777    5778
5778    5778  5779    5779
5779    5779  5780    5780
5780    5780  5781    5781
5781    5781  5782    5782
5782    5783  5782    5783
5783    5784  5783    5784
5784    5784  5785    5785
5785    5785  5786    5786
5786    5787  5786    5787
5787    5788  5787    5788
5788    5789  5788    5789
5789    5790  5789    5790
5790    5791  5790    5791
5791    5791  5792    5792
5792    5792  5793    5793
5793    5794  5793    5794
5794    5795  5794    5795
5795    5796  5795    5796
5796    5796  5797    5797
5797    5797  5798    5798
5798    5799  5798    5799
5799    5800  5799    5800
5800    5801  5800    5801
5801    5802  5801    5802
5802    5803  5802    5803
5803    5804  5803    5804
5804    5805  5804    5805
5805    5806  5805    5806
5806    5807  5806    5807
5807    5808  5807    5808
5808    5809  5808    5809
5809    5810  5809    5810
5810    5811  5810    5811
5811    5812  5811    5812
5812    5813  5812    5813
5813    5814  5813    5814
5814    5815  5814    5815
5815    5815  5816    5816
5816    5817  5816    5817
5817    5818  5817    5818
5818    5819  5818    5819
5819    5820  10035    5820
5820    5821  5820    5821
5821    5821  5822    5822
5822    5822  5823    5823
5823    5824  5823    5824
5824    5825  5824    5825
5825    5826  5825    5826
5826    5826  5827    5827
5827    5827  5828    5828
5828    5828  5829    5829
5829    5830  5829    5830
5830    5830  5831    5831
5831    5831  5832    5832
5832    5832  5833    5833
5833    5834  5833    5834
5834    5834  5835    5835
5835    5835  5836    5836
5836    5836  5837    5837
5837    5838  5837    5838
5838    5838  5839    5839
5839    5839  5840    5840
5840    5840  5841    5841
5841    5841  5842    5842
5842    5843  5842    5843
5843    5843  5844    5844
5844    5844  5845    5845
5845    5845  5846    5846
5846    5846  5847    5847
5847    5847  5848    5848
5848    5848  5849    5849
5849    5849  5850    5850
5850    5850  5851    5851
5851    5851  5852    5852
5852    5852  5853    5853
5853    5853  5854    5854
5854    5854  5855    5855
5855    5855  5856    5856
5856    5856  5857    5857
5857    5857  5858    5858
5858    5858  5859    5859
5859    5859  5860    5860
5860    5860  5861    5861
5861    5861  5862    5862
5862    5862  5863    5863
5863    5863  5864    5864
5864    5864  5865    5865
5865    5865  5866    5866
5866    5866  5867    5867
5867    5867  5868    5868
5868    5868  5869    5869
5869    5869  5870    5870
5870    5870  5871    5871
5871    5871  5872    5872
5872    5872  5873    5873
5873    5873  5874    5874
5874    5874  5875    5875
5875    5875  5876    5876
5876    5876  5877    5877
5877    5877  5878    5878
5878    5878  5879    5879
5879    5879  5880    5880
5880    5880  5881    5881
5881    5881  5882    5882
5882    5882  5883    5883
5883    5883  5884    5884
5884    5884  5885    5885
5885    5885  5886    5886
5886    5886  5887    5887
5887    5887  5888    5888
5888    5888  5889    5889
5889    5889  5890    5890
5890    5890  5891    5891
5891    5891  5892    5892
5892    5892  5893    5893
5893    5893  5894    5894
5894    5894  5895    5895
5895    5895  5896    5896
5896    5896  5897    5897
5897    5897  5898    5898
5898    5898  5899    5899
5899    5899  5900    5900
5900    5900  5901    5901
5901    5901  5902    5902
5902    5903  5902    5903
5903    5904  5903    5904
5904    5905  5904    5905
5905    5906  5905    5906
5906    7711  5907    5907
5907    7341  5908    5908
5908    5908  5909    5909
5909    7340  5910    5910
5910    5910  5911    5911
5911    5911  5912    5912
5912    5912  5913    5913
5913    5913  5914    5914
5914    5914  5915    5915
5915    5915  5916    5916
5916    5916  5917    5917
5917    5917  5918    5918
5918    5918  5919    5919
5919    5919  5920    5920
5920    5920  5921    5921
5921    5921  5922    5922
5922    5922  5923    5923
5923    5923  5924    5924
5924    5924  5925    5925
5925    5925  5926    5926
5926    5926  5927    5927
5927    5927  5928    5928
5928    5928  5929    5929
5929    5929  5930    5930
5930    5930  5931    5931
5931    5931  5932    5932
5932    5933  5932    5933
5933    5934  5933    5934
5934    5934  5935    5935
5935    5935  5936    5936
5936    5936  5937    5937
5937    5937  5938    5938
5938    5938  5939    5939
5939    5940  5939    5940
5940    5940  5941    5941
5941    5941  5942    5942
5942    5942  5943    5943
5943    5943  5944    5944
5944    5944  5945    5945
5945    5945  5946    5946
5946    5946  5947    5947
5947    5947  5948    5948
5948    5948  5949    5949
5949    5949  5950    5950
5950    5950  5951    5951
5951    5952  5951    5952
5952    5952  5953    5953
5953    5953  5954    5954
5954    5955  5954    5955
5955    5955  5956    5956
5956    5956  5957    5957
5957    5957  23608    5958
5958    5958  5959    5959
5959    5959  5960    5960
5960    5960  5961    5961
5961    5961  5962    5962
5962    5962  5963    5963
5963    5963  5964    5964
5964    5964  5965    5965
5965    5965  5966    5966
5966    5966  5967    5967
5967    5967  5968    5968
5968    5968  5969    5969
5969    5969  5970    5970
5970    5970  5971    5971
5971    5972  5971    5972
5972    5972  5973    5973
5973    5973  5974    5974
5974    5974  5975    5975
5975    5975  5976    5976
5976    5976  5977    5977
5977    5977  5978    5978
5978    5978  5979    5979
5979    5979  5980    5980
5980    5980  5981    5981
5981    5981  5982    5982
5982    5982  5983    5983
5983    5984  5983    5984
5984    5984  5985    5985
5985    5985  5986    5986
5986    5986  5987    5987
5987    5987  5988    5988
5988    5988  5989    5989
5989    5989  5990    5990
5990    5990  5991    5991
5991    5991  5992    5992
5992    5992  5993    5993
5993    5993  5994    5994
5994    5994  5995    5995
5995    5995  5996    5996
5996    5996  5997    5997
5997    5997  5998    5998
5998    5999  5998    5999
5999    5999  6000    6000
6000    6000  6001    6001
6001    6001  6002    6002
6002    6002  6003    6003
6003    6003  6004    6004
6004    6004  6005    6005
6005    6005  6006    6006
6006    6006  6007    6007
6007    6007  6008    6008
6008    6008  6009    6009
6009    6009  6010    6010
6010    6011  6010    6011
6011    6011  6012    6012
6012    6012  6013    6013
6013    6013  6014    6014
6014    6014  6015    6015
6015    6015  6016    6016
6016    6016  6017    6017
6017    6017  6018    6018
6018    6018  6019    6019
6019    6019  6020    6020
6020    6020  6021    6021
6021    6021  6022    6022
6022    6023  6022    6023
6023    6023  6024    6024
6024    6024  6025    6025
6025    6025  6026    6026
6026    6026  6027    6027
6027    6027  6028    6028
6028    6028  6029    6029
6029    6029  6030    6030
6030    6030  6031    6031
6031    6031  6032    6032
6032    6033  6032    6033
6033    6034  6033    6034
6034    6034  6035    6035
6035    6036  6035    6036
6036    6037  6036    6037
6037    6037  6038    6038
6038    6039  6038    6039
6039    6039  6040    6040
6040    6040  6041    6041
6041    6041  6042    6042
6042    6042  6043    6043
6043    6043  6044    6044
6044    6044  6045    6045
6045    6045  6046    6046
6046    6046  6047    6047
6047    6047  6048    6048
6048    6048  6049    6049
6049    6049  6050    6050
6050    6051  6050    6051
6051    6051  6052    6052
6052    6052  6053    6053
6053    6053  6054    6054
6054    6054  6055    6055
6055    6056  6055    6056
6056    6056  6057    6057
6057    6057  6058    6058
6058    6058  6059    6059
6059    6059  6060    6060
6060    6060  6061    6061
6061    6062  6061    6062
6062    6062  6063    6063
6063    6063  6064    6064
6064    6064  6065    6065
6065    6065  6066    6066
6066    6066  6067    6067
6067    6067  6068    6068
6068    6068  6069    6069
6069    6069  6070    6070
6070    6070  6071    6071
6071    6071  6072    6072
6072    6073  6072    6073
6073    6074  6073    6074
6074    6074  6075    6075
6075    6075  6076    6076
6076    6076  6077    6077
6077    6077  6078    6078
6078    6079  6078    6079
6079    6079  6080    6080
6080    6081  6080    6081
6081    6081  6082    6082
6082    6082  6083    6083
6083    6083  6084    6084
6084    6084  6085    6085
6085    6085  6086    6086
6086    6086  6087    6087
6087    6087  6088    6088
6088    6089  6088    6089
6089    6089  6090    6090
6090    6090  6091    6091
6091    6091  6092    6092
6092    6092  6093    6093
6093    6093  6094    6094
6094    6094  6095    6095
6095    6096  6095    6096
6096    6096  6097    6097
6097    6097  6098    6098
6098    6098  6099    6099
6099    6099  6100    6100
6100    6100  6101    6101
6101    6101  6102    6102
6102    6102  6103    6103
6103    6104  6103    6104
6104    6104  6105    6105
6105    6105  6106    6106
6106    6106  6107    6107
6107    6107  6108    6108
6108    6108  6109    6109
6109    6109  6110    6110
6110    6110  6111    6111
6111    6111  6112    6112
6112    6112  6113    6113
6113    6113  6114    6114
6114    6114  7004    6115
6115    6116  6115    6116
6116    6117  7336    6117
6117    7735  6117    6118
6118    6118  6119    6119
6119    6119  6120    6120
6120    6121  6120    6121
6121    6121  6122    6122
6122    6122  6123    6123
6123    6123  6124    6124
6124    6124  6125    6125
6125    6125  6126    6126
6126    6126  6127    6127
6127    6127  6128    6128
6128    6128  6129    6129
6129    6129  6130    6130
6130    6130  6131    6131
6131    6131  6132    6132
6132    6132  6133    6133
6133    6133  6134    6134
6134    6134  6135    6135
6135    6135  6136    6136
6136    6136  6137    6137
6137    6137  6138    6138
6138    6138  6139    6139
6139    6139  6140    6140
6140    6140  6141    6141
6141    6141  6142    6142
6142    6142  6143    6143
6143    6143  6144    6144
6144    6144  6145    6145
6145    6145  6146    6146
6146    6146  6147    6147
6147    6147  6148    6148
6148    6148  6149    6149
6149    6149  6150    6150
6150    6151  6150    6151
6151    6152  6151    6152
6152    6152  6153    6153
6153    6153  6154    6154
6154    6154  6155    6155
6155    6155  6156    6156
6156    6157  6156    6157
6157    6157  6158    6158
6158    6158  6159    6159
6159    6159  6160    6160
6160    6160  6161    6161
6161    6162  6161    6162
6162    6163  6162    6163
6163    6164  6163    6164
6164    6165  6164    6165
6165    6165  6166    6166
6166    6166  6167    6167
6167    6167  6168    6168
6168    6168  6169    6169
6169    6170  6169    6170
6170    6171  6170    6171
6171    6171  6172    6172
6172    6172  6173    6173
6173    6173  6174    6174
6174    6175  6174    6175
6175    6176  6175    6176
6176    6176  6177    6177
6177    6177  6178    6178
6178    6179  9694    6179
6179    6180  6179    6180
6180    6180  6181    6181
6181    17469  6182    6182
6182    6183  6182    6183
6183    6183  6184    6184
6184    6184  6185    6185
6185    6186  6185    6186
6186    17474  6187    6187
6187    6187  6188    6188
6188    26573  6188    6189
6189    6189  6190    6190
6190    6191  6190    6191
6191    6191  6192    6192
6192    6192  6193    6193
6193    6194  6193    6194
6194    26565  6194    6195
6195    6195  6196    6196
6196    17491  6197    6197
6197    6197  6198    6198
6198    6198  6199    6199
6199    6199  6200    6200
6200    6201  6200    6201
6201    6201  6202    6202
6202    6202  6203    6203
6203    6204  6203    6204
6204    6204  6205    6205
6205    17573  6206    6206
6206    6206  6207    6207
6207    6207  6208    6208
6208    6208  6209    6209
6209    6210  6209    6210
6210    6210  9720    6211
6211    6211  6212    6212
6212    6213  6212    6213
6213    10120  6214    6214
6214    6214  6215    6215
6215    6215  6216    6216
6216    6216  23780    6217
6217    6217  6218    6218
6218    6218  6219    6219
6219    6219  6220    6220
6220    18761  6221    6221
6221    6221  6222    6222
6222    6223  6222    6223
6223    6224  6223    6224
6224    6224  6225    6225
6225    6226  6225    6226
6226    6226  6227    6227
6227    18846  6228    6228
6228    6228  6229    6229
6229    6229  6230    6230
6230    6231  6230    6231
6231    6232  6231    6232
6232    6233  17808    6233
6233    6233  6234    6234
6234    6234  6235    6235
6235    9120  6236    6236
6236    6236  6237    6237
6237    6238  6237    6238
6238    7738  6239    6239
6239    6239  6240    6240
6240    6241  6240    6241
6241    9146  6242    6242
6242    6242  6243    6243
6243    6244  6243    6244
6244    6244  6245    6245
6245    6245  6246    6246
6246    6246  6247    6247
6247    6247  6248    6248
6248    6248  6249    6249
6249    6249  6250    6250
6250    6251  6250    6251
6251    6252  6251    6252
6252    6253  6252    6253
6253    6253  6254    6254
6254    6254  6255    6255
6255    6256  6255    6256
6256    6256  6257    6257
6257    6258  6257    6258
6258    6259  6258    6259
6259    6260  6259    6260
6260    6260  6261    6261
6261    6262  6261    6262
6262    6263  6262    6263
6263    6264  6263    6264
6264    6265  6264    6265
6265    6266  6265    6266
6266    6266  6267    6267
6267    6267  6268    6268
6268    6268  6269    6269
6269    11718  6270    6270
6270    9498  6271    6271
6271    6271  6272    6272
6272    7563  6273    6273
6273    6273  6274    6274
6274    6275  7499    6275
6275    6276  6275    6276
6276    6277  6276    6277
6277    6277  6278    6278
6278    6278  6279    6279
6279    6280  6279    6280
6280    6281  6280    6281
6281    6281  6282    6282
6282    6282  6283    6283
6283    6284  6283    6284
6284    6285  6284    6285
6285    6285  6286    6286
6286    6286  6287    6287
6287    6287  6288    6288
6288    6288  6289    6289
6289    6290  6289    6290
6290    6291  6290    6291
6291    6291  6292    6292
6292    6292  6293    6293
6293    6293  6294    6294
6294    6294  6295    6295
6295    6296  6295    6296
6296    6297  6296    6297
6297    6297  6298    6298
6298    6298  6299    6299
6299    6299  6300    6300
6300    6300  6301    6301
6301    6301  6302    6302
6302    6302  6303    6303
6303    6303  6304    6304
6304    8703  6305    6305
6305    6305  6306    6306
6306    6307  6306    6307
6307    6307  6308    6308
6308    6999  6309    6309
6309    6309  6310    6310
6310    6976  6311    6311
6311    6311  6312    6312
6312    6312  6313    6313
6313    6313  6314    6314
6314    6314  6315    6315
6315    6315  6316    6316
6316    6316  6317    6317
6317    6317  6318    6318
6318    6318  6319    6319
6319    6320  6319    6320
6320    6320  6321    6321
6321    6321  6322    6322
6322    6322  6323    6323
6323    6323  6324    6324
6324    6324  6325    6325
6325    6325  6326    6326
6326    6326  6327    6327
6327    6327  6328    6328
6328    6329  6328    6329
6329    6329  6330    6330
6330    6330  6331    6331
6331    6331  6332    6332
6332    6332  6333    6333
6333    6333  6334    6334
6334    6334  6335    6335
6335    6335  6336    6336
6336    6336  6337    6337
6337    6337  6338    6338
6338    6339  6338    6339
6339    6339  6340    6340
6340    6341  6340    6341
6341    6342  6341    6342
6342    6343  6342    6343
6343    6343  6344    6344
6344    6344  6345    6345
6345    6345  6346    6346
6346    6346  6347    6347
6347    6347  6348    6348
6348    6349  6348    6349
6349    6349  6350    6350
6350    6350  6351    6351
6351    6352  6351    6352
6352    6352  6353    6353
6353    6354  6353    6354
6354    6354  6355    6355
6355    6355  6356    6356
6356    6356  6357    6357
6357    6357  6358    6358
6358    6358  6359    6359
6359    6359  6360    6360
6360    6360  6361    6361
6361    6361  6362    6362
6362    6362  6363    6363
6363    6363  6364    6364
6364    6364  6365    6365
6365    6365  6366    6366
6366    6366  6367    6367
6367    6367  6368    6368
6368    6369  6368    6369
6369    6369  6370    6370
6370    6370  6371    6371
6371    6371  6372    6372
6372    6372  6373    6373
6373    6374  6373    6374
6374    6374  6375    6375
6375    6375  6376    6376
6376    6376  6377    6377
6377    6378  6377    6378
6378    6378  6379    6379
6379    6379  6380    6380
6380    6381  6380    6381
6381    6381  6382    6382
6382    6382  6383    6383
6383    6383  6384    6384
6384    6384  6385    6385
6385    6386  6385    6386
6386    6386  6387    6387
6387    6387  6388    6388
6388    6388  6389    6389
6389    6390  6389    6390
6390    6390  6391    6391
6391    6392  6391    6392
6392    6392  6393    6393
6393    6393  6394    6394
6394    6395  6394    6395
6395    6395  6396    6396
6396    6396  6397    6397
6397    7074  6398    6398
6398    6399  6398    6399
6399    7018  6400    6400
6400    6400  6401    6401
6401    6401  6402    6402
6402    6402  6403    6403
6403    6403  6404    6404
6404    6404  6405    6405
6405    6405  6406    6406
6406    6406  6407    6407
6407    6407  6408    6408
6408    6408  6409    6409
6409    6409  6410    6410
6410    6410  6411    6411
6411    6411  6412    6412
6412    6412  6413    6413
6413    6413  6414    6414
6414    6414  6415    6415
6415    6415  6416    6416
6416    6416  6417    6417
6417    6417  6418    6418
6418    6418  6419    6419
6419    6419  6420    6420
6420    6420  6421    6421
6421    6421  6422    6422
6422    6422  6423    6423
6423    11485  6424    6424
6424    8056  6425    6425
6425    6425  6426    6426
6426    8057  6427    6427
6427    6427  6428    6428
6428    8582  6429    6429
6429    6430  6429    6430
6430    6431  6430    6431
6431    6431  6432    6432
6432    6432  6433    6433
6433    6433  6434    6434
6434    6434  6435    6435
6435    6435  6436    6436
6436    6436  6437    6437
6437    6437  6438    6438
6438    6438  6439    6439
6439    6439  6440    6440
6440    6440  6441    6441
6441    6441  6442    6442
6442    6442  6443    6443
6443    6443  6444    6444
6444    6444  6445    6445
6445    6445  6446    6446
6446    6446  6447    6447
6447    6447  6448    6448
6448    6448  6449    6449
6449    6449  6450    6450
6450    6450  6451    6451
6451    6451  6452    6452
6452    6452  6453    6453
6453    6453  6454    6454
6454    6455  6454    6455
6455    6455  6456    6456
6456    6456  6457    6457
6457    6457  6458    6458
6458    6458  6459    6459
6459    6459  6460    6460
6460    6460  6461    6461
6461    6461  6462    6462
6462    6462  6463    6463
6463    6463  6464    6464
6464    6464  6465    6465
6465    6465  6466    6466
6466    6466  6467    6467
6467    6467  6468    6468
6468    6468  6469    6469
6469    6469  6470    6470
6470    6470  6471    6471
6471    6471  6472    6472
6472    6472  6473    6473
6473    6473  6474    6474
6474    6474  6475    6475
6475    6475  6476    6476
6476    6476  6477    6477
6477    6477  6478    6478
6478    6479  6478    6479
6479    6479  6480    6480
6480    6480  6481    6481
6481    6482  6481    6482
6482    6482  6483    6483
6483    6483  6484    6484
6484    6484  6485    6485
6485    6485  6486    6486
6486    6486  6487    6487
6487    6487  6488    6488
6488    6488  6489    6489
6489    6489  6490    6490
6490    6490  6491    6491
6491    6491  6492    6492
6492    6492  6493    6493
6493    6493  6494    6494
6494    6494  6495    6495
6495    6495  6496    6496
6496    6496  6497    6497
6497    6497  6498    6498
6498    6499  6498    6499
6499    6499  6500    6500
6500    6500  6501    6501
6501    6501  6502    6502
6502    6502  6503    6503
6503    6503  6504    6504
6504    6504  6505    6505
6505    6505  6506    6506
6506    6506  6507    6507
6507    6507  6508    6508
6508    6508  6509    6509
6509    6509  6510    6510
6510    6510  6511    6511
6511    6511  6512    6512
6512    6512  6513    6513
6513    6513  6514    6514
6514    6515  6514    6515
6515    6515  9495    6516
6516    6516  7026    6517
6517    6517  6518    6518
6518    6518  6893    6519
6519    6519  6696    3218
6520    6520  9108    3219
6521    6521  9107    3311
6522    6522  3311    3312
6523    6523  6697    3373
6524    6524  3383    3383
6525    6525  3395    3396
6526    6526  19853    3421
6527    6527  19815    3422
6528    6528  19777    3423
6529    6529  19740    3424
6530    6530  19702    3425
6531    6531  19663    3426
6532    19625  3427    3427
6533    6533  17437    3429
6534    6534  12342    3432
6535    6535  10546    3433
6536    10358  3434    3434
6537    6537  12325    3437
6538    6538  12331    3438
6539    6539  12353    3439
6540    19542  19556    3442
6541    6541  19576    3443
6542    6542  19638    3444
6543    6543  19665    3445
6544    6544  19704    3446
6545    6545  19741    3447
6546    6546  19779    3448
6547    6547  19817    3449
6548    6548  20142    3450
6549    6549  11925    3452
6550    6550  11953    3453
6551    6551  11994    3454
6552    6552  15636    3456
6553    6553  13049    3458
6554    6554  13090    3459
6555    22276  3460    3460
6556    6556  22215    3462
6557    22155  3463    3463
6558    6558  22099    3465
6559    6559  21743    3467
6560    6560  21685    3468
6561    21434  21460    3469
6562    6562  21289    3471
6563    6563  21247    3472
6564    6564  21149    3475
6565    21114  3476    3476
6566    6566  21091    3477
6567    6567  21049    3478
6568    6568  21018    3479
6569    6569  20978    3480
6570    6570  20425    3486
6571    6571  20461    3487
6572    6572  20481    3488
6573    6573  20572    3489
6574    6574  20922    3491
6575    6575  20955    3492
6576    6576  21539    3493
6577    6577  21662    3494
6578    6578  21839    3495
6579    6579  22503    3501
6580    6580  22527    3502
6581    22714  22732    3506
6582    6582  22825    3508
6583    6583  22843    3509
6584    6584  23585    3514
6585    23493  23506    3516
6586    6586  23496    3517
6587    6587  23408    3518
6588    6588  23368    3519
6589    23341  3520    3520
6590    6590  23285    3522
6591    6591  23141    3524
6592    6592  23050    3526
6593    6593  24257    3529
6594    6594  24235    3530
6595    6595  24207    3531
6596    6596  22585    3533
6597    6597  22456    3534
6598    6598  22423    3535
6599    21802  3538    3538
6600    6600  21775    3539
6601    6601  21635    3540
6602    21319  3543    3543
6603    6603  20587    3544
6604    6604  20244    3545
6605    6605  19149    3548
6606    6606  17311    3549
6607    6607  15289    3550
6608    6608  15204    3553
6609    6609  10290    3556
6610    6610  10304    3557
6611    6611  12322    3560
6612    6612  17332    3561
6613    6613  19231    3564
6614    6614  19320    3567
6615    6615  19335    3569
6616    6616  19513    3574
6617    6617  20106    3576
6618    6618  20887    3583
6619    6619  20763    3584
6620    6620  20534    3588
6621    6621  20120    3589
6622    19333  3596    3596
6623    6623  19292    3598
6624    6624  17390    3602
6625    6625  10495    3604
6626    6626  10341    3605
6627    6627  9900    3607
6628    10297  6703    3609
6629    6629  15196    3612
6630    6630  19162    3616
6631    6631  19998    3617
6632    6632  20594    3620
6633    6633  21327    3621
6634    21355  3622    3622
6635    21501  3623    3623
6636    6636  21787    3625
6637    6637  21799    3626
6638    6638  22344    3627
6639    6639  22457    3630
6640    6640  22592    3631
6641    6641  22626    3632
6642    6642  24187    3633
6643    6643  24224    3634
6644    6644  24271    3635
6645    6645  23195    3636
6646    6646  23045    3638
6647    6647  23256    3641
6648    6648  23309    3643
6649    6649  23343    3644
6650    6650  23431    3646
6651    6651  23451    3647
6652    6652  23508    3648
6653    6653  23558    3649
6654    6654  23595    3650
6655    6655  23005    3651
6656    6656  22776    3657
6657    6657  22717    3659
6658    6658  22028    3664
6659    6659  21870    3668
6660    6660  21607    3670
6661    6661  21544    3671
6662    20952  3672    3672
6663    20919  3673    3673
6664    6664  20841    3674
6665    6665  20448    3677
6666    20426  20417    3678
6667    6667  20381    3679
6668    6668  21000    3685
6669    6669  21361    3686
6670    6670  21369    3687
6671    6671  21378    3688
6672    6672  21150    3689
6673    6673  21182    3690
6674    6674  21394    3693
6675    6675  21455    3695
6676    6676  21688    3696
6677    6677  22329    3699
6678    6678  22173    3701
6679    6679  22291    3704
6680    13078  13082    3705
6681    6681  10749    3707
6682    6682  15631    3708
6683    6683  14861    3709
6684    6684  11999    3710
6685    6685  11958    3711
6686    6686  11936    3712
6687    6687  11909    3713
6688    6688  17650    4239
6689    6689  11276    4941
6690    9388  4978    4979
6691    6691  17652    4981
6692    6692  17639    5418
6693    6693  17660    5421
6694    6694  17644    5445
6695    6695  6522    3312
6696    6696  3217    3218
6697    6697  3372    3373
6698    6698  22202    3702
6699    19495  3591    3591
6700    6700  20800    3581
6701    20536  20628    3577
6702    6702  19346    3596
6703    6703  9918    3609
6704    21354  21481    3542
6705    6705  21881    3497
6706    6706  3607    3608
6707    6711  6713    4426
6708    6712  4423    4424
6709    6713  6715    4426
6710    6714  6712    4424
6711    6715  6717    4426
6712    6716  6714    4424
6713    6717  6719    4426
6714    6718  6716    4424
6715    6719  6721    4426
6716    6720  6718    4424
6717    6721  6723    4426
6718    6722  6720    4424
6719    6723  4425    4426
6720    6726  6722    4424
6721    6729  6731    5222
6722    6730  5219    5220
6723    6731  6733    5222
6724    6732  6730    5220
6725    6733  6735    5222
6726    6734  6732    5220
6727    6735  6737    5222
6728    6736  6734    5220
6729    6737  6739    5222
6730    6738  6736    5220
6731    6739  5221    5222
6732    6740  6738    5220
6733    6750  4198    4198
6734    6751  6760    4966
6735    6757  4506    4506
6736    6758  6766    4504
6737    6759  6750    4198
6738    6760  6768    4966
6739    6765  6757    4506
6740    6766  6772    4504
6741    6768  6773    4966
6742    6772  6778    4504
6743    6773  4966    4966
6744    6778  6782    4504
6745    6782  6784    4504
6746    6784  6785    4504
6747    6785  4504    4504
6748    6799  4968    4968
6749    6804  6799    4968
6750    6806  6804    4968
6751    6807  6806    4968
6752    6808  6807    4968
6753    6812  4195    4196
6754    6818  6759    4198
6755    6824  6812    4196
6756    6829  6824    4196
6757    6831  6829    4196
6758    6844  4912    4912
6759    6846  6854    4507
6760    6853  6844    4912
6761    6854  6859    4507
6762    6858  6853    4912
6763    6905  4506    4507
6764    6871  4771    4771
6765    6884  6871    4771
6766    6885  6888    4910
6767    6888  6890    4910
6768    6890  6891    4910
6769    6891  4910    4910
6770    6893  3714    6519
6771    6905  6859    4507
6772    6912  3178    3178
6773    6913  7583    3184
6774    6952  3177    3178
6775    6915  3183    3184
6776    6922  6941    5718
6777    6923  5720    5720
6778    6924  6943    5549
6779    6925  5546    5547
6780    6938  7194    3178
6781    6941  6948    5718
6782    6942  6923    5720
6783    6943  6950    5549
6784    6944  6925    5547
6785    6947  6938    3178
6786    6948  5718    5718
6787    6949  6942    5720
6788    6950  5548    5549
6789    6951  6944    5547
6790    6952  6947    3178
6791    6953  6955    3182
6792    6955  6956    3182
6793    6956  7041    3182
6794    6976  6990    6311
6795    6977  6308    6309
6796    6980  3985    3985
6797    6981  6993    3983
6798    6982  6994    4816
6799    6983  4818    4818
6800    6990  6998    6311
6801    6991  6977    6309
6802    6992  6980    3985
6803    6993  7001    3983
6804    6994  7002    4816
6805    6995  6983    4818
6806    6998  6310    6311
6807    6999  6991    6309
6808    7000  6992    3985
6809    7001  3983    3983
6810    7002  4816    4816
6811    7003  6995    4818
6812    7004  7058    6115
6813    7010  7059    4703
6814    7018  7060    6400
6815    7019  6397    6398
6816    7020  4768    4769
6817    7021  4944    4945
6818    7022  7064    4947
6819    7066  4770    4771
6820    7026  7067    6517
6821    7041  3182    3182
6822    7058  6115    6115
6823    7059  7072    4703
6824    7060  7073    6400
6825    7061  7019    6398
6826    7062  7020    4769
6827    7063  7021    4945
6828    7064  7077    4947
6829    7066  7024    4771
6830    7118  6517    6517
6831    7072  4703    4703
6832    7073  6399    6400
6833    7074  7061    6398
6834    7075  7062    4769
6835    7076  7063    4945
6836    7077  7087    4947
6837    7084  7075    4769
6838    7087  4946    4947
6839    7105  7130    4567
6840    7106  4569    4569
6841    7108  7133    4153
6842    7109  4150    4151
6843    7118  7067    6517
6844    7129  4705    4705
6845    7130  7138    4567
6846    7131  7106    4569
6847    7133  7144    4153
6848    7134  7109    4151
6849    7137  7129    4705
6850    7138  4567    4567
6851    7141  7131    4569
6852    7144  4152    4153
6853    7147  7134    4151
6854    7161  4639    4639
6855    7168  7207    4081
6856    7169  4078    4079
6857    7172  3819    3820
6858    7173  7210    3822
6859    7175  4189    4190
6860    7176  4192    4192
6861    7177  7213    5689
6862    7178  5686    5687
6863    7179  7215    5669
6864    7180  5666    5667
6865    7182  7246    3184
6866    7193  3715    3715
6867    7194  6914    3178
6868    7205  7161    4639
6869    7207  7234    4081
6870    7208  7169    4079
6871    7209  7172    3820
6872    7210  3821    3822
6873    7212  4190    4190
6874    7213  5688    5689
6875    7214  7178    5687
6876    7215  7241    5669
6877    7216  7180    5667
6878    7230  7193    3715
6879    7232  7205    4639
6880    7234  4080    4081
6881    7237  7208    4079
6882    7241  7249    5669
6883    7246  6913    3184
6884    7249  5668    5669
6885    7268  3894    3895
6886    7269  7299    3897
6887    7270  7300    4305
6888    7271  4307    4307
6889    7272  7302    4382
6890    7273  4379    4380
6891    7274  4740    4740
6892    7275  7305    4738
6893    7278  5178    5178
6894    7279  7307    5176
6895    7298  7268    3895
6896    7299  3896    3897
6897    7300  4305    4305
6898    7301  7271    4307
6899    7302  4381    4382
6900    7303  7273    4380
6901    7304  7274    4740
6902    7305  4738    4738
6903    7306  7278    5178
6904    7307  5176    5176
6905    7336  7416    6117
6906    7337  7417    4363
6907    7338  4360    4361
6908    7340  7419    5910
6909    7341  5907    5908
6910    7353  7431    4187
6911    7354  4184    4185
6912    7355  4421    4421
6913    7356  7434    4419
6914    7357  4924    4924
6915    7359  4596    4597
6916    7360  7437    4599
6917    7361  6751    4966
6918    7412  3185    3185
6919    7413  7412    3185
6920    7416  6116    6117
6921    7417  4362    4363
6922    7418  7338    4361
6923    7419  5909    5910
6924    7431  7457    4187
6925    7432  7354    4185
6926    7434  4419    4419
6927    7436  7359    4597
6928    7437  4598    4599
6929    7457  4186    4187
6930    7496  3759    3759
6931    7498  6272    6273
6932    7499  7566    6275
6933    7500  7569    5622
6934    7501  5624    5624
6935    7502  4636    4637
6936    7503  7578    5224
6937    7504  5137    5137
6938    7507  6912    3178
6939    7533  4965    4965
6940    7563  7498    6273
6941    7566  6274    6275
6942    7569  5622    5622
6943    7572  7501    5624
6944    7575  7502    4637
6945    7578  5223    5224
6946    7582  3179    3179
6947    7583  6915    3184
6948    7602  3183    3190
6949    7668  3838    3839
6950    7669  7831    3841
6951    7670  4141    4142
6952    7671  7841    4144
6953    7672  4403    4403
6954    7850  4401    4401
6955    7853  4775    4775
6956    7675  4777    4777
6957    7677  3803    3804
6958    7678  3805    3806
6959    7680  4364    4365
6960    7681  4832    4832
6961    7682  4577    4578
6962    7683  4575    4576
6963    7700  4188    4189
6964    7704  4834    4835
6965    7711  5906    5907
6966    7717  3755    3756
6967    7718  5139    5140
6968    7735  6118    6118
6969    7738  6238    6239
6970    7739  4166    4167
6971    7740  4049    4050
6972    7742  4444    4445
6973    7743  4487    4488
6974    7747  4791    4792
6975    7749  7943    4760
6976    7828  7668    3839
6977    7831  3840    3841
6978    7834  7670    4142
6979    7841  4143    4144
6980    7848  7672    4403
6981    7850  7673    4401
6982    7853  7674    4775
6983    7855  7675    4777
6984    7860  7683    4576
6985    7887  4493    4494
6986    7888  5590    5591
6987    7894  4941    4942
6988    7923  4402    4403
6989    7928  4776    4777
6990    7934  7860    4576
6991    7943  4759    4760
6992    7945  4021    4022
6993    7962  4043    4043
6994    8049  5219    5219
6995    8056  6424    6425
6996    8057  6426    6427
6997    8058  5035    5035
6998    8059  5033    5033
6999    8062  3939    3940
7000    8063  3941    3942
7001    8064  4139    4140
7002    8065  4115    4116
7003    8066  4117    4118
7004    8069  4431    4432
7005    8070  4433    4434
7006    8072  4772    4773
7007    8075  4811    4811
7008    8079  4193    4193
7009    8109  8347    4925
7010    8114  5594    5594
7011    8117  4148    4148
7012    8161  4025    4025
7013    8162  4053    4054
7014    8174  5464    5465
7015    8176  4534    4535
7016    8180  4851    4852
7017    8182  4935    4936
7018    8184  4725    4726
7019    8188  4886    4887
7020    8189  5088    5089
7021    8209  5626    5627
7022    9201  4383    4383
7023    8236  5726    5727
7024    8240  4893    4894
7025    8329  8058    5035
7026    8332  8072    4773
7027    8333  8075    4811
7028    8347  4924    4925
7029    8369  3924    3925
7030    8372  5542    5543
7031    8402  4244    4245
7032    8415  4788    4789
7033    8424  4580    4581
7034    8452  8369    3925
7035    8469  4086    4086
7036    8470  4439    4440
7037    8499  8512    4397
7038    8502  4472    4473
7039    8512  4397    4397
7040    8546  4913    4913
7041    8550  3974    3974
7042    8552  4271    4271
7043    8554  4358    4359
7044    8555  4556    4556
7045    8556  4558    4558
7046    8557  3980    3981
7047    8573  4225    4225
7048    8574  4223    4223
7049    8575  8882    4338
7050    8580  4693    4693
7051    8581  4691    4691
7052    8582  6428    6429
7053    8608  3928    3928
7054    8611  8895    4933
7055    8617  4429    4429
7056    8676  4835    4836
7057    8681  4050    4051
7058    8682  4488    4489
7059    8693  6689    4941
7060    8703  6304    6305
7061    8704  3911    3912
7062    8705  3915    3916
7063    8713  4065    4066
7064    8718  4458    4459
7065    8725  4516    4517
7066    8730  4731    4732
7067    8731  4720    4721
7068    8736  4999    5000
7069    8738  8955    4985
7070    8744  4076    4077
7071    8755  4903    4904
7072    8803  4867    4867
7073    8877  3962    3963
7074    8882  4338    4338
7075    8895  4933    4933
7076    8923  8693    4941
7077    8934  4061    4062
7078    8955  4984    4985
7079    9004  9080    4906
7080    9022  8923    4941
7081    9025  4895    4895
7082    9030  8934    4062
7083    9080  4906    4906
7084    9095  3209    3209
7085    24390  6690    4979
7086    9102  3217    3217
7087    9104  3299    3300
7088    9105  3193    3194
7089    9107  3310    3311
7090    9108  3218    3219
7091    9119  4423    4423
7092    9120  6235    6236
7093    9124  4263    4263
7094    9127  4261    4261
7095    9128  4169    4170
7096    9131  4046    4047
7097    9133  9329    4448
7098    9134  4485    4485
7099    9137  4496    4497
7100    9141  4756    4757
7101    9146  9339    6242
7102    9147  4294    4294
7103    9151  4440    4441
7104    9154  4514    4515
7105    9158  4822    4823
7106    9161  4820    4821
7107    9169  5684    5685
7108    9174  4215    4216
7109    9180  4386    4387
7110    9184  3807    3807
7111    9190  4198    4199
7112    9197  4250    4251
7113    9201  8213    4383
7114    9221  3970    3971
7115    9228  4340    4341
7116    9278  4427    4428
7117    9318  9095    3209
7118    9321  9101    4979
7119    9329  4447    4448
7120    9339  6241    6242
7121    9355  9197    4251
7122    23917  4332    4332
7123    9388  9321    4979
7124    9395  9355    4251
7125    9406  9387    4332
7126    9422  9927    3558
7127    9448  3796    3796
7128    9449  3801    3802
7129    9450  4254    4254
7130    9458  4163    4164
7131    9465  4390    4391
7132    9466  5503    5504
7133    9477  4537    4538
7134    9486  9758    4873
7135    9487  4870    4871
7136    9492  9761    5092
7137    9495  6516    6516
7138    9496  6758    4504
7139    9498  6270    6271
7140    9502  5497    5498
7141    9506  4880    4881
7142    9513  5717    5717
7143    9523  9783    4120
7144    9542  5182    5182
7145    9558  3186    3186
7146    9570  4963    4963
7147    9573  4850    4851
7148    9694  9856    6179
7149    9707  4243    4243
7150    9712  4712    4713
7151    9720  6211    6211
7152    9721  3310    3310
7153    9743  3558    3558
7154    9746  9448    3796
7155    9750  9449    3802
7156    9758  4872    4873
7157    9761  5091    5092
7158    9783  4119    4120
7159    9797  4412    4413
7160    10268  4527    4528
7161    9856  6178    6179
7162    9874  9904    3559
7163    9900  3607    3607
7164    9904  3558    3559
7165    9917  3608    3608
7166    9918  3608    3609
7167    9922  9930    3606
7168    9925  3556    3556
7169    9926  6609    3556
7170    9927  9743    3558
7171    9929  10299    3558
7172    9930  10313    3606
7173    9931  10331    3559
7174    9932  6610    3557
7175    9948  3713    3713
7176    9949  6549    3452
7177    9950  26583    3397
7178    9951  23630    3397
7179    10353  3434    3435
7180    9954  9962    3436
7181    9955  3435    3435
7182    9956  9954    3436
7183    9957  12012    3436
7184    9958  9961    3435
7185    9959  6523    3373
7186    9961  9953    3435
7187    9962  9957    3436
7188    9977  6525    3396
7189    9979  10367    5447
7190    9980  3339    3339
7191    10014  4035    4035
7192    10021  3898    3899
7193    10024  4939    4939
7194    10034  4481    4481
7195    10035  5819    5820
7196    10036  4741    4742
7197    10037  3937    3938
7198    10040  4483    4483
7199    10090  5058    5058
7200    10120  6213    6214
7201    10136  4331    4332
7202    10138  10423    5402
7203    10187  3882    3883
7204    10212  3314    3314
7205    10233  23736    4027
7206    10238  4200    4201
7207    10268  9823    4528
7208    10290  9925    3556
7209    10293  9926    3556
7210    10297  6628    3609
7211    10298  10333    3560
7212    10299  9422    3558
7213    10300  3557    3557
7214    10304  10300    3557
7215    10312  10482    3607
7216    10313  3606    3606
7217    10314  10312    3607
7218    10329  9922    3606
7219    10331  3559    3559
7220    10333  10334    3560
7221    10334  3559    3560
7222    10337  10349    3605
7223    10341  10337    3605
7224    10490  3604    3605
7225    10349  3605    3605
7226    10353  9958    3435
7227    10357  6536    3434
7228    10358  10357    3434
7229    10361  10553    3437
7230    10363  10563    3374
7231    10367  5447    5447
7232    10384  10024    4939
7233    10408  5353    5354
7234    10416  3975    3976
7235    10423  5402    5402
7236    10459  10233    4027
7237    10474  10477    3555
7238    10475  15129    3610
7239    10476  3609    3609
7240    10477  3555    3555
7241    10482  6627    3607
7242    10490  10347    3605
7243    10491  6611    3560
7244    10495  10499    3604
7245    10499  3604    3604
7246    17315  3603    3604
7247    10525  10528    3437
7248    10527  10540    3434
7249    10528  3437    3437
7250    10532  6538    3438
7251    10535  10532    3438
7252    10540  6536    3434
7253    10546  10614    3433
7254    10552  3438    3438
7255    10553  6537    3437
7256    10563  3373    3374
7257    10585  3716    3717
7258    10614  3433    3433
7259    10625  10459    4027
7260    10749  12728    3707
7261    10750  12723    3457
7262    10865  6553    3458
7263    10867  6681    3707
7264    13055  3705    3706
7265    13052  10873    3706
7266    10943  6688    4239
7267    10954  4029    4030
7268    10956  4031    4032
7269    10988  24051    4336
7270    10992  24052    4334
7271    26568  5441    5442
7272    26576  5437    5438
7273    11167  23991    5428
7274    24375  5423    5424
7275    26579  5413    5414
7276    11184  5409    5410
7277    11191  5395    5396
7278    11196  5390    5391
7279    11197  24063    5389
7280    11202  5382    5383
7281    11205  5377    5378
7282    11207  24064    5376
7283    11210  5369    5370
7284    11213  5363    5364
7285    11217  5361    5362
7286    11260  4554    4555
7287    11276  18985    4941
7288    11367  25998    4981
7289    15348  5059    5060
7290    11450  5405    5406
7291    11481  4230    4230
7292    11485  6423    6424
7293    11512  4357    4358
7294    11523  4226    4226
7295    11564  4315    4315
7296    11604  3842    3843
7297    11718  6269    6270
7298    11803  4405    4405
7299    11820  3210    3210
7300    11908  9949    3452
7301    11909  9948    3713
7302    11919  3712    3713
7303    11923  3452    3452
7304    11925  11923    3452
7305    11933  3712    3712
7306    11936  11933    3712
7307    11939  6686    3712
7308    11940  11946    3453
7309    11946  6550    3453
7310    11953  11959    3453
7311    11958  11962    3711
7312    11959  3453    3453
7313    11962  3711    3711
7314    11967  6551    3454
7315    11979  11984    3711
7316    11980  12000    3454
7317    11984  6685    3711
7318    11991  11979    3711
7319    11994  11980    3454
7320    11999  3710    3710
7321    12000  3454    3454
7322    12006  14854    3455
7323    12007  12006    3455
7324    12011  3370    3371
7325    12012  3436    3436
7326    12123  4927    4927
7327    12313  3216    3216
7328    12320  15117    3610
7329    12322  3560    3560
7330    12323  6625    3604
7331    12324  17330    3561
7332    12325  10525    3437
7333    12329  6535    3433
7334    12331  10552    3438
7335    12338  6539    3439
7336    12341  12358    3439
7337    12342  12346    3432
7338    12346  3432    3432
7339    12353  12341    3439
7340    12357  12367    3432
7341    12358  3439    3439
7342    12361  12364    3440
7343    12362  12380    3431
7344    12364  3439    3440
7345    12367  6534    3432
7346    12374  12357    3432
7347    12376  3431    3431
7348    12380  12376    3431
7349    12385  3430    3431
7350    12723  3457    3457
7351    12727  12735    3457
7352    12728  3707    3707
7353    12734  6682    3708
7354    12735  10750    3457
7355    13046  13064    3458
7356    13049  13046    3458
7357    13052  10874    3706
7358    13062  10873    3706
7359    13062  13055    3706
7360    13064  3458    3458
7361    13067  6554    3459
7362    13070  13067    3459
7363    13078  6680    3705
7364    13082  3705    3705
7365    13088  3459    3459
7366    13090  13088    3459
7367    13972  11260    4555
7368    14238  18459    4981
7369    14448  11523    4226
7370    14844  12007    3455
7371    14850  17185    3710
7372    15662  3455    3455
7373    14857  14850    3710
7374    14861  3709    3709
7375    15649  3708    3709
7376    15044  5061    5062
7377    15050  3189    3189
7378    15106  15107    3555
7379    15107  10474    3555
7380    15158  3553    3554
7381    15114  15171    3611
7382    15117  10475    3610
7383    15127  15134    3610
7384    15129  15127    3610
7385    15133  15139    3554
7386    15134  3610    3610
7387    15137  15114    3611
7388    15139  3554    3554
7389    15148  15137    3611
7390    15151  15133    3554
7391    15153  15113    3554
7392    15155  15178    3611
7393    15158  15153    3554
7394    15161  15164    3553
7395    15164  3553    3553
7396    15171  15155    3611
7397    15177  6629    3612
7398    15178  3611    3611
7399    15182  15177    3612
7400    15187  6608    3553
7401    15188  15205    3612
7402    15236  3551    3552
7403    15192  15221    3613
7404    15218  15191    3552
7405    15196  15188    3612
7406    15204  15161    3553
7407    15205  3612    3612
7408    15210  15212    3613
7409    15212  15192    3613
7410    15218  15193    3552
7411    15221  15231    3613
7412    15222  15191    3552
7413    15231  3613    3613
7414    15236  15222    3552
7415    15239  15270    3614
7416    15240  15244    3551
7417    15241  15239    3614
7418    15244  15246    3551
7419    15246  3551    3551
7420    15258  3614    3614
7421    15296  3614    3615
7422    15262  15240    3551
7423    15270  15258    3614
7424    15276  15262    3551
7425    15279  15282    3550
7426    15282  3550    3550
7427    15289  15279    3550
7428    19113  3549    3550
7429    15296  15261    3615
7430    15300  6607    3550
7431    19135  3615    3615
7432    15305  15301    3615
7433    15315  12324    3561
7434    15337  17399    3440
7435    15348  11390    5060
7436    15625  12727    3457
7437    15627  15648    3708
7438    15628  3456    3456
7439    15631  15627    3708
7440    15636  15628    3456
7441    15655  3455    3456
7442    15648  3708    3708
7443    15649  14867    3709
7444    15655  15641    3456
7445    15662  14854    3455
7446    15671  6683    3709
7447    17185  6684    3710
7448    17311  19107    3549
7449    17315  10509    3604
7450    17351  3602    3603
7451    17320  17318    3603
7452    17323  17355    3562
7453    17324  17345    3562
7454    17330  6612    3561
7455    17331  3561    3561
7456    17332  17331    3561
7457    17340  17324    3562
7458    17345  17323    3562
7459    17351  17318    3603
7460    17355  3562    3562
7461    17356  17357    3563
7462    17357  3562    3563
7463    17362  17371    3602
7464    17365  3602    3602
7465    17371  6624    3602
7466    17380  17381    3601
7467    17381  3601    3601
7468    17390  17365    3602
7469    17398  17409    3430
7470    17399  3440    3440
7471    17401  17407    3441
7472    17403  18705    3430
7473    17418  3440    3441
7474    17409  17403    3430
7475    17415  3429    3430
7476    17418  17407    3441
7477    17428  17431    3441
7478    17431  3441    3441
7479    17437  3429    3429
7480    17441  19536    3442
7481    17442  17446    3429
7482    17446  6533    3429
7483    17451  19605    3428
7484    17469  6181    6182
7485    17474  6186    6187
7486    17491  6196    6197
7487    17573  6205    6206
7488    17639  5417    5418
7489    17640  6692    5418
7490    17643  6694    5445
7491    17644  5444    5445
7492    17650  24420    4239
7493    17652  14238    4981
7494    17660  5420    5421
7495    17808  6232    6233
7496    17844  3799    3800
7497    17886  3977    3978
7498    17907  4227    4228
7499    18099  5678    5679
7500    18104  5680    5681
7501    18108  5670    5671
7502    18110  5674    5675
7503    18220  5446    5447
7504    18227  5433    5434
7505    20895  5431    5432
7506    18235  6693    5421
7507    18240  11182    5414
7508    18251  5393    5394
7509    18259  5380    5381
7510    18272  5367    5368
7511    18274  11213    5364
7512    18279  5358    5359
7513    18280  5351    5352
7514    18283  5346    5347
7515    18285  5344    5345
7516    18287  5339    5340
7517    18290  5337    5338
7518    18294  5332    5333
7519    18299  5324    5325
7520    18444  4958    4959
7521    18459  24094    4981
7522    18490  11390    5060
7523    18642  4124    4124
7524    18702  17380    3601
7525    19253  3599    3600
7526    18704  19255    3565
7527    18705  3430    3430
7528    18761  6220    6221
7529    18846  6227    6228
7530    18916  5672    5673
7531    18944  11167    5428
7532    18946  11172    5424
7533    18949  11184    5410
7534    18950  5407    5408
7535    18959  5372    5372
7536    18985  4940    4941
7537    19107  3549    3549
7538    19113  15293    3550
7539    19129  19181    3616
7540    19131  19129    3616
7541    19135  15301    3615
7542    19138  19140    3549
7543    19140  6606    3549
7544    19147  19138    3549
7545    19149  3548    3548
7546    19150  19156    3616
7547    19155  19165    3548
7548    19156  3616    3616
7549    19162  19150    3616
7550    19165  6605    3548
7551    19167  19188    3617
7552    19172  19155    3548
7553    19174  19167    3617
7554    19999  3546    3547
7555    19180  19179    3547
7556    19181  6630    3616
7557    19188  6631    3617
7558    19195  3547    3547
7559    19201  20031    3618
7560    19202  19201    3618
7561    19208  3563    3563
7562    19212  6613    3564
7563    19213  19212    3564
7564    19230  3564    3564
7565    19231  19230    3564
7566    19238  19239    3600
7567    19239  3600    3600
7568    19248  18704    3565
7569    19253  19256    3600
7570    19255  19268    3565
7571    19256  18703    3600
7572    19282  3598    3599
7573    19265  19264    3599
7574    19268  3565    3565
7575    19275  20045    3566
7576    19276  3599    3599
7577    19280  19275    3566
7578    19282  19284    3599
7579    19284  19264    3599
7580    19292  3598    3598
7581    19293  3566    3566
7582    19301  3566    3567
7583    19300  6623    3598
7584    19301  19295    3567
7585    19304  6614    3567
7586    19314  19324    3597
7587    19315  19344    3568
7588    19319  3597    3597
7589    19320  3567    3567
7590    19324  19319    3597
7591    19329  19314    3597
7592    19333  6622    3596
7593    19335  19347    3569
7594    19342  6615    3569
7595    19344  3568    3568
7596    19345  19315    3568
7597    19346  6622    3596
7598    19347  3569    3569
7599    19353  19381    3570
7600    19354  6702    3596
7601    19355  19367    3595
7602    19356  19353    3570
7603    19367  19372    3595
7604    19372  3595    3595
7605    19381  19387    3570
7606    19386  19355    3595
7607    19387  3570    3570
7608    19395  19386    3595
7609    19412  3593    3594
7610    19401  19419    3571
7611    19403  19401    3571
7612    19404  3594    3594
7613    19412  19414    3594
7614    19414  19400    3594
7615    19419  19425    3571
7616    19423  19448    3572
7617    19424  19433    3593
7618    19425  3571    3571
7619    19432  19441    3572
7620    19433  3593    3593
7621    19441  19423    3572
7622    19447  19449    3593
7623    19448  3572    3572
7624    19449  19424    3593
7625    19457  19476    3573
7626    19458  19462    3592
7627    19462  19464    3592
7628    19463  19471    3573
7629    19464  3592    3592
7630    19471  19457    3573
7631    19475  19458    3592
7632    19476  3573    3573
7633    19487  19475    3592
7634    19490  19502    3574
7635    19495  6699    3591
7636    19520  3590    3591
7637    19501  3574    3574
7638    19502  6616    3574
7639    19513  19501    3574
7640    19520  19498    3591
7641    19521  20083    3575
7642    19526  20063    3575
7643    19528  20079    3590
7644    20072  19528    3590
7645    19532  6699    3591
7646    19536  6540    3442
7647    19559  6540    3442
7648    19545  19591    3429
7649    19547  19572    3443
7650    19550  19552    3442
7651    19551  19547    3443
7652    19552  3442    3442
7653    19556  19550    3442
7654    19559  19542    3442
7655    19572  6541    3443
7656    19576  20126    3443
7657    19580  19584    3428
7658    19584  3428    3428
7659    19586  3428    3429
7660    19591  17442    3429
7661    19597  17451    3428
7662    19619  3427    3428
7663    19609  6542    3444
7664    19613  19609    3444
7665    19619  19605    3428
7666    19624  6532    3427
7667    19625  19624    3427
7668    19638  3444    3444
7669    19643  19646    3427
7670    19645  19657    3445
7671    19646  6532    3427
7672    19657  6543    3445
7673    19663  19666    3426
7674    19665  19677    3445
7675    19666  3426    3426
7676    19677  3445    3445
7677    19683  19686    3426
7678    19685  19697    3446
7679    19686  6531    3426
7680    19697  6544    3446
7681    19702  19705    3425
7682    19704  19716    3446
7683    19705  3425    3425
7684    19716  3446    3446
7685    19722  19725    3425
7686    19724  19734    3447
7687    19725  6530    3425
7688    19734  6545    3447
7689    19740  19742    3424
7690    19741  19753    3447
7691    19742  3424    3424
7692    19753  3447    3447
7693    19758  19761    3424
7694    19760  19772    3448
7695    19761  6529    3424
7696    19772  6546    3448
7697    19777  19780    3423
7698    19779  19791    3448
7699    19780  3423    3423
7700    19791  3448    3448
7701    19796  19799    3423
7702    19798  19810    3449
7703    19799  6528    3423
7704    19810  6547    3449
7705    19815  19818    3422
7706    19817  19829    3449
7707    19818  3422    3422
7708    19829  3449    3449
7709    19834  19837    3422
7710    19836  19848    3450
7711    19837  6527    3422
7712    19848  6548    3450
7713    19853  3421    3421
7714    19854  19875    3450
7715    19857  19863    3421
7716    19858  19872    3451
7717    20323  19890    3484
7718    19861  20499    3681
7719    19863  6526    3421
7720    19867  19858    3451
7721    19872  3420    3451
7722    19873  19857    3421
7723    19875  3450    3450
7724    20164  3482    3483
7725    19884  20175    3682
7726    20159  19883    3483
7727    19890  20332    3484
7728    19946  5385    5385
7729    19990  19202    3618
7730    19998  3617    3617
7731    19999  19179    3547
7732    20006  3618    3618
7733    20009  20016    3546
7734    20011  20012    3546
7735    20012  3546    3546
7736    20016  20011    3546
7737    20017  20246    3619
7738    20022  20017    3619
7739    20025  20009    3546
7740    20272  3619    3619
7741    20031  20006    3618
7742    20045  19293    3566
7743    20063  19521    3575
7744    20072  19529    3590
7745    20090  3589    3590
7746    20083  20111    3575
7747    20087  6617    3576
7748    20090  20079    3590
7749    20101  3589    3589
7750    20101  20094    3589
7751    20106  20117    3576
7752    20111  3575    3575
7753    20117  3576    3576
7754    20120  20094    3589
7755    20126  3443    3443
7756    20142  19854    3450
7757    20145  20168    3682
7758    20148  20151    3681
7759    20151  3681    3681
7760    20156  3483    3483
7761    20159  19887    3483
7762    20160  20145    3682
7763    20164  19883    3483
7764    20168  19884    3682
7765    20175  3682    3682
7766    20184  20187    3482
7767    20185  20215    3683
7768    20187  20193    3482
7769    20188  20202    3683
7770    20193  3482    3482
7771    20202  20185    3683
7772    20209  20211    3482
7773    20522  3683    3683
7774    20211  20184    3482
7775    20215  20210    3683
7776    20223  20511    3481
7777    20224  20515    3684
7778    20226  20504    3481
7779    20244  20250    3545
7780    20246  20026    3619
7781    20250  3545    3545
7782    20259  20266    3620
7783    20262  20259    3620
7784    20265  20275    3545
7785    20266  6632    3620
7786    20272  20026    3619
7787    20275  6604    3545
7788    20293  20087    3576
7789    20309  6621    3589
7790    20312  6701    3577
7791    20323  19860    3484
7792    20327  19860    3484
7793    20332  3483    3484
7794    20334  19861    3681
7795    20377  3679    3680
7796    20341  20374    3485
7797    20346  20356    3680
7798    20347  3484    3484
7799    20351  20341    3485
7800    20356  3680    3680
7801    20364  20351    3485
7802    20369  20346    3680
7803    20371  20340    3680
7804    20374  20393    3485
7805    20377  20371    3680
7806    20381  20384    3679
7807    20384  3679    3679
7808    20393  3485    3485
7809    20401  3485    3486
7810    20401  20395    3486
7811    20406  6667    3679
7812    20409  20406    3679
7813    20417  20418    3678
7814    20418  3678    3678
7815    20425  20542    3486
7816    20426  6666    3678
7817    20432  20439    3678
7818    20433  6571    3487
7819    20434  20433    3487
7820    20439  6666    3678
7821    20444  20432    3678
7822    20448  20450    3677
7823    20450  3677    3677
7824    20457  3487    3487
7825    20461  20457    3487
7826    20468  6665    3677
7827    20470  20488    3488
7828    20472  20468    3677
7829    20477  20496    3676
7830    20490  20477    3676
7831    20480  3488    3488
7832    20481  20480    3488
7833    20488  6572    3488
7834    20490  20478    3676
7835    20559  3675    3676
7836    20499  20148    3681
7837    20501  20224    3684
7838    20504  3481    3481
7839    20511  20226    3481
7840    20513  20223    3481
7841    20515  20866    3684
7842    20518  20501    3684
7843    20522  20210    3683
7844    20526  20598    3544
7845    20527  20265    3545
7846    20534  20612    3588
7847    20621  6701    3577
7848    20542  3486    3486
7849    20550  6573    3489
7850    20551  20550    3489
7851    20559  20496    3676
7852    20823  3674    3675
7853    20566  20563    3675
7854    20567  20566    3675
7855    20572  20806    3489
7856    20587  20526    3544
7857    21308  3543    3544
7858    20594  3620    3620
7859    20598  3544    3544
7860    20602  21316    3621
7861    20604  20602    3621
7862    20612  3588    3588
7863    20621  20536    3577
7864    20627  20635    3588
7865    20628  3577    3577
7866    20661  20634    3578
7867    20632  20642    3587
7868    20652  3577    3578
7869    20635  6620    3588
7870    20642  20643    3587
7871    20643  3587    3587
7872    20652  20634    3578
7873    20661  20631    3578
7874    20664  20666    3587
7875    20665  20686    3578
7876    20666  20632    3587
7877    20670  20665    3578
7878    20678  20689    3586
7879    20679  20711    3579
7880    20686  3578    3578
7881    20689  20691    3586
7882    20690  20707    3579
7883    20691  3586    3586
7884    20697  20690    3579
7885    20707  20679    3579
7886    20710  20713    3586
7887    20711  20726    3579
7888    20713  20678    3586
7889    20760  3584    3585
7890    20722  20754    3580
7891    20723  20734    3585
7892    20726  3579    3579
7893    20734  3585    3585
7894    20741  20722    3580
7895    20742  20741    3580
7896    20747  20723    3585
7897    20749  20721    3585
7898    20752  3580    3580
7899    20754  20752    3580
7900    20760  20749    3585
7901    20763  20766    3584
7902    20766  3584    3584
7903    20773  20782    3581
7904    20777  20773    3581
7905    20781  20788    3584
7906    20782  6700    3581
7907    20788  6619    3584
7908    20800  3581    3581
7909    20805  20833    3490
7910    20806  3489    3489
7911    20811  20805    3490
7912    20823  20824    3675
7913    20824  20563    3675
7914    20830  20838    3490
7915    20832  3674    3674
7916    20833  20830    3490
7917    20838  3490    3490
7918    20841  20832    3674
7919    20845  6664    3674
7920    20846  20974    3491
7921    20853  20846    3491
7922    20865  21303    3480
7923    20866  3684    3684
7924    20989  3684    3685
7925    20887  3583    3583
7926    20890  20892    3582
7927    20891  20899    3583
7928    20892  3582    3582
7929    20893  20891    3583
7930    20895  18228    5432
7931    20898  20890    3582
7932    20899  6618    3583
7933    20905  5432    5432
7934    20911  20845    3674
7935    20919  6663    3673
7936    20922  3491    3491
7937    20927  20940    3492
7938    20947  3672    3673
7939    20933  6663    3673
7940    20940  6575    3492
7941    20947  20930    3673
7942    20966  6662    3672
7943    20952  20951    3672
7944    20955  20957    3492
7945    20957  3492    3492
7946    20966  20951    3672
7947    20967  6576    3493
7948    20974  6574    3491
7949    20978  20865    3480
7950    20994  3479    3480
7951    20989  20874    3685
7952    20990  6668    3685
7953    20994  20983    3480
7954    20999  3479    3479
7955    21000  3685    3685
7956    21008  21026    3686
7957    21018  20999    3479
7958    21021  6568    3479
7959    21026  6669    3686
7960    21033  21021    3479
7961    21037  3478    3478
7962    21038  3686    3686
7963    21042  21059    3687
7964    21049  21037    3478
7965    21052  6567    3478
7966    21059  6670    3687
7967    21071  21052    3478
7968    21080  3477    3477
7969    21077  3687    3687
7970    21080  21076    3477
7971    21085  21100    3688
7972    21089  21042    3687
7973    21091  21076    3477
7974    21094  6566    3477
7975    21100  6671    3688
7976    21108  21094    3477
7977    21128  6565    3476
7978    21116  3688    3688
7979    21122  21137    3689
7980    21126  21085    3688
7981    21128  21114    3476
7982    21131  6565    3476
7983    21137  6672    3689
7984    21145  21131    3476
7985    21149  3475    3475
7986    21150  3689    3689
7987    21158  21177    3690
7988    21159  21176    3475
7989    21166  21122    3689
7990    21168  21158    3690
7991    21176  6564    3475
7992    21177  6673    3690
7993    21182  21194    3690
7994    21184  21159    3475
7995    21215  3473    3474
7996    21191  21213    3691
7997    21192  21190    3474
7998    21194  3690    3690
7999    21199  21191    3691
8000    21200  21199    3691
8001    21210  3474    3474
8002    21213  21216    3691
8003    21215  21224    3474
8004    21216  3691    3691
8005    21250  3691    3692
8006    21224  21190    3474
8007    21232  21237    3473
8008    21233  3473    3473
8009    21237  21233    3473
8010    21242  21232    3473
8011    21247  21253    3472
8012    21250  21218    3692
8013    21252  21242    3473
8014    21253  3472    3472
8015    21271  3692    3692
8016    21275  21279    3472
8017    21277  21299    3693
8018    21279  6563    3472
8019    21287  21275    3472
8020    21289  3471    3471
8021    21291  21277    3693
8022    21299  6674    3693
8023    21303  3480    3480
8024    21308  20591    3544
8025    21316  6633    3621
8026    21319  6602    3543
8027    21324  21328    3543
8028    21327  3621    3621
8029    21328  6602    3543
8030    21335  21347    3622
8031    21346  21324    3543
8032    21347  6634    3622
8033    21495  6704    3542
8034    21478  6634    3622
8035    21359  21545    3493
8036    21361  21038    3686
8037    21369  21077    3687
8038    21378  21116    3688
8039    21391  21446    3693
8040    21393  21405    3471
8041    21394  21391    3693
8042    21398  21399    3694
8043    21416  3693    3694
8044    21405  6562    3471
8045    21431  3469    3470
8046    21413  21393    3471
8047    21415  21447    3470
8048    21416  21399    3694
8049    21421  3694    3694
8050    21422  21421    3694
8051    21431  21454    3470
8052    21432  6675    3695
8053    21463  6561    3469
8054    21435  21432    3695
8055    21444  3695    3695
8056    21446  3693    3693
8057    21447  3470    3470
8058    21454  21410    3470
8059    21455  21444    3695
8060    21460  3469    3469
8061    21463  21434    3469
8062    21473  21335    3622
8063    21478  21355    3622
8064    21481  3542    3542
8065    21484  21492    3623
8066    21486  21484    3623
8067    21492  6635    3623
8068    21495  21354    3542
8069    21504  6635    3623
8070    21504  21501    3623
8071    21510  6704    3542
8072    21511  21517    3541
8073    21512  21594    3624
8074    21513  3541    3541
8075    21517  21513    3541
8076    21518  21512    3624
8077    21632  3540    3541
8078    21526  21650    3624
8079    21537  6662    3672
8080    21539  21359    3493
8081    21544  21553    3671
8082    21545  3493    3493
8083    21550  21577    3494
8084    21553  3671    3671
8085    21561  21550    3494
8086    21566  21570    3671
8087    21570  6661    3671
8088    21577  6577    3494
8089    21587  21687    3696
8090    21594  21526    3624
8091    21598  21511    3541
8092    21604  21566    3671
8093    21607  3670    3670
8094    21832  3669    3670
8095    21623  21587    3696
8096    21632  21523    3541
8097    21635  21640    3540
8098    21640  3540    3540
8099    21650  3624    3624
8100    21652  21771    3625
8101    21654  21652    3625
8102    21658  21761    3540
8103    21662  3494    3494
8104    21677  21830    3495
8105    21682  6561    3469
8106    21684  3696    3696
8107    21685  21698    3468
8108    21687  6676    3696
8109    21688  21684    3696
8110    21724  21705    3697
8111    21698  3468    3468
8112    21711  3696    3697
8113    21711  21705    3697
8114    21713  21715    3468
8115    21715  6560    3468
8116    21724  21697    3697
8117    21737  21697    3697
8118    21737  21727    3697
8119    21739  3467    3467
8120    21742  6559    3467
8121    21743  21739    3467
8122    21750  22091    3698
8123    21751  22065    3466
8124    21753  22077    3698
8125    21761  6601    3540
8126    21766  21658    3540
8127    21770  3539    3539
8128    21771  6636    3625
8129    21775  21770    3539
8130    21779  6600    3539
8131    21780  21815    3626
8132    21787  3625    3625
8133    21791  21779    3539
8134    21794  3626    3626
8135    21799  21794    3626
8136    21802  6599    3538
8137    22337  3537    3538
8138    21815  6637    3626
8139    21819  21677    3495
8140    21827  6660    3670
8141    21830  6578    3495
8142    21832  21615    3670
8143    21853  3668    3669
8144    21838  21834    3669
8145    21839  3495    3495
8146    21842  21855    3496
8147    21851  21842    3496
8148    21853  21834    3669
8149    21855  3496    3496
8150    21858  21851    3496
8151    21870  21872    3668
8152    21872  3668    3668
8153    21879  21895    3497
8154    21881  21879    3497
8155    21882  6705    3497
8156    21894  21897    3668
8157    21895  3497    3497
8158    21897  6659    3668
8159    21905  21942    3498
8160    21906  21907    3667
8161    21907  21908    3667
8162    21908  3667    3667
8163    21917  21905    3498
8164    21918  21917    3498
8165    21928  21932    3667
8166    21932  21906    3667
8167    21983  3665    3666
8168    21938  21976    3499
8169    21940  3498    3498
8170    21942  21940    3498
8171    21948  21928    3667
8172    21951  3666    3666
8173    21954  21938    3499
8174    21956  21954    3499
8175    21963  21951    3666
8176    21966  21937    3666
8177    21972  21988    3499
8178    21976  21972    3499
8179    21983  21966    3666
8180    21986  22015    3500
8181    21998  3665    3665
8182    21988  3499    3499
8183    21991  21986    3500
8184    21996  21987    3665
8185    21997  21991    3500
8186    21998  21996    3665
8187    22011  3500    3500
8188    22015  22011    3500
8189    22018  21987    3665
8190    22025  22049    3664
8191    22028  22025    3664
8192    22033  3663    3664
8193    22035  22044    3501
8194    22038  22035    3501
8195    22044  6579    3501
8196    22049  3664    3664
8197    22062  21742    3467
8198    22065  22069    3466
8199    22069  3466    3466
8200    22075  3698    3698
8201    22077  21750    3698
8202    22084  3697    3698
8203    22091  22075    3698
8204    22093  21751    3466
8205    22099  22101    3465
8206    22100  22108    3699
8207    22101  3465    3465
8208    22108  3699    3699
8209    22109  6558    3465
8210    22116  6677    3699
8211    22120  22109    3465
8212    22144  3463    3464
8213    22125  22162    3700
8214    22129  22125    3700
8215    22131  22129    3700
8216    22137  3464    3464
8217    22144  22147    3464
8218    22145  22171    3700
8219    22147  22124    3464
8220    22179  6557    3463
8221    22155  22154    3463
8222    22156  6678    3701
8223    22160  22184    3701
8224    22162  22145    3700
8225    22171  3700    3700
8226    22173  22160    3701
8227    22179  22154    3463
8228    22184  3701    3701
8229    22191  6557    3463
8230    22193  22209    3462
8231    22197  6698    3702
8232    22200  22220    3702
8233    22202  22200    3702
8234    22209  3462    3462
8235    22215  22193    3462
8236    22219  22223    3462
8237    22220  3702    3702
8238    22223  6556    3462
8239    22231  22256    3461
8240    22232  22259    3703
8241    22235  22241    3461
8242    22236  22251    3703
8243    22238  22236    3703
8244    22241  3461    3461
8245    22251  22232    3703
8246    22256  22235    3461
8247    22258  22231    3461
8248    22259  22264    3703
8249    22264  3703    3703
8250    22269  22258    3461
8251    22272  22281    3704
8252    22276  6555    3460
8253    22281  6679    3704
8254    22288  22296    3460
8255    22289  3704    3704
8256    22291  22289    3704
8257    22296  6555    3460
8258    22297  6680    3705
8259    22302  22288    3460
8260    22310  6599    3538
8261    22311  22366    3627
8262    22508  3662    3663
8263    22329  22100    3699
8264    22337  21813    3538
8265    22341  3627    3627
8266    22342  22362    3537
8267    22343  22371    3628
8268    22344  22341    3627
8269    22358  22342    3537
8270    22352  22343    3628
8271    22358  22351    3537
8272    22378  3536    3537
8273    22366  6638    3627
8274    22402  3628    3628
8275    22371  22368    3628
8276    22378  22362    3537
8277    22381  22386    3536
8278    22382  22414    3629
8279    22388  3536    3536
8280    22388  22386    3536
8281    22393  22409    3629
8282    22398  22393    3629
8283    22402  22368    3628
8284    22422  3535    3536
8285    22409  22382    3629
8286    22414  3629    3629
8287    22417  22381    3536
8288    22422  22406    3536
8289    22423  22424    3535
8290    22424  3535    3535
8291    22437  6639    3630
8292    22442  22446    3535
8293    22444  22472    3630
8294    22446  6598    3535
8295    22454  22442    3535
8296    22456  22458    3534
8297    22457  22444    3630
8298    22458  3534    3534
8299    22470  22487    3631
8300    22472  3630    3630
8301    22475  3630    3631
8302    22479  22480    3534
8303    22480  6597    3534
8304    22487  6640    3631
8305    22493  22574    3533
8306    22501  3663    3663
8307    22503  3501    3501
8308    22508  22322    3663
8309    22510  22514    3502
8310    22514  6580    3502
8311    22523  3502    3502
8312    22545  3661    3662
8313    22525  22546    3503
8314    22527  22523    3502
8315    22532  22525    3503
8316    22533  22532    3503
8317    22534  3662    3662
8318    22545  22547    3662
8319    22546  22553    3503
8320    22547  22524    3662
8321    22553  3503    3503
8322    22562  22637    3661
8323    22665  22804    3504
8324    22564  22635    3661
8325    22574  3533    3533
8326    22585  22493    3533
8327    22587  22606    3632
8328    22588  6596    3533
8329    22592  3631    3631
8330    22593  22587    3632
8331    22596  22588    3533
8332    22599  22602    3532
8333    22602  3532    3532
8334    22606  6641    3632
8335    22620  22656    3504
8336    22626  3632    3632
8337    22631  22620    3504
8338    22635  3661    3661
8339    22637  22564    3661
8340    22668  3660    3661
8341    22656  22563    3504
8342    22796  22563    3504
8343    22668  22644    3661
8344    22693  3659    3660
8345    22671  22686    3505
8346    22672  22670    3660
8347    22673  22672    3660
8348    22677  22671    3505
8349    22681  22694    3505
8350    22686  22681    3505
8351    22693  22705    3660
8352    22694  3505    3505
8353    22696  22697    3659
8354    22697  3659    3659
8355    22705  22670    3660
8356    22712  6581    3506
8357    22730  6581    3506
8358    22717  22696    3659
8359    22722  6657    3659
8360    22748  3657    3658
8361    22728  22763    3507
8362    22729  22727    3658
8363    22730  22714    3506
8364    22732  3506    3506
8365    22737  3658    3658
8366    22742  22788    3507
8367    22748  22750    3658
8368    22750  22727    3658
8369    22758  22742    3507
8370    22763  3507    3507
8371    22779  3507    3508
8372    22767  22770    3657
8373    22770  3657    3657
8374    22776  22767    3657
8375    22778  6656    3657
8376    22779  22764    3508
8377    22785  6582    3508
8378    22788  22728    3507
8379    22796  22665    3504
8380    22801  22562    3661
8381    22804  3504    3504
8382    22817  22820    3656
8383    22820  22821    3656
8384    22821  3656    3656
8385    22825  3508    3508
8386    22830  22838    3509
8387    22838  6583    3509
8388    22842  22933    3656
8389    22843  22851    3509
8390    22849  22877    3510
8391    22850  22866    3655
8392    22851  3509    3509
8393    22854  3655    3655
8394    22855  22849    3510
8395    22858  22855    3510
8396    22866  22854    3655
8397    22871  22876    3655
8398    22876  22850    3655
8399    22877  22902    3510
8400    22880  22871    3655
8401    22941  3653    3654
8402    22885  22912    3511
8403    22886  22884    3654
8404    22887  22886    3654
8405    22889  22885    3511
8406    22899  22927    3511
8407    22902  3510    3510
8408    22911  22919    3654
8409    22912  22899    3511
8410    22919  22884    3654
8411    22927  3511    3511
8412    22933  22817    3656
8413    22941  22911    3654
8414    22943  22967    3512
8415    22944  22954    3653
8416    22946  3653    3653
8417    22947  22961    3512
8418    22950  22947    3512
8419    22954  22946    3653
8420    22958  3652    3653
8421    22961  22943    3512
8422    22967  22975    3512
8423    22973  23006    3513
8424    22974  22991    3652
8425    22975  3512    3512
8426    22978  23000    3513
8427    22981  22978    3513
8428    22986  3652    3652
8429    22991  22986    3652
8430    22995  3651    3652
8431    23000  22973    3513
8432    23003  22974    3652
8433    23005  3651    3651
8434    23006  3513    3513
8435    23009  23011    3514
8436    23011  3513    3514
8437    23015  6655    3651
8438    23017  6584    3514
8439    23031  3268    3268
8440    23034  3302    3302
8441    23037  3236    3236
8442    23040  3220    3220
8443    23045  3638    3638
8444    23048  23060    3638
8445    23049  23156    3527
8446    23050  3526    3526
8447    23056  23090    3639
8448    23057  23077    3526
8449    23060  6646    3638
8450    23061  23049    3527
8451    23066  23056    3639
8452    23077  6592    3526
8453    23085  23057    3526
8454    23088  23123    3640
8455    23099  3525    3525
8456    23090  3639    3639
8457    23098  23089    3525
8458    23099  23098    3525
8459    23106  23143    3640
8460    23110  23088    3640
8461    23140  3524    3525
8462    23123  23106    3640
8463    23130  23089    3525
8464    23140  23118    3525
8465    23141  3524    3524
8466    23143  3640    3640
8467    23221  3640    3641
8468    23152  23048    3638
8469    23154  23182    3637
8470    23155  3527    3527
8471    23156  23155    3527
8472    23167  3526    3527
8473    23170  23211    3528
8474    23172  23199    3528
8475    23174  23172    3528
8476    23182  3637    3637
8477    23191  23154    3637
8478    23195  23203    3636
8479    23199  23170    3528
8480    23203  3636    3636
8481    23211  3528    3528
8482    24285  3528    3529
8483    23221  23144    3641
8484    23222  6591    3524
8485    23231  6647    3641
8486    23242  23222    3524
8487    23246  23247    3523
8488    23247  3523    3523
8489    23256  3641    3641
8490    23264  3641    3642
8491    23263  23246    3523
8492    23264  23257    3642
8493    23266  23263    3523
8494    23267  23277    3522
8495    23277  3522    3522
8496    23285  23267    3522
8497    23293  6648    3643
8498    23294  3642    3642
8499    23299  23293    3643
8500    23304  6590    3522
8501    23306  23308    3521
8502    23308  23310    3521
8503    23309  3643    3643
8504    23310  3521    3521
8505    23319  6649    3644
8506    23323  23319    3644
8507    23331  23420    3521
8508    23335  23331    3521
8509    23340  6589    3520
8510    23341  23340    3520
8511    23343  3644    3644
8512    23349  23363    3645
8513    23352  23358    3645
8514    23354  6589    3520
8515    23358  23349    3645
8516    23363  23379    3645
8517    23368  3519    3519
8518    23379  3645    3645
8519    23383  23387    3519
8520    23386  23407    3646
8521    23387  6588    3519
8522    23398  23383    3519
8523    23400  23386    3646
8524    23407  6650    3646
8525    23408  3518    3518
8526    23411  23436    3518
8527    23420  23306    3521
8528    23431  3646    3646
8529    23436  6587    3518
8530    23437  23453    3647
8531    23441  23437    3647
8532    23448  23411    3518
8533    23451  23472    3647
8534    23463  3517    3517
8535    23453  6651    3647
8536    23463  23452    3517
8537    23472  3647    3647
8538    23475  6652    3648
8539    23477  23475    3648
8540    23485  6586    3517
8541    23520  6585    3516
8542    23496  23452    3517
8543    23504  23516    3648
8544    23506  3516    3516
8545    23508  23504    3648
8546    23516  3648    3648
8547    23520  23493    3516
8548    23523  6585    3516
8549    23524  6653    3649
8550    23525  23524    3649
8551    23543  23523    3516
8552    23577  3514    3515
8553    23547  23546    3515
8554    23548  23547    3515
8555    23550  3649    3649
8556    23555  23569    3650
8557    23558  23550    3649
8558    23568  23546    3515
8559    23569  6654    3650
8560    23574  23588    3650
8561    23577  23568    3515
8562    23585  3514    3514
8563    23588  3650    3650
8564    23595  23574    3650
8565    23597  23015    3651
8566    23604  3320    3320
8567    23608  5958    5958
8568    23611  5357    5357
8569    24535  4454    4454
8570    23617  4552    4552
8571    23630  3396    3397
8572    23654  5430    5430
8573    23673  10988    4336
8574    23700  3315    3315
8575    23729  3797    3798
8576    23736  4027    4027
8577    23749  5391    5391
8578    23751  11205    5378
8579    23780  6217    6217
8580    23783  4309    4309
8581    23798  5442    5442
8582    23917  9387    4332
8583    23921  5682    5683
8584    23923  5411    5412
8585    23991  5427    5428
8586    24051  4335    4336
8587    24052  4333    4334
8588    24063  5388    5389
8589    24064  5375    5376
8590    24081  3215    3215
8591    24094  4980    4981
8592    24173  6642    3633
8593    24175  24173    3633
8594    24184  22599    3532
8595    24187  24201    3633
8596    24189  24191    3531
8597    24191  3531    3531
8598    24201  3633    3633
8599    24207  24189    3531
8600    24208  3633    3634
8601    24214  6595    3531
8602    24215  24243    3634
8603    24223  3530    3530
8604    24224  24215    3634
8605    24235  24223    3530
8606    24239  3529    3530
8607    24242  24253    3635
8608    24243  3634    3634
8609    24247  6594    3530
8610    24252  24242    3635
8611    24253  6644    3635
8612    24257  3529    3529
8613    24267  6593    3529
8614    24270  6645    3636
8615    24271  3635    3635
8616    24275  24270    3636
8617    24285  23212    3529
8618    24327  23611    5357
8619    24375  11172    5424
8620    24390  9101    4979
8621    24420  4238    4239
8622    24535  23615    4454
8623    24568  3316    3316
8624    24583  3308    3308
8625    24600  3252    3252
8626    24603  3251    3267
8627    24604  24600    3252
8628    24612  3266    3266
8629    24622  3199    3199
8630    24625  3198    3208
8631    24626  24622    3199
8632    24633  3207    3207
8633    24636  3241    3242
8634    24638  3206    3206
8635    24641  3205    3205
8636    24652  3200    3200
8637    24661  3180    3180
8638    24664  3181    3181
8639    24671  3192    3192
8640    24676  3196    3196
8641    24689  3358    3358
8642    24698  3357    3357
8643    24701  3355    3355
8644    24708  3354    3354
8645    24712  3340    3340
8646    24720  3188    3188
8647    24746  3309    3309
8648    28127  3393    3394
8649    24748  3370    3370
8650    24749  24751    3369
8651    24751  3369    3369
8652    24780  4395    4395
8653    24794  3212    3212
8654    24799  3213    3213
8655    24800  3211    3211
8656    24895  3283    3283
8657    24902  24904    3269
8658    24903  3270    3270
8659    24904  3269    3269
8660    24908  24902    3269
8661    24915  3318    3318
8662    24922  3302    3303
8663    24925  3304    3304
8664    24926  3305    3305
8665    24942  3250    3250
8666    24949  3237    3237
8667    24958  3234    3234
8668    24965  3221    3221
8669    24976  3337    3337
8670    24983  3321    3321
8671    24996  3334    3334
8672    25193  3307    3307
8673    25195  3277    3277
8674    25196  3279    3279
8675    25201  3276    3276
8676    25202  3275    3275
8677    25221  3280    3280
8678    25226  3273    3273
8679    25240  3281    3281
8680    25247  3225    3225
8681    25250  3226    3226
8682    25253  3224    3224
8683    25269  3228    3228
8684    25275  3254    3254
8685    25276  3253    3253
8686    25283  3255    3255
8687    25295  3241    3241
8688    25298  3240    3240
8689    25308  3244    3244
8690    25315  3204    3204
8691    25316  3203    3203
8692    25322  3201    3201
8693    25323  3202    3202
8694    25331  3197    3197
8695    25336  3190    3198
8696    25339  3191    3191
8697    25353  3346    3346
8698    25356  3347    3347
8699    25361  3345    3345
8700    25378  3350    3350
8701    25383  3351    3351
8702    25391  3352    3352
8703    25405  3343    3343
8704    25406  3342    3342
8705    25418  3341    3341
8706    25424  3326    3326
8707    25427  3327    3327
8708    25430  3325    3325
8709    25451  3356    3356
8710    25478  3298    3298
8711    25487  3297    3297
8712    25493  3286    3286
8713    25497  3287    3287
8714    25500  3296    3296
8715    25506  3288    3288
8716    25550  3271    3271
8717    25561  3317    3317
8718    25564  3249    3249
8719    25565  3248    3248
8720    25576  3247    3247
8721    25584  3246    3246
8722    25588  3233    3233
8723    25589  3232    3232
8724    25606  3231    3231
8725    25614  3230    3230
8726    25622  3336    3336
8727    25624  3333    3333
8728    25682  3273    3274
8729    25687  3272    3272
8730    25690  3282    3282
8731    25693  3227    3227
8732    25699  3229    3229
8733    25707  3243    3243
8734    25709  3245    3245
8735    25719  3344    3344
8736    25730  3324    3324
8737    25740  3330    3330
8738    25745  3328    3328
8739    25756  3295    3295
8740    25766  3294    3294
8741    25767  3292    3292
8742    25768  3293    3293
8743    25779  3291    3291
8744    25780  3290    3290
8745    25808  3306    3306
8746    25817  3239    3239
8747    25823  3223    3223
8748    25843  3256    3256
8749    25853  3323    3323
8750    25863  3332    3332
8751    25869  3331    3331
8752    25873  3289    3289
8753    25891  3265    3265
8754    25892  3264    3264
8755    25903  3263    3263
8756    25920  3262    3262
8757    25924  3261    3261
8758    25931  3260    3260
8759    25932  3259    3259
8760    25937  3258    3258
8761    25942  3257    3257
8762    25963  3285    3285
8763    25976  11155    5438
8764    25998  6691    4981
8765    26126  3353    3353
8766    26183  3238    3238
8767    26185  3222    3222
8768    26187  3322    3322
8769    26189  3335    3335
8770    26208  4981    4981
8771    26279  3349    3349
8772    26280  3348    3348
8773    26285  3329    3329
8774    26563  3195    3195
8775    26565  6195    6195
8776    26566  4015    4015
8777    26568  11151    5442
8778    26573  6189    6189
8779    26574  5677    5677
8780    26575  5436    5436
8781    26576  11155    5438
8782    26579  11182    5414
8783    26582  4952    4952
8784    26583  9951    3397
8785    26677  3376    3376
8786    26678  26679    3377
8787    26679  26680    3377
8788    26680  3376    3377
8789    26931  9950    3397
8790    29037  26678    3377
8791    27091  3391    3391
8792    27092  27970    3389
8793    28047  24747    3394
8794    27422  28016    3400
8795    27423  27422    3400
8796    27545  3387    3387
8797    27626  3401    3401
8798    27657  27714    3363
8799    27689  28305    3367
8800    27700  27707    3363
8801    27707  27657    3363
8802    27713  27724    3363
8803    27714  27725    3363
8804    27724  3363    3363
8805    27725  27713    3363
8806    27731  3384    3384
8807    27734  3385    3385
8808    27735  3386    3386
8809    27820  24749    3369
8810    27970  3389    3389
8811    27972  3390    3391
8812    27973  3389    3390
8813    27984  27988    3392
8814    27988  3391    3392
8815    27999  28000    3382
8816    28000  3382    3382
8817    28016  3400    3400
8818    28025  3395    3395
8819    28031  27213    3394
8820    28047  27213    3394
8821    28056  29164    3394
8822    28084  28086    3379
8823    28086  3379    3379
8824    28099  28143    3381
8825    28100  3380    3380
8826    28105  28084    3379
8827    28116  28099    3381
8828    28117  28100    3380
8829    28126  28153    3378
8830    28127  28056    3394
8831    28143  28166    3381
8832    28149  3378    3378
8833    28153  28149    3378
8834    28157  28126    3378
8835    28166  3381    3381
8836    28172  27999    3382
8837    28197  28495    3420
8838    28200  28202    3420
8839    28202  3377    3420
8840    28269  3402    3402
8841    28283  28269    3402
8842    28295  28837    3403
8843    28301  3367    3367
8844    28305  28301    3367
8845    28311  28313    3367
8846    28313  27689    3367
8847    28326  28311    3367
8848    28329  28335    3366
8849    28335  3366    3366
8850    28345  28329    3366
8851    28349  3365    3365
8852    28353  3364    3364
8853    28461  6524    3383
8854    28479  3393    3393
8855    28484  28479    3393
8856    28495  28200    3420
8857    28508  3362    3362
8858    28510  3361    3361
8859    28512  28508    3362
8860    28520  27700    3363
8861    28526  3360    3360
8862    28535  28295    3403
8863    28628  28629    3420
8864    28629  28197    3420
8865    28712  3406    3406
8866    28716  28921    3419
8867    28737  28748    3419
8868    28738  28740    3418
8869    28740  3418    3418
8870    28748  28716    3419
8871    28761  28774    3417
8872    28773  28738    3418
8873    28774  3417    3417
8874    28778  28943    3417
8875    28779  3415    3416
8876    28814  28628    3420
8877    28837  3403    3403
8878    28845  3407    3407
8879    28848  3405    3405
8880    28853  3419    3419
8881    28865  3408    3408
8882    28872  29001    3409
8883    28875  28872    3409
8884    28899  28975    3413
8885    28910  3404    3404
8886    28916  28845    3407
8887    28921  28853    3419
8888    28927  3415    3415
8889    28930  28933    3414
8890    28933  3414    3414
8891    28941  3416    3416
8892    28943  3416    3417
8893    28951  28965    3410
8894    28962  28899    3413
8895    28965  3410    3410
8896    28966  28951    3410
8897    28975  3413    3413
8898    28983  28930    3414
8899    29001  3409    3409
8900    29037  26982    3377
8901    29159  3392    3392
8902    29164  24747    3394
8903    29224  3412    3412
8904    29225  29224    3412
8905    29233  3411    3411
0
18
   0   1368186.1079461188  116610.10681478359  0  500
   1   1368087.8906055  116595.07937792162  0  500
   2   1370746.4542455496  107796.62300370245  0  500
   3   1366356.679111734  114816.76644931734  0  500
   4   1365721.578097227  113533.72567694609  0  500
   5   1367335.7767270282  112469.88092101365  0  500
   6   1366293.100222941  114594.60760820983  0  500
   7   1368198.0118169  110987.06546376945  0  500
   8   1368283.6617836156  109140.61522864428  0  500
   9   1370919.0234182277  107962.28639056969  0  500
  10   1365479.3380165943  113445.27226327101  0  500
  11   1374343.9297513203  115262.92170861657  0  500
  12   1369805.6200008434  116899.34907420265  0  500
  13   1366233.6508655429  105893.75349999964  0  2000
  14   1365836.6881224406  101925.06500000507  0  2000
  15   1367105.5677538654  105125.49417325211  0  200
  16   1367756.1465053698  105133.84397740616  0  200
  17   1364254.218423706  109046.36258117613  0  40000
# Generated by C:\Users\lukem\Python\PATH\modflow_exe\triangle.exe -a -q30 -A -p -V -D -e -n _triangle.0
