12979  2  0  1
   0    5000  0    1
   1    4975.0208263901295  499.16708323414076    1
   2    4900.3328892062082  993.34665397530603    2
   3    4776.6824456280301  1477.6010333066979    3
   4    4605.3049700144256  1947.0917115432526    4
   5    4387.9128094518637  2397.1276930210151    5
   6    4126.6780745483911  2823.2123669751772    6
   7    3824.210936422442  3221.0884361884555    7
   8    3483.5335467358268  3586.7804544976138    8
   9    3108.0498413533219  3916.6345481374169    9
  10    2701.5115293406989  4207.3549240394823    10
  11    2267.9806071278867  4456.0368003071771    11
  12    1811.7887723833669  4660.1954298361316    12
  13    1337.4941431229367  4817.7909270859645    13
  14    849.83571450120405  4927.2486499423012    14
  15    353.68600833851451  4987.4749330202721    15
  16    -145.99761150644409  4997.8680152075258    16
  17    -644.22247147762425  4958.3240522623428    17
  18    -1136.0104734654356  4869.238154390976    18
  19    -1616.4478343175178  4731.5004384370723    19
  20    -2080.7341827357122  4546.4871341284088    20
  21    -2524.230522999288  4316.0468332443688    21
  22    -2942.505586276729  4042.4820190979503    22
  23    -3331.3801063991223  3728.5260608836002    23
  24    -3686.9685777062291  3377.3159027557531    24
  25    -4005.7180777346684  2992.3607205197823    25
  26    -4284.4437668447363  2577.5068591073209    26
  27    -4520.360710085306  2136.8994011691489    27
  28    -4711.1117033432911  1674.9407507795233    28
  29    -4854.790825747953  1196.24664606991    29
  30    -4949.9624830022267  705.60004029933611    30
  31    -4995.675751366397  207.90331216645245    31
  32    -4991.4738789737657  -291.87071713790044    32
  33    -4937.3988495443245  -788.72847071624324    33
  34    -4833.9909628973046  -1277.7055101341584    34
  35    -4682.2834364539813  -1753.9161384480992    35
  36    -4483.7920816707347  -2212.6022164742621    36
  37    -4240.5001585520404  -2649.1807045424671    37
  38    -3954.8385595720824  -3059.2894547135961    38
  39    -3629.6615210006994  -3438.8307959198705    39
  40    -3268.2181043180599  -3784.0124765396408    40
  41    -2874.1197326663428  -4091.3855553220542    41
  42    -2451.3041067034969  -4357.8788620679406    42
  43    -2003.9958603998773  -4580.8296837472744    43
  44    -1536.6643498920969  -4758.0103694475802    44
  45    -1053.9789971538985  -4887.6505883254849    45
  46    -560.76263467526985  -4968.455018167323    46
  47    -61.943317314452798  -4999.6162878205041    47
  48    437.49491719723636  -4980.823044179203    48
  49    932.56184711287881  -4912.2630631216625    49
  50    1418.3109273161313  -4794.6213733156919    50
  51    1889.8887135649054  -4629.0734116386602    51
  52    2342.5833565018856  -4417.2732786007655    52
  53    2771.8716808958079  -4161.337211119504    53
  54    3173.4643797131735  -3863.8224377799356    54
  55    3543.3488714563  -3527.7016278519595    55
  56    3877.8293925512507  -3156.3331893616041    56
  57    4173.5639241957988  -2753.427712988188    57
  58    4427.5975847065965  -2323.0108970687829    58
  59    4637.3921537201795  -1869.38332415118    59
  60    4800.8514332518298  -1397.0774909946292    60
  61    4916.3421922129237  -910.8125213604751    61
  62    4982.7104851160875  -415.44701408748199    62
  63    -150  -150    64
  64    -150  150    64
  65    -140  150    65
  66    -140  -150    66
  67    -145  167.72724133595239    0
  68    -150  -22    64
  69    -140  0    66
  70    -140  -75    66
  71    -150  64    64
  72    -140  -37.5    66
  73    -150  -86    64
  74    -140  75    66
  75    -150  21    64
  76    -150  -54    64
  77    -140  37.5    66
  78    -150  -0.5    64
  79    -150  -70    64
  80    -150  -38    64
  81    -140  56.25    66
  82    -140  18.75    66
  83    -140  -18.75    66
  84    -140  -112.5    66
  85    -150  107    64
  86    -140  -56.25    66
  87    -150  42.5    64
  88    -150  85.5    64
  89    -140  -93.75    66
  90    -150  -118    64
  91    -140  112.5    66
  92    -140  93.75    66
  93    -150  53.25    64
  94    -150  74.75    64
  95    -150  -102    64
  96    -140  -131.25    66
  97    -150  128.5    64
  98    -150  96.25    64
  99    -150  -134    64
 100    -140  131.25    66
 101    -145  -167.72724133595239    0
 102    -150  -78    64
 103    -164.18179306876175  -74    0
 104    -158.78320722341954  -82    0
 105    -140  -84.375    66
 106    -123.38071124754484  -89.0625    0
 107    -129.70717903505522  -79.6875    0
 108    -140  -46.875    66
 109    -150  -46    64
 110    -164.18179306876175  -42    0
 111    -158.78320722341954  -50    0
 112    -123.38071124754484  -51.5625    0
 113    -129.70717903505522  -42.1875    0
 114    -150  -30    64
 115    -140  -28.125    66
 116    -164.18179306876175  -26    0
 117    -158.78320722341954  -34    0
 118    -131.65145625520316  -32.8125    0
 119    -131.877855854004  -23.4375    0
 120    -129.17573342594409  -9.375    0
 121    -115.14536730214841  -27.723655967369478    0
 122    -150  31.75    64
 123    -140  28.125    66
 124    -123.38071124754484  23.4375    0
 125    -129.70717903505522  32.8125    0
 126    -140  9.375    66
 127    -150  10.25    64
 128    -126.46809024602322  4.6875    0
 129    -130.79839598152114  14.0625    0
 130    -150  -11.25    64
 131    -140  -9.375    66
 132    -140  -65.625    66
 133    -150  -62    64
 134    -157.12409066222662  -58    0
 135    -156.93089633791658  -66    0
 136    -131.65145625520316  -70.3125    0
 137    -172.13544201158481  -56.941155968474192    0
 138    -131.877855854004  -60.9375    0
 139    -164.96277161060314  -62.191631336597048    0
 140    -117.66150253445188  -65.284418848129178    0
 141    -175.31272247242842  -68.806163855478971    0
 142    -140  46.875    66
 143    -131.65145625520316  42.1875    0
 144    -131.877855854004  51.5625    0
 145    -129.17573342594409  65.625    0
 146    -115.14536730214841  47.276344032630519    0
 147    -150  58.625    64
 148    -140  65.625    66
 149    -159.52839221807429  61.3125    0
 150    -140  60.9375    66
 151    -144.75117187500001  63.28125    0
 152    -133.23365012657882  58.59375    0
 153    -144.10984146656355  58.59375    0
 154    -135.39907158498991  63.28125    0
 155    -144.51002897561625  53.116763252054128    0
 156    -155.90121735323501  55.9375    0
 157    -150  69.375    64
 158    -134.71472296396936  70.3125    0
 159    -150  47.875    64
 160    -144.51569441315957  68.791481564907855    0
 161    -159.52839221807429  72.0625    0
 162    -155.90121735323501  66.6875    0
 163    -145.21875  45.1875    0
 164    -154.78649841368352  50.5625    0
 165    -145.21129807692307  39.577403846153842    0
 166    -154.65669597703771  45.1875    0
 167    -164.87225010153355  51.273910833681398    0
 168    -140  32.8125    66
 169    -144.80742187499999  30.46875    0
 170    -134.85358951752761  30.46875    0
 171    -135.82572812760159  35.15625    0
 172    -156.20591283579208  37.125    0
 173    -160.05311217587399  47.746247695723859    0
 174    -150  26.375    64
 175    -134.75835037349344  23.4375    0
 176    -135.88232802730178  39.944555704234304    0
 177    -140  23.4375    66
 178    -144.11767453545238  25.78125    0
 179    -144.05990510900588  21.09375    0
 180    -150  15.625    64
 181    -144.51129188877925  15.623634044093595    0
 182    -157.75829492561334  29.0625    0
 183    -130.17420051128536  27.015862885337491    0
 184    -135.71164890204801  44.734427686380059    0
 185    -159.52839221807429  12.9375    0
 186    -155.27558630392787  23.6875    0
 187    -154.69140079874506  18.3125    0
 188    -162.20997193470444  20.21458531626411    0
 189    -168.71625471855535  40.967077160761932    0
 190    -129.06953081051913  20.87519811493031    0
 191    -124.537680959485  29.478873676745451    0
 192    -123.36272424850235  15.801259168582387    0
 193    -113.24950718668138  28.509174968567763    0
 194    -121.84300601599629  39.332558870469484    0
 195    -122.41096123870449  57.034285078686707    0
 196    -123.63558381872915  77.787850429788833    0
 197    -173.76944683876212  11.822341578302357    0
 198    -115.14402321480884  19.638759739652713    0
 199    -132.1762566704239  78.498079180119475    0
 200    -114.38956670672509  7.3032876626383842    0
 201    -126.84806817206585  90.863892354838413    0
 202    -140  84.375    66
 203    -98.471966049436858  20.715513069565741    0
 204    -150  90.875    64
 205    -144.63437500000001  88.1875    0
 206    -159.52839221807429  93.5625    0
 207    -155.90121735323501  88.1875    0
 208    -167.24319700372894  84.445019580329443    0
 209    -156.01042490506086  80.125    0
 210    -140  103.125    66
 211    -123.38071124754484  107.8125    0
 212    -140  -140.625    66
 213    -150  -142    64
 214    -164.18179306876175  -138    0
 215    -158.78320722341954  -146    0
 216    -123.38071124754484  -145.3125    0
 217    -129.70717903505522  -135.9375    0
 218    -150  -126    64
 219    -140  -121.875    66
 220    -164.18179306876175  -122    0
 221    -158.78320722341954  -130    0
 222    -131.65145625520316  -126.5625    0
 223    -131.877855854004  -117.1875    0
 224    -115.14536730214841  -121.47365596736948    0
 225    -129.17573342594409  -103.125    0
 226    -150  139.25    64
 227    -140  140.625    66
 228    -123.38071124754484  135.9375    0
 229    -129.70717903505522  145.3125    0
 230    -140  121.875    66
 231    -150  117.75    64
 232    -129.70717903505522  117.1875    0
 233    -131.65145625520319  126.5625    0
 234    -158.94574869590454  -94    0
 235    -121.74034650880023  -35.646150618461405    0
 236    -150  4.875    64
 237    -145.12187499999999  2.1875    0
 238    -155.90121735323501  7.5625    0
 239    -144.80452724358975  -4.1594551282051295    0
 240    -145.34000540518898  7.5625    0
 241    -154.78649841368352  2.1875    0
 242    -156.16566049050166  -5.8749999999999991    0
 243    -164.87225010153355  2.8989108336813985    0
 244    -159.68261992942752  -16.133116279320674    0
 245    -150  -16.625    64
 246    -140  -14.0625    66
 247    -144.736328125  -11.71875    0
 248    -133.23365012657882  -16.40625    0
 249    -144.10785478414948  -16.40625    0
 250    -135.39907158498991  -11.71875    0
 251    -144.50996819747556  -21.882790161613684    0
 252    -154.71727713984359  -13.9375    0
 253    -134.71472296396936  -4.6875000000000009    0
 254    -159.17164505903477  -10.5763554470239    0
 255    -155.17433889825739  -19.616184268714125    0
 256    -163.53124032324186  -4.4772166890368954    0
 257    -168.35613993929348  -12.533664278543593    0
 258    -154.97907919622213  -26    0
 259    -122.41096123870449  -17.965714921313296    0
 260    -133.22449072002692  2.3161682786256752    0
 261    -175.42195623762805  -2.8290326142749471    0
 262    -127.79265602102718  -2.3493830174463941    0
 263    -118.3989155109559  -7.8476003113616342    0
 264    -120.19179441075961  -0.1370032807549233    0
 265    -110.26816618513413  -1.8932871262090014    0
 266    -117.09378670858923  -77.997813556115801    0
 267    -178.58517665422286  66.6875    0
 268    -169.37620878056092  29.364004803680473    0
 269    -117.66922120790829  67.726998633156597    0
 270    -150  80.125    64
 271    -145.06406250000001  77.4375    0
 272    -145.33711197174739  82.8125    0
 273    -150  101.625    64
 274    -140  98.4375    66
 275    -144.76093750000001  100.78125    0
 276    -132.59304411390849  96.09375    0
 277    -144.11116697776501  96.09375    0
 278    -135.18408852549197  100.78125    0
 279    -159.52839221807429  104.3125    0
 280    -155.90121735323501  98.9375    0
 281    -144.52043008257482  106.30009978690367    0
 282    -127.79759165961221  101.80432364887844    0
 283    -134.74047395690832  107.8125    0
 284    -150  112.375    64
 285    -145.03281250000001  115.0625    0
 286    -159.52839221807429  115.0625    0
 287    -155.90121735323501  109.6875    0
 288    -115.46203096031205  97.363510489443485    0
 289    -175.66429321485239  -151.57020341532368    0
 290    -161.08391430074846  -162.69498789633312    0
 291    -121.74034650880023  -129.39615061846141    0
 292    -150  133.875    64
 293    -140  135.9375    66
 294    -144.77226562499999  138.28125    0
 295    -133.19381327853654  133.59375    0
 296    -144.1127228100444  133.59375    0
 297    -135.38628071450987  138.28125    0
 298    -144.51429262332252  128.10879135753643    0
 299    -159.52839221807429  136.5625    0
 300    -150  144.625    64
 301    -146  150    65
 302    -148  157.09089653438087    0
 303    -129.14222147160501  138.34527383028382    0
 304    -135.35165096683193  144.06239422980914    0
 305    -150  123.125    64
 306    -155.90121735323501  131.1875    0
 307    -144.52594461440691  143.81013846398275    0
 308    -159.52839221807429  147.3125    0
 309    -155.90121735323501  141.9375    0
 310    -145.33529583792074  120.4375    0
 311    -155.90121735323501  120.4375    0
 312    -154.78649841368352  125.8125    0
 313    -164.87225010153355  125.1010891663186    0
 314    -124.12286441760199  142.25880151567338    0
 315    -133.73225105250722  150.11848702646631    0
 316    -112.54586408000718  140.41378359322121    0
 317    -123.20002585621887  154.85083581802911    0
 318    -137.06156318540587  160.39754146014269    0
 319    -156.76058241308485  155.73433436232861    0
 320    -153.61979121987378  164.41721873268594    0
 321    -173.07407633882121  156.42998041967053    0
 322    -155.17765256149298  181.35274195634156    0
 323    -164.60185986621352  163.48018671435264    0
 324    -112.65141807058414  121.875    0
 325    -175.66429321485239  -87.570203415323675    0
 326    -104.39845943920464  -43.375982093105755    0
 327    -110.63431451779172  -16.78091593562101    0
 328    -101.1332148147665  7.7222774101547618    0
 329    -180.45648272758052  51.215916906529948    0
 330    -175.12564861546173  98.9375    0
 331    -104.39845943920466  -137.12598209310576    0
 332    -128.03724573084523  178.13504992229929    0
 333    -172.98754713277944  141.9375    0
 334    -181.33603894792526  174.9739861730462    0
 335    -122.30098571318231  123.61257865793308    0
 336    -170.10545377683374  109.6875    0
 337    -150  -110    64
 338    -161.62711064226042  -106    0
 339    -157.87769668336756  -114    0
 340    -140  -103.125    66
 341    -166.91930155796686  -113.35895837625576    0
 342    -175.22988435124805  -101.79998998024429    0
 343    -180.86873033917652  -122.53232655286357    0
 344    -150  -94    64
 345    -194.75746806859757  -57.241218159838589    0
 346    -100.62261228832968  -94.675139634356483    0
 347    -110.64229686298367  58.213140548369587    0
 348    -105.53307732106823  81.723601387201867    0
 349    -98.840238603387348  -28.044116646580065    0
 350    -183.41112612402139  35.982580650764    0
 351    -191.67233563229632  113.21192054578597    0
 352    -189.09268284736211  -20.207091522017382    0
 353    -94.840303002750957  -70.63471265659183    0
 354    -93.505908954895318  44.762040647713498    0
 355    -105.45520531548775  69.396288292391716    0
 356    -76.769168005173867  9.5012353280599129    0
 357    -92.446200362127826  -9.6774980155930184    0
 358    -96.581034951295862  58.485631206087326    0
 359    -86.585900734257848  75.679388761189188    0
 360    -198.72198153140641  149.03034779802417    0
 361    -200.67257484259397  -95.45518377414308    0
 362    -208.93830724156825  48.837016433685449    0
 363    -179.17115636491175  -34    0
 364    -200.56854615971102  7.4260977743762648    0
 365    -73.352300116807555  56.484304921689819    0
 366    -195.6053520677138  60.897150249941184    0
 367    -127.32182419209312  -163.14465219461431    0
 368    -188.09527768833141  -182.97958523382326    0
 369    -185.75369955677684  83.767038700879823    0
 370    -92.280034071221536  166.51919940954332    0
 371    -91.661961236399904  -116.86550189258358    0
 372    -74.440181131205293  -45.56324158534801    0
 373    -88.056009702791783  103.79050922048636    0
 374    -192.46989974644725  -77.870013310742749    0
 375    -198.82058548695852  -37.669409208958697    0
 376    -223.65111992510535  78.50273475064833    0
 377    -106.48031332895289  -158.39927640392997    0
 378    -128.03724573084517  -196.77447565789902    0
 379    -161.06341301452761  -190.84901426374884    0
 380    -86.996730055682306  130.99862258468104    0
 381    -78.133910715836905  -24.956387148093654    0
 382    -227.74489336837615  -72.121518439463159    0
 383    -217.51829632123298  -15.812526760465845    0
 384    -67.727704158206848  -151.45318188149363    0
 385    -112.45854362466854  -180.28336654910999    0
 386    -39.756777745116615  -28.711850789069736    0
 387    -217.11794997594211  -51.675608402699012    0
 388    -73.091137933220807  32.849530233990002    0
 389    -60.860572103901021  -91.52327378472873    0
 390    -45.941512056868625  89.541370030354202    0
 391    -91.013707570854621  -216.14566229721447    0
 392    -83.235689515056308  -176.50777582717518    0
 393    -258.67637982764762  -43.059924402963027    0
 394    -33.540067111156795  14.655250108384815    0
 395    -43.543644478235166  44.994857693863985    0
 396    -135.90336882294531  227.85635012360217    0
 397    -236.01992410033441  192.82264698857301    0
 398    -229.74265687946365  -146.27729627616191    0
 399    -242.81468193761023  20.43881269935153    0
 400    -60.343446256600146  116.33626695487777    0
 401    -188.52967211039339  -234.83433863211803    0
 402    -31.066813491693281  -191.4718587598627    0
 403    15.241898775891464  47.558636922031134    0
 404    -177.98353550892207  218.05115997592253    0
 405    -57.213815949671975  153.58171669634692    0
 406    -5.6425187214351809  128.46947481893037    0
 407    -237.00532749864823  122.89261022030745    0
 408    -98.47438763121707  208.2948982729815    0
 409    -235.94338267533109  -109.00544926472864    0
 410    -150.66789159020109  -227.90860590121193    0
 411    -62.875853980940263  192.22623561997352    0
 412    -266.87436624900994  -82.777031998547699    0
 413    -285.80306671032463  -136.45206382813871    0
 414    22.269913349891944  -15.474293662159942    0
 415    -174.32534937521544  297.55028207970281    0
 416    -157.32136829538968  -298.48996433569516    0
 417    -12.514172605203989  179.86797585152254    0
 418    -333.18284818961968  -48.385709824720493    0
 419    -82.511820443325092  284.42688245274996    0
 420    -62.514088094557927  240.49453962147334    0
 421    -247.50301217181399  -208.41111463749684    0
 422    -309.01922724422786  77.024346434818398    0
 423    82.037017547775278  166.35027201269673    0
 424    5.366970113441397  297.91117378894899    0
 425    -2.5667289650947325  -128.56132845306178    0
 426    -230.85861342205067  260.31795687192232    0
 427    130.49590332071929  28.500902676525158    0
 428    -17.300413533023423  -310.07806639674413    0
 429    -256.57038177482718  -307.67053406829467    0
 430    -310.55489287960552  158.90097857208553    0
 431    -268.59462284433107  379.15200100254822    0
 432    94.70624410374532  -210.53938125626712    0
 433    -298.63430307903525  231.55571243324866    0
 434    -290.56152689837683  306.76776475888784    0
 435    -407.89535735234836  381.90114383769554    0
 436    -433.39139811494186  216.36026272882702    0
 437    -338.6326904154742  360.88156225355061    0
 438    -372.04748753580316  277.47467575344513    0
 439    -336.00210433162391  494.17495428178739    0
 440    -394.21658544142292  -240.32702023124861    0
 441    -62.476353841050752  446.95388097198895    0
 442    -405.40061473514396  116.16934924232741    0
 443    -460.91692749294469  305.33349777994005    0
 444    -325.36076782217305  -203.67865507843797    0
 445    -49.573572404564587  362.86486218812729    0
 446    -376.38171366287423  -128.40510072903001    0
 447    93.041669845685448  427.78244362302155    0
 448    -143.99309621208533  391.41137135313062    0
 449    12.578988973159625  415.43609447890253    0
 450    30.923658319850105  564.24740528745883    0
 451    0.76507598557357426  492.42882321837106    0
 452    -111.47016652174877  581.8009609919053    0
 453    -67.956330606120005  521.28681705663905    0
 454    -169.98382870662451  493.82381523593961    0
 455    43.153900159841484  231.81130909954305    0
 456    178.63981910783241  268.00983113912594    0
 457    95.952534771996213  305.84505232691612    0
 458    116.00178844841928  230.80354771517517    0
 459    213.27728032514705  138.36674079633178    0
 460    -85.969575675026988  -288.0766813750455    0
 461    -90.637380804510713  -420.80885484878758    0
 462    -385.58081243069017  26.74308144891728    0
 463    -376.34086121663574  178.29331436998933    0
 464    -597.00685672951136  116.64486876997357    0
 465    -570.13945644180637  437.60993779816448    0
 466    -203.69556951939532  358.87324165964151    0
 467    -204.10219510445197  430.6608390606533    0
 468    -252.98479746714645  497.86170636301756    0
 469    -207.28884907345105  582.08272283801955    0
 470    -298.08259261760981  576.83767288652984    0
 471    174.72609742876978  368.72895844064675    0
 472    46.059852352842917  354.39776596417806    0
 473    -197.98143375996307  -399.99274797570712    0
 474    -501.37353238905212  47.989100056589301    0
 475    -552.78173148620408  228.16902220841817    0
 476    -496.87378918814022  386.87492222438505    0
 477    -446.70960948369208  485.91032437470716    0
 478    -590.1006204460225  330.51589554394053    0
 479    -158.88002177306683  751.80193292366403    0
 480    355.23018595035597  325.30734366253546    0
 481    238.56942199293098  543.05965714727859    0
 482    -497.66029081537431  144.39976299403037    0
 483    -490.59984768224132  247.40614749044559    0
 484    -528.3554605078632  303.32142166191608    0
 485    -397.50531793189185  572.41674387702892    0
 486    -258.99018806180038  688.59284386386219    0
 487    -159.14963264299763  660.11542989048621    0
 488    258.85456978753643  321.56240118323592    0
 489    182.06261764011597  464.89786950927055    0
 490    -567.06538877003641  611.61466374770202    0
 491    -351.51198738316191  658.24241329228869    0
 492    -26.17326031842714  687.40283546181604    0
 493    267.19313787317128  222.22042472718249    0
 494    302.61985182475348  437.2480150442135    0
 495    135.21768255666353  558.27085642135899    0
 496    -488.13338080185173  566.7186484556654    0
 497    -359.05402846171557  837.4332551187066    0
 498    -99.232878608024208  705.78288821358433    0
 499    -47.477379027989926  834.5303407573042    0
 500    -91.511852995193408  777.45547991509659    0
 501    -15.193984638228805  764.09881364757894    0
 502    -170.67259924816153  884.05388504803216    0
 503    115.27718900126624  706.28759758701483    0
 504    93.519986040266403  856.54412955154351    0
 505    41.888723941050664  716.79339213716878    0
 506    34.385528242094082  640.66564475664916    0
 507    88.251125061451802  779.07770486536765    0
 508    26.125817679699153  825.65295615181572    0
 509    5.061373259210697  960.56981156803636    0
 510    -37.890425066943301  609.61803108766685    0
 511    228.21215613537936  808.47068019475284    0
 512    154.08647007070152  813.51232160800032    0
 513    186.40113392103186  741.18049877425415    0
 514    200.08675250923733  942.39589350753351    0
 515    191.33820099292788  641.18283120085925    0
 516    326.59357358632417  700.70618135484392    0
 517    262.20528042037904  740.71410374521429    0
 518    365.32243655976561  834.85282376630403    0
 519    300.48786164472983  802.32565255225529    0
 520    291.21148665944941  901.69486278741488    0
 521    388.88465829424365  84.715640902892716    0
 522    248.19462674742419  476.59455045798484    0
 523    225.30054650308878  413.2350413014849    0
 524    321.87286020764191  521.19382543927361    0
 525    301.07087931137755  611.55911331801235    0
 526    461.05912001772901  445.09064763708625    0
 527    380.73347167398111  463.51337026785291    0
 528    360.00126086975996  395.88301853771219    0
 529    442.48666961751258  354.8577135724999    0
 530    453.55470085994585  596.69722431811397    0
 531    398.36171461557825  540.37497600467873    0
 532    79.796535003515601  504.12368897382595    0
 533    -448.17875016088561  654.80882959562382    0
 534    -564.3601137165698  524.53735370158643    0
 535    -720.07680025060552  563.2803023493509    0
 536    -514.61282965547468  477.57409382779116    0
 537    -656.37778200747266  486.99929343316421    0
 538    -330.01245983904835  748.901457266698    0
 539    109.92642314892828  630.21521349324564    0
 540    225.93525827693787  877.90840326188481    0
 541    156.45910448185606  887.48446305054415    0
 542    104.62175255771389  973.45673036804942    0
 543    446.75945732104395  999.65211272881606    0
 544    308.64716346205773  136.30637775054191    0
 545    441.32054760965821  214.70016364763757    0
 546    380.52054019903443  637.03986637301568    0
 547    487.68437831445908  744.76365571583392    0
 548    409.02125547404404  715.85259203827275    0
 549    470.21514911196118  670.82365301843129    0
 550    593.29063408023126  604.22605997541075    0
 551    559.48074111854999  688.76722684653316    0
 552    522.36090671518366  620.16802659938594    0
 553    516.81376073315164  523.8394833090166    0
 554    426.49095220511464  789.79132265319674    0
 555    536.90929711913736  875.75655246592589    0
 556    445.35959017601942  879.45166621785995    0
 557    493.82344777027163  817.20209211256474    0
 558    568.52722625329136  774.39168013144558    0
 559    715.79251844998123  715.54253096642299    0
 560    633.86061867056969  724.19888653986254    0
 561    667.03609105512919  646.13429430364033    0
 562    690.17189899429309  865.11336480341015    0
 563    704.45510095769635  494.44982581711622    0
 564    642.14366901528899  802.59747413874379    0
 565    806.40993316978143  600.05872023497568    0
 566    664.35415872467161  565.01501085776511    0
 567    613.79401752136289  874.08421558186137    0
 568    743.67550324918011  644.12707328134161    0
 569    606.9663859881573  485.72563876776644    0
 570    740.5389286569972  561.63254405535054    0
 571    667.8858019316699  1004.9957039525741    0
 572    848.05520484705528  726.03135621169338    0
 573    841.59344078879235  464.07451274119114    0
 574    577.32802322045677  965.78266249052001    0
 575    659.30181898382625  931.91161768832296    0
 576    793.15173396014063  953.23662708643633    0
 577    804.82439298910492  527.10483098628958    0
 578    934.94428319022154  560.77105026756237    0
 579    -637.31795678058404  567.65201244483114    0
 580    -680.12532571674069  714.17176085560368    0
 581    -682.3185963151177  634.01777461237964    0
 582    -826.59572251305497  665.58391783851448    0
 583    -758.90880288019582  629.45403598806786    0
 584    -759.79240776813799  709.26706291284847    0
 585    -856.8005761968559  527.52874095140191    0
 586    -728.65354315355626  852.94717088984839    0
 587    -793.48058401569494  564.68611394034031    0
 588    -768.31615745605495  449.27275619550875    0
 589    -723.96036024987154  776.71573078203301    0
 590    -870.63223064520935  805.84933862815296    0
 591    -591.16963808387152  823.15116943267901    0
 592    -828.83292067039781  741.92691601833235    0
 593    -664.11359826509556  818.66037998457989    0
 594    -635.60254900802352  950.21529332189345    0
 595    -793.43969337530052  810.69842862024655    0
 596    -963.04939689610501  699.78948176326708    0
 597    -835.94198329979599  946.67077177585861    0
 598    -889.99868958337549  701.93020077731057    0
 599    -923.71933418927745  605.15088619555286    0
 600    -836.03982814609628  872.01132434371527    0
 601    -970.62297820021217  900.25311823515131    0
 602    -898.443938219541  909.42289580412194    0
 603    -933.22316941992744  1038.8455576731026    0
 604    -650.5500848653171  397.19031085517412    0
 605    -702.49794406365595  438.91298941900254    0
 606    -753.77205934298593  327.41533749642997    0
 607    -671.71462349879039  317.26171001127204    0
 608    -730.19965236631492  181.2638075921119    0
 609    -720.73325277497258  257.76735061430406    0
 610    -856.99280976410455  235.7903946843079    0
 611    -642.69552406974833  209.27366542466618    0
 612    -785.6672554772116  226.96470934633805    0
 613    -836.50331997941714  108.75329228086632    0
 614    -244.9005955661012  777.15931116546415    0
 615    -186.71154077394897  815.97199908690641    0
 616    -265.02142508236818  870.35067887367859    0
 617    -437.51712772082095  762.66534560406569    0
 618    61.107397149508962  918.60535877886059    0
 619    -3.818621877173225  890.3014232185634    0
 620    -89.102664093695282  936.77427273490844    0
 621    31.996610943997212  1143.5063581003928    0
 622    304.30809141026259  1053.3757921096808    0
 623    258.38961084087362  18.255790494937827    0
 624    417.5188895807587  284.98182141969812    0
 625    346.5312142416301  243.60070579509465    0
 626    530.41027075954673  284.04255611318956    0
 627    382.4403776316239  162.8838773492748    0
 628    463.4332516517216  130.21126919734112    0
 629    529.93316198844354  192.75398979064809    0
 630    506.81015322362873  -24.690635520260372    0
 631    463.27652334550464  46.643050656247311    0
 632    371.11057987862944  -41.72920218933865    0
 633    591.93326491084656  76.209153639702038    0
 634    437.08708377577926  -18.290607958136125    0
 635    445.6489934784027  -146.96804578245377    0
 636    521.42491419890121  88.318252293179484    0
 637    454.35492692588025  508.94898122017696    0
 638    493.61241682242758  938.99808343852476    0
 639    577.79282824839504  542.39816028252005    0
 640    553.89739713790959  1144.0655026910308    0
 641    -853.65999706716946  600.81811955244098    0
 642    -1027.8626053688063  447.71131629009386    0
 643    -370.3912382782612  1020.5858323515489    0
 644    -401.55492410188123  704.65527084998189    0
 645    -104.38574988419785  870.95710721638727    0
 646    -71.490979553411904  1065.2924584346081    0
 647    44.327781527647922  1048.2395189470678    0
 648    185.67998601686566  1060.352436503048    0
 649    271.44851059000513  979.80712533256974    0
 650    362.32849793521797  961.24420922718525    0
 651    317.96947700122524  62.614257796560466    0
 652    668.51637809487852  346.99074725513003    0
 653    537.15027466411755  382.40113846737881    0
 654    591.0495523697241  1058.2670915837723    0
 655    -953.58791419332022  511.74420365877592    0
 656    -338.89337802197844  930.60838384816225    0
 657    -54.354127515695424  997.47826911504467    0
 658    -146.9091710445006  1010.1616899116185    0
 659    -8.7169994350568132  1089.8049786356985    0
 660    -83.557925629947277  1188.8296680527869    0
 661    115.86724057732496  1044.2209989189073    0
 662    130.18614126070383  1141.3840431677788    0
 663    165.39838577093869  998.0172529666545    0
 664    382.3085497984946  898.48634075627285    0
 665    379.18472557133782  1036.1946554559177    0
 666    458.79976459644467  1102.6682455260211    0
 667    362.83497006965843  1136.6906979167018    0
 668    661.3706120554815  426.84134476217338    0
 669    607.43564711385363  381.76971473762262    0
 670    604.21610250403194  305.08922450458999    0
 671    761.78606819133142  395.58241034086825    0
 672    710.64608091372656  212.05333554314279    0
 673    670.55156082168526  273.58066253193982    0
 674    605.97097026351446  223.20096508398524    0
 675    769.83335507608706  294.45048905377303    0
 676    590.98061339423782  150.46633732677643    0
 677    685.15148398242331  114.53976050452381    0
 678    540.89451790086218  455.12070020620024    0
 679    722.81037882303895  1166.2647054292263    0
 680    522.03803244422068  1021.2459254834317    0
 681    -1069.1881164976855  600.18845490119452    0
 682    -900.74688306236339  375.35770236991664    0
 683    -487.2996791538377  929.15854595632368    0
 684    -258.94293211102104  1009.0980088614451    0
 685    -168.04019366300304  1118.2196091590445    0
 686    84.853655002484885  1316.5081506928909    0
 687    246.97066427201565  1161.8449252347941    0
 688    454.41816395711896  1242.6612439106859    0
 689    769.22375706209505  465.95152727266179    0
 690    867.53039595570317  353.11058573700853    0
 691    654.17503294777646  174.72797559065066    0
 692    706.49196629125504  -69.875729566837123    0
 693    641.52120131344691  1131.0651241954033    0
 694    711.9022111034069  1079.9922453288295    0
 695    620.48870305773107  1291.1006909929258    0
 696    743.66592479453902  1010.9345625212114    0
 697    870.69135198118431  1069.8102829821732    0
 698    791.28194155468191  1074.6698324526938    0
 699    608.17157431857731  1208.0820560349132    0
 700    837.624172487142  1180.7031996713456    0
 701    684.46384472508623  1239.1859279576568    0
 702    539.24722285608459  1260.7311126927482    0
 703    772.01796477653306  1238.6842408637542    0
 704    526.03107857707334  1419.9346344452938    0
 705    508.35613418925681  1197.5993473473627    0
 706    441.33313041296788  1172.1866307826836    0
 707    371.73187439925022  1221.5615647398379    0
 708    728.93093792210425  1359.3592449149057    0
 709    478.90198911674963  1335.8719290306724    0
 710    312.62892914200927  1184.8554918783291    0
 711    277.11066055952864  1307.9817457331515    0
 712    257.92707817257985  1235.7617418841899    0
 713    180.22005213834319  1295.0606660368305    0
 714    178.38748183245792  1209.7811769378779    0
 715    728.54032752469197  1291.1901609499628    0
 716    822.49712223405538  1324.7374474707274    0
 717    393.59275088506161  1308.459317688558    0
 718    86.343228267106483  1223.4643211246305    0
 719    399.85054601375452  1435.4341219220437    0
 720    335.48020045586156  1276.8800499422043    0
 721    335.19408118209373  1346.6659130222995    0
 722    237.57601392930377  1430.2897108771087    0
 723    420.62971636161359  1370.7684404464892    0
 724    522.30167610378021  1086.7194802325912    0
 725    -1032.5761705082514  528.27255620979975    0
 726    -996.09393760022135  592.12284746972523    0
 727    -1025.5873688493878  660.07908890559827    0
 728    -1064.713954646083  790.79685748211784    0
 729    -1139.5050300834587  697.19572022256762    0
 730    -1178.3691927023926  499.32762532214258    0
 731    -1099.5436002376957  483.93583941307429    0
 732    -1166.2417868101804  351.89570226049892    0
 733    -1097.0606584987927  399.81573088743903    0
 734    -1166.4495739184797  426.09335776071993    0
 735    -1297.8776549257557  388.62618078907735    0
 736    -1244.5935641500425  450.96178500708237    0
 737    -1046.7022314249361  253.21666082702461    0
 738    -1228.4446983189489  383.21657538965229    0
 739    -1252.8665102458888  257.28753641359407    0
 740    -1267.8664093346424  325.52913233109052    0
 741    -1394.7256926902992  303.87599722146439    0
 742    -1324.8989281383108  277.22372306373302    0
 743    -1407.0594400289115  166.76626945041784    0
 744    -1312.4327016869725  182.16602809119567    0
 745    -1297.2206707943374  592.5422466620355    0
 746    -1009.8907211856103  347.81070571500635    0
 747    -1092.5557094007283  319.41435382220999    0
 748    -1354.2649390308763  490.76694265760892    0
 749    -1250.9406067540476  529.17380042683544    0
 750    -1162.2030814244938  261.23623816553766    0
 751    -1178.5219853621547  602.10842597020894    0
 752    -951.43217699492902  434.14990601215476    0
 753    -873.6490343499031  449.96323287006163    0
 754    -821.3815644243341  388.75496513121101    0
 755    -849.69743632589757  314.71954105265019    0
 756    -937.83813198181872  292.32411532267747    0
 757    -412.78336213523892  897.82755358909765    0
 758    -425.84651714173975  971.03743043416091    0
 759    -485.95452557002972  1094.1185425693961    0
 760    -498.57795105208737  1011.7359965378064    0
 761    -480.7642364757674  840.42343213279923    0
 762    -436.43223995585674  1044.3718612595683    0
 763    -373.00624023874127  1157.0345527735219    0
 764    -607.30930667023995  1070.5552462381593    0
 765    -558.35210816126323  961.51324749510343    0
 766    -588.15015751065675  895.50795753619263    0
 767    -269.67047264501917  940.06116650291278    0
 768    -202.50209358312966  964.97585403237156    0
 769    193.23367799804942  1125.0435819479721    0
 770    246.70831627373195  1086.013012776016    0
 771    825.70378272103858  401.84718440934006    0
 772    893.46700059798945  417.68630971331237    0
 773    911.47402078088794  490.0205199896501    0
 774    994.97364261402345  339.42000273226182    0
 775    1048.630324473869  483.7894845337679    0
 776    977.69982877660186  435.12568085167595    0
 777    980.99677678517014  506.34486401376279    0
 778    1054.4531438593547  615.1963239486671    0
 779    669.81436638083346  19.322454942136943    0
 780    559.88540632224544  1345.7118460203997    0
 781    642.47867688658653  1376.435524528918    0
 782    715.97634038812498  1521.1533942634476    0
 783    699.63647512457658  1438.4293859325978    0
 784    809.84949325514151  1434.3002012372704    0
 785    605.28486012232804  1500.0417177689278    0
 786    -11.304844167332533  1268.4348751742057    0
 787    150.86677331447652  1387.2885303546032    0
 788    221.20619602707129  1357.4548119676479    0
 789    -1332.4465470638936  6.7190460286515759    0
 790    -1203.064444503307  156.62122075013045    0
 791    -1123.2609161187027  634.98179271158062    0
 792    -1244.9296270560731  684.90584082742259    0
 793    -958.01121025008263  177.40309497923465    0
 794    886.30714056275087  148.32920298912481    0
 795    589.85373443097751  -8.3930022586782655    0
 796    571.25819281630322  -133.36110112144087    0
 797    558.34687650215324  -67.572288254031946    0
 798    492.69490414844392  -94.065029688278557    0
 799    632.13132008197806  -87.253152631693354    0
 800    700.11702043338141  -210.38535322418628    0
 801    683.48899852664044  -139.23150897740152    0
 802    624.53692633476044  -190.52791774216993    0
 803    817.93914637436114  -145.33153537276431    0
 804    518.79877011982933  -235.66355789662401    0
 805    627.12521827379055  -334.43929231120097    0
 806    646.12630209239376  -262.11858885045439    0
 807    764.83041656654075  -331.96262043053116    0
 808    -13.396909991035841  1197.7411304814134    0
 809    -188.54945672262477  1356.7170528488946    0
 810    -1347.182191300768  97.265007431601177    0
 811    -1239.7798359146241  621.00640730770704    0
 812    -1208.2789448640503  828.82995394980708    0
 813    -921.1203407853202  230.15840977353736    0
 814    -884.65547828675335  165.3829413630969    0
 815    -937.70366510892541  71.48939746221329    0
 816    807.46336329414555  204.96402667379243    0
 817    799.87593420968096  47.216666509219664    0
 818    -112.3772231891859  1287.5798846447303    0
 819    -7.6138730528686551  1468.9213884892911    0
 820    -1500.3273801609207  25.869794567345934    0
 821    -1250.256788387788  66.566819783906084    0
 822    -1199.0726546485112  749.85688966005205    0
 823    -1139.9513383216167  796.77210512971419    0
 824    -1093.0754563853916  910.34647241857454    0
 825    -1306.8855234177654  777.31174141315716    0
 826    901.72732908748628  252.99463244955638    0
 827    810.33938642772796  125.7695414663082    0
 828    729.41998000306342  58.565352013569658    0
 829    754.17617759688665  -12.12085641232683    0
 830    779.70999724643013  -81.764585545189689    0
 831    911.51123786877349  -45.778325193083134    0
 832    830.50406350199182  -23.639050710212089    0
 833    856.49304069639379  -87.817363358041106    0
 834    939.17285428962396  -184.91986827414959    0
 835    921.65925595074464  -116.08124276014448    0
 836    1052.4479478923847  -119.45377707572256    0
 837    988.27032708080333  -70.582254813412447    0
 838    892.89528360255633  45.377734824735413    0
 839    1106.9948644465271  18.751201304845509    0
 840    973.31953185589407  14.323119391876283    0
 841    1060.2309259868064  -42.658760390548899    0
 842    960.73738815019885  101.40566531164228    0
 843    1192.4758163572499  -94.853341832359845    0
 844    1038.4463886707008  68.183229865851246    0
 845    964.73730294319921  190.24284440655015    0
 846    1133.7141585123511  -50.106097649400269    0
 847    1242.4195071098106  31.688489250835985    0
 848    976.87047751952821  265.43644468378045    0
 849    1160.3499765612769  164.98475291432283    0
 850    1100.9505793318538  274.2816958880635    0
 851    1113.0497036301681  99.392429321804798    0
 852    1042.7333375985772  216.2331708709749    0
 853    1171.9172265273548  54.424516006662422    0
 854    1230.8448271353482  116.47497923325122    0
 855    1024.3388041351911  142.67876766132491    0
 856    1090.5783863592653  165.4479304771406    0
 857    1281.5918483679902  265.69778898063186    0
 858    1235.1740580863461  198.24302797934757    0
 859    1386.935224117236  94.600448771414491    0
 860    1191.6468026334474  277.89369983083412    0
 861    1333.9609037399225  179.96279026678883    0
 862    1305.805150483103  83.524926729938016    0
 863    1366.0040325152606  -54.758551740908175    0
 864    1355.406142226987  22.872788455448102    0
 865    1498.3240376605449  2.8442542364870462    0
 866    1429.6896318224763  33.013644854060992    0
 867    1517.4888415851449  139.59881716938628    0
 868    -231.47330472850967  1232.8953200356566    0
 869    -85.938992861352077  1393.2385027060416    0
 870    60.114103597628116  1405.7550851008457    0
 871    -1413.6862122411469  39.969964325900044    0
 872    -1468.9700876767679  106.4305933863231    0
 873    -1432.0110849822554  -120.67100988763576    0
 874    -1544.9732729284437  246.34893063023551    0
 875    -1400.1941121317718  -42.934804282122144    0
 876    -1487.2395721600733  187.10817890847906    0
 877    -1278.2977508260001  -138.20562271487492    0
 878    -1431.6357379982871  238.08664470806099    0
 879    -1483.3382576692225  310.34206806107522    0
 880    -1618.8102269483813  116.63747660258167    0
 881    -1325.8102794466183  -73.379670565775385    0
 882    -1431.5478685648422  409.67300080274151    0
 883    -1545.3716126290747  89.785821926291845    0
 884    -1563.1869802171173  170.84569964524536    0
 885    -1215.6652392569642  -42.476196200428902    0
 886    -1627.597944406958  387.60737837018644    0
 887    -1625.0089601699888  -14.168134324204772    0
 888    -1684.9776733051906  240.1738393458705    0
 889    -1566.3645102487569  328.63037239366082    0
 890    -1634.0796465663079  187.94719658720331    0
 891    -1750.0723270344272  125.82023014408817    0
 892    -1532.5423353743279  425.02316430487144    0
 893    -1644.1351216040944  309.16089874920033    0
 894    -1774.9305006252337  377.69999167859743    0
 895    -1726.3845923191739  311.27164334449429    0
 896    -1701.1314701581598  380.67952727244597    0
 897    -1676.6458761174777  514.49810854881696    0
 898    -1741.1787929536299  457.1566569501465    0
 899    -1868.4166827189381  258.42731427009312    0
 900    -1810.5629096398989  600.22644183622197    0
 901    -1778.2749650014357  233.44454481419962    0
 902    -1889.8531881654799  473.41388354801609    0
 903    -1755.6943074433336  538.47650625299082    0
 904    -1817.9662168643079  442.87764052218517    0
 905    -1673.6630074852726  666.61836933509289    0
 906    -1832.3241949114001  525.63818053497778    0
 907    -1893.7022323175277  364.46808055007995    0
 908    -1732.749977848234  614.11597494027217    0
 909    -1953.6679631672705  601.50906676444015    0
 910    -1796.2787542819858  745.11207048112908    0
 911    -1903.6958383520816  546.46101064407208    0
 912    -2026.266918351756  485.39824703733893    0
 913    -1782.9882071239535  670.65482042566839    0
 914    -1890.1477583263493  689.94174406348691    0
 915    -1266.3862679340411  132.41195460409949    0
 916    -1348.402742693288  682.50255436289706    0
 917    840.23273406608109  287.88807850399485    0
 918    928.20900668227694  317.93842126207198    0
 919    744.9796310409381  150.98741816592997    0
 920    1148.1678604643737  229.15347093475353    0
 921    1258.2393109960481  431.24349767668269    0
 922    1459.7608773677407  315.66617793511898    0
 923    1430.3120611029708  180.63794860195011    0
 924    -154.26465188118567  1221.7750176771967    0
 925    -184.42850595149818  1285.9376671330519    0
 926    -272.13246613099329  1316.3409846341647    0
 927    -52.244518417174369  1328.6703283530651    0
 928    -12.15566743374832  1390.6661363303404    0
 929    133.07539632057259  1532.0862703268656    0
 930    -1365.7509998204741  223.51994594411107    0
 931    -1265.8445827856597  1.6137075195891271    0
 932    -1110.7050764938751  50.828375745520688    0
 933    -1488.3138947735933  376.103350099191    0
 934    -1466.403096732  520.26268529285062    0
 935    -1611.6057350246042  250.83549061313559    0
 936    -1604.8691439626311  469.31767464346285    0
 937    -1579.8377409158779  588.68920982165855    0
 938    -1670.744294696611  444.26883140057896    0
 939    -1806.6247104385563  306.26830736903264    0
 940    -1847.7949534081747  157.71966760832549    0
 941    -1728.1825624987018  189.06374601224582    0
 942    -1683.2606351144943  138.10543962954216    0
 943    -1700.5323874876799  44.219431617731118    0
 944    -1495.7146670260659  803.50572445751061    0
 945    1141.7341317537164  390.70226906703658    0
 946    1246.569348652785  345.17733094443122    0
 947    1355.2688673181544  345.61948652427094    0
 948    1508.7967513318845  234.24634265201354    0
 949    -325.64773487533841  1238.6370181825689    0
 950    -301.9165919707475  1484.6986366782605    0
 951    18.133288959077987  1329.7583789138423    0
 952    70.019762768781561  1484.2687916101384    0
 953    3.9962329576159448  1614.2181098494962    0
 954    18.681779505719337  1539.9324236275256    0
 955    79.6211251979569  1590.5739673291773    0
 956    -120.34902251470102  1551.0418439576522    0
 957    -52.400337402298902  1525.8801910955242    0
 958    -111.61776891462399  1470.2924154024524    0
 959    210.03081275366742  1656.0897952908242    0
 960    -204.98451396354525  1501.0436394829642    0
 961    154.06539697253828  1604.9407389596072    0
 962    242.59888873686435  1539.9825421292278    0
 963    91.374938294133528  1729.7265103271136    0
 964    105.12214307290532  1658.4926468665103    0
 965    34.647320170495121  1681.8353741651524    0
 966    -21.88664362728889  1806.3433599352802    0
 967    -93.024611692447763  1698.9536610324221    0
 968    167.42849016948497  1462.8153655699577    0
 969    -1177.4252005831559  85.792564127802166    0
 970    -1099.0446698069536  154.22040805636303    0
 971    -1476.1070702036595  456.41661443063123    0
 972    -1536.3150142423447  498.22811807564773    0
 973    -1398.1550939507879  594.65648820411002    0
 974    -2036.6326937384517  171.5168537135512    0
 975    -1634.3225172945686  51.822905865440902    0
 976    -1571.18649145521  27.080776057423478    0
 977    -1537.4514348569057  -72.676268756509302    0
 978    -1840.2353365682054  15.243885674138482    0
 979    -1404.9941250131203  763.77893475780513    0
 980    1144.3736904565972  324.42382382522192    0
 981    1071.9632356194468  354.73183924916873    0
 982    1042.9010240481846  416.11560505948097    0
 983    1368.2255841845024  259.7541593999735    0
 984    1680.9267490666364  202.33125807404238    0
 985    -493.98564734852641  1281.7893508667482    0
 986    -263.28174120623066  1404.7201435330701    0
 987    -401.96810403272946  1387.0463746784421    0
 988    -328.90064467298362  1366.6587871324632    0
 989    -386.55959127231841  1301.1415177280423    0
 990    -176.23462695329474  1431.2184495833051    0
 991    -282.42573390272605  1664.7049720835139    0
 992    -1028.1106024375679  93.867026381269568    0
 993    -1150.1127496742042  196.22641420184598    0
 994    -1489.5998407233094  610.04496667471653    0
 995    -1403.5929577870581  531.14326040170295    0
 996    -1940.2680631129358  191.24927119884137    0
 997    -1472.4896484070728  -40.8828515680324    0
 998    -1684.9489794332267  -198.63753974073347    0
 999    -1775.5269195319502  54.528440801456    0
1000    -1752.5496724383993  -56.254258063647328    0
1001    -1379.9297571686634  944.46482384684498    0
1002    1437.0988759879751  249.88320294414879    0
1003    1620.590019281113  357.05098624910715    0
1004    1590.3608969681877  194.01401410713441    0
1005    -266.78560914498757  1571.9530887602998    0
1006    -1012.4973322130861  -36.867930592694492    0
1007    -1028.4489060844012  165.33094311977703    0
1008    -1436.9267212269704  681.20479686341025    0
1009    -1543.6963379659371  705.16212365255024    0
1010    -1966.3121520317304  291.11908878948583    0
1011    -1963.8814660597427  61.399073328635609    0
1012    -1628.9640075860245  -114.85593164083254    0
1013    -1692.6172528451627  -23.58044675483357    0
1014    -1693.9879188254536  -92.369149792137705    0
1015    -1771.4741021624377  -152.47855280284898    0
1016    -1417.9433295462118  857.65660410375608    0
1017    1546.3553223080917  312.34243050371362    0
1018    1620.8181457926478  272.68777130446978    0
1019    1508.6226409068931  458.97872094641338    0
1020    1741.8046853146118  315.19684683350698    0
1021    1505.5922075668195  380.026063312779    0
1022    1673.9080620737629  315.01324762127814    0
1023    1707.5928231018465  412.56840262980541    0
1024    1416.6629158678968  422.97391622774256    0
1025    1639.0208072824391  52.847149547156505    0
1026    -183.25197676623455  1633.7333880683243    0
1027    -439.0291735273259  1590.603403811424    0
1028    -995.58684385063884  31.451437250544764    0
1029    -913.70259500164696  -25.069181699955138    0
1030    -1998.2926346358952  229.4484039139671    0
1031    -2091.6275047479903  316.97631966815135    0
1032    -2076.5147152813311  239.56425396006745    0
1033    -2221.3013471268396  251.47948020061895    0
1034    -2157.0442376708056  146.65560079772118    0
1035    -2147.2276758099852  265.94053080551498    0
1036    -2209.8999648728532  390.02219031045371    0
1037    -2196.0625468992412  319.14294516734992    0
1038    -2328.6306043222371  330.05264295043594    0
1039    -1992.3239650734713  389.48244730339377    0
1040    -1914.0040991077301  119.40097939114787    0
1041    -1534.0631588099116  -238.86714420774985    0
1042    -1850.5706737156372  -86.949551046284654    0
1043    -1810.0386909249264  -328.94321949615141    0
1044    -1325.2840942692897  868.80809190239006    0
1045    -1552.8235694904481  968.44829113314904    0
1046    1614.3884996135021  462.70045048100593    0
1047    1897.3116610940406  424.53081853145943    0
1048    1398.8161921372243  603.99554248248717    0
1049    1337.2352260733162  422.97286841966383    0
1050    1376.9479169943922  510.4490156104676    0
1051    1641.6543155724196  132.72482886725263    0
1052    1781.9386512937433  88.117505505533131    0
1053    1719.5102753798215  134.68005782562705    0
1054    1826.5733163452257  213.0925349568378    0
1055    1754.3651201081782  199.3871066518123    0
1056    -186.3389954921827  1566.1143924586006    0
1057    -108.4929477910395  1625.3314070865295    0
1058    -200.53375526891602  1752.6629737999035    0
1059    -355.53756862906977  1556.9874441923325    0
1060    -368.76190431247164  1644.6338906500339    0
1061    -432.36462559385808  1486.664481599948    0
1062    -361.17430955208374  1807.7196442543191    0
1063    -341.96879326107279  1725.1067201424182    0
1064    -270.660413052396  1735.8521967752861    0
1065    -259.29226603557089  1843.1027432494284    0
1066    -494.79494666483288  1733.1171903126383    0
1067    -444.62113681680955  1670.5827554370092    0
1068    -417.22673681749194  1751.1499319678032    0
1069    -569.65925270218509  1621.6552279662142    0
1070    -487.27363159434992  1876.6110959553882    0
1071    -499.48732279621839  1626.5614799926543    0
1072    -527.77921337198336  1526.9357447443538    0
1073    -470.34204971575588  1803.7795475796015    0
1074    -605.07357634268863  1810.8415775463043    0
1075    -867.7680821178742  37.610725198405845    0
1076    -779.62115490953465  -75.158447804779058    0
1077    -758.62591886056498  32.087608894032996    0
1078    -839.59799158598287  -31.204860229902152    0
1079    -887.52715869983399  -159.50403985037894    0
1080    -1932.0084252744541  420.36232912409974    0
1081    -1957.6550883539278  484.01563619667502    0
1082    -2084.1267007231322  410.95885053065962    0
1083    -2023.9233624309627  328.5050664489803    0
1084    -1554.4526267411909  -156.15286422225938    0
1085    -1608.033984675634  -213.23111767699891    0
1086    -1480.6498165414621  -181.83030742295327    0
1087    -1671.3397130051076  -336.89615052210377    0
1088    -1406.2459106033466  -305.03584671061344    0
1089    -1595.8183567537521  -297.52048207320286    0
1090    -1384.8870233055866  -208.06814724251433    0
1091    -1460.8230344961778  -253.92595417722507    0
1092    -1513.1389734297975  -322.73511569758568    0
1093    -1660.2741806843194  -266.00782381257352    0
1094    -1750.541269256591  -260.86493039580103    0
1095    -1351.8236545352859  -142.27003475400795    0
1096    -1585.0333794129549  -410.31743381516287    0
1097    -1859.485280687901  -225.69087561258556    0
1098    -1926.6782113556951  -27.633061584290367    0
1099    -1228.2933251477768  996.42620871408758    0
1100    -1501.0079458697023  894.03084163530821    0
1101    1570.8022376933095  407.1352360944216    0
1102    1749.8609524500478  602.85998015860946    0
1103    1804.1392524560349  391.79434246011692    0
1104    1556.2867349034586  609.150901144729    0
1105    1464.1581246898122  539.39130077223649    0
1106    1236.3212806527563  592.65248490890951    0
1107    -55.205512111084957  1589.8423359095136    0
1108    -46.929001131397683  1653.8209647702167    0
1109    -24.892905818928192  1722.4330867286644    0
1110    -220.3979445415672  1689.0560791162786    0
1111    -367.64871897590564  1451.9647715694862    0
1112    -716.63074686614345  1500.0537299187185    0
1113    -523.25597557414119  1404.484253454609    0
1114    -954.52338900009238  -102.78298682900248    0
1115    -1100.3595715639783  -172.59726696420114    0
1116    -991.00580099409058  -213.80120855762874    0
1117    -1037.2871013253966  -117.1234493464802    0
1118    -1112.4408697984675  -49.953177150667663    0
1119    -2169.7769060982  537.23864010945408    0
1120    -2141.6479723734055  368.25907152457643    0
1121    -2154.5430080121773  445.72370564277514    0
1122    -2242.7834630836705  478.06030030123526    0
1123    -1256.8994553766586  -287.0959109649736    0
1124    -1842.0407664222753  -157.15468626046012    0
1125    -1948.8034920404259  -134.50557366098064    0
1126    -1296.2056713493248  947.37419335661787    0
1127    -1253.7385370394293  886.99228955246792    0
1128    -1173.9634735353216  902.49761514785678    0
1129    -1342.8481771451977  1083.4887941793233    0
1130    -1141.066788303707  984.20254086405703    0
1131    -1340.2366169535551  1008.3348857902398    0
1132    -1456.5723415835869  1041.9146077658377    0
1133    -1034.3799582689855  1001.0068428648667    0
1134    -1163.0108657269407  1144.9429617424873    0
1135    -1174.7073880497524  1061.478068237903    0
1136    -1078.9594808372028  1090.6122455538084    0
1137    -1253.2080386789278  1115.0309210104726    0
1138    -1658.6884228540343  839.48846676673202    0
1139    1701.8908485521117  513.67509198600999    0
1140    1832.9858837594431  304.65664272628891    0
1141    1559.2279141191693  525.5670881706028    0
1142    1634.7645621630697  570.06875482272017    0
1143    1656.5214870722757  712.09084120596958    0
1144    1622.8934072096051  644.56490184759537    0
1145    1534.3191386186165  730.81150210275553    0
1146    1477.1803666778842  617.90838295934839    0
1147    1418.9409073859192  718.29274836950174    0
1148    1319.3190303739691  573.25018652510619    0
1149    1325.3308954735503  675.85467784185164    0
1150    1261.6788433537727  513.90319717729881    0
1151    1151.8811557579002  522.00519305466526    0
1152    -625.99604020508991  1540.127693062662    0
1153    -458.51849930510048  1424.2376311691189    0
1154    -471.83249461443154  1351.9130926688001    0
1155    -1068.1119773928215  -0.31094349906410201    0
1156    -1160.6126507773697  1.2822255375012404    0
1157    -1169.2138592429872  -117.46280355289711    0
1158    -1190.121698600695  -214.13474066487441    0
1159    -2101.5427370832153  501.57172866017947    0
1160    -2045.6838033927754  578.29063181297533    0
1161    -2293.8986512046395  408.80775920937435    0
1162    -2391.1067080504913  534.04715733060596    0
1163    -2414.9818358393709  415.1707367999901    0
1164    -2324.8406819501211  485.13631107506632    0
1165    -2274.326648944967  591.59636857427233    0
1166    -1334.7089629856309  -269.95696147116831    0
1167    -1320.3134727908362  -389.79660093953623    0
1168    -1281.7416231157113  -214.68338108475223    0
1169    -2099.5339326617718  -47.574106743707759    0
1170    -1475.5555636443448  967.00080922716018    0
1171    -1093.2380928857976  1027.6164378190078    0
1172    -1003.397383751475  1072.3130275358292    0
1173    -908.98168506967511  1179.9788159060836    0
1174    -1017.3653202058898  1179.7929961138889    0
1175    -941.00587070201198  1112.8308637132677    0
1176    -805.95898251214101  1089.6347930804989    0
1177    -1261.1352486936598  1289.8816466505293    0
1178    -1587.5487655520496  889.02181858330334    0
1179    -1710.8284233884451  990.22374688681111    0
1180    -1581.0885970069721  803.8917816813148    0
1181    -1663.4768183948909  922.21750809209573    0
1182    -1651.939318903311  751.82021390571026    0
1183    -1794.0539125786693  881.78704864467011    0
1184    -1726.0490185435358  790.20882443987114    0
1185    -1611.7370868821308  696.19961936892241    0
1186    -1721.140603458374  877.37680333991477    0
1187    1816.3858118152571  505.89782315611711    0
1188    1992.0975036663538  247.5068758280739    0
1189    1296.9049096221536  863.01844036886882    0
1190    1318.4762886609626  484.24162715390872    0
1191    -742.35347512969042  1680.7610433300626    0
1192    -631.22929766843288  1429.4330877950708    0
1193    -1218.117964368075  -157.48291205062759    0
1194    -1094.1705495823403  -368.99386683902617    0
1195    -1988.0590525819825  543.86175758820752    0
1196    -2034.096113569781  726.30897494632006    0
1197    -2233.8701730724442  541.68641806213463    0
1198    -2196.7092432922436  613.1604432319192    0
1199    -2120.8232535678762  597.34221480348685    0
1200    -2273.745101682865  739.97265409072838    0
1201    -2066.3780200854731  654.37343449444325    0
1202    -2253.1109774823035  665.70249811184726    0
1203    -2153.7132692488567  736.77734841482732    0
1204    -2387.4638725908949  668.37729054134707    0
1205    -2146.327894101742  664.92279178721162    0
1206    -2320.7268057296174  644.97011892618423    0
1207    -2015.983457265469  -12.661435943968915    0
1208    -1090.7213764520475  1164.5966815846768    0
1209    -1080.9822218366064  1302.2348901022146    0
1210    -1149.4719098170476  1237.9174870873569    0
1211    -1333.1286151549339  1199.0126214567204    0
1212    1756.16554126101  466.02181911823953    0
1213    1837.4566533171289  445.92737763593914    0
1214    1889.8285474144623  498.01532197794882    0
1215    1864.743892058239  610.3779956541764    0
1216    2023.8378569591041  474.5385664689291    0
1217    1761.1429762119308  539.29834386172104    0
1218    1904.4820969297386  253.64290135062117    0
1219    1932.4309933889367  104.82748654928935    0
1220    1954.6465644715151  341.34219008453636    0
1221    1943.6246571871438  183.96199565983    0
1222    2080.508623067411  129.80545096620057    0
1223    2019.7041150828131  176.18790653111364    0
1224    2009.44311996744  99.689693921456353    0
1225    2132.3296674304411  260.78629748433644    0
1226    1961.8291676934211  -34.2626651298296    0
1227    2064.0863278161596  234.370220849123    0
1228    2061.8375347623178  341.53777795620789    0
1229    1966.7453930767276  39.428314427538282    0
1230    1864.826119045631  27.653947720157717    0
1231    2094.9210582746923  -6.1322867343259873    0
1232    2068.2717752923122  59.775183090602951    0
1233    2196.7957458379033  73.401593456145591    0
1234    1337.512838874949  773.44535908059197    0
1235    -704.00770115846035  1594.0349572903604    0
1236    -583.72069994313551  1482.65805365182    0
1237    -1109.2355019633092  -271.17278995405326    0
1238    -2062.4381302862275  75.376970622374614    0
1239    -2028.8847085972527  -99.216904473304481    0
1240    -2155.7577544911446  -198.63709012745511    0
1241    -2035.1333149612303  -221.90619279742708    0
1242    -2106.3420517849258  -131.03461299061919    0
1243    -2008.6259097867503  -161.75245781672658    0
1244    -1947.3283160437195  -224.68117430270843    0
1245    -2250.8904458493221  -77.23544279315729    0
1246    -1996.1500921871675  -378.94772418144112    0
1247    -1904.3892792834249  -310.66091256867151    0
1248    -2186.2033247160052  -124.52009392176775    0
1249    -1993.4947817255181  -294.92931477329057    0
1250    -2302.369527486981  -215.5501891232893    0
1251    -2115.9081912179477  -316.34777622448217    0
1252    -2231.4488258403476  -186.417583743725    0
1253    -2049.5274859423189  -335.20962589439102    0
1254    -2100.3743714557563  -451.70206913608757    0
1255    -2226.801507032912  -298.62239265580439    0
1256    -1173.5346890932235  1332.1662410099009    0
1257    -1312.0353010367216  1139.0671520725248    0
1258    -1255.8738253956781  1192.5128132716359    0
1259    -1389.2900907959777  1145.5669602576093    0
1260    -1455.9537664190734  1271.8485941043632    0
1261    -1404.8129487085148  1218.1090814166171    0
1262    -1348.5570350344583  1285.1900196037045    0
1263    -1522.7692028875319  1157.0605177304969    0
1264    -1313.1631023557934  1442.5105435754551    0
1265    -1308.6738016682461  1358.8588207063115    0
1266    -1229.3419563576006  1405.0626125106135    0
1267    -1428.9824724017424  1394.3485916249797    0
1268    -1377.1735622017204  1348.3131034785893    0
1269    1884.3867716321045  354.27041249187516    0
1270    1973.8551918106125  415.93344651512444    0
1271    2008.30239916244  308.36571266605705    0
1272    2240.2336993524086  426.12514252965013    0
1273    1856.4377991763283  103.20028736407325    0
1274    1741.3432966697685  -54.578914097992964    0
1275    1461.0494466537405  868.14943364103385    0
1276    1167.032508672442  750.1494899086606    0
1277    -649.59782541080267  1669.9324788828642    0
1278    -876.92201387891055  1569.4215213700247    0
1279    -1177.3947999841314  -331.74025357499841    0
1280    -1018.6717079221078  -307.29607549171817    0
1281    -1058.0764671058914  -226.09188377053334    0
1282    -2091.8236435397912  134.7977297507592    0
1283    -2136.2270325186923  75.862368961095129    0
1284    -2272.1325056667374  74.355822912254254    0
1285    -1880.2820229140245  -438.85066029727886    0
1286    -1214.7686397982361  1243.5605433617379    0
1287    -1080.7509829528512  1461.0090204479297    0
1288    2162.9646254928007  358.67298222465291    0
1289    1787.9331152348627  9.2895088881018886    0
1290    1717.1270366566355  43.546992971912339    0
1291    1851.2971356882338  -85.859412232591779    0
1292    1669.9357560417839  -20.150321549999489    0
1293    1583.449237096255  -13.732892109356158    0
1294    1556.274508959435  65.430365539351982    0
1295    1511.499929984984  -156.34781435322381    0
1296    1486.1309780530883  75.97500992726853    0
1297    1648.6267942143641  -155.61339552308806    0
1298    1527.3621870964764  -74.893638106845827    0
1299    1679.7319832591554  -91.098848570266853    0
1300    1602.4214539424215  -93.580012199721722    0
1301    1768.1099604828255  -173.46544210527952    0
1302    1447.2181778984864  -60.538176887123754    0
1303    1399.167376809788  -162.24615827821231    0
1304    1379.5735691840666  846.50491527125519    0
1305    1437.1275869701644  794.02686105143925    0
1306    1381.9417478447519  1001.7614287524822    0
1307    1516.2822418488856  809.40246097846534    0
1308    1352.1836449014936  924.5690208388902    0
1309    1605.7008407950702  788.55909405699731    0
1310    1428.8869489517704  939.33163128109072    0
1311    1215.4320778258223  991.78767870818695    0
1312    1592.8080204659068  936.68845631810541    0
1313    1274.3282902624042  938.89283821479296    0
1314    1512.672658097531  1051.2013314605763    0
1315    1510.7743416317539  933.47394924004425    0
1316    1297.087807471057  1023.4712831792291    0
1317    1164.8674543616967  876.24940042978949    0
1318    1454.5013381428721  1007.4583685720038    0
1319    1408.433842885056  1129.2718281105056    0
1320    1554.2142702021335  873.24437599302451    0
1321    1637.627557192526  865.96367903025146    0
1322    1200.0936523633379  1152.3825635321421    0
1323    1355.1761701469215  1073.8296113985973    0
1324    1698.9250650442309  795.39394923527504    0
1325    1230.4109017772894  1074.2482362337632    0
1326    1307.7933566704237  1172.6461495561143    0
1327    1740.593308370542  980.77874208601338    0
1328    1076.7416694062499  1059.5712801826148    0
1329    1672.9185362422077  937.89204733508677    0
1330    1155.6461163924287  1045.2384178316993    0
1331    1757.247467186837  879.66024571532432    0
1332    1641.1265170235579  1062.897934869623    0
1333    1098.9360153729122  957.39777721378562    0
1334    1632.0107543647894  994.03389275472682    0
1335    1561.5644936444901  1000.1199794993684    0
1336    1256.0633886073319  734.0567846510379    0
1337    1224.58086174235  814.20609965018332    0
1338    1198.5169586710492  670.01081440586836    0
1339    1262.8186024081951  653.51796979517405    0
1340    1111.4699652520903  682.06631986111324    0
1341    1023.2822966309315  810.74993283499521    0
1342    1136.2537576062473  603.1916298352869    0
1343    1086.2630593712308  759.35145415133672    0
1344    1133.2428258715927  812.63788435582069    0
1345    1083.1460112342161  877.21053498799893    0
1346    989.53258670197397  705.10920852133734    0
1347    950.96955302932361  944.88621125145846    0
1348    1026.7434201530825  929.96526320188957    0
1349    1003.7906514379227  1013.2667239347769    0
1350    975.93041998921558  871.78258574072288    0
1351    977.24537146111061  1135.7057911008642    0
1352    927.17945509608262  1017.8543769502417    0
1353    868.18459852014405  875.80650868397936    0
1354    927.48717402983539  785.31295306645234    0
1355    1013.0085529279627  1079.3622969568144    0
1356    1071.8108080513236  1156.2079563698262    0
1357    855.06181273694006  996.13157541284147    0
1358    -573.71862004647289  1705.2543160076129    0
1359    -686.21085856010632  1758.990313662315    0
1360    -786.9937257935228  1557.3428443548098    0
1361    -1247.6485167946537  -363.73632930310458    0
1362    -1237.7833223347957  -505.5813862823876    0
1363    -1175.0773607885094  -429.95465766394386    0
1364    -1262.7197450741696  -436.05010562890135    0
1365    -1373.5113129586998  -515.02114435126521    0
1366    -881.31204699359  -297.10121976401308    0
1367    -1866.9368251100441  -369.97930453453807    0
1368    -1786.709721198137  -421.25353177093609    0
1369    -1146.5984208689681  1410.5982045073411    0
1370    -1072.1851768613778  1381.6093116337852    0
1371    -1197.1349228572212  1544.8207274496388    0
1372    -935.87474670981715  1326.3273669360897    0
1373    -1192.1346115546223  1470.0783266431117    0
1374    -1263.2552491663341  1502.8587757748899    0
1375    -1011.8261472791604  1334.7450394538587    0
1376    -1395.1899434008096  1561.1575154800539    0
1377    -1017.6760898698891  1257.3791333066999    0
1378    -961.24178587817312  1444.3022672782324    0
1379    -1337.4442279802829  1513.401937851801    0
1380    -1285.6902512964732  1611.2846461120189    0
1381    -1415.0491196946989  1478.3532869236849    0
1382    -1551.9085858733638  1554.960242291369    0
1383    -1519.3895665175862  1452.5017399354149    0
1384    -1472.6752886654112  1535.9574927333836    0
1385    -1478.6053045232811  1685.9176456572352    0
1386    -1496.7885607379219  1610.1012834267726    0
1387    -1622.0984276779384  1680.2433616610426    0
1388    -1569.3353432702004  1627.5003869385239    0
1389    -1689.2156296422797  1560.3374812072657    0
1390    2321.1732348584064  255.42231036567318    0
1391    2135.9099823210295  467.64857382489197    0
1392    1764.2843386550353  709.68042857867317    0
1393    1166.0478255149019  944.56660699983661    0
1394    853.5436398759731  801.53397021582589    0
1395    780.13187522261921  854.58456619399715    0
1396    778.09505470175566  769.06768815603903    0
1397    783.97094979887697  700.23757181651342    0
1398    713.07382336745411  797.8118743138848    0
1399    918.61298434742275  714.34694356634088    0
1400    871.45025739020059  648.42712036107196    0
1401    945.66273013322439  645.16270571903419    0
1402    990.2231622408666  1304.1870121196002    0
1403    -622.23931851518876  1748.294897755962    0
1404    -821.70971422896935  1639.6818544764137    0
1405    -854.85366414870896  1800.8981691058823    0
1406    -963.76869147582102  1694.4915376792871    0
1407    -815.54601481426664  1724.9641668516595    0
1408    -901.15084869381838  1645.2848950936648    0
1409    -765.83739378521511  1798.8370153128847    0
1410    -894.30508783327957  1732.3350146473672    0
1411    -1009.7783035068804  1571.496627049059    0
1412    -689.03851296986204  1852.8228241049001    0
1413    -996.12293457502051  1836.5530827469529    0
1414    -943.04330892060295  1590.1047831639632    0
1415    -958.9132292440346  1518.0486141881045    0
1416    -877.07782481336085  1478.554708046167    0
1417    -807.11970383921278  1939.1832137280774    0
1418    -959.91145709047407  1770.0850961658309    0
1419    -1095.8465997565847  1739.1261294063968    0
1420    -1023.5130125594808  1735.4352382069592    0
1421    -1064.1596540615153  1649.4852296882543    0
1422    -808.89723920462438  1862.4157404780426    0
1423    -909.9245385304132  1903.1593230865433    0
1424    -1072.3650145948814  -578.92839332656115    0
1425    -951.92094749306352  -276.20746020729666    0
1426    -944.22162048945927  -379.94379300490846    0
1427    -1742.2950626722736  -360.92586764182664    0
1428    -1683.9967192283264  -450.35988717822863    0
1429    -1081.3126069385055  1232.3339771353146    0
1430    -941.24204255844393  1249.6958559600776    0
1431    -802.71186573308705  1278.4968765650774    0
1432    -876.03864373118756  1283.6327078455749    0
1433    -843.90727611351349  1216.3589037979821    0
1434    -832.35269056587754  1381.32937946935    0
1435    -725.69668931972978  1182.7137944844062    0
1436    -1521.1448687180905  1350.4211543410358    0
1437    -1623.7689390673959  1475.7628726998992    0
1438    2256.6299481453848  329.35915635577624    0
1439    2103.6432179833264  401.79178579589791    0
1440    2177.4123793401332  420.10596338633036    0
1441    2202.9611819791926  484.29492787860852    0
1442    2139.9261885827173  594.83503067228742    0
1443    2324.7164229999526  521.28392627147639    0
1444    1788.3569274893034  795.81255801082887    0
1445    1878.0571809107721  724.31271252464239    0
1446    1921.4410168779843  892.88489292438123    0
1447    1841.209259684965  863.11702771872524    0
1448    1907.8483384664194  806.51437764191894    0
1449    1847.1679168711328  970.06311780747387    0
1450    2035.7369873080117  713.66632785352397    0
1451    1958.4293796612817  741.68380312447016    0
1452    1934.0143681192046  660.02891841805604    0
1453    2038.2778166035876  841.34192888451946    0
1454    1946.3852818025871  569.62283283506463    0
1455    1968.4422565591888  841.23316745277816    0
1456    2003.2372852475187  920.10600439636232    0
1457    1937.1135952566433  982.29530476143225    0
1458    2160.3845284457129  942.84116222934415    0
1459    2085.0171527314274  909.31175336141462    0
1460    2182.1392328739303  792.47089198092726    0
1461    2065.1573441593337  1055.4226783738197    0
1462    2150.0557793552357  864.58805053507331    0
1463    2052.6550997898621  979.31817502333047    0
1464    2293.9413335298295  885.40458359967022    0
1465    2219.0628863247039  895.28790551136501    0
1466    2274.0225132002183  1023.0850750021781    0
1467    2228.5199900992784  966.93722059235574    0
1468    2172.6097868151451  1058.7588218341962    0
1469    1008.9072528345399  1218.0073739641782    0
1470    1139.9536684377513  1288.4817080669675    0
1471    913.86538620989256  1242.5171286575078    0
1472    1062.831080788209  1274.8134876632298    0
1473    1077.6183667688069  1415.7918353432835    0
1474    1049.9618053333329  1347.4280486622149    0
1475    944.8805899495386  1429.714763924557    0
1476    -596.257637645248  1933.431971558683    0
1477    -795.021747642533  1475.6279968401755    0
1478    -728.1856381822713  1399.13216422758    0
1479    -998.43895272440102  1637.3578651149239    0
1480    -1179.4475848959275  1659.1532976567626    0
1481    -1104.2299212519069  1563.5899612120363    0
1482    -1078.8464168481175  -473.50189054722523    0
1483    -1019.8146756154476  -382.93984548362101    0
1484    -978.32981155713935  -474.50181268379191    0
1485    -1563.5308258755731  -605.7733613285892    0
1486    -1648.0311862876397  -396.93406254341437    0
1487    -1802.301017635456  -595.92997352191446    0
1488    -1557.3658386847392  1254.0382891752902    0
1489    -1457.9648738832573  1336.5105726986405    0
1490    -1585.2963761900382  1402.5796404212488    0
1491    -1734.2663396635851  1370.9700158666226    0
1492    -1664.2391333860028  1407.7834499382677    0
1493    -1706.7728882721715  1479.1413462232645    0
1494    -1653.0708752852186  1301.5287283665862    0
1495    -1841.9326069980195  1550.8635898082471    0
1496    -1589.3598730109516  1332.051496035245    0
1497    -1764.2380543467038  1534.0634877430234    0
1498    -1773.3033842944769  1680.1945473095068    0
1499    -1825.5673088891647  1438.4923108932239    0
1500    -1789.3789821626658  1605.8505712954086    0
1501    -1913.1325436961868  1671.5201596053678    0
1502    -1860.5168751162357  1621.2329092012396    0
1503    -1975.9701318097543  1553.1034689063777    0
1504    -1621.038449068524  1545.4855529917013    0
1505    -1642.1018894338686  1612.7029452098077    0
1506    -1697.6962835669747  1665.9007739172084    0
1507    -1710.1609168780574  1807.0781927441653    0
1508    -1723.8382714668285  1734.731647315079    0
1509    -1646.1752020634481  1757.5153335792452    0
1510    -1845.2500612368265  1795.1510965928758    0
1511    -1552.7700374851315  1744.2320012791179    0
1512    -1590.3067828991179  1895.7257840189043    0
1513    -1637.73224436594  1834.4994523766989    0
1514    -1559.5777910992952  1822.9424645247782    0
1515    -1722.5569093461711  1949.1848782869272    0
1516    -1454.9325800270565  1792.3437060673423    0
1517    -1696.3181912014581  1879.8796913951323    0
1518    -1795.9631954843248  1881.7739572354403    0
1519    -1480.4786843682416  1899.2164941720339    0
1520    2194.4798077879132  295.07272692005614    0
1521    2214.9806047857905  184.43924690366373    0
1522    2367.7850665513633  397.96563437388932    0
1523    1812.8764583859431  1164.348310464203    0
1524    1790.0163421394836  936.98797420048334    0
1525    1959.4425499695528  501.1715447399564    0
1526    2016.3039543411128  547.48900990958691    0
1527    2001.8273037110007  623.2588059456391    0
1528    2068.3350649409545  596.69798376880351    0
1529    2087.3769783509902  524.45198038522892    0
1530    2106.0686001180347  670.24057230437973    0
1531    2227.4940356554062  679.45748670867681    0
1532    2108.798294829392  753.32835716011971    0
1533    2164.1190578701176  709.92216438114781    0
1534    2286.5558619525659  1220.6987359346949    0
1535    910.73698196745704  1168.4508303013808    0
1536    908.00426937103441  1327.8810663633585    0
1537    842.54872864150718  1255.142852617889    0
1538    -625.99365298777218  1873.9582100948639    0
1539    -556.37971087010055  1862.0065197016136    0
1540    -683.09045315276603  1939.6764476010974    0
1541    -744.94939835704565  1900.2822943006797    0
1542    -628.6043120169619  2090.4848372180886    0
1543    -634.57949510606875  2007.3966858222104    0
1544    -484.29953236622896  2038.3484102554396    0
1545    -754.24517020645203  2057.7612216262928    0
1546    -563.80450824469335  2044.0659136465722    0
1547    -705.26393216216036  2006.7956528348338    0
1548    -513.91646406008863  2182.1475514316653    0
1549    -558.33357211769749  2120.1422384081889    0
1550    -646.04333289673559  2229.884174318157    0
1551    -617.66490677190302  2162.6438592215568    0
1552    -722.62485022579415  2157.9547009522425    0
1553    -772.19399343100849  1342.9816045942205    0
1554    -710.08193754551394  1274.1228489622576    0
1555    -1119.6248798868489  1680.2998815366116    0
1556    -1172.9955079990382  1736.0917922401479    0
1557    -1139.8000966018858  1874.3726923451925    0
1558    -1264.002149443457  1704.9838431341316    0
1559    -1136.8966151889906  1800.5508298314671    0
1560    -1063.1481655524728  1805.4076089280748    0
1561    -1260.5159646055527  1832.6567972325111    0
1562    -1059.8964839369187  1886.1020419862937    0
1563    -1120.6411914495588  2021.8844296983748    0
1564    -1109.4176698689344  1945.4266593568202    0
1565    -995.75470096217748  1989.9755514158039    0
1566    -1241.7024261481499  1965.0607425578185    0
1567    -1159.433661986933  1597.5227205358296    0
1568    -1133.3981253006273  1502.9364578160016    0
1569    -1153.9221515462586  -511.30522904425675    0
1570    -1205.9995311413968  -657.10602899171204    0
1571    -1200.52252902895  -576.86137017248632    0
1572    -1300.5380166003083  -583.76450022876668    0
1573    -1137.1470079919018  -621.4962321792276    0
1574    -1108.446923364736  -761.35766003150297    0
1575    -1054.0845066773866  -677.32689422865815    0
1576    -1142.5210481232036  -695.47440110460423    0
1577    -1242.2768288435857  -788.82005385852347    0
1578    -1029.0790687652566  -523.35478039147711    0
1579    -973.32461906073786  -611.42596402856475    0
1580    -1601.8464489248422  -511.07781433795412    0
1581    -1756.929160103974  -511.94573565932734    0
1582    -1499.1440681862243  1220.1487674521929    0
1583    -1454.6347378227235  1167.5133549743964    0
1584    -1816.7688536936403  1192.3122128746033    0
1585    -1662.7863516334519  1161.7696935974179    0
1586    -1726.8741480738718  1610.4344053509037    0
1587    -1778.9082025015093  1814.7368648641959    0
1588    -1794.8792273643428  1746.6836347919939    0
1589    -1864.1650358026175  1725.085101911294    0
1590    -1978.915228236116  1793.6491311512023    0
1591    2298.3017823185014  386.19222865270962    0
1592    2344.1014744113331  326.81747295426624    0
1593    2459.2012823776231  250.47444806364413    0
1594    2433.4519930990373  336.59067649248885    0
1595    2509.4193988599491  483.68750090327512    0
1596    2450.6912352899917  420.8524597635261    0
1597    2598.986954168342  339.17894880514018    0
1598    2418.5480228327988  509.75717810519762    0
1599    2535.8913266166774  400.083393964084    0
1600    2516.5844870420933  314.54009731321588    0
1601    2670.8623807770928  488.81287263082089    0
1602    2601.4636072690205  180.78268091669048    0
1603    2590.8636999318396  463.48254643632646    0
1604    2577.8873059477264  259.63154265130538    0
1605    2653.3438553164551  405.14840508418001    0
1606    2585.9593597976468  617.96330172373541    0
1607    2729.4527367118367  262.00139011716851    0
1608    2566.6257437461054  540.03128514404966    0
1609    2680.2146067217277  327.62871645176517    0
1610    2654.0042311796042  239.44181650333223    0
1611    2476.4622653455576  603.76350009439045    0
1612    2821.1728169334506  382.10067461103142    0
1613    2731.7203845345857  116.97221670957023    0
1614    2742.2801453040483  430.19234946114733    0
1615    2758.3756682480721  334.98593837731011    0
1616    2710.1336922582009  189.16700635925159    0
1617    2848.9084843282121  191.33686189725137    0
1618    2779.2150824831542  209.82277279401831    0
1619    2836.0846642406004  283.60788625632949    0
1620    1802.6229452739612  1062.3697306577374    0
1621    2252.4205450183786  1123.659432140357    0
1622    -696.78784429798486  2094.7144241900623    0
1623    -599.55920964897371  1208.2048405911476    0
1624    -658.19654414281501  1345.4523658913167    0
1625    -635.14678628844558  1274.1502880136266    0
1626    -572.68155284305749  1333.7200432727852    0
1627    -1369.9439992294692  1680.1460741073327    0
1628    -1234.7459886520196  1768.0690597266198    0
1629    -1322.5599806775899  1770.4668722446845    0
1630    -1367.1505187245068  1876.9969799865721    0
1631    -811.84520491381579  2329.6773415917623    0
1632    -914.13721663287265  2163.3082762756471    0
1633    -1305.2727361679288  -515.6871227799154    0
1634    -1338.8112941408281  -455.8503781513561    0
1635    -1414.262595886195  -399.10388615873973    0
1636    -1427.7703303734477  -645.72228226614152    0
1637    -932.30234851787054  -815.71184515230425    0
1638    -765.90980486826004  -450.04382555477025    0
1639    -1487.7994619501162  -520.03161901907583    0
1640    -1844.4046190526444  -518.9357945873943    0
1641    -1985.1527498060011  -533.91072244827365    0
1642    -1906.6340007444849  -602.97447898902112    0
1643    -1917.2200057517578  -503.47747768381203    0
1644    -1979.4370077475473  -455.63336402274956    0
1645    -1683.1307524651006  -606.06279704151734    0
1646    -1750.3222208716495  1270.0061238401443    0
1647    -1591.8474282305949  1187.0770198047619    0
1648    -1595.2921750126372  1084.6549323305451    0
1649    -1913.1695676448687  1891.1291916758639    0
1650    2365.5956659262797  466.38095169633601    0
1651    2476.1457722869745  539.11577805255263    0
1652    2381.6800276468261  597.31305594272317    0
1653    2866.9797537505642  546.00145499733344    0
1654    1917.4947893879717  1102.3246180777498    0
1655    1722.068813816278  1121.9738699770116    0
1656    2441.5121192289721  1111.6665839003708    0
1657    2107.9734590902349  1228.9947945166584    0
1658    -561.14209889120286  1265.6136261200938    0
1659    -506.85562527340335  1187.7274462284988    0
1660    -1393.8874642266549  1750.2969542527242    0
1661    -743.01768921112125  2256.398401265199    0
1662    -819.14424714961694  2133.329198683165    0
1663    -1375.8880282999396  -590.64754003632868    0
1664    -1329.1269657589164  -686.67289772256595    0
1665    -956.61916022436787  -714.33311544758737    0
1666    -845.17979314668548  -389.84722665003534    0
1667    -1547.0568388807285  -544.00828307051563    0
1668    -1493.4024601460587  -591.39849433402912    0
1669    -1541.453840684786  -472.64140775556223    0
1670    -1511.7112677673849  -680.32769862134489    0
1671    -1471.2765814356198  -447.25631294928178    0
1672    -2068.3243632517706  -707.63468211970405    0
1673    -1623.4058526021292  -574.90054910517904    0
1674    -1673.6981415448211  -522.35898297761491    0
1675    -1623.2288171526611  -648.05471016546869    0
1676    -1727.6198626195433  -733.24835998091407    0
1677    -1740.510870504909  -575.06361663457608    0
1678    -1747.8408280648403  -655.27859709477548    0
1679    -1848.1725086131898  -692.68463155563984    0
1680    -1831.7040402429943  1334.7065439651949    0
1681    -1736.9478883357538  1191.3071795533174    0
1682    -1778.2194875870314  1083.7081671727885    0
1683    -1677.3787617521098  1233.0013057214956    0
1684    -1683.9115348051123  1075.1857260673564    0
1685    -1520.1824714349887  1081.9465252881982    0
1686    -1856.755100871366  1859.0303643023619    0
1687    -1850.662360934326  1935.3628120978431    0
1688    -1915.3434700119869  1821.6841958519651    0
1689    -1960.32997072793  2024.0540357462576    0
1690    -1918.003924648139  1964.2424515641305    0
1691    -1833.1375089398159  2069.1806470205029    0
1692    -2045.1963864362531  1919.1158402898852    0
1693    2417.8290558223389  765.72853242986275    0
1694    2288.3411648671836  607.89160227857894    0
1695    2765.0359318601518  530.73049720486051    0
1696    3003.2292834884915  359.28887203155188    0
1697    1850.777033478344  1109.0328050942746    0
1698    1872.0038497004307  1038.949824418904    0
1699    1891.3549820740827  1177.4775734437883    0
1700    2006.2997281907546  1175.3353476682259    0
1701    1828.8411588897839  1310.0337148648846    0
1702    1841.4042225632131  1234.9395765553813    0
1703    1950.7496425411509  1279.550041723121    0
1704    1712.1935890948289  1251.9209109419814    0
1705    1713.2924057383254  1049.0096735712941    0
1706    2348.6576342293874  1144.329815707342    0
1707    2116.4698837252213  1134.8320115944127    0
1708    2196.0185765306705  1198.0233440752304    0
1709    -566.60658426936743  1137.3065317050223    0
1710    -649.33147056969756  1141.9641981363279    0
1711    -721.75534843904086  1098.1704598539025    0
1712    -754.77151587287983  1004.2734580878883    0
1713    -444.48627865564617  1152.5154808534271    0
1714    -413.24546755944988  1225.9408611275819    0
1715    -647.52810106128652  2415.0500695700507    0
1716    -841.23123228166958  2233.1136872162901    0
1717    -897.75951948825241  2049.7144348140114    0
1718    -1273.6197349624333  -646.66800166498319    0
1719    -1263.656728431876  -719.00267511068591    0
1720    -1333.8421705457724  -778.67751568032122    0
1721    -1027.4885139656994  -754.1326135517437    0
1722    -1055.1597044042012  -901.26206295077736    0
1723    -1062.0731708424803  -823.79498397146881    0
1724    -1160.3317175074058  -848.33391769994057    0
1725    -994.87770369257964  -856.84022846336779    0
1726    -946.27104599398717  -985.91450318996817    0
1727    -920.1393926150721  -902.38461206226475    0
1728    -785.12976542586875  -990.47377022166427    0
1729    -782.45834141319915  -838.87375668368099    0
1730    -865.0574310156012  -965.46904407658235    0
1731    -860.87135714230283  -849.87760583400654    0
1732    -869.4200797120609  -1119.6611088819698    0
1733    -805.17358036692849  -914.29702350170635    0
1734    -837.4689555097782  -731.75621386822479    0
1735    -845.49368207757266  -1043.1803228977376    0
1736    -660.11131556715895  -916.85324238635189    0
1737    -721.87754582423827  -1123.8356184065062    0
1738    -732.28195492187638  -895.11759783596176    0
1739    -657.66533359079381  -778.04678599005251    0
1740    -711.48365977810738  -826.05931642479527    0
1741    -742.88031714210172  -736.69674451840694    0
1742    -772.31112905781697  -1066.0748949255237    0
1743    -669.11984718055442  -1026.872090326483    0
1744    -867.58648036517252  -501.64521418248512    0
1745    -698.83283536869794  -279.42170481142796    0
1746    -2002.2389803710455  -632.50205315556116    0
1747    -1821.6845607788518  1263.7770358189014    0
1748    -1952.4327513858962  1281.4800168399011    0
1749    -1893.7896341171229  1222.9158142152542    0
1750    -2026.9293681089814  1148.2398462759688    0
1751    -1896.9649225361134  1102.7027168356515    0
1752    -1970.890746009549  1204.3539798264605    0
1753    -2098.3849358400066  1275.6379308603011    0
1754    -2044.6907236157344  1222.01597365668    0
1755    -2166.5947673533396  1153.64192641414    0
1756    -2096.0002345677549  1170.637323680894    0
1757    -2101.1693500657343  1036.9949930786322    0
1758    -1726.8828326217983  1125.7317902000541    0
1759    2423.9127400820521  676.33543111308995    0
1760    2520.795589252195  691.17696593717972    0
1761    2326.2867077480314  714.59501582346945    0
1762    2213.7174613758721  606.09446589393201    0
1763    2252.5960589123965  541.93599426285857    0
1764    2826.4000270171864  468.99121973413241    0
1765    2918.3610456850993  419.85647398512629    0
1766    2788.9366473835271  719.08424943716352    0
1767    2682.6607672737432  589.05177156699983    0
1768    2950.8610552697514  252.5328615667265    0
1769    1746.0159086827448  1189.1424614111982    0
1770    1658.4975441079957  1182.4915710868672    0
1771    1562.266500260667  1312.394515841198    0
1772    1628.7017006797776  1261.0141121407146    0
1773    1686.5673821039345  1404.4755970941485    0
1774    1521.2295134765102  1190.6926439051658    0
1775    1637.4027576875178  1340.9054138843155    0
1776    1562.8008857692125  1244.4447021035164    0
1777    1464.3331147399247  1277.6473189089356    0
1778    1589.5192398490228  1180.8294632356283    0
1779    1545.7579645336264  1119.1798791007332    0
1780    1549.2926719425852  1459.845821711358    0
1781    1576.5740378546914  1387.9498144713148    0
1782    1466.782527258458  1387.4128168749876    0
1783    2311.3400737148031  1083.70744535476    0
1784    2400.1480324172799  987.24252004736468    0
1785    2452.9877760346121  1292.6035862751735    0
1786    2069.8427451300886  1178.0895000011099    0
1787    2035.1634661439143  1243.7996756834614    0
1788    2040.6254390131069  1117.7825957981729    0
1789    2097.8134327564753  1365.4692667628999    0
1790    1985.3403203853304  1060.0285725318461    0
1791    -759.87649040092481  925.47532820377478    0
1792    -677.67004876730141  1029.9160466018504    0
1793    -717.64688797838039  2349.1907396441138    0
1794    -997.71893913728968  2333.4888343095104    0
1795    -783.12991775683076  2193.6375449835227    0
1796    -878.58998707776709  2110.455823592903    0
1797    -951.22533814261828  2099.9834267936885    0
1798    -826.38627072302927  2060.5851417510817    0
1799    -1044.9387663206981  2197.3928596047058    0
1800    -1433.9810293199243  -749.76599546552802    0
1801    -1174.1190449482046  -781.14542933179939    0
1802    -1306.0394218990891  -946.06887580578132    0
1803    -901.6819493174628  -754.76150987204039    0
1804    -891.18136647811912  -682.95186013440582    0
1805    -784.16295789319304  -619.13024408810725    0
1806    -829.26484117393716  -451.18130185569851    0
1807    -899.88824393031257  -436.77480476852872    0
1808    -796.41498200020794  -515.90949154500868    0
1809    -845.07736271902979  -574.02310183193583    0
1810    -664.40073775801659  -537.05392225129049    0
1811    -919.48185068205896  -557.47343224579311    0
1812    -787.57917183687073  -313.9957556510667    0
1813    -2094.7652627298025  -565.69069936582036    0
1814    -1955.5281432776073  -740.21821520599633    0
1815    -1929.3042439007224  1392.5518425249081    0
1816    2335.9055870435122  804.88382276654784    0
1817    2255.7685598248968  756.41233467369989    0
1818    2248.3713674435999  828.74576475314336    0
1819    2340.3261457907861  649.50360767766108    0
1820    2892.4766467863165  342.52087881138397    0
1821    3068.1648142838858  540.02064633811051    0
1822    2651.077952353171  741.52837568023517    0
1823    2803.549045307112  621.53675362468857    0
1824    2633.3011224417091  544.04773348655965    0
1825    2886.8578593094094  243.63770216290843    0
1826    2929.3060664908126  172.91896437976129    0
1827    2858.194057705231  47.18591132042792    0
1828    3081.2170377931834  174.51486416544483    0
1829    2875.0223247595754  120.64445792549346    0
1830    2802.9769227897127  134.2002593411431    0
1831    2989.9034827436108  55.670056071087473    0
1832    2783.0743125505264  60.543677002599871    0
1833    3005.0364889531693  195.14029431570717    0
1834    2657.3651143804736  -2.278400692684599    0
1835    2983.9425761308926  126.87294622347963    0
1836    3058.7384234237625  97.283684866131836    0
1837    3068.3313560253378  277.92138080215051    0
1838    2796.9545515321824  -79.301790983753264    0
1839    2711.3601739995543  46.860889802762649    0
1840    2644.7178779479937  104.22564842907782    0
1841    2732.6749301840809  -30.795088932527602    0
1842    3098.0904371351348  -45.548490109690462    0
1843    2809.7362637319311  -7.4215839243210411    0
1844    2930.7691854141335  -66.020137139199974    0
1845    2487.376243521283  65.826275159208421    0
1846    2644.4678008292967  -150.04027278427128    0
1847    3206.8873060183846  96.050892333335597    0
1848    3058.2713955752629  20.317944591641336    0
1849    2560.6317549148894  107.21520594173786    0
1850    2720.3727849805591  -113.94158203905434    0
1851    3132.9867203861249  117.56011673173484    0
1852    2993.4457871656318  -21.264293016920305    0
1853    2513.5852299152207  181.44234959252285    0
1854    2565.1368805148036  13.71841883030379    0
1855    2656.0824982751765  -76.610251750583245    0
1856    2545.7126315797  -96.786222875443329    0
1857    2746.4133131801641  -266.54952467676816    0
1858    3147.3494585292542  29.200032228308814    0
1859    3208.0669343882118  237.81085616966141    0
1860    2926.4468607174549  14.199585393979334    0
1861    3023.4555824248591  -129.5547984528522    0
1862    2398.5362752452447  146.74408337249668    0
1863    2796.1669285934668  -179.53402058048391    0
1864    2711.8713780338612  -193.91794204294496    0
1865    3255.2284573313473  -95.496884963329364    0
1866    3153.5683597442012  188.27374050828499    0
1867    2600.3865862108191  -291.46705541478809    0
1868    3243.5774194649789  3.4365750421944767    0
1869    2669.8859327277914  -258.41474080114875    0
1870    2693.7288952560857  -398.14406694770196    0
1871    2701.5128666761038  -324.91692884567692    0
1872    2827.4323959136645  -375.32933188817105    0
1873    1442.3888878407236  1201.1970839970493    0
1874    1358.1577641549534  1266.749278206189    0
1875    1576.7250016132011  1062.7119022483719    0
1876    1500.2661972148344  1331.7555519213161    0
1877    2379.912264562332  1233.1799521717496    0
1878    2021.0578009325868  1328.027568771744    0
1879    2084.2663515816025  1295.845311453995    0
1880    2179.6173944969155  1292.0306535151044    0
1881    1993.0618152128254  1482.8149786908782    0
1882    1925.9438780176743  1390.750051952665    0
1883    2028.8888404339361  1409.369432554955    0
1884    2141.1740199636129  1509.6036378673041    0
1885    2070.8958121106589  1475.3216526726876    0
1886    2045.2624135350857  1617.0465203967476    0
1887    2038.092237110204  1542.569113667565    0
1888    1909.649429006236  1592.5185618226794    0
1889    -626.7091346282773  2322.628107693055    0
1890    -799.33791810195135  2506.4216703934349    0
1891    -935.39367224725345  2258.4837319640087    0
1892    -1392.4959068741127  -700.03514913677714    0
1893    -1586.4665506232288  -842.23517607114479    0
1894    -1245.2949800333881  -879.14813909626093    0
1895    -1329.2980608315613  -863.92738393862578    0
1896    -1164.5625447803995  -1013.4590159859827    0
1897    -1463.2829463677472  -946.22928042237436    0
1898    -1178.6077884254787  -930.48239926458564    0
1899    -1384.6838053373542  -923.97367001070916    0
1900    -1236.8510446464079  -983.01809898746001    0
1901    -1106.2239120971171  -960.90717212871607    0
1902    -1416.6345587615695  -838.93619004821642    0
1903    -1384.5303181678989  -1074.4360694009733    0
1904    -1044.2238046850591  -1088.3917127075233    0
1905    -1026.838378443696  -977.19037143206731    0
1906    -1252.8752657483315  -1122.1238041631359    0
1907    -1308.0230665850959  -1033.0364275013876    0
1908    -1405.8261556515056  -999.22651537063291    0
1909    -1093.5950057420141  -1033.583961881176    0
1910    -1154.1980893632071  -1112.1009024353543    0
1911    -984.55752200428435  -923.99977304305878    0
1912    -1224.5707010518445  -1054.9085319895439    0
1913    -1528.5040284162196  -1074.5829374381142    0
1914    -1456.5378854878202  -1054.2054826867279    0
1915    -1456.3973511329932  -1191.9703284333571    0
1916    -787.67632681567216  -686.39524171510402    0
1917    -704.07103860210566  -657.03783917628857    0
1918    -719.21914419393727  -585.47936141567584    0
1919    -713.87164417491147  -372.00557479074126    0
1920    -780.85509290238122  -200.06923715594809    0
1921    -2074.7084597688172  -635.38923536387642    0
1922    -2199.587658516718  -682.82920070875991    0
1923    -2152.0402632046262  -619.90753444917596    0
1924    -2198.3218297709809  -513.65415058547126    0
1925    -2246.590647244363  -597.88524663805174    0
1926    -2032.2088111364624  -576.531956376827    0
1927    -2052.3732878041155  -506.98253646788874    0
1928    -1919.9558022720146  -675.55981048996307    0
1929    -2004.2523404400176  -697.36123988878023    0
1930    -2025.3830597058391  -770.51062035061216    0
1931    -1936.7555238272189  -879.19791398090763    0
1932    -2156.3758480539154  -813.87111061399423    0
1933    -1965.7415693687594  -812.35548997321428    0
1934    -2060.4952735215315  -883.98199797721782    0
1935    -1854.6651353418154  -803.89355368030601    0
1936    -2097.102696944517  -773.39034093441967    0
1937    -1865.595023183311  1388.7847906075128    0
1938    -1893.7957247416271  1452.4640356988189    0
1939    -1901.1035423424064  1328.8725974336028    0
1940    -1982.0352037086564  1464.2828371829178    0
1941    -2136.4571451765555  1519.4448523718215    0
1942    -2037.4802354864266  1368.2767155125985    0
1943    -2051.4669021148479  1513.641336624722    0
1944    -2083.6739912211187  1667.2073494938834    0
1945    -2099.4846766732398  1435.6659773145157    0
1946    -2089.2272304222779  1585.8823096295225    0
1947    -2230.6174716548439  1636.3891907132247    0
1948    -2167.045128932557  1591.1960654577381    0
1949    -2278.9462441066926  1501.0964019124981    0
1950    -2210.2893012115915  1530.3652792414066    0
1951    -2205.4499215657365  1423.853557904831    0
1952    2420.900906123918  877.4363589768509    0
1953    2952.8696014071943  317.76998044865758    0
1954    3010.2091894271957  458.81235025678501    0
1955    2595.3697113766329  691.94529482387156    0
1956    2668.6801521842553  665.66514703661164    0
1957    2557.0573485464242  791.07708062635356    0
1958    2717.848643105026  717.047181809422    0
1959    2737.7967970696773  648.74222578684771    0
1960    2749.7814862988134  844.08513641691172    0
1961    2705.8423187903641  787.59751688064068    0
1962    2633.7802313414923  888.98431596237822    0
1963    2636.4096082068095  814.55021388488626    0
1964    2969.1676463438721  696.21425197976066    0
1965    2480.5877900348469  -28.379234173922825    0
1966    3037.915608871891  -67.244136077693824    0
1967    3087.9371696308949  -111.68546427389226    0
1968    3087.373775978197  -234.92819717603646    0
1969    3170.3144553870397  -90.484078884415268    0
1970    3147.7842982903767  -173.58170452746106    0
1971    3226.329445163838  -311.34614167764198    0
1972    3167.6285192638866  -253.54082240472408    0
1973    3094.5060976885838  -386.50403004841081    0
1974    3270.8329153541408  -207.44529309910479    0
1975    3149.8185632715922  -330.33458086325732    0
1976    3221.7352686213608  -456.47304808348713    0
1977    3203.5657056444556  -383.26169704138414    0
1978    3342.4340159783555  -387.6577497763974    0
1979    3273.6198180641591  -365.87569624665764    0
1980    3336.90878406099  -285.52268525860808    0
1981    2869.5521575321477  -129.99147094134449    0
1982    2905.5653810917856  -262.45874864729126    0
1983    2864.9926079856477  -202.36006045384283    0
1984    2826.1897466843952  -272.30070198602562    0
1985    2953.5724156373458  -186.3043469832927    0
1986    2999.4597330005872  -268.44008730186357    0
1987    3389.4119981201325  114.78518325888913    0
1988    1372.6418250840293  1198.468154928597    0
1989    1404.9139697475148  1333.8833329085687    0
1990    1340.9552404168173  1470.3239599021508    0
1991    1290.721476460956  1363.5649255215785    0
1992    1392.1762660388642  1411.1234831806657    0
1993    1456.0444790159552  1482.8559095982839    0
1994    2466.8680129538689  1200.8908388480759    0
1995    2313.2357659692916  1376.5216489892002    0
1996    -560.33018728899424  2260.4029278999255    0
1997    -780.66603510304719  2416.2856547290494    0
1998    -904.45383420187977  2347.5901472624332    0
1999    -1008.6218634221531  2261.0320329536676    0
2000    -1131.6163216863386  2316.5883106381275    0
2001    -1082.6402354135816  2261.0899708209636    0
2002    -1205.511524918315  2202.018050624788    0
2003    -1125.4252028926612  2192.7600666781423    0
2004    -1176.0516851271684  2105.8378876465167    0
2005    -1080.1998851220824  2108.5214539885142    0
2006    -1524.3517597162495  -772.70297658261268    0
2007    -1185.7688377742777  -1292.039765312187    0
2008    -679.14155919623011  -451.53399909011199    0
2009    -520.16791678609366  -468.16255075816241    0
2010    -589.74922862238463  -365.14881247438808    0
2011    -601.99979430208464  -482.26767445131094    0
2012    -650.53345784632802  -391.69330225787172    0
2013    -644.52554688657972  -322.58366752252124    0
2014    -541.68112804832924  -246.76293866202354    0
2015    -624.67040380119101  -241.85524211722091    0
2016    -536.07936236589899  -620.28045677474177    0
2017    -574.47577381942665  -97.191998432935748    0
2018    -695.53457744379227  -193.94530831994911    0
2019    -549.57620277149942  -541.97757798038856    0
2020    -579.17182601048205  -176.60236267928505    0
2021    -742.43102592538366  -137.98732194390573    0
2022    -658.92784927961145  -115.63634145134947    0
2023    -404.0183795999684  -557.20284266327428    0
2024    -474.61037759169369  -165.82633579232603    0
2025    -640.79993014390891  3.9251426563131702    0
2026    -474.65013467187634  -529.06278865296622    0
2027    -389.44970427117636  -417.92219884396263    0
2028    -447.72362014817963  -461.47702715864779    0
2029    -480.47355357152469  -356.8984256093313    0
2030    -825.26436100399815  -254.6098400367074    0
2031    -2371.774735279258  -470.2024009765945    0
2032    -2379.1283365561367  1332.1862752098136    0
2033    -2144.1715153745195  1355.3410794796109    0
2034    3137.3707918040927  399.88759169062394    0
2035    2967.7910321579293  550.36939640936725    0
2036    2491.0669682732027  758.49907232340786    0
2037    2492.1982193953609  839.33202996071554    0
2038    2562.3676833012205  865.93048161982802    0
2039    2557.2058688104116  1004.0521461436207    0
2040    2496.953628058418  932.6431445706005    0
2041    2875.8268851007456  682.23201353873674    0
2042    2370.6417672088646  26.890824271244412    0
2043    2391.8834910295127  -178.03110682780863    0
2044    3184.1934728126735  -25.775653627907108    0
2045    3442.2805270768949  -129.34970207395588    0
2046    3275.1611589371537  -270.78062237178585    0
2047    3024.1704094296233  -201.19388339668836    0
2048    2945.6189941751181  -373.66375852638078    0
2049    3066.3599909278123  -311.87271013886186    0
2050    3020.787054803126  -371.68297946804216    0
2051    3031.3729421968001  -509.77703118681836    0
2052    3045.5548351513248  -439.23712112832408    0
2053    2961.1326543740934  -458.95980247981907    0
2054    3129.2519719259963  -492.75981956421475    0
2055    2887.2843913577021  -428.33250250629055    0
2056    2778.3752038321827  -491.01994987480816    0
2057    2906.1678705541212  -608.88507020730515    0
2058    2954.7936068917916  -541.67389394183203    0
2059    2863.5639228960199  -526.86670872710056    0
2060    3049.6276129360831  -661.47949839419402    0
2061    3019.1063019990597  -588.20264599192035    0
2062    3117.3337147618022  -590.2837172603937    0
2063    3300.7916721346646  79.67733050800571    0
2064    1250.6494128708723  1263.7590293858223    0
2065    1543.4591135925707  1636.654187670001    0
2066    2622.5092952165792  1271.3530435284104    0
2067    2324.2086272531983  1294.4473674171647    0
2068    2389.3341074007094  1344.9249161756159    0
2069    2251.3574469219375  1326.4782270684875    0
2070    2513.912225933972  1431.6046458045869    0
2071    2217.9369727720764  1431.080146443283    0
2072    2395.9457973574358  1468.2855879676913    0
2073    2463.8472527485146  1370.6960408555874    0
2074    2542.5092767755864  1319.9560777192369    0
2075    -398.39813122567728  2303.5539669636855    0
2076    -713.52605848809526  2477.1958249282006    0
2077    -876.66835294702491  2443.4005233292028    0
2078    -1355.0453987681831  2103.6142152660536    0
2079    -1198.6323368342335  2030.671740016576    0
2080    -1265.386719528032  2091.700213613944    0
2081    -1299.0882541818924  2181.3993797716762    0
2082    -1321.1005558774641  2015.7460623817778    0
2083    -1049.1664160286928  2041.278024341605    0
2084    -1013.7701333302695  2133.5953147239625    0
2085    -1582.9362590714763  -717.63387138190785    0
2086    -1656.5346231603774  -713.79782921416825    0
2087    -1669.9364523535144  -804.4403413283776    0
2088    -1501.2541018681613  -855.84709165111167    0
2089    -1557.1946767695467  -932.51598749363768    0
2090    -1195.3595019870697  -1197.6180409573535    0
2091    -468.12726034738586  -239.45726361765222    0
2092    -412.98590291532696  -179.95414815418246    0
2093    -460.3831773258425  -55.53893493800777    0
2094    -2291.1761042184971  -516.38962628407228    0
2095    -2373.6713502646885  -723.68055614200614    0
2096    -2305.2165892559287  1402.5130697359514    0
2097    -2215.7737591938157  1261.2052348598529    0
2098    3089.5895320971758  463.44591061775009    0
2099    3065.4633278058909  395.56911891182853    0
2100    3226.1515278034926  516.36974337021934    0
2101    3146.0085600406837  520.51585743362773    0
2102    3193.4299603829309  660.51417349299834    0
2103    3125.901277163845  605.35740910629102    0
2104    3198.1636000937515  585.80253368267574    0
2105    3335.2427469983695  600.70101342682392    0
2106    3262.990065646291  627.4156393991924    0
2107    3088.0288109093003  720.64106841061175    0
2108    3034.3648127220977  628.06737760000203    0
2109    3346.4740685035176  742.14239836280285    0
2110    3262.3166807376138  715.64371222857028    0
2111    3322.0204119108889  672.91755937424625    0
2112    3456.6515933005126  660.24883891259469    0
2113    3257.4205142018468  878.08088760863529    0
2114    3176.163406738714  752.69269539145796    0
2115    3282.7764448191415  797.55278616558542    0
2116    3412.8525883711923  882.76590702215401    0
2117    3335.7972603225071  858.50345060404197    0
2118    3331.3142823141598  1007.2325184670985    0
2119    3312.5811220420492  932.23576856871591    0
2120    3188.999153692037  1002.9428688307839    0
2121    3240.8186060700077  950.16106153215287    0
2122    3121.3412962679677  884.69037136135239    0
2123    2919.7351716058029  493.95296984093841    0
2124    2562.3221410023143  1125.5495626545151    0
2125    2477.083836070778  1010.5323235068125    0
2126    2914.6504168875781  611.30816652922306    0
2127    2901.11931195844  831.93522328441611    0
2128    2437.0995424777884  22.101873822181396    0
2129    2398.1089871562281  -55.460130018196338    0
2130    2254.9298619618094  -57.459725566272425    0
2131    2326.2013977017418  -33.687919094248237    0
2132    2282.3592194521316  45.064587663151471    0
2133    2317.0470353261003  -124.96915311227481    0
2134    2339.1436672411901  97.394352618622491    0
2135    2259.736000760794  120.10165393226971    0
2136    2324.2477179726525  175.73618188893934    0
2137    3363.1956856100792  -32.629192266954036    0
2138    3367.570221503739  -192.57604974724433    0
2139    3520.7286937766626  -326.79550555387823    0
2140    2949.7145042283823  -309.37292257892989    0
2141    2881.5355248146789  -329.3029284683297    0
2142    2771.3616588693226  -626.83498742170286    0
2143    3209.6911432749935  -745.90584852540132    0
2144    3308.2342049072208  190.29366749588809    0
2145    1303.422757569238  1300.5179475394148    0
2146    1209.1995262358487  1338.3485714187796    0
2147    1214.8509339729944  1464.4624675100843    0
2148    1136.8100738655401  1365.8582881191658    0
2149    1234.6695753559484  1400.3907825327901    0
2150    1247.2397444811606  1198.1444258091931    0
2151    1185.9447857075663  1234.2255171341926    0
2152    1112.7539286940264  1218.8047750497576    0
2153    1521.4413354656388  1547.4273219281079    0
2154    2545.3941789522014  1234.5635341604932    0
2155    2650.1664308686568  1407.0174194984329    0
2156    -505.41767501508389  2398.5060363167395    0
2157    -473.27874553644187  2259.1418349839755    0
2158    -357.10798019621171  2148.6052288467026    0
2159    -467.0470362301981  2333.9668335616366    0
2160    -385.03549693296856  2426.4012331577333    0
2161    -399.60483952497975  2220.2566175769284    0
2162    -251.33826385291212  2259.7661313459239    0
2163    -331.04341606144521  2260.9208003645094    0
2164    -289.66063543724601  2365.9712970417031    0
2165    -949.72224385210575  2611.9966249725931    0
2166    -1283.5322560760908  2333.4551317099458    0
2167    -1445.2420149244026  2018.2790620432731    0
2168    -1315.5618899330248  1936.891423172975    0
2169    -1395.4791865493594  1953.5617221764096    0
2170    -1608.246631669585  -779.26742384709939    0
2171    -1762.3487022142697  -820.35248040409078    0
2172    -1671.8868997834336  -919.81697146930571    0
2173    -1518.9039784347854  -998.71365575694517    0
2174    -1624.4416227404363  -1015.5866922118687    0
2175    -1326.8156390255322  -1238.1122404829928    0
2176    -1056.0754554993191  -1231.1685287997866    0
2177    -437.92218540324006  -114.49779140924348    0
2178    -394.79962322086141  -66.791844354379791    0
2179    -504.11894282088457  -105.9583343412975    0
2180    -531.39126781087293  -38.122490190872632    0
2181    -2247.8190982440979  -410.80790848105954    0
2182    -2292.3906031791535  -678.70457073101602    0
2183    -2466.8424688009086  1498.3748106681517    0
2184    -2160.1226958918041  1293.1747602825972    0
2185    -2225.8510885421961  1343.1695355503384    0
2186    -2156.8799781968164  1223.1078337551019    0
2187    -2299.2555167623968  1292.5429805613294    0
2188    -2409.4685518178608  1170.7721526189071    0
2189    -2294.7438104287544  1177.6979647100602    0
2190    -2371.5348737684662  1247.2004580314313    0
2191    -2525.9880142877309  1276.2322518793619    0
2192    -2452.8556786156669  1239.9344632340346    0
2193    -2553.767812379409  1128.4399011646444    0
2194    -2487.5881255675617  1169.9559586474993    0
2195    -2447.0814519419023  1031.8796019409372    0
2196    -2447.8624475582292  1106.630270023727    0
2197    -2337.9943256771871  1070.3987591304021    0
2198    3108.3663792153934  801.91817567923385    0
2199    3010.9229276070719  859.59591501998113    0
2200    2499.0532748793175  1143.5294118160427    0
2201    2499.3121943839683  1075.1735605569254    0
2202    2858.4635337461486  762.15374832800205    0
2203    2934.3654656324629  763.68465403949756    0
2204    3017.2354205539268  763.71921257873646    0
2205    2824.8574389835594  830.62434111431139    0
2206    2860.6645430117555  966.47104489510753    0
2207    2800.2978850824625  909.74031533965513    0
2208    2870.0924335498539  895.95573851391543    0
2209    2944.2783311218436  892.38047904283167    0
2210    3035.7186172171623  994.13068159448551    0
2211    2729.913280647695  1045.1191114931262    0
2212    2713.9814806751342  923.89212162719241    0
2213    2784.1974981817211  987.35576495211694    0
2214    2642.7484746025038  977.9653696977166    0
2215    2859.4538678651788  1112.4683807185215    0
2216    2621.6853742313751  1062.193337391217    0
2217    2804.1815649405266  1060.5251694047829    0
2218    2739.7367321305514  1184.4793203755678    0
2219    2754.4784039823248  1113.4138549387062    0
2220    2670.6181021373068  1133.0797724640522    0
2221    2667.4674487867078  1209.4893572091109    0
2222    2743.3791892810059  1311.9246903209278    0
2223    2166.3128571879588  -201.33105167287016    0
2224    3295.5474959300741  -40.595876334295916    0
2225    3337.590482089327  -113.72760365638389    0
2226    3366.6686967395708  42.791518853439982    0
2227    3498.6323059508604  -1.075527352251612    0
2228    3444.8877296680489  57.67079615323825    0
2229    3575.9010432476284  123.57194182688244    0
2230    3481.2743897393552  148.51273373822664    0
2231    3519.6881542281221  72.145099741968849    0
2232    3638.9602028163913  -1.7914241995623899    0
2233    3589.7511426703081  51.997284665325651    0
2234    3709.7082150630631  112.33701874538149    0
2235    3466.6980474227121  -233.95547244075908    0
2236    3422.998202672788  -332.0824619120728    0
2237    2835.5221042911894  -593.50722752572619    0
2238    2849.5637732903847  -698.96198706049995    0
2239    3141.5656793358353  -681.1195715166474    0
2240    3262.5480898532292  137.80899478936419    0
2241    1663.150655446201  1544.2723850007592    0
2242    1379.5523759807768  1629.7700964881431    0
2243    2611.9734728656204  1344.1522631264538    0
2244    -570.3597994507943  2563.1191191476191    0
2245    -579.37535778854692  2381.8463324557342    0
2246    -560.77904639785538  2471.7820360486417    0
2247    -889.41888298778531  2538.0010641887757    0
2248    -1464.9584648298289  2241.7033781740593    0
2249    -1266.2145943668704  2254.8598549927101    0
2250    -1194.4577580565742  2276.004113154414    0
2251    -1203.7622465797285  2359.355989955196    0
2252    -1367.2756414819848  2273.7976143710848    0
2253    -1091.8739868698051  2465.8669724957222    0
2254    -1132.7973105369881  2396.8323397350391    0
2255    -1289.5623278200933  2487.8157818038922    0
2256    -1068.783056505818  2357.6437622759686    0
2257    -1005.3127371019623  2427.7610306308593    0
2258    -1264.7784437713469  2411.4858529959229    0
2259    -1190.6168020916527  2477.7542627459889    0
2260    -1404.3178829224682  2408.3667644066782    0
2261    -1334.0325976880567  2386.8613200601599    0
2262    -1382.6520822651837  2042.4585327720595    0
2263    -1443.437717542078  2106.707068174213    0
2264    -1396.50386417505  2183.4026810858759    0
2265    -1601.0983267872632  2065.6915866225727    0
2266    -1516.4837773441782  2063.9650995428947    0
2267    -1525.3264634475233  2162.8661300949839    0
2268    -1560.4617865862133  1982.9462077603785    0
2269    -1827.0894248819582  -916.35038926843959    0
2270    -1707.6864021128388  -861.5069779028446    0
2271    -1749.6972367794453  -927.44416288130105    0
2272    -1808.0595310468632  -1059.0922756759355    0
2273    -1703.7716964750455  -995.25031113947284    0
2274    -1797.4441762859983  -985.03762474315408    0
2275    -1914.8498268688652  -994.96859885570268    0
2276    -1695.1352777740765  -1126.45786252634    0
2277    -1677.9548922606571  -1059.4389939913387    0
2278    -1607.9006067812754  -1113.1090559168865    0
2279    -1627.8541906464025  -1274.4264657767903    0
2280    -1536.0683419963948  -1160.0693228996515    0
2281    -1640.6273301333345  -1190.9537889085398    0
2282    -1475.0460020898647  -1123.1068574280901    0
2283    -1529.5763313549692  -1259.2933284177952    0
2284    -1782.2147891700108  -1255.3333799729273    0
2285    -1702.341870475489  -1243.1110819708663    0
2286    -1720.6115671865039  -1390.8148815623631    0
2287    -1690.6466589259701  -1319.5394820190768    0
2288    -1579.2774921542127  -1408.2966978251345    0
2289    -1622.445010120266  -1348.2121539756743    0
2290    -1543.876725662602  -1337.3141046527874    0
2291    -1435.7445529266165  -1435.5611943464082    0
2292    -1427.8630676735997  -1318.25725315415    0
2293    -1503.6660226325639  -1401.6870854787715    0
2294    -1529.7547380732817  -1539.0301684495792    0
2295    -1497.3414497381709  -1474.0378112978099    0
2296    -1398.3345738835453  -1563.9938083545258    0
2297    -1617.4552027784221  -952.48825727669748    0
2298    -1268.5294658994667  -1193.7065493147427    0
2299    -1334.4611183154057  -1141.7851125460299    0
2300    -1257.6029338169276  -1268.5041112072381    0
2301    -1329.5760423215979  -1338.4050849561056    0
2302    -1245.5033590528578  -1352.9661856269508    0
2303    -1405.5305854146238  -1142.3342244066023    0
2304    -1308.6917667491043  -1467.8131441041137    0
2305    -1107.6303627480199  -1428.3958029488649    0
2306    -1296.8627494226471  -1399.5149261638387    0
2307    -1370.8980258707177  -1399.8365040070912    0
2308    -1207.7659948551534  -1450.1196603736803    0
2309    -1165.9293319284413  -1371.2373321732025    0
2310    -1070.9179792162226  -1332.6405397963997    0
2311    -1117.9641871788267  -1182.2056806995738    0
2312    -1124.4762246617177  -1254.0317626864498    0
2313    -570.39260618287574  23.760782994938285    0
2314    -2305.8927283288244  -448.65315202564784    0
2315    -2338.0397117012649  -335.84382366805852    0
2316    -2342.0586628972605  -597.17092051003306    0
2317    -2278.1434683991938  -800.38544695796122    0
2318    -2399.5485164325369  1427.6505065704475    0
2319    2285.2392386214992  -249.13374421660518    0
2320    2230.9109414929144  -141.89268065368611    0
2321    2160.6576527692041  -76.274648317386223    0
2322    2232.5174652011115  -208.46069906901511    0
2323    2186.7762631913647  -322.25838175106969    0
2324    3405.3578365632743  213.31888715016515    0
2325    3399.8192205910132  -254.74506787021025    0
2326    3649.5828570685849  -189.66323030486873    0
2327    3481.2357633541615  -502.68818390092622    0
2328    2953.5831907499924  -701.50412374535222    0
2329    3279.9058134837237  -603.86068601588477    0
2330    1592.9917627948903  1577.1014184689498    0
2331    1686.2680290322121  1685.059263924149    0
2332    1618.8793869450894  1649.0089131399882    0
2333    1588.6663811289955  1786.4955606901212    0
2334    1570.1082235351712  1710.3543506354508    0
2335    1444.4099417070263  1781.3234495044217    0
2336    1481.7394785497263  1700.639363428947    0
2337    1517.1797859622711  1766.0138201675613    0
2338    1516.6146078232562  1902.9807029094447    0
2339    1398.736894077025  1711.2146830458955    0
2340    1462.0647899591304  1619.9015585939972    0
2341    1297.2899156144053  1827.2347800637058    0
2342    1412.2688779841051  1553.4339967325427    0
2343    1267.7897894222142  1699.0778897984794    0
2344    1364.3752423729272  1783.5313820567146    0
2345    1321.0786083383603  1559.5301711055617    0
2346    1335.2996759875132  1683.1757323288818    0
2347    1286.2456266779041  1626.1770761358787    0
2348    1147.7846763116388  1629.910374858312    0
2349    1230.0387921045797  1554.3744182863213    0
2350    1217.5416432725506  1647.5703043570356    0
2351    1151.3569765721174  1762.4001984256859    0
2352    1407.2399336068925  1885.6398648985971    0
2353    -708.82360815503773  2631.5947339336635    0
2354    -462.79285273455571  2488.2611461686083    0
2355    -635.89130913060865  2510.0742020549224    0
2356    -644.41447500460572  2587.6048524456278    0
2357    -563.9806868815441  2706.6404963564287    0
2358    -714.25825209554773  2554.4891895740416    0
2359    -636.2156481501429  2668.7576599333706    0
2360    -795.50101096223784  2598.9597352207911    0
2361    -572.52243670703456  2635.1176973664742    0
2362    -463.21380230127852  2602.3692561353496    0
2363    -504.52849255975485  2663.2688449809252    0
2364    -375.91297655793869  2706.0585990513496    0
2365    -469.73940413203343  2773.389609820822    0
2366    -667.25398589203837  2815.7517372750603    0
2367    -713.02431228912212  2729.3131972283641    0
2368    -631.00484632853068  2746.6319078317656    0
2369    -556.29174905843342  2795.6876175742609    0
2370    -473.48736011961898  2937.9720443678284    0
2371    -494.82376656015168  2855.1522682626719    0
2372    -337.44277120912011  2858.7067411145799    0
2373    -601.93607587463168  2926.9053062777039    0
2374    -416.6355135371478  2879.1673347735082    0
2375    -565.01088699447666  2866.20222661445    0
2376    -340.76815420626656  3009.3239234745261    0
2377    -397.07971856702795  2954.9579687438286    0
2378    -465.29977638369974  3081.9658152519992    0
2379    -449.14492870690492  3008.8175783952443    0
2380    -555.47221532483013  3023.6931346207148    0
2381    -937.78213828222033  2409.1896709870584    0
2382    -939.05296880511992  2483.1516941034188    0
2383    -1121.385236079567  2636.7807588385795    0
2384    -1438.7106161588972  2326.51683207414    0
2385    -1566.6115999197086  2428.410626468929    0
2386    -1552.2700900746513  2315.1926396199947    0
2387    -1488.291444922552  2395.5010794346163    0
2388    -1469.1119741677176  2550.7958818621496    0
2389    -1500.6022973868235  2475.8532825957586    0
2390    -1617.7096901311552  2569.1482381741762    0
2391    -1572.312997972218  2505.9855860094103    0
2392    -1706.9813018860457  2457.0911003162537    0
2393    -1632.7517615313336  2462.5466256471586    0
2394    -1661.8679889478669  2350.9882524298737    0
2395    -1646.8811023275662  1991.8564462914869    0
2396    -1716.8336166041306  2086.3435085529372    0
2397    -1711.1574864898218  2017.4079329783044    0
2398    -1792.2649049074341  1995.8963154796447    0
2399    -1861.4926345674241  2005.3262155402097    0
2400    -1577.393444664498  -1212.5975162101179    0
2401    -1461.7796365557631  -1259.5535403990496    0
2402    -1392.7141884901157  -1258.8000402091279    0
2403    -1227.6879098978366  -1633.1757953616657    0
2404    -919.5265050729854  -1445.5990996612529    0
2405    -2248.4097249563974  -735.22953141414814    0
2406    -2373.1894445458483  1520.1082241708134    0
2407    -2509.1894322285948  1390.7046646733791    0
2408    2324.9362690672338  -193.14664135877069    0
2409    2378.1300051352064  -272.92998588843454    0
2410    2195.5455041601454  -5.4972890318598573    0
2411    2048.5174902200861  -115.49612529446172    0
2412    2682.6014431363446  -801.52926277349275    0
2413    3572.8008602257082  303.78929013802298    0
2414    3321.9893391697383  348.62578090635651    0
2415    3545.6815873516016  -160.36609574441744    0
2416    3476.1768069245495  -409.17231903611395    0
2417    2969.3141158029266  -635.00444093859232    0
2418    3062.8425708315394  -832.11171065525457    0
2419    3204.4674432185066  -548.46137936354103    0
2420    3222.7357470160496  -663.97738790657286    0
2421    3348.0822209457569  -725.93769104756814    0
2422    3295.0327789714393  -675.48848095518053    0
2423    3402.7585322338596  -615.3268244116972    0
2424    1276.3731221830326  1500.3089225052515    0
2425    1127.6492590732021  1525.4312440008093    0
2426    -871.90436169687484  2613.8448528153631    0
2427    -814.9713439898245  2702.5478104656577    0
2428    -912.94825353332942  2702.8108177651861    0
2429    -353.59735272510136  2545.7188043463475    0
2430    -539.7951578938297  2956.6206137498839    0
2431    -613.68738313862934  3212.6803336324401    0
2432    -1229.2719802703089  2589.1657385132421    0
2433    -1132.2047069118746  2546.9078789222531    0
2434    -1542.3162651493071  2238.4071204472671    0
2435    -1628.909557890071  2266.2198231546645    0
2436    -1607.535853622408  2184.0576189551853    0
2437    -1719.1243277771921  2198.8901381424303    0
2438    -1649.0060621752505  1925.8931320776123    0
2439    -1133.4965747391984  -1550.8144811557477    0
2440    -1244.2397043475755  -1538.7623572552634    0
2441    -929.8149732934462  -1301.458443177045    0
2442    -1011.1523236677461  -1410.4699372223199    0
2443    -2310.3357653176113  1588.5875506055738    0
2444    -2440.8001312424317  1368.9105269737231    0
2445    -2462.9649524138817  1434.6871114798798    0
2446    -2533.3367511000442  1462.3645327164786    0
2447    -2563.925898732879  1598.2456906700861    0
2448    -2648.2962691545708  1383.7280637698912    0
2449    -2529.4685635794749  1534.6189734855848    0
2450    -2579.726732048427  1406.834029808984    0
2451    -2443.5824172465032  1610.7934574030685    0
2452    -2652.3958143119867  1509.1907884904374    0
2453    -2590.6587080350346  1325.9790243719794    0
2454    -2721.8506044274218  1252.678048472764    0
2455    -2618.8624092496348  1222.4050100748834    0
2456    -2666.5919916504954  1307.8299904707126    0
2457    -2791.9904766333652  1378.2122959303881    0
2458    -2739.2169614626464  1325.3367101567364    0
2459    -2859.3375460269408  1258.2216190857766    0
2460    2492.6872044060829  -241.08643814315178    0
2461    2302.4482275069349  -375.15875621084291    0
2462    2095.9114573100233  -71.079057979325043    0
2463    2032.4687673323072  -39.56558356769942    0
2464    2118.7156736121556  -142.90537300817834    0
2465    2035.0275470103259  -253.64276298498459    0
2466    2094.2689454881311  -211.42184391150064    0
2467    2108.2788469365564  -293.75166716330926    0
2468    2000.5511745644669  -403.5515622705974    0
2469    2038.930382738396  -333.45922376190811    0
2470    1895.4863985969528  -300.46964445805395    0
2471    2120.0957116283653  -423.4549487872444    0
2472    1962.5560058607743  -337.19374974671922    0
2473    1863.9194944989551  -437.72760852971567    0
2474    1927.4156271655957  -401.37098101380838    0
2475    1960.117831845856  -532.11042153987887    0
2476    2751.6179667938086  -726.69961358478918    0
2477    3497.0301833343979  243.83864802471749    0
2478    3341.2966273998022  267.18490961435646    0
2479    3426.3243819517006  303.27978412532673    0
2480    3265.901922106546  292.32003045978996    0
2481    3231.9056992123315  382.27226864074237    0
2482    3485.0864088988837  -174.51047800497003    0
2483    3527.7146635114441  -220.26341954955291    0
2484    3503.0533327390413  -114.61315419983438    0
2485    3588.9025600083828  -205.97410668922913    0
2486    3587.7801103961351  -78.407727425107993    0
2487    3457.5236165766564  -59.531141541558057    0
2488    3573.165963200533  -276.73904290845633    0
2489    3634.1188583266444  -253.16144511959595    0
2490    3645.4389873761029  -373.00291221658199    0
2491    3754.4156755398949  -248.82574148395634    0
2492    3399.3627333849945  -460.22252392813141    0
2493    3123.8872958418197  -767.92064420762131    0
2494    3038.8195855684121  -748.14438374780525    0
2495    3205.114577157583  -906.28838405708939    0
2496    2943.6960185474732  -820.77930232643268    0
2497    3184.371185028459  -825.43990019260718    0
2498    3303.9972090203537  -837.83262863599509    0
2499    3181.0566449752691  -611.36621171342358    0
2500    1169.9223718723556  1571.4641225517771    0
2501    966.56968749045313  1610.6546394806583    0
2502    1141.7543133334748  1452.7599882363393    0
2503    -754.19537752462497  2678.5938214954249    0
2504    -793.18337633308045  2827.0957200747771    0
2505    -1025.2939914974793  2695.4510550731925    0
2506    -395.55827689606491  2492.974299032358    0
2507    -314.62257373675379  2471.6491221775145    0
2508    -202.80485008251003  2577.7754945761144    0
2509    -273.68027810955272  2540.4815024571517    0
2510    -191.4248808892176  2444.9623756114729    0
2511    -284.94163450458137  2647.8778228880528    0
2512    -750.28226474165751  3057.6668273858454    0
2513    -557.92771115014466  3126.3965800228666    0
2514    -1235.8505596854266  2524.4716306922346    0
2515    -1302.116770095025  2563.8916066460401    0
2516    -1310.4984386993237  2705.6623895085868    0
2517    -1382.0295236009451  2511.6301604863124    0
2518    -1286.314253461202  2635.9590303582331    0
2519    -1204.0574956290802  2678.06754267121    0
2520    -1397.7327970024216  2636.3485359804276    0
2521    -1029.5456022654193  2547.441163462106    0
2522    -1148.034849407522  -1483.8006311202223    0
2523    -1066.1084984146382  -1501.1110970841203    0
2524    -1011.6921481117923  -1645.4232583370383    0
2525    -1059.2520743504308  -1580.9412919835775    0
2526    -1130.307436767295  -1649.5026345720889    0
2527    -952.14386070880767  -1551.72190612144    0
2528    -1322.3381327391917  -1544.9593982560166    0
2529    -1335.4351985291385  -1653.8965030573736    0
2530    -1192.5209607725428  -1578.3530305683537    0
2531    -1006.2837203654702  -1290.2731992770664    0
2532    -953.31362909164875  -1195.1239972048322    0
2533    -944.99830365765547  -1374.9797118144256    0
2534    -807.07371122952895  -1365.1349336607182    0
2535    -2429.2938188913458  1549.2214246359897    0
2536    -2375.1337699840988  1584.9775768561885    0
2537    -2349.1342552380356  1701.6515504119791    0
2538    -2714.7747467749509  1086.4316768730696    0
2539    -2548.4928181313985  1208.0252913122997    0
2540    2428.3926682453202  -231.76837237755828    0
2541    2449.966854919202  -309.38153350132353    0
2542    2471.1130177322011  -163.47327701938653    0
2543    2381.7755457884082  -354.75751295319333    0
2544    2554.796392053629  -182.01682549985199    0
2545    2456.6383679689179  -94.578826339767517    0
2546    2378.2776629258537  -505.58358615297482    0
2547    2482.734761252917  -432.55250576415938    0
2548    2358.756223035321  -429.67725750664192    0
2549    2237.5498781339752  -498.52466830338443    0
2550    2308.8710299902582  -482.97004009249338    0
2551    2303.4867676104736  -617.31562635924899    0
2552    2319.4874701476269  -308.64454226332435    0
2553    2584.4573799397986  -641.76718107470981    0
2554    3582.3843897127317  213.81881093568245    0
2555    3646.6577666646185  163.84508665625233    0
2556    3769.4925859243031  249.86210421073957    0
2557    3668.8714444407224  268.5269425976864    0
2558    3720.2058028150177  189.53070563188788    0
2559    3851.8001206439417  132.32453503621136    0
2560    3794.0705128943159  179.48582622393656    0
2561    3906.53927582912  258.24384951082038    0
2562    3171.0427854083396  318.11813672741238    0
2563    3309.5646983071629  452.77683869335624    0
2564    3195.2203724987926  447.87028208849239    0
2565    3692.5575050909683  -92.99713995128117    0
2566    3566.5172005905024  -12.868943158067637    0
2567    3422.3489682985523  -4.0412992325123298    0
2568    3563.3737770743296  -403.09517861682423    0
2569    3587.2977312629891  -341.39170759705956    0
2570    3657.751669107502  -533.52802424722347    0
2571    3628.9571313294205  -455.00187514063418    0
2572    3555.5764896719324  -480.33209177277843    0
2573    3782.5595998580084  -443.22017765900426    0
2574    3553.6594042747956  -608.73788313634623    0
2575    3704.0968412117827  -427.44910145368129    0
2576    3761.0639050617001  -347.09774840603609    0
2577    3310.271302596942  -471.50345520128496    0
2578    3364.0252861877302  -538.58551298633131    0
2579    3432.3163985509859  -552.26276369852997    0
2580    3478.2178355746532  -612.23543440775143    0
2581    3444.2102923663215  -704.63595883850064    0
2582    3519.1501489705433  -679.7587781326647    0
2583    3525.780599281477  -825.04506085605169    0
2584    3662.3052311721749  -705.42372034475227    0
2585    3501.97624669072  -753.33698465555256    0
2586    3414.5657000120664  -798.40802603021768    0
2587    3592.2408481992629  -763.17767951081896    0
2588    3594.3471114079489  -672.40267625537251    0
2589    3662.0925341652501  -619.42119416890387    0
2590    3814.6576363707932  -662.04540413950895    0
2591    3757.7086138558325  -571.53267896611851    0
2592    3732.3639680892647  -662.24892859059958    0
2593    3730.3947738407164  -499.67989369230821    0
2594    3773.871594936254  -808.03113816979896    0
2595    3773.6768474746391  -729.28638333105027    0
2596    3913.3669485021351  -768.31352722526287    0
2597    3849.0257357196224  -729.10003435134627    0
2598    3950.711047291034  -634.64756010396036    0
2599    3886.5481471907447  -667.533535586776    0
2600    3869.7192646528442  -555.66297613296695    0
2601    2975.1274923733527  -763.33739457106014    0
2602    2900.2408977315922  -754.75988011758056    0
2603    2818.9541959394542  -777.67451589438338    0
2604    1060.1159117685397  1592.6262328365731    0
2605    -863.76495572794602  2775.2633006263145    0
2606    -920.35874688943295  2926.3011795310908    0
2607    -975.61582771134204  2798.2716938910262    0
2608    -870.76159989866608  2858.7634298883531    0
2609    -789.98932499416514  2945.7781621961053    0
2610    -940.9076138757772  2859.2308742782279    0
2611    -1049.5303291519533  2929.1934993293899    0
2612    -1016.1518959725895  2861.7121041994906    0
2613    -1152.4670102777186  2836.2820477257865    0
2614    -1071.7237953701601  2781.532995524939    0
2615    -1087.8957494912629  2868.2210363806466    0
2616    -1176.8003958755853  2966.7185743860368    0
2617    -775.52236310382602  2759.8264558002907    0
2618    -657.66841031762272  3013.2067202565927    0
2619    -432.85025478351361  3268.3849730429929    0
2620    -663.79178634745244  3119.1422302342849    0
2621    -1433.7790104312776  2468.7627071926036    0
2622    -1347.7804728358774  2453.1890060913174    0
2623    -1407.3194067315458  2571.7937010382752    0
2624    -962.42931884480845  2546.0801776494254    0
2625    -1023.2838484849552  2621.3273034057788    0
2626    -986.45256657155653  -1483.1030062519569    0
2627    -1207.9406552262117  -1813.9679298263088    0
2628    -2296.8167939119053  1656.4156048501961    0
2629    -2242.7846721715982  1771.7780039323534    0
2630    -2689.9865712904943  1170.7604918846876    0
2631    -2793.7346133035121  1177.5608692050591    0
2632    -2634.5933573334983  1108.6702318703774    0
2633    -2635.2612289142126  955.41147024366364    0
2634    -2572.9534267442154  1031.7707811199898    0
2635    -2656.5407464979985  1032.1350382415994    0
2636    -2781.91070831158  956.05053987059046    0
2637    -2708.4958432495055  976.41237851763708    0
2638    -2709.1073530065514  836.08715613393838    0
2639    -2689.0121086462232  906.16352861759606    0
2640    -2574.8336541297995  835.50201772772061    0
2641    2616.6437637833651  -213.73413484855692    0
2642    2656.0600014182314  -707.8073679896678    0
2643    3752.2696246407077  437.5680492620553    0
2644    3411.6128552353557  412.13399109507384    0
2645    3302.6224289715456  530.17274628073119    0
2646    3386.984252976365  498.7305372625321    0
2647    3552.8103413829062  499.09198178003339    0
2648    3469.9482702146743  475.52548769362772    0
2649    3508.2134893303687  381.77523732596183    0
2650    3487.9575039330621  569.66205407106929    0
2651    3634.6759820693028  -125.1504897787467    0
2652    3730.9475154287106  -167.94973039727608    0
2653    3886.0524521665752  -166.78516214044325    0
2654    3807.8534025764761  -81.251463958217968    0
2655    3808.6642180734057  -189.24125813253923    0
2656    3860.5893586929442  -291.00383741562467    0
2657    3696.1103488435488  -302.13105709136681    0
2658    3273.9976082017743  -532.8433700421815    0
2659    3349.6827302322999  -791.20017115220605    0
2660    3282.3896810150181  -760.19961284892986    0
2661    3374.7230541501449  -861.42715244165356    0
2662    3456.4563219407978  -868.99701748764858    0
2663    3306.7335455924658  -947.42982441526158    0
2664    3569.0331548506997  -969.91385865772008    0
2665    3407.0981140246513  -956.89721926899756    0
2666    3526.9766258137597  -903.57918993338876    0
2667    3487.1049195361993  -975.35742624753175    0
2668    3646.9833681818604  -873.99364849520748    0
2669    3414.3766623584147  -1107.9573177404448    0
2670    3432.0407731357386  -1031.4008047425618    0
2671    3350.7830442806899  -1017.1776447662187    0
2672    3544.0285355567139  -1097.5561753146658    0
2673    3205.1146505347724  -1060.3913439881258    0
2674    3531.8068643941865  -1028.8916880356899    0
2675    3626.5411127651796  -1047.4497483769558    0
2676    3271.8545969822198  -1018.2414793945632    0
2677    3203.1324248062874  -983.33986496644059    0
2678    3298.383664690984  -1134.160341147247    0
2679    3096.00560577854  -942.03278744120746    0
2680    3125.9748398382044  -1023.8760572480501    0
2681    2965.9046832494378  -1036.0816068275594    0
2682    3044.218463042238  -1007.4047956218661    0
2683    3100.813215137207  -1182.426752968051    0
2684    2993.7336424240166  -914.21248619001358    0
2685    3135.7537805811617  -1106.6998456443071    0
2686    3036.1605014702577  -1106.6715639747231    0
2687    3206.148304841136  -1185.1043189657885    0
2688    3818.3799706414243  -596.53134985942324    0
2689    1066.901238892953  1698.3842924719033    0
2690    996.69796561595149  1515.2733263833632    0
2691    -1152.8026724699305  2748.8729513597737    0
2692    -1249.648326392268  2792.9500438248883    0
2693    -727.43485364918251  2986.5687806686774    0
2694    -712.77354463449569  2895.7243955205722    0
2695    -515.41302256911115  3215.0299362301812    0
2696    -804.55683804767557  3254.7325667010286    0
2697    -611.75782175345137  3069.005213159418    0
2698    -1192.3179107579715  -1720.7869884139907    0
2699    -2790.9411790626596  1246.8412585325957    0
2700    -2815.1883625374589  1312.3372986484367    0
2701    -2933.1951254488326  1363.5437819174347    0
2702    -2862.072520938993  1365.8696264126861    0
2703    -2848.9116469131995  1496.2770924438128    0
2704    -2899.9508670563014  1435.5601918307518    0
2705    -2982.065572018626  1556.397099444838    0
2706    -3015.6218363916382  1445.2749719413468    0
2707    -2923.9670870053224  1507.5589450490447    0
2708    -2866.4397545743022  1634.9706087553445    0
2709    -2913.1717641563432  1579.377620200936    0
2710    -2988.3567918344052  1690.0170756756272    0
2711    -2510.676495772806  1069.6492898024819    0
2712    -2969.525337612662  1101.5953420719725    0
2713    -2530.1178133497579  933.21703406244626    0
2714    2676.2904987142556  -614.03601792738937    0
2715    2503.1876575477299  -801.71896965568999    0
2716    3655.381596002715  380.27553017586411    0
2717    3349.5464680599098  404.72981693997724    0
2718    3385.5711349572521  352.2154934942335    0
2719    3448.8478299117987  361.74503025813868    0
2720    3493.2200906949429  311.07968872202588    0
2721    3645.4851929178626  649.3432080050178    0
2722    3413.5227483183453  594.6410287742508    0
2723    3741.6166380479663  -2.8162361660078368    0
2724    3797.427301925547  -295.27683298792329    0
2725    3833.4803642497036  -359.24451360161032    0
2726    3968.0067550390772  -373.18094419564875    0
2727    3593.7065217984727  -831.3828907360089    0
2728    3665.9138074237017  -795.71286219720605    0
2729    3658.9279491881061  -963.33398522994025    0
2730    3791.8485743231363  -1062.8047933411706    0
2731    3744.4362573759213  -906.4330881514411    0
2732    3711.3603024377921  -1031.8146388446983    0
2733    3696.6674436007233  -1189.9932181354575    0
2734    3776.7465317132014  -982.01014993032004    0
2735    3726.3211480618161  -1112.9760019952869    0
2736    3927.5241672578036  -995.63571623453049    0
2737    3848.0245735852686  -1204.0524476140513    0
2738    3860.0067073290488  -901.72015161427862    0
2739    3850.213791860434  -1010.0864834407674    0
2740    3800.0169976935663  -1141.3508908125054    0
2741    3908.7355580399721  -1107.8396295347413    0
2742    3053.9452432999224  -894.75918090898119    0
2743    3125.9624858888928  -873.0316796635617    0
2744    3001.0098856925324  -850.20045639891964    0
2745    2832.5330282929012  -940.42730379794932    0
2746    3231.7740449509106  -1122.531154926377    0
2747    3148.7341741256882  -1370.4955915994919    0
2748    1022.3059760264071  1648.1487785774698    0
2749    955.54989961545982  1752.3216342522351    0
2750    959.4815610194272  1681.3653715902794    0
2751    831.72985106687361  1709.8737518653195    0
2752    882.73915569468875  1637.9619960454118    0
2753    774.41316117225767  1615.1700513465125    0
2754    895.84466872167332  1535.8655972695692    0
2755    1134.7777662561512  1696.5541493722212    0
2756    1200.9596182304949  1714.9006313511547    0
2757    1249.4748650434415  1770.7674848351919    0
2758    1191.7571960550699  1868.1192436724957    0
2759    1013.738442312669  1446.4824698183277    0
2760    -1248.1549006717728  2727.0551523906033    0
2761    -1234.0261377293129  2888.5549121464778    0
2762    -648.38559599502037  2879.4323631477091    0
2763    -666.42001316820995  2943.5385454720522    0
2764    -490.35639947640539  3148.4978757410904    0
2765    -359.88509864322418  3159.6503259593833    0
2766    -568.71540008324382  3388.0684656265321    0
2767    -758.85783537926682  3161.3118450000743    0
2768    -1270.437722492522  -1701.3798640442774    0
2769    -1387.1113604765283  -1792.8607779437123    0
2770    -1341.6757188541117  -1730.6663172698813    0
2771    -1470.650514593056  -1681.5435714748496    0
2772    -1298.3068493607166  -1810.0426249419752    0
2773    -1413.6551952839866  -1725.7758582504293    0
2774    -1519.3063340208371  -1806.3732146584171    0
2775    -1260.0822349936416  -1972.1996105875296    0
2776    -1363.9225807215428  -1911.0937176903342    0
2777    -1256.3262088346573  -1885.7304574749373    0
2778    -1351.5762889804951  -1847.2818118883702    0
2779    -1436.5344641790675  -1863.9444815072354    0
2780    -1104.9182673799171  -1935.6234322496798    0
2781    -1483.8111113126652  -2016.2399377897423    0
2782    -1173.5860368973511  -1889.324505051542    0
2783    -1438.6951853659573  -1946.7594409223302    0
2784    -1057.4186861088965  -1791.1035196098651    0
2785    -1525.1540158012206  -1903.0679803244361    0
2786    -1361.7295774665192  -2046.1235515315927    0
2787    -1129.4647187265596  -1823.7005346648568    0
2788    -1377.497425451628  -1978.8469101786843    0
2789    -2892.3430815885686  1164.3691491203679    0
2790    -2591.5689282380499  902.24915152621247    0
2791    -2641.8904678562812  854.16065376919221    0
2792    -2643.459584994926  725.96691046058334    0
2793    -2417.9472106445874  822.79727840497139    0
2794    2732.4018392370863  -556.73447618889111    0
2795    2695.2275790244639  -481.78909188819961    0
2796    2592.544362938535  -441.79294796554495    0
2797    2592.8677967599933  -776.3221272885495    0
2798    3633.6096080492857  320.95878730117079    0
2799    3702.6064012940283  329.28780786198064    0
2800    3586.3848027579729  371.94650961505408    0
2801    3612.3489020569045  446.80830580265575    0
2802    3646.0845510490335  545.26701932236563    0
2803    3550.3246794365887  641.91844387889546    0
2804    3849.866557769999  21.413023177541049    0
2805    3690.7615449293085  45.089521852848392    0
2806    3889.2741835134266  -450.50288245547966    0
2807    3715.0802823326617  -844.04820182859407    0
2808    3624.4509336383207  -1136.9996108729811    0
2809    3514.3174044713842  -1259.8446190546897    0
2810    3608.9201140656801  -1233.8670485223217    0
2811    3800.8194350831322  -869.69567023565173    0
2812    3862.9726862469984  -825.53161089799232    0
2813    3968.6415407818745  -867.79724491945399    0
2814    2908.6368941415112  -899.67030015731882    0
2815    2869.022387155002  -834.83000226782985    0
2816    2779.291647985679  -862.92650203442497    0
2817    2903.7377770628964  -981.95368271594396    0
2818    2794.5205885891501  -1087.4168698281014    0
2819    2882.4384601459069  -1069.1802097041136    0
2820    2825.7834992136036  -1017.0917452557517    0
2821    2870.8080918854953  -1234.152672449095    0
2822    2709.0939155022616  -968.18907237853568    0
2823    2853.3578875073372  -1150.0262580328917    0
2824    2712.9500645879803  -1223.0238636783226    0
2825    2955.2909564578345  -1172.7554893316856    0
2826    2793.4485284066582  -1206.3261991515305    0
2827    2944.203129270134  -1103.1453804231692    0
2828    2782.7996493786404  -1357.3766009436383    0
2829    2809.4261063540139  -1283.353167698034    0
2830    2927.3360044323845  -1367.5662471932153    0
2831    2880.2572799420795  -1308.8313590405    0
2832    2981.4877481475178  -1275.9257948948732    0
2833    3151.2962701223705  -1269.7030763566722    0
2834    1050.8865146342398  1807.2312917947959    0
2835    838.29633213640079  1580.3677945755103    0
2836    827.31232037773543  1506.703119377529    0
2837    1197.0972656062429  1805.4996173076306    0
2838    1129.6265197907103  1831.2833626419015    0
2839    1095.3920026377134  1959.8418524076205    0
2840    1070.3754545821591  1884.3425743049036    0
2841    949.04433624823298  1966.4396518335875    0
2842    971.14921974276899  1868.4023621430906    0
2843    1021.2877089019152  1942.5019421083721    0
2844    1027.6009783079603  2082.5383671664745    0
2845    1004.6955820232218  2013.4104890789758    0
2846    893.6036223756546  2088.5793769062429    0
2847    -1343.9758772247005  3029.0821969132503    0
2848    -566.46712406892573  3294.0321856601613    0
2849    -688.18346190353134  3192.3962743317179    0
2850    -678.79353446442178  3304.8511630999151    0
2851    -947.31650465063535  3127.0104809390309    0
2852    -1110.8466606507966  -1729.0453482142575    0
2853    -1035.2973954404533  -1718.030494688335    0
2854    -916.81972598147377  -1793.7819529833239    0
2855    -944.95583047605442  -1707.2605729799286    0
2856    -986.74147759286996  -1772.6146427056478    0
2857    -993.1949669473405  -1892.2778642792673    0
2858    -1693.6433195995151  -1844.3542708737557    0
2859    -2984.0253764085855  1249.3413293213996    0
2860    -2861.3173042907597  1047.3861974691558    0
2861    -2494.0834052566488  857.63833030848843    0
2862    -2503.9825030806605  735.39778590467608    0
2863    -2415.032898698902  929.77436238202961    0
2864    2604.563679309802  -542.4296464794736    0
2865    2526.4797718452346  -712.93141881253916    0
2866    3805.1645416741162  347.77830398404143    0
2867    3684.6119846335428  477.05716895631991    0
2868    3788.4441201335785  577.25094037198619    0
2869    3721.4057964864278  542.82544921485044    0
2870    3722.2219411036176  623.72226662591538    0
2871    3837.7138721891151  717.88025844462561    0
2872    3793.2466213141347  654.51391007912832    0
2873    3927.8113017569435  607.3689154811658    0
2874    3715.7168690673179  756.20590216054256    0
2875    3867.1776263932729  649.91851670351707    0
2876    3972.9231690368229  736.13049571809802    0
2877    3575.3193554943996  570.9185750076922    0
2878    3530.7508558283239  790.4032285385241    0
2879    3802.0652655063473  -18.95408008649024    0
2880    3864.6327532642104  -44.558431177865259    0
2881    3787.2990700121359  47.017374268916363    0
2882    3974.1988447813087  14.60368711381139    0
2883    3832.674272955705  -494.37611665616555    0
2884    3981.5066614435968  -522.05206462206638    0
2885    3899.1295432360803  -381.79260070437442    0
2886    3925.9828675906165  -316.81864859183031    0
2887    4046.9096129565633  -270.50303692636402    0
2888    3919.1881980790031  -238.29665414429795    0
2889    4008.4965056236651  -153.48185319961718    0
2890    3337.8801783893859  -1314.6389921830855    0
2891    3543.6303170515589  -1181.3471915162918    0
2892    3482.1228730683911  -1139.1584217688044    0
2893    3403.2218521757691  -1221.3259054969139    0
2894    3607.6698254834328  -1414.5603401898138    0
2895    2752.3407657868643  -798.53562586066278    0
2896    2765.2578161020024  -929.60568326093835    0
2897    2699.9489437781422  -881.04383084564847    0
2898    2618.5701268104649  -857.1484350257324    0
2899    3027.9487422623206  -1179.1461180176668    0
2900    3061.0583708829863  -1254.5831458251409    0
2901    3045.9210105290349  -1357.1480682405736    0
2902    2934.485092605004  -1232.949541969148    0
2903    1088.8029986850997  1757.2083391706842    0
2904    1024.3331540063405  1747.7228522766486    0
2905    797.30900733227782  1880.7165579342502    0
2906    987.46912349051922  1807.120729779886    0
2907    905.57632401331239  1818.1257606612191    0
2908    893.08872120457704  1902.3124162344047    0
2909    886.54454190044851  1751.7947097695319    0
2910    825.82679865547516  1805.1117510899178    0
2911    850.94384238218254  1995.5631101061533    0
2912    677.54143728512349  1792.3599775966197    0
2913    749.88578775472365  1819.6479395161862    0
2914    665.33958386848121  1934.2505345631337    0
2915    742.77760878115987  1728.9510830881777    0
2916    691.45075276247564  1865.0260333267988    0
2917    555.67922433773606  1853.3503846902008    0
2918    -1433.6370314063913  2856.3587586629701    0
2919    -1269.183021967641  2974.3243144802859    0
2920    -487.80616403859955  3342.9578758174057    0
2921    -618.74048304752739  3339.8274192639974    0
2922    -710.77026216085176  3428.7967847247196    0
2923    -639.02857120828151  3410.9238670383952    0
2924    -563.35566397994671  3524.1420216954284    0
2925    -654.19682335209757  3502.9603031119777    0
2926    -845.40856997776348  3101.9733729358918    0
2927    -777.50923982478264  -1700.6437115187264    0
2928    -1601.1185145256597  -1849.9497714485512    0
2929    -2966.323252635123  1176.4941227367628    0
2930    -3104.3123156994361  1181.5367439999745    0
2931    -3036.6710542868773  1141.9838051478278    0
2932    -3140.6081342509733  1041.8509780410352    0
2933    -3047.0396644313687  1048.7369945262894    0
2934    -3102.7609154052989  1106.5752108786569    0
2935    -3236.4227344078226  1141.3057726970319    0
2936    -2919.7555088072386  1226.7392454184485    0
2937    -2917.4490317421655  1296.0282519179164    0
2938    -2903.2011771216676  1098.883660314184    0
2939    -2939.3705449770573  1026.6852113107145    0
2940    -2831.4111872663043  1114.4906246156579    0
2941    -2784.4296742530114  1053.3363194567362    0
2942    -2877.9803920250251  952.7138184683198    0
2943    -2471.4791890133065  968.13941525871985    0
2944    -2293.2665279074226  872.92891644091424    0
2945    -2374.0306733708603  998.72632691486933    0
2946    -2339.940845802249  931.78788984454036    0
2947    -2218.6390664746759  980.04293567295088    0
2948    -2295.4690417293868  996.58580973755772    0
2949    -2237.4974760817104  1079.1408759779069    0
2950    2532.3511454439931  -500.01808787877826    0
2951    2455.3810858622319  -504.64683134322689    0
2952    2418.1421144713818  -613.16563169265658    0
2953    2498.5432396475503  -580.10702527621254    0
2954    2481.5321745457577  -653.03500623512059    0
2955    2380.2738288497608  -743.70207304678911    0
2956    2452.0426640599594  -721.9776329384656    0
2957    3747.44572878291  374.2512990462709    0
2958    3836.3706939039207  280.95361308362408    0
2959    3897.5481508805888  350.22134329740254    0
2960    3515.5789152762122  712.87066627913941    0
2961    3607.0003925173564  735.23161665792509    0
2962    3438.0852939931237  768.28572655035998    0
2963    3777.3423273305675  113.93363232561764    0
2964    3916.9507515653763  -510.04764797033494    0
2965    3960.8735210711948  -453.42777131478852    0
2966    4092.8420321541239  -451.16305207841248    0
2967    4026.2829880761387  -418.80164075415308    0
2968    4099.2448584354916  -353.36603047418828    0
2969    3291.2838604711819  -1230.2751805040682    0
2970    3237.3275971554526  -1322.3187714629976    0
2971    3709.2851682236223  -1324.9124856109868    0
2972    3582.8125373640164  -1324.0373712950577    0
2973    3103.1584114855345  -1318.9082569753407    0
2974    2984.6293737686919  -1339.602002088903    0
2975    2992.4155334897  -1428.2280280174671    0
2976    3086.9556129246916  -1443.7150045916701    0
2977    2852.3391661070277  -1513.2651893682557    0
2978    2910.3849083717432  -1450.9922142092444    0
2979    2852.7154230563997  -1395.8394007024808    0
2980    2991.7548431745399  -1585.0277899538587    0
2981    2775.0146366107815  -1454.3039281599381    0
2982    2969.9723622351471  -1506.5347345454554    0
2983    3055.3119159462494  -1525.1212311715797    0
2984    3129.7311820743812  -1667.7436673257962    0
2985    3206.4149836383572  -1537.0037502979399    0
2986    3072.4080929102724  -1606.9274925436089    0
2987    3132.6510427967874  -1508.3307127430651    0
2988    2993.2593367429986  -1738.9536035081487    0
2989    3149.6353696005135  -1591.5593073899649    0
2990    3199.2395082656603  -1446.2446293060048    0
2991    3051.4528147280935  -1684.1025718663782    0
2992    3274.7371292981998  -1664.9361209450597    0
2993    3119.5918232795075  -1814.6890705292828    0
2994    3222.5342799415971  -1610.6051270713504    0
2995    3344.9495686620362  -1545.2293731113195    0
2996    3274.5222503659397  -1560.6535249577221    0
2997    3291.0852573652965  -1467.781796277859    0
2998    3103.938396298081  -1739.7864568218258    0
2999    3212.8899503348407  -1756.1043181368127    0
3000    912.62951225465918  2023.5629895180643    0
3001    960.02366667912645  2072.7240341213896    0
3002    954.92079332852472  2198.3961210050443    0
3003    985.23552114881306  2136.6873967796146    0
3004    1102.4095413343623  2184.7151503098589    0
3005    1029.1284916740638  2196.5505390700973    0
3006    1086.7498957899693  2320.539929957979    0
3007    994.27931335921335  2288.1297954725515    0
3008    707.72094475477263  2117.5396100494986    0
3009    607.14422121294285  1654.6715994072249    0
3010    -1350.6532716120164  2798.5089843426354    0
3011    -1209.5088299026852  3134.2903552314515    0
3012    -1360.5146255725767  2928.0341211204664    0
3013    -479.64870129748908  3452.7025941755755    0
3014    -646.32558738992748  3674.5874779464843    0
3015    -836.21723555500739  3181.3573721042649    0
3016    -950.46101507027004  3274.1701201431119    0
3017    -880.25012484720594  3243.875076892843    0
3018    -861.65081566067545  3383.4871380576074    0
3019    -940.49088249512386  3200.7697465700294    0
3020    -1075.594562430605  3219.7956387254653    0
3021    -1013.6667918172819  3170.3459338462908    0
3022    -890.63938553959508  3316.3040916206501    0
3023    -995.24210838737667  3401.2843522619005    0
3024    -1105.4387536464728  3118.91848924941    0
3025    -1024.2638127812352  3081.6592773301818    0
3026    -1100.0653800728589  3023.5695410678177    0
3027    -939.55508180590562  3025.8879047142    0
3028    -825.13046527880181  3021.2390087101376    0
3029    -858.7073395867277  2959.6898820637757    0
3030    -860.29938636886186  -1727.5664468495133    0
3031    -771.17773043353964  -1860.8691699866936    0
3032    -852.28034789245248  -1611.4703811179577    0
3033    -796.93942313094965  -1781.6493475044224    0
3034    -643.62368560879361  -1775.5908843785955    0
3035    -721.1359545287869  -1756.9986274909597    0
3036    -649.42087758607636  -1628.8868861705832    0
3037    -703.34548849308419  -1682.8290742244899    0
3038    -747.78560475420363  -1584.4788250744382    0
3039    -1633.9053513416854  -1689.8077658352593    0
3040    -1657.300195971073  -2011.1729760717701    0
3041    -2826.2189629778109  847.08761976227493    0
3042    -3022.3624404944558  895.34870802828482    0
3043    -2175.015617598458  1039.6878641344892    0
3044    -2140.6297148677304  968.76325796141975    0
3045    -2192.9135065045407  882.56579059582123    0
3046    -1999.9434889473737  932.92678451505628    0
3047    -2065.2327313183246  970.68542156536546    0
3048    -2100.7876201651748  885.64138534890265    0
3049    -1982.4781949143446  1038.4521966354234    0
3050    -2234.1791686427032  1146.9724474141708    0
3051    -2291.1482528753859  1113.8822731265334    0
3052    -2350.1942682352396  1142.5645904572564    0
3053    4065.0944363379326  320.17138058854289    0
3054    3849.10489662904  434.13846358000399    0
3055    3668.0526440876502  711.02153268586426    0
3056    3732.6276618102529  690.63471773995491    0
3057    3639.286110870426  860.12773864190217    0
3058    3405.99384808168  707.15699714494588    0
3059    3471.0001665625523  835.56140549597581    0
3060    3550.6234173646917  878.80587065500015    0
3061    3378.4303053359558  803.74492625845289    0
3062    4029.9838085698352  -339.15181116776137    0
3063    4269.4105856863489  -413.61498594849854    0
3064    3344.0591852348934  -1185.853940897515    0
3065    3224.6489982513426  -1253.0500668380869    0
3066    3676.780167345677  -1259.9027292613816    0
3067    3769.6216809089051  -1254.1129563155603    0
3068    3457.6763647424291  -1388.9212139866545    0
3069    3645.8348283074329  -1355.4060186762711    0
3070    3731.6166202489403  -1452.6392009978767    0
3071    2607.0817308334958  -1392.0395845378578    0
3072    3292.6492699522446  -1384.5388795133576    0
3073    3374.0747203089072  -1427.7048957023169    0
3074    983.06037699920728  2468.2596958378722    0
3075    796.56971726545771  2076.7911558447959    0
3076    815.52700301914206  2313.0347565597904    0
3077    663.53062293935341  1712.6829084133894    0
3078    588.61862838457819  1766.9262086302904    0
3079    689.79301180390644  1630.7469751208441    0
3080    629.4698236080784  1577.0770233209948    0
3081    489.32084594992182  1578.7622574632326    0
3082    559.14188702114495  1556.84218696123    0
3083    502.35439365303915  1498.1184582611954    0
3084    415.24317896711403  1525.4147873953623    0
3085    -1452.9019526755778  2740.2800692088372    0
3086    -1261.9052793223625  3062.7229409468082    0
3087    -1177.8413980468786  3056.1416279513428    0
3088    -1362.576337093918  3191.3910984900931    0
3089    -1330.3863497372583  3112.8597941231478    0
3090    -1279.8514446130296  3179.4370466591117    0
3091    -1485.6956819095835  3095.0614788593448    0
3092    -1187.0252089269484  3246.6952762276487    0
3093    -1405.5309925594363  3082.0579995793551    0
3094    -1303.2875839644914  3309.4683958231517    0
3095    -1462.9492712648882  2981.6860528607695    0
3096    -1313.247173513075  3240.5456584777235    0
3097    -1411.6239777189496  3289.9424366049534    0
3098    -1367.8108742111308  2862.3406597452454    0
3099    -1297.3254843014531  2847.0649719215648    0
3100    -348.87438225686481  3387.8064384009763    0
3101    -626.05733016251725  3587.663842466337    0
3102    -482.09983238073289  3667.0556889393561    0
3103    -790.28308517171229  3595.1956314734648    0
3104    -565.27488713902574  3647.6615000581278    0
3105    -709.23238492081032  3568.2696535851087    0
3106    -507.23235684186005  3586.788704871708    0
3107    -558.0679064411363  3804.8050213818697    0
3108    -726.91238443960242  3650.5001232062946    0
3109    -777.15156669922999  3499.2736415141899    0
3110    -352.37487482367391  3582.3691642551198    0
3111    -583.83270186085997  3727.24963159256    0
3112    -729.31922097716847  3805.4019605554881    0
3113    -429.18034618059261  3606.4178489048295    0
3114    -706.27063311690472  3728.2904681474988    0
3115    -643.74547616802556  3790.2107226336016    0
3116    -451.06964259666631  3528.4620179193939    0
3117    -348.14592684237243  3730.5484192465397    0
3118    -851.48066538434364  3726.8876116904403    0
3119    -626.77835690853431  3949.3905675703791    0
3120    -392.9219976989894  3463.2565140515185    0
3121    -406.16876076362786  3679.9110852445274    0
3122    -800.28361668438151  3670.6136819340581    0
3123    -915.82694401997549  3616.9204195880579    0
3124    -779.0779452404272  3748.528749793822    0
3125    -852.79785715810874  3863.2304705826291    0
3126    -673.0369738127315  3873.8271215825039    0
3127    -427.15512352397775  3392.688781856175    0
3128    -266.28369026941419  3486.6052288116462    0
3129    -446.91991457519737  3785.1672556234598    0
3130    -593.04844885624777  3876.8006290515541    0
3131    -769.78289648451539  3984.9943594952761    0
3132    -764.27223241864954  3891.5118205014578    0
3133    -325.39295362506641  3452.0973495430276    0
3134    -247.99178906358026  3387.3939689125973    0
3135    -486.77766881689575  3883.9386560728699    0
3136    -703.89134623978941  3944.6567076035994    0
3137    -544.16330971479692  3943.6472786433187    0
3138    -672.84473350459768  4069.3570925781901    0
3139    -409.62357305148362  4015.5218778996323    0
3140    -579.2167340115675  4036.4817850477662    0
3141    -466.7572620004878  3960.6109920668277    0
3142    -340.84856501308178  3886.7841657420086    0
3143    -492.16752577347802  4044.2285468524324    0
3144    -393.39141956284368  3941.4539650506449    0
3145    -270.20551967473648  4007.2630517046723    0
3146    -341.0792546838303  3991.7309096376162    0
3147    -333.17659026798327  4125.1365611597967    0
3148    -549.42500150086823  4194.6693982041161    0
3149    -424.05547460484536  4107.0519084816997    0
3150    -542.01231870471747  4111.3741860115379    0
3151    -625.27688185066495  4145.9416749423972    0
3152    -673.73175267696479  4304.7699954479185    0
3153    -776.29330610515865  4186.6754282189286    0
3154    -627.10541188768559  4232.189226514769    0
3155    -706.91477295412619  4143.583363588984    0
3156    -521.75290155963387  4351.1352505597333    0
3157    -708.35813785447738  4231.2588774041787    0
3158    -791.21960356524767  4085.2479819171363    0
3159    -591.20362571615522  4306.5196701493533    0
3160    -821.35987830942543  4329.3974650893888    0
3161    -635.56937976573329  4451.9444351624734    0
3162    -778.69908982752202  4264.3920001424594    0
3163    -633.89515976449809  4372.9753326721329    0
3164    -915.26624059547203  4221.2689233158499    0
3165    -741.34566585720086  4410.1995786269044    0
3166    -840.90119489000472  4223.5709576444751    0
3167    -875.31952534188622  4133.1253145608207    0
3168    -1110.4060285778637  2957.3145954643346    0
3169    -1151.8364864547623  2903.8876761185447    0
3170    -1024.4177068936629  3003.3583173122802    0
3171    -904.98393171059934  3079.4004740097816    0
3172    -1643.0236389796135  -1775.1019337935052    0
3173    -1568.328393387583  -1739.9526795614627    0
3174    -1789.6675251551558  -1716.2906412615644    0
3175    -1553.9237474974889  -1653.1634635065247    0
3176    -1725.3201184302445  -1768.0739778011969    0
3177    -1491.6262038751956  -1606.7299919503478    0
3178    -1637.7609764487038  -1575.7843095903381    0
3179    -1844.705635462321  -1862.3683500997513    0
3180    -1771.7149290998632  -1832.0576128329567    0
3181    -1835.0410039175774  -1782.6024341469733    0
3182    -1764.1460529042156  -1953.3232089816379    0
3183    -1929.9067801262986  -1669.0118768769539    0
3184    -1978.1707811900983  -1805.7289367751459    0
3185    -1866.4546825017785  -1712.428624920133    0
3186    -1903.2712205994317  -1814.8039489194375    0
3187    -1956.4551791794042  -1940.1266591243561    0
3188    -1821.2148142556725  -1578.2371861123177    0
3189    -1934.7581355048942  -1744.1768805673869    0
3190    -2065.5792738593996  -1697.9942639618871    0
3191    -2006.681649326252  -1739.5347398304318    0
3192    -2109.7702656860242  -1823.1737423174993    0
3193    -1862.7592155680543  -1638.9529127992598    0
3194    -1949.619248898576  -1534.9482866335654    0
3195    -1606.4727092062878  -1938.4844454300139    0
3196    -1686.1587340721369  -1936.8787942449387    0
3197    -1570.670364893741  -2017.6340867797626    0
3198    -1625.4390473142957  -2167.9743236658296    0
3199    -1619.2565719269264  -2085.0804029990568    0
3200    -1769.2958633149256  -2115.5675400078953    0
3201    -1508.6647885249781  -2135.0061814922324    0
3202    -1689.9767419677389  -2121.4833962194512    0
3203    -1526.4000980348264  -2069.3111626748509    0
3204    -1452.8623923861742  -2084.700067317689    0
3205    -1391.5847277909666  -2208.775378752659    0
3206    -1439.7213914041706  -2155.3794602679905    0
3207    -1510.3092929308239  -2267.4104448082057    0
3208    -1358.7106616515564  -2130.7435885164182    0
3209    -1740.1234837184363  -2259.1363887813977    0
3210    -1236.8188569818378  -2228.0361340492764    0
3211    -1255.959758960257  -2084.7139633835377    0
3212    -1695.6374769521924  -2197.3818814241886    0
3213    -1311.4855272141169  -2196.5797616119121    0
3214    -1626.3301732208358  -2294.2090998266385    0
3215    -1329.9156626730523  -2344.6713561265506    0
3216    -1250.8385131089126  -2156.9692470810437    0
3217    -1117.8466994173057  -2167.6497078039883    0
3218    -1180.5979661404069  -2115.6816685437238    0
3219    -1299.8158459140925  -2273.22468513903    0
3220    -1076.2835233033913  -2053.5922731862715    0
3221    -1187.7408697387589  -2025.881754263371    0
3222    -1188.2105163689585  -2362.306692218192    0
3223    -1170.3977400318345  -1958.6672215046704    0
3224    -1231.4503117431018  -2302.0264476667016    0
3225    -1128.5162076753502  -2273.8388429885831    0
3226    -2828.4557118669773  911.48729010407078    0
3227    -2899.2615281577441  876.78936211875862    0
3228    -2763.9150234510571  881.49025798435059    0
3229    -2915.3932410529433  732.45417286634734    0
3230    -2886.9723859739875  802.3467783121323    0
3231    -2969.7294997892031  826.92070653672238    0
3232    -2779.6938834182324  717.99869332756214    0
3233    -3117.3499397996115  767.83102307221623    0
3234    -3051.8728950393152  818.1941688503199    0
3235    -3161.2243849692459  904.24039717761025    0
3236    -3022.9131296574692  712.79875135305201    0
3237    -3121.9842683080565  841.60097924522483    0
3238    -3250.4408856959881  796.50061516879191    0
3239    -2959.5026902074119  947.51711444007435    0
3240    -3033.1427067676022  972.29355911536436    0
3241    -3090.1746038743204  925.07556973193198    0
3242    -2247.1836717836431  920.37638434771441    0
3243    -2236.9005447974432  813.29364715027646    0
3244    -2144.6232138932737  817.38590961508999    0
3245    -2057.9710078622884  809.93938212141393    0
3246    -1939.2630515845535  798.60513283239482    0
3247    -1882.0304782536221  967.6192730234626    0
3248    -1967.9957015420887  1108.2085057671147    0
3249    3977.0834708511425  311.56799779395709    0
3250    4034.3257074938483  162.51579758381615    0
3251    4006.1767904849985  468.4182743353349    0
3252    4027.9591798156052  245.58858497148574    0
3253    3968.153339040814  394.34772069050751    0
3254    3961.7058481978911  198.73071332126631    0
3255    4178.7415298181259  217.04941733563538    0
3256    4049.0377323371185  399.621220997639    0
3257    3925.0206402904996  463.28427798375191    0
3258    3892.1949774972427  189.6218934772009    0
3259    3937.3378566388565  114.90804750579878    0
3260    4107.3751163540664  252.58321637253016    0
3261    4197.9087338410191  388.36040748132893    0
3262    3961.2463324985742  534.65199498921663    0
3263    3858.6899920703472  522.61359185230128    0
3264    4121.885166832325  372.99614864507214    0
3265    4177.465469373672  303.9199504263874    0
3266    4101.1256765527269  581.18444186829595    0
3267    3787.1167964178221  503.0690792407745    0
3268    4337.3767376804508  309.89991066312251    0
3269    4015.9121617855908  603.83231164671622    0
3270    4104.5426300797026  481.95090464049326    0
3271    4256.5777743080071  329.46155959919599    0
3272    4042.9243902075814  533.83333857708976    0
3273    4087.1150631090654  700.10251067593026    0
3274    3974.1821978979438  663.40608768467405    0
3275    4275.9636972892331  232.88469019250294    0
3276    4331.6546631561232  462.91500747096626    0
3277    4275.2958273718596  406.77606865986741    0
3278    4221.8191675278231  516.8214637487489    0
3279    3598.6770084867971  804.00421539211243    0
3280    3628.065939507655  1026.6413011756222    0
3281    4219.9704641402004  -219.15858100214996    0
3282    4175.8310594482045  -407.48828147256546    0
3283    3760.3237816526453  -1191.129080389564    0
3284    3535.4101987552308  -1385.7282326488389    0
3285    3502.2035568244946  -1525.1253668691249    0
3286    3546.8193141268121  -1462.0998131480424    0
3287    3636.2383555902184  -1572.7040197170288    0
3288    3620.635450552028  -1493.8703912193937    0
3289    3897.566599162305  -1368.0694019558712    0
3290    2699.8290682436073  -1399.4888687248792    0
3291    2709.1548506677086  -1620.8596183209879    0
3292    3393.1282526913769  -1359.2792666008929    0
3293    3454.5671749899307  -1310.5910169743368    0
3294    1014.0728248295189  2379.7769061486852    0
3295    716.30167004192731  2019.0111230747541    0
3296    797.29708404391215  2195.615199315776    0
3297    901.39091386767552  2275.3735722262659    0
3298    418.94270373367181  1751.7458201601646    0
3299    325.69167225276624  1494.4270950262544    0
3300    -1379.797539615804  2730.798007838288    0
3301    -1415.6383221167594  2793.7336254878351    0
3302    -1490.4098048129365  2806.1430240957625    0
3303    -1588.4127283822027  2706.7204719690831    0
3304    -1523.9966705675106  2901.3164485076209    0
3305    -1525.3901126229459  2742.6107984396472    0
3306    -1595.4567246658009  2822.5849284129422    0
3307    -1510.3196275873627  2642.8690419446075    0
3308    -1542.7943171794  2575.0966897868861    0
3309    -1585.1751783564366  2634.1254006869376    0
3310    -1716.6290183627066  2659.3115336283381    0
3311    -1149.4784861049609  3180.7339645940378    0
3312    -1428.0189343868069  2923.7642516139749    0
3313    -1395.6027965814621  2985.6545784502268    0
3314    -1295.7278413953363  2913.4530849839698    0
3315    -790.44728188552358  3420.2502622076486    0
3316    -862.80292506479361  3473.0543224758926    0
3317    -792.59438658862553  3337.0730598310456    0
3318    -923.77128010912315  3427.4790799128818    0
3319    -947.94088819170429  3523.379891994412    0
3320    -298.90960808841675  3271.0514173212873    0
3321    -81.263544919066021  3469.426093579043    0
3322    -497.70301345844337  3822.1021858608106    0
3323    -510.16030008950156  3751.5950614672133    0
3324    -413.24418503070871  3856.1843109668389    0
3325    -350.61555652210239  3808.9520627305524    0
3326    -210.39271071633266  3774.1282131228463    0
3327    -285.4151980296005  3771.7650861929887    0
3328    -252.73128685022584  3653.6753687290338    0
3329    -250.62710208092261  3859.3987618111141    0
3330    -406.39975319764233  4255.7128158602054    0
3331    -736.42963917127713  4044.5447724636497    0
3332    -1051.5471854308939  4106.3826127504472    0
3333    -888.59211981410601  4012.0086660625043    0
3334    -1167.9941764529824  -2216.2416516929584    0
3335    -1001.5342706455637  -2423.8943092628297    0
3336    -1949.3697619317581  978.76445943667159    0
3337    -1927.2313283712874  903.52023610786125    0
3338    -1905.740957592011  1033.3651862595161    0
3339    -1828.3901951918413  1024.1124086310815    0
3340    3913.7471951426674  49.313454726250356    0
3341    4011.9920062269471  85.417576244823849    0
3342    4118.6289157604097  -16.986217700225815    0
3343    4050.8688747360684  19.177114118171673    0
3344    4017.3667846162616  -64.129913744760074    0
3345    4138.5596009812425  101.92176715346017    0
3346    3940.9370167630418  -54.833884621146197    0
3347    4103.9794032620966  -117.84451230664388    0
3348    4443.1969574672657  162.52392160884327    0
3349    4153.0975648712747  533.29841616842202    0
3350    4216.6674574020035  646.88438348719001    0
3351    3610.1933017102301  941.8021852479236    0
3352    3769.5259688868555  952.53848685727189    0
3353    3481.3168357656537  1013.254082368367    0
3354    3688.3455388006892  969.64036736726814    0
3355    3533.2225115910437  954.92339216471362    0
3356    3759.252670153704  1104.9999347016553    0
3357    3459.4400272382154  941.52743524359471    0
3358    3406.8566165554503  996.76507279673831    0
3359    3704.7099009218937  1047.3198923942764    0
3360    3387.6413429917493  1135.9145146495705    0
3361    3629.7304825127162  1172.8491968783096    0
3362    3377.6253057884906  1063.6299426527667    0
3363    3454.4333613258782  1089.8233305491544    0
3364    3256.2891281347443  1117.2789819617592    0
3365    3649.5173097368115  1099.5105053669802    0
3366    3551.099936616783  1112.2960286016685    0
3367    3480.1177870273164  1198.4840259199498    0
3368    4140.6809361803334  -269.2368696569402    0
3369    4211.7598656833843  -576.44231828329737    0
3370    4228.5166217882252  -320.49896346033785    0
3371    3443.9334558097071  -1468.7943600262865    0
3372    3425.041948426921  -1546.6396497057622    0
3373    3383.1966891808106  -1648.1071967286296    0
3374    3490.7263001388378  -1633.0901788973958    0
3375    3849.6649492891011  -1293.0476330716817    0
3376    3798.4008761079449  -1378.5834810473257    0
3377    4006.6086744717086  -1245.6421067445194    0
3378    3921.4514053034914  -1247.2117412660946    0
3379    3965.3617965695071  -1318.6786237920335    0
3380    3962.6800136757111  -1173.1840487182562    0
3381    4019.0204222939888  -1463.5561954595514    0
3382    4113.0924922103095  -1131.539680581805    0
3383    4104.9604169857575  -1349.3507924910423    0
3384    3971.7596208371724  -1398.6846651151811    0
3385    4016.2062004936888  -1074.0571485602645    0
3386    4043.7591870543083  -1173.5739184157721    0
3387    4039.8683666121669  -1312.5904982889406    0
3388    4120.8003190912377  -1245.2928975633258    0
3389    3880.3906941408618  -1514.9007936029161    0
3390    4045.8845009574084  -1394.3337296725629    0
3391    4155.1647973132622  -1476.5675631395011    0
3392    3942.4646405288909  -1469.6781136335617    0
3393    3991.595003502403  -1602.3294364477922    0
3394    3985.7370929751173  -1529.0751218393082    0
3395    4087.4893585503391  -1557.799698757543    0
3396    2707.2510602448388  -1311.3204222867075    0
3397    2582.4272228259374  -1258.9316075834336    0
3398    2653.896929290273  -1263.5445412465651    0
3399    2624.8321961099346  -1157.8956990419911    0
3400    2765.5734082042245  -1546.8697082179015    0
3401    3395.2759517124946  -1285.295869582646    0
3402    1155.4221776042141  2478.9948157039344    0
3403    900.28909571722056  2389.5728906086642    0
3404    560.3624782309455  2055.0684557167615    0
3405    745.93248594011686  1943.4949651341033    0
3406    770.12438567485356  2136.3672856706166    0
3407    839.1733850819079  2131.3600500624425    0
3408    718.06046132421625  2196.1002365634545    0
3409    875.78088378534642  2200.9912171368483    0
3410    597.72125691795407  2171.9775976951319    0
3411    501.63983825314557  1783.2647128084982    0
3412    404.41696933151093  1914.1044726261725    0
3413    493.20418304154532  1681.1505983352818    0
3414    434.57661011810302  1834.973651026078    0
3415    486.63534902774995  1900.1280142793075    0
3416    279.21967256310188  1821.0743387431708    0
3417    569.95759063864182  1948.7685462262816    0
3418    462.44604665343383  2006.6497374334124    0
3419    358.85830423615664  1806.1146443812377    0
3420    300.54332104533654  1715.1319425061201    0
3421    327.30318055870657  1420.3445925586984    0
3422    -1590.3581806800455  3015.0936259929349    0
3423    -1455.6198439395885  2612.0922224595706    0
3424    -1448.399373499293  2676.0618673828981    0
3425    -1097.7054668403255  3627.0793196493883    0
3426    -298.62671857647427  3340.2410867538033    0
3427    -370.98924487304117  3314.1211769862757    0
3428    -218.83393737669368  3305.319432234046    0
3429    -140.49741686988105  3379.3659006704529    0
3430    -198.12403568630717  3146.2333507931717    0
3431    -230.91424287313947  3222.8557591803105    0
3432    -299.07589857219671  3198.7543952703659    0
3433    -365.18987179319538  3235.0551663826427    0
3434    -282.8419532139456  3106.6765931476348    0
3435    -428.07277516654591  3192.7423014761885    0
3436    -82.055831286558572  3241.2316182777208    0
3437    -159.25404489007965  3254.4747545157502    0
3438    -79.348746854029287  3888.0879640395037    0
3439    -278.16641871166627  3930.9806501560033    0
3440    -174.38095493754713  3929.8210048444648    0
3441    -391.03646164471485  4178.5092985505817    0
3442    -280.10919604777337  4240.713910413453    0
3443    -468.5341550479796  4203.2178521787109    0
3444    -481.8248153798794  4281.9684501905776    0
3445    -408.82228448413792  4370.2188894476994    0
3446    -967.2047687303459  4144.6066263950424    0
3447    -822.92360700793688  4026.0502202671951    0
3448    -840.61862185034317  3948.2273464873342    0
3449    -944.81633283763722  3919.7868552722653    0
3450    -1086.1869449541728  -2366.7743169049018    0
3451    -935.86319646385186  -2239.5653505218124    0
3452    -1868.638961005418  843.6533763340492    0
3453    -1869.5278014547862  767.16249921862925    0
3454    -1806.2476777719555  813.62994544882645    0
3455    4242.8018393913253  130.11505877396445    0
3456    4078.50273282438  -195.31705989081064    0
3457    4154.2801504960635  -177.31104447317745    0
3458    4261.3094452545492  -81.784008397262937    0
3459    4183.1238561052178  -101.90599575293371    0
3460    4203.5773987244729  -19.42069975955549    0
3461    4319.5799727961412  30.063208983090163    0
3462    4162.6781700431929  36.75482184567737    0
3463    4240.8725578597005  50.70880143196058    0
3464    4270.4325485909749  -15.434399194331942    0
3465    4358.5773689803782  -61.35637476465655    0
3466    4369.5030174418416  221.28852538084553    0
3467    3555.3435532244457  1188.1144656602837    0
3468    3619.598128244204  1312.3493360426546    0
3469    3604.9911739926101  1241.170342174338    0
3470    3738.475371353798  1250.8657387883736    0
3471    3516.3632326358543  1296.4463472327548    0
3472    4217.6223561033803  -486.89840797491524    0
3473    4138.7175646709129  -526.69633211607095    0
3474    4373.4277617135349  -542.0629413796039    0
3475    4060.1612794407311  -522.70989036684898    0
3476    4095.3537125413686  -668.8649073857481    0
3477    4303.3046863698401  -492.50807856692001    0
3478    4020.2420488258949  -593.15559977268947    0
3479    4139.1684412143613  -604.53150388753897    0
3480    4296.3213920985472  -576.78144540358176    0
3481    4426.2133252867325  -392.9766419895787    0
3482    4220.5714040818912  -707.05844945132844    0
3483    4350.7224963270191  -425.40905999372831    0
3484    4253.7895753183384  -639.21222267016481    0
3485    4357.453133288458  -732.02198988549515    0
3486    4337.2065689376304  -650.33810680961938    0
3487    4345.1225397090675  -308.30065123888539    0
3488    4291.6682814379838  -704.97659559601959    0
3489    4276.6166842036691  -835.11768724107912    0
3490    4492.1328419674192  -655.28847510045659    0
3491    4413.9715753547525  -674.66190661014082    0
3492    4487.3959582488569  -803.53355449194055    0
3493    4435.8271434900171  -595.48141477420131    0
3494    4468.858005737171  -728.74299155039387    0
3495    4570.001411928456  -525.57047438750283    0
3496    4610.7100178846604  -733.27559721626085    0
3497    4468.3975393554556  -494.28083198641889    0
3498    4512.7735303506661  -579.44799030354488    0
3499    4540.4232265623777  -711.00448801508992    0
3500    4605.1701093800721  -628.71253950437551    0
3501    3322.1669181219972  -1612.6968703758837    0
3502    3732.8479383170302  -1386.6083719629319    0
3503    3674.2689830418017  -1418.5429087299517    0
3504    3854.7862092437117  -1437.4853668582227    0
3505    3799.7903387743604  -1498.6167215028347    0
3506    3720.9081946390593  -1542.0487057496314    0
3507    3732.9166900075829  -1707.4726298028331    0
3508    3817.3391748847703  -1619.3697927144347    0
3509    3703.5833860818248  -1626.4541765321842    0
3510    3783.6306518894321  -1562.6168876860086    0
3511    3598.9840270021091  -1688.4452660335614    0
3512    3667.7565992205391  -1685.2449097563599    0
3513    3660.9330288528799  -1811.8696352650445    0
3514    3636.1714613024874  -1747.0390630606714    0
3515    3513.7071060833605  -1783.6652267978836    0
3516    3586.2712693280505  -1803.2421168115425    0
3517    3515.2847623177531  -1922.089915222718    0
3518    3534.0173991879064  -1852.6550806345433    0
3519    3401.5622737661811  -1854.1647004630345    0
3520    3623.7796360959724  -1914.1161236853518    0
3521    4297.3463096679761  -1325.4016217633543    0
3522    4085.4460429529931  -1487.2907225941678    0
3523    4111.0130106452443  -1421.5126940357213    0
3524    4210.9557126057307  -1386.5940855952108    0
3525    4118.48112169254  -1750.0588050716924    0
3526    2689.6905794475547  -1492.3656859858179    0
3527    2854.1218624530266  -1672.8944089317706    0
3528    1070.7552071431646  2449.3197793087529    0
3529    1138.2664821469791  2392.321591742701    0
3530    1060.4830391906346  2614.2484793610392    0
3531    1234.6437734835504  2268.7759444181856    0
3532    1042.3599063312549  2530.335487699424    0
3533    1168.3025314478068  2316.3880258243744    0
3534    1285.9091971189341  2408.1323496914588    0
3535    1122.6174650815151  2556.9154083142716    0
3536    902.66688732022521  2604.4192985264062    0
3537    1124.3491688429906  2256.0597491951585    0
3538    1186.9507155024614  2197.763056764099    0
3539    1209.6242961948219  2423.2318287280846    0
3540    1239.8008098652558  2345.9865900264103    0
3541    1277.1515363672506  2576.1088175937448    0
3542    962.06566141347162  2547.6770606748778    0
3543    1163.3506710785168  2070.2672369485331    0
3544    1336.6835042336911  2148.7228657031101    0
3545    1368.5952231123606  2298.6066354126569    0
3546    1202.5912683646118  2544.7188078992153    0
3547    857.31658862749066  2497.4848465740938    0
3548    1152.8755837697731  2138.1383688960473    0
3549    1087.0731914135692  2117.4697590695009    0
3550    1246.2551002584109  2117.8064490456204    0
3551    1092.2379572805987  2040.5838107591289    0
3552    1311.1595664149891  2341.2204117257197    0
3553    1412.3841931434581  2417.6395628991081    0
3554    1261.9239732003703  2487.2065849629616    0
3555    1185.4515423504397  2689.6765745903631    0
3556    1344.9131881015408  2469.2045402010954    0
3557    1134.7651801196068  2632.4159035601724    0
3558    1214.9247378010361  2619.6692896906197    0
3559    1321.5575401295587  2705.7696723530375    0
3560    1255.8252128415136  2678.0962419042266    0
3561    1240.714831532918  2805.8909993311886    0
3562    1068.5864114275178  2742.0602163227481    0
3563    1470.0591703340219  2563.029530505833    0
3564    1420.7179320504194  2498.4682117349416    0
3565    1559.8379590741135  2443.2804672335733    0
3566    1374.6393200114603  2584.8192454641885    0
3567    1498.0608463892331  2490.4938652168862    0
3568    1612.645732765727  2576.4009447855474    0
3569    1543.2381671593016  2549.6068406693189    0
3570    1530.4433949576135  2686.044359332036    0
3571    940.81663233704967  2332.8589340157514    0
3572    632.47532857323745  2011.7107896376394    0
3573    631.63989771119975  2091.9694891968716    0
3574    393.53569511663733  1633.6629649845245    0
3575    540.91610488787205  1628.0731897526109    0
3576    507.08748745892632  1960.7797076236247    0
3577    -1623.2905946267754  2919.6439670046179    0
3578    -1533.581907894082  2971.9673244069604    0
3579    -1008.1988733603725  3596.350288929103    0
3580    -189.30607368798576  3449.5059427384981    0
3581    -181.63948667832051  3563.8237985539276    0
3582    -355.26441738267448  3083.859187948538    0
3583    -170.35977552510602  2976.2734750212294    0
3584    -155.62174897240055  3843.4708420056472    0
3585    -60.08187813688869  3711.7057218605578    0
3586    -78.391774234299945  3798.9490817287965    0
3587    -135.89294785818248  3741.3381805642621    0
3588    85.421583348764926  3787.7857964901791    0
3589    -197.67683742918555  3701.9913251248249    0
3590    -125.32963588852158  3656.5701734456675    0
3591    6.9953381999061151  3844.4403543548242    0
3592    -9.0858162246621532  3585.1815792737129    0
3593    -55.440050627905187  3640.0374743188845    0
3594    -106.19148079903431  3581.4835585631536    0
3595    49.116443368134746  3681.3765882837101    0
3596    -52.883682292519708  4077.4203731804787    0
3597    -481.95556956883189  4138.6410650191792    0
3598    -1077.1366085512668  4275.0104571435504    0
3599    -975.26426700154525  4050.2261223236496    0
3600    -1145.1185967635417  -2545.4001518041127    0
3601    -1037.0470402990504  -2229.3987562134248    0
3602    -994.69388915277375  -2322.4685081591242    0
3603    4332.3068971370585  -178.05586097328612    0
3604    4450.4361522537238  31.855840997630537    0
3605    4351.9869541085709  123.73208699351538    0
3606    4510.5234187623428  322.5452494776323    0
3607    3539.7890683804249  1487.4048325118092    0
3608    3339.944170607348  1306.0338411008015    0
3609    4281.6504961965502  -264.98757407789418    0
3610    4290.4233606014277  -348.8490040982561    0
3611    4553.1950383245121  -399.53510366996659    0
3612    4399.8843509395783  -476.37689349248961    0
3613    4949.5263386645056  -663.1297677239786    62
3614    4342.5584099857469  -1530.4827263416814    0
3615    4207.1343406287006  -1289.6204277230549    0
3616    4075.8717283980682  -1658.2998929177595    0
3617    2789.882027836004  -1623.9104488157609    0
3618    2744.7041604955675  -1749.7743247015123    0
3619    2864.2804826895563  -1592.956396064031    0
3620    2787.2332228008886  -1693.999742114876    0
3621    2853.9822304363606  -1788.9988449402297    0
3622    2931.3202519850861  -1642.0903831283931    0
3623    2926.2723164668641  -1560.9308018585893    0
3624    1056.1478961233008  2259.2526943988228    0
3625    1269.020624446237  1982.0464514499474    0
3626    1270.1655369196392  2195.5767137317971    0
3627    1341.396631295022  2226.0584381183862    0
3628    1483.6038673960722  2214.1169366511199    0
3629    1414.1843102268992  2240.1425895274574    0
3630    1421.8755867317209  2155.0619283777546    0
3631    1487.3263067685934  2329.6419868666699    0
3632    1388.2975234400667  2030.6977722922304    0
3633    1557.4279654397565  2075.1622196554026    0
3634    1383.2315399252625  2098.7806589393549    0
3635    1310.4859208118146  2077.6423488461846    0
3636    1468.1465266050559  2070.8691823188296    0
3637    1464.4110176818022  1978.850354035221    0
3638    1509.6215709738328  2138.8516118029688    0
3639    1646.428490720795  2191.7544649391016    0
3640    1564.6116312631784  2199.9901255819786    0
3641    1599.4294902418831  2135.3657502866549    0
3642    1685.1529795184797  2030.806868306501    0
3643    1681.2037838472147  2114.9890937461446    0
3644    1617.9809248746262  2319.6642766467785    0
3645    1627.29544522991  2070.2763747479789    0
3646    1585.7052117846081  1977.5315789245508    0
3647    1832.4102443394568  2079.8988155010638    0
3648    1611.0701016411833  2251.0089643718543    0
3649    1718.4035794113304  2274.880285387811    0
3650    1550.146019824416  2291.8170410949197    0
3651    1558.7901015768505  2367.3057181195554    0
3652    1637.26816994399  2404.2179350670358    0
3653    1492.6278902782217  2406.2128399956005    0
3654    1751.8583763470449  2076.1199288450439    0
3655    1736.6442660243665  2186.3634718914514    0
3656    1632.6896963529223  2491.4152344424965    0
3657    1798.8332339164983  1935.2131317767291    0
3658    1884.4398142317921  2262.9575840119073    0
3659    1795.2173117015143  2012.2912014426245    0
3660    1799.7402872398397  2245.5035267869926    0
3661    1773.3239342951836  2569.4405075979466    0
3662    1933.6634270766722  1980.1621991853822    0
3663    1817.7731209962797  2163.0361184793505    0
3664    1811.1488222640569  2404.3794510021835    0
3665    1692.0032316760421  2550.2609396964299    0
3666    1868.9713905514332  2015.7511870561084    0
3667    1964.4068665027164  2112.6378275204597    0
3668    1783.0389360202596  2326.5503877085675    0
3669    1724.1637229525588  2452.4994156195708    0
3670    1698.663500094666  2704.0098957410601    0
3671    1889.352304410399  2132.7811686964114    0
3672    1705.7025608913862  2357.030292250261    0
3673    1673.6507824067814  2628.074688005137    0
3674    1947.6666766237208  2200.1626877802228    0
3675    1615.1510613587416  2689.4313769025098    0
3676    2111.1942036352493  2186.0759962498032    0
3677    1631.0635885495333  2844.76515192435    0
3678    2027.4438519086418  2170.0577268555403    0
3679    2027.3712734442711  2343.643920749741    0
3680    1569.4040473164  2772.599674943915    0
3681    2097.7150005055846  2029.6005918498265    0
3682    1967.2844063480991  2283.1437160287264    0
3683    2082.3875187839399  2109.7392106778193    0
3684    2054.2484940905024  2256.8620463171765    0
3685    1922.9753341492867  2387.238347538892    0
3686    2232.1149232741332  2096.8412980190219    0
3687    2159.0701606506009  2124.4056949368187    0
3688    2244.4566136065432  2240.1117100133897    0
3689    2185.4458432868919  2194.3004030614748    0
3690    2153.5616837891671  2296.283571693617    0
3691    1329.9869746462653  2534.6711265541226    0
3692    1321.1592588646424  2633.4716055881795    0
3693    1402.5086506650325  2669.1735920974388    0
3694    1423.0381391393616  2822.4157575166319    0
3695    1389.7914320995237  2748.8735137100507    0
3696    1460.9694692919766  2719.3663840551426    0
3697    1331.3861604580081  2819.5633004681226    0
3698    455.80813163875894  1631.3011251454129    0
3699    430.32893986303134  1689.3667033559461    0
3700    366.98124046412687  1710.0324084134943    0
3701    329.27495001141028  1654.1201840474239    0
3702    339.1592538217152  1574.0116485765077    0
3703    -1776.0303016854336  3025.748881479692    0
3704    -1769.5436387092357  2825.1820911392351    0
3705    -990.46543292160652  3734.4038454478996    0
3706    -1093.8117018176656  3492.7003931777076    0
3707    -208.21064847875181  3057.3379333868629    0
3708    -275.62801075342378  3036.4744114221021    0
3709    -271.77082913426733  2935.5019717476071    0
3710    -48.108980887541691  3082.7241559610816    0
3711    -131.91294735350652  3093.7006866405518    0
3712    -99.209177526891452  3017.9856082609062    0
3713    -80.789874921307813  3158.6138871734643    0
3714    -60.840371268284315  2870.9991594499015    0
3715    70.082130107820277  3178.603231128398    0
3716    -100.75366926981283  2939.0813887756458    0
3717    -9.648469860332554  3201.0225558321981    0
3718    -184.76150469325984  2865.5892042541291    0
3719    32.764419309526147  2971.6158199530196    0
3720    12.915979738473531  3128.2852962220704    0
3721    69.960108085077849  3331.1532522298685    0
3722    -26.72078085191194  3013.3049889471713    0
3723    45.307643174178338  3052.7969561749478    0
3724    -29.118373383165306  2935.336949969304    0
3725    62.336327865738667  2850.2556312795964    0
3726    -7.9420239787114042  3289.3945887351574    0
3727    182.94779061514527  2989.9707124060274    0
3728    60.707338465216957  3254.8707917532415    0
3729    -12.959088717229065  3392.2978849302363    0
3730    -82.221327611723893  3322.5914182238375    0
3731    105.2675899044707  3001.9730098942205    0
3732    200.56148193208736  3276.609413983831    0
3733    95.850339218696632  2922.7050066509119    0
3734    160.93528097673169  3104.8818948877151    0
3735    127.56870163483549  3285.4631580264804    0
3736    154.4890045720179  3202.0883034832832    0
3737    179.76033752054076  3410.4323492163066    0
3738    207.52608972684749  2827.0692222262815    0
3739    301.03452969975808  3162.989572547418    0
3740    138.20109278640541  2859.1379422476502    0
3741    233.6594630345208  3204.6440274088291    0
3742    116.01459734123844  2720.209487099231    0
3743    203.71603574448173  2909.7992788004867    0
3744    336.38397075929083  3295.4824253599249    0
3745    146.70035420209709  2786.5448443905934    0
3746    248.95176455272707  2698.9797840000333    0
3747    352.27863059845595  2875.1884251582246    0
3748    271.31955229434254  3265.5583049558845    0
3749    265.73495705935392  3363.3982470448773    0
3750    273.1163067068394  2871.5426797074638    0
3751    286.12953759802514  2781.7470272925411    0
3752    307.2757304844975  2991.0911036868615    0
3753    6.6214856131141175  3761.3132863902906    0
3754    -55.75620414058757  3533.9017987841303    0
3755    1.5431092574686431  3473.9501689638264    0
3756    71.091402479325609  3419.4837472740687    0
3757    109.69093968387388  3540.4079757854561    0
3758    67.950189246840722  3487.1091200752226    0
3759    128.84874143301474  3456.0522296127824    0
3760    235.17600242733769  3523.4945044787537    0
3761    169.42361302399803  3509.62038816823    0
3762    182.80889937885883  3608.9290083574715    0
3763    -92.81698622083411  3986.4864279136195    0
3764    146.64136277915858  3955.1411729051383    0
3765    -1040.5610050297471  4194.3053061364108    0
3766    -990.37450742926546  4265.6904587877398    0
3767    -1201.9167756863094  4169.8194265765724    0
3768    -911.6972225579392  4313.0110253398752    0
3769    -1117.785747382226  4159.3070250714773    0
3770    -1019.4887531647785  4403.1635675500575    0
3771    -1150.9320126550758  4235.9442113716914    0
3772    -1178.4868493843921  4015.4221215651964    0
3773    -1027.3832086865998  4329.672186743067    0
3774    -1135.9346259147453  4378.5024990352667    0
3775    -1127.8448017003939  4078.804146338779    0
3776    -1293.6453960057902  4293.2637388452331    0
3777    -1067.6164079766199  3978.759405916624    0
3778    -1230.372241749943  4244.477693099022    0
3779    -1183.0064368992767  4311.3865179287768    0
3780    -1348.493019554855  4156.7048684140946    0
3781    -1256.4479704443456  4412.959660832792    0
3782    -1277.0543898672806  4183.933192850157    0
3783    -1275.2615025401626  4071.8987137321465    0
3784    -912.1903376272237  4075.8802462701792    0
3785    -951.36782701793686  3987.0308706418377    0
3786    -1006.9858002572659  3947.6709268169475    0
3787    -1092.41240129371  3855.7338248281421    0
3788    -1007.7486071535086  3862.7225950332495    0
3789    -1044.5673321625675  3792.4401984870733    0
3790    -1175.4062653322499  3743.2665123722431    0
3791    -1074.0699027577043  3710.7024299841351    0
3792    -1117.2644029208564  3787.2172478143284    0
3793    -1220.5774754149693  3863.4558535455931    0
3794    -1016.6906861297819  3667.6068287290464    0
3795    -1090.4619033806578  -2464.3981230444824    0
3796    -975.28731373002574  -2123.3335834321592    0
3797    -818.31411451340182  -2385.3075180662436    0
3798    -1060.9921705882446  -2296.4671179688539    0
3799    4318.7927332189065  -113.70701426639377    0
3800    4257.8877664566198  -155.66153442936891    0
3801    4395.9967801560988  -131.08658299583919    0
3802    4448.4353967419856  -58.041063398690483    0
3803    4423.3548692636459  -234.84995431219565    0
3804    4608.7981864567146  -16.63939878161181    0
3805    4508.9139349328952  -156.80330284861216    0
3806    4522.7780849680603  -14.724925826959748    0
3807    4564.1235361300487  -90.475083595114825    0
3808    4568.6377384492589  112.35470342025906    0
3809    4654.1003705405419  -221.51058567022483    0
3810    4518.7805903535491  58.532241875481382    0
3811    4590.6325549348576  -168.68189785256487    0
3812    4534.1291100661001  -270.36619658346456    0
3813    4697.869398506894  -104.3878292862107    0
3814    4632.6530849427481  -81.506077100957071    0
3815    4689.5331124727063  -23.768600038327833    0
3816    4836.6169088093675  -49.300279224912053    0
3817    4657.0544672682572  69.133234704865629    0
3818    4759.4743828413229  -57.277063025363155    0
3819    4991.3552425580438  -207.72350704374099    63
3820    4785.4554460837226  68.469650876279331    0
3821    4812.1862829768761  -190.04108863518434    0
3822    4804.5534978807082  -116.22533316036237    0
3823    4995.6776212790219  -103.8617535218705    63
3824    4900.8379981962789  -121.21146163893073    0
3825    4385.3759804918545  4.102736137593709    0
3826    4417.8129436288636  95.58304059482245    0
3827    4295.2889058547235  90.90770553565099    0
3828    4425.7333983915896  291.80441513983988    0
3829    4494.2104747994072  235.23472482787594    0
3830    4432.047453212559  406.69408760049129    0
3831    4516.9516056636339  165.0288575402576    0
3832    4630.0366754922643  240.44554269232862    0
3833    4391.8833470946902  351.28306971708776    0
3834    4560.9687926072311  267.94092195214091    0
3835    4644.2444564259704  376.63153516886121    0
3836    4582.0594081583486  338.02892271982972    0
3837    4548.1229493808851  462.08558576044578    0
3838    3555.0062409915045  1388.6219405197653    0
3839    3426.6703869102676  1273.9456840041107    0
3840    4532.5973690701785  -466.41995123043768    0
3841    4615.5652357881845  -455.35647787969026    0
3842    4678.5553090987823  -546.12331351603052    0
3843    4660.2913932214678  -342.62881692273686    0
3844    4307.1154162651474  -1430.7722016227281    0
3845    4221.032901811077  -1600.2497146715514    0
3846    4315.6705113524304  -1147.5900900881363    0
3847    4207.7076150678677  -1182.266382210553    0
3848    4167.8817667188896  -1339.7293479704254    0
3849    3934.5131869975839  -1779.7140488056862    0
3850    1232.5127044020624  2045.7132254306832    0
3851    1173.1281815299378  1988.1254385542363    0
3852    1299.7248369536887  2276.667568868038    0
3853    1394.2987870615143  1957.7156957315283    0
3854    1324.8502591429603  1908.0465782497461    0
3855    1525.4364247839458  2012.9859913133971    0
3856    1613.5642312041236  1882.4224508814318    0
3857    1801.1294113184283  2488.9478796100102    0
3858    1929.9178970175226  2578.4856337692117    0
3859    1852.8965126316311  2551.8792676040844    0
3860    1888.5285872970785  2469.8110728535062    0
3861    1845.358967401502  2698.485096107805    0
3862    2021.7179950408811  2476.9020964623787    0
3863    1827.1000041089628  2624.0496548792516    0
3864    1956.3855684127002  2449.6474605916756    0
3865    1771.1071402104806  2677.2418427258062    0
3866    1775.7793547105616  2801.2993171944931    0
3867    1649.1849585137672  2766.8576379688629    0
3868    1702.6148861367362  2820.3467773868088    0
3869    1772.963012790261  2940.5234664531399    0
3870    1692.2719559965033  2907.079517319622    0
3871    1754.736974086851  2870.5142146958406    0
3872    1887.9570836036635  2873.2091019051149    0
3873    1673.3305886416642  3066.8444756299778    0
3874    1705.332267875953  2989.6332196781    0
3875    1826.2056850698987  3084.968996748235    0
3876    1557.8788678596734  2973.7558241549659    0
3877    1752.3241635909594  3054.3473895413299    0
3878    1615.5511251356238  2921.2204719857032    0
3879    1629.2740924559544  3003.3469381476484    0
3880    1734.9812622252753  3200.6297492972317    0
3881    1518.7505745030981  2872.8781669998298    0
3882    1543.1974563814729  3110.1021182524078    0
3883    1723.0231128220578  3125.0427713059398    0
3884    1570.5595838785109  3044.0848254067855    0
3885    1444.4837394961253  3030.5093090270257    0
3886    1628.0222787264267  3178.8116686088179    0
3887    1293.1653418542364  2765.5432470108094    0
3888    1231.8083255620206  2740.0471987299766    0
3889    1150.7336634454261  2784.538219882952    0
3890    -1684.6969080789627  2994.2366774834886    0
3891    -1682.1067276227259  2850.2565988644737    0
3892    -1023.8287391571387  3522.0780326205982    0
3893    -337.52653644681294  2925.2558834980528    0
3894    -233.78004235705725  2987.5131254180105    0
3895    -260.99679229734278  2859.8109739202196    0
3896    -297.8953478316144  2767.5683669570039    0
3897    -217.27958563501454  2788.8220571565439    0
3898    -119.49962507316343  2792.6738814064493    0
3899    -78.477576805795735  3403.0841454660313    0
3900    199.83010328725044  3345.0238399028053    0
3901    132.53785780587265  3360.1594040661817    0
3902    414.2641407311516  2674.4574701355614    0
3903    254.04937034404554  3444.1323726837895    0
3904    390.71149737391863  3422.7003098481418    0
3905    333.60286622094884  3504.9764840667935    0
3906    319.07377649209457  3412.3313513336752    0
3907    102.85855826096801  3620.9708854445498    0
3908    157.29750067070765  3710.980116031637    0
3909    6.10454638514625  3949.905300924177    0
3910    -172.28808682344237  4075.6211198299202    0
3911    92.43003203270122  3880.0970586235458    0
3912    -889.68246952136826  4448.8502495511511    0
3913    -1041.3968079520482  4040.2813111000223    0
3914    -1186.5164354139015  -2458.5256564495321    0
3915    -974.1959988197292  -2601.7903768466499    0
3916    -1043.7770218753797  -2154.4666746916314    0
3917    -982.02810905146862  -2190.4218885656892    0
3918    -904.9625226776144  -2164.2823675856307    0
3919    -800.89429015523206  -2250.9814837766548    0
3920    -867.53402029357983  -2019.1415212202444    0
3921    -866.58102984705556  -2224.0196866196638    0
3922    -882.20173243233626  -2316.5604123492594    0
3923    -790.93335948868685  -2133.2169230564723    0
3924    -906.71688862895235  -2086.4335565146698    0
3925    -976.07949351593845  -2000.9912990163562    0
3926    4355.9821072299992  -241.4792040161685    0
3927    4424.0022321752786  -313.92743192575409    0
3928    4492.0116057743126  -351.58066353108916    0
3929    4445.7330067633175  -173.46148811025816    0
3930    4488.0259356869037  -223.65168799032801    0
3931    4721.1029901879483  39.39649804790966    0
3932    4721.5411778752277  124.18416997093976    0
3933    4987.5104131950648  249.58354161707038    1
3934    4846.7724242535414  203.32858118496205    0
3935    4795.9754415807984  145.05558471142496    0
3936    4993.7552065975324  124.79177080853519    1
3937    4742.0746621305052  243.31781747156992    0
3938    4892.533244130499  112.16200868644981    0
3939    4922.1892408388521  -37.511220600912068    0
3940    4931.7311486285926  42.154005410532754    0
3941    3722.5124713065907  1464.9892356485323    0
3942    3420.1762116460231  1418.4153506663677    0
3943    3357.0750726132364  1219.0907085049357    0
3944    3234.1136202873445  1240.0221772699431    0
3945    3317.5980334620708  1157.3788932718155    0
3946    3299.5714248516688  1252.9197023766626    0
3947    3249.8725186701854  1332.5974787915316    0
3948    4739.340305337545  -674.03228537063865    0
3949    4234.0031595253868  -1463.1695919793315    0
3950    4204.7269197161604  -1529.5532022161328    0
3951    4501.5961666681778  -1417.7968136468342    0
3952    4142.7893295671574  -1615.1138545871338    0
3953    4198.4620037015347  -1694.8042558422931    0
3954    4144.5058034021449  -1186.5488863524761    0
3955    4222.1303312372165  -1041.7641082758935    0
3956    4022.3149971819716  -1738.9421850783024    0
3957    1217.8113209857556  1933.6127473670717    0
3958    1710.515443880892  1806.0641707027503    0
3959    1664.9288368884042  1949.1027293971661    0
3960    1688.4914682347232  1877.8286360100926    0
3961    1766.5450167299789  1862.5209550262712    0
3962    1734.8557086859666  1970.8356391332779    0
3963    1838.612534380921  1734.9675868799031    0
3964    1784.5904481940347  1788.5808850819894    0
3965    1761.892326568772  1711.6860513184411    0
3966    1900.4814868593728  1851.3319192813954    0
3967    1758.3907334302553  1600.9252401327647    0
3968    1835.0731750374821  1875.5992359166698    0
3969    1889.7822569280727  1922.776010710624    0
3970    1979.4493400951255  1899.6810690918821    0
3971    1821.1762366433554  1654.3760940393374    0
3972    1904.0007629578686  1678.6386238525968    0
3973    1971.1231412894929  1639.7959398406902    0
3974    1921.7707693002681  1765.3832616021564    0
3975    2042.5380256997491  1740.3507551512564    0
3976    2298.5863635273663  2429.3292765622095    0
3977    1261.8132778082388  2973.4624029103129    0
3978    -1674.5011603553528  3171.9016905309327    0
3979    -1759.3779146357408  2925.8991574277456    0
3980    -1702.1878280563053  2755.2939055997222    0
3981    -312.1961575217847  2705.4743965341631    0
3982    -230.95165644247388  2708.6723812873097    0
3983    -13.739994870076089  2774.5966730390192    0
3984    335.06623379800658  2710.0319521708916    0
3985    311.60144442040013  2551.8486702026134    0
3986    416.34572892093195  2785.0362704440845    0
3987    345.64177735104812  2627.631168363439    0
3988    462.96307427955287  2529.3957995812511    0
3989    418.15615620128  2595.0588243760108    0
3990    556.96204397894712  2641.6576170080084    0
3991    480.98746385116129  2637.9334446576472    0
3992    514.05220774820748  2740.2174079646829    0
3993    305.27114062698837  3625.225806213507    0
3994    95.316773733911674  3725.0117398580005    0
3995    -27.193249155042125  4011.9032613994082    0
3996    73.631268878638309  4026.1132295130083    0
3997    -164.47313890532021  4002.5938628230865    0
3998    -112.17453876255227  4049.2224787297223    0
3999    -113.36396810541325  4128.1569447246511    0
4000    -205.21915595801423  4171.8690909879288    0
4001    6.8181196332683314  4210.0035212198181    0
4002    -41.730437880739728  4152.1314469963054    0
4003    31.175217499044066  4103.0596814331329    0
4004    -111.63465034237916  4260.0732906020885    0
4005    188.80807550217025  4139.8493223708356    0
4006    115.17993838433787  4099.2241876901171    0
4007    195.20515289005166  4041.2217856452917    0
4008    107.52748927848316  4200.1269336355499    0
4009    202.5031948404133  3825.3184137327844    0
4010    76.515521284369868  3948.6965829158039    0
4011    -876.65588817350397  4377.0355795195956    0
4012    -816.69277303305114  4425.001179339406    0
4013    -945.97773447867405  4401.5499671206926    0
4014    -980.59218015252713  4499.8975020367106    0
4015    -752.78006464623434  4551.1700142703703    0
4016    -766.94334650820724  4479.0722501741866    0
4017    -693.69566682209256  4502.123111155649    0
4018    -845.02961411974002  4531.8519852439231    0
4019    -575.67957336895552  4580.0756450201525    0
4020    -668.60925344914017  4592.4549717226364    0
4021    -623.69429457081173  4524.4560533854565    0
4022    -518.08470263084564  4469.9323892964649    0
4023    -1266.3207328291246  -2411.8063367234727    0
4024    -1012.9530861251496  -2516.6977471906316    0
4025    -935.40710646628088  -2377.4105063949146    0
4026    -911.20869683766205  -2482.1124625999023    0
4027    4990.6328098962986  187.18765621280278    1
4028    4920.9148129407304  214.97491627533736    0
4029    4981.2656197925971  374.37531242560556    1
4030    4865.307858590756  327.15329276447665    0
4031    3627.989590329099  1450.4283034210482    0
4032    3403.7706453978421  1345.297094664897    0
4033    3479.4586200028584  1366.7145488873457    0
4034    3325.3329545323345  1401.2957732449236    0
4035    3488.9244963171054  1437.4068445954099    0
4036    3420.8836743605239  1549.7828410105903    0
4037    3077.8825982965909  1314.246007512874    0
4038    4663.2392969978246  -678.06423157166341    0
4039    4706.3565878220761  -771.68137315492777    0
4040    4400.6647065026145  -1368.9609230958795    0
4041    4256.4226356069184  -1864.2155702205691    0
4042    4347.8954831774927  -1680.503985410093    0
4043    4186.0546248725814  -1109.0522874846272    0
4044    4258.0014145816949  -1104.3107924732499    0
4045    4350.9438894624682  -1009.4479152316094    0
4046    4122.2082267974965  -1031.5069920668825    0
4047    3943.821197242984  -1684.8326558716999    0
4048    4050.6913588909661  -1914.9765048292043    0
4049    1645.3012563328928  1822.9905305701784    0
4050    1652.25545164708  1750.0066111294975    0
4051    2023.7461451596898  1978.1460548888656    0
4052    1980.048735929377  2039.2027317768079    0
4053    2129.257900248946  1866.8440005263069    0
4054    2101.111156184877  1945.8239130514403    0
4055    2054.6847327537675  1884.7731294292871    0
4056    2245.6017840203885  1952.8118649464768    0
4057    2002.0571871855784  1816.4774030053277    0
4058    2171.3585646779675  1990.6287928949782    0
4059    2078.8032280371249  1808.4613096787116    0
4060    2181.2289114431951  1918.2199099538016    0
4061    2246.3187203735924  1800.4016894486617    0
4062    2245.0734904101228  1876.6026058765956    0
4063    2235.3639927549957  2024.4993708720722    0
4064    2367.565060219245  2006.8043975601468    0
4065    2307.9362334900507  2064.0027101270261    0
4066    2161.7590258076139  1787.763371681463    0
4067    2335.6805097725069  1914.0809655476435    0
4068    2299.5852013061353  1995.616353181088    0
4069    2439.1474759428775  2141.1090140443966    0
4070    2305.6491737357001  2162.673643004508    0
4071    2226.4431240045615  1644.1815192785118    0
4072    2313.4301012071164  1839.6090162554028    0
4073    2384.4158399090998  2084.0516797419646    0
4074    2214.3498335372115  1725.094578045781    0
4075    2456.5735272760458  1837.4011546553018    0
4076    2512.9285714425191  2015.5562548249543    0
4077    2125.9188378934996  1704.285622952201    0
4078    2353.7834351503666  1704.5741038877006    0
4079    2385.3131798903951  1858.6920146221912    0
4080    2367.1663169828048  1782.1203715554111    0
4081    2447.8632474748097  1938.1472660242225    0
4082    2458.3318339872512  2067.92758972109    0
4083    2578.4701319938608  2138.5268763755362    0
4084    2508.4446557035708  2120.1698435382714    0
4085    2510.9154387168969  2253.484211743199    0
4086    2287.543903611057  1738.4618738384888    0
4087    2463.9780840325552  1725.4847248869939    0
4088    2244.8369126982502  2342.354189486633    0
4089    1170.9072209447463  2899.7942050803022    0
4090    1274.8959611250921  2886.7012739412648    0
4091    1374.3471226913312  2913.04539482984    0
4092    -1704.6544009378563  3084.5070484118278    0
4093    -1944.7101237202955  2946.3039310487598    0
4094    -1806.7264749925248  2721.94487188826    0
4095    -1658.678857418003  2699.6701168901195    0
4096    -2.7834982960198147  2839.6572100405042    0
4097    -88.270031498903293  2656.9719464694172    0
4098    62.353113508706194  2774.1612791314769    0
4099    23.778736437879829  2682.1322013231161    0
4100    449.81859934509754  2729.0971685725999    0
4101    710.22644589457389  2767.0048147411962    0
4102    544.65044749209005  2935.8334722301051    0
4103    236.13571323744014  3676.474298046785    0
4104    361.55286521542348  3773.4080927500181    0
4105    222.00380884793307  3751.5029073283954    0
4106    312.51446396854527  3707.2541298249739    0
4107    284.69986533454119  3807.5495737412448    0
4108    454.30639120217268  3653.3995539242292    0
4109    383.64979258481219  3926.7180008736618    0
4110    391.00531712289865  3700.3231747143404    0
4111    266.67721532610983  3923.179538009415    0
4112    350.9806625456863  3853.1792856770171    0
4113    505.83848917283524  3789.0767060221128    0
4114    442.98282098148434  3856.3337719459655    0
4115    435.90535733769428  3760.8943907445869    0
4116    247.65532896598447  3589.9101783407605    0
4117    -276.75822381197838  4169.2036758134946    0
4118    -259.3789616766461  4088.804018575624    0
4119    -320.65406714141199  4057.4578595729204    0
4120    -196.56638215394241  4256.4371130823465    0
4121    -160.5464558914438  4408.8157325326119    0
4122    -257.67657940779497  4351.3291932698312    0
4123    -157.06708848297305  4327.5466806214454    0
4124    -14.739162549880916  4374.3491651516697    0
4125    -92.503487586765743  4371.0198454203301    0
4126    -59.523290504523722  4510.5392010116257    0
4127    -95.689230445223174  4445.430584886718    0
4128    -193.0258755844813  4542.097127496203    0
4129    -138.14422326602562  4194.4513019708529    0
4130    53.176546478025458  4164.3162725426973    0
4131    255.0233585947567  4314.0761847946897    0
4132    163.84194033438825  3885.6126031614381    0
4133    152.84391619543243  3778.8465097688509    0
4134    -1098.9927704843549  4491.3191108593965    0
4135    -890.11647247153007  4913.7811033266589    18
4136    -600.19928220589486  4751.0039949768206    0
4137    -1417.1299980636988  -2490.9751133336372    0
4138    -1065.7713988538358  -2592.127519460983    0
4139    -879.4412288313041  -2419.6231474840974    0
4140    -792.30473875648954  -2503.2398252240191    0
4141    3687.60525629021  1377.5108147850724    0
4142    3649.4385148505394  1625.2717618205379    0
4143    3359.2938095165755  1484.428875155329    0
4144    3274.23418944077  1626.2876978766947    0
4145    3215.527240211019  1494.6559620795108    0
4146    3336.7697663141566  1567.353895204333    0
4147    3285.7340611601267  1465.9756456908981    0
4148    3222.5047098001928  1411.4660440356558    0
4149    3409.975352159297  1707.679122872265    0
4150    3263.4441976180851  1552.192630169573    0
4151    3137.4890788246412  1608.3678429285023    0
4152    3096.4645367650091  1442.7821260789754    0
4153    3161.4577934793674  1346.0997717442954    0
4154    3353.5830690097077  1647.8403919902214    0
4155    3164.7990902852725  1448.5136171092472    0
4156    3140.1547170706931  1526.5632710377172    0
4157    3147.0577286092243  1258.3158125144491    0
4158    3102.0660610252421  1376.3611202090653    0
4159    2981.5191788118664  1399.6416659029862    0
4160    3275.7016482261943  1777.7277187190543    0
4161    3195.5761742005743  1569.3149202388545    0
4162    3202.5703098172644  1642.4436270258657    0
4163    3253.6979599591182  1702.213814899301    0
4164    3109.6227294803766  1740.7768038018921    0
4165    3013.9106277858582  1164.3813042012234    0
4166    3173.0271075179285  1165.6111519439955    0
4167    2993.8049591184472  1562.7401157328991    0
4168    3332.9598345674399  1723.7673520937597    0
4169    3179.6103136063257  1713.8361855751832    0
4170    3179.5680148509168  1818.1051006301666    0
4171    3067.1577777344037  1230.2380124885935    0
4172    3072.081709842349  1565.2907983620421    0
4173    3399.9875855711239  1852.2505041794245    0
4174    2966.6204021225658  1285.7616303767168    0
4175    3093.5504249050259  1154.4444316479342    0
4176    3056.3177899706379  1660.4216135742399    0
4177    3035.2159351055152  1494.2726397346655    0
4178    3348.354259099619  1797.461576427072    0
4179    3277.2235242698002  1916.2196946077927    0
4180    3295.9576388275777  1846.7594772591615    0
4181    3044.0363490902159  1081.7181701508928    0
4182    3144.4365847050894  1080.6856386164347    0
4183    2941.971170438469  1484.6326668856771    0
4184    2951.3569315380678  1094.7631885394117    0
4185    3210.799281609889  1067.0819536915665    0
4186    3278.2586159027978  1051.6591109790561    0
4187    3111.6844056821519  1010.2687798319215    0
4188    4609.521960320023  -874.53738613915027    0
4189    4932.9342654387146  -786.97114454222685    62
4190    4337.3482653250949  -1374.8311106192109    0
4191    4374.4902283490774  -1431.0442219110373    0
4192    4363.522743478632  -1312.7478118040526    0
4193    4481.7440640021186  -1275.0119132282512    0
4194    4314.8078994166917  -1237.3511520202537    0
4195    4403.3794301035514  -1233.559841671879    0
4196    4516.0448346883322  -1115.366999717721    0
4197    4476.3803832131816  -1190.3521597334407    0
4198    4858.5968127323767  -1153.9450061775522    61
4199    4412.1448206999194  -1108.390744732103    0
4200    4629.1406117721217  -1223.1737101013964    0
4201    4557.3891858691941  -1185.2197876132282    0
4202    4660.5467331800346  -1077.001264539326    0
4203    4593.7063459121191  -1116.5626410788479    0
4204    4565.8253283800777  -993.21132274685101    0
4205    4203.5509381403563  -1787.6838627745076    0
4206    4270.7318111430277  -1662.0844218684219    0
4207    4289.7980835566559  -1753.0492651025443    0
4208    4324.8477541084922  -1606.2183547360032    0
4209    4468.0595489182924  -1602.5039045278668    0
4210    4395.8968756152171  -1582.8944599455795    0
4211    4455.8401990188477  -1504.8871716962021    0
4212    4079.3429510501537  -1078.032475752949    0
4213    4051.946714103095  -1009.7822771916547    0
4214    4125.5893968050868  -896.09035541299636    0
4215    3904.0640091083596  -1606.7276905349595    0
4216    3843.9217726484862  -1722.9296305313233    0
4217    4061.3285747824775  -1822.9575432674067    0
4218    2240.938616758599  2160.9700805022253    0
4219    2065.5685221570816  1679.1773955390454    0
4220    2123.0936937241891  1625.992819892386    0
4221    2573.8604522702467  1898.2911067880439    0
4222    2435.0873110899684  2004.4902031604324    0
4223    2375.9628852686697  2281.1330544261486    0
4224    2430.5931817937744  1779.4790934126427    0
4225    2498.1812089021619  1783.9508173929432    0
4226    2584.7238996496653  1694.0850662392461    0
4227    2525.4639471796863  1848.1083236999227    0
4228    2587.8496361591006  1783.6993499994617    0
4229    2745.148171440967  1733.3511395738183    0
4230    2659.3985025769266  1736.3420787343375    0
4231    2696.9712269769793  1582.8361017109958    0
4232    2706.8112843750023  1864.9487152411068    0
4233    2699.8331819226137  1664.8878171492095    0
4234    2656.9059496159493  1810.3040339159149    0
4235    2843.8572606100051  1618.7885028287146    0
4236    2778.3464181314698  1662.1492839757636    0
4237    2887.9685425616512  1756.6015448760929    0
4238    2819.8372661194358  1724.8349721699551    0
4239    2810.7911472231503  1833.1820905280183    0
4240    2160.4113197421575  2454.6238543269264    0
4241    1059.7285515269703  2859.8605913515507    0
4242    1446.7057183579063  2893.525736561081    0
4243    -1615.4277813918766  3102.6208472724661    0
4244    -1844.5043718780578  3181.6577467580864    0
4245    -1857.6758150831049  2884.9491425704318    0
4246    -75.558187948557304  2731.3418295707434    0
4247    -153.5290880365686  2721.8864445488457    0
4248    -181.24990343709288  2650.885115280209    0
4249    134.71877481567836  2544.1501215343883    0
4250    615.9170447230174  2725.9454646755134    0
4251    501.764397911478  2842.3405841127556    0
4252    455.83727957711307  3528.8625938319624    0
4253    360.83314831760072  4101.4858062374014    0
4254    215.65511069324421  3972.9452705129024    0
4255    307.21987407204915  4015.7836893236713    0
4256    66.623798665649062  4301.4349159730382    0
4257    197.34521858200026  4236.3008228623712    0
4258    -1037.6959563439841  4466.6717519022532    0
4259    -1043.1317742129636  4541.6979463622911    0
4260    -1089.7232399634213  4425.8271781554777    0
4261    -939.49341394983765  4629.071706458426    0
4262    -1160.3700498670642  4615.5346648278119    0
4263    -1160.9446661811253  4449.1486694530731    0
4264    -1112.1638010319089  4562.0826733405602    0
4265    -1047.92711560878  4652.5381247429841    0
4266    -1198.7327916414599  4532.4731611719699    0
4267    -612.04475059504284  4662.0819062187475    0
4268    -448.48768364933676  4685.5442029106025    0
4269    -763.75634915160094  4727.5416982849656    0
4270    -533.575008412275  4696.8788356196774    0
4271    -697.13207535798097  4673.4165389278223    0
4272    -500.64821711753797  4619.0191638211963    0
4273    -395.11004149203416  4978.0960337349343    17
4274    -684.52171141630026  4757.0064952550792    0
4275    -781.26296059309891  4637.9248048019826    0
4276    -509.59387767150048  4544.5023742710746    0
4277    -396.15622259453772  4493.8175356172133    0
4278    -428.98818852914133  4572.6211011065461    0
4279    -471.70001421167791  4841.1100954312133    0
4280    -635.39437011535938  4851.864586713933    0
4281    -308.52194328157407  4576.5698272564887    0
4282    -523.14065031716484  4777.79028141652    0
4283    -767.16947197457728  4936.0525777945004    18
4284    -519.6662564848292  4968.2100429986385    17
4285    -757.47835441460734  4831.9278375547219    0
4286    -553.01330902678296  4854.6135884141104    0
4287    -1289.6884429400993  -2560.9904544145543    0
4288    -1352.8902126877031  -2430.1227140650099    0
4289    -1443.2309795986187  -2360.0194310601673    0
4290    -1342.2564179297353  -2505.6825113646696    0
4291    -1420.1140276293795  -2423.4909100949435    0
4292    -1544.1899262939296  -2432.735149228587    0
4293    -1479.7809152867644  -2459.9373479045053    0
4294    -1560.2074148699992  -2560.5156567999479    0
4295    -1481.091968381402  -2541.3342783806456    0
4296    -1486.646399186181  -2691.174828920794    0
4297    -1390.8701507598914  -2604.523753138893    0
4298    -1505.0005808946692  -2615.4712350988489    0
4299    -1630.0250778084769  -2685.8599328768501    0
4300    -1557.586200548471  -2668.2972750310928    0
4301    -1562.6718917652245  -2805.4927498833258    0
4302    3691.3897439382822  1305.4917919647953    0
4303    3794.8163747127805  1347.0356464473421    0
4304    3614.0565981266573  1540.8748863071278    0
4305    3214.2230933963606  1765.9846930436179    0
4306    2849.8242743123164  1390.0581385966445    0
4307    2921.0637999922997  1184.8944821077521    0
4308    2893.1003970479524  1039.743705131875    0
4309    2942.1568574274756  974.21214321639297    0
4310    3323.4385194013284  1095.0263964815281    0
4311    4637.7895251331938  -804.13923511152734    0
4312    4562.6393999106367  -792.25092245052485    0
4313    4713.4939977650974  -875.41182477212635    0
4314    4821.2139449184169  -756.08253453138821    0
4315    4247.7053157729124  -1236.1585247708199    0
4316    4380.6003813348225  -1169.07319993899    0
4317    4345.0218883205043  -1081.5102442313005    0
4318    4469.9051674665498  -1025.3432761383551    0
4319    4151.2708444746704  -1880.330386042207    0
4320    4447.4495514562977  -1819.7672876633017    0
4321    4719.1217934860051  -1633.2304075729044    60
4322    4439.7579151494401  -1440.8728524802616    0
4323    4393.386511255294  -1491.95846536111    0
4324    4179.503547913846  -965.18704868905502    0
4325    4271.1614729684134  -964.31814413986103    0
4326    4209.4375234134095  -886.24826051420621    0
4327    4193.2656171861345  -795.30262124377464    0
4328    3793.2159091539093  -1680.7535922639731    0
4329    3807.7688821645438  -1881.2614231468938    0
4330    3977.9364629492734  -1859.9418763813237    0
4331    2185.1610165327734  1576.0356640954153    0
4332    2304.841467685826  1550.1114717281487    0
4333    2519.1142440188655  1944.3074652376988    0
4334    2602.0480520238225  1987.40051539406    0
4335    2318.0796678845791  2235.3929888865637    0
4336    2378.1822036224175  2187.69709170953    0
4337    2447.3236627743795  2214.9920831481836    0
4338    2328.5855514442687  2350.6944085335308    0
4339    2469.7963118063326  2395.9565012701096    0
4340    2385.097873726384  2417.2936256471453    0
4341    2412.4446149894802  2347.0722196650045    0
4342    2482.8518000787467  2322.5545948640547    0
4343    2606.4453868804503  2382.39932720346    0
4344    2562.8762439188317  2314.8325333842899    0
4345    2363.1780074675371  2576.6724930682449    0
4346    2601.535986329975  2229.4094586024307    0
4347    2351.6613938516603  2493.8917906933498    0
4348    2653.3541917544085  2304.3203323271118    0
4349    2448.6051227632483  2490.6125803291761    0
4350    2240.1571030936088  2551.5959443615448    0
4351    2282.4338678750528  2496.7047930291355    0
4352    2230.7268434995667  2448.6846913131235    0
4353    2190.2954339683106  2389.2179840804533    0
4354    2102.6086947694125  2388.6836825366172    0
4355    2089.845983915844  2458.1761166542287    0
4356    2130.374136579705  2560.6010153977195    0
4357    2038.2369319696306  2410.8538838177997    0
4358    2908.4917245407269  1563.1030845144221    0
4359    2951.5555037484173  1658.6221178004521    0
4360    2800.5921328966601  1503.2168073707101    0
4361    2872.246080653098  1501.2616404335661    0
4362    3009.702177379399  1901.4550581883993    0
4363    1089.2114362050092  2802.8443063364321    0
4364    1007.4492397524019  2796.6962946585309    0
4365    921.61602251040119  2920.9552406755665    0
4366    969.48799651618219  2692.694129313049    0
4367    982.05635967751061  2870.9304735848168    0
4368    1040.5163029932078  3003.0869014689583    0
4369    863.90262855299511  2789.7007998980343    0
4370    992.64885337423402  2945.2530531063667    0
4371    914.05911945266826  3059.0257604408703    0
4372    934.69775350637087  2813.2706825208256    0
4373    -1552.0428971943925  3073.4217490145115    0
4374    -1546.4797566867123  3168.8950555573688    0
4375    -1788.2801501795359  3113.3599308613029    0
4376    -1758.4449672925948  3195.2122894555746    0
4377    -1909.9314577726034  3070.5053729423021    0
4378    -1675.1498025417025  3332.3662024167602    0
4379    -1838.4497388387645  3061.6832613888901    0
4380    -1882.8474881967015  2995.9513172404154    0
4381    -1697.4551321715076  3252.0424711317364    0
4382    -1608.9962484735943  3234.0212834841509    0
4383    -1825.5571619231607  3330.8743763144057    0
4384    -1511.2461465444787  3265.2855660102678    0
4385    -1811.6914358569925  3253.3024829672545    0
4386    -1750.1383565604704  3309.9311097730197    0
4387    -1942.6104625458884  3269.926302263676    0
4388    -1751.5390850954686  3451.1539237637508    0
4389    -1771.2034622063738  3380.3405276311451    0
4390    -1884.1382030739942  3449.8387299716173    0
4391    -2009.9580836488619  2761.3387174376735    0
4392    -1853.0300378717482  2796.9366358122957    0
4393    -1944.4472843256447  2836.2400060148948    0
4394    -1915.0908010006472  2706.8263838306116    0
4395    99.511838902651135  2629.43303961844    0
4396    717.85070131407372  2591.8862164986886    0
4397    574.25700664841497  2799.2622990085956    0
4398    441.88186548942912  2926.3918109095812    0
4399    399.96467067119289  3490.0809143984652    0
4400    472.05800546607395  3445.8548988686093    0
4401    383.74394478223178  3573.0886093618183    0
4402    465.13412276758015  3315.7095957876081    0
4403    611.09738665723967  3516.1136185980795    0
4404    446.27371494808841  3381.9698224732751    0
4405    381.25051255804755  3351.5315172456053    0
4406    552.28265726744053  3376.3300224633299    0
4407    531.6693975286272  3500.5924113156052    0
4408    583.68894583765609  3445.3807621372421    0
4409    690.39371421509315  3355.1807066052093    0
4410    624.32078684897954  3385.2325993631812    0
4411    604.08353497976418  3253.0775800650017    0
4412    697.62827341882326  3458.7476441153422    0
4413    552.11962541081539  3606.9331204059263    0
4414    538.08812802776617  3996.7069777678848    0
4415    324.31119241165999  3953.1240200321558    0
4416    381.81506757033202  4002.4698070465597    0
4417    458.72899492461966  3966.4345570822447    0
4418    529.47086062115329  3900.1409684032774    0
4419    463.55487225883871  4072.9396933018038    0
4420    269.92890054616464  4098.7327395448528    0
4421    313.40406158558687  4210.5063968755394    0
4422    159.70053998035678  4324.4927933299196    0
4423    -1376.2291538914765  4800.3692964140246    19
4424    -864.13436961994228  4700.632089777906    0
4425    -705.69597172610088  4947.1883150284211    18
4426    -726.5955507538024  4887.3155245958496    0
4427    -693.12392203879961  4821.6122682808846    0
4428    -828.64297222305368  4924.9168405605797    18
4429    -844.79407937256929  4838.8306813090703    0
4430    -1013.0634729684828  4891.5096288588175    18
4431    -938.98350805122038  4833.0528916413477    0
4432    -1188.2797301533992  -2709.4245283002397    0
4433    -1220.1370096749256  -2527.847481894702    0
4434    -1218.363072376447  -2621.1194154283003    0
4435    3752.5844572902829  1402.2855069455859    0
4436    3871.6431770845375  1449.5261159193258    0
4437    3797.6156807130587  1462.4449163580123    0
4438    3857.530898213558  1587.2158455060217    0
4439    3763.1819747659665  1555.7512024052446    0
4440    3845.1692208865138  1516.3807840143359    0
4441    3976.921082561048  1529.8844710308099    0
4442    3521.3450306069285  1629.3576557181582    0
4443    2913.8523309522589  1419.8516707453539    0
4444    2911.3867525283786  1341.4535442372592    0
4445    2831.4577270987347  1303.505357390276    0
4446    2781.620223186268  1247.0570043607815    0
4447    2817.2843459421997  1177.8816311484291    0
4448    2977.5338852229215  1220.1111770835894    0
4449    2978.7455428764597  1032.0463935095788    0
4450    4660.7862020846378  -960.79494557563669    0
4451    4759.9139588797898  -735.37674537269447    0
4452    4769.7062530172843  -807.47935837398131    0
4453    4811.4216507809224  -683.97992153010136    0
4454    4855.2900667210179  -841.73997339417031    0
4455    4941.2303020516101  -725.05045613310267    62
4456    4882.2983456087341  -685.63875595195236    0
4457    4883.3542291786671  -748.8123999439506    0
4458    4790.2238146237632  -571.45375507163374    0
4459    4848.4060137539  -618.75303346065516    0
4460    4966.1184118902966  -539.28839090573024    62
4461    4873.2945401869938  -528.70379038710576    0
4462    4531.6802038135775  -1050.5176428435057    0
4463    4486.2975040978354  -915.04141435578026    0
4464    4406.978307594617  -1043.1871987427467    0
4465    4417.8658951443022  -961.70422160932173    0
4466    4397.5544302102371  -858.40787379581172    0
4467    4162.3991125919347  -2075.9531268745304    0
4468    4378.0327860674015  -1764.1753376938229    0
4469    4325.6201708670233  -1824.3974327130175    0
4470    4476.0853299365399  -1712.8744870152418    0
4471    4532.4948692133876  -2096.1971106099813    59
4472    4361.6079765514205  -1966.9746422076871    0
4473    4323.506995739127  -1900.7612498132482    0
4474    4235.8492917689919  -1981.8245103380093    0
4475    4408.7037954480829  -1895.8055666275009    0
4476    4584.9435114667831  -1982.7902173805808    59
4477    4515.1546141578347  -1902.1575082671507    0
4478    4457.1524861592552  -1979.0335340202034    0
4479    4607.1080545372924  -1528.7961052426497    0
4480    4257.9610132072603  -767.01909754213386    0
4481    4144.5648383034213  -731.88616095156783    0
4482    4032.5129781926848  -768.65933505977614    0
4483    4108.2100971861864  -810.2129996853771    0
4484    4040.4532908162996  -843.91916286385685    0
4485    4028.5595505839524  -928.07310862934435    0
4486    3960.575433782547  -935.73453604260021    0
4487    3853.4418084893141  -1808.3968043137534    0
4488    3758.3446304990616  -1799.5347259003918    0
4489    3894.653538665515  -1884.975737186719    0
4490    3844.6267562768799  -2037.1411075852086    0
4491    3961.7080662752473  -1957.0032733219693    0
4492    3848.1808905689563  -1954.0033508380889    0
4493    3729.140375239067  -1972.5402127968023    0
4494    2576.2216104386375  2060.7736436944665    0
4495    2715.1809032550259  2095.6642516091479    0
4496    2640.7807777867424  2097.8158056996763    0
4497    2675.8630675787354  2023.5080456413689    0
4498    2680.4258511302182  2181.2877966638462    0
4499    2670.860053867073  1940.2315773971166    0
4500    2823.4350331246296  1989.8864724411671    0
4501    2754.3905626607657  2027.5087269325816    0
4502    2756.899549246978  1935.0939615778998    0
4503    2855.6066763898889  2131.0943987694682    0
4504    2790.3903578852592  2093.5756554482541    0
4505    2777.9077015385346  2190.713371675582    0
4506    2438.866524524853  2277.4342620752177    0
4507    2545.4035100346064  2462.5832450705357    0
4508    3004.534481565242  1624.7173768600087    0
4509    3002.311994391358  1754.1051980636935    0
4510    3082.6898859270154  1835.4359382504288    0
4511    -1454.8075118619668  3182.4276816582801    0
4512    -1827.1875866048963  2950.2180230856793    0
4513    -1505.1448916938477  3454.2166242257231    0
4514    -1583.4592022657657  3322.6214303902866    0
4515    -2082.5652348623266  2890.9424482441887    0
4516    -1916.8493658898744  2774.4639240790611    0
4517    -7.00179671886535  2557.1310194247494    0
4518    195.24828170046789  2619.0468398913081    0
4519    270.88245794333727  2615.6754589787665    0
4520    229.82107087686205  2544.5779533028717    0
4521    283.60023296534189  2403.2392699176808    0
4522    276.64306564338619  2481.4928658477661    0
4523    182.646538332505  2460.6465575313982    0
4524    383.65400998737357  2451.5706539205626    0
4525    645.38728598993794  2642.57063688162    0
4526    602.55950469471907  2507.9935124139934    0
4527    725.48521451045303  2679.9438756732975    0
4528    647.12607725977534  2567.9139725169225    0
4529    720.92963884703624  2466.4879781709155    0
4530    808.20678654294284  2628.4122140169497    0
4531    793.21865275776179  2736.6828389809384    0
4532    779.6789269722035  2828.3613168521438    0
4533    877.25616480057613  2698.2705514299982    0
4534    422.1164218073859  2856.9781293230276    0
4535    477.05601097018592  3107.5533772256413    0
4536    369.72948474292537  2948.6525168293483    0
4537    431.96552703674013  3022.3126284148207    0
4538    370.10947930765735  3637.691227227966    0
4539    541.28025269312525  3299.1941720626505    0
4540    482.56709650297859  3212.2885327178765    0
4541    877.60660338371861  3394.1392976638999    0
4542    756.0568774507874  3640.8260226203647    0
4543    635.96107473977963  4166.9502367918467    0
4544    261.12497268620257  4249.2765232286902    0
4545    241.23350927925918  4183.8125985120096    0
4546    330.74257413982804  4288.518898781017    0
4547    459.29362149301039  4219.0150237413918    0
4548    338.18898407292534  4435.5268225614991    0
4549    385.13951017210235  4235.4959974146113    0
4550    407.75439960234945  4162.184774719788    0
4551    450.93362974427419  4356.4644029858227    0
4552    400.40379469098229  4305.5705797612409    0
4553    380.46662185203633  4375.8963003433037    0
4554    442.95034132023261  4464.9993767413989    0
4555    306.33462840206408  4368.1397583641692    0
4556    202.80313124275779  4458.3022755206957    0
4557    232.00146841657519  4387.3073893781084    0
4558    313.99316287150242  4145.93544611778    0
4559    124.79404786802388  4266.0099510643431    0
4560    89.435108360227446  4408.741860632219    0
4561    -1325.3397604146439  4641.3376377935401    0
4562    -859.64800017905884  4620.4477020066506    0
4563    -827.86475118214071  4766.0089052445028    0
4564    -903.96861438146243  4765.4804529031035    0
4565    -1010.5478905782534  4753.1111583923785    0
4566    -1035.7243208900445  -2746.1336388049772    0
4567    -1308.7697902689752  -2655.9926678587112    0
4568    -1135.3254028399285  -2642.1074367214023    0
4569    -1109.4045195352169  -2716.9843902629373    0
4570    -1162.2436745922305  -2853.0284486868459    0
4571    -1047.625579590062  -2668.5214124358772    0
4572    -1099.3185422043928  -2799.1850811231939    0
4573    -957.10773181176285  -2694.3597705238321    0
4574    -1170.0002240306926  -2780.2725581128079    0
4575    -1288.6055873267251  -2773.0917744975604    0
4576    -1232.1489048246331  -2823.6896770071912    0
4577    -1350.0733689637996  -2898.472849326557    0
4578    -1240.3360376768178  -2941.1477564851066    0
4579    -1301.6575003839066  -2844.4508605700516    0
4580    -1410.5910708946997  -2787.6532260407275    0
4581    -973.47585942768137  -2885.3943708452261    0
4582    -1024.2394589417847  -2824.5426495508491    0
4583    -1084.7560990243021  -2879.8948160440445    0
4584    -924.97196202034218  -2793.3317337701533    0
4585    -1149.906882725883  -2942.6242956865817    0
4586    -1034.768001633732  -2997.0099249081341    0
4587    -1082.0072639967889  -2947.9472675742004    0
4588    -1122.9630797028497  -3034.6541212432471    0
4589    3769.5210068616493  1693.9314033608562    0
4590    3687.4826213796141  1559.7073710877569    0
4591    3728.9293985469039  1626.5580455301661    0
4592    3800.1646365657107  1629.5543504808588    0
4593    3903.9022569388694  1710.0796544707168    0
4594    3688.031863768852  1697.1129484069822    0
4595    3734.4164370006388  1839.9799464705152    0
4596    3587.8582670406204  1704.6397343801632    0
4597    3731.3720960458941  1762.005021681528    0
4598    3828.3458203492273  1771.6234836088292    0
4599    3630.9755641254783  1804.9716514891827    0
4600    3543.8298851808322  1560.1044943954093    0
4601    2865.4799500017411  1236.0554189858713    0
4602    4627.583995607466  -1018.8299312833871    0
4603    4695.14888455664  -1018.969163728667    0
4604    4765.4891216803035  -1100.2421190263155    0
4605    4742.0745712141179  -952.01494592827385    0
4606    4791.8125331408746  -889.82448845186775    0
4607    4887.4695024726498  -1032.3787637690136    61
4608    4827.4304176708611  -969.29520010268971    0
4609    4813.3854123323345  -1042.7749284423812    0
4610    4974.414448503192  -477.36770249660611    62
4611    4889.0148460648415  -434.40990866118591    0
4612    4506.1696568933548  -974.36367436965452    0
4613    4554.5141924599311  -925.17932954081402    0
4614    4529.3826737800773  -859.70650226512316    0
4615    4413.6339241863698  -783.75110752051557    0
4616    4343.7940818629913  -922.62405481667975    0
4617    4129.2471072558374  -1979.7111303821466    0
4618    4210.6731680458543  -1916.8165298363713    0
4619    4611.1678325934809  -1926.0867707658806    59
4620    4573.1399562432998  -1874.0837029544739    0
4621    4678.2569736030928  -1751.3068658620421    60
4622    4516.8539393760539  -1831.7472719403434    0
4623    4657.8245636616357  -1810.3450950066112    60
4624    4576.4189206345418  -1749.1167780241187    0
4625    4392.9579562546223  -2103.1203745470179    0
4626    4521.450307700431  -1967.2265420481106    0
4627    4558.7191903400853  -2039.4936639952812    59
4628    4488.7237519896371  -2041.5378975028611    0
4629    4418.5948473503086  -2037.7347734288653    0
4630    4480.0462269599921  -2209.6040038393821    59
4631    4338.3853612983094  -2044.0043747409381    0
4632    4463.0868608939509  -2106.9234986210136    0
4633    4424.7154316648102  -2166.0019792586381    0
4634    4297.3649557282324  -2190.858419984525    0
4635    4453.8219058332943  -2266.3074504540828    59
4636    4361.4140703606936  -2257.9863546132692    0
4637    4318.0864244686591  -2117.4904098002767    0
4638    4257.7835953648064  -2061.286460194457    0
4639    4535.5286475040211  -1491.1893585725304    0
4640    4539.8403361454402  -1569.9069185591777    0
4641    4626.7587635753971  -1404.469329653245    0
4642    4534.3553485292032  -1653.1601901401168    0
4643    4614.5973767624955  -1616.6394676490777    0
4644    2922.445181055039  2298.6427330971287    0
4645    2722.4914693623996  2255.0384173906687    0
4646    2820.9454960236039  2283.8237222765815    0
4647    2745.2204780364268  2360.0618714619895    0
4648    2538.607478123417  2394.0828724801468    0
4649    2546.6925954605508  2648.1947499088883    0
4650    3151.9639389541667  1943.2365987247554    0
4651    3009.2654204226119  1827.6167096576064    0
4652    2911.0018332126451  1865.1184089183246    0
4653    -1481.5513483433797  3358.8906602179727    0
4654    -1618.1581757082893  3432.3719380056023    0
4655    -2023.2281279838114  2839.044525324864    0
4656    -2011.2313566576747  2912.631228136438    0
4657    -2032.892393217759  3037.966623579237    0
4658    -2066.8935961003676  2967.550902661957    0
4659    -2125.9007331258717  2781.5248434404043    0
4660    -2174.720642513631  3063.0335160418645    0
4661    -2178.2493798889127  2950.4235481517335    0
4662    -2107.3415987036524  3030.4986146196302    0
4663    -2083.3557156733059  3166.2105223912654    0
4664    65.206944553824144  2565.3625016226056    0
4665    43.694721064878422  2433.2405822130477    0
4666    179.02695003972963  2687.9522440431588    0
4667    788.77851296998915  2546.4507953865336    0
4668    851.39154850759417  2873.5176891345072    0
4669    827.19836165365473  2985.0296173857305    0
4670    774.99382203501557  2915.323133785756    0
4671    677.52572609860113  3042.7206228509326    0
4672    683.88595234888226  2866.8075440110183    0
4673    744.22611844194876  2992.7674033677977    0
4674    796.87560248566854  3108.6031940423172    0
4675    663.23598861507469  2954.1324521551064    0
4676    744.43579551071389  3062.5550730428704    0
4677    694.27542047335601  3172.5613377151321    0
4678    593.78988805353686  3010.7810633540039    0
4679    611.53236322499163  2895.8019209268646    0
4680    600.60676666891243  3118.6440404124342    0
4681    512.44890480611537  3010.5293860791994    0
4682    926.40038408430473  2745.5692896924552    0
4683    379.40518868498611  3104.6622052252728    0
4684    409.01116993904202  3253.0695280858172    0
4685    342.66291896281649  3222.8450972327664    0
4686    403.61011110815707  3176.9902623312887    0
4687    778.50598879286349  3401.0618665900442    0
4688    704.96438961008107  3933.1479351882349    0
4689    701.16480991923197  3558.0267792969285    0
4690    563.01589413518695  4095.6312267705703    0
4691    160.50219343515693  4396.5873200889209    0
4692    -1246.530154029615  4604.9386750247268    0
4693    -1256.119813678456  4834.8037254025003    19
4694    -1336.6424545562768  4513.3482722562248    0
4695    -1241.0600998455075  4720.2994373197544    0
4696    -1269.7302544079391  4537.6401405833931    0
4697    -983.93241424786834  4685.9864390243129    0
4698    -1007.5029144440821  4822.3886023347432    0
4699    -1091.6015076499536  4791.3793772833606    0
4700    -1074.5369732169593  4880.3738916248967    18
4701    -1196.0651435719458  4852.0209398967381    19
4702    -1208.71426019859  4782.7960712329841    0
4703    -1145.4874180000688  4710.4535095218098    0
4704    -843.67487951720409  -2625.5581788525787    0
4705    -1391.6988659935582  -2697.0611037502822    0
4706    -786.02225217861223  -2925.3470818151063    0
4707    -1012.1327653352392  -3172.1775664331299    0
4708    3499.0857718267875  1716.0480932346545    0
4709    3447.8565255735612  1782.9268524507402    0
4710    3538.7489732875465  1799.4904003769313    0
4711    3975.2242698310406  1874.7922876306884    0
4712    3640.9780667878244  1741.2423965076971    0
4713    4696.9272469549896  -1161.2779894505877    0
4714    4987.0328638370656  -311.58526056561152    63
4715    4788.5513750538712  -466.11838778356781    0
4716    4032.1073288728244  -2067.0032422544114    0
4717    4181.8612575417419  -2015.4182458570601    0
4718    4592.7960523954789  -1812.0729722593005    0
4719    4513.4293421380135  -1766.4943783251852    0
4720    4363.6387901444505  -2191.7439519025443    0
4721    4300.5807544511972  -2538.2193050284855    58
4722    4221.5567058195966  -2143.1845654107187    0
4723    4088.3747545111746  -2200.7302643119856    0
4724    4196.2580241469495  -2267.5229982405922    0
4725    4145.6299137751721  -2150.350895735759    0
4726    4232.3544739054005  -2210.1244784740234    0
4727    4279.8337113540219  -2280.0322705866279    0
4728    4074.9042986877048  -2127.6969926026186    0
4729    3945.9125377795945  -2173.2173386640993    0
4730    4019.3193204370823  -2175.7081372526941    0
4731    3978.2004303384115  -2304.5927131449043    0
4732    4031.2714275917706  -2250.5227985627967    0
4733    4100.5869714462251  -2371.6379934788456    0
4734    4111.141636665955  -2284.4799264562321    0
4735    4364.0891695788969  -2430.6151010486342    58
4736    4221.1830202002502  -2386.4399886492401    0
4737    4048.6953078949987  -2321.1359104318972    0
4738    3985.1148782564564  -2438.3765562650337    0
4739    4341.0611423418904  -2344.6368490213272    0
4740    4274.4618580133465  -2346.4390147166782    0
4741    4288.7820862354247  -2420.9952332490675    0
4742    4211.9318225257557  -2487.9360623193711    0
4743    4628.5810236279158  -1692.4093497383421    0
4744    2882.4623411570724  2217.4869171086175    0
4745    3022.1846109953581  2126.6829728825137    0
4746    2939.5177689578231  2152.3804874335592    0
4747    2922.997010144788  2041.471920412062    0
4748    3010.4625528778038  2234.7891082444758    0
4749    2856.5567191548516  2394.9220040796722    0
4750    2699.1881409730631  2516.3286457752547    0
4751    2519.8720249437038  2555.5707919101628    0
4752    3084.2932952878541  1910.5640841266465    0
4753    3071.3325902906399  2023.8233146216639    0
4754    2841.6460558260464  1909.5548089596782    0
4755    2918.5175771961722  1953.1919030749468    0
4756    2992.5297289153509  1993.6900931198111    0
4757    2989.7406097711482  2064.1146907781058    0
4758    2871.1849409145498  1816.8668572080983    0
4759    2937.3483462679742  1802.8233169766752    0
4760    -1374.9960948335649  3397.0248022663513    0
4761    -1550.8569915228268  3392.3199749624132    0
4762    107.9735723878902  2473.293318399375    0
4763    128.63731175371038  2368.5255039694043    0
4764    647.12775249969695  2803.7287849740114    0
4765    534.8884924212615  3157.0228476595667    0
4766    542.13242983623809  3076.3248833646612    0
4767    297.78507933064077  3076.8090576055974    0
4768    235.81208079806589  3122.2972776199804    0
4769    244.77810797939304  3027.5557737545964    0
4770    362.33066102772437  3035.8159020054345    0
4771    792.82910325606201  3266.0071059246757    0
4772    837.1291502179904  3527.4837844379913    0
4773    612.56278822370655  3941.3935830428463    0
4774    649.42797099320217  3651.9209820765273    0
4775    677.02533013518882  4051.9859403764731    0
4776    545.66896742808433  4186.3374070944437    0
4777    -1111.5427119584738  4656.5050392783651    0
4778    -1075.8633518029169  4716.6080529973806    0
4779    -913.4448369993861  -2638.43768054563    0
4780    -866.91153611828429  -2719.7766092029933    0
4781    -891.7455179106164  -2560.569474216753    0
4782    -1352.9361393859817  -2752.4106999445085    0
4783    -874.11468915061346  -2878.9349143929617    0
4784    -1048.1535561616893  -3087.7859000320368    0
4785    3575.1455225775289  1965.7233292706703    0
4786    3916.3345175752615  1802.4942214491339    0
4787    4829.7241229921037  -1275.5112485860907    61
4788    4896.1552156001526  -255.78241863733612    0
4789    4743.2975670252999  -519.51785590110956    0
4790    4703.3609888375458  -439.79819649517998    0
4791    4778.2352256852764  -348.48092825028095    0
4792    4099.146877787397  -2043.9104598481222    0
4793    4058.4018832836637  -1985.6509332404216    0
4794    4154.4426791480819  -2431.5263704275976    0
4795    4070.502914680123  -2452.8511752061631    0
4796    4002.1493901467552  -2596.9832986241395    0
4797    4130.556167973099  -2513.3694435541156    0
4798    4015.9997913222655  -2515.2776202317109    0
4799    4237.0723393234985  -2645.8235090083367    58
4800    3864.2329627964828  -2531.5775190041222    0
4801    4193.4863250688541  -2571.8184438500416    0
4802    3942.4150848029408  -2544.8306217975569    0
4803    4100.9651815094367  -2608.3310434535115    0
4804    3879.8299286327729  -2676.7994048973737    0
4805    3929.7335219061274  -2619.6411407442929    0
4806    4025.6966583735248  -2954.8804511748958    57
4807    4006.1075595680277  -2736.6855769696285    0
4808    3984.4268366134643  -2667.3926421652714    0
4809    4064.2779850796833  -2680.4466664445263    0
4810    4099.6302912846622  -2854.1540820815417    57
4811    4145.8785274449865  -2676.5693983505757    0
4812    4088.0209214384836  -2763.2086438380752    0
4813    2809.9315310637166  2348.6106331376754    0
4814    2788.6120177026492  2416.7008640650038    0
4815    2861.192279126939  2526.2586460865796    0
4816    2707.5347426448407  2433.8739660774772    0
4817    2629.9110207287322  2467.6661741712251    0
4818    2615.2658152032136  2562.1590200667415    0
4819    2449.6039467966752  2626.1130186223381    0
4820    -1442.9700089765806  3419.0224187944955    0
4821    -1369.9873462040587  3528.5226085866766    0
4822    -1440.2759700895604  3496.2986518258508    0
4823    -1462.2558439766542  3637.0129700852899    0
4824    -1431.4215449588376  3569.7555422491414    0
4825    -1327.6098289790666  3658.0449621785906    0
4826    -1542.6692977174891  3559.4505291317582    0
4827    -1419.0921886948738  3352.3024912778033    0
4828    206.34833778305847  2384.8576024619983    0
4829    196.44512991845988  2238.9313419270297    0
4830    265.55845559048589  2307.5401711591171    0
4831    180.81735297452846  2313.2910809049336    0
4832    56.811937592524018  2248.4074740730316    0
4833    127.96491373227714  2263.3613033265119    0
4834    118.8974396697071  2129.7497907197076    0
4835    759.1321379178479  3330.7202967703233    0
4836    696.6553569066408  3263.9628636553362    0
4837    835.94854415112241  3329.5897468467274    0
4838    927.10330574383215  3221.3595528838955    0
4839    928.86279422653581  3315.3432011049008    0
4840    866.26266543747488  3262.619468415302    0
4841    826.03032002435145  3188.1066651336509    0
4842    757.26342521119773  3204.8235815049611    0
4843    873.19396034533418  3125.7138880796633    0
4844    965.74641079205082  3136.5634476711371    0
4845    774.97304053699634  3568.6904094403499    0
4846    768.32901057476738  3491.1870707841581    0
4847    860.05730345028894  3629.5501090697476    0
4848    832.33725679974202  3453.2133585290039    0
4849    933.64757143989334  3483.9666623607504    0
4850    619.59620717991174  3822.9176099423721    0
4851    620.49293388442197  3586.7747357428848    0
4852    564.85434128622239  3707.1205178097234    0
4853    630.05693289892452  4100.0252810527591    0
4854    600.75139028789511  4033.5194395605286    0
4855    705.76870652581624  4127.0688737645423    0
4856    824.49834636865501  4038.5733300618317    0
4857    741.56354535197238  4270.7592288544301    0
4858    752.65336356887008  4066.0771486955414    0
4859    703.40206561969603  4203.9620503393126    0
4860    763.61592308861475  3987.125352028675    0
4861    823.66535648829847  4169.1805405626446    0
4862    612.81847582262321  4300.012284274485    0
4863    829.97722585152508  3856.1636547386906    0
4864    778.32758445519596  3912.2858415499991    0
4865    716.90855642967142  3835.7257659648531    0
4866    874.2999866525455  3948.7820584543315    0
4867    663.11310352254259  3986.0118795104167    0
4868    481.60925338809477  4146.2953511096166    0
4869    -688.26992250610419  -2713.8595759685854    0
4870    -916.84140264082976  -2989.1310460679697    0
4871    -778.11838825656901  -2803.5373427609024    0
4872    -1179.7463044519986  -3193.8366584418163    0
4873    3580.3903948022944  1877.4740090398375    0
4874    3674.1017732323903  1927.3240225843563    0
4875    3483.0433693204477  1915.9689559009569    0
4876    4073.9439204354571  1734.2479694946483    0
4877    3845.7511910112744  1920.1203449550674    0
4878    4726.266315393942  -1261.4763672352806    0
4879    4922.337513667414  -189.32655289994202    0
4880    4903.6134937341294  -345.53701013102932    0
4881    4839.9529993935039  -305.63979071385296    0
4882    4764.3882702740875  -262.6562559724548    0
4883    4841.7226202051434  -381.00601473199902    0
4884    4720.843323366541  -313.71116937666625    0
4885    4073.835365506874  -2547.7858968694463    0
4886    2738.4715886463587  2688.0149651606503    0
4887    2430.9299064302027  2558.4967714084164    0
4888    2459.003453165381  2809.2652748502123    0
4889    352.62632011190721  2150.7168961712468    0
4890    377.8159595229032  2335.926924615077    0
4891    39.846257324116507  2340.0854601544543    0
4892    991.57322734164177  3063.3506281035448    0
4893    1122.875727752941  3119.9813361661591    0
4894    1043.745910373621  3122.9170406578678    0
4895    1088.5150132648369  3261.7245253673163    0
4896    1018.3888875546324  3207.7187095358931    0
4897    1090.1402616905361  3187.082134752121    0
4898    1221.6480047104844  3227.2844471670433    0
4899    1163.7574602890154  3181.4611785754919    0
4900    1236.6024417195104  3088.6897536200377    0
4901    1009.6973639713148  3291.5366026849792    0
4902    1101.9547775517035  3416.3525130820185    0
4903    996.96703084415913  3397.4500915236108    0
4904    1073.428345705426  3340.9338739547361    0
4905    1174.3840143038735  3319.1210495687856    0
4906    911.80552908318509  3564.3169512376053    0
4907    1062.8210479710119  3562.2244322095453    0
4908    988.91168588920732  3678.625822927127    0
4909    987.01325085407439  3541.617199320382    0
4910    932.25628386664914  3633.6821681261449    0
4911    889.63372211226681  3745.5929981710506    0
4912    1044.691869560103  3479.1755820378899    0
4913    1009.1760516023419  3609.827568972044    0
4914    1118.9968516889692  3679.5585681265929    0
4915    1134.099739698227  3503.1614419161856    0
4916    654.04640806183284  3884.4095318690952    0
4917    518.39409729414149  3662.1229841521144    0
4918    646.26911039334982  3739.4704047777886    0
4919    572.07364845403345  3774.5455344947745    0
4920    602.18989950096648  4229.6201834573776    0
4921    526.83211813550611  4276.9969933266257    0
4922    547.32900595130059  4372.5519850335049    0
4923    1008.5743206754189  4081.9622638819619    0
4924    -778.42518419469297  -2691.6249999005386    0
4925    -855.11614236724381  -2949.6826356382167    0
4926    -816.04762330324434  -3078.8286993925253    0
4927    -797.58846475979374  -3002.7621187749996    0
4928    -671.97298081076508  -3073.5184049195977    0
4929    -744.75919106521121  -3055.8552973636074    0
4930    -739.67790297677993  -3193.7167226525939    0
4931    -684.15474108028059  -2964.9166362023661    0
4932    -921.06836269193843  -2924.1107613897857    0
4933    -982.83508923962893  -2952.891523201512    0
4934    -971.82299040360977  -3052.6664930479515    0
4935    -893.75392693701917  -3064.667621439406    0
4936    -943.56224611045104  -3128.7520915841565    0
4937    -900.86611844523782  -3272.02144329158    0
4938    -942.41887022002061  -3206.4080268735684    0
4939    -1037.9569811044712  -3312.8763009710233    0
4940    -841.76415895421633  -3188.6280590129086    0
4941    -975.17314247069407  -3273.1155111106555    0
4942    -936.08015003130106  -3404.2943319866831    0
4943    -851.09480354898142  -2791.9539179031458    0
4944    -809.27650421469286  -2862.6768856579597    0
4945    -727.50135375126479  -2867.9830267472198    0
4946    -698.69840653489609  -2793.2598698417005    0
4947    -606.11470428449934  -2871.8601820525228    0
4948    -596.18704858081173  -2766.3387866860153    0
4949    -1098.9940276370498  -3159.3692637812319    0
4950    -1168.6140330187909  -3108.0886778504791    0
4951    -1107.3652424451627  -3251.5860132217094    0
4952    -1214.2445013217014  -3028.8154246490712    0
4953    -1305.2189213104944  -3133.9505011904362    0
4954    -1232.6856693268232  -3143.3671643403673    0
4955    -1283.3426959330789  -3249.5030391783021    0
4956    3669.9985403538526  1859.9936606191611    0
4957    3483.5626375231532  1844.6574778445051    0
4958    3440.89366752459  2104.1178524207266    0
4959    3380.1918610471012  1964.0438917268984    0
4960    4004.7637074778095  1790.5981019013336    0
4961    3991.5435343485869  1703.7270720225458    0
4962    4139.2470536052506  1885.0604687752693    0
4963    3941.8284669663299  1625.5828509821456    0
4964    4073.3686629543449  1609.3082304248378    0
4965    4058.6837411104757  1856.7949190173979    0
4966    4050.1899592961026  1671.886145513281    0
4967    4145.0738397483165  1671.4492736062844    0
4968    4122.9473079494101  1802.5737374454945    0
4969    4048.8583751527481  2013.7442222381942    0
4970    4277.3234001070068  1814.9221506148097    0
4971    4031.6371428418011  1933.8839396416311    0
4972    4198.3939080616174  1830.5189699376788    0
4973    3933.5240204515781  1996.8282030395421    0
4974    4186.8288414395565  1745.9242975647701    0
4975    4265.507512105286  1962.6407756775179    0
4976    4297.9750129152262  1634.6666863891569    0
4977    4213.318114741066  1906.044628599516    0
4978    4226.7117234582747  1674.6210041407967    0
4979    4161.4408428647357  2006.2435357612951    0
4980    4190.8196431509141  1546.2215443065052    0
4981    4302.6365248386719  1726.5114943002889    0
4982    4233.6497319196333  1603.4653238449196    0
4983    4321.1237808006535  1505.0350270958568    0
4984    3759.8560512057311  1922.0439540703037    0
4985    3805.789639196144  2054.417159764143    0
4986    3722.187121565632  2009.2711922358728    0
4987    3804.1417302187156  1980.8328900276983    0
4988    3852.3342691868415  1844.0802644297385    0
4989    4844.1604678622407  -1214.7281273818214    61
4990    4787.7435271706918  -1169.2228572375475    0
4991    4783.3526327784539  -1232.3918313661411    0
4992    4649.3968701741242  -1314.1032913458735    0
4993    4815.2877781219668  -1336.29436979036    61
4994    4729.4812684980507  -1348.0207431505282    0
4995    4759.9866133689175  -1515.1539492837669    60
4996    4780.4190233103736  -1456.1157201391979    60
4997    4693.8674585551389  -1459.2160991439528    0
4998    2694.6176486882432  2607.7117886679366    0
4999    2336.4014474159885  2723.7399756842465    0
5000    2480.1329100590265  2716.363572977988    0
5001    286.97624580519471  2216.8497105150677    0
5002    315.10866292897157  2347.7488863639646    0
5003    332.6407696462507  2275.5082932244163    0
5004    455.01078503317552  2231.109997221773    0
5005    -76.236329654096309  2391.538168716871    0
5006    936.62331427476386  3419.715236270747    0
5007    1157.0516409375352  3252.1203098580618    0
5008    1360.816970932136  3356.9887648117265    0
5009    955.99146147638419  3852.773821891225    0
5010    815.37987567472499  3702.7278513710462    0
5011    820.47050261157494  3779.6558190979172    0
5012    731.41518834430292  3723.8178540938452    0
5013    1148.6404713456573  3593.2515078021993    0
5014    1213.9950795950663  3424.2205181302579    0
5015    490.877628327975  4413.9635754336814    0
5016    592.51464285259067  4493.3304997211599    0
5017    516.4395600846243  4485.9905226570818    0
5018    541.46534698708092  4624.5206463771483    0
5019    452.9928938913452  4568.9778544597102    0
5020    548.48878762962909  4551.7263006273961    0
5021    674.02136080821515  4600.5740962301907    0
5022    922.65529656285344  4034.3083187290181    0
5023    -705.93213160798564  -2591.5800821013577    0
5024    -795.35605372150928  -3284.1579275149629    0
5025    -788.33133564348645  -3143.2315038681627    0
5026    -719.71658271286049  -3125.7930066234685    0
5027    -609.28723219652124  -3195.1407788083043    0
5028    -667.75029673842778  -2899.4222853092197    0
5029    -608.58000775995504  -2949.0443300269508    0
5030    -470.52115417697428  -2914.8225590073134    0
5031    -544.37673670966183  -2912.4635717142232    0
5032    -511.63077914862345  -3044.5686389171951    0
5033    -504.33072868992099  -2816.0173954557622    0
5034    -638.03315755072629  -2815.6295284685243    0
5035    -1037.4123475888468  -3238.6695585844946    0
5036    -1332.7550104299207  -3016.3698683644261    0
5037    -1195.7995864264744  -3288.1919404383289    0
5038    3488.5023841484553  2015.9876034015854    0
5039    3419.1295206398804  1913.2893967969815    0
5040    3350.8137855358491  1901.192442742331    0
5041    4004.7436302054339  1594.3704296205244    0
5042    4053.5946764502933  1535.0485686818688    0
5043    4024.4124000399452  1396.5453895593955    0
5044    4019.4710040372192  1469.9124356456082    0
5045    3945.2013421777337  1462.2989228756305    0
5046    4135.0804594844221  1440.8490013701387    0
5047    3925.4404353214422  1357.9054187425445    0
5048    4144.105028511678  1600.1260095371242    0
5049    4690.9937078212279  1712.3463724249752    4
5050    4446.7076665885825  1815.5900095660779    0
5051    3683.9570342090174  2180.0483766329362    0
5052    4567.9072850647008  -1284.5355946180589    0
5053    4517.8634765579409  -1342.7625687194761    0
5054    2777.4469672583341  2566.048597620495    0
5055    2637.8631876984509  2690.8316740630326    0
5056    2375.7618037721245  2654.9349673983452    0
5057    2276.8902030331933  2644.0354987634855    0
5058    2409.763731787501  2749.2125681982898    0
5059    2327.926710106864  2866.5273639423231    0
5060    2352.3007973788476  2796.3288271912038    0
5061    2215.671113501076  2788.2195628253621    0
5062    220.24750512773409  2139.8949498459374    0
5063    -8.0407853489271801  2388.7208455923856    0
5064    -35.627703990255256  2473.099332029683    0
5065    -45.707479233802481  2303.7409214787972    0
5066    -107.33209513167459  2544.4175093069821    0
5067    1272.9408208909299  3311.7630334159985    0
5068    893.74012670553998  3882.5643485025839    0
5069    958.26985983933469  3937.4713987557507    0
5070    1107.2760992226399  3891.0836385595417    0
5071    1026.23110432927  3893.2637810208275    0
5072    1045.0632543212168  3779.4260370991415    0
5073    1069.4519706938765  3992.4833450808969    0
5074    755.79383075370686  3783.8722634208293    0
5075    1286.8172702540242  3688.9549979369249    0
5076    1241.5734589902786  3532.033436704251    0
5077    652.79596118310189  4401.9363847436271    0
5078    369.67016065436383  4524.5512046582598    0
5079    398.76707275991322  4753.5865031796111    0
5080    921.67731141139086  4137.3536408025166    0
5081    -771.98207663770029  -2620.0068333003778    0
5082    -583.04053200307578  -2636.2447828093573    0
5083    -856.90589563971241  -3354.5484776237031    0
5084    -675.58676407532732  -3295.5321519231829    0
5085    -567.0925666408441  -2822.3037556195518    0
5086    -312.27164348179019  -2805.4849285458513    0
5087    -1270.9134106934066  -2997.9646526038559    0
5088    -1284.0344048572542  -3066.9746799721538    0
5089    -1308.1558901457086  -3424.0372727606418    0
5090    3413.9151991333783  2032.6194092404717    0
5091    3300.65741758886  2116.1940128351357    0
5092    3326.6849978854925  2032.9367382499724    0
5093    3369.2057411821888  2091.92637535522    0
5094    3383.4375787351933  2225.1050310025444    0
5095    3211.3492099551318  2042.5778522101652    0
5096    3857.8522162955478  1379.823912725411    0
5097    3865.47878570182  1288.1740200408324    0
5098    4362.1097187512951  1791.3685130302983    0
5099    4424.7019441640468  1674.2754590407853    0
5100    4373.6876503034991  1910.7780459040064    0
5101    4420.4931123396645  1747.3015228912129    0
5102    4552.0525940209736  1718.2495887153252    0
5103    4333.9454868615603  1854.3653767486087    0
5104    3570.2400027967328  2117.0674093507814    0
5105    3727.1560824372477  2100.0512165574446    0
5106    2770.5580165745846  2490.4423788459058    0
5107    2875.6105203223265  2664.6282254597099    0
5108    2611.1278515478352  2629.2063172446633    0
5109    2693.1606360209703  2867.7742600146212    0
5110    2572.3681595809394  2786.1951334100963    0
5111    2297.999496176822  2582.129037440483    0
5112    2190.8919824432396  2624.6908069309416    0
5113    2218.1823962998265  2704.1972940774499    0
5114    2047.0195393434431  2699.9273570398136    0
5115    2108.3454593970382  2642.0193425423868    0
5116    2131.563319220455  2743.6570604526605    0
5117    2019.4641497549906  2609.3187777056469    0
5118    165.1472122729854  2179.0306865676289    0
5119    98.901603377051785  2194.8587321676    0
5120    -6.5206702941374317  2126.8571598762446    0
5121    30.83059918261219  2184.6702210281455    0
5122    -13.884989622760187  2240.0617599152015    0
5123    -135.15621622957337  2219.2496278922886    0
5124    186.19809715965854  1968.732500539415    0
5125    -113.91595830004773  2461.1884731475607    0
5126    -62.740271704885323  2594.7568807669145    0
5127    -131.65035485015912  2606.4273970341592    0
5128    -171.68177080604892  2513.5481462756607    0
5129    1383.9676027383482  3186.5399556480693    0
5130    1287.6577193146354  3391.1542953887783    0
5131    1383.2307538827374  3500.3951540072781    0
5132    1351.2607149726459  3431.9371473162987    0
5133    1485.4517480139116  3410.9636836834998    0
5134    1307.459943156435  3494.0862459961527    0
5135    1337.1424755097396  3595.7582781855999    0
5136    1226.9388287205879  3359.3278675985543    0
5137    994.14481939228926  4006.6963039208567    0
5138    1204.2322008553988  3660.5897590170434    0
5139    1203.8619794334063  3796.073017450427    0
5140    1174.5615233265241  3728.2508160021416    0
5141    1124.2007108513976  3790.2478988795251    0
5142    280.44025810248866  4506.0266141369993    0
5143    451.91458245210185  4668.9294235465459    0
5144    856.70068683973409  4104.0849725232192    0
5145    1063.3194467035412  4263.7023778018292    0
5146    -618.45086876036589  -2698.3776832607491    0
5147    -530.66996610577166  -2707.2482926475686    0
5148    -430.985613594261  -2578.9079716722731    0
5149    -498.92709793511176  -2629.020057552827    0
5150    -402.31393861368934  -2713.7773321446653    0
5151    -553.79125978993989  -2483.5225056492432    0
5152    -465.35678526428035  -2688.1962773259129    0
5153    -457.91073098269442  -2760.3189866735547    0
5154    -411.19141392965946  -2645.1822668837308    0
5155    -417.24342202461708  -2841.4046218172311    0
5156    -285.15254863807695  -2663.7424847761818    0
5157    -338.28381917919205  -2587.3137712869288    0
5158    -546.87810072214211  -2564.0085488970412    0
5159    -634.51742633372646  -2530.9962059214554    0
5160    -732.67391036113008  -3260.3876982272782    0
5161    -739.85340353205504  -3335.9869449310681    0
5162    -672.01924201398151  -3225.8000364855893    0
5163    -636.00489591901407  -3429.6865711771293    0
5164    -674.71507647093972  -3368.1914297645767    0
5165    -764.3739074758588  -3467.5614717510794    0
5166    -546.34606491409454  -3330.3165291906262    0
5167    -1271.1354472815133  -3340.2694587857409    0
5168    3798.8787437897081  1280.0671112173543    0
5169    3806.9914905382316  1186.2125827468715    0
5170    4019.0741438595064  1216.7442560208037    0
5171    4354.0274416299635  1677.8624885500092    0
5172    4382.5486719857108  1582.8865864782024    0
5173    3508.2701379360196  2083.5907566894216    0
5174    3571.1191222495017  2041.3443628604534    0
5175    3499.1644982505204  2174.5422178080926    0
5176    3642.8180581320476  2007.2442247239385    0
5177    3847.369454608036  2216.629791937718    0
5178    3648.7886335993085  2109.3947043938319    0
5179    2843.9493162716885  2597.9913660230704    0
5180    2954.0511715905996  2586.5186484413621    0
5181    2690.465397655712  2771.5045951327634    0
5182    2510.4736082662903  2772.1179074002525    0
5183    2547.6803652068497  2715.737880565312    0
5184    2525.8437901297548  2847.6456695090515    0
5185    2608.957905871338  2862.2344626171644    0
5186    2433.8804383084062  2930.4097677552641    0
5187    2548.1072062634639  2964.8582724924499    0
5188    2645.2624466529605  2953.1137986589806    0
5189    2094.6201929512831  2915.0382283837298    0
5190    1946.3190512735498  2681.0575557007505    0
5191    1992.3455127576729  2542.6296734759476    0
5192    -144.3999861808677  2318.6299404881133    0
5193    177.11144729055013  2059.5080662619162    0
5194    1309.1039124245315  3231.9949008165427    0
5195    1269.0034733140683  3162.2899835983326    0
5196    1385.5685917948369  3273.5539871928709    0
5197    1345.4045404158269  3084.7238708113164    0
5198    1501.7813138412696  3227.8940211907802    0
5199    1443.8150067346094  3336.222046654907    0
5200    1435.1864721183006  3229.1193133755492    0
5201    1461.9225301914125  3144.8630446064021    0
5202    1552.4432698292176  3324.6761178344918    0
5203    1529.2391263821874  3629.7785194441067    0
5204    272.01455812712481  4440.2229951898853    0
5205    297.05906972499736  4650.1417046719489    0
5206    601.76086141985934  4957.3617914812867    15
5207    915.9016179008247  4286.3961316463519    0
5208    1010.3168222383388  4180.552801004409    0
5209    -313.73253900515942  -2972.5603119819775    0
5210    -176.23115900660153  -2531.3410424947438    0
5211    -369.73355254766091  -2418.7761632924257    0
5212    -638.81627053050454  -2598.3116808797172    0
5213    -667.06586169905893  -2383.2777119968987    0
5214    -712.42954656990162  -2511.5382562639747    0
5215    -657.8456159629925  -2458.6912379385581    0
5216    -591.79575132138575  -2412.3454086939901    0
5217    -738.25469461083333  -2430.2518443169315    0
5218    -480.27152617389402  -2398.5325214246991    0
5219    -577.90179906726246  -2264.3784191405675    0
5220    -605.7159516981684  -2336.4025069245581    0
5221    -522.94348927673707  -2326.9847930556321    0
5222    -689.6930132562112  -2262.589715605905    0
5223    -406.17349622581912  -2305.8406151123118    0
5224    -479.57411752798572  -2233.488014103993    0
5225    -854.20543999600204  -3446.7252612614589    0
5226    -1438.1428941654326  -3316.5263332714494    0
5227    -1141.1484432617892  -3447.7803982749333    0
5228    4002.2561340134816  1307.2233916371358    0
5229    3927.0897014888969  1060.9784997192442    0
5230    4489.8455645482873  1435.0714197798184    0
5231    3429.5163931217257  2172.8512187929819    0
5232    3462.526609447943  2248.4041875978669    0
5233    3588.9446834461196  2265.0938128911271    0
5234    3381.6791169026255  2376.9576427473503    0
5235    3403.9734976534241  2301.2793255212409    0
5236    3511.855274212664  2361.8879649254545    0
5237    3258.6695279414271  2299.5966973337945    0
5238    3331.5588069363666  2279.946389668904    0
5239    3272.6054487663209  2206.2795034212158    0
5240    3770.822171086897  2175.2937021384155    0
5241    3844.1674254027812  2131.0151910660379    0
5242    3735.8183288717837  2331.658963897145    0
5243    3886.0993972709289  2062.0928885136991    0
5244    3731.2686996569546  2248.5398849896087    0
5245    3980.1491785600765  2080.5713106828248    0
5246    3664.4179251600144  2293.8831020756961    0
5247    3936.1406393995021  2170.4425257150056    0
5248    3635.68512451268  2434.55627280004    0
5249    3598.9589850348552  2352.1645589871951    0
5250    3671.48015549102  2369.2194207771181    0
5251    3769.4068543960229  2465.3425620666708    0
5252    2827.2088980733797  2794.5850454266306    0
5253    2628.3873443208208  2754.4962417757629    0
5254    2617.504538659181  3131.2154749194206    0
5255    2041.6272231949117  2813.9426655968355    0
5256    2137.2609379516757  2834.5575817075137    0
5257    1910.5751886428707  2775.1399931901619    0
5258    1894.2491204801458  2636.7862633014774    0
5259    -147.15425135739554  2389.5230045266098    0
5260    -218.44728436133329  2377.9882200027391    0
5261    -184.43180183577527  2264.7863605862572    0
5262    -212.11668274610778  2185.3992990632541    0
5263    -290.80939289999293  2191.4225026417089    0
5264    -126.60911316757215  2095.405391568092    0
5265    -260.40349201812751  2071.6045267272707    0
5266    58.672593207473064  2020.5936588174241    0
5267    305.70156157789216  2026.5373885243237    0
5268    1437.9885357730839  3585.6777975148557    0
5269    312.58931710470864  4575.3350600280246    0
5270    378.3134433386773  4627.9951317537189    0
5271    191.76921019932041  4589.2675815246894    0
5272    353.34586381547268  4696.5225256978174    0
5273    274.89777824678322  4805.5737877115953    0
5274    280.87271003859377  4727.1297805570221    0
5275    103.84419841603521  4992.6714741138994    16
5276    213.70894524269278  4672.8133446544862    0
5277    198.49817240574049  4760.3050208953382    0
5278    54.635487161186312  4669.9335608856591    0
5279    228.76510337727484  4990.0732035670862    16
5280    134.57834027311509  4648.9399766489323    0
5281    179.3628480801645  4879.7032755223918    0
5282    114.34065576122978  4734.5821857570563    0
5283    63.947471011126567  4542.6866561089037    0
5284    136.79506447914372  4811.64867712878    0
5285    122.65108003204304  4580.2662531980659    0
5286    132.86984166240848  4499.6627253057277    0
5287    79.619934869029905  4894.7516703093861    0
5288    -11.714902674854606  4791.1045394653811    0
5289    41.81708788760551  4741.6659546789988    0
5290    60.563377698692889  4815.665848985961    0
5291    -58.517972520517034  4686.7248256204293    0
5292    1.1703359864620353  4871.8160738099841    0
5293    -21.076706545204445  4995.2697446607126    16
5294    -142.23389210046994  4853.3256203204537    0
5295    41.383745935415376  4993.9706093873065    16
5296    8.9540208666835959  4936.9500936178592    0
5297    -83.764483665193865  4926.0979883498421    0
5298    -67.80767002881322  4841.4438039005236    0
5299    -118.85313987051978  4760.7405348334942    0
5300    568.48837250845406  4791.5072766651274    0
5301    891.35753510028178  4210.8118442917557    0
5302    829.25480738402644  4272.7553103583668    0
5303    848.396799543155  4433.1766131045397    0
5304    783.4101401079256  4359.578339110818    0
5305    1172.9786404801453  4128.3672283969845    0
5306    986.41012545172475  4254.2595241042818    0
5307    1008.1252114379805  4395.3199608345776    0
5308    977.3744947049239  4327.8521318134244    0
5309    923.28370062225213  4393.2475657102395    0
5310    962.03067117885712  4544.6843570261299    0
5311    918.8197238932288  4475.0650699831804    0
5312    820.31488817381819  4584.4241733850722    0
5313    849.42045830191137  4511.5974179824534    0
5314    737.98234909782991  4509.2901005140939    0
5315    -383.98432854772528  -2921.5801813800758    0
5316    -433.47986554235405  -2997.9447369596046    0
5317    -306.77410586746032  -2889.0770773345389    0
5318    -162.26057762620303  -2943.1540770134661    0
5319    -206.21709927251408  -2840.4869751004958    0
5320    -242.14359879581411  -2936.4957262201169    0
5321    -214.00550735232201  -3081.4354611086587    0
5322    -207.63429785587533  -3004.9973942544739    0
5323    -75.316296766320534  -3054.5108245161082    0
5324    -134.49262170420317  -3011.09384541895    0
5325    -27.938132581932052  -2927.8990356126706    0
5326    -249.36388515709035  -2582.1810276406054    0
5327    -122.67225346215562  -2686.4051836702565    0
5328    -271.43913438473112  -2472.405759170842    0
5329    -171.31976486753825  -2616.4263054446733    0
5330    -206.3696005253102  -2692.690734041802    0
5331    -22.942762892434686  -2565.1771270497948    0
5332    -268.60067927279681  -2740.3748205942284    0
5333    -158.73895149980248  -2766.539786304731    0
5334    -104.35872491349532  -2569.8767173764013    0
5335    -102.64992792450639  -2854.7673941332878    0
5336    -71.981821092955087  -2423.1988814784913    0
5337    -57.315575415698333  -2764.0043729190224    0
5338    -108.85564546448289  -2491.971817726323    0
5339    -181.32103257679358  -2408.8464764037085    0
5340    -377.77685215626866  -2507.480193951917    0
5341    -466.02527131541927  -2497.2735314507186    0
5342    -468.3445464087506  -2295.5039952914822    0
5343    -583.49812480249102  -2074.6253625571394    0
5344    -846.22652692355052  -3616.3898921625705    0
5345    -1357.9875661483916  -3351.9502699878212    0
5346    -1368.0097849096078  -3266.2304996796483    0
5347    -1460.8620976809741  -3476.3315860416847    0
5348    -1337.1402718060463  -3199.8408565774553    0
5349    -1437.9850197240048  -3110.3079304835292    0
5350    -1426.331104053992  -3198.7409592720978    0
5351    -1391.8838460251284  -3428.6489004599562    0
5352    -1588.9254262294148  -3175.1836224369285    0
5353    -1341.8447243676878  -3574.769654654342    0
5354    -1504.30607073075  -3164.032281738308    0
5355    -1346.2574756786121  -3494.6524658528997    0
5356    -1566.3839992584694  -3019.6011784258635    0
5357    -1533.7287088910125  -3267.3982549565621    0
5358    -1230.6207144755422  -3528.4634610803105    0
5359    -1555.7135599917181  -3100.5713252488222    0
5360    -1704.5865129988995  -3079.0019970415747    0
5361    -1633.1918702186845  -3110.7816019520992    0
5362    -1725.2256641897995  -3221.4548057627326    0
5363    -1663.6009800543343  -3179.0973516315912    0
5364    -1638.4267802010747  -3281.729344302697    0
5365    -1190.980119264472  -3375.6933955021127    0
5366    -1220.7049383096205  -3449.5084148290775    0
5367    -1104.3046452938686  -3369.0442331449244    0
5368    -1033.4976449106434  -3450.1660833179417    0
5369    3940.6539973387307  1248.9703477308394    0
5370    3947.4559826557111  1153.9942790852313    0
5371    4154.4997750444381  1288.7194055714876    0
5372    3849.37934790193  1106.6585840558719    0
5373    3805.6829786263738  1031.5516984298158    0
5374    3890.9960428879886  944.73237243301401    0
5375    4524.2898963119542  1572.9242771665211    0
5376    4415.3513527165233  1493.8473632803202    0
5377    3572.08171173869  2192.0296577648596    0
5378    3334.7272379122801  2176.2134431207855    0
5379    3143.0673800679901  2234.633570923148    0
5380    3208.570757411977  2136.929229484027    0
5381    4114.4735761668953  2149.9431002828123    0
5382    3973.6323285015587  2350.9029804740344    0
5383    2752.9493721391195  2817.9278079215314    0
5384    2811.4190126795629  2948.8399694018754    0
5385    2763.722188226146  2891.6296218009402    0
5386    2842.87789401588  2874.1245658494372    0
5387    2728.8100769323914  2969.2240168292924    0
5388    2976.0450234727286  2806.5779983815582    0
5389    2806.2498376209087  3105.4748471652115    0
5390    2670.2500662104753  3048.2221585116745    0
5391    2899.9356438998238  2821.5712690647961    0
5392    2959.5982523764342  2967.2501857864536    0
5393    2786.7448519906393  3026.4284207664373    0
5394    2887.6778975561424  2743.1145002325547    0
5395    2888.1049496925934  2937.147968324778    0
5396    2889.0169657773085  3043.1220898639326    0
5397    2812.7761069242356  2716.3734219463604    0
5398    2978.0398819612928  2689.050389963531    0
5399    2952.0208183305358  2885.2966841978341    0
5400    3103.5794350130441  2888.525629535704    0
5401    3027.1019520604009  2919.681726583136    0
5402    3041.3359889546878  2845.1803994901898    0
5403    3054.0723617430526  2749.1216637106581    0
5404    3114.8016305079009  2806.0474447701472    0
5405    3120.57185868134  3039.6771577661875    0
5406    3185.3507020333905  2669.9283138853662    0
5407    3038.348708320254  3007.322815191143    0
5408    3255.4016013895002  2867.1803939385818    0
5409    3130.8798445890648  2728.0386336740617    0
5410    3102.4055192624496  2965.1885074020938    0
5411    3022.1049595914083  3169.2589494639906    0
5412    3176.4802873378508  2856.442155487819    0
5413    3068.8004095754463  2652.3273460272853    0
5414    3217.579282798612  2976.5593910975863    0
5415    3053.064021536793  3090.5816714612238    0
5416    3229.0487881990966  2765.4744067419124    0
5417    3164.3261690858103  2927.6905559911543    0
5418    3177.0576000451856  3184.8021867266598    0
5419    2961.4604439234213  3099.9659305538453    0
5420    3101.7732786984534  3155.1782339507677    0
5421    2975.5094427015015  3033.3978660373627    0
5422    3086.9003433535095  3303.4485436714031    0
5423    3073.4268585253726  3227.2159198559498    0
5424    2945.0241889345016  3289.2170034821438    0
5425    3000.4817656838877  3240.108360814902    0
5426    2907.1596617317446  3190.5892373267698    0
5427    2225.3026306056795  2894.0266921990501    0
5428    1847.8537708727583  2812.3170901608273    0
5429    1985.5566987676273  2749.7958838564396    0
5430    1962.9765908248737  2838.8683667881601    0
5431    1976.4530201022351  2967.4212747121542    0
5432    1948.0687382867247  2905.4140163533716    0
5433    2021.4790171765437  2886.9170271850935    0
5434    1871.5390949906825  2977.9462142488119    0
5435    128.17083618040229  2008.7665321285924    0
5436    72.721283558360952  1893.0407801468934    0
5437    249.01371268398481  2072.6918711708158    0
5438    1474.7425044498743  3501.8584236422712    0
5439    1425.0186700998063  3728.9697802071287    0
5440    215.11386390094106  4525.2869244705944    0
5441    136.348005036497  4932.6740883926386    0
5442    -293.42437555306793  4765.9003508476007    0
5443    -171.0906917402242  4656.5587289610612    0
5444    529.15570199822969  4712.1925344024148    0
5445    619.97284754113934  4680.2436748832506    0
5446    480.70462314814665  4785.629751859613    0
5447    477.72343487918698  4972.418362250779    15
5448    398.58297419050155  4874.8398317482834    0
5449    518.49810482511953  4879.6510397482025    0
5450    705.53456702962831  4342.0015094488108    0
5451    1100.3620225316236  4181.6223581600925    0
5452    1093.3749385076555  4095.9588839441958    0
5453    1231.076985274691  4283.7240244159466    0
5454    1169.0898493033492  4023.9508207644844    0
5455    1149.6393089267015  4253.2597513739393    0
5456    1215.6194894205851  4200.9627852924887    0
5457    1144.8884628956248  4390.042315861233    0
5458    1322.9909606508102  4089.0745448510311    0
5459    1113.9815773242658  4320.4950447366364    0
5460    1346.7136130316749  4219.3021864846905    0
5461    1253.5260862626303  4129.8765077000335    0
5462    1278.0907458005131  4232.1190280032215    0
5463    1331.5071914454293  4328.0010742083241    0
5464    1250.692253623999  4045.5193821846296    0
5465    1316.4868176791642  4157.5338738509017    0
5466    1441.0983938527913  4134.8342605651569    0
5467    1240.6711945756872  3918.2816378268622    0
5468    1223.3919064879315  3983.6560235099541    0
5469    1155.8092470271156  3949.3169652971437    0
5470    1325.3262727892741  3975.6278215883153    0
5471    860.91175801546012  4344.9860120338099    0
5472    769.70714620151909  4437.1684429008674    0
5473    -389.90400614289069  -3159.7966985507483    0
5474    -159.03948998322153  -2881.0315227084338    0
5475    -96.49799128090082  -2923.2113992404811    0
5476    -66.330536384222626  -2985.7029432741379    0
5477    55.33604764451519  -3024.8601302104576    0
5478    -16.243198426551828  -2841.2225427386725    0
5479    101.23436277700404  -2901.2005727852393    0
5480    100.10712627022238  -2729.8034639160664    0
5481    31.956996929431654  -2891.8532375945629    0
5482    77.507509485025722  -2815.6543572338633    0
5483    240.99726835279085  -2812.7917966600867    0
5484    23.257543394862566  -2755.4734141390368    0
5485    158.84869376415639  -2791.1667880736186    0
5486    31.634714409281543  -2652.6831771019388    0
5487    181.23080675269375  -2872.9866849901778    0
5488    238.25815566890847  -2656.3525316531332    0
5489    181.53008068572609  -3001.3514156277301    0
5490    179.54112411860024  -2712.5608697640241    0
5491    158.91212388761156  -2937.2214337199675    0
5492    98.111480706495882  -2970.3892055933529    0
5493    261.81704620994259  -2936.9815176567404    0
5494    135.77138275459166  -2608.0645794331181    0
5495    -314.61260494107012  -2139.5452618049185    0
5496    -431.07884385792573  -2441.8332728414975    0
5497    -553.93986810705223  -2168.7126640270976    0
5498    -826.2888777576303  -3530.4323433887298    0
5499    -942.42735764183067  -3522.6562042110622    0
5500    -683.878681164515  -3608.7550696192316    0
5501    -886.71254723528568  -3561.7082364047765    0
5502    -963.40502790620542  -3660.8196095635126    0
5503    -949.65224682306177  -3592.2334793707914    0
5504    -1036.986736481613  -3548.0009318387984    0
5505    -744.03824722819525  -3549.5101816770948    0
5506    -764.22479964022477  -3630.1750199028043    0
5507    -655.99634335868859  -3520.2756312500933    0
5508    -829.6628919116929  -3768.6488969843322    0
5509    -816.47224763743361  -3690.1834931917929    0
5510    -898.18948045895286  -3716.7876179936225    0
5511    -687.03459839280754  -3752.2843949358767    0
5512    -1030.0130934358954  -3804.4127886239362    0
5513    -707.90640592063016  -3680.0261076919005    0
5514    -581.97728107950945  -3682.7950323959853    0
5515    -760.70855404279564  -3739.8992303373998    0
5516    -745.34334160675542  -3873.8180029843447    0
5517    -976.45870468796727  -3742.009660866398    0
5518    -1113.528619008463  -3678.3272548435343    0
5519    -919.36743313524221  -3845.1871751395397    0
5520    -1054.0304812860165  -3729.6192943328547    0
5521    -1174.6100197266724  -3809.592244546222    0
5522    -1103.0419939663414  -3786.6106062547442    0
5523    -1098.0859020176483  -3924.9717918595861    0
5524    -1081.0514385464  -3855.0922617754459    0
5525    -996.37380145687871  -3912.7500471991389    0
5526    -1466.5247100566496  -3254.1951952030595    0
5527    -1533.4913036723169  -3384.4884334022559    0
5528    -1590.9432291257228  -3239.0182218178034    0
5529    -1788.6763513065471  -3405.4625514486588    0
5530    -1134.539085166522  -3311.0630641374823    0
5531    4078.6205663944902  1076.5375814101214    0
5532    3883.4251375096669  1197.1401315060884    0
5533    4082.8352987391154  1334.6447029115452    0
5534    4084.113546695537  1257.7620198574848    0
5535    4153.4018602834885  1365.8834909193265    0
5536    4096.0866032974609  1166.7036456833769    0
5537    4290.7414540068785  1329.2477482387728    0
5538    4243.4226599046342  1427.605979894345    0
5539    4216.9050689002524  1328.197181038523    0
5540    4255.685627283412  1197.8309228227024    0
5541    4455.3055960929914  1604.7434024234901    0
5542    4517.7726628705741  1649.4838430382613    0
5543    4733.838076724629  1594.9737028658365    4
5544    4618.4190598871137  1642.2385085151234    0
5545    4487.626908424284  1508.8553910415403    0
5546    4619.5348630144363  1475.8964706658487    0
5547    3213.233166635724  2245.1120776722942    0
5548    3164.3869822254605  2332.0340616537032    0
5549    3134.0652691070363  2087.518598773966    0
5550    3143.5439026569111  2015.4432600332327    0
5551    3138.935144562648  2161.0535163887171    0
5552    3076.7259567486803  2201.4532270335781    0
5553    3076.8229802898222  2284.1715726797465    0
5554    4025.0881469779879  2158.2879828582109    0
5555    4063.8356177422206  2090.4336183564369    0
5556    4081.2026671400286  2276.4591435980406    0
5557    4138.439307953322  2078.2508887562753    0
5558    4251.2535222683755  2074.6100847711714    0
5559    4196.8211237613723  2137.6189511307662    0
5560    3991.836170990508  2246.48674399022    0
5561    4074.7296577787647  2207.1241092614096    0
5562    4168.5396036111088  2229.9245361184667    0
5563    4496.6088897331447  2172.1097022821341    5
5564    4335.7346610410032  2202.6081444338056    0
5565    4275.4430512760819  2150.5231424497447    0
5566    4394.8747453351934  2070.6559966233131    0
5567    4255.1836042743389  2234.9128386215884    0
5568    4347.1255865931707  2128.4843101043639    0
5569    4423.9192526545712  2143.26573635348    0
5570    4442.2608495925042  2284.6186976515746    5
5571    4257.2954420001279  2610.1700299980962    6
5572    4550.9569298737852  2059.6007069126936    5
5573    4331.2734662051007  2308.0627581849762    0
5574    4523.7829098034654  2115.8552045974138    5
5575    4472.2898678708925  2056.2907069814505    0
5576    4204.2858568937954  2364.0051402607678    0
5577    4419.222283980499  1986.086613445219    0
5578    4515.1998093437242  1972.9470029759298    0
5579    4208.484303159501  2291.0804968970815    0
5580    4140.2524775801558  2323.7354063657699    0
5581    4100.8820381078558  2457.3837901782144    0
5582    4061.0005709837087  2362.2081490892333    0
5583    4139.4151402188845  2396.1118495679193    0
5584    4322.6041257259958  2503.6488615095559    6
5585    4211.0358656755379  2483.9056097448015    0
5586    4337.1946975366  2008.2603801585337    0
5587    4006.3847719035789  2441.037407794151    0
5588    2580.0808371129965  3049.1736455504897    0
5589    2453.3551569994843  3156.5364591343409    0
5590    2466.7852087836454  3043.916893564874    0
5591    2531.8589334756753  3120.7266542617313    0
5592    2556.0879505545904  3277.7970958357437    0
5593    2521.8224430811556  3202.6787937643667    0
5594    2405.7911698612475  3300.9812368481003    0
5595    2449.9436168720999  3235.4666016451652    0
5596    2311.7280184387441  3189.9538108732104    0
5597    2387.2542995147019  3193.218228374134    0
5598    2354.320995360988  3079.841863061079    0
5599    2714.055801056877  3134.3200218823804    0
5600    2951.5856601063315  2747.3821025175321    0
5601    3006.2962233446142  2628.3673154383255    0
5602    3054.3598394119135  2514.8269178345708    0
5603    3059.2150973907792  2583.8255118106636    0
5604    3179.1029411269037  2540.7191818286515    0
5605    3135.0788374194231  2608.1316072273689    0
5606    3376.5766097937726  2640.2367083757686    0
5607    2881.2541896183466  3118.9267445182322    0
5608    2832.0923785890286  3177.2119498110405    0
5609    2854.7664204353719  3267.2859419538845    0
5610    2265.0362608981354  2837.0678412266998    0
5611    2283.1830203397385  2769.3611870106702    0
5612    1837.5401903487782  2918.9613900817317    0
5613    1933.4878967405377  3067.2995950428631    0
5614    1804.8439386424966  3005.0873050851415    0
5615    1641.2284253736686  3475.3955881814036    0
5616    1366.6546678019013  3671.8804269242819    0
5617    1342.644846815441  3754.804553512527    0
5618    1268.8850384772659  3760.74825664949    0
5619    1313.1946554707697  3849.9772067207491    0
5620    1410.8563645272629  3828.0547557290861    0
5621    1458.4652145181335  3659.7641799699668    0
5622    1533.6931192753977  3738.8062901181665    0
5623    -205.40551930669315  4788.1279813416068    0
5624    -121.57807573164681  4696.9197821020152    0
5625    -175.80858362034857  4731.2037953641111    0
5626    -101.39854389640634  4621.6145546168345    0
5627    -252.21287913744203  4688.9030837613973    0
5628    -12.152954629474742  4609.5142138786077    0
5629    -350.32790648743679  4685.916175019348    0
5630    -236.38784993383507  4610.6909098357037    0
5631    760.9945944603171  4717.745743241735    0
5632    604.98032209428243  4870.4512314208641    0
5633    677.85755348801524  4788.8574290527104    0
5634    725.79828796053175  4942.3052207117944    15
5635    663.77957469019555  4949.8335060965401    15
5636    685.80415465250496  4872.0519398084689    0
5637    777.59521600290066  4821.307432008075    0
5638    539.74214814952313  4964.8900768660333    15
5639    457.30267842549165  4908.0980352193683    0
5640    -434.51725289616985  -3085.0160421423229    0
5641    -516.80550656393143  -3148.1670240703465    0
5642    -331.68836625161998  -3074.3677494940575    0
5643    -51.194913626370564  -2643.5709755150392    0
5644    335.78363505806971  -3111.4931080401411    0
5645    59.718063454820594  -2574.3946101607885    0
5646    157.43229021117418  -2456.4080402342261    0
5647    29.793055082761938  -2467.5041313490347    0
5648    125.21433795380823  -2529.1815610650842    0
5649    222.79407367859446  -2556.2702462270026    0
5650    97.681877473411575  -2662.9994815850573    0
5651    -383.84500091174158  -2209.7804822070243    0
5652    -665.73179993805036  -2152.1463391724715    0
5653    -1088.3915481976121  -3497.1880380389925    0
5654    -1158.1834904375555  -3518.8406358204838    0
5655    -1182.7053142147356  -3611.701332056778    0
5656    -695.64527618582906  -3464.0253793944398    0
5657    -733.1044007534673  -3405.6417214022808    0
5658    -485.41120660780109  -3510.4204225554226    0
5659    -591.78117517870214  -3589.1445912207519    0
5660    -854.87206720456925  -3996.3636247789332    0
5661    -983.77268939913381  -3849.4461168783428    0
5662    -1503.3694705012085  -3325.8820302322811    0
5663    -1575.1608155342933  -3326.0275901775667    0
5664    -1461.6999586392319  -3384.3428734569707    0
5665    -1657.9610072580381  -3429.1265611027688    0
5666    -1643.3388000353962  -3356.0713875291394    0
5667    -1724.7195546969383  -3313.3609990572272    0
5668    4000.2954179706085  1093.6872737107865    0
5669    4011.1324871033266  971.15728153577993    0
5670    4389.23509473595  1384.1509596894919    0
5671    4191.6547952978162  1101.4164624011978    0
5672    4648.1493389178268  1829.719041984114    4
5673    4712.4158922729284  1653.6600376454057    4
5674    4670.6180509178512  1605.1496132654243    0
5675    4602.7634410145938  1564.9278229975862    0
5676    4689.7996731084213  1522.8476152186161    0
5677    4838.5076674171187  1235.4738436410018    3
5678    4698.5760298782798  1433.6603155730381    0
5679    4593.5196680532281  1332.1340760848893    0
5680    4807.5950565225749  1356.53743847385    3
5681    4629.6900742427306  1399.8237392390076    0
5682    4792.1387510753029  1417.0692358902738    3
5683    4735.6099848735939  1370.3958520519202    0
5684    4755.2837588968187  1278.7017310922147    0
5685    4562.8341280017748  1429.6131012412218    0
5686    4521.1483394551769  1362.9214998383959    0
5687    4502.756394655139  1219.2333871755277    0
5688    4532.2161111340884  1288.4837031088523    0
5689    4445.5522859021921  1313.6398096532009    0
5690    4640.1575897817438  1201.6730387501611    0
5691    4598.4537971548607  1260.3312476900064    0
5692    4676.6080895004652  1271.7420035796038    0
5693    4366.8440462101235  1308.5214300669484    0
5694    4722.2940183975079  1203.4603566184389    0
5695    4310.9761983988192  1253.466034926807    0
5696    4411.5675149898752  1228.5130814929562    0
5697    4684.3942256091277  1056.9614684298142    0
5698    4342.8044945044849  1166.5432093411307    0
5699    4682.6839858021604  1135.5557645614704    0
5700    4557.5732999674001  1101.8200661792987    0
5701    4869.4202783116634  1114.4102488081539    3
5702    4776.2236035353953  1126.497273280942    0
5703    3908.4057919119932  2285.7364988164231    0
5704    4469.434869662824  2228.3641999668544    5
5705    4399.8924731338457  2229.4619159148424    0
5706    4415.0868295221844  2340.8731953362949    5
5707    4293.5714611066569  2394.5805974719392    0
5708    4534.6757119683325  1870.88515969891    0
5709    4024.6557784565125  2616.7281833452762    0
5710    3885.9069088488145  2433.7979500523388    0
5711    2302.7816253334609  2977.9288558831013    0
5712    2734.553715167684  3069.6979951114772    0
5713    2662.4541637377997  3236.2063800215506    0
5714    3070.3921335175514  2399.9667797596358    0
5715    3251.0818489565818  2430.7819805343293    0
5716    3285.1509410284657  2682.0503151075691    0
5717    2861.0175826384298  3438.2535971808716    0
5718    1927.2831667119092  3005.4500633383186    0
5719    1986.1640763082523  3030.7791391185206    0
5720    1874.6069871441944  3041.9705192626611    0
5721    2056.1080723696773  2987.6354520636701    0
5722    2024.5666801113775  3142.4197018659747    0
5723    2176.0769584171749  3004.7640140610351    0
5724    1554.2535199690467  3465.1481806156889    0
5725    1606.7008847996683  3394.2246007518179    0
5726    1587.8214189992789  3554.4641288030407    0
5727    1664.4786381726601  3293.2112798155113    0
5728    1721.9659052122565  3393.1234987115777    0
5729    1245.0777450921219  3850.3066108012908    0
5730    1178.9752545124759  3880.1517924519871    0
5731    1377.3300779456461  3907.1958696236879    0
5732    1534.3885837970229  3927.058170009449    0
5733    1443.4559619542365  4011.4229343679153    0
5734    1458.6604294756444  3894.9777041285079    0
5735    1496.8063248735955  3817.1944652000634    0
5736    1631.2225172946958  3832.5732089441967    0
5737    1566.613116008386  3802.1702342712724    0
5738    1643.8980442451063  3721.7841810526875    0
5739    -270.55382649923911  4987.98202447123    17
5740    -2.3095950941069461  4543.9796511045306    0
5741    9.6628760499534749  4457.8317484354957    0
5742    -393.73184420842671  4777.0289150729541    0
5743    -399.2189914017344  4635.9067602448713    0
5744    -299.90411263512544  4642.5295782934836    0
5745    697.03600118087149  4674.3556947959996    0
5746    749.91492578591294  4617.3809410092163    0
5747    1093.6649288120705  4872.5197885141333    14
5748    -585.70770494612282  -3092.7969360950847    0
5749    -581.39638722879727  -3018.4150723465887    0
5750    -528.46017111559411  -3239.7470593405269    0
5751    -367.16817049396849  -3015.6230014254834    0
5752    -278.56540214095418  -3173.1184712835243    0
5753    -273.91852782384314  -3032.0694862353998    0
5754    274.18968815342561  -3034.6685169267253    0
5755    407.94439739401793  -2578.8978375919432    0
5756    -262.28379285557094  -2288.6616377256514    0
5757    -443.04395341787631  -2082.1872221868548    0
5758    -616.2823070787897  -2203.9312246902941    0
5759    -605.8191456451375  -2133.3243133812389    0
5760    -655.18274094270669  -2080.9597788196261    0
5761    -722.98131520011896  -2107.2876887698603    0
5762    -630.56960545334698  -1950.7155216491133    0
5763    -734.0269970404787  -2180.3452297018457    0
5764    -785.08656337201444  -2046.534802661698    0
5765    -712.32375029474224  -2034.2725859821335    0
5766    -763.1269647717204  -1954.8260746568899    0
5767    -839.36476747017616  -2086.4119295916635    0
5768    -1102.200748091258  -3597.340173216618    0
5769    -1041.0789390510888  -3647.1752074830283    0
5770    -1264.6481070478656  -3603.4611806894959    0
5771    -1354.1085763399694  -3725.9637242266826    0
5772    -1234.2697311658499  -3712.9217590471767    0
5773    -1326.6543720157847  -3652.0962100889692    0
5774    -1471.3281991784875  -3640.3612365836893    0
5775    -1400.6462206886836  -3666.6314786806274    0
5776    -1482.5571020942159  -3778.7960067112917    0
5777    -1425.7835589150106  -3734.2652977085563    0
5778    -1375.2296679693586  -3857.1744823534109    0
5779    -802.84549218752261  -3399.092646638916    0
5780    -572.09361456796967  -3491.2911060432039    0
5781    -510.59581384275742  -3418.5811296972797    0
5782    -482.86775548150911  -3625.0812623243351    0
5783    -911.91115528273986  -3931.3519861173436    0
5784    -982.50084560700179  -4050.8130101559841    0
5785    -825.1217771152933  -3912.7337564382542    0
5786    -927.61560359932798  -4002.6584917110113    0
5787    -881.64740844054029  -4110.4074507277901    0
5788    -737.56983706092785  -3990.9858577972459    0
5789    -811.13316089888826  -3840.178887207529    0
5790    -1887.8969363233862  -3268.3050949222165    0
5791    4031.6776097804795  1151.8596180057596    0
5792    4362.1947332527161  1448.5457144033062    0
5793    4319.8213765907794  1392.8777692542599    0
5794    4621.3744132561114  1711.7972149161076    0
5795    4592.7882845248796  1780.2885082090847    0
5796    4516.8104246257308  1785.7834230527183    0
5797    4558.0886285052457  1510.4167866804903    0
5798    4275.2483511236333  1115.3695860045041    0
5799    4258.186612161343  960.20471037738605    0
5800    4244.8352168435604  1040.1932951259009    0
5801    4398.1220398356882  1023.3380645224524    0
5802    4151.8342132519156  1013.1183180306082    0
5803    4349.9001733114992  1086.9974874163711    0
5804    4319.2508884939689  1011.5059057856273    0
5805    4452.3045284876216  1114.4748631158291    0
5806    4379.6616175101281  877.60519172613556    0
5807    4368.3397204747807  953.07502562643685    0
5808    4507.7878649059367  935.41070878892583    0
5809    4440.5549187069155  963.90866598996968    0
5810    4506.6948426198387  1026.3896580086957    0
5811    4811.766405952485  1035.2103581298193    0
5812    4853.9639728643906  1174.942046224578    3
5813    4790.075061386342  1190.8677488952073    0
5814    3820.334047876257  2302.01554065149    0
5815    3875.9536167337819  2356.5453336521882    0
5816    3799.7526952207477  2378.6386692859337    0
5817    4265.5467855974375  2330.8945951861074    0
5818    4355.2584675889302  2450.3882772652855    6
5819    4234.1447546116824  2422.4644174335494    0
5820    4458.7548751186541  1909.286763731986    0
5821    4626.7271544661262  1888.4053767636833    4
5822    4040.2972232992674  2526.3061105956281    0
5823    3947.7128770943045  2411.3393120262922    0
5824    3942.7487173541431  2493.9520405878379    0
5825    3848.398749179823  2526.1737881870304    0
5826    2286.08570490285  2915.6217533378849    0
5827    2353.7219187016203  2930.8883202401148    0
5828    2235.1454115346905  2962.6622889808714    0
5829    2375.2285138046232  3005.2797989312285    0
5830    2251.4263166241858  3047.9914904888901    0
5831    2153.2466358106858  3131.8433825615466    0
5832    2187.3595917221037  3072.3814489286806    0
5833    2247.3133997730251  3133.5269598866139    0
5834    2100.8900436315648  3062.2905523020986    0
5835    2198.0963940659076  3254.6911014257776    0
5836    2243.6965102851809  3202.6358467727282    0
5837    2296.0125251132836  3294.4647400564768    0
5838    2759.982588312404  3243.2547483796752    0
5839    3101.201325588077  2343.6016342786534    0
5840    3144.9297694042225  2404.1063303269034    0
5841    3026.6636897014055  2339.4620837113853    0
5842    2962.6646154534169  2431.77024834246    0
5843    3227.9798718625625  2363.6337008524547    0
5844    3305.5955796652293  2361.4584425094895    0
5845    3329.8958884834201  2436.663063041291    0
5846    3461.6287421545371  2498.60773162852    0
5847    3283.2754266475054  2530.3918863058611    0
5848    3404.498117383906  2449.0576543044722    0
5849    3474.7014796836529  2425.8245376959148    0
5850    3376.7713302534985  2538.7367857280829    0
5851    3555.2119766194842  2429.8461102743731    0
5852    3587.2912518055232  2571.5686774764495    0
5853    3591.7098671425092  2496.0766146105152    0
5854    3686.9526489411387  2517.6798428194038    0
5855    3391.6828297866282  2794.1246907062095    0
5856    2882.0028674052764  3351.8881938494487    0
5857    3004.368266925329  3411.9149243213728    0
5858    2758.6125415072956  3367.6387300104307    0
5859    2929.7798148657512  3409.2293882559293    0
5860    2962.313326300688  3542.7969053421743    0
5861    2920.1271235801983  3482.3264379633665    0
5862    2834.0227680482481  3587.3461713201227    0
5863    2850.9564180372554  3513.4220529597351    0
5864    2711.4425243705432  3520.3654221345614    0
5865    2778.640955438635  3465.485194024242    0
5866    2816.053310258244  3326.4343687975233    0
5867    2781.5798730484257  3537.6646487484536    0
5868    2719.7296864917835  3655.4721956360731    0
5869    2694.9869811430058  3431.6354524776943    0
5870    2545.920994172875  3505.1715759170029    0
5871    2663.2847920561803  3336.4904900516958    0
5872    2630.8244849685079  3489.4256777908195    0
5873    2637.4308779909215  3592.7126843042461    0
5874    2569.6857810949641  3396.5366382885204    0
5875    1516.6732921729558  3559.5634310052924    0
5876    1617.126487418494  3637.6996069486345    0
5877    1689.3737849813244  3565.4866749071002    0
5878    1707.015543220311  3655.3841344490206    0
5879    -274.45381161911462  4876.1651839342703    0
5880    -458.57567709632775  4753.7108250512611    0
5881    952.88121022357655  4740.0982651836866    0
5882    -645.20046217364597  -3015.5312634197853    0
5883    -393.59806438249166  -3313.4307892162255    0
5884    -457.77463740908502  -3202.2110304582106    0
5885    -462.32625080128736  -3278.9630453554978    0
5886    -389.04645099028926  -3236.6787743189384    0
5887    -459.07699381689559  -3358.2394540153709    0
5888    -289.98747343281929  -3281.0642234965285    0
5889    -420.58187490909461  -3443.2698474438112    0
5890    -330.77473152584616  -3137.5403733202843    0
5891    -335.9314069378247  -3201.2040950910846    0
5892    -272.8206772134435  -3108.5918121268423    0
5893    168.79785488541069  -3182.2698886446783    0
5894    441.17546832608463  -2963.8917363221881    0
5895    312.17815930846552  -2593.695031234688    0
5896    -337.33696849044526  -2271.2160603587922    0
5897    -316.80682187887351  -2353.059781652622    0
5898    -284.1574091121991  -2212.5977001047936    0
5899    -241.18108191533335  -2361.8085368655425    0
5900    -138.3802230671092  -2211.853781488097    0
5901    -211.63999015578983  -2139.4910226703619    0
5902    -211.1639043040866  -2232.7840983099522    0
5903    -186.711712305601  -2306.476758745529    0
5904    -514.68634589954695  -2104.6942363552307    0
5905    -458.41484073090277  -2158.5363944542141    0
5906    -508.92839868436033  -1997.7459796317955    0
5907    -388.65066867254222  -2132.8597190439059    0
5908    -341.8715466875687  -2028.115802461389    0
5909    -696.37275219907997  -1968.1058119959425    0
5910    -684.43865342678032  -1880.0718070041185    0
5911    -583.78469794037619  -1859.1792422511728    0
5912    -859.21933725657107  -1915.7364492419076    0
5913    -1179.1638560962549  -3677.2498126167256    0
5914    -1175.4595078411999  -3743.3719114323158    0
5915    -575.99556586813594  -3393.6979657831648    0
5916    -1039.0700327776672  -3986.7687632648053    0
5917    -1178.1269499907835  -4060.4891332290099    0
5918    -1118.9949722250844  -4004.0183226315307    0
5919    -1233.202830192035  -3931.5198627178975    0
5920    -1077.8065877217898  -4106.3423763776545    0
5921    -1189.6927276262293  -3989.1836413228657    0
5922    -1313.669750876451  -4037.4831608939885    0
5923    -1799.9541964958305  -3267.8208113950736    0
5924    -1831.6629367822302  -3133.3121870855966    0
5925    -1843.5257126330721  -3340.6737992191188    0
5926    -1844.2603212667893  -3207.2736475946908    0
5927    -1969.0748950249306  -3147.961229844188    0
5928    -1917.7167710414139  -3200.8688354673177    0
5929    -2037.1864223720322  -3265.4588184975082    0
5930    -1962.4286081466287  -3260.9512813370525    0
5931    -1991.8168953519132  -3395.7300313694809    0
5932    -1932.4110236157887  -3338.0899759419644    0
5933    -2001.6820449809461  -3326.1297407907718    0
5934    -2126.9870418332375  -3358.7337462935907    0
5935    -2057.2886713382904  -3369.5107163182865    0
5936    -2111.2424514355744  -3487.6782147545923    0
5937    -2049.3484473625649  -3444.5371766594812    0
5938    -2003.8182900195156  -3575.8286904521015    0
5939    -1962.9188922124727  -3488.1049366807565    0
5940    -2045.0988713719835  -3516.603864551229    0
5941    -2129.4478588781999  -3619.3953603140244    0
5942    -1883.64104949942  -3430.2467240479723    0
5943    4078.4363281460546  1002.3549272725733    0
5944    4100.0892271336579  867.44496110407636    0
5945    4124.9758121246805  940.63184636132576    0
5946    4202.911464540166  873.30580340382346    0
5947    4510.1100786146308  1151.1637315131911    0
5948    4578.0201959133356  1168.9868011738531    0
5949    4408.2678044243366  1163.0391533680231    0
5950    4605.7967642007688  982.08422938909712    0
5951    4751.1701851782027  1064.1798586782129    0
5952    4730.4856551425146  943.05345852272603    0
5953    3733.4024776893875  2404.0788695896517    0
5954    4136.8342269059276  2550.0759642106532    0
5955    3924.5200790889198  2594.8220292881742    0
5956    2714.2049071202459  3198.4058691998557    0
5957    2985.0261495754235  2292.3164015795396    0
5958    2959.9007673094088  2356.4656305488843    0
5959    3227.0262934290636  2493.5640325151298    0
5960    3159.6381295513434  2473.0076599600548    0
5961    3305.6238672617028  2605.9563211953841    0
5962    3306.8822136590047  2799.5742633170039    0
5963    3345.0981525361567  2731.7366488181938    0
5964    3355.2567461120561  2889.8141818195922    0
5965    3436.5523949705257  2712.0346936482902    0
5966    2726.2997660847127  3305.0832797828098    0
5967    2620.8820205778784  3286.6962066931255    0
5968    2596.4541862455339  3224.2232200341282    0
5969    2705.7033402897027  3588.5249966789479    0
5970    2567.3249818907802  3769.9855239657686    0
5971    2636.7944038235  3398.1711033082415    0
5972    1732.7088979256694  3484.4178961702528    0
5973    2176.54677050806  3448.1562093170824    0
5974    1786.5971773562837  3794.2302138648788    0
5975    -209.90752338323344  4855.6931922656149    0
5976    -173.61057319239478  4924.8288061939311    0
5977    -376.43708700269906  4877.5444976332674    0
5978    853.78561802450213  4755.9829851243458    0
5979    -361.65030296019495  -3565.0337400831772    0
5980    242.30938644233993  -3123.3321799504388    0
5981    347.70121971035485  -2975.7308082324857    0
5982    366.19720239855451  -2732.3560447156365    0
5983    333.82993607126633  -2416.5293129754314    0
5984    -118.53806175259597  -2354.213599838708    0
5985    27.031932202931472  -2306.1748692717874    0
5986    -38.978360005978232  -2350.7233726197674    0
5987    33.375498698248293  -2386.7545593230493    0
5988    -54.372893059292295  -2256.7323016608334    0
5989    90.813505725385582  -2429.7570418967298    0
5990    171.36776590556553  -2324.9858140567417    0
5991    101.97603497643831  -2354.9864165629938    0
5992    105.43534007255309  -2267.735599948147    0
5993    29.050936495983592  -2211.1148136810102    0
5994    239.89038919285855  -2179.4807045417865    0
5995    185.10908987072028  -2242.5697953134259    0
5996    291.0146267456214  -2302.581118745738    0
5997    125.49536173667458  -2135.4779119641757    0
5998    129.00795353665339  -2203.6608135034262    0
5999    -580.75067296945463  -2002.6858536147254    0
6000    -549.65221329180622  -1930.2429897583045    0
6001    -409.62612674951208  -1891.8023957283733    0
6002    -493.7397950773572  -1859.6588833559952    0
6003    -473.11205990530385  -1931.806655886794    0
6004    -425.34113456929691  -2000.4513076407284    0
6005    -394.70138079240343  -1726.6203097321895    0
6006    -538.25062089614471  -1763.3695830225709    0
6007    -425.45870458504498  -1807.1065771374147    0
6008    -267.40009403648367  -1821.38769360682    0
6009    -466.38600903683687  -1745.3464704870164    0
6010    -463.74001201428541  -1608.9063196128945    0
6011    -521.96418344602955  -1676.0229051083022    0
6012    -344.41539213971595  -1791.9567790282897    0
6013    -560.34480216169709  -1583.9141547619638    0
6014    -253.73485054096  -1670.1453587139254    0
6015    -316.2536853940864  -1718.2627647181582    0
6016    -350.03794597407267  -1609.6929606152537    0
6017    -263.1640156913474  -2067.9105136719832    0
6018    -110.50950712711305  -2012.3628846443135    0
6019    -250.1249908418076  -1944.3886550908132    0
6020    -179.0031075463736  -2061.6649372059151    0
6021    -280.09962303504557  -2003.6736510282012    0
6022    -211.4721672886669  -2001.1517327504216    0
6023    -336.42907923700415  -1937.9732266810281    0
6024    -151.19785705950292  -1918.5660741080717    0
6025    -86.930361853173565  -2117.3494547418504    0
6026    -289.26225412781957  -1887.1717641717976    0
6027    -214.596221115193  -1878.0927109024769    0
6028    -111.14893136502546  -1785.9415825132969    0
6029    -149.87688127511058  -1846.605892890911    0
6030    -22.971819265760786  -1884.9277091523786    0
6031    -195.88085709538092  -1774.5429950695229    0
6032    -139.35568957205123  -1674.9891876143213    0
6033    -825.49379860907197  -1970.4851041020661    0
6034    -913.99826611497406  -1963.3685615515712    0
6035    -1827.8585757159665  -3604.4701631084854    0
6036    4193.0198547606997  940.62703198293843    0
6037    4156.7155307642943  778.88051593664568    0
6038    4291.220684525766  878.16289347038492    0
6039    4251.7315765955445  790.90848720304098    0
6040    4937.6768577981693  746.25686860472331    2
6041    4208.9637723847945  2556.2710492820884    0
6042    4191.986758274259  2716.6911984866369    6
6043    4166.0566939104874  2632.8386601692814    0
6044    4086.3982486388054  2703.4072671767858    0
6045    4096.9614028466449  2610.694947647894    0
6046    3977.5295976015495  2552.319520322289    0
6047    3764.7650204055108  2695.4400273488218    0
6048    3291.2092512703962  2940.7911871663882    0
6049    3413.6011663279037  3028.8412242951163    0
6050    3364.8225437160831  2967.5557768887743    0
6051    3497.8540466773957  2911.7274590844372    0
6052    3297.2739150221892  3071.3742098141411    0
6053    3439.2115334443502  2958.4025041899649    0
6054    3551.2747689560874  3039.0219801000976    0
6055    3483.7971385967121  2611.6201302664567    0
6056    2627.3779900604704  3691.2358505795828    0
6057    1824.5650300239545  3585.6360893742876    0
6058    2214.6051714570235  3354.4627102290719    0
6059    1726.0682049855973  3736.6935471456418    0
6060    1799.1235048260949  3676.6880691460292    0
6061    1709.2917515062459  3814.949275233037    0
6062    1784.6736445440392  3941.6309386111757    0
6063    1690.1952084592604  3912.0814888015998    0
6064    1764.8480924451444  3867.6593083097873    0
6065    1905.8921627312459  3869.4998887929214    0
6066    1835.1105580860581  3888.4704641989119    0
6067    1904.130957259039  4004.4614352650356    0
6068    -338.27844447608004  4819.2332409044593    0
6069    -332.83193399563669  4983.0390291030817    17
6070    -457.38814898843162  4973.1530383667869    17
6071    -483.64760196555932  4909.2021585011125    0
6072    -421.93158976499171  4921.2271413383241    0
6073    834.66810865427396  4670.6683301606627    0
6074    905.20990712322805  4614.6119325412974    0
6075    1014.1002929946731  4645.0434523702488    0
6076    904.83438462892514  4686.552739689073    0
6077    971.7503216566372  4899.8842192282173    14
6078    861.29410447334521  4841.8345342623325    0
6079    910.79301807892057  4913.5664345852592    14
6080    928.22373233503163  4848.593871693427    0
6081    1017.2165775423532  4817.1859511153498    0
6082    -413.49390004006921  -3514.9822588269267    0
6083    -319.48609476989799  -3469.4841425959894    0
6084    155.54791150612959  -3090.4301626057731    0
6085    310.03391924495838  -3283.1167003860733    0
6086    404.48320663266753  -3049.1195147179501    0
6087    348.89003759117622  -2858.5441459051654    0
6088    370.058697633571  -2650.998921813828    0
6089    305.58143624969046  -2688.7088057075471    0
6090    297.75896618651507  -2763.4865323095105    0
6091    512.35168522397078  -2698.5228490596091    0
6092    450.40569554381869  -2647.2133468863531    0
6093    550.279598493967  -2537.7834242652143    0
6094    484.91019470619057  -2578.4135794492381    0
6095    558.97873075532527  -2624.68049134085    0
6096    454.01521980429175  -2455.8058685572587    0
6097    666.5673375992634  -2744.2585590919048    0
6098    595.9094306581527  -2699.6423043314421    0
6099    708.67369256826794  -2565.8107961019855    0
6100    552.14607256420345  -2847.2074085755053    0
6101    625.52406045236501  -2574.134778390478    0
6102    675.32382587582345  -2652.1331631590065    0
6103    594.83825188128924  -2779.5966230110253    0
6104    652.34275221988673  -2422.5714276948074    0
6105    693.34743348423126  -2889.0834723844378    0
6106    617.55904979872582  -2494.5709731472916    0
6107    659.53332314140971  -2820.4477026148056    0
6108    549.50999660193327  -2417.2938426985311    0
6109    798.11266381133237  -2794.8224980388504    0
6110    725.20917617531336  -2788.0918253688578    0
6111    770.63126765211155  -2694.2945656755423    0
6112    298.01909446141985  -2502.0587110006959    0
6113    -121.00036306876103  -2280.3859186387781    0
6114    -467.7381933059562  -1425.1565942722111    0
6115    -654.2931353667642  -1508.5351013509721    0
6116    -146.09344153981061  -2146.3972862221144    0
6117    -71.202132184349921  -2187.1694667680322    0
6118    -5.9433306659469167  -2135.7871917152283    0
6119    -28.8128453893152  -2049.1555957239038    0
6120    59.626623007918354  -2072.1432403172835    0
6121    -40.727846891929119  -1966.5140037547415    0
6122    81.916404013664149  -1950.4803636549241    0
6123    25.90076004938021  -1999.0874328966211    0
6124    -1813.7033413388071  -3503.8960977888732    0
6125    -1911.7992436738905  -3565.3345513339527    0
6126    4069.6961666132311  785.62718123838522    0
6127    3988.992117715281  862.16050526224046    0
6128    4163.8007980744615  702.48561987810092    0
6129    4919.0048735021883  869.80176129001472    2
6130    4159.3324164113255  2769.9517827309069    6
6131    4095.0413650938208  2767.1751697388336    0
6132    3975.4445054854168  3022.1504015818164    7
6133    3977.6769070458226  2750.6130795870895    0
6134    4051.061290016904  2922.6813842784968    7
6135    4088.8696822826478  2872.946875626837    7
6136    3998.4405032830555  2843.4405233294251    0
6137    3830.4528069449066  2622.6014288653369    0
6138    3432.1583597221056  2864.3103934700275    0
6139    3480.7712717835911  2789.5119107496107    0
6140    3544.7692703722187  2701.6288660455657    0
6141    3420.4832204896416  2589.5707920163795    0
6142    2736.9529325000581  3837.0681041500761    0
6143    2483.1432612003305  3643.5176599550578    0
6144    1753.3859305564717  3599.6044981688492    0
6145    1889.1771832059903  3419.7263349908108    0
6146    2342.3074510370429  3442.5064856136692    0
6147    1685.0514036897539  4094.3404174582083    0
6148    1611.2752281095495  3908.9931462151358    0
6149    1647.153355470839  4002.0687894703719    0
6150    1973.2543093780146  3676.2628849738749    0
6151    -324.88900912300778  4917.996745600828    0
6152    909.62950456561953  4787.3182966004188    0
6153    1042.5809904437663  4730.6273244635786    0
6154    1180.0572372255915  4637.346968707282    0
6155    1098.1641685743698  4664.5994364256139    0
6156    1081.3380575330182  4546.4710040585351    0
6157    1215.5795359675035  4845.1553578000494    14
6158    1122.4402980863258  4600.8790011914298    0
6159    1196.5590130969251  4502.1571642892986    0
6160    1182.9083627890395  4569.0929511988161    0
6161    1308.3923727986707  4559.8238949841152    0
6162    1248.7210123970417  4606.0286530261146    0
6163    1574.6414577531518  4738.993178461048    13
6164    1261.5704888597329  4725.1304929790986    0
6165    1335.8176142053467  4656.8761708331458    0
6166    1146.4488786432905  4761.6554483033051    0
6167    -352.73091936428733  -3389.6474914089476    0
6168    -232.78148069893308  -3386.5393521345777    0
6169    42.662554331644671  -3153.5920749973911    0
6170    298.70540716666119  -3193.6735276039208    0
6171    228.48158775493215  -3248.006792031485    0
6172    462.9277341820582  -3218.3127872360742    0
6173    82.106326218561975  -3320.9411339789326    0
6174    384.29134421148404  -3182.8335574710841    0
6175    145.00832644710815  -3263.8312613628063    0
6176    393.50718055278242  -3267.2922310547524    0
6177    457.47934061490156  -3125.503929582977    0
6178    97.160189315120732  -3205.6249799786142    0
6179    1.0608253090056721  -3251.7204334772491    0
6180    212.56689350139069  -3401.4373919981031    0
6181    515.04449947486228  -3365.8659999315714    0
6182    242.79358311189361  -3327.0319948433894    0
6183    158.94440487670289  -3342.3764689524983    0
6184    468.17729357457802  -3299.4392068324173    0
6185    346.60526837152753  -3412.5471829464241    0
6186    83.363608033110211  -3464.8705310933133    0
6187    609.36727576892656  -3249.5699764083847    0
6188    427.65679523086163  -3377.7752096928666    0
6189    308.07506148906918  -3353.5521541285902    0
6190    138.81800723067079  -3414.522471211757    0
6191    198.37763543058827  -3535.8360267832118    0
6192    531.73943203002534  -3254.5931486160111    0
6193    492.4623909087577  -3526.7348971050401    0
6194    563.95785210468921  -3150.1550185788624    0
6195    481.066765673433  -3443.1157865426849    0
6196    398.10952980206343  -3497.0072654535952    0
6197    634.99819361474897  -3464.7240419517957    0
6198    561.07980311078404  -3432.2115975069009    0
6199    639.09175844650792  -3355.1326675146684    0
6200    322.57159201425799  -2916.8765156751565    0
6201    388.57123007064331  -2923.4880408663043    0
6202    282.9694538768378  -2863.9054174707253    0
6203    466.32603123474667  -2876.700245340483    0
6204    518.37414040096473  -2477.7399650581224    0
6205    610.2820767009091  -2237.6385275886241    0
6206    446.77316606262048  -2300.1975244704549    0
6207    962.58025753258585  -2695.8415976608549    0
6208    377.88659357907483  -2485.2373042770928    0
6209    243.98147036555918  -2429.1717260214182    0
6210    -491.65257135195066  -1517.5953040206036    0
6211    -624.47127421531411  -1567.6023243107234    0
6212    -574.48668146008072  -1505.304259227785    0
6213    -620.11730021703227  -1365.4448534323465    0
6214    -617.02578812107458  -1441.8096549858856    0
6215    -541.93412243345006  -1437.4980729604404    0
6216    -520.69179034559022  -1336.0046082629588    0
6217    -713.66543974522892  -1407.4769850071377    0
6218    164.91651953476776  -2028.5600507915531    0
6219    -1684.5363227151897  -3573.3587971220268    0
6220    -1733.2153842451644  -3471.9620117525033    0
6221    -1939.2055531706553  -3733.7060051003327    0
6222    -1884.0273687636729  -3500.6448097098164    0
6223    4822.6734105852911  943.66803346045572    0
6224    3960.6567503103361  2669.4562205236666    0
6225    3869.1522640580142  2731.0096309172504    0
6226    4032.3768765454488  2787.1137350262866    0
6227    3955.8762683998016  2928.7979268897911    0
6228    3735.0001171442736  2602.5584492104722    0
6229    2661.5993378199355  3779.6048812266054    0
6230    2565.9093967373014  3635.1893945733013    0
6231    2530.9268992323882  3702.9622670996309    0
6232    2518.1500647579883  3575.986340496941    0
6233    2395.3643080030579  3555.1758606168542    0
6234    2465.4222333107441  3514.4556891884536    0
6235    2430.3121956028308  3800.9976550778247    0
6236    2400.7487329532496  3483.813170164728    0
6237    2335.0694410822516  3514.7420431999267    0
6238    2421.1941776241565  3392.891547017331    0
6239    2293.5388705942846  3641.8451176308158    0
6240    2260.2941229633075  3470.769145543863    0
6241    2497.3463461427555  3437.6286315758102    0
6242    2449.1978384526037  3719.7315454885215    0
6243    2280.3260222388735  3395.7726929085425    0
6244    2258.1665184439071  3559.9507659927185    0
6245    2496.4908940087839  3351.902544254232    0
6246    2496.0947433646315  3773.457536012841    0
6247    2537.8647821756845  3897.9930928663525    0
6248    2487.6286841429101  3845.5698578325214    0
6249    2419.8147992536906  3960.8362187097914    0
6250    2414.6821592270408  3880.235142593006    0
6251    2342.8225447339696  3737.838210604416    0
6252    2390.4087877364132  3647.8805543209196    0
6253    2133.7431318676122  3662.2788477411327    0
6254    2274.3650064143949  3929.6344354956977    0
6255    2346.0541641542823  3825.5375880930869    0
6256    2210.6971334015957  3629.040364412394    0
6257    2351.4901621048994  3924.7231405077114    0
6258    2206.9518564229879  3786.7541158916601    0
6259    2131.077751102142  3550.4064364225583    0
6260    2321.6339554120564  4063.9004128015499    0
6261    2199.0014691046395  3707.6639697360197    0
6262    2282.6877746434434  3783.9633359437858    0
6263    2247.3867428902968  3855.0197540263057    0
6264    2316.9344599606352  3990.1012785112603    0
6265    2188.4587012915149  4035.3317546588605    0
6266    2117.0831072906403  3755.8433299830399    0
6267    2163.7110623840572  3927.4587586510193    0
6268    1801.8198555262825  3430.0060362742452    0
6269    1812.2482253934002  3302.5409994625711    0
6270    1854.5489188631593  3501.7768557672489    0
6271    1838.9105618954763  3368.8814499250948    0
6272    1943.182711212932  3288.4462573185656    0
6273    1908.0903022744874  3350.7584070046478    0
6274    2036.0987583084252  3381.8114923927801    0
6275    1963.2004490518818  3402.9485402272558    0
6276    2029.8117089625207  3496.4043103325785    0
6277    1943.4498272028161  3487.492643313788    0
6278    1788.9941975215465  3525.627739705938    0
6279    1977.6656455361237  3578.8283896041962    0
6280    1900.3691005259961  3565.4498626555846    0
6281    1882.5383033133103  3650.9152367411821    0
6282    1865.3581775191517  3743.1851502670061    0
6283    1736.722744303026  4019.1992196224423    0
6284    1559.3349794954242  4092.0563937151142    0
6285    1456.0678004380443  4778.3920527735063    13
6286    1494.1519051199255  4559.7326455973416    0
6287    1086.9474174274721  4801.3237626866339    0
6288    499.73035050650049  -3039.6130483297716    0
6289    64.113906978470553  -3259.9516519695485    0
6290    -67.367732205553992  -3164.8272484996028    0
6291    -50.435397580606718  -3394.0691298272877    0
6292    295.38467238323187  -3501.7156514603066    0
6293    537.59752723139854  -2944.4817643193933    0
6294    483.13711175638656  -2786.0095514180225    0
6295    605.23208749334674  -2336.0366218724616    0
6296    477.6393891840101  -2376.7336978303233    0
6297    527.34152773037772  -2312.1972588848666    0
6298    396.92421228354294  -2364.7931724347518    0
6299    502.67392917937815  -2201.3448669525978    0
6300    866.38759102859626  -2722.1378589452738    0
6301    215.48037784879807  -2489.7358131783303    0
6302    281.62765501269803  -2371.1261008896513    0
6303    185.00108507292612  -2392.8813790274467    0
6304    -406.41965171984316  -1541.4624938415377    0
6305    -257.27500375072498  -1475.6285167596043    0
6306    -322.56303247547714  -1529.5787621314917    0
6307    -232.19158529935387  -1572.4626413049546    0
6308    -355.88381531431889  -1422.7761698055356    0
6309    -609.4875572861672  -1218.7336970251813    0
6310    -803.70674955595132  -1481.9095116427338    0
6311    -1761.9389533420554  -3562.4648119335975    0
6312    -1737.9953893417892  -3672.7668005663072    0
6313    -1901.757664177454  -3653.3852774261827    0
6314    -1988.6297439917855  -3661.7729733558508    0
6315    -1828.5550659683661  -3736.4045030596417    0
6316    -2055.6434915963059  -3629.3017680252819    0
6317    -2110.1070032642328  -3755.183347214992    0
6318    -2051.3718359415593  -3705.8727204306074    0
6319    -2016.8401155108893  -3806.6401533068483    0
6320    4777.6337461924277  785.22614832381896    0
6321    4909.6688813541987  931.5742076326602    2
6322    4859.8929373754336  892.45958770951131    0
6323    4777.0593672379437  871.38440720609265    0
6324    4860.8615381426307  806.54917677102139    0
6325    4630.8347463997461  827.32854841224764    0
6326    4842.7033940302726  704.33544983515151    0
6327    4710.4239682689677  827.859134506239    0
6328    4671.5316170848128  692.25265503171863    0
6329    4710.9141004385729  754.33810100434937    0
6330    4758.3587953789938  680.70923138013256    0
6331    4694.4819005404224  532.56030879185596    0
6332    4705.5275141875663  615.64306607915364    0
6333    4567.1156507512796  600.0698145601026    0
6334    4839.4764297747524  555.5593230418466    0
6335    4639.2100695784802  582.1841596923507    0
6336    4587.2535027661679  526.99872992484484    0
6337    4492.1252842665945  540.09255855712502    0
6338    4629.7589269958871  457.12506909474831    0
6339    4763.5540595416414  565.65298382239189    0
6340    4817.9185182109295  630.44997553531834    0
6341    4732.8789773028566  434.13227489683595    0
6342    4956.3488420941494  622.71197591943201    2
6343    4792.0833437802548  489.66140048011556    0
6344    4888.3271180775637  647.93119628780312    0
6345    4817.41680341147  403.32523406644361    0
6346    4884.6610704688819  473.07174604771296    0
6347    4746.145396962198  339.14280019157485    0
6348    3800.1722021252194  3010.1632503693868    0
6349    3886.9253594059132  2841.1237171486387    0
6350    3654.2359020154936  2679.650244005591    0
6351    3660.8449002773141  2588.4972135464477    0
6352    3775.0746637598095  2539.6854291092304    0
6353    2748.0308166099499  3744.4027222203831    0
6354    2347.5426998874  3354.3120857561685    0
6355    2491.0882403071855  3286.5403383889779    0
6356    2607.1413320518091  3846.5428575936471    0
6357    2663.7101308608235  3995.0761870876186    0
6358    2614.478686357887  3928.787187581514    0
6359    2674.9765243461893  3881.9404643566631    0
6360    2532.9445968116806  4040.7669180282064    0
6361    2904.7806853470101  4061.9947360884498    10
6362    2553.4177340706824  3970.0007601142393    0
6363    2770.45573599102  3948.5774016218525    0
6364    2055.8871052528502  3696.6813366349547    0
6365    2063.2259957413585  3607.9909742200471    0
6366    2008.4337804429499  3806.9970892589636    0
6367    2001.6604790330118  3738.7193759774282    0
6368    1934.7830622912245  3779.8285847906932    0
6369    2137.553747290362  3842.4235798430332    0
6370    2047.7885435566313  3916.5765385456875    0
6371    2076.7295344011586  3811.0944623713985    0
6372    2117.8573547903584  3319.2195313245443    0
6373    1856.4388271344162  3815.7083212486664    0
6374    1820.93961897756  4017.654921246959    0
6375    1853.7858191476905  3955.888526056835    0
6376    1885.9236991247053  4158.5334713336588    0
6377    1780.4109519134822  4104.5783720379877    0
6378    1873.2991820651321  4078.9297585027789    0
6379    2020.7268634540026  4096.351828851728    0
6380    1944.5560597698413  4108.4319137668017    0
6381    2004.056119676751  4237.4216932755216    0
6382    1956.1151911700174  4181.317852469404    0
6383    1880.6290228389953  4294.355813823312    0
6384    1622.6866722546888  4066.036418135438    0
6385    1621.1185112329017  4152.3505805061559    0
6386    1561.5574946846871  4007.3354090184766    0
6387    1722.011169038597  4199.3089481554853    0
6388    1526.8729133209829  4187.1222413231426    0
6389    1341.2408446348943  4737.285779393761    0
6390    1422.4304605638492  4691.4222520085877    0
6391    1401.2850074853486  4585.9751738022351    0
6392    518.92291303225284  -3102.3915497271546    0
6393    626.1118365061169  -3046.4387608043103    0
6394    -9.2636718847723873  -3189.4605900741121    0
6395    -15.916276789204254  -3124.3091241257384    0
6396    -60.715127301122259  -3229.9787144479769    0
6397    38.735039809592813  -3088.2155993786182    0
6398    -171.42001211396621  -3208.3673899217792    0
6399    -54.860833660543065  -3311.9791655030094    0
6400    -9.5292627306459963  -3041.7162115495321    0
6401    11.456430047014635  -3349.5682980784118    0
6402    69.242432061034549  -3393.603830846369    0
6403    9.5925448066976671  -3442.455561458708    0
6404    -140.26404434019264  -3357.747486203843    0
6405    -106.19722147852818  -3524.6753278030355    0
6406    11.712016690057951  -3568.0834194584104    0
6407    -59.897454122145852  -3467.2360897003905    0
6408    -145.36005033216333  -3445.727603559701    0
6409    -222.13670603373811  -3533.000875294159    0
6410    277.50109176159538  -3432.1474467295848    0
6411    307.36716668915074  -3690.7425546562736    0
6412    611.57343292323503  -2905.8206148099257    0
6413    602.13076168888915  -2977.8575156984375    0
6414    696.3325531482775  -2983.4010043787503    0
6415    441.10633787086522  -2723.3529627019193    0
6416    414.92896736349934  -2820.2694567535937    0
6417    782.18975853386428  -2295.7898124731842    0
6418    961.09994128280596  -2879.5127896895629    0
6419    873.10857141558211  -2557.6372042091953    0
6420    -284.4566674620126  -1612.1528992520064    0
6421    -194.82393735327003  -1631.9207940268564    0
6422    -108.10485905720648  -1535.949186336193    0
6423    -128.92466700630501  -1604.3016878085216    0
6424    -8.8307414399297954  -1658.136763151796    0
6425    -50.744407916802835  -1590.7679263411185    0
6426    89.63878818815958  -1550.1509766554436    0
6427    -5.1066398721390698  -1485.5947543757632    0
6428    25.175231644779494  -1590.2571167757676    0
6429    128.50413241311909  -1684.4801491374351    0
6430    90.127569097223159  -1622.7965826851948    0
6431    218.6637976512813  -1585.6073059567816    0
6432    -413.75142060752847  -1332.7876611729175    0
6433    -714.05696073780132  -1284.1384649845511    0
6434    -587.17397720611325  -1294.0910544028802    0
6435    -498.29109413535821  -1226.7902746370037    0
6436    -776.86694015092974  -1422.699810559059    0
6437    -849.78492195504316  -1424.25518169918    0
6438    -729.68559761064864  -1479.7752595996885    0
6439    -2001.5711297575235  -3745.1071580474054    0
6440    -2154.6922813843244  -3946.2482130465887    0
6441    -1887.0971163325803  -3866.9587207257177    0
6442    4423.2973383256403  703.01841901316516    0
6443    4474.0421099531914  468.00889104142152    0
6444    4400.7287780546812  524.71058310236481    0
6445    4978.1432230913633  436.77119782987313    1
6446    4910.902524471614  402.13029066386446    0
6447    4684.7258636347833  293.7530037047203    0
6448    4801.2647914212557  288.80232112568251    0
6449    3889.4988524826445  2991.4388932698607    0
6450    3943.4156820770463  2807.0125305576071    0
6451    2809.3653142352423  3675.9151949986071    0
6452    2149.5563565557118  3382.6162424802978    0
6453    2093.8433208120387  3443.8872949421807    0
6454    2032.5253014868035  3292.4506293778231    0
6455    1991.0373123978009  3219.4248711755417    0
6456    2102.3499612826549  3219.2606689048571    0
6457    1876.7408642273692  3191.279918534573    0
6458    1618.3931994763084  4290.0719838662562    0
6459    1441.6533272880181  4230.4212643024657    0
6460    1515.3546290955978  4758.6926156172776    13
6461    1515.6388252573126  4660.484284395252    0
6462    1389.2072517436998  4450.8180767414642    0
6463    -128.39366585612333  -3277.3325770220363    0
6464    -209.17604995066912  -3279.8271555881652    0
6465    -218.15700446499557  -3459.0940409948289    0
6466    -294.51972695083271  -3537.5792504533533    0
6467    -279.41577861318535  -3670.3104874622099    0
6468    -254.22135640415246  -3600.2185428096855    0
6469    -142.56488565251851  -3679.9272754178878    0
6470    -169.38959899526824  -3599.4446014790683    0
6471    -209.76006332272277  -3657.6116445098191    0
6472    -215.72193195475734  -3787.8879730810431    0
6473    -77.065719744090359  -3613.3848866935095    0
6474    410.8704061770141  -3621.1029918929007    0
6475    274.71823213665692  -3597.9189449912278    0
6476    826.80746691964544  -2932.0655101303528    0
6477    772.97074697048447  -3139.4018416614394    0
6478    688.03508086809722  -2290.9576039887183    0
6479    935.93770594614125  -2787.4684307574871    0
6480    838.74583008539048  -2638.6208769114737    0
6481    920.02583841684282  -2625.3271760887656    0
6482    791.33844374851503  -2570.7229391124943    0
6483    1066.3056648620643  -2585.147141117207    0
6484    811.14187401046865  -2432.445180092483    0
6485    746.5317261833377  -2626.7353637948468    0
6486    974.54222159968833  -2537.4361538516814    0
6487    998.8321768618132  -2625.8664014266506    0
6488    822.69800856906068  -2504.6571425979787    0
6489    908.98632382062192  -2473.0266272582458    0
6490    736.79905520811451  -2481.3729668797737    0
6491    1104.7529363146346  -2725.1186518278209    0
6492    1065.7896936103111  -2660.5549571761435    0
6493    1199.7249346255735  -2623.7657238368993    0
6494    1127.5690797161474  -2623.2720038390967    0
6495    1164.5222365262036  -2495.606438459864    0
6496    -183.6770190846687  -1508.2298723984497    0
6497    -105.24647678967958  -1411.2790737172254    0
6498    -189.9302365902133  -1422.9717103483022    0
6499    -168.3161758312157  -1267.0044473107771    0
6500    -272.86392905743884  -1386.2979756897214    0
6501    -157.12778401250537  -1348.0362210008716    0
6502    -19.074999113404232  -1287.6864019626773    0
6503    -96.612278549611958  -1298.3922945204156    0
6504    -76.822232940288373  -1155.5871417316648    0
6505    -106.85647962113374  -1224.1988093159384    0
6506    -213.46891525356557  -1136.6505415983149    0
6507    -412.41618636564579  -1395.5293266572701    0
6508    -410.9431994648703  -1464.7438872882037    0
6509    -742.05225561609529  -1345.8972135836748    0
6510    -795.60469232111438  -1284.3973269265109    0
6511    -859.71666877573352  -1316.4734362203656    0
6512    -865.73123421167224  -1224.3420369064743    0
6513    -755.07991947839821  -1205.7976319001127    0
6514    -682.77983266342085  -1217.8490885999449    0
6515    -645.27462535732241  -1147.1150788913658    0
6516    -796.20572603545531  -1141.4317286314488    0
6517    -548.13386251549571  -1143.3253835982525    0
6518    -468.56337016376887  -1289.7921024676525    0
6519    -364.93813083141544  -1214.1234160325339    0
6520    -2105.4545494287327  -3857.0034586921565    0
6521    -1939.8727990502746  -3810.7817839855529    0
6522    -1983.5197553027879  -3904.6647664821498    0
6523    -1868.7063449832181  -3796.8027778018413    0
6524    -1753.5345975216148  -3864.4825134702255    0
6525    -1794.5968036169154  -3802.5240417842101    0
6526    -1683.754720966079  -3773.6507997299695    0
6527    4480.6880758936659  631.26201117018275    0
6528    4396.1458560215151  460.3305375314963    0
6529    4309.6769142401663  556.98415000673629    0
6530    3899.8277209539292  3121.6194188851359    7
6531    3827.3372393855448  2917.3235223138586    0
6532    2931.938762517897  3662.3226114720005    0
6533    2164.9486917849454  3197.1819750525055    0
6534    2090.268532402561  3153.7011953945866    0
6535    1592.7903544503943  4220.6776730677702    0
6536    1521.1530581297357  4286.5282675257522    0
6537    1387.6736651884655  4280.4453838566415    0
6538    1411.4094447828606  4365.4249781018179    0
6539    1453.299906871923  4307.919854028517    0
6540    1519.7293907724213  4400.3218254513959    0
6541    1453.0200870601084  4421.826571726634    0
6542    1508.6934472324576  4480.3084723849252    0
6543    1656.0056783868667  4459.8788323684485    0
6544    1579.468454628571  4449.3188137592915    0
6545    1595.4993932464361  4368.8566525378856    0
6546    1603.7156771251582  4556.223475092861    0
6547    1708.9056176783681  4359.0923789011595    0
6548    1453.8724723435007  4630.2734374701904    0
6549    1369.5356345809607  4520.6941374688795    0
6550    1288.4209858311376  4461.2816555567606    0
6551    1441.6007018633431  4509.0679267692203    0
6552    8.1459957004751971  -3762.7680331919264    0
6553    431.28796771070756  -3556.2994659977485    0
6554    349.66598907933781  -3563.0440774747817    0
6555    496.10195641790796  -3612.3385540909157    0
6556    342.76183199717372  -3631.6119116739114    0
6557    388.0015231537937  -3698.8503376825734    0
6558    593.9960711567461  -3565.2972424394507    0
6559    333.31148228079689  -3837.7389158712158    0
6560    341.06961726279343  -3760.5819150474499    0
6561    200.41247233567987  -3785.4073823450581    0
6562    473.96862720791046  -3812.9134485736072    0
6563    274.24207843824684  -3792.8309478504057    0
6564    224.16734165830951  -3919.9986896095811    0
6565    414.8992233653604  -3768.0054805527971    0
6566    502.16992074953805  -3714.5167982045405    0
6567    752.39760377920413  -2934.4205584544852    0
6568    790.10472649812118  -3034.1591101314229    0
6569    787.55820207963029  -2868.6504918549331    0
6570    875.32416607485095  -2858.1834934031135    0
6571    731.01253157473252  -2373.2592608170125    0
6572    743.67859229995679  -2126.4634388419681    0
6573    906.46735889356069  -2340.8546929486824    0
6574    1022.8409636335336  -2763.0506216114345    0
6575    1131.0398682443004  -2889.2919675218072    0
6576    1094.743714195813  -2810.9124476653647    0
6577    1024.4862280470247  -2838.5195543056598    0
6578    1043.0581873171689  -2936.7391958358257    0
6579    1251.837057649178  -2785.7591393551429    0
6580    1169.7431182126561  -2776.181564818341    0
6581    1219.4430986857719  -2706.8012878708414    0
6582    1356.7831649653331  -2630.3286405541667    0
6583    1277.3285086194614  -2649.1964590293223    0
6584    1338.8004233807121  -2731.3316231868789    0
6585    1289.159146929733  -2522.2862284489261    0
6586    1255.9868240728754  -2583.2004315467652    0
6587    1061.8477695582906  -2481.6204196443778    0
6588    -599.4227777154274  -1075.5364111273934    0
6589    -453.60717262474782  -1018.5097996019855    0
6590    -583.50990861792116  -978.50373768853274    0
6591    -518.47274648307894  -1067.5868809583226    0
6592    -446.70540414580989  -1139.3700635156074    0
6593    -2288.2797452474069  -3814.3409201482032    0
6594    -2039.9250231641136  -3869.162542695914    0
6595    -2084.5062380775262  -3926.7659629225309    0
6596    -2085.0626047592696  -4060.9275807960798    0
6597    4559.4032321546038  714.03337478653964    0
6598    4389.0200792038713  616.77474013621224    0
6599    4244.7382234834895  582.86276094528307    0
6600    4306.5811995405065  643.6324008121087    0
6601    4264.0250287903409  711.63511398649644    0
6602    4344.0434995303312  714.39355348433662    0
6603    4395.1562969885408  788.73140753417158    0
6604    4486.2803072210636  771.17289287282938    0
6605    4323.345963081626  783.36549729803119    0
6606    3857.1411157391326  3059.5062647269601    0
6607    3862.0193286881859  3171.3539275367957    7
6608    3754.9495687960166  3129.1973324407068    0
6609    3893.0150501345279  2907.284652711166    0
6610    3663.5731784182617  2919.800052180186    0
6611    3772.4823516040906  2813.0282843275786    0
6612    2867.9220168453976  3644.5004668426468    0
6613    2904.7502753607801  3584.026681811737    0
6614    2877.7465912452885  3733.0952479412454    0
6615    3022.4599799998637  3787.7710971373576    0
6616    2958.3281681360627  3738.6639519760197    0
6617    3295.7916940445743  3751.7075013175154    9
6618    2908.7827301098505  3869.7984170007126    0
6619    3072.0054180260759  3656.6366321126648    0
6620    2913.8289046951159  3796.7780692128599    0
6621    2827.8042441212629  3827.5177485845529    0
6622    3027.506154585129  3714.7507493495045    0
6623    3201.9207676989481  3834.1710247274659    9
6624    3125.8267099834857  3758.2298660415577    0
6625    1550.2933572110787  4600.4266073052177    0
6626    1693.2151150682594  4699.5943041485898    13
6627    1592.0018038103806  4664.5202829703539    0
6628    1217.124846641125  4424.714786634705    0
6629    1207.3194082989974  4352.558744091536    0
6630    1277.228817203111  4379.8028678053115    0
6631    5.3943498040241806  -3665.342665421887    0
6632    199.43598693499845  -3676.5516639969096    0
6633    662.49939075289956  -3813.7082370489202    0
6634    578.63284440284849  -3658.7066673540266    0
6635    710.72553312686739  -3075.2519377325334    0
6636    645.38969609602884  -3128.4730138584832    0
6637    692.65890042049875  -2200.8633456510279    0
6638    781.29336018867218  -2206.9510586652527    0
6639    597.36155177534079  -2080.8199303539877    0
6640    868.92526109467497  -2250.4907369848538    0
6641    623.93540565576473  -2157.572039302242    0
6642    884.17652837735625  -2109.8368644288676    0
6643    672.3298870537493  -2097.8400539647287    0
6644    549.22766141663465  -2140.4616913537566    0
6645    816.67681526615104  -2141.3819150441964    0
6646    802.73319256528782  -2023.555466718818    0
6647    467.56621750157944  -2025.3127017711677    0
6648    665.01770329607928  -1956.4318149558658    0
6649    457.78448866669169  -2118.7805711093915    0
6650    524.63592828432525  -2071.3708186941471    0
6651    572.60574371897383  -1986.7614127144211    0
6652    648.73157230884476  -2028.1671416880738    0
6653    726.17878795727972  -2040.7685068711526    0
6654    748.31391953043021  -1960.3706818886728    0
6655    887.53274899227836  -1895.4927156621459    0
6656    713.64833588406202  -1810.7400356664698    0
6657    827.0728072387077  -1947.5651582098874    0
6658    709.87933253977963  -1890.4441035897808    0
6659    900.39937029205225  -2012.9447086077814    0
6660    799.79201031790046  -1854.7546989490493    0
6661    574.95097533833973  -1844.1225363148255    0
6662    635.3066534413415  -1887.9894046283566    0
6663    878.82947309287124  -2407.4913931885339    0
6664    968.84481462524047  -2405.7758588778502    0
6665    833.04097264120128  -2349.4505747245225    0
6666    1052.7434043831759  -2262.7372547454502    0
6667    990.62196294433897  -2322.4246834580981    0
6668    1062.602257614619  -2385.7514073211837    0
6669    962.53911119169607  -2231.0255619909262    0
6670    933.37411942932386  -3006.5235185673951    0
6671    1156.8847841407771  -2683.3184510218703    0
6672    1391.8037119580704  -2912.7074384419689    0
6673    1107.340280095965  -2531.5208368714329    0
6674    1167.4337508599654  -2563.7210741269469    0
6675    -542.79104670429649  -849.49582572002146    0
6676    -432.94810106148157  -1206.4182696331225    0
6677    -2202.8836698380246  -3861.4552755126406    0
6678    -1868.4660185228113  -4056.7424827313594    0
6679    -2016.8520483777045  -3994.1284866266928    0
6680    4492.1033495193988  699.22068597115003    0
6681    4561.3965222728411  791.94265179424269    0
6682    4625.4654170421318  752.04212404682653    0
6683    4563.1400873431603  874.34396252047407    0
6684    4480.885786110869  855.40648124602194    0
6685    3745.8379462805005  2943.8708409577353    0
6686    3697.1982526871789  3039.1494567731206    0
6687    3722.5101226458032  2870.9862557422557    0
6688    3617.0838259165421  2803.6829736497803    0
6689    3695.4576421559232  2797.1388158950422    0
6690    3823.381076064592  2852.8310016109076    0
6691    3833.6947593591703  2787.1967502353332    0
6692    2838.090782838683  3906.5041234708233    0
6693    3006.4152633501662  3989.3146421129331    10
6694    2846.2652066343007  3995.0450655677696    0
6695    2955.5979743485882  4025.6546891006915    10
6696    2937.1973688250391  3946.2225731230265    0
6697    2803.1461073438545  4134.6748300639665    10
6698    3001.678257106737  3878.7540779201772    0
6699    2763.0050352687335  4045.8061648073444    0
6700    2814.7584757503096  3760.1984170568894    0
6701    3154.9853045261352  3875.4027864324412    9
6702    3082.7931669228192  3840.5540819832568    0
6703    3248.856230871761  3792.9392630224906    9
6704    3188.4817055786548  3771.5429332582685    0
6705    3236.5967319564015  3731.6539069367891    0
6706    3170.7008637738609  3701.1320703326101    0
6707    3389.6626203902006  3669.2439779075648    9
6708    3295.1233034037259  3656.2867155407043    0
6709    1664.9357721540523  4617.6272346316846    0
6710    1752.5019437258129  4679.8948669923611    13
6711    1753.9418074449336  4585.1645978041706    0
6712    -64.304512361696652  -3716.0627563109733    0
6713    -134.10769679166293  -3764.4250230828256    0
6714    -133.32147666603214  -3920.8360224004673    0
6715    -155.7725872312196  -3842.7414001351917    0
6716    -282.9872535422823  -3921.5883367927518    0
6717    -48.697655140690571  -3854.2333573407755    0
6718    -208.26046091145562  -3900.1054300973633    0
6719    -67.253355668869347  -3786.3625639016914    0
6720    -207.54059006817957  -4043.316872167889    0
6721    -187.70400430576814  -3971.609630705726    0
6722    -70.505139693457949  -4042.6280457459657    0
6723    247.60050659130084  -3727.7681139762644    0
6724    204.60933613104359  -3606.1509555167145    0
6725    109.73782681001794  -3579.1253888078018    0
6726    100.07721563786785  -3711.4200198486469    0
6727    568.34609473309638  -3786.7231239479465    0
6728    751.90359963111655  -3639.2367177332685    0
6729    323.30032962298384  -2057.4605685700499    0
6730    395.64297935955273  -2206.0514661208158    0
6731    915.87964503720104  -1719.5835823580567    0
6732    993.35153998532121  -2470.6687870998712    0
6733    1063.8573408505372  -2086.9740808737533    0
6734    903.74591578309753  -2183.1125892983878    0
6735    987.21140365950453  -2140.7220584012489    0
6736    973.68479030033939  -2948.7915709659173    0
6737    904.0870323307214  -2925.6519216472561    0
6738    1022.841343280431  -3026.0537766183297    0
6739    877.57083829388091  -3102.415087162939    0
6740    1339.7233817619503  -2829.494366798896    0
6741    1526.8422190511301  -2712.7085718657868    0
6742    -588.31323840169807  -906.05764106865695    0
6743    -499.47773687534908  -936.54994277935691    0
6744    -615.19020772407896  -837.82692795973333    0
6745    -565.05982651476563  -757.22833888796606    0
6746    -2205.6075245670718  -3765.4437828469845    0
6747    -2329.1024623360349  -3989.2817816229503    0
6748    -1904.5459915150391  -3964.4780688928718    0
6749    -1975.888084876397  -4104.1834855050174    0
6750    4437.8746992914203  901.16571689813475    0
6751    3759.4189053387204  3062.7879115030728    0
6752    3624.1400128163173  3149.5476937521839    0
6753    2853.9633963454321  4098.3347830762086    10
6754    2752.3288183422765  4171.0148770517244    10
6755    2666.1131196497522  4104.1533746580062    0
6756    2745.2018786750596  4107.347659125001    0
6757    2726.7990874353936  3994.1318229461349    0
6758    3359.227231965217  3539.9384447784746    0
6759    1686.063025014643  4537.3042604338762    0
6760    1775.1878397402836  4458.1580922928997    0
6761    132.65831021484055  -3513.6630009747464    0
6762    184.95132347055343  -3467.1503976244262    0
6763    65.736820900664924  -3529.1109393412635    0
6764    99.142157269044617  -3817.7147413930238    0
6765    162.85562947182521  -3731.3120454071386    0
6766    133.39145320892547  -3647.3526994829476    0
6767    567.58558150110514  -3967.1235006102729    0
6768    636.19106691139336  -3727.7532762852152    0
6769    739.63907787680171  -3743.094424796785    0
6770    664.86017586055732  -3645.3403289772818    0
6771    701.66356678170712  -3546.4787420096891    0
6772    400.8230351903722  -2065.5735820556042    0
6773    374.15943806213244  -1945.9187527691884    0
6774    354.45535217471939  -2134.1982436691205    0
6775    282.15989781006664  -2118.8565410143788    0
6776    243.15453204646457  -2048.237936910733    0
6777    315.83910392166104  -2204.0651831039336    0
6778    292.08656224843907  -1975.8623167750918    0
6779    280.04132159616762  -1815.3979671036427    0
6780    308.69356976885604  -1893.9314511470438    0
6781    430.38719193790268  -1807.8998861143782    0
6782    188.12824612322021  -1893.4251429519941    0
6783    356.23386253623204  -1832.0932932402648    0
6784    347.73379962683271  -1688.6772740475599    0
6785    331.75845922659994  -1761.5840125871687    0
6786    237.80852530438165  -1702.7940533387336    0
6787    450.62929548203579  -2237.145997207861    0
6788    368.59258292645859  -2281.6996673561625    0
6789    803.74409798325723  -1740.7140908141205    0
6790    876.89845479890323  -1803.5405027452771    0
6791    1068.780676901983  -2175.5183631479808    0
6792    1215.3770746828384  -2247.5574689778482    0
6793    1184.7717096076437  -2124.6598853562223    0
6794    1131.9194967236879  -2232.2118036411734    0
6795    1117.2719198490026  -2128.4130825119069    0
6796    1146.0008655710269  -2036.2366679510419    0
6797    1120.0032580838842  -2319.2489177445432    0
6798    1152.0710191970777  -2404.9517176603308    0
6799    981.58058276770362  -2051.1688853532291    0
6800    1058.6055077265028  -1986.6077899553163    0
6801    1136.5754515749124  -3004.8527272942079    0
6802    815.13734122158394  -3092.2506392706837    0
6803    837.0791171060049  -3154.30290074718    0
6804    855.62906240945983  -3040.3628256864436    0
6805    778.60946498082399  -3260.4988261090016    0
6806    949.30775708021679  -3200.1396453156162    0
6807    1248.0386160607943  -2903.5639253938643    0
6808    1430.194988814821  -2695.5013357930766    0
6809    1459.1977819839162  -2812.6234816961442    0
6810    -520.05814820708633  -1000.4618426151306    0
6811    -331.25023857456614  -896.21401492200039    0
6812    -627.24713970723587  -696.97918459425148    0
6813    -557.56510425786212  -687.27403086005347    0
6814    -437.30277529627961  -735.53725989341581    0
6815    -482.5757333483233  -674.38196202397046    0
6816    -388.82259035801547  -652.31230391213512    0
6817    -463.01554979976862  -602.57304496991355    0
6818    -632.90886405757351  -614.01614256683195    0
6819    -2165.0106769598392  -3693.7321157322585    0
6820    -2279.0078282620884  -3593.5206721511631    0
6821    -2260.2706719478574  -3687.1512914316568    0
6822    -2207.8768445162736  -3627.5498441359814    0
6823    -2176.744271340991  -3545.7415313801102    0
6824    -2216.3538799855828  -3435.0792337431785    0
6825    -2247.9662192009509  -3943.1686462096236    0
6826    -1790.2980042209053  -3972.988164252341    0
6827    -1943.2299970953368  -4032.7921769046748    0
6828    -2020.8527111435583  -4058.2687584670298    0
6829    -2049.9696567140072  -4131.7576514748016    0
6830    -2193.0783064130633  -4158.5527320542806    0
6831    -1964.0474813168057  -4249.2967587411094    0
6832    -2125.3027816700605  -4124.9731669662406    0
6833    -2184.7349140751858  -4042.967297255575    0
6834    -2227.649983551687  -4469.3542729076071    43
6835    -2099.3111969820347  -4258.0012805388878    0
6836    -1990.4325117148369  -4178.4099537871107    0
6837    -1872.3528657993706  -4174.812943395852    0
6838    3685.0504399511901  3110.4833926155761    0
6839    3653.8722415791344  3403.9344453430349    8
6840    3618.6126361320266  3073.9102276430394    0
6841    3739.041589000788  3312.5114407657452    8
6842    3553.7511943866002  3116.6708180408864    0
6843    3619.1459566054968  2990.4522739056983    0
6844    3698.8158862833934  3198.9659455795054    0
6845    3479.0172011609484  3080.1903725891957    0
6846    3530.6639725908312  3257.8892130621462    0
6847    3549.5410748050772  2964.8929519561952    0
6848    3580.4840061858658  2883.1029189059045    0
6849    3486.9889620341669  3010.1857866456776    0
6850    3385.4139898676249  3132.0929785152503    0
6851    3562.1230334373295  3190.5359115702818    0
6852    3628.6765463912379  3223.8229888693709    0
6853    3465.4673556991288  3186.4139609698309    0
6854    3521.4042955584009  2846.1340510771988    0
6855    3550.3997905620995  2782.435834881881    0
6856    3349.5634535708273  3610.4477069240711    0
6857    3262.7886493427131  3562.637749674735    0
6858    2039.8846897556268  4558.1161150716543    12
6859    25.456484004038654  -3836.9223041950363    0
6860    14.389514260948133  -3956.9954635179402    0
6861    81.942443014836698  -3902.6751264605778    0
6862    137.30005686305242  -4040.6826932579643    0
6863    157.62991122502189  -3873.7764135741559    0
6864    88.595011450329054  -3980.112957483936    0
6865    25.280894606207973  -4052.6908221866142    0
6866    164.68891342181067  -3968.7917956496649    0
6867    280.92484417038719  -4049.8340877927758    0
6868    234.23594023426404  -3992.9206660498726    0
6869    208.04483653213964  -4062.0138512235599    0
6870    341.73917644945391  -3952.3377501906566    0
6871    134.85818817445286  -4176.7592504860295    0
6872    265.0697687498407  -4179.0979332264851    0
6873    593.40696192812231  -3877.0305643350807    0
6874    826.2480434593723  -3915.1487159453782    0
6875    642.69436949817054  -3526.5062152056798    0
6876    583.75550375745013  -3502.4777605187533    0
6877    779.14949405549646  -3415.2363824900549    0
6878    1322.1362590536353  -2011.7182657500653    0
6879    1241.8557026931267  -2438.8024313794658    0
6880    1206.9116009812515  -2335.5809352598199    0
6881    1367.185660832801  -2306.5761516519528    0
6882    1282.9582054626223  -2298.4757514006865    0
6883    1317.1709589060292  -2384.6797877170916    0
6884    1338.7745932925145  -2160.0465480402163    0
6885    1331.3246888964297  -2237.5101881776577    0
6886    1466.0873554613322  -2211.3806476117138    0
6887    1394.8443680414885  -2204.5290015461842    0
6888    1442.0561257576551  -2087.439984073138    0
6889    1036.6519686717998  -1826.6861025350654    0
6890    1106.1303245953861  -2948.3981451641221    0
6891    1180.2813789380436  -2944.8461666103731    0
6892    1264.803493554758  -3052.3279991700729    0
6893    1247.5141174033615  -2978.9497242161574    0
6894    1342.3814779756628  -2995.3230908670948    0
6895    1320.4738144721177  -2899.4462595539271    0
6896    1276.9175501345305  -2845.5314534397648    0
6897    1203.778183190173  -2841.0727173473233    0
6898    1509.0222865915389  -2532.7760763443935    0
6899    1403.2169089003758  -2847.6600726702568    0
6900    1470.5475237864443  -2892.9988494538225    0
6901    1396.8221619258245  -2775.2017119296002    0
6902    1457.5202923413731  -3008.1108105583003    0
6903    1598.3333117721877  -2833.9652920017566    0
6904    1525.5523230969143  -2844.242637569711    0
6905    1579.0080122743921  -2959.9544065819637    0
6906    1470.7738009877176  -2747.6048947974241    0
6907    -409.67557756951624  -940.10641164773278    0
6908    -316.83827922693581  -1043.6354676235421    0
6909    -415.9925981876342  -836.80941797600485    0
6910    -380.93290803684692  -1007.72146758396    0
6911    -407.85714722727539  -1076.524424015812    0
6912    -317.27439464414317  -969.26291759197545    0
6913    -189.16840956030478  -1005.6992667711515    0
6914    -232.66702880101525  -915.21429545657304    0
6915    -493.96419469573493  -788.89042235978138    0
6916    -227.8176476898972  -577.81963096946822    0
6917    -2435.6205085469696  -3673.5517909845935    0
6918    -2327.6590385030677  -3897.3851543643673    0
6919    -1844.1615617796363  -3924.9617785253695    0
6920    -1849.4623140411029  -3996.124350909889    0
6921    -1795.7550802212847  -4046.249382043598    0
6922    -1822.6067843886246  -4117.3513634849687    0
6923    -1663.1546133859586  -4019.2926634727055    0
6924    -1745.6162956314647  -4234.2682325090318    0
6925    -1712.0288118060237  -4118.4899269227444    0
6926    -1800.5998456082411  -4186.6674502535052    0
6927    -1854.5879024330243  -4290.365860191283    0
6928    -2126.9595277097537  -4007.8879142029905    0
6929    -2258.206394584834  -4019.5873545143854    0
6930    -2347.3778489075103  -4130.1137383482237    0
6931    -2242.3536054450187  -4096.9020090937747    0
6932    -2318.3792034780718  -4062.275062655689    0
6933    -2453.1377837840864  -4044.7878019076202    0
6934    -2275.7108382896499  -4174.0806821559981    0
6935    -2374.7946387340985  -4255.1964748468554    0
6936    -2214.4211989212413  -4272.6057153667261    0
6937    -2339.3491687795936  -4197.4196395341542    0
6938    -2662.7119196849198  -4224.6322086949976    42
6939    -2294.6820067624853  -4264.5835911031791    0
6940    -2440.1889359868283  -4175.3166476979222    0
6941    -2339.4770451275917  -4413.6165674877739    43
6942    -2263.2168299103701  -4355.2896609159534    0
6943    -2343.1031498218094  -4331.2781243279342    0
6944    3362.8821147311251  3070.4685458682584    0
6945    3286.8865338367509  3180.7846199791306    0
6946    3606.730306591005  3318.711070991782    0
6947    3215.8115777681251  3631.2644198065468    0
6948    3121.3737769676736  3516.2268714898582    0
6949    3185.3290657556358  3560.0062385084666    0
6950    3139.9586803399479  3621.5635110740795    0
6951    3228.5807798707988  3428.217402123325    0
6952    3074.8313168309119  3578.746335623804    0
6953    3226.128394285658  3500.4043525930433    0
6954    3308.4516188768703  3467.0659624599452    0
6955    3001.2233154441228  3615.0722113745564    0
6956    3037.282869345996  3502.2095453275674    0
6957    3329.8707381618001  3321.4995949822628    0
6958    3092.3696011257389  3430.9826813007016    0
6959    3296.1186949408889  3390.892231076481    0
6960    3460.6998200299322  3415.1092450159863    0
6961    3059.8431245588217  3368.4932256608945    0
6962    2993.8345741923044  3341.309511099279    0
6963    3142.9832054716367  3364.9277917922159    0
6964    3160.9946931414379  3455.189525756216    0
6965    3392.0371004954054  3462.9516070400987    0
6966    3176.5461439441269  3277.9911668263499    0
6967    3374.6735235485212  3386.196009246446    0
6968    3568.7028941574808  3495.3574499203241    8
6969    3435.152760109997  3526.811217292126    0
6970    3246.383470697861  3323.7967165787149    0
6971    3432.9020049807632  3298.0109680750434    0
6972    3246.9919991006009  3246.7274899435538    0
6973    1925.8367310694971  4609.1557724538925    12
6974    -40.450649190936097  -4217.4616486306868    0
6975    504.05690431543826  -3900.1688777735594    0
6976    758.67945100094232  -3841.3356768895787    0
6977    929.88240252531727  -3712.9071849659044    0
6978    716.20103062946566  -3466.5665543530949    0
6979    817.25338434512264  -3526.2282013969007    0
6980    706.74879434730474  -3390.7115278808537    0
6981    764.98670323211707  -3337.9160896401131    0
6982    909.13564779554827  -3351.4695149734184    0
6983    693.68886306899867  -3285.4629355285442    0
6984    840.20607306610452  -3311.244898786309    0
6985    715.50556795825241  -3202.7574022182139    0
6986    910.05791897744655  -3270.7173517921688    0
6987    1054.7976415936157  -3305.0076337983783    0
6988    987.26359784963597  -3267.450444485954    0
6989    987.68983929158492  -3346.1812817152263    0
6990    1087.6091556057643  -3166.5098099579391    0
6991    957.78732226444458  -3488.0803094044068    0
6992    1023.2011338301912  -3202.8288055562593    0
6993    1015.8125894151013  -3114.4559628644838    0
6994    952.72714400113193  -3412.9137664603008    0
6995    866.12688184458841  -3428.1670681998016    0
6996    1088.5067778487262  -3441.5267378046856    0
6997    1024.6521306958673  -3408.0718083229895    0
6998    1095.1612832531187  -3080.5528242719433    0
6999    1190.9363202010845  -3132.2778153135696    0
7000    1237.5262918225696  -2048.8171176096075    0
7001    960.23876663662475  -1791.2074600180149    0
7002    968.14506697426805  -1874.2069725724841    0
7003    1057.7178842009223  -1681.2868016186278    0
7004    1041.9258516718751  -1907.4298203138724    0
7005    992.52957323226315  -1721.6601562539133    0
7006    972.80643439464995  -1962.3921148603197    0
7007    1150.9162332323499  -1925.815727785636    0
7008    957.67384447944619  -1592.5664022721896    0
7009    1448.0620194545356  -2413.4320110915573    0
7010    1446.6601630413802  -2603.0220161841039    0
7011    1402.8716324405791  -2975.4189564463959    0
7012    1394.4128026208336  -3051.5810603934046    0
7013    1503.0273084572063  -3141.718105514065    0
7014    1461.4317126170245  -3081.3321255194392    0
7015    1375.1818264698447  -3185.2626321139151    0
7016    1559.2621691191275  -3058.4628097769551    0
7017    -298.82658329539987  -759.81474116618665    0
7018    -476.6182387437641  -870.87411065449464    0
7019    -337.10151679172344  -1129.947782106595    0
7020    -278.68224190611824  -1195.9574070103081    0
7021    -273.44506181418416  -1099.3574618251182    0
7022    -303.50117992247317  -1291.9752811690062    0
7023    -208.28927455358232  -1207.8534740180296    0
7024    -229.03960349768886  -1316.6770824690211    0
7025    -251.01796891792435  -979.73407622085233    0
7026    -50.512826803635761  -883.34572900778562    0
7027    -318.82551458028445  -592.36010198535871    0
7028    -2346.0277085830676  -3655.6226743083034    0
7029    -2418.7117514866413  -3803.349387198296    0
7030    -2424.7791699911909  -3941.8193343369517    0
7031    -2416.0415779189084  -4107.0144534077599    0
7032    -2500.9017345277125  -4115.4328320835675    0
7033    -2602.2539090673636  -3995.4380087965146    0
7034    -2557.0080131942082  -4291.2555353814696    42
7035    -2534.6554449577061  -4041.1421397458107    0
7036    -2528.0181030187737  -4203.6431139897186    0
7037    -2520.113877959855  -3946.7918595163528    0
7038    -2630.7870480837782  -4110.4824529732932    0
7039    -2283.5635143396394  -4441.4854201976905    43
7040    -2143.5622680259071  -4370.1631120085913    0
7041    3322.5777468887268  3128.9748376495354    0
7042    3351.1992717732724  3186.8904459514351    0
7043    3258.2650089522058  3122.8690116772314    0
7044    3313.5266055256534  3241.94075813359    0
7045    3221.2925029729313  3054.338566446123    0
7046    3383.0261757706621  3249.0860543512213    0
7047    3163.9544203787659  3107.6284942765774    0
7048    3671.3899490017989  3283.6839454241363    0
7049    3521.1097958261498  3347.8148446060873    0
7050    3538.0612049802089  3423.79419707343    0
7051    3495.62135877009  3484.3075826569384    0
7052    3205.0732490978712  3370.4816675209349    0
7053    1842.7739171297462  4576.4919046895729    0
7054    1793.0465475148694  4526.4258539517887    0
7055    1905.1371022668152  4460.6334108555111    0
7056    1906.5984478560956  4536.133381578682    0
7057    1981.5219292667882  4496.9190663173658    0
7058    1996.2055456028343  4367.4670630992632    0
7059    1966.6549464089671  4429.6739428824321    0
7060    1901.2269997081089  4376.264778145327    0
7061    2153.932648441757  4507.0764576894153    12
7062    2071.2731692956213  4441.8102813197493    0
7063    1840.8874431652309  4421.3361663613086    0
7064    -30.821829861784032  -4125.8063858940741    0
7065    413.73111517964742  -3882.5005239215943    0
7066    451.10782742778457  -4014.0249740665604    0
7067    686.96667774408706  -3909.7603717787283    0
7068    830.50355781452834  -3701.1715705629331    0
7069    868.15823259618458  -3808.9513245271978    0
7070    765.66793681298827  -3571.7969942605155    0
7071    830.62248025145209  -3620.1786113466032    0
7072    648.87508882225268  -3195.4160375612109    0
7073    1265.815018580487  -2124.7629963625936    0
7074    1329.5818672889968  -2085.9803960612408    0
7075    1199.902268689933  -1983.3162054863581    0
7076    1277.3417354744652  -1867.7272393711885    0
7077    1222.3209651745633  -1914.6007526460301    0
7078    1292.9887245703383  -1941.8227115438256    0
7079    1166.7375421158067  -1793.6273486489742    0
7080    1431.4680275844005  -1925.099950833606    0
7081    1356.9340148683195  -1889.6193207193644    0
7082    1369.5168917000171  -1959.2134844279312    0
7083    1394.7197209984674  -2029.5873458063413    0
7084    1486.1769859295728  -2003.0470414750341    0
7085    1457.0983905050414  -1775.2313926609957    0
7086    1344.8349419294721  -1777.9760169235585    0
7087    1423.1478621325275  -1846.551126986089    0
7088    1566.5533405584765  -1871.0761808178067    0
7089    1498.3092689078908  -1838.5897685680363    0
7090    1590.0207517422748  -1733.8550619031269    0
7091    1529.3947050248864  -1773.2887216765637    0
7092    1489.8027280272263  -1646.09863564946    0
7093    1387.9186579447266  -2374.9184098005949    0
7094    1364.4320997426064  -2465.9548152663779    0
7095    1469.6346075624765  -2313.5268205782413    0
7096    1537.4414046497211  -2620.8102008000787    0
7097    1524.7141547681197  -3000.3045065474316    0
7098    1678.7334107909487  -3199.7793522902621    0
7099    -363.68396413062089  -722.68886337565209    0
7100    -292.86231895300648  -674.1808901080334    0
7101    -144.03925670071658  -727.57081097601224    0
7102    -225.9801489745123  -721.8637554607742    0
7103    -221.78815330697108  -818.79963270688825    0
7104    -179.75284675497767  -649.24027466011546    0
7105    -23.037619603200312  -625.09519983154905    0
7106    -114.31402689425457  -553.31744040583987    0
7107    -97.990152494087184  -659.26864174950526    0
7108    -21.931105551254021  -760.22157217987865    0
7109    -37.444074125802715  -692.78088711895987    0
7110    89.866140155156799  -699.00101587361257    0
7111    -342.12164426221233  -821.57638613205904    0
7112    -370.10633626622274  -1281.3693926769727    0
7113    -346.22993827727402  -1345.8689054405381    0
7114    -137.09563483185701  -924.96847082330214    0
7115    -290.22911661751556  -479.2666963099939    0
7116    -2422.6074863911226  -3505.7639139540711    0
7117    -2327.9777373885372  -3738.9199995228241    0
7118    -2355.5563497482158  -3833.2974637771326    0
7119    -2396.5080039037102  -4004.9948809783382    0
7120    -2609.8599664395642  -4257.9438720382332    42
7121    -2600.0844978993005  -4183.8511880710175    0
7122    -2470.5567211034099  -4271.2588223930625    0
7123    -2476.3121135728011  -3870.1933818875341    0
7124    -2408.5804262528468  -3875.8135158490841    0
7125    -2543.9554128668469  -3753.6647507444081    0
7126    -2588.0171961675801  -3857.1393490872674    0
7127    -2489.9425611446618  -3800.2083457370154    0
7128    -2200.1619675450888  -4336.7610043383747    0
7129    -2214.9969278122658  -4402.8314724411366    0
7130    -2115.8229219757823  -4525.0919783274403    43
7131    -2171.7364527637346  -4497.2231256175237    43
7132    -2110.3921769863514  -4444.1718884725469    0
7133    -2028.6766485415342  -4490.2982975013274    0
7134    -2020.3707607409149  -4359.3874096741583    0
7135    3590.7120251760084  3383.2218417522445    0
7136    2096.9086690986919  4532.5962863805344    12
7137    2127.3420951196804  4310.1238629740355    0
7138    -138.60464756780129  -4126.1728067075801    0
7139    43.211965184628347  -4179.9173945057782    0
7140    500.0793692733759  -3967.5592164925065    0
7141    434.64130608673588  -3947.631346397402    0
7142    534.38375891329542  -4052.7526649209003    0
7143    821.31369521543479  -3851.8329006778667    0
7144    888.71056351490085  -3878.4306867434093    0
7145    800.7613642967184  -3782.3535384616553    0
7146    980.71965996436234  -3813.4345311398147    0
7147    922.57023999152079  -4007.5185180920043    0
7148    875.6060959360268  -3745.8817630315511    0
7149    902.41791572842942  -3562.0357443491334    0
7150    1606.7421879281164  -2119.808581563062    0
7151    1510.8077730397786  -1927.5864413556851    0
7152    1605.6614559678105  -2000.2973631368745    0
7153    1367.461725713179  -2548.4606747557941    0
7154    1434.262240293207  -2504.6991972320448    0
7155    1421.3656296496997  -2266.489147102975    0
7156    1623.5380463176707  -2399.0409692761632    0
7157    1695.0522720766946  -2685.5488184400101    0
7158    1724.0951681134218  -3040.2700941517814    0
7159    1599.0684986689334  -3145.9696193097707    0
7160    -64.248786228474657  -1029.1152846807931    0
7161    -128.75599476648568  -831.45112870311277    0
7162    -341.48426427300677  -526.46859601381334    0
7163    -2405.4515626532243  -3591.4930255102522    0
7164    -2341.2926449622573  -3534.0725232629761    0
7165    -2566.0035895294905  -3579.0411897764525    0
7166    -2258.7354945673878  -3509.9285152884049    0
7167    -2341.921871568401  -3404.9395483007784    0
7168    -2487.4836073172291  -3607.9091002458135    0
7169    -2364.4385089533566  -3469.6172856805856    0
7170    -2444.6341009095186  -3405.4400344662731    0
7171    -2285.2538358474139  -3445.4897107854767    0
7172    -2263.6296653019012  -3355.3990669984487    0
7173    -2553.4669546961068  -3666.1619943560158    0
7174    -2714.1764249292232  -3644.8255871894439    0
7175    -2496.7010392641109  -3704.2598744715115    0
7176    -2642.3986862426273  -3720.0971957269676    0
7177    -2630.8127039865258  -3632.8295945806262    0
7178    -2693.7601500619553  -3491.0467109036185    0
7179    -2682.281484488351  -3570.8153723955502    0
7180    -2829.4286486064875  -3551.2795491333814    0
7181    -2758.6101234245643  -3581.7990206560366    0
7182    -2848.1219897283086  -3692.0809935903244    0
7183    -2787.8134431093558  -3649.5634978016496    0
7184    -2753.0061148220348  -3762.9664255370262    0
7185    -2587.2508459323831  -3927.1003448366337    0
7186    -2711.6555666252357  -3893.4783745186705    0
7187    -2659.3955928446417  -3947.0772044126729    0
7188    -2774.7766741046971  -4007.2994625297474    0
7189    -2685.4942574392453  -4035.8534645835207    0
7190    -1770.3301051459873  -4669.4200265974268    44
7191    -2044.8761287578002  -4423.5515557133749    0
7192    -1929.4442696723099  -4430.8753473864308    0
7193    2167.4495147132311  4404.9802551593339    0
7194    2073.1599137236649  4364.833999301839    0
7195    2054.7212988232372  4292.3885889596459    0
7196    2120.3953193246193  4181.0207204029348    0
7197    94.63359480071864  -4340.8017937428149    0
7198    86.642890873412  -4108.9194510161306    0
7199    156.85145495556901  -4110.0743756073553    0
7200    427.16382243820982  -4174.4093549532645    0
7201    686.96488583829944  -4062.6630045978031    0
7202    888.54373845528187  -3493.9434704741916    0
7203    905.62023418630645  -3639.3883217069392    0
7204    1048.0799815294663  -3633.1376219885074    0
7205    975.16101437267457  -3597.7668286987096    0
7206    1051.2576467164058  -3533.7379158756885    0
7207    1529.1873585672606  -2079.262705610111    0
7208    1491.1467363681661  -2142.2217329036052    0
7209    1563.8071856405311  -2207.6694039927211    0
7210    1533.6175353045478  -2379.6243790412132    0
7211    1648.5354340627005  -2536.3427167038203    0
7212    1607.1170171444044  -2675.4067225913213    0
7213    1594.9521281734721  -2754.2554026258022    0
7214    1658.6308775955015  -2615.0494871302344    0
7215    1693.1279471308392  -2790.0175770171563    0
7216    1801.8174408512623  -2585.7340678091196    0
7217    1723.3362996810804  -2566.7491089051446    0
7218    1796.2319650905613  -2437.1161753726574    0
7219    1716.091064134084  -2477.3629961608285    0
7220    1783.6634612261028  -2512.0024399878412    0
7221    1923.4462870867233  -2516.686256096164    0
7222    1854.5248169729912  -2485.3975779961852    0
7223    1910.9679986663314  -2357.9197313363466    0
7224    1864.7687309431549  -2413.6987046910167    0
7225    1947.1941552497267  -2434.9461581690598    0
7226    1788.9876325917555  -2303.9106611663806    0
7227    1718.003245152662  -2381.2574824962153    0
7228    1646.4658598450903  -2465.7930998731913    0
7229    1564.0092294504411  -2456.8013937652477    0
7230    2080.2228654460391  -2517.9146261466058    0
7231    2065.6276827289862  -2332.2139627099191    0
7232    2002.0078082469192  -2495.1908845090197    0
7233    1991.9230196156968  -2366.8778667316806    0
7234    2000.8324116399485  -2645.2064748352209    0
7235    2064.5999962043993  -2425.7186213952509    0
7236    1967.3258119483362  -2218.8878796613672    0
7237    2022.5761921960573  -2570.3644410256065    0
7238    1958.7539960328677  -2296.3517163178553    0
7239    2144.3785814596531  -2646.3311824778252    0
7240    1871.5270857324026  -2247.4933820273664    0
7241    2094.1906642087743  -2591.1705213099463    0
7242    2217.06925811158  -2529.7815197683744    0
7243    1638.7873830092121  -3023.1702926124503    0
7244    1667.6864180637788  -3100.3406639086361    0
7245    1704.7120862396639  -2915.6263713583294    0
7246    1769.4384224417802  -3139.3696455707122    0
7247    1691.5060264832134  -2981.5089902405075    0
7248    1787.767520962592  -2966.5395687007162    0
7249    1543.5111424531094  -3314.0983981194549    0
7250    -69.311563670014223  -955.10626388822243    0
7251    67.299436785426693  -952.55097097213923    0
7252    -0.37496929892033393  -987.56815537715147    0
7253    28.753277033045791  -1102.2222018730017    0
7254    65.446748160515568  -1031.8730143090729    0
7255    171.80971517017383  -1132.0950099040824    0
7256    104.49433546349297  -1096.9839442722703    0
7257    74.460013108737456  -1212.9084213260141    0
7258    200.34979040799138  -995.29313412828742    0
7259    138.05329163760629  -1032.5942955481128    0
7260    -62.038204780203117  -815.79073616875837    0
7261    24.271186429176637  -835.82637356570922    0
7262    15.872962355483466  -905.2152774656787    0
7263    87.764783881748514  -878.71375710122663    0
7264    53.813746126300011  -765.85326656161885    0
7265    178.42187236854693  -789.90514187326778    0
7266    146.41659834922771  -934.72497171899761    0
7267    263.59912155867949  -884.67587565994086    0
7268    160.00530644507654  -861.78157697895585    0
7269    -2528.0654939193946  -3476.3377852329641    0
7270    -2195.5971193546379  -3368.8989432172325    0
7271    -2179.3121705032254  -3242.1896045253866    0
7272    -2217.6120634272816  -3301.6683794596856    0
7273    -2303.9015767279639  -3204.033847491949    0
7274    -2294.3365797372944  -3282.5289442533999    0
7275    -2437.9992919758956  -3260.2046035802196    0
7276    -2363.0135065213331  -3251.0672326894542    0
7277    -2416.673014422267  -3122.9646769834935    0
7278    -2391.0437497739258  -3333.2911005525552    0
7279    -2407.9441515823883  -3194.5980432984088    0
7280    -2539.0484385527816  -3174.2252080620783    0
7281    -2610.1317691006002  -3786.6039301324854    0
7282    -2709.1795495682541  -3711.9194768459533    0
7283    -2683.4254330943213  -3778.367990410055    0
7284    -2768.4158261756311  -4158.0088820085257    42
7285    -1887.1629827729321  -4625.1248551723511    44
7286    2484.7460682342926  4331.6958621733302    11
7287    2210.9566277848216  4481.5566289982962    12
7288    91.611645703373625  -4253.1078130037049    0
7289    8.144130026848309  -4299.8831762178424    0
7290    211.10333820119754  -4292.889168296535    0
7291    161.57303229406401  -4242.3139602656329    0
7292    462.81350894998167  -4097.7520385488297    0
7293    373.51252229296864  -4067.5551928864688    0
7294    574.80115308878908  -4196.4503352669399    0
7295    533.37824540509996  -4130.5683547389071    0
7296    621.11510819361229  -4121.3675134276273    0
7297    731.0592609341802  -4241.010790283849    0
7298    707.66695104359019  -4152.1694629890808    0
7299    612.23450173834135  -4033.6870712837167    0
7300    673.62540223408018  -3986.2115318488823    0
7301    776.46584911812226  -4007.6571134726319    0
7302    1233.3471930362789  -3553.6647605539042    0
7303    1022.4611035988456  -3474.1851431227483    0
7304    1597.3937521274072  -2302.1937462474862    0
7305    1578.1524096699711  -2559.0637182685691    0
7306    1656.8039789848101  -2737.0963834861082    0
7307    1846.5527286023921  -2740.591574367163    0
7308    1784.4138204011497  -2370.9591535179902    0
7309    1845.3205333441374  -2341.4337442700148    0
7310    1494.9642863576737  -2464.7157117727038    0
7311    1868.7167844425476  -2063.3659169137004    0
7312    1750.8015648061712  -2159.4568230499422    0
7313    2207.1904875001478  -2380.527821271507    0
7314    1666.0648189948217  -2855.8520102810767    0
7315    1742.5193326242036  -2848.8010730754004    0
7316    1772.4767628361662  -2773.488383872721    0
7317    1849.8577355870925  -2847.8830116593267    0
7318    1779.4355189270022  -2689.3085544733422    0
7319    1860.6020474588536  -2652.6426768403794    0
7320    1739.6511612525023  -2633.4001859792938    0
7321    1933.9269325127609  -2709.4524925287201    0
7322    1877.9234787890377  -2578.1465908053196    0
7323    1929.6841777424756  -2629.4434978624299    0
7324    1595.0003313539087  -3237.8690343628436    0
7325    -2708.0570864592833  -4109.7594877204838    0
7326    -1945.6946116231743  -4516.3055710485532    0
7327    -1945.579421586405  -4602.9772694598123    44
7328    -1895.7175708660639  -4559.575075381571    0
7329    -1875.2551922683726  -4485.4437331663094    0
7330    -1803.5762261647578  -4580.8832484711311    0
7331    -1834.8151373261401  -4391.0943839568936    0
7332    2284.1292042307532  4299.7380974304651    0
7333    -162.26389066357868  -4344.8175503103621    0
7334    385.69274693892385  -4002.2065042010836    0
7335    315.54528210140302  -4119.6848043689715    0
7336    346.71139824169552  -4197.3103134847743    0
7337    289.76271547247018  -4260.5013962534067    0
7338    307.84761197106786  -4416.1366586973272    0
7339    426.35018427777754  -4324.3185416464648    0
7340    276.85656220300365  -4340.8694661132613    0
7341    404.98055154994159  -4249.2457557288781    0
7342    185.72432685721935  -4396.7140665804109    0
7343    353.88125416624365  -4353.1686050717153    0
7344    502.11674186517581  -4262.1735759861804    0
7345    440.21841734441813  -4464.5973323305234    0
7346    413.09051804033254  -4396.4543334829068    0
7347    541.37700176808164  -4384.8545034239187    0
7348    654.36340528017786  -4213.7048320114627    0
7349    595.61777739170861  -4292.5248442960365    0
7350    867.45406707210714  -4157.5971291302467    0
7351    755.66495819471425  -3936.8143639186283    0
7352    849.49880875609313  -3987.309833619724    0
7353    834.57151608826234  -4074.9740396181605    0
7354    788.02001893397062  -4141.3556110505833    0
7355    812.96564418137143  -4221.7203561090091    0
7356    806.20907076704441  -4376.5629954742235    0
7357    953.88264761599544  -4286.2516848795767    0
7358    787.75053633114851  -4298.1888240074213    0
7359    892.52473402004171  -4234.1130745626506    0
7360    690.42734756625237  -4337.9901502382181    0
7361    872.77845291367623  -4319.5239573270974    0
7362    1015.6310636189487  -4151.4117255025176    0
7363    940.60824132082905  -4466.0526266905172    0
7364    942.41486740179664  -4175.4012202435379    0
7365    943.26606492591009  -4375.8583647719533    0
7366    954.5934806808051  -4088.8474221687575    0
7367    874.9574603939202  -4418.9817536703695    0
7368    1101.8266979382156  -4425.6670837788015    0
7369    1096.0215225712052  -4011.9267775048706    0
7370    765.38650920903444  -4519.6443040096665    0
7371    1015.5220624668451  -4423.1238787843322    0
7372    1009.0233309607709  -4020.4466543158937    0
7373    805.9759589743868  -4453.8606878484916    0
7374    1054.1659793321548  -4577.3897914228    0
7375    1061.7509920936245  -4319.9894784916996    0
7376    1059.1212106110825  -4083.5682372732981    0
7377    1042.1697810233709  -3910.473748696365    0
7378    729.09435280947991  -4414.979633182189    0
7379    866.35772668411119  -4536.5310674703733    0
7380    1056.5995086421992  -4494.8070423054423    0
7381    997.27512204485356  -4336.8250824546167    0
7382    1157.6439260062359  -4194.5860145344668    0
7383    632.79247286474867  -4415.1412969192315    0
7384    1201.7791763661539  -4540.4123930018477    0
7385    1162.1855535253746  -4091.3296720213752    0
7386    1092.72618738096  -4152.9713796019105    0
7387    1135.6208777092504  -4497.1356256936169    0
7388    1052.5660091326918  -4231.9046494902777    0
7389    1245.4177968689862  -4401.4935966810408    0
7390    1177.0313349541741  -4433.8304028608673    0
7391    1168.4593440944268  -4327.2213360636724    0
7392    1145.1126208969888  -3518.0219977481861    0
7393    1530.4013028277677  -2272.7684369073895    0
7394    1693.3312340334232  -2287.3688845383458    0
7395    1896.0886748672626  -2155.0333242278466    0
7396    1795.5368208105817  -2224.9052747133524    0
7397    2128.4599060673727  -2379.6625129676327    0
7398    2138.328313946839  -2460.6468247259172    0
7399    2169.1399986883766  -2260.4671478853966    0
7400    1796.5925933727256  -2895.5840630765497    0
7401    1886.9069110810676  -2942.8434435102849    0
7402    2071.5085739702231  -2785.7687974684513    0
7403    1504.5789200108009  -3232.297704993256    0
7404    1704.3893697234626  -3367.2598440248394    0
7405    -1630.0018823601229  -4566.2154364558774    0
7406    -1906.5593803492395  -4352.8726701762234    0
7407    -1764.6488026059201  -4477.01049645889    0
7408    -1767.533716952079  -4325.5822693700184    0
7409    2207.5368852447373  4332.1230554121512    0
7410    2189.1281096162247  4242.060816848114    0
7411    2376.3633376810899  4393.8663312402532    11
7412    2271.8459351253623  4377.4525830097791    0
7413    -83.39679045020128  -4298.3184203547416    0
7414    -21.148558386087359  -4473.6644464867022    0
7415    160.56272005236306  -4335.5492721069559    0
7416    495.85577846588546  -4331.7996883005617    0
7417    757.22570773876248  -4076.6683407885262    0
7418    660.22833542969556  -4279.3780084091268    0
7419    785.93654482146405  -4707.0817997565791    0
7420    959.52749715183234  -4560.3359164136846    0
7421    601.05911007904217  -4357.8186622283547    0
7422    552.82354066997095  -4503.4094228292952    0
7423    681.0696457824904  -4490.2564871956147    0
7424    615.17275016781309  -4479.5373132136456    0
7425    626.31681025438456  -4602.0013164088796    0
7426    700.82640096834461  -4569.223257797179    0
7427    698.79448460598371  -4665.679332218373    0
7428    785.23469073955425  -4612.3134814400582    0
7429    1269.8629654350129  -3934.3376503147256    0
7430    1112.5600774598186  -4361.1590267407464    0
7431    1319.0585333239906  -4248.1824799943943    0
7432    1153.7256816359511  -3623.7349982229302    0
7433    1252.4146927803401  -3379.4278237022777    0
7434    1658.1948209460113  -2199.3729197144348    0
7435    2044.9037548647946  -2060.6768098327575    0
7436    1822.5266537827961  -2127.078618524939    0
7437    1740.2978979442746  -2018.8651059866831    0
7438    1761.6946861706717  -2087.954768092136    0
7439    1678.4608323174539  -2075.8738748220644    0
7440    2212.9168356201553  -2455.1025832001596    0
7441    2347.3781999915682  -2485.0809519208351    0
7442    2293.2265543732751  -2411.4286322210114    0
7443    1862.9622769673103  -3061.90114031648    0
7444    2014.4892657329465  -2726.3891771577314    0
7445    1953.5634468168728  -2816.1207715321566    0
7446    2092.8819440442408  -2708.1787899496685    0
7447    2228.2690091224076  -2768.5443181590508    0
7448    2169.0885789698409  -2719.2684726052466    0
7449    2152.3491582454258  -2799.5484192719941    0
7450    2279.7970026009712  -2646.4831970274972    0
7451    2087.5013979848691  -2935.9666630888123    0
7452    2245.2708019672577  -2918.6313205840984    0
7453    2100.6867737658904  -2858.6123280263068    0
7454    2215.6037523373593  -2845.9855123519214    0
7455    2013.7726279799385  -2883.5983610558524    0
7456    2164.4055980504531  -2909.2743921895462    0
7457    2359.2182546100184  -2829.7169216165221    0
7458    1939.2564235716268  -2889.4873437756178    0
7459    1984.3842897464231  -2986.122859453822    0
7460    2188.2509472275106  -3057.3045549382405    0
7461    2285.1167109739295  -2817.5978538761392    0
7462    2337.4306347549655  -2730.331469826001    0
7463    2197.204358198961  -2979.9266619558771    0
7464    2121.3512379148733  -3010.3566296777076    0
7465    2329.8973110098186  -3034.4875361541449    0
7466    2071.5753724396209  -3152.4253215369909    0
7467    2271.2453304884752  -2988.4939571881841    0
7468    2360.9818424905038  -2934.4539771020791    0
7469    2116.4986689948473  -3088.4106613740091    0
7470    2044.6359538319082  -3044.7651462269009    0
7471    2207.5173536920465  -3200.0546034196036    0
7472    1955.9048290740045  -3075.6576576040161    0
7473    2177.7526977176285  -3131.3966413121971    0
7474    2281.9041640453806  -3127.0255923871141    0
7475    1447.4435335760072  -3187.9733343017851    0
7476    1407.09823562066  -3298.9663438557004    0
7477    1667.9423047265495  -3287.1377526191363    0
7478    1618.1862348836705  -3358.1223169362634    0
7479    1805.5302694447212  -3272.9006248331975    0
7480    1502.8064253263972  -3468.4886960579684    0
7481    1733.7249948389767  -3250.9179839312937    0
7482    1544.9318131801874  -3397.0339660793643    0
7483    1469.7238919430563  -3356.8423117756392    0
7484    1647.7479087382796  -3505.7927742701968    0
7485    1365.1294089891635  -3407.1999645492492    0
7486    1654.4003712298279  -3427.6668823352516    0
7487    1580.65652383514  -3466.2397508169006    0
7488    1775.9457810545243  -3477.3627169380452    0
7489    1545.6303993148613  -3602.33045964654    0
7490    1582.7681384313989  -3539.3359744729328    0
7491    1673.4108014039116  -3635.2177325052999    0
7492    -1714.7205130075884  -4598.0278189104592    0
7493    -1653.4972275190421  -4713.7151980225035    44
7494    -1695.8939098412116  -4519.4523462409979    0
7495    -1651.2061702600658  -4638.458966051704    0
7496    -1595.0807887055696  -4735.8627837350414    44
7497    -1526.6110096053471  -4643.3803457079794    0
7498    -1580.0498375152602  -4426.0255040211923    0
7499    -1681.3404201245376  -4418.9643469496259    0
7500    -1624.7962700339269  -4489.0759386193431    0
7501    -1525.8396334373981  -4534.4992334109766    0
7502    -1822.1527453591327  -4452.3631340359298    0
7503    -1818.4716694285255  -4517.433663259927    0
7504    -1769.7886829009221  -4409.598229680324    0
7505    2219.541738103303  4138.5967197339423    0
7506    -133.98352474226667  -4219.6163006384395    0
7507    88.745971987804438  -4452.5511363330716    0
7508    18.005444256272852  -4390.9048388282636    0
7509    992.59713415554245  -4504.660181941168    0
7510    1175.436387214505  -4853.4422182186772    50
7511    685.02838215505756  -4946.5430536504327    49
7512    894.02286139996056  -4658.8945544676653    0
7513    1193.8843197778644  -3997.6483582394922    0
7514    1262.8882262660563  -4147.4870296566842    0
7515    1256.8484777352201  -4312.6424760324244    0
7516    1385.2610642402608  -4374.3235702980874    0
7517    1235.5456057751476  -4229.833846964596    0
7518    1331.2697099520622  -4322.2167543187597    0
7519    1436.9248249922218  -4266.765861964268    0
7520    1106.3082570999459  -3574.3909964322934    0
7521    1112.6102596756571  -3759.9782571369201    0
7522    1317.7516386987502  -3729.8468542011051    0
7523    1179.2182899906331  -3433.5925404582158    0
7524    1957.1895033750918  -2086.868287816138    0
7525    1687.8669193288467  -2140.8297336017208    0
7526    2288.7698867108616  -2288.6131401184239    0
7527    1847.4106976478413  -2996.8367436389235    0
7528    1791.1207989712802  -3033.7938100146662    0
7529    1917.4701628477073  -3014.4820058047494    0
7530    1889.7523478329604  -2792.9574750596921    0
7531    2270.6260195961836  -2714.5184835500286    0
7532    2524.5074335998124  -2741.400756190611    0
7533    2421.3625125706189  -2610.9088169663328    0
7534    2017.1978802523245  -3108.831441321106    0
7535    1927.7433876652112  -3200.9002205080556    0
7536    2001.974436076214  -3183.5318746170569    0
7537    1995.6481977923152  -3323.8072185428159    0
7538    1979.0288616064199  -3252.7773831908326    0
7539    1894.8194610923413  -3284.737479064102    0
7540    2091.7341092710999  -3263.8661533947597    0
7541    1836.5285880794777  -3381.7573018789976    0
7542    2374.1710491785989  -3295.4073918378849    0
7543    -1621.786779037735  -4294.7068122374994    0
7544    -288.04193551187961  -4180.3990402979171    0
7545    122.060173454734  -4398.2765585795469    0
7546    155.32956667840455  -4456.0591577851847    0
7547    238.10655617178205  -4460.9988434408806    0
7548    115.81901504377386  -4572.3394922686775    0
7549    337.79972603466632  -4539.3385787953475    0
7550    192.24682583981595  -4533.4559184095406    0
7551    222.96277022231914  -4688.3831300151023    0
7552    265.32359686928288  -4528.9664979248491    0
7553    233.36823762423094  -4605.8116521384318    0
7554    160.49998384471712  -4638.5703381340736    0
7555    342.16327028462428  -4661.4631269490919    0
7556    20.75048059023284  -4684.661946907223    0
7557    187.77579994139177  -4990.2196659998535    48
7558    84.125122033992525  -4641.9078443418639    0
7559    14.714299619241487  -4568.2820035846644    0
7560    120.42957873908587  -4764.0694813604068    0
7561    -79.209088826199334  -4395.5539208750188    0
7562    549.67209202523736  -4762.3232467835614    0
7563    685.62610883354102  -4805.8031274384039    0
7564    901.58780640973146  -4592.8750519547684    0
7565    962.38920582399055  -4633.2852443080119    0
7566    973.6042757767184  -4767.2845680739993    0
7567    829.45143798724109  -4659.3727703725372    0
7568    862.28434115484515  -4733.0185566109385    0
7569    808.79511463396818  -4929.4030583860476    49
7570    792.25376569721584  -4813.8239342213428    0
7571    1160.4337025029447  -3880.2585357675894    0
7572    1198.4589860786793  -4144.6531736130701    0
7573    1233.4996992718184  -4081.8173561551971    0
7574    1364.6081778303419  -4062.5544418524405    0
7575    1105.812600757441  -3683.6013379487749    0
7576    1021.7268369603497  -3721.5428642838147    0
7577    1204.3101294359851  -3713.3258724758089    0
7578    1261.7725547058417  -3468.6136827148589    0
7579    1382.334931009718  -3556.1830922182717    0
7580    1308.2383662923453  -3531.4188951724755    0
7581    1297.184726072685  -3631.3908700175266    0
7582    1365.7359422430461  -3482.6149837769758    0
7583    1437.3185017651756  -3505.1206378917191    0
7584    1461.878882475288  -3586.7011481302388    0
7585    1437.8267432167909  -3429.1759887456933    0
7586    1391.1925317641608  -3652.0190596083762    0
7587    1486.9229306998272  -3684.7105164568738    0
7588    1158.5419186402264  -3329.1112229910564    0
7589    2023.268793154909  -2148.1937207050596    0
7590    2061.8418885940341  -2236.2000662573823    0
7591    2150.8705981463218  -2133.3053928342433    0
7592    2084.2804076341322  -2116.8437032290499    0
7593    2139.542312224848  -2036.2152599743699    0
7594    1954.6163640042769  -1918.2793783484119    0
7595    2266.3939422252688  -2350.9137140178518    0
7596    2355.3272921541434  -2347.6865447255036    0
7597    2222.9329468304663  -2300.1356421294649    0
7598    2242.3877637246255  -2217.4461584091077    0
7599    2179.4164946414526  -2194.0974529305868    0
7600    2239.4359954341653  -2128.816200086665    0
7601    2111.2657334912565  -2189.0006226145033    0
7602    2391.7382512089775  -2170.8069404786838    0
7603    2309.7902104831592  -2170.8372272150773    0
7604    2374.2054668149781  -2259.3852180078002    0
7605    2350.7105408175357  -2025.5508143513787    0
7606    2521.3002723855097  -2337.0016771861392    0
7607    2309.0231305682496  -2092.2153069879942    0
7608    2436.8069393075075  -2318.9376235777258    0
7609    2243.8231791615731  -2005.0772479003315    0
7610    2426.9203689830847  -2420.7557894512056    0
7611    2502.5621202317552  -2218.0102371084622    0
7612    2434.0338712130729  -2225.2030634341604    0
7613    2461.826568202328  -2159.9513875801513    0
7614    2414.4817816441468  -2085.9607938321078    0
7615    2585.1166679446515  -2116.7679161664173    0
7616    2489.6863897663216  -1942.706986449097    0
7617    2503.4435738042412  -2081.1789877265387    0
7618    2431.8815899152546  -2003.7280932914257    0
7619    2586.0787065567188  -2003.0498045365453    0
7620    2352.6104010826998  -1870.7455761366339    0
7621    2373.4920175626171  -1948.4161247302077    0
7622    2288.1120055888005  -1929.7281487339542    0
7623    2215.8013734309484  -1785.8990001650895    0
7624    2159.0172328075123  -1904.5392273051903    0
7625    2272.2403233030759  -1847.6159031385321    0
7626    2219.1280690399753  -1939.8712806641374    0
7627    2353.427891718788  -1716.7067631387197    0
7628    2204.1406468308273  -1853.2271477472161    0
7629    2090.6167780417913  -1798.8918224968638    0
7630    2294.37252943472  -1770.7117839847119    0
7631    2228.164206787751  -1639.02040762254    0
7632    2242.6964744552424  -1714.2031834801915    0
7633    2133.1519454292988  -1696.3814435668721    0
7634    2429.4079782078175  -2762.248785204662    0
7635    2357.1936930138322  -2655.0156544557494    0
7636    2426.1054652045468  -2686.5405130916324    0
7637    2514.8680866909936  -2643.0095385494546    0
7638    2346.2725628150279  -2570.3956385161923    0
7639    2288.9323999713297  -2526.9880301107542    0
7640    1900.5214538170803  -3128.9918224461671    0
7641    1840.6371437639395  -3192.7686906221211    0
7642    2304.2914133578142  -3224.2285117754368    0
7643    2522.7714810511807  -3039.5750557654228    0
7644    -1698.0881034244865  -4293.9634222431514    0
7645    -1659.1566879373429  -4214.1988350913471    0
7646    -1497.7532994536225  -4188.2062842878331    0
7647    -1574.7893710654687  -4223.9646163210955    0
7648    -1496.2754254477859  -4327.107573063945    0
7649    -1582.7360294947921  -4105.9840946484073    0
7650    -1512.2577853368357  -4257.8191147768384    0
7651    -1381.4372832071515  -4264.1310288332688    0
7652    -1626.9405776022322  -4368.6368004756714    0
7653    -204.9754158518688  -4176.2910968350725    0
7654    -249.85669008753649  -4110.6450364298853    0
7655    -241.71498410726767  -4275.278066556285    0
7656    -312.64917640255067  -4024.2176073291025    0
7657    -337.26355618741957  -4108.1249571200306    0
7658    -473.70095025537887  -4022.5367771464512    0
7659    -393.4121039026781  -4046.0896621027587    0
7660    -440.7747573325571  -4231.518353575173    0
7661    -376.00940967673023  -3950.3041445183489    0
7662    -371.61749311183644  -4184.4194146920308    0
7663    -460.92486655937978  -4127.6084744327864    0
7664    -349.54451950835903  -4291.1527128521357    0
7665    67.271334720206227  -4520.3580918167609    0
7666    -170.94795631280391  -4584.5481789214282    0
7667    610.60399417817644  -4692.9711712560156    0
7668    717.77220908441871  -4738.1434547106901    0
7669    1061.3457563562592  -4692.4720627373617    0
7670    733.93267229200762  -4876.3795192466214    0
7671    888.22340982420133  -4826.2477871816445    0
7672    1137.0165032987522  -3950.3921870747931    0
7673    1203.1669863468933  -3931.5423886476419    0
7674    1239.6691552172583  -3857.6801320564332    0
7675    1371.0909536214247  -3850.1909227519541    0
7676    1181.0825900436168  -3802.4010968339239    0
7677    1306.6138922135033  -3875.5871030586218    0
7678    1372.453925773892  -3957.6426955357651    0
7679    1315.2440515019416  -3802.9509279209096    0
7680    1391.878863443234  -3768.9845811171253    0
7681    1525.4413501493682  -3846.4389813626622    0
7682    1447.7370310089177  -3826.5475498988417    0
7683    1464.3762078660377  -3923.2665429054341    0
7684    1504.6501291045383  -3765.939623792256    0
7685    1644.8645604388075  -3772.6599443224227    0
7686    1577.7220371103165  -3707.443709115978    0
7687    1573.7155438179236  -3791.0361770817126    0
7688    1638.9248335698042  -3896.5878762536122    0
7689    980.58596654093208  -3666.3731950996075    0
7690    1225.5856931518445  -3625.1177690972763    0
7691    1265.7273101188421  -3689.3383003432364    0
7692    1256.114454943521  -3755.3450799369157    0
7693    1512.5407097094746  -3538.0501000509262    0
7694    1094.9470472738421  -3367.5152519691255    0
7695    1261.6901980050807  -3249.398244389201    0
7696    1122.7231152934544  -3247.9642559387294    0
7697    1192.0294858578086  -3265.8507803806597    0
7698    2021.7272038191725  -2285.8633586467154    0
7699    2107.7703246042165  -2282.4707086860712    0
7700    1932.1275325608838  -2002.9367123540762    0
7701    2015.1994779939812  -1979.6886982875499    0
7702    1829.5255135187736  -1930.3652635307913    0
7703    2047.6423077180305  -1887.093685103971    0
7704    1862.1764528002807  -1993.0185869484058    0
7705    2438.3634779446688  -2516.247989677212    0
7706    2475.2139498690003  -2880.1471336380887    0
7707    2694.1082461917003  -2675.1172444726731    0
7708    2219.3509786242985  -3358.473765644761    0
7709    2427.0518680154046  -3009.8310443264122    0
7710    2438.9234951508965  -3161.9453934275466    0
7711    -172.75989800122315  -4276.6521209826824    0
7712    -255.56548875813226  -3985.1148595570994    0
7713    -373.11844978246688  -3794.6429737559311    0
7714    -615.96466125932193  -4093.1477809935727    0
7715    -278.7654946168272  -4397.7669194768059    0
7716    -301.17331551309258  -4245.5603838750185    0
7717    -80.410780212796439  -4550.2319062309771    0
7718    -178.20603453287993  -4464.2626591276185    0
7719    491.7753281337267  -4625.6044977089114    0
7720    623.50597648504913  -4765.7497553875528    0
7721    561.26164967614693  -4963.6830489148178    49
7722    601.76545707638888  -4867.6666593033424    0
7723    1027.4525031891144  -4636.8214997879222    0
7724    991.56346897190474  -4696.8256548061363    0
7725    1097.2347905734687  -4632.4679077191477    0
7726    1185.0389228913994  -4725.7192201610787    0
7727    1124.1979968831254  -4567.0057208524331    0
7728    1189.9533003894003  -4632.3736870195471    0
7729    834.18519526489399  -4866.7960666891686    0
7730    1307.6298907817149  -4005.5441200683658    0
7731    1424.7346685499169  -3710.3070150459434    0
7732    1648.5135156847064  -3701.7322384407603    0
7733    1778.8740284502619  -3712.6110047284806    0
7734    1710.9124610297831  -3740.5001372863012    0
7735    1717.6574545483218  -3838.2551343360701    0
7736    1769.1206352468698  -3785.5940308784438    0
7737    1836.7426538986845  -3903.1546050231445    0
7738    1903.3761036474166  -3766.3925933195587    0
7739    1555.1346054380024  -3932.7222842983033    0
7740    1963.9357884806448  -1791.7393477718697    0
7741    2094.0091832764901  -1955.3204638997113    0
7742    2108.5922343873362  -1862.220105864805    0
7743    2542.0125863247458  -2455.39568393322    0
7744    2427.7303091964404  -2830.7480574004007    0
7745    2498.4640685813256  -2810.2777559547462    0
7746    2610.698141243703  -2886.4284913467104    0
7747    2584.9376225874144  -2803.6124446150666    0
7748    2719.3762236871848  -2807.2088836971993    0
7749    2612.4877655980981  -2716.3955333716231    0
7750    2651.5443718661309  -2828.3084622606275    0
7751    2716.4305008166739  -2917.3230418672838    0
7752    2289.3619956113739  -3308.7769129943467    0
7753    2215.6510371930972  -3279.0985882748737    0
7754    2355.4669952036579  -3452.435208422105    0
7755    2147.4765384197849  -3322.050250747679    0
7756    2342.6740344843051  -3371.2835442574824    0
7757    2118.8449146336197  -3467.6755629354075    0
7758    2274.9183247131559  -3423.5489216542715    0
7759    2492.9300283900216  -3389.1809861324614    0
7760    2153.6976658941926  -3398.9007070896982    0
7761    2263.9852422751164  -3580.7826371457099    0
7762    2420.3260341197861  -3359.0422798134073    0
7763    2072.0704137475536  -3366.8314896792435    0
7764    2202.9509484530636  -3467.0791115610223    0
7765    2291.6258082777549  -3503.7076270894936    0
7766    2500.9964822674906  -3267.2282542042676    0
7767    1960.6982649737301  -3475.2722553817653    0
7768    2161.5726738026424  -3562.5232246035212    0
7769    2414.4382557001832  -3591.2442305367099    0
7770    2000.441479420939  -3404.678043393631    0
7771    2365.3769594636246  -3530.1561940197703    0
7772    1921.905704436  -3368.7554613209822    0
7773    2039.8619728285023  -3473.3554875775494    0
7774    2469.8535762566034  -3496.4936494927356    0
7775    2003.678019446148  -3614.6492868986934    0
7776    2084.3686211507525  -3540.254736819757    0
7777    2001.8439122301538  -3538.899512981402    0
7778    1869.4880807042086  -3579.3722656120544    0
7779    1941.5131073397183  -3578.2573765012557    0
7780    1906.8992775964905  -3669.1737820817448    0
7781    2098.4316194790363  -3636.4649152768461    0
7782    2494.6590215440224  -2961.1538405444999    0
7783    2584.4954281151754  -2973.1987488447962    0
7784    2541.8572940915933  -2906.9870604305011    0
7785    2430.6406969575587  -2933.6837968528553    0
7786    2382.7247727857521  -3217.1183077670839    0
7787    2361.5563535464394  -3139.3480539532388    0
7788    2418.8318593128906  -3086.9929972544428    0
7789    -348.94538238734384  -3872.9493501937854    0
7790    -275.06475496441516  -3841.8032437555885    0
7791    -479.98150045862917  -3870.5157300418323    0
7792    -295.78875199839354  -3759.3769856700342    0
7793    -414.8639639988512  -3893.2983228876055    0
7794    -469.93110070199089  -3946.2407708558426    0
7795    -369.68577064210172  -3699.7544372753819    0
7796    -609.19590794878889  -3926.1948366497095    0
7797    -545.96988743526651  -3980.7247695929186    0
7798    -539.74738543449564  -3909.5905235345276    0
7799    -570.10493305532657  -3797.9137734886349    0
7800    -625.6075698476061  -4009.1431451497388    0
7801    -543.68969482217949  -4060.1453649187656    0
7802    -546.95056874337274  -4148.6460237887677    0
7803    -679.84068937651637  -4243.2398497523664    0
7804    -626.73580762621634  -4177.2019891359751    0
7805    -741.99973880363041  -4119.7142258154181    0
7806    -557.87742379999213  -4286.9463087310469    0
7807    -674.35511620198088  -4128.3825619651243    0
7808    -677.22688680307965  -4057.6243102489007    0
7809    -715.8548372803167  -4183.9601783421867    0
7810    -816.65375827238074  -4187.5375043539734    0
7811    -763.8429416850247  -4253.6940303893516    0
7812    -567.63426910577709  -4216.5936400666333    0
7813    -907.52562027643796  -4314.2347764509395    0
7814    -703.30943721862297  -4397.3797600145062    0
7815    -844.22209362093145  -4263.701425685982    0
7816    -713.31278144290968  -4317.0001038141409    0
7817    -907.15583271523815  -4197.850608794527    0
7818    -795.0978617307934  -4330.4606638043933    0
7819    -626.87832932924834  -4347.0555251750711    0
7820    -232.50434126803214  -4344.9120661027691    0
7821    -89.645387864786116  -4662.4590746446829    0
7822    -142.70084755911876  -4522.4819990239594    0
7823    -107.20059286370028  -4460.8959675271299    0
7824    -215.37651072981782  -4526.8672787225723    0
7825    -295.41455735131979  -4634.4672994577895    0
7826    563.28330470175899  -4637.9557506122319    0
7827    516.4780482137528  -4695.7617974340183    0
7828    427.54265325995277  -4687.6487517849519    0
7829    465.53152290247579  -4762.7263358991249    0
7830    355.1408573434677  -4771.433564359083    0
7831    508.01357002454438  -4848.4758499584586    0
7832    623.14501591560213  -4955.1130512826257    49
7833    1323.5214183626063  -4686.207800084534    0
7834    1736.3113477154598  -3945.7322884572859    0
7835    1496.8463555692169  -4051.8984779974298    0
7836    1985.8010977490828  -1856.9628787463525    0
7837    1897.0797446046604  -1850.4287255119698    0
7838    1826.4676902370911  -1702.5667141862616    0
7839    1882.6260892766468  -1766.5395919840144    0
7840    1967.9531541244826  -1634.9998038036474    0
7841    1760.1991208420102  -1817.3760592542669    0
7842    1906.7391059029383  -1688.7363725683069    0
7843    1832.3863454887774  -1818.3853459663735    0
7844    1842.0860177080003  -1553.3524675885851    0
7845    1855.3199260120541  -1630.1621794310838    0
7846    1712.5405419823358  -1615.2173921422168    0
7847    1781.822632057665  -1642.8253756006377    0
7848    1709.9186414080143  -1722.5325509673444    0
7849    2476.9054012803267  -2463.1976678741285    0
7850    2518.3948875533083  -2533.8662844000773    0
7851    2502.5088284741387  -2401.2978766812557    0
7852    2577.1953843814572  -2388.2319163721559    0
7853    2640.0649097583905  -2263.5301827939238    0
7854    2678.6668170117796  -2484.1831953552269    0
7855    2591.0439740135826  -2317.0148187655254    0
7856    2614.3994861091196  -2450.5176550363881    0
7857    2699.154876478854  -2366.8958423799359    0
7858    2569.0394432169965  -2247.6395330217861    0
7859    2608.2607418750181  -2540.4122443260171    0
7860    2619.7957740819938  -2187.4514809579205    0
7861    2696.5948491822528  -2578.8247224593838    0
7862    2764.7968927174702  -2189.5592458952578    0
7863    2693.4745139147894  -2107.4538715777735    0
7864    2691.9990839719458  -2208.9542753423707    0
7865    2719.2181887144793  -2286.8539565178407    0
7866    2851.0787153628767  -2362.4416172488372    0
7867    2774.4886348541368  -2343.2435351091185    0
7868    2763.0109369030479  -2438.4835150884442    0
7869    2835.4919344846221  -2262.2487657570641    0
7870    2678.9503815595635  -2746.4794030287426    0
7871    2771.3234473706684  -2728.809241905702    0
7872    2219.9983314567598  -3531.1612352749485    0
7873    1828.6937076607426  -3649.0606358604914    0
7874    1775.8511753812186  -3571.343179346431    0
7875    1850.6099621046596  -3717.5446707034394    0
7876    1999.9704460632397  -3721.2198918655727    0
7877    2197.5334728916382  -3657.1611194831166    0
7878    2671.3003357602961  -3115.8064328862065    0
7879    -341.24502722754636  -3633.8508084574114    0
7880    -411.29612624780913  -3617.1882256871677    0
7881    -440.20158691561278  -3683.5236780085324    0
7882    -811.99713511552886  -4117.6651193324315    0
7883    -775.10864486577407  -4054.1344494874224    0
7884    -963.59015651955849  -4133.9457407678874    0
7885    -1036.984030288754  -4255.6307767917333    0
7886    -981.15465833806809  -4206.3279153392468    0
7887    -1054.0304569622795  -4180.0664658098603    0
7888    -1170.7464422447581  -4177.0115843975045    0
7889    -1113.8206789362393  -4233.2593350452817    0
7890    -1241.1154683014156  -4305.1586912442235    0
7891    -1187.6980113810405  -4251.0973381381418    0
7892    -1289.1908545244949  -4188.8925279492896    0
7893    -1119.4165117987739  -4371.9868643643995    0
7894    -1136.3569360963634  -4301.8269170275844    0
7895    -1066.5137691805337  -4322.0881239549171    0
7896    -1004.5084391297615  -4440.8194627323892    0
7897    -987.04697441229564  -4317.6091829781026    0
7898    -944.29092206397092  -4386.5110733891379    0
7899    -878.12588815139929  -4520.4143138284726    0
7900    -860.18165136036134  -4383.806555517489    0
7901    -930.0922288653851  -4462.7936764530432    0
7902    -1006.2545529769545  -4583.7259814590725    0
7903    -951.11880488685426  -4534.0006885557277    0
7904    -890.53745215205413  -4656.6038062705475    0
7905    -624.32046883036685  -4280.3331990608976    0
7906    -485.82081792279996  -4439.3204874246949    0
7907    -42.448174670137028  -4609.8491764207756    0
7908    1247.5016257718232  -4682.2055736732882    0
7909    1296.8736572653181  -4824.031795767185    50
7910    1290.4668851211941  -4590.0826586837456    0
7911    1282.0645177532881  -4749.6803822870306    0
7912    1357.5922922907248  -4809.326584541438    50
7913    1372.6711585193045  -4738.8801457084219    0
7914    1654.0998204405182  -4711.8473924771761    51
7915    1441.4698267014899  -4625.4150423607653    0
7916    1536.2053738783247  -4753.234382896434    51
7917    1477.258150597228  -4773.927878106063    51
7918    1482.3515471929961  -4694.1319646968614    0
7919    1571.9848192390159  -4666.5454546211749    0
7920    1640.284924452679  -4014.957359645337    0
7921    1504.1666597483677  -3981.6365017614798    0
7922    1431.0434727143711  -4009.5304240831192    0
7923    1566.0331285792056  -4023.5944370088455    0
7924    1581.6149986129431  -4160.3955197435189    0
7925    1611.1236264999866  -4087.7464963476355    0
7926    1725.1559896124709  -4176.3816648502197    0
7927    1655.6399544660896  -4148.1455961815609    0
7928    1640.343211672496  -4285.4963836917332    0
7929    1726.8770888390409  -4072.4535512403763    0
7930    1774.4496880595943  -1749.0716037669135    0
7931    1644.2133249706803  -1667.2376447303368    0
7932    1586.1593762778286  -1520.1022118583176    0
7933    1566.6243055771017  -1659.4710424629468    0
7934    1635.936256106392  -1585.482818468176    0
7935    1540.0659985978375  -1584.6949011621134    0
7936    1723.8938284824681  -1472.4243191927781    0
7937    1448.6076682551766  -1470.6877134979761    0
7938    1661.3403589308721  -1514.5027839113077    0
7939    1613.8236265483583  -1384.0273555483591    0
7940    1619.1815792333223  -1455.9661592397599    0
7941    1679.2187794231893  -1415.3256996449809    0
7942    1530.7064673742389  -1426.3867946349158    0
7943    1802.7764048201802  -1364.6784717819457    0
7944    1699.5477583466868  -1288.8821774691539    0
7945    1450.6265918760391  -1562.7563395704437    0
7946    1510.4147986191117  -1514.7933148266686    0
7947    1657.7820955496877  -1810.9219358746411    0
7948    2481.7269634937265  -2587.3100240483664    0
7949    2619.129176136455  -2628.1936003329115    0
7950    2772.7073508205167  -2252.5882417782636    0
7951    3020.8996107769372  -2284.7141288750086    0
7952    2783.2831697793472  -2629.2416793610723    0
7953    2884.3307725979339  -2860.0971598984311    0
7954    1719.1026239438779  -3524.2957744499954    0
7955    2040.9843568801193  -3669.2969634994979    0
7956    2112.5224296731558  -3767.9647772007397    0
7957    2098.3401853512232  -3702.9795911246988    0
7958    2167.2916171754996  -3721.9719069695616    0
7959    2221.4396944564501  -3842.0590025479569    0
7960    2289.0458795439831  -3739.3235064964665    0
7961    1969.3126242427497  -3666.8035160022655    0
7962    2607.7865062675419  -3056.7443302879055    0
7963    2545.6839549875967  -3145.1860819177155    0
7964    2702.534933211627  -3018.5359685081339    0
7965    -543.33782513945857  -4373.2952451063557    0
7966    -613.5019373373209  -4450.5741163431821    0
7967    -441.88248248830723  -4342.9789867485943    0
7968    1287.6625670499175  -4491.0774716429423    0
7969    1236.1550222399114  -4838.7370069929311    50
7970    1192.3302178638392  -4790.4898684236305    0
7971    1107.5648753309561  -4767.2362673880079    0
7972    1040.5808678780759  -4756.9772828694431    0
7973    1053.9991171636918  -4882.8526406701694    50
7974    1016.4904460201835  -4823.1981778023246    0
7975    1363.3940163684458  -4618.7510191604451    0
7976    1412.5718842246761  -4503.2830536375104    0
7977    1693.3501583757311  -4543.6291791890717    0
7978    1910.252414380951  -4127.4686421805509    0
7979    1707.742400186437  -4007.3171781808592    0
7980    1803.824778878103  -4014.4704057776426    0
7981    1411.1237598057169  -1302.9987315288986    0
7982    1286.4048546799906  -1520.3010211607984    0
7983    1364.5920489582054  -1654.0767771495548    0
7984    1651.8246814753754  -1747.8368676043456    0
7985    1589.3846315373519  -1806.4466735603769    0
7986    1702.7342643560833  -1913.4275653243244    0
7987    2929.0028797195191  -2100.581199160009    0
7988    2925.0275747859769  -2299.628730017645    0
7989    2781.2502795640958  -2533.0014519643901    0
7990    2809.3121144042407  -2810.3901596038809    0
7991    2804.1218115341235  -2899.6866773652632    0
7992    2934.9382425318609  -2702.2562739012656    0
7993    2914.4075851168714  -3022.0802796402631    0
7994    2856.8755009162319  -2738.6066801314969    0
7995    2876.5253651088251  -2945.330329045848    0
7996    2926.7483801909761  -2786.6638236713657    0
7997    2864.8716665143638  -2653.7831653048988    0
7998    2794.8664678979321  -2994.6161662157347    0
7999    3031.5229647838087  -2916.5505787006282    0
8000    2985.8344039622734  -2553.8110093384812    0
8001    2968.8164043815332  -2859.9313527043705    0
8002    2958.0828548744071  -2952.7991284320142    0
8003    2939.4516975840029  -2620.8559651182295    0
8004    3100.5399529317187  -2777.0795327426395    0
8005    3059.0615887457625  -3064.8639087766028    0
8006    2884.5682588996929  -2533.3201747443095    0
8007    3061.7594128774208  -2655.9036737143902    0
8008    3012.0153259402214  -2752.3359748988892    0
8009    3046.3624303672545  -2837.0818734909703    0
8010    3024.3762572802443  -2994.5909027129683    0
8011    2840.2015149639924  -2587.9076478082798    0
8012    2993.0764198580455  -2664.6546140448677    0
8013    3179.8187891662556  -2903.1225048652295    0
8014    3122.4040486322151  -2851.281387301789    0
8015    3110.4965728468464  -2963.1301530857772    0
8016    3243.0114191164921  -2775.4214499147092    0
8017    3172.0095186318567  -2796.3426567542997    0
8018    3176.1848825204333  -2679.5700139782361    0
8019    2007.2319016108986  -3862.6091665763588    0
8020    2277.7526012949129  -3659.8575322071611    0
8021    2376.6120893470315  -3686.3436089761185    0
8022    2337.6345519449924  -3608.6958340229121    0
8023    2657.0125128222485  -2960.7258475740291    0
8024    -730.10298973021941  -4545.0227769833418    0
8025    -380.1277552685421  -4429.3335784614264    0
8026    -412.28691192410588  -4287.5372943118318    0
8027    -480.2803128542007  -4286.8615579689558    0
8028    1223.7035546266225  -4479.1574927500051    0
8029    1321.633749390752  -4420.3052436736343    0
8030    952.89481869404005  -4847.346750496481    0
8031    1346.0340694061686  -4538.9664107300978    0
8032    1650.0018660382543  -4622.2029719634456    0
8033    1771.9942670027117  -4670.4604020579181    51
8034    1553.7643560327908  -4517.8655191329362    0
8035    1724.5457782100375  -4612.0837406665132    0
8036    1830.9414902838084  -4649.7669068482892    51
8037    1823.7312435578106  -4534.9229939246479    0
8038    1580.1396881576563  -4590.0896793353359    0
8039    1503.0506446391955  -4577.3135584050833    0
8040    1810.8061994052882  -4125.8217653371739    0
8041    1453.514202082137  -1381.5570209354401    0
8042    1534.4664188313448  -1331.039081874801    0
8043    1326.9551823140589  -1399.1327041260142    0
8044    1394.7729253561847  -1423.0237822483102    0
8045    1339.8221533880217  -1470.8082474312021    0
8046    1267.8768580098265  -1446.7309525515668    0
8047    1365.7220780787991  -1552.3348004210154    0
8048    1213.0374564611052  -1318.2022570723129    0
8049    1146.7214202110677  -1516.3610137005544    0
8050    1258.5830310027773  -1374.7328293601579    0
8051    1217.1187805071845  -1498.6320366612272    0
8052    1320.6791461946559  -1308.7246011443915    0
8053    1157.2969602953372  -1409.7241574437578    0
8054    1213.348685820697  -1632.2916247192145    0
8055    1425.6235857226286  -1625.3881051752146    0
8056    1425.1805847422113  -1703.7084666449227    0
8057    1493.0883195279337  -1714.833067105855    0
8058    1706.6947056825536  -1850.5814442256315    0
8059    1643.7942144477679  -1878.1654268339157    0
8060    1765.634755590869  -1885.8435827160404    0
8061    2859.4480945168148  -2168.2275181116092    0
8062    2958.7395817196339  -2200.738551864601    0
8063    2771.4291037672124  -3094.3087469183997    0
8064    2992.5148915614427  -2417.8484624677735    0
8065    3251.5346872074078  -3056.0154948392283    0
8066    1974.8615528804298  -3793.3905356610589    0
8067    1910.8801099108366  -3854.6623541194103    0
8068    2047.5517150662831  -3801.5750845988032    0
8069    2118.1454953954976  -3892.0450504774553    0
8070    1841.9796153559053  -3816.0658900838466    0
8071    1947.2268588497886  -3991.1498499178138    0
8072    1785.0270678925122  -3856.3429423291336    0
8073    1906.5153692345293  -3928.9080233519107    0
8074    2426.7477273752297  -3868.0642911416185    0
8075    -689.32102956421829  -4476.171001427726    0
8076    -787.13654219773309  -4452.8995776305983    0
8077    -616.91106388741423  -4565.5643093309091    0
8078    -344.65685328024534  -4364.7093776537495    0
8079    -420.5254449721437  -4566.0751246226509    0
8080    -305.34822191872217  -4490.9315331206963    0
8081    1857.6098485678049  -4302.935909040918    0
8082    1861.5212409002145  -4066.74753569223    0
8083    1613.9371368383981  -1297.9390698733041    0
8084    1640.6870758523303  -1141.6466088314    0
8085    1649.3533898818121  -1223.5652733293862    0
8086    1790.239426414541  -1167.242957051016    0
8087    1516.0842146235436  -1196.2463004619462    0
8088    1711.8535033257347  -1175.5355363934818    0
8089    1551.5325427001753  -1260.0618934082713    0
8090    1474.9959590233154  -1260.8232589701799    0
8091    1587.0580353918044  -1188.7378599567298    0
8092    1539.7532025855521  -1080.7827169589846    0
8093    1736.3460093399954  -1032.4326291285834    0
8094    1381.0629540017067  -1155.6966374062097    0
8095    1703.9185413664568  -1100.5300052835928    0
8096    1629.9117626218713  -1023.518974861316    0
8097    1406.8960613169929  -1227.1431129612231    0
8098    1317.5398901365504  -1219.0583671774248    0
8099    1236.978554557357  -1074.7686339381444    0
8100    1297.6078105035681  -1135.5522664474597    0
8101    1375.0457948073079  -997.68150497503325    0
8102    1180.1577914404074  -1192.0745372632402    0
8103    1316.8834557099638  -1055.6961249966773    0
8104    1251.7841952917347  -1190.6217552163509    0
8105    1259.6470410089332  -1262.6837600496879    0
8106    1243.1207082449112  -923.58303280164489    0
8107    1261.3707154704705  -1000.0420360648251    0
8108    1116.7049915424168  -994.16476268027088    0
8109    1188.2090057921866  -1017.5050119509617    0
8110    1121.1058746532542  -1101.8806146875934    0
8111    1009.6547286429939  -1448.924808963026    0
8112    2809.5859345418107  -2047.3769195919558    0
8113    3138.6851282472185  -2132.5337567149431    0
8114    2895.0538772312188  -2227.3622804569427    0
8115    2843.101661627828  -3058.5573953093221    0
8116    2870.6426665035801  -3203.4887441498736    0
8117    2919.1053880754253  -3119.1970187089096    0
8118    2836.4330914973993  -3134.9070644744397    0
8119    2744.0130524357696  -3210.5456713290987    0
8120    2981.317051951844  -2345.8680137916444    0
8121    2921.0276945220976  -2392.1083320676466    0
8122    3081.2739264163465  -2367.1791792796694    0
8123    2855.0457744938531  -2450.3851292365075    0
8124    2933.1599448473912  -2470.5533992004052    0
8125    3194.114868085825  -2989.6827982546497    0
8126    3156.2205391209127  -3080.5040215300523    0
8127    3340.4143497285481  -2921.0596474434369    0
8128    3257.5869679377424  -2934.7392081336434    0
8129    3286.4281393938804  -2851.7749899318596    0
8130    3436.2438290198666  -2790.7146607460354    0
8131    3369.9470715199891  -2842.3727164172606    0
8132    3494.6709322529127  -2934.0695505807894    0
8133    3343.0746427173276  -2739.5143681483187    0
8134    3445.2406296036133  -2870.6318399409834    0
8135    3582.413341559477  -2814.724404823558    0
8136    3505.9425897443821  -2823.3332184916599    0
8137    3528.9169139008613  -2683.4672644008224    0
8138    3497.7050310609116  -2750.1602669176204    0
8139    3425.1594385160679  -2675.5594324242052    0
8140    2376.0525872904577  -3784.2743730702764    0
8141    2564.1101357730518  -3705.8492777320334    0
8142    -768.3635926417378  -4390.2006176029536    0
8143    -857.089058574604  -4453.69520582309    0
8144    -427.75134802676234  -4489.6022312484974    0
8145    -518.8813505232232  -4536.1740525603291    0
8146    -245.9942339497353  -4457.4923085610408    0
8147    -281.32392777396342  -4561.3805085461427    0
8148    -350.17326263479271  -4586.0085148821872    0
8149    -420.68575578091998  -4700.7568312329322    0
8150    1859.185703867362  -4207.7783108754002    0
8151    1605.8664161961333  -1085.2675982411072    0
8152    1698.9303360190422  -839.29724419670356    0
8153    1510.1816756762512  -934.61732449532917    0
8154    1063.4678077858237  -1289.8434070291789    0
8155    1090.8170865242955  -1456.9739563144872    0
8156    1081.005771808299  -1372.7764864014264    0
8157    1041.4388662709046  -1541.6530159734853    0
8158    1135.620313352553  -1317.9061521842398    0
8159    981.02678218708581  -1350.5982433040913    0
8160    1123.3163552881433  -1242.7535094827133    0
8161    1020.6991413197031  -1173.9099182005277    0
8162    2799.368859257419  -2122.3041159252043    0
8163    3032.664590677216  -2124.2971411413496    0
8164    3044.3000032410814  -3247.2539175395068    0
8165    2979.5987464559953  -3067.5987967544684    0
8166    3005.841742797053  -3159.6259686469839    0
8167    2730.1381988777534  -3145.9214138568764    0
8168    2668.9924057183607  -3192.8510367562212    0
8169    2675.135023334577  -3334.6892649965316    0
8170    2692.0665770069177  -3262.9038827554932    0
8171    2596.3176375518792  -3255.6153583613841    0
8172    2810.8564797087938  -3328.8115476902335    0
8173    3093.0795001073107  -2490.9350762601844    0
8174    3143.736571750484  -2258.1158768924497    0
8175    3114.6565506378083  -3029.1026089750067    0
8176    3218.2818196190456  -2846.6340508027292    0
8177    3267.7413247917589  -2686.9589689300828    0
8178    3405.9213740658429  -2735.5222971666767    0
8179    2301.7954901226149  -3821.3257555912528    0
8180    2298.3719195374715  -3974.1410373212611    0
8181    2278.5327936033641  -3897.2505843649305    0
8182    2197.3842470321656  -3924.0690887356945    0
8183    2359.4759025716221  -3917.3704528925446    0
8184    2100.9950857382746  -4048.5255169488537    0
8185    2429.5624961496374  -4054.0762504903341    0
8186    2131.638087736495  -3972.7039355118472    0
8187    2443.0451927417207  -3960.8449512443981    0
8188    2044.5108906216899  -3945.8205842464854    0
8189    2214.3429743346737  -4050.2317156691379    0
8190    2473.111916871082  -3669.6543643423574    0
8191    -547.23955146558183  -4472.424791851643    0
8192    -366.87301482709512  -4520.0301326935223    0
8193    -494.69390408717868  -4633.3277910745983    0
8194    1777.6612955596659  -4254.020075256095    0
8195    2027.0859469805521  -4258.1506666787354    0
8196    1690.401082983534  -941.14151532086248    0
8197    1552.9978706899888  -1002.0290294811615    0
8198    1610.2084096593053  -945.65369078467961    0
8199    1463.7393444835668  -1011.4180250947621    0
8200    1408.3988684842202  -1075.5335638114111    0
8201    1460.0141562653978  -1137.8769366768081    0
8202    1028.0449000188487  -1613.9803601709482    0
8203    1121.710185113667  -1612.8808071991018    0
8204    821.03487949791156  -1450.5109777112184    0
8205    975.29864565592379  -1256.5140482481577    0
8206    3040.1315078632747  -2205.4846803627693    0
8207    3097.5540094211392  -1975.5087297463858    0
8208    3247.2890154251745  -3237.2254487706386    0
8209    2955.2790246106638  -3234.0702741335458    0
8210    2887.7438661836059  -3288.5691271815977    0
8211    2920.6388829761459  -3444.9904630088772    0
8212    2985.0665195532233  -3340.077358147912    0
8213    2882.1319163620246  -3371.4188441397478    0
8214    2770.9632153521102  -3476.4668826027105    0
8215    2841.3620590531855  -3439.620528455031    0
8216    2871.4810584352354  -3582.8414347349644    0
8217    2876.6194146268222  -3506.9834228785485    0
8218    3008.5255648754496  -3554.0213168345908    0
8219    2949.2060506454427  -3511.9001875219283    0
8220    3043.505919495472  -3441.927579742819    0
8221    3106.1713972883927  -3167.8464466812447    0
8222    2600.4220003727182  -3186.9106026889554    0
8223    2557.2791964659959  -3332.1941639003257    0
8224    2613.5167201067525  -3460.5219815357723    0
8225    2564.7192449205481  -3405.4201736186869    0
8226    2540.9615285904092  -3475.6178337219826    0
8227    2533.5472381200243  -3581.9061481816311    0
8228    2590.6415719863453  -3532.4860891833082    0
8229    2621.5936067892681  -3625.9347514877195    0
8230    2686.679982649905  -3523.3960059775959    0
8231    3059.2750828404787  -2431.7187767262521    0
8232    3012.9689460547993  -2486.9988631248179    0
8233    3141.8398186633549  -2423.8425938790992    0
8234    3162.3652304504008  -2341.2032958312479    0
8235    3233.4507578167795  -2541.6868474320122    0
8236    3300.3419738513862  -2266.6361135079978    0
8237    3170.6041885088584  -2496.0123004357802    0
8238    3220.837698842799  -2284.4614115282702    0
8239    3126.0019935545301  -2582.6430049515216    0
8240    3279.2406874300905  -2412.6069083561565    0
8241    3238.4423634828418  -2176.7667521785556    0
8242    3274.4583470646298  -2337.4050012633516    0
8243    3412.8538756896146  -2347.9050872555295    0
8244    3345.1368953571546  -2323.1376915588389    0
8245    3355.4966887516271  -2399.7695972776701    0
8246    3422.9011456012104  -2215.4778641176395    0
8247    3208.771775004021  -2396.5980849951266    0
8248    3237.2568017711596  -2470.3752575441081    0
8249    3342.1526510228628  -2511.7311245074093    0
8250    3471.4606645737967  -2470.3666257872114    0
8251    3423.9657713913898  -2417.8418170943282    0
8252    3536.1098500500434  -2364.1726861870884    0
8253    3088.2366850322678  -2298.7484559333238    0
8254    2373.5476696912301  -3998.3850814834518    0
8255    2308.8903361213966  -4070.1998331043878    0
8256    2601.5772186253876  -4031.3617025020944    0
8257    1976.8862698407424  -3926.160373219881    0
8258    2022.1923356931418  -4024.9796776519383    0
8259    1958.0025831378273  -4067.2463849661981    0
8260    2009.0171210073263  -4156.737421698529    0
8261    2044.5619525947284  -4093.7541490867688    0
8262    2135.394010805579  -4186.5371025638906    0
8263    2483.2529131361348  -3776.6462269724707    0
8264    -554.19929005268727  -4596.554554602837    0
8265    -640.49233266963256  -4692.2301069042587    0
8266    -562.22337224785156  -4676.0704560667655    0
8267    -572.83103419440135  -4822.3193813097869    0
8268    -588.23869254133649  -4747.6926821641218    0
8269    -807.37081591458411  -4928.0528032464044    46
8270    -492.52588850961996  -4766.8354274947233    0
8271    -712.27423729398549  -4812.2053489723412    0
8272    -641.12030608848363  -4797.5146889993503    0
8273    -684.06672529492687  -4948.2539107068642    46
8274    -632.91823103270144  -4881.3389488860512    0
8275    1703.8664217343137  -4247.3527242472455    0
8276    1730.5482012016864  -4363.754266017987    0
8277    1936.032019077453  -4256.642770119789    0
8278    1875.2075067914991  -905.33939245636896    0
8279    1572.9644958657102  -824.40115589317008    0
8280    1148.5945739831532  -1702.1652519109205    0
8281    915.121113209854  -1423.1176110976985    0
8282    851.56455861774202  -1134.729428883976    0
8283    3090.9005593291727  -2061.1509876789987    0
8284    3217.7436990617675  -2027.9257091782727    0
8285    2992.801924006154  -2010.4502372551885    0
8286    3148.5627977769259  -2022.5511232539018    0
8287    3190.9046739402124  -1925.4631756074664    0
8288    3223.8565561497639  -3146.0217221599983    0
8289    3146.8369110125595  -3263.3392240803755    0
8290    2472.0141253277802  -3561.3375019729274    0
8291    2534.6738008347402  -3647.3681390667298    0
8292    2734.5182805792838  -3767.7943509631441    0
8293    2771.5212373415638  -3576.618654613862    0
8294    3227.0789613980755  -2619.8739663969213    0
8295    3323.5701444712072  -2607.2534575257996    0
8296    3058.6250849680955  -2555.0674006992485    0
8297    3484.5358657444158  -2581.1372903766837    0
8298    2512.3665180244143  -4018.4604470364034    0
8299    2557.2275186988468  -4289.3052448601347    53
8300    2576.7644775839367  -3888.0474537506934    0
8301    2522.4338353407734  -4155.93060454025    0
8302    2518.6105157545016  -3940.4373755853835    0
8303    2493.6184882646894  -4088.9371241684344    0
8304    2411.2121326996639  -4164.0756753926089    0
8305    2567.2333321328842  -4096.9675778890414    0
8306    2664.5495997973271  -4225.3212279898198    53
8307    2675.0659826908313  -4111.6244297781095    0
8308    2603.1813155965001  -4170.7810933986066    0
8309    2552.5171950777485  -4219.3083698165528    0
8310    2471.1509271740215  -4219.1016076440283    0
8311    2449.9054376003664  -4353.2892617304497    53
8312    2367.8062388718763  -4271.515074577992    0
8313    2241.215595589978  -4156.8130812028194    0
8314    2065.7669717629569  -4198.9425714130302    0
8315    2116.2360350333956  -4523.1733451197124    52
8316    2114.9345181281169  -4273.303369058819    0
8317    2048.0931627391174  -4398.5899084381817    0
8318    2210.3042853265961  -4249.9962596361302    0
8319    2060.8040631938416  -4324.8978095018138    0
8320    1980.4627399390774  -4323.5930623607128    0
8321    2229.4096957676406  -4470.2233118602389    52
8322    2162.4916591025744  -4377.3908608160573    0
8323    2433.4047438228686  -3727.3944520356567    0
8324    -311.35297599486137  -4984.0356529939136    47
8325    1789.6838198595435  -4324.1626298181309    0
8326    1816.3701642640781  -4427.9818554455969    0
8327    1946.1947614332926  -4187.4550519851236    0
8328    1777.755268619695  -897.17796335417972    0
8329    1565.3874572410768  -893.0747036003396    0
8330    1636.7644441457824  -877.62269999936007    0
8331    1489.7183334857802  -849.97103695256203    0
8332    1486.013069428602  -689.61361534277796    0
8333    1417.4545599658161  -912.23755404038252    0
8334    1510.480249678601  -769.26978798353048    0
8335    1639.4550791836907  -686.06814075295688    0
8336    1358.7481670997522  -772.29004155094447    0
8337    1563.2340780183188  -709.48017415254333    0
8338    1435.054240800692  -792.88634812163855    0
8339    1559.84150197702  -562.65534920010612    0
8340    1540.831688274066  -636.54620273449689    0
8341    1419.3484958131789  -565.90162044092585    0
8342    1470.1273768987824  -618.35618701605313    0
8343    1370.7739648275369  -663.73006183705184    0
8344    1087.5099522966061  -1759.8288707344839    0
8345    1248.5611598802118  -1729.8658046457581    0
8346    864.05700757521595  -1310.5032537845168    0
8347    892.00369997088353  -1518.9903691451507    0
8348    930.60638656270874  -1178.1720287249705    0
8349    968.77527740215589  -1030.6642394353794    0
8350    854.5941922332421  -1222.8449481657744    0
8351    923.41961415054743  -1097.6202337762395    0
8352    908.9096500570721  -1261.3214454886904    0
8353    696.87486785037322  -1184.1578931510235    0
8354    827.40293871944414  -983.7391577644654    0
8355    757.54374863398414  -1277.6615693837141    0
8356    781.19040643588187  -1181.2589124483084    0
8357    856.66548681555378  -1056.4848537529097    0
8358    732.05164127243734  -1064.3533899997469    0
8359    785.17631449152327  -1110.8035384182833    0
8360    2989.2638612599817  -2075.5913278080247    0
8361    3115.0090112588068  -1895.9808660756958    0
8362    3012.8860156691717  -1849.4486230499297    0
8363    3315.7594356293644  -1947.5051051146106    0
8364    3397.2518330239718  -3150.084299398311    0
8365    3172.2773654106377  -3196.1003543639554    0
8366    3082.7368251045937  -3337.0927035648688    0
8367    2658.0500673063589  -3712.7898539346861    0
8368    2813.8034822490904  -3526.305627355413    0
8369    2696.6884323842964  -3601.6749922085464    0
8370    2762.532272421824  -3674.0476945876412    0
8371    3355.0148988371157  -2670.1849220810477    0
8372    3394.8302333424726  -2610.9688471977715    0
8373    3479.7444696966331  -2644.0044781162069    0
8374    3541.7467270231341  -2617.1137728809385    0
8375    3652.9582562276014  -2673.0342379922499    0
8376    3565.7987344353805  -2515.3881239123443    0
8377    2505.054587389498  -3853.2936265255253    0
8378    2576.8546118184067  -3796.5026600020433    0
8379    2293.8068378260418  -4225.9776153689818    0
8380    2278.9887923017186  -4331.6222604463846    0
8381    2174.2213516472734  -4309.1235376155255    0
8382    -359.15295838900778  -4839.7461201793867    0
8383    1727.7409912242426  -4456.9574613756704    0
8384    2003.0623742991504  -4576.1233783791868    52
8385    1934.7121854658653  -4432.8420544948094    0
8386    1819.5568217691625  -983.94204627427371    0
8387    1840.9493500396736  -728.50274342524801    0
8388    1330.5774712818361  -922.36391167808358    0
8389    1366.3340628067519  -851.39493335730947    0
8390    1265.8407027342571  -821.11573497607299    0
8391    1240.2188968020623  -1803.5422719726973    0
8392    1318.5190130085512  -1710.2547856479157    0
8393    1289.5043196977651  -1639.4772384459343    0
8394    852.58194952199165  -1383.5910194267512    0
8395    752.84932674969798  -1377.4714278604749    0
8396    752.9627588860892  -1592.0717913979292    0
8397    969.09994962519374  -1514.6370098594182    0
8398    3248.2652739417508  -1965.1845186325318    0
8399    3301.2399668809744  -2029.7494843939173    0
8400    3262.7847426901408  -1882.940139353225    0
8401    3257.9769877066583  -2098.1904012556956    0
8402    3424.9986044763946  -2009.1940763308851    0
8403    3334.2060483778409  -1878.3549082337433    0
8404    3390.9667787830676  -1930.5320096901482    0
8405    3331.2270242854297  -1764.1901408344645    0
8406    3192.4779628428591  -1846.1088154619194    0
8407    3338.279655082531  -2159.8705964848541    0
8408    3454.71046089533  -1949.6470562382938    0
8409    3523.8853544673216  -2021.3489735777448    0
8410    3311.1271231606547  -3123.5997874055674    0
8411    3331.7186893013095  -3209.9145684141167    0
8412    3386.6945086904243  -3031.1392715280381    0
8413    3337.9185090809801  -3373.2405290641759    0
8414    3321.1596345636312  -3054.688667252497    0
8415    3461.9477005151793  -3286.7517542737505    0
8416    3311.7854101073444  -3292.451883846084    0
8417    3308.3725210312832  -2984.6444378042293    0
8418    3408.6254030936216  -3228.3469060584371    0
8419    3219.1734010749669  -3335.334765106757    0
8420    3387.7359482931051  -3312.5048144675534    0
8421    3710.5891320037754  -3342.0174086067818    56
8422    3460.9939760977054  -3423.3922804386616    0
8423    3530.4270061382335  -3170.6882602749706    0
8424    3444.0397612569418  -3354.9503518132551    0
8425    3626.9690017300377  -3434.8595182293707    56
8426    3556.0341301105891  -3347.9079321734371    0
8427    3460.6773282918043  -3180.8246827911148    0
8428    3481.2755863297243  -3077.5179740836916    0
8429    3035.1378608802115  -3379.0382592503265    0
8430    2974.2288538981043  -3405.6611075582878    0
8431    3098.222594497558  -3402.6455865076964    0
8432    3140.5003944201408  -3519.2841534115419    0
8433    3151.2039201194962  -3355.5240685828021    0
8434    3178.4790118213632  -3439.5366353943523    0
8435    3358.4066255847365  -3695.7620328159478    55
8436    3299.2895023121168  -3545.9880537241079    0
8437    3223.703197347214  -3509.9911546555322    0
8438    3198.3927023880742  -3660.4946716633044    0
8439    3296.421421034217  -3454.6539238591572    0
8440    3232.5112888775207  -3588.8524483026254    0
8441    3265.9355026489548  -3779.7922352979417    55
8442    3306.0011088270935  -3629.8929399066901    0
8443    3450.8777485205183  -3611.7318303339534    55
8444    3312.1710641168456  -3737.7771340569448    55
8445    3246.5420049879963  -3712.0031045490991    0
8446    3146.4408629954546  -3757.317299643466    0
8447    3373.6071958700882  -3582.2642089741953    0
8448    3442.8048585454871  -3516.8567535924803    0
8449    2699.760324130888  -3665.0185507713027    0
8450    3419.1925636370506  -2534.4367070438539    0
8451    3543.2473447171205  -2441.2935486645029    0
8452    3685.8722812865858  -2438.3634434887531    0
8453    3613.6570619142481  -2395.8864500117634    0
8454    3619.9843802353507  -2467.7544781238807    0
8455    3659.0020415054169  -2566.7752712288184    0
8456    3725.0646630596434  -2289.107284556042    0
8457    3684.4194894092243  -2358.208223472112    0
8458    3821.6483596839798  -2395.8117627222955    0
8459    3606.4296417110722  -2265.8303780640781    0
8460    3758.9210317409716  -2355.5258167250086    0
8461    3855.5504075522872  -2274.0466580183311    0
8462    2666.6507417788289  -3842.3635137638753    0
8463    2285.9965261347634  -4443.7482952305018    52
8464    2230.5208264872581  -4398.8872821557979    0
8465    2396.2443970511258  -4385.2812701656076    53
8466    2340.3373307830179  -4352.5064159748817    0
8467    -413.48002209522127  -4780.6821616783236    0
8468    -436.05780533506561  -4976.2453355806183    47
8469    -311.99551081907993  -4741.8536604210894    0
8470    -456.5303481138281  -4874.7968886223907    0
8471    1614.0764078911541  -4406.8900966155206    0
8472    1757.1730674182543  -4518.7948377927587    0
8473    1983.3313544292646  -4388.9984113930077    0
8474    1912.5071066714045  -4359.339111643194    0
8475    2005.5364332237245  -4462.5013542446222    0
8476    1940.7030248185933  -4517.9275891079023    0
8477    1875.4382390359551  -4479.7691836160311    0
8478    1818.4990247623596  -1077.7678480940758    0
8479    1785.5647361912111  -803.9283517671297    0
8480    1265.1393899501759  -706.97439999068854    0
8481    1114.2423379189943  -841.25443939425054    0
8482    799.82882646653024  -1329.6657180415716    0
8483    590.20097186027124  -1319.8061550360926    0
8484    855.25653356640544  -1617.883876773406    0
8485    810.40149184998609  -1532.5449900851202    0
8486    717.52032461785075  -1478.7994108028124    0
8487    3294.4719021893102  -2204.4271837532001    0
8488    3356.96917137539  -2229.9113208171243    0
8489    3402.5966229078722  -2280.5321128308974    0
8490    3481.4834765237165  -2302.9892193035212    0
8491    3430.0565820484831  -2112.3980621945184    0
8492    3573.1317253211123  -1967.0797364395307    0
8493    3644.7129262809308  -2081.5145851131329    0
8494    3650.4192435549203  -1990.2895156195375    0
8495    3417.2953704382167  -3088.3642373428174    0
8496    3671.0165110992325  -3036.9712090843168    0
8497    3459.1063832479454  -3003.0981468567943    0
8498    3562.6447618880325  -3012.7666560278412    0
8499    3380.0307021579365  -3445.9878697576019    0
8500    3361.2135802037687  -3513.3904664465417    0
8501    3267.5715517941512  -3388.6665005153277    0
8502    2972.6680303044905  -4012.57982444972    54
8503    3593.3625325431631  -2575.6115591799789    0
8504    3767.2020862512832  -2626.2308231599559    0
8505    2642.4552122328605  -3778.8972614485301    0
8506    2663.2200577639992  -3946.8840534429874    0
8507    -387.5429467097963  -4913.6649914945438    0
8508    -306.51980192931444  -4902.372214186159    0
8509    -273.13085323455175  -4820.8805572922765    0
8510    -186.64814665465707  -4991.8259704072088    47
8511    -190.46539904994702  -4731.1564143636006    0
8512    -207.8611481811252  -4895.2089374400084    0
8513    -249.16045366626258  -4760.0220701071958    0
8514    -193.75051823614993  -4816.9963100472733    0
8515    -247.99033512592104  -4688.2936602031004    0
8516    -180.58838824862579  -4657.8680441018787    0
8517    -84.57251568140164  -4877.0727072912496    0
8518    -100.93546442060155  -4777.5655615764135    0
8519    -507.05654317820154  -4831.6614932278189    0
8520    -549.454935679242  -4893.9550441938618    0
8521    1681.0471193217561  -4408.9072039539869    0
8522    1645.3875213917304  -4480.0864536632653    0
8523    1962.9839105924798  -1172.6018745694314    0
8524    1877.2519135872024  -813.20663281615043    0
8525    1739.2380185861346  -711.86378058870628    0
8526    1295.0363538107579  -763.86352761307228    0
8527    1225.1452958928712  -764.29295567624547    0
8528    1143.5323559549154  -664.73518209680594    0
8529    1190.1910328747651  -832.31057457236625    0
8530    1143.8212390602632  -765.49082206460696    0
8531    1160.8737006324775  -910.29535880404524    0
8532    994.72379560089678  -750.93739883107423    0
8533    1074.4936642858759  -918.36959275276149    0
8534    1067.2201078555624  -779.24071022072599    0
8535    1036.946149793429  -988.93190422425641    0
8536    1059.686930083139  -691.53829544530015    0
8537    996.77630824301048  -852.6780300250731    0
8538    1041.6896330809238  -1073.2261379033903    0
8539    1054.0951171306633  -529.50192883658633    0
8540    958.85114384891403  -937.90727664263704    0
8541    929.97518698283909  -614.89992905465181    0
8542    1079.7423465423108  -609.73152173839492    0
8543    983.12622973799614  -673.02973475137594    0
8544    1209.1436674020426  -524.15126274961017    0
8545    1004.0784811060478  -589.70505265494376    0
8546    861.39824126263954  -730.96758008625238    0
8547    1132.3739747173918  -548.69245570511532    0
8548    922.36326860773249  -470.93779298368128    0
8549    931.11097004847829  -720.58993658831344    0
8550    909.35361228030138  -813.77248218951763    0
8551    1127.2540560402763  -400.33037227659418    0
8552    946.47161626943102  -541.84538344997634    0
8553    808.71784556389446  -549.12903793782561    0
8554    1108.8911204093229  -475.233455082879    0
8555    1017.0108039177347  -413.00601700830856    0
8556    680.24593324032503  -1324.0412981744894    0
8557    691.01843571286076  -1254.3917997741939    0
8558    591.03486166016512  -1210.6935793229366    0
8559    630.71217308596943  -1417.8397256319208    0
8560    789.58042404506648  -1662.5574119640983    0
8561    655.55912121091035  -1687.4278624634155    0
8562    729.76371917599602  -1713.7592083665284    0
8563    917.46437549903806  -1649.720379403868    0
8564    3522.4765400424385  -2212.1834880119222    0
8565    3370.4475873143429  -2063.5935328246383    0
8566    3469.0966400587295  -2058.7587903278886    0
8567    3510.9015427127624  -2130.2123074854057    0
8568    3597.434785122899  -2159.7959420584907    0
8569    3561.4530825185361  -3094.7707318074044    0
8570    3680.520879205741  -3187.7301704113183    0
8571    3607.8772932291022  -3158.042093197198    0
8572    3583.6981449470481  -3253.4507868061401    0
8573    3668.7581670115069  -3112.7926577707226    0
8574    3794.2092622775131  -3249.175298984193    56
8575    3785.0086690040816  -3078.3108256389582    0
8576    3740.0650683477102  -3139.9917663314377    0
8577    3595.1319672367795  -2916.0017536983046    0
8578    2914.7122367012657  -3770.5821021930033    0
8579    3698.901435690459  -2622.3460266209145    0
8580    3728.9855196871608  -2695.779150910083    0
8581    3737.1180022545814  -2552.7976988707883    0
8582    3665.9853631109017  -2767.9267815275471    0
8583    2591.5242964330191  -3959.2971133806709    0
8584    2685.7587820015788  -4028.0594582128315    0
8585    2872.2698556001492  -4086.958517784612    54
8586    2813.3030551378197  -3948.9295119758485    0
8587    2752.9251529743419  -4079.1205267469436    0
8588    2737.9625207617282  -3969.8481576300237    0
8589    2752.9698531376221  -3877.7660735828636    0
8590    -249.00056132475922  -4987.9308117005612    47
8591    -139.63741712799987  -4930.8671545244824    0
8592    12.140204587320682  -4810.0703397108346    0
8593    -126.31777006282499  -4716.9690396861997    0
8594    -57.425764430890816  -4723.7262263435387    0
8595    1877.3674146200181  -1145.560971056324    0
8596    1860.0630583562101  -1261.9250197585559    0
8597    1962.6266105778323  -1024.673879282592    0
8598    1904.3941029021464  -1209.0487562708929    0
8599    1975.963609008098  -1314.0736005487902    0
8600    1966.5237068741053  -1243.6083979827883    0
8601    2096.1590231085288  -1262.1066569340833    0
8602    2038.2501103331472  -1204.4412203059969    0
8603    1897.1010408893692  -1068.9693641152357    0
8604    2169.4294779057523  -1130.6174113928607    0
8605    2038.7174485560975  -1098.4545213291124    0
8606    2114.2508625302203  -1186.0290030097999    0
8607    2240.0696359582562  -1256.1396703359032    0
8608    2187.0476685552048  -1203.3406320766849    0
8609    2307.156781609463  -1135.7468299802069    0
8610    2009.2572607460706  -706.50025760862104    0
8611    1813.0259366524485  -580.00205350273473    0
8612    1673.2853192840128  -761.09416180094229    0
8613    988.59029314525799  -1114.6859530780384    0
8614    903.55556633918161  -990.73276634433296    0
8615    873.16323073703006  -903.56597617973273    0
8616    697.51369425888743  -1415.0010072593507    0
8617    436.67009597538515  -1440.6381244277341    0
8618    597.9378864100039  -1556.7995056017094    0
8619    981.28902017326709  -1658.2559650860055    0
8620    3679.7278208403231  -2206.2137914191399    0
8621    3514.4519320694844  -3239.4963989433568    0
8622    3632.321006197802  -3318.9707487409614    0
8623    3690.4866238561185  -3265.861540573088    0
8624    3537.2444874862636  -2882.4612110866187    0
8625    3626.7507740542601  -2980.4532122016258    0
8626    3749.0744596331519  -2930.2412702919687    0
8627    3672.5779070734065  -2917.9896297893338    0
8628    3724.2107644223838  -2840.5450654033657    0
8629    2825.0084037406641  -3743.7762134076243    0
8630    3595.2312685376564  -2729.2996262508696    0
8631    2853.4376166758202  -3853.7456384141169    0
8632    -52.106487650385269  -4820.6350617134276    0
8633    -8.8464739276242881  -4883.0775358688243    0
8634    104.06889860155408  -4876.01621743126    0
8635    1897.8968355098525  -980.40511052841771    0
8636    1993.0915840516702  -910.6696985447096    0
8637    1964.7895697135343  -1098.6956568901453    0
8638    1928.206225553947  -741.237273545118    0
8639    1967.7291869785536  -823.24204136577771    0
8640    1930.465849607094  -634.58388601569175    0
8641    1800.050718178001  -659.31749881632618    0
8642    1868.7543545735625  -665.38473684878477    0
8643    1708.2405518067276  -603.57923712920979    0
8644    799.9246105801808  -821.85803810141522    0
8645    530.47597003275052  -1401.8739682617017    0
8646    642.12473614373209  -1493.8763009189934    0
8647    558.23042954844016  -1481.9391875065103    0
8648    677.44756634619785  -1565.6575825871541    0
8649    455.65303435499573  -1584.3093399113318    0
8650    522.59024914576116  -1548.8044604723009    0
8651    459.50001245895248  -1510.7113546313121    0
8652    540.95320080469912  -1664.2747422511613    0
8653    328.64220461878517  -1514.5893189340723    0
8654    3781.4053523525326  -2204.4481767194588    0
8655    3649.8085200994051  -2846.8748290451481    0
8656    3885.602079396811  -2844.1017575809565    0
8657    2893.9659304655502  -3676.511598067204    0
8658    2911.5402575580442  -3934.2981536368447    0
8659    2794.2555809538676  -3810.3858718569254    0
8660    2068.2835674159901  -991.8356315481052    0
8661    1935.4154187748093  -880.00872130208529    0
8662    2135.3955033398938  -821.99533657790505    0
8663    2027.6865819583625  -607.18910560475786    0
8664    1890.2741172058272  -567.42708540694935    0
8665    1841.2553974367715  -509.86023521753231    0
8666    1724.7161978187564  -433.61673004534669    0
8667    1754.2842584672719  -515.60916242265534    0
8668    1793.7455599044354  -455.05102798233037    0
8669    1805.5417840979253  -352.04287079555723    0
8670    1649.3206443619285  -507.13345239762782    0
8671    1698.1125023892398  -665.05741593627897    0
8672    1627.6482294151133  -606.29898775214417    0
8673    427.27312150663511  -1264.0015091626917    0
8674    3789.0413715162967  -2270.6068881813571    0
8675    3864.0193089167169  -2190.7309598052016    0
8676    3889.4663949244928  -2109.498764604637    0
8677    3964.3056819592111  -2100.0623132352184    0
8678    3798.9896913740104  -2115.4944097015955    0
8679    3804.3710047992895  -2866.618927431613    0
8680    3951.7630254623878  -3055.60682026825    57
8681    3819.2842980445762  -2762.6390583538455    0
8682    3862.6645232828191  -2973.1253068299047    0
8683    2828.8616194803353  -3642.6056853373971    0
8684    3026.718813921379  -3696.5572279713815    0
8685    2949.5115219283475  -3613.6445143464653    0
8686    2871.9355170644244  -4005.4913648405673    0
8687    2799.6893012437504  -4021.7119986502285    0
8688    3073.0662050088322  -3938.2011311148276    54
8689    2024.4137189830506  -1037.0791186830788    0
8690    2087.8091355183506  -1054.6590843374292    0
8691    2005.36152912373  -974.71467188751615    0
8692    2102.1291808964315  -1120.1228037787178    0
8693    2189.415002382585  -988.63391214555588    0
8694    2051.7381628124399  -846.26398058601092    0
8695    2116.3443967849089  -912.6470410501164    0
8696    2073.0614933411634  -763.44494342979124    0
8697    2193.1437730854459  -698.05902285355148    0
8698    2097.7566201695531  -671.5576635049124    0
8699    2143.8667324276216  -750.52042199911136    0
8700    2248.1737138500434  -799.12238149359223    0
8701    2061.3030625577799  -508.99084779761426    0
8702    1871.8428186684791  -363.45393349240874    0
8703    1811.1760838462908  -257.65008013665175    0
8704    1559.7526456312398  -339.85684625849353    0
8705    454.58874402738348  -1351.1165971653338    0
8706    3765.3088502823448  -2043.409565782202    0
8707    3719.6119211768005  -2108.6718683905588    0
8708    3906.1580503509726  -2759.6417998711831    0
8709    3972.7662726905455  -2820.5844408858793    0
8710    3949.4248598119025  -2907.3628344883409    0
8711    3988.729841917956  -3005.2436357215729    57
8712    3923.8638844225902  -2996.3802167242893    0
8713    3865.8982244680428  -3056.7711210359244    0
8714    3806.5218532920271  -2689.3649972813091    0
8715    2956.4902177039148  -3712.0454405324995    0
8716    3011.7536932223056  -3795.6642619515101    0
8717    3022.8671176566613  -3975.3904777822736    54
8718    2996.13825421415  -3886.8365561849137    0
8719    2172.1574505473982  -588.68010763829693    0
8720    2206.7438478265321  -884.31741908669926    0
8721    2055.5665162502264  -442.07450480848132    0
8722    1993.6121698355457  -472.00698139690962    0
8723    1924.0691526753444  -472.63672531035155    0
8724    1899.7078055519792  -187.7459314409283    0
8725    1693.388630266887  -264.79837808715911    0
8726    1628.6940191319316  -410.56012089920875    0
8727    510.88816197912018  -1285.623412512447    0
8728    492.22040491596118  -1185.3276359845806    0
8729    290.29583673844434  -1354.7918748925308    0
8730    3697.6077055216356  -2039.0322575084567    0
8731    4042.0402060357164  -2815.2918744557874    0
8732    4062.6634748290935  -2904.5172666282187    57
8733    3072.7482894023728  -3754.1910400010247    0
8734    3112.9359654692153  -3676.9905344024569    0
8735    3087.60138599115  -3841.6243984183443    0
8736    3142.5701011695355  -3600.9079937284764    0
8737    3054.7968111150358  -3620.5443127245117    0
8738    3079.1458267982284  -3554.2540345020284    0
8739    2930.3591430538522  -3846.2659287275719    0
8740    2147.8693683747383  -505.51838341333053    0
8741    2097.1255823223746  -576.10721004262666    0
8742    2369.7327968567047  -964.99037754520918    0
8743    1832.4948674766463  -193.63615048370434    0
8744    1750.7193715562919  -235.4698350818625    0
8745    1704.69571575021  -189.12042326021449    0
8746    1750.9168534568137  -306.55452719134576    0
8747    1678.7138679754278  -345.52299705650665    0
8748    1516.2143805229039  -451.27347934907328    0
8749    577.85609271610292  -1056.8806094782913    0
8750    337.78494720335539  -1123.9819913124943    0
8751    373.07763180566269  -1381.3553793471817    0
8752    353.21275369320045  -1300.9905157263086    0
8753    310.38047755825073  -1434.4718758879233    0
8754    354.86908921828893  -1211.6695570863562    0
8755    166.50020159233918  -1428.3679099261087    0
8756    237.00027176965776  -1493.3379203869185    0
8757    372.307491587735  -1462.4964029384128    0
8758    415.09270192546262  -1154.4281767639504    0
8759    257.58727745874558  -1185.1149111482898    0
8760    239.34883375374511  -1410.0052267823089    0
8761    173.18195040741961  -1297.8392404514964    0
8762    486.2325752489175  -1088.5653591792536    0
8763    272.45560899371827  -1270.2398386321327    0
8764    403.48260578309254  -1070.5365801119833    0
8765    476.81764226781138  -932.85810171928324    0
8766    307.03885184663756  -1019.0853592143995    0
8767    459.56635407833073  -1012.0394797593108    0
8768    536.57094992640964  -987.34654867166228    0
8769    380.42771516591057  -953.32754056183376    0
8770    659.77088748010169  -961.22118393962558    0
8771    578.47199250280971  -881.38922147820949    0
8772    2275.9817613064733  -949.41664459443473    0
8773    1577.6263429737678  -491.45413164327925    0
8774    1563.2290798397739  -405.4303700716348    0
8775    1489.1417121715845  -376.47925778937793    0
8776    1475.5539620402592  -263.89802615466994    0
8777    1399.7785489175317  -451.1220796594688    0
8778    557.52181593272473  -1136.0939265953996    0
8779    642.52216802160217  -1115.6971602025615    0
8780    653.45758324033534  -1038.7172235089643    0
8781    158.10339282962661  -1508.2148523443843    0
8782    81.63969110800079  -1459.8088486946638    0
8783    92.600013823952963  -1359.1496133676417    0
8784    179.89840570918702  -1214.905837545791    0
8785    370.55552051833433  -1016.1413462446343    0
8786    396.56478650264626  -792.13324099098759    0
8787    306.76597980081669  -944.94917501931275    0
8788    352.69522280852919  -869.1463698481391    0
8789    433.62387103838478  -864.24492206977482    0
8790    291.86440870796616  -783.49342093958035    0
8791    517.56297802946983  -775.52917569624037    0
8792    2267.8215967943738  -1046.5549756450973    0
8793    2338.9983245537505  -860.03735747892904    0
8794    158.79288317806885  -1362.5380193642236    0
8795    223.62201036367577  -1343.0066158971645    0
8796    99.110912056478853  -1284.0963367687848    0
8797    237.18109700699952  -822.7568318136548    0
8798    359.53061512035572  -602.20844445211776    0
8799    2195.8595126342339  -1061.9393638079951    0
8800    2361.1202122773943  -1058.6783197232137    0
8801    2271.1830860236328  -862.98278316428309    0
8802    351.26338720348235  -702.39361972904771    0
8803    2452.5086639625783  -1180.0954576243109    0
8804    2523.7877857333265  -1026.3922511393293    0
8805    446.98407709484275  -710.37701655326896    0
8806    221.33646446738672  -641.23842718473213    0
8807    2387.0513547068499  -1134.2621989048675    0
8808    2349.017245206488  -1237.9610442330863    0
8809    2465.0467192239212  -1092.5306424058303    0
8810    2535.8823483316137  -1147.3533570685418    0
8811    2440.4480494111508  -1011.5284915533964    0
8812    2516.6403408586011  -1220.877385719479    0
8813    2437.4350762463723  -1274.6155908659753    0
8814    2513.7216562787657  -1301.8153165827719    0
8815    2588.8495211888126  -1080.9721139232809    0
8816    2500.6173619004144  -915.23568423045617    0
8817    2427.3607560572332  -1423.4505152172405    0
8818    2578.1513904530666  -1328.5608507177235    0
8819    2513.5621126238316  -1393.1777273656173    0
8820    2691.8265169657939  -1079.6800220083476    0
8821    2612.9496394794674  -986.17541276354154    0
8822    2643.470120710705  -922.86899734476185    0
8823    2572.4090894447186  -912.21507513067661    0
8824    597.77033243073799  -617.8361751153152    0
8825    270.44409469002278  -705.5024409537142    0
8826    294.52403738554023  -636.20673303895762    0
8827    266.75773957412213  -503.96885955259677    0
8828    193.1906811565446  -713.64106518012909    0
8829    2356.8964753068699  -1343.922520731207    0
8830    2450.0626084018136  -1350.2287385740519    0
8831    2524.126735956313  -1561.1253464256845    0
8832    2697.2345138302917  -1152.1114177638983    0
8833    2747.1203497729825  -1031.1611348604868    0
8834    2668.852231813139  -1019.0391932141083    0
8835    535.4278593576305  -685.37136180637958    0
8836    2302.4931351794562  -1294.694233983829    0
8837    2202.9347801299455  -1386.0765957327496    0
8838    2281.8748502849344  -1372.1553368265813    0
8839    2265.0649687393598  -1507.6096694418106    0
8840    2344.8141091405605  -1425.608644818376    0
8841    2252.6658267899957  -1437.3007166422342    0
8842    2144.4208869739932  -1492.6377399029363    0
8843    2389.3334083818636  -1548.6854308599648    0
8844    2387.5310628916677  -1479.7472277405677    0
8845    2460.6594892100716  -1512.327993677105    0
8846    2539.1815757653526  -1475.872243112301    0
8847    2609.1685630635275  -1532.1870587497133    0
8848    2624.5013354483658  -1461.8694759508198    0
8849    2599.6467849733331  -1643.6317667326812    0
8850    2673.311697513218  -1560.5679511942399    0
8851    665.42407295170915  -757.97915187657168    0
8852    481.10009021494352  -572.67869665023261    0
8853    588.64625148915115  -742.76553244765648    0
8854    614.3602842901189  -814.33802234362133    0
8855    658.5707007162265  -881.13105183363336    0
8856    640.23929212743826  -683.7357121803044    0
8857    750.66274698908762  -919.80506969413227    0
8858    755.36226722076015  -686.07711590159977    0
8859    699.55044370075677  -598.87830776838496    0
8860    476.12134247744132  -644.5206030111575    0
8861    727.92560630672403  -990.34986557340721    0
8862    727.21691001108582  -846.65163556118614    0
8863    741.85802835639049  -770.58183355144183    0
8864    772.26806020375625  -613.79586387984784    0
8865    826.93290782255428  -664.69903876247372    0
8866    624.26070100608581  -477.36134309318231    0
8867    892.15910156292637  -668.15742092733228    0
8868    862.68762585719992  -607.17624988326372    0
8869    638.301760436888  -552.74432605552522    0
8870    722.52781861588846  -504.64827315768525    0
8871    555.44857612943713  -529.17765118521095    0
8872    514.86185587921489  -403.67898370380351    0
8873    556.83356086039976  -459.4174627811168    0
8874    607.27512005610106  -405.53117788623564    0
8875    468.47114129443514  -482.28354007825004    0
8876    692.17269530907288  -423.37892550483798    0
8877    795.64327902220464  -431.03504531108047    0
8878    353.45436682316688  -361.41144135469176    0
8879    408.01608830854883  -536.80937204000463    0
8880    383.07770560460489  -448.38172287629988    0
8881    334.46589679793658  -532.95341601724544    0
8882    746.51402016472161  -391.98708780775047    0
8883    696.16875830678373  -343.81744249450554    0
8884    720.11634737961037  -277.75159356956704    0
8885    814.70155734383172  -245.28222311052647    0
8886    434.18468523545641  -382.44373457014751    0
8887    493.98138983637432  -319.13587798999089    0
8888    558.09787686016784  -348.15046341542597    0
8889    411.9065426687032  -249.30856301541553    0
8890    407.75578679135799  -318.4346684185856    0
8891    332.57161568356008  -279.23247793518402    0
8892    335.72262536041001  -167.45731254464985    0
8893    197.33235952576356  -357.34131656598186    0
8894    275.9673561482698  -337.3591338150394    0
8895    219.23946573202716  -225.49280855959279    0
8896    255.05072346492125  -419.7623347451198    0
8897    126.73085453443174  -480.51937593122238    0
8898    314.51740302123238  -454.4118960981275    0
8899    200.42349103570518  -470.27407861462666    0
8900    175.35352522699202  -560.10197622727264    0
8901    767.79411193614533  -193.7350239035452    0
8902    891.20655571462589  -346.98575467559084    0
8903    868.15222241377091  -196.98581011583721    0
8904    886.43660861028354  -270.94722740117908    0
8905    994.87518646159515  -302.31367830167659    0
8906    68.914581889010478  -570.48827298225251    0
8907    139.6925437963699  -633.91065111121634    0
8908    746.11900279430677  -134.8090975090204    0
8909    824.66536760296924  -367.68096304858659    0
8910    867.05295090278332  -425.42289141479881    0
8911    950.88241757749086  -251.27582209668756    0
8912    1042.4735562474966  -216.80661264889983    0
8913    12.542720720003715  -470.70075642106542    0
8914    47.929397450777955  -639.87375611400512    0
8915    1002.3537601419033  -163.50870848480488    0
8916    1096.8048037988053  -303.05223804826596    0
8917    1134.7455077078062  -177.0730503244514    0
8918    67.047169915343559  -505.72668425120105    0
8919    72.995430545416426  -436.54987379559378    0
8920    6.5944600899308075  -539.87756687667274    0
8921    141.77161292267257  -407.31800162756514    0
8922    6.1506575141766611  -388.80465940046668    0
8923    -59.107922819344395  -499.38391974580384    0
8924    106.13264503934144  -311.82426361153972    0
8925    1045.4989599918042  -349.7496732454585    0
8926    1279.0731453303426  -299.40456810436257    0
8927    1117.7794864628024  -113.72319971726094    0
8928    1105.8978522225798  -237.08793181164347    0
8929    1187.5532198257426  -281.952844276858    0
8930    175.95707361474433  -286.04550909952104    0
8931    45.031801097948396  -267.43035041251346    0
8932    1217.8219450255085  -371.91749502289406    0
8933    1252.5023819659621  -190.04715163280312    0
8934    1191.56857708751  -446.78513066030416    0
8935    1295.3625299285034  -463.885804637413    0
8936    1196.3363556662246  -158.94143850822593    0
8937    1252.7249205779101  -123.38437972102042    0
8938    1322.1956995035584  -156.94804963369739    0
8939    1252.7245322457038  -45.505546388650984    0
8940    1354.8318479289233  -244.58223709736956    0
8941    1307.7204347942907  -573.37295624703188    0
8942    1337.6866572593672  -376.64701131763684    0
8943    1419.650513661403  -226.38043913562282    0
8944    1406.9592693143284  -305.69968639688568    0
8945    1271.8019373893546  -521.98610734682495    0
8946    1242.4655758062029  -580.73832585935349    0
8947    1337.0567963774427  -514.62073773450311    0
8948    1282.0599870505678  -638.7809088427714    0
8949    1211.424933357584  -644.43923634508474    0
8950    1276.7022077903384  -400.94647399824396    0
8951    81.235239415177148  88.626235661235881    0
8952    153.30750943440279  97.43273213407268    0
8953    116.23408212003865  -91.563181635941618    0
8954    -135.70760915425774  -366.04323352543037    0
8955    -388.25295901361005  448.47827547241741    0
8956    257.69425855168703  668.93138206659626    0
8957    -538.49730147120101  718.19203225846525    0
8958    -203.35887747245357  1055.2178692741738    0
8959    -271.09780988216363  1134.5928876749847    0
8960    -212.91661858898857  1168.2780551178082    0
8961    -334.44778932708903  1089.5240967076174    0
8962    -101.70664891364248  1124.6989793020964    0
8963    784.32041746871494  1140.8560850133947    0
8964    -1069.6909302605281  718.09255311902211    0
8965    -1124.7076610722313  552.59606014393967    0
8966    596.09340260999295  1429.8769415100232    0
8967    511.38904079612098  -167.26244428525331    0
8968    -1035.5119440769058  860.86362837203865    0
8969    -971.22059952737095  792.94996024211287    0
8970    -915.94168485522346  760.52910325414587    0
8971    -926.93469074728023  846.25172481788377    0
8972    -1368.9641603238044  372.1485827631152    0
8973    -1881.9704978315108  617.0388434928833    0
8974    -1657.843047252383  590.21878635678968    0
8975    -1480.8447156754362  735.37381408929082    0
8976    -114.4942842141329  1790.4325267339316    0
8977    -93.20881921894744  1944.0051354837053    0
8978    -182.5754464941092  1828.6379653784634    0
8979    -115.27571518922983  1868.8022425887486    0
8980    -202.05075833753943  1936.0206109577298    0
8981    -35.949239644945166  1886.3643650603763    0
8982    -10.509567484285363  1968.8966392037428    0
8983    -15.758368250514401  2048.0598096551403    0
8984    -299.00640598152751  1793.0845266752117    0
8985    -759.1154030837838  109.47736511610279    0
8986    -686.98984645002861  71.237127598065058    0
8987    -665.47163902467548  140.45722047231399    0
8988    -1795.3349608743908  -213.30142266347104    0
8989    -1029.5221906068887  933.53126123153891    0
8990    -969.05105202693289  971.79741160312699    0
8991    -1279.4546556378077  1047.5982098435666    0
8992    1480.7004790139833  687.03704786107744    0
8993    1083.5342603183356  548.07527101682547    0
8994    1116.6192085648952  458.68667816688645    0
8995    1190.1867335925531  459.19498827380806    0
8996    -1726.5360891634693  717.10477240750652    0
8997    -1969.2885766434958  679.75844468393291    0
8998    -2102.3693064771196  -246.1637039426582    0
8999    1877.4826605835526  167.92360284685373    0
9000    -2247.689496668529  163.1967609336416    0
9001    -2317.810465193963  232.24140673490135    0
9002    -2339.0433611003455  140.54815778752385    0
9003    -2478.9454205290967  263.92032375012917    0
9004    -2422.9286828759482  -11.162497876768612    0
9005    -2406.9314069186808  204.57363145206949    0
9006    -2359.5908916363346  52.862827730852558    0
9007    -2427.2940129409121  114.97801858438336    0
9008    -2333.7694373494501  -36.022826285811867    0
9009    -2399.4188458727799  287.05562843220292    0
9010    -2459.3399134446727  344.77944371990628    0
9011    -2561.9452186800604  458.60972495075623    0
9012    -2494.5895492570962  416.16458890215807    0
9013    -2453.9222783330974  484.82728051392382    0
9014    -2596.7310792858361  328.74295270046883    0
9015    -2496.70851520017  604.12538365242858    0
9016    -2525.8574798178315  318.10124122152661    0
9017    -2575.6886738485919  227.55570009507019    0
9018    -2559.2099160895423  388.28482957703295    0
9019    -2674.0111114444062  419.03525410667532    0
9020    -2411.3951760661644  -142.10946996546696    0
9021    -2265.1391339935622  -1.9481435365708819    0
9022    -2182.4841885000565  -25.297058254366256    0
9023    -2500.0422378608437  173.17700281966094    0
9024    -2765.5869612729998  240.84694645027139    0
9025    -2325.5666352763574  -123.46846400198308    0
9026    -2392.5343398408631  -74.466842717027973    0
9027    -2491.8801471096681  -83.21699192920002    0
9028    -2540.601873798144  47.910993263987109    0
9029    -2668.7634077043331  260.98189840920935    0
9030    -2556.0377786900331  -255.34088150786476    0
9031    -2496.0933402808014  -10.16695981070454    0
9032    -2612.8454435808285  -53.547204377935017    0
9033    -2496.6316901992463  102.87334094503746    0
9034    -2585.7271631221242  133.7857278589135    0
9035    -2675.1004058073336  339.88529199556035    0
9036    -2814.8668066333903  381.39129145686843    0
9037    -2739.1301856747282  380.34897290008098    0
9038    -2775.1507528935481  515.1302679488482    0
9039    -2777.8989487404751  315.4417314419432    0
9040    -2776.1481214752635  442.65978784699422    0
9041    -2913.2932543253769  282.8826975953167    0
9042    -2904.1196062341942  480.66308725281766    0
9043    -2837.9153722529236  267.22247662130064    0
9044    -2903.3655649472225  141.42839641917644    0
9045    -2827.9736331080485  182.12604049045785    0
9046    -2893.4290538114756  213.20129890749195    0
9047    -3026.8870511850032  212.82825060583693    0
9048    -2793.5239032020067  28.128121405147638    0
9049    -2716.5126181515288  126.20794966530377    0
9050    -2832.4664618681763  100.26877710159529    0
9051    -2762.0162167665057  174.55219823750951    0
9052    -2693.1565974042487  193.77865390141147    0
9053    -2940.8806639015675  -4.8359643180943124    0
9054    -2871.8510731037727  32.427196979691459    0
9055    -2840.3085631760332  -108.5748052086539    0
9056    -2836.194885183304  -33.625493555329392    0
9057    -2727.5163789364415  -77.177984424044723    0
9058    -2499.68503805211  -178.32682386077045    0
9059    -2646.3198212460957  47.152073000971527    0
9060    -2627.2294295777024  185.65104700847527    0
9061    -2566.2471755648676  -124.98945224002946    0
9062    -2656.2841500573236  -132.79814254026223    0
9063    -2757.2458321120512  -188.67553554711259    0
9064    -2605.6494225216229  -193.65104402748455    0
9065    -2685.2987034110747  -308.49990196453405    0
9066    -2628.5169991401954  -262.83543268572549    0
9067    -2681.9608093155925  -206.79918886870428    0
9068    -2579.5873876809301  -381.81217020144504    0
9069    -2441.3350248349648  -280.14695419743646    0
9070    -2650.2152177184812  114.38301947951996    0
9071    -2721.6435973313496  50.962588829709333    0
9072    -2679.5674328906621  -19.813475278388189    0
9073    -2593.1835380480393  8.9021937455128679    0
9074    -2493.1666509245492  -242.22070707963695    0
9075    -2509.8615131831857  -319.41739598161251    0
9076    -2430.0407741383019  -210.33097128163115    0
9077    -2367.9733264118363  -256.19326478017899    0
9078    -2429.053094079024  -381.00299264588017    0
9079    -2503.7260699815956  -491.94339133525625    0
9080    -2362.3432453335586  -401.15606090487927    0
9081    -2442.4431792713722  -452.59129844499046    0
9082    -2504.1988309037883  -403.99392835842394    0
9083    -2427.5064127499836  -543.24615115040967    0
9084    -2556.5618818101511  -652.71119707166679    0
9085    -2430.2951636004618  -642.32662754767762    0
9086    -2507.4715528874549  -579.77851163025321    0
9087    -2661.3062489587046  -529.2212435435697    0
9088    -2591.518784689054  -576.19455262911083    0
9089    -2586.5580045880133  -493.49671192996703    0
9090    -2709.6832354746457  -676.42182021956387    0
9091    -2661.4971888588339  -432.75969836941886    0
9092    -2636.4663703921447  -642.97243335174073    0
9093    -2613.7782675788421  -789.49043050358659    0
9094    -2604.4594879257761  -713.03182201891696    0
9095    -2491.2465480593869  -765.62741266603427    0
9096    -2646.5418953851918  -365.48562078450436    0
9097    -2731.8368584310929  -381.82356244308289    0
9098    -2792.9329960208806  -291.61555852689355    0
9099    -2750.1629177203185  -481.16616847829772    0
9100    -2444.016266637419  -712.2593307697075    0
9101    -2419.2070372677949  -781.7985118188692    0
9102    -2483.8936903985827  -901.41914159509997    0
9103    -2732.2132426325825  -256.0549987608523    0
9104    -2747.5106910861118  -582.44019377829488    0
9105    -2867.786628773245  -408.10609582959012    0
9106    -2681.3473084528787  -593.18535566792343    0
9107    -2865.006877485559  -534.84551464880212    0
9108    -2794.6633831634936  -421.59538293355325    0
9109    -2855.6478377759518  -680.56878251276999    0
9110    -2795.8858357922745  -533.03533017928987    0
9111    -2828.5679261246892  -605.66740719303937    0
9112    -2928.0262427450648  -612.05509220961289    0
9113    -2783.0641530179082  -664.46481854423371    0
9114    -2790.8081098233579  -801.18765020435296    0
9115    -2756.8166113165726  -734.53219862221454    0
9116    -2701.678279324693  -804.64529540301464    0
9117    -2752.3726456631025  -960.91907435191808    0
9118    -2637.9694330851476  -911.67147782127813    0
9119    -2749.0641113715392  -875.63296670842192    0
9120    -2649.3018100580416  -845.94234888239896    0
9121    -2563.694411280047  -865.0242275728192    0
9122    -2901.9071197973458  -912.41090194468779    0
9123    -2557.5574616152817  -957.2524823401975    0
9124    -2501.4712690389815  -834.27599731964301    0
9125    -2432.2736684697074  -852.03298940214836    0
9126    -2370.5356555762933  -968.23412414865572    0
9127    -2353.8403893150357  -830.29223377824314    0
9128    -2820.2989745076839  -915.5767557352068    0
9129    -2377.4647646845474  -897.4142172115271    0
9130    -2257.0001203691772  -921.37673417963265    0
9131    -2866.7152325704019  -1058.6625574928757    0
9132    -2823.328300892028  -993.66555075276779    0
9133    -2729.8000042715744  -1103.0771149917221    0
9134    -2761.1342892762987  -1035.1814215307131    0
9135    -2648.5558686369386  -1024.4041103826744    0
9136    -3017.3953321869294  -474.78762802080951    0
9137    -3009.3366614851611  -770.43946765601549    0
9138    -2466.3011948251028  -1001.140671044449    0
9139    -2950.7913827160423  -529.15055490155351    0
9140    -2903.9359111383014  -472.29914436909013    0
9141    -2962.3414937499356  -397.13401270057062    0
9142    -3069.203573763547  -606.24376672177141    0
9143    -2997.6869331055368  -586.60568191123809    0
9144    -3011.0324954971634  -678.04598071838836    0
9145    -2432.4811394904964  -943.76169908648922    0
9146    -2551.2723648360511  -1061.0021547248657    0
9147    -2903.4891239571648  -302.86993197162843    0
9148    -3127.5268509075395  -338.36555231637908    0
9149    -3144.4966434478856  -726.70795172136388    0
9150    -2934.0470410366852  -722.84525960517396    0
9151    -2925.9624910639259  -818.98196783003243    0
9152    -2862.3763289061767  -761.92275726230241    0
9153    -2630.5896472725331  -1124.2436395708794    0
9154    -2360.0841953652425  -1154.4532801896771    0
9155    -3053.2220468026135  -391.04519464101503    0
9156    -3069.3959073131136  -725.32951708397718    0
9157    -3104.9424501251515  -835.19239246409495    0
9158    -2717.7172347178621  -1289.5329714360985    0
9159    -2391.5716478267664  -1062.8176286551018    0
9160    -2502.5043258936953  -1203.5273767358563    0
9161    -3001.9407073117814  -306.90699656438017    0
9162    -3179.1246826648671  -489.88786232067048    0
9163    -3009.7218713473953  -890.35895999265927    0
9164    -2697.4635162534951  -1194.6010598748321    0
9165    -2247.9739909023929  -1064.7028310676565    0
9166    -2447.0981892417612  -1133.1250403732147    0
9167    -2522.5216429806701  -1130.770605546516    0
9168    -2580.072509976751  -1185.7364081315823    0
9169    -2572.8268973400545  -1332.1388843569084    0
9170    -2555.8031640402487  -1257.9158272681025    0
9171    -2634.6827529515758  -1244.2681860055111    0
9172    -2432.7380261196099  -1325.2057386769598    0
9173    -2484.7809753847896  -1274.2054122766046    0
9174    -2399.0024712722857  -1238.7269058689078    0
9175    -2957.9284082954996  -177.7474202016549    0
9176    -3100.2791367697732  -460.71208885103158    0
9177    -3163.6376743789911  -410.61519754115471    0
9178    -3115.7256998595208  -540.09405402564732    0
9179    -3273.6609523769175  -310.47584667692809    0
9180    -3229.1083980075578  -618.13824029257751    0
9181    -3280.8343608575742  -428.86834133163569    0
9182    -3204.5270722228775  -345.02939132579439    0
9183    -3149.0960361058369  -612.99694577370849    0
9184    -3177.8401097995925  -205.19732120321498    0
9185    -3192.7734160697519  -558.43386864375293    0
9186    -3259.9992566339297  -509.41614741950207    0
9187    -3210.9035332561389  -271.34980361726315    0
9188    -3311.6419236004817  -179.66123370954136    0
9189    -3413.2058485058606  -506.07713645879517    0
9190    -3336.1316655749265  -486.14054585114417    0
9191    -3407.6345218906367  -361.77194587541408    0
9192    -3346.7299139700253  -604.11946062657648    0
9193    -3390.5554362567023  -434.69147826781017    0
9194    -3528.4277214490198  -430.231374933339    0
9195    -2988.4676899741912  -830.46686860507077    0
9196    -2834.1153967097493  -1191.4073756700416    0
9197    -2319.3198337113281  -1029.2558827450621    0
9198    -2310.6432081411672  -1101.3161494981846    0
9199    -2214.4032863289763  -1194.104724115617    0
9200    -2286.8915875349803  -1172.9851775260613    0
9201    -2285.62708383378  -1303.6050652719421    0
9202    -2480.9011506196748  -1070.6540358813036    0
9203    -2647.7169660196441  -1319.150322782582    0
9204    -2735.2204938738332  -1428.4328127888211    0
9205    -2627.5050124868108  -1425.007923965843    0
9206    -2706.8803904435986  -1361.4513048260151    0
9207    -2839.790177828982  -1344.7028735080569    0
9208    -2954.9308996779337  -250.84743203905524    0
9209    -2862.0278017301302  -210.42642311309527    0
9210    -3050.8315062433044  -218.1684291276149    0
9211    -2766.6416596807317  -1229.4684272000536    0
9212    -2832.9629635917813  -1268.2028221822202    0
9213    -2969.6763215331248  -1231.8480449267072    0
9214    -2914.471465012416  -1299.4833025312328    0
9215    -2896.799287280623  -1228.7118981931042    0
9216    -2907.6869958138354  -1139.0999028355909    0
9217    -3061.9725467102426  -1363.5286551748916    0
9218    -3010.6100035590689  -1036.0213760040203    0
9219    -2944.2081622776223  -1432.8730456314588    0
9220    -2997.2540587665053  -1310.7045074195626    0
9221    -2942.3519725021029  -1070.7894538913922    0
9222    -2906.8589472352769  -1371.1898541637022    0
9223    -2839.2119291156341  -1454.2992538510925    0
9224    -3123.255944300844  -1222.3885558295744    0
9225    -2993.3110000610559  -1381.5930231895602    0
9226    -3059.6649145233978  -1494.2788199772131    0
9227    -2916.0072551430167  -993.16361662194527    0
9228    -3020.7593585238583  -1140.3344191357514    0
9229    -3072.7098372743712  -1284.3160597686344    0
9230    -3047.4164130878962  -1212.0792315214535    0
9231    -3207.7632715536897  -1342.9566115842176    0
9232    -3131.9667183599772  -1332.6823665449492    0
9233    -3155.9613904891853  -1440.3910445986994    0
9234    -2360.7907320599784  -1303.4529450001526    0
9235    -2323.4785752238895  -1436.7734183156904    0
9236    -2323.3330151369692  -1364.8512015041881    0
9237    -2398.1952489043347  -1400.660946953298    0
9238    -2195.9075456970127  -1401.070347788911    0
9239    -2499.189961449159  -1401.2611957566132    0
9240    -2424.8543615719914  -1551.169233249778    0
9241    -2390.2992400974608  -1479.6747152121848    0
9242    -2475.1879379521915  -1482.743789661688    0
9243    -2280.8367432897257  -1576.6786720081957    0
9244    -2554.3441135154485  -1461.7841386113744    0
9245    -2321.8879222798487  -1512.7396474938078    0
9246    -2224.6978635230867  -1495.4877824505606    0
9247    -2656.1186462455407  -1573.0901225306641    0
9248    -2538.5926737204099  -1582.1094915825981    0
9249    -2620.9284054088762  -1503.0842864367648    0
9250    -2703.863774465769  -1505.2422416318407    0
9251    -2800.2667862382932  -1623.805123138849    0
9252    -2735.3448443772363  -1578.1190029918585    0
9253    -2784.3180179426263  -1513.7258018153736    0
9254    -2686.8169275528639  -1716.0507562023145    0
9255    -2888.4361229877204  -1554.8357442590298    0
9256    -2691.6289376053919  -1640.2411869005309    0
9257    -2592.0154319754893  -1671.9757284753309    0
9258    -2895.0069696505388  -150.1522592043811    0
9259    -2909.1862756932678  -74.729516349987378    0
9260    -3022.6892692309752  -84.066379211439511    0
9261    -2803.2356288844539  -230.3878400485371    0
9262    -2816.412062779586  -166.91214546430106    0
9263    -2767.8293520649231  -126.14129746813427    0
9264    -3073.3118576824772  -288.39160612457397    0
9265    -2797.6844266722069  -1399.2804322082795    0
9266    -2771.0862593797019  -1335.2296026443973    0
9267    -2986.530071823971  -963.33428048933752    0
9268    -3110.5585101214192  -962.57805486688903    0
9269    -2963.9076850058173  -1168.613858652292    0
9270    -2507.1981706041947  -1336.0080805925879    0
9271    -2255.3185268582479  -1434.5525766340866    0
9272    -2254.803751055731  -1366.0153582608316    0
9273    -2172.4557719259265  -1294.6652915473351    0
9274    -2154.4544730745019  -1604.0609546762842    0
9275    -2900.4907705999531  -1486.6149035847095    0
9276    -2979.3245833177948  -1506.0915255737996    0
9277    -3040.4354172147205  -1642.6064168047117    0
9278    -3029.1321344031762  -1565.7307614042695    0
9279    -3171.0631054232613  -1584.1309868756141    0
9280    -2954.4713812159257  -1615.9771870881905    0
9281    -3097.5027117260624  -1594.9468157535191    0
9282    -3153.4563894513603  -1719.9411864983565    0
9283    -2950.2471210377948  -1781.6823231827625    0
9284    -2975.7279655469815  -1699.4254851898709    0
9285    -3061.9713894663073  -1732.3873379868837    0
9286    -2866.8158343725581  -1710.7626257836541    0
9287    -2599.5860736700429  -1606.6629861101355    0
9288    -2561.2833144236747  -1862.0701414497551    0
9289    -2445.9986935351722  -1697.9660356611032    0
9290    -3023.5538610702733  -153.88888457419608    0
9291    -3121.2422993433188  -117.76263129081717    0
9292    -3118.5393762235035  -1078.1704356086866    0
9293    -2211.9922466614576  -1564.2768585660272    0
9294    -2231.397325101103  -1653.8405336121909    0
9295    -2135.0493946348561  -1514.4972796301199    0
9296    -3129.777482572928  -1888.3419295780818    0
9297    -2603.4576071165111  -1771.3569592150204    0
9298    -2514.1127916263445  -1657.4742656492922    0
9299    -2519.9718941818619  -1744.8659599094387    0
9300    -2447.4303384443729  -1622.8386283863101    0
9301    -2347.8523201067323  -1658.5183916005976    0
9302    -2399.8446662797051  -1852.5500758109392    0
9303    -2444.722031865801  -1781.7669685415719    0
9304    -2507.7237843816365  -1815.065789893835    0
9305    -2477.8633293963599  -1903.1071724600395    0
9306    -2339.5724337872566  -1764.7187787625865    0
9307    -3111.7096955538932  -185.96888995845131    0
9308    -3127.983054303706  62.921866988379605    0
9309    -3229.0160087093818  -110.03472144992642    0
9310    -3053.8880200588546  -1084.4608240679843    0
9311    -3076.3872862537119  -1020.8059486038569    0
9312    -3092.4161438577767  -1145.0631280588884    0
9313    -3198.0210999789879  -1147.7572193697656    0
9314    -2152.585389316278  -1691.3039006067393    0
9315    -2233.5334335527436  -1759.9645610403306    0
9316    -2113.4526605555025  -1751.483864875386    0
9317    -2048.4467929104599  -1580.1448175970536    0
9318    -3117.8680712158216  -1800.8022191036257    0
9319    -3279.0065343003812  -1823.4599734111982    0
9320    -3026.463622036124  -1857.8173800233012    0
9321    -3195.2419727744082  -1834.8557915485173    0
9322    -3227.4554696634632  -1758.0878257336019    0
9323    -3257.3258953714821  -1977.6493422369713    0
9324    -3230.7183055189844  -1660.9111961510616    0
9325    -3206.1463463932905  -1915.0080073784509    0
9326    -3351.1003103029557  -1713.5962754852978    0
9327    -3120.6903148180677  -2037.0558964278698    0
9328    -3296.707461733366  -1756.4893018277378    0
9329    -3388.1194727636625  -1816.47487642225    0
9330    -3146.2064183379343  -1963.9804389300289    0
9331    -3036.7994248409113  -1966.7707990426052    0
9332    -2743.1799081528279  -1891.4769368062871    0
9333    -2356.2715573849478  -1583.2660117931994    0
9334    -2349.2302124836665  -2016.1341911132183    0
9335    -2382.3014226852729  -1714.6271703706709    0
9336    -3097.4407421725914  -26.406685043686679    0
9337    -3219.964134212315  -1244.5048746535631    0
9338    -3247.3718915299592  -1011.2037258720426    0
9339    -2287.6319409648954  -1705.7921318867166    0
9340    -2281.7718917844986  -1868.9789615098409    0
9341    -3337.0008354361998  -1516.7688786091978    0
9342    -2656.378730797604  -1851.1214099723902    0
9343    -2592.3206571530436  -2030.46927763697    0
9344    -2397.6070349552674  -1941.4800818936531    0
9345    -2481.875592443273  -2014.6125525714544    0
9346    -2316.6586237788824  -1942.025926877883    0
9347    -2201.5709096224441  -2036.8205003620587    0
9348    -2220.827676628398  -1942.9398178288159    0
9349    -2272.4832558648409  -2005.6535610236349    0
9350    -2292.2774682791646  -2146.9450582466038    0
9351    -2262.4546028202772  -2079.0908060726078    0
9352    -2157.0791651538225  -2165.885645491539    0
9353    -3020.7288003999092  -4.2400894878555278    0
9354    -2980.1501314363622  83.179467679689964    0
9355    -3199.3626909066143  -11.369168847277138    0
9356    -3162.1511712280762  -1274.8075770073995    0
9357    -3196.032049484405  -1069.8438716377286    0
9358    -3174.5694045570513  -999.25892024059408    0
9359    -3191.6930790813926  -895.18444083719601    0
9360    -3296.7786914187727  -1106.2539728970289    0
9361    -2284.7533557343359  -1802.4798075068518    0
9362    -2216.3882694044664  -1832.7310985952811    0
9363    -3263.531771751017  -1573.8514489270483    0
9364    -3388.391472934341  -1315.3595068045161    0
9365    -2734.0189732125641  -1797.6526994163953    0
9366    -2553.0533476054839  -1950.6467784483848    0
9367    -2653.0247194096437  -1951.0372659136547    0
9368    -2088.3950130100789  -1964.6905956442165    0
9369    -2916.2299501022208  78.652693638624129    0
9370    -2976.286874084557  157.82058517666781    0
9371    -3063.4340276543303  128.43284798520469    0
9372    -3384.3249238296448  -9.5687571925379018    0
9373    -3172.2191620900658  -73.315823871338836    0
9374    -3125.5577866071121  -898.10015178456968    0
9375    -3190.0897692485387  -804.78461691366692    0
9376    -3246.9005158586247  -719.25933372580926    0
9377    -3346.7560530171236  -847.22015079164021    0
9378    -3262.2698717631542  -848.71857766091546    0
9379    -3303.2756991160295  -778.20843602972832    0
9380    -3306.0504568316064  -934.65830228678476    0
9381    -3333.1579686842056  -693.19955205912549    0
9382    -3291.5128196552923  -641.28070235993664    0
9383    -3280.9286431779228  -574.1122533136994    0
9384    -3497.8583692324637  -672.71882129085748    0
9385    -3401.0378382838899  -764.81718155267401    0
9386    -3412.6198556584627  -659.7321659802609    0
9387    -3421.0238239655023  -582.93558396233436    0
9388    -3514.5520465749028  -534.59513061862037    0
9389    -3270.5798488218538  -1182.1626388870466    0
9390    -3401.6564755408199  -1184.9265321251621    0
9391    -3310.0645548970674  -1265.9388944677098    0
9392    -3336.5627468955968  -1162.4603179112671    0
9393    -3404.0265885457029  -1072.5247890554365    0
9394    -2157.4905963863198  -1890.2973770620854    0
9395    -3209.343893917619  -1507.4458165565763    0
9396    -3133.061620251895  -1517.2635097312316    0
9397    -3244.2784725676993  -1424.8579237017254    0
9398    -3295.4357492856061  -1352.9590675507216    0
9399    -3275.0387224449473  -1486.5520608002369    0
9400    -3320.8537898671671  -1425.1935126058395    0
9401    -3354.0006320110519  -1614.4698174872753    0
9402    -2776.9618987928643  -1718.3598688227094    0
9403    -2828.9247948975981  -1797.77641447622    0
9404    -2763.4837324432829  -2098.3648279448539    0
9405    -2158.768320995111  -1979.1255396469526    0
9406    -2104.6994767699707  -2063.9626117034318    0
9407    -3194.7703064097464  235.41825649263347    0
9408    -3056.8142023353048  57.354138029209004    0
9409    -3292.1048324533426  -37.284931736198459    0
9410    -3192.3345144104828  -676.7343508270452    0
9411    -3238.8630007526708  -943.91717612506625    0
9412    -3476.24293546012  -476.39744831370507    0
9413    -3461.6278661856832  -407.29988079802354    0
9414    -3535.6790068904224  -300.34791231969689    0
9415    -3474.5816422697389  -337.15712688888755    0
9416    -3403.6287617687626  -247.52868343156294    0
9417    -3473.0364223614051  -265.48181364371936    0
9418    -3470.1585392657512  -133.46461354867805    0
9419    -3551.7731082502141  -197.72544070965643    0
9420    -3706.4980323878945  -507.01099649524781    0
9421    -3489.9766010274861  -601.69558087768883    0
9422    -3621.2149113505507  -611.71084116391512    0
9423    -3376.0058646958582  -1248.2088822325832    0
9424    -3497.3343989895275  -1260.5479654099947    0
9425    -3331.1094001710999  -1028.0431175081389    0
9426    -3427.4391416502458  -952.13935634052768    0
9427    -3476.1722472617744  -1445.0182017072682    0
9428    -3301.7226768375235  -1662.5458859620765    0
9429    -2687.4772252585126  -2040.2786276340451    0
9430    -2166.1404902606296  -2096.8080541989084    0
9431    -2222.2813137729759  -2139.3054953287633    0
9432    -2236.7995131315365  -2268.1809928295866    0
9433    -2008.1959386165672  -2028.8374469956261    0
9434    -3254.5522838973934  113.09427753605208    0
9435    -3153.2082286901759  152.33272759303702    0
9436    -3361.3232206059879  -100.31528555401285    0
9437    -3484.5128518611041  -199.19166749474363    0
9438    -3417.763011688216  -179.33838326270796    0
9439    -3624.8825429110402  -20.914911037438074    0
9440    -3725.6473896426269  -277.567078403707    0
9441    -3606.6349623959936  -493.73370993115151    0
9442    -3362.9957711259367  -969.4321331880999    0
9443    -3380.2361291776997  -904.95623693713583    0
9444    -3425.5983694222982  -840.07624454688619    0
9445    -3501.6307324871032  -773.62619656730567    0
9446    -3528.2743355279108  -1669.1745167734189    0
9447    -3441.6429311099773  -1548.8907698319429    0
9448    -3395.4306491010093  -1459.2549808949223    0
9449    -3383.0259299782142  -1387.7418927019228    0
9450    -3465.8118638306751  -1357.4885664498299    0
9451    -3626.1579523718724  -1382.8872823369393    0
9452    -3542.4030315693062  -1392.800874358702    0
9453    -3574.8235456883513  -1307.9471262476929    0
9454    -3601.6246807420048  -1534.3763497733273    0
9455    -3551.3335811257816  -1472.2392628162759    0
9456    -3522.1463059939788  -1547.2824701436671    0
9457    -2731.606170670731  -1971.9711687059055    0
9458    -2880.0871069154427  -1952.2410965065051    0
9459    -2803.064187786541  -1941.1664763124222    0
9460    -2851.7531026115503  -1875.9205631716286    0
9461    -2829.4006476996569  -2031.3797389121266    0
9462    -2941.1080206892698  -1886.1673098418469    0
9463    -2958.1114711158471  -1963.0845706782977    0
9464    -2990.9207819950279  -2104.4197194520966    0
9465    -2909.4813943665154  -2026.8685238588034    0
9466    -2994.4480418060016  -2029.1251827734613    0
9467    -2875.8572058745663  -2143.0209123602021    0
9468    -2622.509669731081  -2204.0602973861692    0
9469    -2020.6111384419455  -1962.1519057506137    0
9470    -2012.857396833127  -1880.2867353517968    0
9471    -1943.6926960275887  -1871.5963968733704    0
9472    -1889.523424958456  -1917.1379316208997    0
9473    -1884.1370666015382  -2041.7507041600177    0
9474    -2008.6391230085883  -2177.750234097552    0
9475    -3262.3582017937779  35.165166270723148    0
9476    -3199.1248855347508  68.186783630234501    0
9477    -3349.1688899979117  83.216227193326503    0
9478    -3110.6343180748722  225.56769366780313    0
9479    -3046.1771664654279  367.65877327513056    0
9480    -3141.6044736582735  325.2822408564931    0
9481    -3058.3672212004399  287.52310625032948    0
9482    -2986.1898203939431  273.96120262825531    0
9483    -2959.3800128931889  357.1768864900738    0
9484    -2884.2811455433584  352.32126391033125    0
9485    -2992.6633426774038  446.17895661954918    0
9486    -3218.8687245807096  171.42533127683504    0
9487    -3320.2613184046277  246.14164135787027    0
9488    -3293.1457557016806  176.78362172110849    0
9489    -3397.7585368495052  175.86462038915164    0
9490    -3295.8584646793843  -114.55207299056556    0
9491    -3430.1809980395665  -69.480395561188629    0
9492    -3507.0615695671395  36.868443224439531    0
9493    -3523.2605057852697  -55.805181441872733    0
9494    -3627.4505108714211  -262.16703496912316    0
9495    -3671.4320565976309  -388.56333468673438    0
9496    -3650.2023905212609  -548.23900479105555    0
9497    -3748.2267070776807  -631.36172687549208    0
9498    -3579.5864954785957  -556.96591766259428    0
9499    -3455.2210953169383  -724.83699229513149    0
9500    -3597.7632983992312  -719.50813533428152    0
9501    -3539.9931343547078  -894.2438464469875    0
9502    -3433.4227048242656  -1666.3992714036751    0
9503    -2762.4392173571514  -2031.4115371155392    0
9504    -2829.0871133545002  -2096.9966363654103    0
9505    -2797.9074996546615  -2175.4576464958068    0
9506    -2706.9596971311262  -2169.8360693338095    0
9507    -2894.3837341818121  -2297.4226048506871    0
9508    -2863.3458338109135  -2222.8344787625388    0
9509    -2957.8949343760423  -2196.7683470920624    0
9510    -2746.6406128002591  -2315.1501768502289    0
9511    -2791.9743197522644  -2252.5338700578045    0
9512    -2631.8959916289532  -2113.0073551217915    0
9513    -2084.7107846660529  -1891.9845168326617    0
9514    -1943.2498033344093  -2007.2730722466799    0
9515    -1951.8545963865265  -2089.9401256770147    0
9516    -1865.7085497474895  -2139.321407109016    0
9517    -2035.7692408064609  -2103.2124381955869    0
9518    -2082.0968673513248  -2162.2809559456086    0
9519    -2113.9326830671216  -2281.7216913984726    0
9520    -2956.5693014500844  217.99434609097543    0
9521    -2994.1957127277801  581.03101607138558    0
9522    -3158.6148785603882  501.78411185733216    0
9523    -3249.9984937815389  328.75179118177226    0
9524    -3483.5916987354913  348.38432029724572    0
9525    -3428.1263689747761  60.080283019157207    0
9526    -3494.3059864098818  139.3124203260121    0
9527    -3600.1067211338222  -114.19063464327922    0
9528    -3662.5169383886009  -455.61702592074732    0
9529    -3599.2626549119932  -422.90337407382026    0
9530    -3742.0493715787984  -432.07175424373594    0
9531    -3605.076291428818  -342.11535510634479    0
9532    -3848.575698615291  -528.51051238768355    0
9533    -3741.429840984878  -354.01457999478339    0
9534    -3780.7772748944603  -496.346793007945    0
9535    -3868.0265663379182  -399.97115801547676    0
9536    -3787.6343502409013  -569.43120915109387    0
9537    -3890.6461311441253  -657.00305976650293    0
9538    -3834.5129033079211  -294.94486623225617    0
9539    -3494.5773259403209  -842.27892935158707    0
9540    -3577.0144083034897  -816.05984379020083    0
9541    -3697.1024396998573  -920.78035090403989    0
9542    -3622.290121205815  -885.3556189435941    0
9543    -3692.1217767770504  -790.29101664977816    0
9544    -3596.8980031804117  -1035.6895874084169    0
9545    -3588.3930803798949  -956.941657113362    0
9546    -3506.391744214578  -1005.6311926739533    0
9547    -3482.5161286058387  -1610.7917971283152    0
9548    -3478.0989415869894  -1761.7612920885083    0
9549    -3125.2646325601841  -2204.5436475772594    0
9550    -2691.1860449099277  -2252.2182662450632    0
9551    -2607.3524121520591  -2381.9898723649312    0
9552    -2611.5499261861419  -2292.7370584063228    0
9553    -2673.0542492015038  -2340.3546855971344    0
9554    -2451.2305518733915  -2329.9224309563037    0
9555    -2754.5280719319326  -2458.2007538787079    0
9556    -2536.634339316618  -2333.9389272487683    0
9557    -2679.4124601476833  -2423.0457094934259    0
9558    -2486.8123056848572  -2483.32803420358    0
9559    -2499.3855198250899  -2215.9805677251047    0
9560    -2741.9968947571288  -2387.1489562336988    0
9561    -2826.5315093090849  -2356.4520572161264    0
9562    -2490.6555906236067  -2401.6072840541183    0
9563    -2594.2464537314195  -2488.7598821646861    0
9564    -2564.0290016034187  -2241.848200307214    0
9565    -2556.7241759485537  -2166.396853702352    0
9566    -2464.3993992394394  -2117.5774866996862    0
9567    -2965.1005565465721  -2447.2206075834201    0
9568    -2343.8656021487759  -2435.6545751656449    0
9569    -2682.2621571553782  -2514.7838785666545    0
9570    -2908.6167485957549  -2382.2945090822814    0
9571    -2412.4590468294541  -2397.929740731563    0
9572    -3036.4715650404382  -2317.223872233114    0
9573    -2861.2645272881655  -2480.5222377648051    0
9574    -2328.9166728648647  -2327.2509066449206    0
9575    -2962.3148193752691  -2329.65995505109    0
9576    -1936.144257788065  -2162.3651921874393    0
9577    -1945.1182553078961  -2298.5711102806499    0
9578    -1873.4277114276003  -2234.8958916411939    0
9579    -2968.048382803458  513.89340097143452    0
9580    -2891.9451637155412  582.19292401389555    0
9581    -3063.8032848237854  515.26127941940899    0
9582    -3124.7564821770475  415.97659574903867    0
9583    -3416.3453734404807  274.22916845433542    0
9584    -3433.0283639319505  123.24056989516275    0
9585    -3612.0639386585494  101.95868388424694    0
9586    -3774.0375095476347  -110.461660471789    0
9587    -3628.6291189015787  -776.64649185355313    0
9588    -3675.1761281536915  -714.59610785617178    0
9589    -3778.1412578278305  -731.2897828270776    0
9590    -3733.3389723049113  -1254.4154626806467    0
9591    -3603.9532291718056  -1173.2852808468754    0
9592    -3492.7499681250133  -940.75416628998266    0
9593    -3440.9340247940586  -1017.2331930110843    0
9594    -3487.2546853822614  -1088.1162354589117    0
9595    -3409.6947342389685  -1750.6117084942807    0
9596    -3667.317449610267  -1804.4150361826821    0
9597    -3042.7697173180727  -2175.0416986067908    0
9598    -3070.9861844751372  -2099.981754648129    0
9599    -3063.4906118133636  -2247.1901381532944    0
9600    -3163.5104050583823  -2326.006667691111    0
9601    -3160.7213320688816  -2119.7689360169024    0
9602    -2555.3924617765829  -2429.8011971910332    0
9603    -2530.9002117374657  -2676.4950651985155    0
9604    -2529.4722318975337  -2075.6566897297657    0
9605    -2389.8135949711368  -2199.5166429999872    0
9606    -2416.023551079616  -2056.4010947888241    0
9607    -2348.1448739856924  -2093.465197566532    0
9608    -2786.203003788286  -2573.0940932075132    0
9609    -1827.1702537412821  -2359.1711787065778    0
9610    -2846.9598121342947  525.30389352835573    0
9611    -2798.3376082491664  609.98293830287594    0
9612    -2943.8595079089455  651.0519022282466    0
9613    -2860.6264389878174  667.62385096076264    0
9614    -3102.8955367302951  626.35421199151267    0
9615    -3062.0889028181168  445.85613907405633    0
9616    -3224.793022319026  426.08740682441368    0
9617    -3362.4132236789769  390.7047750350107    0
9618    -3522.4635409388666  245.56589485541068    0
9619    -3544.5957638437171  93.558034683897091    0
9620    -3569.1964137944842  171.11177998873251    0
9621    -3585.879897687289  37.121634589811819    0
9622    -3660.0791917278939  44.86236510825173    0
9623    -3720.8950115843895  -29.984761665974631    0
9624    -3737.2875874268739  158.52832239295807    0
9625    -3654.0684757061772  175.86019399125394    0
9626    -3684.0998103179554  111.60134186179906    0
9627    -3776.8150486838081  60.12185527051308    0
9628    -3607.5162625779049  247.05768229550563    0
9629    -3716.5789500258011  267.550175235631    0
9630    -3691.1119830592011  -177.00729478437822    0
9631    -3815.5726983380241  -665.64262277029718    0
9632    -3861.6345323701039  -735.40180165169295    0
9633    -3813.7201583875967  -858.57978471632157    0
9634    -4015.1196735404933  -747.63199200998713    0
9635    -3817.1467111752963  -789.00468673176078    0
9636    -3919.7911491644072  -828.93182197681585    0
9637    -3754.9548963724228  -820.81368577751539    0
9638    -3940.1018764446585  -719.87151807990188    0
9639    -4026.8224370884786  -600.76589568400925    0
9640    -4000.2591332586662  -672.54855119336924    0
9641    -4140.7916309685652  -683.74663320581965    0
9642    -4068.9461626230823  -697.9663128689084    0
9643    -4130.0764661065741  -818.21866866285222    0
9644    -3661.6306095346758  -1303.5360737008973    0
9645    -3615.20150577923  -1246.2000269754692    0
9646    -3677.8233229766824  -1199.2146136233923    0
9647    -3784.5620835323348  -1406.0949134541693    0
9648    -3670.8555587057672  -1100.8761353384884    0
9649    -3708.632894802683  -1372.1520141996598    0
9650    -3790.0690004721173  -1141.8453666635662    0
9651    -3703.6242293591522  -1485.2532826102515    0
9652    -3530.101298559247  -1948.6268601665693    0
9653    -3578.7234778534689  -1756.4034554946168    0
9654    -3206.13562057224  -2046.7460507908568    0
9655    -3354.2201607773291  -2102.9439320559018    0
9656    -3288.1032469386314  -2053.9612372341753    0
9657    -3394.1081124831849  -1966.8460586802582    0
9658    -3261.6002677867791  -2158.8486990515894    0
9659    -3327.4148270392247  -1993.7441286777625    0
9660    -3310.5532279065555  -1906.5147154639674    0
9661    -2536.0978113213773  -2573.6940134785341    0
9662    -2448.9982348971353  -2178.4742027868151    0
9663    -2439.0959894951534  -2244.376355960298    0
9664    -2399.9653135504295  -2134.3161660589535    0
9665    -2371.4791367559587  -2269.1590888702876    0
9666    -2317.1230012018195  -2217.6143511228202    0
9667    -2746.3969988837571  -2522.2553073700365    0
9668    -2705.3759930135634  -2595.3772827587832    0
9669    -2785.291446291938  -2727.5196806298595    0
9670    -2621.8666030437976  -2575.7162349697896    0
9671    -2763.9692190187857  -2650.1783337107913    0
9672    -2640.4561055258496  -2683.9398412271985    0
9673    -2911.735204863553  -2651.0505803012065    0
9674    -2712.8262313072073  -2705.887772951548    0
9675    -2710.7114340025259  -2845.1645622403016    0
9676    -2731.4104659255622  -2775.8244087695798    0
9677    -2843.9819134487884  -2847.1881589369641    0
9678    -2631.5039521251047  -2783.7604351111495    0
9679    -2837.7292025887996  -2671.4532867827857    0
9680    -2901.1770746623515  -2757.1744612921807    0
9681    -1874.3945763344041  -2306.0023409166497    0
9682    -1919.3382332492781  -2393.4777292107142    0
9683    -1804.2322462862119  -2291.2411092902153    0
9684    -1733.1745850902307  -2353.0729969476401    0
9685    -1801.3175118172812  -2217.0008355650803    0
9686    -2664.3580309772819  592.47405234028349    0
9687    -3118.3137947292075  558.5042042148541    0
9688    -3230.884011980057  619.76152615585283    0
9689    -3187.6725776300855  565.10787834586836    0
9690    -3300.0676499566539  520.65288315895793    0
9691    -3229.8471267868822  507.42621790295277    0
9692    -3194.5433575535531  366.32278772092036    0
9693    -3414.0416121713706  343.88645802351863    0
9694    -3354.602631063774  307.05390408014568    0
9695    -3443.5060097766059  428.25348083518713    0
9696    -3372.4195962794879  475.43547164534851    0
9697    -3605.1348426716481  459.3797687954239    0
9698    -3301.9351073719449  440.80321581395714    0
9699    -3416.4016197669525  626.30421876122682    0
9700    -3528.7100387095606  421.02277468487847    0
9701    -3373.1342085743809  557.07244924273652    0
9702    -3495.580661569672  536.2602636992151    0
9703    -3610.5544749797928  353.26615744501072    0
9704    -3323.1701814871276  636.43438862430583    0
9705    -3438.1837530673138  497.37665735171851    0
9706    -3543.1552399633388  487.55648552655873    0
9707    -3605.7063137304413  596.24497787695759    0
9708    -3598.8630752040067  527.83975372895748    0
9709    -3723.5482861783739  549.91119171519836    0
9710    -3668.1457951198731  499.66961616365961    0
9711    -3784.9114941391836  426.5770709787314    0
9712    -3681.0553989761938  410.06211861189536    0
9713    -3463.7087522566262  204.27846198244421    0
9714    -3779.9102124134429  -202.72134414904218    0
9715    -3622.1006932764426  -191.79270731434775    0
9716    -3699.1742391407879  -102.11259408826756    0
9717    -3684.4562543570728  -1010.8977975490762    0
9718    -3721.7591187935068  -1146.6854573504661    0
9719    -3747.8572477134394  -1066.4982657763476    0
9720    -3770.2691468210223  -976.99388140831354    0
9721    -3867.5860946828325  -1048.9202086351463    0
9722    -3477.747236883803  -1862.5277548408185    0
9723    -3657.9480015741105  -1652.3805101075993    0
9724    -3384.6517687665964  -1891.9178222661428    0
9725    -2359.8153183793811  -2616.3131282912154    0
9726    -2250.8040770720154  -2201.3478305714748    0
9727    -2582.3603697594617  -2729.0413968606154    0
9728    -2509.9304012684415  -2843.5189304567821    0
9729    -2500.7096424511496  -2757.5329559313386    0
9730    -2352.8906096678384  -2816.8718048795345    0
9731    -2431.5598901781545  -2685.6286228031599    0
9732    -2435.1684400886843  -2808.0486911739827    0
9733    -2409.6704714775478  -2958.3161436736459    0
9734    -2387.1386702269428  -2748.2012359164287    0
9735    -2401.2278544431333  -2879.5865436880308    0
9736    -2248.2806650787784  -2721.8241569160264    0
9737    -2265.8833010375442  -2933.917774648447    0
9738    -2313.9898165913605  -2754.595270280463    0
9739    -2254.8283736656872  -2834.838114770017    0
9740    -2311.6239120959931  -2677.0770722679863    0
9741    -2325.8934674984271  -2887.6650729656185    0
9742    -2200.6280517237769  -2587.1605119043065    0
9743    -2280.0708419686857  -2602.5604956725697    0
9744    -2258.9615955067493  -2498.8473492102007    0
9745    -2332.2750004559607  -2537.9303191313943    0
9746    -2423.430391314746  -2549.9319111507784    0
9747    -2409.9063877899748  -2474.5110235879533    0
9748    -2834.1684311939639  -2777.7747254476089    0
9749    -3094.5845047464391  -2722.8291730100041    0
9750    -2037.9695328154778  -2374.7475244323691    0
9751    -1812.4381934761946  -2539.7128555771801    0
9752    -1691.2633819864702  -2302.7473191634313    0
9753    -1647.8812893525612  -2381.4905624727485    0
9754    -1723.8174608293525  -2467.1979100891617    0
9755    -1569.9948925815454  -2354.4205144859302    0
9756    -1754.2516730938178  -2176.0879977899444    0
9757    -2734.7402880297573  575.26902049682951    0
9758    -2691.113287721817  502.30733121298016    0
9759    -2717.9172399951158  659.0115869853297    0
9760    -2629.5392964388802  471.560981830846    0
9761    -2579.1786071127567  551.53292266002563    0
9762    -3654.2377035102295  298.8688564515258    0
9763    -3715.4174630417237  342.94405412960168    0
9764    -3843.4917010533582  307.21122684412614    0
9765    -3285.0209881277879  583.85086918781599    0
9766    -3263.0147817377074  705.657697317371    0
9767    -3940.5248287930663  -146.18082021076367    0
9768    -3765.148407065883  -907.93583932089291    0
9769    -3843.8595152412404  -936.81818835946501    0
9770    -3804.0972904907535  -1033.0226111703885    0
9771    -3531.2464575419649  -1812.3306377621282    0
9772    -3458.7933960393507  -1933.0199206478799    0
9773    -3472.9795616061024  -2038.90942243774    0
9774    -3650.8121763356562  -1729.126239401307    0
9775    -3792.5310800166512  -1737.5113415265077    0
9776    -3720.4891116798904  -1753.3048250920899    0
9777    -3740.2464626527703  -1671.2215276424868    0
9778    -3784.5075853185176  -1873.1186192115767    0
9779    -3718.0528507765857  -1579.0019746152457    0
9780    -3883.9023242184503  -1611.6802315677539    0
9781    -3820.4712577511509  -1661.710075444342    0
9782    -3804.6938030475567  -1576.4804768020954    0
9783    -3940.875902624829  -1749.1409358523122    0
9784    -3895.2624561964144  -1479.3973345390311    0
9785    -3868.3435652196354  -1722.4056779424629    0
9786    -3866.7413177404719  -1543.5772475596048    0
9787    -3798.9913549269063  -1490.7721410079434    0
9788    -3973.9255537281101  -1552.7819678532073    0
9789    -3872.3454946129987  -1823.3056845385661    0
9790    -2609.9188924945274  -2893.3922227641256    0
9791    -2475.8161565615819  -2622.1781063063381    0
9792    -2084.7149331367173  -2903.9752812564652    0
9793    -2246.7552612442269  -2393.8135806613168    0
9794    -2993.0372148312254  -2712.7263620451922    0
9795    -3026.2636041392616  -2899.8329751632323    0
9796    -1974.451124507357  -2357.4936596780221    0
9797    -2025.4339182480437  -2295.3508352560161    0
9798    -1986.9867390747911  -2436.8903488543747    0
9799    -2060.9577938380107  -2231.8785169549237    0
9800    -2111.4169589520366  -2486.9896535076828    0
9801    -1902.8366694667882  -2493.6051601679796    0
9802    -2057.0686100029748  -2442.4015503696528    0
9803    -2141.7572035727044  -2381.9706311994155    0
9804    -2013.2531813235023  -2551.2246859866164    0
9805    -1776.4132937356642  -2414.0642000519119    0
9806    -1852.1061300528145  -2433.1409761025125    0
9807    -1505.6141728021548  -2334.6071795937542    0
9808    -2518.3774929085926  514.74936332571281    0
9809    -2583.3634224253556  649.05191137709733    0
9810    -3889.0957188295347  162.36408198350352    0
9811    -3170.7487292341175  691.21363087649468    0
9812    -3393.5290371923161  770.01430442597007    0
9813    -3872.7435149309767  -210.03366319589566    0
9814    -3397.9269607010601  -2041.8594714133064    0
9815    -3438.4665026976813  -2117.0447386403102    0
9816    -3594.2353928702814  -2139.1592129901765    0
9817    -3374.4057086689481  -2241.062333684953    0
9818    -3519.4696612277107  -2106.1345293270115    0
9819    -3386.5074639689979  -2168.7594757781053    0
9820    -3492.9432610382532  -2223.7384621943729    0
9821    -3558.2345386194256  -2029.6384785318662    0
9822    -3667.7901859127664  -1946.2018528370584    0
9823    -3599.3430286079624  -1969.9717804937284    0
9824    -3588.8691928811531  -1880.9677051977251    0
9825    -3667.8157958687962  -2056.7097335755093    0
9826    -3649.3563919476178  -1584.0376554609988    0
9827    -3588.6563453531476  -1626.3799294005869    0
9828    -3975.920602223232  -1654.0785764840371    0
9829    -4064.6847154733377  -1376.6416797783279    0
9830    -3804.640450003878  -1806.2688207652498    0
9831    -3735.9686692371397  -1822.0438006605743    0
9832    -3714.4968570456545  -1891.0513923125052    0
9833    -3777.6214675050742  -1991.8643969625305    0
9834    -4038.0843384770606  -1907.7088183631379    0
9835    -2648.2158192084635  -2843.9915835811139    0
9836    -2678.2947612440817  -2906.8545336125394    0
9837    -2579.8399504589092  -2830.5292727327001    0
9838    -2776.2414988361006  -2918.9612132453331    0
9839    -2620.2418635343606  -3021.3349308762063    0
9840    -2179.5217838891076  -2893.3970974929343    0
9841    -2262.573269313566  -2329.3493181108979    0
9842    -2198.7708023211894  -2347.8665131856533    0
9843    -3034.0908936650908  -2574.1840395418963    0
9844    -2942.8313543146937  -2846.8196993620577    0
9845    -3035.4619355774844  -2801.6960582214288    0
9846    -2188.3307407391267  -2453.8294486945915    0
9847    -2172.3474765914211  -2522.5362382925146    0
9848    -2102.6557485499998  -2591.5345532693159    0
9849    -2092.416078234286  -2341.6795938022897    0
9850    -1969.1273910861423  -2501.1775528111266    0
9851    -1926.1395077373452  -2583.5553937259901    0
9852    -2518.1647290765272  668.77419681557433    0
9853    -2452.7502408359155  689.67063968300113    0
9854    -2398.100749388549  746.49629528277967    0
9855    -2337.5584178698859  802.9754110870191    0
9856    -2364.432761236988  866.90663278530769    0
9857    -2572.9399955439885  719.13110191761177    0
9858    -3813.9063058280226  132.16234122137607    0
9859    -3802.6918612435106  224.08230804792981    0
9860    -3892.0265070232535  46.372068218596269    0
9861    -3188.5539141907939  760.539966844015    0
9862    -3376.5516699002937  693.63700590710744    0
9863    -3481.6152814312354  710.3587002768196    0
9864    -3317.5878989734465  759.50301747220158    0
9865    -3339.7294223040635  879.11913447141183    0
9866    -3857.7361052596621  -126.20077920806352    0
9867    -3832.2265087600354  -31.43880351095379    0
9868    -3917.700631400467  -59.244000444601454    0
9869    -4083.22772859426  -62.251404779880886    0
9870    -4000.0400581221256  -84.091308937791069    0
9871    -3984.3887766575049  12.895751995102302    0
9872    -4080.3500185343269  -220.64014792235474    0
9873    -4020.93811667911  -163.69151213355963    0
9874    -3973.6255366290866  -272.5157337630763    0
9875    -3603.1308581352987  -1817.1107901582332    0
9876    -3911.8567031123926  -1672.0641396152039    0
9877    -3994.4647935774351  -1451.9124321866311    0
9878    -4154.4940207468926  -1599.8936015536269    0
9879    -3653.1028848167766  -1868.3202179786056    0
9880    -3879.4571982312968  -1938.1973406897889    0
9881    -3967.1179436750031  -1842.1337833625134    0
9882    -2716.7137250116684  -2998.2962351527094    0
9883    -2150.8705601601287  -3066.7525817336209    0
9884    -2117.652766007825  -2769.0384823266472    0
9885    -3050.1271963960257  -2654.2898069108178    0
9886    -2981.547003148642  -2626.3607848348379    0
9887    -2917.597278302766  -2556.5826166159295    0
9888    -3184.1144720856096  -2585.8089823615896    0
9889    -3132.2727220578772  -2649.6950682028614    0
9890    -3109.25434903633  -2578.0392109849049    0
9891    -3077.1901004089414  -2468.5385128646831    0
9892    -3154.6367125824304  -2505.3053290171024    0
9893    -3271.4460032435018  -2709.6531466841971    0
9894    -3149.9601396024368  -2415.2049649836031    0
9895    -3312.0863614603759  -2493.3012200137446    0
9896    -3183.4708802237083  -2722.3570202420747    0
9897    -3074.2368163993119  -2388.1972693084213    0
9898    -3235.0544271863005  -2521.5077514972177    0
9899    -3263.5033212001167  -2386.8251327179587    0
9900    -3218.5403557715786  -2654.2467775388877    0
9901    -3249.9789049797969  -2871.9607071963319    0
9902    -3139.5351213656695  -2818.120470544522    0
9903    -3306.6756907855442  -2597.8149292619669    0
9904    -3237.822885814443  -2787.7795102857385    0
9905    -3393.1309347554597  -2808.320840198166    0
9906    -3312.5800509367955  -2819.9526311850045    0
9907    -3373.4754494454314  -2956.9312314193558    0
9908    -3323.710221078934  -2897.0297591196331    0
9909    -3242.4040496785778  -3015.2005166086606    0
9910    -3266.3919990428826  -2944.6488626186774    0
9911    -3142.6530240042739  -2941.9307765206395    0
9912    -2907.7408467755286  -2994.2045522008561    0
9913    -2967.9114730609485  -2780.6659552409474    0
9914    -2010.3563553507624  -2676.9466551697055    0
9915    -3505.3098401896709  624.65003164289328    0
9916    -3578.2857172014906  690.95412075382876    0
9917    -3543.3250884911777  896.3391133514898    0
9918    -3776.9311075520823  -2.3554265328568427    0
9919    -3965.9854598822985  106.27383376841254    0
9920    -3902.586214575038  -274.53222754444096    0
9921    -3940.3452569284836  -352.41543706173536    0
9922    -4084.9143906226986  -365.75129889031314    0
9923    -3972.6982885148345  -480.38108579959459    0
9924    -4014.7120949076448  -336.51023865397747    0
9925    -4073.8293470728809  -293.4726112735213    0
9926    -4022.4444029130432  -416.83821484790565    0
9927    -4207.5020427306663  -309.96123085920124    0
9928    -4145.4199940472818  -263.17397455460014    0
9929    -3934.3159357618792  -422.0124723665453    0
9930    -3902.8946467070746  -484.47880151981138    0
9931    -3942.7152670606461  -566.22055734637297    0
9932    -4144.2424055968459  -502.03681170741226    0
9933    -4177.4171199607499  -143.18321274469605    0
9934    -4057.8870721737771  -495.82931452122409    0
9935    -4226.2724689059751  -220.47274824794545    0
9936    -4097.8050866285621  -142.96490019516457    0
9937    -4105.4544408919628  -437.8659101149218    0
9938    -4166.1183465466347  -381.60484163865533    0
9939    -4313.8145524852916  -419.14491321173335    0
9940    -4245.260571548496  -379.54588842182403    0
9941    -4329.4478521859601  -288.82684752318164    0
9942    -4235.9643288364296  -474.77954629526153    0
9943    -3940.2238266449954  -213.76346039188692    0
9944    -3909.4296939730375  -1337.7618050398405    0
9945    -4057.5658271300604  -1601.8026136066846    0
9946    -4109.0988895668324  -1488.4649493246154    0
9947    -3847.8638354588625  -1882.4870126047358    0
9948    -3911.4995341832077  -1874.1569675852741    0
9949    -3814.4312495163026  -1938.2601257098618    0
9950    -3969.5574087354516  -1910.6817782303604    0
9951    -3847.0039323246447  -2000.0683034985475    0
9952    -3952.4473794219871  -2015.929847084868    0
9953    -3797.7694368087023  -2118.9623200645128    0
9954    -4006.4892057982574  -1970.7005391392299    0
9955    -4133.9537157741288  -1995.2141329550411    0
9956    -4051.6442769541677  -2079.5540101893612    0
9957    -4109.7987491579215  -1758.9102643928773    0
9958    -2705.4382926959411  -3164.5833757221094    0
9959    -2140.7485604426188  -2976.0342752657284    0
9960    -2179.5958424010323  -2815.7908762888046    0
9961    -2155.5307720382089  -2676.4527300748905    0
9962    -2849.7745233047449  -2547.9232111088104    0
9963    -3080.3191980458682  -2855.4000466477805    0
9964    -3494.6550007988376  -2555.1497011220658    0
9965    -2812.4822594275479  -3008.1542632799419    0
9966    -2858.1235969798172  -2928.3889815883031    0
9967    -2950.7179988170401  -2926.5671456892524    0
9968    -3027.2237712570322  -3022.6519562696144    0
9969    -1986.8128895840912  -2613.509819563817    0
9970    -1918.8046670474525  -2674.837164598976    0
9971    -3705.2475288225714  676.38861233206342    0
9972    -3548.1851386534281  791.49839597236564    0
9973    -4119.4967880139957  88.025905780962972    0
9974    -4026.9731260261542  270.62325746607939    0
9975    -3950.2609170497522  -630.87205018665884    0
9976    -3878.6481111103899  -589.79786929920556    0
9977    -4264.2743569393015  -275.15654889460274    0
9978    -4314.0559090922925  -200.0150317344424    0
9979    -4479.1907298362366  -217.13527064374327    0
9980    -4394.2089225221725  -231.86343637888137    0
9981    -4410.590851336935  -73.850052769132702    0
9982    -4462.2581040296027  -371.97112172885568    0
9983    -4424.6838651040498  -155.1670206773648    0
9984    -4407.3266272643714  -312.07158627405477    0
9985    -4561.7899097022037  -89.525511103196408    0
9986    -4385.4135194520904  -387.30472593170435    0
9987    -4502.4940397612099  -141.68176795738617    0
9988    -4451.0180619662333  -515.86217344693478    0
9989    -4624.6006299751198  -220.71885919721367    0
9990    -4379.8302974054295  -471.17206766551834    0
9991    -4552.4010586735249  -198.42050422905535    0
9992    -4557.15198016458  -311.07378622476256    0
9993    -4447.0332696438563  -443.16636808947311    0
9994    -4567.5894023995443  -431.72133166537634    0
9995    -4336.200950634191  -619.71338880985775    0
9996    -4378.9637961478511  -551.59559572908324    0
9997    -4478.3364291125554  -661.46122053273962    0
9998    -4290.9924654881988  -543.85081931370451    0
9999    -4413.1562150291084  -620.54252221125194    0
10000    -4231.5894127172296  -630.65239171541316    0
10001    -4373.2087580410289  -756.5484099106252    0
10002    -4374.002135074581  -682.91184035586855    0
10003    -4280.0663398718943  -718.72231366902054    0
10004    -4177.4616155486174  -445.86811643177464    0
10005    -3983.5228063801128  -1371.3152932997598    0
10006    -3921.1516243942265  -1410.4606139704385    0
10007    -4005.957328581238  -1223.1919006725946    0
10008    -4028.8004107104052  -1302.4123198105231    0
10009    -3957.282708803114  -1280.1307428430539    0
10010    -3849.9430868066306  -1239.6855513911812    0
10011    -3924.9682343538211  -1203.2320956389212    0
10012    -4157.8148185251557  -1222.3076272654864    0
10013    -3996.0842411668109  -1088.9620728292207    0
10014    -4119.409050567584  -1304.3982261695248    0
10015    -3979.1472261037338  -1157.6858658001729    0
10016    -3903.9435696217593  -1123.2253365779654    0
10017    -4084.0038625071538  -1147.0788745670145    0
10018    -4060.4312140738261  -1443.0629802644921    0
10019    -4132.7325850674988  -1414.3461873148628    0
10020    -4038.8352813873607  -1514.9974057481809    0
10021    -4252.307855484054  -1493.3015906998112    0
10022    -4181.3854641836342  -1470.6870980298891    0
10023    -4256.9359167588273  -1356.2685096943123    0
10024    -4105.1278041107516  -1555.0438680588484    0
10025    -3887.8955168593702  -2086.642785500781    0
10026    -4051.1857413345001  -1822.3422374553907    0
10027    -4026.1259056858057  -1740.3901549596526    0
10028    -4168.8394073784839  -1872.2616258813766    0
10029    -4083.269395493237  -1680.4937116884423    0
10030    -4098.9554367123737  -1873.3622024529973    0
10031    -4177.7591969548657  -1692.2224574641193    0
10032    -2685.1629462749979  -3079.682718375836    0
10033    -2781.2344464876014  -3101.6109666999432    0
10034    -2620.5387223568928  -3139.9871298175713    0
10035    -2628.2080810685752  -3272.3378524202135    0
10036    -2547.7515724587261  -3080.8427669284806    0
10037    -2600.9742426862931  -3207.5184077364711    0
10038    -2532.5862810916765  -3274.3824158374082    0
10039    -2222.7795231489458  -3012.805416084831    0
10040    -2325.6175201166106  -3017.7758823433037    0
10041    -2244.360659078633  -3116.4711945812492    0
10042    -2027.4707643367199  -3034.5972162020898    0
10043    -2223.5973713486937  -2654.7955912592106    0
10044    -2181.3917437425989  -2741.0738443078062    0
10045    -2083.0256654526888  -2700.8310335509304    0
10046    -2017.7815954145469  -2776.8470574248036    0
10047    -3394.6484439895721  -2549.9723655542157    0
10048    -1845.6185203657399  -2623.0208000367011    0
10049    -1790.3554737318836  -2778.6678307853499    0
10050    -1728.2251062536236  -2621.5152773980408    0
10051    -1839.9372582032343  -2708.6378357883018    0
10052    -1915.8111436211736  -2776.7637009118971    0
10053    -1755.6516355388953  -2701.530098572659    0
10054    -1681.939786014424  -2781.0680494681706    0
10055    -3638.7214389405221  657.12769396776184    0
10056    -3648.952619299781  746.30887157035727    0
10057    -3801.0494050401339  811.14408666082022    0
10058    -3734.1444561302669  757.27689442585358    0
10059    -3675.4113506953804  877.13512759341029    0
10060    -3863.0886022691388  665.60647295386059    0
10061    -3730.7746988887529  829.94499847261613    0
10062    -3786.7481055519729  951.68400649203988    0
10063    -3785.6886263558918  693.2572206232087    0
10064    -3797.1380334716268  603.15201790546678    0
10065    -3469.8682941589122  787.87431412856313    0
10066    -3415.3988039273504  848.61500684357623    0
10067    -3431.6395163358397  998.00800963532106    0
10068    -3485.3150638912621  856.5195014892231    0
10069    -3442.5932599302678  921.23793743297051    0
10070    -3508.0252218678766  969.74042114138399    0
10071    -3519.9430054235991  1119.2849990466918    0
10072    -3622.8979943354366  979.79579051465942    0
10073    -3492.894456339327  1046.1934261357878    0
10074    -3377.8737066709855  1129.3843247964733    0
10075    -3579.672105250957  1055.6307866358009    0
10076    -3423.509356062415  1071.3707354469834    0
10077    -3299.0849162119412  1020.4499835408982    0
10078    -3662.6489138830607  1193.3411095831216    0
10079    -3702.5592122793846  1075.4394827950923    0
10080    -3601.7397886074491  1136.1878264586633    0
10081    -3644.8238908540061  1042.5303942760722    0
10082    -3712.1762315339133  991.46786444293502    0
10083    -3530.8773469363277  1272.7395443531432    0
10084    -3787.3613394964459  1042.6151042987728    0
10085    -3585.5658954218402  1214.4571243635214    0
10086    -3661.5402736590186  1340.5460440898919    0
10087    -3641.3348867589525  1266.7872298613863    0
10088    -3782.1916102572231  1267.8480599892634    0
10089    -3711.9128530218095  1247.4532000254007    0
10090    -3776.0566756517765  1157.7040609650549    0
10091    -4039.7892141509255  72.316826055526803    0
10092    -4040.9199783546414  171.95725758334029    0
10093    -4092.4811824053932  15.030676332958848    0
10094    -4235.3893900894918  3.6370750109009009    0
10095    -4160.6141741462252  -32.322328059197247    0
10096    -4172.3967752988319  38.901302758804903    0
10097    -4233.031150987078  157.24068839659327    0
10098    -4237.0415140531022  80.482349100235567    0
10099    -4371.1076930454337  125.97078614003439    0
10100    -4325.4795731175473  40.140590870579224    0
10101    -4297.6595561967588  122.13336993240947    0
10102    -4327.5809442991904  254.25536279547219    0
10103    -4148.6545284050126  -593.00827732435084    0
10104    -4213.2326141232161  -549.34530957675736    0
10105    -4272.7076526339915  -870.43153835008457    0
10106    -4210.8829708919066  -699.42668317925359    0
10107    -4222.358465919091  -791.95626100064362    0
10108    -4162.2243889810925  -752.43769121797504    0
10109    -4081.9681937153546  -1236.8523725048626    0
10110    -4127.6217109934787  -985.53220179265361    0
10111    -4202.2125021189649  -1293.1082053093733    0
10112    -4305.5235536929504  -1179.0030711049599    0
10113    -4184.6779694779852  -1363.5874030190698    0
10114    -4292.0118112325354  -1270.5911075701799    0
10115    -3970.376785784953  -2097.1173640207699    0
10116    -4042.1455125733705  -2232.4005299774685    0
10117    -3913.641113727585  -2213.8945654069958    0
10118    -4025.3395781621211  -2154.6376983755581    0
10119    -3922.27372875731  -2145.9176973698713    0
10120    -3851.5703561081632  -2171.4754108682623    0
10121    -3807.4082759403564  -2302.7193181601174    0
10122    -3758.3539625135932  -2213.1611281636719    0
10123    -3847.998104956027  -2243.32536120737    0
10124    -3932.992291328042  -2344.9769091583262    0
10125    -4171.5945936451526  -2163.7268286580734    0
10126    -4097.1852832093728  -2179.8080073524366    0
10127    -4362.1461201113871  -2430.8914605083646    37
10128    -4162.8974319954168  -2303.6745983789378    0
10129    -4112.5729612683172  -2251.0084171815474    0
10130    -4053.8961189342936  -2357.45282619092    0
10131    -4200.7267418062902  -1783.6008959284914    0
10132    -4280.4065680672411  -1617.2615783670315    0
10133    -2854.9690788159942  -3267.4628422711971    0
10134    -2488.8137215557199  -3122.4466099018259    0
10135    -2452.1421269928715  -3038.9829902328834    0
10136    -2582.603142592091  -3376.5303310910995    0
10137    -2475.7060384986785  -3331.2513062717271    0
10138    -2342.6798177756136  -2952.7563718504189    0
10139    -2231.2797240840187  -3189.3906435778936    0
10140    -2146.120614614018  -3157.5466053061332    0
10141    -2272.2021163734912  -3056.5958924899478    0
10142    -2341.608588747079  -3095.9383724645413    0
10143    -2095.3332234801351  -3027.0253840215332    0
10144    -2079.0193834494685  -3108.514902904029    0
10145    -2054.4572906321987  -2968.5694765864037    0
10146    -1923.9150599809914  -2953.7436799483494    0
10147    -1995.9307345938853  -2901.7702373093284    0
10148    -2070.6916920619165  -3190.3423671858804    0
10149    -2013.6240505870996  -3099.1869166643451    0
10150    -1918.7850093409443  -3057.2956295318286    0
10151    -1914.9760234859689  -2865.4774698323199    0
10152    -2041.7499273240021  -2845.4120682427088    0
10153    -1781.9906153384622  -2923.5311295606948    0
10154    -1853.7332845972048  -2820.5401370625864    0
10155    -1857.8030590933954  -2915.8533307675743    0
10156    -1852.2879792213246  -3002.0982624521002    0
10157    -3442.5463005329698  -2391.7153759771077    0
10158    -3438.0849529950474  -2679.4062007729603    0
10159    -1966.8342976978199  -2730.4076411712713    0
10160    -3603.5322732712339  846.5971023629811    0
10161    -3732.0070838083343  615.69787668404035    0
10162    -3940.8278375852083  517.46708049798247    0
10163    -3805.69295767519  513.84887799334047    0
10164    -3871.9324305568043  565.25572032217974    0
10165    -3874.9852106825583  451.23858746237386    0
10166    -3963.6338873002182  623.90236929183402    0
10167    -3962.2281744357965  211.15256444937648    0
10168    -3888.877006481162  241.8978329253267    0
10169    -3943.0144512887255  327.94262125224583    0
10170    -4142.493756962298  236.6338595499563    0
10171    -4437.9862168533064  35.374287383773549    0
10172    -4312.8333951567793  -58.071247155200226    0
10173    -4089.9201024434346  -631.14905683868062    0
10174    -4084.8882203263784  -560.8888919169483    0
10175    -4302.9889745842738  -795.86726045599949    0
10176    -4394.1570310221896  -876.32246550151649    0
10177    -4079.0120705532468  -1059.0693038561376    0
10178    -3992.5019961594326  -949.04967232961246    0
10179    -4207.1470194408903  -1090.9347495385223    0
10180    -4054.0093741196001  -989.70740078461847    0
10181    -4072.2888408470262  -895.20073678113658    0
10182    -4148.7216754690135  -1052.3143132774078    0
10183    -4232.4641664669371  -989.13132985634991    0
10184    -4236.0336131712529  -1215.5420968683043    0
10185    -4461.1280050532368  -1248.7496812840709    0
10186    -3630.5476671925348  -2341.3788556507247    0
10187    -3709.1353981766533  -2137.2209890852669    0
10188    -3653.1902625691218  -2227.4002439386995    0
10189    -4341.9540902820354  -1884.4587082011278    0
10190    -4213.9423183812232  -1634.0093487712804    0
10191    -4217.282256272817  -1559.3357455367955    0
10192    -4267.9039811340053  -1707.9015294546432    0
10193    -2794.7123541662691  -3194.935396689043    0
10194    -2518.4519228519985  -2952.5561874953733    0
10195    -2352.386475179087  -3160.3224470973887    0
10196    -1965.1380268806211  -3007.6889486878745    0
10197    -1901.9377720463542  -3125.9204161902171    0
10198    -1763.1257784658542  -3011.1428944136442    0
10199    -1813.4484542961363  -3063.2211681892404    0
10200    -1663.4194588562025  -2984.3096040162309    0
10201    -3448.4150151254589  -2479.8684401334194    0
10202    -3375.7036598865006  -2440.4372518100804    0
10203    -3553.1674562117787  -2428.6227518706801    0
10204    -3354.3453340999104  -2340.9228815378192    0
10205    -3517.829398944888  -2489.0736811604684    0
10206    -3642.6612488285991  -2521.4928434669614    0
10207    -3570.0619896265657  -2544.4947768391085    0
10208    -3647.1377016357369  -2661.6922690216143    0
10209    -3545.7280988905168  -2644.4415462971792    0
10210    -3625.1277263602328  -2592.2238519888292    0
10211    -3759.281053394659  -2587.9404461545018    0
10212    -3441.8785734352318  -2606.1277908472089    0
10213    -3371.9852746077518  -2639.2468202317236    0
10214    -3364.5015183619353  -2726.0421218071083    0
10215    -3845.4644676132516  382.23677399486962    0
10216    -3948.2504741005123  996.06246078249933    0
10217    -3969.5946404918618  423.02413022269116    0
10218    -4077.0096177028772  227.37740219692017    0
10219    -4099.5682140696954  304.0478772597491    0
10220    -4119.3458207681233  164.13262654743636    0
10221    -4030.3263110437133  358.88757475184252    0
10222    -4226.2862520863937  337.36163965290103    0
10223    -4113.6568954966297  498.61635054808795    0
10224    -4119.5386724106911  400.39613516973043    0
10225    -4232.1133027812475  -79.92473016878867    0
10226    -4288.7869659594289  -129.25550777812813    0
10227    -4360.1167352939592  -124.47741470344445    0
10228    -4158.643732547207  -1147.6700190977781    0
10229    -3994.4031833397462  -865.8329021087543    0
10230    -4182.8304446767588  -906.131829920271    0
10231    -4319.1962776305381  -1064.7501718412614    0
10232    -4389.6000879696121  -1360.5619016130238    0
10233    -4373.4897015455663  -1235.8206325527663    0
10234    -4402.0397360805591  -1132.6086679704943    0
10235    -4409.5956285424381  -1294.5685032281065    0
10236    -4516.5859482309306  -1363.0117797582959    0
10237    -3652.1257822182697  -2164.296699682744    0
10238    -3715.8429669777915  -2294.6594839253494    0
10239    -3573.2629006840361  -2216.985917555075    0
10240    -3540.428284063039  -2307.4934437851698    0
10241    -4257.116853228993  -1853.9465146823172    0
10242    -4329.5056539645248  -1785.8724027819876    0
10243    -4259.5468839093746  -1980.388367537163    0
10244    -4224.3303487291687  -1917.8209014515915    0
10245    -2914.2200773356931  -3130.040645394391    0
10246    -2742.232052255079  -3299.8314488638289    0
10247    -2552.1877969473794  -3012.3403730943805    0
10248    -1629.8812215461353  -3043.1420473140865    0
10249    -1582.2722004972541  -2912.2393229172003    0
10250    -3326.6329227110155  -2398.9198791626959    0
10251    -3263.5671551729652  -2274.110722292723    0
10252    -3568.3004616738285  -2818.4454524987982    0
10253    -3861.2407787796792  996.6492490205826    0
10254    -3880.4366795550777  1109.8571520272806    0
10255    -3903.9627457298207  880.26932205605397    0
10256    -3852.2692637443897  927.32451313663262    0
10257    -3798.0696673235911  881.8384773155127    0
10258    -3912.4184606061699  387.75180166873531    0
10259    -4025.4535172137398  491.64101672868651    0
10260    -4062.1039823880137  589.34971208851164    0
10261    -4224.3325933728293  455.95778760905546    0
10262    -4157.239964511361  342.33784528509824    0
10263    -4256.4665947341737  -1049.150139840935    0
10264    -4303.0617483499655  -995.70716270705782    0
10265    -4272.8606127136218  -1117.149712410695    0
10266    -4433.5232215384895  -1001.6265978342897    0
10267    -4324.0667922775829  -1333.7329022827503    0
10268    -4323.2134075556733  -1429.2686733500354    0
10269    -4339.0049229805145  -1125.0652480351703    0
10270    -3749.9883121831176  -2430.8973085886787    0
10271    -3570.0035266018108  -2365.6175583978156    0
10272    -3624.4665398656416  -2413.9230518432014    0
10273    -3503.0838397169368  -2363.0818145656904    0
10274    -3692.542962383548  -2383.1026833030878    0
10275    -3437.705086059018  -2303.1684984420008    0
10276    -3761.2196772827197  -2358.9784079544252    0
10277    -3849.7637013870526  -2384.5829544007624    0
10278    -4385.9024447268002  -1677.9956035907094    0
10279    -4583.0377590623575  -1983.2591774611808    36
10280    -2870.9675890156495  -3192.8763268551616    0
10281    -3003.9841621520809  -3238.1332160077627    0
10282    -2927.7580983500065  -3244.0667307343319    0
10283    -2976.3896150038754  -3376.2277562819531    0
10284    -2913.4156835594708  -3324.3723570163074    0
10285    -2981.7906686943611  -3305.5027233239298    0
10286    -3112.3149669110098  -3311.1609111271337    0
10287    -3045.4229105491631  -3345.9308697532329    0
10288    -3140.5064835106796  -3447.1270530986403    0
10289    -3107.235978927034  -3383.1197158530395    0
10290    -3237.3385826813005  -3356.1439580635206    0
10291    -3037.5831436382568  -3459.9752457921245    0
10292    -2872.5012362664247  -3438.2253582429585    0
10293    -2824.8785051939531  -3356.8335059124815    0
10294    -2856.4930909624391  -3074.8218496270151    0
10295    -2733.1006621086981  -3229.686768635414    0
10296    -2791.4959465015422  -3258.9023786759121    0
10297    -3292.0524764556294  -2330.484077779352    0
10298    -3227.6077325942938  -2333.2323644589137    0
10299    -3583.6889420727307  -2727.9831739593119    0
10300    -4053.2718867366989  426.19595610006337    0
10301    -3996.8988657384903  561.11364451942507    0
10302    -4074.121264148288  781.18635468972366    0
10303    -4159.2719508868686  452.06172422216684    0
10304    -4187.5287970121808  525.37282401633718    0
10305    -4195.2452766363649  396.51477623180563    0
10306    -4268.7687372290447  397.37562784843448    0
10307    -4303.2705260917674  327.90945805003469    0
10308    -4350.4006737067202  505.43973234656698    0
10309    -4445.9941273913628  334.17807547684481    0
10310    -4371.1314736548502  404.91507374705833    0
10311    -4270.100703408757  524.68819245349835    0
10312    -4375.5163640979717  310.91604375865654    0
10313    -4445.6853306927369  216.71820130425948    0
10314    -4297.2291263298603  460.74112024419929    0
10315    -4230.0284131045346  671.40771946109362    0
10316    -4335.7524425659585  621.45117872954268    0
10317    -4229.3733062695082  592.3967255226213    0
10318    -4145.606636558924  598.11993789140229    0
10319    -4094.4146915174442  683.62038484427319    0
10320    -4221.527947051025  -1154.0246857372329    0
10321    -4391.6213881829226  -1060.8296666795013    0
10322    -4486.6788955683523  -1083.6781500507309    0
10323    -4450.6962310391491  -1486.0208020388511    0
10324    -3961.5885885950779  -2512.3212617730364    0
10325    -4333.5885759177645  -1719.3267019015293    0
10326    -4405.9675615517772  -1757.1656305589268    0
10327    -4536.2816206032321  -1682.010700235774    0
10328    -4460.5258000841859  -1701.210509141951    0
10329    -4453.0387087477584  -1593.7331550181048    0
10330    -4632.6605977581694  -1868.58765795464    36
10331    -4527.1221367580647  -1804.9236052331269    0
10332    -3111.8211148352893  -3636.005837947449    0
10333    -2954.0280450392675  -3456.7976740716799    0
10334    -2991.0564409832841  -3583.2667181257821    0
10335    -2898.387002734125  -3512.8198144210942    0
10336    -2993.696774557116  -3513.8384403385903    0
10337    -3085.1843381391031  -3543.569844802053    0
10338    -2903.2522603241096  -3602.5943040453126    0
10339    -2972.2216487888177  -3706.8098948460106    0
10340    -2957.8252362541734  -3641.4077689778969    0
10341    -3035.1146517255888  -3647.0160784799928    0
10342    -3071.1689184922016  -3937.6990159308475    41
10343    -3169.6935114051307  -3860.8557462352442    41
10344    -3090.6654622351734  -3761.3235501156269    0
10345    -3040.1078786082171  -3715.2414306640762    0
10346    -2992.9025090516457  -3817.8062643332128    0
10347    -2775.887620205106  -3440.126349323803    0
10348    -3723.5203758008606  -2798.3098113551441    0
10349    -3492.4357228830086  -2759.0001487054101    0
10350    -4520.6247623417567  488.14442368404752    0
10351    -4029.2415395364806  653.28560529051833    0
10352    -3951.979816581782  737.86073364068511    0
10353    -4168.7469851846117  749.97474842112047    0
10354    -4161.1391946341973  665.49517273261461    0
10355    -4478.326050112858  -1166.8984756426455    0
10356    -4630.0291524230443  -1140.0956035698343    0
10357    -4567.4020630560644  -1228.3469241331461    0
10358    -4550.3977023591378  -1132.1029744729187    0
10359    -4604.3821538820685  -994.9346956999085    0
10360    -4596.7342068176531  -1071.1320404492592    0
10361    -4885.6949062208141  -1033.2169904252009    34
10362    -4735.6350523029059  -1046.5910684081314    0
10363    -4669.6455420023294  -1078.4501698896295    0
10364    -4859.8429345590594  -1155.4612502796797    34
10365    -4743.4866183290569  -1169.4565173228532    0
10366    -4397.2933411980384  -1434.4212218019468    0
10367    -4353.1822936259296  -1533.5082696577326    0
10368    -3923.6905535715491  -2432.6819037600089    0
10369    -3988.9000594256427  -2395.2520801346891    0
10370    -4080.7446222663111  -2478.3991973088728    0
10371    -3848.2140070144451  -2517.435939640834    0
10372    -3448.9398126593796  -3611.4216362297557    40
10373    -2825.0940256153731  -3484.8958767329723    0
10374    -2760.3033471687972  -3506.6813631557916    0
10375    -2686.3589009676043  -3387.4192426753366    0
10376    -3642.8236408070798  -2784.5825413288294    0
10377    -3660.7856081987152  -2923.0462245158387    0
10378    -3630.5782509121295  -2856.5679383782085    0
10379    -3537.2692947827572  -2939.069169614851    0
10380    -3502.2971057609166  -2693.9125980361714    0
10381    -3478.3003332264298  -2855.172237106487    0
10382    -4459.0123570544856  422.93854450219266    0
10383    -4436.4455423571026  505.97313254383937    0
10384    -4593.1180906637346  357.93475525678161    0
10385    -4510.1405348160251  646.2853129279606    0
10386    -4515.8071200993991  369.27372159322618    0
10387    -4493.0806888087618  565.73632078032836    0
10388    -4540.1050216378844  265.71182907767297    0
10389    -4411.7577508197965  586.08575824970114    0
10390    -4644.4017541292724  575.76841612165072    0
10391    -4414.7012149433349  691.76748835700948    0
10392    -4570.1560066506481  549.41218042443711    0
10393    -4643.3171482303469  461.07018119778053    0
10394    -4176.7636923470745  933.32585089536178    0
10395    -4519.1912558801678  -1004.371815164349    0
10396    -4479.0655466131011  -918.48297823288772    0
10397    -3217.6345405496645  -3555.4582753624927    0
10398    -2755.0685804877171  -3369.6349265822614    0
10399    -2628.0067974775498  -3443.6648876046279    0
10400    -2638.977631100965  -3339.1285293283017    0
10401    -3453.9502672689091  -2934.9595995150953    0
10402    -3488.3246469312949  -3084.7160354264556    0
10403    -3433.5148430069221  -3018.4735332773125    0
10404    -3510.0279681595412  -3010.9620788106308    0
10405    -3343.4900627395896  -3148.7574465262414    0
10406    -3608.9213264485106  -3007.3267570060225    0
10407    -3339.7276516425241  -3049.9126277917803    0
10408    -4475.1718936975258  275.37102545583326    0
10409    -4730.0973630592853  217.84574530915353    0
10410    -4555.1516879311876  121.23531849565639    0
10411    -4447.6201755161719  637.96876833778265    0
10412    -4318.0398688851301  720.81691641575753    0
10413    -4543.0482249111665  838.21398627471672    0
10414    -4146.8980862188282  842.78086292673515    0
10415    -4485.6719654230737  -798.5977274641557    0
10416    -3149.1033406451352  -3575.2065379868504    0
10417    -3208.8205668629521  -3653.6556440489085    0
10418    -2594.4399971772336  -3510.1781624478394    0
10419    -3792.2500402863907  -3249.0601253167333    39
10420    -3407.1104210527069  -3096.841797615416    0
10421    -3467.3323656316247  -3235.5809666404671    0
10422    -3417.6555784480461  -3174.7042355050744    0
10423    -3346.0394172135934  -3283.8516957239503    0
10424    -3315.6036512362853  -2988.5416538712893    0
10425    -4641.8515494489084  268.57262637865676    0
10426    -4519.2039049531822  190.51327796099608    0
10427    -4605.0120407917448  191.07294889838477    0
10428    -4466.5725102800261  119.23777596864441    0
10429    -4695.5364434045659  73.725706253824143    0
10430    -4632.5286199051834  118.70994031987897    0
10431    -4701.3795548930166  148.52847605823786    0
10432    -4993.5748151700809  -41.983702485724002    32
10433    -4831.0626744408428  100.7688664051671    0
10434    -4778.242910826003  157.29181969546755    0
10435    -4604.0781428798973  12.241834268118055    0
10436    -4972.8191171843118  456.75167623289428    31
10437    -4882.495813201338  201.77335639473802    0
10438    -4808.5072935201088  230.77146739837741    0
10439    -4748.3103070361385  351.65026783787482    0
10440    -4984.247434275354  332.32749419967342    31
10441    -4759.801185483826  281.94437645343334    0
10442    -4865.723325625353  335.20550193576821    0
10443    -4499.5274677437856  746.89048590963694    0
10444    -4034.2234248639384  902.11941839333792    0
10445    -4280.3352139046083  848.9655668185635    0
10446    -4456.6127738799432  -857.12103893145786    0
10447    -4408.5858018366489  -812.07996274384379    0
10448    -4539.2438483045344  -861.67452220706059    0
10449    -4554.8039809610491  -936.61871152373624    0
10450    -4624.2756631743832  -735.1679551695064    0
10451    -4563.9190544368557  -786.42955125389994    0
10452    -4682.9712199450159  -877.88827997517444    0
10453    -4514.8057659777769  -728.2748930797851    0
10454    -4627.1701118764895  -925.32839479255051    0
10455    -4613.0878986480648  -852.22639676126141    0
10456    -4707.1805843029533  -962.90226972022003    0
10457    -4672.3502154765274  -798.82649257209869    0
10458    -4440.6128607113478  -725.4121013360616    0
10459    -4574.5411169516692  -652.30917933816011    0
10460    -4911.5468778825689  -910.97273057072221    34
10461    -4804.9985495309347  -976.32554432453378    0
10462    -4964.4363642590451  -540.29959392707178    33
10463    -4805.9165436358662  -821.12775176872378    0
10464    -4760.449235661622  -682.31255370490794    0
10465    -4735.6965426704128  -830.56096809899782    0
10466    -4734.3556355594574  -754.1464229675239    0
10467    -4780.5776360906684  -898.57948351041068    0
10468    -4812.8496626466595  -742.00314535353118    0
10469    -4848.5995445417766  -877.9625830552958    0
10470    -4950.9176069016848  -664.51403232165751    33
10471    -4867.1480116071307  -786.62697117951416    0
10472    -4944.1582282230047  -726.62125151895043    33
10473    -4873.0151856038183  -687.45703300900675    0
10474    -4888.0655351449313  -594.83071875165479    0
10475    -3358.5789584887198  -3697.7170563846985    40
10476    -3149.0566314609646  -3706.7363580851361    0
10477    -3220.534376547288  -3727.0289685164739    0
10478    -3282.5770273630774  -3679.5023657675265    0
10479    -3166.0525635088952  -3782.901923238765    0
10480    -3343.7864369881868  -3591.7710326583506    0
10481    -3778.8059864238189  -3053.771526814593    0
10482    -4670.1961562308761  341.99971288795768    0
10483    -4397.7449399691131  810.68983602025457    0
10484    -4652.8858086756527  729.83844456883833    0
10485    -4078.5830756575679  849.70639480855982    0
10486    -3991.4884851032652  820.97243347447727    0
10487    -4105.541997836066  917.50138087302389    0
10488    -4049.842960628032  1002.724839263075    0
10489    -4126.3739230515102  991.92957940482461    0
10490    -4107.2454595189229  1132.9954933893184    0
10491    -4096.9157451106357  1059.7649277886478    0
10492    -3992.5853644400313  1097.9207618972184    0
10493    -4231.8981932719153  1078.0684765642663    0
10494    -4202.4792519033308  1006.4024988272438    0
10495    -4344.2327308797403  990.08382034684269    0
10496    -4266.9561262292555  942.65022950862317    0
10497    -4275.6573475601499  1018.2340702270596    0
10498    -4359.8476665493417  1125.7241822681319    0
10499    -4215.2837193929308  809.90561689209528    0
10500    -4666.5836200953927  -1013.5850561632526    0
10501    -4518.9793604318556  -578.47313366373385    0
10502    -4898.620892051691  -972.09486049796169    34
10503    -4670.075625671574  -651.32178206069329    0
10504    -4819.186856609329  -631.17487641576838    0
10505    -4738.8085314501259  -598.15330389688665    0
10506    -4634.4368352002548  -534.23911304283956    0
10507    -4812.050574061831  -534.20955889045763    0
10508    -3403.7593855740497  -3654.5693463072271    40
10509    -3271.2738430665363  -3606.3979191774165    0
10510    -3293.4588641494715  -3529.3263143048193    0
10511    -3229.1051725565549  -3465.6697286598232    0
10512    -3419.1790506269613  -3479.5048369208516    0
10513    -3364.053641907054  -3523.9333826131901    0
10514    -3321.8529379251249  -3436.2637872212908    0
10515    -3700.6617138013949  -3005.6833568338652    0
10516    -4433.8271804429151  755.16453101275329    0
10517    -4471.4147965050261  819.07663717773994    0
10518    -4423.0770293237492  915.92444129522323    0
10519    -4572.3534549473852  703.71067918465087    0
10520    -4592.5739521402356  778.560395539669    0
10521    -4633.0965449889509  653.65955793285582    0
10522    -4902.3766543750899  950.92334318462304    30
10523    -4778.035327642322  656.66809592735126    0
10524    -4709.1004587297784  861.11570367651996    0
10525    -4705.1416545650982  675.60394785848291    0
10526    -4746.2706636995708  767.52437667825018    0
10527    -4723.3958335294392  596.10327985163701    0
10528    -4662.4796413014128  803.40479521994291    0
10529    -4621.2882689352728  884.36696271913354    0
10530    -4961.3908000932688  581.17585826611526    31
10531    -4839.7242355946819  546.08514053425824    0
10532    -4001.7165975172493  958.681498309669    0
10533    -3967.3924214896051  901.3329810159147    0
10534    -3996.6747481949369  1035.5630520737127    0
10535    -3934.1538807456855  1062.7759131950888    0
10536    -4247.5399297183112  743.30584157219118    0
10537    -4528.3228000447525  -500.14136099251346    0
10538    -4684.6502844849356  -713.71493952943899    0
10539    -4621.7940492471098  -602.05283006400339    0
10540    -4723.239075072679  -506.40174238701252    0
10541    -3408.7082879705576  -3371.9218410792605    0
10542    -3791.7707200587902  -2910.7796270845711    0
10543    -3659.5110955409164  -3160.0910802468266    0
10544    -4340.9302643497213  905.41679742481142    0
10545    -4926.1695686886578  828.26169174197969    30
10546    -4530.0603844532288  949.62543721734926    0
10547    -4706.4124318738404  1028.4081212703907    0
10548    -4655.9112816882525  -447.18349318914773    0
10549    -4624.6070208952651  -366.01338931148871    0
10550    -4784.1513533621155  -351.10462265823088    0
10551    -4737.4371472299017  -422.37627158879269    0
10552    -4703.5036908165866  -349.18998989248837    0
10553    -4837.0513635119951  -436.72232013012336    0
10554    -4650.3579509881311  -293.36499143428085    0
10555    -4764.8836579185636  -211.86959350014598    0
10556    -4745.3617786459781  -285.52175131199789    0
10557    -4695.7940971344733  -232.97031942435805    0
10558    -4679.6639196498299  -113.7240635642395    0
10559    -4843.0553596332511  -272.00266651965319    0
10560    -3383.4924890997941  -3428.6770701917421    0
10561    -3345.9718094645023  -3378.0278132284534    0
10562    -3446.2289676058494  -3422.5710980425492    0
10563    -3511.2012179486528  -3335.217846066575    0
10564    -3539.3006668300395  -3525.1262160748129    40
10565    -3488.6242362182802  -3477.6063525965374    0
10566    -3519.9922264699926  -3409.5958850306442    0
10567    -3494.1202397447096  -3568.2739261522843    40
10568    -3430.013990930142  -3546.3758981847986    0
10569    -3710.955780643545  -3343.9454606183017    39
10570    -3591.0132682250869  -3363.4931121355239    0
10571    -3586.7261509331888  -3248.8146722739839    0
10572    -3769.7988577645947  -2980.8711814322501    0
10573    -4097.6693590620616  -2854.2350796280316    38
10574    -3868.4158197134821  -3005.6932681868238    0
10575    -3656.0450236718762  -3076.4800410359526    0
10576    -3726.7303326872097  -3115.427163756392    0
10577    -3574.205624891028  -3121.7500321720395    0
10578    -3873.5442999292363  -3154.1747900151649    39
10579    -3731.7240955515304  -3195.8572480817456    0
10580    -3802.3370398914408  -3126.4662690011914    0
10581    -3751.6029104649679  -3296.5027929675175    39
10582    -3670.4747025041861  -3268.128948714098    0
10583    -3914.1914297506596  -3106.7321223643803    39
10584    -4818.4973687064667  850.38634681506801    0
10585    -4684.1638830943739  944.38283109172801    0
10586    -4609.227459767294  1009.1829682215649    0
10587    -4792.8835953433236  960.55377000846272    0
10588    -4977.9551216164054  -416.08515553248611    33
10589    -4992.5243470719233  -166.92720981181222    32
10590    -3298.9435375282442  -3330.9059692544552    0
10591    -3223.4010682595363  -3234.316373452767    0
10592    -3281.7029314464867  -3266.5542206683008    0
10593    -3284.3881483155756  -3192.8599025357566    0
10594    -3191.0442376890878  -3121.1282517942586    0
10595    -3271.1576109059433  -3113.4769868464396    0
10596    -4026.2539593170718  -2956.7622671708141    38
10597    -3597.6821611140986  -3183.5859180553193    0
10598    -3531.0493728103365  -3205.9285609345256    0
10599    -3561.1719780378862  -3055.3176992353751    0
10600    -4595.6186100121422  944.87724972602371    0
10601    -4491.7667031449537  1082.9227931499449    0
10602    -4889.6460217408094  -502.15969075242566    0
10603    -4908.4923744969919  -433.15720466207944    0
10604    -4868.9261972049799  -357.87670967413453    0
10605    -4915.2359615514115  -297.09119216703874    0
10606    -4907.06803571609  -204.21323928342093    0
10607    -3990.5462594445771  -3008.0258609422053    38
10608    -3930.9782965072809  -2928.4658344048507    0
10609    -4536.3987290503519  1023.5955024329758    0
10610    -4457.5675697501047  993.09379176251309    0
10611    -4591.6588736696785  1111.619828560009    0
10612    -4991.9991130228445  -229.39896347485632    32
10613    -4914.1148899703358  -103.79180922011828    0
10614    -3859.48402141317  -2934.502692892383    0
10615    -3867.6818220163559  -2802.6041565121623    0
10616    -4002.036156142191  -2863.7575132484908    0
10617    -4412.0284305293717  1061.8557072809419    0
10618    -4647.9767723704772  1068.5537201299344    0
10619    -4696.1621527740999  1189.9228725252483    0
10620    -4719.6874600986566  1110.3332345422591    0
10621    -4776.3823023635496  1170.3628940377462    0
10622    -4878.5837400615219  1073.5849946272665    30
10623    -4782.9512645456216  1435.5936984247169    29
10624    -4790.9907030640197  1056.7412690626968    0
10625    -4866.6872829047379  1134.9158203485881    30
10626    -4818.8710451467869  1315.9201722473138    29
10627    -4836.8309354473695  1256.0834091586121    29
10628    -4748.1217214177195  1262.0712027348895    0
10629    -4594.2428509346819  1318.1070189358106    0
10630    -4732.9793636767999  1355.3673377985281    0
10631    -4663.2797852823824  1268.3882060573799    0
10632    -4607.7707744620739  1199.0034627968396    0
10633    -4520.8622045869315  1169.8505875908422    0
10634    -4832.7719023353229  -148.54170676806245    0
10635    -4892.1477135483501  6.4295102911825524    0
10636    -3926.3078598302568  -2851.9677230838497    0
10637    -3984.5028267052708  -2723.358147708238    0
10638    -3973.8048884195628  -2795.9886056853443    0
10639    -4169.084758807051  -2751.7078920852491    38
10640    -4060.8505476344885  -2771.706705039745    0
10641    -4092.0940642399901  -2637.914708189599    0
10642    -4053.1760856562828  -2699.370501951244    0
10643    -3985.6915838080567  -2616.4666243139163    0
10644    -4625.7097053170783  1477.8607248219912    0
10645    -4440.1508038315797  1148.5322490764779    0
10646    -4359.5668247186541  1279.483525135938    0
10647    -4456.7764698718593  1249.0335188356914    0
10648    -4381.3912939235606  1202.6434596713684    0
10649    -4261.2659405419881  1194.8116686402254    0
10650    -4541.7099084562133  1251.8202279749962    0
10651    -4496.2448097499646  1341.8116075441778    0
10652    -4755.5972839178685  -133.86204632310557    0
10653    -4743.8932079862916  -24.765855085726514    0
10654    -4807.1274892493611  -73.15785923084421    0
10655    -4930.7361923132903  -43.179477885894599    0
10656    -4869.1001336809841  -58.862584177838954    0
10657    -4994.6252832682385  82.959804840364228    32
10658    -4824.3526941597838  -6.3532492720829907    0
10659    -4994.1000492191597  20.488051177320109    32
10660    -4937.7817784214867  52.199634341205183    0
10661    -4930.0697437791405  134.35344245613763    0
10662    -3864.1249715443823  -2668.5670351591216    0
10663    -3907.822278367154  -2579.6265589608574    0
10664    -4036.6669172165603  -2549.8072598808217    0
10665    -4125.5630568810693  -2555.3718987817469    0
10666    -4301.3231393317137  -2540.0360825254156    37
10667    -4168.0353415987565  -2620.6501350084432    0
10668    -4205.5517310006153  -2457.2629401104168    0
10669    -4270.9116489418775  -2594.6083935339411    37
10670    -4224.0020689665762  -2532.7072550911589    0
10671    -4147.1202184228969  -2491.2855075375037    0
10672    -4129.6081296459988  -2404.0989486406497    0
10673    -4697.9206817228851  1432.8814969668786    0
10674    -4655.482904782164  1367.0020420989474    0
10675    -4747.0314839444563  1555.2672246021202    29
10676    -4575.1265904428774  1404.8482512778637    0
10677    -4764.991374245039  1495.4304615134185    29
10678    -4692.8593852757585  1506.3938775699924    0
10679    -4613.3337046623838  1600.2676202718039    0
10680    -4479.7764594971359  1524.9351707177816    0
10681    -4545.6207066727256  1479.3182102586188    0
10682    -4463.5417212607945  1431.1728933095765    0
10683    -4550.1634585335296  1556.204088337814    0
10684    -4459.5387941189001  1665.3463614109562    0
10685    -4539.1725875971788  1639.273540168005    0
10686    -4481.181810240605  1596.8017630754671    0
10687    -4353.0794921971519  1563.3597660757382    0
10688    -4408.8857782241266  1611.6634282128875    0
10689    -4295.3535675990852  1686.4407471906484    0
10690    -4379.2994705213996  1690.3183773891376    0
10691    -4615.7362067142985  1905.9200759743362    28
10692    -4663.4239550287948  1790.4304133769297    28
10693    -4339.9185803100518  1632.2646387652146    0
10694    -4224.3497055146609  1574.4815362980937    0
10695    -4330.4525504262228  1837.192490316721    0
10696    -4616.8684716820871  1696.9916256648376    0
10697    -4456.699169340186  1797.6194525410735    0
10698    -4334.1629578696093  1756.8667534359556    0
10699    -4435.9682141256271  1731.0073766317989    0
10700    -4530.9286378194392  1737.9858453768156    0
10701    -4189.9123818305643  1790.4520930559759    0
10702    -4266.77407228625  1794.0024892235376    0
10703    -4222.0493540883463  1928.4818647594745    0
10704    -4263.3767869101912  1867.5495202140523    0
10705    -4350.7293081914777  1971.2778300295815    0
10706    -4424.8213179734821  1317.411502073538    0
10707    -4324.9582312903412  1414.125728623098    0
10708    -4361.250564684251  1351.6853345954619    0
10709    -4240.4448271883466  1318.3819769032521    0
10710    -4770.5750091414384  50.786519846621971    0
10711    -3936.4173077110777  -2669.3710093692948    0
10712    -3910.8668822543418  -2740.5364704087942    0
10713    -3834.3895138294638  -2598.7530297740882    0
10714    -3787.2284504368749  -2660.0795813649438    0
10715    -3817.6698623637776  -2736.8655358099027    0
10716    -3717.0094108728167  -2645.8000015841767    0
10717    -3738.2197220311264  -2721.2883770241574    0
10718    -4400.13887422896  1490.4376048096644    0
10719    -4547.7112024068138  1834.8917960798933    0
10720    -4460.1695180838951  1918.8987967973621    0
10721    -4639.5800808715467  1848.1752446756329    28
10722    -4599.9385713055681  1798.0113592054058    0
10723    -4485.3184496450567  1857.4898492099671    0
10724    -4406.433044570008  1858.4231939293186    0
10725    -4568.0484583998023  2021.4097385717425    28
10726    -4539.820514354692  1910.5373414122289    0
10727    1894.1177031952539  -33.400041841780045    0
10728    1927.0793624895887  -104.01145408467416    0
10729    1982.2532692953234  -168.38790110453283    0
10730    1785.8524382430953  -107.01436908218764    0
10731    1453.5718801893831  -125.74443578840999    0
10732    1292.8965295218466  1104.7347116481424    0
10733    1134.83009807298  1116.6650588196508    0
10734    885.97970889704527  938.62538942065589    0
10735    1709.3254942790177  662.71724342522555    0
10736    1804.4720395129036  649.87012109727914    0
10737    -920.82649320614723  1831.3289916279089    0
10738    -905.73491815329305  1394.5227210465152    0
10739    -795.54311409450054  1161.7978644427403    0
10740    2121.5732963179544  1005.5378879949022    0
10741    -1757.8657252758069  1434.5477848446988    0
10742    -1498.2377637584639  1838.481918492319    0
10743    -1436.2103344022771  1853.3085100920105    0
10744    2137.1798471673978  183.12576125738227    0
10745    2249.3039462291399  248.01566737981258    0
10746    2101.1370720502869  819.44873064623357    0
10747    876.17625947448175  1397.000449770685    0
10748    -514.14368412658678  1958.0011963850309    0
10749    -384.65469555687764  1955.6200940239462    0
10750    -448.98171559859742  1979.5137084498685    0
10751    -384.68280204615502  2054.0826836621131    0
10752    -314.36979217989756  2004.8714559251343    0
10753    -305.60943216094006  1917.593601314318    0
10754    -240.09681090785108  1999.9952251236923    0
10755    -152.66781716237722  2008.6893206259099    0
10756    -371.44878370429336  1881.9025637957784    0
10757    -80.476109251352767  2015.3793405942999    0
10758    -326.13002182864727  2088.2846688550048    0
10759    -444.60924601479292  2122.8483117771498    0
10760    -190.63649005029384  2067.3725711392312    0
10761    -986.54814293342781  1913.2417782567095    0
10762    -1214.0057210522768  1893.5866638458051    0
10763    -1424.8009254043045  1629.6126231234987    0
10764    -1353.3656221470535  1614.4561097687608    0
10765    -1628.0377000756093  1006.8242709327798    0
10766    -1516.597757973693  -393.19530562734036    0
10767    -1986.6722241629054  1869.7920451450664    0
10768    -2076.8840756374161  1822.1352121878863    0
10769    -2195.5347394211594  1914.570593046077    0
10770    -2046.70996182606  1743.2000725091773    0
10771    -2145.7552774770043  1750.573367668148    0
10772    -1998.4891147262849  1672.7584129995903    0
10773    -1956.5860924600661  1618.698033587526    0
10774    -2024.6238314784782  1609.2309719429734    0
10775    -1908.6690731122062  1568.8765376594081    0
10776    -1955.0041289058297  1727.7475909028767    0
10777    -2119.5461968856634  1889.7419095673345    0
10778    -2123.1075959019413  2007.5385515780954    0
10779    -2180.9441911446775  1830.5288208175539    0
10780    -2266.745160938141  1858.9202806112746    0
10781    -2333.5300154455849  1793.6920277334798    0
10782    -2329.7926020749383  2012.9818696153172    0
10783    -2276.5422086863878  1944.8423966593241    0
10784    -2209.6669788047952  2000.2767231137241    0
10785    -2398.4179230884479  1904.4746988812853    0
10786    -2179.2605059261882  2157.353544406908    0
10787    -2327.8144205568269  1895.4766153177791    0
10788    -2172.3118437259354  2074.5270338379469    0
10789    -2051.4527883154651  2111.7352441213247    0
10790    -2275.9782482730529  2107.5347572613887    0
10791    -2120.3365969887618  2120.5921859956784    0
10792    -2084.6308042181449  2243.4287006204358    0
10793    -2206.1467017851501  1706.8294752071729    0
10794    -2494.7163560969034  1773.6760453596703    0
10795    -2411.1204639745124  1759.5034727665802    0
10796    -2396.4094803636563  1831.2565984113889    0
10797    -2482.5016754676171  1865.5316039124291    0
10798    -2465.3205307506519  1693.4367490103991    0
10799    -2568.1366815772212  1701.2741058834915    0
10800    -2507.2682288285032  1638.2224255424783    0
10801    -2509.4951635662146  2034.0604484826549    0
10802    -2631.1014954196285  1838.5520533362851    0
10803    -2699.3526788313065  1644.3110382214434    0
10804    -2472.2314890937882  1953.6028069011832    0
10805    -2400.3200153558469  1981.6322915847652    0
10806    -2589.4066462930737  1948.1916347172589    0
10807    -2410.6794836565577  2099.9459266836125    0
10808    -2529.1895151289987  1915.6103972871122    0
10809    -2555.4077578659094  1844.3648094498596    0
10810    -2588.1639168629172  1775.1671846059628    0
10811    -2692.2180265768752  1750.9154519346387    0
10812    -2622.7396669704794  1647.4422205785509    0
10813    -2658.4682174899554  1582.7998405229303    0
10814    -2762.1741166443389  1558.2128292031196    0
10815    -2817.015279289215  1903.0765023795373    0
10816    -2786.4762671467006  1703.6828637237118    0
10817    -2834.9945010858942  1568.4903040579572    0
10818    -2789.3995573247071  1628.4295305876067    0
10819    -2761.5534876265833  1465.6402781890788    0
10820    -2733.1580052561071  1844.5956208844007    0
10821    -2890.6068479495043  1743.9795726283676    0
10822    -2720.9697829992788  1402.4994299183929    0
10823    -2716.8741220346515  1512.2281755123313    0
10824    -2677.5469502304495  1918.9626609329864    0
10825    -2763.5208446846364  1775.540643446539    0
10826    -2849.3323912650144  1695.9466635106169    0
10827    -2824.7589389996151  1755.5080228543982    0
10828    -2914.8124975381902  1681.4298404320552    0
10829    -2814.8972677263423  1828.9779455364499    0
10830    -2938.1393737242852  1862.5347778150249    0
10831    -2685.2917054893633  2089.8255917573265    0
10832    -2657.3232308436977  2005.4863373542105    0
10833    -2584.1056620550794  2023.3765514649101    0
10834    -2565.7400148948491  2160.9823312645626    0
10835    -2555.5168608059266  2089.5894096147053    0
10836    -2483.6385994027173  2102.3256196820844    0
10837    -2442.9405023206987  2230.4721584318322    0
10838    -2774.9984441160923  2013.2700969979628    0
10839    -2718.4905182394609  1974.1580031939463    0
10840    -2493.1017024808607  2175.8669390929372    0
10841    -2552.4293486968477  2280.7082710472973    0
10842    -2748.5099940637347  1911.9450164691625    0
10843    1949.4900827900585  1211.9662335831595    0
10844    -921.1719956090742  1977.8753778958337    0
10845    -714.29912319340121  -967.79449289771719    0
10846    -1832.4075530398595  1125.6175691830822    0
10847    2593.8769513944872  -48.292939498251528    0
10848    2465.8986517462008  131.47371878149704    0
10849    2389.0736570582476  221.88279176976212    0
10850    1808.3130840126307  1433.4952694401879    0
10851    1897.6150853114541  1326.0638935559257    0
10852    -818.01177608818944  -137.24069341295044    0
10853    -2131.8252920942691  -510.38201450508814    0
10854    -2167.9657291707304  -453.24327321948914    0
10855    -2135.6587730932997  -387.18294410729197    0
10856    -1888.717811349248  -746.11149381817302    0
10857    -1800.7764306356821  -751.24570920363522    0
10858    -2026.0436283573006  1294.4177305372552    0
10859    -1975.2605363549387  1344.1773904747042    0
10860    2360.0177952668978  922.79390384523333    0
10861    3218.3388596012319  -157.70067054973288    0
10862    -711.84429739086613  -32.748802873871938    0
10863    -532.07798418843595  -401.20083655347133    0
10864    -395.96027405369091  -329.23538695066321    0
10865    -318.57874673262495  -368.13712616296812    0
10866    -331.28104424537855  -286.0326067556307    0
10867    -538.43268523523534  -317.0333595619984    0
10868    3150.2901633869205  -427.07140223124486    0
10869    2765.82152503424  -417.45035561758232    0
10870    2139.7608029842927  1431.4394170509531    0
10871    2178.5541627426237  1367.1285064731999    0
10872    -448.68725696076302  8.9706594721384967    0
10873    -359.35255723518702  2361.457198331294    0
10874    3055.0239724763624  921.02017887829163    0
10875    2599.2581367526141  1187.1063703093425    0
10876    -536.67133238067845  2326.3282572298131    0
10877    -1492.7240707067635  1967.5859720604985    0
10878    -1871.7297226077321  -867.68734548472412    0
10879    -1894.0410809627458  -931.07344605680555    0
10880    -1962.6697476176078  -944.05910625241677    0
10881    -2029.0082734101686  -1054.2853801319663    0
10882    -2272.0569393209794  -348.20548129086342    0
10883    -2293.3907272504098  -283.28943231568081    0
10884    1469.1252075176697  1848.9104022880708    0
10885    -503.021589425694  2545.1675721182846    0
10886    -447.22665819970814  2705.7218118255742    0
10887    -386.77140316948055  2789.966805963385    0
10888    -1595.9354924611739  2367.1787956273374    0
10889    -382.91836917698032  2623.3607999963551    0
10890    -1650.6979868233291  2122.3521032107856    0
10891    -1784.3567514039889  2141.2658071418537    0
10892    -1853.8925818375917  2285.7170642982715    0
10893    -1906.5493780111963  2171.4069981968419    0
10894    -1798.7532994098838  2223.2977881462266    0
10895    -1851.0069569530378  2133.820879638879    0
10896    -1919.3887040454699  2092.6022216206611    0
10897    -1734.3132545727167  2291.4338541376505    0
10898    -1979.5271709365941  2142.8486420506051    0
10899    -1978.8835551571626  2248.7265612298697    0
10900    -2040.2708149337473  2184.578417636993    0
10901    -1745.0059346421094  2378.281436010474    0
10902    -1865.7014121394709  2485.0934523211331    0
10903    -1795.9840250614402  2327.9229774420078    0
10904    -1825.5646316381717  2408.8494588847079    0
10905    -1784.9620742188865  2478.910188081099    0
10906    -1961.7904265019217  2385.823238642799    0
10907    -1720.8542578966697  2557.7695943800395    0
10908    -1897.4560462270833  2419.6904953720968    0
10909    -1981.2198601211144  2500.7700258584287    0
10910    -1899.2401341770571  2345.0410010404994    0
10911    -1818.4673283447246  2571.6354323889414    0
10912    -1908.849756355427  2241.7498431056215    0
10913    -2035.7325949245101  2325.4283832692358    0
10914    -1664.6431059769502  2521.4087346165943    0
10915    -1674.0501138680038  2606.6809147150238    0
10916    -1913.3720850978864  2567.2728414279031    0
10917    -2058.3762155330164  2428.6128314064072    0
10918    -1869.0525193871788  2637.6060279894891    0
10919    -1792.2252875507183  2644.1366599694193    0
10920    -2037.8381042456319  2626.3946982150119    0
10921    -1995.9286487869335  2439.1683317571656    0
10922    -2170.1530327030223  2350.0068599342453    0
10923    -1986.4612835724106  2573.978827689893    0
10924    -1943.9487755436844  2635.6706546787282    0
10925    -2082.6437523071768  2531.0901217908026    0
10926    -2107.5245244039893  2312.6601067806942    0
10927    -2184.8589389676185  2254.1601348051063    0
10928    -1996.5428650099939  2688.2149986910044    0
10929    -2078.4543261920003  2710.9800198767653    0
10930    -2227.2340408904156  2662.1430410345315    0
10931    -2159.7314619841304  2707.5433222470028    0
10932    -2273.9649256146299  2804.506632347855    0
10933    -2143.0018937800123  2609.7866404418519    0
10934    -2230.5225309767338  2739.9151013351116    0
10935    -2366.7466941478356  2695.1994854457166    0
10936    -2292.3285530009039  2698.346159437097    0
10937    -2323.9594386492927  2564.8499876529454    0
10938    -2162.6009202341429  2458.0435211463764    0
10939    -2321.4120414799868  2324.1632185324688    0
10940    -2228.3064904938337  2566.4821796882156    0
10941    -2241.4793332015161  2311.899023654295    0
10942    -2247.9015776731494  2409.724024161877    0
10943    -2297.0713933768011  2216.18953959279    0
10944    -2235.801333857321  2487.8152597293524    0
10945    -2335.0392766849454  2463.2091029888447    0
10946    -2230.0711324499712  2202.980286243047    0
10947    -2317.0571711302246  2394.7807319002773    0
10948    -2447.3528487588978  2397.1176049548508    0
10949    -2382.7889408604815  2363.3912705009934    0
10950    -2449.8525487194584  2313.6702821726458    0
10951    -2382.2406894664737  2277.4012457356876    0
10952    -2448.159265356212  2526.9646212292319    0
10953    -2377.9464555870159  2519.3107468769799    0
10954    -2404.1174008177204  2605.1071154815927    0
10955    -2419.6939785598338  2462.215392998542    0
10956    -2508.8274716269698  2461.661828271001    0
10957    -2537.4702480486931  2372.8336327489128    0
10958    -2594.2572055598184  2601.8612181482213    0
10959    -2531.7705947529007  2543.8093275343022    0
10960    -2499.8251983140567  2640.8511079442724    0
10961    -2665.3517941107712  2462.6795469432377    0
10962    -2586.9469098637101  2484.1213723051428    0
10963    -2616.1595205446151  2788.7580612746469    0
10964    -2653.0074988282313  2344.317108429429    0
10965    -2578.8510692713476  2698.3984331917227    0
10966    -2589.160881989606  2333.949844196301    0
10967    -2605.3651235015191  2409.2908269050063    0
10968    -2633.2443894285366  2264.245101711002    0
10969    -2785.0715228635381  2269.2465640824944    0
10970    -2708.4526204600288  2288.1573896299274    0
10971    -2758.6120958390634  2393.1282852041409    0
10972    -2723.8426561826263  2185.841913537537    0
10973    -2471.810147433413  2762.3564121010909    0
10974    -2757.6879883132692  2677.440655274002    0
10975    -2877.2024591509271  2137.43463672504    0
10976    -2778.4617994139867  2108.1647573716227    0
10977    -2646.7345200171239  2161.053805387965    0
10978    -2545.9397079393661  2764.8690850731823    0
10979    -2538.7010496027724  2901.2939296357731    0
10980    -2506.5845066038301  2831.1853734808551    0
10981    -2386.7559410581193  2848.5272098687597    0
10982    -2454.9746570486991  2897.2382377323829    0
10983    -2334.5140843873351  2993.8156879999501    0
10984    -2489.6482304101692  3047.6898803835506    0
10985    -2381.1244497673583  2928.5389033059546    0
10986    -2493.5290206496006  2967.5741874890682    0
10987    -2308.2360579189426  2883.2047455286051    0
10988    -2417.8776260460654  3004.0614859325337    0
10989    -2633.6116478036365  3014.5116044511701    0
10990    -2221.2453264606675  2874.2759304864253    0
10991    -2358.0328819536694  3146.7191491266435    0
10992    -2570.1897252633544  2971.2876186966696    0
10993    -2416.4079746157022  3087.3262047848721    0
10994    -2666.2814346300343  2898.4346808742107    0
10995    -2340.5462233590201  3071.1483552217837    0
10996    -2492.5077340846215  3220.5056125186002    0
10997    -2259.0273993781784  3038.6054302787138    0
10998    -2489.0831297419254  3134.130754372281    0
10999    -2260.9175473056266  2955.7851432311218    0
11000    -2245.6759223218514  3150.2212404572374    0
11001    -2427.3435448708833  3179.8339341231381    0
11002    -2641.6429110069967  3171.3373582021272    0
11003    -2575.5436865541446  3091.4736995697135    0
11004    -2333.9848348701735  3286.1452264937188    0
11005    -2560.0369202181691  3174.5728857207023    0
11006    -2418.6315721813103  3266.331154430984    0
11007    -2606.4905317778635  3315.4741171137653    0
11008    -2362.9946192308985  3219.3618720101344    0
11009    -2281.4458580222936  3223.630600902633    0
11010    -2603.4336419080064  3238.3736983629183    0
11011    -2504.3928738817722  3322.1271561408321    0
11012    -2171.7505988937951  3231.6620169452831    0
11013    -2739.612424397571  3271.5852693818661    0
11014    -2401.9496668062252  3385.7798434705855    0
11015    -2233.1791377335885  3317.5301531238374    0
11016    -2676.2772470660948  3235.4855833267184    0
11017    -2770.9903417316132  3142.9250931688784    0
11018    -2665.3139394932537  2662.6989084254133    0
11019    -2808.7456621688457  2187.690012995201    0
11020    -2916.9341419714474  2263.3091632462447    0
11021    -2875.6855776755019  2207.1212525910723    0
11022    -2979.0007627518189  2174.5103163083918    0
11023    -2551.5851206916086  3032.3286955666249    0
11024    -2542.0464499961126  3266.2176004349676    0
11025    -2438.2643989966195  3329.9622470817362    0
11026    -2479.6926415721246  3396.6372330246263    0
11027    -2559.5442944667857  3381.7590824945819    0
11028    -2421.5739976988821  3529.0253858325996    0
11029    -2700.5223709474217  3431.8393276670095    0
11030    -2431.9631624605854  3454.6350759070197    0
11031    -2294.895082369032  3473.4131077688412    0
11032    -2547.4404346800461  3508.6829604900672    0
11033    -2366.0773110847144  3483.3542399266762    0
11034    -2312.8633118354196  3604.5701285751434    0
11035    -2637.0959438916852  3386.9176462684381    0
11036    -2624.6897200380863  3471.6721988167369    0
11037    -2711.1855797144963  3349.5457965186356    0
11038    -2651.67494778012  3627.1192521105836    0
11039    -2851.7377040364509  3409.5954896157796    0
11040    -2616.2602747533747  3553.2013412431593    0
11041    -2799.4131480450815  3337.5534037311904    0
11042    -2505.5291734992938  3648.9251366971416    0
11043    -2731.629344887906  3543.3697648175266    0
11044    -2774.6374885952291  3410.5709456952327    0
11045    -2953.2861703229169  3280.8174434879302    0
11046    -2575.631009599706  3618.1098375836104    0
11047    -2814.284398811742  3496.7746746178045    0
11048    -2848.3098854388736  3233.1390376552181    0
11049    -2884.3508985150443  3330.8855036391824    0
11050    -2595.2071159720117  3757.788703804913    0
11051    -3007.5753929714019  3428.0546935533175    0
11052    -2606.2583813219439  3685.028623301961    0
11053    -2731.6240044233105  3736.5849811317121    0
11054    -2959.6665173046331  3362.0922545029266    0
11055    -3100.5541627534485  3310.1442539202285    0
11056    -3022.7843269740169  3316.2494485160341    0
11057    -3050.8464190634531  3175.3323864661975    0
11058    -3016.9424188208295  3241.8334359578039    0
11059    -2936.6719245938643  3159.0163029077439    0
11060    -2307.1274856632299  3377.4638177753172    0
11061    -2076.2349400146531  3364.8987327726909    0
11062    -2698.9933262342779  2748.4445595829411    0
11063    -2728.635650049946  2562.7012080377767    0
11064    -2669.4336058646954  3299.9520774586472    0
11065    -2749.412388370783  3478.3066486408102    0
11066    -2921.1036744825856  3491.0308121425796    0
11067    -2840.5526382373978  3639.9803836860069    0
11068    -2215.7890262193823  3414.573629618209    0
11069    -2146.6513984592807  3314.5240496244287    0
11070    -2057.8295681382065  3264.7673979484916    0
11071    -2146.416677468409  3388.5992538138735    0
11072    -2069.3113231130455  3501.1618530151986    0
11073    -2153.2517493769042  3475.9711510154557    0
11074    -2155.6356824300647  3636.3633334567035    0
11075    -2131.6702436439505  3556.5057277684068    0
11076    -2003.0448959523305  3638.6313131920947    0
11077    -2224.4847164188118  3572.1767480137737    0
11078    -2079.0182674267762  3615.8315414264312    0
11079    -2081.1759337560916  3761.0003879593519    0
11080    -2100.7090696359792  3688.1096059068955    0
11081    -2219.2838398109179  3758.9476694469195    0
11082    -2170.0544803104422  3706.6926597747506    0
11083    -2255.6046617885695  3675.4129276832368    0
11084    -2684.4583795699809  2823.8367685600469    0
11085    -2807.6114265751457  2893.3584336872036    0
11086    -2736.2305483213586  2875.9653692765023    0
11087    -2730.8197617667438  2979.2348664740389    0
11088    -2795.0889359109187  2789.5809847696642    0
11089    -2664.2771410416117  2591.9948684387577    0
11090    -2640.8452641557492  2527.1380156871178    0
11091    -2921.0824684397603  3420.7885186234917    0
11092    -3075.9788189903329  3612.8332550865252    0
11093    -2871.2661928125708  3560.3345452935819    0
11094    -2798.2790696429215  3577.9336696354585    0
11095    -2732.1503465806891  3623.9075413891751    0
11096    -2959.8613112891194  3640.2440815458353    0
11097    -2948.757035640765  3563.4881626410156    0
11098    -2108.1032362889305  3225.2041724363044    0
11099    -1997.0451906975097  3196.4402324199596    0
11100    -2002.8742277508541  3326.6261003326536    0
11101    -1914.9570578048788  3359.6936861458757    0
11102    -1996.0600402960822  3429.1324513185368    0
11103    -2285.8695875377166  3541.4588959072275    0
11104    -2226.2061528024483  3498.9237659430109    0
11105    -2385.5283035178682  3781.5670962368768    0
11106    -2669.5575739775736  2961.9926571363321    0
11107    -2709.2279408761842  3071.3077970151476    0
11108    -2985.3189694620992  2819.2707878152378    0
11109    -2017.98077807095  3117.8847482331821    0
11110    -2084.3973509827815  3096.4190216990364    0
11111    -2148.9864448257817  3132.2865348262949    0
11112    -1920.0696775888757  3196.3249713179598    0
11113    -2064.6715880935044  3432.618648252309    0
11114    -1963.9296112440734  3535.0695761222214    0
11115    -2349.664904010891  3692.8760278568134    0
11116    -2645.3423313024273  3100.9901611118539    0
11117    -2702.462035905588  3139.5831219917654    0
11118    -2810.4298233108652  3046.4722378432707    0
11119    -2886.0169217657194  2831.2532462220215    0
11120    -2007.739967638892  3490.5160364426388    0
11121    -1945.8355239477655  3470.4920641426152    0
11122    -2028.363621297872  3554.6122283549162    0
11123    -1895.1153858623329  3519.5270924893239    0
11124    -1818.2891808405705  3495.9198810225935    0
11125    -1909.7845451489015  3614.687969464404    0
11126    -1705.556440171777  3591.8664080403055    0
11127    -1835.2726795162494  3577.4629873360509    0
11128    -1748.3918660688228  3527.994909361581    0
11129    -1806.5389881409933  3728.1644608464339    0
11130    -1678.528082621548  3486.6485154879938    0
11131    -1842.1586433682462  3656.8659185120659    0
11132    -1603.3607561281299  3509.5425205820056    0
11133    -1774.6402728247754  3622.7211849399646    0
11134    -1697.01829460197  3703.7500371689684    0
11135    -1933.8772850081218  3747.2339284450768    0
11136    -1620.7517918067538  3592.5476065329672    0
11137    -1550.9699533990199  3648.5221493816175    0
11138    -1486.2102987913627  3800.0332024968884    0
11139    -1626.0659078253016  3670.657328776655    0
11140    -1497.2231448706514  3715.1448879633372    0
11141    -1611.2844368542355  3794.95857561703    0
11142    -1404.6422242614792  3709.6880981500126    0
11143    -1547.421440389121  3764.8158054119058    0
11144    -1550.5121235002962  3840.9917559413952    0
11145    -1445.7529949776026  3934.5018757148773    0
11146    -1662.5024098844087  3925.7077123161516    0
11147    -1484.9452113034536  3872.9730664136923    0
11148    -1357.4599555011409  3834.2810268658204    0
11149    -1555.3847744518773  3961.0878008879054    0
11150    -1618.4544099011136  3867.5562042357456    0
11151    -1733.4859252137244  3826.1815921798629    0
11152    -2303.3671823427617  3763.1935730127575    0
11153    -2253.7986953567606  3910.1271917693912    0
11154    -2326.4609373476519  3852.8121655264868    0
11155    -2438.2430282960745  3708.6547515100447    0
11156    -2494.3423069974665  3804.7260570516041    0
11157    -2419.5242660404429  3619.8036935753171    0
11158    -2856.6766291446288  3121.6723242082167    0
11159    -2958.9414066936156  3006.9606297476807    0
11160    -2890.6097705529605  3048.983452614721    0
11161    -2879.7835881463825  2954.8123437578415    0
11162    -2917.4832495689016  2674.5602584393396    0
11163    -1943.4840705758861  3677.0250776045955    0
11164    -2010.5319065126221  3721.9610176962224    0
11165    -2001.1467009435221  3822.3810347032713    0
11166    -1322.0340926835779  3749.6353340893197    0
11167    -2250.5818095012846  3831.3319218949296    0
11168    -2151.2901012317579  3831.305775618498    0
11169    -2391.7335465906463  4010.2797886263279    0
11170    -2422.9957147909763  3872.7384318544832    0
11171    -2964.6973013717466  2912.0711054421267    0
11172    -2805.5978424990158  2968.8300626586711    0
11173    -2869.8461387840653  2746.4999560531355    0
11174    -2949.7683670535198  2747.680901160154    0
11175    -2837.5380977786854  2673.3641338092716    0
11176    -3094.4527880526225  2720.4544336341592    0
11177    -2879.6310726723027  2532.2414961818563    0
11178    -3011.3357641949151  2676.8091328256119    0
11179    -3025.9502143879881  2754.4719167466692    0
11180    -2878.4865309023444  2608.7390142743893    0
11181    -3120.5051144980189  2858.8993407390944    0
11182    -2966.1933694982999  2601.2385667967919    0
11183    -2808.5641077684213  2569.4355266058496    0
11184    -3087.9546349305997  2793.3509397297826    0
11185    -3220.4291071020912  2768.4221195451778    0
11186    -3122.7303330353475  2558.9988372842313    0
11187    -2804.5811414984232  2475.334081181943    0
11188    -3050.4187467465076  2602.1944667591283    0
11189    -3123.4506637386544  2642.3290782886129    0
11190    -3011.2163157616792  2454.4433167667157    0
11191    -3172.4699839150694  2704.9678989650765    0
11192    -3009.0735934062432  2534.088154627289    0
11193    -3308.9363737094  2651.6767141554278    0
11194    -2944.9323062611502  2492.5112892925399    0
11195    -3218.5703845646995  2599.8386020364196    0
11196    -3248.2186156193102  2697.5676007388743    0
11197    -2923.6963114961923  2378.7942506542577    0
11198    -3359.9293768229118  2782.2579925512496    0
11199    -3316.0175341646905  2724.1586870396036    0
11200    -3440.9674965194167  2675.3647565645624    0
11201    -1868.0204210811942  3873.8693266018618    0
11202    -1250.7668072355177  3699.3319012608604    0
11203    -1224.1066770557497  3557.558842808709    0
11204    -1176.4653240329756  3658.483255324767    0
11205    -1259.9214841298799  3624.2171628467827    0
11206    -1322.0512432315318  3584.5325079783388    0
11207    -1290.2273172755599  3508.7779639293703    0
11208    -1344.2063226124171  3461.6963152253911    0
11209    -1287.8919479557869  3395.2201512596957    0
11210    -1213.0603004682007  3337.5271586702643    0
11211    -1198.6554879216305  3453.8582609459831    0
11212    -1282.0368675419254  3816.1109993874925    0
11213    -1300.7667819868134  3903.9880301290527    0
11214    -1238.6523506132046  3765.1519591983015    0
11215    -1228.4597970364894  3947.4511751764662    0
11216    -1375.8126799002687  3907.1153916308785    0
11217    -1334.5616071271465  3995.0138338774232    0
11218    -1153.3294150141508  3912.1340809292628    0
11219    -2145.7187925903777  3766.7475036092619    0
11220    -2336.8902301567014  3940.7511049366876    0
11221    -2241.0567128199405  4072.7375173903611    0
11222    -2307.5869728719226  4020.2593183099552    0
11223    -2229.7967057397191  3990.0508071768618    0
11224    -2367.3512128433804  4164.4382154586719    0
11225    -2160.3260798268789  3925.62212588804    0
11226    -2357.8020502558666  4083.9204617071496    0
11227    -2111.1464834071226  4048.318238953791    0
11228    -2733.3680546380083  4179.2644261711594    22
11229    -2180.163285694015  4038.9197554441912    0
11230    -2159.7810440073672  4147.3530042126922    0
11231    -2505.3123968078239  4107.2513076084006    0
11232    -2434.8474768570954  4074.7831066399685    0
11233    -2526.7525349461766  3968.0220928163244    0
11234    -2465.1096666330332  4007.8955947806253    0
11235    -2461.5812086773758  3934.8552594195412    0
11236    -2529.1593350212538  3882.6800699075775    0
11237    -2679.2437986038867  3929.6176739397793    0
11238    -2597.5821493941071  3927.3146670886385    0
11239    -2623.3742528338598  4054.1664403520999    0
11240    -2640.8534843830948  3841.9288235756485    0
11241    -2636.8076999558434  3985.3871152923884    0
11242    -2837.9368204573684  4110.8732226345546    22
11243    -2750.1704779213451  4027.617186869496    0
11244    -2902.395696519719  2894.0163048548152    0
11245    -3040.8309176805033  2880.2977884686052    0
11246    -3030.944520943191  2963.7089245551633    0
11247    -3045.2658695639125  3069.1096460412468    0
11248    -2735.7995795286633  2459.8406448891769    0
11249    -3243.0479953865788  2409.5207473492342    0
11250    -2842.3934767960573  2400.2339021746234    0
11251    -2880.8120906992208  2460.6524330359766    0
11252    -2805.4486244336003  2338.365376831453    0
11253    -1924.8611391311001  3822.987235528009    0
11254    -1849.4155374506818  3795.8960737087546    0
11255    -1963.8065041412119  3923.6829737336611    0
11256    -1110.9338234927434  3317.6524604428646    0
11257    -1261.6877394904718  3452.561973328166    0
11258    -1162.6763686261615  3517.6621288194629    0
11259    -1158.4657918899911  3589.1600793431703    0
11260    -1266.7958065654154  4004.0581936752642    0
11261    -1358.0437255219576  4074.4362855405552    0
11262    -1499.1078748350076  4132.50134393808    0
11263    -1416.8785888325876  4013.8585146269265    0
11264    -1420.3871235963338  4123.3625120495362    0
11265    -1443.546871373979  4267.4821035293508    0
11266    -1452.291591248588  4192.1561837294812    0
11267    -1581.4513072257701  4245.3211195926651    0
11268    -1524.3690816741228  4200.5237876659576    0
11269    -1632.3235058770965  4121.7314147945808    0
11270    -1131.2783105995209  3972.2127414900401    0
11271    -2072.6765848634955  3886.4283652331528    0
11272    -2571.4441449195601  3825.1319486055922    0
11273    -2751.6891715282222  3845.6528830694401    0
11274    -2667.4364447730236  3773.0557227138588    0
11275    -2967.6475959530335  3085.8942917611384    0
11276    -3236.3597598016131  3112.3282414771638    0
11277    -3203.9694449921367  2501.2276978231607    0
11278    -1032.0767555233015  3290.8208108258336    0
11279    -1150.0875781830437  3388.786895867584    0
11280    -1071.893897905011  3385.4834883487079    0
11281    -2088.730646259392  3968.129176633694    0
11282    -1993.5121914694839  4037.9738530694535    0
11283    -3161.4081113490806  2999.6554716386963    0
11284    -3134.7178737643094  3117.6681298474755    0
11285    -3315.7827036722092  2535.058340856971    0
11286    -3123.3987241531991  2412.7149311707803    0
11287    -3088.4944378144783  3009.5626347319239    0
11288    -3115.7123300825701  2936.6132629999097    0
11289    -3226.4373197332352  2904.4371590244077    0
11290    -3142.1128447641731  3218.2507267253463    0
11291    -3182.994157845244  3066.5619795443708    0
11292    -3281.2359240524297  3006.0040101554805    0
11293    -3272.5453577774233  2476.2699202760255    0
11294    -3376.1245463268447  2390.6046476249758    0
11295    -3350.0663123537224  2464.549464392252    0
11296    -3438.8109726114553  2551.2891949591158    0
11297    -3444.8174974661697  2456.3760018318753    0
11298    -3251.8960215199995  2544.5177976283908    0
11299    -3131.9068120865177  2485.8972858267298    0
11300    -3183.9548772734493  2438.5193731369982    0
11301    -3181.8456861642458  2359.5122798677166    0
11302    -3293.3094477713339  2285.5537073653636    0
11303    -3062.2974181599716  2286.8852914207769    0
11304    -3249.0122554021791  2339.7663357779447    0
11305    -3306.7105806384657  2379.8319447740569    0
11306    -3183.5002075735656  2241.0324225276804    0
11307    -3111.3769563874525  2340.8027153844978    0
11308    -3027.5121067685145  2367.8459816585414    0
11309    -2985.2925670682316  2301.7528512053341    0
11310    -3082.6681664797393  3246.7111612431499    0
11311    -3284.2353771383669  3337.8695688836083    0
11312    -3188.1291827073997  3164.304399543209    0
11313    -3235.6093173420591  3251.4042440265594    0
11314    -3259.3121243957439  3181.9921164508482    0
11315    -3341.443472842263  3248.7913477326565    0
11316    -3371.0768669332056  3106.5556240093979    0
11317    -3610.0691430920551  2514.4805099644873    0
11318    -3190.9752754433034  3333.4111138210965    0
11319    -3509.1743420526755  3552.9209818196769    24
11320    -3334.7070074367816  3173.1830994892075    0
11321    -3462.8155645910674  3199.8732393584378    0
11322    -3527.0654887983173  2301.7166724358672    0
11323    -3519.2490802629331  2508.7330164210075    0
11324    -3120.1739454795229  3421.2301340538761    0
11325    -3454.8759583019009  3384.5496080189146    0
11326    -3464.1305234408755  2367.4472408935917    0
11327    -3522.3504388330339  2611.8937397870718    0
11328    -3571.276449299266  2407.0417012184507    0
11329    -3232.6423378630698  3439.4540613507024    0
11330    -3376.8745151189014  3334.4552755434916    0
11331    -3412.8354173695752  2255.3393640919176    0
11332    -3457.783491559057  2613.0159605020845    0
11333    -3376.0875734147503  2604.3471493281081    0
11334    -3594.1755709015097  2787.8987540781536    0
11335    -3504.5678144355979  2422.7906994840296    0
11336    -3333.9024167190241  3426.9884758116009    0
11337    -3459.0844947211704  3292.2216873094244    0
11338    -3406.2159272229055  2326.1571304222798    0
11339    -3533.4417409498383  2710.0254501610375    0
11340    -3301.0328807816127  3577.4928696491388    0
11341    -3410.0528573550032  3243.991111437942    0
11342    -3598.071459879452  3465.118442287715    24
11343    -3603.9978784947407  3251.8268947223032    0
11344    -3342.271755989962  2326.6855519370501    0
11345    -3457.4659049266579  2772.037574743817    0
11346    -3683.1349798339074  2655.8988275381785    0
11347    -3291.0589746326468  3496.4731277382471    0
11348    -3181.2780060663149  3550.5111271053656    0
11349    -3420.2772242258989  3640.7235213516387    24
11350    -3402.1098986788111  3516.9951437789682    0
11351    -3525.0216960476132  3248.6360922637241    0
11352    -3539.4587955150746  3342.1452261188042    0
11353    -3569.4523438370543  3127.8972988290802    0
11354    -3424.7964874227646  2930.7839292875879    0
11355    -3597.4885077351455  2653.0939363770326    0
11356    -3638.1162363388726  2721.5355133832941    0
11357    -3642.5123128008831  2587.3026970576152    0
11358    -3733.789621983557  2832.6118117977703    0
11359    -3784.4256622915364  2549.5879800774519    0
11360    -3670.2882952357427  2790.5660870224506    0
11361    -3718.7877391028428  2588.4587950892264    0
11362    -3627.5034875859383  2924.1592838512765    0
11363    -3755.5614238411786  2730.7543920043868    0
11364    -3705.4822702122001  2491.136885219576    0
11365    -3667.7359909921961  2863.3964510463825    0
11366    -3846.3433277204485  3184.8383116377677    25
11367    -3755.3354794279135  2965.0989971920544    0
11368    -3796.2144639860762  2644.3488197742627    0
11369    -3527.2770236267047  3423.4062891192139    0
11370    -3459.3622306118918  3463.0706495019044    0
11371    -3415.9360049538877  2846.2256740751786    0
11372    -3320.5450615074765  2873.2427820650237    0
11373    -3524.5198451675228  2877.5910105263101    0
11374    -4145.0809222897024  2784.9337898135518    26
11375    -3642.8767978263186  2441.9119218220976    0
11376    -3761.4418146093103  2355.5421717272557    0
11377    -3652.6898879509522  2330.8173631109553    0
11378    -3714.3396771590728  2415.4477838786688    0
11379    -3787.8598770412932  2462.4141915384635    0
11380    -3940.6778484264059  2512.0890011748002    0
11381    -3857.2634284568885  2508.8028868943179    0
11382    -3895.1515851001222  2607.3884396769272    0
11383    -3904.395173224882  2372.7500564522252    0
11384    -3857.8481719604097  2432.8152944059161    0
11385    -3287.2557237921501  2804.8164449337428    0
11386    -3289.1747819888983  2936.1545031774799    0
11387    -3358.8062398241141  2979.4444837040128    0
11388    -3338.1216346790134  3045.5891048294907    0
11389    -3426.835895706065  3037.025106318375    0
11390    -3454.4794150394096  3116.316287558062    0
11391    -3519.3044245423976  3049.2518408932488    0
11392    -3924.0698542635409  2820.0282498979645    0
11393    -4066.5776742227004  2630.7577007529235    0
11394    -3628.8818754509202  3034.6913022051899    0
11395    -3827.1435485359648  2799.3104629427021    0
11396    -3984.6098085156659  2591.600170581446    0
11397    -3806.4467142613989  2888.7914321789067    0
11398    -3895.7142015807422  2715.5982225599282    0
11399    -4086.6777764232725  2483.312648896002    0
11400    -3926.0307027275585  3088.5995160787752    25
11401    -3988.7040609200722  2688.3995458483314    0
11402    -3859.0621465928602  2661.6824339979221    0
11403    -3825.7026874561066  2723.7762197976967    0
11404    -4018.2895365913269  2521.0989051577626    0
11405    -4003.8904345380556  2414.2583261013801    0
11406    -3869.8529568810932  2986.5323672667819    0
11407    -3930.3085930826642  2661.3120014555693    0
11408    -3957.6651141299649  2754.8415165557385    0
11409    -4075.3995000121854  2888.647255166667    26
11410    -4053.1266208420425  2758.9661501233513    0
11411    -4002.699837462781  2819.3013976174284    0
11412    -3964.1878151203505  2906.5290476076184    0
11413    -4214.7623445672198  2681.2203244604361    26
11414    -4110.2402111509437  2836.7905224901097    26
11415    -4040.5587888734271  2940.5039878432244    26
11416    -3886.1602278564733  2890.1637453244466    0
11417    -3938.5381001668152  2971.9030360373017    0
11418    -4119.117322082082  2701.0797607711183    0
11419    -1289.1246140980345  -1604.2083806659334    0
11420    -957.24463051096018  -1106.3893439034607    0
11421    -989.42210928545057  -1042.7212316362477    0
11422    -1022.6113438076635  -1162.0660251602669    0
11423    2531.5135057141556  -353.63139961528134    0
11424    2535.8258060299281  -289.17399886170148    0
11425    2217.0459630164682  -408.98500480701239    0
11426    3104.1759518745544  337.65403150516977    0
11427    3135.8349817087083  256.75834397279692    0
11428    3586.8352268260101  -545.01598816399371    0
11429    -971.3259700025111  2732.7876218863544    0
11430    3269.418192692267  -893.5287275540511    0
11431    3348.5518123098732  -1086.4050450272955    0
11432    -1096.5814446061765  2704.1817868468602    0
11433    -3195.8325814070158  1560.3220353804327    0
11434    -1409.0312218560625  -1638.4323495504366    0
11435    2620.6722742167067  -367.89282557419    0
11436    776.18337008192611  1548.900493479593    0
11437    -730.82951569632951  3252.5766701988855    0
11438    -1066.659376556858  -1868.5794957287744    0
11439    -3036.9671472323175  1341.3183451756042    0
11440    -2992.3403679578582  1386.3248920579879    0
11441    -3158.326413059578  1420.4066417082061    0
11442    -3069.9214764742696  1261.1248125895104    0
11443    -3129.2475597383277  1332.3717864847836    0
11444    -3082.0790438620083  1404.7508451809329    0
11445    -3100.3188118845528  1509.418040355536    0
11446    -3299.848498851075  1324.8404290366389    0
11447    -3170.9141738938774  1492.0170348561087    0
11448    -3304.45930052515  1481.9960727489699    0
11449    -3234.4548260944425  1443.9362403427454    0
11450    -3301.826678819185  1403.4278512513699    0
11451    -3219.2830828431097  1358.1044360597025    0
11452    -3442.4227720546178  1438.0450499673791    0
11453    -3221.4683130044482  1249.2003515232134    0
11454    -3386.5926822261717  1361.9755376204855    0
11455    -3367.242804152595  1440.5641398943246    0
11456    -3409.2984396117995  1572.5779383936815    0
11457    -3406.8879854072852  1500.6401056921759    0
11458    -3535.6191446580347  1532.3359517016602    0
11459    -3145.0009321183434  1246.3430774011497    0
11460    -3176.4567973135645  1181.4172038063393    0
11461    -3032.4870921310085  1510.995546179508    0
11462    -3068.5312946128502  1601.7241347142203    0
11463    -3480.0861644232764  1351.8799728367494    0
11464    -3385.1039531345391  1245.5723171911491    0
11465    -3002.5847957900037  1622.3890869371753    0
11466    -3128.8835282355499  1570.8812851045693    0
11467    -3181.0766916399184  1684.2838625209081    0
11468    -3126.5017185454576  1640.6896598181447    0
11469    -3061.0420528953582  1675.4712639626537    0
11470    -3048.3759297761248  1801.0554168059889    0
11471    -3543.8024979184111  1431.0448655832588    0
11472    -3360.0466272104604  1304.1039159325449    0
11473    -3428.0491130693667  1307.9350006604709    0
11474    -3306.5595905584987  1246.5768536388473    0
11475    -3461.7980705207142  1238.7261459265917    0
11476    -3496.1248435843436  1478.1690775321108    0
11477    -3468.4385562928342  1539.8373139665659    0
11478    -3496.9085930232418  1661.046738284231    0
11479    -3508.5364478200104  1594.3672761377616    0
11480    -3620.9268121838213  1648.3199860311688    0
11481    -3580.3561467790546  1588.7957732092912    0
11482    -3706.1614880840384  1546.6372819411836    0
11483    -3623.4739871140318  1508.6765274261084    0
11484    -3705.5698088562049  1438.8892557089976    0
11485    3990.6776716206209  -224.14631451889602    0
11486    3470.4451187698983  -1206.9108495124908    0
11487    2359.3140269330738  -573.78744322890964    0
11488    2362.718598927157  -667.84837926743376    0
11489    2281.5121149580232  -703.05374962810333    0
11490    2312.658559847041  -767.6813815690108    0
11491    3202.5475438904423  -1682.5259681050609    0
11492    -549.63441316374224  3455.4592278481355    0
11493    -930.36499824613634  -1628.6508489575074    0
11494    -790.34675332326071  -1635.4737151421982    0
11495    -2042.3196807316417  1078.115976395311    0
11496    -744.79158262244903  4333.5938404091967    0
11497    -1572.8247999777843  -1589.5352756017423    0
11498    -1605.6624712306464  -1493.038030966165    0
11499    -1653.9007451819646  -1431.5403416165386    0
11500    -1741.6296008965282  -1500.2446764464285    0
11501    -1672.6923192155818  -1514.6350433768157    0
11502    -1723.1440952589178  -1584.0073233372927    0
11503    -1775.6707338547701  -1640.4609217197112    0
11504    -1716.0425693951729  -1690.6738364294354    0
11505    -1739.4530206149032  -2035.3108883003979    0
11506    -1812.9433210782313  -2012.7323209479905    0
11507    -1553.1685018857593  -2200.6657750662566    0
11508    -1295.8648895187089  -2029.843370440324    0
11509    -2772.1669226159092  793.64003374225854    0
11510    -2713.1906475627375  749.57622086367928    0
11511    -2976.0618100831871  760.41830293389751    0
11512    -1993.788813389697  854.84002591291721    0
11513    4175.1750260755289  459.0475790183192    0
11514    -861.87279235744472  3555.1015862403756    0
11515    -724.90924532011809  3359.0514204421324    0
11516    -329.63755803489238  3655.8702280586658    0
11517    -268.82926324362677  3570.8964629248694    0
11518    -1783.2963693826907  959.6868568301943    0
11519    4111.2069077230344  174.81826851881337    0
11520    3943.5145326923985  -125.5268503421691    0
11521    3807.9498057243054  836.46756757721187    0
11522    3377.8032192286255  938.07969520011659    0
11523    3553.1595067920484  1036.7399877837436    0
11524    3556.2473262165613  -1585.4629724264944    0
11525    3432.5630618214814  -1609.1036348506123    0
11526    3951.9241426901203  -1057.3965443340996    0
11527    558.63591588647466  1704.3221426324503    0
11528    211.73656416515354  1752.3744509456349    0
11529    175.43652368056388  1855.5254464607583    0
11530    158.67280813647847  1705.157076135926    0
11531    -544.11525616358904  4260.3804788753941    0
11532    4181.0378851428959  151.67195505707087    0
11533    3522.0594016645591  -1705.3493046420215    0
11534    3428.6127079281914  -1734.9866731519414    0
11535    3441.4795467194626  -1672.9502762389493    0
11536    3391.8272096200758  -1789.296184200171    0
11537    3453.9984091400556  -1813.1306637249461    0
11538    3463.6136033512239  -1879.4379070179859    0
11539    914.33276559763499  2457.6775314770698    0
11540    -143.46763073437899  3503.8478467368163    0
11541    -188.49261027377867  3631.4517036897346    0
11542    4299.8220854755218  168.45085533412504    0
11543    2911.777488428394  -1731.0160499499195    0
11544    2935.8684463333439  -1812.8246503944395    0
11545    2859.4207022446049  -1922.9365961414674    0
11546    2879.1715938365764  -1855.0553328546348    0
11547    2768.1411395196328  -1859.5636659440265    0
11548    2948.5362419737462  -1912.0518480987764    0
11549    3028.8252396772946  -1930.2066676146167    0
11550    1419.2227779199436  2347.5529858385567    0
11551    1861.0620885031963  2338.3209772572936    0
11552    1471.6213952944245  2638.5904827344211    0
11553    1493.62974372644  2789.8940058862522    0
11554    268.90758742685574  1609.9834282205725    0
11555    -922.90762110752576  3694.8730208456382    0
11556    -918.29005930541734  3780.2576395741426    0
11557    -937.81516915511565  3848.8317669203534    0
11558    -143.1684330082131  3187.5984376073029    0
11559    -208.63703157319372  2924.9748570253482    0
11560    89.323029774713319  3109.4716998844187    0
11561    -1245.1215054229037  4343.8119713668539    0
11562    -1319.9296608030247  4367.0598042498341    0
11563    -1373.0972999917017  4306.5439325003053    0
11564    -1324.7716543233294  4440.6055428915042    0
11565    -1459.6598463282289  4455.933253515831    0
11566    -1397.8298893575006  4398.8633856416118    0
11567    -1376.207776308795  4229.0935761903902    0
11568    -1390.6815579980332  4468.6364176772904    0
11569    -1442.923789947032  4586.7887677958079    0
11570    -1492.614805011689  4358.2011124715455    0
11571    -1313.9976482593224  4234.2511438793563    0
11572    -1649.3894507270957  4465.4872335734908    0
11573    -1517.291585600932  4286.2245878605863    0
11574    -1607.8420553105186  4357.4877656628141    0
11575    -1550.6887844772489  4432.2056913547467    0
11576    -1527.8741672146493  4531.1556801354354    0
11577    -1461.634049767219  4522.6837533206017    0
11578    -1541.6251111906388  4644.8281665057966    0
11579    -1585.3832719055476  4492.3102456387196    0
11580    -1602.5953035794023  4579.7846432685292    0
11581    -1848.5910085266148  4638.993786282741    20
11582    -1732.5194214220667  4685.2471123599062    20
11583    -1617.5587046261321  4654.9087038195657    0
11584    -1693.3311979273524  4600.7638919174724    0
11585    -1506.631257654414  4591.3933998054836    0
11586    -1496.3384941044969  4765.9348674255489    19
11587    -1470.123806725448  4653.4776688023112    0
11588    -1398.0178739288717  4643.9956916866777    0
11589    -1358.914440859053  4718.2519100090294    0
11590    -1316.1744837849662  4817.5865109082624    19
11591    -1436.2838239979867  4783.1520819197867    19
11592    -1449.9472046192427  4717.4650265078635    0
11593    -1790.5552149743407  4662.1204493213236    20
11594    -1784.8580244351813  4563.440457814444    0
11595    -1660.3497910899939  4536.7021004421786    0
11596    -1735.7964660535627  4488.6396024084661    0
11597    -1719.5356243456283  4376.5106250249928    0
11598    -1892.9285268361152  4439.0674215365689    0
11599    -1821.3534574088781  4486.0132008102664    0
11600    -1964.6625956311636  4592.7404602055749    20
11601    -1811.5542310126016  4393.037245256015    0
11602    -1900.7336733849761  4529.0031377821888    0
11603    -1906.6268020788896  4615.8671232441575    20
11604    -1856.9569915947518  4575.6049839457482    0
11605    -1994.5095432683074  4498.8745798714381    0
11606    -1757.7431705547256  4428.2133565167433    0
11607    -1933.8401832905383  4271.7981553356331    0
11608    -2302.4823528675001  4431.2669836863888    21
11609    -1889.7950578017019  4349.6631856424265    0
11610    -1989.6727830663087  4390.9196676845704    0
11611    -1785.1074376111799  4239.055800703537    0
11612    -1818.1309075998909  4312.6457986320947    0
11613    -2191.608267801606  4488.8770589073993    21
11614    -2148.4867291634259  4320.6505858247056    0
11615    -2082.818011936999  4440.8322414813802    0
11616    -2136.1712252686593  4517.682096517904    21
11617    -2068.7929124214606  4355.136836245395    0
11618    -2061.0572205788549  4227.9357139994272    0
11619    -2001.8818938986424  4312.5520146414829    0
11620    -2087.9728283704435  4290.1346335304015    0
11621    -2154.2276597239002  4234.0079064908859    0
11622    -2289.2684544112271  4286.4672249584146    0
11623    -2246.539879631127  4196.4184480057829    0
11624    -2213.508671992839  4281.4473934679218    0
11625    -2225.8531252249759  4375.4456568981168    0
11626    -2316.9378463078488  4218.1761214522421    0
11627    -2413.3564379333943  4373.6569084653784    21
11628    -2418.4306036133212  4262.8737421972728    0
11629    -2223.7569404414821  4135.466479383369    0
11630    -2296.9918332679613  4142.8263120326892    0
11631    -2150.5207504394443  4399.7939201822492    0
11632    -2247.0453103345531  4460.0720212968936    21
11633    -2296.6262680049399  4358.7985831759006    0
11634    -2361.3397852942103  4315.6757734387684    0
11635    -1202.4156679982425  4093.7643597379824    0
11636    4728.5266619237509  -182.58418359578593    0
11637    4507.3360269728746  398.2399180794165    0
11638    4618.4526135796768  -566.61673210662116    0
11639    4666.5788082327654  -609.37957876190808    0
11640    4727.7194304334753  -588.1936122338418    0
11641    4609.8146785910785  -284.49161665293889    0
11642    1737.529410667616  2622.6279001347707    0
11643    1614.8671234934914  3108.3375836039704    0
11644    -1033.3978019547692  -1954.3112802255496    0
11645    -1007.7674966908982  -2062.3701892657391    0
11646    4687.3494969704143  191.41370151626717    0
11647    4617.4481540287097  167.71883948816748    0
11648    4566.1700785130115  204.84677565218925    0
11649    1686.9422824621281  1612.6571610745648    0
11650    1973.9752674598831  1713.4074721685358    0
11651    350.66153924396997  2806.1983448428091    0
11652    -568.09297572626258  4412.0213343075502    0
11653    -473.47029775585247  4409.099590487278    0
11654    4984.3880164938309  311.97942702133798    1
11655    4927.5038131610299  340.40891204169492    0
11656    4908.1804899943982  278.53390215391596    0
11657    2431.370611344023  1596.5125459801484    0
11658    -339.0430457984441  4314.4165011195118    0
11659    -254.37419167851678  4456.5489594078317    0
11660    -222.61639929186293  4402.8905145496028    0
11661    -186.96118430140456  4472.9768738963403    0
11662    -129.45862413458065  4512.8484035985693    0
11663    -260.75433400159847  4525.8954293083689    0
11664    -322.62260678982966  4485.2365761384726    0
11665    -315.85251094083645  4405.8167878377544    0
11666    -378.23326876208688  4429.532523458156    0
11667    3012.611268035681  1337.6593168399479    0
11668    2101.4481167939912  1563.0313924664663    0
11669    2745.2683562423149  1804.7690732189337    0
11670    1481.3946364717856  2962.5982248182904    0
11671    -16.500320803075645  4290.5314928171674    0
11672    -1002.7642545781936  4598.9682101959688    0
11673    -581.94436398122673  4963.2670476304902    17
11674    -1394.7275893487417  -2292.1421765229438    0
11675    2233.6833313812058  1510.823814366574    0
11676    2296.0858643582228  1457.0751849688036    0
11677    2309.4328394580734  1633.641704951523    0
11678    2362.4121975069988  1588.8383078677289    0
11679    2182.1428919561999  2518.0285602804329    0
11680    2881.4230791872019  1682.7305168135192    0
11681    2775.9148772279132  1578.3390820527743    0
11682    2751.3515975350483  1414.5045492414315    0
11683    2711.5755876408775  1494.6044103443862    0
11684    2594.4379360747539  1520.5399762353879    0
11685    2704.027952502674  1366.5827641247067    0
11686    2790.0655310384477  1359.8960060369618    0
11687    2645.8722594851433  1475.3493045917958    0
11688    2580.2190973624452  1452.4909862304594    0
11689    985.42345500775139  2619.180031693742    0
11690    1037.7295427616737  2679.8538190893919    0
11691    1094.6232591488172  2937.4430480106698    0
11692    1169.9303607329489  2993.9224719201834    0
11693    1225.2560699938826  3025.8356154566177    0
11694    1294.992100161536  3035.5669858348483    0
11695    1169.8222632721868  3068.2936631366874    0
11696    1334.7951695138488  2974.3875120387788    0
11697    1097.8905952945142  3050.1240265406227    0
11698    484.84305766020691  3591.4970408813692    0
11699    -1274.9702358111049  -2482.4597938878283    0
11700    4957.8223752774011  -601.20907931485442    62
11701    4420.8990299002144  -1661.4103556093164    0
11702    4014.5391674733141  -687.65851670559073    0
11703    3946.13485240305  -705.63517995981476    0
11704    3972.8474456780718  -800.36284306184371    0
11705    3717.2363087127615  -1882.7808198494379    0
11706    2944.4477368213397  1723.632434475247    0
11707    383.51558550440728  2527.4960942142088    0
11708    514.23050769089457  2397.8276210241315    0
11709    803.53081361513591  2411.5238479530171    0
11710    788.26013383309146  2478.1241696141383    0
11711    702.50057108353838  2349.2430138016357    0
11712    767.3436332604291  2357.1410423488178    0
11713    743.50490916990213  2282.7269133325308    0
11714    641.46530567787215  2265.7206139546429    0
11715    654.14493449473366  2202.7259932722318    0
11716    604.11788285330965  2357.0752365225198    0
11717    547.47982778407072  2252.4999798059725    0
11718    658.33238788617848  2416.2564210528049    0
11719    536.00236883181492  2326.3414217906889    0
11720    457.53745454968708  2341.502643154095    0
11721    443.74728225381455  2412.0771879543499    0
11722    582.93134288057047  2433.2377806830596    0
11723    527.9965099207127  2487.6163785224285    0
11724    547.25927953374412  2563.7381778842305    0
11725    47.221997799386372  4361.6374370656504    0
11726    -1259.6614038254954  -2707.8219826310419    0
11727    -1489.5512947767711  -2771.6817616211542    0
11728    -1486.2981728804216  -2874.6888817839254    0
11729    -1509.6794829584228  -2956.3530703116298    0
11730    -1482.7911862041758  -3037.5025416402855    0
11731    -1426.7972475414372  -2935.9038690363723    0
11732    -1405.8822072081923  -3040.3610125065893    0
11733    -1367.7013196223932  -3100.2249057260701    0
11734    -1689.7535077023042  3406.9307782471728    0
11735    -1961.8417392573538  3018.0711463465973    0
11736    898.80828340225253  2988.9489858182233    0
11737    962.92699235455018  3004.0360339466088    0
11738    843.03216510766413  3054.4220726863482    0
11739    667.96034550450713  3109.9553031259666    0
11740    624.59911343129136  3185.2852702939786    0
11741    4166.1801394181821  -2335.8979558330157    0
11742    2852.234373507396  2056.1746161790065    0
11743    3919.7763867673598  1923.9880276926244    0
11744    4105.5769929513872  1953.8507415481497    0
11745    4739.5542034274613  -1574.1921784283356    60
11746    4694.48003213839  -1525.5377400171333    0
11747    4678.0527616218687  -1585.9620989929774    0
11748    381.50004888848804  2219.3371301677944    0
11749    428.85712781164887  2159.0256218116883    0
11750    399.69708403466507  2072.7077165734363    0
11751    512.99908424922194  2169.2839557618386    0
11752    380.62595412288158  1992.7683257764493    0
11753    306.03777097379401  1927.2803603141494    0
11754    256.05682945257047  1976.7401453722512    0
11755    228.59526853406473  1907.5871539897303    0
11756    348.95989338613646  1873.8956195774474    0
11757    1160.4972192035846  3384.3691258337531    0
11758    4124.3809152786771  1513.93728742037    0
11759    965.05890677731281  3773.0278920808892    0
11760    1053.7430417374701  3708.5509437968908    0
11761    1196.2747575153087  3486.1870622553961    0
11762    589.35647717660481  4425.6703534626158    0
11763    3222.9025698653445  1968.2507556804301    0
11764    -65.969976102057132  2179.8316296476046    0
11765    1260.4677368420057  3607.2229312034628    0
11766    -379.22498605845868  -2781.1650626861128    0
11767    -600.27045389274883  -3273.18370021799    0
11768    -614.45126310423382  -3338.7420531259695    0
11769    2403.5313585435301  2860.9386989648106    0
11770    2501.4381610108699  2913.0019492958504    0
11771    1332.0596523735608  3147.9892400619278    0
11772    1556.1456172336718  3180.8317465038822    0
11773    1594.1299563315606  3252.6210040845895    0
11774    1414.6175107533791  3093.5704325338547    0
11775    1494.20313554782  3293.5118323670476    0
11776    -752.47229478008262  -2325.5535471283547    0
11777    -418.30858246254007  -2372.1027951662491    0
11778    3521.303890829101  2290.317998937091    0
11779    57.009463843947067  2092.7032893533033    0
11780    289.52990419478175  4907.2497095178651    0
11781    226.61568231086321  4924.7939576538838    0
11782    331.64941690883944  4849.297502125205    0
11783    353.2689287087656  4922.0430444056346    0
11784    415.70472160885072  4979.9466476355256    15
11785    291.22555585789468  4988.7740682936792    16
11786    662.69469150234465  4524.58757902244    0
11787    -204.83325539085618  -2471.1764821543252    0
11788    -1006.7553818648136  -3380.5801491991056    0
11789    3874.2928417644835  1013.645092159942    0
11790    -968.45936944022958  -3461.9091040787703    0
11791    4248.0735324331699  1500.6403638276361    0
11792    4226.0733732358685  2014.5126451650794    0
11793    4316.6475455378641  2070.4797688845156    0
11794    2481.8258701691643  2978.0337587207832    0
11795    2421.3267008584694  3095.6064581186802    0
11796    622.1704273345274  4748.8039339911056    0
11797    787.81700123086785  4934.7769353270478    15
11798    749.94979342289037  4882.0454639717846    0
11799    -36.915662306370095  -2494.5597314848274    0
11800    -1567.3581762117431  -3485.9092461585333    0
11801    -1517.243593792818  -3446.2788303346792    0
11802    -1590.3221463704101  -3421.8761268042063    0
11803    -1643.291223530246  -3506.3939396529236    0
11804    -1579.5033794398773  -3591.8665493759918    0
11805    -1645.3899716720152  -3658.4891545588039    0
11806    -1508.2428573742141  -3546.3599692324942    0
11807    -1423.6730737285161  -3552.5363959298502    0
11808    -1684.9629838139642  -3709.2770757901562    0
11809    -1747.0157375430856  -3742.6399763960353    0
11810    -1593.4668442741479  -3739.757939879953    0
11811    -1588.8087098417404  -3889.3731214510144    0
11812    -1616.5929744901323  -3815.3580553972488    0
11813    -1671.3543973141532  -3878.1372136754744    0
11814    -1540.8290338878273  -3829.1397401323152    0
11815    -1638.6979108743294  -3947.0560730838633    0
11816    -1473.1205627813929  -3932.2999003598761    0
11817    -1717.543169392864  -3942.2196824125699    0
11818    -1567.6694047665917  -4011.3621354698553    0
11819    -1467.6707555115654  -3854.9228784617885    0
11820    -1470.7816798135136  -4075.3000439099551    0
11821    -1533.7100042285135  -4065.2799866529904    0
11822    -1522.457030113158  -4128.7103503437284    0
11823    -1491.7101123511711  -4004.1231464093653    0
11824    -1401.8591231481676  -4016.3691795714922    0
11825    -1378.4856858680396  -4113.4751683284167    0
11826    -1338.1963790090406  -3945.1938467298241    0
11827    -1444.0613264332426  -4141.3578178133203    0
11828    -1430.0732781806635  -4211.5810192513527    0
11829    -1301.797423858  -4113.2471982181614    0
11830    -1403.9688664140849  -3921.066599486463    0
11831    -1280.3762484126139  -3979.2314131041826    0
11832    -1244.1331489183267  -4038.5862233362209    0
11833    -1230.7123924811785  -4108.5506603753847    0
11834    -1717.7377125668202  -3386.4663916916297    0
11835    3943.5419686542318  992.14369333729383    0
11836    4176.0898236428484  1181.222809528276    0
11837    4670.7352600040958  1342.2249185106966    0
11838    2164.594815894458  2933.3501792430989    0
11839    1673.8534646671251  3227.2150709215398    0
11840    1728.1967689055541  3268.5985469458678    0
11841    1751.4007358249585  3332.1779684197509    0
11842    1664.0114717034846  3359.9746334420888    0
11843    1397.4194150544399  4072.2716645248533    0
11844    -1280.8431893718584  -3808.408928656972    0
11845    -1291.5049500118955  -3744.1071133100472    0
11846    -1347.9434008803596  -3794.2614548673541    0
11847    -1304.1311014282369  -3879.060833754485    0
11848    -1228.2817850185052  -3858.842375686183    0
11849    -1167.0377152223812  -3899.4946031938671    0
11850    -524.63307835536546  -3568.6490870881398    0
11851    2035.3562185271237  3076.2830414801338    0
11852    2353.4672262761928  3254.5059324605454    0
11853    3027.3448906502626  2452.5071730544714    0
11854    2976.3117189239647  2511.6447313894828    0
11855    2893.6301059520792  2459.3636171570083    0
11856    -851.82451087585537  -1837.6639128807512    0
11857    -920.3506520621512  -1870.5597735588121    0
11858    4612.069679833151  1054.1895281145162    0
11859    4675.8605429187592  987.22926136575791    0
11860    4646.3664264230238  909.24471796108503    0
11861    3094.2599330782377  2461.8472422749755    0
11862    -238.70108459825116  4930.8946211374478    0
11863    -407.20412137125197  -1654.8507101225721    0
11864    -350.61218462090119  -1859.1274408261697    0
11865    -198.02470680504658  -1707.5017717775766    0
11866    3517.9894870383628  2546.2325298972564    0
11867    4042.4839569173714  908.0418394551067    0
11868    4003.1869851437486  796.31123781485053    0
11869    3904.1335479641393  809.41327777187098    0
11870    3919.5718487379545  879.20938813015175    0
11871    3844.7133824133389  782.66593166417579    0
11872    3778.6645780818949  776.99506349937678    0
11873    3897.775570699207  744.16208498934429    0
11874    3722.6666108554123  841.51588580065004    0
11875    3692.4161482430527  902.07169043669421    0
11876    3487.5728760340362  2674.7181382004992    0
11877    3551.0673945535159  2631.7068002822234    0
11878    1021.2037668195944  4577.6706652837975    0
11879    1022.2743100691179  4506.1827245976092    0
11880    1096.1245692799764  4461.3548684285506    0
11881    1276.5368395452201  4831.4731424430065    14
11882    1233.7047008618226  4783.2767265025077    0
11883    1192.601491650744  4707.4359261317322    0
11884    -293.70873057744893  -3351.3333237841593    0
11885    374.33293256484035  -3333.7380822322593    0
11886    573.36726109745223  -3317.7276672528519    0
11887    98.191015021575637  -2016.3353120388724    0
11888    3889.590826987484  2662.6019433468932    0
11889    2197.3655160164749  3518.6487498424185    0
11890    2271.9727468762244  3711.6718518098751    0
11891    2218.1888448814288  3971.7359933310468    0
11892    2258.5535412744666  4029.3530308755967    0
11893    1485.9318603776089  4073.9625475588896    0
11894    -135.66643739936987  -3114.3037664048106    0
11895    546.24933528388738  -2249.8189764376662    0
11896    -878.12120996991428  -1516.3991704097759    0
11897    -811.70242929146502  -1552.7976415122394    0
11898    -1807.1938343007907  -3670.5482620530133    0
11899    4965.6848342421399  560.9395295767863    2
11900    4902.9585711008131  583.05110389480092    0
11901    2098.5049499875522  3999.1932247372874    0
11902    2114.4591382071676  4089.5039343038552    0
11903    2001.9368845558731  4001.5989118274965    0
11904    1954.2568814225208  4044.8159579540779    0
11905    1951.1184342238303  3937.5823421469127    0
11906    1988.3674027738259  3876.060532558206    0
11907    1805.5969394312269  4185.4716259617735    0
11908    1863.7627641450538  4225.6839564017719    0
11909    1781.6709782824134  4282.2533981628749    0
11910    1824.050241751818  4346.3573343295939    0
11911    1700.1701855807357  4277.9467137833326    0
11912    -212.04548322217161  -3151.3875288288978    0
11913    -67.730668461534052  -1715.8420049264089    0
11914    -20.2571005420142  -1793.742160770234    0
11915    76.623273363627476  -1842.2596068924558    0
11916    1887.255192350709  3121.1154279830362    0
11917    1943.7157883883744  3165.4462372492371    0
11918    1874.3484423936638  3264.2153118596611    0
11919    1807.7191307285455  3225.7281466088489    0
11920    -74.410048921568603  -1474.3539021442464    0
11921    -28.900050359825148  -1413.0295114677961    0
11922    39.944354499305398  -1404.3425073085789    0
11923    1654.8745816229552  4395.0090893127017    0
11924    1714.7017194845748  4426.4106502565155    0
11925    1770.3474010902671  4387.7109003903788    0
11926    4607.0904421753894  660.01783251646191    0
11927    3821.5511337808994  3117.0887270497969    0
11928    486.30821780715951  -1914.0038130028838    0
11929    3608.0896780358858  2733.408388205783    0
11930    3703.6815672520793  2728.2776273934528    0
11931    3057.2325523517438  3952.9745951251753    10
11932    2609.8253113399364  4050.8283416338704    0
11933    2593.1287987874957  4269.5253931064062    11
11934    2556.8618439596685  4156.7707015018159    0
11935    199.87006811344671  -2112.8233828091552    0
11936    153.90715897199163  -1957.108046230509    0
11937    221.08293541014493  -1980.5867719343128    0
11938    248.29832906286146  -1920.4862958505782    0
11939    284.9628231698656  -1634.9332794252405    0
11940    367.92035504218637  -1601.5710578221888    0
11941    284.30646304321465  -1566.5962563955436    0
11942    394.79496496409837  -1537.0761070068122    0
11943    190.40381529487988  -1650.3813270360642    0
11944    178.70933698911344  -1789.1813634666637    0
11945    220.14015532235214  -1837.9853076177374    0
11946    238.57582356496167  -1766.7280663499996    0
11947    177.86847706386888  -1725.1970255330641    0
11948    109.25802520095019  -1758.0963743505272    0
11949    53.527060517926756  -1704.2022125870553    0
11950    142.87252226721256  -1844.9667967612338    0
11951    -2146.360876282019  -3426.5328324344009    0
11952    -1907.1145775444102  -4114.5693900444739    0
11953    3781.6262627116153  3266.7999384771001    8
11954    3762.2188754104759  3206.0284683878331    0
11955    -57.355561488603321  -3930.2946974567312    0
11956    293.37325120079089  -3898.2853138042524    0
11957    -1725.9543222515147  -4049.9901508414605    0
11958    -1897.2957057285773  -4237.7896651531037    0
11959    -2162.188143854466  -4223.356705049383    0
11960    847.17519130310166  -3229.0557814310073    0
11961    949.17692405927619  -3079.9027322891975    0
11962    1190.0407895087344  -3057.3518578796711    0
11963    1286.5755740613115  -3146.5422026380156    0
11964    1231.5581440766007  -3187.6695309529337    0
11965    1312.7792468258733  -3207.320468819149    0
11966    1331.6369695112594  -3282.2706800735618    0
11967    1353.5893161486315  -3113.9323697673872    0
11968    1417.2261115009628  -3129.7716778995846    0
11969    1269.4944893811135  -2198.0302949220713    0
11970    -157.27689540966566  -477.27126574724923    0
11971    -223.98146812129505  -463.04693058585764    0
11972    -2399.1454420135337  -3734.8003288406271    0
11973    -2029.6497913816461  -4285.1871303561174    0
11974    -138.95557299778247  -4056.3595376242843    0
11975    -116.78499135249734  -3989.4023612085075    0
11976    -138.95651565965585  -1082.7473894780333    0
11977    -41.028247530387809  -1095.2847353011737    0
11978    1.0128438918844189  -1178.4575015124228    0
11979    109.81278116964758  -810.54433841161142    0
11980    -2487.874689727344  -3535.9855250785577    0
11981    -2112.9283653686939  -3282.4034395499102    0
11982    -2658.6059508499598  -3845.4716478441323    0
11983    -2821.2677794209867  -4124.6972186652902    42
11984    -2816.566179216009  -4058.6546836584112    0
11985    -2972.6443255792719  -4014.5422856264508    41
11986    -2923.3820291228076  -4052.9639204742525    41
11987    -2879.9022180041588  -3946.424641245655    0
11988    -2867.7220117671932  -4013.5374386577614    0
11989    1957.9561327761448  -2571.3282878168302    0
11990    350.50870031037772  -4286.9860130793195    0
11991    496.27885426150743  -4191.2713048823935    0
11992    966.2500271464487  -3890.5736964989655    0
11993    973.8623175411069  -3960.0467237368603    0
11994    985.53545057235226  -4226.9586981015727    0
11995    1123.1854490564292  -4264.1544644865535    0
11996    -1965.6517542695672  -4317.9290507309024    0
11997    2388.5933499283592  4289.6292275431479    0
11998    2430.554702957691  4362.7810967067917    11
11999    2340.4383023782675  4336.8152726039516    0
12000    2326.1704916381045  4189.3730088731427    0
12001    2474.1475989053938  4224.9984308963185    0
12002    2332.5193359571617  4254.9813909524792    0
12003    2263.2048850521705  4228.5774910410864    0
12004    2395.4849425430957  4215.7769087845354    0
12005    2390.6744502118809  4124.2225213271067    0
12006    2542.4924083749029  4223.6024386976833    0
12007    2647.3201640640973  4238.4401585729447    11
12008    2643.7779599804853  4169.4860443183734    0
12009    2401.7270123846542  4041.9019952019785    0
12010    2467.0988094406939  4013.9372603687361    0
12011    2471.0999129119987  4098.3324227160529    0
12012    2447.3038951439298  4162.2746430127754    0
12013    508.99556353342496  -4447.8109923989141    0
12014    476.79990882894651  -4392.707790328488    0
12015    2065.5546442229902  -2649.3616849057844    0
12016    2308.7661233601852  -2885.2987997772984    0
12017    2259.7258062973533  -3059.0561577917688    0
12018    -1589.9802813709225  -4668.051796914021    0
12019    -1295.3216735229976  -4822.8304788865325    45
12020    -1566.2592055237892  -4588.656166593305    0
12021    1063.741017042149  -3828.8374904360699    0
12022    2131.5286162067441  -3199.1239605173892    0
12023    1774.1712620778592  -3340.6724202843984    0
12024    364.01816353910669  -4467.722659578817    0
12025    304.11150815064099  -4601.6824976440212    0
12026    1359.382294623153  -4159.674641945473    0
12027    1383.2698137958012  -4223.9972636177281    0
12028    1473.8501342661234  -4165.400966558921    0
12029    1419.0351550211058  -4114.1837690368884    0
12030    2205.1214477254211  -2065.6523222467549    0
12031    2514.5459290994013  -2010.1565811783601    0
12032    2150.2143043344022  -1763.5410764786079    0
12033    -1466.6462617678797  -4437.1343422560331    0
12034    -1649.7727264805474  -4087.5245978430426    0
12035    1603.5135504546822  -3642.113922868145    0
12036    476.63652617066549  -4541.6939383083854    0
12037    407.44354544355946  -4527.2289027129    0
12038    384.01837596353243  -4598.8274029161521    0
12039    539.63565282719105  -4572.1144022885901    0
12040    1868.2375073541721  -3468.8480935466441    0
12041    1827.0233589699276  -3524.5835898884961    0
12042    2428.3188179960493  -3433.8110166559204    0
12043    -688.37764156837977  -3928.8804061433689    0
12044    -651.64851371334385  -3843.1616809713987    0
12045    -587.52858920539325  -3862.6146003618851    0
12046    -616.64549176429193  -3744.5419868391937    0
12047    293.4131693531109  -4722.967075403506    0
12048    217.58332585669498  -4788.3901700440811    0
12049    156.42255913422144  -4826.4986478593555    0
12050    182.39014843797892  -4906.3883945331154    0
12051    312.63535856931406  -4985.5213550895278    48
12052    250.20557925535292  -4987.8705105446907    48
12053    277.99930042380907  -4895.776963080536    0
12054    225.0655889992056  -4854.869093840869    0
12055    294.40125049712077  -4819.8519165023054    0
12056    388.84038751096972  -4879.9875969937266    0
12057    338.55918190052267  -4923.9603467742536    0
12058    439.16094810468547  -4829.1888436842892    0
12059    499.37828343669167  -4972.2530465470099    49
12060    522.52457017117285  -4911.6780240700164    0
12061    461.00581401440849  -4922.8808461497965    0
12062    2031.8076850186285  -1715.0577050579911    0
12063    1964.6272994707349  -1723.9734524650119    0
12064    2028.1307791356435  -1780.1811894027933    0
12065    2634.8443058962403  -2060.325479551112    0
12066    2719.3529475938926  -2015.2260005101664    0
12067    2787.6034882541903  -1966.3747258414703    0
12068    2707.0112720499137  -1925.8809890090222    0
12069    2663.5571795513392  -1824.4931973674443    0
12070    2655.5131757293925  -1978.5195945068392    0
12071    2627.7488280006401  -1899.8463589387025    0
12072    2522.1481824295329  -1803.479419729319    0
12073    2589.6474324739706  -1835.5555373679147    0
12074    2613.2119833699144  -1740.5608940187108    0
12075    2527.9923807385321  -1878.2401518015013    0
12076    2441.4593252440086  -1847.3958240854254    0
12077    2678.0055971231327  -1758.7611328460514    0
12078    2702.9553750486707  -1691.9280387672568    0
12079    2520.7438509123162  -1704.0879916123581    0
12080    2567.7769494242298  -1935.6459353705491    0
12081    2379.899623541532  -1793.8688254912795    0
12082    2438.6099407390761  -1730.605456818274    0
12083    2451.7782236415919  -1630.934730560256    0
12084    2429.9920223431318  -1913.0551646440456    0
12085    2528.70027978285  -1632.7549156368118    0
12086    2365.6745273221636  -1631.4767203766305    0
12087    2312.8359911338412  -1571.6012092159424    0
12088    2298.5195271343223  -1664.4171281575393    0
12089    1749.1360733267195  -3642.5810841237148    0
12090    -511.34909460320176  -3733.6826301356409    0
12091    -499.96558110059823  -3803.0849762872649    0
12092    -441.09563768019694  -3757.7942622750415    0
12093    -1143.2131507835929  -4116.7726659662021    0
12094    -1305.1075920009548  -4263.5465356117375    0
12095    -1342.3005932529873  -4390.7531355198762    0
12096    2222.6667989853627  -3769.2542793793878    0
12097    2488.5924434147701  -3102.2812115874481    0
12098    2499.1785770515598  -3197.3600402315669    0
12099    1114.7177521890985  -4868.1474294444233    50
12100    1676.7713748703536  -1982.087277953171    0
12101    3110.8545472488431  -2706.9850010822734    0
12102    1790.59091831102  -4594.6519403155753    0
12103    2151.0808475768331  -3828.3849376845096    0
12104    -803.07819817295763  -4526.4854311738527    0
12105    -846.14664145935274  -4591.9890343043799    0
12106    -768.17822267163069  -4693.1096841912777    0
12107    1187.168710302775  -1123.0560902060085    0
12108    1095.8921129832972  -1172.7300417737397    0
12109    2809.8004627124328  -3251.3856398376665    0
12110    2230.6674871222181  -3983.816275553384    0
12111    3109.8221202524733  -2196.5874041427937    0
12112    2156.7879404349319  -4107.9120361338564    0
12113    -684.96346064975944  -4618.4230014567911    0
12114    -745.71877060475549  -4938.1533569766343    46
12115    -704.80083469027181  -4881.6043284809266    0
12116    -767.70788603038454  -4879.1641160260078    0
12117    -930.67490653424125  -4907.8516957859447    46
12118    -857.38884685063044  -4846.9402237931754    0
12119    -973.35612057125059  -4781.9564459989524    0
12120    -927.84741371829193  -4836.7105620535731    0
12121    -879.6883220578801  -4752.7690994985614    0
12122    -796.05339788901574  -4782.6903596072989    0
12123    -836.62548847623634  -4699.2162247181004    0
12124    2897.5119225803733  -2010.6448779367083    0
12125    2374.4746248960255  -4101.4166998083729    0
12126    2314.0102653962408  -4143.9455088702134    0
12127    2718.2106403465677  -4193.3292195546619    53
12128    2503.5664781496066  -4321.2972532952917    53
12129    2444.7861825470404  -4283.7030556695909    0
12130    2115.4282741559887  -4442.6875358442267    0
12131    1418.5426567664731  -720.52997141427215    0
12132    3048.2466462174639  -1786.1770864142024    0
12133    3335.1335043738954  -1696.2643177049156    0
12134    3274.0479747399895  -1731.0308204430783    0
12135    3268.9453558183159  -1805.7083165067907    0
12136    3585.1589365931686  -3481.2805730406653    56
12137    3560.2918910805211  -3416.8444945612782    0
12138    3523.7131526016578  -3467.9772498975303    0
12139    3219.6999411810639  -3821.8073365389387    55
12140    3901.1771333249458  -2352.3522140396249    0
12141    3897.4227895620284  -2439.978543912116    0
12142    3966.8342034189313  -2372.2507659258599    0
12143    4033.7902391314256  -2389.330336350426    0
12144    3927.304066810616  -2247.4460657965633    0
12145    -351.04450996705737  -4680.8510447398103    0
12146    1534.0390908616316  -4326.0332422995398    0
12147    2059.6492046662729  -4549.6483617494496    52
12148    2064.484465600081  -4486.2721655606101    0
12149    1887.1899354320688  -4560.6508616408428    0
12150    3414.4593178705977  -2940.8126813776471    0
12151    3843.3836737858096  -2607.2652593446892    0
12152    995.42807205609165  -484.02698708433951    0
12153    626.61162085030207  -1265.5249480536022    0
12154    3569.1037220516682  -2081.9479737585002    0
12155    3836.0193274143821  -3202.7542441728983    56
12156    3812.6422549932472  -3139.6601401975718    0
12157    3770.1305529601154  -2469.3225777963125    0
12158    3837.3180378976554  -2470.0127459435953    0
12159    50.409486695000311  -4749.6980498777957    0
12160    1775.7140282383473  -1251.0416420100523    0
12161    1891.5460171437574  -1346.8230885689902    0
12162    1866.1020424367982  -1449.9167941600604    0
12163    1791.5182002068689  -1439.1847126260311    0
12164    1950.5255240051508  -1524.0244028568507    0
12165    1888.4412029592922  -1509.6094670799953    0
12166    1906.0445396622426  -1574.6971964856421    0
12167    1932.9221873022007  -1458.9366734512037    0
12168    2040.4244479465228  -1464.786416623328    0
12169    1955.6397968598085  -1386.8607571097621    0
12170    2046.5655500373753  -1373.01826248822    0
12171    2043.3975160586351  -1305.0581768048346    0
12172    2112.3659785316722  -1335.8970197674487    0
12173    2114.7782037849679  -1417.0518184776136    0
12174    2169.1766668810919  -1284.7444074982195    0
12175    1604.8745843498248  -763.82688192754938    0
12176    3745.4667585745765  -3009.5119223146953    0
12177    78.176317571782945  -4815.0631940435624    0
12178    62.91624131346947  -4994.9179769101793    48
12179    125.34602062743062  -4992.5688214550164    48
12180    92.049710122435826  -4938.4287779575852    0
12181    25.602551595681184  -4939.916816073709    0
12182    607.3870546372442  -1630.6541773503848    0
12183    444.94179155420682  -1681.2132827529949    0
12184    507.02261413413873  -1752.5249068506794    0
12185    502.44481316501964  -1826.9062696357046    0
12186    586.80156782097504  -1732.5505369753735    0
12187    655.75503911638509  -1762.6738296896465    0
12188    3744.84727631029  -2768.7640119278512    0
12189    2231.0438800186862  -634.0844417542138    0
12190    1954.9206130134055  -246.25450456560725    0
12191    1592.8304328914469  -242.25570243985851    0
12192    1620.9713465565053  -306.19860878003783    0
12193    1580.1534682509925  -172.80475686767184    0
12194    1538.8598928844197  -278.37039806522637    0
12195    1488.7169722225271  -526.27900863054106    0
12196    238.64776530781381  -1074.6609905900646    0
12197    275.33095148339731  -1125.2216693334483    0
12198    592.65249549980695  -948.26052075494908    0
12199    508.61477077686322  -851.13045750637616    0
12200    2418.1653815039786  -822.63578450486818    0
12201    2287.2872758791468  -1203.5629236216566    0
12202    2237.5855148375722  -1152.1819143936477    0
12203    2763.7223382850329  -1146.5986970134916    0
12204    2136.3908319308293  -1594.3770934116296    0
12205    2208.5774017147855  -1562.6340152982571    0
12206    2076.4222682820387  -1538.4573377916504    0
12207    2054.0670886655957  -1622.5462578329495    0
12208    2009.5247758284722  -1565.6885687776587    0
12209    808.72626092202802  -887.64626766672859    0
12210    576.27049836038486  -278.69322652241652    0
12211    461.04983886811129  -208.77865282353497    0
12212    396.31924916553419  -187.4364826061406    0
12213    384.18739343917144  -122.34821692983444    0
12214    311.43953660108912  -92.778218559280532    0
12215    255.4564997414987  -152.26955080592649    0
12216    223.84735414227572  -66.437963504048895    0
12217    170.96321351696122  -156.04653781756485    0
12218    192.23716661992336  -4.1548942721976623    0
12219    290.25189717134737  -222.10746228187043    0
12220    943.78903638985332  -399.66037878853172    0
12221    1365.5784970556062  -600.17684740595769    0
12222    1415.395975621509  -379.0047599396533    0
12223    90.242745748522708  -27.596710905314389    0
12224    67.456805518116226  -144.17305363797362    0
12225    -515.5061553323028  654.91172510196338    0
12226    -475.46992081298578  711.96177227202611    0
12227    -501.45848926577958  770.97087144782154    0
12228    -610.21164427469569  747.8991720096185    0
12229    -2421.9998317026361  602.09939413779273    0
12230    -2203.8529855589036  45.629963311556679    0
12231    -2672.2832603805509  -738.44856129428081    0
12232    -2222.3372905779261  -852.97631594491361    0
12233    -2153.3761004119419  -930.90646061953805    0
12234    -2125.0325472305053  -871.623865019915    0
12235    -2211.1006733685867  -990.43342654044352    0
12236    -2137.8442031911595  -1073.0919872590302    0
12237    -2073.1196889504195  -974.37856761613546    0
12238    -2009.1215785655306  -991.17826904907383    0
12239    -1963.8773915622344  -1040.1228545001063    0
12240    -1971.3365815059424  -1162.6632034102081    0
12241    -1888.7548792308226  -1072.4956477421661    0
12242    -1832.4073876664161  -1162.1212766143942    0
12243    -2139.6287920704526  -1001.345839120311    0
12244    -1754.4284605064133  -1180.251235441189    0
12245    -1762.7624243027794  -1111.4908792508313    0
12246    -1901.9464009691992  -1143.3147406502355    0
12247    -1904.976456533381  -1266.5505764886161    0
12248    -1846.4413575019041  -1229.7980885748598    0
12249    -1839.4915563118327  -1305.8571271005596    0
12250    -1939.7458732639598  -1398.6789429701819    0
12251    -1767.0934433135362  -1330.2039222340557    0
12252    -1903.129322530182  -1337.6755953365664    0
12253    -2026.215295715866  -1305.285673252886    0
12254    -1830.2238067189633  -1422.9272876663408    0
12255    -2683.1178488853525  -964.29509355731864    0
12256    -2843.7291772062727  -341.27003906160223    0
12257    -2853.6593748973155  -845.97995017624339    0
12258    -3046.5488579181047  -537.57192948715533    0
12259    -3329.0034025272384  -366.53621019917875    0
12260    -3346.0726441601782  -294.33851162356882    0
12261    -3086.5611953347916  -1429.3580707712856    0
12262    -2824.6099094857254  -1564.0831621945181    0
12263    -2864.5997481634877  -1615.2055241789408    0
12264    -2963.2399063036123  -112.19439019384154    0
12265    -2232.0923450020082  -1260.5126915466826    0
12266    -3242.0620694068116  -178.39235786173148    0
12267    -3275.7371991805071  -240.15762693308835    0
12268    -2036.8374763174397  -1474.8826528841046    0
12269    -1965.9281749967813  -1465.2742669108759    0
12270    -1885.8512252316189  -1483.2760414101738    0
12271    -2112.3317690379081  -1429.268452205841    0
12272    -2036.92468828506  -1389.746057155515    0
12273    -2102.1382251737127  -1338.5679670649022    0
12274    -2095.706335041426  -1250.0021601142162    0
12275    -2019.7876430592621  -1225.8894898325009    0
12276    -2063.5320263068547  -1142.1901863466976    0
12277    -2143.8245801478565  -1154.0325223135924    0
12278    -2207.902991564089  -1123.3627873127678    0
12279    -2092.0021705174472  -1633.9829600289172    0
12280    -2005.639509355638  -1646.5380181364787    0
12281    -3019.8634930047424  -1788.2080248682801    0
12282    -3067.5409430259206  -1908.8875633033908    0
12283    -2923.3613271333816  -2093.8295504818248    0
12284    -3566.4792296593341  -656.25256556933527    0
12285    -2171.1942927020514  -2237.0968324518062    0
12286    -3255.6692541488474  262.38940036793463    0
12287    -3810.7569125530872  -360.38556627142941    0
12288    -2816.9583361846448  -2426.0288183341581    0
12289    -3680.9389142442647  -645.98023420201878    0
12290    -3563.3474671469517  -1106.3886180543093    0
12291    -3519.4513705103277  -1178.8052372520276    0
12292    -3458.8593796578807  -1149.2570066398089    0
12293    -3032.719717731633  641.64830692498901    0
12294    -3094.3817772632256  698.70084006161585    0
12295    -3629.1660151693386  -1461.1055148933663    0
12296    -2588.6055982483808  -2637.137814216871    0
12297    -3548.4828969499122  314.16006593028033    0
12298    -1629.3084586157925  -2474.4391330233993    0
12299    -1682.2930982205646  -2545.6055674612235    0
12300    -1748.0453500289382  -2557.6710035540336    0
12301    -1653.6405299638968  -2614.7941694467258    0
12302    -1566.5435225924887  -2494.8272531432813    0
12303    -3605.1924153077462  -2074.8801648797585    0
12304    -3709.2300381017535  -2001.4461925800622    0
12305    -3752.4408770334085  -2061.0020265268486    0
12306    -3249.7854826642101  886.76671157466103    0
12307    -3220.8671266418646  973.36306784741919    0
12308    -3299.9653378207645  944.19339726407622    0
12309    -3360.9267334536244  983.03060360937525    0
12310    -2982.7205362851264  -2519.8720895946594    0
12311    -3003.3317410342138  -2387.5013430318149    0
12312    -3218.3857478449045  -2447.6409135337876    0
12313    -3178.1571614372956  -2879.0922674496228    0
12314    -4064.9762446530767  -2010.2311380505771    0
12315    -3069.9822399760528  -2960.9044378664667    0
12316    -3129.8432045562854  -3041.5226096984538    0
12317    -3178.837666132461  -2997.2046972007365    0
12318    -3076.4269366454328  -3145.9177620828168    0
12319    -3127.8635911844353  -3106.3731228360984    0
12320    -3143.8811678703823  -3180.4323272186239    0
12321    -3065.7037606658969  -3078.7451108542523    0
12322    -3079.56931300939  -3222.9489419925112    0
12323    -2996.6715200830909  -3124.2073725970745    0
12324    -2950.7129990059607  -3060.2274009780367    0
12325    -3153.4564024069105  -3251.9197352901397    0
12326    -4482.1224216635146  -294.02218147107794    0
12327    -4530.6388296269761  -374.14273570922194    0
12328    -3820.9563952361191  -1324.3454319084017    0
12329    -3853.5109056448387  -1387.8144684058527    0
12330    -3787.0764916301241  -1210.9169626804753    0
12331    -3853.2056304613502  -1170.4487054032554    0
12332    -1690.2054279633221  -2714.8030101808104    0
12333    -1614.6693965917909  -2755.9910009539185    0
12334    -1548.6843514023356  -2736.517508068011    0
12335    -3709.2632268074558  1143.4145582650094    0
12336    -4139.0620527264418  -2082.533369059287    0
12337    -4202.3246773027931  -2035.0233467774308    0
12338    -4327.7885268437803  -2109.1450437863555    0
12339    -4275.5096804181112  -2054.390544143047    0
12340    -4373.1394307858209  -1994.6083789606162    0
12341    -4248.3657704964917  -2132.6419907545592    0
12342    -4422.9691008910613  -2321.7468384913132    37
12343    -4246.602796015839  -2238.632401767853    0
12344    -4178.3969956900492  -2231.9233792166842    0
12345    -4270.1557544055295  -2355.326594217167    0
12346    -4201.0014889504528  -2382.9389774001361    0
12347    -4229.3678376563184  -2302.8350180248362    0
12348    -4302.5466854618326  -2288.0649740218546    0
12349    -4329.9412316818543  -2200.6892569347729    0
12350    -4392.5576105012242  -2376.3191494998391    37
12351    -4329.4545656235696  -2376.9135955624197    0
12352    -4283.4433492975768  -2441.6688801322821    0
12353    -4360.4981216067745  -2322.6935154996472    0
12354    -4390.6439625267558  -2250.3145300323927    0
12355    -4410.126694370877  -2164.543724299896    0
12356    -4533.4149203665456  -2097.9306969677214    36
12357    -4508.6035010186406  -2155.2664567209918    36
12358    -4453.4741460388223  -2097.3735204916843    0
12359    -4494.0358211642415  -2012.8171963985556    0
12360    -4429.076649072309  -2033.6631579591669    0
12361    -4440.5197547415755  -1957.6873196133622    0
12362    -4517.9534949119479  -1936.0599750229521    0
12363    -4456.6157552762197  -1865.8827273334064    0
12364    -4403.9493290459395  -1903.9621227848797    0
12365    -4392.3697789443586  -1832.4864626845806    0
12366    -4459.7576519160984  -1798.262684698911    0
12367    -3998.7750175491756  -2299.5540860339424    0
12368    -2516.6130070416343  -3405.275625805471    0
12369    -1737.6626128027469  -2848.2983366433918    0
12370    -1704.542975946224  -2918.4884706429966    0
12371    -4379.7911287265015  -8.0771589666592405    0
12372    -4490.9318824167549  -35.953194352609486    0
12373    -4522.5596564503994  42.838037106783162    0
12374    -3915.1059241952039  -980.30066233256605    0
12375    -3912.4983547962911  -904.46302227331887    0
12376    -3975.9314414542418  -1019.4759955011427    0
12377    -2468.8603043090366  -2901.5802735785842    0
12378    -2546.4260077804847  -2895.5183289348206    0
12379    -4232.0040824717107  247.38899032801535    0
12380    -4052.8090632377075  -815.15351889901706    0
12381    -1633.4443276782238  -2847.670589947496    0
12382    -3188.3225224192811  -2251.441085739707    0
12383    -3306.5062585711576  -2215.7301949043972    0
12384    -3814.3026365892301  1103.3611063068759    0
12385    -3862.3330306227804  1208.1413905091233    0
12386    -3943.7962179204328  1172.3372175316094    0
12387    -3966.5355457922633  1334.6510621425023    0
12388    -4031.2509481071488  1176.4726845951786    0
12389    -3932.2754273385167  1256.7009738053102    0
12390    -4128.4869133727589  1258.2784225794733    0
12391    -3862.5496276157146  1333.8503431029005    0
12392    -4020.5320384741485  1264.4149360998276    0
12393    -4094.8788952484392  1199.5344042554132    0
12394    -4177.8978886487976  1191.0241837500139    0
12395    -4080.479674444814  1366.3757047553895    0
12396    -4200.1361516645602  1259.1403784005863    0
12397    -4163.4850220168792  1327.4122811275713    0
12398    -4214.1522790643994  1426.7625583116644    0
12399    -3846.8687009312325  1271.0226985023073    0
12400    -3769.7245409518378  1364.9459910656458    0
12401    -3913.1231327382579  1518.5890493283268    0
12402    -4176.3410329337139  1120.8941901193848    0
12403    -4146.3274492775427  1398.7573403043984    0
12404    -4055.9998550381652  1499.2964621194158    0
12405    -4147.9199852849197  1491.0343010238271    0
12406    -3724.2970043628075  1314.3290044190285    0
12407    -3913.8893207790247  1419.0875226071944    0
12408    -4161.9826815246552  1057.3867112444434    0
12409    -4111.4845047325243  1601.1305212223479    0
12410    -4221.3819334077289  1500.4749428798493    0
12411    -3813.4041462504633  1467.6459655770996    0
12412    -3979.2145243224982  1469.3442572169624    0
12413    -3990.5892911268606  1553.5833165165072    0
12414    -4039.7376227947861  1427.5868860855765    0
12415    -3889.8210299505927  1673.4123114348026    0
12416    -3923.3061697923108  1599.2868801836185    0
12417    -3823.5346463440069  1570.8853738520136    0
12418    -4016.5544564355901  1686.0364462085017    0
12419    -3988.4276247024609  1622.778651762427    0
12420    -3844.146929547559  1403.0145193280675    0
12421    -3978.3459848386747  1400.6456032785281    0
12422    -3772.0667973282498  1523.8189845877318    0
12423    -4331.0441943985124  -922.61186994672323    0
12424    -3682.2146246521179  -2459.4790028428538    0
12425    -3743.4676827063836  -2510.0796642323498    0
12426    -4374.9761102201755  198.80989975811178    0
12427    -4758.1371996756425  -1515.8108242911292    35
12428    -4594.4201991915352  -1748.1409292067246    0
12429    -4720.2103180648119  -1634.8634813696142    35
12430    -4657.4720171060753  -1811.2518982013696    36
12431    -4591.8692868066282  -1816.8993525620938    0
12432    -4563.0888911196653  -1881.552198619733    0
12433    -4701.2468772593966  -1694.3898099088567    35
12434    -4622.6390876550886  -1636.5637657407244    0
12435    -4636.8952504580502  -1699.5262697733192    0
12436    -4543.8030159510299  -1591.5317849896564    0
12437    -4669.9884977136626  -1553.296643416377    0
12438    -4659.0335884483884  -1405.1512564948143    0
12439    -4689.7401264519876  -1477.3583345293032    0
12440    -4581.8752901967819  -1489.840448122314    0
12441    -4796.0640812864731  -1396.7581672126441    35
12442    -4777.1006404810578  -1456.2844957518867    35
12443    -4727.9711341146512  -1407.8494167742024    0
12444    -4698.2103845656056  -1286.2111260105582    0
12445    -4751.4843688335714  -1337.6366619520893    0
12446    -3081.6826378030523  -3849.595895582107    0
12447    -2866.9587631161003  -3816.6138207099589    0
12448    -4024.6912272990749  726.70669541921973    0
12449    -3927.0410104118996  677.73525066648017    0
12450    -3883.833391880642  730.89166860352373    0
12451    -3910.8585526760576  803.29498894112646    0
12452    -3820.7419620937153  748.63393085386383    0
12453    -4523.9241206091674  -1288.8606363386032    0
12454    -4611.3448265022271  -1305.7948477757732    0
12455    -4872.7689203899372  -1094.3391203524402    34
12456    -4795.3421733406776  -1109.8929124750841    0
12457    -4824.0080136430433  -1052.0994155015846    0
12458    -4846.9169487281815  -1216.5833802069192    34
12459    -4776.6851721947642  -1233.6587503088008    0
12460    -4416.9730145995591  -1540.6358467679988    0
12461    -4380.088370054099  -1604.4865322278206    0
12462    -4288.0101306561719  -1550.3733947565372    0
12463    -4011.7561383705247  -2462.3046373299253    0
12464    -3819.802993993736  -2450.6690018043    0
12465    -4572.513315670768  431.74810259950533    0
12466    -3398.2038613167965  -2883.8084028414628    0
12467    -4989.961592820875  270.11540318306299    31
12468    -4937.5101824912972  233.92929247623005    0
12469    -4879.9741115570887  269.22660505226247    0
12470    -4978.5332757298329  394.53958521628385    31
12471    -4925.5812855761533  358.30749642974308    0
12472    -4921.7655104916776  420.69395329548905    0
12473    -4904.6834234123035  499.05212444298286    0
12474    -4814.286625980073  438.30458225293302    0
12475    -4862.893393576499  398.17419992547917    0
12476    -4327.0646474821961  793.09340889378961    0
12477    -4573.5052328039628  618.51426833222104    0
12478    -4848.1718405674819  736.74400260322238    0
12479    -4874.9955058178894  642.49644056542127    0
12480    -4787.3042455921595  719.30305395964342    0
12481    -4807.7152175219589  786.87539910381474    0
12482    -4938.0660258454427  766.93086602065785    30
12483    -4955.6766415477477  643.38794928272569    31
12484    -4895.7671045173229  580.23982430587114    0
12485    -3421.3594556544531  -3296.5875345651862    0
12486    -4490.3533112561017  889.0158993814016    0
12487    -4611.5481859595229  -146.33546008062612    0
12488    -4629.6699119156756  -58.06239048017818    0
12489    -3584.4810939153695  -3481.9785059973419    40
12490    -3850.8443390176503  -3074.5427575107838    0
12491    -4914.2731115318738  889.59251746330142    30
12492    -4850.4065352534199  909.02339803287055    0
12493    -4767.8114746748961  896.66324164724392    0
12494    -3484.2757437754572  -3154.2792056750986    0
12495    -4890.4801972183059  1012.2541689059448    30
12496    -4286.7724974095772  1126.3298264740729    0
12497    -4676.5077500621483  3.2663885434461406    0
12498    -4729.0715936438737  1615.1039876908217    29
12499    -4685.2146953790598  1569.3267283833532    0
12500    -4288.2381722792916  1262.8956763231024    0
12501    -3671.3655776258465  -2724.0636468463495    0
12502    -4449.8244556770996  2037.8050679966977    0
12503    -2040.3142941022825  2001.9535618179032    0
12504    -1987.1267364710664  1957.256194895793    0
12505    -2266.2622574766606  2039.4144010748573    0
12506    -2153.5956982149191  1660.1718323855509    0
12507    -2440.5621024562956  2037.7190713179104    0
12508    -2342.1377782646691  2082.5986149285086    0
12509    -2330.9810126067432  2153.2318711038711    0
12510    -2400.9284037640173  2171.6059669295482    0
12511    -2359.7222824907249  2218.8754450805172    0
12512    -2884.869315583333  1815.0861784791728    0
12513    -2959.1700634345339  1785.2966622216431    0
12514    -852.01469180088941  1994.2881217326374    0
12515    1760.9787468449297  1362.1875533978991    0
12516    1763.4464745232126  1295.1704542364253    0
12517    1703.5012864767757  1326.5171143652494    0
12518    1893.5591429866424  1484.8573415924304    0
12519    1944.3053600224021  1532.3061506007853    0
12520    1811.0023289688656  1525.4547403324743    0
12521    1736.3962927556354  1529.5191835445146    0
12522    -2199.576909263074  -361.78437899013829    0
12523    -2122.4538411047024  2400.9548211441065    0
12524    -2158.9794353851498  2534.3634807735893    0
12525    -2691.2838303419499  2400.1501073344839    0
12526    -2442.9639865374706  2691.7231361975346    0
12527    -2917.5301097819893  2002.1701897397982    0
12528    -2393.1019903930278  2769.7295871110846    0
12529    -2195.8306228343454  2805.020427011465    0
12530    -2149.3524624759311  2861.3674959921805    0
12531    -2601.6356268096874  2861.6865392160512    0
12532    -2492.5575874499441  3568.6649272808836    0
12533    -2780.1503389447057  3213.3153974696415    0
12534    -2915.8244534249175  3223.8936962973221    0
12535    -2779.1569559290701  3680.4670692435293    0
12536    -2833.0501928078306  3774.3052965515703    0
12537    -3136.9428463379254  3885.5040399907753    23
12538    -1947.921381989745  3130.7624975364729    0
12539    -1758.6566473005535  3685.103193656284    0
12540    -1744.3848519240601  3749.1250582855641    0
12541    -1677.6178485268188  3771.4122423312056    0
12542    -1413.0416373259125  3784.0991072327174    0
12543    -2520.1193242371792  3728.2748248962448    0
12544    -1772.6835457504828  3929.2142322862651    0
12545    -2785.6524375476884  4145.068824402857    22
12546    -2781.8204553686915  4082.1411187756503    0
12547    -2850.8518934865997  4016.4827429803104    0
12548    -2697.9692598449797  4094.3669123399077    0
12549    -2628.7992888186482  4247.6556297077641    22
12550    -2619.2637587554  4151.1023381519944    0
12551    -2936.6908753788921  3888.4299933439283    0
12552    -2791.1021547072655  3936.9703175465652    0
12553    -2681.0836717283282  4213.4600279394617    22
12554    -2573.2860068158798  4100.597585938167    0
12555    -2556.3446956920984  4032.0896403753131    0
12556    -2545.9316448672871  4171.6806770447783    0
12557    -2457.3244177583592  4182.5239534025559    0
12558    -2491.7722446510061  4248.7869283995151    0
12559    -2914.5730659354113  3966.4005838615626    0
12560    -3039.724216307327  3963.9930295443628    23
12561    -2862.8664630882517  3909.6106839843114    0
12562    -2881.2991952893126  3834.6109043100728    0
12563    -2998.8333866450907  3769.0570254408649    0
12564    -2915.5020886733473  3757.7918166042996    0
12565    -2964.506121681789  3709.1407344538115    0
12566    -3052.6125629755625  3698.4542980612396    0
12567    -2900.1212974413261  3678.8764743775532    0
12568    -3099.4153860275906  3789.8882974743365    0
12569    -3184.744711323478  3688.5146988171009    0
12570    -3116.9122490717514  3670.0030032803606    0
12571    -3167.0237353083835  3619.9145284944843    0
12572    -3245.8771238687696  3636.1338639128899    0
12573    -3234.1614763685238  3807.0150504371877    23
12574    -3321.450024165189  3651.955878276081    0
12575    -3282.7707913838231  3767.7705556603942    23
12576    -3268.7726341945481  3700.7053842092723    0
12577    -3224.2362292050711  3744.9946978224448    0
12578    -3168.4049154663803  3785.733855480386    0
12579    -2733.0672340954543  3965.3293987558736    0
12580    -2576.5149059089681  4281.8512314760665    22
12581    -3031.9947996840492  3862.1813924133894    0
12582    -3088.3335313226262  3924.7485347675693    23
12583    -2876.5266877980921  2323.6157221852063    0
12584    -2849.1498307384381  2265.563116528539    0
12585    -1634.8335707585177  4021.7828992049185    0
12586    -1547.6898459318395  4053.5063991151901    0
12587    -1770.7105061004902  4075.2010314227041    0
12588    -1715.5073707528063  3992.9944805403898    0
12589    -1491.7892172873617  4002.322372912764    0
12590    -1466.5849986077758  4069.0345661312667    0
12591    -1565.0276298368863  4118.6056069151355    0
12592    -1595.9419501225766  4179.0208803194655    0
12593    -1682.9899234403176  4232.779831492694    0
12594    -1693.0385986140684  4073.2504118851907    0
12595    -1708.0235427198679  4154.2754959364293    0
12596    -1638.6435509152916  4291.0527886908894    0
12597    -1713.0320170756959  4301.6527224035062    0
12598    -1791.3491122274386  4155.9475118924738    0
12599    -1870.8594507636683  4203.70749834045    0
12600    -1885.7825201966536  4088.7997307592632    0
12601    -1867.9796520102161  4269.5436519726281    0
12602    -1971.2871608647697  4173.9889478427176    0
12603    -1993.5604028735545  4238.5894528042227    0
12604    -2058.5499426935435  4130.4436771430119    0
12605    -1909.6736334720977  4150.3253823053401    0
12606    -1963.2568499207935  4102.8534395492852    0
12607    -2050.2141224856359  4067.1998483383172    0
12608    -2017.428856478268  3970.7517134128834    0
12609    -3192.3275898627053  2837.8036726347668    0
12610    -3222.9618283315108  2971.8785352595014    0
12611    -3061.0716144699918  3378.394753702923    0
12612    -3069.0688199818487  3510.3408177410106    0
12613    -2994.5897244443404  3504.4904780827464    0
12614    -3115.0441787707437  3558.7203308488797    0
12615    -3140.2540881476625  3490.8201196020086    0
12616    -3181.5997033468461  3398.3025386051222    0
12617    -3307.9217672076147  2091.8334509874589    0
12618    -3373.782007116311  3584.3525581306858    0
12619    -3642.5200187928403  3421.217172521734    24
12620    -3615.6408153512048  3349.5509129177867    0
12621    -3766.655952713339  3281.0771071967602    25
12622    -3705.0300530262589  3156.8844416824404    0
12623    -3726.8122652097841  3329.1965049762566    25
12624    -3687.2304256957909  3255.8667347482074    0
12625    -3594.4814577427114  2860.0300341157013    0
12626    -3522.9748320245722  2804.4974150644175    0
12627    -3584.4826352547361  2339.5568535422917    0
12628    -3606.8011502217259  2243.2103419075238    0
12629    -3732.0140176943682  2233.4454027877487    0
12630    -3506.0824971509765  2189.5326426799243    0
12631    -3671.4988369835637  2265.143378796161    0
12632    -3664.7536349741149  2178.6516889939262    0
12633    -3795.5179651458598  2086.8144422077935    0
12634    -3743.0872295923255  2151.1742217420788    0
12635    -3883.3947317823877  2211.9395622328352    0
12636    -3655.2104629557984  2026.049101717038    0
12637    -3821.8104669569884  2161.7699015117437    0
12638    -3681.5029647669267  2101.0045610209877    0
12639    -3941.5395677042507  2077.6828193665847    0
12640    -3569.9593363901308  2098.0421722047176    0
12641    -3869.816561670259  2102.8414573571995    0
12642    -3861.0787399529072  1963.1170346314418    0
12643    -3845.7428896367032  2034.2115050852531    0
12644    -3752.7548467744487  1976.9516830827602    0
12645    -3590.3276229980679  2170.1320371439724    0
12646    -3543.5394293913291  2240.5810205239159    0
12647    -3478.3236930540593  2249.1670345917605    0
12648    -3440.1967503276146  2195.1417618848036    0
12649    -3464.6450003441046  2092.5577920162195    0
12650    -3340.6801162839843  2186.2259444287988    0
12651    -3524.467806477991  1957.7011297232129    0
12652    -3395.8424058513579  2130.3657543563436    0
12653    -3386.5617349442628  2031.969715019512    0
12654    -3245.6016992948116  2166.3417980909567    0
12655    -3348.0851628808045  2250.7172224052156    0
12656    -3520.3602884078509  2036.5761390198168    0
12657    -3585.3735444863473  2000.4173315672303    0
12658    -3658.0740463021211  1910.2913826634228    0
12659    -3454.8605887731464  1993.6207006855343    0
12660    -3425.9887073122754  1852.2665205065794    0
12661    -3460.3592472141395  1918.871927795316    0
12662    -3555.7100322719052  1833.7814766898894    0
12663    -3355.2740347780727  1930.9284315116956    0
12664    -3250.4648479738407  2233.5477044769491    0
12665    -3144.6789881865534  2018.6113361428888    0
12666    -3284.4302127466231  1796.1258552987456    0
12667    -3132.370405777122  2135.3581247309962    0
12668    -3215.9741637282937  2078.2438518856507    0
12669    -3344.8137824278638  1850.4088532820699    0
12670    -3387.909274594434  1741.743717750076    0
12671    -3241.3347205800519  1904.7909908307402    0
12672    -3181.9460960724987  2176.5778138642904    0
12673    -3111.8050803927053  2210.5150749039526    0
12674    -3055.639652821847  2154.754294730742    0
12675    -3032.1525651913057  2222.1709857712003    0
12676    -3075.1076573363011  2070.2986890641628    0
12677    -3037.0252655249146  1946.3743907125568    0
12678    -3000.0039771521106  2097.4580168691082    0
12679    -3078.0422049434014  2001.5833132335977    0
12680    -3135.3664486322859  1916.1537841317195    0
12681    -2999.3355908970452  2017.2166050669534    0
12682    -3228.0064692431902  1991.4226811864426    0
12683    -3289.4330318897128  1956.5320153034452    0
12684    -3178.3192882876328  1816.9215229962058    0
12685    -3069.1455413813801  1875.7804817726721    0
12686    -3316.6583159521902  2021.7256682778293    0
12687    -3184.9438146454518  1878.7011921335481    0
12688    -3236.1718525318079  1841.9630960410573    0
12689    -3127.6409395856144  1853.6006768745169    0
12690    -3116.3237129789741  1784.6141881757303    0
12691    -3547.3789278226222  2964.1951609702664    0
12692    -3476.4271961545865  2982.9329876969337    0
12693    -3680.4844464183279  2978.7731893640648    0
12694    -3717.234006118113  3064.4556606792453    0
12695    -3785.647188490504  3120.508756118862    0
12696    -3886.1870152240035  3136.7189138582717    25
12697    -3848.3698709458386  3064.8503415828141    0
12698    -3782.8982499694166  3032.6527611209199    0
12699    -3935.1007774057789  2439.1479007386765    0
12700    -4402.4022384650216  2357.2031301382349    27
12701    -4168.3315840293026  2574.7601541517802    0
12702    -4134.9159651524997  2634.4881605881974    0
12703    -915.70727522067796  -1049.4356290737023    0
12704    -3298.6059675501551  1635.4148958767751    0
12705    -3309.9283942711486  1168.3325080466705    0
12706    -3312.3492802136902  1093.8161857446253    0
12707    -3516.8289484142574  1191.6423406755473    0
12708    -3450.9148126034343  1152.5599002168058    0
12709    -3625.6226429037438  1415.6547382900328    0
12710    -3575.9179955656741  1345.7431348785949    0
12711    3827.6091946199081  907.3708909264999    0
12712    139.3416100613415  1916.0716942133886    0
12713    101.93537315721738  1813.6551560101016    0
12714    38.525121440703892  1835.388277327304    0
12715    34.14513772371636  1767.1494278788314    0
12716    2789.1895874650727  -1797.674163063258    0
12717    -1556.3931642110072  4748.717652931311    19
12718    -1511.3907397655569  4705.0922560330582    0
12719    -1300.5558788437552  4752.0044088106724    0
12720    -1658.0397483278502  4400.1680885924297    0
12721    -1956.9662995533204  4446.470841351269    0
12722    -2468.793480466341  4344.8518708548736    21
12723    2417.6954000473065  1668.5780818282881    0
12724    2502.0411398514316  1647.2533168257246    0
12725    2512.6252960168263  1557.9274641190857    0
12726    2584.513260164797  1607.0288634774722    0
12727    2446.4164741759005  1523.3490541445865    0
12728    2634.9097695608839  1650.4352812798661    0
12729    1377.6157852588342  3025.9483545177068    0
12730    -1413.7765612988489  -2861.3267226003504    0
12731    482.88193768163399  2089.8666608682947    0
12732    -1519.3095349130754  -3706.1421032789713    0
12733    -1574.8187567823636  -3662.3900764665182    0
12734    -1543.392252365479  -3944.329074526559    0
12735    -1362.1360240400859  -4184.6886429180331    0
12736    981.23630589751883  4455.0860016791275    0
12737    41.655786291690305  -1898.2097071493317    0
12738    1792.9410939406919  3152.1937407046066    0
12739    508.69702639676029  -1975.0059196603793    0
12740    550.95128074821957  -1924.8883013739526    0
12741    444.05396345570034  -1964.1214312893105    0
12742    416.82331363466938  -1882.8368695075878    0
12743    1318.7864430364546  -3352.6699489721391    0
12744    -42.034830558285691  -1227.002365711669    0
12745    -2974.4865126419709  -3915.320960806911    0
12746    -2909.7729893003079  -3877.8955153967668    0
12747    -2833.6432556752502  -3885.4864216767628    0
12748    2290.0584986689914  4127.8603508084716    0
12749    -1415.9930117075473  -4790.4204241670559    45
12750    1525.5915521815243  -4116.803235135355    0
12751    -1519.5067497478212  -4392.3663587441933    0
12752    -1526.8388909645348  -4467.2158627411309    0
12753    2726.2145935961007  -1811.1175774570791    0
12754    -1422.287152062853  -4366.1860446819519    0
12755    -1342.8887803530922  -4579.0490619252632    0
12756    -769.81275072695962  -4613.7511306026627    0
12757    -704.03905939644301  -4735.6711127606677    0
12758    1600.3951917470006  -4340.3911743511371    0
12759    1564.0168053036584  -4244.9922579034619    0
12760    1628.9992702581385  -4214.7058180516206    0
12761    1457.2236934865978  -4342.7029417931644    0
12762    1451.6179159192327  -4427.6422903077009    0
12763    1485.00636551913  -4492.7757590688816    0
12764    1543.1420447724674  -4440.2159171467092    0
12765    401.87468032891979  -1740.4448128517024    0
12766    2421.0839913285463  -903.04505181797265    0
12767    -615.26216267223583  671.32814887257268    0
12768    -1766.0579911465597  -1438.8193981519723    0
12769    -1813.6015946746911  -1493.2972829198072    0
12770    -1590.9304981630382  -2615.1855149738562    0
12771    -3752.7499218512389  -1319.9491583673687    0
12772    -4321.0542388403946  -1949.8652287053742    0
12773    -3194.8791071875544  -2181.337727327455    0
12774    -4076.7061424785302  1299.9909131314737    0
12775    -4265.1427434389479  1381.7530653303975    0
12776    -4160.4697710092496  1556.264682532734    0
12777    -4176.1132805662592  1622.5189076789322    0
12778    -4114.5803594965892  1700.1136572914722    0
12779    -4242.8183519134045  1641.2635490141956    0
12780    -4191.0194514107825  1697.5348467017686    0
12781    -4045.2579128458478  1834.4991298674938    0
12782    -4247.3631893987476  1731.2672540022529    0
12783    -4056.6323354317465  1755.2939492952596    0
12784    -3943.7582389859426  1774.3869754786831    0
12785    -4115.0348731994363  1804.1002795889522    0
12786    -4119.1369501176769  1908.7979104713872    0
12787    -4180.7892511581722  1865.3322518867355    0
12788    -3996.1116026043828  1957.2480159958218    0
12789    -4135.6989312919341  2101.0751897805367    0
12790    -4047.1702219378476  1906.477847089611    0
12791    -3962.8163657979167  1872.7041737417089    0
12792    -4080.4654587443138  1991.0216893437239    0
12793    -3846.485012407451  1844.2484793134811    0
12794    -3927.5194668388945  1935.4329958122489    0
12795    -3918.8127644521078  2008.1069461351174    0
12796    -4012.9369916774572  2037.4534041178476    0
12797    -4030.964026004292  2152.9182396051337    0
12798    -3911.1994348065887  1831.7040243205013    0
12799    -3865.215141636344  1767.6767657722394    0
12800    -3720.1095524765988  1772.7592704334443    0
12801    -3793.3791118035751  1790.6816630673661    0
12802    -3804.4084090694923  1701.4606903724434    0
12803    -3736.8465610868652  1863.0656836774833    0
12804    -3831.1045895545785  1638.6826259227037    0
12805    -3753.6407104326654  1613.0106628963001    0
12806    -3682.7339346191989  1613.5643102654915    0
12807    -3688.5211776464671  1696.1905710393053    0
12808    -3602.4768285230366  1746.0294774278457    0
12809    -3562.3213111537225  1687.8504626654396    0
12810    -3495.4056376058415  1757.9341718776941    0
12811    -3642.8732669082187  1823.8964817551991    0
12812    -3447.8473724003829  1708.7410556270488    0
12813    -3429.2026786529864  1640.481203035238    0
12814    -3488.3444402295872  1825.4453125534076    0
12815    -4601.689174523668  -1555.2311969596208    0
12816    -4515.2682276971082  -1522.8760122456024    0
12817    -4517.5692821395587  -1443.850324986767    0
12818    -4582.3204791582302  -1402.6374270016229    0
12819    -4649.257860895621  -1220.0883102028552    0
12820    -2824.3014213529191  -3759.3751149342556    0
12821    -2899.2426218406526  -3748.0395462842293    0
12822    -2791.8779901627522  -3825.1785731260597    0
12823    -2725.9154056770103  -3828.964406448189    0
12824    -4727.0197824877168  436.30378938121038    0
12825    -4705.0101010711332  515.74548898185958    0
12826    -4769.588712505215  543.25221557885777    0
12827    -4502.400278765861  1982.476105225724    0
12828    -4419.9085949925484  1975.2991783229711    0
12829    -4544.2045842425541  2079.1545698704458    28
12830    1840.6152065332144  1587.9799388771805    0
12831    1738.5688398059619  1456.2034275137248    0
12832    -2892.411299719658  1927.1242178486664    0
12833    -2844.4864956257497  1984.8920127093206    0
12834    -2865.2327980621872  2060.2221573547545    0
12835    -2963.6176901300696  1945.0173362697412    0
12836    -2325.2402437337641  2758.7077258401232    0
12837    -2771.0833690170039  3785.7053019815226    0
12838    -1796.8454978597397  3861.0496175149397    0
12839    -1718.7611169029817  3890.7559506869311    0
12840    -2840.0104753862415  3707.9127475951345    0
12841    -1909.2129064990004  3998.8784475206098    0
12842    -1834.6902426019424  4027.4736276023855    0
12843    -3806.499640216894  3232.9577094172637    25
12844    -3742.2335192325763  3220.2995854298274    0
12845    -3644.1690393323897  3109.9882011241311    0
12846    -3635.5240546373307  3184.1477216673429    0
12847    -3815.54835561052  2277.9066659636492    0
12848    -3834.7466822414644  2348.958561097189    0
12849    -3891.9342452092064  2295.386741799809    0
12850    -3984.757469840622  2320.1208819900598    0
12851    -4137.6411987178735  2338.0610904744226    0
12852    -4058.2533431050351  2354.1962750780031    0
12853    -4110.9846181929051  2410.2746512905478    0
12854    -4078.2067630808851  2249.002023002542    0
12855    -4186.8179279397409  2476.0753884953028    0
12856    -4188.2878010250761  2397.7832674380202    0
12857    -4343.4230026548794  2467.3549946227777    27
12858    -4268.8354442856889  2278.1397247616442    0
12859    -4263.262598656459  2438.3507187663677    0
12860    -4211.6887854765755  2326.6021929609315    0
12861    -4288.3019724034057  2359.0192776339609    0
12862    -4178.6885401648997  2229.7637599976993    0
12863    -4251.7297616457618  2511.296228578196    0
12864    -4107.1497638844539  2175.1151386046677    0
12865    -3991.473793676585  2231.9910156088777    0
12866    -4135.315122884942  2275.2518114909976    0
12867    -4295.205836306809  2120.8186587530477    0
12868    -4255.3893803056235  2195.0152201876972    0
12869    -4461.3814742751638  2247.0512656536921    27
12870    -4213.7281885499633  2124.8766469643297    0
12871    -4358.3929894948542  2221.0033068577632    0
12872    -4249.7445751048435  2028.0289730676395    0
12873    -4345.9385282966423  2300.237729869556    0
12874    -4428.9135334771463  2158.8010473285649    0
12875    -4327.1910639536809  2047.6163975499792    0
12876    -4370.4921297138253  2110.1254961340924    0
12877    -4281.1383180074381  1965.6687219909304    0
12878    -4320.8227042727995  1907.8178606910162    0
12879    -4167.7993213722648  1997.2010147410322    0
12880    -4463.7809932390446  2102.5220193800674    0
12881    -3732.7935818943652  2047.9753954194946    0
12882    -3687.5918159989415  1968.9358641223109    0
12883    -3581.3913075160276  1906.1543289417386    0
12884    -3220.5818986742852  1751.4526280373377    0
12885    -3293.0085632971063  1715.9018450405808    0
12886    -3118.4846056317547  1714.9479435554663    0
12887    -4249.6030557059785  2629.3635917838783    26
12888    -4093.5622360907419  2559.3437324387182    0
12889    -3328.8331117496296  1559.7470695836153    0
12890    -3262.2372791238754  1537.9279816297396    0
12891    -3226.092320982953  1626.7831791617305    0
12892    -3361.1837310681158  1049.186246198456    0
12893    1413.7140101143534  2968.4044764393107    0
12894    -2775.4678964563604  -3932.5032361727076    0
12895    -1458.3098346758416  -4707.1263933131149    0
12896    -1338.7811090788293  -4698.7972084653129    0
12897    -1434.1886252566862  -4612.8176210688853    0
12898    -1396.7823094183211  -4728.264224307286    0
12899    -1355.6573426152727  -4806.6254515267938    45
12900    -1310.38150539617  -4758.4768136544008    0
12901    -1174.6503353384478  -4855.2405336060092    45
12902    -1218.7858308353693  -4678.2923482270671    0
12903    -1218.5817684587287  -4770.9331015015332    0
12904    -1372.2398662550827  -4640.0004052642125    0
12905    -1299.4618823787614  -4637.5039321044578    0
12906    -1217.5509722730931  -4531.2925869285873    0
12907    -1232.2148902862095  -4604.6744712849941    0
12908    -1116.6912865725178  -4621.6349220778393    0
12909    -1417.0625345758694  -4518.8136336152365    0
12910    -1493.2719856115957  -4589.1732498671381    0
12911    -1095.2414964818415  -4760.2619432785104    0
12912    -1328.0146082550104  -4484.9466430648408    0
12913    -1154.6929841525066  -4791.241288625768    0
12914    -1114.3146662461731  -4871.4455609657471    45
12915    -1068.701913337783  -4822.0424954956925    0
12916    -1155.5471068214772  -4717.0667555694417    0
12917    -992.32695184406987  -4897.7511420557148    46
12918    -1392.3224576820703  -4446.5198741965314    0
12919    -1286.0755773270243  -4539.802421924247    0
12920    -1259.2307624407279  -4475.8189184634093    0
12921    -1168.9285780660973  -4451.3657006892163    0
12922    -1006.7615957251546  -4835.934932209002    0
12923    -1126.9729345226024  -4531.6416418979752    0
12924    -1086.6236105911967  -4447.5720802310943    0
12925    -1050.0990384278487  -4389.0720825725239    0
12926    -1040.0026057791822  -4511.8497015111134    0
12927    -1200.9589283885259  -4376.2561212982591    0
12928    -1273.0085974967601  -4370.0613725507737    0
12929    -1169.8982060161688  -4582.1297883643356    0
12930    -1072.3527176038917  -4570.9853076990057    0
12931    -1050.401852660767  -4634.9328035759017    0
12932    -1095.1324274279746  -4686.0389237218824    0
12933    -972.10128973055578  -4657.8046987323842    0
12934    -1025.7807330427395  -4723.2524243888065    0
12935    -932.14841829478382  -4600.8958936492354    0
12936    -941.2186686572262  -4720.1990516980513    0
12937    1496.2000406384509  -4230.9506563329369    0
12938    -3950.5856257424566  1705.8469817997488    0
12939    -4064.311594020041  2088.5721655615093    0
12940    -3948.3492845420674  2160.3512731513119    0
12941    -3799.5509857225902  1912.3608326454387    0
12942    -3362.5693706442626  1672.3597807131298    0
12943    -1848.2873127988091  3949.6630470073969    0
12944    -4372.9126205599505  2412.2790623805063    27
12945    -853.96120980775493  1025.0759274381269    0
12946    -901.58869825744728  977.01347966335595    0
12947    2384.1679158746051  1061.6426827891926    0
12948    3187.1095702316993  834.62229630102104    0
12949    3188.2470965068669  904.34640963486356    0
12950    1632.0656089027134  1467.2058608154296    0
12951    -1381.8217038543555  -1489.5192083311317    0
12952    3712.189221490959  1172.7088346735175    0
12953    3672.9396966184377  1229.4082473581252    0
12954    4853.701219571496  28.119178972518519    0
12955    -921.36864409535303  4552.1798257700511    0
12956    3438.8156415242684  1630.3466211391278    0
12957    3205.9234153414432  1889.5296022327013    0
12958    -1751.559017538005  -3144.9179736973674    0
12959    3226.986647718993  2603.1594372740024    0
12960    -603.47454432301674  -1700.5378000948003    0
12961    1958.0325679019058  4299.9029916993068    0
12962    1927.9922798823854  4241.0806359987128    0
12963    1112.8935804866371  -1854.2238912547086    0
12964    2043.4833408527713  4170.5609990388875    0
12965    2212.1313049521491  -2607.6447740026611    0
12966    2217.8488472038234  -2673.9600983643832    0
12967    1759.5592547382228  -1547.1079083929062    0
12968    1728.0083567092147  -1358.3138936641869    0
12969    2745.5348299254142  -3390.3798709542698    0
12970    2671.9073118071287  -3411.1118209025817    0
12971    2708.4880099769816  -3463.4129565763992    0
12972    3925.1712624908282  -2029.2197989947842    0
12973    -2809.3098513280083  -1114.9401743677165    0
12974    -3223.4604975186858  1057.9123538512308    0
12975    -3173.6401765499336  1108.3602645676565    0
12976    -3722.4382568274232  -2875.9096492016838    0
12977    -3794.6589864570983  -2832.0837602036763    0
12978    -4304.7641797412234  1495.1976075563496    0
# Generated by C:\Users\lukem\mf6\modflow_exe\triangle.exe -a -q30 -A -p -V -D -e -n _triangle.0
