       PID    CELLID                    PTIME                       PX                       PY                    PZGLO                    PZLOC                  PVX_ADV                  PVY_ADV                  PVZ_ADV    PLAYER                  PTSTART   locname                                              PTERM
         1         1    3.00000000000000e+003    1.36351782705652e+006    1.00985226009077e+005    4.58333333330000e+002    1.00000000000000e+000    0.00000000000000e+000    0.00000000000000e+000    0.00000000000000e+000         1    3.00000000000000e+003         1 Starting_Location                                 
         1     17691    3.00000000000000e+003    1.36351782705652e+006    1.00985226009077e+005    7.21005078962266e+002    1.00000000000000e+000   -0.00000000000000e+000   -0.00000000000000e+000   -0.00000000000000e+000         1    3.00000000000000e+003         1 Internal sink/source: {UZF-GWRCH}                 
         2         2    3.00000000000000e+003    1.36356819340471e+006    1.01329771727700e+005    4.63499267580000e+002    1.00000000000000e+000    0.00000000000000e+000    0.00000000000000e+000    0.00000000000000e+000         1    3.00000000000000e+003         2 Starting_Location                                 
         2     17692    3.00000000000000e+003    1.36356819340471e+006    1.01329771727700e+005    7.21345501117621e+002    1.00000000000000e+000   -0.00000000000000e+000   -0.00000000000000e+000   -0.00000000000000e+000         1    3.00000000000000e+003         2 Internal sink/source: {RCH} {UZF-GWRCH}           
         3         3    3.00000000000000e+003    1.36377914590257e+006    1.02148346911850e+005    4.66748338733717e+002    1.00000000000000e+000    0.00000000000000e+000    0.00000000000000e+000    0.00000000000000e+000         1    3.00000000000000e+003         3 Starting_Location                                 
         3     17695    3.00000000000000e+003    1.36377914590257e+006    1.02148346911850e+005    8.02518371580000e+002    1.00000000000000e+000   -0.00000000000000e+000   -0.00000000000000e+000   -0.00000000000000e+000         1    3.00000000000000e+003         3 Inactive_Cell                                     
         4         4    3.00000000000000e+003    1.36637220717913e+006    9.83484201535539e+004    4.68625222919899e+002    1.00000000000000e+000    0.00000000000000e+000    0.00000000000000e+000    0.00000000000000e+000         1    3.00000000000000e+003         4 Starting_Location                                 
         4     17921    3.00000000000000e+003    1.36637220717913e+006    9.83484201535539e+004    7.28457727590668e+002    1.00000000000000e+000   -0.00000000000000e+000   -0.00000000000000e+000   -0.00000000000000e+000         1    3.00000000000000e+003         4 Internal sink/source: {UZF-GWRCH}                 
         5         5    3.00000000000000e+003    1.36671833391655e+006    9.83620743407121e+004    4.70415595553424e+002    1.00000000000000e+000    0.00000000000000e+000    0.00000000000000e+000    0.00000000000000e+000         1    3.00000000000000e+003         5 Starting_Location                                 
         5     17922    3.00000000000000e+003    1.36671833391655e+006    9.83620743407121e+004    7.46295019710615e+002    1.00000000000000e+000   -0.00000000000000e+000   -0.00000000000000e+000   -0.00000000000000e+000         1    3.00000000000000e+003         5 Internal sink/source: {UZF-GWRCH}                 
         6         6    3.00000000000000e+003    1.36410139397366e+006    9.84584543099182e+004    4.72243441325107e+002    1.00000000000000e+000    0.00000000000000e+000    0.00000000000000e+000    0.00000000000000e+000         1    3.00000000000000e+003         6 Starting_Location                                 
         6     17945    3.00000000000000e+003    1.36410139397366e+006    9.84584543099182e+004    7.21714327703397e+002    1.00000000000000e+000   -0.00000000000000e+000   -0.00000000000000e+000   -0.00000000000000e+000         1    3.00000000000000e+003         6 Internal sink/source: {UZF-GWRCH}                 
         7         7    3.00000000000000e+003    1.36503925721041e+006    9.83547165318034e+004    4.73856353760000e+002    1.00000000000000e+000    0.00000000000000e+000    0.00000000000000e+000    0.00000000000000e+000         1    3.00000000000000e+003         7 Starting_Location                                 
         7     17946    3.00000000000000e+003    1.36503925721041e+006    9.83547165318034e+004    7.23393791411781e+002    1.00000000000000e+000   -0.00000000000000e+000   -0.00000000000000e+000   -0.00000000000000e+000         1    3.00000000000000e+003         7 Internal sink/source: {UZF-GWRCH}                 
         8         8    3.00000000000000e+003    1.36389174936948e+006    1.02584016825923e+005    4.75705181962473e+002    1.00000000000000e+000    0.00000000000000e+000    0.00000000000000e+000    0.00000000000000e+000         1    3.00000000000000e+003         8 Starting_Location                                 
         8     17774    3.00000000000000e+003    1.36389174936948e+006    1.02584016825923e+005    8.25138488770000e+002    1.00000000000000e+000   -0.00000000000000e+000   -0.00000000000000e+000   -0.00000000000000e+000         1    3.00000000000000e+003         8 Inactive_Cell                                     
         9         9    3.00000000000000e+003    1.36471794063031e+006    9.83758281011600e+004    4.76958007810000e+002    1.00000000000000e+000    0.00000000000000e+000    0.00000000000000e+000    0.00000000000000e+000         1    3.00000000000000e+003         9 Starting_Location                                 
         9     17784    3.00000000000000e+003    1.36471794063031e+006    9.83758281011600e+004    7.22719388277265e+002    1.00000000000000e+000   -0.00000000000000e+000   -0.00000000000000e+000   -0.00000000000000e+000         1    3.00000000000000e+003         9 Internal sink/source: {UZF-GWRCH}                 
        10        10    3.00000000000000e+003    1.36373924385268e+006    9.84662277085907e+004    4.78497283703693e+002    1.00000000000000e+000    0.00000000000000e+000    0.00000000000000e+000    0.00000000000000e+000         1    3.00000000000000e+003        10 Starting_Location                                 
        10     17867    3.00000000000000e+003    1.36373924385268e+006    9.84662277085907e+004    7.20890553444426e+002    1.00000000000000e+000   -0.00000000000000e+000   -0.00000000000000e+000   -0.00000000000000e+000         1    3.00000000000000e+003        10 Internal sink/source: {UZF-GWRCH}                 
        11        11    3.00000000000000e+003    1.36604744364942e+006    9.83360245989840e+004    4.79522096135113e+002    1.00000000000000e+000    0.00000000000000e+000    0.00000000000000e+000    0.00000000000000e+000         1    3.00000000000000e+003        11 Starting_Location                                 
        11     17920    3.00000000000000e+003    1.36604744364942e+006    9.83360245989840e+004    7.25365688191734e+002    1.00000000000000e+000   -0.00000000000000e+000   -0.00000000000000e+000   -0.00000000000000e+000         1    3.00000000000000e+003        11 Internal sink/source: {UZF-GWRCH}                 
        12        12    3.00000000000000e+003    1.36578272257357e+006    9.83307765019317e+004    4.80982511232204e+002    1.00000000000000e+000    0.00000000000000e+000    0.00000000000000e+000    0.00000000000000e+000         1    3.00000000000000e+003        12 Starting_Location                                 
        12     18052    3.00000000000000e+003    1.36578272257357e+006    9.83307765019317e+004    7.24787561869736e+002    1.00000000000000e+000   -0.00000000000000e+000   -0.00000000000000e+000   -0.00000000000000e+000         1    3.00000000000000e+003        12 Internal sink/source: {UZF-GWRCH}                 
        13        13    3.00000000000000e+003    1.36382918410786e+006    1.02347290461084e+005    4.82822102576304e+002    1.00000000000000e+000    0.00000000000000e+000    0.00000000000000e+000    0.00000000000000e+000         1    3.00000000000000e+003        13 Starting_Location                                 
        13     18072    3.00000000000000e+003    1.36382918410786e+006    1.02347290461084e+005    8.05197631840000e+002    1.00000000000000e+000   -0.00000000000000e+000   -0.00000000000000e+000   -0.00000000000000e+000         1    3.00000000000000e+003        13 Inactive_Cell                                     
        14        14    3.00000000000000e+003    1.36376043167649e+006    9.85749931694956e+004    4.84448050729887e+002    1.00000000000000e+000    0.00000000000000e+000    0.00000000000000e+000    0.00000000000000e+000         1    3.00000000000000e+003        14 Starting_Location                                 
        14     18092    3.00000000000000e+003    1.36376043167649e+006    9.85749931694956e+004    7.21192840122192e+002    1.00000000000000e+000   -0.00000000000000e+000   -0.00000000000000e+000   -0.00000000000000e+000         1    3.00000000000000e+003        14 Internal sink/source: {UZF-GWRCH}                 
        15        15    3.00000000000000e+003    1.36610404958979e+006    9.83403652584310e+004    4.87426848214028e+002    1.00000000000000e+000    0.00000000000000e+000    0.00000000000000e+000    0.00000000000000e+000         1    3.00000000000000e+003        15 Starting_Location                                 
        15     18111    3.00000000000000e+003    1.36610404958979e+006    9.83403652584310e+004    7.25611995813507e+002    1.00000000000000e+000   -0.00000000000000e+000   -0.00000000000000e+000   -0.00000000000000e+000         1    3.00000000000000e+003        15 Internal sink/source: {UZF-GWRCH}                 
        16        16    3.00000000000000e+003    1.36349556050469e+006    1.00199020204301e+005    4.91643808722917e+002    1.00000000000000e+000    0.00000000000000e+000    0.00000000000000e+000    0.00000000000000e+000         1    3.00000000000000e+003        16 Starting_Location                                 
        16     17967    3.00000000000000e+003    1.36349556050469e+006    1.00199020204301e+005    7.22523132524344e+002    1.00000000000000e+000   -0.00000000000000e+000   -0.00000000000000e+000   -0.00000000000000e+000         1    3.00000000000000e+003        16 Internal sink/source: {UZF-GWRCH}                 
        17        17    3.00000000000000e+003    1.36723392577146e+006    9.83986904532874e+004    5.00097188924036e+002    1.00000000000000e+000    0.00000000000000e+000    0.00000000000000e+000    0.00000000000000e+000         1    3.00000000000000e+003        17 Starting_Location                                 
        17     17975    3.00000000000000e+003    1.36723392577146e+006    9.83986904532874e+004    7.77357812432552e+002    1.00000000000000e+000   -0.00000000000000e+000   -0.00000000000000e+000   -0.00000000000000e+000         1    3.00000000000000e+003        17 Internal sink/source: {UZF-GWRCH}                 
        18        18    3.00000000000000e+003    1.36716136278028e+006    9.83899184602762e+004    5.03182287459594e+002    1.00000000000000e+000    0.00000000000000e+000    0.00000000000000e+000    0.00000000000000e+000         1    3.00000000000000e+003        18 Starting_Location                                 
        18     17976    3.00000000000000e+003    1.36716136278028e+006    9.83899184602762e+004    7.71432166728457e+002    1.00000000000000e+000   -0.00000000000000e+000   -0.00000000000000e+000   -0.00000000000000e+000         1    3.00000000000000e+003        18 Internal sink/source: {UZF-GWRCH}                 
        19        19    3.00000000000000e+003    1.36550405647777e+006    9.83204063229147e+004    5.05239991390143e+002    1.00000000000000e+000    0.00000000000000e+000    0.00000000000000e+000    0.00000000000000e+000         1    3.00000000000000e+003        19 Starting_Location                                 
        19     18012    3.00000000000000e+003    1.36550405647777e+006    9.83204063229147e+004    7.24037586109630e+002    1.00000000000000e+000   -0.00000000000000e+000   -0.00000000000000e+000   -0.00000000000000e+000         1    3.00000000000000e+003        19 Internal sink/source: {UZF-GWRCH}                 
        20        20    3.00000000000000e+003    1.36587200704931e+006    9.82660231402847e+004    5.06250815704178e+002    1.00000000000000e+000    0.00000000000000e+000    0.00000000000000e+000    0.00000000000000e+000         1    3.00000000000000e+003        20 Starting_Location                                 
        20     11646    3.00000000000000e+003    1.36587200704931e+006    9.82660231402847e+004    7.23620572852942e+002    1.00000000000000e+000   -0.00000000000000e+000   -0.00000000000000e+000   -0.00000000000000e+000         1    3.00000000000000e+003        20 Internal sink/source: {UZF-GWRCH}                 
        21        21    3.00000000000000e+003    1.36620058062922e+006    9.82783869476153e+004    5.06704266495471e+002    1.00000000000000e+000    0.00000000000000e+000    0.00000000000000e+000    0.00000000000000e+000         1    3.00000000000000e+003        21 Starting_Location                                 
        21     11648    3.00000000000000e+003    1.36620058062922e+006    9.82783869476153e+004    7.24407486567865e+002    1.00000000000000e+000   -0.00000000000000e+000   -0.00000000000000e+000   -0.00000000000000e+000         1    3.00000000000000e+003        21 Internal sink/source: {UZF-GWRCH}                 
        22        22    3.00000000000000e+003    1.36723697409140e+006    9.83227863400673e+004    5.07177882211839e+002    1.00000000000000e+000    0.00000000000000e+000    0.00000000000000e+000    0.00000000000000e+000         1    3.00000000000000e+003        22 Starting_Location                                 
        22     11655    3.00000000000000e+003    1.36723697409140e+006    9.83227863400673e+004    7.78130987676675e+002    1.00000000000000e+000   -0.00000000000000e+000   -0.00000000000000e+000   -0.00000000000000e+000         1    3.00000000000000e+003        22 Internal sink/source: {UZF-GWRCH}                 
        23        23    3.00000000000000e+003    1.36537903995152e+006    9.82754071248194e+004    5.07646465337412e+002    1.00000000000000e+000    0.00000000000000e+000    0.00000000000000e+000    0.00000000000000e+000         1    3.00000000000000e+003        23 Starting_Location                                 
        23     12443    3.00000000000000e+003    1.36537903995152e+006    9.82754071248194e+004    7.23052051780676e+002    1.00000000000000e+000   -0.00000000000000e+000   -0.00000000000000e+000   -0.00000000000000e+000         1    3.00000000000000e+003        23 Internal sink/source: {UZF-GWRCH}                 
        24        24    3.00000000000000e+003    1.36571107047241e+006    9.82656206233810e+004    5.08109173374970e+002    1.00000000000000e+000    0.00000000000000e+000    0.00000000000000e+000    0.00000000000000e+000         1    3.00000000000000e+003        24 Starting_Location                                 
        24     10293    3.00000000000000e+003    1.36571107047241e+006    9.82656206233810e+004    7.23391946908308e+002    1.00000000000000e+000   -0.00000000000000e+000   -0.00000000000000e+000   -0.00000000000000e+000         1    3.00000000000000e+003        24 Internal sink/source: {UZF-GWRCH}                 
        25        25    3.00000000000000e+003    1.36699150199587e+006    9.83142505532864e+004    5.08488372090000e+002    1.00000000000000e+000    0.00000000000000e+000    0.00000000000000e+000    0.00000000000000e+000         1    3.00000000000000e+003        25 Starting_Location                                 
        25     10309    3.00000000000000e+003    1.36699150199587e+006    9.83142505532864e+004    7.59407149459228e+002    1.00000000000000e+000   -0.00000000000000e+000   -0.00000000000000e+000   -0.00000000000000e+000         1    3.00000000000000e+003        25 Internal sink/source: {UZF-GWRCH}                 
        26        26    3.00000000000000e+003    1.36709010307057e+006    9.83147426053809e+004    5.08932499063083e+002    1.00000000000000e+000    0.00000000000000e+000    0.00000000000000e+000    0.00000000000000e+000         1    3.00000000000000e+003        26 Starting_Location                                 
        26     10311    3.00000000000000e+003    1.36709010307057e+006    9.83147426053809e+004    7.67742348334317e+002    1.00000000000000e+000   -0.00000000000000e+000   -0.00000000000000e+000   -0.00000000000000e+000         1    3.00000000000000e+003        26 Internal sink/source: {UZF-GWRCH}                 
        27        27    3.00000000000000e+003    1.36713116717314e+006    9.83265695020817e+004    5.09304961707719e+002    1.00000000000000e+000    0.00000000000000e+000    0.00000000000000e+000    0.00000000000000e+000         1    3.00000000000000e+003        27 Starting_Location                                 
        27     15427    3.00000000000000e+003    1.36713116717314e+006    9.83265695020817e+004    7.71079911506066e+002    1.00000000000000e+000   -0.00000000000000e+000   -0.00000000000000e+000   -0.00000000000000e+000         1    3.00000000000000e+003        27 Internal sink/source: {UZF-GWRCH}                 
        28        28    3.00000000000000e+003    1.36548236771464e+006    9.82636382250379e+004    5.09665027201364e+002    1.00000000000000e+000    0.00000000000000e+000    0.00000000000000e+000    0.00000000000000e+000         1    3.00000000000000e+003        28 Starting_Location                                 
        28     15576    3.00000000000000e+003    1.36548236771464e+006    9.82636382250379e+004    7.23110978799010e+002    1.00000000000000e+000   -0.00000000000000e+000   -0.00000000000000e+000   -0.00000000000000e+000         1    3.00000000000000e+003        28 Internal sink/source: {UZF-GWRCH}                 
        29        29    3.00000000000000e+003    1.36728105803301e+006    9.83322905272676e+004    5.09904953520000e+002    1.00000000000000e+000    0.00000000000000e+000    0.00000000000000e+000    0.00000000000000e+000         1    3.00000000000000e+003        29 Starting_Location                                 
        29     15577    3.00000000000000e+003    1.36728105803301e+006    9.83322905272676e+004    7.79922775338827e+002    1.00000000000000e+000   -0.00000000000000e+000   -0.00000000000000e+000   -0.00000000000000e+000         1    3.00000000000000e+003        29 Internal sink/source: {UZF-GWRCH}                 
        30        30    3.00000000000000e+003    1.36530863945305e+006    9.82807021521804e+004    5.10306777293940e+002    1.00000000000000e+000    0.00000000000000e+000    0.00000000000000e+000    0.00000000000000e+000         1    3.00000000000000e+003        30 Starting_Location                                 
        30     16040    3.00000000000000e+003    1.36530863945305e+006    9.82807021521804e+004    7.23095388906396e+002    1.00000000000000e+000   -0.00000000000000e+000   -0.00000000000000e+000   -0.00000000000000e+000         1    3.00000000000000e+003        30 Internal sink/source: {UZF-GWRCH}                 
        31        31    3.00000000000000e+003    1.36575716762439e+006    9.82741267712112e+004    5.10607772886309e+002    1.00000000000000e+000    0.00000000000000e+000    0.00000000000000e+000    0.00000000000000e+000         1    3.00000000000000e+003        31 Starting_Location                                 
        31     15423    3.00000000000000e+003    1.36575716762439e+006    9.82741267712112e+004    7.23645895243266e+002    1.00000000000000e+000   -0.00000000000000e+000   -0.00000000000000e+000   -0.00000000000000e+000         1    3.00000000000000e+003        31 Internal sink/source: {UZF-GWRCH}                 
        32        32    3.00000000000000e+003    1.36608281400935e+006    9.82845929245852e+004    5.10882452245912e+002    1.00000000000000e+000    0.00000000000000e+000    0.00000000000000e+000    0.00000000000000e+000         1    3.00000000000000e+003        32 Starting_Location                                 
        32     15424    3.00000000000000e+003    1.36608281400935e+006    9.82845929245852e+004    7.24271790787838e+002    1.00000000000000e+000   -0.00000000000000e+000   -0.00000000000000e+000   -0.00000000000000e+000         1    3.00000000000000e+003        32 Internal sink/source: {UZF-GWRCH}                 
        33        33    3.00000000000000e+003    1.36640757753905e+006    9.82969884791530e+004    5.11112064160677e+002    1.00000000000000e+000    0.00000000000000e+000    0.00000000000000e+000    0.00000000000000e+000         1    3.00000000000000e+003        33 Starting_Location                                 
        33     15425    3.00000000000000e+003    1.36640757753905e+006    9.82969884791530e+004    7.27696888777057e+002    1.00000000000000e+000   -0.00000000000000e+000   -0.00000000000000e+000   -0.00000000000000e+000         1    3.00000000000000e+003        33 Internal sink/source: {UZF-GWRCH}                 
        34        34    3.00000000000000e+003    1.36675732287874e+006    9.83103375379210e+004    5.11332093179773e+002    1.00000000000000e+000    0.00000000000000e+000    0.00000000000000e+000    0.00000000000000e+000         1    3.00000000000000e+003        34 Starting_Location                                 
        34     15426    3.00000000000000e+003    1.36675732287874e+006    9.83103375379210e+004    7.50123328856432e+002    1.00000000000000e+000   -0.00000000000000e+000   -0.00000000000000e+000   -0.00000000000000e+000         1    3.00000000000000e+003        34 Internal sink/source: {UZF-GWRCH}                 
        35        35    3.00000000000000e+003    1.36592004064293e+006    9.83079323536863e+004    5.11614379162178e+002    1.00000000000000e+000    0.00000000000000e+000    0.00000000000000e+000    0.00000000000000e+000         1    3.00000000000000e+003        35 Starting_Location                                 
        35     16087    3.00000000000000e+003    1.36592004064293e+006    9.83079323536863e+004    7.24499149544203e+002    1.00000000000000e+000   -0.00000000000000e+000   -0.00000000000000e+000   -0.00000000000000e+000         1    3.00000000000000e+003        35 Internal sink/source: {UZF-GWRCH}                 
        36        36    3.00000000000000e+003    1.36624774886753e+006    9.83151651257740e+004    5.11867812436345e+002    1.00000000000000e+000    0.00000000000000e+000    0.00000000000000e+000    0.00000000000000e+000         1    3.00000000000000e+003        36 Starting_Location                                 
        36     16088    3.00000000000000e+003    1.36624774886753e+006    9.83151651257740e+004    7.25639907668686e+002    1.00000000000000e+000   -0.00000000000000e+000   -0.00000000000000e+000   -0.00000000000000e+000         1    3.00000000000000e+003        36 Internal sink/source: {UZF-GWRCH}                 
        37        37    3.00000000000000e+003    1.36690725105767e+006    9.83419209317838e+004    5.12038502105127e+002    1.00000000000000e+000    0.00000000000000e+000    0.00000000000000e+000    0.00000000000000e+000         1    3.00000000000000e+003        37 Starting_Location                                 
        37     16089    3.00000000000000e+003    1.36690725105767e+006    9.83419209317838e+004    7.55317370558458e+002    1.00000000000000e+000   -0.00000000000000e+000   -0.00000000000000e+000   -0.00000000000000e+000         1    3.00000000000000e+003        37 Internal sink/source: {UZF-GWRCH}                 
        38        38    3.00000000000000e+003    1.36384592897373e+006    1.02525360149287e+005    5.12208718557206e+002    1.00000000000000e+000    0.00000000000000e+000    0.00000000000000e+000    0.00000000000000e+000         1    3.00000000000000e+003        38 Starting_Location                                 
        38     16343    3.00000000000000e+003    1.36384592897373e+006    1.02525360149287e+005    8.08318420410000e+002    1.00000000000000e+000   -0.00000000000000e+000   -0.00000000000000e+000   -0.00000000000000e+000         1    3.00000000000000e+003        38 Inactive_Cell                                     
        39        39    3.00000000000000e+003    1.36659929775824e+006    9.83379269332810e+004    5.12350517018350e+002    1.00000000000000e+000    0.00000000000000e+000    0.00000000000000e+000    0.00000000000000e+000         1    3.00000000000000e+003        39 Starting_Location                                 
        39     16041    3.00000000000000e+003    1.36659929775824e+006    9.83379269332810e+004    7.37594587434398e+002    1.00000000000000e+000   -0.00000000000000e+000   -0.00000000000000e+000   -0.00000000000000e+000         1    3.00000000000000e+003        39 Internal sink/source: {UZF-GWRCH}                 
        40        40    3.00000000000000e+003    1.36383829944869e+006    1.03409779045588e+005    5.12444666835349e+002    1.00000000000000e+000    0.00000000000000e+000    0.00000000000000e+000    0.00000000000000e+000         1    3.00000000000000e+003        40 Starting_Location                                 
        40     16074    3.00000000000000e+003    1.36383829944869e+006    1.03409779045588e+005    7.87865600590000e+002    1.00000000000000e+000   -0.00000000000000e+000   -0.00000000000000e+000   -0.00000000000000e+000         1    3.00000000000000e+003        40 Inactive_Cell                                     
        41        41    3.00000000000000e+003    1.36523480482790e+006    9.82949905340508e+004    5.12533600241273e+002    1.00000000000000e+000    0.00000000000000e+000    0.00000000000000e+000    0.00000000000000e+000         1    3.00000000000000e+003        41 Starting_Location                                 
        41     16084    3.00000000000000e+003    1.36523480482790e+006    9.82949905340508e+004    7.23135543957374e+002    1.00000000000000e+000   -0.00000000000000e+000   -0.00000000000000e+000   -0.00000000000000e+000         1    3.00000000000000e+003        41 Internal sink/source: {UZF-GWRCH}                 
        42        42    3.00000000000000e+003    1.36563495681265e+006    9.82996337051013e+004    5.12578164012003e+002    1.00000000000000e+000    0.00000000000000e+000    0.00000000000000e+000    0.00000000000000e+000         1    3.00000000000000e+003        42 Starting_Location                                 
        42     16086    3.00000000000000e+003    1.36563495681265e+006    9.82996337051013e+004    7.23846463670024e+002    1.00000000000000e+000   -0.00000000000000e+000   -0.00000000000000e+000   -0.00000000000000e+000         1    3.00000000000000e+003        42 Internal sink/source: {UZF-GWRCH}                 
        43        43    3.00000000000000e+003    1.36464134183422e+006    9.83805636821131e+004    5.12584798810863e+002    1.00000000000000e+000    0.00000000000000e+000    0.00000000000000e+000    0.00000000000000e+000         1    3.00000000000000e+003        43 Starting_Location                                 
        43     17415    3.00000000000000e+003    1.36464134183422e+006    9.83805636821131e+004    7.22529296110247e+002    1.00000000000000e+000   -0.00000000000000e+000   -0.00000000000000e+000   -0.00000000000000e+000         1    3.00000000000000e+003        43 Internal sink/source: {UZF-GWRCH}                 
        44        44    3.00000000000000e+003    1.36598681969843e+006    9.83144617314154e+004    5.12533131680036e+002    1.00000000000000e+000    0.00000000000000e+000    0.00000000000000e+000    0.00000000000000e+000         1    3.00000000000000e+003        44 Starting_Location                                 
        44     17416    3.00000000000000e+003    1.36598681969843e+006    9.83144617314154e+004    7.24887204236786e+002    1.00000000000000e+000   -0.00000000000000e+000   -0.00000000000000e+000   -0.00000000000000e+000         1    3.00000000000000e+003        44 Internal sink/source: {UZF-GWRCH}                 
        45        45    3.00000000000000e+003    1.36631121561277e+006    9.83271860982715e+004    5.12057649110000e+002    1.00000000000000e+000    0.00000000000000e+000    0.00000000000000e+000    0.00000000000000e+000         1    3.00000000000000e+003        45 Starting_Location                                 
        45     17417    3.00000000000000e+003    1.36631121561277e+006    9.83271860982715e+004    7.27106435280896e+002    1.00000000000000e+000   -0.00000000000000e+000   -0.00000000000000e+000   -0.00000000000000e+000         1    3.00000000000000e+003        45 Internal sink/source: {UZF-GWRCH}                 
        46        46    3.00000000000000e+003    1.36666028779403e+006    9.83464636491434e+004    5.12270568850000e+002    1.00000000000000e+000    0.00000000000000e+000    0.00000000000000e+000    0.00000000000000e+000         1    3.00000000000000e+003        46 Starting_Location                                 
        46     17418    3.00000000000000e+003    1.36666028779403e+006    9.83464636491434e+004    7.42189077960950e+002    1.00000000000000e+000   -0.00000000000000e+000   -0.00000000000000e+000   -0.00000000000000e+000         1    3.00000000000000e+003        46 Internal sink/source: {UZF-GWRCH}                 
        47        47    3.00000000000000e+003    1.36382600390286e+006    1.02460625762249e+005    5.12633876513624e+002    1.00000000000000e+000    0.00000000000000e+000    0.00000000000000e+000    0.00000000000000e+000         1    3.00000000000000e+003        47 Starting_Location                                 
        47     16344    3.00000000000000e+003    1.36382600390286e+006    1.02460625762249e+005    8.10040344240000e+002    1.00000000000000e+000   -0.00000000000000e+000   -0.00000000000000e+000   -0.00000000000000e+000         1    3.00000000000000e+003        47 Inactive_Cell                                     
        48        48    3.00000000000000e+003    1.36385303418512e+006    1.02700212348938e+005    5.12184021000000e+002    1.00000000000000e+000    0.00000000000000e+000    0.00000000000000e+000    0.00000000000000e+000         1    3.00000000000000e+003        48 Starting_Location                                 
        48     16382    3.00000000000000e+003    1.36385303418512e+006    1.02700212348938e+005    8.09785278320000e+002    1.00000000000000e+000   -0.00000000000000e+000   -0.00000000000000e+000   -0.00000000000000e+000         1    3.00000000000000e+003        48 Inactive_Cell                                     
        49        49    3.00000000000000e+003    1.36384758469683e+006    1.03124457085439e+005    5.12429382320000e+002    1.00000000000000e+000    0.00000000000000e+000    0.00000000000000e+000    0.00000000000000e+000         1    3.00000000000000e+003        49 Starting_Location                                 
        49     16383    3.00000000000000e+003    1.36384758469683e+006    1.03124457085439e+005    7.97508178710000e+002    1.00000000000000e+000   -0.00000000000000e+000   -0.00000000000000e+000   -0.00000000000000e+000         1    3.00000000000000e+003        49 Inactive_Cell                                     
        50        50    3.00000000000000e+003    1.36654729931524e+006    9.83199760739667e+004    5.13247419732585e+002    1.00000000000000e+000    0.00000000000000e+000    0.00000000000000e+000    0.00000000000000e+000         1    3.00000000000000e+003        50 Starting_Location                                 
        50     16802    3.00000000000000e+003    1.36654729931524e+006    9.83199760739667e+004    7.33213822013218e+002    1.00000000000000e+000   -0.00000000000000e+000   -0.00000000000000e+000   -0.00000000000000e+000         1    3.00000000000000e+003        50 Internal sink/source: {UZF-GWRCH}                 
        51        51    3.00000000000000e+003    1.36516859045143e+006    9.83175215163416e+004    5.13539152265841e+002    1.00000000000000e+000    0.00000000000000e+000    0.00000000000000e+000    0.00000000000000e+000         1    3.00000000000000e+003        51 Starting_Location                                 
        51     18956    3.00000000000000e+003    1.36516859045143e+006    9.83175215163416e+004    7.23286338579570e+002    1.00000000000000e+000   -0.00000000000000e+000   -0.00000000000000e+000   -0.00000000000000e+000         1    3.00000000000000e+003        51 Internal sink/source: {UZF-GWRCH}                 
        52        52    3.00000000000000e+003    1.36372457833414e+006    9.86467274138858e+004    5.13813192699830e+002    1.00000000000000e+000    0.00000000000000e+000    0.00000000000000e+000    0.00000000000000e+000         1    3.00000000000000e+003        52 Starting_Location                                 
        52     18988    3.00000000000000e+003    1.36372457833414e+006    9.86467274138858e+004    7.21300828238668e+002    1.00000000000000e+000   -0.00000000000000e+000   -0.00000000000000e+000   -0.00000000000000e+000         1    3.00000000000000e+003        52 Internal sink/source: {UZF-GWRCH}                 
        53        53    3.00000000000000e+003    1.36392907368671e+006    1.02663420016837e+005    5.14065691671849e+002    1.00000000000000e+000    0.00000000000000e+000    0.00000000000000e+000    0.00000000000000e+000         1    3.00000000000000e+003        53 Starting_Location                                 
        53     19008    3.00000000000000e+003    1.36392907368671e+006    1.02663420016837e+005    8.24022033690000e+002    1.00000000000000e+000   -0.00000000000000e+000   -0.00000000000000e+000   -0.00000000000000e+000         1    3.00000000000000e+003        53 Inactive_Cell                                     
        54        54    3.00000000000000e+003    1.36388889797974e+006    1.02999453522911e+005    5.14278341925850e+002    1.00000000000000e+000    0.00000000000000e+000    0.00000000000000e+000    0.00000000000000e+000         1    3.00000000000000e+003        54 Starting_Location                                 
        54     19009    3.00000000000000e+003    1.36388889797974e+006    1.02999453522911e+005    8.07534912110000e+002    1.00000000000000e+000   -0.00000000000000e+000   -0.00000000000000e+000   -0.00000000000000e+000         1    3.00000000000000e+003        54 Inactive_Cell                                     
        55        55    3.00000000000000e+003    1.36584446201529e+006    9.83240309064120e+004    5.14414041678505e+002    1.00000000000000e+000    0.00000000000000e+000    0.00000000000000e+000    0.00000000000000e+000         1    3.00000000000000e+003        55 Starting_Location                                 
        55     18926    3.00000000000000e+003    1.36584446201529e+006    9.83240309064120e+004    7.24678164629793e+002    1.00000000000000e+000   -0.00000000000000e+000   -0.00000000000000e+000   -0.00000000000000e+000         1    3.00000000000000e+003        55 Internal sink/source: {UZF-GWRCH}                 
        56        56    3.00000000000000e+003    1.36617080152177e+006    9.83293639561907e+004    5.14580832677775e+002    1.00000000000000e+000    0.00000000000000e+000    0.00000000000000e+000    0.00000000000000e+000         1    3.00000000000000e+003        56 Starting_Location                                 
        56     18947    3.00000000000000e+003    1.36617080152177e+006    9.83293639561907e+004    7.25770152424362e+002    1.00000000000000e+000   -0.00000000000000e+000   -0.00000000000000e+000   -0.00000000000000e+000         1    3.00000000000000e+003        56 Internal sink/source: {UZF-GWRCH}                 
        57        57    3.00000000000000e+003    1.36684294377413e+006    9.83537442355698e+004    5.14890381299667e+002    1.00000000000000e+000    0.00000000000000e+000    0.00000000000000e+000    0.00000000000000e+000         1    3.00000000000000e+003        57 Starting_Location                                 
        57     18949    3.00000000000000e+003    1.36684294377413e+006    9.83537442355698e+004    7.52938407870063e+002    1.00000000000000e+000   -0.00000000000000e+000   -0.00000000000000e+000   -0.00000000000000e+000         1    3.00000000000000e+003        57 Internal sink/source: {UZF-GWRCH}                 
        58        58    3.00000000000000e+003    1.36422170037939e+006    9.84224469365512e+004    5.15003115708738e+002    1.00000000000000e+000    0.00000000000000e+000    0.00000000000000e+000    0.00000000000000e+000         1    3.00000000000000e+003        58 Starting_Location                                 
        58     18955    3.00000000000000e+003    1.36422170037939e+006    9.84224469365512e+004    7.21843489536177e+002    1.00000000000000e+000   -0.00000000000000e+000   -0.00000000000000e+000   -0.00000000000000e+000         1    3.00000000000000e+003        58 Internal sink/source: {UZF-GWRCH}                 
        59        59    3.00000000000000e+003    1.36393376689549e+006    1.03370853737407e+005    5.15301672965058e+002    1.00000000000000e+000    0.00000000000000e+000    0.00000000000000e+000    0.00000000000000e+000         1    3.00000000000000e+003        59 Starting_Location                                 
        59     19099    3.00000000000000e+003    1.36393376689549e+006    1.03370853737407e+005    7.89365478520000e+002    1.00000000000000e+000   -0.00000000000000e+000   -0.00000000000000e+000   -0.00000000000000e+000         1    3.00000000000000e+003        59 Inactive_Cell                                     
        60        60    3.00000000000000e+003    1.36360550721151e+006    1.00847883920214e+005    5.16194751977001e+002    1.00000000000000e+000    0.00000000000000e+000    0.00000000000000e+000    0.00000000000000e+000         1    3.00000000000000e+003        60 Starting_Location                                 
        60     19136    3.00000000000000e+003    1.36360550721151e+006    1.00847883920214e+005    7.22683984787031e+002    1.00000000000000e+000   -0.00000000000000e+000   -0.00000000000000e+000   -0.00000000000000e+000         1    3.00000000000000e+003        60 Internal sink/source: {UZF-GWRCH}                 
        61        61    3.00000000000000e+003    1.36361687842241e+006    9.98271836915110e+004    5.16945500985183e+002    1.00000000000000e+000    0.00000000000000e+000    0.00000000000000e+000    0.00000000000000e+000         1    3.00000000000000e+003        61 Starting_Location                                 
        61     19247    3.00000000000000e+003    1.36361687842241e+006    9.98271836915110e+004    7.23527568407497e+002    1.00000000000000e+000   -0.00000000000000e+000   -0.00000000000000e+000   -0.00000000000000e+000         1    3.00000000000000e+003        61 Internal sink/source: {UZF-GWRCH}                 
        62        62    3.00000000000000e+003    1.36378446479403e+006    1.01940789138381e+005    5.17592271396537e+002    1.00000000000000e+000    0.00000000000000e+000    0.00000000000000e+000    0.00000000000000e+000         1    3.00000000000000e+003        62 Starting_Location                                 
        62     19265    3.00000000000000e+003    1.36378446479403e+006    1.01940789138381e+005    8.18611450200000e+002    1.00000000000000e+000   -0.00000000000000e+000   -0.00000000000000e+000   -0.00000000000000e+000         1    3.00000000000000e+003        62 Inactive_Cell                                     
        63        63    3.00000000000000e+003    1.36354401727110e+006    1.00089466247876e+005    5.18260356517151e+002    1.00000000000000e+000    0.00000000000000e+000    0.00000000000000e+000    0.00000000000000e+000         1    3.00000000000000e+003        63 Starting_Location                                 
        63     19053    3.00000000000000e+003    1.36354401727110e+006    1.00089466247876e+005    7.23178198868354e+002    1.00000000000000e+000   -0.00000000000000e+000   -0.00000000000000e+000   -0.00000000000000e+000         1    3.00000000000000e+003        63 Internal sink/source: {UZF-GWRCH}                 
        64        64    3.00000000000000e+003    1.36696689772591e+006    9.83900948265224e+004    5.18892570507130e+002    1.00000000000000e+000    0.00000000000000e+000    0.00000000000000e+000    0.00000000000000e+000         1    3.00000000000000e+003        64 Starting_Location                                 
        64     19055    3.00000000000000e+003    1.36696689772591e+006    9.83900948265224e+004    7.57368682261350e+002    1.00000000000000e+000   -0.00000000000000e+000   -0.00000000000000e+000   -0.00000000000000e+000         1    3.00000000000000e+003        64 Internal sink/source: {UZF-GWRCH}                 
        65        65    3.00000000000000e+003    1.36365651531316e+006    9.95425887691020e+004    5.19596105872313e+002    1.00000000000000e+000    0.00000000000000e+000    0.00000000000000e+000    0.00000000000000e+000         1    3.00000000000000e+003        65 Starting_Location                                 
        65     19079    3.00000000000000e+003    1.36365651531316e+006    9.95425887691020e+004    7.23292753351349e+002    1.00000000000000e+000   -0.00000000000000e+000   -0.00000000000000e+000   -0.00000000000000e+000         1    3.00000000000000e+003        65 Internal sink/source: {UZF-GWRCH}                 
        66        66    3.00000000000000e+003    1.36404626018680e+006    9.85028181929014e+004    5.20322415406739e+002    1.00000000000000e+000    0.00000000000000e+000    0.00000000000000e+000    0.00000000000000e+000         1    3.00000000000000e+003        66 Starting_Location                                 
        66     19083    3.00000000000000e+003    1.36404626018680e+006    9.85028181929014e+004    7.21762678248549e+002    1.00000000000000e+000   -0.00000000000000e+000   -0.00000000000000e+000   -0.00000000000000e+000         1    3.00000000000000e+003        66 Internal sink/source: {UZF-GWRCH}                 
        67        67    3.00000000000000e+003    1.36361629491570e+006    9.96627146863480e+004    5.21051890935707e+002    1.00000000000000e+000    0.00000000000000e+000    0.00000000000000e+000    0.00000000000000e+000         1    3.00000000000000e+003        67 Starting_Location                                 
        67     19354    3.00000000000000e+003    1.36361629491570e+006    9.96627146863480e+004    7.23225938430005e+002    1.00000000000000e+000   -0.00000000000000e+000   -0.00000000000000e+000   -0.00000000000000e+000         1    3.00000000000000e+003        67 Internal sink/source: {UZF-GWRCH}                 
        68        68    3.00000000000000e+003    1.36364008624019e+006    9.94171815346596e+004    5.21782237155813e+002    1.00000000000000e+000    0.00000000000000e+000    0.00000000000000e+000    0.00000000000000e+000         1    3.00000000000000e+003        68 Starting_Location                                 
        68     19355    3.00000000000000e+003    1.36364008624019e+006    9.94171815346596e+004    7.22819594349675e+002    1.00000000000000e+000   -0.00000000000000e+000   -0.00000000000000e+000   -0.00000000000000e+000         1    3.00000000000000e+003        68 Internal sink/source: {UZF-GWRCH}                 
        69        69    3.00000000000000e+003    1.36358430176240e+006    1.00762183270504e+005    5.22405522227476e+002    1.00000000000000e+000    0.00000000000000e+000    0.00000000000000e+000    0.00000000000000e+000         1    3.00000000000000e+003        69 Starting_Location                                 
        69     19382    3.00000000000000e+003    1.36358430176240e+006    1.00762183270504e+005    7.22643070535779e+002    1.00000000000000e+000   -0.00000000000000e+000   -0.00000000000000e+000   -0.00000000000000e+000         1    3.00000000000000e+003        69 Internal sink/source: {UZF-GWRCH}                 
        70        70    3.00000000000000e+003    1.36367667105052e+006    9.90940722362023e+004    5.23019431467834e+002    1.00000000000000e+000    0.00000000000000e+000    0.00000000000000e+000    0.00000000000000e+000         1    3.00000000000000e+003        70 Starting_Location                                 
        70     19394    3.00000000000000e+003    1.36367667105052e+006    9.90940722362023e+004    7.22250238424528e+002    1.00000000000000e+000   -0.00000000000000e+000   -0.00000000000000e+000   -0.00000000000000e+000         1    3.00000000000000e+003        70 Internal sink/source: {UZF-GWRCH}                 
        71        71    3.00000000000000e+003    1.36378878647366e+006    1.02023804648350e+005    5.23598278591825e+002    1.00000000000000e+000    0.00000000000000e+000    0.00000000000000e+000    0.00000000000000e+000         1    3.00000000000000e+003        71 Starting_Location                                 
        71     19266    3.00000000000000e+003    1.36378878647366e+006    1.02023804648350e+005    8.20362976070000e+002    1.00000000000000e+000   -0.00000000000000e+000   -0.00000000000000e+000   -0.00000000000000e+000         1    3.00000000000000e+003        71 Inactive_Cell                                     
        72        72    3.00000000000000e+003    1.36386632511167e+006    1.02200383627705e+005    5.24098087681071e+002    1.00000000000000e+000    0.00000000000000e+000    0.00000000000000e+000    0.00000000000000e+000         1    3.00000000000000e+003        72 Starting_Location                                 
        72     19273    3.00000000000000e+003    1.36386632511167e+006    1.02200383627705e+005    8.02024780270000e+002    1.00000000000000e+000   -0.00000000000000e+000   -0.00000000000000e+000   -0.00000000000000e+000         1    3.00000000000000e+003        72 Inactive_Cell                                     
        73        73    3.00000000000000e+003    1.36429663758241e+006    9.85061241214463e+004    5.24677050377368e+002    1.00000000000000e+000    0.00000000000000e+000    0.00000000000000e+000    0.00000000000000e+000         1    3.00000000000000e+003        73 Starting_Location                                 
        73     19282    3.00000000000000e+003    1.36429663758241e+006    9.85061241214463e+004    7.22592000029300e+002    1.00000000000000e+000   -0.00000000000000e+000   -0.00000000000000e+000   -0.00000000000000e+000         1    3.00000000000000e+003        73 Internal sink/source: {UZF-GWRCH}                 
        74        74    3.00000000000000e+003    1.36392380008528e+006    1.03084533641346e+005    5.25079028931449e+002    1.00000000000000e+000    0.00000000000000e+000    0.00000000000000e+000    0.00000000000000e+000         1    3.00000000000000e+003        74 Starting_Location                                 
        74     19312    3.00000000000000e+003    1.36392380008528e+006    1.03084533641346e+005    8.02790466310000e+002    1.00000000000000e+000   -0.00000000000000e+000   -0.00000000000000e+000   -0.00000000000000e+000         1    3.00000000000000e+003        74 Inactive_Cell                                     
        75        75    3.00000000000000e+003    1.36459421917116e+006    9.84796615283592e+004    5.25399617097216e+002    1.00000000000000e+000    0.00000000000000e+000    0.00000000000000e+000    0.00000000000000e+000         1    3.00000000000000e+003        75 Starting_Location                                 
        75     19613    3.00000000000000e+003    1.36459421917116e+006    9.84796615283592e+004    7.23355748753531e+002    1.00000000000000e+000   -0.00000000000000e+000   -0.00000000000000e+000   -0.00000000000000e+000         1    3.00000000000000e+003        75 Internal sink/source: {UZF-GWRCH}                 
        76        76    3.00000000000000e+003    1.36368293554096e+006    1.01532263715221e+005    5.25852670754384e+002    1.00000000000000e+000    0.00000000000000e+000    0.00000000000000e+000    0.00000000000000e+000         1    3.00000000000000e+003        76 Starting_Location                                 
        76     19648    3.00000000000000e+003    1.36368293554096e+006    1.01532263715221e+005    8.13961425780000e+002    1.00000000000000e+000   -0.00000000000000e+000   -0.00000000000000e+000   -0.00000000000000e+000         1    3.00000000000000e+003        76 Inactive_Cell                                     
        77        77    3.00000000000000e+003    1.36388395565883e+006    9.85567100022852e+004    5.26205402241971e+002    1.00000000000000e+000    0.00000000000000e+000    0.00000000000000e+000    0.00000000000000e+000         1    3.00000000000000e+003        77 Starting_Location                                 
        77     19670    3.00000000000000e+003    1.36388395565883e+006    9.85567100022852e+004    7.21628481124062e+002    1.00000000000000e+000   -0.00000000000000e+000   -0.00000000000000e+000   -0.00000000000000e+000         1    3.00000000000000e+003        77 Internal sink/source: {UZF-GWRCH}                 
        78        78    3.00000000000000e+003    1.36491054789626e+006    9.83636920858326e+004    5.26600617231351e+002    1.00000000000000e+000    0.00000000000000e+000    0.00000000000000e+000    0.00000000000000e+000         1    3.00000000000000e+003        78 Starting_Location                                 
        78     19671    3.00000000000000e+003    1.36491054789626e+006    9.83636920858326e+004    7.23172021099103e+002    1.00000000000000e+000   -0.00000000000000e+000   -0.00000000000000e+000   -0.00000000000000e+000         1    3.00000000000000e+003        78 Internal sink/source: {UZF-GWRCH}                 
        79        79    3.00000000000000e+003    1.36387840718910e+006    1.02286685838925e+005    5.26994124887946e+002    1.00000000000000e+000    0.00000000000000e+000    0.00000000000000e+000    0.00000000000000e+000         1    3.00000000000000e+003        79 Starting_Location                                 
        79     19433    3.00000000000000e+003    1.36387840718910e+006    1.02286685838925e+005    8.04950683590000e+002    1.00000000000000e+000   -0.00000000000000e+000   -0.00000000000000e+000   -0.00000000000000e+000         1    3.00000000000000e+003        79 Inactive_Cell                                     
        80        80    3.00000000000000e+003    1.36358415245695e+006    9.97467877106853e+004    5.27423342516789e+002    1.00000000000000e+000    0.00000000000000e+000    0.00000000000000e+000    0.00000000000000e+000         1    3.00000000000000e+003        80 Starting_Location                                 
        80     19446    3.00000000000000e+003    1.36358415245695e+006    9.97467877106853e+004    7.23073297368782e+002    1.00000000000000e+000   -0.00000000000000e+000   -0.00000000000000e+000   -0.00000000000000e+000         1    3.00000000000000e+003        80 Internal sink/source: {UZF-GWRCH}                 
        81        81    3.00000000000000e+003    1.36356318910634e+006    1.00693970607356e+005    5.27817651438364e+002    1.00000000000000e+000    0.00000000000000e+000    0.00000000000000e+000    0.00000000000000e+000         1    3.00000000000000e+003        81 Starting_Location                                 
        81     19493    3.00000000000000e+003    1.36356318910634e+006    1.00693970607356e+005    7.22592043849203e+002    1.00000000000000e+000   -0.00000000000000e+000   -0.00000000000000e+000   -0.00000000000000e+000         1    3.00000000000000e+003        81 Internal sink/source: {UZF-GWRCH}                 
        82        82    3.00000000000000e+003    1.36420985868077e+006    9.84953186039258e+004    5.28443907868237e+002    1.00000000000000e+000    0.00000000000000e+000    0.00000000000000e+000    0.00000000000000e+000         1    3.00000000000000e+003        82 Starting_Location                                 
        82     19530    3.00000000000000e+003    1.36420985868077e+006    9.84953186039258e+004    7.22252475293269e+002    1.00000000000000e+000   -0.00000000000000e+000   -0.00000000000000e+000   -0.00000000000000e+000         1    3.00000000000000e+003        82 Internal sink/source: {UZF-GWRCH}                 
        83        83    3.00000000000000e+003    1.36357770590500e+006    1.01029213118787e+005    5.29098114470124e+002    1.00000000000000e+000    0.00000000000000e+000    0.00000000000000e+000    0.00000000000000e+000         1    3.00000000000000e+003        83 Starting_Location                                 
        83     18162    3.00000000000000e+003    1.36357770590500e+006    1.01029213118787e+005    7.21318004390902e+002    1.00000000000000e+000   -0.00000000000000e+000   -0.00000000000000e+000   -0.00000000000000e+000         1    3.00000000000000e+003        83 Internal sink/source: {UZF-GWRCH}                 
        84        84    3.00000000000000e+003    1.36357353591911e+006    1.01091643294367e+005    5.29712292724565e+002    1.00000000000000e+000    0.00000000000000e+000    0.00000000000000e+000    0.00000000000000e+000         1    3.00000000000000e+003        84 Starting_Location                                 
        84     18193    3.00000000000000e+003    1.36357353591911e+006    1.01091643294367e+005    7.21141561933599e+002    1.00000000000000e+000   -0.00000000000000e+000   -0.00000000000000e+000   -0.00000000000000e+000         1    3.00000000000000e+003        84 Internal sink/source: {UZF-GWRCH}                 
        85        85    3.00000000000000e+003    1.36386822766648e+006    1.03283827920977e+005    5.30125571471225e+002    1.00000000000000e+000    0.00000000000000e+000    0.00000000000000e+000    0.00000000000000e+000         1    3.00000000000000e+003        85 Starting_Location                                 
        85     18208    3.00000000000000e+003    1.36386822766648e+006    1.03283827920977e+005    7.91780883790000e+002    1.00000000000000e+000   -0.00000000000000e+000   -0.00000000000000e+000   -0.00000000000000e+000         1    3.00000000000000e+003        85 Inactive_Cell                                     
        86        86    3.00000000000000e+003    1.36385726280250e+006    1.02850252411424e+005    5.30589028109705e+002    1.00000000000000e+000    0.00000000000000e+000    0.00000000000000e+000    0.00000000000000e+000         1    3.00000000000000e+003        86 Starting_Location                                 
        86     18228    3.00000000000000e+003    1.36385726280250e+006    1.02850252411424e+005    8.01347656250000e+002    1.00000000000000e+000   -0.00000000000000e+000   -0.00000000000000e+000   -0.00000000000000e+000         1    3.00000000000000e+003        86 Inactive_Cell                                     
        87        87    3.00000000000000e+003    1.36643820483050e+006    9.83625460538367e+004    5.31173052240544e+002    1.00000000000000e+000    0.00000000000000e+000    0.00000000000000e+000    0.00000000000000e+000         1    3.00000000000000e+003        87 Starting_Location                                 
        87     18112    3.00000000000000e+003    1.36643820483050e+006    9.83625460538367e+004    7.29614051909954e+002    1.00000000000000e+000   -0.00000000000000e+000   -0.00000000000000e+000   -0.00000000000000e+000         1    3.00000000000000e+003        87 Internal sink/source: {UZF-GWRCH}                 
        88        88    3.00000000000000e+003    1.36677921526082e+006    9.83627128726644e+004    5.31858235439304e+002    1.00000000000000e+000    0.00000000000000e+000    0.00000000000000e+000    0.00000000000000e+000         1    3.00000000000000e+003        88 Starting_Location                                 
        88     18113    3.00000000000000e+003    1.36677921526082e+006    9.83627128726644e+004    7.50175824504675e+002    1.00000000000000e+000   -0.00000000000000e+000   -0.00000000000000e+000   -0.00000000000000e+000         1    3.00000000000000e+003        88 Internal sink/source: {UZF-GWRCH}                 
        89        89    3.00000000000000e+003    1.36415809955053e+006    9.84443796676143e+004    5.32409989635991e+002    1.00000000000000e+000    0.00000000000000e+000    0.00000000000000e+000    0.00000000000000e+000         1    3.00000000000000e+003        89 Starting_Location                                 
        89     18129    3.00000000000000e+003    1.36415809955053e+006    9.84443796676143e+004    7.21798867640563e+002    1.00000000000000e+000   -0.00000000000000e+000   -0.00000000000000e+000   -0.00000000000000e+000         1    3.00000000000000e+003        89 Internal sink/source: {UZF-GWRCH}                 
        90        90    3.00000000000000e+003    1.36510190928995e+006    9.83380647971051e+004    5.32492604799451e+002    1.00000000000000e+000    0.00000000000000e+000    0.00000000000000e+000    0.00000000000000e+000         1    3.00000000000000e+003        90 Starting_Location                                 
        90     18130    3.00000000000000e+003    1.36510190928995e+006    9.83380647971051e+004    7.23390902954003e+002    1.00000000000000e+000   -0.00000000000000e+000   -0.00000000000000e+000   -0.00000000000000e+000         1    3.00000000000000e+003        90 Internal sink/source: {UZF-GWRCH}                 
        91        91    3.00000000000000e+003    1.36383790725779e+006    1.03062182319526e+005    5.32888758416597e+002    1.00000000000000e+000    0.00000000000000e+000    0.00000000000000e+000    0.00000000000000e+000         1    3.00000000000000e+003        91 Starting_Location                                 
        91     18311    3.00000000000000e+003    1.36383790725779e+006    1.03062182319526e+005    8.02083312990000e+002    1.00000000000000e+000   -0.00000000000000e+000   -0.00000000000000e+000   -0.00000000000000e+000         1    3.00000000000000e+003        91 Inactive_Cell                                     
        92        92    3.00000000000000e+003    1.36370817600029e+006    9.85188391642829e+004    5.33571008327250e+002    1.00000000000000e+000    0.00000000000000e+000    0.00000000000000e+000    0.00000000000000e+000         1    3.00000000000000e+003        92 Starting_Location                                 
        92     18382    3.00000000000000e+003    1.36370817600029e+006    9.85188391642829e+004    7.20955683412977e+002    1.00000000000000e+000   -0.00000000000000e+000   -0.00000000000000e+000   -0.00000000000000e+000         1    3.00000000000000e+003        92 Internal sink/source: {UZF-GWRCH}                 
        93        93    3.00000000000000e+003    1.36649441816412e+006    9.83334480123810e+004    5.35134971023997e+002    1.00000000000000e+000    0.00000000000000e+000    0.00000000000000e+000    0.00000000000000e+000         1    3.00000000000000e+003        93 Starting_Location                                 
        93     18442    3.00000000000000e+003    1.36649441816412e+006    9.83334480123810e+004    7.30858361163443e+002    1.00000000000000e+000   -0.00000000000000e+000   -0.00000000000000e+000   -0.00000000000000e+000         1    3.00000000000000e+003        93 Internal sink/source: {UZF-GWRCH}                 
        94        94    3.00000000000000e+003    1.36704169955885e+006    9.83438698869723e+004    5.36195694141145e+002    1.00000000000000e+000    0.00000000000000e+000    0.00000000000000e+000    0.00000000000000e+000         1    3.00000000000000e+003        94 Starting_Location                                 
        94     18443    3.00000000000000e+003    1.36704169955885e+006    9.83438698869723e+004    7.60487741335179e+002    1.00000000000000e+000   -0.00000000000000e+000   -0.00000000000000e+000   -0.00000000000000e+000         1    3.00000000000000e+003        94 Internal sink/source: {UZF-GWRCH}                 
        95        95    3.00000000000000e+003    1.36385559040794e+006    1.02934607890455e+005    5.37216458106416e+002    1.00000000000000e+000    0.00000000000000e+000    0.00000000000000e+000    0.00000000000000e+000         1    3.00000000000000e+003        95 Starting_Location                                 
        95     18229    3.00000000000000e+003    1.36385559040794e+006    1.02934607890455e+005    8.04030761720000e+002    1.00000000000000e+000   -0.00000000000000e+000   -0.00000000000000e+000   -0.00000000000000e+000         1    3.00000000000000e+003        95 Inactive_Cell                                     
        96        96    3.00000000000000e+003    1.36388001233599e+006    1.02760089349005e+005    5.38335596014766e+002    1.00000000000000e+000    0.00000000000000e+000    0.00000000000000e+000    0.00000000000000e+000         1    3.00000000000000e+003        96 Starting_Location                                 
        96     18308    3.00000000000000e+003    1.36388001233599e+006    1.02760089349005e+005    7.92274489340000e+002    1.00000000000000e+000   -0.00000000000000e+000   -0.00000000000000e+000   -0.00000000000000e+000         1    3.00000000000000e+003        96 Inactive_Cell                                     
        97        97    3.00000000000000e+003    1.36384306658908e+006    1.02637838691607e+005    5.39706839391450e+002    1.00000000000000e+000    0.00000000000000e+000    0.00000000000000e+000    0.00000000000000e+000         1    3.00000000000000e+003        97 Starting_Location                                 
        97     18309    3.00000000000000e+003    1.36384306658908e+006    1.02637838691607e+005    8.12014465330000e+002    1.00000000000000e+000   -0.00000000000000e+000   -0.00000000000000e+000   -0.00000000000000e+000         1    3.00000000000000e+003        97 Inactive_Cell                                     
        98        98    3.00000000000000e+003    1.36386924494663e+006    1.03193792138034e+005    5.40610044259627e+002    1.00000000000000e+000    0.00000000000000e+000    0.00000000000000e+000    0.00000000000000e+000         1    3.00000000000000e+003        98 Starting_Location                                 
        98     18310    3.00000000000000e+003    1.36386924494663e+006    1.03193792138034e+005    7.96494567870000e+002    1.00000000000000e+000   -0.00000000000000e+000   -0.00000000000000e+000   -0.00000000000000e+000         1    3.00000000000000e+003        98 Inactive_Cell                                     
        99        99    3.00000000000000e+003    1.36497017043662e+006    9.83327197262365e+004    5.41573099810396e+002    1.00000000000000e+000    0.00000000000000e+000    0.00000000000000e+000    0.00000000000000e+000         1    3.00000000000000e+003        99 Starting_Location                                 
        99     18533    3.00000000000000e+003    1.36497017043662e+006    9.83327197262365e+004    7.23018461245366e+002    1.00000000000000e+000   -0.00000000000000e+000   -0.00000000000000e+000   -0.00000000000000e+000         1    3.00000000000000e+003        99 Internal sink/source: {UZF-GWRCH}                 
       100       100    3.00000000000000e+003    1.36361890543409e+006    1.01157217476365e+005    5.42554240207148e+002    1.00000000000000e+000    0.00000000000000e+000    0.00000000000000e+000    0.00000000000000e+000         1    3.00000000000000e+003       100 Starting_Location                                 
       100     18580    3.00000000000000e+003    1.36361890543409e+006    1.01157217476365e+005    7.21935304134601e+002    1.00000000000000e+000   -0.00000000000000e+000   -0.00000000000000e+000   -0.00000000000000e+000         1    3.00000000000000e+003       100 Internal sink/source: {UZF-GWRCH}                 
       101       101    3.00000000000000e+003    1.36383503355467e+006    1.03343699139345e+005    5.43304261724682e+002    1.00000000000000e+000    0.00000000000000e+000    0.00000000000000e+000    0.00000000000000e+000         1    3.00000000000000e+003       101 Starting_Location                                 
       101     18582    3.00000000000000e+003    1.36383503355467e+006    1.03343699139345e+005    7.88089660640000e+002    1.00000000000000e+000   -0.00000000000000e+000   -0.00000000000000e+000   -0.00000000000000e+000         1    3.00000000000000e+003       101 Inactive_Cell                                     
       102       102    3.00000000000000e+003    1.36367646194810e+006    9.88852294668552e+004    5.44077980332296e+002    1.00000000000000e+000    0.00000000000000e+000    0.00000000000000e+000    0.00000000000000e+000         1    3.00000000000000e+003       102 Starting_Location                                 
       102     18687    3.00000000000000e+003    1.36367646194810e+006    9.88852294668552e+004    7.21734066820704e+002    1.00000000000000e+000   -0.00000000000000e+000   -0.00000000000000e+000   -0.00000000000000e+000         1    3.00000000000000e+003       102 Internal sink/source: {UZF-GWRCH}                 
       103       103    3.00000000000000e+003    1.36368892918755e+006    9.87869968048134e+004    5.44959408310092e+002    1.00000000000000e+000    0.00000000000000e+000    0.00000000000000e+000    0.00000000000000e+000         1    3.00000000000000e+003       103 Starting_Location                                 
       103     18462    3.00000000000000e+003    1.36368892918755e+006    9.87869968048134e+004    7.21540762566470e+002    1.00000000000000e+000   -0.00000000000000e+000   -0.00000000000000e+000   -0.00000000000000e+000         1    3.00000000000000e+003       103 Internal sink/source: {UZF-GWRCH}                 
       104       104    3.00000000000000e+003    1.36380032595551e+006    9.85074860319745e+004    5.45875314172104e+002    1.00000000000000e+000    0.00000000000000e+000    0.00000000000000e+000    0.00000000000000e+000         1    3.00000000000000e+003       104 Starting_Location                                 
       104     18507    3.00000000000000e+003    1.36380032595551e+006    9.85074860319745e+004    7.21123891692685e+002    1.00000000000000e+000   -0.00000000000000e+000   -0.00000000000000e+000   -0.00000000000000e+000         1    3.00000000000000e+003       104 Internal sink/source: {UZF-GWRCH}                 
       105       105    3.00000000000000e+003    1.36366683534098e+006    9.92980218328420e+004    5.46563661728455e+002    1.00000000000000e+000    0.00000000000000e+000    0.00000000000000e+000    0.00000000000000e+000         1    3.00000000000000e+003       105 Starting_Location                                 
       105     18509    3.00000000000000e+003    1.36366683534098e+006    9.92980218328420e+004    7.22642704236467e+002    1.00000000000000e+000   -0.00000000000000e+000   -0.00000000000000e+000   -0.00000000000000e+000         1    3.00000000000000e+003       105 Internal sink/source: {UZF-GWRCH}                 
       106       106    3.00000000000000e+003    1.36396517243450e+006    9.84556026804989e+004    5.47470888954571e+002    1.00000000000000e+000    0.00000000000000e+000    0.00000000000000e+000    0.00000000000000e+000         1    3.00000000000000e+003       106 Starting_Location                                 
       106     18531    3.00000000000000e+003    1.36396517243450e+006    9.84556026804989e+004    7.21437907910916e+002    1.00000000000000e+000   -0.00000000000000e+000   -0.00000000000000e+000   -0.00000000000000e+000         1    3.00000000000000e+003       106 Internal sink/source: {UZF-GWRCH}                 
       107       107    3.00000000000000e+003    1.36478378797045e+006    9.83881728569904e+004    5.48174887378368e+002    1.00000000000000e+000    0.00000000000000e+000    0.00000000000000e+000    0.00000000000000e+000         1    3.00000000000000e+003       107 Starting_Location                                 
       107     18846    3.00000000000000e+003    1.36478378797045e+006    9.83881728569904e+004    7.23095553697525e+002    1.00000000000000e+000   -0.00000000000000e+000   -0.00000000000000e+000   -0.00000000000000e+000         1    3.00000000000000e+003       107 Internal sink/source: {UZF-GWRCH}                 
       108       108    3.00000000000000e+003    1.36359007273135e+006    9.99622666112814e+004    5.49010021637805e+002    1.00000000000000e+000    0.00000000000000e+000    0.00000000000000e+000    0.00000000000000e+000         1    3.00000000000000e+003       108 Starting_Location                                 
       108     18895    3.00000000000000e+003    1.36359007273135e+006    9.99622666112814e+004    7.23559779300409e+002    1.00000000000000e+000   -0.00000000000000e+000   -0.00000000000000e+000   -0.00000000000000e+000         1    3.00000000000000e+003       108 Internal sink/source: {UZF-GWRCH}                 
       109       109    3.00000000000000e+003    1.36557022647787e+006    9.83082555529863e+004    5.50014261205361e+002    1.00000000000000e+000    0.00000000000000e+000    0.00000000000000e+000    0.00000000000000e+000         1    3.00000000000000e+003       109 Starting_Location                                 
       109     18911    3.00000000000000e+003    1.36557022647787e+006    9.83082555529863e+004    7.23994970516388e+002    1.00000000000000e+000   -0.00000000000000e+000   -0.00000000000000e+000   -0.00000000000000e+000         1    3.00000000000000e+003       109 Internal sink/source: {UZF-GWRCH}                 
       110       110    3.00000000000000e+003    1.36386138400415e+006    1.02080887027870e+005    5.50712500563484e+002    1.00000000000000e+000    0.00000000000000e+000    0.00000000000000e+000    0.00000000000000e+000         1    3.00000000000000e+003       110 Starting_Location                                 
       110     18925    3.00000000000000e+003    1.36386138400415e+006    1.02080887027870e+005    8.07636291500000e+002    1.00000000000000e+000   -0.00000000000000e+000   -0.00000000000000e+000   -0.00000000000000e+000         1    3.00000000000000e+003       110 Inactive_Cell                                     
       111       111    3.00000000000000e+003    1.36364253666220e+006    9.91808553743647e+004    5.51459309249547e+002    1.00000000000000e+000    0.00000000000000e+000    0.00000000000000e+000    0.00000000000000e+000         1    3.00000000000000e+003       111 Starting_Location                                 
       111     18746    3.00000000000000e+003    1.36364253666220e+006    9.91808553743647e+004    7.22227155703107e+002    1.00000000000000e+000   -0.00000000000000e+000   -0.00000000000000e+000   -0.00000000000000e+000         1    3.00000000000000e+003       111 Internal sink/source: {UZF-GWRCH}                 
       112       112    3.00000000000000e+003    1.36367010537257e+006    9.89785581873759e+004    5.52149491481666e+002    1.00000000000000e+000    0.00000000000000e+000    0.00000000000000e+000    0.00000000000000e+000         1    3.00000000000000e+003       112 Starting_Location                                 
       112     18754    3.00000000000000e+003    1.36367010537257e+006    9.89785581873759e+004    7.21923806607240e+002    1.00000000000000e+000   -0.00000000000000e+000   -0.00000000000000e+000   -0.00000000000000e+000         1    3.00000000000000e+003       112 Internal sink/source: {UZF-GWRCH}                 
       113       113    3.00000000000000e+003    1.36370245083620e+006    9.92223080247595e+004    5.53101168197356e+002    1.00000000000000e+000    0.00000000000000e+000    0.00000000000000e+000    0.00000000000000e+000         1    3.00000000000000e+003       113 Starting_Location                                 
       113     18769    3.00000000000000e+003    1.36370245083620e+006    9.92223080247595e+004    7.22622579423452e+002    1.00000000000000e+000   -0.00000000000000e+000   -0.00000000000000e+000   -0.00000000000000e+000         1    3.00000000000000e+003       113 Internal sink/source: {UZF-GWRCH}                 
       114       114    3.00000000000000e+003    1.36353980996977e+006    1.01182660019695e+005    5.53726457960250e+002    1.00000000000000e+000    0.00000000000000e+000    0.00000000000000e+000    0.00000000000000e+000         1    3.00000000000000e+003       114 Starting_Location                                 
       114     18837    3.00000000000000e+003    1.36353980996977e+006    1.01182660019695e+005    7.20778666933121e+002    1.00000000000000e+000   -0.00000000000000e+000   -0.00000000000000e+000   -0.00000000000000e+000         1    3.00000000000000e+003       114 Internal sink/source: {UZF-GWRCH}                 
       115       115    3.00000000000000e+003    1.36328079705785e+006    1.05529147768052e+005    5.54449696054564e+002    1.00000000000000e+000    0.00000000000000e+000    0.00000000000000e+000    0.00000000000000e+000         1    3.00000000000000e+003       115 Starting_Location                                 
       115     19725    3.00000000000000e+003    1.36328079705785e+006    1.05529147768052e+005    6.61642475283808e+002    1.00000000000000e+000   -0.00000000000000e+000   -0.00000000000000e+000   -0.00000000000000e+000         1    3.00000000000000e+003       115 Internal sink/source: {UZF-GWRCH}                 
       116       116    3.00000000000000e+003    1.36319017995395e+006    1.05758638449993e+005    5.55079621742702e+002    1.00000000000000e+000    0.00000000000000e+000    0.00000000000000e+000    0.00000000000000e+000         1    3.00000000000000e+003       116 Starting_Location                                 
       116     20127    3.00000000000000e+003    1.36319017995395e+006    1.05758638449993e+005    6.63789870462039e+002    1.00000000000000e+000   -0.00000000000000e+000   -0.00000000000000e+000   -0.00000000000000e+000         1    3.00000000000000e+003       116 Internal sink/source: {UZF-GWRCH}                 
       117       117    3.00000000000000e+003    1.36288022887853e+006    1.06224478979924e+005    5.55754402876931e+002    1.00000000000000e+000    0.00000000000000e+000    0.00000000000000e+000    0.00000000000000e+000         1    3.00000000000000e+003       117 Starting_Location                                 
       117     20995    3.00000000000000e+003    1.36288022887853e+006    1.06224478979924e+005    6.67023991998391e+002    1.00000000000000e+000   -0.00000000000000e+000   -0.00000000000000e+000   -0.00000000000000e+000         1    3.00000000000000e+003       117 Internal sink/source: {UZF-GWRCH}                 
       118       118    3.00000000000000e+003    1.36325684253210e+006    1.05641095881411e+005    5.56947431847565e+002    1.00000000000000e+000    0.00000000000000e+000    0.00000000000000e+000    0.00000000000000e+000         1    3.00000000000000e+003       118 Starting_Location                                 
       118     21078    3.00000000000000e+003    1.36325684253210e+006    1.05641095881411e+005    6.63763420740490e+002    1.00000000000000e+000   -0.00000000000000e+000   -0.00000000000000e+000   -0.00000000000000e+000         1    3.00000000000000e+003       118 Internal sink/source: {UZF-GWRCH}                 
       119       119    3.00000000000000e+003    1.36311233463186e+006    1.05759822428476e+005    5.57813598420116e+002    1.00000000000000e+000    0.00000000000000e+000    0.00000000000000e+000    0.00000000000000e+000         1    3.00000000000000e+003       119 Starting_Location                                 
       119     19439    3.00000000000000e+003    1.36311233463186e+006    1.05759822428476e+005    6.60036221696510e+002    1.00000000000000e+000   -0.00000000000000e+000   -0.00000000000000e+000   -0.00000000000000e+000         1    3.00000000000000e+003       119 Internal sink/source: {UZF-GWRCH}                 
       120       120    3.00000000000000e+003    1.36250394851929e+006    1.06730560627631e+005    5.58545846935747e+002    1.00000000000000e+000    0.00000000000000e+000    0.00000000000000e+000    0.00000000000000e+000         1    3.00000000000000e+003       120 Starting_Location                                 
       120     19684    3.00000000000000e+003    1.36250394851929e+006    1.06730560627631e+005    7.79704956050000e+002    1.00000000000000e+000   -0.00000000000000e+000   -0.00000000000000e+000   -0.00000000000000e+000         1    3.00000000000000e+003       120 Inactive_Cell                                     
       121       121    3.00000000000000e+003    1.36266720853598e+006    1.06634094452374e+005    5.59101940328284e+002    1.00000000000000e+000    0.00000000000000e+000    0.00000000000000e+000    0.00000000000000e+000         1    3.00000000000000e+003       121 Starting_Location                                 
       121     19706    3.00000000000000e+003    1.36266720853598e+006    1.06634094452374e+005    6.78003523932891e+002    1.00000000000000e+000   -0.00000000000000e+000   -0.00000000000000e+000   -0.00000000000000e+000         1    3.00000000000000e+003       121 Internal sink/source: {RCH} {UZF-GWRCH}           
       122       122    3.00000000000000e+003    1.36273837648686e+006    1.06530818214437e+005    5.59873140210019e+002    1.00000000000000e+000    0.00000000000000e+000    0.00000000000000e+000    0.00000000000000e+000         1    3.00000000000000e+003       122 Starting_Location                                 
       122     19707    3.00000000000000e+003    1.36273837648686e+006    1.06530818214437e+005    6.75681896972362e+002    1.00000000000000e+000   -0.00000000000000e+000   -0.00000000000000e+000   -0.00000000000000e+000         1    3.00000000000000e+003       122 Internal sink/source: {RCH} {UZF-GWRCH}           
       123       123    3.00000000000000e+003    1.36284752153127e+006    1.06488960763229e+005    5.60368699613186e+002    1.00000000000000e+000    0.00000000000000e+000    0.00000000000000e+000    0.00000000000000e+000         1    3.00000000000000e+003       123 Starting_Location                                 
       123     22354    3.00000000000000e+003    1.36284752153127e+006    1.06488960763229e+005    6.78075856499221e+002    1.00000000000000e+000   -0.00000000000000e+000   -0.00000000000000e+000   -0.00000000000000e+000         1    3.00000000000000e+003       123 Internal sink/source: {UZF-GWRCH}                 
       124       124    3.00000000000000e+003    1.36344558916418e+006    1.05360679865513e+005    5.60743337920145e+002    1.00000000000000e+000    0.00000000000000e+000    0.00000000000000e+000    0.00000000000000e+000         1    3.00000000000000e+003       124 Starting_Location                                 
       124     22630    3.00000000000000e+003    1.36344558916418e+006    1.05360679865513e+005    6.65167979771593e+002    1.00000000000000e+000   -0.00000000000000e+000   -0.00000000000000e+000   -0.00000000000000e+000         1    3.00000000000000e+003       124 Internal sink/source: {RCH} {UZF-GWRCH}           
       125       125    3.00000000000000e+003    1.36348696640453e+006    1.05253539783274e+005    5.61193152573139e+002    1.00000000000000e+000    0.00000000000000e+000    0.00000000000000e+000    0.00000000000000e+000         1    3.00000000000000e+003       125 Starting_Location                                 
       125     23194    3.00000000000000e+003    1.36348696640453e+006    1.05253539783274e+005    6.84334090315726e+002    1.00000000000000e+000   -0.00000000000000e+000   -0.00000000000000e+000   -0.00000000000000e+000         1    3.00000000000000e+003       125 Internal sink/source: {RCH} {UZF-GWRCH}           
       126       126    3.00000000000000e+003    1.36346211854622e+006    1.05160653170273e+005    5.61352662425218e+002    1.00000000000000e+000    0.00000000000000e+000    0.00000000000000e+000    0.00000000000000e+000         1    3.00000000000000e+003       126 Starting_Location                                 
       126     23649    3.00000000000000e+003    1.36346211854622e+006    1.05160653170273e+005    7.32212036130000e+002    1.00000000000000e+000   -0.00000000000000e+000   -0.00000000000000e+000   -0.00000000000000e+000         1    3.00000000000000e+003       126 Inactive_Cell                                     
       127       127    3.00000000000000e+003    1.36357663434362e+006    1.05145448780356e+005    5.61452138348030e+002    1.00000000000000e+000    0.00000000000000e+000    0.00000000000000e+000    0.00000000000000e+000         1    3.00000000000000e+003       127 Starting_Location                                 
       127     21266    3.00000000000000e+003    1.36357663434362e+006    1.05145448780356e+005    7.34891540530000e+002    1.00000000000000e+000   -0.00000000000000e+000   -0.00000000000000e+000   -0.00000000000000e+000         1    3.00000000000000e+003       127 Inactive_Cell                                     
       128       128    3.00000000000000e+003    1.36302610235493e+006    1.06135771622780e+005    5.61453890947907e+002    1.00000000000000e+000    0.00000000000000e+000    0.00000000000000e+000    0.00000000000000e+000         1    3.00000000000000e+003       128 Starting_Location                                 
       128     21611    3.00000000000000e+003    1.36302610235493e+006    1.06135771622780e+005    6.70124363839157e+002    1.00000000000000e+000   -0.00000000000000e+000   -0.00000000000000e+000   -0.00000000000000e+000         1    3.00000000000000e+003       128 Internal sink/source: {UZF-GWRCH}                 
       129       129    3.00000000000000e+003    1.36337695184796e+006    1.05469641852217e+005    5.61370260978717e+002    1.00000000000000e+000    0.00000000000000e+000    0.00000000000000e+000    0.00000000000000e+000         1    3.00000000000000e+003       129 Starting_Location                                 
       129     21846    3.00000000000000e+003    1.36337695184796e+006    1.05469641852217e+005    6.63473588050485e+002    1.00000000000000e+000   -0.00000000000000e+000   -0.00000000000000e+000   -0.00000000000000e+000         1    3.00000000000000e+003       129 Internal sink/source: {UZF-GWRCH}                 
       130       130    3.00000000000000e+003    1.36288983471451e+006    1.06380065923621e+005    5.61259735108011e+002    1.00000000000000e+000    0.00000000000000e+000    0.00000000000000e+000    0.00000000000000e+000         1    3.00000000000000e+003       130 Starting_Location                                 
       130     22352    3.00000000000000e+003    1.36288983471451e+006    1.06380065923621e+005    6.74690044616355e+002    1.00000000000000e+000   -0.00000000000000e+000   -0.00000000000000e+000   -0.00000000000000e+000         1    3.00000000000000e+003       130 Internal sink/source: {UZF-GWRCH}                 
       131       131    3.00000000000000e+003    1.37349953453203e+006    1.16851406530580e+005    5.61077416163634e+002    1.00000000000000e+000    0.00000000000000e+000    0.00000000000000e+000    0.00000000000000e+000         1    3.00000000000000e+003       131 Starting_Location                                 
       131      5439    3.00000000000000e+003    1.37349953453203e+006    1.16851406530580e+005    7.61660656478291e+002    1.00000000000000e+000   -0.00000000000000e+000   -0.00000000000000e+000   -0.00000000000000e+000         1    3.00000000000000e+003       131 Internal sink/source: {UZF-GWRCH}                 
       132       132    3.00000000000000e+003    1.36504150750333e+006    1.13558156878353e+005    5.60903474372253e+002    1.00000000000000e+000    0.00000000000000e+000    0.00000000000000e+000    0.00000000000000e+000         1    3.00000000000000e+003       132 Starting_Location                                 
       132      5690    3.00000000000000e+003    1.36504150750333e+006    1.13558156878353e+005    6.37117005663333e+002    1.00000000000000e+000   -0.00000000000000e+000   -0.00000000000000e+000   -0.00000000000000e+000         1    3.00000000000000e+003       132 Internal sink/source: {UZF-GWRCH}                 
       133       133    3.00000000000000e+003    1.36517117888693e+006    1.13597432195831e+005    5.60642264531287e+002    1.00000000000000e+000    0.00000000000000e+000    0.00000000000000e+000    0.00000000000000e+000         1    3.00000000000000e+003       133 Starting_Location                                 
       133      5691    3.00000000000000e+003    1.36517117888693e+006    1.13597432195831e+005    6.49579934330757e+002    1.00000000000000e+000   -0.00000000000000e+000   -0.00000000000000e+000   -0.00000000000000e+000         1    3.00000000000000e+003       133 Internal sink/source: {UZF-GWRCH}                 
       134       134    3.00000000000000e+003    1.36529485940087e+006    1.13650839795629e+005    5.60312398781453e+002    1.00000000000000e+000    0.00000000000000e+000    0.00000000000000e+000    0.00000000000000e+000         1    3.00000000000000e+003       134 Starting_Location                                 
       134      5693    3.00000000000000e+003    1.36529485940087e+006    1.13650839795629e+005    6.57606498078757e+002    1.00000000000000e+000   -0.00000000000000e+000   -0.00000000000000e+000   -0.00000000000000e+000         1    3.00000000000000e+003       134 Internal sink/source: {UZF-GWRCH}                 
       135       135    3.00000000000000e+003    1.36247821672257e+006    1.06810390396611e+005    5.59945955686320e+002    1.00000000000000e+000    0.00000000000000e+000    0.00000000000000e+000    0.00000000000000e+000         1    3.00000000000000e+003       135 Starting_Location                                 
       135     27436    3.00000000000000e+003    1.36247821672257e+006    1.06810390396611e+005    7.78821838380000e+002    1.00000000000000e+000   -0.00000000000000e+000   -0.00000000000000e+000   -0.00000000000000e+000         1    3.00000000000000e+003       135 Inactive_Cell                                     
       136       136    3.00000000000000e+003    1.36305165144588e+006    1.06048306889790e+005    5.59647480453144e+002    1.00000000000000e+000    0.00000000000000e+000    0.00000000000000e+000    0.00000000000000e+000         1    3.00000000000000e+003       136 Starting_Location                                 
       136     27954    3.00000000000000e+003    1.36305165144588e+006    1.06048306889790e+005    6.68094855073671e+002    1.00000000000000e+000   -0.00000000000000e+000   -0.00000000000000e+000   -0.00000000000000e+000         1    3.00000000000000e+003       136 Internal sink/source: {UZF-GWRCH}                 
       137       137    3.00000000000000e+003    1.36293451847913e+006    1.06146527563999e+005    5.59204047055025e+002    1.00000000000000e+000    0.00000000000000e+000    0.00000000000000e+000    0.00000000000000e+000         1    3.00000000000000e+003       137 Starting_Location                                 
       137     27955    3.00000000000000e+003    1.36293451847913e+006    1.06146527563999e+005    6.66868978696021e+002    1.00000000000000e+000   -0.00000000000000e+000   -0.00000000000000e+000   -0.00000000000000e+000         1    3.00000000000000e+003       137 Internal sink/source: {UZF-GWRCH}                 
       138       138    3.00000000000000e+003    1.36811622283849e+006    1.17337063248502e+005    5.58624049806782e+002    1.00000000000000e+000    0.00000000000000e+000    0.00000000000000e+000    0.00000000000000e+000         1    3.00000000000000e+003       138 Starting_Location                                 
       138       798    3.00000000000000e+003    1.36811622283849e+006    1.17337063248502e+005    6.76670127459888e+002    1.00000000000000e+000   -0.00000000000000e+000   -0.00000000000000e+000   -0.00000000000000e+000         1    3.00000000000000e+003       138 Internal sink/source: {UZF-GWRCH}                 
       139       139    3.00000000000000e+003    1.36749689986209e+006    1.17276471114143e+005    5.57889048160971e+002    1.00000000000000e+000    0.00000000000000e+000    0.00000000000000e+000    0.00000000000000e+000         1    3.00000000000000e+003       139 Starting_Location                                 
       139      5724    3.00000000000000e+003    1.36749689986209e+006    1.17276471114143e+005    7.12830985766319e+002    1.00000000000000e+000   -0.00000000000000e+000   -0.00000000000000e+000   -0.00000000000000e+000         1    3.00000000000000e+003       139 Internal sink/source: {UZF-GWRCH}                 
       140       140    3.00000000000000e+003    1.36798129322488e+006    1.17293095172286e+005    5.57261754184707e+002    1.00000000000000e+000    0.00000000000000e+000    0.00000000000000e+000    0.00000000000000e+000         1    3.00000000000000e+003       140 Starting_Location                                 
       140      5728    3.00000000000000e+003    1.36798129322488e+006    1.17293095172286e+005    6.97603708198847e+002    1.00000000000000e+000   -0.00000000000000e+000   -0.00000000000000e+000   -0.00000000000000e+000         1    3.00000000000000e+003       140 Internal sink/source: {UZF-GWRCH}                 
       141       141    3.00000000000000e+003    1.36821950042204e+006    1.17382318215034e+005    5.56443660975737e+002    1.00000000000000e+000    0.00000000000000e+000    0.00000000000000e+000    0.00000000000000e+000         1    3.00000000000000e+003       141 Starting_Location                                 
       141      5729    3.00000000000000e+003    1.36821950042204e+006    1.17382318215034e+005    6.70776617698982e+002    1.00000000000000e+000   -0.00000000000000e+000   -0.00000000000000e+000   -0.00000000000000e+000         1    3.00000000000000e+003       141 Internal sink/source: {UZF-GWRCH}                 
       142       142    3.00000000000000e+003    1.37322344869653e+006    1.16793707915413e+005    5.56144186751230e+002    1.00000000000000e+000    0.00000000000000e+000    0.00000000000000e+000    0.00000000000000e+000         1    3.00000000000000e+003       142 Starting_Location                                 
       142      6600    3.00000000000000e+003    1.37322344869653e+006    1.16793707915413e+005    7.64462836110441e+002    1.00000000000000e+000   -0.00000000000000e+000   -0.00000000000000e+000   -0.00000000000000e+000         1    3.00000000000000e+003       142 Internal sink/source: {UZF-GWRCH}                 
       143       143    3.00000000000000e+003    1.36505856441301e+006    1.17871790805662e+005    5.56131315098950e+002    1.00000000000000e+000    0.00000000000000e+000    0.00000000000000e+000    0.00000000000000e+000         1    3.00000000000000e+003       143 Starting_Location                                 
       143      5697    3.00000000000000e+003    1.36505856441301e+006    1.17871790805662e+005    6.54169668139689e+002    1.00000000000000e+000   -0.00000000000000e+000   -0.00000000000000e+000   -0.00000000000000e+000         1    3.00000000000000e+003       143 Internal sink/source: {UZF-GWRCH}                 
       144       144    3.00000000000000e+003    1.36588444863343e+006    1.14590047612372e+005    5.56022324922562e+002    1.00000000000000e+000    0.00000000000000e+000    0.00000000000000e+000    0.00000000000000e+000         1    3.00000000000000e+003       144 Starting_Location                                 
       144      5708    3.00000000000000e+003    1.36588444863343e+006    1.14590047612372e+005    6.96362156439132e+002    1.00000000000000e+000   -0.00000000000000e+000   -0.00000000000000e+000   -0.00000000000000e+000         1    3.00000000000000e+003       144 Internal sink/source: {UZF-GWRCH}                 
       145       145    3.00000000000000e+003    1.36590382777118e+006    1.14489247166637e+005    5.55575083764624e+002    1.00000000000000e+000    0.00000000000000e+000    0.00000000000000e+000    0.00000000000000e+000         1    3.00000000000000e+003       145 Starting_Location                                 
       145      5709    3.00000000000000e+003    1.36590382777118e+006    1.14489247166637e+005    6.92777994144902e+002    1.00000000000000e+000   -0.00000000000000e+000   -0.00000000000000e+000   -0.00000000000000e+000         1    3.00000000000000e+003       145 Internal sink/source: {UZF-GWRCH}                 
       146       146    3.00000000000000e+003    1.36562227839604e+006    1.16521161582648e+005    5.55303544067332e+002    1.00000000000000e+000    0.00000000000000e+000    0.00000000000000e+000    0.00000000000000e+000         1    3.00000000000000e+003       146 Starting_Location                                 
       146      5716    3.00000000000000e+003    1.36562227839604e+006    1.16521161582648e+005    6.61076684043542e+002    1.00000000000000e+000   -0.00000000000000e+000   -0.00000000000000e+000   -0.00000000000000e+000         1    3.00000000000000e+003       146 Internal sink/source: {UZF-GWRCH}                 
       147       147    3.00000000000000e+003    1.36527207725724e+006    9.83611093555186e+004    5.54761711086702e+002    1.00000000000000e+000    0.00000000000000e+000    0.00000000000000e+000    0.00000000000000e+000         1    3.00000000000000e+003       147 Starting_Location                                 
       147     19977    3.00000000000000e+003    1.36527207725724e+006    9.83611093555186e+004    7.24031088215562e+002    1.00000000000000e+000   -0.00000000000000e+000   -0.00000000000000e+000   -0.00000000000000e+000         1    3.00000000000000e+003       147 Internal sink/source: {UZF-GWRCH}                 
       148       148    3.00000000000000e+003    1.36486461988391e+006    9.84197337753111e+004    5.54915123175495e+002    1.00000000000000e+000    0.00000000000000e+000    0.00000000000000e+000    0.00000000000000e+000         1    3.00000000000000e+003       148 Starting_Location                                 
       148     20004    3.00000000000000e+003    1.36486461988391e+006    9.84197337753111e+004    7.23583979591583e+002    1.00000000000000e+000   -0.00000000000000e+000   -0.00000000000000e+000   -0.00000000000000e+000         1    3.00000000000000e+003       148 Internal sink/source: {UZF-GWRCH}                 
       149       149    3.00000000000000e+003    1.36368352240631e+006    1.01663678788373e+005    5.54890697490280e+002    1.00000000000000e+000    0.00000000000000e+000    0.00000000000000e+000    0.00000000000000e+000         1    3.00000000000000e+003       149 Starting_Location                                 
       149     20922    3.00000000000000e+003    1.36368352240631e+006    1.01663678788373e+005    8.15902282710000e+002    1.00000000000000e+000   -0.00000000000000e+000   -0.00000000000000e+000   -0.00000000000000e+000         1    3.00000000000000e+003       149 Inactive_Cell                                     
       150       150    3.00000000000000e+003    1.36353221022958e+006    1.00297093053145e+005    5.54693728650321e+002    1.00000000000000e+000    0.00000000000000e+000    0.00000000000000e+000    0.00000000000000e+000         1    3.00000000000000e+003       150 Starting_Location                                 
       150     20924    3.00000000000000e+003    1.36353221022958e+006    1.00297093053145e+005    7.22990716024840e+002    1.00000000000000e+000   -0.00000000000000e+000   -0.00000000000000e+000   -0.00000000000000e+000         1    3.00000000000000e+003       150 Internal sink/source: {UZF-GWRCH}                 
       151       151    3.00000000000000e+003    1.36360437370305e+006    1.01234176692963e+005    5.54836040165271e+002    1.00000000000000e+000    0.00000000000000e+000    0.00000000000000e+000    0.00000000000000e+000         1    3.00000000000000e+003       151 Starting_Location                                 
       151     19705    3.00000000000000e+003    1.36360437370305e+006    1.01234176692963e+005    7.21708364355105e+002    1.00000000000000e+000   -0.00000000000000e+000   -0.00000000000000e+000   -0.00000000000000e+000         1    3.00000000000000e+003       151 Internal sink/source: {UZF-GWRCH}                 
       152       152    3.00000000000000e+003    1.36357909788204e+006    1.00927175391766e+005    5.56522312536111e+002    1.00000000000000e+000    0.00000000000000e+000    0.00000000000000e+000    0.00000000000000e+000         1    3.00000000000000e+003       152 Starting_Location                                 
       152     19770    3.00000000000000e+003    1.36357909788204e+006    1.00927175391766e+005    7.21943976615996e+002    1.00000000000000e+000   -0.00000000000000e+000   -0.00000000000000e+000   -0.00000000000000e+000         1    3.00000000000000e+003       152 Internal sink/source: {UZF-GWRCH}                 
       153       153    3.00000000000000e+003    1.36374747769633e+006    9.90356928257815e+004    5.57952639094848e+002    1.00000000000000e+000    0.00000000000000e+000    0.00000000000000e+000    0.00000000000000e+000         1    3.00000000000000e+003       153 Starting_Location                                 
       153     19818    3.00000000000000e+003    1.36374747769633e+006    9.90356928257815e+004    7.22462765999142e+002    1.00000000000000e+000   -0.00000000000000e+000   -0.00000000000000e+000   -0.00000000000000e+000         1    3.00000000000000e+003       153 Internal sink/source: {UZF-GWRCH}                 
       154       154    3.00000000000000e+003    1.36353300983776e+006    1.00614895758423e+005    5.58971937706927e+002    1.00000000000000e+000    0.00000000000000e+000    0.00000000000000e+000    0.00000000000000e+000         1    3.00000000000000e+003       154 Starting_Location                                 
       154     19898    3.00000000000000e+003    1.36353300983776e+006    1.00614895758423e+005    7.22502571926822e+002    1.00000000000000e+000   -0.00000000000000e+000   -0.00000000000000e+000   -0.00000000000000e+000         1    3.00000000000000e+003       154 Internal sink/source: {UZF-GWRCH}                 
       155       155    3.00000000000000e+003    1.36356083174268e+006    1.00416762511885e+005    5.59843601277188e+002    1.00000000000000e+000    0.00000000000000e+000    0.00000000000000e+000    0.00000000000000e+000         1    3.00000000000000e+003       155 Starting_Location                                 
       155     22383    3.00000000000000e+003    1.36356083174268e+006    1.00416762511885e+005    7.23265897232872e+002    1.00000000000000e+000   -0.00000000000000e+000   -0.00000000000000e+000   -0.00000000000000e+000         1    3.00000000000000e+003       155 Internal sink/source: {UZF-GWRCH}                 
       156       156    3.00000000000000e+003    1.36377475997162e+006    1.01860011547253e+005    5.60348219108106e+002    1.00000000000000e+000    0.00000000000000e+000    0.00000000000000e+000    0.00000000000000e+000         1    3.00000000000000e+003       156 Starting_Location                                 
       156     22804    3.00000000000000e+003    1.36377475997162e+006    1.01860011547253e+005    8.18111877440000e+002    1.00000000000000e+000   -0.00000000000000e+000   -0.00000000000000e+000   -0.00000000000000e+000         1    3.00000000000000e+003       156 Inactive_Cell                                     
       157       157    3.00000000000000e+003    1.36366796637345e+006    1.01435028191665e+005    5.61224301304130e+002    1.00000000000000e+000    0.00000000000000e+000    0.00000000000000e+000    0.00000000000000e+000         1    3.00000000000000e+003       157 Starting_Location                                 
       157     23425    3.00000000000000e+003    1.36366796637345e+006    1.01435028191665e+005    7.33378133309567e+002    1.00000000000000e+000   -0.00000000000000e+000   -0.00000000000000e+000   -0.00000000000000e+000         1    3.00000000000000e+003       157 Internal sink/source: {RCH} {UZF-GWRCH}           
       158       158    3.00000000000000e+003    1.36374756828120e+006    1.01595095690089e+005    5.62006286785200e+002    1.00000000000000e+000    0.00000000000000e+000    0.00000000000000e+000    0.00000000000000e+000         1    3.00000000000000e+003       158 Starting_Location                                 
       158     24130    3.00000000000000e+003    1.36374756828120e+006    1.01595095690089e+005    8.15940429690000e+002    1.00000000000000e+000   -0.00000000000000e+000   -0.00000000000000e+000   -0.00000000000000e+000         1    3.00000000000000e+003       158 Inactive_Cell                                     
       159       159    3.00000000000000e+003    1.36358255782001e+006    1.00527305321690e+005    5.62910172004747e+002    1.00000000000000e+000    0.00000000000000e+000    0.00000000000000e+000    0.00000000000000e+000         1    3.00000000000000e+003       159 Starting_Location                                 
       159     21276    3.00000000000000e+003    1.36358255782001e+006    1.00527305321690e+005    7.23428228416522e+002    1.00000000000000e+000   -0.00000000000000e+000   -0.00000000000000e+000   -0.00000000000000e+000         1    3.00000000000000e+003       159 Internal sink/source: {UZF-GWRCH}                 
       160       160    3.00000000000000e+003    1.36366319120803e+006    1.01316006172138e+005    5.63702258512796e+002    1.00000000000000e+000    0.00000000000000e+000    0.00000000000000e+000    0.00000000000000e+000         1    3.00000000000000e+003       160 Starting_Location                                 
       160     21366    3.00000000000000e+003    1.36366319120803e+006    1.01316006172138e+005    7.29563707051980e+002    1.00000000000000e+000   -0.00000000000000e+000   -0.00000000000000e+000   -0.00000000000000e+000         1    3.00000000000000e+003       160 Internal sink/source: {RCH} {UZF-GWRCH}           
       161       161    3.00000000000000e+003    1.36375269866521e+006    1.01777667608387e+005    5.64474741125358e+002    1.00000000000000e+000    0.00000000000000e+000    0.00000000000000e+000    0.00000000000000e+000         1    3.00000000000000e+003       161 Starting_Location                                 
       161     22238    3.00000000000000e+003    1.36375269866521e+006    1.01777667608387e+005    8.16715698240000e+002    1.00000000000000e+000   -0.00000000000000e+000   -0.00000000000000e+000   -0.00000000000000e+000         1    3.00000000000000e+003       161 Inactive_Cell                                     
       162       162    3.00000000000000e+003    1.36360102805646e+006    1.00202224561740e+005    5.65327101274143e+002    1.00000000000000e+000    0.00000000000000e+000    0.00000000000000e+000    0.00000000000000e+000         1    3.00000000000000e+003       162 Starting_Location                                 
       162     22239    3.00000000000000e+003    1.36360102805646e+006    1.00202224561740e+005    7.23953683048974e+002    1.00000000000000e+000   -0.00000000000000e+000   -0.00000000000000e+000   -0.00000000000000e+000         1    3.00000000000000e+003       162 Internal sink/source: {UZF-GWRCH}                 
       163       163    3.00000000000000e+003    1.36291763312344e+006    1.06063802383842e+005    5.66258315099913e+002    1.00000000000000e+000    0.00000000000000e+000    0.00000000000000e+000    0.00000000000000e+000         1    3.00000000000000e+003       163 Starting_Location                                 
       163     17778    3.00000000000000e+003    1.36291763312344e+006    1.06063802383842e+005    6.61468872846857e+002    1.00000000000000e+000   -0.00000000000000e+000   -0.00000000000000e+000   -0.00000000000000e+000         1    3.00000000000000e+003       163 Internal sink/source: {UZF-GWRCH}                 
       164       164    3.00000000000000e+003    1.36256176043259e+006    1.06666434026089e+005    5.67447692566674e+002    1.00000000000000e+000    0.00000000000000e+000    0.00000000000000e+000    0.00000000000000e+000         1    3.00000000000000e+003       164 Starting_Location                                 
       164     18659    3.00000000000000e+003    1.36256176043259e+006    1.06666434026089e+005    7.79878662110000e+002    1.00000000000000e+000   -0.00000000000000e+000   -0.00000000000000e+000   -0.00000000000000e+000         1    3.00000000000000e+003       164 Inactive_Cell                                     
       165       165    3.00000000000000e+003    1.36263806956073e+006    1.06540147078308e+005    5.68480797943748e+002    1.00000000000000e+000    0.00000000000000e+000    0.00000000000000e+000    0.00000000000000e+000         1    3.00000000000000e+003       165 Starting_Location                                 
       165     18843    3.00000000000000e+003    1.36263806956073e+006    1.06540147078308e+005    6.72326856952830e+002    1.00000000000000e+000   -0.00000000000000e+000   -0.00000000000000e+000   -0.00000000000000e+000         1    3.00000000000000e+003       165 Internal sink/source: {RCH} {UZF-GWRCH}           
       166       166    3.00000000000000e+003    1.36307273074902e+006    1.05918975089720e+005    5.69562252619016e+002    1.00000000000000e+000    0.00000000000000e+000    0.00000000000000e+000    0.00000000000000e+000         1    3.00000000000000e+003       166 Starting_Location                                 
       166     18876    3.00000000000000e+003    1.36307273074902e+006    1.05918975089720e+005    6.63226330324005e+002    1.00000000000000e+000   -0.00000000000000e+000   -0.00000000000000e+000   -0.00000000000000e+000         1    3.00000000000000e+003       166 Internal sink/source: {UZF-GWRCH}                 
       167       167    3.00000000000000e+003    1.36448641420481e+006    9.84870050817491e+004    5.70901325346700e+002    1.00000000000000e+000    0.00000000000000e+000    0.00000000000000e+000    0.00000000000000e+000         1    3.00000000000000e+003       167 Starting_Location                                 
       167     28475    3.00000000000000e+003    1.36448641420481e+006    9.84870050817491e+004    7.23150022784453e+002    1.00000000000000e+000   -0.00000000000000e+000   -0.00000000000000e+000   -0.00000000000000e+000         1    3.00000000000000e+003       167 Internal sink/source: {UZF-GWRCH}                 
       168       168    3.00000000000000e+003    1.36376536412080e+006    1.01692517476397e+005    5.72533713284766e+002    1.00000000000000e+000    0.00000000000000e+000    0.00000000000000e+000    0.00000000000000e+000         1    3.00000000000000e+003       168 Starting_Location                                 
       168     29266    3.00000000000000e+003    1.36376536412080e+006    1.01692517476397e+005    8.17271301270000e+002    1.00000000000000e+000   -0.00000000000000e+000   -0.00000000000000e+000   -0.00000000000000e+000         1    3.00000000000000e+003       168 Inactive_Cell                                     
       169       169    3.00000000000000e+003    1.36258199602963e+006    1.06581347180387e+005    5.74181575472818e+002    1.00000000000000e+000    0.00000000000000e+000    0.00000000000000e+000    0.00000000000000e+000         1    3.00000000000000e+003       169 Starting_Location                                 
       169     17698    3.00000000000000e+003    1.36258199602963e+006    1.06581347180387e+005    6.71544688971935e+002    1.00000000000000e+000   -0.00000000000000e+000   -0.00000000000000e+000   -0.00000000000000e+000         1    3.00000000000000e+003       169 Internal sink/source: {RCH} {UZF-GWRCH}           
       170       170    3.00000000000000e+003    1.36241877151466e+006    1.06702880552169e+005    5.75995621448098e+002    1.00000000000000e+000    0.00000000000000e+000    0.00000000000000e+000    0.00000000000000e+000         1    3.00000000000000e+003       170 Starting_Location                                 
       170     17699    3.00000000000000e+003    1.36241877151466e+006    1.06702880552169e+005    7.78594177250000e+002    1.00000000000000e+000   -0.00000000000000e+000   -0.00000000000000e+000   -0.00000000000000e+000         1    3.00000000000000e+003       170 Inactive_Cell                                     
       171       171    3.00000000000000e+003    1.36283556766411e+006    1.06297812663430e+005    5.77455999909988e+002    1.00000000000000e+000    0.00000000000000e+000    0.00000000000000e+000    0.00000000000000e+000         1    3.00000000000000e+003       171 Starting_Location                                 
       171     19220    3.00000000000000e+003    1.36283556766411e+006    1.06297812663430e+005    6.68666750728886e+002    1.00000000000000e+000   -0.00000000000000e+000   -0.00000000000000e+000   -0.00000000000000e+000         1    3.00000000000000e+003       171 Internal sink/source: {UZF-GWRCH}                 
       172       172    3.00000000000000e+003    1.36309656009282e+006    1.05829966311833e+005    5.79698911489248e+002    1.00000000000000e+000    0.00000000000000e+000    0.00000000000000e+000    0.00000000000000e+000         1    3.00000000000000e+003       172 Starting_Location                                 
       172     19232    3.00000000000000e+003    1.36309656009282e+006    1.05829966311833e+005    6.61555724691808e+002    1.00000000000000e+000   -0.00000000000000e+000   -0.00000000000000e+000   -0.00000000000000e+000         1    3.00000000000000e+003       172 Internal sink/source: {UZF-GWRCH}                 
       173       173    3.00000000000000e+003    1.36315541851634e+006    1.05688130548132e+005    5.82507934873172e+002    1.00000000000000e+000    0.00000000000000e+000    0.00000000000000e+000    0.00000000000000e+000         1    3.00000000000000e+003       173 Starting_Location                                 
       173     19302    3.00000000000000e+003    1.36315541851634e+006    1.05688130548132e+005    6.60025772817948e+002    1.00000000000000e+000   -0.00000000000000e+000   -0.00000000000000e+000   -0.00000000000000e+000         1    3.00000000000000e+003       173 Internal sink/source: {UZF-GWRCH}                 
       174       174    3.00000000000000e+003    1.36347546281490e+006    1.05066867670616e+005    5.83582636541552e+002    1.00000000000000e+000    0.00000000000000e+000    0.00000000000000e+000    0.00000000000000e+000         1    3.00000000000000e+003       174 Starting_Location                                 
       174     19313    3.00000000000000e+003    1.36347546281490e+006    1.05066867670616e+005    7.32167053220000e+002    1.00000000000000e+000   -0.00000000000000e+000   -0.00000000000000e+000   -0.00000000000000e+000         1    3.00000000000000e+003       174 Inactive_Cell                                     
       175       175    3.00000000000000e+003    1.36299221560882e+006    1.05999063277596e+005    5.85667906937217e+002    1.00000000000000e+000    0.00000000000000e+000    0.00000000000000e+000    0.00000000000000e+000         1    3.00000000000000e+003       175 Starting_Location                                 
       175     19216    3.00000000000000e+003    1.36299221560882e+006    1.05999063277596e+005    6.63114512773454e+002    1.00000000000000e+000   -0.00000000000000e+000   -0.00000000000000e+000   -0.00000000000000e+000         1    3.00000000000000e+003       175 Internal sink/source: {UZF-GWRCH}                 
       176       176    3.00000000000000e+003    1.36333075707020e+006    1.05380519672404e+005    5.87742864658173e+002    1.00000000000000e+000    0.00000000000000e+000    0.00000000000000e+000    0.00000000000000e+000         1    3.00000000000000e+003       176 Starting_Location                                 
       176     19217    3.00000000000000e+003    1.36333075707020e+006    1.05380519672404e+005    6.59255999771931e+002    1.00000000000000e+000   -0.00000000000000e+000   -0.00000000000000e+000   -0.00000000000000e+000         1    3.00000000000000e+003       176 Internal sink/source: {UZF-GWRCH}                 
       177       177    3.00000000000000e+003    1.36337729993058e+006    1.05274851951165e+005    5.89980826054135e+002    1.00000000000000e+000    0.00000000000000e+000    0.00000000000000e+000    0.00000000000000e+000         1    3.00000000000000e+003       177 Starting_Location                                 
       177     19218    3.00000000000000e+003    1.36337729993058e+006    1.05274851951165e+005    6.60304776140319e+002    1.00000000000000e+000   -0.00000000000000e+000   -0.00000000000000e+000   -0.00000000000000e+000         1    3.00000000000000e+003       177 Internal sink/source: {RCH} {UZF-GWRCH}           
       178       178    3.00000000000000e+003    1.36279175632891e+006    1.06400265890546e+005    5.92271218435381e+002    1.00000000000000e+000    0.00000000000000e+000    0.00000000000000e+000    0.00000000000000e+000         1    3.00000000000000e+003       178 Starting_Location                                 
       178     19219    3.00000000000000e+003    1.36279175632891e+006    1.06400265890546e+005    6.71478791399951e+002    1.00000000000000e+000   -0.00000000000000e+000   -0.00000000000000e+000   -0.00000000000000e+000         1    3.00000000000000e+003       178 Internal sink/source: {UZF-GWRCH}                 
       179       179    3.00000000000000e+003    1.36807699188439e+006    1.17288587479700e+005    5.93230933583860e+002    1.00000000000000e+000    0.00000000000000e+000    0.00000000000000e+000    0.00000000000000e+000         1    3.00000000000000e+003       179 Starting_Location                                 
       179      8707    3.00000000000000e+003    1.36807699188439e+006    1.17288587479700e+005    6.84171386245166e+002    1.00000000000000e+000   -0.00000000000000e+000   -0.00000000000000e+000   -0.00000000000000e+000         1    3.00000000000000e+003       179 Internal sink/source: {UZF-GWRCH}                 
       180       180    3.00000000000000e+003    1.36816317774904e+006    1.17345410757115e+005    5.94582013786480e+002    1.00000000000000e+000    0.00000000000000e+000    0.00000000000000e+000    0.00000000000000e+000         1    3.00000000000000e+003       180 Starting_Location                                 
       180      8711    3.00000000000000e+003    1.36816317774904e+006    1.17345410757115e+005    6.73814208923446e+002    1.00000000000000e+000   -0.00000000000000e+000   -0.00000000000000e+000   -0.00000000000000e+000         1    3.00000000000000e+003       180 Internal sink/source: {UZF-GWRCH}                 
       181       181    3.00000000000000e+003    1.37284255605309e+006    1.17028535891569e+005    5.96457515108504e+002    1.00000000000000e+000    0.00000000000000e+000    0.00000000000000e+000    0.00000000000000e+000         1    3.00000000000000e+003       181 Starting_Location                                 
       181      9196    3.00000000000000e+003    1.37284255605309e+006    1.17028535891569e+005    7.58779778262400e+002    1.00000000000000e+000   -0.00000000000000e+000   -0.00000000000000e+000   -0.00000000000000e+000         1    3.00000000000000e+003       181 Internal sink/source: {UZF-GWRCH}                 
       182       182    3.00000000000000e+003    1.37338403368974e+006    1.16814910500444e+005    5.99539556206750e+002    1.00000000000000e+000    0.00000000000000e+000    0.00000000000000e+000    0.00000000000000e+000         1    3.00000000000000e+003       182 Starting_Location                                 
       182      9197    3.00000000000000e+003    1.37338403368974e+006    1.16814910500444e+005    7.63793431221528e+002    1.00000000000000e+000   -0.00000000000000e+000   -0.00000000000000e+000   -0.00000000000000e+000         1    3.00000000000000e+003       182 Internal sink/source: {UZF-GWRCH}                 
       183       183    3.00000000000000e+003    1.36560810661822e+006    1.16665626455184e+005    6.01245339551949e+002    1.00000000000000e+000    0.00000000000000e+000    0.00000000000000e+000    0.00000000000000e+000         1    3.00000000000000e+003       183 Starting_Location                                 
       183      8666    3.00000000000000e+003    1.36560810661822e+006    1.16665626455184e+005    6.63298537959024e+002    1.00000000000000e+000   -0.00000000000000e+000   -0.00000000000000e+000   -0.00000000000000e+000         1    3.00000000000000e+003       183 Internal sink/source: {UZF-GWRCH}                 
       184       184    3.00000000000000e+003    1.36629380606820e+006    1.17593585668446e+005    6.02384681109304e+002    1.00000000000000e+000    0.00000000000000e+000    0.00000000000000e+000    0.00000000000000e+000         1    3.00000000000000e+003       184 Starting_Location                                 
       184      8681    3.00000000000000e+003    1.36629380606820e+006    1.17593585668446e+005    7.09917044454692e+002    1.00000000000000e+000   -0.00000000000000e+000   -0.00000000000000e+000   -0.00000000000000e+000         1    3.00000000000000e+003       184 Internal sink/source: {UZF-GWRCH}                 
       185       185    3.00000000000000e+003    1.36688051037253e+006    1.17475467533700e+005    6.03777427070858e+002    1.00000000000000e+000    0.00000000000000e+000    0.00000000000000e+000    0.00000000000000e+000         1    3.00000000000000e+003       185 Starting_Location                                 
       185      8692    3.00000000000000e+003    1.36688051037253e+006    1.17475467533700e+005    7.14939990243914e+002    1.00000000000000e+000   -0.00000000000000e+000   -0.00000000000000e+000   -0.00000000000000e+000         1    3.00000000000000e+003       185 Internal sink/source: {UZF-GWRCH}                 
       186       186    3.00000000000000e+003    1.36677672362934e+006    1.17471450313498e+005    6.04027142933591e+002    1.00000000000000e+000    0.00000000000000e+000    0.00000000000000e+000    0.00000000000000e+000         1    3.00000000000000e+003       186 Starting_Location                                 
       186      8694    3.00000000000000e+003    1.36677672362934e+006    1.17471450313498e+005    7.14673682444737e+002    1.00000000000000e+000   -0.00000000000000e+000   -0.00000000000000e+000   -0.00000000000000e+000         1    3.00000000000000e+003       186 Internal sink/source: {UZF-GWRCH}                 
       187       187    3.00000000000000e+003    1.36513172263952e+006    1.13575758855797e+005    6.06512978543886e+002    1.00000000000000e+000    0.00000000000000e+000    0.00000000000000e+000    0.00000000000000e+000         1    3.00000000000000e+003       187 Starting_Location                                 
       187     10423    3.00000000000000e+003    1.36513172263952e+006    1.13575758855797e+005    6.46058240234687e+002    1.00000000000000e+000   -0.00000000000000e+000   -0.00000000000000e+000   -0.00000000000000e+000         1    3.00000000000000e+003       187 Internal sink/source: {UZF-GWRCH}                 
       188       188    3.00000000000000e+003    1.36632657480150e+006    1.17584855933065e+005    6.08153050273467e+002    1.00000000000000e+000    0.00000000000000e+000    0.00000000000000e+000    0.00000000000000e+000         1    3.00000000000000e+003       188 Starting_Location                                 
       188     10432    3.00000000000000e+003    1.36632657480150e+006    1.17584855933065e+005    7.10373699782251e+002    1.00000000000000e+000   -0.00000000000000e+000   -0.00000000000000e+000   -0.00000000000000e+000         1    3.00000000000000e+003       188 Internal sink/source: {UZF-GWRCH}                 
       189       189    3.00000000000000e+003    1.36654479954010e+006    1.17490950299182e+005    6.09240620290325e+002    1.00000000000000e+000    0.00000000000000e+000    0.00000000000000e+000    0.00000000000000e+000         1    3.00000000000000e+003       189 Starting_Location                                 
       189     10433    3.00000000000000e+003    1.36654479954010e+006    1.17490950299182e+005    7.13337940027391e+002    1.00000000000000e+000   -0.00000000000000e+000   -0.00000000000000e+000   -0.00000000000000e+000         1    3.00000000000000e+003       189 Internal sink/source: {UZF-GWRCH}                 
       190       190    3.00000000000000e+003    1.36644818531493e+006    1.17520536670031e+005    6.10027877532555e+002    1.00000000000000e+000    0.00000000000000e+000    0.00000000000000e+000    0.00000000000000e+000         1    3.00000000000000e+003       190 Starting_Location                                 
       190     10435    3.00000000000000e+003    1.36644818531493e+006    1.17520536670031e+005    7.12338502208079e+002    1.00000000000000e+000   -0.00000000000000e+000   -0.00000000000000e+000   -0.00000000000000e+000         1    3.00000000000000e+003       190 Internal sink/source: {UZF-GWRCH}                 
       191       191    3.00000000000000e+003    1.36435831584336e+006    1.18331837329974e+005    6.10869949737072e+002    1.00000000000000e+000    0.00000000000000e+000    0.00000000000000e+000    0.00000000000000e+000         1    3.00000000000000e+003       191 Starting_Location                                 
       191     10390    3.00000000000000e+003    1.36435831584336e+006    1.18331837329974e+005    6.19955784182945e+002    1.00000000000000e+000   -0.00000000000000e+000   -0.00000000000000e+000   -0.00000000000000e+000         1    3.00000000000000e+003       191 Internal sink/source: {UZF-GWRCH}                 
       192       192    3.00000000000000e+003    1.36427529322152e+006    1.18353470856488e+005    6.11568784453735e+002    1.00000000000000e+000    0.00000000000000e+000    0.00000000000000e+000    0.00000000000000e+000         1    3.00000000000000e+003       192 Starting_Location                                 
       192     10400    3.00000000000000e+003    1.36427529322152e+006    1.18353470856488e+005    6.18785365622969e+002    1.00000000000000e+000   -0.00000000000000e+000   -0.00000000000000e+000   -0.00000000000000e+000         1    3.00000000000000e+003       192 Internal sink/source: {UZF-GWRCH}                 
       193       193    3.00000000000000e+003    1.36468452766834e+006    1.18260514071568e+005    6.12120265644674e+002    1.00000000000000e+000    0.00000000000000e+000    0.00000000000000e+000    0.00000000000000e+000         1    3.00000000000000e+003       193 Starting_Location                                 
       193     10404    3.00000000000000e+003    1.36468452766834e+006    1.18260514071568e+005    6.36121652765204e+002    1.00000000000000e+000   -0.00000000000000e+000   -0.00000000000000e+000   -0.00000000000000e+000         1    3.00000000000000e+003       193 Internal sink/source: {UZF-GWRCH}                 
       194       194    3.00000000000000e+003    1.36444173210178e+006    1.18320338099523e+005    6.12659486278200e+002    1.00000000000000e+000    0.00000000000000e+000    0.00000000000000e+000    0.00000000000000e+000         1    3.00000000000000e+003       194 Starting_Location                                 
       194     10408    3.00000000000000e+003    1.36444173210178e+006    1.18320338099523e+005    6.23147141339403e+002    1.00000000000000e+000   -0.00000000000000e+000   -0.00000000000000e+000   -0.00000000000000e+000         1    3.00000000000000e+003       194 Internal sink/source: {UZF-GWRCH}                 
       195       195    3.00000000000000e+003    1.36593700322150e+006    1.14547811104891e+005    6.13124327675078e+002    1.00000000000000e+000    0.00000000000000e+000    0.00000000000000e+000    0.00000000000000e+000         1    3.00000000000000e+003       195 Starting_Location                                 
       195     10471    3.00000000000000e+003    1.36593700322150e+006    1.14547811104891e+005    7.02120977490056e+002    1.00000000000000e+000   -0.00000000000000e+000   -0.00000000000000e+000   -0.00000000000000e+000         1    3.00000000000000e+003       195 Internal sink/source: {UZF-GWRCH}                 
       196       196    3.00000000000000e+003    1.36587717364488e+006    1.14785782082949e+005    6.13478874141803e+002    1.00000000000000e+000    0.00000000000000e+000    0.00000000000000e+000    0.00000000000000e+000         1    3.00000000000000e+003       196 Starting_Location                                 
       196     10475    3.00000000000000e+003    1.36587717364488e+006    1.14785782082949e+005    7.02669371291229e+002    1.00000000000000e+000   -0.00000000000000e+000   -0.00000000000000e+000   -0.00000000000000e+000         1    3.00000000000000e+003       196 Internal sink/source: {UZF-GWRCH}                 
       197       197    3.00000000000000e+003    1.36674479889401e+006    1.17476959646026e+005    6.13628741067008e+002    1.00000000000000e+000    0.00000000000000e+000    0.00000000000000e+000    0.00000000000000e+000         1    3.00000000000000e+003       197 Starting_Location                                 
       197     10486    3.00000000000000e+003    1.36674479889401e+006    1.17476959646026e+005    7.14546992876762e+002    1.00000000000000e+000   -0.00000000000000e+000   -0.00000000000000e+000   -0.00000000000000e+000         1    3.00000000000000e+003       197 Internal sink/source: {UZF-GWRCH}                 
       198       198    3.00000000000000e+003    1.36565080086438e+006    1.16480235083403e+005    6.13598093552250e+002    1.00000000000000e+000    0.00000000000000e+000    0.00000000000000e+000    0.00000000000000e+000         1    3.00000000000000e+003       198 Starting_Location                                 
       198     10489    3.00000000000000e+003    1.36565080086438e+006    1.16480235083403e+005    6.66800059722867e+002    1.00000000000000e+000   -0.00000000000000e+000   -0.00000000000000e+000   -0.00000000000000e+000         1    3.00000000000000e+003       198 Internal sink/source: {UZF-GWRCH}                 
       199       199    3.00000000000000e+003    1.36557792342589e+006    1.16957743167681e+005    6.13791944474660e+002    1.00000000000000e+000    0.00000000000000e+000    0.00000000000000e+000    0.00000000000000e+000         1    3.00000000000000e+003       199 Starting_Location                                 
       199     10438    3.00000000000000e+003    1.36557792342589e+006    1.16957743167681e+005    6.68934645782086e+002    1.00000000000000e+000   -0.00000000000000e+000   -0.00000000000000e+000   -0.00000000000000e+000         1    3.00000000000000e+003       199 Internal sink/source: {UZF-GWRCH}                 
       200       200    3.00000000000000e+003    1.36560834509069e+006    1.16868236491062e+005    6.14220304858345e+002    1.00000000000000e+000    0.00000000000000e+000    0.00000000000000e+000    0.00000000000000e+000         1    3.00000000000000e+003       200 Starting_Location                                 
       200     10439    3.00000000000000e+003    1.36560834509069e+006    1.16868236491062e+005    6.69036037593395e+002    1.00000000000000e+000   -0.00000000000000e+000   -0.00000000000000e+000   -0.00000000000000e+000         1    3.00000000000000e+003       200 Internal sink/source: {UZF-GWRCH}                 
       201       201    3.00000000000000e+003    1.36509154677829e+006    1.17834388361795e+005    6.14474097663439e+002    1.00000000000000e+000    0.00000000000000e+000    0.00000000000000e+000    0.00000000000000e+000         1    3.00000000000000e+003       201 Starting_Location                                 
       201     10443    3.00000000000000e+003    1.36509154677829e+006    1.17834388361795e+005    6.56369920816223e+002    1.00000000000000e+000   -0.00000000000000e+000   -0.00000000000000e+000   -0.00000000000000e+000         1    3.00000000000000e+003       201 Internal sink/source: {UZF-GWRCH}                 
       202       202    3.00000000000000e+003    1.36502001290054e+006    1.17982493002423e+005    6.14428453789052e+002    1.00000000000000e+000    0.00000000000000e+000    0.00000000000000e+000    0.00000000000000e+000         1    3.00000000000000e+003       202 Starting_Location                                 
       202     10458    3.00000000000000e+003    1.36502001290054e+006    1.17982493002423e+005    6.51563274018787e+002    1.00000000000000e+000   -0.00000000000000e+000   -0.00000000000000e+000   -0.00000000000000e+000         1    3.00000000000000e+003       202 Internal sink/source: {UZF-GWRCH}                 
       203       203    3.00000000000000e+003    1.36805206354783e+006    1.17313567665087e+005    6.14122935096774e+002    1.00000000000000e+000    0.00000000000000e+000    0.00000000000000e+000    0.00000000000000e+000         1    3.00000000000000e+003       203 Starting_Location                                 
       203     10516    3.00000000000000e+003    1.36805206354783e+006    1.17313567665087e+005    6.85064810878989e+002    1.00000000000000e+000   -0.00000000000000e+000   -0.00000000000000e+000   -0.00000000000000e+000         1    3.00000000000000e+003       203 Internal sink/source: {UZF-GWRCH}                 
       204       204    3.00000000000000e+003    1.36794876463247e+006    1.17273665383157e+005    6.13931730399923e+002    1.00000000000000e+000    0.00000000000000e+000    0.00000000000000e+000    0.00000000000000e+000         1    3.00000000000000e+003       204 Starting_Location                                 
       204     10518    3.00000000000000e+003    1.36794876463247e+006    1.17273665383157e+005    7.01334849906312e+002    1.00000000000000e+000   -0.00000000000000e+000   -0.00000000000000e+000   -0.00000000000000e+000         1    3.00000000000000e+003       204 Internal sink/source: {UZF-GWRCH}                 
       205       205    3.00000000000000e+003    1.36824818903158e+006    1.17420376647332e+005    6.13838119927281e+002    1.00000000000000e+000    0.00000000000000e+000    0.00000000000000e+000    0.00000000000000e+000         1    3.00000000000000e+003       205 Starting_Location                                 
       205     10519    3.00000000000000e+003    1.36824818903158e+006    1.17420376647332e+005    6.68330058235975e+002    1.00000000000000e+000   -0.00000000000000e+000   -0.00000000000000e+000   -0.00000000000000e+000         1    3.00000000000000e+003       205 Internal sink/source: {UZF-GWRCH}                 
       206       206    3.00000000000000e+003    1.36813994481586e+006    1.17328287184989e+005    6.14087586731885e+002    1.00000000000000e+000    0.00000000000000e+000    0.00000000000000e+000    0.00000000000000e+000         1    3.00000000000000e+003       206 Starting_Location                                 
       206     10520    3.00000000000000e+003    1.36813994481586e+006    1.17328287184989e+005    6.76325068739653e+002    1.00000000000000e+000   -0.00000000000000e+000   -0.00000000000000e+000   -0.00000000000000e+000         1    3.00000000000000e+003       206 Internal sink/source: {UZF-GWRCH}                 
       207       207    3.00000000000000e+003    1.36586533846532e+006    1.15131665310522e+005    6.14077878854545e+002    1.00000000000000e+000    0.00000000000000e+000    0.00000000000000e+000    0.00000000000000e+000         1    3.00000000000000e+003       207 Starting_Location                                 
       207     10493    3.00000000000000e+003    1.36586533846532e+006    1.15131665310522e+005    7.04401919274953e+002    1.00000000000000e+000   -0.00000000000000e+000   -0.00000000000000e+000   -0.00000000000000e+000         1    3.00000000000000e+003       207 Internal sink/source: {UZF-GWRCH}                 
       208       208    3.00000000000000e+003    1.36623992175231e+006    1.17648192015161e+005    6.13794105884386e+002    1.00000000000000e+000    0.00000000000000e+000    0.00000000000000e+000    0.00000000000000e+000         1    3.00000000000000e+003       208 Starting_Location                                 
       208     10499    3.00000000000000e+003    1.36623992175231e+006    1.17648192015161e+005    7.08893915649678e+002    1.00000000000000e+000   -0.00000000000000e+000   -0.00000000000000e+000   -0.00000000000000e+000         1    3.00000000000000e+003       208 Internal sink/source: {UZF-GWRCH}                 
       209       209    3.00000000000000e+003    1.36777071529914e+006    1.17245849288633e+005    6.13322113967407e+002    1.00000000000000e+000    0.00000000000000e+000    0.00000000000000e+000    0.00000000000000e+000         1    3.00000000000000e+003       209 Starting_Location                                 
       209     10508    3.00000000000000e+003    1.36777071529914e+006    1.17245849288633e+005    7.07131996583164e+002    1.00000000000000e+000   -0.00000000000000e+000   -0.00000000000000e+000   -0.00000000000000e+000         1    3.00000000000000e+003       209 Internal sink/source: {UZF-GWRCH}                 
       210       210    3.00000000000000e+003    1.36811545765679e+006    1.17300107504246e+005    6.12698958872072e+002    1.00000000000000e+000    0.00000000000000e+000    0.00000000000000e+000    0.00000000000000e+000         1    3.00000000000000e+003       210 Starting_Location                                 
       210     10515    3.00000000000000e+003    1.36811545765679e+006    1.17300107504246e+005    6.80431213617732e+002    1.00000000000000e+000   -0.00000000000000e+000   -0.00000000000000e+000   -0.00000000000000e+000         1    3.00000000000000e+003       210 Internal sink/source: {UZF-GWRCH}                 
       211       211    3.00000000000000e+003    1.36534021430661e+006    1.13677143250209e+005    6.12108650587199e+002    1.00000000000000e+000    0.00000000000000e+000    0.00000000000000e+000    0.00000000000000e+000         1    3.00000000000000e+003       211 Starting_Location                                 
       211      7280    3.00000000000000e+003    1.36534021430661e+006    1.13677143250209e+005    6.57808511623805e+002    1.00000000000000e+000   -0.00000000000000e+000   -0.00000000000000e+000   -0.00000000000000e+000         1    3.00000000000000e+003       211 Internal sink/source: {UZF-GWRCH}                 
       212       212    3.00000000000000e+003    1.36635244689848e+006    1.17533976455033e+005    6.10961162651934e+002    1.00000000000000e+000    0.00000000000000e+000    0.00000000000000e+000    0.00000000000000e+000         1    3.00000000000000e+003       212 Starting_Location                                 
       212      7288    3.00000000000000e+003    1.36635244689848e+006    1.17533976455033e+005    7.11117239225233e+002    1.00000000000000e+000   -0.00000000000000e+000   -0.00000000000000e+000   -0.00000000000000e+000         1    3.00000000000000e+003       212 Internal sink/source: {UZF-GWRCH}                 
       213       213    3.00000000000000e+003    1.36504226035117e+006    1.17845521489347e+005    6.10744590471589e+002    1.00000000000000e+000    0.00000000000000e+000    0.00000000000000e+000    0.00000000000000e+000         1    3.00000000000000e+003       213 Starting_Location                                 
       213      7293    3.00000000000000e+003    1.36504226035117e+006    1.17845521489347e+005    6.54426234617086e+002    1.00000000000000e+000   -0.00000000000000e+000   -0.00000000000000e+000   -0.00000000000000e+000         1    3.00000000000000e+003       213 Internal sink/source: {UZF-GWRCH}                 
       214       214    3.00000000000000e+003    1.36503578100075e+006    1.17905540767580e+005    6.10810495629600e+002    1.00000000000000e+000    0.00000000000000e+000    0.00000000000000e+000    0.00000000000000e+000         1    3.00000000000000e+003       214 Starting_Location                                 
       214      7295    3.00000000000000e+003    1.36503578100075e+006    1.17905540767580e+005    6.52197330935012e+002    1.00000000000000e+000   -0.00000000000000e+000   -0.00000000000000e+000   -0.00000000000000e+000         1    3.00000000000000e+003       214 Internal sink/source: {UZF-GWRCH}                 
       215       215    3.00000000000000e+003    1.37354594285749e+006    1.16909709523930e+005    6.11475404373288e+002    1.00000000000000e+000    0.00000000000000e+000    0.00000000000000e+000    0.00000000000000e+000         1    3.00000000000000e+003       215 Starting_Location                                 
       215      6938    3.00000000000000e+003    1.37354594285749e+006    1.16909709523930e+005    7.58232695977687e+002    1.00000000000000e+000   -0.00000000000000e+000   -0.00000000000000e+000   -0.00000000000000e+000         1    3.00000000000000e+003       215 Internal sink/source: {UZF-GWRCH}                 
       216       216    3.00000000000000e+003    1.37346152903408e+006    1.16837886955066e+005    6.11177370781980e+002    1.00000000000000e+000    0.00000000000000e+000    0.00000000000000e+000    0.00000000000000e+000         1    3.00000000000000e+003       216 Starting_Location                                 
       216      6939    3.00000000000000e+003    1.37346152903408e+006    1.16837886955066e+005    7.62614202856216e+002    1.00000000000000e+000   -0.00000000000000e+000   -0.00000000000000e+000   -0.00000000000000e+000         1    3.00000000000000e+003       216 Internal sink/source: {UZF-GWRCH}                 
       217       217    3.00000000000000e+003    1.36431773275129e+006    1.18324960428724e+005    6.11234223096210e+002    1.00000000000000e+000    0.00000000000000e+000    0.00000000000000e+000    0.00000000000000e+000         1    3.00000000000000e+003       217 Starting_Location                                 
       217      7226    3.00000000000000e+003    1.36431773275129e+006    1.18324960428724e+005    6.19152085402260e+002    1.00000000000000e+000   -0.00000000000000e+000   -0.00000000000000e+000   -0.00000000000000e+000         1    3.00000000000000e+003       217 Internal sink/source: {UZF-GWRCH}                 
       218       218    3.00000000000000e+003    1.36521749305686e+006    1.13606339333599e+005    6.11484995641271e+002    1.00000000000000e+000    0.00000000000000e+000    0.00000000000000e+000    0.00000000000000e+000         1    3.00000000000000e+003       218 Starting_Location                                 
       218      7274    3.00000000000000e+003    1.36521749305686e+006    1.13606339333599e+005    6.53932385465817e+002    1.00000000000000e+000   -0.00000000000000e+000   -0.00000000000000e+000   -0.00000000000000e+000         1    3.00000000000000e+003       218 Internal sink/source: {UZF-GWRCH}                 
       219       219    3.00000000000000e+003    1.36562172497893e+006    1.16569491891243e+005    6.10895952099192e+002    1.00000000000000e+000    0.00000000000000e+000    0.00000000000000e+000    0.00000000000000e+000         1    3.00000000000000e+003       219 Starting_Location                                 
       219      7349    3.00000000000000e+003    1.36562172497893e+006    1.16569491891243e+005    6.61996197250666e+002    1.00000000000000e+000   -0.00000000000000e+000   -0.00000000000000e+000   -0.00000000000000e+000         1    3.00000000000000e+003       219 Internal sink/source: {UZF-GWRCH}                 
       220       220    3.00000000000000e+003    1.36560193025973e+006    1.16493446066438e+005    6.07202326323281e+002    1.00000000000000e+000    0.00000000000000e+000    0.00000000000000e+000    0.00000000000000e+000         1    3.00000000000000e+003       220 Starting_Location                                 
       220      7350    3.00000000000000e+003    1.36560193025973e+006    1.16493446066438e+005    6.60434191925968e+002    1.00000000000000e+000   -0.00000000000000e+000   -0.00000000000000e+000   -0.00000000000000e+000         1    3.00000000000000e+003       220 Internal sink/source: {UZF-GWRCH}                 
       221       221    3.00000000000000e+003    1.36627095515647e+006    1.17619119674908e+005    6.06313845079402e+002    1.00000000000000e+000    0.00000000000000e+000    0.00000000000000e+000    0.00000000000000e+000         1    3.00000000000000e+003       221 Starting_Location                                 
       221      7363    3.00000000000000e+003    1.36627095515647e+006    1.17619119674908e+005    7.09380021754172e+002    1.00000000000000e+000   -0.00000000000000e+000   -0.00000000000000e+000   -0.00000000000000e+000         1    3.00000000000000e+003       221 Internal sink/source: {UZF-GWRCH}                 
       222       222    3.00000000000000e+003    1.36680618875033e+006    1.17458340569162e+005    6.06045534087285e+002    1.00000000000000e+000    0.00000000000000e+000    0.00000000000000e+000    0.00000000000000e+000         1    3.00000000000000e+003       222 Starting_Location                                 
       222      7375    3.00000000000000e+003    1.36680618875033e+006    1.17458340569162e+005    7.14778651789173e+002    1.00000000000000e+000   -0.00000000000000e+000   -0.00000000000000e+000   -0.00000000000000e+000         1    3.00000000000000e+003       222 Internal sink/source: {UZF-GWRCH}                 
       223       223    3.00000000000000e+003    1.36507702241778e+006    1.17745108559358e+005    6.06660086735387e+002    1.00000000000000e+000    0.00000000000000e+000    0.00000000000000e+000    0.00000000000000e+000         1    3.00000000000000e+003       223 Starting_Location                                 
       223      7297    3.00000000000000e+003    1.36507702241778e+006    1.17745108559358e+005    6.57052797578783e+002    1.00000000000000e+000   -0.00000000000000e+000   -0.00000000000000e+000   -0.00000000000000e+000         1    3.00000000000000e+003       223 Internal sink/source: {UZF-GWRCH}                 
       224       224    3.00000000000000e+003    1.36563116005376e+006    1.16340055850189e+005    6.07420352723141e+002    1.00000000000000e+000    0.00000000000000e+000    0.00000000000000e+000    0.00000000000000e+000         1    3.00000000000000e+003       224 Starting_Location                                 
       224      7340    3.00000000000000e+003    1.36563116005376e+006    1.16340055850189e+005    6.63696137223126e+002    1.00000000000000e+000   -0.00000000000000e+000   -0.00000000000000e+000   -0.00000000000000e+000         1    3.00000000000000e+003       224 Internal sink/source: {UZF-GWRCH}                 
       225       225    3.00000000000000e+003    1.36664164898422e+006    1.17467631557634e+005    6.09057249222698e+002    1.00000000000000e+000    0.00000000000000e+000    0.00000000000000e+000    0.00000000000000e+000         1    3.00000000000000e+003       225 Starting_Location                                 
       225      7347    3.00000000000000e+003    1.36664164898422e+006    1.17467631557634e+005    7.14042291248025e+002    1.00000000000000e+000   -0.00000000000000e+000   -0.00000000000000e+000   -0.00000000000000e+000         1    3.00000000000000e+003       225 Internal sink/source: {UZF-GWRCH}                 
       226       226    3.00000000000000e+003    1.36561735963783e+006    1.16620161098356e+005    6.08584336742381e+002    1.00000000000000e+000    0.00000000000000e+000    0.00000000000000e+000    0.00000000000000e+000         1    3.00000000000000e+003       226 Starting_Location                                 
       226      7348    3.00000000000000e+003    1.36561735963783e+006    1.16620161098356e+005    6.62600386108936e+002    1.00000000000000e+000   -0.00000000000000e+000   -0.00000000000000e+000   -0.00000000000000e+000         1    3.00000000000000e+003       226 Internal sink/source: {UZF-GWRCH}                 
       227       227    3.00000000000000e+003    1.37333934039080e+006    1.16807151688828e+005    6.08869658252347e+002    1.00000000000000e+000    0.00000000000000e+000    0.00000000000000e+000    0.00000000000000e+000         1    3.00000000000000e+003       227 Starting_Location                                 
       227      7667    3.00000000000000e+003    1.37333934039080e+006    1.16807151688828e+005    7.64173299931792e+002    1.00000000000000e+000   -0.00000000000000e+000   -0.00000000000000e+000   -0.00000000000000e+000         1    3.00000000000000e+003       227 Internal sink/source: {UZF-GWRCH}                 
       228       228    3.00000000000000e+003    1.37326041565294e+006    1.16805362005213e+005    6.10257242762253e+002    1.00000000000000e+000    0.00000000000000e+000    0.00000000000000e+000    0.00000000000000e+000         1    3.00000000000000e+003       228 Starting_Location                                 
       228      7668    3.00000000000000e+003    1.37326041565294e+006    1.16805362005213e+005    7.64274511322770e+002    1.00000000000000e+000   -0.00000000000000e+000   -0.00000000000000e+000   -0.00000000000000e+000         1    3.00000000000000e+003       228 Internal sink/source: {UZF-GWRCH}                 
       229       229    3.00000000000000e+003    1.37250950157331e+006    1.17375241951154e+005    6.10720870032107e+002    1.00000000000000e+000    0.00000000000000e+000    0.00000000000000e+000    0.00000000000000e+000         1    3.00000000000000e+003       229 Starting_Location                                 
       229      7986    3.00000000000000e+003    1.37250950157331e+006    1.17375241951154e+005    7.18480190227472e+002    1.00000000000000e+000   -0.00000000000000e+000   -0.00000000000000e+000   -0.00000000000000e+000         1    3.00000000000000e+003       229 Internal sink/source: {UZF-GWRCH}                 
       230       230    3.00000000000000e+003    1.37351331688333e+006    1.16893311620553e+005    6.11784329354758e+002    1.00000000000000e+000    0.00000000000000e+000    0.00000000000000e+000    0.00000000000000e+000         1    3.00000000000000e+003       230 Starting_Location                                 
       230      7999    3.00000000000000e+003    1.37351331688333e+006    1.16893311620553e+005    7.59679146252195e+002    1.00000000000000e+000   -0.00000000000000e+000   -0.00000000000000e+000   -0.00000000000000e+000         1    3.00000000000000e+003       230 Internal sink/source: {UZF-GWRCH}                 
       231       231    3.00000000000000e+003    1.36802370356802e+006    1.17291021850967e+005    6.12248932973389e+002    1.00000000000000e+000    0.00000000000000e+000    0.00000000000000e+000    0.00000000000000e+000         1    3.00000000000000e+003       231 Starting_Location                                 
       231      7386    3.00000000000000e+003    1.36802370356802e+006    1.17291021850967e+005    6.91266059236627e+002    1.00000000000000e+000   -0.00000000000000e+000   -0.00000000000000e+000   -0.00000000000000e+000         1    3.00000000000000e+003       231 Internal sink/source: {UZF-GWRCH}                 
       232       232    3.00000000000000e+003    1.36819658328616e+006    1.17351417705354e+005    6.11702712624354e+002    1.00000000000000e+000    0.00000000000000e+000    0.00000000000000e+000    0.00000000000000e+000         1    3.00000000000000e+003       232 Starting_Location                                 
       232      7391    3.00000000000000e+003    1.36819658328616e+006    1.17351417705354e+005    6.72681374748501e+002    1.00000000000000e+000   -0.00000000000000e+000   -0.00000000000000e+000   -0.00000000000000e+000         1    3.00000000000000e+003       232 Internal sink/source: {UZF-GWRCH}                 
       233       233    3.00000000000000e+003    1.37257805000043e+006    1.17310961772410e+005    6.11297052087570e+002    1.00000000000000e+000    0.00000000000000e+000    0.00000000000000e+000    0.00000000000000e+000         1    3.00000000000000e+003       233 Starting_Location                                 
       233      7663    3.00000000000000e+003    1.37257805000043e+006    1.17310961772410e+005    7.40062481542748e+002    1.00000000000000e+000   -0.00000000000000e+000   -0.00000000000000e+000   -0.00000000000000e+000         1    3.00000000000000e+003       233 Internal sink/source: {UZF-GWRCH}                 
       234       234    3.00000000000000e+003    1.37281359614983e+006    1.17055297234957e+005    6.10588768854130e+002    1.00000000000000e+000    0.00000000000000e+000    0.00000000000000e+000    0.00000000000000e+000         1    3.00000000000000e+003       234 Starting_Location                                 
       234      7664    3.00000000000000e+003    1.37281359614983e+006    1.17055297234957e+005    7.58075846666035e+002    1.00000000000000e+000   -0.00000000000000e+000   -0.00000000000000e+000   -0.00000000000000e+000         1    3.00000000000000e+003       234 Internal sink/source: {UZF-GWRCH}                 
       235       235    3.00000000000000e+003    1.36562190175951e+006    1.16416414790878e+005    6.09709385678012e+002    1.00000000000000e+000    0.00000000000000e+000    0.00000000000000e+000    0.00000000000000e+000         1    3.00000000000000e+003       235 Starting_Location                                 
       235      8654    3.00000000000000e+003    1.36562190175951e+006    1.16416414790878e+005    6.60433383430857e+002    1.00000000000000e+000   -0.00000000000000e+000   -0.00000000000000e+000   -0.00000000000000e+000         1    3.00000000000000e+003       235 Internal sink/source: {UZF-GWRCH}                 
       236       236    3.00000000000000e+003    1.36662119164507e+006    1.17493825051366e+005    6.09479938636059e+002    1.00000000000000e+000    0.00000000000000e+000    0.00000000000000e+000    0.00000000000000e+000         1    3.00000000000000e+003       236 Starting_Location                                 
       236      8662    3.00000000000000e+003    1.36662119164507e+006    1.17493825051366e+005    7.13872452004891e+002    1.00000000000000e+000   -0.00000000000000e+000   -0.00000000000000e+000   -0.00000000000000e+000         1    3.00000000000000e+003       236 Internal sink/source: {UZF-GWRCH}                 
       237       237    3.00000000000000e+003    1.36671732094122e+006    1.17464510274192e+005    6.09537954189325e+002    1.00000000000000e+000    0.00000000000000e+000    0.00000000000000e+000    0.00000000000000e+000         1    3.00000000000000e+003       237 Starting_Location                                 
       237      8663    3.00000000000000e+003    1.36671732094122e+006    1.17464510274192e+005    7.14440695010954e+002    1.00000000000000e+000   -0.00000000000000e+000   -0.00000000000000e+000   -0.00000000000000e+000         1    3.00000000000000e+003       237 Internal sink/source: {UZF-GWRCH}                 
       238       238    3.00000000000000e+003    1.36666893894822e+006    1.17488813832375e+005    6.08133757971741e+002    1.00000000000000e+000    0.00000000000000e+000    0.00000000000000e+000    0.00000000000000e+000         1    3.00000000000000e+003       238 Starting_Location                                 
       238      8664    3.00000000000000e+003    1.36666893894822e+006    1.17488813832375e+005    7.14177368950566e+002    1.00000000000000e+000   -0.00000000000000e+000   -0.00000000000000e+000   -0.00000000000000e+000         1    3.00000000000000e+003       238 Internal sink/source: {UZF-GWRCH}                 
       239       239    3.00000000000000e+003    1.36634625611188e+006    1.17566203509793e+005    6.03789651615694e+002    1.00000000000000e+000    0.00000000000000e+000    0.00000000000000e+000    0.00000000000000e+000         1    3.00000000000000e+003       239 Starting_Location                                 
       239      8592    3.00000000000000e+003    1.36634625611188e+006    1.17566203509793e+005    7.10752942233113e+002    1.00000000000000e+000   -0.00000000000000e+000   -0.00000000000000e+000   -0.00000000000000e+000         1    3.00000000000000e+003       239 Internal sink/source: {UZF-GWRCH}                 
       240       240    3.00000000000000e+003    1.36646870567064e+006    1.17494382450866e+005    6.02714939706616e+002    1.00000000000000e+000    0.00000000000000e+000    0.00000000000000e+000    0.00000000000000e+000         1    3.00000000000000e+003       240 Starting_Location                                 
       240      8593    3.00000000000000e+003    1.36646870567064e+006    1.17494382450866e+005    7.12660673725319e+002    1.00000000000000e+000   -0.00000000000000e+000   -0.00000000000000e+000   -0.00000000000000e+000         1    3.00000000000000e+003       240 Internal sink/source: {UZF-GWRCH}                 
       241       241    3.00000000000000e+003    1.36638981334999e+006    1.17533075109559e+005    6.01193250793874e+002    1.00000000000000e+000    0.00000000000000e+000    0.00000000000000e+000    0.00000000000000e+000         1    3.00000000000000e+003       241 Starting_Location                                 
       241      8594    3.00000000000000e+003    1.36638981334999e+006    1.17533075109559e+005    7.11547502359400e+002    1.00000000000000e+000   -0.00000000000000e+000   -0.00000000000000e+000   -0.00000000000000e+000         1    3.00000000000000e+003       241 Internal sink/source: {UZF-GWRCH}                 
       242       242    3.00000000000000e+003    1.36501512726793e+006    1.17933011670944e+005    5.99291409840066e+002    1.00000000000000e+000    0.00000000000000e+000    0.00000000000000e+000    0.00000000000000e+000         1    3.00000000000000e+003       242 Starting_Location                                 
       242      8607    3.00000000000000e+003    1.36501512726793e+006    1.17933011670944e+005    6.50186805379816e+002    1.00000000000000e+000   -0.00000000000000e+000   -0.00000000000000e+000   -0.00000000000000e+000         1    3.00000000000000e+003       242 Internal sink/source: {UZF-GWRCH}                 
       243       243    3.00000000000000e+003    1.37606402403092e+006    1.18918371483820e+005    5.93564307667404e+002    1.00000000000000e+000    0.00000000000000e+000    0.00000000000000e+000    0.00000000000000e+000         1    3.00000000000000e+003       243 Starting_Location                                 
       243     18908    3.00000000000000e+003    1.37606402403092e+006    1.18918371483820e+005    6.98945742993047e+002    1.00000000000000e+000   -0.00000000000000e+000   -0.00000000000000e+000   -0.00000000000000e+000         1    3.00000000000000e+003       243 Internal sink/source: {UZF-GWRCH}                 
       244       244    3.00000000000000e+003    1.36547200540380e+006    1.18421518342672e+005    5.93111713643352e+002    1.00000000000000e+000    0.00000000000000e+000    0.00000000000000e+000    0.00000000000000e+000         1    3.00000000000000e+003       244 Starting_Location                                 
       244     18914    3.00000000000000e+003    1.36547200540380e+006    1.18421518342672e+005    6.64915122466211e+002    1.00000000000000e+000   -0.00000000000000e+000   -0.00000000000000e+000   -0.00000000000000e+000         1    3.00000000000000e+003       244 Internal sink/source: {UZF-GWRCH}                 
       245       245    3.00000000000000e+003    1.36444764672880e+006    1.13101002559031e+005    5.90374415685041e+002    1.00000000000000e+000    0.00000000000000e+000    0.00000000000000e+000    0.00000000000000e+000         1    3.00000000000000e+003       245 Starting_Location                                 
       245     18950    3.00000000000000e+003    1.36444764672880e+006    1.13101002559031e+005    6.26575579373898e+002    1.00000000000000e+000   -0.00000000000000e+000   -0.00000000000000e+000   -0.00000000000000e+000         1    3.00000000000000e+003       245 Internal sink/source: {UZF-GWRCH}                 
       246       246    3.00000000000000e+003    1.36562695413745e+006    1.17010422229413e+005    5.90214034364952e+002    1.00000000000000e+000    0.00000000000000e+000    0.00000000000000e+000    0.00000000000000e+000         1    3.00000000000000e+003       246 Starting_Location                                 
       246     18951    3.00000000000000e+003    1.36562695413745e+006    1.17010422229413e+005    6.78839479312878e+002    1.00000000000000e+000   -0.00000000000000e+000   -0.00000000000000e+000   -0.00000000000000e+000         1    3.00000000000000e+003       246 Internal sink/source: {UZF-GWRCH}                 
       247       247    3.00000000000000e+003    1.36593897939197e+006    1.14892838346164e+005    5.87053725645058e+002    1.00000000000000e+000    0.00000000000000e+000    0.00000000000000e+000    0.00000000000000e+000         1    3.00000000000000e+003       247 Starting_Location                                 
       247     18879    3.00000000000000e+003    1.36593897939197e+006    1.14892838346164e+005    7.09712044547332e+002    1.00000000000000e+000   -0.00000000000000e+000   -0.00000000000000e+000   -0.00000000000000e+000         1    3.00000000000000e+003       247 Internal sink/source: {UZF-GWRCH}                 
       248       248    3.00000000000000e+003    1.37471943876694e+006    1.19037567645214e+005    5.84152143309776e+002    1.00000000000000e+000    0.00000000000000e+000    0.00000000000000e+000    0.00000000000000e+000         1    3.00000000000000e+003       248 Starting_Location                                 
       248     18891    3.00000000000000e+003    1.37471943876694e+006    1.19037567645214e+005    6.88045999173346e+002    1.00000000000000e+000   -0.00000000000000e+000   -0.00000000000000e+000   -0.00000000000000e+000         1    3.00000000000000e+003       248 Internal sink/source: {UZF-GWRCH}                 
       249       249    3.00000000000000e+003    1.36421265925162e+006    1.13014630742597e+005    5.85265573457947e+002    1.00000000000000e+000    0.00000000000000e+000    0.00000000000000e+000    0.00000000000000e+000         1    3.00000000000000e+003       249 Starting_Location                                 
       249     18898    3.00000000000000e+003    1.36421265925162e+006    1.13014630742597e+005    6.22681547588857e+002    1.00000000000000e+000   -0.00000000000000e+000   -0.00000000000000e+000   -0.00000000000000e+000         1    3.00000000000000e+003       249 Internal sink/source: {UZF-GWRCH}                 
       250       250    3.00000000000000e+003    1.37602277321830e+006    1.19057051347270e+005    5.83043683389770e+002    1.00000000000000e+000    0.00000000000000e+000    0.00000000000000e+000    0.00000000000000e+000         1    3.00000000000000e+003       250 Starting_Location                                 
       250     18907    3.00000000000000e+003    1.37602277321830e+006    1.19057051347270e+005    6.97930130163428e+002    1.00000000000000e+000   -0.00000000000000e+000   -0.00000000000000e+000   -0.00000000000000e+000         1    3.00000000000000e+003       250 Internal sink/source: {UZF-GWRCH}                 
       251       251    3.00000000000000e+003    1.37149146767237e+006    1.18602172188375e+005    5.83001298035133e+002    1.00000000000000e+000    0.00000000000000e+000    0.00000000000000e+000    0.00000000000000e+000         1    3.00000000000000e+003       251 Starting_Location                                 
       251     19001    3.00000000000000e+003    1.37149146767237e+006    1.18602172188375e+005    6.81715960917370e+002    1.00000000000000e+000   -0.00000000000000e+000   -0.00000000000000e+000   -0.00000000000000e+000         1    3.00000000000000e+003       251 Internal sink/source: {UZF-GWRCH}                 
       252       252    3.00000000000000e+003    1.36393284562241e+006    1.12582536733724e+005    5.83414141922683e+002    1.00000000000000e+000    0.00000000000000e+000    0.00000000000000e+000    0.00000000000000e+000         1    3.00000000000000e+003       252 Starting_Location                                 
       252     19002    3.00000000000000e+003    1.36393284562241e+006    1.12582536733724e+005    6.20970035872006e+002    1.00000000000000e+000   -0.00000000000000e+000   -0.00000000000000e+000   -0.00000000000000e+000         1    3.00000000000000e+003       252 Internal sink/source: {UZF-GWRCH}                 
       253       253    3.00000000000000e+003    1.36423111424081e+006    1.18831088264854e+005    5.83969187847169e+002    1.00000000000000e+000    0.00000000000000e+000    0.00000000000000e+000    0.00000000000000e+000         1    3.00000000000000e+003       253 Starting_Location                                 
       253     19004    3.00000000000000e+003    1.36423111424081e+006    1.18831088264854e+005    6.32641614768243e+002    1.00000000000000e+000   -0.00000000000000e+000   -0.00000000000000e+000   -0.00000000000000e+000         1    3.00000000000000e+003       253 Internal sink/source: {UZF-GWRCH}                 
       254       254    3.00000000000000e+003    1.36385101211269e+006    1.12087913758779e+005    5.84774534414508e+002    1.00000000000000e+000    0.00000000000000e+000    0.00000000000000e+000    0.00000000000000e+000         1    3.00000000000000e+003       254 Starting_Location                                 
       254     19041    3.00000000000000e+003    1.36385101211269e+006    1.12087913758779e+005    6.28746475321444e+002    1.00000000000000e+000   -0.00000000000000e+000   -0.00000000000000e+000   -0.00000000000000e+000         1    3.00000000000000e+003       254 Internal sink/source: {UZF-GWRCH}                 
       255       255    3.00000000000000e+003    1.37520919122937e+006    1.18986787921590e+005    5.86664285158058e+002    1.00000000000000e+000    0.00000000000000e+000    0.00000000000000e+000    0.00000000000000e+000         1    3.00000000000000e+003       255 Starting_Location                                 
       255     18979    3.00000000000000e+003    1.37520919122937e+006    1.18986787921590e+005    6.92219950409639e+002    1.00000000000000e+000   -0.00000000000000e+000   -0.00000000000000e+000   -0.00000000000000e+000         1    3.00000000000000e+003       255 Internal sink/source: {UZF-GWRCH}                 
       256       256    3.00000000000000e+003    1.37627925640814e+006    1.18473050090201e+005    5.88266295638632e+002    1.00000000000000e+000    0.00000000000000e+000    0.00000000000000e+000    0.00000000000000e+000         1    3.00000000000000e+003       256 Starting_Location                                 
       256     18986    3.00000000000000e+003    1.37627925640814e+006    1.18473050090201e+005    7.03979688307854e+002    1.00000000000000e+000   -0.00000000000000e+000   -0.00000000000000e+000   -0.00000000000000e+000         1    3.00000000000000e+003       256 Internal sink/source: {UZF-GWRCH}                 
       257       257    3.00000000000000e+003    1.36500935794438e+006    1.13453647199049e+005    5.88382544108249e+002    1.00000000000000e+000    0.00000000000000e+000    0.00000000000000e+000    0.00000000000000e+000         1    3.00000000000000e+003       257 Starting_Location                                 
       257     18991    3.00000000000000e+003    1.36500935794438e+006    1.13453647199049e+005    6.40589286853338e+002    1.00000000000000e+000   -0.00000000000000e+000   -0.00000000000000e+000   -0.00000000000000e+000         1    3.00000000000000e+003       257 Internal sink/source: {UZF-GWRCH}                 
       258       258    3.00000000000000e+003    1.36967527709938e+006    1.18175439954381e+005    5.90172140733655e+002    1.00000000000000e+000    0.00000000000000e+000    0.00000000000000e+000    0.00000000000000e+000         1    3.00000000000000e+003       258 Starting_Location                                 
       258     18998    3.00000000000000e+003    1.36967527709938e+006    1.18175439954381e+005    7.04880350031608e+002    1.00000000000000e+000   -0.00000000000000e+000   -0.00000000000000e+000   -0.00000000000000e+000         1    3.00000000000000e+003       258 Internal sink/source: {UZF-GWRCH}                 
       259       259    3.00000000000000e+003    1.37079377150779e+006    1.19081563532259e+005    5.92356908346697e+002    1.00000000000000e+000    0.00000000000000e+000    0.00000000000000e+000    0.00000000000000e+000         1    3.00000000000000e+003       259 Starting_Location                                 
       259     19092    3.00000000000000e+003    1.37079377150779e+006    1.19081563532259e+005    6.85510668207458e+002    1.00000000000000e+000   -0.00000000000000e+000   -0.00000000000000e+000   -0.00000000000000e+000         1    3.00000000000000e+003       259 Internal sink/source: {UZF-GWRCH}                 
       260       260    3.00000000000000e+003    1.37618381318114e+006    1.18695330421196e+005    5.94503886674356e+002    1.00000000000000e+000    0.00000000000000e+000    0.00000000000000e+000    0.00000000000000e+000         1    3.00000000000000e+003       260 Starting_Location                                 
       260     19093    3.00000000000000e+003    1.37618381318114e+006    1.18695330421196e+005    7.01273371442611e+002    1.00000000000000e+000   -0.00000000000000e+000   -0.00000000000000e+000   -0.00000000000000e+000         1    3.00000000000000e+003       260 Internal sink/source: {UZF-GWRCH}                 
       261       261    3.00000000000000e+003    1.36404042580822e+006    1.12713122727551e+005    5.95023922014540e+002    1.00000000000000e+000    0.00000000000000e+000    0.00000000000000e+000    0.00000000000000e+000         1    3.00000000000000e+003       261 Starting_Location                                 
       261     19094    3.00000000000000e+003    1.36404042580822e+006    1.12713122727551e+005    6.24814132541483e+002    1.00000000000000e+000   -0.00000000000000e+000   -0.00000000000000e+000   -0.00000000000000e+000         1    3.00000000000000e+003       261 Internal sink/source: {UZF-GWRCH}                 
       262       262    3.00000000000000e+003    1.36413973743480e+006    1.18475283737985e+005    5.95353635597541e+002    1.00000000000000e+000    0.00000000000000e+000    0.00000000000000e+000    0.00000000000000e+000         1    3.00000000000000e+003       262 Starting_Location                                 
       262     19097    3.00000000000000e+003    1.36413973743480e+006    1.18475283737985e+005    6.20976198389488e+002    1.00000000000000e+000   -0.00000000000000e+000   -0.00000000000000e+000   -0.00000000000000e+000         1    3.00000000000000e+003       262 Internal sink/source: {UZF-GWRCH}                 
       263       263    3.00000000000000e+003    1.37228956058399e+006    1.17496115098765e+005    5.97381106775531e+002    1.00000000000000e+000    0.00000000000000e+000    0.00000000000000e+000    0.00000000000000e+000         1    3.00000000000000e+003       263 Starting_Location                                 
       263     19061    3.00000000000000e+003    1.37228956058399e+006    1.17496115098765e+005    6.93706989284467e+002    1.00000000000000e+000   -0.00000000000000e+000   -0.00000000000000e+000   -0.00000000000000e+000         1    3.00000000000000e+003       263 Internal sink/source: {UZF-GWRCH}                 
       264       264    3.00000000000000e+003    1.36595554523125e+006    1.14282428530513e+005    5.99581245675252e+002    1.00000000000000e+000    0.00000000000000e+000    0.00000000000000e+000    0.00000000000000e+000         1    3.00000000000000e+003       264 Starting_Location                                 
       264     19070    3.00000000000000e+003    1.36595554523125e+006    1.14282428530513e+005    6.91262855134314e+002    1.00000000000000e+000   -0.00000000000000e+000   -0.00000000000000e+000   -0.00000000000000e+000         1    3.00000000000000e+003       264 Internal sink/source: {UZF-GWRCH}                 
       265       265    3.00000000000000e+003    1.36382427628428e+006    1.11615171034347e+005    5.99641262281465e+002    1.00000000000000e+000    0.00000000000000e+000    0.00000000000000e+000    0.00000000000000e+000         1    3.00000000000000e+003       265 Starting_Location                                 
       265     19081    3.00000000000000e+003    1.36382427628428e+006    1.11615171034347e+005    6.38662997065645e+002    1.00000000000000e+000   -0.00000000000000e+000   -0.00000000000000e+000   -0.00000000000000e+000         1    3.00000000000000e+003       265 Internal sink/source: {RCH} {UZF-GWRCH}           
       266       266    3.00000000000000e+003    1.37380258976511e+006    1.18685021999349e+005    6.01318497900074e+002    1.00000000000000e+000    0.00000000000000e+000    0.00000000000000e+000    0.00000000000000e+000         1    3.00000000000000e+003       266 Starting_Location                                 
       266     19088    3.00000000000000e+003    1.37380258976511e+006    1.18685021999349e+005    6.83388697158919e+002    1.00000000000000e+000   -0.00000000000000e+000   -0.00000000000000e+000   -0.00000000000000e+000         1    3.00000000000000e+003       266 Internal sink/source: {UZF-GWRCH}                 
       267       267    3.00000000000000e+003    1.37620676642529e+006    1.18345784602880e+005    6.00650090536661e+002    1.00000000000000e+000    0.00000000000000e+000    0.00000000000000e+000    0.00000000000000e+000         1    3.00000000000000e+003       267 Starting_Location                                 
       267     19135    3.00000000000000e+003    1.37620676642529e+006    1.18345784602880e+005    7.05134228106096e+002    1.00000000000000e+000   -0.00000000000000e+000   -0.00000000000000e+000   -0.00000000000000e+000         1    3.00000000000000e+003       267 Internal sink/source: {UZF-GWRCH}                 
       268       268    3.00000000000000e+003    1.36350738844842e+006    1.11187080374569e+005    6.01728686754323e+002    1.00000000000000e+000    0.00000000000000e+000    0.00000000000000e+000    0.00000000000000e+000         1    3.00000000000000e+003       268 Starting_Location                                 
       268     19160    3.00000000000000e+003    1.36350738844842e+006    1.11187080374569e+005    6.30162371743411e+002    1.00000000000000e+000   -0.00000000000000e+000   -0.00000000000000e+000   -0.00000000000000e+000         1    3.00000000000000e+003       268 Internal sink/source: {RCH} {UZF-GWRCH}           
       269       269    3.00000000000000e+003    1.37079568676063e+006    1.19300872751880e+005    6.00344743777614e+002    1.00000000000000e+000    0.00000000000000e+000    0.00000000000000e+000    0.00000000000000e+000         1    3.00000000000000e+003       269 Starting_Location                                 
       269     19191    3.00000000000000e+003    1.37079568676063e+006    1.19300872751880e+005    6.84422340895520e+002    1.00000000000000e+000   -0.00000000000000e+000   -0.00000000000000e+000   -0.00000000000000e+000         1    3.00000000000000e+003       269 Internal sink/source: {UZF-GWRCH}                 
       270       270    3.00000000000000e+003    1.37361719778828e+006    1.18150182189915e+005    6.01355162151433e+002    1.00000000000000e+000    0.00000000000000e+000    0.00000000000000e+000    0.00000000000000e+000         1    3.00000000000000e+003       270 Starting_Location                                 
       270     19207    3.00000000000000e+003    1.37361719778828e+006    1.18150182189915e+005    6.89847178274755e+002    1.00000000000000e+000   -0.00000000000000e+000   -0.00000000000000e+000   -0.00000000000000e+000         1    3.00000000000000e+003       270 Internal sink/source: {UZF-GWRCH}                 
       271       271    3.00000000000000e+003    1.36585317894482e+006    1.15688090531425e+005    6.01084950277822e+002    1.00000000000000e+000    0.00000000000000e+000    0.00000000000000e+000    0.00000000000000e+000         1    3.00000000000000e+003       271 Starting_Location                                 
       271     19103    3.00000000000000e+003    1.36585317894482e+006    1.15688090531425e+005    7.08666928392910e+002    1.00000000000000e+000   -0.00000000000000e+000   -0.00000000000000e+000   -0.00000000000000e+000         1    3.00000000000000e+003       271 Internal sink/source: {UZF-GWRCH}                 
       272       272    3.00000000000000e+003    1.37050378454745e+006    1.18509062429122e+005    6.02382110046628e+002    1.00000000000000e+000    0.00000000000000e+000    0.00000000000000e+000    0.00000000000000e+000         1    3.00000000000000e+003       272 Starting_Location                                 
       272     19107    3.00000000000000e+003    1.37050378454745e+006    1.18509062429122e+005    6.90488168267661e+002    1.00000000000000e+000   -0.00000000000000e+000   -0.00000000000000e+000   -0.00000000000000e+000         1    3.00000000000000e+003       272 Internal sink/source: {UZF-GWRCH}                 
       273       273    3.00000000000000e+003    1.37101700711725e+006    1.19611096056584e+005    6.03258759463281e+002    1.00000000000000e+000    0.00000000000000e+000    0.00000000000000e+000    0.00000000000000e+000         1    3.00000000000000e+003       273 Starting_Location                                 
       273     19111    3.00000000000000e+003    1.37101700711725e+006    1.19611096056584e+005    6.82919895889357e+002    1.00000000000000e+000   -0.00000000000000e+000   -0.00000000000000e+000   -0.00000000000000e+000         1    3.00000000000000e+003       273 Internal sink/source: {UZF-GWRCH}                 
       274       274    3.00000000000000e+003    1.36330132301119e+006    1.11018335546398e+005    6.02613274783038e+002    1.00000000000000e+000    0.00000000000000e+000    0.00000000000000e+000    0.00000000000000e+000         1    3.00000000000000e+003       274 Starting_Location                                 
       274     19125    3.00000000000000e+003    1.36330132301119e+006    1.11018335546398e+005    6.27966268433374e+002    1.00000000000000e+000   -0.00000000000000e+000   -0.00000000000000e+000   -0.00000000000000e+000         1    3.00000000000000e+003       274 Internal sink/source: {RCH} {UZF-GWRCH}           
       275       275    3.00000000000000e+003    1.37625320891028e+006    1.18411370029663e+005    6.03283358878916e+002    1.00000000000000e+000    0.00000000000000e+000    0.00000000000000e+000    0.00000000000000e+000         1    3.00000000000000e+003       275 Starting_Location                                 
       275     18571    3.00000000000000e+003    1.37625320891028e+006    1.18411370029663e+005    7.04609903592930e+002    1.00000000000000e+000   -0.00000000000000e+000   -0.00000000000000e+000   -0.00000000000000e+000         1    3.00000000000000e+003       275 Internal sink/source: {UZF-GWRCH}                 
       276       276    3.00000000000000e+003    1.36409421152181e+006    1.12788489078527e+005    6.04125951145361e+002    1.00000000000000e+000    0.00000000000000e+000    0.00000000000000e+000    0.00000000000000e+000         1    3.00000000000000e+003       276 Starting_Location                                 
       276     18572    3.00000000000000e+003    1.36409421152181e+006    1.12788489078527e+005    6.25422140566397e+002    1.00000000000000e+000   -0.00000000000000e+000   -0.00000000000000e+000   -0.00000000000000e+000         1    3.00000000000000e+003       276 Internal sink/source: {UZF-GWRCH}                 
       277       277    3.00000000000000e+003    1.36481929846358e+006    1.18256570304646e+005    6.05091060103545e+002    1.00000000000000e+000    0.00000000000000e+000    0.00000000000000e+000    0.00000000000000e+000         1    3.00000000000000e+003       277 Starting_Location                                 
       277     18585    3.00000000000000e+003    1.36481929846358e+006    1.18256570304646e+005    6.51461924436299e+002    1.00000000000000e+000   -0.00000000000000e+000   -0.00000000000000e+000   -0.00000000000000e+000         1    3.00000000000000e+003       277 Internal sink/source: {UZF-GWRCH}                 
       278       278    3.00000000000000e+003    1.36918157214608e+006    1.17985346688026e+005    6.06585277063795e+002    1.00000000000000e+000    0.00000000000000e+000    0.00000000000000e+000    0.00000000000000e+000         1    3.00000000000000e+003       278 Starting_Location                                 
       278     18587    3.00000000000000e+003    1.36918157214608e+006    1.17985346688026e+005    6.96089104210073e+002    1.00000000000000e+000   -0.00000000000000e+000   -0.00000000000000e+000   -0.00000000000000e+000         1    3.00000000000000e+003       278 Internal sink/source: {UZF-GWRCH}                 
       279       279    3.00000000000000e+003    1.37013358078127e+006    1.18309005355836e+005    6.07593978977580e+002    1.00000000000000e+000    0.00000000000000e+000    0.00000000000000e+000    0.00000000000000e+000         1    3.00000000000000e+003       279 Starting_Location                                 
       279     18553    3.00000000000000e+003    1.37013358078127e+006    1.18309005355836e+005    6.95785792449343e+002    1.00000000000000e+000   -0.00000000000000e+000   -0.00000000000000e+000   -0.00000000000000e+000         1    3.00000000000000e+003       279 Internal sink/source: {UZF-GWRCH}                 
       280       280    3.00000000000000e+003    1.37380978565328e+006    1.18776632614586e+005    6.07700768315741e+002    1.00000000000000e+000    0.00000000000000e+000    0.00000000000000e+000    0.00000000000000e+000         1    3.00000000000000e+003       280 Starting_Location                                 
       280     18555    3.00000000000000e+003    1.37380978565328e+006    1.18776632614586e+005    6.82832267338734e+002    1.00000000000000e+000   -0.00000000000000e+000   -0.00000000000000e+000   -0.00000000000000e+000         1    3.00000000000000e+003       280 Internal sink/source: {UZF-GWRCH}                 
       281       281    3.00000000000000e+003    1.37080261805475e+006    1.19174309354207e+005    6.08459790453670e+002    1.00000000000000e+000    0.00000000000000e+000    0.00000000000000e+000    0.00000000000000e+000         1    3.00000000000000e+003       281 Starting_Location                                 
       281     18567    3.00000000000000e+003    1.37080261805475e+006    1.19174309354207e+005    6.85018369669380e+002    1.00000000000000e+000   -0.00000000000000e+000   -0.00000000000000e+000   -0.00000000000000e+000         1    3.00000000000000e+003       281 Internal sink/source: {UZF-GWRCH}                 
       282       282    3.00000000000000e+003    1.36396194748723e+006    1.12738011226714e+005    6.13456527015949e+002    1.00000000000000e+000    0.00000000000000e+000    0.00000000000000e+000    0.00000000000000e+000         1    3.00000000000000e+003       282 Starting_Location                                 
       282     18569    3.00000000000000e+003    1.36396194748723e+006    1.12738011226714e+005    6.18175832152763e+002    1.00000000000000e+000   -0.00000000000000e+000   -0.00000000000000e+000   -0.00000000000000e+000         1    3.00000000000000e+003       282 Internal sink/source: {UZF-GWRCH}                 
       283       283    3.00000000000000e+003    1.36727413004245e+006    1.17270146852162e+005    6.15436436416812e+002    1.00000000000000e+000    0.00000000000000e+000    0.00000000000000e+000    0.00000000000000e+000         1    3.00000000000000e+003       283 Starting_Location                                 
       283     18653    3.00000000000000e+003    1.36727413004245e+006    1.17270146852162e+005    7.14509182031888e+002    1.00000000000000e+000   -0.00000000000000e+000   -0.00000000000000e+000   -0.00000000000000e+000         1    3.00000000000000e+003       283 Internal sink/source: {UZF-GWRCH}                 
       284       284    3.00000000000000e+003    1.36564946623654e+006    1.18171742780539e+005    6.16709161012477e+002    1.00000000000000e+000    0.00000000000000e+000    0.00000000000000e+000    0.00000000000000e+000         1    3.00000000000000e+003       284 Starting_Location                                 
       284     18658    3.00000000000000e+003    1.36564946623654e+006    1.18171742780539e+005    6.72462135218811e+002    1.00000000000000e+000   -0.00000000000000e+000   -0.00000000000000e+000   -0.00000000000000e+000         1    3.00000000000000e+003       284 Internal sink/source: {UZF-GWRCH}                 
       285       285    3.00000000000000e+003    1.36337983760522e+006    1.11051246146806e+005    6.17248882680994e+002    1.00000000000000e+000    0.00000000000000e+000    0.00000000000000e+000    0.00000000000000e+000         1    3.00000000000000e+003       285 Starting_Location                                 
       285     18660    3.00000000000000e+003    1.36337983760522e+006    1.11051246146806e+005    6.32938384827351e+002    1.00000000000000e+000   -0.00000000000000e+000   -0.00000000000000e+000   -0.00000000000000e+000         1    3.00000000000000e+003       285 Internal sink/source: {RCH} {UZF-GWRCH}           
       286       286    3.00000000000000e+003    1.36580211621110e+006    1.17974296835439e+005    6.17501968160823e+002    1.00000000000000e+000    0.00000000000000e+000    0.00000000000000e+000    0.00000000000000e+000         1    3.00000000000000e+003       286 Starting_Location                                 
       286     18666    3.00000000000000e+003    1.36580211621110e+006    1.17974296835439e+005    6.92321273226955e+002    1.00000000000000e+000   -0.00000000000000e+000   -0.00000000000000e+000   -0.00000000000000e+000         1    3.00000000000000e+003       286 Internal sink/source: {UZF-GWRCH}                 
       287       287    3.00000000000000e+003    1.36578719523712e+006    1.15750830478869e+005    6.17700630477329e+002    1.00000000000000e+000    0.00000000000000e+000    0.00000000000000e+000    0.00000000000000e+000         1    3.00000000000000e+003       287 Starting_Location                                 
       287     18595    3.00000000000000e+003    1.36578719523712e+006    1.15750830478869e+005    6.94567480999322e+002    1.00000000000000e+000   -0.00000000000000e+000   -0.00000000000000e+000   -0.00000000000000e+000         1    3.00000000000000e+003       287 Internal sink/source: {UZF-GWRCH}                 
       288       288    3.00000000000000e+003    1.36480816028251e+006    1.13348030841483e+005    6.17775962935289e+002    1.00000000000000e+000    0.00000000000000e+000    0.00000000000000e+000    0.00000000000000e+000         1    3.00000000000000e+003       288 Starting_Location                                 
       288     18624    3.00000000000000e+003    1.36480816028251e+006    1.13348030841483e+005    6.29378226193361e+002    1.00000000000000e+000   -0.00000000000000e+000   -0.00000000000000e+000   -0.00000000000000e+000         1    3.00000000000000e+003       288 Internal sink/source: {UZF-GWRCH}                 
       289       289    3.00000000000000e+003    1.36523797506954e+006    1.17516497102167e+005    6.17895408081057e+002    1.00000000000000e+000    0.00000000000000e+000    0.00000000000000e+000    0.00000000000000e+000         1    3.00000000000000e+003       289 Starting_Location                                 
       289     18625    3.00000000000000e+003    1.36523797506954e+006    1.17516497102167e+005    6.64644350742106e+002    1.00000000000000e+000   -0.00000000000000e+000   -0.00000000000000e+000   -0.00000000000000e+000         1    3.00000000000000e+003       289 Internal sink/source: {UZF-GWRCH}                 
       290       290    3.00000000000000e+003    1.36568729520643e+006    1.13751264776222e+005    6.17843098604412e+002    1.00000000000000e+000    0.00000000000000e+000    0.00000000000000e+000    0.00000000000000e+000         1    3.00000000000000e+003       290 Starting_Location                                 
       290     18639    3.00000000000000e+003    1.36568729520643e+006    1.13751264776222e+005    6.78855042216904e+002    1.00000000000000e+000   -0.00000000000000e+000   -0.00000000000000e+000   -0.00000000000000e+000         1    3.00000000000000e+003       290 Internal sink/source: {UZF-GWRCH}                 
       291       291    3.00000000000000e+003    1.37186017002653e+006    1.18009906049295e+005    6.17748573476161e+002    1.00000000000000e+000    0.00000000000000e+000    0.00000000000000e+000    0.00000000000000e+000         1    3.00000000000000e+003       291 Starting_Location                                 
       291     18705    3.00000000000000e+003    1.37186017002653e+006    1.18009906049295e+005    6.88469486294493e+002    1.00000000000000e+000   -0.00000000000000e+000   -0.00000000000000e+000   -0.00000000000000e+000         1    3.00000000000000e+003       291 Internal sink/source: {UZF-GWRCH}                 
       292       292    3.00000000000000e+003    1.36593523360315e+006    1.15152596775856e+005    6.17628814564512e+002    1.00000000000000e+000    0.00000000000000e+000    0.00000000000000e+000    0.00000000000000e+000         1    3.00000000000000e+003       292 Starting_Location                                 
       292     18788    3.00000000000000e+003    1.36593523360315e+006    1.15152596775856e+005    7.11703075306665e+002    1.00000000000000e+000   -0.00000000000000e+000   -0.00000000000000e+000   -0.00000000000000e+000         1    3.00000000000000e+003       292 Internal sink/source: {UZF-GWRCH}                 
       293       293    3.00000000000000e+003    1.36462824724726e+006    1.18767036205200e+005    6.17637766742545e+002    1.00000000000000e+000    0.00000000000000e+000    0.00000000000000e+000    0.00000000000000e+000         1    3.00000000000000e+003       293 Starting_Location                                 
       293     18798    3.00000000000000e+003    1.36462824724726e+006    1.18767036205200e+005    6.52284568914060e+002    1.00000000000000e+000   -0.00000000000000e+000   -0.00000000000000e+000   -0.00000000000000e+000         1    3.00000000000000e+003       293 Internal sink/source: {UZF-GWRCH}                 
       294       294    3.00000000000000e+003    1.36370560819409e+006    1.11382593225197e+005    6.17504761901347e+002    1.00000000000000e+000    0.00000000000000e+000    0.00000000000000e+000    0.00000000000000e+000         1    3.00000000000000e+003       294 Starting_Location                                 
       294     18799    3.00000000000000e+003    1.36370560819409e+006    1.11382593225197e+005    6.33840355824353e+002    1.00000000000000e+000   -0.00000000000000e+000   -0.00000000000000e+000   -0.00000000000000e+000         1    3.00000000000000e+003       294 Internal sink/source: {RCH} {UZF-GWRCH}           
       295       295    3.00000000000000e+003    1.36551818716445e+006    1.13713457117265e+005    6.17327663196263e+002    1.00000000000000e+000    0.00000000000000e+000    0.00000000000000e+000    0.00000000000000e+000         1    3.00000000000000e+003       295 Starting_Location                                 
       295     18676    3.00000000000000e+003    1.36551818716445e+006    1.13713457117265e+005    6.71099540259511e+002    1.00000000000000e+000   -0.00000000000000e+000   -0.00000000000000e+000   -0.00000000000000e+000         1    3.00000000000000e+003       295 Internal sink/source: {UZF-GWRCH}                 
       296       296    3.00000000000000e+003    1.37627134637743e+006    1.18274434849072e+005    6.17065707558561e+002    1.00000000000000e+000    0.00000000000000e+000    0.00000000000000e+000    0.00000000000000e+000         1    3.00000000000000e+003       296 Starting_Location                                 
       296     18698    3.00000000000000e+003    1.37627134637743e+006    1.18274434849072e+005    7.06272661406755e+002    1.00000000000000e+000   -0.00000000000000e+000   -0.00000000000000e+000   -0.00000000000000e+000         1    3.00000000000000e+003       296 Internal sink/source: {UZF-GWRCH}                 
       297       297    3.00000000000000e+003    1.37629341258179e+006    1.18354090809845e+005    6.16678248420598e+002    1.00000000000000e+000    0.00000000000000e+000    0.00000000000000e+000    0.00000000000000e+000         1    3.00000000000000e+003       297 Starting_Location                                 
       297     18699    3.00000000000000e+003    1.37629341258179e+006    1.18354090809845e+005    7.05383731326369e+002    1.00000000000000e+000   -0.00000000000000e+000   -0.00000000000000e+000   -0.00000000000000e+000         1    3.00000000000000e+003       297 Internal sink/source: {UZF-GWRCH}                 
       298       298    3.00000000000000e+003    1.36913126866461e+006    1.17920531166509e+005    6.16379351866383e+002    1.00000000000000e+000    0.00000000000000e+000    0.00000000000000e+000    0.00000000000000e+000         1    3.00000000000000e+003       298 Starting_Location                                 
       298     18704    3.00000000000000e+003    1.36913126866461e+006    1.17920531166509e+005    6.94854358067787e+002    1.00000000000000e+000   -0.00000000000000e+000   -0.00000000000000e+000   -0.00000000000000e+000         1    3.00000000000000e+003       298 Internal sink/source: {UZF-GWRCH}                 
       299       299    3.00000000000000e+003    1.37059882471799e+006    1.18751038670537e+005    6.16182021097424e+002    1.00000000000000e+000    0.00000000000000e+000    0.00000000000000e+000    0.00000000000000e+000         1    3.00000000000000e+003       299 Starting_Location                                 
       299     18833    3.00000000000000e+003    1.37059882471799e+006    1.18751038670537e+005    6.88445626735422e+002    1.00000000000000e+000   -0.00000000000000e+000   -0.00000000000000e+000   -0.00000000000000e+000         1    3.00000000000000e+003       299 Internal sink/source: {UZF-GWRCH}                 
       300       300    3.00000000000000e+003    1.36501163159887e+006    1.18125456682932e+005    6.15874404868055e+002    1.00000000000000e+000    0.00000000000000e+000    0.00000000000000e+000    0.00000000000000e+000         1    3.00000000000000e+003       300 Starting_Location                                 
       300     18847    3.00000000000000e+003    1.36501163159887e+006    1.18125456682932e+005    6.54937876933410e+002    1.00000000000000e+000   -0.00000000000000e+000   -0.00000000000000e+000   -0.00000000000000e+000         1    3.00000000000000e+003       300 Internal sink/source: {UZF-GWRCH}                 
       301       301    3.00000000000000e+003    1.36524575001656e+006    1.18469786984247e+005    6.15797485609671e+002    1.00000000000000e+000    0.00000000000000e+000    0.00000000000000e+000    0.00000000000000e+000         1    3.00000000000000e+003       301 Starting_Location                                 
       301     18869    3.00000000000000e+003    1.36524575001656e+006    1.18469786984247e+005    6.64202624314525e+002    1.00000000000000e+000   -0.00000000000000e+000   -0.00000000000000e+000   -0.00000000000000e+000         1    3.00000000000000e+003       301 Internal sink/source: {UZF-GWRCH}                 
       302       302    3.00000000000000e+003    1.36593023953793e+006    1.14126309625279e+005    6.15954236836489e+002    1.00000000000000e+000    0.00000000000000e+000    0.00000000000000e+000    0.00000000000000e+000         1    3.00000000000000e+003       302 Starting_Location                                 
       302     18878    3.00000000000000e+003    1.36593023953793e+006    1.14126309625279e+005    6.79575385033832e+002    1.00000000000000e+000   -0.00000000000000e+000   -0.00000000000000e+000   -0.00000000000000e+000         1    3.00000000000000e+003       302 Internal sink/source: {UZF-GWRCH}                 
       303       303    3.00000000000000e+003    1.37366965105626e+006    1.18300573293813e+005    6.15866162526769e+002    1.00000000000000e+000    0.00000000000000e+000    0.00000000000000e+000    0.00000000000000e+000         1    3.00000000000000e+003       303 Starting_Location                                 
       303     18824    3.00000000000000e+003    1.37366965105626e+006    1.18300573293813e+005    6.87602354546127e+002    1.00000000000000e+000   -0.00000000000000e+000   -0.00000000000000e+000   -0.00000000000000e+000         1    3.00000000000000e+003       303 Internal sink/source: {UZF-GWRCH}                 
       304       304    3.00000000000000e+003    1.36862509139992e+006    1.17698063712084e+005    6.15859522430930e+002    1.00000000000000e+000    0.00000000000000e+000    0.00000000000000e+000    0.00000000000000e+000         1    3.00000000000000e+003       304 Starting_Location                                 
       304     18826    3.00000000000000e+003    1.36862509139992e+006    1.17698063712084e+005    6.80788836436629e+002    1.00000000000000e+000   -0.00000000000000e+000   -0.00000000000000e+000   -0.00000000000000e+000         1    3.00000000000000e+003       304 Internal sink/source: {UZF-GWRCH}                 
       305       305    3.00000000000000e+003    1.37372352297175e+006    1.17186974153398e+005    6.16153093816603e+002    1.00000000000000e+000    0.00000000000000e+000    0.00000000000000e+000    0.00000000000000e+000         1    3.00000000000000e+003       305 Starting_Location                                 
       305     18831    3.00000000000000e+003    1.37372352297175e+006    1.17186974153398e+005    7.25833367442508e+002    1.00000000000000e+000   -0.00000000000000e+000   -0.00000000000000e+000   -0.00000000000000e+000         1    3.00000000000000e+003       305 Internal sink/source: {UZF-GWRCH}                 
       306       306    3.00000000000000e+003    1.37370052530061e+006    1.17052567459716e+005    6.15893321304899e+002    1.00000000000000e+000    0.00000000000000e+000    0.00000000000000e+000    0.00000000000000e+000         1    3.00000000000000e+003       306 Starting_Location                                 
       306     18832    3.00000000000000e+003    1.37370052530061e+006    1.17052567459716e+005    7.44780296073715e+002    1.00000000000000e+000   -0.00000000000000e+000   -0.00000000000000e+000   -0.00000000000000e+000         1    3.00000000000000e+003       306 Internal sink/source: {UZF-GWRCH}                 
       307       307    3.00000000000000e+003    1.36453706590308e+006    1.18738924336850e+005    6.16021946839956e+002    1.00000000000000e+000    0.00000000000000e+000    0.00000000000000e+000    0.00000000000000e+000         1    3.00000000000000e+003       307 Starting_Location                                 
       307     19697    3.00000000000000e+003    1.36453706590308e+006    1.18738924336850e+005    6.50444176352778e+002    1.00000000000000e+000   -0.00000000000000e+000   -0.00000000000000e+000   -0.00000000000000e+000         1    3.00000000000000e+003       307 Internal sink/source: {UZF-GWRCH}                 
       308       308    3.00000000000000e+003    1.36364022501799e+006    1.11324421899452e+005    6.16540346923671e+002    1.00000000000000e+000    0.00000000000000e+000    0.00000000000000e+000    0.00000000000000e+000         1    3.00000000000000e+003       308 Starting_Location                                 
       308     19698    3.00000000000000e+003    1.36364022501799e+006    1.11324421899452e+005    6.33036916147266e+002    1.00000000000000e+000   -0.00000000000000e+000   -0.00000000000000e+000   -0.00000000000000e+000         1    3.00000000000000e+003       308 Internal sink/source: {RCH} {UZF-GWRCH}           
       309       309    3.00000000000000e+003    1.37066926546363e+006    1.18806707092453e+005    6.16784719145987e+002    1.00000000000000e+000    0.00000000000000e+000    0.00000000000000e+000    0.00000000000000e+000         1    3.00000000000000e+003       309 Starting_Location                                 
       309     19703    3.00000000000000e+003    1.37066926546363e+006    1.18806707092453e+005    6.87764989682206e+002    1.00000000000000e+000   -0.00000000000000e+000   -0.00000000000000e+000   -0.00000000000000e+000         1    3.00000000000000e+003       309 Internal sink/source: {UZF-GWRCH}                 
       310       310    3.00000000000000e+003    1.37637203789162e+006    1.17981139253113e+005    6.16817671444151e+002    1.00000000000000e+000    0.00000000000000e+000    0.00000000000000e+000    0.00000000000000e+000         1    3.00000000000000e+003       310 Starting_Location                                 
       310     19716    3.00000000000000e+003    1.37637203789162e+006    1.17981139253113e+005    7.15172186436026e+002    1.00000000000000e+000   -0.00000000000000e+000   -0.00000000000000e+000   -0.00000000000000e+000         1    3.00000000000000e+003       310 Internal sink/source: {UZF-GWRCH}                 
       311       311    3.00000000000000e+003    1.37155605889758e+006    1.18380702307080e+005    6.17083939293907e+002    1.00000000000000e+000    0.00000000000000e+000    0.00000000000000e+000    0.00000000000000e+000         1    3.00000000000000e+003       311 Starting_Location                                 
       311     19659    3.00000000000000e+003    1.37155605889758e+006    1.18380702307080e+005    6.84824185987483e+002    1.00000000000000e+000   -0.00000000000000e+000   -0.00000000000000e+000   -0.00000000000000e+000         1    3.00000000000000e+003       311 Internal sink/source: {UZF-GWRCH}                 
       312       312    3.00000000000000e+003    1.36593452425844e+006    1.15394516542601e+005    6.16990250990124e+002    1.00000000000000e+000    0.00000000000000e+000    0.00000000000000e+000    0.00000000000000e+000         1    3.00000000000000e+003       312 Starting_Location                                 
       312     19660    3.00000000000000e+003    1.36593452425844e+006    1.15394516542601e+005    7.15329538015104e+002    1.00000000000000e+000   -0.00000000000000e+000   -0.00000000000000e+000   -0.00000000000000e+000         1    3.00000000000000e+003       312 Internal sink/source: {UZF-GWRCH}                 
       313       313    3.00000000000000e+003    1.36719064830320e+006    1.17320759291069e+005    6.17160460661567e+002    1.00000000000000e+000    0.00000000000000e+000    0.00000000000000e+000    0.00000000000000e+000         1    3.00000000000000e+003       313 Starting_Location                                 
       313     19682    3.00000000000000e+003    1.36719064830320e+006    1.17320759291069e+005    7.14833328261637e+002    1.00000000000000e+000   -0.00000000000000e+000   -0.00000000000000e+000   -0.00000000000000e+000         1    3.00000000000000e+003       313 Internal sink/source: {UZF-GWRCH}                 
       314       314    3.00000000000000e+003    1.36478026208952e+006    1.18318411517687e+005    6.17643059094783e+002    1.00000000000000e+000    0.00000000000000e+000    0.00000000000000e+000    0.00000000000000e+000         1    3.00000000000000e+003       314 Starting_Location                                 
       314     19686    3.00000000000000e+003    1.36478026208952e+006    1.18318411517687e+005    6.52196748479893e+002    1.00000000000000e+000   -0.00000000000000e+000   -0.00000000000000e+000   -0.00000000000000e+000         1    3.00000000000000e+003       314 Internal sink/source: {UZF-GWRCH}                 
       315       315    3.00000000000000e+003    1.36593199972972e+006    1.14207810536243e+005    6.18011446834557e+002    1.00000000000000e+000    0.00000000000000e+000    0.00000000000000e+000    0.00000000000000e+000         1    3.00000000000000e+003       315 Starting_Location                                 
       315     19753    3.00000000000000e+003    1.36593199972972e+006    1.14207810536243e+005    6.82230024011928e+002    1.00000000000000e+000   -0.00000000000000e+000   -0.00000000000000e+000   -0.00000000000000e+000         1    3.00000000000000e+003       315 Internal sink/source: {UZF-GWRCH}                 
       316       316    3.00000000000000e+003    1.37347860844359e+006    1.17815252336618e+005    6.18449567225114e+002    1.00000000000000e+000    0.00000000000000e+000    0.00000000000000e+000    0.00000000000000e+000         1    3.00000000000000e+003       316 Starting_Location                                 
       316     19755    3.00000000000000e+003    1.37347860844359e+006    1.17815252336618e+005    6.95448733825409e+002    1.00000000000000e+000   -0.00000000000000e+000   -0.00000000000000e+000   -0.00000000000000e+000         1    3.00000000000000e+003       316 Internal sink/source: {UZF-GWRCH}                 
       317       317    3.00000000000000e+003    1.36385386854138e+006    1.11729110771440e+005    6.19644011900772e+002    1.00000000000000e+000    0.00000000000000e+000    0.00000000000000e+000    0.00000000000000e+000         1    3.00000000000000e+003       317 Starting_Location                                 
       317     19757    3.00000000000000e+003    1.36385386854138e+006    1.11729110771440e+005    6.40006141285820e+002    1.00000000000000e+000   -0.00000000000000e+000   -0.00000000000000e+000   -0.00000000000000e+000         1    3.00000000000000e+003       317 Internal sink/source: {UZF-GWRCH}                 
       318       318    3.00000000000000e+003    1.36845452234170e+006    1.17467934346983e+005    6.20271219078636e+002    1.00000000000000e+000    0.00000000000000e+000    0.00000000000000e+000    0.00000000000000e+000         1    3.00000000000000e+003       318 Starting_Location                                 
       318     19759    3.00000000000000e+003    1.36845452234170e+006    1.17467934346983e+005    6.70813855806629e+002    1.00000000000000e+000   -0.00000000000000e+000   -0.00000000000000e+000   -0.00000000000000e+000         1    3.00000000000000e+003       318 Internal sink/source: {UZF-GWRCH}                 
       319       319    3.00000000000000e+003    1.37614424365452e+006    1.18870511891885e+005    6.20763408661916e+002    1.00000000000000e+000    0.00000000000000e+000    0.00000000000000e+000    0.00000000000000e+000         1    3.00000000000000e+003       319 Starting_Location                                 
       319     19723    3.00000000000000e+003    1.37614424365452e+006    1.18870511891885e+005    6.99615133898337e+002    1.00000000000000e+000   -0.00000000000000e+000   -0.00000000000000e+000   -0.00000000000000e+000         1    3.00000000000000e+003       319 Internal sink/source: {UZF-GWRCH}                 
       320       320    3.00000000000000e+003    1.37618042550185e+006    1.18480815027786e+005    6.21555445942068e+002    1.00000000000000e+000    0.00000000000000e+000    0.00000000000000e+000    0.00000000000000e+000         1    3.00000000000000e+003       320 Starting_Location                                 
       320     19724    3.00000000000000e+003    1.37618042550185e+006    1.18480815027786e+005    7.03407491592747e+002    1.00000000000000e+000   -0.00000000000000e+000   -0.00000000000000e+000   -0.00000000000000e+000         1    3.00000000000000e+003       320 Internal sink/source: {UZF-GWRCH}                 
       321       321    3.00000000000000e+003    1.36961068711482e+006    1.18122875044918e+005    6.21700340784341e+002    1.00000000000000e+000    0.00000000000000e+000    0.00000000000000e+000    0.00000000000000e+000         1    3.00000000000000e+003       321 Starting_Location                                 
       321     19730    3.00000000000000e+003    1.36961068711482e+006    1.18122875044918e+005    7.05296877719881e+002    1.00000000000000e+000   -0.00000000000000e+000   -0.00000000000000e+000   -0.00000000000000e+000         1    3.00000000000000e+003       321 Internal sink/source: {UZF-GWRCH}                 
       322       322    3.00000000000000e+003    1.37150587010162e+006    1.18503694609605e+005    6.22921849195021e+002    1.00000000000000e+000    0.00000000000000e+000    0.00000000000000e+000    0.00000000000000e+000         1    3.00000000000000e+003       322 Starting_Location                                 
       322     19731    3.00000000000000e+003    1.37150587010162e+006    1.18503694609605e+005    6.83010028835886e+002    1.00000000000000e+000   -0.00000000000000e+000   -0.00000000000000e+000   -0.00000000000000e+000         1    3.00000000000000e+003       322 Internal sink/source: {UZF-GWRCH}                 
       323       323    3.00000000000000e+003    1.36588647525276e+006    1.14023783591897e+005    6.24070289665814e+002    1.00000000000000e+000    0.00000000000000e+000    0.00000000000000e+000    0.00000000000000e+000         1    3.00000000000000e+003       323 Starting_Location                                 
       323     19816    3.00000000000000e+003    1.36588647525276e+006    1.14023783591897e+005    6.77900398821820e+002    1.00000000000000e+000   -0.00000000000000e+000   -0.00000000000000e+000   -0.00000000000000e+000         1    3.00000000000000e+003       323 Internal sink/source: {UZF-GWRCH}                 
       324       324    3.00000000000000e+003    1.37454089713739e+006    1.19021899959729e+005    6.25014247622770e+002    1.00000000000000e+000    0.00000000000000e+000    0.00000000000000e+000    0.00000000000000e+000         1    3.00000000000000e+003       324 Starting_Location                                 
       324     19884    3.00000000000000e+003    1.37454089713739e+006    1.19021899959729e+005    6.86799918640880e+002    1.00000000000000e+000   -0.00000000000000e+000   -0.00000000000000e+000   -0.00000000000000e+000         1    3.00000000000000e+003       324 Internal sink/source: {UZF-GWRCH}                 
       325       325    3.00000000000000e+003    1.37509109515332e+006    1.18932415521304e+005    6.26561945719351e+002    1.00000000000000e+000    0.00000000000000e+000    0.00000000000000e+000    0.00000000000000e+000         1    3.00000000000000e+003       325 Starting_Location                                 
       325     19891    3.00000000000000e+003    1.37509109515332e+006    1.18932415521304e+005    6.91778052876615e+002    1.00000000000000e+000   -0.00000000000000e+000   -0.00000000000000e+000   -0.00000000000000e+000         1    3.00000000000000e+003       325 Internal sink/source: {UZF-GWRCH}                 
       326       326    3.00000000000000e+003    1.36386009077783e+006    1.12303260773289e+005    6.27770317020927e+002    1.00000000000000e+000    0.00000000000000e+000    0.00000000000000e+000    0.00000000000000e+000         1    3.00000000000000e+003       326 Starting_Location                                 
       326     19894    3.00000000000000e+003    1.36386009077783e+006    1.12303260773289e+005    6.19531214169116e+002    1.00000000000000e+000   -0.00000000000000e+000   -0.00000000000000e+000   -0.00000000000000e+000         1    3.00000000000000e+003       326 Internal sink/source: {UZF-GWRCH}                 
       327       327    3.00000000000000e+003    1.36416804538609e+006    1.18560063563826e+005    6.29270506287752e+002    1.00000000000000e+000    0.00000000000000e+000    0.00000000000000e+000    0.00000000000000e+000         1    3.00000000000000e+003       327 Starting_Location                                 
       327     19762    3.00000000000000e+003    1.36416804538609e+006    1.18560063563826e+005    6.24828308829458e+002    1.00000000000000e+000   -0.00000000000000e+000   -0.00000000000000e+000   -0.00000000000000e+000         1    3.00000000000000e+003       327 Internal sink/source: {UZF-GWRCH}                 
       328       328    3.00000000000000e+003    1.36585891288612e+006    1.15612244783197e+005    6.30122565610312e+002    1.00000000000000e+000    0.00000000000000e+000    0.00000000000000e+000    0.00000000000000e+000         1    3.00000000000000e+003       328 Starting_Location                                 
       328     19768    3.00000000000000e+003    1.36585891288612e+006    1.15612244783197e+005    7.08660700608891e+002    1.00000000000000e+000   -0.00000000000000e+000   -0.00000000000000e+000   -0.00000000000000e+000         1    3.00000000000000e+003       328 Internal sink/source: {UZF-GWRCH}                 
       329       329    3.00000000000000e+003    1.37129087603695e+006    1.19451105845772e+005    6.32274154588235e+002    1.00000000000000e+000    0.00000000000000e+000    0.00000000000000e+000    0.00000000000000e+000         1    3.00000000000000e+003       329 Starting_Location                                 
       329     19786    3.00000000000000e+003    1.37129087603695e+006    1.19451105845772e+005    6.81266704842545e+002    1.00000000000000e+000   -0.00000000000000e+000   -0.00000000000000e+000   -0.00000000000000e+000         1    3.00000000000000e+003       329 Internal sink/source: {UZF-GWRCH}                 
       330       330    3.00000000000000e+003    1.37355824220772e+006    1.18086332334125e+005    6.34041847546394e+002    1.00000000000000e+000    0.00000000000000e+000    0.00000000000000e+000    0.00000000000000e+000         1    3.00000000000000e+003       330 Starting_Location                                 
       330     19787    3.00000000000000e+003    1.37355824220772e+006    1.18086332334125e+005    6.90366856715237e+002    1.00000000000000e+000   -0.00000000000000e+000   -0.00000000000000e+000   -0.00000000000000e+000         1    3.00000000000000e+003       330 Internal sink/source: {UZF-GWRCH}                 
       331       331    3.00000000000000e+003    1.37568989888040e+006    1.19035789872909e+005    6.35524287375155e+002    1.00000000000000e+000    0.00000000000000e+000    0.00000000000000e+000    0.00000000000000e+000         1    3.00000000000000e+003       331 Starting_Location                                 
       331     19994    3.00000000000000e+003    1.37568989888040e+006    1.19035789872909e+005    6.95587758985856e+002    1.00000000000000e+000   -0.00000000000000e+000   -0.00000000000000e+000   -0.00000000000000e+000         1    3.00000000000000e+003       331 Internal sink/source: {UZF-GWRCH}                 
       332       332    3.00000000000000e+003    1.36501009619161e+006    1.18223005694023e+005    6.36843103355222e+002    1.00000000000000e+000    0.00000000000000e+000    0.00000000000000e+000    0.00000000000000e+000         1    3.00000000000000e+003       332 Starting_Location                                 
       332     20010    3.00000000000000e+003    1.36501009619161e+006    1.18223005694023e+005    6.57545824767756e+002    1.00000000000000e+000   -0.00000000000000e+000   -0.00000000000000e+000   -0.00000000000000e+000         1    3.00000000000000e+003       332 Internal sink/source: {UZF-GWRCH}                 
       333       333    3.00000000000000e+003    1.37165126140183e+006    1.18127099665134e+005    6.39675430657034e+002    1.00000000000000e+000    0.00000000000000e+000    0.00000000000000e+000    0.00000000000000e+000         1    3.00000000000000e+003       333 Starting_Location                                 
       333     20029    3.00000000000000e+003    1.37165126140183e+006    1.18127099665134e+005    6.88741445960890e+002    1.00000000000000e+000   -0.00000000000000e+000   -0.00000000000000e+000   -0.00000000000000e+000         1    3.00000000000000e+003       333 Internal sink/source: {UZF-GWRCH}                 
       334       334    3.00000000000000e+003    1.37361050027873e+006    1.17712378147122e+005    6.42041832965607e+002    1.00000000000000e+000    0.00000000000000e+000    0.00000000000000e+000    0.00000000000000e+000         1    3.00000000000000e+003       334 Starting_Location                                 
       334     20038    3.00000000000000e+003    1.37361050027873e+006    1.17712378147122e+005    6.99466191405561e+002    1.00000000000000e+000   -0.00000000000000e+000   -0.00000000000000e+000   -0.00000000000000e+000         1    3.00000000000000e+003       334 Internal sink/source: {UZF-GWRCH}                 
       335       335    3.00000000000000e+003    1.37164808270979e+006    1.19342255020290e+005    6.43880162659280e+002    1.00000000000000e+000    0.00000000000000e+000    0.00000000000000e+000    0.00000000000000e+000         1    3.00000000000000e+003       335 Starting_Location                                 
       335     19903    3.00000000000000e+003    1.37164808270979e+006    1.19342255020290e+005    6.77250172960193e+002    1.00000000000000e+000   -0.00000000000000e+000   -0.00000000000000e+000   -0.00000000000000e+000         1    3.00000000000000e+003       335 Internal sink/source: {UZF-GWRCH}                 
       336       336    3.00000000000000e+003    1.37154417735147e+006    1.19187153233312e+005    6.45193708018846e+002    1.00000000000000e+000    0.00000000000000e+000    0.00000000000000e+000    0.00000000000000e+000         1    3.00000000000000e+003       336 Starting_Location                                 
       336     19904    3.00000000000000e+003    1.37154417735147e+006    1.19187153233312e+005    6.78173125097885e+002    1.00000000000000e+000   -0.00000000000000e+000   -0.00000000000000e+000   -0.00000000000000e+000         1    3.00000000000000e+003       336 Internal sink/source: {UZF-GWRCH}                 
       337       337    3.00000000000000e+003    1.36438644848946e+006    1.13063971460678e+005    6.46701467248779e+002    1.00000000000000e+000    0.00000000000000e+000    0.00000000000000e+000    0.00000000000000e+000         1    3.00000000000000e+003       337 Starting_Location                                 
       337     19908    3.00000000000000e+003    1.36438644848946e+006    1.13063971460678e+005    6.26791799748491e+002    1.00000000000000e+000   -0.00000000000000e+000   -0.00000000000000e+000   -0.00000000000000e+000         1    3.00000000000000e+003       337 Internal sink/source: {UZF-GWRCH}                 
       338       338    3.00000000000000e+003    1.36534021415973e+006    1.17426444225724e+005    6.50018661951087e+002    1.00000000000000e+000    0.00000000000000e+000    0.00000000000000e+000    0.00000000000000e+000         1    3.00000000000000e+003       338 Starting_Location                                 
       338     19973    3.00000000000000e+003    1.36534021415973e+006    1.17426444225724e+005    6.67168907996747e+002    1.00000000000000e+000   -0.00000000000000e+000   -0.00000000000000e+000   -0.00000000000000e+000         1    3.00000000000000e+003       338 Internal sink/source: {UZF-GWRCH}                 
       339       339    3.00000000000000e+003    1.37594877112133e+006    1.19008947977447e+005    6.52597278990532e+002    1.00000000000000e+000    0.00000000000000e+000    0.00000000000000e+000    0.00000000000000e+000         1    3.00000000000000e+003       339 Starting_Location                                 
       339     19255    3.00000000000000e+003    1.37594877112133e+006    1.19008947977447e+005    6.97699576381163e+002    1.00000000000000e+000   -0.00000000000000e+000   -0.00000000000000e+000   -0.00000000000000e+000         1    3.00000000000000e+003       339 Internal sink/source: {UZF-GWRCH}                 
       340       340    3.00000000000000e+003    1.37576410873314e+006    1.19023917928384e+005    6.53955207252352e+002    1.00000000000000e+000    0.00000000000000e+000    0.00000000000000e+000    0.00000000000000e+000         1    3.00000000000000e+003       340 Starting_Location                                 
       340     19256    3.00000000000000e+003    1.37576410873314e+006    1.19023917928384e+005    6.96164649445723e+002    1.00000000000000e+000   -0.00000000000000e+000   -0.00000000000000e+000   -0.00000000000000e+000         1    3.00000000000000e+003       340 Internal sink/source: {UZF-GWRCH}                 
       341       341    3.00000000000000e+003    1.36544113253038e+006    1.18343080881923e+005    6.53846968084442e+002    1.00000000000000e+000    0.00000000000000e+000    0.00000000000000e+000    0.00000000000000e+000         1    3.00000000000000e+003       341 Starting_Location                                 
       341     19260    3.00000000000000e+003    1.36544113253038e+006    1.18343080881923e+005    6.66177245246697e+002    1.00000000000000e+000   -0.00000000000000e+000   -0.00000000000000e+000   -0.00000000000000e+000         1    3.00000000000000e+003       341 Internal sink/source: {UZF-GWRCH}                 
       342       342    3.00000000000000e+003    1.37506113266326e+006    1.19029970051102e+005    6.52698689230149e+002    1.00000000000000e+000    0.00000000000000e+000    0.00000000000000e+000    0.00000000000000e+000         1    3.00000000000000e+003       342 Starting_Location                                 
       342     19284    3.00000000000000e+003    1.37506113266326e+006    1.19029970051102e+005    6.90866955347443e+002    1.00000000000000e+000   -0.00000000000000e+000   -0.00000000000000e+000   -0.00000000000000e+000         1    3.00000000000000e+003       342 Internal sink/source: {UZF-GWRCH}                 
       343       343    3.00000000000000e+003    1.37371793202943e+006    1.16961730161585e+005    6.47587914197988e+002    1.00000000000000e+000    0.00000000000000e+000    0.00000000000000e+000    0.00000000000000e+000         1    3.00000000000000e+003       343 Starting_Location                                 
       343     19211    3.00000000000000e+003    1.37371793202943e+006    1.16961730161585e+005    7.55741737618973e+002    1.00000000000000e+000   -0.00000000000000e+000   -0.00000000000000e+000   -0.00000000000000e+000         1    3.00000000000000e+003       343 Internal sink/source: {UZF-GWRCH}                 
       344       344    3.00000000000000e+003    1.36533120059672e+006    1.18412581089952e+005    6.44878040020192e+002    1.00000000000000e+000    0.00000000000000e+000    0.00000000000000e+000    0.00000000000000e+000         1    3.00000000000000e+003       344 Starting_Location                                 
       344     19227    3.00000000000000e+003    1.36533120059672e+006    1.18412581089952e+005    6.64885984621227e+002    1.00000000000000e+000   -0.00000000000000e+000   -0.00000000000000e+000   -0.00000000000000e+000         1    3.00000000000000e+003       344 Internal sink/source: {UZF-GWRCH}                 
       345       345    3.00000000000000e+003    1.36562477346815e+006    1.17142880172234e+005    6.48264209772398e+002    1.00000000000000e+000    0.00000000000000e+000    0.00000000000000e+000    0.00000000000000e+000         1    3.00000000000000e+003       345 Starting_Location                                 
       345     19233    3.00000000000000e+003    1.36562477346815e+006    1.17142880172234e+005    6.87177376237711e+002    1.00000000000000e+000   -0.00000000000000e+000   -0.00000000000000e+000   -0.00000000000000e+000         1    3.00000000000000e+003       345 Internal sink/source: {UZF-GWRCH}                 
       346       346    3.00000000000000e+003    1.36422178566548e+006    1.12920219487966e+005    6.48646785609582e+002    1.00000000000000e+000    0.00000000000000e+000    0.00000000000000e+000    0.00000000000000e+000         1    3.00000000000000e+003       346 Starting_Location                                 
       346     19250    3.00000000000000e+003    1.36422178566548e+006    1.12920219487966e+005    6.26985116755526e+002    1.00000000000000e+000   -0.00000000000000e+000   -0.00000000000000e+000   -0.00000000000000e+000         1    3.00000000000000e+003       346 Internal sink/source: {UZF-GWRCH}                 
       347       347    3.00000000000000e+003    1.37145665511855e+006    1.18759303608468e+005    6.47400083917282e+002    1.00000000000000e+000    0.00000000000000e+000    0.00000000000000e+000    0.00000000000000e+000         1    3.00000000000000e+003       347 Starting_Location                                 
       347     19319    3.00000000000000e+003    1.37145665511855e+006    1.18759303608468e+005    6.80975225046678e+002    1.00000000000000e+000   -0.00000000000000e+000   -0.00000000000000e+000   -0.00000000000000e+000         1    3.00000000000000e+003       347 Internal sink/source: {UZF-GWRCH}                 
       348       348    3.00000000000000e+003    1.37222525924211e+006    1.17566222068710e+005    6.55173925400883e+002    1.00000000000000e+000    0.00000000000000e+000    0.00000000000000e+000    0.00000000000000e+000         1    3.00000000000000e+003       348 Starting_Location                                 
       348     19348    3.00000000000000e+003    1.37222525924211e+006    1.17566222068710e+005    6.93347612311048e+002    1.00000000000000e+000   -0.00000000000000e+000   -0.00000000000000e+000   -0.00000000000000e+000         1    3.00000000000000e+003       348 Internal sink/source: {UZF-GWRCH}                 
       349       349    3.00000000000000e+003    1.37617520193063e+006    1.18773499811361e+005    6.55899135463120e+002    1.00000000000000e+000    0.00000000000000e+000    0.00000000000000e+000    0.00000000000000e+000         1    3.00000000000000e+003       349 Starting_Location                                 
       349     19360    3.00000000000000e+003    1.37617520193063e+006    1.18773499811361e+005    7.00662584781993e+002    1.00000000000000e+000   -0.00000000000000e+000   -0.00000000000000e+000   -0.00000000000000e+000         1    3.00000000000000e+003       349 Internal sink/source: {UZF-GWRCH}                 
       350       350    3.00000000000000e+003    1.37615680593471e+006    1.18611322654215e+005    6.56093261510260e+002    1.00000000000000e+000    0.00000000000000e+000    0.00000000000000e+000    0.00000000000000e+000         1    3.00000000000000e+003       350 Starting_Location                                 
       350     19361    3.00000000000000e+003    1.37615680593471e+006    1.18611322654215e+005    7.01897986960647e+002    1.00000000000000e+000   -0.00000000000000e+000   -0.00000000000000e+000   -0.00000000000000e+000         1    3.00000000000000e+003       350 Internal sink/source: {UZF-GWRCH}                 
       351       351    3.00000000000000e+003    1.37543800667026e+006    1.19039022037698e+005    6.57145971694897e+002    1.00000000000000e+000    0.00000000000000e+000    0.00000000000000e+000    0.00000000000000e+000         1    3.00000000000000e+003       351 Starting_Location                                 
       351     19293    3.00000000000000e+003    1.37543800667026e+006    1.19039022037698e+005    6.93791610323556e+002    1.00000000000000e+000   -0.00000000000000e+000   -0.00000000000000e+000   -0.00000000000000e+000         1    3.00000000000000e+003       351 Internal sink/source: {UZF-GWRCH}                 
       352       352    3.00000000000000e+003    1.37528019667109e+006    1.19041455382209e+005    6.57276684223602e+002    1.00000000000000e+000    0.00000000000000e+000    0.00000000000000e+000    0.00000000000000e+000         1    3.00000000000000e+003       352 Starting_Location                                 
       352     19294    3.00000000000000e+003    1.37528019667109e+006    1.19041455382209e+005    6.92390472492750e+002    1.00000000000000e+000   -0.00000000000000e+000   -0.00000000000000e+000   -0.00000000000000e+000         1    3.00000000000000e+003       352 Internal sink/source: {UZF-GWRCH}                 
       353       353    3.00000000000000e+003    1.36387571685584e+006    1.12521014936299e+005    6.57380942395255e+002    1.00000000000000e+000    0.00000000000000e+000    0.00000000000000e+000    0.00000000000000e+000         1    3.00000000000000e+003       353 Starting_Location                                 
       353     19309    3.00000000000000e+003    1.36387571685584e+006    1.12521014936299e+005    6.17466032784337e+002    1.00000000000000e+000   -0.00000000000000e+000   -0.00000000000000e+000   -0.00000000000000e+000         1    3.00000000000000e+003       353 Internal sink/source: {UZF-GWRCH}                 
       354       354    3.00000000000000e+003    1.36418283639654e+006    1.18740552393184e+005    6.57774598827282e+002    1.00000000000000e+000    0.00000000000000e+000    0.00000000000000e+000    0.00000000000000e+000         1    3.00000000000000e+003       354 Starting_Location                                 
       354     19310    3.00000000000000e+003    1.36418283639654e+006    1.18740552393184e+005    6.27762738757032e+002    1.00000000000000e+000   -0.00000000000000e+000   -0.00000000000000e+000   -0.00000000000000e+000         1    3.00000000000000e+003       354 Internal sink/source: {UZF-GWRCH}                 
       355       355    3.00000000000000e+003    1.37513205905613e+006    1.19017584778607e+005    6.58269665419273e+002    1.00000000000000e+000    0.00000000000000e+000    0.00000000000000e+000    0.00000000000000e+000         1    3.00000000000000e+003       355 Starting_Location                                 
       355     19465    3.00000000000000e+003    1.37513205905613e+006    1.19017584778607e+005    6.91485460684976e+002    1.00000000000000e+000   -0.00000000000000e+000   -0.00000000000000e+000   -0.00000000000000e+000         1    3.00000000000000e+003       355 Internal sink/source: {UZF-GWRCH}                 
       356       356    3.00000000000000e+003    1.37055870348309e+006    1.18414259789011e+005    6.58773456613564e+002    1.00000000000000e+000    0.00000000000000e+000    0.00000000000000e+000    0.00000000000000e+000         1    3.00000000000000e+003       356 Starting_Location                                 
       356     19490    3.00000000000000e+003    1.37055870348309e+006    1.18414259789011e+005    6.91550956336453e+002    1.00000000000000e+000   -0.00000000000000e+000   -0.00000000000000e+000   -0.00000000000000e+000         1    3.00000000000000e+003       356 Internal sink/source: {UZF-GWRCH}                 
       357       357    3.00000000000000e+003    1.36432728671891e+006    1.13015833155982e+005    6.59208996907170e+002    1.00000000000000e+000    0.00000000000000e+000    0.00000000000000e+000    0.00000000000000e+000         1    3.00000000000000e+003       357 Starting_Location                                 
       357     19529    3.00000000000000e+003    1.36432728671891e+006    1.13015833155982e+005    6.26813864518524e+002    1.00000000000000e+000   -0.00000000000000e+000   -0.00000000000000e+000   -0.00000000000000e+000         1    3.00000000000000e+003       357 Internal sink/source: {UZF-GWRCH}                 
       358       358    3.00000000000000e+003    1.36535618833829e+006    1.17341900656105e+005    6.59273877274266e+002    1.00000000000000e+000    0.00000000000000e+000    0.00000000000000e+000    0.00000000000000e+000         1    3.00000000000000e+003       358 Starting_Location                                 
       358     19602    3.00000000000000e+003    1.36535618833829e+006    1.17341900656105e+005    6.64719070626953e+002    1.00000000000000e+000   -0.00000000000000e+000   -0.00000000000000e+000   -0.00000000000000e+000         1    3.00000000000000e+003       358 Internal sink/source: {UZF-GWRCH}                 
       359       359    3.00000000000000e+003    1.37058629026351e+006    1.18574103857730e+005    6.59551685023731e+002    1.00000000000000e+000    0.00000000000000e+000    0.00000000000000e+000    0.00000000000000e+000         1    3.00000000000000e+003       359 Starting_Location                                 
       359     19371    3.00000000000000e+003    1.37058629026351e+006    1.18574103857730e+005    6.90088753410795e+002    1.00000000000000e+000   -0.00000000000000e+000   -0.00000000000000e+000   -0.00000000000000e+000         1    3.00000000000000e+003       359 Internal sink/source: {UZF-GWRCH}                 
       360       360    3.00000000000000e+003    1.36540734305833e+006    1.18409424156259e+005    6.59325407745515e+002    1.00000000000000e+000    0.00000000000000e+000    0.00000000000000e+000    0.00000000000000e+000         1    3.00000000000000e+003       360 Starting_Location                                 
       360     19437    3.00000000000000e+003    1.36540734305833e+006    1.18409424156259e+005    6.64908901970050e+002    1.00000000000000e+000   -0.00000000000000e+000   -0.00000000000000e+000   -0.00000000000000e+000         1    3.00000000000000e+003       360 Internal sink/source: {UZF-GWRCH}                 
       361       361    3.00000000000000e+003    1.36427277385351e+006    1.12971621460586e+005    6.58626314961684e+002    1.00000000000000e+000    0.00000000000000e+000    0.00000000000000e+000    0.00000000000000e+000         1    3.00000000000000e+003       361 Starting_Location                                 
       361     19449    3.00000000000000e+003    1.36427277385351e+006    1.12971621460586e+005    6.26874509666313e+002    1.00000000000000e+000   -0.00000000000000e+000   -0.00000000000000e+000   -0.00000000000000e+000         1    3.00000000000000e+003       361 Internal sink/source: {UZF-GWRCH}                 
       362       362    3.00000000000000e+003    1.37584400423176e+006    1.19028093417651e+005    6.57978376488319e+002    1.00000000000000e+000    0.00000000000000e+000    0.00000000000000e+000    0.00000000000000e+000         1    3.00000000000000e+003       362 Starting_Location                                 
       362     19452    3.00000000000000e+003    1.37584400423176e+006    1.19028093417651e+005    6.96743271385475e+002    1.00000000000000e+000   -0.00000000000000e+000   -0.00000000000000e+000   -0.00000000000000e+000         1    3.00000000000000e+003       362 Internal sink/source: {UZF-GWRCH}                 
       363       363    3.00000000000000e+003    1.36472695340041e+006    1.18728566763177e+005    6.58316888851185e+002    1.00000000000000e+000    0.00000000000000e+000    0.00000000000000e+000    0.00000000000000e+000         1    3.00000000000000e+003       363 Starting_Location                                 
       363     19649    3.00000000000000e+003    1.36472695340041e+006    1.18728566763177e+005    6.55066783113233e+002    1.00000000000000e+000   -0.00000000000000e+000   -0.00000000000000e+000   -0.00000000000000e+000         1    3.00000000000000e+003       363 Internal sink/source: {UZF-GWRCH}                 
       364       364    3.00000000000000e+003    1.36597622168224e+006    1.17725326992011e+005    6.59782789033945e+002    1.00000000000000e+000    0.00000000000000e+000    0.00000000000000e+000    0.00000000000000e+000         1    3.00000000000000e+003       364 Starting_Location                                 
       364     19650    3.00000000000000e+003    1.36597622168224e+006    1.17725326992011e+005    7.05518276992090e+002    1.00000000000000e+000   -0.00000000000000e+000   -0.00000000000000e+000   -0.00000000000000e+000         1    3.00000000000000e+003       364 Internal sink/source: {UZF-GWRCH}                 
       365       365    3.00000000000000e+003    1.36986043712377e+006    1.18172229719392e+005    6.59917058529005e+002    1.00000000000000e+000    0.00000000000000e+000    0.00000000000000e+000    0.00000000000000e+000         1    3.00000000000000e+003       365 Starting_Location                                 
       365     19652    3.00000000000000e+003    1.36986043712377e+006    1.18172229719392e+005    7.05397907291480e+002    1.00000000000000e+000   -0.00000000000000e+000   -0.00000000000000e+000   -0.00000000000000e+000         1    3.00000000000000e+003       365 Internal sink/source: {UZF-GWRCH}                 
       366       366    3.00000000000000e+003    1.36881933087876e+006    1.17749247382736e+005    6.59383406577797e+002    1.00000000000000e+000    0.00000000000000e+000    0.00000000000000e+000    0.00000000000000e+000         1    3.00000000000000e+003       366 Starting_Location                                 
       366     19658    3.00000000000000e+003    1.36881933087876e+006    1.17749247382736e+005    6.86952986607022e+002    1.00000000000000e+000   -0.00000000000000e+000   -0.00000000000000e+000   -0.00000000000000e+000         1    3.00000000000000e+003       366 Internal sink/source: {UZF-GWRCH}                 
       367       367    3.00000000000000e+003    1.36550379237326e+006    1.17227010891686e+005    6.60140978455032e+002    1.00000000000000e+000    0.00000000000000e+000    0.00000000000000e+000    0.00000000000000e+000         1    3.00000000000000e+003       367 Starting_Location                                 
       367     19608    3.00000000000000e+003    1.36550379237326e+006    1.17227010891686e+005    6.72317465028030e+002    1.00000000000000e+000   -0.00000000000000e+000   -0.00000000000000e+000   -0.00000000000000e+000         1    3.00000000000000e+003       367 Internal sink/source: {UZF-GWRCH}                 
       368       368    3.00000000000000e+003    1.37375534844904e+006    1.17371488136204e+005    6.60620314557631e+002    1.00000000000000e+000    0.00000000000000e+000    0.00000000000000e+000    0.00000000000000e+000         1    3.00000000000000e+003       368 Starting_Location                                 
       368     19615    3.00000000000000e+003    1.37375534844904e+006    1.17371488136204e+005    7.11340670632048e+002    1.00000000000000e+000   -0.00000000000000e+000   -0.00000000000000e+000   -0.00000000000000e+000         1    3.00000000000000e+003       368 Internal sink/source: {UZF-GWRCH}                 
       369       369    3.00000000000000e+003    1.37485877595981e+006    1.19041449299032e+005    6.61032179757555e+002    1.00000000000000e+000    0.00000000000000e+000    0.00000000000000e+000    0.00000000000000e+000         1    3.00000000000000e+003       369 Starting_Location                                 
       369     19618    3.00000000000000e+003    1.37485877595981e+006    1.19041449299032e+005    6.89131177796153e+002    1.00000000000000e+000   -0.00000000000000e+000   -0.00000000000000e+000   -0.00000000000000e+000         1    3.00000000000000e+003       369 Internal sink/source: {UZF-GWRCH}                 
       370       370    3.00000000000000e+003    1.36946801080785e+006    1.18007131494227e+005    6.61156425692611e+002    1.00000000000000e+000    0.00000000000000e+000    0.00000000000000e+000    0.00000000000000e+000         1    3.00000000000000e+003       370 Starting_Location                                 
       370     19631    3.00000000000000e+003    1.36946801080785e+006    1.18007131494227e+005    7.05649114047161e+002    1.00000000000000e+000   -0.00000000000000e+000   -0.00000000000000e+000   -0.00000000000000e+000         1    3.00000000000000e+003       370 Internal sink/source: {UZF-GWRCH}                 
       371       371    3.00000000000000e+003    1.37196344548230e+006    1.17826220250200e+005    6.63169098273872e+002    1.00000000000000e+000    0.00000000000000e+000    0.00000000000000e+000    0.00000000000000e+000         1    3.00000000000000e+003       371 Starting_Location                                 
       371     21798    3.00000000000000e+003    1.37196344548230e+006    1.17826220250200e+005    6.91063667663544e+002    1.00000000000000e+000   -0.00000000000000e+000   -0.00000000000000e+000   -0.00000000000000e+000         1    3.00000000000000e+003       371 Internal sink/source: {UZF-GWRCH}                 
       372       372    3.00000000000000e+003    1.37202140306987e+006    1.17729190574009e+005    6.63732850405907e+002    1.00000000000000e+000    0.00000000000000e+000    0.00000000000000e+000    0.00000000000000e+000         1    3.00000000000000e+003       372 Starting_Location                                 
       372     22067    3.00000000000000e+003    1.37202140306987e+006    1.17729190574009e+005    6.92210973299884e+002    1.00000000000000e+000   -0.00000000000000e+000   -0.00000000000000e+000   -0.00000000000000e+000         1    3.00000000000000e+003       372 Internal sink/source: {UZF-GWRCH}                 
       373       373    3.00000000000000e+003    1.37211503978438e+006    1.17767705661024e+005    6.65880888176513e+002    1.00000000000000e+000    0.00000000000000e+000    0.00000000000000e+000    0.00000000000000e+000         1    3.00000000000000e+003       373 Starting_Location                                 
       373     22076    3.00000000000000e+003    1.37211503978438e+006    1.17767705661024e+005    6.88918296524946e+002    1.00000000000000e+000   -0.00000000000000e+000   -0.00000000000000e+000   -0.00000000000000e+000         1    3.00000000000000e+003       373 Internal sink/source: {UZF-GWRCH}                 
       374       374    3.00000000000000e+003    1.37125557994386e+006    1.19539320472241e+005    6.66671909006878e+002    1.00000000000000e+000    0.00000000000000e+000    0.00000000000000e+000    0.00000000000000e+000         1    3.00000000000000e+003       374 Starting_Location                                 
       374     22160    3.00000000000000e+003    1.37125557994386e+006    1.19539320472241e+005    6.81549098473027e+002    1.00000000000000e+000   -0.00000000000000e+000   -0.00000000000000e+000   -0.00000000000000e+000         1    3.00000000000000e+003       374 Internal sink/source: {UZF-GWRCH}                 
       375       375    3.00000000000000e+003    1.37169251170568e+006    1.18042556661715e+005    6.69714994517088e+002    1.00000000000000e+000    0.00000000000000e+000    0.00000000000000e+000    0.00000000000000e+000         1    3.00000000000000e+003       375 Starting_Location                                 
       375     21566    3.00000000000000e+003    1.37169251170568e+006    1.18042556661715e+005    6.89935444496496e+002    1.00000000000000e+000   -0.00000000000000e+000   -0.00000000000000e+000   -0.00000000000000e+000         1    3.00000000000000e+003       375 Internal sink/source: {UZF-GWRCH}                 
       376       376    3.00000000000000e+003    1.37535379265893e+006    1.19006868233649e+005    6.72511848860364e+002    1.00000000000000e+000    0.00000000000000e+000    0.00000000000000e+000    0.00000000000000e+000         1    3.00000000000000e+003       376 Starting_Location                                 
       376     21626    3.00000000000000e+003    1.37535379265893e+006    1.19006868233649e+005    6.93355007851492e+002    1.00000000000000e+000   -0.00000000000000e+000   -0.00000000000000e+000   -0.00000000000000e+000         1    3.00000000000000e+003       376 Internal sink/source: {UZF-GWRCH}                 
       377       377    3.00000000000000e+003    1.37188103959208e+006    1.17911852634171e+005    6.74054875129371e+002    1.00000000000000e+000    0.00000000000000e+000    0.00000000000000e+000    0.00000000000000e+000         1    3.00000000000000e+003       377 Starting_Location                                 
       377     21676    3.00000000000000e+003    1.37188103959208e+006    1.17911852634171e+005    6.90184007612861e+002    1.00000000000000e+000   -0.00000000000000e+000   -0.00000000000000e+000   -0.00000000000000e+000         1    3.00000000000000e+003       377 Internal sink/source: {UZF-GWRCH}                 
       378       378    3.00000000000000e+003    1.37177720243891e+006    1.17987342858457e+005    6.74649267156307e+002    1.00000000000000e+000    0.00000000000000e+000    0.00000000000000e+000    0.00000000000000e+000         1    3.00000000000000e+003       378 Starting_Location                                 
       378     21678    3.00000000000000e+003    1.37177720243891e+006    1.17987342858457e+005    6.90151851627201e+002    1.00000000000000e+000   -0.00000000000000e+000   -0.00000000000000e+000   -0.00000000000000e+000         1    3.00000000000000e+003       378 Internal sink/source: {UZF-GWRCH}                 
       379       379    3.00000000000000e+003    1.37638619595383e+006    1.17531930244904e+005    6.76023194699809e+002    1.00000000000000e+000    0.00000000000000e+000    0.00000000000000e+000    0.00000000000000e+000         1    3.00000000000000e+003       379 Starting_Location                                 
       379     22428    3.00000000000000e+003    1.37638619595383e+006    1.17531930244904e+005    7.31776574361777e+002    1.00000000000000e+000   -0.00000000000000e+000   -0.00000000000000e+000   -0.00000000000000e+000         1    3.00000000000000e+003       379 Internal sink/source: {UZF-GWRCH}                 
       380       380    3.00000000000000e+003    1.37408173262678e+006    1.19122945546873e+005    6.78615308330221e+002    1.00000000000000e+000    0.00000000000000e+000    0.00000000000000e+000    0.00000000000000e+000         1    3.00000000000000e+003       380 Starting_Location                                 
       380     22462    3.00000000000000e+003    1.37408173262678e+006    1.19122945546873e+005    6.82452054841642e+002    1.00000000000000e+000   -0.00000000000000e+000   -0.00000000000000e+000   -0.00000000000000e+000         1    3.00000000000000e+003       380 Internal sink/source: {UZF-GWRCH}                 
       381       381    3.00000000000000e+003    1.36516048744099e+006    1.18491274907641e+005    6.80200867922529e+002    1.00000000000000e+000    0.00000000000000e+000    0.00000000000000e+000    0.00000000000000e+000         1    3.00000000000000e+003       381 Starting_Location                                 
       381     22511    3.00000000000000e+003    1.36516048744099e+006    1.18491274907641e+005    6.64051803875805e+002    1.00000000000000e+000   -0.00000000000000e+000   -0.00000000000000e+000   -0.00000000000000e+000         1    3.00000000000000e+003       381 Internal sink/source: {UZF-GWRCH}                 
       382       382    3.00000000000000e+003    1.37364118096268e+006    1.17628106724610e+005    6.83397646259171e+002    1.00000000000000e+000    0.00000000000000e+000    0.00000000000000e+000    0.00000000000000e+000         1    3.00000000000000e+003       382 Starting_Location                                 
       382     22556    3.00000000000000e+003    1.37364118096268e+006    1.17628106724610e+005    7.02123058085466e+002    1.00000000000000e+000   -0.00000000000000e+000   -0.00000000000000e+000   -0.00000000000000e+000         1    3.00000000000000e+003       382 Internal sink/source: {UZF-GWRCH}                 
       383       383    3.00000000000000e+003    1.37152550164794e+006    1.18224945224650e+005    6.86151916970155e+002    1.00000000000000e+000    0.00000000000000e+000    0.00000000000000e+000    0.00000000000000e+000         1    3.00000000000000e+003       383 Starting_Location                                 
       383     22184    3.00000000000000e+003    1.37152550164794e+006    1.18224945224650e+005    6.88210479658772e+002    1.00000000000000e+000   -0.00000000000000e+000   -0.00000000000000e+000   -0.00000000000000e+000         1    3.00000000000000e+003       383 Internal sink/source: {UZF-GWRCH}                 
       384       384    3.00000000000000e+003    1.36389546157981e+006    1.12415484838132e+005    6.88454777553020e+002    1.00000000000000e+000    0.00000000000000e+000    0.00000000000000e+000    0.00000000000000e+000         1    3.00000000000000e+003       384 Starting_Location                                 
       384     22349    3.00000000000000e+003    1.36389546157981e+006    1.12415484838132e+005    6.24389234351200e+002    1.00000000000000e+000   -0.00000000000000e+000   -0.00000000000000e+000   -0.00000000000000e+000         1    3.00000000000000e+003       384 Internal sink/source: {UZF-GWRCH}                 
       385       385    3.00000000000000e+003    1.37443032706750e+006    1.19036318541685e+005    6.90383002972479e+002    1.00000000000000e+000    0.00000000000000e+000    0.00000000000000e+000    0.00000000000000e+000         1    3.00000000000000e+003       385 Starting_Location                                 
       385     22380    3.00000000000000e+003    1.37443032706750e+006    1.19036318541685e+005    6.85695649591701e+002    1.00000000000000e+000   -0.00000000000000e+000   -0.00000000000000e+000   -0.00000000000000e+000         1    3.00000000000000e+003       385 Internal sink/source: {UZF-GWRCH}                 
       386       386    3.00000000000000e+003    1.37143642932709e+006    1.19155907534906e+005    6.91909745128685e+002    1.00000000000000e+000    0.00000000000000e+000    0.00000000000000e+000    0.00000000000000e+000         1    3.00000000000000e+003       386 Starting_Location                                 
       386     22391    3.00000000000000e+003    1.37143642932709e+006    1.19155907534906e+005    6.79811327845263e+002    1.00000000000000e+000   -0.00000000000000e+000   -0.00000000000000e+000   -0.00000000000000e+000         1    3.00000000000000e+003       386 Internal sink/source: {UZF-GWRCH}                 
       387       387    3.00000000000000e+003    1.37620984454574e+006    1.16657312743363e+005    6.90973162430966e+002    1.00000000000000e+000    0.00000000000000e+000    0.00000000000000e+000    0.00000000000000e+000         1    3.00000000000000e+003       387 Starting_Location                                 
       387     22914    3.00000000000000e+003    1.37620984454574e+006    1.16657312743363e+005    7.67852876685159e+002    1.00000000000000e+000   -0.00000000000000e+000   -0.00000000000000e+000   -0.00000000000000e+000         1    3.00000000000000e+003       387 Internal sink/source: {UZF-GWRCH}                 
       388       388    3.00000000000000e+003    1.37429932327015e+006    1.19047454128676e+005    6.91594876463823e+002    1.00000000000000e+000    0.00000000000000e+000    0.00000000000000e+000    0.00000000000000e+000         1    3.00000000000000e+003       388 Starting_Location                                 
       388     22948    3.00000000000000e+003    1.37429932327015e+006    1.19047454128676e+005    6.84457715182860e+002    1.00000000000000e+000   -0.00000000000000e+000   -0.00000000000000e+000   -0.00000000000000e+000         1    3.00000000000000e+003       388 Internal sink/source: {UZF-GWRCH}                 
       389       389    3.00000000000000e+003    1.37645129102075e+006    1.17627859947958e+005    6.92307746112368e+002    1.00000000000000e+000    0.00000000000000e+000    0.00000000000000e+000    0.00000000000000e+000         1    3.00000000000000e+003       389 Starting_Location                                 
       389     22994    3.00000000000000e+003    1.37645129102075e+006    1.17627859947958e+005    7.28456312532381e+002    1.00000000000000e+000   -0.00000000000000e+000   -0.00000000000000e+000   -0.00000000000000e+000         1    3.00000000000000e+003       389 Internal sink/source: {UZF-GWRCH}                 
       390       390    3.00000000000000e+003    1.36496956945470e+006    1.18304445320274e+005    6.91205426540486e+002    1.00000000000000e+000    0.00000000000000e+000    0.00000000000000e+000    0.00000000000000e+000         1    3.00000000000000e+003       390 Starting_Location                                 
       390     23054    3.00000000000000e+003    1.36496956945470e+006    1.18304445320274e+005    6.57993066978524e+002    1.00000000000000e+000   -0.00000000000000e+000   -0.00000000000000e+000   -0.00000000000000e+000         1    3.00000000000000e+003       390 Internal sink/source: {UZF-GWRCH}                 
       391       391    3.00000000000000e+003    1.37635183861844e+006    1.17806822468013e+005    6.93786561342687e+002    1.00000000000000e+000    0.00000000000000e+000    0.00000000000000e+000    0.00000000000000e+000         1    3.00000000000000e+003       391 Starting_Location                                 
       391     22593    3.00000000000000e+003    1.37635183861844e+006    1.17806822468013e+005    7.20768893157442e+002    1.00000000000000e+000   -0.00000000000000e+000   -0.00000000000000e+000   -0.00000000000000e+000         1    3.00000000000000e+003       391 Internal sink/source: {UZF-GWRCH}                 
       392       392    3.00000000000000e+003    1.37633899640772e+006    1.17330095385131e+005    6.95606414645402e+002    1.00000000000000e+000    0.00000000000000e+000    0.00000000000000e+000    0.00000000000000e+000         1    3.00000000000000e+003       392 Starting_Location                                 
       392     22740    3.00000000000000e+003    1.37633899640772e+006    1.17330095385131e+005    7.39048053385976e+002    1.00000000000000e+000   -0.00000000000000e+000   -0.00000000000000e+000   -0.00000000000000e+000         1    3.00000000000000e+003       392 Internal sink/source: {UZF-GWRCH}                 
       393       393    3.00000000000000e+003    1.37161132774804e+006    1.18202010033959e+005    6.96611053336966e+002    1.00000000000000e+000    0.00000000000000e+000    0.00000000000000e+000    0.00000000000000e+000         1    3.00000000000000e+003       393 Starting_Location                                 
       393     22762    3.00000000000000e+003    1.37161132774804e+006    1.18202010033959e+005    6.87695160122232e+002    1.00000000000000e+000   -0.00000000000000e+000   -0.00000000000000e+000   -0.00000000000000e+000         1    3.00000000000000e+003       393 Internal sink/source: {UZF-GWRCH}                 
       394       394    3.00000000000000e+003    1.37159838397802e+006    1.18297073030402e+005    6.96779754149038e+002    1.00000000000000e+000    0.00000000000000e+000    0.00000000000000e+000    0.00000000000000e+000         1    3.00000000000000e+003       394 Starting_Location                                 
       394     22763    3.00000000000000e+003    1.37159838397802e+006    1.18297073030402e+005    6.85934325823153e+002    1.00000000000000e+000   -0.00000000000000e+000   -0.00000000000000e+000   -0.00000000000000e+000         1    3.00000000000000e+003       394 Internal sink/source: {UZF-GWRCH}                 
       395       395    3.00000000000000e+003    1.37640669865696e+006    1.17412731348809e+005    6.96867392136004e+002    1.00000000000000e+000    0.00000000000000e+000    0.00000000000000e+000    0.00000000000000e+000         1    3.00000000000000e+003       395 Starting_Location                                 
       395     23615    3.00000000000000e+003    1.37640669865696e+006    1.17412731348809e+005    7.36240652137801e+002    1.00000000000000e+000   -0.00000000000000e+000   -0.00000000000000e+000   -0.00000000000000e+000         1    3.00000000000000e+003       395 Internal sink/source: {UZF-GWRCH}                 
       396       396    3.00000000000000e+003    1.37629502176168e+006    1.17106972686993e+005    6.97895665134174e+002    1.00000000000000e+000    0.00000000000000e+000    0.00000000000000e+000    0.00000000000000e+000         1    3.00000000000000e+003       396 Starting_Location                                 
       396     23783    3.00000000000000e+003    1.37629502176168e+006    1.17106972686993e+005    7.46892940700814e+002    1.00000000000000e+000   -0.00000000000000e+000   -0.00000000000000e+000   -0.00000000000000e+000         1    3.00000000000000e+003       396 Internal sink/source: {UZF-GWRCH}                 
       397       397    3.00000000000000e+003    1.37647326746587e+006    1.17532023756609e+005    6.97970979632089e+002    1.00000000000000e+000    0.00000000000000e+000    0.00000000000000e+000    0.00000000000000e+000         1    3.00000000000000e+003       397 Starting_Location                                 
       397     23834    3.00000000000000e+003    1.37647326746587e+006    1.17532023756609e+005    7.32052630973740e+002    1.00000000000000e+000   -0.00000000000000e+000   -0.00000000000000e+000   -0.00000000000000e+000         1    3.00000000000000e+003       397 Internal sink/source: {UZF-GWRCH}                 
       398       398    3.00000000000000e+003    1.37355174146517e+006    1.17772150716303e+005    6.98040876351413e+002    1.00000000000000e+000    0.00000000000000e+000    0.00000000000000e+000    0.00000000000000e+000         1    3.00000000000000e+003       398 Starting_Location                                 
       398     23914    3.00000000000000e+003    1.37355174146517e+006    1.17772150716303e+005    6.97165961261753e+002    1.00000000000000e+000   -0.00000000000000e+000   -0.00000000000000e+000   -0.00000000000000e+000         1    3.00000000000000e+003       398 Internal sink/source: {UZF-GWRCH}                 
       399       399    3.00000000000000e+003    1.37633393467626e+006    1.17905181571035e+005    6.98470396068029e+002    1.00000000000000e+000    0.00000000000000e+000    0.00000000000000e+000    0.00000000000000e+000         1    3.00000000000000e+003       399 Starting_Location                                 
       399     23143    3.00000000000000e+003    1.37633393467626e+006    1.17905181571035e+005    7.17114781530616e+002    1.00000000000000e+000   -0.00000000000000e+000   -0.00000000000000e+000   -0.00000000000000e+000         1    3.00000000000000e+003       399 Internal sink/source: {UZF-GWRCH}                 
       400       400    3.00000000000000e+003    1.37624401075834e+006    1.16995511487437e+005    6.99826603735376e+002    1.00000000000000e+000    0.00000000000000e+000    0.00000000000000e+000    0.00000000000000e+000         1    3.00000000000000e+003       400 Starting_Location                                 
       400     23391    3.00000000000000e+003    1.37624401075834e+006    1.16995511487437e+005    7.51174984508301e+002    1.00000000000000e+000   -0.00000000000000e+000   -0.00000000000000e+000   -0.00000000000000e+000         1    3.00000000000000e+003       400 Internal sink/source: {UZF-GWRCH}                 
       401       401    3.00000000000000e+003    1.37138679923630e+006    1.19054930201633e+005    7.00163061058246e+002    1.00000000000000e+000    0.00000000000000e+000    0.00000000000000e+000    0.00000000000000e+000         1    3.00000000000000e+003       401 Starting_Location                                 
       401     23436    3.00000000000000e+003    1.37138679923630e+006    1.19054930201633e+005    6.80580001589890e+002    1.00000000000000e+000   -0.00000000000000e+000   -0.00000000000000e+000   -0.00000000000000e+000         1    3.00000000000000e+003       401 Internal sink/source: {UZF-GWRCH}                 
       402       402    3.00000000000000e+003    1.37636036855820e+006    1.17688057251192e+005    6.99417944527541e+002    1.00000000000000e+000    0.00000000000000e+000    0.00000000000000e+000    0.00000000000000e+000         1    3.00000000000000e+003       402 Starting_Location                                 
       402     23613    3.00000000000000e+003    1.37636036855820e+006    1.17688057251192e+005    7.25502140604253e+002    1.00000000000000e+000   -0.00000000000000e+000   -0.00000000000000e+000   -0.00000000000000e+000         1    3.00000000000000e+003       402 Internal sink/source: {UZF-GWRCH}                 
       403       403    3.00000000000000e+003    1.36601050042319e+006    1.14229747384417e+005    6.99829594996220e+002    1.00000000000000e+000    0.00000000000000e+000    0.00000000000000e+000    0.00000000000000e+000         1    3.00000000000000e+003       403 Starting_Location                                 
       403     20316    3.00000000000000e+003    1.36601050042319e+006    1.14229747384417e+005    6.95857673337237e+002    1.00000000000000e+000   -0.00000000000000e+000   -0.00000000000000e+000   -0.00000000000000e+000         1    3.00000000000000e+003       403 Internal sink/source: {UZF-GWRCH}                 
       404       404    3.00000000000000e+003    1.36932669614821e+006    1.18032351249671e+005    6.99338401999112e+002    1.00000000000000e+000    0.00000000000000e+000    0.00000000000000e+000    0.00000000000000e+000         1    3.00000000000000e+003       404 Starting_Location                                 
       404     20930    3.00000000000000e+003    1.36932669614821e+006    1.18032351249671e+005    7.03230775319045e+002    1.00000000000000e+000   -0.00000000000000e+000   -0.00000000000000e+000   -0.00000000000000e+000         1    3.00000000000000e+003       404 Internal sink/source: {UZF-GWRCH}                 
       405       405    3.00000000000000e+003    1.36497248399556e+006    1.18630871178562e+005    6.98105665104968e+002    1.00000000000000e+000    0.00000000000000e+000    0.00000000000000e+000    0.00000000000000e+000         1    3.00000000000000e+003       405 Starting_Location                                 
       405     20946    3.00000000000000e+003    1.36497248399556e+006    1.18630871178562e+005    6.61331743913214e+002    1.00000000000000e+000   -0.00000000000000e+000   -0.00000000000000e+000   -0.00000000000000e+000         1    3.00000000000000e+003       405 Internal sink/source: {UZF-GWRCH}                 
       406       406    3.00000000000000e+003    1.37624721989130e+006    1.18155071743957e+005    6.98214090821640e+002    1.00000000000000e+000    0.00000000000000e+000    0.00000000000000e+000    0.00000000000000e+000         1    3.00000000000000e+003       406 Starting_Location                                 
       406     20952    3.00000000000000e+003    1.37624721989130e+006    1.18155071743957e+005    7.08841009181772e+002    1.00000000000000e+000   -0.00000000000000e+000   -0.00000000000000e+000   -0.00000000000000e+000         1    3.00000000000000e+003       406 Internal sink/source: {UZF-GWRCH}                 
       407       407    3.00000000000000e+003    1.37147068620494e+006    1.19425905087382e+005    6.99770093087933e+002    1.00000000000000e+000    0.00000000000000e+000    0.00000000000000e+000    0.00000000000000e+000         1    3.00000000000000e+003       407 Starting_Location                                 
       407     20088    3.00000000000000e+003    1.37147068620494e+006    1.19425905087382e+005    6.79604365315597e+002    1.00000000000000e+000   -0.00000000000000e+000   -0.00000000000000e+000   -0.00000000000000e+000         1    3.00000000000000e+003       407 Internal sink/source: {UZF-GWRCH}                 
       408       408    3.00000000000000e+003    1.37479596654254e+006    1.18980264119645e+005    7.00439981779945e+002    1.00000000000000e+000    0.00000000000000e+000    0.00000000000000e+000    0.00000000000000e+000         1    3.00000000000000e+003       408 Starting_Location                                 
       408     20303    3.00000000000000e+003    1.37479596654254e+006    1.18980264119645e+005    6.89207694588395e+002    1.00000000000000e+000   -0.00000000000000e+000   -0.00000000000000e+000   -0.00000000000000e+000         1    3.00000000000000e+003       408 Internal sink/source: {UZF-GWRCH}                 
       409       409    3.00000000000000e+003    1.37560489529359e+006    1.19020773072852e+005    7.00910841997948e+002    1.00000000000000e+000    0.00000000000000e+000    0.00000000000000e+000    0.00000000000000e+000         1    3.00000000000000e+003       409 Starting_Location                                 
       409     20305    3.00000000000000e+003    1.37560489529359e+006    1.19020773072852e+005    6.94999027126412e+002    1.00000000000000e+000   -0.00000000000000e+000   -0.00000000000000e+000   -0.00000000000000e+000         1    3.00000000000000e+003       409 Internal sink/source: {UZF-GWRCH}                 
       410       410    3.00000000000000e+003    1.37175386482068e+006    1.18113045289611e+005    7.01483514898861e+002    1.00000000000000e+000    0.00000000000000e+000    0.00000000000000e+000    0.00000000000000e+000         1    3.00000000000000e+003       410 Starting_Location                                 
       410     20313    3.00000000000000e+003    1.37175386482068e+006    1.18113045289611e+005    6.87834389504681e+002    1.00000000000000e+000   -0.00000000000000e+000   -0.00000000000000e+000   -0.00000000000000e+000         1    3.00000000000000e+003       410 Internal sink/source: {UZF-GWRCH}                 
       411       411    3.00000000000000e+003    1.36357972267577e+006    1.11243998012796e+005    7.01638328295781e+002    1.00000000000000e+000    0.00000000000000e+000    0.00000000000000e+000    0.00000000000000e+000         1    3.00000000000000e+003       411 Starting_Location                                 
       411     20989    3.00000000000000e+003    1.36357972267577e+006    1.11243998012796e+005    6.31953815735489e+002    1.00000000000000e+000   -0.00000000000000e+000   -0.00000000000000e+000   -0.00000000000000e+000         1    3.00000000000000e+003       411 Internal sink/source: {RCH} {UZF-GWRCH}           
       412       412    3.00000000000000e+003    1.37209639458617e+006    1.17671758838157e+005    7.01587159721666e+002    1.00000000000000e+000    0.00000000000000e+000    0.00000000000000e+000    0.00000000000000e+000         1    3.00000000000000e+003       412 Starting_Location                                 
       412     21023    3.00000000000000e+003    1.37209639458617e+006    1.17671758838157e+005    6.92556752515733e+002    1.00000000000000e+000   -0.00000000000000e+000   -0.00000000000000e+000   -0.00000000000000e+000         1    3.00000000000000e+003       412 Internal sink/source: {UZF-GWRCH}                 
       413       413    3.00000000000000e+003    1.36970662828177e+006    1.18083937013532e+005    7.01233786744734e+002    1.00000000000000e+000    0.00000000000000e+000    0.00000000000000e+000    0.00000000000000e+000         1    3.00000000000000e+003       413 Starting_Location                                 
       413     21081    3.00000000000000e+003    1.36970662828177e+006    1.18083937013532e+005    7.06789903599396e+002    1.00000000000000e+000   -0.00000000000000e+000   -0.00000000000000e+000   -0.00000000000000e+000         1    3.00000000000000e+003       413 Internal sink/source: {UZF-GWRCH}                 
       414       414    3.00000000000000e+003    1.36853375582801e+006    1.17536349553038e+005    7.00797105707308e+002    1.00000000000000e+000    0.00000000000000e+000    0.00000000000000e+000    0.00000000000000e+000         1    3.00000000000000e+003       414 Starting_Location                                 
       414     21088    3.00000000000000e+003    1.36853375582801e+006    1.17536349553038e+005    6.73712815179793e+002    1.00000000000000e+000   -0.00000000000000e+000   -0.00000000000000e+000   -0.00000000000000e+000         1    3.00000000000000e+003       414 Internal sink/source: {UZF-GWRCH}                 
       415       415    3.00000000000000e+003    1.36380702797139e+006    1.11453468511878e+005    7.00811021633881e+002    1.00000000000000e+000    0.00000000000000e+000    0.00000000000000e+000    0.00000000000000e+000         1    3.00000000000000e+003       415 Starting_Location                                 
       415     20956    3.00000000000000e+003    1.36380702797139e+006    1.11453468511878e+005    6.42294347257620e+002    1.00000000000000e+000   -0.00000000000000e+000   -0.00000000000000e+000   -0.00000000000000e+000         1    3.00000000000000e+003       415 Internal sink/source: {RCH} {UZF-GWRCH}           
       416       416    3.00000000000000e+003    1.37075245945215e+006    1.18993767784313e+005    7.00464635588271e+002    1.00000000000000e+000    0.00000000000000e+000    0.00000000000000e+000    0.00000000000000e+000         1    3.00000000000000e+003       416 Starting_Location                                 
       416     20979    3.00000000000000e+003    1.37075245945215e+006    1.18993767784313e+005    6.86154640742803e+002    1.00000000000000e+000   -0.00000000000000e+000   -0.00000000000000e+000   -0.00000000000000e+000         1    3.00000000000000e+003       416 Internal sink/source: {UZF-GWRCH}                 
       417       417    3.00000000000000e+003    1.37092802390761e+006    1.19568608259611e+005    6.99625604847435e+002    1.00000000000000e+000    0.00000000000000e+000    0.00000000000000e+000    0.00000000000000e+000         1    3.00000000000000e+003       417 Starting_Location                                 
       417     20983    3.00000000000000e+003    1.37092802390761e+006    1.19568608259611e+005    6.83278569016381e+002    1.00000000000000e+000   -0.00000000000000e+000   -0.00000000000000e+000   -0.00000000000000e+000         1    3.00000000000000e+003       417 Internal sink/source: {UZF-GWRCH}                 
       418       418    3.00000000000000e+003    1.37112716930002e+006    1.19544007001629e+005    6.98792370587640e+002    1.00000000000000e+000    0.00000000000000e+000    0.00000000000000e+000    0.00000000000000e+000         1    3.00000000000000e+003       418 Starting_Location                                 
       418     20984    3.00000000000000e+003    1.37112716930002e+006    1.19544007001629e+005    6.82360193507714e+002    1.00000000000000e+000   -0.00000000000000e+000   -0.00000000000000e+000   -0.00000000000000e+000         1    3.00000000000000e+003       418 Internal sink/source: {UZF-GWRCH}                 
       419       419    3.00000000000000e+003    1.37552690283285e+006    1.18970959714613e+005    6.97564501134245e+002    1.00000000000000e+000    0.00000000000000e+000    0.00000000000000e+000    0.00000000000000e+000         1    3.00000000000000e+003       419 Starting_Location                                 
       419     21160    3.00000000000000e+003    1.37552690283285e+006    1.18970959714613e+005    6.94776304487117e+002    1.00000000000000e+000   -0.00000000000000e+000   -0.00000000000000e+000   -0.00000000000000e+000         1    3.00000000000000e+003       419 Internal sink/source: {UZF-GWRCH}                 
       420       420    3.00000000000000e+003    1.36488699945355e+006    1.18651025685044e+005    6.96146289994416e+002    1.00000000000000e+000    0.00000000000000e+000    0.00000000000000e+000    0.00000000000000e+000         1    3.00000000000000e+003       420 Starting_Location                                 
       420     21221    3.00000000000000e+003    1.36488699945355e+006    1.18651025685044e+005    6.60569790276587e+002    1.00000000000000e+000   -0.00000000000000e+000   -0.00000000000000e+000   -0.00000000000000e+000         1    3.00000000000000e+003       420 Internal sink/source: {UZF-GWRCH}                 
       421       421    3.00000000000000e+003    1.37631143006529e+006    1.18068111379290e+005    6.94690914725073e+002    1.00000000000000e+000    0.00000000000000e+000    0.00000000000000e+000    0.00000000000000e+000         1    3.00000000000000e+003       421 Starting_Location                                 
       421     21223    3.00000000000000e+003    1.37631143006529e+006    1.18068111379290e+005    7.11606479572964e+002    1.00000000000000e+000   -0.00000000000000e+000   -0.00000000000000e+000   -0.00000000000000e+000         1    3.00000000000000e+003       421 Internal sink/source: {UZF-GWRCH}                 
       422       422    3.00000000000000e+003    1.37090092339410e+006    1.19443429450279e+005    6.93382270898804e+002    1.00000000000000e+000    0.00000000000000e+000    0.00000000000000e+000    0.00000000000000e+000         1    3.00000000000000e+003       422 Starting_Location                                 
       422     21234    3.00000000000000e+003    1.37090092339410e+006    1.19443429450279e+005    6.83655997833661e+002    1.00000000000000e+000   -0.00000000000000e+000   -0.00000000000000e+000   -0.00000000000000e+000         1    3.00000000000000e+003       422 Internal sink/source: {UZF-GWRCH}                 
       423       423    3.00000000000000e+003    1.37352788464311e+006    1.18003244252090e+005    6.92000117180383e+002    1.00000000000000e+000    0.00000000000000e+000    0.00000000000000e+000    0.00000000000000e+000         1    3.00000000000000e+003       423 Starting_Location                                 
       423     21095    3.00000000000000e+003    1.37352788464311e+006    1.18003244252090e+005    6.92040981162703e+002    1.00000000000000e+000   -0.00000000000000e+000   -0.00000000000000e+000   -0.00000000000000e+000         1    3.00000000000000e+003       423 Internal sink/source: {UZF-GWRCH}                 
       424       424    3.00000000000000e+003    1.37463976797331e+006    1.19001858664805e+005    6.90290311112259e+002    1.00000000000000e+000    0.00000000000000e+000    0.00000000000000e+000    0.00000000000000e+000         1    3.00000000000000e+003       424 Starting_Location                                 
       424     21115    3.00000000000000e+003    1.37463976797331e+006    1.19001858664805e+005    6.87699103016647e+002    1.00000000000000e+000   -0.00000000000000e+000   -0.00000000000000e+000   -0.00000000000000e+000         1    3.00000000000000e+003       424 Internal sink/source: {UZF-GWRCH}                 
       425       425    3.00000000000000e+003    1.37158553075519e+006    1.19271927973726e+005    6.88797248997350e+002    1.00000000000000e+000    0.00000000000000e+000    0.00000000000000e+000    0.00000000000000e+000         1    3.00000000000000e+003       425 Starting_Location                                 
       425     21123    3.00000000000000e+003    1.37158553075519e+006    1.19271927973726e+005    6.77832341548628e+002    1.00000000000000e+000   -0.00000000000000e+000   -0.00000000000000e+000   -0.00000000000000e+000         1    3.00000000000000e+003       425 Internal sink/source: {UZF-GWRCH}                 
       426       426    3.00000000000000e+003    1.37149675456377e+006    1.19063546971614e+005    6.87025917714086e+002    1.00000000000000e+000    0.00000000000000e+000    0.00000000000000e+000    0.00000000000000e+000         1    3.00000000000000e+003       426 Starting_Location                                 
       426     21155    3.00000000000000e+003    1.37149675456377e+006    1.19063546971614e+005    6.79074569090205e+002    1.00000000000000e+000   -0.00000000000000e+000   -0.00000000000000e+000   -0.00000000000000e+000         1    3.00000000000000e+003       426 Internal sink/source: {UZF-GWRCH}                 
       427       427    3.00000000000000e+003    1.37301903287080e+006    1.16716481156968e+005    6.84676195505692e+002    1.00000000000000e+000    0.00000000000000e+000    0.00000000000000e+000    0.00000000000000e+000         1    3.00000000000000e+003       427 Starting_Location                                 
       427     21364    3.00000000000000e+003    1.37301903287080e+006    1.16716481156968e+005    7.64952291913177e+002    1.00000000000000e+000   -0.00000000000000e+000   -0.00000000000000e+000   -0.00000000000000e+000         1    3.00000000000000e+003       427 Internal sink/source: {UZF-GWRCH}                 
       428       428    3.00000000000000e+003    1.36863848232756e+006    1.17583509036848e+005    6.82185838418743e+002    1.00000000000000e+000    0.00000000000000e+000    0.00000000000000e+000    0.00000000000000e+000         1    3.00000000000000e+003       428 Starting_Location                                 
       428     21451    3.00000000000000e+003    1.36863848232756e+006    1.17583509036848e+005    6.84586925647846e+002    1.00000000000000e+000   -0.00000000000000e+000   -0.00000000000000e+000   -0.00000000000000e+000         1    3.00000000000000e+003       428 Internal sink/source: {UZF-GWRCH}                 
       429       429    3.00000000000000e+003    1.37081629828855e+006    1.19401621312636e+005    6.79285735652857e+002    1.00000000000000e+000    0.00000000000000e+000    0.00000000000000e+000    0.00000000000000e+000         1    3.00000000000000e+003       429 Starting_Location                                 
       429     21500    3.00000000000000e+003    1.37081629828855e+006    1.19401621312636e+005    6.84039965667185e+002    1.00000000000000e+000   -0.00000000000000e+000   -0.00000000000000e+000   -0.00000000000000e+000         1    3.00000000000000e+003       429 Internal sink/source: {UZF-GWRCH}                 
       430       430    3.00000000000000e+003    1.37090047613750e+006    1.19322303644289e+005    6.77513742091524e+002    1.00000000000000e+000    0.00000000000000e+000    0.00000000000000e+000    0.00000000000000e+000         1    3.00000000000000e+003       430 Starting_Location                                 
       430     21501    3.00000000000000e+003    1.37090047613750e+006    1.19322303644289e+005    6.83970916970549e+002    1.00000000000000e+000   -0.00000000000000e+000   -0.00000000000000e+000   -0.00000000000000e+000         1    3.00000000000000e+003       430 Internal sink/source: {UZF-GWRCH}                 
       431       431    3.00000000000000e+003    1.37440165920821e+006    1.19143726963375e+005    6.75076451750975e+002    1.00000000000000e+000    0.00000000000000e+000    0.00000000000000e+000    0.00000000000000e+000         1    3.00000000000000e+003       431 Starting_Location                                 
       431     21264    3.00000000000000e+003    1.37440165920821e+006    1.19143726963375e+005    6.84422945340155e+002    1.00000000000000e+000   -0.00000000000000e+000   -0.00000000000000e+000   -0.00000000000000e+000         1    3.00000000000000e+003       431 Internal sink/source: {UZF-GWRCH}                 
       432       432    3.00000000000000e+003    1.37155268982075e+006    1.19364035542840e+005    6.71854121690516e+002    1.00000000000000e+000    0.00000000000000e+000    0.00000000000000e+000    0.00000000000000e+000         1    3.00000000000000e+003       432 Starting_Location                                 
       432     21278    3.00000000000000e+003    1.37155268982075e+006    1.19364035542840e+005    6.78490820395375e+002    1.00000000000000e+000   -0.00000000000000e+000   -0.00000000000000e+000   -0.00000000000000e+000         1    3.00000000000000e+003       432 Internal sink/source: {UZF-GWRCH}                 
       433       433    3.00000000000000e+003    1.37392530435115e+006    1.18857450832241e+005    6.70302746858444e+002    1.00000000000000e+000    0.00000000000000e+000    0.00000000000000e+000    0.00000000000000e+000         1    3.00000000000000e+003       433 Starting_Location                                 
       433     21309    3.00000000000000e+003    1.37392530435115e+006    1.18857450832241e+005    6.83223859019637e+002    1.00000000000000e+000   -0.00000000000000e+000   -0.00000000000000e+000   -0.00000000000000e+000         1    3.00000000000000e+003       433 Internal sink/source: {UZF-GWRCH}                 
       434       434    3.00000000000000e+003    1.37403269086402e+006    1.19020676307271e+005    6.68360029371800e+002    1.00000000000000e+000    0.00000000000000e+000    0.00000000000000e+000    0.00000000000000e+000         1    3.00000000000000e+003       434 Starting_Location                                 
       434     21310    3.00000000000000e+003    1.37403269086402e+006    1.19020676307271e+005    6.82862579331262e+002    1.00000000000000e+000   -0.00000000000000e+000   -0.00000000000000e+000   -0.00000000000000e+000         1    3.00000000000000e+003       434 Internal sink/source: {UZF-GWRCH}                 
       435       435    3.00000000000000e+003    1.37421799159929e+006    1.19101931480829e+005    6.66107841241918e+002    1.00000000000000e+000    0.00000000000000e+000    0.00000000000000e+000    0.00000000000000e+000         1    3.00000000000000e+003       435 Starting_Location                                 
       435     24426    3.00000000000000e+003    1.37421799159929e+006    1.19101931480829e+005    6.83602298568490e+002    1.00000000000000e+000   -0.00000000000000e+000   -0.00000000000000e+000   -0.00000000000000e+000         1    3.00000000000000e+003       435 Internal sink/source: {UZF-GWRCH}                 
       436       436    3.00000000000000e+003    1.37142383682351e+006    1.18660843196516e+005    6.64812349571968e+002    1.00000000000000e+000    0.00000000000000e+000    0.00000000000000e+000    0.00000000000000e+000         1    3.00000000000000e+003       436 Starting_Location                                 
       436     24463    3.00000000000000e+003    1.37142383682351e+006    1.18660843196516e+005    6.82671854156781e+002    1.00000000000000e+000   -0.00000000000000e+000   -0.00000000000000e+000   -0.00000000000000e+000         1    3.00000000000000e+003       436 Internal sink/source: {UZF-GWRCH}                 
       437       437    3.00000000000000e+003    1.37147552303582e+006    1.18300542945109e+005    6.63169306574508e+002    1.00000000000000e+000    0.00000000000000e+000    0.00000000000000e+000    0.00000000000000e+000         1    3.00000000000000e+003       437 Starting_Location                                 
       437     25065    3.00000000000000e+003    1.37147552303582e+006    1.18300542945109e+005    6.87465486239957e+002    1.00000000000000e+000   -0.00000000000000e+000   -0.00000000000000e+000   -0.00000000000000e+000         1    3.00000000000000e+003       437 Internal sink/source: {UZF-GWRCH}                 
       438       438    3.00000000000000e+003    1.36940892962198e+006    1.18066808002679e+005    6.60948406814719e+002    1.00000000000000e+000    0.00000000000000e+000    0.00000000000000e+000    0.00000000000000e+000         1    3.00000000000000e+003       438 Starting_Location                                 
       438     27402    3.00000000000000e+003    1.36940892962198e+006    1.18066808002679e+005    7.02790015933940e+002    1.00000000000000e+000   -0.00000000000000e+000   -0.00000000000000e+000   -0.00000000000000e+000         1    3.00000000000000e+003       438 Internal sink/source: {UZF-GWRCH}                 
       439       439    3.00000000000000e+003    1.37631477997573e+006    1.17220155762286e+005    6.60392608411223e+002    1.00000000000000e+000    0.00000000000000e+000    0.00000000000000e+000    0.00000000000000e+000         1    3.00000000000000e+003       439 Starting_Location                                 
       439     24086    3.00000000000000e+003    1.37631477997573e+006    1.17220155762286e+005    7.42753771999084e+002    1.00000000000000e+000   -0.00000000000000e+000   -0.00000000000000e+000   -0.00000000000000e+000         1    3.00000000000000e+003       439 Internal sink/source: {UZF-GWRCH}                 
       440       440    3.00000000000000e+003    1.37416200420634e+006    1.19037475281805e+005    6.60070579774718e+002    1.00000000000000e+000    0.00000000000000e+000    0.00000000000000e+000    0.00000000000000e+000         1    3.00000000000000e+003       440 Starting_Location                                 
       440     24104    3.00000000000000e+003    1.37416200420634e+006    1.19037475281805e+005    6.83677967063715e+002    1.00000000000000e+000   -0.00000000000000e+000   -0.00000000000000e+000   -0.00000000000000e+000         1    3.00000000000000e+003       440 Internal sink/source: {UZF-GWRCH}                 
       441       441    3.00000000000000e+003    1.37147062775666e+006    1.18970593660188e+005    6.59640011976934e+002    1.00000000000000e+000    0.00000000000000e+000    0.00000000000000e+000    0.00000000000000e+000         1    3.00000000000000e+003       441 Starting_Location                                 
       441     24138    3.00000000000000e+003    1.37147062775666e+006    1.18970593660188e+005    6.79642814865730e+002    1.00000000000000e+000   -0.00000000000000e+000   -0.00000000000000e+000   -0.00000000000000e+000         1    3.00000000000000e+003       441 Internal sink/source: {UZF-GWRCH}                 
       442       442    3.00000000000000e+003    1.37143730202289e+006    1.18848041702885e+005    6.58947008370968e+002    1.00000000000000e+000    0.00000000000000e+000    0.00000000000000e+000    0.00000000000000e+000         1    3.00000000000000e+003       442 Starting_Location                                 
       442     24139    3.00000000000000e+003    1.37143730202289e+006    1.18848041702885e+005    6.80703563677120e+002    1.00000000000000e+000   -0.00000000000000e+000   -0.00000000000000e+000   -0.00000000000000e+000         1    3.00000000000000e+003       442 Internal sink/source: {UZF-GWRCH}                 
       443       443    3.00000000000000e+003    1.36418120867046e+006    1.18657646722244e+005    6.58413944074346e+002    1.00000000000000e+000    0.00000000000000e+000    0.00000000000000e+000    0.00000000000000e+000         1    3.00000000000000e+003       443 Starting_Location                                 
       443     28105    3.00000000000000e+003    1.36418120867046e+006    1.18657646722244e+005    6.27530463281117e+002    1.00000000000000e+000   -0.00000000000000e+000   -0.00000000000000e+000   -0.00000000000000e+000         1    3.00000000000000e+003       443 Internal sink/source: {UZF-GWRCH}                 
       444       444    3.00000000000000e+003    1.37137521037438e+006    1.19442900713733e+005    6.57160350172023e+002    1.00000000000000e+000    0.00000000000000e+000    0.00000000000000e+000    0.00000000000000e+000         1    3.00000000000000e+003       444 Starting_Location                                 
       444     28523    3.00000000000000e+003    1.37137521037438e+006    1.19442900713733e+005    6.80537415730069e+002    1.00000000000000e+000   -0.00000000000000e+000   -0.00000000000000e+000   -0.00000000000000e+000         1    3.00000000000000e+003       444 Internal sink/source: {UZF-GWRCH}                 
       445       445    3.00000000000000e+003    1.37360780320254e+006    1.17936080321341e+005    6.56221969147669e+002    1.00000000000000e+000    0.00000000000000e+000    0.00000000000000e+000    0.00000000000000e+000         1    3.00000000000000e+003       445 Starting_Location                                 
       445     28556    3.00000000000000e+003    1.37360780320254e+006    1.17936080321341e+005    6.94072943020711e+002    1.00000000000000e+000   -0.00000000000000e+000   -0.00000000000000e+000   -0.00000000000000e+000         1    3.00000000000000e+003       445 Internal sink/source: {UZF-GWRCH}                 
       446       446    3.00000000000000e+003    1.37060498276162e+006    1.18482914542997e+005    6.54981771037483e+002    1.00000000000000e+000    0.00000000000000e+000    0.00000000000000e+000    0.00000000000000e+000         1    3.00000000000000e+003       446 Starting_Location                                 
       446     29930    3.00000000000000e+003    1.37060498276162e+006    1.18482914542997e+005    6.90802337234396e+002    1.00000000000000e+000   -0.00000000000000e+000   -0.00000000000000e+000   -0.00000000000000e+000         1    3.00000000000000e+003       446 Internal sink/source: {UZF-GWRCH}                 
       447       447    3.00000000000000e+003    1.37217586485945e+006    1.17641484468871e+005    6.54779051860468e+002    1.00000000000000e+000    0.00000000000000e+000    0.00000000000000e+000    0.00000000000000e+000         1    3.00000000000000e+003       447 Starting_Location                                 
       447     27428    3.00000000000000e+003    1.37217586485945e+006    1.17641484468871e+005    6.92350573603268e+002    1.00000000000000e+000   -0.00000000000000e+000   -0.00000000000000e+000   -0.00000000000000e+000         1    3.00000000000000e+003       447 Internal sink/source: {UZF-GWRCH}                 
       448       448    3.00000000000000e+003    1.37383807994913e+006    1.18856394724403e+005    6.54816523395257e+002    1.00000000000000e+000    0.00000000000000e+000    0.00000000000000e+000    0.00000000000000e+000         1    3.00000000000000e+003       448 Starting_Location                                 
       448     27709    3.00000000000000e+003    1.37383807994913e+006    1.18856394724403e+005    6.82500425507458e+002    1.00000000000000e+000   -0.00000000000000e+000   -0.00000000000000e+000   -0.00000000000000e+000         1    3.00000000000000e+003       448 Internal sink/source: {UZF-GWRCH}                 
       449       449    3.00000000000000e+003    1.37396556459044e+006    1.18953193411442e+005    6.54318340500051e+002    1.00000000000000e+000    0.00000000000000e+000    0.00000000000000e+000    0.00000000000000e+000         1    3.00000000000000e+003       449 Starting_Location                                 
       449     27713    3.00000000000000e+003    1.37396556459044e+006    1.18953193411442e+005    6.82872404239387e+002    1.00000000000000e+000   -0.00000000000000e+000   -0.00000000000000e+000   -0.00000000000000e+000         1    3.00000000000000e+003       449 Internal sink/source: {UZF-GWRCH}                 
       450       450    3.00000000000000e+003    1.36871605342808e+006    1.17643705673700e+005    6.53864176502110e+002    1.00000000000000e+000    0.00000000000000e+000    0.00000000000000e+000    0.00000000000000e+000         1    3.00000000000000e+003       450 Starting_Location                                 
       450     27953    3.00000000000000e+003    1.36871605342808e+006    1.17643705673700e+005    6.85993449925611e+002    1.00000000000000e+000   -0.00000000000000e+000   -0.00000000000000e+000   -0.00000000000000e+000         1    3.00000000000000e+003       450 Internal sink/source: {UZF-GWRCH}                 
       451       451    3.00000000000000e+003    1.37352233536562e+006    1.17894589508813e+005    6.52949003484964e+002    1.00000000000000e+000    0.00000000000000e+000    0.00000000000000e+000    0.00000000000000e+000         1    3.00000000000000e+003       451 Starting_Location                                 
       451     32463    3.00000000000000e+003    1.37352233536562e+006    1.17894589508813e+005    6.94120354931317e+002    1.00000000000000e+000   -0.00000000000000e+000   -0.00000000000000e+000   -0.00000000000000e+000         1    3.00000000000000e+003       451 Internal sink/source: {UZF-GWRCH}                 
       452       452    3.00000000000000e+003    1.37610771271712e+006    1.16619830874929e+005    6.52625152820602e+002    1.00000000000000e+000    0.00000000000000e+000    0.00000000000000e+000    0.00000000000000e+000         1    3.00000000000000e+003       452 Starting_Location                                 
       452     32296    3.00000000000000e+003    1.37610771271712e+006    1.16619830874929e+005    7.68460406810374e+002    1.00000000000000e+000   -0.00000000000000e+000   -0.00000000000000e+000   -0.00000000000000e+000         1    3.00000000000000e+003       452 Internal sink/source: {UZF-GWRCH}                 
       453       453    3.00000000000000e+003    1.37620519610844e+006    1.16764415601823e+005    6.51972759962407e+002    1.00000000000000e+000    0.00000000000000e+000    0.00000000000000e+000    0.00000000000000e+000         1    3.00000000000000e+003       453 Starting_Location                                 
       453     32456    3.00000000000000e+003    1.37620519610844e+006    1.16764415601823e+005    7.61907797540574e+002    1.00000000000000e+000   -0.00000000000000e+000   -0.00000000000000e+000   -0.00000000000000e+000         1    3.00000000000000e+003       453 Internal sink/source: {UZF-GWRCH}                 
       454       454    3.00000000000000e+003    1.37620543369938e+006    1.16875999889882e+005    6.51839060878512e+002    1.00000000000000e+000    0.00000000000000e+000    0.00000000000000e+000    0.00000000000000e+000         1    3.00000000000000e+003       454 Starting_Location                                 
       454     32457    3.00000000000000e+003    1.37620543369938e+006    1.16875999889882e+005    7.56955996249463e+002    1.00000000000000e+000   -0.00000000000000e+000   -0.00000000000000e+000   -0.00000000000000e+000         1    3.00000000000000e+003       454 Internal sink/source: {UZF-GWRCH}                 
       455       455    3.00000000000000e+003    1.37611469832491e+006    1.16746279876426e+005    6.51880619614685e+002    1.00000000000000e+000    0.00000000000000e+000    0.00000000000000e+000    0.00000000000000e+000         1    3.00000000000000e+003       455 Starting_Location                                 
       455     32458    3.00000000000000e+003    1.37611469832491e+006    1.16746279876426e+005    7.62554984159265e+002    1.00000000000000e+000   -0.00000000000000e+000   -0.00000000000000e+000   -0.00000000000000e+000         1    3.00000000000000e+003       455 Internal sink/source: {UZF-GWRCH}                 
       456       456    3.00000000000000e+003    1.37317436326288e+006    1.16753589200848e+005    6.52010243412443e+002    1.00000000000000e+000    0.00000000000000e+000    0.00000000000000e+000    0.00000000000000e+000         1    3.00000000000000e+003       456 Starting_Location                                 
       456     15333    3.00000000000000e+003    1.37317436326288e+006    1.16753589200848e+005    7.64857623262369e+002    1.00000000000000e+000   -0.00000000000000e+000   -0.00000000000000e+000   -0.00000000000000e+000         1    3.00000000000000e+003       456 Internal sink/source: {UZF-GWRCH}                 
       457       457    3.00000000000000e+003    1.37247898561199e+006    1.17386925596097e+005    6.52277045512198e+002    1.00000000000000e+000    0.00000000000000e+000    0.00000000000000e+000    0.00000000000000e+000         1    3.00000000000000e+003       457 Starting_Location                                 
       457     15352    3.00000000000000e+003    1.37247898561199e+006    1.17386925596097e+005    7.06800287053186e+002    1.00000000000000e+000   -0.00000000000000e+000   -0.00000000000000e+000   -0.00000000000000e+000         1    3.00000000000000e+003       457 Internal sink/source: {UZF-GWRCH}                 
       458       458    3.00000000000000e+003    1.36561996426512e+006    1.16824907933795e+005    6.55447935341079e+002    1.00000000000000e+000    0.00000000000000e+000    0.00000000000000e+000    0.00000000000000e+000         1    3.00000000000000e+003       458 Starting_Location                                 
       458     15364    3.00000000000000e+003    1.36561996426512e+006    1.16824907933795e+005    6.68769895719101e+002    1.00000000000000e+000   -0.00000000000000e+000   -0.00000000000000e+000   -0.00000000000000e+000         1    3.00000000000000e+003       458 Internal sink/source: {UZF-GWRCH}                 
       459       459    3.00000000000000e+003    1.36572132937949e+006    1.15859906993467e+005    6.56956806813337e+002    1.00000000000000e+000    0.00000000000000e+000    0.00000000000000e+000    0.00000000000000e+000         1    3.00000000000000e+003       459 Starting_Location                                 
       459     15366    3.00000000000000e+003    1.36572132937949e+006    1.15859906993467e+005    6.79354100192755e+002    1.00000000000000e+000   -0.00000000000000e+000   -0.00000000000000e+000   -0.00000000000000e+000         1    3.00000000000000e+003       459 Internal sink/source: {UZF-GWRCH}                 
       460       460    3.00000000000000e+003    1.36507421638266e+006    1.13550193786724e+005    6.57893233131570e+002    1.00000000000000e+000    0.00000000000000e+000    0.00000000000000e+000    0.00000000000000e+000         1    3.00000000000000e+003       460 Starting_Location                                 
       460     15310    3.00000000000000e+003    1.36507421638266e+006    1.13550193786724e+005    6.39944016728387e+002    1.00000000000000e+000   -0.00000000000000e+000   -0.00000000000000e+000   -0.00000000000000e+000         1    3.00000000000000e+003       460 Internal sink/source: {UZF-GWRCH}                 
       461       461    3.00000000000000e+003    1.36526892830072e+006    1.13600580962922e+005    6.58743871769470e+002    1.00000000000000e+000    0.00000000000000e+000    0.00000000000000e+000    0.00000000000000e+000         1    3.00000000000000e+003       461 Starting_Location                                 
       461     15312    3.00000000000000e+003    1.36526892830072e+006    1.13600580962922e+005    6.60212045684686e+002    1.00000000000000e+000   -0.00000000000000e+000   -0.00000000000000e+000   -0.00000000000000e+000         1    3.00000000000000e+003       461 Internal sink/source: {UZF-GWRCH}                 
       462       462    3.00000000000000e+003    1.36769877273547e+006    1.17232407148121e+005    6.59372225285149e+002    1.00000000000000e+000    0.00000000000000e+000    0.00000000000000e+000    0.00000000000000e+000         1    3.00000000000000e+003       462 Starting_Location                                 
       462     15316    3.00000000000000e+003    1.36769877273547e+006    1.17232407148121e+005    7.09151779305290e+002    1.00000000000000e+000   -0.00000000000000e+000   -0.00000000000000e+000   -0.00000000000000e+000         1    3.00000000000000e+003       462 Internal sink/source: {UZF-GWRCH}                 
       463       463    3.00000000000000e+003    1.36743872127183e+006    1.17259015291873e+005    6.59754322653134e+002    1.00000000000000e+000    0.00000000000000e+000    0.00000000000000e+000    0.00000000000000e+000         1    3.00000000000000e+003       463 Starting_Location                                 
       463     15317    3.00000000000000e+003    1.36743872127183e+006    1.17259015291873e+005    7.13354840318891e+002    1.00000000000000e+000   -0.00000000000000e+000   -0.00000000000000e+000   -0.00000000000000e+000         1    3.00000000000000e+003       463 Internal sink/source: {UZF-GWRCH}                 
       464       464    3.00000000000000e+003    1.36588740436039e+006    1.14913480414821e+005    6.60032578909577e+002    1.00000000000000e+000    0.00000000000000e+000    0.00000000000000e+000    0.00000000000000e+000         1    3.00000000000000e+003       464 Starting_Location                                 
       464     15453    3.00000000000000e+003    1.36588740436039e+006    1.14913480414821e+005    7.05111582856122e+002    1.00000000000000e+000   -0.00000000000000e+000   -0.00000000000000e+000   -0.00000000000000e+000         1    3.00000000000000e+003       464 Internal sink/source: {UZF-GWRCH}                 
       465       465    3.00000000000000e+003    1.36593490688432e+006    1.14624674534417e+005    6.60128312334473e+002    1.00000000000000e+000    0.00000000000000e+000    0.00000000000000e+000    0.00000000000000e+000         1    3.00000000000000e+003       465 Starting_Location                                 
       465     15454    3.00000000000000e+003    1.36593490688432e+006    1.14624674534417e+005    7.04327974124722e+002    1.00000000000000e+000   -0.00000000000000e+000   -0.00000000000000e+000   -0.00000000000000e+000         1    3.00000000000000e+003       465 Internal sink/source: {UZF-GWRCH}                 
       466       466    3.00000000000000e+003    1.36569529710604e+006    1.16086097899750e+005    6.60209344322472e+002    1.00000000000000e+000    0.00000000000000e+000    0.00000000000000e+000    0.00000000000000e+000         1    3.00000000000000e+003       466 Starting_Location                                 
       466     15455    3.00000000000000e+003    1.36569529710604e+006    1.16086097899750e+005    6.78614960091429e+002    1.00000000000000e+000   -0.00000000000000e+000   -0.00000000000000e+000   -0.00000000000000e+000         1    3.00000000000000e+003       466 Internal sink/source: {UZF-GWRCH}                 
       467       467    3.00000000000000e+003    1.36585131024232e+006    1.15306182370414e+005    6.60357303469814e+002    1.00000000000000e+000    0.00000000000000e+000    0.00000000000000e+000    0.00000000000000e+000         1    3.00000000000000e+003       467 Starting_Location                                 
       467     15457    3.00000000000000e+003    1.36585131024232e+006    1.15306182370414e+005    7.05900689374792e+002    1.00000000000000e+000   -0.00000000000000e+000   -0.00000000000000e+000   -0.00000000000000e+000         1    3.00000000000000e+003       467 Internal sink/source: {UZF-GWRCH}                 
       468       468    3.00000000000000e+003    1.37274676127980e+006    1.17068236355437e+005    6.61000758577076e+002    1.00000000000000e+000    0.00000000000000e+000    0.00000000000000e+000    0.00000000000000e+000         1    3.00000000000000e+003       468 Starting_Location                                 
       468     15378    3.00000000000000e+003    1.37274676127980e+006    1.17068236355437e+005    7.56683207749448e+002    1.00000000000000e+000   -0.00000000000000e+000   -0.00000000000000e+000   -0.00000000000000e+000         1    3.00000000000000e+003       468 Internal sink/source: {UZF-GWRCH}                 
       469       469    3.00000000000000e+003    1.36474017857301e+006    1.18257586092195e+005    6.61330800223971e+002    1.00000000000000e+000    0.00000000000000e+000    0.00000000000000e+000    0.00000000000000e+000         1    3.00000000000000e+003       469 Starting_Location                                 
       469     15443    3.00000000000000e+003    1.36474017857301e+006    1.18257586092195e+005    6.40259897256361e+002    1.00000000000000e+000   -0.00000000000000e+000   -0.00000000000000e+000   -0.00000000000000e+000         1    3.00000000000000e+003       469 Internal sink/source: {UZF-GWRCH}                 
       470       470    3.00000000000000e+003    1.36448492653586e+006    1.18318581677001e+005    6.61430912462541e+002    1.00000000000000e+000    0.00000000000000e+000    0.00000000000000e+000    0.00000000000000e+000         1    3.00000000000000e+003       470 Starting_Location                                 
       470     15444    3.00000000000000e+003    1.36448492653586e+006    1.18318581677001e+005    6.25459162150887e+002    1.00000000000000e+000   -0.00000000000000e+000   -0.00000000000000e+000   -0.00000000000000e+000         1    3.00000000000000e+003       470 Internal sink/source: {UZF-GWRCH}                 
       471       471    3.00000000000000e+003    1.36509235199651e+006    1.17780593152491e+005    6.61274641466754e+002    1.00000000000000e+000    0.00000000000000e+000    0.00000000000000e+000    0.00000000000000e+000         1    3.00000000000000e+003       471 Starting_Location                                 
       471     15451    3.00000000000000e+003    1.36509235199651e+006    1.17780593152491e+005    6.56962054365994e+002    1.00000000000000e+000   -0.00000000000000e+000   -0.00000000000000e+000   -0.00000000000000e+000         1    3.00000000000000e+003       471 Internal sink/source: {UZF-GWRCH}                 
       472       472    3.00000000000000e+003    1.37366697327033e+006    1.18607128919498e+005    6.62440294146033e+002    1.00000000000000e+000    0.00000000000000e+000    0.00000000000000e+000    0.00000000000000e+000         1    3.00000000000000e+003       472 Starting_Location                                 
       472     15526    3.00000000000000e+003    1.37366697327033e+006    1.18607128919498e+005    6.82854484593849e+002    1.00000000000000e+000   -0.00000000000000e+000   -0.00000000000000e+000   -0.00000000000000e+000         1    3.00000000000000e+003       472 Internal sink/source: {UZF-GWRCH}                 
       473       473    3.00000000000000e+003    1.36571874861200e+006    1.16000481833681e+005    6.63107120906346e+002    1.00000000000000e+000    0.00000000000000e+000    0.00000000000000e+000    0.00000000000000e+000         1    3.00000000000000e+003       473 Starting_Location                                 
       473     15594    3.00000000000000e+003    1.36571874861200e+006    1.16000481833681e+005    6.83460408453210e+002    1.00000000000000e+000   -0.00000000000000e+000   -0.00000000000000e+000   -0.00000000000000e+000         1    3.00000000000000e+003       473 Internal sink/source: {UZF-GWRCH}                 
       474       474    3.00000000000000e+003    1.36783866196254e+006    1.17261722626313e+005    6.63599935589078e+002    1.00000000000000e+000    0.00000000000000e+000    0.00000000000000e+000    0.00000000000000e+000         1    3.00000000000000e+003       474 Starting_Location                                 
       474     15597    3.00000000000000e+003    1.36783866196254e+006    1.17261722626313e+005    7.05222016352704e+002    1.00000000000000e+000   -0.00000000000000e+000   -0.00000000000000e+000   -0.00000000000000e+000         1    3.00000000000000e+003       474 Internal sink/source: {UZF-GWRCH}                 
       475       475    3.00000000000000e+003    1.36789020819487e+006    1.17279579010527e+005    6.64325444875707e+002    1.00000000000000e+000    0.00000000000000e+000    0.00000000000000e+000    0.00000000000000e+000         1    3.00000000000000e+003       475 Starting_Location                                 
       475     15598    3.00000000000000e+003    1.36789020819487e+006    1.17279579010527e+005    7.03329219158523e+002    1.00000000000000e+000   -0.00000000000000e+000   -0.00000000000000e+000   -0.00000000000000e+000         1    3.00000000000000e+003       475 Internal sink/source: {UZF-GWRCH}                 
       476       476    3.00000000000000e+003    1.36614109609675e+006    1.17724764409776e+005    6.64881575942300e+002    1.00000000000000e+000    0.00000000000000e+000    0.00000000000000e+000    0.00000000000000e+000         1    3.00000000000000e+003       476 Starting_Location                                 
       476     15458    3.00000000000000e+003    1.36614109609675e+006    1.17724764409776e+005    7.07072539772055e+002    1.00000000000000e+000   -0.00000000000000e+000   -0.00000000000000e+000   -0.00000000000000e+000         1    3.00000000000000e+003       476 Internal sink/source: {UZF-GWRCH}                 
       477       477    3.00000000000000e+003    1.36699097534407e+006    1.17467287167943e+005    6.65358043832989e+002    1.00000000000000e+000    0.00000000000000e+000    0.00000000000000e+000    0.00000000000000e+000         1    3.00000000000000e+003       477 Starting_Location                                 
       477     15459    3.00000000000000e+003    1.36699097534407e+006    1.17467287167943e+005    7.15027578999780e+002    1.00000000000000e+000   -0.00000000000000e+000   -0.00000000000000e+000   -0.00000000000000e+000         1    3.00000000000000e+003       477 Internal sink/source: {UZF-GWRCH}                 
       478       478    3.00000000000000e+003    1.37284291082249e+006    1.16983902726674e+005    6.65748851799043e+002    1.00000000000000e+000    0.00000000000000e+000    0.00000000000000e+000    0.00000000000000e+000         1    3.00000000000000e+003       478 Starting_Location                                 
       478     15514    3.00000000000000e+003    1.37284291082249e+006    1.16983902726674e+005    7.59297606789240e+002    1.00000000000000e+000   -0.00000000000000e+000   -0.00000000000000e+000   -0.00000000000000e+000         1    3.00000000000000e+003       478 Internal sink/source: {UZF-GWRCH}                 
       479       479    3.00000000000000e+003    1.37260729717103e+006    1.17239296646637e+005    6.66025759070148e+002    1.00000000000000e+000    0.00000000000000e+000    0.00000000000000e+000    0.00000000000000e+000         1    3.00000000000000e+003       479 Starting_Location                                 
       479     15515    3.00000000000000e+003    1.37260729717103e+006    1.17239296646637e+005    7.50783680057351e+002    1.00000000000000e+000   -0.00000000000000e+000   -0.00000000000000e+000   -0.00000000000000e+000         1    3.00000000000000e+003       479 Internal sink/source: {UZF-GWRCH}                 
       480       480    3.00000000000000e+003    1.37246303034046e+006    1.17331120821916e+005    6.66112516443473e+002    1.00000000000000e+000    0.00000000000000e+000    0.00000000000000e+000    0.00000000000000e+000         1    3.00000000000000e+003       480 Starting_Location                                 
       480     15801    3.00000000000000e+003    1.37246303034046e+006    1.17331120821916e+005    7.10606565519794e+002    1.00000000000000e+000   -0.00000000000000e+000   -0.00000000000000e+000   -0.00000000000000e+000         1    3.00000000000000e+003       480 Internal sink/source: {UZF-GWRCH}                 
       481       481    3.00000000000000e+003    1.37243671146544e+006    1.17390288050779e+005    6.65890392005333e+002    1.00000000000000e+000    0.00000000000000e+000    0.00000000000000e+000    0.00000000000000e+000         1    3.00000000000000e+003       481 Starting_Location                                 
       481     15802    3.00000000000000e+003    1.37243671146544e+006    1.17390288050779e+005    7.00182312580953e+002    1.00000000000000e+000   -0.00000000000000e+000   -0.00000000000000e+000   -0.00000000000000e+000         1    3.00000000000000e+003       481 Internal sink/source: {UZF-GWRCH}                 
       482       482    3.00000000000000e+003    1.36537387870941e+006    1.17279938826427e+005    6.65453184530995e+002    1.00000000000000e+000    0.00000000000000e+000    0.00000000000000e+000    0.00000000000000e+000         1    3.00000000000000e+003       482 Starting_Location                                 
       482     15806    3.00000000000000e+003    1.36537387870941e+006    1.17279938826427e+005    6.62038538610362e+002    1.00000000000000e+000   -0.00000000000000e+000   -0.00000000000000e+000   -0.00000000000000e+000         1    3.00000000000000e+003       482 Internal sink/source: {UZF-GWRCH}                 
       483       483    3.00000000000000e+003    1.36712563946279e+006    1.17456284048083e+005    6.64889373501573e+002    1.00000000000000e+000    0.00000000000000e+000    0.00000000000000e+000    0.00000000000000e+000         1    3.00000000000000e+003       483 Starting_Location                                 
       483     15809    3.00000000000000e+003    1.36712563946279e+006    1.17456284048083e+005    7.14928869997485e+002    1.00000000000000e+000   -0.00000000000000e+000   -0.00000000000000e+000   -0.00000000000000e+000         1    3.00000000000000e+003       483 Internal sink/source: {UZF-GWRCH}                 
       484       484    3.00000000000000e+003    1.36835645578866e+006    1.17476020113566e+005    6.63687807768008e+002    1.00000000000000e+000    0.00000000000000e+000    0.00000000000000e+000    0.00000000000000e+000         1    3.00000000000000e+003       484 Starting_Location                                 
       484     15600    3.00000000000000e+003    1.36835645578866e+006    1.17476020113566e+005    6.67262459233253e+002    1.00000000000000e+000   -0.00000000000000e+000   -0.00000000000000e+000   -0.00000000000000e+000         1    3.00000000000000e+003       484 Internal sink/source: {UZF-GWRCH}                 
       485       485    3.00000000000000e+003    1.37236343958522e+006    1.17506618071750e+005    6.62898834472260e+002    1.00000000000000e+000    0.00000000000000e+000    0.00000000000000e+000    0.00000000000000e+000         1    3.00000000000000e+003       485 Starting_Location                                 
       485     15622    3.00000000000000e+003    1.37236343958522e+006    1.17506618071750e+005    6.92794500330592e+002    1.00000000000000e+000   -0.00000000000000e+000   -0.00000000000000e+000   -0.00000000000000e+000         1    3.00000000000000e+003       485 Internal sink/source: {UZF-GWRCH}                 
       486       486    3.00000000000000e+003    1.36511370731674e+006    1.13528762477875e+005    6.61774542545822e+002    1.00000000000000e+000    0.00000000000000e+000    0.00000000000000e+000    0.00000000000000e+000         1    3.00000000000000e+003       486 Starting_Location                                 
       486     15780    3.00000000000000e+003    1.36511370731674e+006    1.13528762477875e+005    6.47841752309116e+002    1.00000000000000e+000   -0.00000000000000e+000   -0.00000000000000e+000   -0.00000000000000e+000         1    3.00000000000000e+003       486 Internal sink/source: {UZF-GWRCH}                 
       487       487    3.00000000000000e+003    1.36505305151492e+006    1.13500669567185e+005    6.60683938507940e+002    1.00000000000000e+000    0.00000000000000e+000    0.00000000000000e+000    0.00000000000000e+000         1    3.00000000000000e+003       487 Starting_Location                                 
       487     15781    3.00000000000000e+003    1.36505305151492e+006    1.13500669567185e+005    6.41080633067415e+002    1.00000000000000e+000   -0.00000000000000e+000   -0.00000000000000e+000   -0.00000000000000e+000         1    3.00000000000000e+003       487 Internal sink/source: {UZF-GWRCH}                 
       488       488    3.00000000000000e+003    1.37342856122983e+006    1.16805857056700e+005    6.59465372542374e+002    1.00000000000000e+000    0.00000000000000e+000    0.00000000000000e+000    0.00000000000000e+000         1    3.00000000000000e+003       488 Starting_Location                                 
       488     11444    3.00000000000000e+003    1.37342856122983e+006    1.16805857056700e+005    7.63645848480542e+002    1.00000000000000e+000   -0.00000000000000e+000   -0.00000000000000e+000   -0.00000000000000e+000         1    3.00000000000000e+003       488 Internal sink/source: {UZF-GWRCH}                 
       489       489    3.00000000000000e+003    1.36499359471241e+006    1.13521384472622e+005    6.58300855682428e+002    1.00000000000000e+000    0.00000000000000e+000    0.00000000000000e+000    0.00000000000000e+000         1    3.00000000000000e+003       489 Starting_Location                                 
       489     11808    3.00000000000000e+003    1.36499359471241e+006    1.13521384472622e+005    6.33965087039791e+002    1.00000000000000e+000   -0.00000000000000e+000   -0.00000000000000e+000   -0.00000000000000e+000         1    3.00000000000000e+003       489 Internal sink/source: {UZF-GWRCH}                 
       490       490    3.00000000000000e+003    1.36642072591874e+006    1.17527380453854e+005    6.56627196987171e+002    1.00000000000000e+000    0.00000000000000e+000    0.00000000000000e+000    0.00000000000000e+000         1    3.00000000000000e+003       490 Starting_Location                                 
       490     11825    3.00000000000000e+003    1.36642072591874e+006    1.17527380453854e+005    7.12018370960474e+002    1.00000000000000e+000   -0.00000000000000e+000   -0.00000000000000e+000   -0.00000000000000e+000         1    3.00000000000000e+003       490 Internal sink/source: {UZF-GWRCH}                 
       491       491    3.00000000000000e+003    1.36561517647213e+006    1.16700860470008e+005    6.55028608042058e+002    1.00000000000000e+000    0.00000000000000e+000    0.00000000000000e+000    0.00000000000000e+000         1    3.00000000000000e+003       491 Starting_Location                                 
       491     11827    3.00000000000000e+003    1.36561517647213e+006    1.16700860470008e+005    6.64707178567167e+002    1.00000000000000e+000   -0.00000000000000e+000   -0.00000000000000e+000   -0.00000000000000e+000         1    3.00000000000000e+003       491 Internal sink/source: {UZF-GWRCH}                 
       492       492    3.00000000000000e+003    1.37287151971793e+006    1.16944652986233e+005    6.51963317870000e+002    1.00000000000000e+000    0.00000000000000e+000    0.00000000000000e+000    0.00000000000000e+000         1    3.00000000000000e+003       492 Starting_Location                                 
       492     10964    3.00000000000000e+003    1.37287151971793e+006    1.16944652986233e+005    7.60119347088664e+002    1.00000000000000e+000   -0.00000000000000e+000   -0.00000000000000e+000   -0.00000000000000e+000         1    3.00000000000000e+003       492 Internal sink/source: {UZF-GWRCH}                 
       493       493    3.00000000000000e+003    1.37264615397165e+006    1.17216982973658e+005    6.53701718856678e+002    1.00000000000000e+000    0.00000000000000e+000    0.00000000000000e+000    0.00000000000000e+000         1    3.00000000000000e+003       493 Starting_Location                                 
       493     10971    3.00000000000000e+003    1.37264615397165e+006    1.17216982973658e+005    7.52279891013415e+002    1.00000000000000e+000   -0.00000000000000e+000   -0.00000000000000e+000   -0.00000000000000e+000         1    3.00000000000000e+003       493 Internal sink/source: {UZF-GWRCH}                 
       494       494    3.00000000000000e+003    1.37366335641527e+006    1.18661049251065e+005    6.53496146091843e+002    1.00000000000000e+000    0.00000000000000e+000    0.00000000000000e+000    0.00000000000000e+000         1    3.00000000000000e+003       494 Starting_Location                                 
       494     11041    3.00000000000000e+003    1.37366335641527e+006    1.18661049251065e+005    6.82429453907040e+002    1.00000000000000e+000   -0.00000000000000e+000   -0.00000000000000e+000   -0.00000000000000e+000         1    3.00000000000000e+003       494 Internal sink/source: {UZF-GWRCH}                 
       495       495    3.00000000000000e+003    1.37359804011637e+006    1.16940708151440e+005    6.52951695374818e+002    1.00000000000000e+000    0.00000000000000e+000    0.00000000000000e+000    0.00000000000000e+000         1    3.00000000000000e+003       495 Starting_Location                                 
       495     11443    3.00000000000000e+003    1.37359804011637e+006    1.16940708151440e+005    7.55309936494891e+002    1.00000000000000e+000   -0.00000000000000e+000   -0.00000000000000e+000   -0.00000000000000e+000         1    3.00000000000000e+003       495 Internal sink/source: {UZF-GWRCH}                 
       496       496    3.00000000000000e+003    1.36659942609445e+006    1.17451828697420e+005    6.52161901179106e+002    1.00000000000000e+000    0.00000000000000e+000    0.00000000000000e+000    0.00000000000000e+000         1    3.00000000000000e+003       496 Starting_Location                                 
       496     11850    3.00000000000000e+003    1.36659942609445e+006    1.17451828697420e+005    7.13769525302388e+002    1.00000000000000e+000   -0.00000000000000e+000   -0.00000000000000e+000   -0.00000000000000e+000         1    3.00000000000000e+003       496 Internal sink/source: {UZF-GWRCH}                 
       497       497    3.00000000000000e+003    1.36667923050685e+006    1.17453098817465e+005    6.51276765038461e+002    1.00000000000000e+000    0.00000000000000e+000    0.00000000000000e+000    0.00000000000000e+000         1    3.00000000000000e+003       497 Starting_Location                                 
       497     11851    3.00000000000000e+003    1.36667923050685e+006    1.17453098817465e+005    7.14296696487243e+002    1.00000000000000e+000   -0.00000000000000e+000   -0.00000000000000e+000   -0.00000000000000e+000         1    3.00000000000000e+003       497 Internal sink/source: {UZF-GWRCH}                 
       498       498    3.00000000000000e+003    1.36562324232068e+006    1.16454746237279e+005    6.50090819592247e+002    1.00000000000000e+000    0.00000000000000e+000    0.00000000000000e+000    0.00000000000000e+000         1    3.00000000000000e+003       498 Starting_Location                                 
       498     11852    3.00000000000000e+003    1.36562324232068e+006    1.16454746237279e+005    6.60598655387163e+002    1.00000000000000e+000   -0.00000000000000e+000   -0.00000000000000e+000   -0.00000000000000e+000         1    3.00000000000000e+003       498 Internal sink/source: {UZF-GWRCH}                 
       499       499    3.00000000000000e+003    1.36760158149391e+006    1.17221238884831e+005    6.49447867762886e+002    1.00000000000000e+000    0.00000000000000e+000    0.00000000000000e+000    0.00000000000000e+000         1    3.00000000000000e+003       499 Starting_Location                                 
       499     11858    3.00000000000000e+003    1.36760158149391e+006    1.17221238884831e+005    7.11101690346181e+002    1.00000000000000e+000   -0.00000000000000e+000   -0.00000000000000e+000   -0.00000000000000e+000         1    3.00000000000000e+003       499 Internal sink/source: {UZF-GWRCH}                 
       500       500    3.00000000000000e+003    1.36506488031053e+006    1.17809118447730e+005    6.48263342768277e+002    1.00000000000000e+000    0.00000000000000e+000    0.00000000000000e+000    0.00000000000000e+000         1    3.00000000000000e+003       500 Starting_Location                                 
       500     11828    3.00000000000000e+003    1.36506488031053e+006    1.17809118447730e+005    6.55886525502077e+002    1.00000000000000e+000   -0.00000000000000e+000   -0.00000000000000e+000   -0.00000000000000e+000         1    3.00000000000000e+003       500 Internal sink/source: {UZF-GWRCH}                 
       501       501    3.00000000000000e+003    1.36569501221730e+006    1.16041077660397e+005    6.47975579718406e+002    1.00000000000000e+000    0.00000000000000e+000    0.00000000000000e+000    0.00000000000000e+000         1    3.00000000000000e+003       501 Starting_Location                                 
       501     11846    3.00000000000000e+003    1.36569501221730e+006    1.16041077660397e+005    6.75086039317726e+002    1.00000000000000e+000   -0.00000000000000e+000   -0.00000000000000e+000   -0.00000000000000e+000         1    3.00000000000000e+003       501 Internal sink/source: {UZF-GWRCH}                 
       502       502    3.00000000000000e+003    1.36564464205083e+006    1.16380850307274e+005    6.47957576232231e+002    1.00000000000000e+000    0.00000000000000e+000    0.00000000000000e+000    0.00000000000000e+000         1    3.00000000000000e+003       502 Starting_Location                                 
       502     11847    3.00000000000000e+003    1.36564464205083e+006    1.16380850307274e+005    6.63816259562596e+002    1.00000000000000e+000   -0.00000000000000e+000   -0.00000000000000e+000   -0.00000000000000e+000         1    3.00000000000000e+003       502 Internal sink/source: {UZF-GWRCH}                 
       503       503    3.00000000000000e+003    1.36564046875459e+006    1.16301227941737e+005    6.47623246677574e+002    1.00000000000000e+000    0.00000000000000e+000    0.00000000000000e+000    0.00000000000000e+000         1    3.00000000000000e+003       503 Starting_Location                                 
       503     11848    3.00000000000000e+003    1.36564046875459e+006    1.16301227941737e+005    6.63910455523393e+002    1.00000000000000e+000   -0.00000000000000e+000   -0.00000000000000e+000   -0.00000000000000e+000         1    3.00000000000000e+003       503 Internal sink/source: {UZF-GWRCH}                 
       504       504    3.00000000000000e+003    1.37288417011421e+006    1.16976172902533e+005    6.47731508859672e+002    1.00000000000000e+000    0.00000000000000e+000    0.00000000000000e+000    0.00000000000000e+000         1    3.00000000000000e+003       504 Starting_Location                                 
       504     12191    3.00000000000000e+003    1.37288417011421e+006    1.16976172902533e+005    7.59887214660939e+002    1.00000000000000e+000   -0.00000000000000e+000   -0.00000000000000e+000   -0.00000000000000e+000         1    3.00000000000000e+003       504 Internal sink/source: {UZF-GWRCH}                 
       505       505    3.00000000000000e+003    1.37252685069191e+006    1.17321112496308e+005    6.48505107862206e+002    1.00000000000000e+000    0.00000000000000e+000    0.00000000000000e+000    0.00000000000000e+000         1    3.00000000000000e+003       505 Starting_Location                                 
       505     12193    3.00000000000000e+003    1.37252685069191e+006    1.17321112496308e+005    7.21588795961846e+002    1.00000000000000e+000   -0.00000000000000e+000   -0.00000000000000e+000   -0.00000000000000e+000         1    3.00000000000000e+003       505 Internal sink/source: {UZF-GWRCH}                 
       506       506    3.00000000000000e+003    1.37329789651851e+006    1.16776288901759e+005    6.49090067925350e+002    1.00000000000000e+000    0.00000000000000e+000    0.00000000000000e+000    0.00000000000000e+000         1    3.00000000000000e+003       506 Starting_Location                                 
       506     12194    3.00000000000000e+003    1.37329789651851e+006    1.16776288901759e+005    7.64800196400266e+002    1.00000000000000e+000   -0.00000000000000e+000   -0.00000000000000e+000   -0.00000000000000e+000         1    3.00000000000000e+003       506 Internal sink/source: {UZF-GWRCH}                 
       507       507    3.00000000000000e+003    1.37366091298525e+006    1.17357849558506e+005    6.49874006826921e+002    1.00000000000000e+000    0.00000000000000e+000    0.00000000000000e+000    0.00000000000000e+000         1    3.00000000000000e+003       507 Starting_Location                                 
       507     12195    3.00000000000000e+003    1.37366091298525e+006    1.17357849558506e+005    7.11937818366421e+002    1.00000000000000e+000   -0.00000000000000e+000   -0.00000000000000e+000   -0.00000000000000e+000         1    3.00000000000000e+003       507 Internal sink/source: {UZF-GWRCH}                 
       508       508    3.00000000000000e+003    1.36740414596040e+006    1.17305599829501e+005    6.51204168702893e+002    1.00000000000000e+000    0.00000000000000e+000    0.00000000000000e+000    0.00000000000000e+000         1    3.00000000000000e+003       508 Starting_Location                                 
       508     11860    3.00000000000000e+003    1.36740414596040e+006    1.17305599829501e+005    7.13791390726358e+002    1.00000000000000e+000   -0.00000000000000e+000   -0.00000000000000e+000   -0.00000000000000e+000         1    3.00000000000000e+003       508 Internal sink/source: {UZF-GWRCH}                 
       509       509    3.00000000000000e+003    1.36685058762079e+006    1.17455276598347e+005    6.52315049399579e+002    1.00000000000000e+000    0.00000000000000e+000    0.00000000000000e+000    0.00000000000000e+000         1    3.00000000000000e+003       509 Starting_Location                                 
       509     11861    3.00000000000000e+003    1.36685058762079e+006    1.17455276598347e+005    7.14893098679747e+002    1.00000000000000e+000   -0.00000000000000e+000   -0.00000000000000e+000   -0.00000000000000e+000         1    3.00000000000000e+003       509 Internal sink/source: {UZF-GWRCH}                 
       510       510    3.00000000000000e+003    1.36691545676080e+006    1.17467208454895e+005    6.53631833666040e+002    1.00000000000000e+000    0.00000000000000e+000    0.00000000000000e+000    0.00000000000000e+000         1    3.00000000000000e+003       510 Starting_Location                                 
       510     11866    3.00000000000000e+003    1.36691545676080e+006    1.17467208454895e+005    7.14988018063035e+002    1.00000000000000e+000   -0.00000000000000e+000   -0.00000000000000e+000   -0.00000000000000e+000         1    3.00000000000000e+003       510 Internal sink/source: {UZF-GWRCH}                 
       511       511    3.00000000000000e+003    1.37239566811846e+006    1.17469484467037e+005    6.54897473438870e+002    1.00000000000000e+000    0.00000000000000e+000    0.00000000000000e+000    0.00000000000000e+000         1    3.00000000000000e+003       511 Starting_Location                                 
       511     12177    3.00000000000000e+003    1.37239566811846e+006    1.17469484467037e+005    6.93190591529242e+002    1.00000000000000e+000   -0.00000000000000e+000   -0.00000000000000e+000   -0.00000000000000e+000         1    3.00000000000000e+003       511 Internal sink/source: {UZF-GWRCH}                 
       512       512    3.00000000000000e+003    1.36657981094425e+006    1.17482753796144e+005    6.56058224815717e+002    1.00000000000000e+000    0.00000000000000e+000    0.00000000000000e+000    0.00000000000000e+000         1    3.00000000000000e+003       512 Starting_Location                                 
       512     12553    3.00000000000000e+003    1.36657981094425e+006    1.17482753796144e+005    7.13623064595839e+002    1.00000000000000e+000   -0.00000000000000e+000   -0.00000000000000e+000   -0.00000000000000e+000         1    3.00000000000000e+003       512 Internal sink/source: {UZF-GWRCH}                 
       513       513    3.00000000000000e+003    1.36780528065473e+006    1.17252700942514e+005    6.56622991102483e+002    1.00000000000000e+000    0.00000000000000e+000    0.00000000000000e+000    0.00000000000000e+000         1    3.00000000000000e+003       513 Starting_Location                                 
       513     12555    3.00000000000000e+003    1.36780528065473e+006    1.17252700942514e+005    7.06306778579657e+002    1.00000000000000e+000   -0.00000000000000e+000   -0.00000000000000e+000   -0.00000000000000e+000         1    3.00000000000000e+003       513 Internal sink/source: {UZF-GWRCH}                 
       514       514    3.00000000000000e+003    1.36791801174076e+006    1.17242292697004e+005    6.57006086322416e+002    1.00000000000000e+000    0.00000000000000e+000    0.00000000000000e+000    0.00000000000000e+000         1    3.00000000000000e+003       514 Starting_Location                                 
       514     12556    3.00000000000000e+003    1.36791801174076e+006    1.17242292697004e+005    7.02766234768069e+002    1.00000000000000e+000   -0.00000000000000e+000   -0.00000000000000e+000   -0.00000000000000e+000         1    3.00000000000000e+003       514 Internal sink/source: {UZF-GWRCH}                 
       515       515    3.00000000000000e+003    1.37022723951895e+006    1.18345653215789e+005    6.57296313564832e+002    1.00000000000000e+000    0.00000000000000e+000    0.00000000000000e+000    0.00000000000000e+000         1    3.00000000000000e+003       515 Starting_Location                                 
       515     13606    3.00000000000000e+003    1.37022723951895e+006    1.18345653215789e+005    6.89712237168183e+002    1.00000000000000e+000   -0.00000000000000e+000   -0.00000000000000e+000   -0.00000000000000e+000         1    3.00000000000000e+003       515 Internal sink/source: {UZF-GWRCH}                 
       516       516    3.00000000000000e+003    1.36412403332693e+006    1.18359128901028e+005    6.57490471797746e+002    1.00000000000000e+000    0.00000000000000e+000    0.00000000000000e+000    0.00000000000000e+000         1    3.00000000000000e+003       516 Starting_Location                                 
       516     12541    3.00000000000000e+003    1.36412403332693e+006    1.18359128901028e+005    6.16749699372274e+002    1.00000000000000e+000   -0.00000000000000e+000   -0.00000000000000e+000   -0.00000000000000e+000         1    3.00000000000000e+003       516 Internal sink/source: {UZF-GWRCH}                 
       517       517    3.00000000000000e+003    1.36650811426771e+006    1.17475586520047e+005    6.57609506776222e+002    1.00000000000000e+000    0.00000000000000e+000    0.00000000000000e+000    0.00000000000000e+000         1    3.00000000000000e+003       517 Starting_Location                                 
       517     12543    3.00000000000000e+003    1.36650811426771e+006    1.17475586520047e+005    7.13091801301537e+002    1.00000000000000e+000   -0.00000000000000e+000   -0.00000000000000e+000   -0.00000000000000e+000         1    3.00000000000000e+003       517 Internal sink/source: {UZF-GWRCH}                 
       518       518    3.00000000000000e+003    1.36641986568618e+006    1.17477079764631e+005    6.57657875224029e+002    1.00000000000000e+000    0.00000000000000e+000    0.00000000000000e+000    0.00000000000000e+000         1    3.00000000000000e+003       518 Starting_Location                                 
       518     12544    3.00000000000000e+003    1.36641986568618e+006    1.17477079764631e+005    7.12221935258528e+002    1.00000000000000e+000   -0.00000000000000e+000   -0.00000000000000e+000   -0.00000000000000e+000         1    3.00000000000000e+003       518 Internal sink/source: {UZF-GWRCH}                 
       519       519    3.00000000000000e+003    1.36567333216010e+006    1.16209829266521e+005    6.57617310096614e+002    1.00000000000000e+000    0.00000000000000e+000    0.00000000000000e+000    0.00000000000000e+000         1    3.00000000000000e+003       519 Starting_Location                                 
       519     12552    3.00000000000000e+003    1.36567333216010e+006    1.16209829266521e+005    6.72295079089669e+002    1.00000000000000e+000   -0.00000000000000e+000   -0.00000000000000e+000   -0.00000000000000e+000         1    3.00000000000000e+003       519 Internal sink/source: {UZF-GWRCH}                 
       520       520    3.00000000000000e+003    1.36906236449116e+006    1.17978544076056e+005    6.57531540482227e+002    1.00000000000000e+000    0.00000000000000e+000    0.00000000000000e+000    0.00000000000000e+000         1    3.00000000000000e+003       520 Starting_Location                                 
       520     16352    3.00000000000000e+003    1.36906236449116e+006    1.17978544076056e+005    6.89697198334912e+002    1.00000000000000e+000   -0.00000000000000e+000   -0.00000000000000e+000   -0.00000000000000e+000         1    3.00000000000000e+003       520 Internal sink/source: {UZF-GWRCH}                 
       521       521    3.00000000000000e+003    1.36460428352977e+006    1.13331431767455e+005    6.57380221400266e+002    1.00000000000000e+000    0.00000000000000e+000    0.00000000000000e+000    0.00000000000000e+000         1    3.00000000000000e+003       521 Starting_Location                                 
       521     16356    3.00000000000000e+003    1.36460428352977e+006    1.13331431767455e+005    6.18701526514718e+002    1.00000000000000e+000   -0.00000000000000e+000   -0.00000000000000e+000   -0.00000000000000e+000         1    3.00000000000000e+003       521 Internal sink/source: {UZF-GWRCH}                 
       522       522    3.00000000000000e+003    1.36774302617157e+006    1.17217936085417e+005    6.57191455559348e+002    1.00000000000000e+000    0.00000000000000e+000    0.00000000000000e+000    0.00000000000000e+000         1    3.00000000000000e+003       522 Starting_Location                                 
       522     16360    3.00000000000000e+003    1.36774302617157e+006    1.17217936085417e+005    7.08099073755619e+002    1.00000000000000e+000   -0.00000000000000e+000   -0.00000000000000e+000   -0.00000000000000e+000         1    3.00000000000000e+003       522 Internal sink/source: {UZF-GWRCH}                 
       523       523    3.00000000000000e+003    1.37358171084630e+006    1.18268203558197e+005    6.56887519522326e+002    1.00000000000000e+000    0.00000000000000e+000    0.00000000000000e+000    0.00000000000000e+000         1    3.00000000000000e+003       523 Starting_Location                                 
       523     16367    3.00000000000000e+003    1.37358171084630e+006    1.18268203558197e+005    6.87135865107455e+002    1.00000000000000e+000   -0.00000000000000e+000   -0.00000000000000e+000   -0.00000000000000e+000         1    3.00000000000000e+003       523 Internal sink/source: {UZF-GWRCH}                 
       524       524    3.00000000000000e+003    1.36416459182325e+006    1.18351338106612e+005    6.56549537141372e+002    1.00000000000000e+000    0.00000000000000e+000    0.00000000000000e+000    0.00000000000000e+000         1    3.00000000000000e+003       524 Starting_Location                                 
       524     16167    3.00000000000000e+003    1.36416459182325e+006    1.18351338106612e+005    6.16913207281687e+002    1.00000000000000e+000   -0.00000000000000e+000   -0.00000000000000e+000   -0.00000000000000e+000         1    3.00000000000000e+003       524 Internal sink/source: {UZF-GWRCH}                 
       525       525    3.00000000000000e+003    1.36568365881840e+006    1.16269035583472e+005    6.55965269615478e+002    1.00000000000000e+000    0.00000000000000e+000    0.00000000000000e+000    0.00000000000000e+000         1    3.00000000000000e+003       525 Starting_Location                                 
       525     16169    3.00000000000000e+003    1.36568365881840e+006    1.16269035583472e+005    6.72370801646716e+002    1.00000000000000e+000   -0.00000000000000e+000   -0.00000000000000e+000   -0.00000000000000e+000         1    3.00000000000000e+003       525 Internal sink/source: {UZF-GWRCH}                 
       526       526    3.00000000000000e+003    1.36564589256719e+006    1.13817114299073e+005    6.55351707805543e+002    1.00000000000000e+000    0.00000000000000e+000    0.00000000000000e+000    0.00000000000000e+000         1    3.00000000000000e+003       526 Starting_Location                                 
       526     16346    3.00000000000000e+003    1.36564589256719e+006    1.13817114299073e+005    6.71538028301766e+002    1.00000000000000e+000   -0.00000000000000e+000   -0.00000000000000e+000   -0.00000000000000e+000         1    3.00000000000000e+003       526 Internal sink/source: {UZF-GWRCH}                 
       527       527    3.00000000000000e+003    1.36911047714197e+006    1.18009724574482e+005    6.54467568779936e+002    1.00000000000000e+000    0.00000000000000e+000    0.00000000000000e+000    0.00000000000000e+000         1    3.00000000000000e+003       527 Starting_Location                                 
       527     16351    3.00000000000000e+003    1.36911047714197e+006    1.18009724574482e+005    6.92041605198087e+002    1.00000000000000e+000   -0.00000000000000e+000   -0.00000000000000e+000   -0.00000000000000e+000         1    3.00000000000000e+003       527 Internal sink/source: {UZF-GWRCH}                 
       528       528    3.00000000000000e+003    1.37277309464409e+006    1.16993711941399e+005    6.53068842182198e+002    1.00000000000000e+000    0.00000000000000e+000    0.00000000000000e+000    0.00000000000000e+000         1    3.00000000000000e+003       528 Starting_Location                                 
       528     16416    3.00000000000000e+003    1.37277309464409e+006    1.16993711941399e+005    7.58228598677716e+002    1.00000000000000e+000   -0.00000000000000e+000   -0.00000000000000e+000   -0.00000000000000e+000         1    3.00000000000000e+003       528 Internal sink/source: {UZF-GWRCH}                 
       529       529    3.00000000000000e+003    1.36787265681409e+006    1.17243367378308e+005    6.51141158188945e+002    1.00000000000000e+000    0.00000000000000e+000    0.00000000000000e+000    0.00000000000000e+000         1    3.00000000000000e+003       529 Starting_Location                                 
       529     16436    3.00000000000000e+003    1.36787265681409e+006    1.17243367378308e+005    7.04132817118305e+002    1.00000000000000e+000   -0.00000000000000e+000   -0.00000000000000e+000   -0.00000000000000e+000         1    3.00000000000000e+003       529 Internal sink/source: {UZF-GWRCH}                 
       530       530    3.00000000000000e+003    1.36470296590707e+006    1.13378241085343e+005    6.43212846799639e+002    1.00000000000000e+000    0.00000000000000e+000    0.00000000000000e+000    0.00000000000000e+000         1    3.00000000000000e+003       530 Starting_Location                                 
       530     16509    3.00000000000000e+003    1.36470296590707e+006    1.13378241085343e+005    6.21311642368215e+002    1.00000000000000e+000   -0.00000000000000e+000   -0.00000000000000e+000   -0.00000000000000e+000         1    3.00000000000000e+003       530 Internal sink/source: {UZF-GWRCH}                 
       531       531    3.00000000000000e+003    1.36527424491548e+006    1.17364805210246e+005    6.39414554386250e+002    1.00000000000000e+000    0.00000000000000e+000    0.00000000000000e+000    0.00000000000000e+000         1    3.00000000000000e+003       531 Starting_Location                                 
       531     16510    3.00000000000000e+003    1.36527424491548e+006    1.17364805210246e+005    6.59126088178944e+002    1.00000000000000e+000   -0.00000000000000e+000   -0.00000000000000e+000   -0.00000000000000e+000         1    3.00000000000000e+003       531 Internal sink/source: {UZF-GWRCH}                 
       532       532    3.00000000000000e+003    1.37270650730016e+006    1.17114542352700e+005    6.37192059111896e+002    1.00000000000000e+000    0.00000000000000e+000    0.00000000000000e+000    0.00000000000000e+000         1    3.00000000000000e+003       532 Starting_Location                                 
       532     16378    3.00000000000000e+003    1.37270650730016e+006    1.17114542352700e+005    7.55338017286774e+002    1.00000000000000e+000   -0.00000000000000e+000   -0.00000000000000e+000   -0.00000000000000e+000         1    3.00000000000000e+003       532 Internal sink/source: {UZF-GWRCH}                 
       533       533    3.00000000000000e+003    1.36514386311111e+006    1.17735012835638e+005    6.35541712462780e+002    1.00000000000000e+000    0.00000000000000e+000    0.00000000000000e+000    0.00000000000000e+000         1    3.00000000000000e+003       533 Starting_Location                                 
       533     16396    3.00000000000000e+003    1.36514386311111e+006    1.17735012835638e+005    6.59287436338760e+002    1.00000000000000e+000   -0.00000000000000e+000   -0.00000000000000e+000   -0.00000000000000e+000         1    3.00000000000000e+003       533 Internal sink/source: {UZF-GWRCH}                 
       534       534    3.00000000000000e+003    1.36592465579461e+006    1.14755591680996e+005    6.31970895242300e+002    1.00000000000000e+000    0.00000000000000e+000    0.00000000000000e+000    0.00000000000000e+000         1    3.00000000000000e+003       534 Starting_Location                                 
       534     16397    3.00000000000000e+003    1.36592465579461e+006    1.14755591680996e+005    7.06352089621626e+002    1.00000000000000e+000   -0.00000000000000e+000   -0.00000000000000e+000   -0.00000000000000e+000         1    3.00000000000000e+003       534 Internal sink/source: {UZF-GWRCH}                 
       535       535    3.00000000000000e+003    1.36695640329184e+006    1.17421929060127e+005    6.32284416461320e+002    1.00000000000000e+000    0.00000000000000e+000    0.00000000000000e+000    0.00000000000000e+000         1    3.00000000000000e+003       535 Starting_Location                                 
       535     16398    3.00000000000000e+003    1.36695640329184e+006    1.17421929060127e+005    7.15051817160193e+002    1.00000000000000e+000   -0.00000000000000e+000   -0.00000000000000e+000   -0.00000000000000e+000         1    3.00000000000000e+003       535 Internal sink/source: {UZF-GWRCH}                 
       536       536    3.00000000000000e+003    1.37070085978272e+006    1.19061813320882e+005    6.32284197429344e+002    1.00000000000000e+000    0.00000000000000e+000    0.00000000000000e+000    0.00000000000000e+000         1    3.00000000000000e+003       536 Starting_Location                                 
       536     16549    3.00000000000000e+003    1.37070085978272e+006    1.19061813320882e+005    6.85860680460458e+002    1.00000000000000e+000   -0.00000000000000e+000   -0.00000000000000e+000   -0.00000000000000e+000         1    3.00000000000000e+003       536 Internal sink/source: {UZF-GWRCH}                 
       537       537    3.00000000000000e+003    1.37293708711640e+006    1.16894440124684e+005    6.32145486277343e+002    1.00000000000000e+000    0.00000000000000e+000    0.00000000000000e+000    0.00000000000000e+000         1    3.00000000000000e+003       537 Starting_Location                                 
       537     16799    3.00000000000000e+003    1.37293708711640e+006    1.16894440124684e+005    7.61301359200680e+002    1.00000000000000e+000   -0.00000000000000e+000   -0.00000000000000e+000   -0.00000000000000e+000         1    3.00000000000000e+003       537 Internal sink/source: {UZF-GWRCH}                 
       538       538    3.00000000000000e+003    1.36570415084184e+006    1.13880895043219e+005    6.31812450570565e+002    1.00000000000000e+000    0.00000000000000e+000    0.00000000000000e+000    0.00000000000000e+000         1    3.00000000000000e+003       538 Starting_Location                                 
       538     16807    3.00000000000000e+003    1.36570415084184e+006    1.13880895043219e+005    6.70862773504950e+002    1.00000000000000e+000   -0.00000000000000e+000   -0.00000000000000e+000   -0.00000000000000e+000         1    3.00000000000000e+003       538 Internal sink/source: {UZF-GWRCH}                 
       539       539    3.00000000000000e+003    1.36582598049958e+006    1.15474659793552e+005    6.31011988396215e+002    1.00000000000000e+000    0.00000000000000e+000    0.00000000000000e+000    0.00000000000000e+000         1    3.00000000000000e+003       539 Starting_Location                                 
       539     16808    3.00000000000000e+003    1.36582598049958e+006    1.15474659793552e+005    7.02658077708710e+002    1.00000000000000e+000   -0.00000000000000e+000   -0.00000000000000e+000   -0.00000000000000e+000         1    3.00000000000000e+003       539 Internal sink/source: {UZF-GWRCH}                 
       540       540    3.00000000000000e+003    1.36889965185942e+006    1.17804601352450e+005    6.30238803256006e+002    1.00000000000000e+000    0.00000000000000e+000    0.00000000000000e+000    0.00000000000000e+000         1    3.00000000000000e+003       540 Starting_Location                                 
       540     16513    3.00000000000000e+003    1.36889965185942e+006    1.17804601352450e+005    6.88071205131691e+002    1.00000000000000e+000   -0.00000000000000e+000   -0.00000000000000e+000   -0.00000000000000e+000         1    3.00000000000000e+003       540 Internal sink/source: {UZF-GWRCH}                 
       541       541    3.00000000000000e+003    1.36577502944223e+006    1.15899982585035e+005    6.31043990151005e+002    1.00000000000000e+000    0.00000000000000e+000    0.00000000000000e+000    0.00000000000000e+000         1    3.00000000000000e+003       541 Starting_Location                                 
       541     16517    3.00000000000000e+003    1.36577502944223e+006    1.15899982585035e+005    7.02182663924681e+002    1.00000000000000e+000   -0.00000000000000e+000   -0.00000000000000e+000   -0.00000000000000e+000         1    3.00000000000000e+003       541 Internal sink/source: {UZF-GWRCH}                 
       542       542    3.00000000000000e+003    1.37633615373429e+006    1.18225576607703e+005    6.31343842141753e+002    1.00000000000000e+000    0.00000000000000e+000    0.00000000000000e+000    0.00000000000000e+000         1    3.00000000000000e+003       542 Starting_Location                                 
       542     16529    3.00000000000000e+003    1.37633615373429e+006    1.18225576607703e+005    7.07540061064532e+002    1.00000000000000e+000   -0.00000000000000e+000   -0.00000000000000e+000   -0.00000000000000e+000         1    3.00000000000000e+003       542 Internal sink/source: {UZF-GWRCH}                 
       543       543    3.00000000000000e+003    1.36556039840604e+006    1.18330263720643e+005    6.31195484610569e+002    1.00000000000000e+000    0.00000000000000e+000    0.00000000000000e+000    0.00000000000000e+000         1    3.00000000000000e+003       543 Starting_Location                                 
       543     16539    3.00000000000000e+003    1.36556039840604e+006    1.18330263720643e+005    6.66796647452238e+002    1.00000000000000e+000   -0.00000000000000e+000   -0.00000000000000e+000   -0.00000000000000e+000         1    3.00000000000000e+003       543 Internal sink/source: {UZF-GWRCH}                 
       544       544    3.00000000000000e+003    1.36441065856694e+006    1.18837914517743e+005    6.30671272570709e+002    1.00000000000000e+000    0.00000000000000e+000    0.00000000000000e+000    0.00000000000000e+000         1    3.00000000000000e+003       544 Starting_Location                                 
       544     16833    3.00000000000000e+003    1.36441065856694e+006    1.18837914517743e+005    6.45172496905993e+002    1.00000000000000e+000   -0.00000000000000e+000   -0.00000000000000e+000   -0.00000000000000e+000         1    3.00000000000000e+003       544 Internal sink/source: {UZF-GWRCH}                 
       545       545    3.00000000000000e+003    1.36480694277367e+006    1.13432486810780e+005    6.29565191803481e+002    1.00000000000000e+000    0.00000000000000e+000    0.00000000000000e+000    0.00000000000000e+000         1    3.00000000000000e+003       545 Starting_Location                                 
       545     16834    3.00000000000000e+003    1.36480694277367e+006    1.13432486810780e+005    6.24278752345210e+002    1.00000000000000e+000   -0.00000000000000e+000   -0.00000000000000e+000   -0.00000000000000e+000         1    3.00000000000000e+003       545 Internal sink/source: {UZF-GWRCH}                 
       546       546    3.00000000000000e+003    1.36421428316532e+006    1.18387410685230e+005    6.28672562771906e+002    1.00000000000000e+000    0.00000000000000e+000    0.00000000000000e+000    0.00000000000000e+000         1    3.00000000000000e+003       546 Starting_Location                                 
       546     16836    3.00000000000000e+003    1.36421428316532e+006    1.18387410685230e+005    6.18786857473470e+002    1.00000000000000e+000   -0.00000000000000e+000   -0.00000000000000e+000   -0.00000000000000e+000         1    3.00000000000000e+003       546 Internal sink/source: {UZF-GWRCH}                 
       547       547    3.00000000000000e+003    1.36560008562777e+006    1.13777799465756e+005    6.27364902114255e+002    1.00000000000000e+000    0.00000000000000e+000    0.00000000000000e+000    0.00000000000000e+000         1    3.00000000000000e+003       547 Starting_Location                                 
       547     16909    3.00000000000000e+003    1.36560008562777e+006    1.13777799465756e+005    6.71160577309120e+002    1.00000000000000e+000   -0.00000000000000e+000   -0.00000000000000e+000   -0.00000000000000e+000         1    3.00000000000000e+003       547 Internal sink/source: {UZF-GWRCH}                 
       548       548    3.00000000000000e+003    1.36622023349804e+006    1.17606647359380e+005    6.27919197996941e+002    1.00000000000000e+000    0.00000000000000e+000    0.00000000000000e+000    0.00000000000000e+000         1    3.00000000000000e+003       548 Starting_Location                                 
       548     16816    3.00000000000000e+003    1.36622023349804e+006    1.17606647359380e+005    7.09173074018728e+002    1.00000000000000e+000   -0.00000000000000e+000   -0.00000000000000e+000   -0.00000000000000e+000         1    3.00000000000000e+003       548 Internal sink/source: {UZF-GWRCH}                 
       549       549    3.00000000000000e+003    1.36592583784344e+006    1.17866751522514e+005    6.27985527191626e+002    1.00000000000000e+000    0.00000000000000e+000    0.00000000000000e+000    0.00000000000000e+000         1    3.00000000000000e+003       549 Starting_Location                                 
       549     16818    3.00000000000000e+003    1.36592583784344e+006    1.17866751522514e+005    7.02345760724692e+002    1.00000000000000e+000   -0.00000000000000e+000   -0.00000000000000e+000   -0.00000000000000e+000         1    3.00000000000000e+003       549 Internal sink/source: {UZF-GWRCH}                 
       550       550    3.00000000000000e+003    1.36766631266683e+006    1.17207623244401e+005    6.27813961832720e+002    1.00000000000000e+000    0.00000000000000e+000    0.00000000000000e+000    0.00000000000000e+000         1    3.00000000000000e+003       550 Starting_Location                                 
       550     16819    3.00000000000000e+003    1.36766631266683e+006    1.17207623244401e+005    7.09836756024797e+002    1.00000000000000e+000   -0.00000000000000e+000   -0.00000000000000e+000   -0.00000000000000e+000         1    3.00000000000000e+003       550 Internal sink/source: {UZF-GWRCH}                 
       551       551    3.00000000000000e+003    1.36750153058445e+006    1.17205700847255e+005    6.27281681835468e+002    1.00000000000000e+000    0.00000000000000e+000    0.00000000000000e+000    0.00000000000000e+000         1    3.00000000000000e+003       551 Starting_Location                                 
       551     16820    3.00000000000000e+003    1.36750153058445e+006    1.17205700847255e+005    7.12525545990136e+002    1.00000000000000e+000   -0.00000000000000e+000   -0.00000000000000e+000   -0.00000000000000e+000         1    3.00000000000000e+003       551 Internal sink/source: {UZF-GWRCH}                 
       552       552    3.00000000000000e+003    1.36516810849245e+006    1.17606728706329e+005    6.26681927937695e+002    1.00000000000000e+000    0.00000000000000e+000    0.00000000000000e+000    0.00000000000000e+000         1    3.00000000000000e+003       552 Starting_Location                                 
       552     15901    3.00000000000000e+003    1.36516810849245e+006    1.17606728706329e+005    6.60704482781441e+002    1.00000000000000e+000   -0.00000000000000e+000   -0.00000000000000e+000   -0.00000000000000e+000         1    3.00000000000000e+003       552 Internal sink/source: {UZF-GWRCH}                 
       553       553    3.00000000000000e+003    1.36735425409662e+006    1.17270282765116e+005    6.25703502104829e+002    1.00000000000000e+000    0.00000000000000e+000    0.00000000000000e+000    0.00000000000000e+000         1    3.00000000000000e+003       553 Starting_Location                                 
       553     15918    3.00000000000000e+003    1.36735425409662e+006    1.17270282765116e+005    7.14075338832148e+002    1.00000000000000e+000   -0.00000000000000e+000   -0.00000000000000e+000   -0.00000000000000e+000         1    3.00000000000000e+003       553 Internal sink/source: {UZF-GWRCH}                 
       554       554    3.00000000000000e+003    1.37364130159288e+006    1.17010829530700e+005    6.24272699290274e+002    1.00000000000000e+000    0.00000000000000e+000    0.00000000000000e+000    0.00000000000000e+000         1    3.00000000000000e+003       554 Starting_Location                                 
       554     16026    3.00000000000000e+003    1.37364130159288e+006    1.17010829530700e+005    7.48032448365585e+002    1.00000000000000e+000   -0.00000000000000e+000   -0.00000000000000e+000   -0.00000000000000e+000         1    3.00000000000000e+003       554 Internal sink/source: {UZF-GWRCH}                 
       555       555    3.00000000000000e+003    1.36580786636371e+006    1.13997771149815e+005    6.22955585785460e+002    1.00000000000000e+000    0.00000000000000e+000    0.00000000000000e+000    0.00000000000000e+000         1    3.00000000000000e+003       555 Starting_Location                                 
       555     16030    3.00000000000000e+003    1.36580786636371e+006    1.13997771149815e+005    6.72856517540123e+002    1.00000000000000e+000   -0.00000000000000e+000   -0.00000000000000e+000   -0.00000000000000e+000         1    3.00000000000000e+003       555 Internal sink/source: {UZF-GWRCH}                 
       556       556    3.00000000000000e+003    1.36388829111900e+006    1.12667024155958e+005    6.22033600848632e+002    1.00000000000000e+000    0.00000000000000e+000    0.00000000000000e+000    0.00000000000000e+000         1    3.00000000000000e+003       556 Starting_Location                                 
       556     15834    3.00000000000000e+003    1.36388829111900e+006    1.12667024155958e+005    6.14699158649427e+002    1.00000000000000e+000   -0.00000000000000e+000   -0.00000000000000e+000   -0.00000000000000e+000         1    3.00000000000000e+003       556 Internal sink/source: {UZF-GWRCH}                 
       557       557    3.00000000000000e+003    1.36517937205939e+006    1.17558206364156e+005    6.20973400201333e+002    1.00000000000000e+000    0.00000000000000e+000    0.00000000000000e+000    0.00000000000000e+000         1    3.00000000000000e+003       557 Starting_Location                                 
       557     15835    3.00000000000000e+003    1.36517937205939e+006    1.17558206364156e+005    6.61320703289328e+002    1.00000000000000e+000   -0.00000000000000e+000   -0.00000000000000e+000   -0.00000000000000e+000         1    3.00000000000000e+003       557 Internal sink/source: {UZF-GWRCH}                 
       558       558    3.00000000000000e+003    1.37003753242343e+006    1.18239575699610e+005    6.19797233655104e+002    1.00000000000000e+000    0.00000000000000e+000    0.00000000000000e+000    0.00000000000000e+000         1    3.00000000000000e+003       558 Starting_Location                                 
       558     15854    3.00000000000000e+003    1.37003753242343e+006    1.18239575699610e+005    7.02216842785265e+002    1.00000000000000e+000   -0.00000000000000e+000   -0.00000000000000e+000   -0.00000000000000e+000         1    3.00000000000000e+003       558 Internal sink/source: {UZF-GWRCH}                 
       559       559    3.00000000000000e+003    1.37035172288960e+006    1.18412669590195e+005    6.19840933421364e+002    1.00000000000000e+000    0.00000000000000e+000    0.00000000000000e+000    0.00000000000000e+000         1    3.00000000000000e+003       559 Starting_Location                                 
       559     15888    3.00000000000000e+003    1.37035172288960e+006    1.18412669590195e+005    6.90665824003603e+002    1.00000000000000e+000   -0.00000000000000e+000   -0.00000000000000e+000   -0.00000000000000e+000         1    3.00000000000000e+003       559 Internal sink/source: {UZF-GWRCH}                 
       560       560    3.00000000000000e+003    1.36830083277369e+006    1.17430934372031e+005    6.19532670094341e+002    1.00000000000000e+000    0.00000000000000e+000    0.00000000000000e+000    0.00000000000000e+000         1    3.00000000000000e+003       560 Starting_Location                                 
       560     16052    3.00000000000000e+003    1.36830083277369e+006    1.17430934372031e+005    6.69044682907394e+002    1.00000000000000e+000   -0.00000000000000e+000   -0.00000000000000e+000   -0.00000000000000e+000         1    3.00000000000000e+003       560 Internal sink/source: {UZF-GWRCH}                 
       561       561    3.00000000000000e+003    1.36320622571179e+006    1.11025054770965e+005    6.19012055157644e+002    1.00000000000000e+000    0.00000000000000e+000    0.00000000000000e+000    0.00000000000000e+000         1    3.00000000000000e+003       561 Starting_Location                                 
       561     16098    3.00000000000000e+003    1.36320622571179e+006    1.11025054770965e+005    6.16183360768104e+002    1.00000000000000e+000   -0.00000000000000e+000   -0.00000000000000e+000   -0.00000000000000e+000         1    3.00000000000000e+003       561 Internal sink/source: {RCH} {UZF-GWRCH}           
       562       562    3.00000000000000e+003    1.36378957497844e+006    1.11783696768083e+005    6.18977455971297e+002    1.00000000000000e+000    0.00000000000000e+000    0.00000000000000e+000    0.00000000000000e+000         1    3.00000000000000e+003       562 Starting_Location                                 
       562     16099    3.00000000000000e+003    1.36378957497844e+006    1.11783696768083e+005    6.29247435496738e+002    1.00000000000000e+000   -0.00000000000000e+000   -0.00000000000000e+000   -0.00000000000000e+000         1    3.00000000000000e+003       562 Internal sink/source: {UZF-GWRCH}                 
       563       563    3.00000000000000e+003    1.36379322301849e+006    1.11953584300944e+005    6.18654941076177e+002    1.00000000000000e+000    0.00000000000000e+000    0.00000000000000e+000    0.00000000000000e+000         1    3.00000000000000e+003       563 Starting_Location                                 
       563     16100    3.00000000000000e+003    1.36379322301849e+006    1.11953584300944e+005    6.24568583590594e+002    1.00000000000000e+000   -0.00000000000000e+000   -0.00000000000000e+000   -0.00000000000000e+000         1    3.00000000000000e+003       563 Internal sink/source: {UZF-GWRCH}                 
       564       564    3.00000000000000e+003    1.37293642701919e+006    1.16847822403677e+005    6.18209994091368e+002    1.00000000000000e+000    0.00000000000000e+000    0.00000000000000e+000    0.00000000000000e+000         1    3.00000000000000e+003       564 Starting_Location                                 
       564     16034    3.00000000000000e+003    1.37293642701919e+006    1.16847822403677e+005    7.61702184564002e+002    1.00000000000000e+000   -0.00000000000000e+000   -0.00000000000000e+000   -0.00000000000000e+000         1    3.00000000000000e+003       564 Internal sink/source: {UZF-GWRCH}                 
       565       565    3.00000000000000e+003    1.36585169127209e+006    1.15423856867083e+005    6.17715624671029e+002    1.00000000000000e+000    0.00000000000000e+000    0.00000000000000e+000    0.00000000000000e+000         1    3.00000000000000e+003       565 Starting_Location                                 
       565     16049    3.00000000000000e+003    1.36585169127209e+006    1.15423856867083e+005    7.07477863114162e+002    1.00000000000000e+000   -0.00000000000000e+000   -0.00000000000000e+000   -0.00000000000000e+000         1    3.00000000000000e+003       565 Internal sink/source: {UZF-GWRCH}                 
       566       566    3.00000000000000e+003    1.36590203807805e+006    1.15079783107272e+005    6.17213247788714e+002    1.00000000000000e+000    0.00000000000000e+000    0.00000000000000e+000    0.00000000000000e+000         1    3.00000000000000e+003       566 Starting_Location                                 
       566     16050    3.00000000000000e+003    1.36590203807805e+006    1.15079783107272e+005    7.07813669884752e+002    1.00000000000000e+000   -0.00000000000000e+000   -0.00000000000000e+000   -0.00000000000000e+000         1    3.00000000000000e+003       566 Internal sink/source: {UZF-GWRCH}                 
       567       567    3.00000000000000e+003    1.36707908444910e+006    1.17453630155029e+005    6.16496119827897e+002    1.00000000000000e+000    0.00000000000000e+000    0.00000000000000e+000    0.00000000000000e+000         1    3.00000000000000e+003       567 Starting_Location                                 
       567     16051    3.00000000000000e+003    1.36707908444910e+006    1.17453630155029e+005    7.14994358300932e+002    1.00000000000000e+000   -0.00000000000000e+000   -0.00000000000000e+000   -0.00000000000000e+000         1    3.00000000000000e+003       567 Internal sink/source: {UZF-GWRCH}                 
       568       568    3.00000000000000e+003    1.36763499246496e+006    1.17226484739437e+005    6.16136907495304e+002    1.00000000000000e+000    0.00000000000000e+000    0.00000000000000e+000    0.00000000000000e+000         1    3.00000000000000e+003       568 Starting_Location                                 
       568     16111    3.00000000000000e+003    1.36763499246496e+006    1.17226484739437e+005    7.10473485474857e+002    1.00000000000000e+000   -0.00000000000000e+000   -0.00000000000000e+000   -0.00000000000000e+000         1    3.00000000000000e+003       568 Internal sink/source: {UZF-GWRCH}                 
       569       569    3.00000000000000e+003    1.36756596973569e+006    1.17236058442978e+005    6.15841085281758e+002    1.00000000000000e+000    0.00000000000000e+000    0.00000000000000e+000    0.00000000000000e+000         1    3.00000000000000e+003       569 Starting_Location                                 
       569     16112    3.00000000000000e+003    1.36756596973569e+006    1.17236058442978e+005    7.11718549119126e+002    1.00000000000000e+000   -0.00000000000000e+000   -0.00000000000000e+000   -0.00000000000000e+000         1    3.00000000000000e+003       569 Internal sink/source: {UZF-GWRCH}                 
       570       570    3.00000000000000e+003    1.36689375914072e+006    1.17415926085013e+005    6.15663444167904e+002    1.00000000000000e+000    0.00000000000000e+000    0.00000000000000e+000    0.00000000000000e+000         1    3.00000000000000e+003       570 Starting_Location                                 
       570     16113    3.00000000000000e+003    1.36689375914072e+006    1.17415926085013e+005    7.15004281728447e+002    1.00000000000000e+000   -0.00000000000000e+000   -0.00000000000000e+000   -0.00000000000000e+000         1    3.00000000000000e+003       570 Internal sink/source: {UZF-GWRCH}                 
       571       571    3.00000000000000e+003    1.36838052548632e+006    1.17545514041888e+005    6.15797413579180e+002    1.00000000000000e+000    0.00000000000000e+000    0.00000000000000e+000    0.00000000000000e+000         1    3.00000000000000e+003       571 Starting_Location                                 
       571     16115    3.00000000000000e+003    1.36838052548632e+006    1.17545514041888e+005    6.60815294036216e+002    1.00000000000000e+000   -0.00000000000000e+000   -0.00000000000000e+000   -0.00000000000000e+000         1    3.00000000000000e+003       571 Internal sink/source: {UZF-GWRCH}                 
       572       572    3.00000000000000e+003    1.36379382219736e+006    1.12511549147660e+005    6.15874213436636e+002    1.00000000000000e+000    0.00000000000000e+000    0.00000000000000e+000    0.00000000000000e+000         1    3.00000000000000e+003       572 Starting_Location                                 
       572     16101    3.00000000000000e+003    1.36379382219736e+006    1.12511549147660e+005    6.07932815807191e+002    1.00000000000000e+000   -0.00000000000000e+000   -0.00000000000000e+000   -0.00000000000000e+000         1    3.00000000000000e+003       572 Internal sink/source: {UZF-GWRCH}                 
       573       573    3.00000000000000e+003    1.36546424596233e+006    1.13705908411350e+005    6.15859142003341e+002    1.00000000000000e+000    0.00000000000000e+000    0.00000000000000e+000    0.00000000000000e+000         1    3.00000000000000e+003       573 Starting_Location                                 
       573     16103    3.00000000000000e+003    1.36546424596233e+006    1.13705908411350e+005    6.67864578378022e+002    1.00000000000000e+000   -0.00000000000000e+000   -0.00000000000000e+000   -0.00000000000000e+000         1    3.00000000000000e+003       573 Internal sink/source: {UZF-GWRCH}                 
       574       574    3.00000000000000e+003    1.36590328555264e+006    1.15212734166130e+005    6.15809091431559e+002    1.00000000000000e+000    0.00000000000000e+000    0.00000000000000e+000    0.00000000000000e+000         1    3.00000000000000e+003       574 Starting_Location                                 
       574     16108    3.00000000000000e+003    1.36590328555264e+006    1.15212734166130e+005    7.08225849366240e+002    1.00000000000000e+000   -0.00000000000000e+000   -0.00000000000000e+000   -0.00000000000000e+000         1    3.00000000000000e+003       574 Internal sink/source: {UZF-GWRCH}                 
       575       575    3.00000000000000e+003    1.36604809807779e+006    1.17785081979416e+005    6.15749190058209e+002    1.00000000000000e+000    0.00000000000000e+000    0.00000000000000e+000    0.00000000000000e+000         1    3.00000000000000e+003       575 Starting_Location                                 
       575     16110    3.00000000000000e+003    1.36604809807779e+006    1.17785081979416e+005    7.05521577978709e+002    1.00000000000000e+000   -0.00000000000000e+000   -0.00000000000000e+000   -0.00000000000000e+000         1    3.00000000000000e+003       575 Internal sink/source: {UZF-GWRCH}                 
       576       576    3.00000000000000e+003    1.37364247092628e+006    1.18452037373978e+005    6.15656012239567e+002    1.00000000000000e+000    0.00000000000000e+000    0.00000000000000e+000    0.00000000000000e+000         1    3.00000000000000e+003       576 Starting_Location                                 
       576     16139    3.00000000000000e+003    1.37364247092628e+006    1.18452037373978e+005    6.84717695978590e+002    1.00000000000000e+000   -0.00000000000000e+000   -0.00000000000000e+000   -0.00000000000000e+000         1    3.00000000000000e+003       576 Internal sink/source: {UZF-GWRCH}                 
       577       577    3.00000000000000e+003    1.36456631990629e+006    1.18829208536567e+005    6.15553340479072e+002    1.00000000000000e+000    0.00000000000000e+000    0.00000000000000e+000    0.00000000000000e+000         1    3.00000000000000e+003       577 Starting_Location                                 
       577     16164    3.00000000000000e+003    1.36456631990629e+006    1.18829208536567e+005    6.49683755259277e+002    1.00000000000000e+000   -0.00000000000000e+000   -0.00000000000000e+000   -0.00000000000000e+000         1    3.00000000000000e+003       577 Internal sink/source: {UZF-GWRCH}                 
       578       578    3.00000000000000e+003    1.36433737137024e+006    1.18890318154633e+005    6.15472332772722e+002    1.00000000000000e+000    0.00000000000000e+000    0.00000000000000e+000    0.00000000000000e+000         1    3.00000000000000e+003       578 Starting_Location                                 
       578     16165    3.00000000000000e+003    1.36433737137024e+006    1.18890318154633e+005    6.32990988640621e+002    1.00000000000000e+000   -0.00000000000000e+000   -0.00000000000000e+000   -0.00000000000000e+000         1    3.00000000000000e+003       578 Internal sink/source: {UZF-GWRCH}                 
       579       579    3.00000000000000e+003    1.36475495823199e+006    1.13407863261230e+005    6.15337213109413e+002    1.00000000000000e+000    0.00000000000000e+000    0.00000000000000e+000    0.00000000000000e+000         1    3.00000000000000e+003       579 Starting_Location                                 
       579     16166    3.00000000000000e+003    1.36475495823199e+006    1.13407863261230e+005    6.22973426034143e+002    1.00000000000000e+000   -0.00000000000000e+000   -0.00000000000000e+000   -0.00000000000000e+000         1    3.00000000000000e+003       579 Internal sink/source: {UZF-GWRCH}                 
       580       580    3.00000000000000e+003    1.37325118125938e+006    1.16749514199282e+005    6.15268356462230e+002    1.00000000000000e+000    0.00000000000000e+000    0.00000000000000e+000    0.00000000000000e+000         1    3.00000000000000e+003       580 Starting_Location                                 
       580     16133    3.00000000000000e+003    1.37325118125938e+006    1.16749514199282e+005    7.65159319719743e+002    1.00000000000000e+000   -0.00000000000000e+000   -0.00000000000000e+000   -0.00000000000000e+000         1    3.00000000000000e+003       580 Internal sink/source: {UZF-GWRCH}                 
       581       581    3.00000000000000e+003    1.37340814539721e+006    1.16754183764813e+005    6.14989199203136e+002    1.00000000000000e+000    0.00000000000000e+000    0.00000000000000e+000    0.00000000000000e+000         1    3.00000000000000e+003       581 Starting_Location                                 
       581     16134    3.00000000000000e+003    1.37340814539721e+006    1.16754183764813e+005    7.65285779430386e+002    1.00000000000000e+000   -0.00000000000000e+000   -0.00000000000000e+000   -0.00000000000000e+000         1    3.00000000000000e+003       581 Internal sink/source: {UZF-GWRCH}                 
       582       582    3.00000000000000e+003    1.37366583458400e+006    1.17229267784235e+005    6.15147113354381e+002    1.00000000000000e+000    0.00000000000000e+000    0.00000000000000e+000    0.00000000000000e+000         1    3.00000000000000e+003       582 Starting_Location                                 
       582     16135    3.00000000000000e+003    1.37366583458400e+006    1.17229267784235e+005    7.19904018864901e+002    1.00000000000000e+000   -0.00000000000000e+000   -0.00000000000000e+000   -0.00000000000000e+000         1    3.00000000000000e+003       582 Internal sink/source: {UZF-GWRCH}                 
       583       583    3.00000000000000e+003    1.37362460586096e+006    1.17482573524717e+005    6.15057331614055e+002    1.00000000000000e+000    0.00000000000000e+000    0.00000000000000e+000    0.00000000000000e+000         1    3.00000000000000e+003       583 Starting_Location                                 
       583     16137    3.00000000000000e+003    1.37362460586096e+006    1.17482573524717e+005    7.06535266803826e+002    1.00000000000000e+000   -0.00000000000000e+000   -0.00000000000000e+000   -0.00000000000000e+000         1    3.00000000000000e+003       583 Internal sink/source: {UZF-GWRCH}                 
       584       584    3.00000000000000e+003    1.37108097906072e+006    1.19678230376314e+005    6.14796641804737e+002    1.00000000000000e+000    0.00000000000000e+000    0.00000000000000e+000    0.00000000000000e+000         1    3.00000000000000e+003       584 Starting_Location                                 
       584     17625    3.00000000000000e+003    1.37108097906072e+006    1.19678230376314e+005    6.82615752576645e+002    1.00000000000000e+000   -0.00000000000000e+000   -0.00000000000000e+000   -0.00000000000000e+000         1    3.00000000000000e+003       584 Internal sink/source: {UZF-GWRCH}                 
       585       585    3.00000000000000e+003    1.37239621146419e+006    1.17420396598635e+005    6.14945825838679e+002    1.00000000000000e+000    0.00000000000000e+000    0.00000000000000e+000    0.00000000000000e+000         1    3.00000000000000e+003       585 Starting_Location                                 
       585     17655    3.00000000000000e+003    1.37239621146419e+006    1.17420396598635e+005    6.94733540380441e+002    1.00000000000000e+000   -0.00000000000000e+000   -0.00000000000000e+000   -0.00000000000000e+000         1    3.00000000000000e+003       585 Internal sink/source: {UZF-GWRCH}                 
       586       586    3.00000000000000e+003    1.37021155928310e+006    1.18271989165283e+005    6.15300522787613e+002    1.00000000000000e+000    0.00000000000000e+000    0.00000000000000e+000    0.00000000000000e+000         1    3.00000000000000e+003       586 Starting_Location                                 
       586     17662    3.00000000000000e+003    1.37021155928310e+006    1.18271989165283e+005    6.93429282209667e+002    1.00000000000000e+000   -0.00000000000000e+000   -0.00000000000000e+000   -0.00000000000000e+000         1    3.00000000000000e+003       586 Internal sink/source: {UZF-GWRCH}                 
       587       587    3.00000000000000e+003    1.37066886798692e+006    1.18962290644320e+005    6.15777096916411e+002    1.00000000000000e+000    0.00000000000000e+000    0.00000000000000e+000    0.00000000000000e+000         1    3.00000000000000e+003       587 Starting_Location                                 
       587     17666    3.00000000000000e+003    1.37066886798692e+006    1.18962290644320e+005    6.86682542299370e+002    1.00000000000000e+000   -0.00000000000000e+000   -0.00000000000000e+000   -0.00000000000000e+000         1    3.00000000000000e+003       587 Internal sink/source: {UZF-GWRCH}                 
       588       588    3.00000000000000e+003    1.37256932127353e+006    1.17272479133494e+005    6.16076680664022e+002    1.00000000000000e+000    0.00000000000000e+000    0.00000000000000e+000    0.00000000000000e+000         1    3.00000000000000e+003       588 Starting_Location                                 
       588     17569    3.00000000000000e+003    1.37256932127353e+006    1.17272479133494e+005    7.45152084072674e+002    1.00000000000000e+000   -0.00000000000000e+000   -0.00000000000000e+000   -0.00000000000000e+000         1    3.00000000000000e+003       588 Internal sink/source: {UZF-GWRCH}                 
       589       589    3.00000000000000e+003    1.37607822096751e+006    1.19084392242832e+005    6.16356561076759e+002    1.00000000000000e+000    0.00000000000000e+000    0.00000000000000e+000    0.00000000000000e+000         1    3.00000000000000e+003       589 Starting_Location                                 
       589     17584    3.00000000000000e+003    1.37607822096751e+006    1.19084392242832e+005    6.98129542372435e+002    1.00000000000000e+000   -0.00000000000000e+000   -0.00000000000000e+000   -0.00000000000000e+000         1    3.00000000000000e+003       589 Internal sink/source: {UZF-GWRCH}                 
       590       590    3.00000000000000e+003    1.37613618539143e+006    1.18993078713720e+005    6.16520517935195e+002    1.00000000000000e+000    0.00000000000000e+000    0.00000000000000e+000    0.00000000000000e+000         1    3.00000000000000e+003       590 Starting_Location                                 
       590     17585    3.00000000000000e+003    1.37613618539143e+006    1.18993078713720e+005    6.98798959021811e+002    1.00000000000000e+000   -0.00000000000000e+000   -0.00000000000000e+000   -0.00000000000000e+000         1    3.00000000000000e+003       590 Internal sink/source: {UZF-GWRCH}                 
       591       591    3.00000000000000e+003    1.37590105782922e+006    1.19077773380715e+005    6.16690221914378e+002    1.00000000000000e+000    0.00000000000000e+000    0.00000000000000e+000    0.00000000000000e+000         1    3.00000000000000e+003       591 Starting_Location                                 
       591     17587    3.00000000000000e+003    1.37590105782922e+006    1.19077773380715e+005    6.96873194358092e+002    1.00000000000000e+000   -0.00000000000000e+000   -0.00000000000000e+000   -0.00000000000000e+000         1    3.00000000000000e+003       591 Internal sink/source: {UZF-GWRCH}                 
       592       592    3.00000000000000e+003    1.36379887160078e+006    1.12435416394591e+005    6.16791106958043e+002    1.00000000000000e+000    0.00000000000000e+000    0.00000000000000e+000    0.00000000000000e+000         1    3.00000000000000e+003       592 Starting_Location                                 
       592     17708    3.00000000000000e+003    1.36379887160078e+006    1.12435416394591e+005    6.07815611517691e+002    1.00000000000000e+000   -0.00000000000000e+000   -0.00000000000000e+000   -0.00000000000000e+000         1    3.00000000000000e+003       592 Internal sink/source: {UZF-GWRCH}                 
       593       593    3.00000000000000e+003    1.36582351779030e+006    1.15545377275961e+005    6.16889207191247e+002    1.00000000000000e+000    0.00000000000000e+000    0.00000000000000e+000    0.00000000000000e+000         1    3.00000000000000e+003       593 Starting_Location                                 
       593     17712    3.00000000000000e+003    1.36582351779030e+006    1.15545377275961e+005    7.02970002499760e+002    1.00000000000000e+000   -0.00000000000000e+000   -0.00000000000000e+000   -0.00000000000000e+000         1    3.00000000000000e+003       593 Internal sink/source: {UZF-GWRCH}                 
       594       594    3.00000000000000e+003    1.36844773135052e+006    1.17578920603476e+005    6.17190460084544e+002    1.00000000000000e+000    0.00000000000000e+000    0.00000000000000e+000    0.00000000000000e+000         1    3.00000000000000e+003       594 Starting_Location                                 
       594     17713    3.00000000000000e+003    1.36844773135052e+006    1.17578920603476e+005    6.59750257419223e+002    1.00000000000000e+000   -0.00000000000000e+000   -0.00000000000000e+000   -0.00000000000000e+000         1    3.00000000000000e+003       594 Internal sink/source: {UZF-GWRCH}                 
       595       595    3.00000000000000e+003    1.37369425977192e+006    1.17449448100426e+005    6.17437332504829e+002    1.00000000000000e+000    0.00000000000000e+000    0.00000000000000e+000    0.00000000000000e+000         1    3.00000000000000e+003       595 Starting_Location                                 
       595     17725    3.00000000000000e+003    1.37369425977192e+006    1.17449448100426e+005    7.08415521040657e+002    1.00000000000000e+000   -0.00000000000000e+000   -0.00000000000000e+000   -0.00000000000000e+000         1    3.00000000000000e+003       595 Internal sink/source: {UZF-GWRCH}                 
       596       596    3.00000000000000e+003    1.36544927718686e+006    1.17286690109962e+005    6.17680188547862e+002    1.00000000000000e+000    0.00000000000000e+000    0.00000000000000e+000    0.00000000000000e+000         1    3.00000000000000e+003       596 Starting_Location                                 
       596     17667    3.00000000000000e+003    1.36544927718686e+006    1.17286690109962e+005    6.69286859804126e+002    1.00000000000000e+000   -0.00000000000000e+000   -0.00000000000000e+000   -0.00000000000000e+000         1    3.00000000000000e+003       596 Internal sink/source: {UZF-GWRCH}                 
       597       597    3.00000000000000e+003    1.36378501504671e+006    1.12348766388505e+005    6.17874746958933e+002    1.00000000000000e+000    0.00000000000000e+000    0.00000000000000e+000    0.00000000000000e+000         1    3.00000000000000e+003       597 Starting_Location                                 
       597     17680    3.00000000000000e+003    1.36378501504671e+006    1.12348766388505e+005    6.07521683069426e+002    1.00000000000000e+000   -0.00000000000000e+000   -0.00000000000000e+000   -0.00000000000000e+000         1    3.00000000000000e+003       597 Internal sink/source: {UZF-GWRCH}                 
       598       598    3.00000000000000e+003    1.37368515413438e+006    1.17121147474359e+005    6.18077486776720e+002    1.00000000000000e+000    0.00000000000000e+000    0.00000000000000e+000    0.00000000000000e+000         1    3.00000000000000e+003       598 Starting_Location                                 
       598     17683    3.00000000000000e+003    1.37368515413438e+006    1.17121147474359e+005    7.32481318029671e+002    1.00000000000000e+000   -0.00000000000000e+000   -0.00000000000000e+000   -0.00000000000000e+000         1    3.00000000000000e+003       598 Internal sink/source: {UZF-GWRCH}                 
       599       599    3.00000000000000e+003    1.36379941859392e+006    1.12022713935390e+005    6.18214103499750e+002    1.00000000000000e+000    0.00000000000000e+000    0.00000000000000e+000    0.00000000000000e+000         1    3.00000000000000e+003       599 Starting_Location                                 
       599     17707    3.00000000000000e+003    1.36379941859392e+006    1.12022713935390e+005    6.24232129981661e+002    1.00000000000000e+000   -0.00000000000000e+000   -0.00000000000000e+000   -0.00000000000000e+000         1    3.00000000000000e+003       599 Internal sink/source: {UZF-GWRCH}                 
       600       600    3.00000000000000e+003    1.36595258519413e+006    1.14358415769230e+005    6.18250620962391e+002    1.00000000000000e+000    0.00000000000000e+000    0.00000000000000e+000    0.00000000000000e+000         1    3.00000000000000e+003       600 Starting_Location                                 
       600     17765    3.00000000000000e+003    1.36595258519413e+006    1.14358415769230e+005    6.94352972270622e+002    1.00000000000000e+000   -0.00000000000000e+000   -0.00000000000000e+000   -0.00000000000000e+000         1    3.00000000000000e+003       600 Internal sink/source: {UZF-GWRCH}                 
       601       601    3.00000000000000e+003    1.36494544096882e+006    1.18152496819983e+005    6.18367551541679e+002    1.00000000000000e+000    0.00000000000000e+000    0.00000000000000e+000    0.00000000000000e+000         1    3.00000000000000e+003       601 Starting_Location                                 
       601     17786    3.00000000000000e+003    1.36494544096882e+006    1.18152496819983e+005    6.52112833369951e+002    1.00000000000000e+000   -0.00000000000000e+000   -0.00000000000000e+000   -0.00000000000000e+000         1    3.00000000000000e+003       601 Internal sink/source: {UZF-GWRCH}                 
       602       602    3.00000000000000e+003    1.36592726634862e+006    1.14688326475374e+005    6.18440871710419e+002    1.00000000000000e+000    0.00000000000000e+000    0.00000000000000e+000    0.00000000000000e+000         1    3.00000000000000e+003       602 Starting_Location                                 
       602     17787    3.00000000000000e+003    1.36592726634862e+006    1.14688326475374e+005    7.05254422396562e+002    1.00000000000000e+000   -0.00000000000000e+000   -0.00000000000000e+000   -0.00000000000000e+000         1    3.00000000000000e+003       602 Internal sink/source: {UZF-GWRCH}                 
       603       603    3.00000000000000e+003    1.36593791212559e+006    1.14823943773778e+005    6.18339927949041e+002    1.00000000000000e+000    0.00000000000000e+000    0.00000000000000e+000    0.00000000000000e+000         1    3.00000000000000e+003       603 Starting_Location                                 
       603     17788    3.00000000000000e+003    1.36593791212559e+006    1.14823943773778e+005    7.08534764022196e+002    1.00000000000000e+000   -0.00000000000000e+000   -0.00000000000000e+000   -0.00000000000000e+000         1    3.00000000000000e+003       603 Internal sink/source: {UZF-GWRCH}                 
       604       604    3.00000000000000e+003    1.37056991110914e+006    1.18685158846563e+005    6.18469760334807e+002    1.00000000000000e+000    0.00000000000000e+000    0.00000000000000e+000    0.00000000000000e+000         1    3.00000000000000e+003       604 Starting_Location                                 
       604     17726    3.00000000000000e+003    1.37056991110914e+006    1.18685158846563e+005    6.89023333781867e+002    1.00000000000000e+000   -0.00000000000000e+000   -0.00000000000000e+000   -0.00000000000000e+000         1    3.00000000000000e+003       604 Internal sink/source: {UZF-GWRCH}                 
       605       605    3.00000000000000e+003    1.37368478922374e+006    1.18517309894789e+005    6.18631131364572e+002    1.00000000000000e+000    0.00000000000000e+000    0.00000000000000e+000    0.00000000000000e+000         1    3.00000000000000e+003       605 Starting_Location                                 
       605     17727    3.00000000000000e+003    1.37368478922374e+006    1.18517309894789e+005    6.84265495136755e+002    1.00000000000000e+000   -0.00000000000000e+000   -0.00000000000000e+000   -0.00000000000000e+000         1    3.00000000000000e+003       605 Internal sink/source: {UZF-GWRCH}                 
       606       606    3.00000000000000e+003    1.36449297649277e+006    1.18827859243303e+005    6.18828226521742e+002    1.00000000000000e+000    0.00000000000000e+000    0.00000000000000e+000    0.00000000000000e+000         1    3.00000000000000e+003       606 Starting_Location                                 
       606     17739    3.00000000000000e+003    1.36449297649277e+006    1.18827859243303e+005    6.47808704240038e+002    1.00000000000000e+000   -0.00000000000000e+000   -0.00000000000000e+000   -0.00000000000000e+000         1    3.00000000000000e+003       606 Internal sink/source: {UZF-GWRCH}                 
       607       607    3.00000000000000e+003    1.36597031716437e+006    1.14448472033172e+005    6.18933165033671e+002    1.00000000000000e+000    0.00000000000000e+000    0.00000000000000e+000    0.00000000000000e+000         1    3.00000000000000e+003       607 Starting_Location                                 
       607     17764    3.00000000000000e+003    1.36597031716437e+006    1.14448472033172e+005    7.02302986399330e+002    1.00000000000000e+000   -0.00000000000000e+000   -0.00000000000000e+000   -0.00000000000000e+000         1    3.00000000000000e+003       607 Internal sink/source: {UZF-GWRCH}                 
       608       608    3.00000000000000e+003    1.36588951025626e+006    1.17924790569375e+005    6.18943119469327e+002    1.00000000000000e+000    0.00000000000000e+000    0.00000000000000e+000    0.00000000000000e+000         1    3.00000000000000e+003       608 Starting_Location                                 
       608     17852    3.00000000000000e+003    1.36588951025626e+006    1.17924790569375e+005    7.00360414967578e+002    1.00000000000000e+000   -0.00000000000000e+000   -0.00000000000000e+000   -0.00000000000000e+000         1    3.00000000000000e+003       608 Internal sink/source: {UZF-GWRCH}                 
       609       609    3.00000000000000e+003    1.36514309396292e+006    1.18576300968671e+005    6.19053024201808e+002    1.00000000000000e+000    0.00000000000000e+000    0.00000000000000e+000    0.00000000000000e+000         1    3.00000000000000e+003       609 Starting_Location                                 
       609     17865    3.00000000000000e+003    1.36514309396292e+006    1.18576300968671e+005    6.62920880252125e+002    1.00000000000000e+000   -0.00000000000000e+000   -0.00000000000000e+000   -0.00000000000000e+000         1    3.00000000000000e+003       609 Internal sink/source: {UZF-GWRCH}                 
       610       610    3.00000000000000e+003    1.36375282415376e+006    1.11547633399991e+005    6.19138962544968e+002    1.00000000000000e+000    0.00000000000000e+000    0.00000000000000e+000    0.00000000000000e+000         1    3.00000000000000e+003       610 Starting_Location                                 
       610     17886    3.00000000000000e+003    1.36375282415376e+006    1.11547633399991e+005    6.30002855582015e+002    1.00000000000000e+000   -0.00000000000000e+000   -0.00000000000000e+000   -0.00000000000000e+000         1    3.00000000000000e+003       610 Internal sink/source: {RCH} {UZF-GWRCH}           
       611       611    3.00000000000000e+003    1.36516991186216e+006    1.13555145991504e+005    6.19124943741694e+002    1.00000000000000e+000    0.00000000000000e+000    0.00000000000000e+000    0.00000000000000e+000         1    3.00000000000000e+003       611 Starting_Location                                 
       611     17907    3.00000000000000e+003    1.36516991186216e+006    1.13555145991504e+005    6.54586859133435e+002    1.00000000000000e+000   -0.00000000000000e+000   -0.00000000000000e+000   -0.00000000000000e+000         1    3.00000000000000e+003       611 Internal sink/source: {UZF-GWRCH}                 
       612       612    3.00000000000000e+003    1.37364044896491e+006    1.17546034565896e+005    6.18925533772868e+002    1.00000000000000e+000    0.00000000000000e+000    0.00000000000000e+000    0.00000000000000e+000         1    3.00000000000000e+003       612 Starting_Location                                 
       612     17802    3.00000000000000e+003    1.37364044896491e+006    1.17546034565896e+005    7.04729676857842e+002    1.00000000000000e+000   -0.00000000000000e+000   -0.00000000000000e+000   -0.00000000000000e+000         1    3.00000000000000e+003       612 Internal sink/source: {UZF-GWRCH}                 
       613       613    3.00000000000000e+003    1.37492625513805e+006    1.19021074474664e+005    6.19337211626609e+002    1.00000000000000e+000    0.00000000000000e+000    0.00000000000000e+000    0.00000000000000e+000         1    3.00000000000000e+003       613 Starting_Location                                 
       613     17808    3.00000000000000e+003    1.37492625513805e+006    1.19021074474664e+005    6.89837921354210e+002    1.00000000000000e+000   -0.00000000000000e+000   -0.00000000000000e+000   -0.00000000000000e+000         1    3.00000000000000e+003       613 Internal sink/source: {UZF-GWRCH}                 
       614       614    3.00000000000000e+003    1.36559795351073e+006    1.18251412515637e+005    6.19665984150298e+002    1.00000000000000e+000    0.00000000000000e+000    0.00000000000000e+000    0.00000000000000e+000         1    3.00000000000000e+003       614 Starting_Location                                 
       614     17839    3.00000000000000e+003    1.36559795351073e+006    1.18251412515637e+005    6.69193411757571e+002    1.00000000000000e+000   -0.00000000000000e+000   -0.00000000000000e+000   -0.00000000000000e+000         1    3.00000000000000e+003       614 Internal sink/source: {UZF-GWRCH}                 
       615       615    3.00000000000000e+003    1.37045612905159e+006    1.18457811089909e+005    6.19966623449800e+002    1.00000000000000e+000    0.00000000000000e+000    0.00000000000000e+000    0.00000000000000e+000         1    3.00000000000000e+003       615 Starting_Location                                 
       615     17840    3.00000000000000e+003    1.37045612905159e+006    1.18457811089909e+005    6.90812104179133e+002    1.00000000000000e+000   -0.00000000000000e+000   -0.00000000000000e+000   -0.00000000000000e+000         1    3.00000000000000e+003       615 Internal sink/source: {UZF-GWRCH}                 
       616       616    3.00000000000000e+003    1.37288916896930e+006    1.16902504142387e+005    6.20138010954680e+002    1.00000000000000e+000    0.00000000000000e+000    0.00000000000000e+000    0.00000000000000e+000         1    3.00000000000000e+003       616 Starting_Location                                 
       616     17015    3.00000000000000e+003    1.37288916896930e+006    1.16902504142387e+005    7.60687362943688e+002    1.00000000000000e+000   -0.00000000000000e+000   -0.00000000000000e+000   -0.00000000000000e+000         1    3.00000000000000e+003       616 Internal sink/source: {UZF-GWRCH}                 
       617       617    3.00000000000000e+003    1.36570533858082e+006    1.13828388850850e+005    6.20195134663580e+002    1.00000000000000e+000    0.00000000000000e+000    0.00000000000000e+000    0.00000000000000e+000         1    3.00000000000000e+003       617 Starting_Location                                 
       617     17017    3.00000000000000e+003    1.36570533858082e+006    1.13828388850850e+005    6.74214968434317e+002    1.00000000000000e+000   -0.00000000000000e+000   -0.00000000000000e+000   -0.00000000000000e+000         1    3.00000000000000e+003       617 Internal sink/source: {UZF-GWRCH}                 
       618       618    3.00000000000000e+003    1.36576094435582e+006    1.13880453751404e+005    6.20176759994161e+002    1.00000000000000e+000    0.00000000000000e+000    0.00000000000000e+000    0.00000000000000e+000         1    3.00000000000000e+003       618 Starting_Location                                 
       618     17018    3.00000000000000e+003    1.36576094435582e+006    1.13880453751404e+005    6.74251766015566e+002    1.00000000000000e+000   -0.00000000000000e+000   -0.00000000000000e+000   -0.00000000000000e+000         1    3.00000000000000e+003       618 Internal sink/source: {UZF-GWRCH}                 
       619       619    3.00000000000000e+003    1.36763077094411e+006    1.17159120519463e+005    6.20415432600107e+002    1.00000000000000e+000    0.00000000000000e+000    0.00000000000000e+000    0.00000000000000e+000         1    3.00000000000000e+003       619 Starting_Location                                 
       619     17020    3.00000000000000e+003    1.36763077094411e+006    1.17159120519463e+005    7.10657684548221e+002    1.00000000000000e+000   -0.00000000000000e+000   -0.00000000000000e+000   -0.00000000000000e+000         1    3.00000000000000e+003       619 Internal sink/source: {UZF-GWRCH}                 
       620       620    3.00000000000000e+003    1.36370250077460e+006    1.11480288670838e+005    6.20473142664069e+002    1.00000000000000e+000    0.00000000000000e+000    0.00000000000000e+000    0.00000000000000e+000         1    3.00000000000000e+003       620 Starting_Location                                 
       620     16923    3.00000000000000e+003    1.36370250077460e+006    1.11480288670838e+005    6.26241947805012e+002    1.00000000000000e+000   -0.00000000000000e+000   -0.00000000000000e+000   -0.00000000000000e+000         1    3.00000000000000e+003       620 Internal sink/source: {RCH} {UZF-GWRCH}           
       621       621    3.00000000000000e+003    1.36890816157062e+006    1.17872872199633e+005    6.21262101324244e+002    1.00000000000000e+000    0.00000000000000e+000    0.00000000000000e+000    0.00000000000000e+000         1    3.00000000000000e+003       621 Starting_Location                                 
       621     16944    3.00000000000000e+003    1.36890816157062e+006    1.17872872199633e+005    6.87570561992069e+002    1.00000000000000e+000   -0.00000000000000e+000   -0.00000000000000e+000   -0.00000000000000e+000         1    3.00000000000000e+003       621 Internal sink/source: {UZF-GWRCH}                 
       622       622    3.00000000000000e+003    1.36573018982285e+006    1.15947806509970e+005    6.22703739951418e+002    1.00000000000000e+000    0.00000000000000e+000    0.00000000000000e+000    0.00000000000000e+000         1    3.00000000000000e+003       622 Starting_Location                                 
       622     16946    3.00000000000000e+003    1.36573018982285e+006    1.15947806509970e+005    6.91722293083536e+002    1.00000000000000e+000   -0.00000000000000e+000   -0.00000000000000e+000   -0.00000000000000e+000         1    3.00000000000000e+003       622 Internal sink/source: {UZF-GWRCH}                 
       623       623    3.00000000000000e+003    1.36952614861792e+006    1.18111927585152e+005    6.23574506650149e+002    1.00000000000000e+000    0.00000000000000e+000    0.00000000000000e+000    0.00000000000000e+000         1    3.00000000000000e+003       623 Starting_Location                                 
       623     16951    3.00000000000000e+003    1.36952614861792e+006    1.18111927585152e+005    7.04624978059998e+002    1.00000000000000e+000   -0.00000000000000e+000   -0.00000000000000e+000   -0.00000000000000e+000         1    3.00000000000000e+003       623 Internal sink/source: {UZF-GWRCH}                 
       624       624    3.00000000000000e+003    1.36426350903995e+006    1.18927410869238e+005    6.25547829263377e+002    1.00000000000000e+000    0.00000000000000e+000    0.00000000000000e+000    0.00000000000000e+000         1    3.00000000000000e+003       624 Starting_Location                                 
       624     17423    3.00000000000000e+003    1.36426350903995e+006    1.18927410869238e+005    6.24666238499761e+002    1.00000000000000e+000   -0.00000000000000e+000   -0.00000000000000e+000   -0.00000000000000e+000         1    3.00000000000000e+003       624 Internal sink/source: {UZF-GWRCH}                 
       625       625    3.00000000000000e+003    1.36549269418068e+006    1.17152785920673e+005    6.27666497088708e+002    1.00000000000000e+000    0.00000000000000e+000    0.00000000000000e+000    0.00000000000000e+000         1    3.00000000000000e+003       625 Starting_Location                                 
       625     17424    3.00000000000000e+003    1.36549269418068e+006    1.17152785920673e+005    6.67483520539556e+002    1.00000000000000e+000   -0.00000000000000e+000   -0.00000000000000e+000   -0.00000000000000e+000         1    3.00000000000000e+003       625 Internal sink/source: {UZF-GWRCH}                 
       626       626    3.00000000000000e+003    1.36501659478386e+006    1.18047276913894e+005    6.33275781386055e+002    1.00000000000000e+000    0.00000000000000e+000    0.00000000000000e+000    0.00000000000000e+000         1    3.00000000000000e+003       626 Starting_Location                                 
       626     17425    3.00000000000000e+003    1.36501659478386e+006    1.18047276913894e+005    6.53264803779057e+002    1.00000000000000e+000   -0.00000000000000e+000   -0.00000000000000e+000   -0.00000000000000e+000         1    3.00000000000000e+003       626 Internal sink/source: {UZF-GWRCH}                 
       627       627    3.00000000000000e+003    1.36591746627971e+006    1.15013618111365e+005    6.36445386549369e+002    1.00000000000000e+000    0.00000000000000e+000    0.00000000000000e+000    0.00000000000000e+000         1    3.00000000000000e+003       627 Starting_Location                                 
       627     17427    3.00000000000000e+003    1.36591746627971e+006    1.15013618111365e+005    7.08520639650763e+002    1.00000000000000e+000   -0.00000000000000e+000   -0.00000000000000e+000   -0.00000000000000e+000         1    3.00000000000000e+003       627 Internal sink/source: {UZF-GWRCH}                 
       628       628    3.00000000000000e+003    1.36416286989652e+006    1.18408066046963e+005    6.42679878669106e+002    1.00000000000000e+000    0.00000000000000e+000    0.00000000000000e+000    0.00000000000000e+000         1    3.00000000000000e+003       628 Starting_Location                                 
       628     17023    3.00000000000000e+003    1.36416286989652e+006    1.18408066046963e+005    6.18423254830995e+002    1.00000000000000e+000   -0.00000000000000e+000   -0.00000000000000e+000   -0.00000000000000e+000         1    3.00000000000000e+003       628 Internal sink/source: {UZF-GWRCH}                 
       629       629    3.00000000000000e+003    1.36380946571442e+006    1.11878440693252e+005    6.45350529249021e+002    1.00000000000000e+000    0.00000000000000e+000    0.00000000000000e+000    0.00000000000000e+000         1    3.00000000000000e+003       629 Starting_Location                                 
       629     17420    3.00000000000000e+003    1.36380946571442e+006    1.11878440693252e+005    6.28868863413868e+002    1.00000000000000e+000   -0.00000000000000e+000   -0.00000000000000e+000   -0.00000000000000e+000         1    3.00000000000000e+003       629 Internal sink/source: {UZF-GWRCH}                 
       630       630    3.00000000000000e+003    1.36379803295206e+006    1.12210922306929e+005    6.46836722330104e+002    1.00000000000000e+000    0.00000000000000e+000    0.00000000000000e+000    0.00000000000000e+000         1    3.00000000000000e+003       630 Starting_Location                                 
       630     17421    3.00000000000000e+003    1.36379803295206e+006    1.12210922306929e+005    6.14113549114246e+002    1.00000000000000e+000   -0.00000000000000e+000   -0.00000000000000e+000   -0.00000000000000e+000         1    3.00000000000000e+003       630 Internal sink/source: {UZF-GWRCH}                 
       631       631    3.00000000000000e+003    1.36456915319092e+006    1.13281686599620e+005    6.50533000327651e+002    1.00000000000000e+000    0.00000000000000e+000    0.00000000000000e+000    0.00000000000000e+000         1    3.00000000000000e+003       631 Starting_Location                                 
       631     17422    3.00000000000000e+003    1.36456915319092e+006    1.13281686599620e+005    6.19132571306054e+002    1.00000000000000e+000   -0.00000000000000e+000   -0.00000000000000e+000   -0.00000000000000e+000         1    3.00000000000000e+003       631 Internal sink/source: {UZF-GWRCH}                 
       632       632    3.00000000000000e+003    1.37369670084884e+006    1.17291342746985e+005    6.51949156482920e+002    1.00000000000000e+000    0.00000000000000e+000    0.00000000000000e+000    0.00000000000000e+000         1    3.00000000000000e+003       632 Starting_Location                                 
       632     17468    3.00000000000000e+003    1.37369670084884e+006    1.17291342746985e+005    7.15947027255776e+002    1.00000000000000e+000   -0.00000000000000e+000   -0.00000000000000e+000   -0.00000000000000e+000         1    3.00000000000000e+003       632 Internal sink/source: {UZF-GWRCH}                 
       633       633    3.00000000000000e+003    1.36989056081912e+006    1.18243793683062e+005    6.52756647741921e+002    1.00000000000000e+000    0.00000000000000e+000    0.00000000000000e+000    0.00000000000000e+000         1    3.00000000000000e+003       633 Starting_Location                                 
       633     17482    3.00000000000000e+003    1.36989056081912e+006    1.18243793683062e+005    7.04119270042093e+002    1.00000000000000e+000   -0.00000000000000e+000   -0.00000000000000e+000   -0.00000000000000e+000         1    3.00000000000000e+003       633 Internal sink/source: {UZF-GWRCH}                 
       634       634    3.00000000000000e+003    1.36898810471775e+006    1.17922679210232e+005    6.53274607251195e+002    1.00000000000000e+000    0.00000000000000e+000    0.00000000000000e+000    0.00000000000000e+000         1    3.00000000000000e+003       634 Starting_Location                                 
       634     17499    3.00000000000000e+003    1.36898810471775e+006    1.17922679210232e+005    6.89047392804889e+002    1.00000000000000e+000   -0.00000000000000e+000   -0.00000000000000e+000   -0.00000000000000e+000         1    3.00000000000000e+003       634 Internal sink/source: {UZF-GWRCH}                 
       635       635    3.00000000000000e+003    1.37362908949337e+006    1.18384775357071e+005    6.53754257077725e+002    1.00000000000000e+000    0.00000000000000e+000    0.00000000000000e+000    0.00000000000000e+000         1    3.00000000000000e+003       635 Starting_Location                                 
       635     17500    3.00000000000000e+003    1.37362908949337e+006    1.18384775357071e+005    6.85640891425095e+002    1.00000000000000e+000   -0.00000000000000e+000   -0.00000000000000e+000   -0.00000000000000e+000         1    3.00000000000000e+003       635 Internal sink/source: {UZF-GWRCH}                 
       636       636    3.00000000000000e+003    1.36617608279435e+006    1.17651550488961e+005    6.54233407544175e+002    1.00000000000000e+000    0.00000000000000e+000    0.00000000000000e+000    0.00000000000000e+000         1    3.00000000000000e+003       636 Starting_Location                                 
       636     17429    3.00000000000000e+003    1.36617608279435e+006    1.17651550488961e+005    7.08259584111795e+002    1.00000000000000e+000   -0.00000000000000e+000   -0.00000000000000e+000   -0.00000000000000e+000         1    3.00000000000000e+003       636 Internal sink/source: {UZF-GWRCH}                 
       637       637    3.00000000000000e+003    1.37265418088117e+006    1.17148480724055e+005    6.54789142106060e+002    1.00000000000000e+000    0.00000000000000e+000    0.00000000000000e+000    0.00000000000000e+000         1    3.00000000000000e+003       637 Starting_Location                                 
       637     17445    3.00000000000000e+003    1.37265418088117e+006    1.17148480724055e+005    7.53510674841209e+002    1.00000000000000e+000   -0.00000000000000e+000   -0.00000000000000e+000   -0.00000000000000e+000         1    3.00000000000000e+003       637 Internal sink/source: {UZF-GWRCH}                 
       638       638    3.00000000000000e+003    1.36376254626887e+006    1.11700556953633e+005    6.55554182556709e+002    1.00000000000000e+000    0.00000000000000e+000    0.00000000000000e+000    0.00000000000000e+000         1    3.00000000000000e+003       638 Starting_Location                                 
       638     17460    3.00000000000000e+003    1.36376254626887e+006    1.11700556953633e+005    6.28466354472566e+002    1.00000000000000e+000   -0.00000000000000e+000   -0.00000000000000e+000   -0.00000000000000e+000         1    3.00000000000000e+003       638 Internal sink/source: {UZF-GWRCH}                 
       639       639    3.00000000000000e+003    1.36727662787222e+006    1.17362663771268e+005    6.56286993346953e+002    1.00000000000000e+000    0.00000000000000e+000    0.00000000000000e+000    0.00000000000000e+000         1    3.00000000000000e+003       639 Starting_Location                                 
       639     17462    3.00000000000000e+003    1.36727662787222e+006    1.17362663771268e+005    7.14489144710451e+002    1.00000000000000e+000   -0.00000000000000e+000   -0.00000000000000e+000   -0.00000000000000e+000         1    3.00000000000000e+003       639 Internal sink/source: {UZF-GWRCH}                 
       640       640    3.00000000000000e+003    1.36432213307308e+006    1.13091454604723e+005    6.56890630867910e+002    1.00000000000000e+000    0.00000000000000e+000    0.00000000000000e+000    0.00000000000000e+000         1    3.00000000000000e+003       640 Starting_Location                                 
       640     17536    3.00000000000000e+003    1.36432213307308e+006    1.13091454604723e+005    6.22843363068329e+002    1.00000000000000e+000   -0.00000000000000e+000   -0.00000000000000e+000   -0.00000000000000e+000         1    3.00000000000000e+003       640 Internal sink/source: {UZF-GWRCH}                 
       641       641    3.00000000000000e+003    1.36452671766763e+006    1.18303138691007e+005    6.57448688883264e+002    1.00000000000000e+000    0.00000000000000e+000    0.00000000000000e+000    0.00000000000000e+000         1    3.00000000000000e+003       641 Starting_Location                                 
       641     17538    3.00000000000000e+003    1.36452671766763e+006    1.18303138691007e+005    6.30552491867075e+002    1.00000000000000e+000   -0.00000000000000e+000   -0.00000000000000e+000   -0.00000000000000e+000         1    3.00000000000000e+003       641 Internal sink/source: {UZF-GWRCH}                 
       642       642    3.00000000000000e+003    1.36571395945602e+006    1.16150504399416e+005    6.57974773483034e+002    1.00000000000000e+000    0.00000000000000e+000    0.00000000000000e+000    0.00000000000000e+000         1    3.00000000000000e+003       642 Starting_Location                                 
       642     17540    3.00000000000000e+003    1.36571395945602e+006    1.16150504399416e+005    6.85781159898729e+002    1.00000000000000e+000   -0.00000000000000e+000   -0.00000000000000e+000   -0.00000000000000e+000         1    3.00000000000000e+003       642 Internal sink/source: {UZF-GWRCH}                 
       643       643    3.00000000000000e+003    1.36586857827124e+006    1.15357475763879e+005    6.58423906680408e+002    1.00000000000000e+000    0.00000000000000e+000    0.00000000000000e+000    0.00000000000000e+000         1    3.00000000000000e+003       643 Starting_Location                                 
       643     17541    3.00000000000000e+003    1.36586857827124e+006    1.15357475763879e+005    7.06937594680313e+002    1.00000000000000e+000   -0.00000000000000e+000   -0.00000000000000e+000   -0.00000000000000e+000         1    3.00000000000000e+003       643 Internal sink/source: {UZF-GWRCH}                 
       644       644    3.00000000000000e+003    1.36566440807309e+006    1.16781554906744e+005    6.58959770415277e+002    1.00000000000000e+000    0.00000000000000e+000    0.00000000000000e+000    0.00000000000000e+000         1    3.00000000000000e+003       644 Starting_Location                                 
       644     17501    3.00000000000000e+003    1.36566440807309e+006    1.16781554906744e+005    6.71852741771727e+002    1.00000000000000e+000   -0.00000000000000e+000   -0.00000000000000e+000   -0.00000000000000e+000         1    3.00000000000000e+003       644 Internal sink/source: {UZF-GWRCH}                 
       645       645    3.00000000000000e+003    1.36341423781286e+006    1.11192295444140e+005    6.59462713054739e+002    1.00000000000000e+000    0.00000000000000e+000    0.00000000000000e+000    0.00000000000000e+000         1    3.00000000000000e+003       645 Starting_Location                                 
       645     17531    3.00000000000000e+003    1.36341423781286e+006    1.11192295444140e+005    6.23543673726955e+002    1.00000000000000e+000   -0.00000000000000e+000   -0.00000000000000e+000   -0.00000000000000e+000         1    3.00000000000000e+003       645 Internal sink/source: {RCH} {UZF-GWRCH}           
       646       646    3.00000000000000e+003    1.36355402431233e+006    1.11335936814100e+005    6.59887549477424e+002    1.00000000000000e+000    0.00000000000000e+000    0.00000000000000e+000    0.00000000000000e+000         1    3.00000000000000e+003       646 Starting_Location                                 
       646     17532    3.00000000000000e+003    1.36355402431233e+006    1.11335936814100e+005    6.23417347744450e+002    1.00000000000000e+000   -0.00000000000000e+000   -0.00000000000000e+000   -0.00000000000000e+000         1    3.00000000000000e+003       646 Internal sink/source: {RCH} {UZF-GWRCH}           
       647       647    3.00000000000000e+003    1.36412443043468e+006    1.12908051923308e+005    6.60236415858009e+002    1.00000000000000e+000    0.00000000000000e+000    0.00000000000000e+000    0.00000000000000e+000         1    3.00000000000000e+003       647 Starting_Location                                 
       647     17533    3.00000000000000e+003    1.36412443043468e+006    1.12908051923308e+005    6.22301472042201e+002    1.00000000000000e+000   -0.00000000000000e+000   -0.00000000000000e+000   -0.00000000000000e+000         1    3.00000000000000e+003       647 Internal sink/source: {UZF-GWRCH}                 
       648       648    3.00000000000000e+003    1.37300077893987e+006    1.16812067005280e+005    6.60554096434698e+002    1.00000000000000e+000    0.00000000000000e+000    0.00000000000000e+000    0.00000000000000e+000         1    3.00000000000000e+003       648 Starting_Location                                 
       648     18282    3.00000000000000e+003    1.37300077893987e+006    1.16812067005280e+005    7.62796210341104e+002    1.00000000000000e+000   -0.00000000000000e+000   -0.00000000000000e+000   -0.00000000000000e+000         1    3.00000000000000e+003       648 Internal sink/source: {UZF-GWRCH}                 
       649       649    3.00000000000000e+003    1.36380705566562e+006    1.12575233582487e+005    6.60845975866405e+002    1.00000000000000e+000    0.00000000000000e+000    0.00000000000000e+000    0.00000000000000e+000         1    3.00000000000000e+003       649 Starting_Location                                 
       649     18287    3.00000000000000e+003    1.36380705566562e+006    1.12575233582487e+005    6.09575469891414e+002    1.00000000000000e+000   -0.00000000000000e+000   -0.00000000000000e+000   -0.00000000000000e+000         1    3.00000000000000e+003       649 Internal sink/source: {UZF-GWRCH}                 
       650       650    3.00000000000000e+003    1.36591546750085e+006    1.15288939137296e+005    6.61117867876142e+002    1.00000000000000e+000    0.00000000000000e+000    0.00000000000000e+000    0.00000000000000e+000         1    3.00000000000000e+003       650 Starting_Location                                 
       650     18289    3.00000000000000e+003    1.36591546750085e+006    1.15288939137296e+005    7.11563405001524e+002    1.00000000000000e+000   -0.00000000000000e+000   -0.00000000000000e+000   -0.00000000000000e+000         1    3.00000000000000e+003       650 Internal sink/source: {UZF-GWRCH}                 
       651       651    3.00000000000000e+003    1.36607491597123e+006    1.17727849802825e+005    6.61359417920471e+002    1.00000000000000e+000    0.00000000000000e+000    0.00000000000000e+000    0.00000000000000e+000         1    3.00000000000000e+003       651 Starting_Location                                 
       651     18290    3.00000000000000e+003    1.36607491597123e+006    1.17727849802825e+005    7.06462290199193e+002    1.00000000000000e+000   -0.00000000000000e+000   -0.00000000000000e+000   -0.00000000000000e+000         1    3.00000000000000e+003       651 Internal sink/source: {UZF-GWRCH}                 
       652       652    3.00000000000000e+003    1.37310094436172e+006    1.16767630120130e+005    6.61576683862277e+002    1.00000000000000e+000    0.00000000000000e+000    0.00000000000000e+000    0.00000000000000e+000         1    3.00000000000000e+003       652 Starting_Location                                 
       652     18261    3.00000000000000e+003    1.37310094436172e+006    1.16767630120130e+005    7.64231080497364e+002    1.00000000000000e+000   -0.00000000000000e+000   -0.00000000000000e+000   -0.00000000000000e+000         1    3.00000000000000e+003       652 Internal sink/source: {UZF-GWRCH}                 
       653       653    3.00000000000000e+003    1.37231886909258e+006    1.17555930586099e+005    6.61788543784367e+002    1.00000000000000e+000    0.00000000000000e+000    0.00000000000000e+000    0.00000000000000e+000         1    3.00000000000000e+003       653 Starting_Location                                 
       653     18265    3.00000000000000e+003    1.37231886909258e+006    1.17555930586099e+005    6.92237156086043e+002    1.00000000000000e+000   -0.00000000000000e+000   -0.00000000000000e+000   -0.00000000000000e+000         1    3.00000000000000e+003       653 Internal sink/source: {UZF-GWRCH}                 
       654       654    3.00000000000000e+003    1.37030871008864e+006    1.18345065251988e+005    6.61975708697549e+002    1.00000000000000e+000    0.00000000000000e+000    0.00000000000000e+000    0.00000000000000e+000         1    3.00000000000000e+003       654 Starting_Location                                 
       654     18275    3.00000000000000e+003    1.37030871008864e+006    1.18345065251988e+005    6.90883981350830e+002    1.00000000000000e+000   -0.00000000000000e+000   -0.00000000000000e+000   -0.00000000000000e+000         1    3.00000000000000e+003       654 Internal sink/source: {UZF-GWRCH}                 
       655       655    3.00000000000000e+003    1.36514329835767e+006    1.17666067459863e+005    6.62164014597632e+002    1.00000000000000e+000    0.00000000000000e+000    0.00000000000000e+000    0.00000000000000e+000         1    3.00000000000000e+003       655 Starting_Location                                 
       655     18277    3.00000000000000e+003    1.36514329835767e+006    1.17666067459863e+005    6.59706912374671e+002    1.00000000000000e+000   -0.00000000000000e+000   -0.00000000000000e+000   -0.00000000000000e+000         1    3.00000000000000e+003       655 Internal sink/source: {UZF-GWRCH}                 
       656       656    3.00000000000000e+003    1.36480776005602e+006    1.18695405196598e+005    6.62322492320648e+002    1.00000000000000e+000    0.00000000000000e+000    0.00000000000000e+000    0.00000000000000e+000         1    3.00000000000000e+003       656 Starting_Location                                 
       656     18366    3.00000000000000e+003    1.36480776005602e+006    1.18695405196598e+005    6.58974207812080e+002    1.00000000000000e+000   -0.00000000000000e+000   -0.00000000000000e+000   -0.00000000000000e+000         1    3.00000000000000e+003       656 Internal sink/source: {UZF-GWRCH}                 
       657       657    3.00000000000000e+003    1.36598151814506e+006    1.17817293003347e+005    6.62468499925619e+002    1.00000000000000e+000    0.00000000000000e+000    0.00000000000000e+000    0.00000000000000e+000         1    3.00000000000000e+003       657 Starting_Location                                 
       657     18367    3.00000000000000e+003    1.36598151814506e+006    1.17817293003347e+005    7.04225436960084e+002    1.00000000000000e+000   -0.00000000000000e+000   -0.00000000000000e+000   -0.00000000000000e+000         1    3.00000000000000e+003       657 Internal sink/source: {UZF-GWRCH}                 
       658       658    3.00000000000000e+003    1.36486807300676e+006    1.13451866634672e+005    6.62596501054713e+002    1.00000000000000e+000    0.00000000000000e+000    0.00000000000000e+000    0.00000000000000e+000         1    3.00000000000000e+003       658 Starting_Location                                 
       658     18369    3.00000000000000e+003    1.36486807300676e+006    1.13451866634672e+005    6.26842387313624e+002    1.00000000000000e+000   -0.00000000000000e+000   -0.00000000000000e+000   -0.00000000000000e+000         1    3.00000000000000e+003       658 Internal sink/source: {UZF-GWRCH}                 
       659       659    3.00000000000000e+003    1.36977636597032e+006    1.18155471661576e+005    6.62722140401704e+002    1.00000000000000e+000    0.00000000000000e+000    0.00000000000000e+000    0.00000000000000e+000         1    3.00000000000000e+003       659 Starting_Location                                 
       659     18387    3.00000000000000e+003    1.36977636597032e+006    1.18155471661576e+005    7.05852363282792e+002    1.00000000000000e+000   -0.00000000000000e+000   -0.00000000000000e+000   -0.00000000000000e+000         1    3.00000000000000e+003       659 Internal sink/source: {UZF-GWRCH}                 
       660       660    3.00000000000000e+003    1.37334174455089e+006    1.16760404713960e+005    6.62844792179890e+002    1.00000000000000e+000    0.00000000000000e+000    0.00000000000000e+000    0.00000000000000e+000         1    3.00000000000000e+003       660 Starting_Location                                 
       660     18293    3.00000000000000e+003    1.37334174455089e+006    1.16760404713960e+005    7.65248252110662e+002    1.00000000000000e+000   -0.00000000000000e+000   -0.00000000000000e+000   -0.00000000000000e+000         1    3.00000000000000e+003       660 Internal sink/source: {UZF-GWRCH}                 
       661       661    3.00000000000000e+003    1.36703226696786e+006    1.17381122628619e+005    6.62948900694688e+002    1.00000000000000e+000    0.00000000000000e+000    0.00000000000000e+000    0.00000000000000e+000         1    3.00000000000000e+003       661 Starting_Location                                 
       661     18318    3.00000000000000e+003    1.36703226696786e+006    1.17381122628619e+005    7.15113102082566e+002    1.00000000000000e+000   -0.00000000000000e+000   -0.00000000000000e+000   -0.00000000000000e+000         1    3.00000000000000e+003       661 Internal sink/source: {UZF-GWRCH}                 
       662       662    3.00000000000000e+003    1.36468453835975e+006    1.13292551923723e+005    6.63018363756810e+002    1.00000000000000e+000    0.00000000000000e+000    0.00000000000000e+000    0.00000000000000e+000         1    3.00000000000000e+003       662 Starting_Location                                 
       662     18351    3.00000000000000e+003    1.36468453835975e+006    1.13292551923723e+005    6.25308429525977e+002    1.00000000000000e+000   -0.00000000000000e+000   -0.00000000000000e+000   -0.00000000000000e+000         1    3.00000000000000e+003       662 Internal sink/source: {UZF-GWRCH}                 
       663       663    3.00000000000000e+003    1.36525310329052e+006    1.17448552157578e+005    6.63030807950418e+002    1.00000000000000e+000    0.00000000000000e+000    0.00000000000000e+000    0.00000000000000e+000         1    3.00000000000000e+003       663 Starting_Location                                 
       663     18352    3.00000000000000e+003    1.36525310329052e+006    1.17448552157578e+005    6.62943828360357e+002    1.00000000000000e+000   -0.00000000000000e+000   -0.00000000000000e+000   -0.00000000000000e+000         1    3.00000000000000e+003       663 Internal sink/source: {UZF-GWRCH}                 
       664       664    3.00000000000000e+003    1.36732823182365e+006    1.17338466514310e+005    6.62981156237293e+002    1.00000000000000e+000    0.00000000000000e+000    0.00000000000000e+000    0.00000000000000e+000         1    3.00000000000000e+003       664 Starting_Location                                 
       664     18427    3.00000000000000e+003    1.36732823182365e+006    1.17338466514310e+005    7.14259152651519e+002    1.00000000000000e+000   -0.00000000000000e+000   -0.00000000000000e+000   -0.00000000000000e+000         1    3.00000000000000e+003       664 Internal sink/source: {UZF-GWRCH}                 
       665       665    3.00000000000000e+003    1.36996240311108e+006    1.18214097192969e+005    6.63071866960548e+002    1.00000000000000e+000    0.00000000000000e+000    0.00000000000000e+000    0.00000000000000e+000         1    3.00000000000000e+003       665 Starting_Location                                 
       665     18433    3.00000000000000e+003    1.36996240311108e+006    1.18214097192969e+005    7.04066009539732e+002    1.00000000000000e+000   -0.00000000000000e+000   -0.00000000000000e+000   -0.00000000000000e+000         1    3.00000000000000e+003       665 Internal sink/source: {UZF-GWRCH}                 
       666       666    3.00000000000000e+003    1.36904350844339e+006    1.17919907673455e+005    6.63302101663780e+002    1.00000000000000e+000    0.00000000000000e+000    0.00000000000000e+000    0.00000000000000e+000         1    3.00000000000000e+003       666 Starting_Location                                 
       666     18437    3.00000000000000e+003    1.36904350844339e+006    1.17919907673455e+005    6.89649171739842e+002    1.00000000000000e+000   -0.00000000000000e+000   -0.00000000000000e+000   -0.00000000000000e+000         1    3.00000000000000e+003       666 Internal sink/source: {UZF-GWRCH}                 
       667       667    3.00000000000000e+003    1.36897861317699e+006    1.17847164830430e+005    6.63473383610633e+002    1.00000000000000e+000    0.00000000000000e+000    0.00000000000000e+000    0.00000000000000e+000         1    3.00000000000000e+003       667 Starting_Location                                 
       667     18438    3.00000000000000e+003    1.36897861317699e+006    1.17847164830430e+005    6.89194705932028e+002    1.00000000000000e+000   -0.00000000000000e+000   -0.00000000000000e+000   -0.00000000000000e+000         1    3.00000000000000e+003       667 Internal sink/source: {UZF-GWRCH}                 
       668       668    3.00000000000000e+003    1.36580539436059e+006    1.13932181293741e+005    6.63561718567672e+002    1.00000000000000e+000    0.00000000000000e+000    0.00000000000000e+000    0.00000000000000e+000         1    3.00000000000000e+003       668 Starting_Location                                 
       668     18391    3.00000000000000e+003    1.36580539436059e+006    1.13932181293741e+005    6.74892236307346e+002    1.00000000000000e+000   -0.00000000000000e+000   -0.00000000000000e+000   -0.00000000000000e+000         1    3.00000000000000e+003       668 Internal sink/source: {UZF-GWRCH}                 
       669       669    3.00000000000000e+003    1.36534089081239e+006    1.13625734518800e+005    6.63592480907205e+002    1.00000000000000e+000    0.00000000000000e+000    0.00000000000000e+000    0.00000000000000e+000         1    3.00000000000000e+003       669 Starting_Location                                 
       669     18407    3.00000000000000e+003    1.36534089081239e+006    1.13625734518800e+005    6.64111966314909e+002    1.00000000000000e+000   -0.00000000000000e+000   -0.00000000000000e+000   -0.00000000000000e+000         1    3.00000000000000e+003       669 Internal sink/source: {UZF-GWRCH}                 
       670       670    3.00000000000000e+003    1.36382687644691e+006    1.12151957163968e+005    6.63452258542265e+002    1.00000000000000e+000    0.00000000000000e+000    0.00000000000000e+000    0.00000000000000e+000         1    3.00000000000000e+003       670 Starting_Location                                 
       670     18415    3.00000000000000e+003    1.36382687644691e+006    1.12151957163968e+005    6.19885170466977e+002    1.00000000000000e+000   -0.00000000000000e+000   -0.00000000000000e+000   -0.00000000000000e+000         1    3.00000000000000e+003       670 Internal sink/source: {UZF-GWRCH}                 
       671       671    3.00000000000000e+003    1.36321273946461e+006    1.10937500826788e+005    6.63409305890706e+002    1.00000000000000e+000    0.00000000000000e+000    0.00000000000000e+000    0.00000000000000e+000         1    3.00000000000000e+003       671 Starting_Location                                 
       671     18426    3.00000000000000e+003    1.36321273946461e+006    1.10937500826788e+005    6.20122096127062e+002    1.00000000000000e+000   -0.00000000000000e+000   -0.00000000000000e+000   -0.00000000000000e+000         1    3.00000000000000e+003       671 Internal sink/source: {RCH} {UZF-GWRCH}           
       672       672    3.00000000000000e+003    1.36853843101228e+006    1.17626920696357e+005    6.63781296577332e+002    1.00000000000000e+000    0.00000000000000e+000    0.00000000000000e+000    0.00000000000000e+000         1    3.00000000000000e+003       672 Starting_Location                                 
       672     18472    3.00000000000000e+003    1.36853843101228e+006    1.17626920696357e+005    6.64164332010803e+002    1.00000000000000e+000   -0.00000000000000e+000   -0.00000000000000e+000   -0.00000000000000e+000         1    3.00000000000000e+003       672 Internal sink/source: {UZF-GWRCH}                 
       673       673    3.00000000000000e+003    1.36504702122947e+006    1.18597427071173e+005    6.64203379625968e+002    1.00000000000000e+000    0.00000000000000e+000    0.00000000000000e+000    0.00000000000000e+000         1    3.00000000000000e+003       673 Starting_Location                                 
       673     18506    3.00000000000000e+003    1.36504702122947e+006    1.18597427071173e+005    6.62168578716207e+002    1.00000000000000e+000   -0.00000000000000e+000   -0.00000000000000e+000   -0.00000000000000e+000         1    3.00000000000000e+003       673 Internal sink/source: {UZF-GWRCH}                 
       674       674    3.00000000000000e+003    1.36556081907340e+006    1.13741419756505e+005    6.64431612203865e+002    1.00000000000000e+000    0.00000000000000e+000    0.00000000000000e+000    0.00000000000000e+000         1    3.00000000000000e+003       674 Starting_Location                                 
       674     18514    3.00000000000000e+003    1.36556081907340e+006    1.13741419756505e+005    6.72078287392914e+002    1.00000000000000e+000   -0.00000000000000e+000   -0.00000000000000e+000   -0.00000000000000e+000         1    3.00000000000000e+003       674 Internal sink/source: {UZF-GWRCH}                 
       675       675    3.00000000000000e+003    1.36463190305222e+006    1.18291147751760e+005    6.64859308771132e+002    1.00000000000000e+000    0.00000000000000e+000    0.00000000000000e+000    0.00000000000000e+000         1    3.00000000000000e+003       675 Starting_Location                                 
       675     18540    3.00000000000000e+003    1.36463190305222e+006    1.18291147751760e+005    6.36199403958002e+002    1.00000000000000e+000   -0.00000000000000e+000   -0.00000000000000e+000   -0.00000000000000e+000         1    3.00000000000000e+003       675 Internal sink/source: {UZF-GWRCH}                 
       676       676    3.00000000000000e+003    1.36414912904743e+006    1.12979779476777e+005    6.65222513800145e+002    1.00000000000000e+000    0.00000000000000e+000    0.00000000000000e+000    0.00000000000000e+000         1    3.00000000000000e+003       676 Starting_Location                                 
       676     18446    3.00000000000000e+003    1.36414912904743e+006    1.12979779476777e+005    6.21145718714731e+002    1.00000000000000e+000   -0.00000000000000e+000   -0.00000000000000e+000   -0.00000000000000e+000         1    3.00000000000000e+003       676 Internal sink/source: {UZF-GWRCH}                 
       677       677    3.00000000000000e+003    1.36872298466468e+006    1.17735020642835e+005    6.65458221884244e+002    1.00000000000000e+000    0.00000000000000e+000    0.00000000000000e+000    0.00000000000000e+000         1    3.00000000000000e+003       677 Starting_Location                                 
       677     18454    3.00000000000000e+003    1.36872298466468e+006    1.17735020642835e+005    6.84756878229879e+002    1.00000000000000e+000   -0.00000000000000e+000   -0.00000000000000e+000   -0.00000000000000e+000         1    3.00000000000000e+003       677 Internal sink/source: {UZF-GWRCH}                 
       678       678    3.00000000000000e+003    1.36440230501037e+006    1.18373766951131e+005    6.65965585852804e+002    1.00000000000000e+000    0.00000000000000e+000    0.00000000000000e+000    0.00000000000000e+000         1    3.00000000000000e+003       678 Starting_Location                                 
       678     18466    3.00000000000000e+003    1.36440230501037e+006    1.18373766951131e+005    6.24578075607033e+002    1.00000000000000e+000   -0.00000000000000e+000   -0.00000000000000e+000   -0.00000000000000e+000         1    3.00000000000000e+003       678 Internal sink/source: {UZF-GWRCH}                 
       679       679    3.00000000000000e+003    1.36338226624863e+006    1.11147750756343e+005    6.66388206183664e+002    1.00000000000000e+000    0.00000000000000e+000    0.00000000000000e+000    0.00000000000000e+000         1    3.00000000000000e+003       679 Starting_Location                                 
       679     18469    3.00000000000000e+003    1.36338226624863e+006    1.11147750756343e+005    6.23849253928909e+002    1.00000000000000e+000   -0.00000000000000e+000   -0.00000000000000e+000   -0.00000000000000e+000         1    3.00000000000000e+003       679 Internal sink/source: {RCH} {UZF-GWRCH}           
       680       680    3.00000000000000e+003    1.36564447396886e+006    1.16731930182601e+005    6.66735304077845e+002    1.00000000000000e+000    0.00000000000000e+000    0.00000000000000e+000    0.00000000000000e+000         1    3.00000000000000e+003       680 Starting_Location                                 
       680     17964    3.00000000000000e+003    1.36564447396886e+006    1.16731930182601e+005    6.67590332587054e+002    1.00000000000000e+000   -0.00000000000000e+000   -0.00000000000000e+000   -0.00000000000000e+000         1    3.00000000000000e+003       680 Internal sink/source: {UZF-GWRCH}                 
       681       681    3.00000000000000e+003    1.36567900105376e+006    1.16864382482487e+005    6.66979971634833e+002    1.00000000000000e+000    0.00000000000000e+000    0.00000000000000e+000    0.00000000000000e+000         1    3.00000000000000e+003       681 Starting_Location                                 
       681     17965    3.00000000000000e+003    1.36567900105376e+006    1.16864382482487e+005    6.79974224749219e+002    1.00000000000000e+000   -0.00000000000000e+000   -0.00000000000000e+000   -0.00000000000000e+000         1    3.00000000000000e+003       681 Internal sink/source: {UZF-GWRCH}                 
       682       682    3.00000000000000e+003    1.36426863004833e+006    1.13048120591744e+005    6.67172492305570e+002    1.00000000000000e+000    0.00000000000000e+000    0.00000000000000e+000    0.00000000000000e+000         1    3.00000000000000e+003       682 Starting_Location                                 
       682     17978    3.00000000000000e+003    1.36426863004833e+006    1.13048120591744e+005    6.22944964921235e+002    1.00000000000000e+000   -0.00000000000000e+000   -0.00000000000000e+000   -0.00000000000000e+000         1    3.00000000000000e+003       682 Internal sink/source: {UZF-GWRCH}                 
       683       683    3.00000000000000e+003    1.36457611543126e+006    1.18307600227074e+005    6.67245390617496e+002    1.00000000000000e+000    0.00000000000000e+000    0.00000000000000e+000    0.00000000000000e+000         1    3.00000000000000e+003       683 Starting_Location                                 
       683     17979    3.00000000000000e+003    1.36457611543126e+006    1.18307600227074e+005    6.35477475136771e+002    1.00000000000000e+000   -0.00000000000000e+000   -0.00000000000000e+000   -0.00000000000000e+000         1    3.00000000000000e+003       683 Internal sink/source: {UZF-GWRCH}                 
       684       684    3.00000000000000e+003    1.36541649559155e+006    1.13657783635448e+005    6.67692957395271e+002    1.00000000000000e+000    0.00000000000000e+000    0.00000000000000e+000    0.00000000000000e+000         1    3.00000000000000e+003       684 Starting_Location                                 
       684     17909    3.00000000000000e+003    1.36541649559155e+006    1.13657783635448e+005    6.67819732437385e+002    1.00000000000000e+000   -0.00000000000000e+000   -0.00000000000000e+000   -0.00000000000000e+000         1    3.00000000000000e+003       684 Internal sink/source: {UZF-GWRCH}                 
       685       685    3.00000000000000e+003    1.36452623576464e+006    1.13237932364307e+005    6.67909376502467e+002    1.00000000000000e+000    0.00000000000000e+000    0.00000000000000e+000    0.00000000000000e+000         1    3.00000000000000e+003       685 Starting_Location                                 
       685     17924    3.00000000000000e+003    1.36452623576464e+006    1.13237932364307e+005    6.20305596227208e+002    1.00000000000000e+000   -0.00000000000000e+000   -0.00000000000000e+000   -0.00000000000000e+000         1    3.00000000000000e+003       685 Internal sink/source: {UZF-GWRCH}                 
       686       686    3.00000000000000e+003    1.36554127132424e+006    1.17121631331318e+005    6.68709046542790e+002    1.00000000000000e+000    0.00000000000000e+000    0.00000000000000e+000    0.00000000000000e+000         1    3.00000000000000e+003       686 Starting_Location                                 
       686     17925    3.00000000000000e+003    1.36554127132424e+006    1.17121631331318e+005    6.71785434302764e+002    1.00000000000000e+000   -0.00000000000000e+000   -0.00000000000000e+000   -0.00000000000000e+000         1    3.00000000000000e+003       686 Internal sink/source: {UZF-GWRCH}                 
       687       687    3.00000000000000e+003    1.36593665055277e+006    1.14957321444582e+005    6.69454895660637e+002    1.00000000000000e+000    0.00000000000000e+000    0.00000000000000e+000    0.00000000000000e+000         1    3.00000000000000e+003       687 Starting_Location                                 
       687     17927    3.00000000000000e+003    1.36593665055277e+006    1.14957321444582e+005    7.10484599780431e+002    1.00000000000000e+000   -0.00000000000000e+000   -0.00000000000000e+000   -0.00000000000000e+000         1    3.00000000000000e+003       687 Internal sink/source: {UZF-GWRCH}                 
       688       688    3.00000000000000e+003    1.37011385838860e+006    1.18240307496446e+005    6.70238280610043e+002    1.00000000000000e+000    0.00000000000000e+000    0.00000000000000e+000    0.00000000000000e+000         1    3.00000000000000e+003       688 Starting_Location                                 
       688     18036    3.00000000000000e+003    1.37011385838860e+006    1.18240307496446e+005    7.00613214649624e+002    1.00000000000000e+000   -0.00000000000000e+000   -0.00000000000000e+000   -0.00000000000000e+000         1    3.00000000000000e+003       688 Internal sink/source: {UZF-GWRCH}                 
       689       689    3.00000000000000e+003    1.37065629799057e+006    1.18889987688053e+005    6.71145617469142e+002    1.00000000000000e+000    0.00000000000000e+000    0.00000000000000e+000    0.00000000000000e+000         1    3.00000000000000e+003       689 Starting_Location                                 
       689     18038    3.00000000000000e+003    1.37065629799057e+006    1.18889987688053e+005    6.87128871542315e+002    1.00000000000000e+000   -0.00000000000000e+000   -0.00000000000000e+000   -0.00000000000000e+000         1    3.00000000000000e+003       689 Internal sink/source: {UZF-GWRCH}                 
       690       690    3.00000000000000e+003    1.36712531287977e+006    1.17377983229430e+005    6.72235266571627e+002    1.00000000000000e+000    0.00000000000000e+000    0.00000000000000e+000    0.00000000000000e+000         1    3.00000000000000e+003       690 Starting_Location                                 
       690     18039    3.00000000000000e+003    1.36712531287977e+006    1.17377983229430e+005    7.14973506824855e+002    1.00000000000000e+000   -0.00000000000000e+000   -0.00000000000000e+000   -0.00000000000000e+000         1    3.00000000000000e+003       690 Internal sink/source: {UZF-GWRCH}                 
       691       691    3.00000000000000e+003    1.37373179998682e+006    1.18629351301907e+005    6.73393164162266e+002    1.00000000000000e+000    0.00000000000000e+000    0.00000000000000e+000    0.00000000000000e+000         1    3.00000000000000e+003       691 Starting_Location                                 
       691     18047    3.00000000000000e+003    1.37373179998682e+006    1.18629351301907e+005    6.83341244216947e+002    1.00000000000000e+000   -0.00000000000000e+000   -0.00000000000000e+000   -0.00000000000000e+000         1    3.00000000000000e+003       691 Internal sink/source: {UZF-GWRCH}                 
       692       692    3.00000000000000e+003    1.37608026596126e+006    1.19020312103640e+005    6.74631855450203e+002    1.00000000000000e+000    0.00000000000000e+000    0.00000000000000e+000    0.00000000000000e+000         1    3.00000000000000e+003       692 Starting_Location                                 
       692     18003    3.00000000000000e+003    1.37608026596126e+006    1.19020312103640e+005    6.98388770825092e+002    1.00000000000000e+000   -0.00000000000000e+000   -0.00000000000000e+000   -0.00000000000000e+000         1    3.00000000000000e+003       692 Internal sink/source: {UZF-GWRCH}                 
       693       693    3.00000000000000e+003    1.36551141361012e+006    1.18370685441328e+005    6.75838001744388e+002    1.00000000000000e+000    0.00000000000000e+000    0.00000000000000e+000    0.00000000000000e+000         1    3.00000000000000e+003       693 Starting_Location                                 
       693     18015    3.00000000000000e+003    1.36551141361012e+006    1.18370685441328e+005    6.65780379676770e+002    1.00000000000000e+000   -0.00000000000000e+000   -0.00000000000000e+000   -0.00000000000000e+000         1    3.00000000000000e+003       693 Internal sink/source: {UZF-GWRCH}                 
       694       694    3.00000000000000e+003    1.37116015348275e+006    1.19652929469819e+005    6.77163717409368e+002    1.00000000000000e+000    0.00000000000000e+000    0.00000000000000e+000    0.00000000000000e+000         1    3.00000000000000e+003       694 Starting_Location                                 
       694     18020    3.00000000000000e+003    1.37116015348275e+006    1.19652929469819e+005    6.82164526081177e+002    1.00000000000000e+000   -0.00000000000000e+000   -0.00000000000000e+000   -0.00000000000000e+000         1    3.00000000000000e+003       694 Internal sink/source: {UZF-GWRCH}                 
       695       695    3.00000000000000e+003    1.37101070534650e+006    1.19708798427704e+005    6.78786433387154e+002    1.00000000000000e+000    0.00000000000000e+000    0.00000000000000e+000    0.00000000000000e+000         1    3.00000000000000e+003       695 Starting_Location                                 
       695     18021    3.00000000000000e+003    1.37101070534650e+006    1.19708798427704e+005    6.82838106770592e+002    1.00000000000000e+000   -0.00000000000000e+000   -0.00000000000000e+000   -0.00000000000000e+000         1    3.00000000000000e+003       695 Internal sink/source: {UZF-GWRCH}                 
       696       696    3.00000000000000e+003    1.36396223921355e+006    1.12671078220550e+005    6.80877807944646e+002    1.00000000000000e+000    0.00000000000000e+000    0.00000000000000e+000    0.00000000000000e+000         1    3.00000000000000e+003       696 Starting_Location                                 
       696     18160    3.00000000000000e+003    1.36396223921355e+006    1.12671078220550e+005    6.20332918250650e+002    1.00000000000000e+000   -0.00000000000000e+000   -0.00000000000000e+000   -0.00000000000000e+000         1    3.00000000000000e+003       696 Internal sink/source: {UZF-GWRCH}                 
       697       697    3.00000000000000e+003    1.37623214792388e+006    1.18563536048024e+005    6.82690396121681e+002    1.00000000000000e+000    0.00000000000000e+000    0.00000000000000e+000    0.00000000000000e+000         1    3.00000000000000e+003       697 Starting_Location                                 
       697     18161    3.00000000000000e+003    1.37623214792388e+006    1.18563536048024e+005    7.02622878662415e+002    1.00000000000000e+000   -0.00000000000000e+000   -0.00000000000000e+000   -0.00000000000000e+000         1    3.00000000000000e+003       697 Internal sink/source: {UZF-GWRCH}                 
       698       698    3.00000000000000e+003    1.36400595952957e+006    1.12796163898382e+005    6.84462144788511e+002    1.00000000000000e+000    0.00000000000000e+000    0.00000000000000e+000    0.00000000000000e+000         1    3.00000000000000e+003       698 Starting_Location                                 
       698     18168    3.00000000000000e+003    1.36400595952957e+006    1.12796163898382e+005    6.18822883812316e+002    1.00000000000000e+000   -0.00000000000000e+000   -0.00000000000000e+000   -0.00000000000000e+000         1    3.00000000000000e+003       698 Internal sink/source: {UZF-GWRCH}                 
       699       699    3.00000000000000e+003    1.37499961414901e+006    1.18986017660666e+005    6.86622219215937e+002    1.00000000000000e+000    0.00000000000000e+000    0.00000000000000e+000    0.00000000000000e+000         1    3.00000000000000e+003       699 Starting_Location                                 
       699     18170    3.00000000000000e+003    1.37499961414901e+006    1.18986017660666e+005    6.90700197943212e+002    1.00000000000000e+000   -0.00000000000000e+000   -0.00000000000000e+000   -0.00000000000000e+000         1    3.00000000000000e+003       699 Internal sink/source: {UZF-GWRCH}                 
       700       700    3.00000000000000e+003    1.36577791379822e+006    1.18060182048640e+005    6.88951279588860e+002    1.00000000000000e+000    0.00000000000000e+000    0.00000000000000e+000    0.00000000000000e+000         1    3.00000000000000e+003       700 Starting_Location                                 
       700     18081    3.00000000000000e+003    1.36577791379822e+006    1.18060182048640e+005    6.83672910408927e+002    1.00000000000000e+000   -0.00000000000000e+000   -0.00000000000000e+000   -0.00000000000000e+000         1    3.00000000000000e+003       700 Internal sink/source: {UZF-GWRCH}                 
       701       701    3.00000000000000e+003    1.37041863980150e+006    1.18385586896645e+005    6.91214551143967e+002    1.00000000000000e+000    0.00000000000000e+000    0.00000000000000e+000    0.00000000000000e+000         1    3.00000000000000e+003       701 Starting_Location                                 
       701     18088    3.00000000000000e+003    1.37041863980150e+006    1.18385586896645e+005    6.91367447004788e+002    1.00000000000000e+000   -0.00000000000000e+000   -0.00000000000000e+000   -0.00000000000000e+000         1    3.00000000000000e+003       701 Internal sink/source: {UZF-GWRCH}                 
       702       702    3.00000000000000e+003    1.36447288023913e+006    1.13196699748738e+005    6.93719646155751e+002    1.00000000000000e+000    0.00000000000000e+000    0.00000000000000e+000    0.00000000000000e+000         1    3.00000000000000e+003       702 Starting_Location                                 
       702     18115    3.00000000000000e+003    1.36447288023913e+006    1.13196699748738e+005    6.20907182352978e+002    1.00000000000000e+000   -0.00000000000000e+000   -0.00000000000000e+000   -0.00000000000000e+000         1    3.00000000000000e+003       702 Internal sink/source: {UZF-GWRCH}                 
       703       703    3.00000000000000e+003    1.36558423864288e+006    1.17071648766637e+005    6.96992885947864e+002    1.00000000000000e+000    0.00000000000000e+000    0.00000000000000e+000    0.00000000000000e+000         1    3.00000000000000e+003       703 Starting_Location                                 
       703     18116    3.00000000000000e+003    1.36558423864288e+006    1.17071648766637e+005    6.73915272533786e+002    1.00000000000000e+000   -0.00000000000000e+000   -0.00000000000000e+000   -0.00000000000000e+000         1    3.00000000000000e+003       703 Internal sink/source: {UZF-GWRCH}                 
       704       704    3.00000000000000e+003    1.36923765516025e+006    1.18032767935996e+005    6.99923642621421e+002    1.00000000000000e+000    0.00000000000000e+000    0.00000000000000e+000    0.00000000000000e+000         1    3.00000000000000e+003       704 Starting_Location                                 
       704     18218    3.00000000000000e+003    1.36923765516025e+006    1.18032767935996e+005    6.99408707555262e+002    1.00000000000000e+000   -0.00000000000000e+000   -0.00000000000000e+000   -0.00000000000000e+000         1    3.00000000000000e+003       704 Internal sink/source: {UZF-GWRCH}                 
       705       705    3.00000000000000e+003    1.37371027783917e+006    1.18698729394249e+005    7.02474168943520e+002    1.00000000000000e+000    0.00000000000000e+000    0.00000000000000e+000    0.00000000000000e+000         1    3.00000000000000e+003       705 Starting_Location                                 
       705     18222    3.00000000000000e+003    1.37371027783917e+006    1.18698729394249e+005    6.82537924831132e+002    1.00000000000000e+000   -0.00000000000000e+000   -0.00000000000000e+000   -0.00000000000000e+000         1    3.00000000000000e+003       705 Internal sink/source: {UZF-GWRCH}                 
       706       706    3.00000000000000e+003    1.36493709048305e+006    1.13451116407207e+005    7.03471699549235e+002    1.00000000000000e+000    0.00000000000000e+000    0.00000000000000e+000    0.00000000000000e+000         1    3.00000000000000e+003       706 Starting_Location                                 
       706     18233    3.00000000000000e+003    1.36493709048305e+006    1.13451116407207e+005    6.32571986487474e+002    1.00000000000000e+000   -0.00000000000000e+000   -0.00000000000000e+000   -0.00000000000000e+000         1    3.00000000000000e+003       706 Internal sink/source: {UZF-GWRCH}                 
       707       707    3.00000000000000e+003    1.36574474723615e+006    1.15803586556195e+005    7.04308920934610e+002    1.00000000000000e+000    0.00000000000000e+000    0.00000000000000e+000    0.00000000000000e+000         1    3.00000000000000e+003       707 Starting_Location                                 
       707     18257    3.00000000000000e+003    1.36574474723615e+006    1.15803586556195e+005    6.83872510763094e+002    1.00000000000000e+000   -0.00000000000000e+000   -0.00000000000000e+000   -0.00000000000000e+000         1    3.00000000000000e+003       707 Internal sink/source: {UZF-GWRCH}                 
       708       708    3.00000000000000e+003    1.36573642522441e+006    1.18122002756158e+005    7.05009304532939e+002    1.00000000000000e+000    0.00000000000000e+000    0.00000000000000e+000    0.00000000000000e+000         1    3.00000000000000e+003       708 Starting_Location                                 
       708     18172    3.00000000000000e+003    1.36573642522441e+006    1.18122002756158e+005    6.79201901385985e+002    1.00000000000000e+000   -0.00000000000000e+000   -0.00000000000000e+000   -0.00000000000000e+000         1    3.00000000000000e+003       708 Internal sink/source: {UZF-GWRCH}                 
       709       709    3.00000000000000e+003    1.36489096480975e+006    1.18225044014462e+005    7.05535511584322e+002    1.00000000000000e+000    0.00000000000000e+000    0.00000000000000e+000    0.00000000000000e+000         1    3.00000000000000e+003       709 Starting_Location                                 
       709     18213    3.00000000000000e+003    1.36489096480975e+006    1.18225044014462e+005    6.53223616712149e+002    1.00000000000000e+000   -0.00000000000000e+000   -0.00000000000000e+000   -0.00000000000000e+000         1    3.00000000000000e+003       709 Internal sink/source: {UZF-GWRCH}                 
       710       710    3.00000000000000e+003    1.36418915677889e+006    1.18928661559719e+005    7.06038048734996e+002    1.00000000000000e+000    0.00000000000000e+000    0.00000000000000e+000    0.00000000000000e+000         1    3.00000000000000e+003       710 Starting_Location                                 
       710     18214    3.00000000000000e+003    1.36418915677889e+006    1.18928661559719e+005    6.21046077315011e+002    1.00000000000000e+000   -0.00000000000000e+000   -0.00000000000000e+000   -0.00000000000000e+000         1    3.00000000000000e+003       710 Internal sink/source: {UZF-GWRCH}                 
       711       711    3.00000000000000e+003    1.36563353321296e+006    1.16926853832496e+005    7.06470677084269e+002    1.00000000000000e+000    0.00000000000000e+000    0.00000000000000e+000    0.00000000000000e+000         1    3.00000000000000e+003       711 Starting_Location                                 
       711     18215    3.00000000000000e+003    1.36563353321296e+006    1.16926853832496e+005    6.76560957119735e+002    1.00000000000000e+000   -0.00000000000000e+000   -0.00000000000000e+000   -0.00000000000000e+000         1    3.00000000000000e+003       711 Internal sink/source: {UZF-GWRCH}                 
       712       712    3.00000000000000e+003    1.36680324597411e+006    9.83091113647849e+004    7.06829787214786e+002    1.00000000000000e+000    0.00000000000000e+000    0.00000000000000e+000    0.00000000000000e+000         1    3.00000000000000e+003       712 Starting_Location                                 
       712     17525    3.00000000000000e+003    1.36680324597411e+006    9.83091113647849e+004    7.51764486194352e+002    1.00000000000000e+000   -0.00000000000000e+000   -0.00000000000000e+000   -0.00000000000000e+000         1    3.00000000000000e+003       712 Internal sink/source: {UZF-GWRCH}                 
       713       713    3.00000000000000e+003    1.36718157310553e+006    9.83277792475732e+004    7.07220803488209e+002    1.00000000000000e+000    0.00000000000000e+000    0.00000000000000e+000    0.00000000000000e+000         1    3.00000000000000e+003       713 Starting_Location                                 
       713     17526    3.00000000000000e+003    1.36718157310553e+006    9.83277792475732e+004    7.75153144086825e+002    1.00000000000000e+000   -0.00000000000000e+000   -0.00000000000000e+000   -0.00000000000000e+000         1    3.00000000000000e+003       713 Internal sink/source: {UZF-GWRCH}                 
       714       714    3.00000000000000e+003    1.36543808458142e+006    9.83266130366939e+004    7.07483346569514e+002    1.00000000000000e+000    0.00000000000000e+000    0.00000000000000e+000    0.00000000000000e+000         1    3.00000000000000e+003       714 Starting_Location                                 
       714     17605    3.00000000000000e+003    1.36543808458142e+006    9.83266130366939e+004    7.23979004892470e+002    1.00000000000000e+000   -0.00000000000000e+000   -0.00000000000000e+000   -0.00000000000000e+000         1    3.00000000000000e+003       714 Internal sink/source: {UZF-GWRCH}                 
       715       715    3.00000000000000e+003    1.36552899297197e+006    9.82610309907523e+004    7.07698297921758e+002    1.00000000000000e+000    0.00000000000000e+000    0.00000000000000e+000    0.00000000000000e+000         1    3.00000000000000e+003       715 Starting_Location                                 
       715     17606    3.00000000000000e+003    1.36552899297197e+006    9.82610309907523e+004    7.23151787137563e+002    1.00000000000000e+000   -0.00000000000000e+000   -0.00000000000000e+000   -0.00000000000000e+000         1    3.00000000000000e+003       715 Internal sink/source: {UZF-GWRCH}                 
       716       716    3.00000000000000e+003    1.36385640461693e+006    9.84613178444231e+004    7.07931269693672e+002    1.00000000000000e+000    0.00000000000000e+000    0.00000000000000e+000    0.00000000000000e+000         1    3.00000000000000e+003       716 Starting_Location                                 
       716     17454    3.00000000000000e+003    1.36385640461693e+006    9.84613178444231e+004    7.21103733779079e+002    1.00000000000000e+000   -0.00000000000000e+000   -0.00000000000000e+000   -0.00000000000000e+000         1    3.00000000000000e+003       716 Internal sink/source: {UZF-GWRCH}                 
       717       717    3.00000000000000e+003    1.36580344724524e+006    9.82712921018019e+004    7.08235119426070e+002    1.00000000000000e+000    0.00000000000000e+000    0.00000000000000e+000    0.00000000000000e+000         1    3.00000000000000e+003       717 Starting_Location                                 
       717     17522    3.00000000000000e+003    1.36580344724524e+006    9.82712921018019e+004    7.23674221647600e+002    1.00000000000000e+000   -0.00000000000000e+000   -0.00000000000000e+000   -0.00000000000000e+000         1    3.00000000000000e+003       717 Internal sink/source: {UZF-GWRCH}                 
       718       718    3.00000000000000e+003    1.36612890059151e+006    9.82835102253771e+004    7.08549586714637e+002    1.00000000000000e+000    0.00000000000000e+000    0.00000000000000e+000    0.00000000000000e+000         1    3.00000000000000e+003       718 Starting_Location                                 
       718     17523    3.00000000000000e+003    1.36612890059151e+006    9.82835102253771e+004    7.24328028698437e+002    1.00000000000000e+000   -0.00000000000000e+000   -0.00000000000000e+000   -0.00000000000000e+000         1    3.00000000000000e+003       718 Internal sink/source: {UZF-GWRCH}                 
       719       719    3.00000000000000e+003    1.36645132665250e+006    9.82952085945767e+004    7.08887925358585e+002    1.00000000000000e+000    0.00000000000000e+000    0.00000000000000e+000    0.00000000000000e+000         1    3.00000000000000e+003       719 Starting_Location                                 
       719     17524    3.00000000000000e+003    1.36645132665250e+006    9.82952085945767e+004    7.28980233175044e+002    1.00000000000000e+000   -0.00000000000000e+000   -0.00000000000000e+000   -0.00000000000000e+000         1    3.00000000000000e+003       719 Internal sink/source: {UZF-GWRCH}                 
       720       720    3.00000000000000e+003    1.36449286599632e+006    9.83996983609749e+004    7.09272343439286e+002    1.00000000000000e+000    0.00000000000000e+000    0.00000000000000e+000    0.00000000000000e+000         1    3.00000000000000e+003       720 Starting_Location                                 
       720     17700    3.00000000000000e+003    1.36449286599632e+006    9.83996983609749e+004    7.22419741527396e+002    1.00000000000000e+000   -0.00000000000000e+000   -0.00000000000000e+000   -0.00000000000000e+000         1    3.00000000000000e+003       720 Internal sink/source: {UZF-GWRCH}                 
       721       721    3.00000000000000e+003    1.36437484752047e+006    9.84293466779284e+004    7.09686185087098e+002    1.00000000000000e+000    0.00000000000000e+000    0.00000000000000e+000    0.00000000000000e+000         1    3.00000000000000e+003       721 Starting_Location                                 
       721     17735    3.00000000000000e+003    1.36437484752047e+006    9.84293466779284e+004    7.22279842152667e+002    1.00000000000000e+000   -0.00000000000000e+000   -0.00000000000000e+000   -0.00000000000000e+000         1    3.00000000000000e+003       721 Internal sink/source: {UZF-GWRCH}                 
       722       722    3.00000000000000e+003    1.36385060250467e+006    1.02405843777827e+005    7.10122717517910e+002    1.00000000000000e+000    0.00000000000000e+000    0.00000000000000e+000    0.00000000000000e+000         1    3.00000000000000e+003       722 Starting_Location                                 
       722     17762    3.00000000000000e+003    1.36385060250467e+006    1.02405843777827e+005    8.13449096680000e+002    1.00000000000000e+000   -0.00000000000000e+000   -0.00000000000000e+000   -0.00000000000000e+000         1    3.00000000000000e+003       722 Inactive_Cell                                     
       723       723    3.00000000000000e+003    1.36353170045895e+006    1.01122051566966e+005    7.10557909088606e+002    1.00000000000000e+000    0.00000000000000e+000    0.00000000000000e+000    0.00000000000000e+000         1    3.00000000000000e+003       723 Starting_Location                                 
       723     17773    3.00000000000000e+003    1.36353170045895e+006    1.01122051566966e+005    7.20805784691395e+002    1.00000000000000e+000   -0.00000000000000e+000   -0.00000000000000e+000   -0.00000000000000e+000         1    3.00000000000000e+003       723 Internal sink/source: {UZF-GWRCH}                 
       724       724    3.00000000000000e+003    1.36368476585923e+006    9.87073191585999e+004    7.10952946451573e+002    1.00000000000000e+000    0.00000000000000e+000    0.00000000000000e+000    0.00000000000000e+000         1    3.00000000000000e+003       724 Starting_Location                                 
       724     17658    3.00000000000000e+003    1.36368476585923e+006    9.87073191585999e+004    7.21327536751630e+002    1.00000000000000e+000   -0.00000000000000e+000   -0.00000000000000e+000   -0.00000000000000e+000         1    3.00000000000000e+003       724 Internal sink/source: {UZF-GWRCH}                 
