0  2  0  1
3839  1
   0       0   792       1
   1       1     2       2
   2    9182     2       3
   3       4     3       4
   4    9184     4       5
   5    11711     5       6
   6       6  11522       7
   7    8964     7       8
   8    11716     8       9
   9      10     9      10
  10      10  9186      11
  11    11505    11      12
  12      13    12      13
  13      13  8592      14
  14      14    15      15
  15    9016    15      16
  16      16  11412      17
  17    8702    17      18
  18      18    19      19
  19    9190    19      20
  20      21    20      21
  21      21  9193      22
  22    8707    22      23
  23      24    23      24
  24    8710    24      25
  25    11559    25      26
  26      27    26      27
  27    9025    27      28
  28    9139    28      29
  29      29    30      30
  30      31    30      31
  31      31    32      32
  32      32  7167      33
  33      33    34      34
  34      34  8484      35
  35      35    36      36
  36      36  11725      37
  37      37  11417      38
  38      38  11729      39
  39    11414    39      40
  40      41    40      41
  41      41  8717      42
  42      42    43      43
  43    9031    43      44
  44      44  8198      45
  45      45    46      46
  46    8200    46      47
  47      47  11424      48
  48      48  9354      49
  49      50    49      50
  50      50  7775      51
  51      52    51      52
  52      52  9037      53
  53    8180    53      54
  54      55    54      55
  55    8181    55      56
  56    8190    56      57
  57      57    58      58
  58      58  8478      59
  59      59  8193      60
  60      60    61      61
  61    8195    61      62
  62      62    63      63
  63    8480    63      64
  64      64  9164      65
  65      65  11739      66
  66    11560    66      67
  67      68    67      68
  68    9209    68      69
  69      70    69      70
  70      70    71      71
  71      71  8788      72
  72      72  8520      73
  73      74    73      74
  74    6940    74      75
  75    9039    75      76
  76      77    76      77
  77    8725    77      78
  78      79    78      79
  79    8732    79      80
  80      81    80      81
  81    9046    81      82
  82      83    82      83
  83      84    83      84
  84      84    85      85
  85      85    86      86
  86      87    86      87
  87    6847    87      88
  88    9111    88      89
  89    7510    89      90
  90      90    91      91
  91      91  8286      92
  92      93    92      93
  93    8748    93      94
  94      95    94      95
  95    8749    95      96
  96    8751    96      97
  97      98    97      98
  98    8752    98      99
  99      99  8890     100
 100    6858   100     101
 101     102   101     102
 102     102   103     103
 103     103   104     104
 104    8754   104     105
 105    9560   105     106
 106    8852   106     107
 107     107  8850     108
 108     108   109     109
 109     110   109     110
 110     110  11454     111
 111    6930   111     112
 112     113   112     113
 113    7517   113     114
 114     115   114     115
 115    9061   115     116
 116    9170   116     117
 117    11784   117     118
 118     796   118     119
 119     119   120     120
 120    1561   120     121
 121    9298   121     122
 122    2204   122     123
 123     124   123     124
 124    8502   124     125
 125     125   126     126
 126    8772   126     127
 127     128   127     128
 128     128  8855     129
 129     129   130     130
 130     131   130     131
 131     131   132     132
 132    8221   132     133
 133     133   134     134
 134     134  8219     135
 135     136   135     136
 136    8760   136     137
 137     138   137     138
 138    9226   138     139
 139     139   140     140
 140    9230   140     141
 141     142   141     142
 142    8764   142     143
 143     144   143     144
 144    9228   144     145
 145     145   146     146
 146     147   146     147
 147    8461   147     148
 148     148  9136     149
 149    8330   149     150
 150     151   150     151
 151     151  6580     152
 152     153   152     153
 153     153  8327     154
 154    8853   154     155
 155     155  6933     156
 156     156   157     157
 157     157  8283     158
 158     159   158     159
 159     159  8766     160
 160     160  8183     161
 161     162   161     162
 162     162  1562     163
 163     163   164     164
 164     164  8525     165
 165     165   166     166
 166     166  7550     167
 167    11476   167     168
 168     799   168     169
 169     170   169     170
 170     170  8474     171
 171    11500   171     172
 172     172   173     173
 173     173  5964     174
 174     175   174     175
 175     175  8611     176
 176     176   177     177
 177     177  8233     178
 178     178   179     179
 179     179  9092     180
 180     180   181     181
 181     181  8498     182
 182     182   183     183
 183     183  8503     184
 184     184  11780     185
 185     185  7514     186
 186    11932   186     187
 187     187  1188     188
 188     188   189     189
 189    9221   189     190
 190     190  11761     191
 191     191   192     192
 192    5909   192     193
 193     194   193     194
 194     194  8492     195
 195     195   196     196
 196    8604   196     197
 197    11809   197     198
 198     198   199     199
 199    7750   199     200
 200    11749   200     201
 201    9456   201     202
 202    11753   202     203
 203     203  9086     204
 204     205   204     205
 205     205  1347     206
 206     206   207     207
 207     207  8603     208
 208     208   209     209
 209     209  9311     210
 210     210  11493     211
 211     211   212     212
 212    1534   212     213
 213    11699   213     214
 214    11600   214     215
 215     216   215     216
 216    9267   216     217
 217    11822   217     218
 218     218  8639     219
 219     219  8364     220
 220    9099   220     221
 221    1284   222     222
 222    1332   222     223
 223    1526   223     224
 224    1525   224     225
 225     225  1334     226
 226    1285   227     227
 227     227  1296     228
 228    7118   228     229
 229     229   230     230
 230    7113   230     231
 231    7120   231     232
 232    7140   232     233
 233    6760   233     234
 234     235  1041     235
 235     235  1362     236
 236    6777   236     237
 237    6780   237     238
 238     238  6159     239
 239     239  7584     240
 240     240  7769     241
 241    7583   241     242
 242    5578   242     243
 243     823  5586     244
 244     244  1302     245
 245     245  7555     246
 246     246  7210     247
 247     248   247     248
 248    2564  2321     249
 249     249  1291     250
 250    1040   244     251
 251    7665   251     252
 252     252  7355     253
 253    7358   253     254
 254     254   255     255
 255    7384   255     256
 256     256   257     257
 257    8377   257     258
 258     258  7332     259
 259    7055   259     260
 260    7058   260     261
 261     261   262     262
 262    7080   262     263
 263     264   263     264
 264    7341  7322     265
 265     265  6728     266
 266     267   266     267
 267     267  7302     268
 268     268  7826     269
 269     269  7825     270
 270     270  8407     271
 271     271  7805     272
 272    7708   272     273
 273    7848   273     274
 274     274  7682     275
 275     275  7422     276
 276    7416   276     277
 277     278   277     278
 278     278  7420     279
 279    2939   279     280
 280    6710   280     281
 281     281  7036     282
 282    7029   282     283
 283    6687  6663     284
 284     284  6572     285
 285     279  1011     286
 286     286  7738     287
 287     288   287     288
 288    1800  6818     289
 289     289  1326     290
 290    1012   291     291
 291     291   292     292
 292     292  6624     293
 293    8005   293     294
 294    7463   294     295
 295    7462   295     296
 296    7714   296     297
 297     297  7487     298
 298     298  7958     299
 299     299  8018     300
 300     300  8148     301
 301     301  7878     302
 302    7887   302     303
 303     303  7979     304
 304    8031   304     305
 305     306   305     306
 306    8132   306     307
 307     307  10733     308
 308     308  10764     309
 309     309  10770     310
 310     310  10546     311
 311     311  10056     312
 312    10579   312     313
 313    10578   313     314
 314    10396  9604     315
 315     315   316     316
 316     316  9599     317
 317    9345   317     318
 318    9344   318     319
 319     319   320     320
 320     321   827     321
 321     322  6928     322
 322     323   322     323
 323    8935   323     324
 324    9149   307     325
 325     325  10843     326
 326     326  10142     327
 327     327  10632     328
 328    10369   328     329
 329     329  10690     330
 330    10685   330     331
 331    10148   331     332
 332    10151   332     333
 333    10152   333     334
 334    9752   334     335
 335     336   335     336
 336     336  9342     337
 337    10298   338     338
 338    9341  10297     339
 339    10309  11266     340
 340    10881   340     341
 341     342  8621     342
 342     342   343     343
 343    6540   344     344
 344    1954  9843     345
 345     345   346     346
 346     347   346     347
 347    9632   347     348
 348    9869   348     349
 349     349  10417     350
 350    10743   350     351
 351     351  10520     352
 352    10759   352     353
 353     353  10938     354
 354     354  10894     355
 355    10899   356     356
 356    10989   357     357
 357     357  11112     358
 358     358  11140     359
 359     359  11125     360
 360    11123   360     361
 361     361  11072     362
 362     362  11017     363
 363     363  11009     364
 364    11011  11057     365
 365     365  11060     366
 366     366  10829     367
 367     367  10817     368
 368     368  1455     369
 369    1695   369     370
 370     370  2603     371
 371     371  3007     372
 372    2989   372     373
 373    2718  2695     374
 374    2663   374     375
 375    2351   375     376
 376     376  1801     377
 377     377  1307     378
 378     378  1142     379
 379     379  1588     380
 380    1820   380     381
 381     381  2653     382
 382    2723   382     383
 383    3041   383     384
 384    2969   384     385
 385     385  2626     386
 386    2578   386     387
 387    1540   387     388
 388     388  1203     389
 389     389  1979     390
 390    2480  2929     391
 391     391  2791     392
 392     392  2829     393
 393     393  2868     394
 394     394  3268     395
 395     395  3299     396
 396    4989   396     397
 397     397  4921     398
 398    4954   398     399
 399    5079   399     400
 400    5135   400     401
 401     401  5185     402
 402    5219   402     403
 403    5267   403     404
 404     856  5332     405
 405    5403   405     406
 406    5464   406     407
 407    5516   407     408
 408    1055  3649     409
 409    3638  3589     410
 410    3565   410     411
 411    3244  3255     412
 412    3204   412     413
 413    3148  3140     414
 414    3112   414     415
 415    3057  2774     416
 416     416  2447     417
 417    2387  1866     418
 418     418  1775     419
 419     419  1666     420
 420    1457   420     421
 421    2142   421     422
 422    2046  2062     423
 423    1390   423     424
 424    1849  1743     425
 425    1925   425     426
 426    2265  2254     427
 427    2229   427     428
 428     428  2533     429
 429    3486   429     430
 430    3691   430     431
 431     431  3747     432
 432    3790   432     433
 433    3830  3885     434
 434     434  3927     435
 435    3989   435     436
 436     436  4034     437
 437    4100   437     438
 438     438  4163     439
 439     439  4205     440
 440    4877  4872     441
 441    4762  4794     442
 442    4739  4581     443
 443    4480  4469     444
 444     444  4396     445
 445     445  4328     446
 446    4337   446     447
 447    4433   447     448
 448    4530   448     449
 449    4611   449     450
 450    4663   450     451
 451     451  4780     452
 452     452  5862     453
 453    5599   453     454
 454    5656   454     455
 455    5702   455     456
 456    5762   456     457
 457     458  5750     458
 458    5810   458     459
 459    6195   459     460
 460    6251   460     461
 461     461  6312     462
 462     462  6361     463
 463     463  6396     464
 464    6477  6449     465
 465    6072  6048     466
 466     466  6044     467
 467    6000  5984     468
 468    3607   468     469
 469    3382   469     470
 470     471  1480     471
 471    1470   471     472
 472     472  1321     473
 473     473  1486     474
 474     474  3342     475
 475    3384   475     476
 476     476  3612     477
 477    6014   477     478
 478    6066   478     479
 479    6521   479     480
 480    6499   480     481
 481     481  6393     482
 482    6341   482     483
 483     483  6298     484
 484    6211  6222     485
 485    5820  6191     486
 486     486  5800     487
 487    5769  5724     488
 488    5716   924     489
 489    5650  5662     490
 490    5628   490     491
 491    5844   491     492
 492    4819   492     493
 493    4705   493     494
 494    4624  4597     495
 495     495  4559     496
 496    4441   496     497
 497    4317  4354     498
 498     498  4289     499
 499     499  4388     500
 500     500  4471     501
 501     501  4610     502
 502     502  4798     503
 503    4887  4252     504
 504     504  4217     505
 505    4170   505     506
 506    4092  4086     507
 507     507  4071     508
 508     508  4048     509
 509     509  3955     510
 510    3838  3820     511
 511    3796   511     512
 512     512  3753     513
 513    3696   513     514
 514    3498   514     515
 515     515  2546     516
 516     516  2221     517
 517    2262   517     518
 518    1931   518     519
 519    1850   519     520
 520     520  1398     521
 521     521  2049     522
 522     522  2115     523
 523     523  2171     524
 524    1655   524     525
 525     525  1762     526
 526    1795  2410     527
 527    2433  2459     528
 528    3060   528     529
 529    3111   529     530
 530     530  3161     531
 531     531  3210     532
 532    3438   532     533
 533     533  3595     534
 534     534  3631     535
 535    3678   535     536
 536    5509   968     537
 537    5474   537     538
 538    5419   538     539
 539    5361  5337     540
 540    5256  5258     541
 541    5163  5180     542
 542    5158   542     543
 543    5191   543     544
 544    4939   545     545
 545    4927   545     546
 546     546  4951     547
 547    5005   547     548
 548    3281  3272     549
 549    2888  2886     550
 550     550  2855     551
 551    2816   551     552
 552    2779   552     553
 553     553  2485     554
 554     554  1978     555
 555     555  1948     556
 556    9473   557     557
 557    9582   558     558
 558    11709   559     559
 559    11714   560     560
 560    11521  8162     561
 561     561   562     562
 562     562  8587     563
 563    9584   564     564
 564    11556   565     565
 565    7174   566     566
 566     566   567     567
 567     568   567     568
 568    8699   569     569
 569     569   570     570
 570    8697   571     571
 571    11413   572     572
 572     573  9536     573
 573    9019   574     574
 574    11593  8705     575
 575    9023   576     576
 576    8709   577     577
 577    9198   578     578
 578     578   579     579
 579    8712  7899     580
 580    7553   581     581
 581     582   581     582
 582     583   582     583
 583     583   584     584
 584     585   584     585
 585    7745   586     586
 586     587   586     587
 587     588   587     588
 588    8202   589     589
 589     589   590     590
 590    11727   591     591
 591     592  11416     592
 592     593  11731     593
 593    11415   594     594
 594     594   595     595
 595    9033   596     596
 596     596   597     597
 597    9030   598     598
 598     598   599     599
 599    8199   600     600
 600     601  9395     601
 601    1017  6542     602
 602     602   603     603
 603     604   603     604
 604     605   604     605
 605    7726   605     606
 606     606   607     607
 607     607   608     608
 608     609  9036     609
 609     609   610     610
 610    8721   611     611
 611     612   611     612
 612     612   613     613
 613    9435   614     614
 614     615  8924     615
 615    8194   616     616
 616     617  9388     617
 617     618  8989     618
 618     618   619     619
 619     620  11570     620
 620    11742   621     621
 621    9207   622     622
 622     623  11431     623
 623     624   623     624
 624     624   625     625
 625     626  9084     626
 626     626   627     627
 627    8280   628     628
 628     628   629     629
 629     629   630     630
 630     631  9166     631
 631     631   632     632
 632    9040   633     633
 633     634  9357     634
 634     634   635     635
 635    9211   636     636
 636    9588   637     637
 637     637   638     638
 638     638   639     639
 639    5896   640     640
 640     641   640     641
 641     642   641     642
 642     643  6848     643
 643     644  9294     644
 644     645  7144     645
 645     645   646     646
 646     646   647     647
 647    1634   648     648
 648     648   649     649
 649    9127   650     650
 650     651  8747     651
 651     651   652     652
 652     652   653     653
 653     654  8750     654
 654     655   654     655
 655    8753   656     656
 656     656   657     657
 657     658   657     658
 658     658   659     659
 659     659   660     660
 660     660   661     661
 661     662   661     662
 662    8755   663     663
 663     664  9559     664
 664     665  9116     665
 665     666   665     666
 666    8851   667     667
 667    9788   667     668
 668     668   669     669
 669     670  11455     670
 670    6929  9507     671
 671     672   671     672
 672     672   673     673
 673     673  7148     674
 674    9171   675     675
 675     675   676     676
 676    8995   677     677
 677    11786   678     678
 678    8874   679     679
 679    8856   680     680
 680    11577   681     681
 681    2205   682     682
 682     683  8612     683
 683    11247   683     684
 684    8771   685     685
 685    8445   685     686
 686     687   686     687
 687     688   687     688
 688    8220   689     689
 689     689   690     690
 690    8218   691     691
 691     692   691     692
 692     693   692     693
 693     694   693     694
 694     695   694     695
 695    9065   696     696
 696     697  8769     697
 697     698   697     698
 698     699  9339     699
 699     699  11614     700
 700    9068   701     701
 701     701   702     702
 702    9742   703     703
 703     704   703     704
 704     705   704     705
 705     705   706     706
 706    8178   707     707
 707     708   707     708
 708     708   709     709
 709    9488   710     710
 710    6856   711     711
 711     712   711     712
 712     713   712     713
 713     714   713     714
 714    7014  2326     715
 715     716   715     716
 716     717   716     717
 717     717   718     718
 718     719   718     719
 719    6800  7153     720
 720     721   720     721
 721     722  8854     722
 722    7595   723     723
 723     723   724     724
 724     724   725     725
 725     725   726     726
 726    9408   727     727
 727     727   728     728
 728    8765   729     729
 729     729   730     730
 730     731  8608     731
 731    7753   732     732
 732     733   732     733
 733     733   734     734
 734    11510   735     735
 735    1180   736     736
 736    9387   737     737
 737     738  11467     738
 738    11499  5904     739
 739     739   740     740
 740     741   740     741
 741     742  1645     742
 742     743  8654     743
 743     744  2216     744
 744     745  9476     745
 745     746  7782     746
 746     746   747     747
 747     747   748     748
 748    2218  10874     749
 749     750  1238     750
 750    9580   751     751
 751     752   751     752
 752     752   753     753
 753    6791  11504     754
 754    11773   755     755
 755    9219   756     756
 756    11766   757     757
 757    1227   985     758
 758     759  8490     759
 759     759   760     760
 760     761  7746     761
 761     762   761     762
 762     762   763     763
 763    11755   764     764
 764    7991   765     765
 765     766   765     766
 766     766   767     767
 767    11817   768     768
 768    8647   769     769
 769     769   770     770
 770    11746   771     771
 771     772  9545     772
 772     773   772     773
 773     774   773     774
 774     775  9492     775
 775    9458   776     776
 776    9286   777     777
 777    11983   778     778
 778    9358   779     779
 779    11422   780     780
 780     781  11703     781
 781    9269   782     782
 782     782   783     783
 783     784  11827     784
 784     785  8637     785
 785     785   786     786
 786     787  9579     787
 787     788   787     788
 788     788   789     789
 789    9101   790     790
 790     790   791     791
 791    1245  9474     792
 792     792  8686       1
 793     793  11550       3
 794     794  11707       5
 795     795  6543      48
 796     796  1435     119
 797     797  8222     163
 798     798  1181     168
 799     799  1444     169
 800     800  11466     171
 801     801  8226     174
 802     802  2215     176
 803     803  8773     178
 804     804  2217     182
 805     805  1184     184
 806     806  11464     185
 807     807  11735     187
 808     808  11841     188
 809     809  11790     190
 810     810  9657     191
 811     811  8214     193
 812     812  11459     203
 813     813  1193     204
 814     814  11486     206
 815     815  11564     208
 816     816  11995     210
 817     817  1172     211
 818     818  1195     213
 819     819  11914     214
 820     820  11481     219
 821     821  6726     220
 822     822  1189     221
 823    5579   243     244
 824     824  1139     251
 825     825   285     286
 826     826  1140     291
 827     827   320     321
 828     828   331     331
 829     829  1621     369
 830     830  2582     370
 831     831  2625     371
 832     832  2971     372
 833    2734   373     373
 834     834  2381     375
 835     835  1813     376
 836     836  1587     377
 837     837  1306     379
 838     838  1874     380
 839     839  2363     381
 840     840  2684     382
 841     841  2740     383
 842     842  3002     384
 843     843  2949     385
 844     844  2604     386
 845    1546  1732     387
 846     846  1960     389
 847     847  2472     390
 848     848  2809     392
 849     849  3305     395
 850     850  5009     396
 851     851  4959     397
 852     852  4917     398
 853     853  5151     401
 854     854  5245     403
 855    5278  5300     404
 856    5340  5394     405
 857     857  5448     406
 858     858  5490     407
 859     859  5534     408
 860    3686   408     409
 861    3571   410     410
 862     862  3452     411
 863    3225  3212     412
 864     864  3195     413
 865     865  3127     414
 866     866  3085     415
 867    2451  2757     416
 868     868  2428     417
 869    1784   418     418
 870    1674  1746     419
 871     871  2329     420
 872     872  2161     421
 873     873  2110     422
 874     874  2040     423
 875    1405  1636     424
 876     876  1904     425
 877     877  2291     426
 878     878  2251     427
 879     879  2015     428
 880     880  2935     429
 881     881  3514     430
 882     882  3716     431
 883     883  3777     432
 884     884  3816     433
 885    3890  3903     434
 886     886  3972     435
 887     887  4016     436
 888     888  4059     437
 889     889  4118     438
 890     890  4182     439
 891     891  4244     440
 892     892  4874     441
 893     893  4751     442
 894     894  4577     443
 895    4410   444     444
 896     896  4376     445
 897     897  4284     446
 898     898  4373     447
 899    4442  4520     448
 900     900  4573     449
 901     901  4639     450
 902     902  4715     451
 903     903  5887     452
 904     904  5842     453
 905     905  5620     454
 906     906  5676     455
 907     907  5765     456
 908     908  5756     457
 909     909  6164     459
 910     910  6291     461
 911     911  6400     463
 912     912  6426     464
 913     913  6023     467
 914     914  5979     468
 915     915  3406     469
 916     916  1512     473
 917     917  3410     476
 918     918  5988     477
 919     919  6024     478
 920    6390  6409     481
 921     921  6369     482
 922     922  5809     486
 923    5730   488     488
 924    5695  5708     489
 925     925  5645     490
 926     926  5598     491
 927     927  4766     493
 928     928  4651     494
 929     929  4593     495
 930     930  4507     496
 931     931  4421     497
 932     932  4301     498
 933     933  4336     499
 934     934  4405     500
 935     935  4555     501
 936     936  4731     502
 937     937  4834     503
 938     938  4242     504
 939    4178  4181     505
 940     940  4130     506
 941     941  4080     507
 942     942  4024     508
 943    3962   509     509
 944    3873  3875     510
 945     945  3812     511
 946     946  3771     512
 947    3700  3705     513
 948     948  3519     514
 949     949  3326     515
 950     950  2219     516
 951     951  2237     517
 952     952  2280     518
 953     953  1919     519
 954     954  1638     520
 955     955  1449     521
 956     956  2107     522
 957     957  1568     524
 958     958  1713     525
 959     959  1787     526
 960    2756  3050     528
 961     961  3084     529
 962     962  3129     530
 963     963  3189     531
 964    3447  3467     533
 965     965  3583     534
 966     966  3657     535
 967     967  5539     536
 968     968  5502     537
 969    5423  5438     538
 970    5359  5334     539
 971     971  5291     540
 972     972  5251     541
 973     973  5145     543
 974     974  4909     546
 975     975  4988     547
 976    3292   548     548
 977     977  3261     549
 978     978  2876     550
 979     979  2836     551
 980     980  2471     554
 981     981  1962     555
 982     982  11718     564
 983     983  8728     623
 984     984  11770     757
 985    8317   758     758
 986     986  11539     761
 987     987  11537     764
 988     988  11747     769
 989     989  11529     771
 990     990  11535     777
 991     991  11482     787
 992    7137  7504     790
 993     993   168     168
 994     994   800     171
 995     995  8677     185
 996     996  11774     187
 997     997  1240     188
 998     998  11764     190
 999     999  11488     191
1000    1000  1254     191
1001    1001   811     193
1002    1002  9548     203
1003    1003  1177     204
1004    1004  11479     206
1005    1005  11534     206
1006    1006  1217     211
1007    1007  1221     213
1008    1008  1225     213
1009    1009  11475     219
1010    1010  1199     221
1011    1011   825     286
1012    1012   826     291
1013    1013  1119     291
1014    1014  1808     380
1015    1015  11548     558
1016    1016  11553     559
1017    1017  11425     602
1018    1018   678     679
1019    1019  8473     731
1020    1020  11469     736
1021    1021   736     737
1022    1022  1124     738
1023    10719  2571     743
1024    1024  11541     744
1025    1025  1126     745
1026    1026  8224     749
1027    1027  9596     750
1028    1028  11782     751
1029    1029  11936     755
1030    1030  11470     756
1031    9663   758     759
1032    1032  11751     772
1033    1033  1262     775
1034    1034  11473     776
1035    1035  11955     778
1036    1036  1247     779
1037    1037  1200     780
1038    1038  11899     781
1039    1039  1268     792
1040    1040   824     251
1041    1041   234     235
1042    1042  1138     251
1043    1043  1576     388
1044    1044  1725     380
1045    1045  1806     376
1046    1046  1343     379
1047    1047   378     378
1048    1048  1724     377
1049    1049  5159     401
1050    1050  4933     398
1051    3018   833     373
1052    1052  4934     397
1053    1053  1952     389
1054    1054  2800     552
1055    3664   860     409
1056    1056  3247     532
1057    1057  3200     413
1058    1058  2432     417
1059    1059  4305     446
1060    4824  5881     492
1061    1061  6410     464
1062    1062  6172     459
1063    1063  6280     484
1064    1064  1350     472
1065    1065  5689     489
1066    1066  6423     481
1067    1067  5801     486
1068    1068  6189     459
1069    5729   488     489
1070    1070  5832     491
1071    1071  3740     513
1072    1072  11528     787
1073    1073  3575     534
1074    1074  2014     516
1075    1075  2223     428
1076    1252  1205     758
1077    1077  2037     521
1078    1078  1395     424
1079    1079  1456     524
1080    1080  1789     526
1081    1081  3439     533
1082    1082  8743     757
1083    1083  11792     757
1084    1084  1951     555
1085    1085  1976     555
1086    1086  2477     554
1087    1087  4925     546
1088    1088  4964     547
1089    1089  2908     549
1090    1090  2894     394
1091    1091  2848     393
1092    1092  2478     390
1093    1093  1969     389
1094    1094  11554       9
1095    1095  11430      69
1096    1096  11768     190
1097    1097  11512     195
1098    1098  11758     197
1099    1099  11531     201
1100    1100  11744     202
1101    1101  11463     787
1102    1102  11402     219
1103    1103  1202     780
1104    1104  8970     191
1105    1105  1167     191
1106    1106  11798     191
1107    1107  11795     758
1108    1108  1170     780
1109    1109  1231     779
1110    1110  1173     204
1111    1111  1215     206
1112    1112  1255     776
1113    1113  9639     211
1114    1114  1218     213
1115    1115  8676     219
1116    1116  1176     221
1117    1117  11439     776
1118    1118  1213     775
1119    1119   290     291
1120    1120  1258     775
1121    1121  11465     751
1122    1122  1020     736
1123    1123  11468     168
1124    1124  8965     738
1125    1125  1183     750
1126    1126  9396     745
1127    1127   805     184
1128    1128  11737     755
1129    1129  1242     756
1130    1130  11458     772
1131    1131  1214     204
1132    1132  11472     206
1133    1133  1269     211
1134    1134  1229     213
1135    1135  1264     792
1136    1136  1243     792
1137    1137  1244     221
1138    1138   250     251
1139    1139  1042     251
1140    1140  1013     291
1141    1141  1323     378
1142    1142  1322     379
1143    1143   388     556
1144    1144  2039     423
1145    1209  9697     758
1146    1146  2220     428
1147    1147  2228     517
1148    10720  1208     758
1149    1149  1206     191
1150    1150  1392     521
1151    1151  2170     421
1152    1152  4908     398
1153    1153  1212     775
1154    1154  1235     775
1155    1155  1211     776
1156    1156  8928     213
1157    1157  1216     779
1158    1158  1210     779
1159    1159  1201     780
1160    1160  8318     191
1161    1161  1223     780
1162    1162  11480     787
1163    1163  11474     787
1164    1164  11462     219
1165    1165  11483     219
1166    1166  1220     213
1167    1167   810     191
1168    1168  11760     758
1169    1169  1257     758
1170    1170  1226     780
1171    1171  11423     213
1172    1172  1224     211
1173    1173  1317     204
1174    1174  1111     206
1175    1175  11487     776
1176    1176     0     221
1177    1177  1110     204
1178    1178  11491     775
1179    1179  1260     204
1180    1180  1122     736
1181    1181   993     168
1182    1182  11477     736
1183    1183  1027     750
1184    1184   184     184
1185    1185   803     178
1186    1186  8927     750
1187    1187  1239     756
1188    1188   997     188
1189    1189  1137     221
1190    1190  1241     792
1191    1191  1251     792
1192    1192  11498     792
1193    1193  1131     204
1194    1194  11478     776
1195    1195  1134     213
1196    1196  1256     211
1197    1197  1270     779
1198    1198  1266     221
1199    1199  1116     221
1200    1200  1161     780
1201    1201  8258     780
1202    1202  1159     780
1203    1203  1053     389
1204    1204  1158     779
1205    9410   985     758
1206    1206  1000     191
1207    1207  8679     191
1208    1208  1253     758
1209    3417  1145     758
1210    1210  1109     779
1211    1211  9370     776
1212    1212  1033     775
1213    1213  1153     775
1214    1214  1003     204
1215    1215  1004     206
1216    1216  1036     779
1217    1217  1113     211
1218    1218  1007     213
1219    1219  9575     758
1220    1220   818     213
1221    1221  1166     213
1222    1222  11403     787
1223    1223  1103     780
1224    1224  1006     211
1225    1225  1171     213
1226    1226  1037     780
1227    1227  1169     758
1228    1228  1105     191
1229    1229  1008     213
1230    1230  1108     780
1231    1231  1157     779
1232    1232  1154     775
1233    1233  11438     206
1234    1234  11492     204
1235    1235  1118     775
1236    1236  1178     775
1237    1237  1274     775
1238    1238  1125     750
1239    1239  1129     756
1240    1240  11471     188
1241    1241  1039     792
1242    1242   755     756
1243    1243  1190     792
1244    1244  1010     221
1245    1245  1191     792
1246    1246  1192     792
1247    1247  1197     779
1248    1248  1267     211
1249    1249  11497     221
1250    1250  1276     792
1251    1251  1136     792
1252    1252  1520     758
1253    1253  1076     758
1254    1254  1104     191
1255    1255  1155     776
1256    1256   817     211
1257    1257  11489     758
1258    1258  1277     775
1259    1259   813     204
1260    1260  1234     204
1261    1261  1120     775
1262    1262  1236     775
1263    1263  1273     204
1264    1264  1279     792
1265    1265   822     221
1266    1266  1249     221
1267    1267  1133     211
1268    1268  1246     792
1269    1269  1196     211
1270    1270  11494     779
1271    1271  1135     792
1272    1272  1275     221
1273    1273  1179     204
1274    1274  8789     775
1275    1275  1198     221
1276    1276  8810     792
1277    1277  1237     775
1278    1278  1263     204
1279    1279  1250     792
1280    1280  1272     221
1281    1282   221     222
1282    1283   226     227
1283    1284  1282     222
1284    1285  1283     227
1285    1289  7202     245
1286    1291   250     250
1287    1294   223     223
1288    1295  7410     232
1289    1296   228     228
1290    1298  1289     245
1291    1302  1298     245
1292    1306  1046     379
1293    1307  1141     378
1294    1314   236     236
1295    1316  1174     206
1296    1317  1346     204
1297    1318  1473     473
1298    1319  1349     472
1299    1320   472     472
1300    1321  1351     473
1301    1322   837     379
1302    1323  1047     378
1303    1326   290     290
1304    1330  1355     232
1305    1332  1294     223
1306    1334   221     226
1307    1340  1341     377
1308    1341   377     377
1309    1343   379     379
1310    1345  1314     236
1311    1346   204     204
1312    1347  1316     206
1313    1348  1318     473
1314    1349  1064     472
1315    1350  1320     472
1316    1351   916     473
1317    1355   226     232
1318    1362  1345     236
1319    1379  1156     213
1320    1386  1536     388
1321    1387  1541     369
1322    1388    56      56
1323    1390  1078     424
1324    1392   955     521
1325    1395   875     424
1326    1398  1150     521
1327    1409   875     424
1328    1409  1405     424
1329    1413  1415     520
1330    1415   520     520
1331    1425  1557     191
1332    1435  6809     119
1333    1436   121     121
1334    1440   797     163
1335    1444  1564     169
1336    1449  1077     521
1337    1452  1648     524
1338    1453  1567     420
1339    1454   368     388
1340    1455  1577     369
1341    1456   957     524
1342    1457  1151     421
1343    1470  1319     472
1344    1473  1597     473
1345    1605   470     471
1346    1477  1609     474
1347    1488  1476     471
1348    1480  1479     471
1349    1482  1490     474
1350    1486  1482     474
1351    1488  1479     471
1352    1490  1477     474
1353    1496  1501     471
1354    1501  1476     471
1355    1504  1610     474
1356    1512  1348     473
1357    1520  1145     758
1358    1525   225     225
1359    1526   224     224
1360    1534  1379     213
1361    1535  1387     369
1362    1536  1043     388
1363    1540  1386     388
1364    1541  1689     369
1365    1734   845     387
1366    1557  1640     191
1367    1561  1436     121
1368    1562  1440     163
1369    1564   169     169
1370    1567   420     420
1371    1568  1452     524
1372    1576  1454     388
1373    1577   829     369
1374    1587  1340     377
1375    1588  1044     380
1376    1597   473     473
1377    1605  1496     471
1378    1609  1504     474
1379    1610   474     474
1380    1621  1535     369
1381    1634   647     648
1382    1636   424     424
1383    1638  1413     520
1384    1640   191     191
1385    1645   741     742
1386    1648   524     524
1387    1653  1665     525
1388    1654  1656     420
1389    1655  1653     525
1390    1656   871     420
1391    1665   958     525
1392    1666  1654     420
1393    1674  1751     419
1394    1689   369     369
1395    1694  2341     370
1396    1695  1694     370
1397    1712  1756     525
1398    1713  1712     525
1399    1717   419     419
1400    7522   288     289
1401    1723  7742     293
1402    1724   836     377
1403    1725   838     380
1404    1732   387     387
1405    1734  1546     387
1406    1736  2345     387
1407    1743  1839     425
1408    1746  1717     419
1409    1751   870     419
1410    1756   525     525
1411    1760  1772     526
1412    1762  1760     526
1413    1763  1768     419
1414    1768   870     419
1415    1772   959     526
1416    1775  1763     419
1417    1862   869     418
1418    1784  1783     418
1419    1787  1080     526
1420    1789   526     526
1421    2411  1797     527
1422    1893   526     527
1423    1800  6824     289
1424    1801  1048     377
1425    1802  1014     380
1426    1806   376     376
1427    1808   380     380
1428    1813  1045     376
1429    1817  2348     381
1430    1820  1817     381
1431    1824  1829     376
1432    1829   835     376
1433    1839   424     425
1434    1841  1846     520
1435    1846   954     520
1436    1849   876     425
1437    1850  1841     520
1438    1862  1783     418
1439    1866  2393     418
1440    1874  1802     380
1441    1887  1901     519
1442    1893  1797     527
1443    1901   519     519
1444    1902  1914     425
1445    1904  1902     425
1446    1914   425     425
1447    1919  1887     519
1448    1921  1932     426
1449    1922  1940     519
1450    1925  1921     426
1451    1931  1922     519
1452    1932   877     426
1453    1940   953     519
1454    1948  1143     556
1455    1951   555     555
1456    1952   846     389
1457    9428  1956     345
1458    1956  5935     345
1459    1960  1093     389
1460    1962  1084     555
1461    1969   389     389
1462    1976   981     555
1463    1977  1991     390
1464    1978  1085     555
1465    1979  1977     390
1466    1987  1990     554
1467    1990   554     554
1468    1991   847     390
1469    2014   516     516
1470    2015  1146     428
1471    2037   521     521
1472    2039   423     423
1473    2040  1144     423
1474    2045  2071     522
1475    2046  2058     423
1476    2049  2045     522
1477    2051   874     423
1478    2058  2051     423
1479    2082   422     423
1480    2066   956     522
1481    2071  2066     522
1482    2082  2062     423
1483    2086  2090     422
1484    2089  2131     522
1485    2090  2093     422
1486    2093   422     422
1487    2107  2089     522
1488    2110  2086     422
1489    2112  2119     422
1490    2113  2146     523
1491    2114  2123     523
1492    2115  2114     523
1493    2119   873     422
1494    2123  2113     523
1495    2131   522     522
1496    2136  2145     421
1497    2140  2162     523
1498    2142  2112     422
1499    2145  2150     421
1500    2146  2140     523
1501    2150   421     421
1502    2161  2136     421
1503    2162   523     523
1504    2170   872     421
1505    2171  1079     524
1506    2187  2547     429
1507    2188  2539     516
1508    2190  6708     280
1509    2191  6660     284
1510    2198  2297     518
1511    2199  2293     426
1512    2204  8230     123
1513    2205   681     682
1514    2215  8232     176
1515    2216  1024     744
1516    2217  8235     182
1517    2218  1026     749
1518    2219  1074     516
1519    2220   428     428
1520    2221  1147     517
1521    2223   879     428
1522    2228   951     517
1523    2229  1075     428
1524    2235  2248     517
1525    2236  2238     427
1526    2237  2235     517
1527    2238   427     427
1528    2248   517     517
1529    2251  2236     427
1530    2288   426     427
1531    2257  2274     518
1532    2262  2257     518
1533    2265   878     427
1534    2274  2275     518
1535    2275   952     518
1536    2280  2198     518
1537    2288  2254     427
1538    2291  2199     426
1539    2293   426     426
1540    2297   518     518
1541    7193   248     249
1542    2325  7248     152
1543    2326  2565     715
1544    2329  1453     420
1545    2330  3351     470
1546    2331  3359     475
1547    2332  2568     211
1548    2341   830     370
1549    2345   845     387
1550    2346  2587     370
1551    2348   839     381
1552    2351  1824     376
1553    2353  2366     375
1554    2358  2753     381
1555    2363  2358     381
1556    2366  2367     375
1557    2367   375     375
1558    2381  2353     375
1559    2384   869     418
1560    2387  2384     418
1561    2393   417     418
1562    2402  2431     527
1563    2403  2406     417
1564    2406   417     417
1565    2410  2402     527
1566    2411  1795     527
1567    2428  2403     417
1568    2431   527     527
1569    2432   868     417
1570    2439   527     528
1571    2439  2433     528
1572    2447  1058     417
1573    2764   867     416
1574    2459   960     528
1575    2471  1987     554
1576    2472  1092     390
1577    2477   980     554
1578    2478   390     390
1579    2491   390     391
1580    2481  2504     553
1581    2485  1086     554
1582    2488  2507     391
1583    2491  2488     391
1584    2494  2502     553
1585    2502   553     553
1586    2504  2494     553
1587    2507  2480     391
1588    2508  2776     553
1589    2509  2785     391
1590    2533  2187     429
1591    2539   950     516
1592    2546  2188     516
1593    2547   880     429
1594    2550  3320     429
1595    2551  3324     515
1596    2554  6673     280
1597    2564   249     249
1598    2565  2943     715
1599    2566  3356     475
1600    2567  3344     470
1601    2568  2945     211
1602    2570   801     174
1603    2571  2572     743
1604    2572  2947     743
1605    2573  2570     174
1606    2578  1736     387
1607    2582  2346     370
1608    2586  2588     386
1609    2587   370     370
1610    2588   386     386
1611    2601  2612     371
1612    2603  2601     371
1613    2604  2586     386
1614    2611  2613     386
1615    2612   831     371
1616    2613   844     386
1617    2622  2634     371
1618    2625  2622     371
1619    2626  2611     386
1620    2633  2636     385
1621    2634   371     371
1622    2636   385     385
1623    2643  2953     372
1624    2649  2650     375
1625    2650   834     375
1626    2651  2670     382
1627    2653  2651     382
1628    2663  2649     375
1629    2667  2690     374
1630    2669  2671     374
1631    2670   840     382
1632    2671   374     374
1633    2676  2704     382
1634    2684  2698     382
1635    2690  2669     374
1636    2731   373     374
1637    2698  2676     382
1638    2704   382     382
1639    2718  2667     374
1640    2719  3011     383
1641    2723  2719     383
1642    2731  2695     374
1643    3014   833     373
1644    2734  2733     373
1645    2737  3044     383
1646    2740  2737     383
1647    2744  3030     384
1648    2753   381     381
1649    2768   960     528
1650    2757   416     416
1651    2762  2756     528
1652    2764  2451     416
1653    2768  2762     528
1654    3066   415     416
1655    2776  2481     553
1656    2779  2508     553
1657    2783  2801     392
1658    2784  2790     552
1659    2785   391     391
1660    2790   552     552
1661    2791  2783     392
1662    2800  2784     552
1663    2801   848     392
1664    2806  2817     392
1665    2807  2808     552
1666    2808  1054     552
1667    2809  2806     392
1668    2816  2807     552
1669    2817   392     392
1670    2825  2838     393
1671    2826  2828     551
1672    2828   551     551
1673    2829  2825     393
1674    2836  2826     551
1675    2838  1091     393
1676    2845  2847     551
1677    2846  2856     393
1678    2847   979     551
1679    2848  2846     393
1680    2855  2845     551
1681    2856   393     393
1682    2864  2878     394
1683    2865  2867     550
1684    2867   550     550
1685    2868  2864     394
1686    2876  2865     550
1687    2878  1090     394
1688    2901   549     550
1689    2888   978     550
1690    2889  2902     394
1691    2894  2889     394
1692    2901  2886     550
1693    2902   394     394
1694    2908   549     549
1695    2913  3277     395
1696    2929  2509     391
1697    2935  2550     429
1698    2939  2554     280
1699    2943   714     715
1700    2945   211     211
1701    2947  3558     743
1702    2949  2633     385
1703    2952  2958     385
1704    2953   832     372
1705    2958   843     385
1706    2961  2976     372
1707    2969  2952     385
1708    2971  2961     372
1709    2975  2977     384
1710    2976   372     372
1711    2977   384     384
1712    2986  1051     373
1713    2989  2986     373
1714    3002  2975     384
1715    3007  2643     372
1716    3011   841     383
1717    3014  2733     373
1718    3020  1051     373
1719    3020  3018     373
1720    3030  3032     384
1721    3032   842     384
1722    3041  2744     384
1723    3044   383     383
1724    3050   528     528
1725    3057   867     416
1726    3059  3074     529
1727    3060  3059     529
1728    3066  2774     416
1729    3073  3078     415
1730    3074   961     529
1731    3078   415     415
1732    3083  3095     529
1733    3084  3083     529
1734    3085  3073     415
1735    3094  3096     415
1736    3095   529     529
1737    3096   866     415
1738    3108  3144     530
1739    3111  3108     530
1740    3112  3094     415
1741    3119  3122     414
1742    3122   414     414
1743    3127  3119     414
1744    3128  3154     530
1745    3129  3128     530
1746    3175   413     414
1747    3144   962     530
1748    3148   865     414
1749    3151  3168     531
1750    3154   530     530
1751    3161  3151     531
1752    3168   963     531
1753    3170  3171     413
1754    3171   413     413
1755    3175  3140     414
1756    3183  3242     531
1757    3189  3183     531
1758    3195  3170     413
1759    3200   864     413
1760    3204  1057     413
1761    3205  3233     532
1762    3210  3205     532
1763    3212  3218     412
1764    3214   412     412
1765    3218  3214     412
1766    3225   863     412
1767    3232  3426     532
1768    3233  1056     532
1769    3242   531     531
1770    3429   411     412
1771    3247  3232     532
1772    3255   863     412
1773    3261  3263     549
1774    3263  1089     549
1775    3268  2913     395
1776    3286   548     549
1777    3277   849     395
1778    3281   977     549
1779    3282  3298     395
1780    3286  3272     549
1781    5039   976     548
1782    3292  3291     548
1783    3296  5017     396
1784    3298   395     395
1785    3299  3296     396
1786    3305  3282     395
1787    3320   429     429
1788    3324   515     515
1789    3326  2551     515
1790    3327  3507     430
1791    3328  3493     515
1792    3342  2566     475
1793    3344   470     470
1794    3351  2567     470
1795    3354  3380     475
1796    3355  3374     470
1797    3356  2331     475
1798    3359  3354     475
1799    3374  2330     470
1800    3380   475     475
1801    3382  3355     470
1802    3383  3399     476
1803    3384  3383     476
1804    3389  3392     469
1805    3392   469     469
1806    3399   917     476
1807    3406  3389     469
1808    3407  3555     476
1809    3410  3407     476
1810    3411  3552     469
1811    3417  1209     758
1812    3426   532     532
1813    3429  3244     412
1814    3437  3440     411
1815    3438  1081     533
1816    3439   964     533
1817    3440   411     411
1818    3466   964     533
1819    3452  3437     411
1820    3456  3464     411
1821    3464   862     411
1822    3466  3447     533
1823    3467   533     533
1824    3480  5018     548
1825    3485  3327     430
1826    3486  3485     430
1827    3493   949     515
1828    3498  3328     515
1829    3501  3525     514
1830    3507   881     430
1831    3512  3531     430
1832    3514  3512     430
1833    3519  3501     514
1834    3525   514     514
1835    3529  3601     514
1836    3531   430     430
1837    3535  3702     431
1838    3552   915     469
1839    3555   476     476
1840    3558   742     743
1841    3565  3456     411
1842    3582   861     410
1843    3571  3567     410
1844    3573  3626     534
1845    3575   965     534
1846    3582  3567     410
1847    3583  3573     534
1848    6103   409     410
1849    3595  1073     534
1850    3601   948     514
1851    3607  3411     469
1852    3608  3732     477
1853    3612  3608     477
1854    3622   468     468
1855    3622  3614     468
1856    3626   534     534
1857    3630  3645     535
1858    3631  3630     535
1859    3638   861     410
1860    3645   966     535
1861    3649   409     409
1862    3650  3662     535
1863    3657  3650     535
1864    3662   535     535
1865    3664  1055     409
1866    3668  3687     536
1867    3669  3671     409
1868    3671   860     409
1869    3678  3668     536
1870    3686  3669     409
1871    3687   967     536
1872    3691  3535     431
1873    3696  3529     514
1874    3723   947     513
1875    3702  3711     431
1876    3705   513     513
1877    3710  3741     431
1878    3711   882     431
1879    3716  3710     431
1880    3723  3700     513
1881    3732   918     477
1882    3740   947     513
1883    3741   431     431
1884    3746  3784     432
1885    3747  3746     432
1886    3753  1071     513
1887    3758  3759     512
1888    3759   512     512
1889    3764  3775     432
1890    3768  3764     432
1891    3771  3758     512
1892    3775   432     432
1893    3777  3768     432
1894    3784   883     432
1895    3787  3846     512
1896    3788  3811     433
1897    3790  3788     433
1898    3796  3787     512
1899    3806   511     511
1900    3806  3802     511
1901    3808  3827     433
1902    3811   884     433
1903    3812  3802     511
1904    3816  3808     433
1905    3867   510     511
1906    3827   433     433
1907    3830  3832     434
1908    3832   433     434
1909    3838   945     511
1910    3845   946     512
1911    3846  3845     512
1912    3863  3820     511
1913    3867  3863     511
1914    3873  3884     510
1915    3875  3877     510
1916    3877   510     510
1917    3884   944     510
1918    3885   885     434
1919    3894   885     434
1920    3894  3890     434
1921    3903  3922     434
1922    3907  3950     435
1923    3908  3913     510
1924    3912  3907     435
1925    3913   944     510
1926    3922   434     434
1927    3927  3912     435
1928    3950   886     435
1929    3955  3908     510
1930    3956  3983     435
1931    3979   943     509
1932    3962  3961     509
1933    3972  3956     435
1934    3979  3961     509
1935    3983   435     435
1936    3986  3995     436
1937    3989  3986     436
1938    3991  3994     509
1939    3994   943     509
1940    3995   887     436
1941    4005  4021     436
1942    4006  4007     508
1943    4007   508     508
1944    4016  4005     436
1945    4021   436     436
1946    4024  4006     508
1947    4028  4030     508
1948    4029  4053     437
1949    4030   942     508
1950    4034  4029     437
1951    4048  3991     509
1952    4053   888     437
1953    4057  4078     437
1954    4059  4057     437
1955    4066  4073     507
1956    4071  4028     508
1957    4073   507     507
1958    4078   437     437
1959    4080  4066     507
1960    4114   506     507
1961    4090  4099     438
1962    4092   941     507
1963    4099   889     438
1964    4100  4090     438
1965    4106  4145     438
1966    4114  4086     507
1967    4118  4106     438
1968    4121  4126     506
1969    4123  4135     506
1970    4126  4123     506
1971    4130  4121     506
1972    4135   506     506
1973    4145   438     438
1974    4152  4273     439
1975    4153  4154     506
1976    4154   940     506
1977    4163  4152     439
1978    4170  4153     506
1979    4208   939     505
1980    4180  4195     439
1981    4181   505     505
1982    4182  4190     439
1983    4190  4180     439
1984    4195   439     439
1985    4204  4254     440
1986    4205  4204     440
1987    4208  4178     505
1988    4210  4224     505
1989    4217  4210     505
1990    4224   939     505
1991    4227  4266     440
1992    4228  4235     504
1993    4229   891     440
1994    4235   504     504
1995    4242  4228     504
1996    4244  4227     440
1997    4878   503     504
1998    4254  4229     440
1999    4266   440     440
2000    4273   890     439
2001    4284  1059     446
2002    4286  4307     499
2003    4287  4295     446
2004    4288  4290     498
2005    4289  4286     499
2006    4290   498     498
2007    4295   897     446
2008    4301  4288     498
2009    4305   446     446
2010    4307   933     499
2011    4360   497     498
2012    4317  4309     498
2013    4328  4287     446
2014    4329  4346     499
2015    4330  4344     445
2016    4331  4361     447
2017    4336  4329     499
2018    4337  4331     447
2019    4344   445     445
2020    4346   499     499
2021    4354   932     498
2022    4360  4309     498
2023    4361   898     447
2024    4364  4449     447
2025    4373  4364     447
2026    4376  4330     445
2027    4378  4395     500
2028    4379  4384     445
2029    4383  4416     497
2030    4384   896     445
2031    4388  4378     500
2032    4395   934     500
2033    4396  4379     445
2034    4401  4461     500
2035    4405  4401     500
2036    4460   895     444
2037    4410  4406     444
2038    4416   497     497
2039    4421  4383     497
2040    4425  4432     497
2041    4426  4436     448
2042    4432   931     497
2043    4433  4426     448
2044    4436   899     448
2045    4441  4425     497
2046    4493   899     448
2047    4447  4442     448
2048    4449   447     447
2049    4456  4504     496
2050    4457  4512     496
2051    4460  4406     444
2052    4461   500     500
2053    4468  4481     501
2054    4548   443     444
2055    4471  4468     501
2056    4480   895     444
2057    4481   935     501
2058    4491  4567     501
2059    4493  4447     448
2060    4504  4457     496
2061    4507  4456     496
2062    4508   448     448
2063    4512   496     496
2064    4520  4508     448
2065    4529  4561     449
2066    4530  4529     449
2067    4535  4541     496
2068    4538  4552     443
2069    4541   930     496
2070    4548  4469     444
2071    4552   443     443
2072    4555  4491     501
2073    4559  4535     496
2074    4560  4584     449
2075    4561   900     449
2076    4567   501     501
2077    4572  4588     495
2078    4573  4560     449
2079    4577  4538     443
2080    4734   442     443
2081    4583  4691     502
2082    4584   449     449
2083    4588   495     495
2084    4593  4572     495
2085    4596  4789     450
2086    4597  4615     495
2087    4600   929     495
2088    4610  4686     502
2089    4611  4596     450
2090    4615  4600     495
2091    4672   494     495
2092    4637  4648     450
2093    4638  4643     494
2094    4639  4637     450
2095    4643   494     494
2096    4648   450     450
2097    4651  4638     494
2098    4657  4662     494
2099    4658  4706     451
2100    4662   928     494
2101    4663  4658     451
2102    4672  4624     495
2103    4686  4583     502
2104    4691  4722     502
2105    4705  4657     494
2106    4706   902     451
2107    4711  4716     493
2108    4712  4759     451
2109    4715  4712     451
2110    4716   493     493
2111    4722   936     502
2112    4728  4741     442
2113    4729  4754     502
2114    4731  4729     502
2115    4734  4581     443
2116    4739   894     443
2117    4741   442     442
2118    4751  4728     442
2119    4754   502     502
2120    4759   451     451
2121    4810   441     442
2122    4766  4767     493
2123    4767  4711     493
2124    4775  4822     452
2125    4776  4817     493
2126    4780  4775     452
2127    4789   901     450
2128    4793  4800     503
2129    4794   893     442
2130    4798  4793     503
2131    4800   937     503
2132    4803  4895     503
2133    4804  4845     441
2134    4810  4762     442
2135    4817   927     493
2136    4819  4776     493
2137    4822   903     452
2138    5863  1060     492
2139    4833  4803     503
2140    4834  4833     503
2141    4845   441     441
2142    4862  4864     441
2143    4864  4804     441
2144    4906   440     441
2145    4874  4862     441
2146    4877   892     441
2147    4878  4252     504
2148    4882   503     503
2149    4887   938     504
2150    4895  4882     503
2151    4906  4872     441
2152    4908   852     398
2153    4909  1087     546
2154    4913  4916     546
2155    4916   974     546
2156    4917  1050     398
2157    4921  1152     398
2158    4925   546     546
2159    4927  4913     546
2160    5061  5054     545
2161    4930  5063     399
2162    5051  4929     545
2163    4933   398     398
2164    4934   397     397
2165    4939  4931     545
2166    4949  4985     399
2167    4951  1088     547
2168    4954  4949     399
2169    4959  1052     397
2170    4964   975     547
2171    4966  4969     397
2172    4969   851     397
2173    4982  4999     547
2174    4985  4930     399
2175    4988  4982     547
2176    4989  4966     397
2177    4998  5008     396
2178    4999   547     547
2179    5005  5024     548
2180    5008   396     396
2181    5009  4998     396
2182    5017   850     396
2183    5018  5034     548
2184    5024  3480     548
2185    5034   976     548
2186    5039  3291     548
2187    5051  4931     545
2188    5078   544     545
2189    5056  5069     399
2190    5061  4929     545
2191    5063  5056     399
2192    5069   399     399
2193    5071  5114     400
2194    5072  5095     544
2195    5074  5102     400
2196    5078  5054     545
2197    5079  5074     400
2198    5081  5082     544
2199    5082   544     544
2200    5095  5081     544
2201    5098  5107     544
2202    5102  5071     400
2203    5107  5072     544
2204    5110  5122     400
2205    5114  5110     400
2206    5122   400     400
2207    5128  5130     543
2208    5130   543     543
2209    5131  5146     401
2210    5135  5131     401
2211    5145  5128     543
2212    5146   853     401
2213    5149  5166     543
2214    5151  1049     401
2215    5158  5149     543
2216    5159   401     401
2217    5231   541     542
2218    5567  5162     542
2219    5166   973     543
2220    5179  5201     402
2221    5180   542     542
2222    5181  5194     402
2223    5185  5181     402
2224    5191  5098     544
2225    5194  5179     402
2226    5199  5218     402
2227    5201  5199     402
2228    5206  5207     542
2229    5207  5162     542
2230    5214  5226     403
2231    5218   402     402
2232    5219  5214     403
2233    5226   854     403
2234    5231  5206     542
2235    5232  5233     541
2236    5233   541     541
2237    5241  5263     403
2238    5245  5241     403
2239    5251  5232     541
2240    5270   540     541
2241    5258   972     541
2242    5259  5273     404
2243    5263   403     403
2244    5267  5259     404
2245    5270  5256     541
2246    5273   855     404
2247    5278  5280     404
2248    5280   855     404
2249    5285  5296     540
2250    5291  5285     540
2251    5292   404     404
2252    5296   540     540
2253    5298  5317     540
2254    5300  5292     404
2255    5323   404     405
2256    5317   971     540
2257    5322  5309     405
2258    5323  5322     405
2259    5332  5309     405
2260    5334  5350     539
2261    5337  5298     540
2262    5386   856     405
2263    5343   539     539
2264    5350  5343     539
2265    5359   970     539
2266    5361   539     540
2267    5386  5340     405
2268    5392  5412     539
2269    5394  5395     405
2270    5395   405     405
2271    5400  5427     406
2272    5403  5400     406
2273    5412   970     539
2274    5419  5392     539
2275    5437   969     538
2276    5426   538     538
2277    5427   857     406
2278    5433  5452     406
2279    5437  5423     538
2280    5438  5426     538
2281    5448  5433     406
2282    5452   406     406
2283    5460  5478     407
2284    5461  5466     538
2285    5464  5460     407
2286    5466   969     538
2287    5474  5461     538
2288    5477  5481     537
2289    5478   858     407
2290    5481   537     537
2291    5483  5495     407
2292    5490  5483     407
2293    5494  5477     537
2294    5495   407     407
2295    5502  5494     537
2296    5520   536     537
2297    5509  5508     537
2298    5515  5521     408
2299    5516  5515     408
2300    5520  5508     537
2301    5521   859     408
2302    5529  5541     536
2303    5530  5554     408
2304    5533   536     536
2305    5534  5530     408
2306    5539  5529     536
2307    5541  5533     536
2308    5554   408     408
2309    5567  5163     542
2310    5578   243     243
2311    5579   823     244
2312    5586   238     244
2313    5587  7760     239
2314    5590  5737     456
2315    5595  5869     452
2316    5596  5742     457
2317    5597  5614     454
2318    5598  1070     491
2319    5599  5597     454
2320    5606  5611     491
2321    5611   926     491
2322    5614   905     454
2323    5615  5642     454
2324    5620  5615     454
2325    5628  5606     491
2326    5629  5631     490
2327    5631   490     490
2328    5642   454     454
2329    5645  5629     490
2330    5666   489     490
2331    5654  5667     455
2332    5656  5654     455
2333    5662   925     490
2334    5666  5650     490
2335    5667   906     455
2336    5675  5685     455
2337    5676  5675     455
2338    5680   489     489
2339    5685   455     455
2340    5689  5680     489
2341    5712   924     489
2342    5702  5590     456
2343    5708  1065     489
2344    5712  5695     489
2345    5716  1069     489
2346    5776   487     488
2347    5729  1069     489
2348    5730   923     488
2349    5733  5761     456
2350    5737   907     456
2351    5742   457     457
2352    5743  5746     458
2353    5744  5788     487
2354    5746   457     458
2355    5748  5778     487
2356    5823  5743     458
2357    5756  5596     457
2358    5761   456     456
2359    5762   908     457
2360    5765  5733     456
2361    5769   923     488
2362    5776  5724     488
2363    5778   487     487
2364    5788  5748     487
2365    5790  5794     487
2366    5794  5744     487
2367    5800  5790     487
2368    5801   486     486
2369    5809  1067     486
2370    5810  1068     459
2371    6177   485     486
2372    5823  5750     458
2373    5830  5831     453
2374    5831   453     453
2375    5832   491     491
2376    5842  5830     453
2377    5843  5857     492
2378    5844  5843     492
2379    5849  5850     453
2380    5850   904     453
2381    5857  1060     492
2382    5862  5849     453
2383    5863  4824     492
2384    5869   452     452
2385    5881   492     492
2386    5887  5595     452
2387    5892  8313     344
2388    5896   639     640
2389    5930  6556     739
2390    5905  8880     172
2391    5909  1001     193
2392    5910  6837     293
2393    5929  6994     172
2394    5930  9566     739
2395    5935   344     345
2396    5964  2573     174
2397    5979  3614     468
2398    5980  5995     477
2399    6001   467     468
2400    5988  5980     477
2401    5995   477     477
2402    6000   914     468
2403    6001  5984     468
2404    6002  6018     478
2405    6007  6009     467
2406    6009   467     467
2407    6014  6002     478
2408    6018   919     478
2409    6021  6052     478
2410    6023  6007     467
2411    6024  6021     478
2412    6028  6029     467
2413    6029   913     467
2414    6044  6028     467
2415    6100   465     466
2416    6049  6082     479
2417    6052   478     478
2418    6059  6062     466
2419    6060  6077     479
2420    6062   466     466
2421    6066  6060     479
2422    6072  6059     466
2423    6077  6049     479
2424    6079  6097     479
2425    6080  6086     466
2426    6082  6079     479
2427    6086  6048     466
2428    6097   479     479
2429    6100  6080     466
2430    6103  3589     410
2431    6159  7578     239
2432    6164  1062     459
2433    6183   485     485
2434    6172   459     459
2435    6177  5820     486
2436    6207  6169     485
2437    6183  6181     485
2438    6189   909     459
2439    6191   922     486
2440    6192  6224     460
2441    6194  6202     460
2442    6195  6194     460
2443    6202  6192     460
2444    6207  6181     485
2445    6242   484     485
2446    6221   460     460
2447    6222  6169     485
2448    6224  6221     460
2449    6233  6261     484
2450    6237  6270     461
2451    6242  6211     485
2452    6251  6237     461
2453    6261   484     484
2454    6270   910     461
2455    6273  6299     461
2456    6274  6281     484
2457    6280  6233     484
2458    6281  1063     484
2459    6291  6273     461
2460    6298  6274     484
2461    6299   461     461
2462    6302  6317     483
2463    6303  6335     462
2464    6307  6311     483
2465    6308  6330     462
2466    6311   483     483
2467    6312  6308     462
2468    6317  6307     483
2469    6322  6328     483
2470    6328  6302     483
2471    6330  6303     462
2472    6331  6351     462
2473    6335  6331     462
2474    6341  6322     483
2475    6347  6350     482
2476    6350   482     482
2477    6351   462     462
2478    6360  6375     463
2479    6361  6360     463
2480    6369  6347     482
2481    6371  6385     482
2482    6375   911     463
2483    6385   921     482
2484    6419   920     481
2485    6392  6397     463
2486    6393  6371     482
2487    6396  1061     464
2488    6397   463     463
2489    6400  6392     463
2490    6409   481     481
2491    6410   912     464
2492    6419  6390     481
2493    6422  6448     464
2494    6423  6433     481
2495    6426  6422     464
2496    6433   920     481
2497    6447  1066     481
2498    6448   464     464
2499    6466  6453     465
2500    6450  6468     480
2501    6453  6455     465
2502    6455   464     465
2503    6458  6459     480
2504    6459   480     480
2505    6466  6449     465
2506    6468  6458     480
2507    6474  6487     480
2508    6475  6491     465
2509    6477  6475     465
2510    6487  6450     480
2511    6491   465     465
2512    6499  6447     481
2513    6521  6474     480
2514    6540  5892     344
2515    6542  6621     602
2516    6543  8275      48
2517    6551  5910     293
2518    6556   739     739
2519    6572   285     285
2520    6573  6575     284
2521    6575   284     284
2522    6580  2325     152
2523    6621   602     602
2524    6624  6551     293
2525    6660  6573     284
2526    6663  6679     284
2527    6664  6717     280
2528    6669  2191     284
2529    6673  2190     280
2530    6679  6669     284
2531    6687   283     284
2532    6693  6703     280
2533    6700  6711     280
2534    6703  6664     280
2535    6708  6693     280
2536    6710   281     281
2537    6711   280     280
2538    6717  6700     280
2539    6726  8812     220
2540    6727   992     790
2541    6728  7299     266
2542    6729  7624     272
2543    6736  7073     259
2544    6737  7317     263
2545    6740  7652     256
2546    6741  7377     252
2547    6748  7457     279
2548    6749  7441     275
2549    7478  7864     294
2550    6751  7471     296
2551    7882  8046     301
2552    6754  8078     305
2553    6756   992     790
2554    6757   821     220
2555    6759  6766     233
2556    6760   234     234
2557    6766   233     233
2558    6777   237     237
2559    6780   232     238
2560    6790   644     645
2561    11805   754     754
2562    6792  11802     186
2563    6793  7146     754
2564    6794  11503     186
2565    7147   649     650
2566    6796  8794      92
2567    6797   674     674
2568    6800   720     720
2569    6809   119     119
2570    6813  7160     289
2571    6815   289     289
2572    6818  6815     289
2573    6824  1722     289
2574    6837  1723     293
2575    6847    88      88
2576    6848   642     643
2577    6851  11506     566
2578    6852  7175      12
2579    6853  11513     198
2580    6854  11811     765
2581    6856   710     711
2582    6858   101     101
2583    6859  11509     167
2584    6860  7186     735
2585    6861  7187     165
2586    6862  8291     732
2587    6870  9140     581
2588    6871  7191      29
2589    6876  7562     245
2590    6921   242     242
2591    6928   321     322
2592    6929  7247     671
2593    6930  8302     112
2594    6933  7594     156
2595    6936  8720      51
2596    6937  7254     609
2597    6938  8993      75
2598    6939  8899     631
2599    6940  6938      75
2600    6943  9915     180
2601    6944  9706     746
2602    6994   172     172
2603    7014   715     715
2604    7029   283     283
2605    7036   282     282
2606    7052  7083     259
2607    7053  7316     263
2608    7055   260     260
2609    7058   261     261
2610    7060  7061     259
2611    7061   259     259
2612    7065  7077     263
2613    7073  7060     259
2614    7077  6737     263
2615    7080  7065     263
2616    7083  6736     259
2617    7111  7387     252
2618    7112  7651     256
2619    7113   231     231
2620    7118   229     229
2621    7120  1295     232
2622    7137  6756     790
2623    7140  6759     233
2624    7144  6790     645
2625    7145  6794     186
2626    7146  7513     754
2627    7147  6795     650
2628    7148  6797     674
2629    7153   719     720
2630    7160  1722     289
2631    7165  7739     293
2632    7167    33      33
2633    7169  7543     195
2634    7170  11511     761
2635    7174  6851     566
2636    7175  7546      12
2637    7176  11514     765
2638    7177  9517     198
2639    7178  11517     768
2640    7179  11815     200
2641    7180  11518     200
2642    7181  7751     768
2643    7185  8915     167
2644    7186  7905     735
2645    7187  7552     165
2646    7190  6870     581
2647    7191    29      29
2648    7193  2321     249
2649    7202  6876     245
2650    7210   247     247
2651    7247   671     671
2652    7248   152     152
2653    9297   722     723
2654    7253  6936      51
2655    7254  7596     609
2656    7257  9906     746
2657    7258  7783     180
2658    10694  10622     342
2659    7299   266     266
2660    7300  7636     268
2661    7301  7628     268
2662    7302  7301     268
2663    7307  7792     272
2664    7316   263     263
2665    7317  7053     263
2666    7322  7333     265
2667    7330  7052     259
2668    7332  7330     259
2669    7333   258     265
2670    7341   264     265
2671    7355   253     253
2672    7358   254     254
2673    7361  7363     252
2674    7363   252     252
2675    7370  7381     256
2676    7377  7361     252
2677    7381  6740     256
2678    7384  7370     256
2679    7387  6741     252
2680    7410  1330     232
2681    7416   277     277
2682    7417  7439     279
2683    7420  7417     279
2684    7421  7423     275
2685    7422   276     276
2686    7423   275     275
2687    7439  7447     279
2688    7441  7421     275
2689    7447  6748     279
2690    7453  7676     275
2691    7454  7700     279
2692    7457  7693     279
2693    7462  6751     296
2694    7463   295     295
2695    7471   296     296
2696    7997  7867     294
2697    7482  7931     298
2698    7483  7494     298
2699    7487  7489     298
2700    7489  7483     298
2701    7494  7482     298
2702    7502  7980     303
2703    7504   789     790
2704    8365   606     606
2705    7506  8366      49
2706    7510    90      90
2707    7513  7731     754
2708    7514  7145     186
2709    7517   114     114
2710    7521  7523     287
2711    7522  6813     289
2712    7523   287     287
2713    7540   585     586
2714    7542  7170     761
2715    7543   195     195
2716    7546    12      12
2717    7547  7749     198
2718    7548  9518     765
2719    7549  7180     200
2720    7550  7185     167
2721    7551  6862     732
2722    7552   165     165
2723    7553  7190     581
2724    7555   246     246
2725    7562   245     245
2726    7578  5587     239
2727    7582   239     239
2728    7583  6921     242
2729    7584   240     240
2730    7594   156     156
2731    7595  7249     723
2732    7596  7774     609
2733    7597  7781     631
2734    7598  7257     746
2735    7618   265     272
2736    7624  7307     272
2737    7628  7300     268
2738    7632  7815     268
2739    7636  7632     268
2740    7638  7802     272
2741    7651   256     256
2742    7652  7112     256
2743    7658   251     258
2744    7665  7111     252
2745    7676  6749     275
2746    7682  7453     275
2747    7686  7854     273
2748    7693  7454     279
2749    7699   272     279
2750    7700  7699     279
2751    7708  7686     273
2752    7714   297     297
2753    7718   294     294
2754    7723  7942     298
2755    7726  7505     606
2756    7731   753     754
2757    7738  7521     287
2758    7739   286     293
2759    7742  7165     293
2760    7745  7540     586
2761    7746  7542     761
2762    7749   198     198
2763    7750  7549     200
2764    7751  7992     768
2765    7753  7551     732
2766    7760  7582     239
2767    7769   241     241
2768    7774   608     609
2769    7775  7253      51
2770    7781   630     631
2771    7782  7598     746
2772    7783   180     180
2773    7792  7618     272
2774    7802  6729     272
2775    7805  7638     272
2776    7809  7816     270
2777    7815   268     268
2778    7816   270     270
2779    7825  7809     270
2780    7826   269     269
2781    7848   274     274
2782    7854   273     273
2783    7864  7718     294
2784    7867  6750     294
2785    7878   302     302
2786    8064  6753     301
2787    7887  7502     303
2788    11520   580     580
2789    7900  11519      28
2790    7902  7548     765
2791    7905   734     735
2792    7925  7723     298
2793    7931  7925     298
2794    7941  8000     300
2795    7942   298     298
2796    7944  7948     294
2797    7948  7962     294
2798    7958   299     299
2799    7962  6750     294
2800    7971  7941     300
2801    7977  8041     301
2802    7978  8054     305
2803    7979   304     304
2804    7980   303     303
2805    7991  7902     765
2806    7992   767     768
2807    7997  7478     294
2808    7998  7944     294
2809    7999   293     300
2810    8000  7999     300
2811    8005  7998     294
2812    8018  7971     300
2813    8031  8096     305
2814    8041   301     301
2815    8046  7977     301
2816    8053  8057     301
2817    8054  6754     305
2818    8057  7882     301
2819    8064  8053     301
2820    8065  8083     301
2821    8075  8130     305
2822    8078  8075     305
2823    8083  8105     301
2824    8096  7978     305
2825    8105  6753     301
2826    8113  8131     307
2827    8114  8117     301
2828    8117  8065     301
2829    8130   305     305
2830    8131   300     307
2831    8132  8113     307
2832    8148  8114     301
2833    8162  8446     561
2834    8163  8447       7
2835    11523   563     563
2836    8165  11524       8
2837    8166  11820     785
2838    8167  11544     218
2839    8168  11527     219
2840    8169  8452     787
2841    8170  8453     569
2842    8171  8700      14
2843    8173  11530     202
2844    8174  8455     771
2845    8175  8457     201
2846    8176  11532     769
2847    8177  8459     129
2848    8178  8460     707
2849    8180  8468      54
2850    8181  1388      56
2851    8183  8471     161
2852    8186   994     171
2853    8190  8477      57
2854    8191   613     614
2855    8192    59      59
2856    8193  8479      60
2857    8194   615     616
2858    8195  9391      62
2859    8196  9436     618
2860    8197  8988      64
2861    8198  8481      45
2862    8199   599     600
2863    8200    47      47
2864    8201    35      35
2865    8202  8483     589
2866    8203  11533     776
2867    8204  8485     206
2868    8205  9532     777
2869    8206  8211     208
2870    8207  10255     208
2871    8208  8210     777
2872    8209  8651     777
2873    8210  8205     777
2874    8211  11536     208
2875    8212  11538     197
2876    8213  8489     764
2877    8214  8491     193
2878    8215  1031     759
2879    8216  11540     195
2880    8217  8493     761
2881    8218   690     691
2882    8219   135     135
2883    8220   688     689
2884    8221   133     133
2885    8222  8497     163
2886    8223   804     182
2887    8224  8499     749
2888    11287  1023     743
2889    8226  8500     174
2890    8227  8655     744
2891    8228  11542     176
2892    8230   123     123
2893    8231   125     125
2894    8232   176     176
2895    8233  1185     178
2896    8234  1127     184
2897    8235   182     182
2898    8258   779     780
2899    8275    48      48
2900    8280   627     628
2901    8283  8871     158
2902    8284  8523     727
2903    8286  6796      92
2904    8290  6861     165
2905    8291   731     732
2906    8302   112     112
2907    8313   343     344
2908    8317  1219     758
2909    8318  1425     191
2910    8327   154     154
2911    8330   150     150
2912    8364  6757     220
2913    8365  7505     606
2914    8366    49      49
2915    8377  7658     258
2916    8407   271     271
2917    8445   686     686
2918    8446  8586     561
2919    8447  9455       7
2920    8448  8164     563
2921    8449  8588     218
2922    8450  11543     785
2923    8451  8168     219
2924    8452  8590     787
2925    8453  8591     569
2926    8455  8596     771
2927    8456  8173     202
2928    8457  8648     201
2929    8458  8176     769
2930    8459   129     129
2931    8460   706     707
2932    8461   148     148
2933    8468    54      54
2934    8471   161     161
2935    8473   730     731
2936    8474  8186     171
2937    8477    57      57
2938    8478  8192      59
2939    8479    60      60
2940    8480  8197      64
2941    8481    45      45
2942    8483   588     589
2943    8484  8201      35
2944    8485  8602     206
2945    8486  8203     776
2946    8487  8207     208
2947    8488  8212     197
2948    8489  8605     764
2949    8490  8215     759
2950    8491   193     193
2951    8492  8216     195
2952    8493   760     761
2953    8497   163     163
2954    8498  8223     182
2955    8499   748     749
2956    8500  8610     174
2957    8501  8228     176
2958    8502  8231     125
2959    8503  8234     184
2960    8520    73      73
2961    8523   726     727
2962    8525  8290     165
2963    10619  7277     342
2964    8586   561     561
2965    8587  8448     563
2966    8588   218     218
2967    8589  8450     785
2968    8590  8638     787
2969    8591   568     569
2970    8592  8171      14
2971    8596   770     771
2972    8597  8458     769
2973    8602   206     206
2974    8603  8487     208
2975    8604  8488     197
2976    8605   763     764
2977    8608  1019     731
2978    8610   174     174
2979    8611  8501     176
2980    8612   682     683
2981    8621  8535     342
2982    8637  8589     785
2983    8638   786     787
2984    8639  8451     219
2985    8647  8597     769
2986    8648   201     201
2987    8651   776     777
2988    8654  8225     743
2989    8655   743     744
2990    8675  1163     787
2991    8676  8998     219
2992    8677  8999     185
2993    8678  1121     751
2994    8679  1149     191
2995    8680  11830     217
2996    8681  11572     784
2997    8682  9936     215
2998    8683  9994     782
2999    8685   556     557
3000    8686     1       1
3001    8687  11549       3
3002    8688  9005     558
3003    8689  9008       3
3004    8690  11551     558
3005    8691  11552       5
3006    8692  9010     559
3007    8693  9012       9
3008    8694  11555     564
3009    8695  11557      11
3010    8696  9014     565
3011    8697  9015     571
3012    8698    16      16
3013    8699  8170     569
3014    8700    14      14
3015    8701   572     573
3016    8702  9018      18
3017    8703  9020      20
3018    8704  9191     574
3019    8705  9194     575
3020    8706    22      22
3021    8707  9024      23
3022    8708   575     576
3023    8709   576     577
3024    8710    25      25
3025    8711  7900      28
3026    8712  9026     580
3027    8713  9028      26
3028    8714  11558     578
3029    8715  9029      44
3030    8716  9032     598
3031    8717  9034      42
3032    8718   595     596
3033    8719  9586     609
3034    8720  9035      51
3035    8721  9038     611
3036    8722    53      53
3037    8723  9204     633
3038    8724  9041      76
3039    8725    78      78
3040    8726  9043      67
3041    8727  11561     622
3042    8728  9044     623
3043    8729  1095      69
3044    8730    82      82
3045    8731   635     636
3046    8732    80      80
3047    8734  11959     210
3048    8735  11847     778
3049    8736  11565     777
3050    8737  9821     208
3051    8738  10272     188
3052    8739  11839     756
3053    8740  9611     757
3054    8741  8746     190
3055    8742  9740     190
3056    8743  8745     757
3057    8744  9222     757
3058    8745  8740     757
3059    8746  1096     190
3060    8747   650     651
3061    8748    94      94
3062    8749    96      96
3063    8750   653     654
3064    8751    97      97
3065    8752    99      99
3066    8753   655     656
3067    8754   105     105
3068    8755   662     663
3069    8756  8996     116
3070    8757  9062     675
3071    8758  8770     139
3072    8759  9063     697
3073    8760   137     137
3074    8761  9612     703
3075    8762  9741     145
3076    8763   700     701
3077    8764  9069     143
3078    8765   728     729
3079    8766   160     160
3080    8767  9338     141
3081    8768  9314     699
3082    8769  8759     697
3083    8770   139     139
3084    8771   684     685
3085    8772  9074     127
3086    8773  9076     178
3087    8774  1025     745
3088    8788    72      72
3089    8789  9085     775
3090    8790  1278     204
3091    8791  9088     203
3092    8792  1130     772
3093    8794    92      92
3094    8800  9799     180
3095    8801  9489     746
3096    8810  9098     792
3097    8811  1280     221
3098    8812   220     220
3099    8850   108     108
3100    8851   666     667
3101    8852   107     107
3102    8853   155     155
3103    8854   721     722
3104    8855  8177     129
3105    8856   679     680
3106    8871   158     158
3107    8874  1018     679
3108    8880  5929     172
3109    8890   100     100
3110    8899  7597     631
3111    8915  6859     167
3112    8924   614     615
3113    8927   749     750
3114    8928  1114     213
3115    8935   324     324
3116    8936  8938     325
3117    8938  8939     325
3118    8939   324     325
3119    8964  8165       8
3120    8965   737     738
3121    8970  1160     191
3122    8988    64      64
3123    8989  8196     618
3124    8990  11571      65
3125    8991  9262     620
3126    8992  6939     631
3127    8993    75      75
3128    8994   117     117
3129    8995  9264     677
3130    8996   116     116
3131    8997  8757     675
3132    8998   219     219
3133    8999   185     185
3134    9001  11573     217
3135    9002  9178     784
3136    9003  9900     782
3137    9004  9745     215
3138    9005  9581     558
3139    9006  8687       3
3140    9007  8690     558
3141    9008  9183       3
3142    9009  8691       5
3143    9010  9583     559
3144    9011  8694     564
3145    9012  9185       9
3146    9013  8695      11
3147    9014  9535     565
3148    9015   570     571
3149    9016  8698      16
3150    9018    18      18
3151    9019  9272     574
3152    9020  9188      20
3153    9021  8703      20
3154    9022  8706      22
3155    9023  8708     576
3156    9024    23      23
3157    9025  8711      28
3158    9026   579     580
3159    9027  8714     578
3160    9028  9197      26
3161    9029    44      44
3162    9030  8716     598
3163    9031  8715      44
3164    9032   597     598
3165    9033  8718     596
3166    9034    42      42
3167    9035    51      51
3168    9036  8719     609
3169    9037  8722      53
3170    9038   610     611
3171    9039  8724      76
3172    9040  8723     633
3173    9041  9205      76
3174    9042  8727     622
3175    9043  9208      67
3176    9044   622     623
3177    9045  8729      69
3178    9046  8730      82
3179    9048  11845     210
3180    9049  9217     778
3181    9050  9744     777
3182    9051  9218     208
3183    9052  9624     756
3184    9053  9220     188
3185    9054  8739     756
3186    9055  8742     190
3187    9061  8756     116
3188    9062   674     675
3189    9063   696     697
3190    9064  8758     139
3191    9065   695     696
3192    9066  8762     145
3193    9067   702     703
3194    9068  8763     701
3195    9069   143     143
3196    9071  9331     141
3197    9072   698     699
3198    9074   127     127
3199    9076  9479     178
3200    9084   625     626
3201    9085   774     775
3202    9086  8790     204
3203    9088   203     203
3204    9092  8800     180
3205    9098   791     792
3206    9099  8811     221
3207    9101  6727     790
3208    9111    89      89
3209    9116   664     665
3210    9122  11578     122
3211    9123  9245     681
3212    9127  6795     650
3213    9136   149     149
3214    9139  6871      29
3215    9140   580     581
3216    11181  8936     325
3217    9163  9346     317
3218    9164  8990      65
3219    9166  8992     631
3220    9170  8994     117
3221    9171  8997     675
3222    9178  9268     784
3223    9179  9001     217
3224    9180  9622     782
3225    9181  9270     215
3226    9182  9006       3
3227    9183     3       3
3228    9184  9009       5
3229    9185     9       9
3230    9186  9013      11
3231    9188    20      20
3232    9190  9021      20
3233    9191   573     574
3234    9193  9022      22
3235    9194   574     575
3236    9197  9275      26
3237    9198  9027     578
3238    9204   632     633
3239    9205    76      76
3240    9207  9042     622
3241    9208    67      67
3242    9209  9045      69
3243    9211  8731     636
3244    9215  9048     210
3245    9216  9284     778
3246    9217  9626     778
3247    9218  9285     208
3248    9219  9052     756
3249    9220  9288     188
3250    9221  9055     190
3251    9222   756     757
3252    9226  9064     139
3253    9228  9066     145
3254    9230  9071     141
3255    9244  9122     122
3256    9245  9299     681
3257    9262   619     620
3258    9264   676     677
3259    9267  9179     217
3260    9268   783     784
3261    9269  9180     782
3262    9270   215     215
3263    9272  8704     574
3264    9275    26      26
3265    9283  9215     210
3266    9284   777     778
3267    9285   208     208
3268    9286  9050     777
3269    9288   188     188
3270    9294   643     644
3271    9297  7249     723
3272    9298  9244     122
3273    9299   680     681
3274    9311  9283     210
3275    9314  9072     699
3276    9331  8767     141
3277    9338   141     141
3278    9339  8768     699
3279    9341   339     339
3280    9342  10295     337
3281    9344   319     319
3282    9345   318     318
3283    9346   317     317
3284    9354  7506      49
3285    9357   633     634
3286    9358  1204     779
3287    9370   775     776
3288    9387  1021     737
3289    9388   616     617
3290    9391    62      62
3291    9395   600     601
3292    9396   744     745
3293    9408  8284     727
3294    9410  9655     758
3295    9414  1031     759
3296    9428  1954     345
3297    9435  8191     614
3298    9436   617     618
3299    9455     7       7
3300    9456  8456     202
3301    9458  8486     776
3302    9473  8685     557
3303    9474   556     792
3304    9476  8774     745
3305    9479   178     178
3306    9488   709     710
3307    9489   745     746
3308    9492  1232     775
3309    9507   670     671
3310    9517  7547     198
3311    9518  7176     765
3312    9532  8209     777
3313    9535   564     565
3314    9536  8701     573
3315    9545  8792     772
3316    9548  8791     203
3317    9559   663     664
3318    9560   106     106
3319    9566  5904     739
3320    9575  1148     758
3321    9579  8675     787
3322    9580  8678     751
3323    9581   557     558
3324    9582  9007     558
3325    9583   558     559
3326    9584  9011     564
3327    9586  6937     609
3328    9588   636     637
3329    9596  1186     750
3330    9599  9163     317
3331    10595   314     315
3332    9611  8744     757
3333    9612  9067     703
3334    9618  8736     777
3335    9622  9003     782
3336    9624  9054     756
3337    9626  9216     778
3338    9631  10371     348
3339    9632  9631     348
3340    9639  2332     211
3341    9655  1205     758
3342    9657  1207     191
3343    9663  9414     759
3344    9697  1076     758
3345    9706  8801     746
3346    9740  8741     190
3347    9741   145     145
3348    9742  8761     703
3349    9744  9618     777
3350    9745  9181     215
3351    9752   335     335
3352    9788   668     668
3353    9799  6943     180
3354    9812  9814     315
3355    9814   315     315
3356    9821  9051     208
3357    9843   345     345
3358    9862  9908     215
3359    9863  9926     782
3360    9869   349     349
3361    9900  9863     782
3362    9906  6944     746
3363    9907  10558     311
3364    9908  9004     215
3365    9915  7258     180
3366    9926  8683     782
3367    9936  9862     215
3368    9960  10561     311
3369    9983  10538     311
3370    9984  11599     782
3371    9985  9993     215
3372    9993  10003     215
3373    9994  9984     782
3374    10003  8682     215
3375    10024  10608     311
3376    10033  10041     315
3377    10041  9604     315
3378    10056  10582     312
3379    10062   311     311
3380    10073  10118     326
3381    10092   326     326
3382    10106  10073     326
3383    10118  10092     326
3384    10136  10137     327
3385    10137   327     327
3386    10142  10136     327
3387    10148   332     332
3388    10151   333     333
3389    10152   334     334
3390    10255  8206     208
3391    10272  9053     188
3392    10295   337     337
3393    10297   338     339
3394    10298   337     338
3395    10309  10313     340
3396    10313   339     340
3397    10324  10325     330
3398    10325   330     330
3399    10352  10354     329
3400    10354  10355     329
3401    10355   329     329
3402    10369  10706     329
3403    10371   348     348
3404    10396  9812     315
3405    10417  10423     350
3406    10423   350     350
3407    10492  11272     351
3408    10520   352     352
3409    10534  10548     310
3410    10538  9960     311
3411    10546  9983     311
3412    10548   310     310
3413    10558  10024     311
3414    10561  10569     311
3415    10569  9907     311
3416    10578  10596     314
3417    10579   313     313
3418    10582   312     312
3419    10595  10033     315
3420    10596   314     314
3421    10608  10062     311
3422    10619  8535     342
3423    10695   341     342
3424    10632   328     328
3425    10685   828     331
3426    10690  10324     330
3427    10694  7277     342
3428    10695  10622     342
3429    10706  10352     329
3430    10719  1023     743
3431    10720  1148     758
3432    10733   308     308
3433    10743  10492     351
3434    10759   353     353
3435    10763  10981     354
3436    10764   309     309
3437    10770  10534     310
3438    10850   325     368
3439    10811  10820     367
3440    10817  10954     368
3441    10820   367     367
3442    10829  10811     367
3443    10837  10838     366
3444    10838   366     366
3445    10843  10106     326
3446    10968  10779     368
3447    10850  10849     368
3448    10874   749     749
3449    10877   341     341
3450    10881  10877     341
3451    10894  10897     355
3452    10897   355     355
3453    10899   355     356
3454    10938  10763     354
3455    10954  10779     368
3456    10968  10849     368
3457    10981   354     354
3458    10989   356     357
3459    11048   364     364
3460    11009  11003     364
3461    11011  11014     365
3462    11046   364     365
3463    11017   363     363
3464    11020  11022     362
3465    11022   362     362
3466    11046  11014     365
3467    11048  11003     364
3468    11057   365     365
3469    11060  10837     366
3470    11072  11020     362
3471    11073  11085     361
3472    11085   361     361
3473    11107  11147     358
3474    11112  11107     358
3475    11123  11127     361
3476    11125   360     360
3477    11127  11073     361
3478    11140   359     359
3479    11147   358     358
3480    11181  9149     325
3481    11247   684     684
3482    11266   340     340
3483    11272   351     351
3484    11287  8225     743
3485    11398  11895     214
3486    11399  11893     781
3487    11400  11905     214
3488    11401  11909     781
3489    11402  1165     219
3490    11403  1072     787
3491    11404  11708     559
3492    11405  11710       5
3493    11406  11715       6
3494    11407  11712     560
3495    11408  11717     564
3496    11409  11719       9
3497    11410  11987     210
3498    11411  11991     778
3499    11412    17      17
3500    11413   571     572
3501    11414    40      40
3502    11415   593     594
3503    11416   591     592
3504    11417    38      38
3505    11418  11728      37
3506    11419  11726     591
3507    11420  11730     593
3508    11421  11732      39
3509    11422  1230     780
3510    11423   213     213
3511    11424   795      48
3512    11425   601     602
3513    11426  11736     755
3514    11427  11738     187
3515    11428  11741      66
3516    11429  11740     621
3517    11430    69      69
3518    11431   983     623
3519    11432  11745     202
3520    11433  11743     771
3521    11434  11748     201
3522    11435  11750     769
3523    11436  11752     203
3524    11437  11754     772
3525    11438  1005     206
3526    11439  1175     776
3527    11440  11757     764
3528    11441  11756     197
3529    11442  11762     758
3530    11443  11759     191
3531    11444  11765     757
3532    11445  11767     190
3533    11446  11769     757
3534    11447  11771     190
3535    11448  11775     755
3536    11449  11772     187
3537    11450  11930     755
3538    11451  11934     187
3539    11452  11783     185
3540    11453  11781     751
3541    11454   111     111
3542    11455   669     670
3543    11456  11785     678
3544    11457  11787     118
3545    11458  1032     772
3546    11459  1002     203
3547    11460  11791     757
3548    11461  11793     190
3549    11462  1009     219
3550    11463  1162     787
3551    11464   995     185
3552    11465  1028     751
3553    11466   171     171
3554    11467  1022     738
3555    11468   798     168
3556    11469  1182     736
3557    11470  1187     756
3558    11471   808     188
3559    11472   814     206
3560    11473  1194     776
3561    11474  1101     787
3562    11475  1115     219
3563    11476  1123     168
3564    11477   735     736
3565    11478  1112     776
3566    11479  1132     206
3567    11480   991     787
3568    11481  1164     219
3569    11482  1222     787
3570    11483   820     219
3571    11484  11796     191
3572    11485  11797     758
3573    11486  1233     206
3574    11487  1034     776
3575    11488  1228     191
3576    11489  1107     758
3577    11491  1261     775
3578    11492  1259     204
3579    11493  1248     211
3580    11494   778     779
3581    11497  1265     221
3582    11498  1271     792
3583    11499   738     739
3584    11500  5905     172
3585    11501  11804     186
3586    11502  11803     754
3587    11503  6792     186
3588    11504  6793     754
3589    11505  6852      12
3590    11506   565     566
3591    11507  11810     765
3592    11508  11812     198
3593    11509   167     167
3594    11510  6860     735
3595    11511   986     761
3596    11512  7169     195
3597    11513  7177     198
3598    11514  6854     765
3599    11515  11818     200
3600    11516  11816     768
3601    11517  7181     768
3602    11518  7179     200
3603    11519    28      28
3604    11520  7899     580
3605    11521   560     561
3606    11522  8163       7
3607    11523  8164     563
3608    11524     8       8
3609    11525  11821     218
3610    11526  11823     785
3611    11527  1102     219
3612    11528  8169     787
3613    11529  8174     771
3614    11530  1100     202
3615    11531  8175     201
3616    11532   988     769
3617    11533  1117     776
3618    11534  8204     206
3619    11535  8208     777
3620    11536   815     208
3621    11537  8213     764
3622    11538  1098     197
3623    11539  8217     761
3624    11540  1097     195
3625    11541  8227     744
3626    11542   802     176
3627    11543  8166     785
3628    11544  8449     218
3629    11546  11829     784
3630    11547  11828     217
3631    11548  8688     558
3632    11549   793       3
3633    11550  8689       3
3634    11551  1015     558
3635    11552   794       5
3636    11553  8692     559
3637    11554  8693       9
3638    11555   982     564
3639    11556  8696     565
3640    11557    11      11
3641    11558   577     578
3642    11559  8713      26
3643    11560  8726      67
3644    11561   621     622
3645    11562  11957     778
3646    11563  11953     210
3647    11564  8737     208
3648    11565   990     777
3649    11566  11842     756
3650    11567  11840     188
3651    11570  8991     620
3652    11571    65      65
3653    11572  9002     784
3654    11573  8680     217
3655    11574  11848     210
3656    11575  11846     778
3657    11577  9123     681
3658    11578   122     122
3659    11593   575     575
3660    11599   781     782
3661    11600  9985     215
3662    11614   700     700
3663    11699  11894     214
3664    11700   780     781
3665    11701  11900     214
3666    11702  11896     781
3667    11703  11906     781
3668    11704   214     214
3669    11705  11910     214
3670    11706  11913     781
3671    11707  11405       5
3672    11708  1016     559
3673    11709  11404     559
3674    11710     5       5
3675    11711  11406       6
3676    11712   559     560
3677    11714  11407     560
3678    11715     6       6
3679    11716  11409       9
3680    11717   563     564
3681    11718  11408     564
3682    11719  1094       9
3683    11720  11980     210
3684    11721  11984     778
3685    11722  11988     210
3686    11723  11992     778
3687    11725  11418      37
3688    11726   590     591
3689    11727  11419     591
3690    11728    37      37
3691    11729  11421      39
3692    11730   592     593
3693    11731  11420     593
3694    11732    39      39
3695    11735  11427     187
3696    11736  1029     755
3697    11737  11426     755
3698    11738   996     187
3699    11739  11428      66
3700    11740   620     621
3701    11741    66      66
3702    11742  11429     621
3703    11743   989     771
3704    11744  11432     202
3705    11745   202     202
3706    11746  11433     771
3707    11747  11435     769
3708    11748  1099     201
3709    11749  11434     201
3710    11750   768     769
3711    11751  11437     772
3712    11752   812     203
3713    11753  11436     203
3714    11754   771     772
3715    11755  11440     764
3716    11756   197     197
3717    11757   987     764
3718    11758  11441     197
3719    11759  1106     191
3720    11760  11442     758
3721    11761  11443     191
3722    11762   757     758
3723    11764  11445     190
3724    11765  1083     757
3725    11766  11444     757
3726    11767   190     190
3727    11768  11447     190
3728    11769  1082     757
3729    11770  11446     757
3730    11771   809     190
3731    11772   187     187
3732    11773  11448     755
3733    11774  11449     187
3734    11775  1128     755
3735    11776  11931     187
3736    11777  11933     755
3737    11778  11935     755
3738    11779  11937     187
3739    11780  11452     185
3740    11781   750     751
3741    11782  11453     751
3742    11783   806     185
3743    11784  11457     118
3744    11785   677     678
3745    11786  11456     678
3746    11787   118     118
3747    11790  11461     190
3748    11791   984     757
3749    11792  11460     757
3750    11793   998     190
3751    11795  11485     758
3752    11796   999     191
3753    11797  1168     758
3754    11798  11484     191
3755    11802  11501     186
3756    11803  6791     754
3757    11804   186     186
3758    11805  11502     754
3759    11809  11508     198
3760    11810   764     765
3761    11811  11507     765
3762    11812  6853     198
3763    11815  11515     200
3764    11816  7178     768
3765    11817  11516     768
3766    11818   200     200
3767    11820  11526     785
3768    11821  8167     218
3769    11822  11525     218
3770    11823   784     785
3771    11827  11546     784
3772    11828   217     217
3773    11829  8681     784
3774    11830  11547     217
3775    11835  11956     210
3776    11836  11954     778
3777    11837  11960     778
3778    11838  11958     210
3779    11839  11566     756
3780    11840  8738     188
3781    11841  11567     188
3782    11842  1030     756
3783    11845  11574     210
3784    11846  9049     778
3785    11847  11575     778
3786    11848  8734     210
3787    11893  11700     781
3788    11894  11398     214
3789    11895  11701     214
3790    11896  11399     781
3791    11899  11702     781
3792    11900   819     214
3793    11905  11704     214
3794    11906  11401     781
3795    11909  11706     781
3796    11910  11400     214
3797    11913  1038     781
3798    11914  11705     214
3799    11917  11981     778
3800    11918  11982     210
3801    11919  11985     210
3802    11920  11986     778
3803    11921  11989     778
3804    11922  11990     210
3805    11923  11993     210
3806    11924  11994     778
3807    11930  11777     755
3808    11931  11451     187
3809    11932  11776     187
3810    11933   754     755
3811    11934  11779     187
3812    11935  11450     755
3813    11936  11778     755
3814    11937   807     187
3815    11953  11835     210
3816    11954  11562     778
3817    11955  11836     778
3818    11956   816     210
3819    11957  11837     778
3820    11958  11563     210
3821    11959  11838     210
3822    11960  8735     778
3823    11980  11918     210
3824    11981  11721     778
3825    11982   210     210
3826    11983  11917     778
3827    11984  11920     778
3828    11985  11720     210
3829    11986  11411     778
3830    11987  11919     210
3831    11988  11922     210
3832    11989  11723     778
3833    11990  11410     210
3834    11991  11921     778
3835    11992  11924     778
3836    11993  11722     210
3837    11994  1035     778
3838    11995  11923     210
0
18
   0   1368186.1079461188  116610.10681478359  0  500
   1   1368087.8906055  116595.07937792162  0  500
   2   1370746.4542697459  107796.62303082692  0  500
   3   1366356.679111734  114840.26651445031  0  500
   4   1365721.578097227  113533.72567694609  0  500
   5   1367335.7767270282  112469.88092101365  0  500
   6   1366280.3681940455  114573.09260321141  0  500
   7   1368198.0118169002  110987.06546376945  0  500
   8   1368283.6617836156  109140.6152286443  0  500
   9   1370902.3815152845  107943.63037099165  0  500
  10   1365479.3380165943  113445.27226327101  0  500
  11   1374343.9297735801  115262.92173171365  0  500
  12   1369807.150604873  116889.46706433898  0  500
  13   1366233.6508655429  105893.75349999964  0  2000
  14   1365836.6881224406  101925.06500000507  0  2000
  15   1367117.0803155354  105069.94340895499  0  200
  16   1367726.1328415063  105104.86472476399  0  200
  17   1364253.6038911128  109044.7931555776  0  40000
# Generated by C:\Users\lukem\Python\PATH\modflow_exe\triangle.exe -a -q30 -A -p -V -D -e -n _triangle.0
