                                   MODFLOW 6
                U.S. GEOLOGICAL SURVEY MODULAR HYDROLOGIC MODEL
                          GROUNDWATER FLOW MODEL (GWF)
                            VERSION 6.6.2 05/12/2025

   MODFLOW 6 compiled May 24 2025 11:42:11 with Intel(R) Fortran Intel(R) 64
   Compiler Classic for applications running on Intel(R) 64, Version 2021.7.0
                             Build 20220726_000000

This software has been approved for release by the U.S. Geological 
Survey (USGS). Although the software has been subjected to rigorous 
review, the USGS reserves the right to update the software as needed 
pursuant to further analysis and review. No warranty, expressed or 
implied, is made by the USGS or the U.S. Government as to the 
functionality of the software and related material nor shall the 
fact of release constitute any such warranty. Furthermore, the 
software is released on condition that neither the USGS nor the U.S. 
Government shall be held liable for any damages resulting from its 
authorized or unauthorized use. Also refer to the USGS Water 
Resources Software User Rights Notice for complete use, copyright, 
and distribution information.


As a work of the United States Government, this USGS product is 
in the public domain within the United States. You can copy, 
modify, distribute, and perform the work, even for commercial 
purposes, all without asking permission. Additionally, USGS 
waives copyright and related rights in the work worldwide 
through CC0 1.0 Universal Public Domain Dedication 
(https://creativecommons.org/publicdomain/zero/1.0/).

The following GNU Lesser General Public License (LGPL) libraries
are used in this USGS product:

    SPARSKIT version 2.0
      ilut, luson, and qsplit 
      (https://www-users.cse.umn.edu/~saad/software/SPARSKIT/)

    RCM - Reverse Cuthill McKee Ordering
      (https://people.math.sc.edu/Burkardt/f_src/rcm/rcm.html)

    BLAS - Basic Linear Algebra Subprograms Level 1
      (https://people.math.sc.edu/Burkardt/f_src/blas1_d/blas1_d.html)

    SPARSEKIT - Sparse Matrix Utility Package
      amux, dperm, dvperm, rperm, and cperm
      (https://people.sc.fsu.edu/~jburkardt/f77_src/sparsekit/sparsekit.html)

The following BSD-3 License libraries are used in this USGS product:

    Modern Fortran DAG Library
      Copyright (c) 2018, Jacob Williams
      All rights reserved.
      (https://github.com/jacobwilliams/daglib)

MODFLOW 6 compiler options: /O2 /heap-arrays:0 /fpe:0 /traceback /nologo /fpp
/c /module:win64\mod_mf6\ /object:win64\obj_mf6\

System command used to initiate simulation:
C:\Users\lukem\Python\PATH\modflow_exe\mf6.exe

MODFLOW was compiled using uniform precision.

Real Variables
  KIND: 8
  TINY (smallest non-zero value):    2.225074-308
  HUGE (largest value):    1.797693+308
  PRECISION: 15
  SIZE IN BITS: 64

Integer Variables
  KIND: 4
  HUGE (largest value): 2147483647
  SIZE IN BITS: 32

Long Integer Variables
  KIND: 8
  HUGE (largest value): 9223372036854775807
  SIZE IN BITS: 64

Logical Variables
  KIND: 4
  SIZE IN BITS: 32
 
 NAMEFILE OPTIONS:
    NEWTON-RAPHSON method enabled for the model.
    NEWTON-RAPHSON UNDER-RELAXATION based on the bottom elevation of the model will be applied to the model.
    FLOWS WILL BE SAVED TO BUDGET FILE SPECIFIED IN OUTPUT CONTROL
 END NAMEFILE OPTIONS:

 DISV -- VERTEX GRID DISCRETIZATION PACKAGE, VERSION 1 : 12/23/2015 - INPUT READ FROM MEMPATH: __INPUT__/REFINED_E2E/DISV                        


 Setting Discretization Options
    Model length unit [0=UND, 1=FEET, 2=METERS, 3=CENTIMETERS] set as 1
 End Setting Discretization Options

 Setting Discretization Dimensions
    NLAY = 1
    NCPL = 4978
    NVERT = 10306
 End Setting Discretization Dimensions

 Setting Discretization Griddata
    TOP set from input file
    BOTM set from input file
    IDOMAIN set from input file
 End Setting Discretization Griddata

 Discretization Vertex data loaded
 Discretization Cell2d data loaded

 NPF -- NODE PROPERTY FLOW PACKAGE, VERSION 1, 3/30/2015 INPUT READ FROM MEMPATH: __INPUT__/REFINED_E2E/NPF                         


 IC -- Initial Conditions Package, Version 8, 3/28/2015 input read from mempath: __INPUT__/REFINED_E2E/IC                          


 Setting NPF Options
    Cell-by-cell flow information will be saved to binary file whenever ICBCFL is not zero.
    Saturation will be written to DATA-SAT in budget file when requested.
 End Setting NPF Options

 Setting NPF Griddata
    ICELLTYPE set from input file
    K set from input file
    K33 set from input file
    K22 not provided.  Setting K22 = K.
 End Setting NPF Griddata


 DRN   -- DRN PACKAGE, VERSION 8, 2/22/2014 INPUT READ FROM MEMPATH: __INPUT__/REFINED_E2E/DRN                         

 PROCESSING DRN BASE OPTIONS
    FLOWS WILL BE SAVED TO BUDGET FILE SPECIFIED IN OUTPUT CONTROL
 END OF DRN BASE OPTIONS

 PROCESSING DRN OPTIONS
 END OF DRN OPTIONS

 PROCESSING DRN BASE DIMENSIONS
    MAXBOUND =     294
 END OF DRN BASE DIMENSIONS

 GHB   -- GHB PACKAGE, VERSION 8, 2/22/2014 INPUT READ FROM MEMPATH: __INPUT__/REFINED_E2E/GHB                         

 PROCESSING GHB BASE OPTIONS
    FLOWS WILL BE SAVED TO BUDGET FILE SPECIFIED IN OUTPUT CONTROL
 END OF GHB BASE OPTIONS

 PROCESSING GHB OPTIONS
 END OF GHB OPTIONS

 PROCESSING GHB BASE DIMENSIONS
    MAXBOUND =      39
 END OF GHB BASE DIMENSIONS

 RCH   -- RCH PACKAGE, VERSION 8, 2/22/2014 INPUT READ FROM MEMPATH: __INPUT__/REFINED_E2E/RCH                         

 PROCESSING RCH BASE OPTIONS
    FLOWS WILL BE SAVED TO BUDGET FILE SPECIFIED IN OUTPUT CONTROL
 END OF RCH BASE OPTIONS

 PROCESSING RCH OPTIONS
 END OF RCH OPTIONS

 PROCESSING RCH BASE DIMENSIONS
    MAXBOUND =    4978
 END OF RCH BASE DIMENSIONS

 CHD   -- CHD PACKAGE, VERSION 8, 2/22/2014 INPUT READ FROM MEMPATH: __INPUT__/REFINED_E2E/CHD                         

 PROCESSING CHD BASE OPTIONS
    FLOWS WILL BE SAVED TO BUDGET FILE SPECIFIED IN OUTPUT CONTROL
 END OF CHD BASE OPTIONS

 PROCESSING CHD BASE DIMENSIONS
    MAXBOUND =     126
 END OF CHD BASE DIMENSIONS

 SFR   -- SFR PACKAGE, VERSION 8, 2/22/2014 INPUT READ FROM UNIT 1015
 # File generated by Flopy version 3.9.5 on 04/30/2026 at 09:53:40.

 PROCESSING SFR OPTIONS
    LISTS OF SFR CELLS WILL BE PRINTED.
    SFR FLOWS WILL BE PRINTED TO LISTING FILE.
    FLOWS WILL BE SAVED TO BUDGET FILE SPECIFIED IN OUTPUT CONTROL

 OPENED sfr_stage.sfr
 FILE TYPE:DATA(BINARY)   UNIT 1020   STATUS:REPLACE             
 FORMAT:UNFORMATTED            ACCESS:STREAM              
 ACTION:READWRITE           

    SFR  STAGE  WILL BE SAVED TO FILE: sfr_stage.sfr
    OPENED ON UNIT: 1020

 OPENED sfr_budget.sfr
 FILE TYPE:DATA(BINARY)   UNIT 1021   STATUS:REPLACE             
 FORMAT:UNFORMATTED            ACCESS:STREAM              
 ACTION:READWRITE           

    SFR  BUDGET  WILL BE SAVED TO FILE: sfr_budget.sfr
    OPENED ON UNIT: 1021
    MOVER OPTION ENABLED
    MAXIMUM SFR PICARD ITERATION VALUE (1) SPECIFIED.
    MAXIMUM SFR ITERATION VALUE (1000) SPECIFIED.
    MAXIMUM DEPTH CHANGE VALUE (.1000000000000000E-01) SPECIFIED.
    LENGTH CONVERSION VALUE (3.280810000000000) SPECIFIED.
    TIME CONVERSION VALUE (86400.00000000000) SPECIFIED.
 END OF SFR OPTIONS

 PROCESSING SFR DIMENSIONS
    NREACHES = 172
 END OF SFR DIMENSIONS

 PROCESSING SFR PACKAGEDATA
 END OF SFR PACKAGEDATA

 PROCESSING SFR CONNECTIONDATA
 END OF SFR CONNECTIONDATA

 LAK   -- LAK PACKAGE, VERSION 8, 2/22/2014 INPUT READ FROM UNIT 1016
 # File generated by Flopy version 3.9.5 on 04/30/2026 at 09:53:40.

 PROCESSING LAK OPTIONS
    LAK STAGES WILL BE PRINTED TO LISTING FILE.
    FLOWS WILL BE SAVED TO BUDGET FILE SPECIFIED IN OUTPUT CONTROL

 OPENED refined_e2e_stage.lak
 FILE TYPE:DATA(BINARY)   UNIT 1022   STATUS:REPLACE             
 FORMAT:UNFORMATTED            ACCESS:STREAM              
 ACTION:READWRITE           

    LAK  STAGE  WILL BE SAVED TO FILE: refined_e2e_stage.lak
    OPENED ON UNIT: 1022

 OPENED refined_e2e_budget.lak
 FILE TYPE:DATA(BINARY)   UNIT 1023   STATUS:REPLACE             
 FORMAT:UNFORMATTED            ACCESS:STREAM              
 ACTION:READWRITE           

    LAK  BUDGET  WILL BE SAVED TO FILE: refined_e2e_budget.lak
    OPENED ON UNIT: 1023

 OPENED refined_e2e_lake_budget.csv
 FILE TYPE:CSV   UNIT 1024   STATUS:REPLACE             
 FORMAT:FORMATTED              ACCESS:SEQUENTIAL          
 ACTION:READWRITE           

    LAK  BUDGET CSV  WILL BE SAVED TO FILE: refined_e2e_lake_budget.csv
    OPENED ON UNIT: 1024

 OPENED refined_e2e_lake_convergence.csv
 FILE TYPE:CSV   UNIT 1025   STATUS:REPLACE             
 FORMAT:FORMATTED              ACCESS:SEQUENTIAL          
 ACTION:READWRITE           

    LAK  PACKAGE_CONVERGENCE  WILL BE SAVED TO FILE: refined_e2e_lake_convergence.csv
    OPENED ON UNIT: 1025
    MOVER OPTION ENABLED
    LAKE SURFDEP VALUE (   0.000000    ) SPECIFIED.
    MAXIMUM LAK ITERATION VALUE (100) SPECIFIED.
    MAXIMUM STAGE CHANGE VALUE (.1000000000000000E-04) SPECIFIED.
    TIME CONVERSION VALUE (   86400.00    ) SPECIFIED.
    LENGTH CONVERSION VALUE (   3.280810    ) SPECIFIED.
 END OF LAK OPTIONS

 PROCESSING LAK DIMENSIONS
    NLAKES =       1
    NOUTLETS =       0
    NTABLES =       0
 END OF LAK DIMENSIONS

 PROCESSING LAK PACKAGEDATA
 END OF LAK PACKAGEDATA


    MAXBOUND =     385

 PROCESSING LAK LAKE_CONNECTIONS
 END OF LAK CONNECTIONDATA

 UZF   -- UZF CELLS PACKAGE, VERSION 8, 2/22/2014 INPUT READ FROM UNIT 1017
 # File generated by Flopy version 3.9.5 on 04/30/2026 at 09:53:39.

 PROCESSING UZF CELLS OPTIONS
    FLOWS WILL BE SAVED TO BUDGET FILE SPECIFIED IN OUTPUT CONTROL

 OPENED refined_e2e_budget.uzf
 FILE TYPE:DATA(BINARY)   UNIT 1026   STATUS:REPLACE             
 FORMAT:UNFORMATTED            ACCESS:STREAM              
 ACTION:READWRITE           

    UZF  BUDGET  WILL BE SAVED TO FILE: refined_e2e_budget.uzf
    OPENED ON UNIT: 1026

 OPENED refined_e2e_uzf_budget.csv
 FILE TYPE:CSV   UNIT 1027   STATUS:REPLACE             
 FORMAT:FORMATTED              ACCESS:SEQUENTIAL          
 ACTION:READWRITE           

    UZF  BUDGET CSV  WILL BE SAVED TO FILE: refined_e2e_uzf_budget.csv
    OPENED ON UNIT: 1027

 OPENED refined_e2e_uzf_package_convergence.csv
 FILE TYPE:CSV   UNIT 1028   STATUS:REPLACE             
 FORMAT:FORMATTED              ACCESS:SEQUENTIAL          
 ACTION:READWRITE           

    UZF  PACKAGE_CONVERGENCE  WILL BE SAVED TO FILE: refined_e2e_uzf_package_convergence.csv
    OPENED ON UNIT: 1028
 END OF UZF CELLS OPTIONS

 PROCESSING UZF CELLS DIMENSIONS
    NUZFCELLS = 4978
    NTRAILWAVES = 10
    NTRAILSETS = 50
 END OF UZF CELLS DIMENSIONS

 PROCESSING UZF CELLS PACKAGEDATA
 END OF UZF CELLS PACKAGEDATA
    STRT set from input file

 STO -- STORAGE PACKAGE, VERSION 1, 5/19/2014 INPUT READ FROM MEMPATH: __INPUT__/REFINED_E2E/STO                         


 PROCESSING STORAGE OPTIONS
    CELL-BY-CELL FLOW INFORMATION WILL BE SAVED TO BINARY FILE WHENEVER ICBCFL IS NOT ZERO.
 END OF STORAGE OPTIONS

 MVR -- WATER MOVER PACKAGE, VERSION 8, 1/29/2016 INPUT READ FROM UNIT 1008
 # File generated by Flopy version 3.9.5 on 04/30/2026 at 09:53:40.
 PROCESSING MVR OPTIONS

 OPENED refined_e2e.mvr.bud
 FILE TYPE:DATA(BINARY)   UNIT 1029   STATUS:REPLACE             
 FORMAT:UNFORMATTED            ACCESS:STREAM              
 ACTION:READWRITE           

    MVR  BUDGET  WILL BE SAVED TO FILE: refined_e2e.mvr.bud
    OPENED ON UNIT: 1029

 OPENED refined_e2e.mvr.csv
 FILE TYPE:CSV   UNIT 1030   STATUS:REPLACE             
 FORMAT:FORMATTED              ACCESS:SEQUENTIAL          
 ACTION:READWRITE           

    MVR  BUDGET CSV  WILL BE SAVED TO FILE: refined_e2e.mvr.csv
    OPENED ON UNIT: 1030
 END OF MVR OPTIONS

 PROCESSING MVR DIMENSIONS
    MAXMVR = 1
    MAXPACKAGES = 2
 END OF MVR DIMENSIONS

 PROCESSING MVR PACKAGES
   INCLUDING PACKAGE: REFINED_E2E/SFR
   INCLUDING PACKAGE: REFINED_E2E/LAK
 END OF MVR PACKAGES
    BINARY GRID INFORMATION WILL BE WRITTEN TO:
      UNIT NUMBER: 1031
      FILE NAME: refined_e2e.disv.grb

 OPENED refined_e2e.disv.grb
 FILE TYPE:DATA(BINARY)   UNIT 1031   STATUS:REPLACE             
 FORMAT:UNFORMATTED            ACCESS:STREAM              
 ACTION:READWRITE           

      THE LAST TIME STEP WILL BE PRINTED
      THE LAST TIME STEP WILL BE PRINTED
 # File generated by Flopy version 3.9.5 on 04/30/2026 at 09:53:39.

 PROCESSING OC OPTIONS

    BUDGET INFORMATION WILL BE WRITTEN TO:
      UNIT NUMBER: 1032
      FILE NAME: refined_e2e.cbc

 OPENED refined_e2e.cbc
 FILE TYPE:DATA(BINARY)   UNIT 1032   STATUS:REPLACE             
 FORMAT:UNFORMATTED            ACCESS:STREAM              
 ACTION:READWRITE           

    HEAD INFORMATION WILL BE WRITTEN TO:
      UNIT NUMBER: 1033
      FILE NAME: refined_e2e.hds

 OPENED refined_e2e.hds
 FILE TYPE:DATA(BINARY)   UNIT 1033   STATUS:REPLACE             
 FORMAT:UNFORMATTED            ACCESS:STREAM              
 ACTION:READWRITE           

 END OF OC OPTIONS
 SFR PACKAGE (SFR) CONVERSION DATA
    UNIT CONVERSION VALUE (128382.9751514183).


 SFR PACKAGE (SFR) STATIC REACH DATA
 ---------------------------------------------------------------------------------------------------------------------------------------
                                                                                                                              UPSTREAM  
   NUMBER   CELLID                  LENGTH       WIDTH        SLOPE         TOP       THICKNESS        HK       ROUGHNESS     FRACTION  
 ---------------------------------------------------------------------------------------------------------------------------------------
     1      (1,4363)              15.900       5.0000       8.00000E-04  133.37       2.0000       5.00000E-02  3.00000E-02  1.0000     
     2      (1,4330)              30.956       5.0000       8.00000E-04  133.15       2.0000       5.00000E-02  3.00000E-02  1.0000     
     3      (1,1179)              1.4922       5.0000       8.00000E-04  133.15       2.0000       5.00000E-02  3.00000E-02  1.0000     
     4      (1,1074)              30.852       5.0000       8.00000E-04  133.01       2.0000       5.00000E-02  3.00000E-02  1.0000     
     5      (1,843)               21.493       5.0000       8.00000E-04  132.87       2.0000       5.00000E-02  3.00000E-02  1.0000     
     6      (1,2756)              26.971       5.0000       8.00000E-04  132.76       2.0000       5.00000E-02  3.00000E-02  1.0000     
     7      (1,1084)              42.430       5.0000       8.00000E-04  132.57       2.0000       5.00000E-02  3.00000E-02  1.0000     
     8      (1,1182)              49.410       5.0000       8.00000E-04  132.36       2.0000       5.00000E-02  3.00000E-02  1.0000     
     9      (1,4596)              18.314       5.0000       8.00000E-04  132.08       2.0000       5.00000E-02  3.00000E-02  1.0000     
     10     (1,4606)              62.711       5.0000       8.00000E-04  131.93       2.0000       5.00000E-02  3.00000E-02  1.0000     
     11     (1,4697)              72.753       5.0000       8.00000E-04  131.61       2.0000       5.00000E-02  3.00000E-02  1.0000     
     12     (1,1660)              73.185       5.0000       8.00000E-04  131.23       2.0000       5.00000E-02  3.00000E-02  1.0000     
     13     (1,1630)              71.949       5.0000       8.00000E-04  130.85       2.0000       5.00000E-02  3.00000E-02  1.0000     
     14     (1,1548)              69.848       5.0000       8.00000E-04  130.44       2.0000       5.00000E-02  3.00000E-02  1.0000     
     15     (1,1479)              56.262       5.0000       8.00000E-04  130.12       2.0000       5.00000E-02  3.00000E-02  1.0000     
     16     (1,1031)              25.278       5.0000       8.00000E-04  130.00       2.0000       5.00000E-02  3.00000E-02  1.0000     
     17     (1,1128)              31.945       5.0000       8.00000E-04  129.77       2.0000       5.00000E-02  3.00000E-02  1.0000     
     18     (1,284)               27.573       5.0000       8.00000E-04  129.61       2.0000       5.00000E-02  3.00000E-02  1.0000     
     19     (1,966)               23.934       5.0000       8.00000E-04  129.53       2.0000       5.00000E-02  3.00000E-02  1.0000     
     20     (1,985)               27.091       5.0000       8.00000E-04  129.39       2.0000       5.00000E-02  3.00000E-02  1.0000     
     21     (1,4252)              23.013       5.0000       8.00000E-04  129.22       2.0000       5.00000E-02  3.00000E-02  1.0000     
     22     (1,862)               31.181       5.0000       8.00000E-04  129.10       2.0000       5.00000E-02  3.00000E-02  1.0000     
     23     (1,845)               37.273       5.0000       8.00000E-04  128.89       2.0000       5.00000E-02  3.00000E-02  1.0000     
     24     (1,1389)              45.346       5.0000       8.00000E-04  128.77       2.0000       5.00000E-02  3.00000E-02  1.0000     
     25     (1,1171)              21.136       5.0000       8.00000E-04  128.46       2.0000       5.00000E-02  3.00000E-02  1.0000     
     26     (1,1350)              59.162       5.0000       8.00000E-04  128.32       2.0000       5.00000E-02  3.00000E-02  1.0000     
     27     (1,1590)              61.272       5.0000       8.00000E-04  128.03       2.0000       5.00000E-02  3.00000E-02  1.0000     
     28     (1,1643)              88.796       5.0000       8.00000E-04  127.67       2.0000       5.00000E-02  3.00000E-02  1.0000     
     29     (1,157)               12.747       5.0000       8.00000E-04  127.10       2.0000       5.00000E-02  3.00000E-02  1.0000     
     30     (1,1596)              89.686       5.0000       8.00000E-04  127.10       2.0000       5.00000E-02  3.00000E-02  1.0000     
     31     (1,1404)              59.218       5.0000       8.00000E-04  126.82       2.0000       5.00000E-02  3.00000E-02  1.0000     
     32     (1,4539)              30.300       5.0000       8.00000E-04  126.51       2.0000       5.00000E-02  3.00000E-02  1.0000     
     33     (1,1046)              1.1576       5.0000       8.00000E-04  126.51       2.0000       5.00000E-02  3.00000E-02  1.0000     
     34     (1,4222)              39.965       5.0000       8.00000E-04  126.38       2.0000       5.00000E-02  3.00000E-02  1.0000     
     35     (1,816)               11.635       5.0000       8.00000E-04  126.36       2.0000       5.00000E-02  3.00000E-02  1.0000     
     36     (1,4173)              28.493       5.0000       8.00000E-04  126.19       2.0000       5.00000E-02  3.00000E-02  1.0000     
     37     (1,660)               23.515       5.0000       8.00000E-04  126.11       2.0000       5.00000E-02  3.00000E-02  1.0000     
     38     (1,1016)              23.138       5.0000       8.00000E-04  125.95       2.0000       5.00000E-02  3.00000E-02  1.0000     
     39     (1,56)                9.9678       5.0000       8.00000E-04  125.95       2.0000       5.00000E-02  3.00000E-02  1.0000     
     40     (1,4092)              21.936       5.0000       8.00000E-04  125.80       2.0000       5.00000E-02  3.00000E-02  1.0000     
     41     (1,4120)              19.187       5.0000       8.00000E-04  125.74       2.0000       5.00000E-02  3.00000E-02  1.0000     
     42     (1,706)               16.436       5.0000       8.00000E-04  125.65       2.0000       5.00000E-02  3.00000E-02  1.0000     
     43     (1,4093)              19.601       5.0000       8.00000E-04  125.62       2.0000       5.00000E-02  3.00000E-02  1.0000     
     44     (1,839)               10.474       5.0000       8.00000E-04  125.46       2.0000       5.00000E-02  3.00000E-02  1.0000     
     45     (1,4176)              22.546       5.0000       8.00000E-04  125.44       2.0000       5.00000E-02  3.00000E-02  1.0000     
     46     (1,4332)              25.944       5.0000       8.00000E-04  125.33       2.0000       5.00000E-02  3.00000E-02  1.0000     
     47     (1,1059)              31.892       5.0000       8.00000E-04  125.21       2.0000       5.00000E-02  3.00000E-02  1.0000     
     48     (1,4405)              20.922       5.0000       8.00000E-04  125.13       2.0000       5.00000E-02  3.00000E-02  1.0000     
     49     (1,1253)              36.168       5.0000       8.00000E-04  124.90       2.0000       5.00000E-02  3.00000E-02  1.0000     
     50     (1,4445)              40.719       5.0000       8.00000E-04  124.77       2.0000       5.00000E-02  3.00000E-02  1.0000     
     51     (1,1130)              31.613       5.0000       8.00000E-04  124.56       2.0000       5.00000E-02  3.00000E-02  1.0000     
     52     (1,4246)              13.970       5.0000       8.00000E-04  124.38       2.0000       5.00000E-02  3.00000E-02  1.0000     
     53     (1,1038)              8.9565       5.0000       8.00000E-04  124.38       2.0000       5.00000E-02  3.00000E-02  1.0000     
     54     (1,4006)              19.493       5.0000       8.00000E-04  124.30       2.0000       5.00000E-02  3.00000E-02  1.0000     
     55     (1,4247)              15.357       5.0000       8.00000E-04  124.29       2.0000       5.00000E-02  3.00000E-02  1.0000     
     56     (1,4007)              23.225       5.0000       8.00000E-04  124.14       2.0000       5.00000E-02  3.00000E-02  1.0000     
     57     (1,679)               1.0817       5.0000       8.00000E-04  124.01       2.0000       5.00000E-02  3.00000E-02  1.0000     
     58     (1,1014)              27.478       5.0000       8.00000E-04  124.01       2.0000       5.00000E-02  3.00000E-02  1.0000     
     59     (1,2644)              24.485       5.0000       8.00000E-04  123.91       2.0000       5.00000E-02  3.00000E-02  1.0000     
     60     (1,66)                8.0079       5.0000       8.00000E-04  123.90       2.0000       5.00000E-02  3.00000E-02  1.0000     
     61     (1,965)               11.075       5.0000       8.00000E-04  123.69       2.0000       5.00000E-02  3.00000E-02  1.0000     
     62     (1,1008)              27.929       5.0000       8.00000E-04  123.69       2.0000       5.00000E-02  3.00000E-02  1.0000     
     63     (1,1281)              32.639       5.0000       8.00000E-04  123.54       2.0000       5.00000E-02  3.00000E-02  1.0000     
     64     (1,1195)              32.870       5.0000       8.00000E-04  123.38       2.0000       5.00000E-02  3.00000E-02  1.0000     
     65     (1,1175)              18.856       5.0000       8.00000E-04  123.17       2.0000       5.00000E-02  3.00000E-02  1.0000     
     66     (1,741)               17.884       5.0000       8.00000E-04  123.17       2.0000       5.00000E-02  3.00000E-02  1.0000     
     67     (1,1236)              37.468       5.0000       8.00000E-04  122.97       2.0000       5.00000E-02  3.00000E-02  1.0000     
     68     (1,2760)              36.691       5.0000       8.00000E-04  122.94       2.0000       5.00000E-02  3.00000E-02  1.0000     
     69     (1,2942)              22.229       5.0000       8.00000E-04  122.68       2.0000       5.00000E-02  3.00000E-02  1.0000     
     70     (1,959)               20.689       5.0000       8.00000E-04  122.63       2.0000       5.00000E-02  3.00000E-02  1.0000     
     71     (1,918)               22.748       5.0000       8.00000E-04  122.54       2.0000       5.00000E-02  3.00000E-02  1.0000     
     72     (1,2937)              15.582       5.0000       8.00000E-04  122.39       2.0000       5.00000E-02  3.00000E-02  1.0000     
     73     (1,2762)              13.569       5.0000       8.00000E-04  122.39       2.0000       5.00000E-02  3.00000E-02  1.0000     
     74     (1,1085)              30.327       5.0000       8.00000E-04  122.23       2.0000       5.00000E-02  3.00000E-02  1.0000     
     75     (1,1218)              32.838       5.0000       8.00000E-04  122.14       2.0000       5.00000E-02  3.00000E-02  1.0000     
     76     (1,925)               38.763       5.0000       8.00000E-04  121.95       2.0000       5.00000E-02  3.00000E-02  1.0000     
     77     (1,1126)              35.174       5.0000       8.00000E-04  121.83       2.0000       5.00000E-02  3.00000E-02  1.0000     
     78     (1,1159)              33.368       5.0000       8.00000E-04  121.55       2.0000       5.00000E-02  3.00000E-02  1.0000     
     79     (1,1348)              62.483       5.0000       8.00000E-04  121.42       2.0000       5.00000E-02  3.00000E-02  1.0000     
     80     (1,1501)              84.226       5.0000       8.00000E-04  121.08       2.0000       5.00000E-02  3.00000E-02  1.0000     
     81     (1,171)               56.717       5.0000       8.00000E-04  120.54       2.0000       5.00000E-02  3.00000E-02  1.0000     
     82     (1,172)               63.593       5.0000       8.00000E-04  120.12       2.0000       5.00000E-02  3.00000E-02  1.0000     
     83     (1,1635)              85.806       5.0000       8.00000E-04  120.11       2.0000       5.00000E-02  3.00000E-02  1.0000     
     84     (1,1566)              73.098       5.0000       8.00000E-04  119.71       2.0000       5.00000E-02  3.00000E-02  1.0000     
     85     (1,1375)              60.448       5.0000       8.00000E-04  119.45       2.0000       5.00000E-02  3.00000E-02  1.0000     
     86     (1,1309)              32.943       5.0000       8.00000E-04  119.10       2.0000       5.00000E-02  3.00000E-02  1.0000     
     87     (1,1271)              36.892       5.0000       8.00000E-04  119.04       2.0000       5.00000E-02  3.00000E-02  1.0000     
     88     (1,83)                31.389       5.0000       8.00000E-04  118.92       2.0000       5.00000E-02  3.00000E-02  1.0000     
     89     (1,2685)              23.908       5.0000       8.00000E-04  118.67       2.0000       5.00000E-02  3.00000E-02  1.0000     
     90     (1,4253)              16.073       5.0000       8.00000E-04  118.54       2.0000       5.00000E-02  3.00000E-02  1.0000     
     91     (1,788)               21.080       5.0000       8.00000E-04  118.54       2.0000       5.00000E-02  3.00000E-02  1.0000     
     92     (1,4322)              26.458       5.0000       8.00000E-04  118.38       2.0000       5.00000E-02  3.00000E-02  1.0000     
     93     (1,812)               7.0343       5.0000       8.00000E-04  118.38       2.0000       5.00000E-02  3.00000E-02  1.0000     
     94     (1,1152)              38.316       5.0000       8.00000E-04  118.25       2.0000       5.00000E-02  3.00000E-02  1.0000     
     95     (1,2660)              24.526       5.0000       8.00000E-04  118.05       2.0000       5.00000E-02  3.00000E-02  1.0000     
     96     (1,1153)              9.2464       5.0000       8.00000E-04  118.05       2.0000       5.00000E-02  3.00000E-02  1.0000     
     97     (1,1058)              28.345       5.0000       8.00000E-04  117.93       2.0000       5.00000E-02  3.00000E-02  1.0000     
     98     (1,886)               29.337       5.0000       8.00000E-04  117.82       2.0000       5.00000E-02  3.00000E-02  1.0000     
     99     (1,4277)              12.654       5.0000       8.00000E-04  117.64       2.0000       5.00000E-02  3.00000E-02  1.0000     
    100     (1,1062)              24.102       5.0000       8.00000E-04  117.64       2.0000       5.00000E-02  3.00000E-02  1.0000     
    101     (1,2768)              37.251       5.0000       8.00000E-04  117.52       2.0000       5.00000E-02  3.00000E-02  1.0000     
    102     (1,1099)              24.989       5.0000       8.00000E-04  117.28       2.0000       5.00000E-02  3.00000E-02  1.0000     
    103     (1,1335)              36.377       5.0000       8.00000E-04  117.28       2.0000       5.00000E-02  3.00000E-02  1.0000     
    104     (1,1387)              50.787       5.0000       8.00000E-04  116.92       2.0000       5.00000E-02  3.00000E-02  1.0000     
    105     (1,1186)              1.2790       5.0000       8.00000E-04  116.92       2.0000       5.00000E-02  3.00000E-02  1.0000     
    106     (1,1199)              41.308       5.0000       8.00000E-04  116.70       2.0000       5.00000E-02  3.00000E-02  1.0000     
    107     (1,4400)              27.860       5.0000       8.00000E-04  116.63       2.0000       5.00000E-02  3.00000E-02  1.0000     
    108     (1,1239)              15.329       5.0000       8.00000E-04  116.44       2.0000       5.00000E-02  3.00000E-02  1.0000     
    109     (1,4195)              10.736       5.0000       8.00000E-04  116.44       2.0000       5.00000E-02  3.00000E-02  1.0000     
    110     (1,1290)              29.073       5.0000       8.00000E-04  116.31       2.0000       5.00000E-02  3.00000E-02  1.0000     
    111     (1,850)               27.899       5.0000       8.00000E-04  116.22       2.0000       5.00000E-02  3.00000E-02  1.0000     
    112     (1,4174)              5.6035       5.0000       8.00000E-04  116.07       2.0000       5.00000E-02  3.00000E-02  1.0000     
    113     (1,681)               20.193       5.0000       8.00000E-04  116.07       2.0000       5.00000E-02  3.00000E-02  1.0000     
    114     (1,567)               15.801       5.0000       8.00000E-04  115.99       2.0000       5.00000E-02  3.00000E-02  1.0000     
    115     (1,505)               9.4273       5.0000       8.00000E-04  115.91       2.0000       5.00000E-02  3.00000E-02  1.0000     
    116     (1,3775)              2.1544       5.0000       8.00000E-04  115.91       2.0000       5.00000E-02  3.00000E-02  1.0000     
    117     (1,468)               0.32982      5.0000       8.00000E-04  115.87       2.0000       5.00000E-02  3.00000E-02  1.0000     
    118     (1,25)                6.1605       5.0000       8.00000E-04  115.87       2.0000       5.00000E-02  3.00000E-02  1.0000     
    119     (1,2582)              5.6977       5.0000       8.00000E-04  115.85       2.0000       5.00000E-02  3.00000E-02  1.0000     
    120     (1,3063)              3.8619       5.0000       8.00000E-04  115.82       2.0000       5.00000E-02  3.00000E-02  1.0000     
    121     (1,465)               2.8039       5.0000       8.00000E-04  115.82       2.0000       5.00000E-02  3.00000E-02  1.0000     
    122     (1,473)               8.9411       5.0000       8.00000E-04  115.80       2.0000       5.00000E-02  3.00000E-02  1.0000     
    123     (1,3819)              0.28910      5.0000       8.00000E-04  115.75       2.0000       5.00000E-02  3.00000E-02  1.0000     
    124     (1,520)               11.878       5.0000       8.00000E-04  115.75       2.0000       5.00000E-02  3.00000E-02  1.0000     
    125     (1,707)               15.903       5.0000       8.00000E-04  115.69       2.0000       5.00000E-02  3.00000E-02  1.0000     
    126     (1,810)               22.663       5.0000       8.00000E-04  115.60       2.0000       5.00000E-02  3.00000E-02  1.0000     
    127     (1,2629)              1.4619       5.0000       8.00000E-04  115.45       2.0000       5.00000E-02  3.00000E-02  1.0000     
    128     (1,904)               19.952       5.0000       8.00000E-04  115.45       2.0000       5.00000E-02  3.00000E-02  1.0000     
    129     (1,27)                6.9774       5.0000       8.00000E-04  115.30       2.0000       5.00000E-02  3.00000E-02  1.0000     
    130     (1,1164)              25.095       5.0000       8.00000E-04  115.30       2.0000       5.00000E-02  3.00000E-02  1.0000     
    131     (1,28)                41.997       5.0000       8.00000E-04  115.13       2.0000       5.00000E-02  3.00000E-02  1.0000     
    132     (1,29)                31.988       5.0000       8.00000E-04  115.04       2.0000       5.00000E-02  3.00000E-02  1.0000     
    133     (1,1013)              23.679       5.0000       8.00000E-04  114.83       2.0000       5.00000E-02  3.00000E-02  1.0000     
    134     (1,840)               15.513       5.0000       8.00000E-04  114.83       2.0000       5.00000E-02  3.00000E-02  1.0000     
    135     (1,4085)              16.353       5.0000       8.00000E-04  114.74       2.0000       5.00000E-02  3.00000E-02  1.0000     
    136     (1,762)               23.561       5.0000       8.00000E-04  114.62       2.0000       5.00000E-02  3.00000E-02  1.0000     
    137     (1,1061)              34.822       5.0000       8.00000E-04  114.56       2.0000       5.00000E-02  3.00000E-02  1.0000     
    138     (1,1315)              11.692       5.0000       8.00000E-04  114.29       2.0000       5.00000E-02  3.00000E-02  1.0000     
    139     (1,1092)              12.380       5.0000       8.00000E-04  114.29       2.0000       5.00000E-02  3.00000E-02  1.0000     
    140     (1,1377)              38.525       5.0000       8.00000E-04  114.13       2.0000       5.00000E-02  3.00000E-02  1.0000     
    141     (1,1385)              23.218       5.0000       8.00000E-04  114.13       2.0000       5.00000E-02  3.00000E-02  1.0000     
    142     (1,1442)              63.580       5.0000       8.00000E-04  113.93       2.0000       5.00000E-02  3.00000E-02  1.0000     
    143     (1,1531)              85.677       5.0000       8.00000E-04  113.60       2.0000       5.00000E-02  3.00000E-02  1.0000     
    144     (1,1589)              78.893       5.0000       8.00000E-04  113.17       2.0000       5.00000E-02  3.00000E-02  1.0000     
    145     (1,4373)              11.746       5.0000       8.00000E-04  113.16       2.0000       5.00000E-02  3.00000E-02  1.0000     
    146     (1,1329)              43.808       5.0000       8.00000E-04  112.84       2.0000       5.00000E-02  3.00000E-02  1.0000     
    147     (1,4269)              14.588       5.0000       8.00000E-04  112.83       2.0000       5.00000E-02  3.00000E-02  1.0000     
    148     (1,4541)              11.409       5.0000       8.00000E-04  112.62       2.0000       5.00000E-02  3.00000E-02  1.0000     
    149     (1,1048)              33.329       5.0000       8.00000E-04  112.52       2.0000       5.00000E-02  3.00000E-02  1.0000     
    150     (1,1009)              30.767       5.0000       8.00000E-04  112.50       2.0000       5.00000E-02  3.00000E-02  1.0000     
    151     (1,2803)              11.757       5.0000       8.00000E-04  112.46       2.0000       5.00000E-02  3.00000E-02  1.0000     
    152     (1,2866)              36.039       5.0000       8.00000E-04  112.26       2.0000       5.00000E-02  3.00000E-02  1.0000     
    153     (1,2611)              33.597       5.0000       8.00000E-04  112.05       2.0000       5.00000E-02  3.00000E-02  1.0000     
    154     (1,2804)              22.316       5.0000       8.00000E-04  112.05       2.0000       5.00000E-02  3.00000E-02  1.0000     
    155     (1,742)               15.953       5.0000       8.00000E-04  111.74       2.0000       5.00000E-02  3.00000E-02  1.0000     
    156     (1,1226)              30.374       5.0000       8.00000E-04  111.74       2.0000       5.00000E-02  3.00000E-02  1.0000     
    157     (1,4499)              33.703       5.0000       8.00000E-04  111.66       2.0000       5.00000E-02  3.00000E-02  1.0000     
    158     (1,4498)              5.4713       5.0000       8.00000E-04  111.48       2.0000       5.00000E-02  3.00000E-02  1.0000     
    159     (1,1277)              35.417       5.0000       8.00000E-04  111.44       2.0000       5.00000E-02  3.00000E-02  1.0000     
    160     (1,4589)              42.830       5.0000       8.00000E-04  111.39       2.0000       5.00000E-02  3.00000E-02  1.0000     
    161     (1,4624)              88.066       5.0000       8.00000E-04  111.00       2.0000       5.00000E-02  3.00000E-02  1.0000     
    162     (1,193)               16.962       5.0000       8.00000E-04  110.47       2.0000       5.00000E-02  3.00000E-02  1.0000     
    163     (1,204)               50.837       5.0000       8.00000E-04  110.47       2.0000       5.00000E-02  3.00000E-02  1.0000     
    164     (1,194)               49.089       5.0000       8.00000E-04  110.07       2.0000       5.00000E-02  3.00000E-02  1.0000     
    165     (1,203)               50.923       5.0000       8.00000E-04  110.07       2.0000       5.00000E-02  3.00000E-02  1.0000     
    166     (1,195)               49.003       5.0000       8.00000E-04  109.60       2.0000       5.00000E-02  3.00000E-02  1.0000     
    167     (1,202)               51.009       5.0000       8.00000E-04  109.60       2.0000       5.00000E-02  3.00000E-02  1.0000     
    168     (1,196)               48.917       5.0000       8.00000E-04  109.16       2.0000       5.00000E-02  3.00000E-02  1.0000     
    169     (1,201)               51.094       5.0000       8.00000E-04  109.16       2.0000       5.00000E-02  3.00000E-02  1.0000     
    170     (1,197)               48.832       5.0000       8.00000E-04  108.70       2.0000       5.00000E-02  3.00000E-02  1.0000     
    171     (1,200)               43.071       5.0000       8.00000E-04  108.70       2.0000       5.00000E-02  3.00000E-02  1.0000     
    172     (1,199)               31.759       5.0000       8.00000E-04  108.70       2.0000       5.00000E-02  3.00000E-02  1.0000     
 ---------------------------------------------------------------------------------------------------------------------------------------



 SFR PACKAGE (SFR) STATIC REACH CONNECTION DATA
 --------------------------------
   REACH      CONN 1     CONN 2  
 --------------------------------
     1          2                
     2          1          3     
     3          2          4     
     4          3          5     
     5          4          6     
     6          5          7     
     7          6          8     
     8          7          9     
     9          8          10    
     10         9          11    
     11         10         12    
     12         11         13    
     13         12         14    
     14         13         15    
     15         14         16    
     16         15         17    
     17         16         18    
     18         17         19    
     19         18         20    
     20         19         21    
     21         20         22    
     22         21         23    
     23         22         24    
     24         23         25    
     25         24         26    
     26         25         27    
     27         26         28    
     28         27         29    
     29         28         30    
     30         29         31    
     31         30         32    
     32         31         33    
     33         32         34    
     34         33         35    
     35         34         36    
     36         35         37    
     37         36         38    
     38         37         39    
     39         38         40    
     40         39         41    
     41         40         42    
     42         41         43    
     43         42         44    
     44         43         45    
     45         44         46    
     46         45         47    
     47         46         48    
     48         47         49    
     49         48         50    
     50         49         51    
     51         50         52    
     52         51         53    
     53         52         54    
     54         53         55    
     55         54         56    
     56         55         57    
     57         56         58    
     58         57         59    
     59         58         60    
     60         59         61    
     61         60         62    
     62         61         63    
     63         62         64    
     64         63         65    
     65         64         66    
     66         65         67    
     67         66         68    
     68         67         69    
     69         68         70    
     70         69         71    
     71         70         72    
     72         71         73    
     73         72         74    
     74         73         75    
     75         74         76    
     76         75         77    
     77         76         78    
     78         77         79    
     79         78         80    
     80         79         81    
     81         80         82    
     82         81         83    
     83         82         84    
     84         83         85    
     85         84         86    
     86         85         87    
     87         86         88    
     88         87         89    
     89         88         90    
     90         89         91    
     91         90         92    
     92         91         93    
     93         92         94    
     94         93         95    
     95         94         96    
     96         95         97    
     97         96         98    
     98         97         99    
     99         98        100    
    100         99        101    
    101        100        102    
    102        101        103    
    103        102        104    
    104        103        105    
    105        104        106    
    106        105        107    
    107        106        108    
    108        107        109    
    109        108        110    
    110        109        111    
    111        110        112    
    112        111        113    
    113        112        114    
    114        113        115    
    115        114        116    
    116        115        117    
    117        116        118    
    118        117        119    
    119        118        120    
    120        119        121    
    121        120        122    
    122        121        123    
    123        122        124    
    124        123        125    
    125        124        126    
    126        125        127    
    127        126        128    
    128        127        129    
    129        128        130    
    130        129        131    
    131        130        132    
    132        131        133    
    133        132        134    
    134        133        135    
    135        134        136    
    136        135        137    
    137        136        138    
    138        137        139    
    139        138        140    
    140        139        141    
    141        140        142    
    142        141        143    
    143        142        144    
    144        143        145    
    145        144        146    
    146        145        147    
    147        146        148    
    148        147        149    
    149        148        150    
    150        149        151    
    151        150        152    
    152        151        153    
    153        152        154    
    154        153        155    
    155        154        156    
    156        155        157    
    157        156        158    
    158        157        159    
    159        158        160    
    160        159        161    
    161        160        162    
    162        161        163    
    163        162        164    
    164        163        165    
    165        164        166    
    166        165        167    
    167        166        168    
    168        167        169    
    169        168        170    
    170        169        171    
    171        170        172    
    172        171               
 --------------------------------



 SFR PACKAGE (SFR) STATIC UPSTREAM REACH CONNECTION DATA
 ---------------------
             UPSTREAM 
   REACH      CONN 1  
 ---------------------
     1                
     2          1     
     3          2     
     4          3     
     5          4     
     6          5     
     7          6     
     8          7     
     9          8     
     10         9     
     11         10    
     12         11    
     13         12    
     14         13    
     15         14    
     16         15    
     17         16    
     18         17    
     19         18    
     20         19    
     21         20    
     22         21    
     23         22    
     24         23    
     25         24    
     26         25    
     27         26    
     28         27    
     29         28    
     30         29    
     31         30    
     32         31    
     33         32    
     34         33    
     35         34    
     36         35    
     37         36    
     38         37    
     39         38    
     40         39    
     41         40    
     42         41    
     43         42    
     44         43    
     45         44    
     46         45    
     47         46    
     48         47    
     49         48    
     50         49    
     51         50    
     52         51    
     53         52    
     54         53    
     55         54    
     56         55    
     57         56    
     58         57    
     59         58    
     60         59    
     61         60    
     62         61    
     63         62    
     64         63    
     65         64    
     66         65    
     67         66    
     68         67    
     69         68    
     70         69    
     71         70    
     72         71    
     73         72    
     74         73    
     75         74    
     76         75    
     77         76    
     78         77    
     79         78    
     80         79    
     81         80    
     82         81    
     83         82    
     84         83    
     85         84    
     86         85    
     87         86    
     88         87    
     89         88    
     90         89    
     91         90    
     92         91    
     93         92    
     94         93    
     95         94    
     96         95    
     97         96    
     98         97    
     99         98    
    100         99    
    101        100    
    102        101    
    103        102    
    104        103    
    105        104    
    106        105    
    107        106    
    108        107    
    109        108    
    110        109    
    111        110    
    112        111    
    113        112    
    114        113    
    115        114    
    116        115    
    117        116    
    118        117    
    119        118    
    120        119    
    121        120    
    122        121    
    123        122    
    124        123    
    125        124    
    126        125    
    127        126    
    128        127    
    129        128    
    130        129    
    131        130    
    132        131    
    133        132    
    134        133    
    135        134    
    136        135    
    137        136    
    138        137    
    139        138    
    140        139    
    141        140    
    142        141    
    143        142    
    144        143    
    145        144    
    146        145    
    147        146    
    148        147    
    149        148    
    150        149    
    151        150    
    152        151    
    153        152    
    154        153    
    155        154    
    156        155    
    157        156    
    158        157    
    159        158    
    160        159    
    161        160    
    162        161    
    163        162    
    164        163    
    165        164    
    166        165    
    167        166    
    168        167    
    169        168    
    170        169    
    171        170    
    172        171    
 ---------------------



 SFR PACKAGE (SFR) STATIC DOWNSTREAM REACH CONNECTION DATA
 ---------------------
            DOWNSTREAM
   REACH      CONN 1  
 ---------------------
     1          2     
     2          3     
     3          4     
     4          5     
     5          6     
     6          7     
     7          8     
     8          9     
     9          10    
     10         11    
     11         12    
     12         13    
     13         14    
     14         15    
     15         16    
     16         17    
     17         18    
     18         19    
     19         20    
     20         21    
     21         22    
     22         23    
     23         24    
     24         25    
     25         26    
     26         27    
     27         28    
     28         29    
     29         30    
     30         31    
     31         32    
     32         33    
     33         34    
     34         35    
     35         36    
     36         37    
     37         38    
     38         39    
     39         40    
     40         41    
     41         42    
     42         43    
     43         44    
     44         45    
     45         46    
     46         47    
     47         48    
     48         49    
     49         50    
     50         51    
     51         52    
     52         53    
     53         54    
     54         55    
     55         56    
     56         57    
     57         58    
     58         59    
     59         60    
     60         61    
     61         62    
     62         63    
     63         64    
     64         65    
     65         66    
     66         67    
     67         68    
     68         69    
     69         70    
     70         71    
     71         72    
     72         73    
     73         74    
     74         75    
     75         76    
     76         77    
     77         78    
     78         79    
     79         80    
     80         81    
     81         82    
     82         83    
     83         84    
     84         85    
     85         86    
     86         87    
     87         88    
     88         89    
     89         90    
     90         91    
     91         92    
     92         93    
     93         94    
     94         95    
     95         96    
     96         97    
     97         98    
     98         99    
     99        100    
    100        101    
    101        102    
    102        103    
    103        104    
    104        105    
    105        106    
    106        107    
    107        108    
    108        109    
    109        110    
    110        111    
    111        112    
    112        113    
    113        114    
    114        115    
    115        116    
    116        117    
    117        118    
    118        119    
    119        120    
    120        121    
    121        122    
    122        123    
    123        124    
    124        125    
    125        126    
    126        127    
    127        128    
    128        129    
    129        130    
    130        131    
    131        132    
    132        133    
    133        134    
    134        135    
    135        136    
    136        137    
    137        138    
    138        139    
    139        140    
    140        141    
    141        142    
    142        143    
    143        144    
    144        145    
    145        146    
    146        147    
    147        148    
    148        149    
    149        150    
    150        151    
    151        152    
    152        153    
    153        154    
    154        155    
    155        156    
    156        157    
    157        158    
    158        159    
    159        160    
    160        161    
    161        162    
    162        163    
    163        164    
    164        165    
    165        166    
    166        167    
    167        168    
    168        169    
    169        170    
    170        171    
    171        172    
    172               
 ---------------------



start timestep kper="1" kstp="1" mode="normal"


 BEGIN READING OUTPUT CONTROL FOR STRESS PERIOD 1
      THE LAST TIME STEP WILL BE SAVED
      THE LAST TIME STEP WILL BE SAVED

 END READING OUTPUT CONTROL FOR STRESS PERIOD 1


 PROCESSING STORAGE PERIOD DATA
 END PROCESSING STORAGE PERIOD DATA


 STRESS PERIOD 1 IS STEADY-STATE


  READING WATER MOVERS FOR PERIOD 1

 END OF DATA FOR PERIOD      1

    1 MOVERS READ FOR PERIOD 1

 SFR PACKAGE (SFR) DATA FOR PERIOD      1
 ---------------------------------------------------------------
   NUMBER   KEYWORD                  VALUE 1         VALUE 2    
 ---------------------------------------------------------------
     1      INFLOW                    0.005                     
 ---------------------------------------------------------------



 SFR PACKAGE (SFR) CONNECTED REACH UPSTREAM FRACTION DATA
 ----------------------------------
            DOWNSTREAM             
   REACH     REACH 1    FRACTION 1 
 ----------------------------------
     1          2       1.0000     
     2          3       1.0000     
     3          4       1.0000     
     4          5       1.0000     
     5          6       1.0000     
     6          7       1.0000     
     7          8       1.0000     
     8          9       1.0000     
     9          10      1.0000     
     10         11      1.0000     
     11         12      1.0000     
     12         13      1.0000     
     13         14      1.0000     
     14         15      1.0000     
     15         16      1.0000     
     16         17      1.0000     
     17         18      1.0000     
     18         19      1.0000     
     19         20      1.0000     
     20         21      1.0000     
     21         22      1.0000     
     22         23      1.0000     
     23         24      1.0000     
     24         25      1.0000     
     25         26      1.0000     
     26         27      1.0000     
     27         28      1.0000     
     28         29      1.0000     
     29         30      1.0000     
     30         31      1.0000     
     31         32      1.0000     
     32         33      1.0000     
     33         34      1.0000     
     34         35      1.0000     
     35         36      1.0000     
     36         37      1.0000     
     37         38      1.0000     
     38         39      1.0000     
     39         40      1.0000     
     40         41      1.0000     
     41         42      1.0000     
     42         43      1.0000     
     43         44      1.0000     
     44         45      1.0000     
     45         46      1.0000     
     46         47      1.0000     
     47         48      1.0000     
     48         49      1.0000     
     49         50      1.0000     
     50         51      1.0000     
     51         52      1.0000     
     52         53      1.0000     
     53         54      1.0000     
     54         55      1.0000     
     55         56      1.0000     
     56         57      1.0000     
     57         58      1.0000     
     58         59      1.0000     
     59         60      1.0000     
     60         61      1.0000     
     61         62      1.0000     
     62         63      1.0000     
     63         64      1.0000     
     64         65      1.0000     
     65         66      1.0000     
     66         67      1.0000     
     67         68      1.0000     
     68         69      1.0000     
     69         70      1.0000     
     70         71      1.0000     
     71         72      1.0000     
     72         73      1.0000     
     73         74      1.0000     
     74         75      1.0000     
     75         76      1.0000     
     76         77      1.0000     
     77         78      1.0000     
     78         79      1.0000     
     79         80      1.0000     
     80         81      1.0000     
     81         82      1.0000     
     82         83      1.0000     
     83         84      1.0000     
     84         85      1.0000     
     85         86      1.0000     
     86         87      1.0000     
     87         88      1.0000     
     88         89      1.0000     
     89         90      1.0000     
     90         91      1.0000     
     91         92      1.0000     
     92         93      1.0000     
     93         94      1.0000     
     94         95      1.0000     
     95         96      1.0000     
     96         97      1.0000     
     97         98      1.0000     
     98         99      1.0000     
     99        100      1.0000     
    100        101      1.0000     
    101        102      1.0000     
    102        103      1.0000     
    103        104      1.0000     
    104        105      1.0000     
    105        106      1.0000     
    106        107      1.0000     
    107        108      1.0000     
    108        109      1.0000     
    109        110      1.0000     
    110        111      1.0000     
    111        112      1.0000     
    112        113      1.0000     
    113        114      1.0000     
    114        115      1.0000     
    115        116      1.0000     
    116        117      1.0000     
    117        118      1.0000     
    118        119      1.0000     
    119        120      1.0000     
    120        121      1.0000     
    121        122      1.0000     
    122        123      1.0000     
    123        124      1.0000     
    124        125      1.0000     
    125        126      1.0000     
    126        127      1.0000     
    127        128      1.0000     
    128        129      1.0000     
    129        130      1.0000     
    130        131      1.0000     
    131        132      1.0000     
    132        133      1.0000     
    133        134      1.0000     
    134        135      1.0000     
    135        136      1.0000     
    136        137      1.0000     
    137        138      1.0000     
    138        139      1.0000     
    139        140      1.0000     
    140        141      1.0000     
    141        142      1.0000     
    142        143      1.0000     
    143        144      1.0000     
    144        145      1.0000     
    145        146      1.0000     
    146        147      1.0000     
    147        148      1.0000     
    148        149      1.0000     
    149        150      1.0000     
    150        151      1.0000     
    151        152      1.0000     
    152        153      1.0000     
    153        154      1.0000     
    154        155      1.0000     
    155        156      1.0000     
    156        157      1.0000     
    157        158      1.0000     
    158        159      1.0000     
    159        160      1.0000     
    160        161      1.0000     
    161        162      1.0000     
    162        163      1.0000     
    163        164      1.0000     
    164        165      1.0000     
    165        166      1.0000     
    166        167      1.0000     
    167        168      1.0000     
    168        169      1.0000     
    169        170      1.0000     
    170        171      1.0000     
    171        172      1.0000     
    172                            
 ----------------------------------


 UBDSV1 SAVING           STO-SS ON UNIT   1032 AT TIME STEP      1, STRESS PERIOD      1
 UBDSV1 SAVING           STO-SY ON UNIT   1032 AT TIME STEP      1, STRESS PERIOD      1
 UBDSV1 SAVING     FLOW-JA-FACE ON UNIT   1032 AT TIME STEP      1, STRESS PERIOD      1
 UBDSV06 SAVING         DATA-SAT IN MODEL REFINED_E2E      PACKAGE NPF             CONNECTED TO MODEL REFINED_E2E      PACKAGE NPF              ON UNIT   1032 AT TIME STEP      1, STRESS PERIOD      1
 UBDSV06 SAVING              DRN IN MODEL REFINED_E2E      PACKAGE REFINED_E2E     CONNECTED TO MODEL REFINED_E2E      PACKAGE DRN              ON UNIT   1032 AT TIME STEP      1, STRESS PERIOD      1
 UBDSV06 SAVING              GHB IN MODEL REFINED_E2E      PACKAGE REFINED_E2E     CONNECTED TO MODEL REFINED_E2E      PACKAGE GHB              ON UNIT   1032 AT TIME STEP      1, STRESS PERIOD      1
 UBDSV06 SAVING              RCH IN MODEL REFINED_E2E      PACKAGE REFINED_E2E     CONNECTED TO MODEL REFINED_E2E      PACKAGE RCH              ON UNIT   1032 AT TIME STEP      1, STRESS PERIOD      1
 UBDSV06 SAVING              CHD IN MODEL REFINED_E2E      PACKAGE REFINED_E2E     CONNECTED TO MODEL REFINED_E2E      PACKAGE CHD              ON UNIT   1032 AT TIME STEP      1, STRESS PERIOD      1
 UBDSV06 SAVING              SFR IN MODEL REFINED_E2E      PACKAGE REFINED_E2E     CONNECTED TO MODEL REFINED_E2E      PACKAGE SFR              ON UNIT   1032 AT TIME STEP      1, STRESS PERIOD      1
 UBDSV06 SAVING              LAK IN MODEL REFINED_E2E      PACKAGE REFINED_E2E     CONNECTED TO MODEL REFINED_E2E      PACKAGE LAK              ON UNIT   1032 AT TIME STEP      1, STRESS PERIOD      1
 UBDSV06 SAVING        UZF-GWRCH IN MODEL REFINED_E2E      PACKAGE REFINED_E2E     CONNECTED TO MODEL REFINED_E2E      PACKAGE UZF              ON UNIT   1032 AT TIME STEP      1, STRESS PERIOD      1
 UBDSV06 SAVING     FLOW-JA-FACE IN MODEL REFINED_E2E      PACKAGE SFR             CONNECTED TO MODEL REFINED_E2E      PACKAGE SFR              ON UNIT   1021 AT TIME STEP      1, STRESS PERIOD      1
 UBDSV06 SAVING              GWF IN MODEL REFINED_E2E      PACKAGE SFR             CONNECTED TO MODEL REFINED_E2E      PACKAGE REFINED_E2E      ON UNIT   1021 AT TIME STEP      1, STRESS PERIOD      1
 UBDSV06 SAVING         RAINFALL IN MODEL REFINED_E2E      PACKAGE SFR             CONNECTED TO MODEL REFINED_E2E      PACKAGE SFR              ON UNIT   1021 AT TIME STEP      1, STRESS PERIOD      1
 UBDSV06 SAVING      EVAPORATION IN MODEL REFINED_E2E      PACKAGE SFR             CONNECTED TO MODEL REFINED_E2E      PACKAGE SFR              ON UNIT   1021 AT TIME STEP      1, STRESS PERIOD      1
 UBDSV06 SAVING           RUNOFF IN MODEL REFINED_E2E      PACKAGE SFR             CONNECTED TO MODEL REFINED_E2E      PACKAGE SFR              ON UNIT   1021 AT TIME STEP      1, STRESS PERIOD      1
 UBDSV06 SAVING       EXT-INFLOW IN MODEL REFINED_E2E      PACKAGE SFR             CONNECTED TO MODEL REFINED_E2E      PACKAGE SFR              ON UNIT   1021 AT TIME STEP      1, STRESS PERIOD      1
 UBDSV06 SAVING      EXT-OUTFLOW IN MODEL REFINED_E2E      PACKAGE SFR             CONNECTED TO MODEL REFINED_E2E      PACKAGE SFR              ON UNIT   1021 AT TIME STEP      1, STRESS PERIOD      1
 UBDSV06 SAVING          STORAGE IN MODEL REFINED_E2E      PACKAGE SFR             CONNECTED TO MODEL REFINED_E2E      PACKAGE SFR              ON UNIT   1021 AT TIME STEP      1, STRESS PERIOD      1
 UBDSV06 SAVING         FROM-MVR IN MODEL REFINED_E2E      PACKAGE SFR             CONNECTED TO MODEL REFINED_E2E      PACKAGE SFR              ON UNIT   1021 AT TIME STEP      1, STRESS PERIOD      1
 UBDSV06 SAVING           TO-MVR IN MODEL REFINED_E2E      PACKAGE SFR             CONNECTED TO MODEL REFINED_E2E      PACKAGE SFR              ON UNIT   1021 AT TIME STEP      1, STRESS PERIOD      1
 UBDSV06 SAVING              GWF IN MODEL REFINED_E2E      PACKAGE LAK             CONNECTED TO MODEL REFINED_E2E      PACKAGE REFINED_E2E      ON UNIT   1023 AT TIME STEP      1, STRESS PERIOD      1
 UBDSV06 SAVING         RAINFALL IN MODEL REFINED_E2E      PACKAGE LAK             CONNECTED TO MODEL REFINED_E2E      PACKAGE LAK              ON UNIT   1023 AT TIME STEP      1, STRESS PERIOD      1
 UBDSV06 SAVING      EVAPORATION IN MODEL REFINED_E2E      PACKAGE LAK             CONNECTED TO MODEL REFINED_E2E      PACKAGE LAK              ON UNIT   1023 AT TIME STEP      1, STRESS PERIOD      1
 UBDSV06 SAVING           RUNOFF IN MODEL REFINED_E2E      PACKAGE LAK             CONNECTED TO MODEL REFINED_E2E      PACKAGE LAK              ON UNIT   1023 AT TIME STEP      1, STRESS PERIOD      1
 UBDSV06 SAVING       EXT-INFLOW IN MODEL REFINED_E2E      PACKAGE LAK             CONNECTED TO MODEL REFINED_E2E      PACKAGE LAK              ON UNIT   1023 AT TIME STEP      1, STRESS PERIOD      1
 UBDSV06 SAVING       WITHDRAWAL IN MODEL REFINED_E2E      PACKAGE LAK             CONNECTED TO MODEL REFINED_E2E      PACKAGE LAK              ON UNIT   1023 AT TIME STEP      1, STRESS PERIOD      1
 UBDSV06 SAVING      EXT-OUTFLOW IN MODEL REFINED_E2E      PACKAGE LAK             CONNECTED TO MODEL REFINED_E2E      PACKAGE LAK              ON UNIT   1023 AT TIME STEP      1, STRESS PERIOD      1
 UBDSV06 SAVING          STORAGE IN MODEL REFINED_E2E      PACKAGE LAK             CONNECTED TO MODEL REFINED_E2E      PACKAGE LAK              ON UNIT   1023 AT TIME STEP      1, STRESS PERIOD      1
 UBDSV06 SAVING         CONSTANT IN MODEL REFINED_E2E      PACKAGE LAK             CONNECTED TO MODEL REFINED_E2E      PACKAGE LAK              ON UNIT   1023 AT TIME STEP      1, STRESS PERIOD      1
 UBDSV06 SAVING         FROM-MVR IN MODEL REFINED_E2E      PACKAGE LAK             CONNECTED TO MODEL REFINED_E2E      PACKAGE LAK              ON UNIT   1023 AT TIME STEP      1, STRESS PERIOD      1
 UBDSV06 SAVING           TO-MVR IN MODEL REFINED_E2E      PACKAGE LAK             CONNECTED TO MODEL REFINED_E2E      PACKAGE LAK              ON UNIT   1023 AT TIME STEP      1, STRESS PERIOD      1
 UBDSV06 SAVING              GWF IN MODEL REFINED_E2E      PACKAGE UZF             CONNECTED TO MODEL REFINED_E2E      PACKAGE REFINED_E2E      ON UNIT   1026 AT TIME STEP      1, STRESS PERIOD      1
 UBDSV06 SAVING     INFILTRATION IN MODEL REFINED_E2E      PACKAGE UZF             CONNECTED TO MODEL REFINED_E2E      PACKAGE UZF              ON UNIT   1026 AT TIME STEP      1, STRESS PERIOD      1
 UBDSV06 SAVING          REJ-INF IN MODEL REFINED_E2E      PACKAGE UZF             CONNECTED TO MODEL REFINED_E2E      PACKAGE UZF              ON UNIT   1026 AT TIME STEP      1, STRESS PERIOD      1
 UBDSV06 SAVING          STORAGE IN MODEL REFINED_E2E      PACKAGE UZF             CONNECTED TO MODEL REFINED_E2E      PACKAGE UZF              ON UNIT   1026 AT TIME STEP      1, STRESS PERIOD      1
 UBDSV06 SAVING       MOVER-FLOW IN MODEL REFINED_E2E      PACKAGE SFR             CONNECTED TO MODEL REFINED_E2E      PACKAGE SFR              ON UNIT   1029 AT TIME STEP      1, STRESS PERIOD      1
 UBDSV06 SAVING       MOVER-FLOW IN MODEL REFINED_E2E      PACKAGE SFR             CONNECTED TO MODEL REFINED_E2E      PACKAGE LAK              ON UNIT   1029 AT TIME STEP      1, STRESS PERIOD      1
 UBDSV06 SAVING       MOVER-FLOW IN MODEL REFINED_E2E      PACKAGE LAK             CONNECTED TO MODEL REFINED_E2E      PACKAGE SFR              ON UNIT   1029 AT TIME STEP      1, STRESS PERIOD      1
 UBDSV06 SAVING       MOVER-FLOW IN MODEL REFINED_E2E      PACKAGE LAK             CONNECTED TO MODEL REFINED_E2E      PACKAGE LAK              ON UNIT   1029 AT TIME STEP      1, STRESS PERIOD      1

 SFR PACKAGE (SFR) FLOW RATES   PERIOD      1   STEP        1
 -----------------------------------------------
   NUMBER   CELLID                    RATE      
 -----------------------------------------------
     1      (1,4363)              5.00000000E-03
     2      (1,4330)              0.0000000     
     3      (1,1179)              0.0000000     
     4      (1,1074)              0.0000000     
     5      (1,843)               0.0000000     
     6      (1,2756)              0.0000000     
     7      (1,1084)              0.0000000     
     8      (1,1182)              0.0000000     
     9      (1,4596)              0.0000000     
     10     (1,4606)              0.0000000     
     11     (1,4697)              0.0000000     
     12     (1,1660)              0.0000000     
     13     (1,1630)              0.0000000     
     14     (1,1548)              0.0000000     
     15     (1,1479)              0.0000000     
     16     (1,1031)              0.0000000     
     17     (1,1128)              0.0000000     
     18     (1,284)               0.0000000     
     19     (1,966)               0.0000000     
     20     (1,985)               0.0000000     
     21     (1,4252)              0.0000000     
     22     (1,862)               0.0000000     
     23     (1,845)               0.0000000     
     24     (1,1389)              0.0000000     
     25     (1,1171)              0.0000000     
     26     (1,1350)              0.0000000     
     27     (1,1590)              0.0000000     
     28     (1,1643)              0.0000000     
     29     (1,157)               0.0000000     
     30     (1,1596)              0.0000000     
     31     (1,1404)              0.0000000     
     32     (1,4539)              0.0000000     
     33     (1,1046)              0.0000000     
     34     (1,4222)              0.0000000     
     35     (1,816)               0.0000000     
     36     (1,4173)              0.0000000     
     37     (1,660)               0.0000000     
     38     (1,1016)              0.0000000     
     39     (1,56)                0.0000000     
     40     (1,4092)              0.0000000     
     41     (1,4120)              0.0000000     
     42     (1,706)               0.0000000     
     43     (1,4093)              0.0000000     
     44     (1,839)               0.0000000     
     45     (1,4176)              0.0000000     
     46     (1,4332)              0.0000000     
     47     (1,1059)              0.0000000     
     48     (1,4405)              0.0000000     
     49     (1,1253)              0.0000000     
     50     (1,4445)              0.0000000     
     51     (1,1130)              0.0000000     
     52     (1,4246)              0.0000000     
     53     (1,1038)              0.0000000     
     54     (1,4006)              0.0000000     
     55     (1,4247)              0.0000000     
     56     (1,4007)              0.0000000     
     57     (1,679)               0.0000000     
     58     (1,1014)              0.0000000     
     59     (1,2644)              0.0000000     
     60     (1,66)                0.0000000     
     61     (1,965)               0.0000000     
     62     (1,1008)              0.0000000     
     63     (1,1281)              0.0000000     
     64     (1,1195)             -0.22324981    
     65     (1,1175)             -0.37509776    
     66     (1,741)              -0.46723540    
     67     (1,1236)             -1.0499073     
     68     (1,2760)             -1.0406077     
     69     (1,2942)             -0.90911426    
     70     (1,959)              -0.92192978    
     71     (1,918)              -1.1233474     
     72     (1,2937)             -0.90614963    
     73     (1,2762)             -0.80493299    
     74     (1,1085)             -2.0633783     
     75     (1,1218)             -2.3020587     
     76     (1,925)              -3.1303094     
     77     (1,1126)             -3.0750957     
     78     (1,1159)             -3.4318150     
     79     (1,1348)             -6.7605505     
     80     (1,1501)             -10.823026     
     81     (1,171)              -9.3245031     
     82     (1,172)              -11.677938     
     83     (1,1635)             -15.258548     
     84     (1,1566)             -14.912800     
     85     (1,1375)             -12.946173     
     86     (1,1309)             -7.8450403     
     87     (1,1271)             -8.8671518     
     88     (1,83)               -7.7416727     
     89     (1,2685)             -6.2602441     
     90     (1,4253)             -4.3640472     
     91     (1,788)              -5.8311940     
     92     (1,4322)             -7.4855359     
     93     (1,812)              -2.0123120     
     94     (1,1152)             -11.269385     
     95     (1,2660)             -7.5434112     
     96     (1,1153)             -2.8713014     
     97     (1,1058)             -8.9978221     
     98     (1,886)              -9.4994995     
     99     (1,4277)             -4.2880506     
    100     (1,1062)             -8.1847345     
    101     (1,2768)             -12.928141     
    102     (1,1099)             -9.1604854     
    103     (1,1335)             -13.287663     
    104     (1,1387)             -19.991755     
    105     (1,1186)             -0.50933822    
    106     (1,1199)             -16.880161     
    107     (1,4400)             -11.525401     
    108     (1,1239)             -6.5987784     
    109     (1,4195)             -4.6618751     
    110     (1,1290)             -12.758717     
    111     (1,850)              -12.432782     
    112     (1,4174)             -2.5743199     
    113     (1,681)              -9.2631431     
    114     (1,567)              -7.3252800     
    115     (1,505)              -4.4246224     
    116     (1,3775)             -1.0122719     
    117     (1,468)              -0.15598586    
    118     (1,25)               -2.9157573     
    119     (1,2582)             -2.7014414     
    120     (1,3063)             -1.8430514     
    121     (1,465)              -1.3393261     
    122     (1,473)              -4.2801778     
    123     (1,3819)             -0.13944913    
    124     (1,520)              -5.7277601     
    125     (1,707)              -7.7430470     
    126     (1,810)              -11.189439     
    127     (1,2629)             -0.74236429    
    128     (1,904)              -10.152677     
    129     (1,27)               -3.6321618     
    130     (1,1164)             -13.096838     
    131     (1,28)               -22.285376     
    132     (1,29)               -17.154698     
    133     (1,1013)             -13.135040     
    134     (1,840)              -8.5818166     
    135     (1,4085)             -9.1589846     
    136     (1,762)              -13.430798     
    137     (1,1061)             -20.029740     
    138     (1,1315)             -6.9721867     
    139     (1,1092)             -7.4409487     
    140     (1,1377)             -23.459011     
    141     (1,1385)             -14.197106     
    142     (1,1442)             -39.647920     
    143     (1,1531)             -55.548965     
    144     (1,1589)             -53.794519     
    145     (1,4373)             -8.0172798     
    146     (1,1329)             -31.000127     
    147     (1,4269)             -10.337013     
    148     (1,4541)             -8.3104462     
    149     (1,1048)             -24.526418     
    150     (1,1009)             -22.621842     
    151     (1,2803)             -8.6702987     
    152     (1,2866)             -27.210966     
    153     (1,2611)             -25.968841     
    154     (1,2804)             -17.291019     
    155     (1,742)              -12.719870     
    156     (1,1226)             -24.288082     
    157     (1,4499)             -27.065522     
    158     (1,4498)             -4.4856219     
    159     (1,1277)             -29.097782     
    160     (1,4589)             -35.346273     
    161     (1,4624)             -75.666296     
    162     (1,193)              -15.411504     
    163     (1,204)              -46.820035     
    164     (1,194)              -46.163862     
    165     (1,203)              -48.512510     
    166     (1,195)              -48.112843     
    167     (1,202)              -50.675511     
    168     (1,196)              -49.943850     
    169     (1,201)              -52.728436     
    170     (1,197)              -51.931366     
    171     (1,200)              -46.248155     
    172     (1,199)              -33.615336     
 -----------------------------------------------




 SFR PACKAGE - SUMMARY OF FLOWS FOR EACH CONTROL VOLUME   PERIOD      1   STEP        1
 --------------------------------------------------------------------------------------------------------------------------------------------------------------------------------------------------------
                                                                                                                                                                                               PERCENT   
   NUMBER   CELLID                  INFLOW      OUTFLOW        GWF        RAINFALL   EVAPORATION     RUNOFF     EXT INFLOW  EXT OUTFLOW    STORAGE      FROM MVR      TO MVR      IN - OUT    DIFFERENCE 
 --------------------------------------------------------------------------------------------------------------------------------------------------------------------------------------------------------
     1      (1,4363)              0.0000       0.0000      -5.00000E-03  0.0000       0.0000       0.0000       5.00000E-03  0.0000       0.0000       0.0000       0.0000       0.0000       0.0000     
     2      (1,4330)              0.0000       0.0000       0.0000       0.0000       0.0000       0.0000       0.0000       0.0000       0.0000       0.0000       0.0000       0.0000       0.0000     
     3      (1,1179)              0.0000       0.0000       0.0000       0.0000       0.0000       0.0000       0.0000       0.0000       0.0000       0.0000       0.0000       0.0000       0.0000     
     4      (1,1074)              0.0000       0.0000       0.0000       0.0000       0.0000       0.0000       0.0000       0.0000       0.0000       0.0000       0.0000       0.0000       0.0000     
     5      (1,843)               0.0000       0.0000       0.0000       0.0000       0.0000       0.0000       0.0000       0.0000       0.0000       0.0000       0.0000       0.0000       0.0000     
     6      (1,2756)              0.0000       0.0000       0.0000       0.0000       0.0000       0.0000       0.0000       0.0000       0.0000       0.0000       0.0000       0.0000       0.0000     
     7      (1,1084)              0.0000       0.0000       0.0000       0.0000       0.0000       0.0000       0.0000       0.0000       0.0000       0.0000       0.0000       0.0000       0.0000     
     8      (1,1182)              0.0000       0.0000       0.0000       0.0000       0.0000       0.0000       0.0000       0.0000       0.0000       0.0000       0.0000       0.0000       0.0000     
     9      (1,4596)              0.0000       0.0000       0.0000       0.0000       0.0000       0.0000       0.0000       0.0000       0.0000       0.0000       0.0000       0.0000       0.0000     
     10     (1,4606)              0.0000       0.0000       0.0000       0.0000       0.0000       0.0000       0.0000       0.0000       0.0000       0.0000       0.0000       0.0000       0.0000     
     11     (1,4697)              0.0000       0.0000       0.0000       0.0000       0.0000       0.0000       0.0000       0.0000       0.0000       0.0000       0.0000       0.0000       0.0000     
     12     (1,1660)              0.0000       0.0000       0.0000       0.0000       0.0000       0.0000       0.0000       0.0000       0.0000       0.0000       0.0000       0.0000       0.0000     
     13     (1,1630)              0.0000       0.0000       0.0000       0.0000       0.0000       0.0000       0.0000       0.0000       0.0000       0.0000       0.0000       0.0000       0.0000     
     14     (1,1548)              0.0000       0.0000       0.0000       0.0000       0.0000       0.0000       0.0000       0.0000       0.0000       0.0000       0.0000       0.0000       0.0000     
     15     (1,1479)              0.0000       0.0000       0.0000       0.0000       0.0000       0.0000       0.0000       0.0000       0.0000       0.0000       0.0000       0.0000       0.0000     
     16     (1,1031)              0.0000       0.0000       0.0000       0.0000       0.0000       0.0000       0.0000       0.0000       0.0000       0.0000       0.0000       0.0000       0.0000     
     17     (1,1128)              0.0000       0.0000       0.0000       0.0000       0.0000       0.0000       0.0000       0.0000       0.0000       0.0000       0.0000       0.0000       0.0000     
     18     (1,284)               0.0000       0.0000       0.0000       0.0000       0.0000       0.0000       0.0000       0.0000       0.0000       0.0000       0.0000       0.0000       0.0000     
     19     (1,966)               0.0000       0.0000       0.0000       0.0000       0.0000       0.0000       0.0000       0.0000       0.0000       0.0000       0.0000       0.0000       0.0000     
     20     (1,985)               0.0000       0.0000       0.0000       0.0000       0.0000       0.0000       0.0000       0.0000       0.0000       0.0000       0.0000       0.0000       0.0000     
     21     (1,4252)              0.0000       0.0000       0.0000       0.0000       0.0000       0.0000       0.0000       0.0000       0.0000       0.0000       0.0000       0.0000       0.0000     
     22     (1,862)               0.0000       0.0000       0.0000       0.0000       0.0000       0.0000       0.0000       0.0000       0.0000       0.0000       0.0000       0.0000       0.0000     
     23     (1,845)               0.0000       0.0000       0.0000       0.0000       0.0000       0.0000       0.0000       0.0000       0.0000       0.0000       0.0000       0.0000       0.0000     
     24     (1,1389)              0.0000       0.0000       0.0000       0.0000       0.0000       0.0000       0.0000       0.0000       0.0000       0.0000       0.0000       0.0000       0.0000     
     25     (1,1171)              0.0000       0.0000       0.0000       0.0000       0.0000       0.0000       0.0000       0.0000       0.0000       0.0000       0.0000       0.0000       0.0000     
     26     (1,1350)              0.0000       0.0000       0.0000       0.0000       0.0000       0.0000       0.0000       0.0000       0.0000       0.0000       0.0000       0.0000       0.0000     
     27     (1,1590)              0.0000       0.0000       0.0000       0.0000       0.0000       0.0000       0.0000       0.0000       0.0000       0.0000       0.0000       0.0000       0.0000     
     28     (1,1643)              0.0000       0.0000       0.0000       0.0000       0.0000       0.0000       0.0000       0.0000       0.0000       0.0000       0.0000       0.0000       0.0000     
     29     (1,157)               0.0000       0.0000       0.0000       0.0000       0.0000       0.0000       0.0000       0.0000       0.0000       0.0000       0.0000       0.0000       0.0000     
     30     (1,1596)              0.0000       0.0000       0.0000       0.0000       0.0000       0.0000       0.0000       0.0000       0.0000       0.0000       0.0000       0.0000       0.0000     
     31     (1,1404)              0.0000       0.0000       0.0000       0.0000       0.0000       0.0000       0.0000       0.0000       0.0000       0.0000       0.0000       0.0000       0.0000     
     32     (1,4539)              0.0000       0.0000       0.0000       0.0000       0.0000       0.0000       0.0000       0.0000       0.0000       0.0000       0.0000       0.0000       0.0000     
     33     (1,1046)              0.0000       0.0000       0.0000       0.0000       0.0000       0.0000       0.0000       0.0000       0.0000       0.0000       0.0000       0.0000       0.0000     
     34     (1,4222)              0.0000       0.0000       0.0000       0.0000       0.0000       0.0000       0.0000       0.0000       0.0000       0.0000       0.0000       0.0000       0.0000     
     35     (1,816)               0.0000       0.0000       0.0000       0.0000       0.0000       0.0000       0.0000       0.0000       0.0000       0.0000       0.0000       0.0000       0.0000     
     36     (1,4173)              0.0000       0.0000       0.0000       0.0000       0.0000       0.0000       0.0000       0.0000       0.0000       0.0000       0.0000       0.0000       0.0000     
     37     (1,660)               0.0000       0.0000       0.0000       0.0000       0.0000       0.0000       0.0000       0.0000       0.0000       0.0000       0.0000       0.0000       0.0000     
     38     (1,1016)              0.0000       0.0000       0.0000       0.0000       0.0000       0.0000       0.0000       0.0000       0.0000       0.0000       0.0000       0.0000       0.0000     
     39     (1,56)                0.0000       0.0000       0.0000       0.0000       0.0000       0.0000       0.0000       0.0000       0.0000       0.0000       0.0000       0.0000       0.0000     
     40     (1,4092)              0.0000       0.0000       0.0000       0.0000       0.0000       0.0000       0.0000       0.0000       0.0000       0.0000       0.0000       0.0000       0.0000     
     41     (1,4120)              0.0000       0.0000       0.0000       0.0000       0.0000       0.0000       0.0000       0.0000       0.0000       0.0000       0.0000       0.0000       0.0000     
     42     (1,706)               0.0000       0.0000       0.0000       0.0000       0.0000       0.0000       0.0000       0.0000       0.0000       0.0000       0.0000       0.0000       0.0000     
     43     (1,4093)              0.0000       0.0000       0.0000       0.0000       0.0000       0.0000       0.0000       0.0000       0.0000       0.0000       0.0000       0.0000       0.0000     
     44     (1,839)               0.0000       0.0000       0.0000       0.0000       0.0000       0.0000       0.0000       0.0000       0.0000       0.0000       0.0000       0.0000       0.0000     
     45     (1,4176)              0.0000       0.0000       0.0000       0.0000       0.0000       0.0000       0.0000       0.0000       0.0000       0.0000       0.0000       0.0000       0.0000     
     46     (1,4332)              0.0000       0.0000       0.0000       0.0000       0.0000       0.0000       0.0000       0.0000       0.0000       0.0000       0.0000       0.0000       0.0000     
     47     (1,1059)              0.0000       0.0000       0.0000       0.0000       0.0000       0.0000       0.0000       0.0000       0.0000       0.0000       0.0000       0.0000       0.0000     
     48     (1,4405)              0.0000       0.0000       0.0000       0.0000       0.0000       0.0000       0.0000       0.0000       0.0000       0.0000       0.0000       0.0000       0.0000     
     49     (1,1253)              0.0000       0.0000       0.0000       0.0000       0.0000       0.0000       0.0000       0.0000       0.0000       0.0000       0.0000       0.0000       0.0000     
     50     (1,4445)              0.0000       0.0000       0.0000       0.0000       0.0000       0.0000       0.0000       0.0000       0.0000       0.0000       0.0000       0.0000       0.0000     
     51     (1,1130)              0.0000       0.0000       0.0000       0.0000       0.0000       0.0000       0.0000       0.0000       0.0000       0.0000       0.0000       0.0000       0.0000     
     52     (1,4246)              0.0000       0.0000       0.0000       0.0000       0.0000       0.0000       0.0000       0.0000       0.0000       0.0000       0.0000       0.0000       0.0000     
     53     (1,1038)              0.0000       0.0000       0.0000       0.0000       0.0000       0.0000       0.0000       0.0000       0.0000       0.0000       0.0000       0.0000       0.0000     
     54     (1,4006)              0.0000       0.0000       0.0000       0.0000       0.0000       0.0000       0.0000       0.0000       0.0000       0.0000       0.0000       0.0000       0.0000     
     55     (1,4247)              0.0000       0.0000       0.0000       0.0000       0.0000       0.0000       0.0000       0.0000       0.0000       0.0000       0.0000       0.0000       0.0000     
     56     (1,4007)              0.0000       0.0000       0.0000       0.0000       0.0000       0.0000       0.0000       0.0000       0.0000       0.0000       0.0000       0.0000       0.0000     
     57     (1,679)               0.0000       0.0000       0.0000       0.0000       0.0000       0.0000       0.0000       0.0000       0.0000       0.0000       0.0000       0.0000       0.0000     
     58     (1,1014)              0.0000       0.0000       0.0000       0.0000       0.0000       0.0000       0.0000       0.0000       0.0000       0.0000       0.0000       0.0000       0.0000     
     59     (1,2644)              0.0000       0.0000       0.0000       0.0000       0.0000       0.0000       0.0000       0.0000       0.0000       0.0000       0.0000       0.0000       0.0000     
     60     (1,66)                0.0000       0.0000       0.0000       0.0000       0.0000       0.0000       0.0000       0.0000       0.0000       0.0000       0.0000       0.0000       0.0000     
     61     (1,965)               0.0000       0.0000       0.0000       0.0000       0.0000       0.0000       0.0000       0.0000       0.0000       0.0000       0.0000       0.0000       0.0000     
     62     (1,1008)              0.0000       0.0000       0.0000       0.0000       0.0000       0.0000       0.0000       0.0000       0.0000       0.0000       0.0000       0.0000       0.0000     
     63     (1,1281)              0.0000       0.0000       0.0000       0.0000       0.0000       0.0000       0.0000       0.0000       0.0000       0.0000       0.0000       0.0000       0.0000     
     64     (1,1195)              0.0000      -0.22325      0.22325      0.0000       0.0000       0.0000       0.0000       0.0000       0.0000       0.0000       0.0000       0.0000       0.0000     
     65     (1,1175)              0.22325     -0.59835      0.37510      0.0000       0.0000       0.0000       0.0000       0.0000       0.0000       0.0000       0.0000       0.0000       0.0000     
     66     (1,741)               0.59835     -1.0656       0.46724      0.0000       0.0000       0.0000       0.0000       0.0000       0.0000       0.0000       0.0000       0.0000       0.0000     
     67     (1,1236)              1.0656      -2.1155       1.0499       0.0000       0.0000       0.0000       0.0000       0.0000       0.0000       0.0000       0.0000       0.0000       0.0000     
     68     (1,2760)              2.1155      -3.1561       1.0406       0.0000       0.0000       0.0000       0.0000       0.0000       0.0000       0.0000       0.0000       0.0000       0.0000     
     69     (1,2942)              3.1561      -4.0652       0.90911      0.0000       0.0000       0.0000       0.0000       0.0000       0.0000       0.0000       0.0000       0.0000       0.0000     
     70     (1,959)               4.0652      -4.9871       0.92193      0.0000       0.0000       0.0000       0.0000       0.0000       0.0000       0.0000       0.0000       0.0000       0.0000     
     71     (1,918)               4.9871      -6.1105       1.1233       0.0000       0.0000       0.0000       0.0000       0.0000       0.0000       0.0000       0.0000       0.0000       0.0000     
     72     (1,2937)              6.1105      -7.0166       0.90615      0.0000       0.0000       0.0000       0.0000       0.0000       0.0000       0.0000       0.0000       0.0000       0.0000     
     73     (1,2762)              7.0166      -7.8216       0.80493      0.0000       0.0000       0.0000       0.0000       0.0000       0.0000       0.0000       0.0000       0.0000       0.0000     
     74     (1,1085)              7.8216      -9.8849       2.0634       0.0000       0.0000       0.0000       0.0000       0.0000       0.0000       0.0000       0.0000       0.0000       0.0000     
     75     (1,1218)              9.8849      -12.187       2.3021       0.0000       0.0000       0.0000       0.0000       0.0000       0.0000       0.0000       0.0000       0.0000       0.0000     
     76     (1,925)               12.187      -15.317       3.1303       0.0000       0.0000       0.0000       0.0000       0.0000       0.0000       0.0000       0.0000       0.0000       0.0000     
     77     (1,1126)              15.317      -18.392       3.0751       0.0000       0.0000       0.0000       0.0000       0.0000       0.0000       0.0000       0.0000       0.0000       0.0000     
     78     (1,1159)              18.392      -21.824       3.4318       0.0000       0.0000       0.0000       0.0000       0.0000       0.0000       0.0000       0.0000       0.0000       0.0000     
     79     (1,1348)              21.824      -28.585       6.7605       0.0000       0.0000       0.0000       0.0000       0.0000       0.0000       0.0000       0.0000       0.0000       0.0000     
     80     (1,1501)              28.585      -39.408       10.823       0.0000       0.0000       0.0000       0.0000       0.0000       0.0000       0.0000       0.0000       0.0000       0.0000     
     81     (1,171)               39.408      -48.732       9.3245       0.0000       0.0000       0.0000       0.0000       0.0000       0.0000       0.0000       0.0000       0.0000       0.0000     
     82     (1,172)               48.732      -60.410       11.678       0.0000       0.0000       0.0000       0.0000       0.0000       0.0000       0.0000       0.0000       0.0000       0.0000     
     83     (1,1635)              60.410      -75.669       15.259       0.0000       0.0000       0.0000       0.0000       0.0000       0.0000       0.0000       0.0000       0.0000       0.0000     
     84     (1,1566)              75.669      -90.582       14.913       0.0000       0.0000       0.0000       0.0000       0.0000       0.0000       0.0000       0.0000       0.0000       0.0000     
     85     (1,1375)              90.582      -103.53       12.946       0.0000       0.0000       0.0000       0.0000       0.0000       0.0000       0.0000       0.0000       0.0000       0.0000     
     86     (1,1309)              103.53      -111.37       7.8450       0.0000       0.0000       0.0000       0.0000       0.0000       0.0000       0.0000       0.0000       0.0000       0.0000     
     87     (1,1271)              111.37      -120.24       8.8672       0.0000       0.0000       0.0000       0.0000       0.0000       0.0000       0.0000       0.0000       0.0000       0.0000     
     88     (1,83)                120.24      -127.98       7.7417       0.0000       0.0000       0.0000       0.0000       0.0000       0.0000       0.0000       0.0000       0.0000       0.0000     
     89     (1,2685)              127.98      -134.24       6.2602       0.0000       0.0000       0.0000       0.0000       0.0000       0.0000       0.0000       0.0000       0.0000       0.0000     
     90     (1,4253)              134.24      -138.61       4.3640       0.0000       0.0000       0.0000       0.0000       0.0000       0.0000       0.0000       0.0000       0.0000       0.0000     
     91     (1,788)               138.61      -144.44       5.8312       0.0000       0.0000       0.0000       0.0000       0.0000       0.0000       0.0000       0.0000       0.0000       0.0000     
     92     (1,4322)              144.44      -151.92       7.4855       0.0000       0.0000       0.0000       0.0000       0.0000       0.0000       0.0000       0.0000       0.0000       0.0000     
     93     (1,812)               151.92      -153.93       2.0123       0.0000       0.0000       0.0000       0.0000       0.0000       0.0000       0.0000       0.0000       0.0000       0.0000     
     94     (1,1152)              153.93      -165.20       11.269       0.0000       0.0000       0.0000       0.0000       0.0000       0.0000       0.0000       0.0000       0.0000       0.0000     
     95     (1,2660)              165.20      -172.75       7.5434       0.0000       0.0000       0.0000       0.0000       0.0000       0.0000       0.0000       0.0000       0.0000       0.0000     
     96     (1,1153)              172.75      -175.62       2.8713       0.0000       0.0000       0.0000       0.0000       0.0000       0.0000       0.0000       0.0000       0.0000       0.0000     
     97     (1,1058)              175.62      -184.62       8.9978       0.0000       0.0000       0.0000       0.0000       0.0000       0.0000       0.0000       0.0000       0.0000       0.0000     
     98     (1,886)               184.62      -194.12       9.4995       0.0000       0.0000       0.0000       0.0000       0.0000       0.0000       0.0000       0.0000       0.0000       0.0000     
     99     (1,4277)              194.12      -198.40       4.2881       0.0000       0.0000       0.0000       0.0000       0.0000       0.0000       0.0000       0.0000       0.0000       0.0000     
    100     (1,1062)              198.40      -206.59       8.1847       0.0000       0.0000       0.0000       0.0000       0.0000       0.0000       0.0000       0.0000       0.0000       0.0000     
    101     (1,2768)              206.59      -219.52       12.928       0.0000       0.0000       0.0000       0.0000       0.0000       0.0000       0.0000       0.0000       0.0000       0.0000     
    102     (1,1099)              219.52      -228.68       9.1605       0.0000       0.0000       0.0000       0.0000       0.0000       0.0000       0.0000       0.0000       0.0000       0.0000     
    103     (1,1335)              228.68      -241.97       13.288       0.0000       0.0000       0.0000       0.0000       0.0000       0.0000       0.0000       0.0000       0.0000       0.0000     
    104     (1,1387)              241.97      -261.96       19.992       0.0000       0.0000       0.0000       0.0000       0.0000       0.0000       0.0000       0.0000       0.0000       0.0000     
    105     (1,1186)              261.96      -262.47       0.50934      0.0000       0.0000       0.0000       0.0000       0.0000       0.0000       0.0000       0.0000       0.0000       0.0000     
    106     (1,1199)              262.47      -279.35       16.880       0.0000       0.0000       0.0000       0.0000       0.0000       0.0000       0.0000       0.0000       0.0000       0.0000     
    107     (1,4400)              279.35      -290.87       11.525       0.0000       0.0000       0.0000       0.0000       0.0000       0.0000       0.0000       0.0000       0.0000       0.0000     
    108     (1,1239)              290.87      -297.47       6.5988       0.0000       0.0000       0.0000       0.0000       0.0000       0.0000       0.0000       0.0000       0.0000       0.0000     
    109     (1,4195)              297.47      -302.13       4.6619       0.0000       0.0000       0.0000       0.0000       0.0000       0.0000       0.0000       0.0000       0.0000       0.0000     
    110     (1,1290)              302.13      -314.89       12.759       0.0000       0.0000       0.0000       0.0000       0.0000       0.0000       0.0000       0.0000       0.0000       0.0000     
    111     (1,850)               314.89      -327.32       12.433       0.0000       0.0000       0.0000       0.0000       0.0000       0.0000       0.0000       0.0000       0.0000       0.0000     
    112     (1,4174)              327.32      -329.90       2.5743       0.0000       0.0000       0.0000       0.0000       0.0000       0.0000       0.0000       0.0000       0.0000       0.0000     
    113     (1,681)               329.90      -339.16       9.2631       0.0000       0.0000       0.0000       0.0000       0.0000       0.0000       0.0000       0.0000       0.0000       0.0000     
    114     (1,567)               339.16      -346.49       7.3253       0.0000       0.0000       0.0000       0.0000       0.0000       0.0000       0.0000       0.0000       0.0000       0.0000     
    115     (1,505)               346.49      -350.91       4.4246       0.0000       0.0000       0.0000       0.0000       0.0000       0.0000       0.0000       0.0000       0.0000       0.0000     
    116     (1,3775)              350.91      -351.92       1.0123       0.0000       0.0000       0.0000       0.0000       0.0000       0.0000       0.0000       0.0000       0.0000       0.0000     
    117     (1,468)               351.92      -352.08       0.15599      0.0000       0.0000       0.0000       0.0000       0.0000       0.0000       0.0000       0.0000       0.0000       0.0000     
    118     (1,25)                352.08      -355.00       2.9158       0.0000       0.0000       0.0000       0.0000       0.0000       0.0000       0.0000       0.0000       0.0000       0.0000     
    119     (1,2582)              355.00      -357.70       2.7014       0.0000       0.0000       0.0000       0.0000       0.0000       0.0000       0.0000       0.0000       0.0000       0.0000     
    120     (1,3063)              357.70      -359.54       1.8431       0.0000       0.0000       0.0000       0.0000       0.0000       0.0000       0.0000       0.0000       0.0000       0.0000     
    121     (1,465)               359.54      -360.88       1.3393       0.0000       0.0000       0.0000       0.0000       0.0000       0.0000       0.0000       0.0000       0.0000       0.0000     
    122     (1,473)               360.88      -365.16       4.2802       0.0000       0.0000       0.0000       0.0000       0.0000       0.0000       0.0000       0.0000       0.0000       0.0000     
    123     (1,3819)              365.16      -365.30       0.13945      0.0000       0.0000       0.0000       0.0000       0.0000       0.0000       0.0000       0.0000       0.0000       0.0000     
    124     (1,520)               365.30      -371.03       5.7278       0.0000       0.0000       0.0000       0.0000       0.0000       0.0000       0.0000       0.0000       0.0000       0.0000     
    125     (1,707)               371.03      -378.77       7.7430       0.0000       0.0000       0.0000       0.0000       0.0000       0.0000       0.0000       0.0000       0.0000       0.0000     
    126     (1,810)               378.77      -389.96       11.189       0.0000       0.0000       0.0000       0.0000       0.0000       0.0000       0.0000       0.0000       0.0000       0.0000     
    127     (1,2629)              389.96      -390.70       0.74236      0.0000       0.0000       0.0000       0.0000       0.0000       0.0000       0.0000       0.0000       0.0000       0.0000     
    128     (1,904)               390.70      -400.85       10.153       0.0000       0.0000       0.0000       0.0000       0.0000       0.0000       0.0000       0.0000       0.0000       0.0000     
    129     (1,27)                400.85      -404.49       3.6322       0.0000       0.0000       0.0000       0.0000       0.0000       0.0000       0.0000       0.0000       0.0000       0.0000     
    130     (1,1164)              404.49      -417.58       13.097       0.0000       0.0000       0.0000       0.0000       0.0000       0.0000       0.0000       0.0000       0.0000       0.0000     
    131     (1,28)                417.58      -439.87       22.285       0.0000       0.0000       0.0000       0.0000       0.0000       0.0000       0.0000       0.0000       0.0000       0.0000     
    132     (1,29)                439.87      -457.02       17.155       0.0000       0.0000       0.0000       0.0000       0.0000       0.0000       0.0000       0.0000       0.0000       0.0000     
    133     (1,1013)              457.02      -470.16       13.135       0.0000       0.0000       0.0000       0.0000       0.0000       0.0000       0.0000       0.0000       0.0000       0.0000     
    134     (1,840)               470.16      -478.74       8.5818       0.0000       0.0000       0.0000       0.0000       0.0000       0.0000       0.0000       0.0000       0.0000       0.0000     
    135     (1,4085)              478.74      -487.90       9.1590       0.0000       0.0000       0.0000       0.0000       0.0000       0.0000       0.0000       0.0000       0.0000       0.0000     
    136     (1,762)               487.90      -501.33       13.431       0.0000       0.0000       0.0000       0.0000       0.0000       0.0000       0.0000       0.0000       0.0000       0.0000     
    137     (1,1061)              501.33      -521.36       20.030       0.0000       0.0000       0.0000       0.0000       0.0000       0.0000       0.0000       0.0000       0.0000       0.0000     
    138     (1,1315)              521.36      -528.33       6.9722       0.0000       0.0000       0.0000       0.0000       0.0000       0.0000       0.0000       0.0000       0.0000       0.0000     
    139     (1,1092)              528.33      -535.77       7.4409       0.0000       0.0000       0.0000       0.0000       0.0000       0.0000       0.0000       0.0000       0.0000       0.0000     
    140     (1,1377)              535.77      -559.23       23.459       0.0000       0.0000       0.0000       0.0000       0.0000       0.0000       0.0000       0.0000       0.0000       0.0000     
    141     (1,1385)              559.23      -573.43       14.197       0.0000       0.0000       0.0000       0.0000       0.0000       0.0000       0.0000       0.0000       0.0000       0.0000     
    142     (1,1442)              573.43      -613.08       39.648       0.0000       0.0000       0.0000       0.0000       0.0000       0.0000       0.0000       0.0000       0.0000       0.0000     
    143     (1,1531)              613.08      -668.63       55.549       0.0000       0.0000       0.0000       0.0000       0.0000       0.0000       0.0000       0.0000       0.0000       0.0000     
    144     (1,1589)              668.63      -722.42       53.795       0.0000       0.0000       0.0000       0.0000       0.0000       0.0000       0.0000       0.0000       0.0000       0.0000     
    145     (1,4373)              722.42      -730.44       8.0173       0.0000       0.0000       0.0000       0.0000       0.0000       0.0000       0.0000       0.0000       0.0000       0.0000     
    146     (1,1329)              730.44      -761.44       31.000       0.0000       0.0000       0.0000       0.0000       0.0000       0.0000       0.0000       0.0000       0.0000       0.0000     
    147     (1,4269)              761.44      -771.77       10.337       0.0000       0.0000       0.0000       0.0000       0.0000       0.0000       0.0000       0.0000       0.0000       0.0000     
    148     (1,4541)              771.77      -780.09       8.3104       0.0000       0.0000       0.0000       0.0000       0.0000       0.0000       0.0000       0.0000       0.0000       0.0000     
    149     (1,1048)              780.09      -804.61       24.526       0.0000       0.0000       0.0000       0.0000       0.0000       0.0000       0.0000       0.0000       0.0000       0.0000     
    150     (1,1009)              804.61      -827.23       22.622       0.0000       0.0000       0.0000       0.0000       0.0000       0.0000       0.0000       0.0000       0.0000       0.0000     
    151     (1,2803)              827.23      -835.90       8.6703       0.0000       0.0000       0.0000       0.0000       0.0000       0.0000       0.0000       0.0000       0.0000       0.0000     
    152     (1,2866)              835.90      -863.11       27.211       0.0000       0.0000       0.0000       0.0000       0.0000       0.0000       0.0000       0.0000       0.0000       0.0000     
    153     (1,2611)              863.11      -889.08       25.969       0.0000       0.0000       0.0000       0.0000       0.0000       0.0000       0.0000       0.0000       0.0000       0.0000     
    154     (1,2804)              889.08      -906.37       17.291       0.0000       0.0000       0.0000       0.0000       0.0000       0.0000       0.0000       0.0000       0.0000       0.0000     
    155     (1,742)               906.37      -919.09       12.720       0.0000       0.0000       0.0000       0.0000       0.0000       0.0000       0.0000       0.0000       0.0000       0.0000     
    156     (1,1226)              919.09      -943.38       24.288       0.0000       0.0000       0.0000       0.0000       0.0000       0.0000       0.0000       0.0000       0.0000       0.0000     
    157     (1,4499)              943.38      -970.45       27.066       0.0000       0.0000       0.0000       0.0000       0.0000       0.0000       0.0000       0.0000       0.0000       0.0000     
    158     (1,4498)              970.45      -974.93       4.4856       0.0000       0.0000       0.0000       0.0000       0.0000       0.0000       0.0000       0.0000       0.0000       0.0000     
    159     (1,1277)              974.93      -1004.0       29.098       0.0000       0.0000       0.0000       0.0000       0.0000       0.0000       0.0000       0.0000       0.0000       0.0000     
    160     (1,4589)              1004.0      -1039.4       35.346       0.0000       0.0000       0.0000       0.0000       0.0000       0.0000       0.0000       0.0000       0.0000       0.0000     
    161     (1,4624)              1039.4      -1115.0       75.666       0.0000       0.0000       0.0000       0.0000       0.0000       0.0000       0.0000       0.0000       0.0000       0.0000     
    162     (1,193)               1115.0      -1130.5       15.412       0.0000       0.0000       0.0000       0.0000       0.0000       0.0000       0.0000       0.0000       0.0000       0.0000     
    163     (1,204)               1130.5      -1177.3       46.820       0.0000       0.0000       0.0000       0.0000       0.0000       0.0000       0.0000       0.0000       0.0000       0.0000     
    164     (1,194)               1177.3      -1223.4       46.164       0.0000       0.0000       0.0000       0.0000       0.0000       0.0000       0.0000       0.0000       0.0000       0.0000     
    165     (1,203)               1223.4      -1272.0       48.513       0.0000       0.0000       0.0000       0.0000       0.0000       0.0000       0.0000       0.0000       0.0000       0.0000     
    166     (1,195)               1272.0      -1320.1       48.113       0.0000       0.0000       0.0000       0.0000       0.0000       0.0000       0.0000       0.0000       0.0000       0.0000     
    167     (1,202)               1320.1      -1370.7       50.676       0.0000       0.0000       0.0000       0.0000       0.0000       0.0000       0.0000       0.0000       0.0000       0.0000     
    168     (1,196)               1370.7      -1420.7       49.944       0.0000       0.0000       0.0000       0.0000       0.0000       0.0000       0.0000       0.0000       0.0000       0.0000     
    169     (1,201)               1420.7      -1473.4       52.728       0.0000       0.0000       0.0000       0.0000       0.0000       0.0000       0.0000       0.0000       0.0000       0.0000     
    170     (1,197)               1473.4      -1525.3       51.931       0.0000       0.0000       0.0000       0.0000       0.0000       0.0000       0.0000       0.0000       0.0000       0.0000     
    171     (1,200)               1525.3      -1571.6       46.248       0.0000       0.0000       0.0000       0.0000       0.0000       0.0000       0.0000       0.0000       0.0000       0.0000     
    172     (1,199)               1571.6       0.0000       33.615       0.0000       0.0000       0.0000       0.0000      -1203.9       0.0000       0.0000      -401.30       0.0000       0.0000     
 --------------------------------------------------------------------------------------------------------------------------------------------------------------------------------------------------------



 LAK PACKAGE (LAK) STAGES FOR EACH CONTROL VOLUME   PERIOD      1   STEP        1
 --------------------------------------------------------------
   NUMBER      STAGE     SURFACE AREA WETTED AREA     VOLUME   
 --------------------------------------------------------------
     1       127.30       2.57629E+05  2.57629E+05  4.07424E+05
 --------------------------------------------------------------



 HEAD WILL BE SAVED ON UNIT 1033 AT END OF TIME STEP    1, STRESS PERIOD    1


  SFR BUDGET FOR ENTIRE MODEL AT END OF TIME STEP    1, STRESS PERIOD   1
  ------------------------------------------------------------------------------

     CUMULATIVE SFR      L**3       RATES FOR THIS TIME STEP      L**3/T
     ------------------                 ------------------------

           IN:                                      IN:
           ---                                      ---
                 GWF =        1605.2077                   GWF =        1605.2077
            RAINFALL =           0.0000              RAINFALL =           0.0000
         EVAPORATION =           0.0000           EVAPORATION =           0.0000
              RUNOFF =           0.0000                RUNOFF =           0.0000
          EXT-INFLOW =       5.0000E-03            EXT-INFLOW =       5.0000E-03
         EXT-OUTFLOW =           0.0000           EXT-OUTFLOW =           0.0000
             STORAGE =           0.0000               STORAGE =           0.0000
            FROM-MVR =           0.0000              FROM-MVR =           0.0000
              TO-MVR =           0.0000                TO-MVR =           0.0000

            TOTAL IN =        1605.2127              TOTAL IN =        1605.2127

          OUT:                                     OUT:
          ----                                     ----
                 GWF =       5.0000E-03                   GWF =       5.0000E-03
            RAINFALL =           0.0000              RAINFALL =           0.0000
         EVAPORATION =           0.0000           EVAPORATION =           0.0000
              RUNOFF =           0.0000                RUNOFF =           0.0000
          EXT-INFLOW =           0.0000            EXT-INFLOW =           0.0000
         EXT-OUTFLOW =        1203.9057           EXT-OUTFLOW =        1203.9057
             STORAGE =           0.0000               STORAGE =           0.0000
            FROM-MVR =           0.0000              FROM-MVR =           0.0000
              TO-MVR =         401.3019                TO-MVR =         401.3019

           TOTAL OUT =        1605.2127             TOTAL OUT =        1605.2127

            IN - OUT =           0.0000              IN - OUT =           0.0000

 PERCENT DISCREPANCY =           0.00     PERCENT DISCREPANCY =           0.00



  LAK BUDGET FOR ENTIRE MODEL AT END OF TIME STEP    1, STRESS PERIOD   1
  ------------------------------------------------------------------------------

     CUMULATIVE LAK      L**3       RATES FOR THIS TIME STEP      L**3/T
     ------------------                 ------------------------

           IN:                                      IN:
           ---                                      ---
                 GWF =           0.0000                   GWF =           0.0000
            RAINFALL =           0.0000              RAINFALL =           0.0000
         EVAPORATION =           0.0000           EVAPORATION =           0.0000
              RUNOFF =           0.0000                RUNOFF =           0.0000
          EXT-INFLOW =           0.0000            EXT-INFLOW =           0.0000
          WITHDRAWAL =           0.0000            WITHDRAWAL =           0.0000
         EXT-OUTFLOW =           0.0000           EXT-OUTFLOW =           0.0000
             STORAGE =           0.0000               STORAGE =           0.0000
            CONSTANT =           0.0000              CONSTANT =           0.0000
            FROM-MVR =         401.3019              FROM-MVR =         401.3019
              TO-MVR =           0.0000                TO-MVR =           0.0000

            TOTAL IN =         401.3019              TOTAL IN =         401.3019

          OUT:                                     OUT:
          ----                                     ----
                 GWF =         401.3019                   GWF =         401.3019
            RAINFALL =           0.0000              RAINFALL =           0.0000
         EVAPORATION =           0.0000           EVAPORATION =           0.0000
              RUNOFF =           0.0000                RUNOFF =           0.0000
          EXT-INFLOW =           0.0000            EXT-INFLOW =           0.0000
          WITHDRAWAL =           0.0000            WITHDRAWAL =           0.0000
         EXT-OUTFLOW =           0.0000           EXT-OUTFLOW =           0.0000
             STORAGE =           0.0000               STORAGE =           0.0000
            CONSTANT =           0.0000              CONSTANT =           0.0000
            FROM-MVR =           0.0000              FROM-MVR =           0.0000
              TO-MVR =           0.0000                TO-MVR =           0.0000

           TOTAL OUT =         401.3019             TOTAL OUT =         401.3019

            IN - OUT =      -2.2737E-13              IN - OUT =      -2.2737E-13

 PERCENT DISCREPANCY =          -0.00     PERCENT DISCREPANCY =          -0.00



  UZF BUDGET FOR ENTIRE MODEL AT END OF TIME STEP    1, STRESS PERIOD   1
  ------------------------------------------------------------------------------

     CUMULATIVE UZF      L**3       RATES FOR THIS TIME STEP      L**3/T
     ------------------                 ------------------------

           IN:                                      IN:
           ---                                      ---
                 GWF =           0.0000                   GWF =           0.0000
        INFILTRATION =         480.8000          INFILTRATION =         480.8000
             REJ-INF =           0.0000               REJ-INF =           0.0000
             STORAGE =           0.0000               STORAGE =           0.0000

            TOTAL IN =         480.8000              TOTAL IN =         480.8000

          OUT:                                     OUT:
          ----                                     ----
                 GWF =         205.6817                   GWF =         205.6817
        INFILTRATION =           0.0000          INFILTRATION =           0.0000
             REJ-INF =         275.1183               REJ-INF =         275.1183
             STORAGE =           0.0000               STORAGE =           0.0000

           TOTAL OUT =         480.8000             TOTAL OUT =         480.8000

            IN - OUT =       2.2737E-12              IN - OUT =       2.2737E-12

 PERCENT DISCREPANCY =           0.00     PERCENT DISCREPANCY =           0.00



  WATER MOVER BUDGET FOR ENTIRE MODEL AT END OF TIME STEP    1, STRESS PERIOD   1
  ------------------------------------------------------------------------------

     CUMULATIVE WATER MOVER      L**3       RATES FOR THIS TIME STEP      L**3/T
     ------------------                 ------------------------

           IN:                                      IN:
           ---                                      ---
                 SFR =         401.3019                   SFR =         401.3019
                 LAK =           0.0000                   LAK =           0.0000

            TOTAL IN =         401.3019              TOTAL IN =         401.3019

          OUT:                                     OUT:
          ----                                     ----
                 SFR =           0.0000                   SFR =           0.0000
                 LAK =         401.3019                   LAK =         401.3019

           TOTAL OUT =         401.3019             TOTAL OUT =         401.3019

            IN - OUT =           0.0000              IN - OUT =           0.0000

 PERCENT DISCREPANCY =           0.00     PERCENT DISCREPANCY =           0.00



  VOLUME BUDGET FOR ENTIRE MODEL AT END OF TIME STEP    1, STRESS PERIOD   1
  ---------------------------------------------------------------------------------------------------

     CUMULATIVE VOLUME      L**3       RATES FOR THIS TIME STEP      L**3/T          PACKAGE NAME    
     ------------------                 ------------------------                     ----------------

           IN:                                      IN:
           ---                                      ---
              STO-SS =           0.0000                STO-SS =           0.0000     STORAGE                          
              STO-SY =           0.0000                STO-SY =           0.0000     STORAGE                          
                 DRN =           0.0000                   DRN =           0.0000     DRN                              
                 GHB =           0.0000                   GHB =           0.0000     GHB                              
                 RCH =         469.1510                   RCH =         469.1510     RCH                              
                 CHD =       13350.7898                   CHD =       13350.7898     CHD                              
                 SFR =       5.0000E-03                   SFR =       5.0000E-03     SFR                              
                 LAK =         401.3019                   LAK =         401.3019     LAK                              
           UZF-GWRCH =         205.6817             UZF-GWRCH =         205.6817     UZF                              

            TOTAL IN =       14426.9295              TOTAL IN =       14426.9295

          OUT:                                     OUT:
          ----                                     ----
              STO-SS =           0.0000                STO-SS =           0.0000     STORAGE                          
              STO-SY =           0.0000                STO-SY =           0.0000     STORAGE                          
                 DRN =        6207.9662                   DRN =        6207.9662     DRN                              
                 GHB =        6613.8599                   GHB =        6613.8599     GHB                              
                 RCH =           0.0000                   RCH =           0.0000     RCH                              
                 CHD =           0.0000                   CHD =           0.0000     CHD                              
                 SFR =        1605.2076                   SFR =        1605.2076     SFR                              
                 LAK =           0.0000                   LAK =           0.0000     LAK                              
           UZF-GWRCH =           0.0000             UZF-GWRCH =           0.0000     UZF                              

           TOTAL OUT =       14427.0337             TOTAL OUT =       14427.0337

            IN - OUT =          -0.1042              IN - OUT =          -0.1042

 PERCENT DISCREPANCY =          -0.00     PERCENT DISCREPANCY =          -0.00




         TIME SUMMARY AT END OF TIME STEP    1 IN STRESS PERIOD    1
                    SECONDS     MINUTES      HOURS       DAYS        YEARS
                    -----------------------------------------------------------
   TIME STEP LENGTH  86400.      1440.0      24.000      1.0000     2.73785E-03
 STRESS PERIOD TIME  86400.      1440.0      24.000      1.0000     2.73785E-03
         TOTAL TIME  86400.      1440.0      24.000      1.0000     2.73785E-03


end timestep


start timestep kper="2" kstp="1" mode="normal"


 END OF FILE DETECTED IN OUTPUT CONTROL.
 CURRENT OUTPUT CONTROL SETTINGS WILL BE 
 REPEATED UNTIL THE END OF THE SIMULATION.

 OUTPUT CONTROL FOR STRESS PERIOD 2 IS REPEATED USING SETTINGS FROM A PREVIOUS STRESS PERIOD.


 PROCESSING STORAGE PERIOD DATA
 END PROCESSING STORAGE PERIOD DATA


 STRESS PERIOD 2 IS TRANSIENT


  READING WATER MOVERS FOR PERIOD 2

 END OF DATA FOR PERIOD      2

    1 MOVERS READ FOR PERIOD 2

 SFR PACKAGE (SFR) DATA FOR PERIOD      2
 ---------------------------------------------------------------
   NUMBER   KEYWORD                  VALUE 1         VALUE 2    
 ---------------------------------------------------------------
     1      INFLOW                    0.005                     
 ---------------------------------------------------------------


 UBDSV1 SAVING           STO-SS ON UNIT   1032 AT TIME STEP      1, STRESS PERIOD      2
 UBDSV1 SAVING           STO-SY ON UNIT   1032 AT TIME STEP      1, STRESS PERIOD      2
 UBDSV1 SAVING     FLOW-JA-FACE ON UNIT   1032 AT TIME STEP      1, STRESS PERIOD      2
 UBDSV06 SAVING         DATA-SAT IN MODEL REFINED_E2E      PACKAGE NPF             CONNECTED TO MODEL REFINED_E2E      PACKAGE NPF              ON UNIT   1032 AT TIME STEP      1, STRESS PERIOD      2
 UBDSV06 SAVING              DRN IN MODEL REFINED_E2E      PACKAGE REFINED_E2E     CONNECTED TO MODEL REFINED_E2E      PACKAGE DRN              ON UNIT   1032 AT TIME STEP      1, STRESS PERIOD      2
 UBDSV06 SAVING              GHB IN MODEL REFINED_E2E      PACKAGE REFINED_E2E     CONNECTED TO MODEL REFINED_E2E      PACKAGE GHB              ON UNIT   1032 AT TIME STEP      1, STRESS PERIOD      2
 UBDSV06 SAVING              RCH IN MODEL REFINED_E2E      PACKAGE REFINED_E2E     CONNECTED TO MODEL REFINED_E2E      PACKAGE RCH              ON UNIT   1032 AT TIME STEP      1, STRESS PERIOD      2
 UBDSV06 SAVING              CHD IN MODEL REFINED_E2E      PACKAGE REFINED_E2E     CONNECTED TO MODEL REFINED_E2E      PACKAGE CHD              ON UNIT   1032 AT TIME STEP      1, STRESS PERIOD      2
 UBDSV06 SAVING              SFR IN MODEL REFINED_E2E      PACKAGE REFINED_E2E     CONNECTED TO MODEL REFINED_E2E      PACKAGE SFR              ON UNIT   1032 AT TIME STEP      1, STRESS PERIOD      2
 UBDSV06 SAVING              LAK IN MODEL REFINED_E2E      PACKAGE REFINED_E2E     CONNECTED TO MODEL REFINED_E2E      PACKAGE LAK              ON UNIT   1032 AT TIME STEP      1, STRESS PERIOD      2
 UBDSV06 SAVING        UZF-GWRCH IN MODEL REFINED_E2E      PACKAGE REFINED_E2E     CONNECTED TO MODEL REFINED_E2E      PACKAGE UZF              ON UNIT   1032 AT TIME STEP      1, STRESS PERIOD      2
 UBDSV06 SAVING     FLOW-JA-FACE IN MODEL REFINED_E2E      PACKAGE SFR             CONNECTED TO MODEL REFINED_E2E      PACKAGE SFR              ON UNIT   1021 AT TIME STEP      1, STRESS PERIOD      2
 UBDSV06 SAVING              GWF IN MODEL REFINED_E2E      PACKAGE SFR             CONNECTED TO MODEL REFINED_E2E      PACKAGE REFINED_E2E      ON UNIT   1021 AT TIME STEP      1, STRESS PERIOD      2
 UBDSV06 SAVING         RAINFALL IN MODEL REFINED_E2E      PACKAGE SFR             CONNECTED TO MODEL REFINED_E2E      PACKAGE SFR              ON UNIT   1021 AT TIME STEP      1, STRESS PERIOD      2
 UBDSV06 SAVING      EVAPORATION IN MODEL REFINED_E2E      PACKAGE SFR             CONNECTED TO MODEL REFINED_E2E      PACKAGE SFR              ON UNIT   1021 AT TIME STEP      1, STRESS PERIOD      2
 UBDSV06 SAVING           RUNOFF IN MODEL REFINED_E2E      PACKAGE SFR             CONNECTED TO MODEL REFINED_E2E      PACKAGE SFR              ON UNIT   1021 AT TIME STEP      1, STRESS PERIOD      2
 UBDSV06 SAVING       EXT-INFLOW IN MODEL REFINED_E2E      PACKAGE SFR             CONNECTED TO MODEL REFINED_E2E      PACKAGE SFR              ON UNIT   1021 AT TIME STEP      1, STRESS PERIOD      2
 UBDSV06 SAVING      EXT-OUTFLOW IN MODEL REFINED_E2E      PACKAGE SFR             CONNECTED TO MODEL REFINED_E2E      PACKAGE SFR              ON UNIT   1021 AT TIME STEP      1, STRESS PERIOD      2
 UBDSV06 SAVING          STORAGE IN MODEL REFINED_E2E      PACKAGE SFR             CONNECTED TO MODEL REFINED_E2E      PACKAGE SFR              ON UNIT   1021 AT TIME STEP      1, STRESS PERIOD      2
 UBDSV06 SAVING         FROM-MVR IN MODEL REFINED_E2E      PACKAGE SFR             CONNECTED TO MODEL REFINED_E2E      PACKAGE SFR              ON UNIT   1021 AT TIME STEP      1, STRESS PERIOD      2
 UBDSV06 SAVING           TO-MVR IN MODEL REFINED_E2E      PACKAGE SFR             CONNECTED TO MODEL REFINED_E2E      PACKAGE SFR              ON UNIT   1021 AT TIME STEP      1, STRESS PERIOD      2
 UBDSV06 SAVING              GWF IN MODEL REFINED_E2E      PACKAGE LAK             CONNECTED TO MODEL REFINED_E2E      PACKAGE REFINED_E2E      ON UNIT   1023 AT TIME STEP      1, STRESS PERIOD      2
 UBDSV06 SAVING         RAINFALL IN MODEL REFINED_E2E      PACKAGE LAK             CONNECTED TO MODEL REFINED_E2E      PACKAGE LAK              ON UNIT   1023 AT TIME STEP      1, STRESS PERIOD      2
 UBDSV06 SAVING      EVAPORATION IN MODEL REFINED_E2E      PACKAGE LAK             CONNECTED TO MODEL REFINED_E2E      PACKAGE LAK              ON UNIT   1023 AT TIME STEP      1, STRESS PERIOD      2
 UBDSV06 SAVING           RUNOFF IN MODEL REFINED_E2E      PACKAGE LAK             CONNECTED TO MODEL REFINED_E2E      PACKAGE LAK              ON UNIT   1023 AT TIME STEP      1, STRESS PERIOD      2
 UBDSV06 SAVING       EXT-INFLOW IN MODEL REFINED_E2E      PACKAGE LAK             CONNECTED TO MODEL REFINED_E2E      PACKAGE LAK              ON UNIT   1023 AT TIME STEP      1, STRESS PERIOD      2
 UBDSV06 SAVING       WITHDRAWAL IN MODEL REFINED_E2E      PACKAGE LAK             CONNECTED TO MODEL REFINED_E2E      PACKAGE LAK              ON UNIT   1023 AT TIME STEP      1, STRESS PERIOD      2
 UBDSV06 SAVING      EXT-OUTFLOW IN MODEL REFINED_E2E      PACKAGE LAK             CONNECTED TO MODEL REFINED_E2E      PACKAGE LAK              ON UNIT   1023 AT TIME STEP      1, STRESS PERIOD      2
 UBDSV06 SAVING          STORAGE IN MODEL REFINED_E2E      PACKAGE LAK             CONNECTED TO MODEL REFINED_E2E      PACKAGE LAK              ON UNIT   1023 AT TIME STEP      1, STRESS PERIOD      2
 UBDSV06 SAVING         CONSTANT IN MODEL REFINED_E2E      PACKAGE LAK             CONNECTED TO MODEL REFINED_E2E      PACKAGE LAK              ON UNIT   1023 AT TIME STEP      1, STRESS PERIOD      2
 UBDSV06 SAVING         FROM-MVR IN MODEL REFINED_E2E      PACKAGE LAK             CONNECTED TO MODEL REFINED_E2E      PACKAGE LAK              ON UNIT   1023 AT TIME STEP      1, STRESS PERIOD      2
 UBDSV06 SAVING           TO-MVR IN MODEL REFINED_E2E      PACKAGE LAK             CONNECTED TO MODEL REFINED_E2E      PACKAGE LAK              ON UNIT   1023 AT TIME STEP      1, STRESS PERIOD      2
 UBDSV06 SAVING              GWF IN MODEL REFINED_E2E      PACKAGE UZF             CONNECTED TO MODEL REFINED_E2E      PACKAGE REFINED_E2E      ON UNIT   1026 AT TIME STEP      1, STRESS PERIOD      2
 UBDSV06 SAVING     INFILTRATION IN MODEL REFINED_E2E      PACKAGE UZF             CONNECTED TO MODEL REFINED_E2E      PACKAGE UZF              ON UNIT   1026 AT TIME STEP      1, STRESS PERIOD      2
 UBDSV06 SAVING          REJ-INF IN MODEL REFINED_E2E      PACKAGE UZF             CONNECTED TO MODEL REFINED_E2E      PACKAGE UZF              ON UNIT   1026 AT TIME STEP      1, STRESS PERIOD      2
 UBDSV06 SAVING          STORAGE IN MODEL REFINED_E2E      PACKAGE UZF             CONNECTED TO MODEL REFINED_E2E      PACKAGE UZF              ON UNIT   1026 AT TIME STEP      1, STRESS PERIOD      2
 UBDSV06 SAVING       MOVER-FLOW IN MODEL REFINED_E2E      PACKAGE SFR             CONNECTED TO MODEL REFINED_E2E      PACKAGE SFR              ON UNIT   1029 AT TIME STEP      1, STRESS PERIOD      2
 UBDSV06 SAVING       MOVER-FLOW IN MODEL REFINED_E2E      PACKAGE SFR             CONNECTED TO MODEL REFINED_E2E      PACKAGE LAK              ON UNIT   1029 AT TIME STEP      1, STRESS PERIOD      2
 UBDSV06 SAVING       MOVER-FLOW IN MODEL REFINED_E2E      PACKAGE LAK             CONNECTED TO MODEL REFINED_E2E      PACKAGE SFR              ON UNIT   1029 AT TIME STEP      1, STRESS PERIOD      2
 UBDSV06 SAVING       MOVER-FLOW IN MODEL REFINED_E2E      PACKAGE LAK             CONNECTED TO MODEL REFINED_E2E      PACKAGE LAK              ON UNIT   1029 AT TIME STEP      1, STRESS PERIOD      2

 SFR PACKAGE (SFR) FLOW RATES   PERIOD      2   STEP        1
 -----------------------------------------------
   NUMBER   CELLID                    RATE      
 -----------------------------------------------
     1      (1,4363)              5.00000000E-03
     2      (1,4330)              0.0000000     
     3      (1,1179)              0.0000000     
     4      (1,1074)              0.0000000     
     5      (1,843)               0.0000000     
     6      (1,2756)              0.0000000     
     7      (1,1084)              0.0000000     
     8      (1,1182)              0.0000000     
     9      (1,4596)              0.0000000     
     10     (1,4606)              0.0000000     
     11     (1,4697)              0.0000000     
     12     (1,1660)              0.0000000     
     13     (1,1630)              0.0000000     
     14     (1,1548)              0.0000000     
     15     (1,1479)              0.0000000     
     16     (1,1031)              0.0000000     
     17     (1,1128)              0.0000000     
     18     (1,284)               0.0000000     
     19     (1,966)               0.0000000     
     20     (1,985)               0.0000000     
     21     (1,4252)              0.0000000     
     22     (1,862)               0.0000000     
     23     (1,845)               0.0000000     
     24     (1,1389)              0.0000000     
     25     (1,1171)              0.0000000     
     26     (1,1350)              0.0000000     
     27     (1,1590)              0.0000000     
     28     (1,1643)              0.0000000     
     29     (1,157)               0.0000000     
     30     (1,1596)              0.0000000     
     31     (1,1404)              0.0000000     
     32     (1,4539)              0.0000000     
     33     (1,1046)              0.0000000     
     34     (1,4222)              0.0000000     
     35     (1,816)               0.0000000     
     36     (1,4173)              0.0000000     
     37     (1,660)               0.0000000     
     38     (1,1016)              0.0000000     
     39     (1,56)                0.0000000     
     40     (1,4092)              0.0000000     
     41     (1,4120)              0.0000000     
     42     (1,706)               0.0000000     
     43     (1,4093)              0.0000000     
     44     (1,839)               0.0000000     
     45     (1,4176)              0.0000000     
     46     (1,4332)              0.0000000     
     47     (1,1059)              0.0000000     
     48     (1,4405)              0.0000000     
     49     (1,1253)              0.0000000     
     50     (1,4445)              0.0000000     
     51     (1,1130)              0.0000000     
     52     (1,4246)              0.0000000     
     53     (1,1038)              0.0000000     
     54     (1,4006)              0.0000000     
     55     (1,4247)              0.0000000     
     56     (1,4007)              0.0000000     
     57     (1,679)               0.0000000     
     58     (1,1014)              0.0000000     
     59     (1,2644)              0.0000000     
     60     (1,66)                0.0000000     
     61     (1,965)               0.0000000     
     62     (1,1008)              0.0000000     
     63     (1,1281)             -1.71907279E-02
     64     (1,1195)             -0.29507358    
     65     (1,1175)             -0.41657065    
     66     (1,741)              -0.51004300    
     67     (1,1236)             -1.1294534     
     68     (1,2760)             -1.1199577     
     69     (1,2942)             -0.95283884    
     70     (1,959)              -0.96283448    
     71     (1,918)              -1.1674124     
     72     (1,2937)             -0.93499415    
     73     (1,2762)             -0.83860652    
     74     (1,1085)             -2.1186209     
     75     (1,1218)             -2.3605908     
     76     (1,925)              -3.1955624     
     77     (1,1126)             -3.1345175     
     78     (1,1159)             -3.4827678     
     79     (1,1348)             -6.8544108     
     80     (1,1501)             -10.942249     
     81     (1,171)              -9.3945419     
     82     (1,172)              -11.750060     
     83     (1,1635)             -15.359130     
     84     (1,1566)             -14.992902     
     85     (1,1375)             -13.009010     
     86     (1,1309)             -7.8768913     
     87     (1,1271)             -8.9027016     
     88     (1,83)               -7.7714037     
     89     (1,2685)             -6.2813352     
     90     (1,4253)             -4.3779417     
     91     (1,788)              -5.8500794     
     92     (1,4322)             -7.5078968     
     93     (1,812)              -2.0184095     
     94     (1,1152)             -11.301461     
     95     (1,2660)             -7.5629660     
     96     (1,1153)             -2.8788527     
     97     (1,1058)             -9.0201022     
     98     (1,886)              -9.5219859     
     99     (1,4277)             -4.2974204     
    100     (1,1062)             -8.2027670     
    101     (1,2768)             -12.954899     
    102     (1,1099)             -9.1774598     
    103     (1,1335)             -13.312647     
    104     (1,1387)             -20.023798     
    105     (1,1186)             -0.51017525    
    106     (1,1199)             -16.904732     
    107     (1,4400)             -11.541827     
    108     (1,1239)             -6.6074718     
    109     (1,4195)             -4.6681109     
    110     (1,1290)             -12.774582     
    111     (1,850)              -12.447797     
    112     (1,4174)             -2.5772321     
    113     (1,681)              -9.2736661     
    114     (1,567)              -7.3332920     
    115     (1,505)              -4.4293279     
    116     (1,3775)             -1.0133521     
    117     (1,468)              -0.15614902    
    118     (1,25)               -2.9188156     
    119     (1,2582)             -2.7042477     
    120     (1,3063)             -1.8449381     
    121     (1,465)              -1.3407009     
    122     (1,473)              -4.2845218     
    123     (1,3819)             -0.13958809    
    124     (1,520)              -5.7334719     
    125     (1,707)              -7.7505653     
    126     (1,810)              -11.199895     
    127     (1,2629)             -0.74301773    
    128     (1,904)              -10.161710     
    129     (1,27)               -3.6351824     
    130     (1,1164)             -13.107864     
    131     (1,28)               -22.302495     
    132     (1,29)               -17.167201     
    133     (1,1013)             -13.143816     
    134     (1,840)              -8.5875068     
    135     (1,4085)             -9.1647924     
    136     (1,762)              -13.438870     
    137     (1,1061)             -20.041350     
    138     (1,1315)             -6.9757009     
    139     (1,1092)             -7.4447989     
    140     (1,1377)             -23.469769     
    141     (1,1385)             -14.203672     
    142     (1,1442)             -39.663367     
    143     (1,1531)             -55.565289     
    144     (1,1589)             -53.803431     
    145     (1,4373)             -8.0184310     
    146     (1,1329)             -31.002264     
    147     (1,4269)             -10.337548     
    148     (1,4541)             -8.3106691     
    149     (1,1048)             -24.526222     
    150     (1,1009)             -22.620948     
    151     (1,2803)             -8.6697012     
    152     (1,2866)             -27.207963     
    153     (1,2611)             -25.964906     
    154     (1,2804)             -17.288020     
    155     (1,742)              -12.716581     
    156     (1,1226)             -24.281722     
    157     (1,4499)             -27.057290     
    158     (1,4498)             -4.4841028     
    159     (1,1277)             -29.087038     
    160     (1,4589)             -35.331907     
    161     (1,4624)             -75.627866     
    162     (1,193)              -15.401538     
    163     (1,204)              -46.793306     
    164     (1,194)              -46.125437     
    165     (1,203)              -48.476582     
    166     (1,195)              -48.063018     
    167     (1,202)              -50.628607     
    168     (1,196)              -49.880515     
    169     (1,201)              -52.668307     
    170     (1,197)              -51.851766     
    171     (1,200)              -46.184123     
    172     (1,199)              -33.555836     
 -----------------------------------------------




 SFR PACKAGE - SUMMARY OF FLOWS FOR EACH CONTROL VOLUME   PERIOD      2   STEP        1
 --------------------------------------------------------------------------------------------------------------------------------------------------------------------------------------------------------
                                                                                                                                                                                               PERCENT   
   NUMBER   CELLID                  INFLOW      OUTFLOW        GWF        RAINFALL   EVAPORATION     RUNOFF     EXT INFLOW  EXT OUTFLOW    STORAGE      FROM MVR      TO MVR      IN - OUT    DIFFERENCE 
 --------------------------------------------------------------------------------------------------------------------------------------------------------------------------------------------------------
     1      (1,4363)              0.0000       0.0000      -5.00000E-03  0.0000       0.0000       0.0000       5.00000E-03  0.0000       0.0000       0.0000       0.0000       0.0000       0.0000     
     2      (1,4330)              0.0000       0.0000       0.0000       0.0000       0.0000       0.0000       0.0000       0.0000       0.0000       0.0000       0.0000       0.0000       0.0000     
     3      (1,1179)              0.0000       0.0000       0.0000       0.0000       0.0000       0.0000       0.0000       0.0000       0.0000       0.0000       0.0000       0.0000       0.0000     
     4      (1,1074)              0.0000       0.0000       0.0000       0.0000       0.0000       0.0000       0.0000       0.0000       0.0000       0.0000       0.0000       0.0000       0.0000     
     5      (1,843)               0.0000       0.0000       0.0000       0.0000       0.0000       0.0000       0.0000       0.0000       0.0000       0.0000       0.0000       0.0000       0.0000     
     6      (1,2756)              0.0000       0.0000       0.0000       0.0000       0.0000       0.0000       0.0000       0.0000       0.0000       0.0000       0.0000       0.0000       0.0000     
     7      (1,1084)              0.0000       0.0000       0.0000       0.0000       0.0000       0.0000       0.0000       0.0000       0.0000       0.0000       0.0000       0.0000       0.0000     
     8      (1,1182)              0.0000       0.0000       0.0000       0.0000       0.0000       0.0000       0.0000       0.0000       0.0000       0.0000       0.0000       0.0000       0.0000     
     9      (1,4596)              0.0000       0.0000       0.0000       0.0000       0.0000       0.0000       0.0000       0.0000       0.0000       0.0000       0.0000       0.0000       0.0000     
     10     (1,4606)              0.0000       0.0000       0.0000       0.0000       0.0000       0.0000       0.0000       0.0000       0.0000       0.0000       0.0000       0.0000       0.0000     
     11     (1,4697)              0.0000       0.0000       0.0000       0.0000       0.0000       0.0000       0.0000       0.0000       0.0000       0.0000       0.0000       0.0000       0.0000     
     12     (1,1660)              0.0000       0.0000       0.0000       0.0000       0.0000       0.0000       0.0000       0.0000       0.0000       0.0000       0.0000       0.0000       0.0000     
     13     (1,1630)              0.0000       0.0000       0.0000       0.0000       0.0000       0.0000       0.0000       0.0000       0.0000       0.0000       0.0000       0.0000       0.0000     
     14     (1,1548)              0.0000       0.0000       0.0000       0.0000       0.0000       0.0000       0.0000       0.0000       0.0000       0.0000       0.0000       0.0000       0.0000     
     15     (1,1479)              0.0000       0.0000       0.0000       0.0000       0.0000       0.0000       0.0000       0.0000       0.0000       0.0000       0.0000       0.0000       0.0000     
     16     (1,1031)              0.0000       0.0000       0.0000       0.0000       0.0000       0.0000       0.0000       0.0000       0.0000       0.0000       0.0000       0.0000       0.0000     
     17     (1,1128)              0.0000       0.0000       0.0000       0.0000       0.0000       0.0000       0.0000       0.0000       0.0000       0.0000       0.0000       0.0000       0.0000     
     18     (1,284)               0.0000       0.0000       0.0000       0.0000       0.0000       0.0000       0.0000       0.0000       0.0000       0.0000       0.0000       0.0000       0.0000     
     19     (1,966)               0.0000       0.0000       0.0000       0.0000       0.0000       0.0000       0.0000       0.0000       0.0000       0.0000       0.0000       0.0000       0.0000     
     20     (1,985)               0.0000       0.0000       0.0000       0.0000       0.0000       0.0000       0.0000       0.0000       0.0000       0.0000       0.0000       0.0000       0.0000     
     21     (1,4252)              0.0000       0.0000       0.0000       0.0000       0.0000       0.0000       0.0000       0.0000       0.0000       0.0000       0.0000       0.0000       0.0000     
     22     (1,862)               0.0000       0.0000       0.0000       0.0000       0.0000       0.0000       0.0000       0.0000       0.0000       0.0000       0.0000       0.0000       0.0000     
     23     (1,845)               0.0000       0.0000       0.0000       0.0000       0.0000       0.0000       0.0000       0.0000       0.0000       0.0000       0.0000       0.0000       0.0000     
     24     (1,1389)              0.0000       0.0000       0.0000       0.0000       0.0000       0.0000       0.0000       0.0000       0.0000       0.0000       0.0000       0.0000       0.0000     
     25     (1,1171)              0.0000       0.0000       0.0000       0.0000       0.0000       0.0000       0.0000       0.0000       0.0000       0.0000       0.0000       0.0000       0.0000     
     26     (1,1350)              0.0000       0.0000       0.0000       0.0000       0.0000       0.0000       0.0000       0.0000       0.0000       0.0000       0.0000       0.0000       0.0000     
     27     (1,1590)              0.0000       0.0000       0.0000       0.0000       0.0000       0.0000       0.0000       0.0000       0.0000       0.0000       0.0000       0.0000       0.0000     
     28     (1,1643)              0.0000       0.0000       0.0000       0.0000       0.0000       0.0000       0.0000       0.0000       0.0000       0.0000       0.0000       0.0000       0.0000     
     29     (1,157)               0.0000       0.0000       0.0000       0.0000       0.0000       0.0000       0.0000       0.0000       0.0000       0.0000       0.0000       0.0000       0.0000     
     30     (1,1596)              0.0000       0.0000       0.0000       0.0000       0.0000       0.0000       0.0000       0.0000       0.0000       0.0000       0.0000       0.0000       0.0000     
     31     (1,1404)              0.0000       0.0000       0.0000       0.0000       0.0000       0.0000       0.0000       0.0000       0.0000       0.0000       0.0000       0.0000       0.0000     
     32     (1,4539)              0.0000       0.0000       0.0000       0.0000       0.0000       0.0000       0.0000       0.0000       0.0000       0.0000       0.0000       0.0000       0.0000     
     33     (1,1046)              0.0000       0.0000       0.0000       0.0000       0.0000       0.0000       0.0000       0.0000       0.0000       0.0000       0.0000       0.0000       0.0000     
     34     (1,4222)              0.0000       0.0000       0.0000       0.0000       0.0000       0.0000       0.0000       0.0000       0.0000       0.0000       0.0000       0.0000       0.0000     
     35     (1,816)               0.0000       0.0000       0.0000       0.0000       0.0000       0.0000       0.0000       0.0000       0.0000       0.0000       0.0000       0.0000       0.0000     
     36     (1,4173)              0.0000       0.0000       0.0000       0.0000       0.0000       0.0000       0.0000       0.0000       0.0000       0.0000       0.0000       0.0000       0.0000     
     37     (1,660)               0.0000       0.0000       0.0000       0.0000       0.0000       0.0000       0.0000       0.0000       0.0000       0.0000       0.0000       0.0000       0.0000     
     38     (1,1016)              0.0000       0.0000       0.0000       0.0000       0.0000       0.0000       0.0000       0.0000       0.0000       0.0000       0.0000       0.0000       0.0000     
     39     (1,56)                0.0000       0.0000       0.0000       0.0000       0.0000       0.0000       0.0000       0.0000       0.0000       0.0000       0.0000       0.0000       0.0000     
     40     (1,4092)              0.0000       0.0000       0.0000       0.0000       0.0000       0.0000       0.0000       0.0000       0.0000       0.0000       0.0000       0.0000       0.0000     
     41     (1,4120)              0.0000       0.0000       0.0000       0.0000       0.0000       0.0000       0.0000       0.0000       0.0000       0.0000       0.0000       0.0000       0.0000     
     42     (1,706)               0.0000       0.0000       0.0000       0.0000       0.0000       0.0000       0.0000       0.0000       0.0000       0.0000       0.0000       0.0000       0.0000     
     43     (1,4093)              0.0000       0.0000       0.0000       0.0000       0.0000       0.0000       0.0000       0.0000       0.0000       0.0000       0.0000       0.0000       0.0000     
     44     (1,839)               0.0000       0.0000       0.0000       0.0000       0.0000       0.0000       0.0000       0.0000       0.0000       0.0000       0.0000       0.0000       0.0000     
     45     (1,4176)              0.0000       0.0000       0.0000       0.0000       0.0000       0.0000       0.0000       0.0000       0.0000       0.0000       0.0000       0.0000       0.0000     
     46     (1,4332)              0.0000       0.0000       0.0000       0.0000       0.0000       0.0000       0.0000       0.0000       0.0000       0.0000       0.0000       0.0000       0.0000     
     47     (1,1059)              0.0000       0.0000       0.0000       0.0000       0.0000       0.0000       0.0000       0.0000       0.0000       0.0000       0.0000       0.0000       0.0000     
     48     (1,4405)              0.0000       0.0000       0.0000       0.0000       0.0000       0.0000       0.0000       0.0000       0.0000       0.0000       0.0000       0.0000       0.0000     
     49     (1,1253)              0.0000       0.0000       0.0000       0.0000       0.0000       0.0000       0.0000       0.0000       0.0000       0.0000       0.0000       0.0000       0.0000     
     50     (1,4445)              0.0000       0.0000       0.0000       0.0000       0.0000       0.0000       0.0000       0.0000       0.0000       0.0000       0.0000       0.0000       0.0000     
     51     (1,1130)              0.0000       0.0000       0.0000       0.0000       0.0000       0.0000       0.0000       0.0000       0.0000       0.0000       0.0000       0.0000       0.0000     
     52     (1,4246)              0.0000       0.0000       0.0000       0.0000       0.0000       0.0000       0.0000       0.0000       0.0000       0.0000       0.0000       0.0000       0.0000     
     53     (1,1038)              0.0000       0.0000       0.0000       0.0000       0.0000       0.0000       0.0000       0.0000       0.0000       0.0000       0.0000       0.0000       0.0000     
     54     (1,4006)              0.0000       0.0000       0.0000       0.0000       0.0000       0.0000       0.0000       0.0000       0.0000       0.0000       0.0000       0.0000       0.0000     
     55     (1,4247)              0.0000       0.0000       0.0000       0.0000       0.0000       0.0000       0.0000       0.0000       0.0000       0.0000       0.0000       0.0000       0.0000     
     56     (1,4007)              0.0000       0.0000       0.0000       0.0000       0.0000       0.0000       0.0000       0.0000       0.0000       0.0000       0.0000       0.0000       0.0000     
     57     (1,679)               0.0000       0.0000       0.0000       0.0000       0.0000       0.0000       0.0000       0.0000       0.0000       0.0000       0.0000       0.0000       0.0000     
     58     (1,1014)              0.0000       0.0000       0.0000       0.0000       0.0000       0.0000       0.0000       0.0000       0.0000       0.0000       0.0000       0.0000       0.0000     
     59     (1,2644)              0.0000       0.0000       0.0000       0.0000       0.0000       0.0000       0.0000       0.0000       0.0000       0.0000       0.0000       0.0000       0.0000     
     60     (1,66)                0.0000       0.0000       0.0000       0.0000       0.0000       0.0000       0.0000       0.0000       0.0000       0.0000       0.0000       0.0000       0.0000     
     61     (1,965)               0.0000       0.0000       0.0000       0.0000       0.0000       0.0000       0.0000       0.0000       0.0000       0.0000       0.0000       0.0000       0.0000     
     62     (1,1008)              0.0000       0.0000       0.0000       0.0000       0.0000       0.0000       0.0000       0.0000       0.0000       0.0000       0.0000       0.0000       0.0000     
     63     (1,1281)              0.0000      -1.71855E-02  1.71855E-02  0.0000       0.0000       0.0000       0.0000       0.0000       0.0000       0.0000       0.0000       0.0000       0.0000     
     64     (1,1195)              1.71855E-02 -0.31225      0.29507      0.0000       0.0000       0.0000       0.0000       0.0000       0.0000       0.0000       0.0000       0.0000       0.0000     
     65     (1,1175)              0.31225     -0.72882      0.41657      0.0000       0.0000       0.0000       0.0000       0.0000       0.0000       0.0000       0.0000       0.0000       0.0000     
     66     (1,741)               0.72882     -1.2389       0.51004      0.0000       0.0000       0.0000       0.0000       0.0000       0.0000       0.0000       0.0000       0.0000       0.0000     
     67     (1,1236)              1.2389      -2.3683       1.1294       0.0000       0.0000       0.0000       0.0000       0.0000       0.0000       0.0000       0.0000       0.0000       0.0000     
     68     (1,2760)              2.3683      -3.4883       1.1200       0.0000       0.0000       0.0000       0.0000       0.0000       0.0000       0.0000       0.0000       0.0000       0.0000     
     69     (1,2942)              3.4883      -4.4411       0.95284      0.0000       0.0000       0.0000       0.0000       0.0000       0.0000       0.0000       0.0000       0.0000       0.0000     
     70     (1,959)               4.4411      -5.4039       0.96283      0.0000       0.0000       0.0000       0.0000       0.0000       0.0000       0.0000       0.0000       0.0000       0.0000     
     71     (1,918)               5.4039      -6.5713       1.1674       0.0000       0.0000       0.0000       0.0000       0.0000       0.0000       0.0000       0.0000       0.0000       0.0000     
     72     (1,2937)              6.5713      -7.5063       0.93499      0.0000       0.0000       0.0000       0.0000       0.0000       0.0000       0.0000       0.0000       0.0000       0.0000     
     73     (1,2762)              7.5063      -8.3449       0.83861      0.0000       0.0000       0.0000       0.0000       0.0000       0.0000       0.0000       0.0000       0.0000       0.0000     
     74     (1,1085)              8.3449      -10.464       2.1186       0.0000       0.0000       0.0000       0.0000       0.0000       0.0000       0.0000       0.0000       0.0000       0.0000     
     75     (1,1218)              10.464      -12.824       2.3606       0.0000       0.0000       0.0000       0.0000       0.0000       0.0000       0.0000       0.0000       0.0000       0.0000     
     76     (1,925)               12.824      -16.020       3.1956       0.0000       0.0000       0.0000       0.0000       0.0000       0.0000       0.0000       0.0000       0.0000       0.0000     
     77     (1,1126)              16.020      -19.154       3.1345       0.0000       0.0000       0.0000       0.0000       0.0000       0.0000       0.0000       0.0000       0.0000       0.0000     
     78     (1,1159)              19.154      -22.637       3.4828       0.0000       0.0000       0.0000       0.0000       0.0000       0.0000       0.0000       0.0000       0.0000       0.0000     
     79     (1,1348)              22.637      -29.491       6.8544       0.0000       0.0000       0.0000       0.0000       0.0000       0.0000       0.0000       0.0000       0.0000       0.0000     
     80     (1,1501)              29.491      -40.434       10.942       0.0000       0.0000       0.0000       0.0000       0.0000       0.0000       0.0000       0.0000       0.0000       0.0000     
     81     (1,171)               40.434      -49.828       9.3945       0.0000       0.0000       0.0000       0.0000       0.0000       0.0000       0.0000       0.0000       0.0000       0.0000     
     82     (1,172)               49.828      -61.578       11.750       0.0000       0.0000       0.0000       0.0000       0.0000       0.0000       0.0000       0.0000       0.0000       0.0000     
     83     (1,1635)              61.578      -76.937       15.359       0.0000       0.0000       0.0000       0.0000       0.0000       0.0000       0.0000       0.0000       0.0000       0.0000     
     84     (1,1566)              76.937      -91.930       14.993       0.0000       0.0000       0.0000       0.0000       0.0000       0.0000       0.0000       0.0000       0.0000       0.0000     
     85     (1,1375)              91.930      -104.94       13.009       0.0000       0.0000       0.0000       0.0000       0.0000       0.0000       0.0000       0.0000       0.0000       0.0000     
     86     (1,1309)              104.94      -112.82       7.8769       0.0000       0.0000       0.0000       0.0000       0.0000       0.0000       0.0000       0.0000       0.0000       0.0000     
     87     (1,1271)              112.82      -121.72       8.9027       0.0000       0.0000       0.0000       0.0000       0.0000       0.0000       0.0000       0.0000       0.0000       0.0000     
     88     (1,83)                121.72      -129.49       7.7714       0.0000       0.0000       0.0000       0.0000       0.0000       0.0000       0.0000       0.0000       0.0000       0.0000     
     89     (1,2685)              129.49      -135.77       6.2813       0.0000       0.0000       0.0000       0.0000       0.0000       0.0000       0.0000       0.0000       0.0000       0.0000     
     90     (1,4253)              135.77      -140.15       4.3779       0.0000       0.0000       0.0000       0.0000       0.0000       0.0000       0.0000       0.0000       0.0000       0.0000     
     91     (1,788)               140.15      -146.00       5.8501       0.0000       0.0000       0.0000       0.0000       0.0000       0.0000       0.0000       0.0000       0.0000       0.0000     
     92     (1,4322)              146.00      -153.51       7.5079       0.0000       0.0000       0.0000       0.0000       0.0000       0.0000       0.0000       0.0000       0.0000       0.0000     
     93     (1,812)               153.51      -155.53       2.0184       0.0000       0.0000       0.0000       0.0000       0.0000       0.0000       0.0000       0.0000       0.0000       0.0000     
     94     (1,1152)              155.53      -166.83       11.301       0.0000       0.0000       0.0000       0.0000       0.0000       0.0000       0.0000       0.0000       0.0000       0.0000     
     95     (1,2660)              166.83      -174.39       7.5630       0.0000       0.0000       0.0000       0.0000       0.0000       0.0000       0.0000       0.0000       0.0000       0.0000     
     96     (1,1153)              174.39      -177.27       2.8789       0.0000       0.0000       0.0000       0.0000       0.0000       0.0000       0.0000       0.0000       0.0000       0.0000     
     97     (1,1058)              177.27      -186.29       9.0201       0.0000       0.0000       0.0000       0.0000       0.0000       0.0000       0.0000       0.0000       0.0000       0.0000     
     98     (1,886)               186.29      -195.81       9.5220       0.0000       0.0000       0.0000       0.0000       0.0000       0.0000       0.0000       0.0000       0.0000       0.0000     
     99     (1,4277)              195.81      -200.11       4.2974       0.0000       0.0000       0.0000       0.0000       0.0000       0.0000       0.0000       0.0000       0.0000       0.0000     
    100     (1,1062)              200.11      -208.31       8.2028       0.0000       0.0000       0.0000       0.0000       0.0000       0.0000       0.0000       0.0000       0.0000       0.0000     
    101     (1,2768)              208.31      -221.27       12.955       0.0000       0.0000       0.0000       0.0000       0.0000       0.0000       0.0000       0.0000       0.0000       0.0000     
    102     (1,1099)              221.27      -230.44       9.1775       0.0000       0.0000       0.0000       0.0000       0.0000       0.0000       0.0000       0.0000       0.0000       0.0000     
    103     (1,1335)              230.44      -243.76       13.313       0.0000       0.0000       0.0000       0.0000       0.0000       0.0000       0.0000       0.0000       0.0000       0.0000     
    104     (1,1387)              243.76      -263.78       20.024       0.0000       0.0000       0.0000       0.0000       0.0000       0.0000       0.0000       0.0000       0.0000       0.0000     
    105     (1,1186)              263.78      -264.29       0.51018      0.0000       0.0000       0.0000       0.0000       0.0000       0.0000       0.0000       0.0000       0.0000       0.0000     
    106     (1,1199)              264.29      -281.20       16.905       0.0000       0.0000       0.0000       0.0000       0.0000       0.0000       0.0000       0.0000       0.0000       0.0000     
    107     (1,4400)              281.20      -292.74       11.542       0.0000       0.0000       0.0000       0.0000       0.0000       0.0000       0.0000       0.0000       0.0000       0.0000     
    108     (1,1239)              292.74      -299.34       6.6075       0.0000       0.0000       0.0000       0.0000       0.0000       0.0000       0.0000       0.0000       0.0000       0.0000     
    109     (1,4195)              299.34      -304.01       4.6681       0.0000       0.0000       0.0000       0.0000       0.0000       0.0000       0.0000       0.0000       0.0000       0.0000     
    110     (1,1290)              304.01      -316.79       12.775       0.0000       0.0000       0.0000       0.0000       0.0000       0.0000       0.0000       0.0000       0.0000       0.0000     
    111     (1,850)               316.79      -329.23       12.448       0.0000       0.0000       0.0000       0.0000       0.0000       0.0000       0.0000       0.0000       0.0000       0.0000     
    112     (1,4174)              329.23      -331.81       2.5772       0.0000       0.0000       0.0000       0.0000       0.0000       0.0000       0.0000       0.0000       0.0000       0.0000     
    113     (1,681)               331.81      -341.09       9.2737       0.0000       0.0000       0.0000       0.0000       0.0000       0.0000       0.0000       0.0000       0.0000       0.0000     
    114     (1,567)               341.09      -348.42       7.3333       0.0000       0.0000       0.0000       0.0000       0.0000       0.0000       0.0000       0.0000       0.0000       0.0000     
    115     (1,505)               348.42      -352.85       4.4293       0.0000       0.0000       0.0000       0.0000       0.0000       0.0000       0.0000       0.0000       0.0000       0.0000     
    116     (1,3775)              352.85      -353.86       1.0134       0.0000       0.0000       0.0000       0.0000       0.0000       0.0000       0.0000       0.0000       0.0000       0.0000     
    117     (1,468)               353.86      -354.02       0.15615      0.0000       0.0000       0.0000       0.0000       0.0000       0.0000       0.0000       0.0000       0.0000       0.0000     
    118     (1,25)                354.02      -356.94       2.9188       0.0000       0.0000       0.0000       0.0000       0.0000       0.0000       0.0000       0.0000       0.0000       0.0000     
    119     (1,2582)              356.94      -359.64       2.7042       0.0000       0.0000       0.0000       0.0000       0.0000       0.0000       0.0000       0.0000       0.0000       0.0000     
    120     (1,3063)              359.64      -361.49       1.8449       0.0000       0.0000       0.0000       0.0000       0.0000       0.0000       0.0000       0.0000       0.0000       0.0000     
    121     (1,465)               361.49      -362.83       1.3407       0.0000       0.0000       0.0000       0.0000       0.0000       0.0000       0.0000       0.0000       0.0000       0.0000     
    122     (1,473)               362.83      -367.11       4.2845       0.0000       0.0000       0.0000       0.0000       0.0000       0.0000       0.0000       0.0000       0.0000       0.0000     
    123     (1,3819)              367.11      -367.25       0.13959      0.0000       0.0000       0.0000       0.0000       0.0000       0.0000       0.0000       0.0000       0.0000       0.0000     
    124     (1,520)               367.25      -372.98       5.7335       0.0000       0.0000       0.0000       0.0000       0.0000       0.0000       0.0000       0.0000       0.0000       0.0000     
    125     (1,707)               372.98      -380.73       7.7506       0.0000       0.0000       0.0000       0.0000       0.0000       0.0000       0.0000       0.0000       0.0000       0.0000     
    126     (1,810)               380.73      -391.93       11.200       0.0000       0.0000       0.0000       0.0000       0.0000       0.0000       0.0000       0.0000       0.0000       0.0000     
    127     (1,2629)              391.93      -392.68       0.74302      0.0000       0.0000       0.0000       0.0000       0.0000       0.0000       0.0000       0.0000       0.0000       0.0000     
    128     (1,904)               392.68      -402.84       10.162       0.0000       0.0000       0.0000       0.0000       0.0000       0.0000       0.0000       0.0000       0.0000       0.0000     
    129     (1,27)                402.84      -406.47       3.6352       0.0000       0.0000       0.0000       0.0000       0.0000       0.0000       0.0000       0.0000       0.0000       0.0000     
    130     (1,1164)              406.47      -419.58       13.108       0.0000       0.0000       0.0000       0.0000       0.0000       0.0000       0.0000       0.0000       0.0000       0.0000     
    131     (1,28)                419.58      -441.89       22.302       0.0000       0.0000       0.0000       0.0000       0.0000       0.0000       0.0000       0.0000       0.0000       0.0000     
    132     (1,29)                441.89      -459.05       17.167       0.0000       0.0000       0.0000       0.0000       0.0000       0.0000       0.0000       0.0000       0.0000       0.0000     
    133     (1,1013)              459.05      -472.20       13.144       0.0000       0.0000       0.0000       0.0000       0.0000       0.0000       0.0000       0.0000       0.0000       0.0000     
    134     (1,840)               472.20      -480.78       8.5875       0.0000       0.0000       0.0000       0.0000       0.0000       0.0000       0.0000       0.0000       0.0000       0.0000     
    135     (1,4085)              480.78      -489.95       9.1648       0.0000       0.0000       0.0000       0.0000       0.0000       0.0000       0.0000       0.0000       0.0000       0.0000     
    136     (1,762)               489.95      -503.39       13.439       0.0000       0.0000       0.0000       0.0000       0.0000       0.0000       0.0000       0.0000       0.0000       0.0000     
    137     (1,1061)              503.39      -523.43       20.041       0.0000       0.0000       0.0000       0.0000       0.0000       0.0000       0.0000       0.0000       0.0000       0.0000     
    138     (1,1315)              523.43      -530.40       6.9757       0.0000       0.0000       0.0000       0.0000       0.0000       0.0000       0.0000       0.0000       0.0000       0.0000     
    139     (1,1092)              530.40      -537.85       7.4448       0.0000       0.0000       0.0000       0.0000       0.0000       0.0000       0.0000       0.0000       0.0000       0.0000     
    140     (1,1377)              537.85      -561.32       23.470       0.0000       0.0000       0.0000       0.0000       0.0000       0.0000       0.0000       0.0000       0.0000       0.0000     
    141     (1,1385)              561.32      -575.52       14.204       0.0000       0.0000       0.0000       0.0000       0.0000       0.0000       0.0000       0.0000       0.0000       0.0000     
    142     (1,1442)              575.52      -615.19       39.663       0.0000       0.0000       0.0000       0.0000       0.0000       0.0000       0.0000       0.0000       0.0000       0.0000     
    143     (1,1531)              615.19      -670.75       55.565       0.0000       0.0000       0.0000       0.0000       0.0000       0.0000       0.0000       0.0000       0.0000       0.0000     
    144     (1,1589)              670.75      -724.55       53.803       0.0000       0.0000       0.0000       0.0000       0.0000       0.0000       0.0000       0.0000       0.0000       0.0000     
    145     (1,4373)              724.55      -732.57       8.0184       0.0000       0.0000       0.0000       0.0000       0.0000       0.0000       0.0000       0.0000       0.0000       0.0000     
    146     (1,1329)              732.57      -763.58       31.002       0.0000       0.0000       0.0000       0.0000       0.0000       0.0000       0.0000       0.0000       0.0000       0.0000     
    147     (1,4269)              763.58      -773.91       10.338       0.0000       0.0000       0.0000       0.0000       0.0000       0.0000       0.0000       0.0000       0.0000       0.0000     
    148     (1,4541)              773.91      -782.22       8.3107       0.0000       0.0000       0.0000       0.0000       0.0000       0.0000       0.0000       0.0000       0.0000       0.0000     
    149     (1,1048)              782.22      -806.75       24.526       0.0000       0.0000       0.0000       0.0000       0.0000       0.0000       0.0000       0.0000       0.0000       0.0000     
    150     (1,1009)              806.75      -829.37       22.621       0.0000       0.0000       0.0000       0.0000       0.0000       0.0000       0.0000       0.0000       0.0000       0.0000     
    151     (1,2803)              829.37      -838.04       8.6697       0.0000       0.0000       0.0000       0.0000       0.0000       0.0000       0.0000       0.0000       0.0000       0.0000     
    152     (1,2866)              838.04      -865.25       27.208       0.0000       0.0000       0.0000       0.0000       0.0000       0.0000       0.0000       0.0000       0.0000       0.0000     
    153     (1,2611)              865.25      -891.21       25.965       0.0000       0.0000       0.0000       0.0000       0.0000       0.0000       0.0000       0.0000       0.0000       0.0000     
    154     (1,2804)              891.21      -908.50       17.288       0.0000       0.0000       0.0000       0.0000       0.0000       0.0000       0.0000       0.0000       0.0000       0.0000     
    155     (1,742)               908.50      -921.22       12.717       0.0000       0.0000       0.0000       0.0000       0.0000       0.0000       0.0000       0.0000       0.0000       0.0000     
    156     (1,1226)              921.22      -945.50       24.282       0.0000       0.0000       0.0000       0.0000       0.0000       0.0000       0.0000       0.0000       0.0000       0.0000     
    157     (1,4499)              945.50      -972.56       27.057       0.0000       0.0000       0.0000       0.0000       0.0000       0.0000       0.0000       0.0000       0.0000       0.0000     
    158     (1,4498)              972.56      -977.04       4.4841       0.0000       0.0000       0.0000       0.0000       0.0000       0.0000       0.0000       0.0000       0.0000       0.0000     
    159     (1,1277)              977.04      -1006.1       29.087       0.0000       0.0000       0.0000       0.0000       0.0000       0.0000       0.0000       0.0000       0.0000       0.0000     
    160     (1,4589)              1006.1      -1041.5       35.332       0.0000       0.0000       0.0000       0.0000       0.0000       0.0000       0.0000       0.0000       0.0000       0.0000     
    161     (1,4624)              1041.5      -1117.1       75.628       0.0000       0.0000       0.0000       0.0000       0.0000       0.0000       0.0000       0.0000       0.0000       0.0000     
    162     (1,193)               1117.1      -1132.5       15.402       0.0000       0.0000       0.0000       0.0000       0.0000       0.0000       0.0000       0.0000       0.0000       0.0000     
    163     (1,204)               1132.5      -1179.3       46.793       0.0000       0.0000       0.0000       0.0000       0.0000       0.0000       0.0000       0.0000       0.0000       0.0000     
    164     (1,194)               1179.3      -1225.4       46.125       0.0000       0.0000       0.0000       0.0000       0.0000       0.0000       0.0000       0.0000       0.0000       0.0000     
    165     (1,203)               1225.4      -1273.9       48.477       0.0000       0.0000       0.0000       0.0000       0.0000       0.0000       0.0000       0.0000       0.0000       0.0000     
    166     (1,195)               1273.9      -1321.9       48.063       0.0000       0.0000       0.0000       0.0000       0.0000       0.0000       0.0000       0.0000       0.0000       0.0000     
    167     (1,202)               1321.9      -1372.6       50.629       0.0000       0.0000       0.0000       0.0000       0.0000       0.0000       0.0000       0.0000       0.0000       0.0000     
    168     (1,196)               1372.6      -1422.5       49.881       0.0000       0.0000       0.0000       0.0000       0.0000       0.0000       0.0000       0.0000       0.0000       0.0000     
    169     (1,201)               1422.5      -1475.1       52.668       0.0000       0.0000       0.0000       0.0000       0.0000       0.0000       0.0000       0.0000       0.0000       0.0000     
    170     (1,197)               1475.1      -1527.0       51.852       0.0000       0.0000       0.0000       0.0000       0.0000       0.0000       0.0000       0.0000       0.0000       0.0000     
    171     (1,200)               1527.0      -1573.2       46.184       0.0000       0.0000       0.0000       0.0000       0.0000       0.0000       0.0000       0.0000       0.0000       0.0000     
    172     (1,199)               1573.2       0.0000       33.556       0.0000       0.0000       0.0000       0.0000      -1205.0       0.0000       0.0000      -401.68       0.0000       0.0000     
 --------------------------------------------------------------------------------------------------------------------------------------------------------------------------------------------------------



 LAK PACKAGE (LAK) STAGES FOR EACH CONTROL VOLUME   PERIOD      2   STEP        1
 --------------------------------------------------------------
   NUMBER      STAGE     SURFACE AREA WETTED AREA     VOLUME   
 --------------------------------------------------------------
     1       127.30       2.57629E+05  2.57629E+05  4.07424E+05
 --------------------------------------------------------------



 HEAD WILL BE SAVED ON UNIT 1033 AT END OF TIME STEP    1, STRESS PERIOD    2


  SFR BUDGET FOR ENTIRE MODEL AT END OF TIME STEP    1, STRESS PERIOD   2
  ------------------------------------------------------------------------------

     CUMULATIVE SFR      L**3       RATES FOR THIS TIME STEP      L**3/T
     ------------------                 ------------------------

           IN:                                      IN:
           ---                                      ---
                 GWF =        3211.9245                   GWF =        1606.7168
            RAINFALL =           0.0000              RAINFALL =           0.0000
         EVAPORATION =           0.0000           EVAPORATION =           0.0000
              RUNOFF =           0.0000                RUNOFF =           0.0000
          EXT-INFLOW =       1.0000E-02            EXT-INFLOW =       5.0000E-03
         EXT-OUTFLOW =           0.0000           EXT-OUTFLOW =           0.0000
             STORAGE =           0.0000               STORAGE =           0.0000
            FROM-MVR =           0.0000              FROM-MVR =           0.0000
              TO-MVR =           0.0000                TO-MVR =           0.0000

            TOTAL IN =        3211.9345              TOTAL IN =        1606.7218

          OUT:                                     OUT:
          ----                                     ----
                 GWF =       1.0000E-02                   GWF =       5.0000E-03
            RAINFALL =           0.0000              RAINFALL =           0.0000
         EVAPORATION =           0.0000           EVAPORATION =           0.0000
              RUNOFF =           0.0000                RUNOFF =           0.0000
          EXT-INFLOW =           0.0000            EXT-INFLOW =           0.0000
         EXT-OUTFLOW =        2408.9433           EXT-OUTFLOW =        1205.0376
             STORAGE =           0.0000               STORAGE =           0.0000
            FROM-MVR =           0.0000              FROM-MVR =           0.0000
              TO-MVR =         802.9811                TO-MVR =         401.6792

           TOTAL OUT =        3211.9345             TOTAL OUT =        1606.7218

            IN - OUT =      -4.5475E-13              IN - OUT =           0.0000

 PERCENT DISCREPANCY =          -0.00     PERCENT DISCREPANCY =           0.00



  LAK BUDGET FOR ENTIRE MODEL AT END OF TIME STEP    1, STRESS PERIOD   2
  ------------------------------------------------------------------------------

     CUMULATIVE LAK      L**3       RATES FOR THIS TIME STEP      L**3/T
     ------------------                 ------------------------

           IN:                                      IN:
           ---                                      ---
                 GWF =           0.0000                   GWF =           0.0000
            RAINFALL =           0.0000              RAINFALL =           0.0000
         EVAPORATION =           0.0000           EVAPORATION =           0.0000
              RUNOFF =           0.0000                RUNOFF =           0.0000
          EXT-INFLOW =           0.0000            EXT-INFLOW =           0.0000
          WITHDRAWAL =           0.0000            WITHDRAWAL =           0.0000
         EXT-OUTFLOW =           0.0000           EXT-OUTFLOW =           0.0000
             STORAGE =           0.0000               STORAGE =           0.0000
            CONSTANT =           0.0000              CONSTANT =           0.0000
            FROM-MVR =         802.9811              FROM-MVR =         401.6792
              TO-MVR =           0.0000                TO-MVR =           0.0000

            TOTAL IN =         802.9811              TOTAL IN =         401.6792

          OUT:                                     OUT:
          ----                                     ----
                 GWF =         802.6042                   GWF =         401.3023
            RAINFALL =           0.0000              RAINFALL =           0.0000
         EVAPORATION =           0.0000           EVAPORATION =           0.0000
              RUNOFF =           0.0000                RUNOFF =           0.0000
          EXT-INFLOW =           0.0000            EXT-INFLOW =           0.0000
          WITHDRAWAL =           0.0000            WITHDRAWAL =           0.0000
         EXT-OUTFLOW =           0.0000           EXT-OUTFLOW =           0.0000
             STORAGE =           0.3769               STORAGE =           0.3769
            CONSTANT =           0.0000              CONSTANT =           0.0000
            FROM-MVR =           0.0000              FROM-MVR =           0.0000
              TO-MVR =           0.0000                TO-MVR =           0.0000

           TOTAL OUT =         802.9811             TOTAL OUT =         401.6792

            IN - OUT =       1.5939E-10              IN - OUT =       1.5962E-10

 PERCENT DISCREPANCY =           0.00     PERCENT DISCREPANCY =           0.00



  UZF BUDGET FOR ENTIRE MODEL AT END OF TIME STEP    1, STRESS PERIOD   2
  ------------------------------------------------------------------------------

     CUMULATIVE UZF      L**3       RATES FOR THIS TIME STEP      L**3/T
     ------------------                 ------------------------

           IN:                                      IN:
           ---                                      ---
                 GWF =           0.0000                   GWF =           0.0000
        INFILTRATION =        1216.8000          INFILTRATION =         736.0000
             REJ-INF =           0.0000               REJ-INF =           0.0000
             STORAGE =       46453.2346               STORAGE =       46453.2346

            TOTAL IN =       47670.0346              TOTAL IN =       47189.2346

          OUT:                                     OUT:
          ----                                     ----
                 GWF =       46976.1009                   GWF =       46770.4191
        INFILTRATION =           0.0000          INFILTRATION =           0.0000
             REJ-INF =         693.9305               REJ-INF =         418.8123
             STORAGE =           0.0000               STORAGE =           0.0000

           TOTAL OUT =       47670.0314             TOTAL OUT =       47189.2314

            IN - OUT =       3.2392E-03              IN - OUT =       3.2392E-03

 PERCENT DISCREPANCY =           0.00     PERCENT DISCREPANCY =           0.00



  WATER MOVER BUDGET FOR ENTIRE MODEL AT END OF TIME STEP    1, STRESS PERIOD   2
  ------------------------------------------------------------------------------

     CUMULATIVE WATER MOVER      L**3       RATES FOR THIS TIME STEP      L**3/T
     ------------------                 ------------------------

           IN:                                      IN:
           ---                                      ---
                 SFR =         802.9811                   SFR =         401.6792
                 LAK =           0.0000                   LAK =           0.0000

            TOTAL IN =         802.9811              TOTAL IN =         401.6792

          OUT:                                     OUT:
          ----                                     ----
                 SFR =           0.0000                   SFR =           0.0000
                 LAK =         802.9811                   LAK =         401.6792

           TOTAL OUT =         802.9811             TOTAL OUT =         401.6792

            IN - OUT =           0.0000              IN - OUT =           0.0000

 PERCENT DISCREPANCY =           0.00     PERCENT DISCREPANCY =           0.00



  VOLUME BUDGET FOR ENTIRE MODEL AT END OF TIME STEP    1, STRESS PERIOD   2
  ---------------------------------------------------------------------------------------------------

     CUMULATIVE VOLUME      L**3       RATES FOR THIS TIME STEP      L**3/T          PACKAGE NAME    
     ------------------                 ------------------------                     ----------------

           IN:                                      IN:
           ---                                      ---
              STO-SS =         294.6887                STO-SS =         294.6887     STORAGE                          
              STO-SY =           0.0000                STO-SY =           0.0000     STORAGE                          
                 DRN =           0.0000                   DRN =           0.0000     DRN                              
                 GHB =           0.0000                   GHB =           0.0000     GHB                              
                 RCH =        1186.5127                   RCH =         717.3617     RCH                              
                 CHD =       25732.0204                   CHD =       12381.2305     CHD                              
                 SFR =       1.0000E-02                   SFR =       5.0000E-03     SFR                              
                 LAK =         802.6042                   LAK =         401.3023     LAK                              
           UZF-GWRCH =       46976.1009             UZF-GWRCH =       46770.4191     UZF                              

            TOTAL IN =       74991.9369              TOTAL IN =       60565.0074

          OUT:                                     OUT:
          ----                                     ----
              STO-SS =        1916.6146                STO-SS =        1916.6146     STORAGE                          
              STO-SY =       43848.7349                STO-SY =       43848.7349     STORAGE                          
                 DRN =       12418.1288                   DRN =        6210.1627     DRN                              
                 GHB =       13593.5340                   GHB =        6979.6741     GHB                              
                 RCH =           0.0000                   RCH =           0.0000     RCH                              
                 CHD =           0.0000                   CHD =           0.0000     CHD                              
                 SFR =        3211.9245                   SFR =        1606.7169     SFR                              
                 LAK =           0.0000                   LAK =           0.0000     LAK                              
           UZF-GWRCH =           0.0000             UZF-GWRCH =           0.0000     UZF                              

           TOTAL OUT =       74988.9368             TOTAL OUT =       60561.9032

            IN - OUT =           3.0000              IN - OUT =           3.1042

 PERCENT DISCREPANCY =           0.00     PERCENT DISCREPANCY =           0.01




         TIME SUMMARY AT END OF TIME STEP    1 IN STRESS PERIOD    2
                    SECONDS     MINUTES      HOURS       DAYS        YEARS
                    -----------------------------------------------------------
   TIME STEP LENGTH  86400.      1440.0      24.000      1.0000     2.73785E-03
 STRESS PERIOD TIME  86400.      1440.0      24.000      1.0000     2.73785E-03
         TOTAL TIME 1.72800E+05  2880.0      48.000      2.0000     5.47570E-03


end timestep

