total_inner_iterations,totim,kper,kstp,nouter,ninner,solution_inner_dvmax,solution_inner_dvmax_model,solution_inner_dvmax_node,solution_inner_rmax,solution_inner_rmax_model,solution_inner_rmax_node,solution_inner_alpha,solution_inner_omega
1,1.000000000000000,1,1,1,1,-.2168923100633648,1,325,.2549763197539433E-01,1,105,1.000050,0.9999661
2,1.000000000000000,1,1,1,2,-.1131286501012110E-06,1,245,-.3588661730195300E-04,1,105,1.001408,0.4981567E-02
3,1.000000000000000,1,1,2,1,-.2177590425482808,1,378,.2590966512571525E-01,1,105,1.000053,0.9999662
4,1.000000000000000,1,1,2,2,-.1166273727355769E-06,1,245,.2741159620599511E-04,1,105,0.9989289,0.3512190E-02
5,1.000000000000000,1,1,3,1,-.2188029706212043,1,378,.2632742865384397E-01,1,105,1.000057,0.9999662
6,1.000000000000000,1,1,3,2,-.1206395399682463E-06,1,245,.2685105919564572E-04,1,1718,0.9996237,0.1974431E-02
7,1.000000000000000,1,1,4,1,-.2198370153755574,1,378,.2674481992193663E-01,1,105,1.000060,0.9999661
8,1.000000000000000,1,1,4,2,-.1247490289817718E-06,1,245,.2787713779309305E-04,1,1718,0.9997745,0.2025602E-02
9,1.000000000000000,1,1,5,1,-.2208651259773844,1,378,.2717168589864831E-01,1,105,1.000064,0.9999659
10,1.000000000000000,1,1,5,2,-.1290241880576536E-06,1,245,.2893272685512338E-04,1,1718,0.9998403,0.2211037E-02
11,1.000000000000000,1,1,6,1,-.2218860819648201,1,378,.2759276476270571E-01,1,105,1.000069,0.9999656
12,1.000000000000000,1,1,6,2,-.1334813019278169E-06,1,245,.3002774210529454E-04,1,1718,0.9998767,0.2449412E-02
13,1.000000000000000,1,1,7,1,-.2228967046415437,1,378,.2801210571767744E-01,1,105,1.000073,0.9999653
14,1.000000000000000,1,1,7,2,-.1381249200699956E-06,1,245,.3116434289883955E-04,1,1718,0.9998993,0.2727817E-02
15,1.000000000000000,1,1,8,1,-.2238957589097821,1,378,.2842907601328528E-01,1,105,1.000078,0.9999648
16,1.000000000000000,1,1,8,2,-.1429634803527158E-06,1,245,.3234461242171871E-04,1,1718,0.9999144,0.3046007E-02
17,1.000000000000000,1,1,9,1,-.2248819854012618,1,378,.2883972478192444E-01,1,105,1.000137,0.9999079
18,1.000000000000000,1,1,9,2,-.1469618666729027E-06,1,245,.1711174103267527E-03,1,105,0.9931737,0.1265903
19,1.000000000000000,1,1,10,1,-.2258540960071422,1,378,.2924722098197233E-01,1,105,1.000143,0.9999075
20,1.000000000000000,1,1,10,2,-.1529998141000828E-06,1,245,.3485648938149698E-04,1,1718,0.9993193,0.5272756E-02
21,1.000000000000000,1,1,11,1,-.2268107808787823,1,378,.2965638944863973E-01,1,105,1.000149,0.9999059
22,1.000000000000000,1,1,11,2,-.1585039532101195E-06,1,245,.3609997678135972E-04,1,1718,0.9995754,0.4860035E-02
23,1.000000000000000,1,1,12,1,-.2277507062373505,1,378,.3005606153928627E-01,1,105,1.000155,0.9999051
24,1.000000000000000,1,1,12,2,-.1642252417799775E-06,1,245,.3750341499679585E-04,1,1718,0.9996806,0.5152874E-02
25,1.000000000000000,1,1,13,1,-.2286725167630934,1,378,.3045145569619923E-01,1,105,1.000162,0.9999039
26,1.000000000000000,1,1,13,2,-.1701802397275822E-06,1,245,.3894293451557129E-04,1,1718,0.9997348,0.5656261E-02
27,1.000000000000000,1,1,14,1,-.2295748238612723,1,378,.3083854010542126E-01,1,105,1.000169,0.9999026
28,1.000000000000000,1,1,14,2,-.1763859053995670E-06,1,245,.4042809126159075E-04,1,1718,0.9997679,0.6283827E-02
29,1.000000000000000,1,1,15,1,-.2304562743228653,1,378,.3121873303397322E-01,1,105,1.000177,0.9999013
30,1.000000000000000,1,1,15,2,-.1828560354138213E-06,1,245,.4196187495245380E-04,1,1718,0.9997905,0.7019636E-02
31,1.000000000000000,1,1,16,1,-.2313154279614215,1,378,.3159150333761909E-01,1,105,1.000185,0.9998997
32,1.000000000000000,1,1,16,2,-.1896018301621628E-06,1,245,.4354861762939444E-04,1,1718,0.9998072,0.7866849E-02
33,1.000000000000000,1,1,17,1,-.2321501646666954,1,378,.3195540356226403E-01,1,105,1.000194,0.9998976
34,1.000000000000000,1,1,17,2,-.1966348465147542E-06,1,245,.4518843614450417E-04,1,1718,0.9998191,0.8838410E-02
35,1.000000000000000,1,1,18,1,-.2329597673141782,1,378,.3230941400774918E-01,1,105,1.000203,0.9998957
36,1.000000000000000,1,1,18,2,-.2039718636532108E-06,1,245,.4688268062914695E-04,1,1718,0.9998306,0.9940665E-02
37,1.000000000000000,1,1,19,1,-.2337431922322450,1,378,.3265303310725107E-01,1,105,1.000212,0.9998936
38,1.000000000000000,1,1,19,2,-.2116247596576072E-06,1,245,.4863152909329445E-04,1,1718,0.9998414,0.1119339E-01
39,1.000000000000000,1,1,20,1,-.2344984265968706,1,378,.3298532150184007E-01,1,105,1.000222,0.9998913
40,1.000000000000000,1,1,20,2,-.2196094936621227E-06,1,245,.5043506871308136E-04,1,1718,0.9998522,0.1261489E-01
41,1.000000000000000,1,1,21,1,-.2352240561435379,1,378,.3331292528516133E-01,1,105,1.000233,0.9998888
42,1.000000000000000,1,1,21,2,-.2279396644106788E-06,1,245,.5229193572894412E-04,1,1718,0.9998641,0.1424166E-01
43,1.000000000000000,1,1,22,1,-.2359186261774190,1,378,.3359073837138766E-01,1,105,1.000245,0.9998890
44,1.000000000000000,1,1,22,2,-.2366350226656352E-06,1,245,.5475924154370950E-04,1,1718,0.9998834,0.1625956E-01
45,1.000000000000000,1,1,23,1,-.2365806106970887,1,378,.3388271896854689E-01,1,105,1.000257,0.9998863
46,1.000000000000000,1,1,23,2,-.2457073053295233E-06,1,245,.5686827152594383E-04,1,1718,0.9999010,0.1840005E-01
47,1.000000000000000,1,1,24,1,-.2372085116829488,1,378,.3416043147792958E-01,1,105,1.000269,0.9998834
48,1.000000000000000,1,1,24,2,-.2551774022850499E-06,1,245,.5904127748123122E-04,1,1718,0.9999223,0.2082633E-01
49,1.000000000000000,1,1,25,1,-.2378008396284572,1,378,.3442284410105693E-01,1,105,1.000282,0.9998803
50,1.000000000000000,1,1,25,2,-.2650645452249399E-06,1,245,.6128283168264625E-04,1,1718,0.9999486,0.2357649E-01
51,1.000000000000000,1,1,26,1,-.2383560925039848,1,378,.3466864201197167E-01,1,105,1.000296,0.9998770
52,1.000000000000000,1,1,26,2,-.2753891879511022E-06,1,245,.6359196178501667E-04,1,1718,0.9999820,0.2668812E-01
53,1.000000000000000,1,1,27,1,-.2388728315622138,1,378,.3489828018319534E-01,1,105,1.000311,0.9998735
54,1.000000000000000,1,1,27,2,-.2861734265704795E-06,1,245,.6596360720367930E-04,1,1718,1.000025,0.3020638E-01
55,1.000000000000000,1,1,28,1,-.2393494779471441,1,378,.3510999880672084E-01,1,105,1.000327,0.9998697
56,1.000000000000000,1,1,28,2,-.2974401598582192E-06,1,245,.6839200539984061E-04,1,1718,1.000081,0.3419351E-01
57,1.000000000000000,1,1,29,1,-.2397846365781274,1,378,.3717970794284395E-01,1,105,1.000344,0.9998711
58,1.000000000000000,1,1,29,2,-.3091254867109920E-06,1,245,.7072285025403311E-04,1,1718,0.9999966,0.3941460E-01
59,1.000000000000000,1,1,30,1,-.2401766974834609,1,378,.3761528521549989E-01,1,105,1.000361,0.9998678
60,1.000000000000000,1,1,30,2,-.3213988856932135E-06,1,245,.7321777096671663E-04,1,1718,1.000037,0.4471363E-01
61,1.000000000000000,1,1,31,1,-.2405241160056888,1,378,.3804080988338111E-01,1,105,1.000379,0.9998643
62,1.000000000000000,1,1,31,2,-.3342242467493548E-06,1,245,.7574350772724899E-04,1,1718,1.000090,0.5071645E-01
63,1.000000000000000,1,1,32,1,-.2408253356254575,1,378,.4031011392310586E-01,1,1334,1.000398,0.9998606
64,1.000000000000000,1,1,32,2,-.3475670711005280E-06,1,245,.7828457219508661E-04,1,1718,1.000159,0.5754352E-01
65,1.000000000000000,1,1,33,1,-.2410789626914494,1,378,.4312961910186741E-01,1,1334,1.000418,0.9998568
66,1.000000000000000,1,1,33,2,-.3615598022102962E-06,1,245,.8080865382757898E-04,1,1718,1.000248,0.6544117E-01
67,1.000000000000000,1,1,34,1,-.2412833748404989,1,378,.4608889652891780E-01,1,1334,1.000439,0.9998528
68,1.000000000000000,1,1,34,2,-.3761981841197288E-06,1,245,.8326356771362937E-04,1,1718,1.000374,0.7488171E-01
69,1.000000000000000,1,1,35,1,-.2414369590926897,1,378,.4919141468184515E-01,1,1334,1.000461,0.9998486
70,1.000000000000000,1,1,35,2,-.3915187735382479E-06,1,245,.8551176021558067E-04,1,1718,1.000551,0.8706153E-01
71,1.000000000000000,1,1,36,1,-.2415381188400786,1,378,.5244093546839185E-01,1,1334,1.000485,0.9998443
72,1.000000000000000,1,1,36,2,-.4075654734368008E-06,1,245,.8720304339355677E-04,1,1718,1.000809,0.1051140
73,1.000000000000000,1,1,37,1,-.2415852454599778,1,378,.5584131488767724E-01,1,1334,1.000509,0.9998397
74,1.000000000000000,1,1,37,2,-.4244009563969675E-06,1,245,.8730246719405498E-04,1,1718,1.001213,0.1382448
75,1.000000000000000,1,1,38,1,-.2415767229054523,1,378,.5939620631243975E-01,1,1334,1.000535,0.9998349
76,1.000000000000000,1,1,38,2,-.4421049379639979E-06,1,245,.8266808852258458E-04,1,1718,1.001905,0.2138625
77,1.000000000000000,1,1,39,1,-.2415109401547817,1,378,.6310907709500721E-01,1,1334,1.000562,0.9998299
78,1.000000000000000,1,1,39,2,-.4607465140107691E-06,1,245,-.1014865540316425E-03,1,1334,1.003310,0.4083901
79,1.000000000000000,1,1,40,1,-.2413862618964244,1,378,.6698325654855822E-01,1,1334,1.000590,0.9998248
80,1.000000000000000,1,1,40,2,-.4800801707340966E-06,1,245,-.9997980094054993E-04,1,1334,1.007334,0.7793307
81,1.000000000000000,1,1,41,1,-.2412009586783751,1,378,.7102186232982950E-01,1,1334,1.000620,0.9998195
82,1.000000000000000,1,1,41,2,-.4997197549640696E-06,1,245,-.1099706658358868E-04,1,1334,1.091881,0.9988780
83,1.000000000000000,1,1,42,1,-.2409533075728274,1,378,.7522788092872204E-01,1,1334,1.000651,0.9998139
84,1.000000000000000,1,1,42,2,-.5200639577940111E-06,1,245,.6210673344613350E-04,1,1334,0.9881881,0.9337289
85,1.000000000000000,1,1,43,1,-.2406415740521501,1,378,.7959830740232175E-01,1,1334,1.000683,0.9998082
86,1.000000000000000,1,1,43,2,-.5417572657295243E-06,1,245,.8892434949745123E-04,1,1334,0.9936194,0.8391441
87,1.000000000000000,1,1,44,1,-.2402640629678300,1,378,.8414561213845630E-01,1,1334,1.000718,0.9998023
88,1.000000000000000,1,1,44,2,.5690977461786630E-06,1,361,.9599878527221655E-04,1,1334,0.9952719,0.7836975
89,1.000000000000000,1,1,45,1,-.2398190185704481,1,378,.8927433219711277E-01,1,1334,1.000754,0.9997969
90,1.000000000000000,1,1,45,2,.6061581226356431E-06,1,361,.9389370093936593E-04,1,1334,0.9958014,0.7778048
91,1.000000000000000,1,1,46,1,-.2393045983768346,1,378,.9426700327342731E-01,1,1334,1.000792,0.9997898
92,1.000000000000000,1,1,46,2,.6439874690041922E-06,1,361,.9158636494006520E-04,1,1334,0.9963427,0.7676125
93,1.000000000000000,1,1,47,1,-.2387189725073173,1,378,.9945009444822814E-01,1,1334,1.000832,0.9997837
94,1.000000000000000,1,1,47,2,.6849450724165788E-06,1,361,.8709081225366787E-04,1,1334,0.9965940,0.7765085
95,1.000000000000000,1,1,48,1,-.2380602809254169,1,378,.1048282098388625,1,1334,1.000874,0.9997773
96,1.000000000000000,1,1,48,2,.7274964459664368E-06,1,361,.8188639677795882E-04,1,1334,0.9967488,0.7918614
97,1.000000000000000,1,1,49,1,-.2373266635374419,1,378,.1104296358603891,1,1334,1.000931,0.9997434
98,1.000000000000000,1,1,49,2,.7505152584653417E-06,1,361,.7368617782267069E-04,1,1334,0.9966719,0.8259728
99,1.000000000000000,1,1,50,1,-.2365162246152606,1,378,.1162072008462835,1,1334,1.000978,0.9997341
100,1.000000000000000,1,1,50,2,.7957078637880051E-06,1,361,.6801063163248371E-04,1,1334,0.9967252,0.8448332
101,1.000000000000000,1,1,51,1,-.2356271009440837,1,378,.1221883647740320,1,1334,1.001029,0.9997231
102,1.000000000000000,1,1,51,2,.8417719038330244E-06,1,361,.6221850521017695E-04,1,1334,0.9967379,0.8642438
103,1.000000000000000,1,1,52,1,-.2346575057809923,1,378,.1283700521604163,1,1334,1.001081,0.9997132
104,1.000000000000000,1,1,52,2,.8919611965411705E-06,1,361,.5651023552781544E-04,1,1334,0.9967280,0.8826617
105,1.000000000000000,1,1,53,1,-.2336053800199835,1,378,.1347553575914022,1,1334,1.001136,0.9997031
106,1.000000000000000,1,1,53,2,.9449661541843618E-06,1,361,.5093743691435198E-04,1,1334,0.9966954,0.8998749
107,1.000000000000000,1,1,54,1,-.2324687931502694,1,378,.1413422167783165,1,1334,1.001194,0.9996935
108,1.000000000000000,1,1,54,2,.1002470604438754E-05,1,361,.4556837956852354E-04,1,1334,0.9966415,0.9155907
109,1.000000000000000,1,1,54,3,-.8013106228973492E-09,1,317,-.8504678131510954E-07,1,1718,1.009065,0.3994213E-06
110,1.000000000000000,1,1,55,1,-.2312458180955721,1,378,.1481321115748610,1,1334,1.001255,0.9996830
111,1.000000000000000,1,1,55,2,.1061812355408968E-05,1,361,.4049957931927467E-04,1,1334,0.9965822,0.9293528
112,1.000000000000000,1,1,55,3,-.7356816539895329E-09,1,317,.8029967823799333E-07,1,1399,1.009220,0.3405158E-06
113,1.000000000000000,1,1,56,1,-.2299345720044354,1,378,.1551285872464225,1,1334,1.001320,0.9996722
114,1.000000000000000,1,1,56,2,.1124733050125055E-05,1,361,.3567217772071786E-04,1,1334,0.9964917,0.9418157
115,1.000000000000000,1,1,56,3,-.6705026117344932E-09,1,317,.7501923960279475E-07,1,1399,1.009416,0.2837131E-06
116,1.000000000000000,1,1,57,1,-.2285331722743219,1,378,.1623251341474227,1,1334,1.001391,0.9996584
117,1.000000000000000,1,1,57,2,.1193032887312842E-05,1,361,.3130351292537573E-04,1,1334,0.9964444,0.9516704
118,1.000000000000000,1,1,57,3,-.6172146880151194E-09,1,317,.7093823517283673E-07,1,1399,1.009540,0.2429072E-06
119,1.000000000000000,1,1,58,1,-.2270397134064427,1,378,.1697254078756035,1,1334,1.001463,0.9996465
120,1.000000000000000,1,1,58,2,.1263729896629015E-05,1,361,.2716130989658903E-04,1,1334,0.9963502,0.9607517
121,1.000000000000000,1,1,58,3,-.5630430455113780E-09,1,317,.6534159916828519E-07,1,1399,1.009748,0.2003042E-06
122,1.000000000000000,1,1,59,1,-.2254523717067342,1,378,.1773252178553469,1,1334,1.001538,0.9996354
123,1.000000000000000,1,1,59,2,.1338256867363246E-05,1,361,.2329671044800707E-04,1,1334,0.9962276,0.9686815
124,1.000000000000000,1,1,59,3,-.5121505427829611E-09,1,317,.5907688559490476E-07,1,1399,1.010000,0.1611536E-06
125,1.000000000000000,1,1,60,1,-.2237693575982630,1,378,.1851221570048468,1,1334,1.001617,0.9996240
126,1.000000000000000,1,1,60,2,.1417075399726880E-05,1,361,.2003954532420776E-04,1,130,0.9960881,0.9754047
127,1.000000000000000,1,1,60,3,-.4668887251855131E-09,1,245,.5254865796468262E-07,1,1399,1.010274,0.1277580E-06
128,1.000000000000000,1,1,61,1,-.2219889402866223,1,378,.1931111932588992,1,1334,1.001701,0.9996126
129,1.000000000000000,1,1,61,2,-.1573627162019346E-05,1,477,.1841397455070638E-04,1,130,0.9959401,0.9810066
130,1.000000000000000,1,1,61,3,-.4331687415683708E-09,1,245,.4588260570589571E-07,1,1399,1.010563,0.1008613E-06
131,1.000000000000000,1,1,62,1,-.2201094843505532,1,378,.2012884242164281,1,1334,1.001789,0.9996006
132,1.000000000000000,1,1,62,2,-.1768979491304055E-05,1,477,.1702791942808139E-04,1,130,0.9958102,0.9855337
133,1.000000000000000,1,1,62,3,-.4046692636599497E-09,1,245,.3959838777440653E-07,1,1399,1.010841,0.8206136E-07
134,1.000000000000000,1,1,63,1,-.2181294378516868,1,378,.2096487312907529,1,1334,1.001881,0.9995891
135,1.000000000000000,1,1,63,2,-.1986874653425383E-05,1,477,.1571916149470991E-04,1,130,0.9956357,0.9894620
136,1.000000000000000,1,1,63,3,-.3780647418453254E-09,1,245,.3269941700611881E-07,1,130,1.011172,0.6804365E-07
137,1.000000000000000,1,1,64,1,-.2160473548945739,1,378,.2181760485528569,1,1334,1.001978,0.9995777
138,1.000000000000000,1,1,64,2,-.2229814069885996E-05,1,477,.1458324312356686E-04,1,130,0.9954482,0.9927200
139,1.000000000000000,1,1,64,3,-.3552605610661828E-09,1,245,.3748305872207464E-07,1,130,1.011524,0.6231954E-07
140,1.000000000000000,1,1,65,1,-.2138619346905444,1,378,.2268614610286261,1,1334,1.002081,0.9995662
141,1.000000000000000,1,1,65,2,-.2500330401629427E-05,1,477,.1361871784222491E-04,1,130,0.9952478,0.9954199
142,1.000000000000000,1,1,65,3,-.3362132612993595E-09,1,245,.4329949404348808E-07,1,130,1.011897,0.6677895E-07
143,1.000000000000000,1,1,66,1,-.2115720763164107,1,378,.2357221015275562,1,1334,1.002189,0.9995550
144,1.000000000000000,1,1,66,2,-.2801265715145325E-05,1,477,.1289638540209278E-04,1,1399,0.9950321,0.9976613
145,1.000000000000000,1,1,66,3,-.3208380026499067E-09,1,245,.5028484643845563E-07,1,130,1.012292,0.8436788E-07
146,1.000000000000000,1,1,67,1,-.2091768405231908,1,378,.2447305290696771,1,1334,1.002302,0.9995441
147,1.000000000000000,1,1,67,2,-.3135550998337625E-05,1,477,.1272438359058044E-04,1,1399,0.9947996,0.9995463
148,1.000000000000000,1,1,67,3,-.3085323068969581E-09,1,245,.5872192777019044E-07,1,130,1.012717,0.1200287E-06
149,1.000000000000000,1,1,68,1,-.2066754533247122,1,378,.2538758395908784,1,1334,1.002422,0.9995339
150,1.000000000000000,1,1,68,2,-.3506379170417301E-05,1,477,.1271789391661980E-04,1,1399,0.9945445,1.001110
151,1.000000000000000,1,1,68,3,-.3016273292935159E-09,1,317,.6862824489527225E-07,1,130,1.013166,0.1800312E-06
152,1.000000000000000,1,1,69,1,-.2040674666087329,1,378,.2631515121415912,1,1334,1.002548,0.9995234
153,1.000000000000000,1,1,69,2,-.3917668134082980E-05,1,477,.1288251814093748E-04,1,1399,0.9942833,1.002409
154,1.000000000000000,1,1,69,3,-.3038904036111683E-09,1,317,.8031267386588918E-07,1,130,1.013633,0.2742524E-06
155,1.000000000000000,1,1,70,1,-.2013525860897547,1,378,.2725412256287936,1,1334,1.002681,0.9995132
156,1.000000000000000,1,1,70,2,-.4373028664996248E-05,1,477,.1321805924836650E-04,1,1399,0.9940048,1.003507
157,1.000000000000000,1,1,70,3,-.3110629002362031E-09,1,317,.9402989789204515E-07,1,130,1.014125,0.4161030E-06
158,1.000000000000000,1,1,71,1,-.1985308920043398,1,378,.2820274250890064,1,1334,1.002821,0.9995037
159,1.000000000000000,1,1,71,2,-.4879023642526297E-05,1,477,.1372544436746287E-04,1,1399,0.9937079,1.004441
160,1.000000000000000,1,1,71,3,-.3231755091020868E-09,1,317,.1100811219522452E-06,1,130,1.014643,0.6268901E-06
161,1.000000000000000,1,1,72,1,-.1956029226005269,1,378,.2918404687091532,1,1334,1.003093,0.9993282
162,1.000000000000000,1,1,72,2,-.5441289509294837E-05,1,477,.1399113311005496E-04,1,1399,0.9942912,1.005391
163,1.000000000000000,1,1,72,3,-.3248629022308761E-09,1,317,.1266166297633943E-06,1,130,1.013894,0.8873234E-06
164,1.000000000000000,1,1,73,1,-.1925692708591153,1,378,.3014881608962999,1,1334,1.003251,0.9993158
165,1.000000000000000,1,1,73,2,-.6056345022234609E-05,1,477,.1473598098810401E-04,1,1399,0.9939928,1.006178
166,1.000000000000000,1,1,73,3,-.3436103496897213E-09,1,317,.1480070746483084E-06,1,130,1.014428,0.1320228E-05
167,1.000000000000000,1,1,74,1,-.1894312938431443,1,378,.3111812012048045,1,1334,1.003417,0.9993044
168,1.000000000000000,1,1,74,2,-.6733186741442222E-05,1,477,.1566751506956768E-04,1,1399,0.9936749,1.006866
169,1.000000000000000,1,1,74,3,-.3678465897224611E-09,1,317,.1729265460829352E-06,1,130,1.014989,0.1946493E-05
170,1.000000000000000,1,1,75,1,-.1861906158237319,1,378,.3208988787210349,1,1334,1.003591,0.9992943
171,1.000000000000000,1,1,75,2,-.7478161832456286E-05,1,477,.1679217923759937E-04,1,1399,0.9933368,1.007475
172,1.000000000000000,1,1,75,3,-.3978348861050493E-09,1,317,.2018750048275106E-06,1,130,1.015580,0.2846384E-05
173,1.000000000000000,1,1,76,1,-.1828492930330644,1,378,.3306197847261521,1,1334,1.003773,0.9992856
174,1.000000000000000,1,1,76,2,-.8296307450118725E-05,1,477,.1810361770336202E-04,1,1399,0.9929786,1.008018
175,1.000000000000000,1,1,76,3,-.4341009224441742E-09,1,317,.2351433109837221E-06,1,130,1.016198,0.4122464E-05
176,1.000000000000000,1,1,77,1,-.1803074960824655,1,408,.3403236376087904,1,1334,1.003965,0.9992776
177,1.000000000000000,1,1,77,2,-.9193382732198534E-05,1,477,-.2029892959903388E-04,1,1334,0.9926122,1.008523
178,1.000000000000000,1,1,77,3,.4909738759535058E-09,1,477,.2739992572368177E-06,1,130,1.016843,0.5957606E-05
179,1.000000000000000,1,1,78,1,-.1778656093528418,1,408,.3499752515945348,1,1334,1.004168,0.9992705
180,1.000000000000000,1,1,78,2,-.1017502431695262E-04,1,477,-.2312872281959393E-04,1,1334,0.9922298,1.008992
181,1.000000000000000,1,1,78,3,.6035289247606726E-09,1,477,.3189414941881245E-06,1,130,1.017512,0.8565406E-05
182,1.000000000000000,1,1,79,1,-.1753182820484667,1,408,.3595614279018832,1,1334,1.004379,0.9992666
183,1.000000000000000,1,1,79,2,-.1124790254800702E-04,1,477,-.2623413761988970E-04,1,1334,0.9918022,1.009422
184,1.000000000000000,1,1,79,3,.7384126789704804E-09,1,477,.3706865545972493E-06,1,130,1.018231,0.1224282E-04
185,1.000000000000000,1,1,80,1,-.1726662153722095,1,408,.3690504777759784,1,1334,1.004600,0.9992648
186,1.000000000000000,1,1,80,2,-.1241804509535106E-04,1,477,-.2961177185794054E-04,1,1334,0.9913468,1.009829
187,1.000000000000000,1,1,80,3,.8984722301426800E-09,1,477,.4301082784110085E-06,1,130,1.018989,0.1741326E-04
188,1.000000000000000,1,1,81,1,-.1699106305385086,1,408,.3784182792896510,1,1334,1.004831,0.9992649
189,1.000000000000000,1,1,81,2,-.1369225427178240E-04,1,477,-.3328818253833870E-04,1,1334,0.9908619,1.010215
190,1.000000000000000,1,1,81,3,.1088095439981977E-08,1,477,.4982214718398529E-06,1,130,1.019786,0.2465429E-04
191,1.000000000000000,1,1,82,1,-.1670533996261450,1,408,.3876169061018436,1,1334,1.005076,0.9992657
192,1.000000000000000,1,1,82,2,-.1507519420652448E-04,1,477,-.3721229174745923E-04,1,1334,0.9903791,1.010601
193,1.000000000000000,1,1,82,3,.1308821554249850E-08,1,477,.5767731572564844E-06,1,130,1.020597,0.3485097E-04
194,1.000000000000000,1,1,83,1,-.1640970920497902,1,408,.3966624619578804,1,1334,1.005333,0.9992663
195,1.000000000000000,1,1,83,2,-.1657715047612740E-04,1,477,-.4143047388613915E-04,1,1334,0.9898860,1.010984
196,1.000000000000000,1,1,83,3,.1566692218383314E-08,1,477,.6666959215455160E-06,1,130,1.021427,0.4908700E-04
197,1.000000000000000,1,1,84,1,-.1610449791787362,1,408,.4054937518153173,1,1334,1.005598,0.9992742
198,1.000000000000000,1,1,84,2,-.1822253772081828E-04,1,477,-.4621982822783421E-04,1,1334,0.9892989,1.011331
199,1.000000000000000,1,1,84,3,.1881265362843051E-08,1,477,.7688547932375112E-06,1,130,1.022359,0.6871227E-04
200,1.000000000000000,1,1,85,1,-.1583052690290382,1,229,.4140906213498444,1,1334,1.005874,0.9992852
201,1.000000000000000,1,1,85,2,-.1998299868655746E-04,1,477,-.5148557433202387E-04,1,1334,0.9886668,1.011667
202,1.000000000000000,1,1,85,3,.2252253290132264E-08,1,477,.8851234506483756E-06,1,130,1.023346,0.9578967E-04
203,1.000000000000000,1,1,86,1,-.1579289561135074,1,229,.4223897762313005,1,1334,1.006168,0.9992973
204,1.000000000000000,1,1,86,2,-.2187676238779803E-04,1,477,-.5712344911556538E-04,1,1334,0.9880286,1.012008
205,1.000000000000000,1,1,86,3,.2682460915529324E-08,1,477,.1017660369510290E-05,1,130,1.024355,0.1332272E-03
206,1.000000000000000,1,1,87,1,-.1574443367084793,1,229,.4303990959540120,1,1334,1.006475,0.9993128
207,1.000000000000000,1,1,87,2,-.2391334565251354E-04,1,477,-.6314862555649620E-04,1,1334,0.9873800,1.012354
208,1.000000000000000,1,1,87,3,.3179836271746483E-08,1,477,.1167962842328053E-05,1,130,1.025371,0.1845372E-03
209,1.000000000000000,1,1,88,1,-.1568517806010857,1,229,.4380395929127845,1,1334,1.006795,0.9993365
210,1.000000000000000,1,1,88,2,-.2609386450112026E-04,1,477,-.6976331427007733E-04,1,1334,0.9866854,1.012696
211,1.000000000000000,1,1,88,3,.3763556482688984E-08,1,477,.1339087795723638E-05,1,130,1.026532,0.2559011E-03
212,1.000000000000000,1,1,89,1,-.1561518736439397,1,229,.4454585785005550,1,1334,1.007121,0.9993610
213,1.000000000000000,1,1,89,2,-.2844309132543242E-04,1,477,-.7751920959123803E-04,1,1334,0.9858081,1.012976
214,1.000000000000000,1,1,89,3,.4483005532112104E-08,1,477,.1528104072174380E-05,1,130,1.027790,0.3494754E-03
215,1.000000000000000,1,1,90,1,-.1553457697633464,1,229,.4525161720849869,1,1334,1.007461,0.9993899
216,1.000000000000000,1,1,90,2,-.3095370012112270E-04,1,477,-.8610647256186920E-04,1,1334,0.9848494,1.013240
217,1.000000000000000,1,1,90,3,.5333260954568376E-08,1,477,.1739992126245414E-05,1,130,1.029141,0.4749147E-03
218,1.000000000000000,1,1,91,1,-.1544350029642896,1,229,.4591857368079980,1,1334,1.007815,0.9994234
219,1.000000000000000,1,1,91,2,-.3362991679140817E-04,1,477,-.9563017014192756E-04,1,1334,0.9837977,1.013486
220,1.000000000000000,1,1,91,3,.6338017918908311E-08,1,477,.1976788050731193E-05,1,130,1.030597,0.6422016E-03
221,1.000000000000000,1,1,92,1,-.1541380528538216,1,676,.4654540407405210,1,1334,1.008187,0.9994581
222,1.000000000000000,1,1,92,2,-.3647633988967261E-04,1,477,-.1048557781139870E-03,1,1334,0.9829268,1.013820
223,1.000000000000000,1,1,92,3,.7418796816093654E-08,1,477,.2236913424910866E-05,1,130,1.031783,0.8618112E-03
224,1.000000000000000,1,1,93,1,-.1538999110092146,1,676,.4746087167237314,1,1334,1.008758,0.9989893
225,1.000000000000000,1,1,93,2,-.3992116693830095E-04,1,477,-.9703789443053910E-04,1,1334,0.9854138,1.015270
226,1.000000000000000,1,1,93,3,.7170816262679603E-08,1,477,.2551538011047819E-05,1,130,1.029507,0.1201992E-02
227,1.000000000000000,1,1,94,1,-.1535314795250031,1,676,.4796629831809797,1,1334,1.009149,0.9990784
228,1.000000000000000,1,1,94,2,-.4309282372330951E-04,1,477,-.1089093795179986E-03,1,1334,0.9840835,1.015405
229,1.000000000000000,1,1,94,3,.8605917546875102E-08,1,477,.2887021634297335E-05,1,130,1.031267,0.1604404E-02
230,1.000000000000000,1,1,95,1,-.1530351930185384,1,676,.4844290109576703,1,1334,1.009555,0.9991601
231,1.000000000000000,1,1,95,2,-.4646427055940066E-04,1,477,-.1220121558777036E-03,1,1334,0.9826756,1.015555
232,1.000000000000000,1,1,95,3,.1029008400094090E-07,1,477,.3253053717967624E-05,1,130,1.033123,0.2125392E-02
233,1.000000000000000,1,1,96,1,-.1524133699085539,1,676,.4875387147862243,1,1334,1.009987,0.9993348
234,1.000000000000000,1,1,96,2,-.4983187411591507E-04,1,477,-.1667925091774653E-03,1,1334,0.9773506,1.015381
235,1.000000000000000,1,1,96,3,.1534544636326944E-07,1,477,.3756405893945104E-05,1,130,1.039286,0.3162055E-02
236,1.000000000000000,1,1,97,1,-.1516689505470469,1,676,.4912135577979576,1,1334,1.010420,0.9994446
237,1.000000000000000,1,1,97,2,-.5405493330532434E-04,1,477,-.1885754981951183E-03,1,1334,0.9749341,1.015355
238,1.000000000000000,1,1,97,3,.1862592530214595E-07,1,477,.4204257221167063E-05,1,130,1.042330,0.4109589E-02
239,1.000000000000000,1,1,98,1,-.1508050962777721,1,676,.4944491037882978,1,1334,1.010872,0.9995558
240,1.000000000000000,1,1,98,2,-.5803981550339806E-04,1,477,-.2134133263316401E-03,1,1334,0.9721918,1.015309
241,1.000000000000000,1,1,98,3,.2245628903145714E-07,1,477,.4690871872505459E-05,1,130,1.045748,0.5310966E-02
242,1.000000000000000,1,1,99,1,-.1498253555048927,1,676,.4971836722535926,1,1334,1.011341,0.9996744
243,1.000000000000000,1,1,99,2,-.6221139558332522E-04,1,477,-.2421512328933518E-03,1,1334,0.9689973,1.015202
244,1.000000000000000,1,1,99,3,.2709358836335024E-07,1,477,.5214041521102043E-05,1,130,1.049690,0.6811772E-02
245,1.000000000000000,1,1,100,1,-.1487336283530917,1,676,.4993220155345912,1,1334,1.011833,0.9998016
246,1.000000000000000,1,1,100,2,-.6654522394162205E-04,1,477,.2914842044901236E-03,1,130,0.9658184,1.015143
247,1.000000000000000,1,1,100,3,.3225554112810122E-07,1,477,.5781007714460961E-05,1,130,1.053605,0.8702072E-02
248,1.000000000000000,1,1,101,1,-.1475340778651101,1,676,.5010904791576801,1,1334,1.012336,0.9999341
249,1.000000000000000,1,1,101,2,-.7109012843915031E-04,1,477,.3636552649853256E-03,1,130,0.9613006,1.014885
250,1.000000000000000,1,1,101,3,.3915341408311930E-07,1,477,.6379471904553244E-05,1,130,1.059078,0.1098979E-01
251,1.000000000000000,1,1,102,1,-.1462311650202090,1,676,.5025458227950778,1,1334,1.012858,1.000059
252,1.000000000000000,1,1,102,2,-.7585220630770234E-04,1,477,.4528319078991861E-03,1,130,0.9559681,1.014593
253,1.000000000000000,1,1,102,3,.4759846583500501E-07,1,477,.6998571747243069E-05,1,130,1.065457,0.1371463E-01
254,1.000000000000000,1,1,103,1,-.1448294638487993,1,676,.5033980053080901,1,1334,1.013399,1.000201
255,1.000000000000000,1,1,103,2,-.8077072475297483E-04,1,477,.5718980331802951E-03,1,130,0.9490630,1.014164
256,1.000000000000000,1,1,103,3,.5838576005036286E-07,1,477,.7658597488846614E-05,1,130,1.073764,0.1702782E-01
257,1.000000000000000,1,1,104,1,-.1433338170957603,1,676,.5037994432649699,1,1334,1.013959,1.000347
258,1.000000000000000,1,1,104,2,-.8587024351078301E-04,1,477,.7292771057584162E-03,1,130,0.9401856,1.013643
259,1.000000000000000,1,1,104,3,.7225099653896381E-07,1,477,.8344670552156719E-05,1,130,1.084478,0.2096655E-01
260,1.000000000000000,1,1,105,1,-.1417492536373869,1,676,.5038708330591165,1,1334,1.014553,1.000471
261,1.000000000000000,1,1,105,2,-.9116849085859467E-04,1,477,.9017443984175046E-03,1,130,0.9310631,1.013273
262,1.000000000000000,1,1,105,3,.8802363818506702E-07,1,477,.9078294013832744E-05,1,130,1.095692,0.2587986E-01
263,1.000000000000000,1,1,106,1,-.1400807756149130,1,676,.5034170824708879,1,1334,1.015155,1.000622
264,1.000000000000000,1,1,106,2,-.9662361817485084E-04,1,477,.1177338633829482E-02,1,130,0.9162060,1.012605
265,1.000000000000000,1,1,106,3,.1114769250792757E-06,1,477,.9806709470210940E-05,1,130,1.114084,0.3139215E-01
266,1.000000000000000,1,1,107,1,-.1383336153642767,1,676,.5025597774198515,1,1334,1.015778,1.000775
267,1.000000000000000,1,1,107,2,-.1022544846637398E-03,1,477,.1583550266476121E-02,1,130,0.8944743,1.011832
268,1.000000000000000,1,1,107,3,.1451566559469370E-06,1,477,.1054231489828879E-04,1,130,1.141814,0.3777053E-01
269,1.000000000000000,1,1,108,1,-.1365135930915342,1,676,.5017936054032716,1,1334,1.016448,1.000861
270,1.000000000000000,1,1,108,2,-.1081427127430556E-03,1,477,.1995392161478381E-02,1,130,0.8739495,1.011461
271,1.000000000000000,1,1,108,3,.1817044130700865E-06,1,477,.1116908759375374E-04,1,130,1.168821,0.4420676E-01
272,1.000000000000000,1,1,109,1,-.1346249826309592,1,676,.5002206095054020,1,1334,1.017116,1.001009
273,1.000000000000000,1,1,109,2,-.1141397771139604E-03,1,477,.2897780670660167E-02,1,130,0.8266809,1.010578
274,1.000000000000000,1,1,109,3,.2554208558192777E-06,1,477,.1188510858956082E-04,1,130,1.236365,0.5244762E-01
275,1.000000000000000,1,1,110,1,-.1326736333602181,1,676,.4982953244962459,1,1334,1.017806,1.001157
276,1.000000000000000,1,1,110,2,-.1203532760837544E-03,1,477,.4666484153806834E-02,1,130,0.7340744,1.009638
277,1.000000000000000,1,1,110,3,.3979022834322784E-06,1,477,.1258313808864821E-04,1,130,1.393165,0.6192413E-01
278,1.000000000000000,1,1,111,1,-.1306649022192408,1,676,.4959479301694111,1,1334,1.018522,1.001305
279,1.000000000000000,1,1,111,2,-.1269630127736292E-03,1,477,.9980909940436229E-02,1,130,0.4546933,1.008600
280,1.000000000000000,1,1,111,3,.8209563072936440E-06,1,477,.1324038333442848E-04,1,130,2.250462,0.7264686E-01
281,1.000000000000000,1,1,112,1,-.1286041715777032,1,676,.4933062745446761,1,1334,1.019259,1.001450
282,1.000000000000000,1,1,112,2,-.1469391911222545E-03,1,477,.1821206533254800,1,130,-8.599113,1.007568
283,1.000000000000000,1,1,112,3,.1447256662394545E-04,1,477,.1386657271921165E-04,1,130,-0.1190726,0.8534756E-01
284,1.000000000000000,1,1,112,4,-.1152631426649534E-08,1,476,-.5118569673473479E-05,1,130,1.347650,0.1077233E-01
285,1.000000000000000,1,1,113,1,-.1264967900885987,1,676,.4904775086224802,1,1334,1.020018,1.001580
286,1.000000000000000,1,1,113,2,-.1378808861286737E-03,1,477,-.1386760907355799E-01,1,130,1.709219,1.006582
287,1.000000000000000,1,1,113,3,-.1067552658233788E-05,1,477,.1444799580222282E-04,1,130,0.5993791,0.9996151E-01
288,1.000000000000000,1,1,113,4,-.1391092065975412E-08,1,476,-.4517532635698376E-05,1,130,1.291073,0.8745947E-02
289,1.000000000000000,1,1,114,1,-.1243480144677726,1,676,.4936224117104781,1,1399,1.020799,1.001719
290,1.000000000000000,1,1,114,2,-.1449740120793649E-03,1,477,-.7123317494484761E-02,1,130,1.355227,1.005577
291,1.000000000000000,1,1,114,3,-.5310908723505677E-06,1,477,.1494814765514119E-04,1,130,0.7564442,0.1176431
292,1.000000000000000,1,1,115,1,-.1221653751258633,1,676,.6515642636377831,1,1399,1.021683,1.000490
293,1.000000000000000,1,1,115,2,-.1507181010512420E-03,1,477,-.5247201504705813E-01,1,688,7.117076,1.003375
294,1.000000000000000,1,1,115,3,.8843966207239105E-05,1,476,.6938994057305462E-05,1,1523,0.1446045,0.8386389E-01
295,1.000000000000000,1,1,115,4,-.1963907061662972E-08,1,476,.2924884775203164E-06,1,1523,0.9974986,0.1277421E-03
296,1.000000000000000,1,1,116,1,-.1199495689225097,1,676,.6518074330652179,1,1399,1.022538,1.000691
297,1.000000000000000,1,1,116,2,-.1625475262508842E-03,1,477,-.2342304997041405E-02,1,688,1.276366,1.001546
298,1.000000000000000,1,1,116,3,.3953283072619145E-06,1,373,.7815834588309014E-05,1,1523,0.8090850,0.1124187
299,1.000000000000000,1,1,117,1,-.1177081641793923,1,676,.6522575982573255,1,1399,1.023384,1.000803
300,1.000000000000000,1,1,117,2,-.1695464886898424E-03,1,477,-.1568621763797286E-02,1,688,1.184997,1.000644
301,1.000000000000000,1,1,117,3,.2863059440805940E-06,1,373,.8740683474932894E-05,1,1523,0.8730141,0.1421089
302,1.000000000000000,1,1,118,1,-.1154460640552991,1,676,.6517362487770276,1,1399,1.024258,1.000945
303,1.000000000000000,1,1,118,2,-.1763962706513989E-03,1,477,-.1200772434163800E-02,1,688,1.142248,0.9997140
304,1.000000000000000,1,1,118,3,.2369136956239850E-06,1,373,.9619658806439770E-05,1,1523,0.9075413,0.1783348
305,1.000000000000000,1,1,119,1,-.1132426478484261,1,598,.6508235708322898,1,1399,1.025152,1.001053
306,1.000000000000000,1,1,119,2,-.1833720830832668E-03,1,477,-.9968247297532948E-03,1,688,1.118860,0.9988726
307,1.000000000000000,1,1,119,3,.2118156228521728E-06,1,373,.1044752719009807E-04,1,1523,0.9283260,0.2200464
308,1.000000000000000,1,1,120,1,-.1114366980777651,1,598,.6495229506834130,1,1399,1.026068,1.001114
309,1.000000000000000,1,1,120,2,-.1905040626053460E-03,1,477,-.8838842608316456E-03,1,688,1.105795,0.9981788
310,1.000000000000000,1,1,120,3,.2006033575921344E-06,1,373,.1120370175218907E-04,1,1523,0.9409021,0.2674984
311,1.000000000000000,1,1,121,1,-.1096007238661780,1,598,.6509871818438446,1,1399,1.027183,1.000458
312,1.000000000000000,1,1,121,2,-.1987759424754890E-03,1,477,.4279619001464100E-02,1,1399,1.474579,1.002903
313,1.000000000000000,1,1,121,3,.1388538671948114E-05,1,476,.1169064269398856E-04,1,1523,0.7030233,0.3239171
314,1.000000000000000,1,1,121,4,-.4097544307561876E-08,1,476,.4257948620853254E-06,1,1523,1.014080,0.3612492E-03
315,1.000000000000000,1,1,122,1,-.1077431747074607,1,598,.6483307748218313,1,1399,1.028226,1.000418
316,1.000000000000000,1,1,122,2,-.2057262039558488E-03,1,477,-.5794598747619150E-02,1,8,1.447701,1.003198
317,1.000000000000000,1,1,122,3,.1459893850345346E-05,1,476,.1201087588429416E-04,1,1523,0.7158227,0.3886754
318,1.000000000000000,1,1,122,4,-.4365214746386258E-08,1,476,.4022122233587295E-06,1,1523,1.019947,0.4002212E-03
319,1.000000000000000,1,1,123,1,-.1058676396472634,1,598,.6449168748436085,1,1399,1.029230,1.000474
320,1.000000000000000,1,1,123,2,-.2127463096356378E-03,1,477,-.4571361463740890E-02,1,8,1.335303,1.002849
321,1.000000000000000,1,1,123,3,.1162263213051353E-05,1,476,.1243171720571519E-04,1,1523,0.7764338,0.4436919
322,1.000000000000000,1,1,123,4,-.4677217424205293E-08,1,476,-.3735161287495133E-06,1,8,1.027178,0.3969037E-03
323,1.000000000000000,1,1,124,1,-.1039792496552435,1,598,.6409437661372315,1,1399,1.030238,1.000546
324,1.000000000000000,1,1,124,2,-.2196744073545566E-03,1,477,-.3855294595138756E-02,1,8,1.269167,1.002403
325,1.000000000000000,1,1,124,3,.9874344589430051E-06,1,476,.1260466784447247E-04,1,1523,0.8176145,0.5096973
326,1.000000000000000,1,1,125,1,-.1020830793401016,1,598,.6364248504574060,1,1399,1.031261,1.000620
327,1.000000000000000,1,1,125,2,-.2265209940045092E-03,1,477,-.3166545077486265E-02,1,8,1.211825,1.001553
328,1.000000000000000,1,1,125,3,.7920478325373008E-06,1,476,.1254417523619310E-04,1,1523,0.8575468,0.5733462
329,1.000000000000000,1,1,126,1,-.1001840049499028,1,598,.6313512020566452,1,1399,1.032297,1.000700
330,1.000000000000000,1,1,126,2,-.2332400570034909E-03,1,477,-.2736537686297042E-02,1,8,1.176131,1.000631
331,1.000000000000000,1,1,126,3,.6621235961284672E-06,1,476,.1236582273433843E-04,1,1523,0.8845623,0.6347069
332,1.000000000000000,1,1,127,1,-.9828675177995370E-01,1,598,.6258135965821174,1,1399,1.033356,1.000765
333,1.000000000000000,1,1,127,2,-.2399255636099884E-03,1,477,-.2451876703749449E-02,1,8,1.152445,0.9996847
334,1.000000000000000,1,1,127,3,.5687808823242171E-06,1,476,.1201482808140824E-04,1,1523,0.9039653,0.6905810
335,1.000000000000000,1,1,128,1,-.9639591514050350E-01,1,598,.6197650580232555,1,1399,1.034429,1.000835
336,1.000000000000000,1,1,128,2,-.2463821636672168E-03,1,477,-.2309002578921614E-02,1,8,1.138775,0.9989106
337,1.000000000000000,1,1,128,3,.5187167116632630E-06,1,476,.1155004895294278E-04,1,1523,0.9161208,0.7415719
338,1.000000000000000,1,1,129,1,-.9455930188941858E-01,1,700,.6132981796235623,1,1399,1.035516,1.000903
339,1.000000000000000,1,1,129,2,-.2526917024981793E-03,1,477,-.2214612863393456E-02,1,8,1.128939,0.9981737
340,1.000000000000000,1,1,129,3,.4810131820495668E-06,1,476,.1103219363153086E-04,1,1523,0.9254174,0.7867664
341,1.000000000000000,1,1,130,1,-.9309790911522894E-01,1,700,.6063934175411184,1,1399,1.036618,1.000968
342,1.000000000000000,1,1,130,2,-.2588528662155767E-03,1,477,-.2157523012777744E-02,1,8,1.121877,0.9974969
343,1.000000000000000,1,1,130,3,.4535898488529386E-06,1,476,.1049763577465041E-04,1,1523,0.9325343,0.8261764
344,1.000000000000000,1,1,131,1,-.9163935860043257E-01,1,700,.5991022066451661,1,1399,1.037731,1.001033
345,1.000000000000000,1,1,131,2,-.2648514202494403E-03,1,477,-.2124790573501395E-02,1,8,1.116635,0.9968606
346,1.000000000000000,1,1,131,3,.4327650737470984E-06,1,476,.9960701883066063E-05,1,1523,0.9381969,0.8601920
347,1.000000000000000,1,1,132,1,-.9018696346816767E-01,1,700,.5914710016202819,1,1399,1.038854,1.001094
348,1.000000000000000,1,1,132,2,-.2706859581715227E-03,1,477,-.2109252003920576E-02,1,8,1.112671,0.9962675
349,1.000000000000000,1,1,132,3,.4165198097170236E-06,1,476,.9466352048954234E-05,1,1523,0.9428111,0.8891025
350,1.000000000000000,1,1,133,1,-.8874385747874407E-01,1,700,.5834161565275739,1,1399,1.039992,1.001163
351,1.000000000000000,1,1,133,2,-.2762842791057683E-03,1,477,-.2098790768302122E-02,1,8,1.109326,0.9956720
352,1.000000000000000,1,1,133,3,.3996123498808058E-06,1,476,.9015645515297276E-05,1,1523,0.9469099,0.9139045
353,1.000000000000000,1,1,134,1,-.8731304212476636E-01,1,700,.5751928994339676,1,1399,1.041132,1.001220
354,1.000000000000000,1,1,134,2,-.2817727308448218E-03,1,477,-.2111091480476448E-02,1,8,1.107253,0.9951730
355,1.000000000000000,1,1,134,3,.3925305213977544E-06,1,476,.8622154253520625E-05,1,1523,0.9498864,0.9345635
356,1.000000000000000,1,1,135,1,-.8589738015136122E-01,1,700,.5668907497226072,1,1399,1.042282,1.001248
357,1.000000000000000,1,1,135,2,-.2871589305635411E-03,1,477,-.2163288040696210E-02,1,8,1.107104,0.9948333
358,1.000000000000000,1,1,135,3,.4086953328998550E-06,1,476,.8296388705187856E-05,1,1523,0.9504120,0.9522691
359,1.000000000000000,1,1,136,1,-.8449934274572084E-01,1,700,.5741142518764749,1,1178,1.043435,1.001304
360,1.000000000000000,1,1,136,2,-.2922508695280269E-03,1,477,-.2192951899400422E-02,1,8,1.106125,0.9944170
361,1.000000000000000,1,1,136,3,.4103996794157877E-06,1,476,.8015655215901409E-05,1,1523,0.9523436,0.9669682
362,1.000000000000000,1,1,137,1,-.8367881067184631E-01,1,469,.5824170799759648,1,1178,1.044585,1.001363
363,1.000000000000000,1,1,137,2,-.2971718514710559E-03,1,477,-.2216138330737327E-02,1,8,1.105050,0.9939758
364,1.000000000000000,1,1,137,3,.4071085108482545E-06,1,476,.7802629735757192E-05,1,1523,0.9546208,0.9790577
365,1.000000000000000,1,1,138,1,-.8304539789939068E-01,1,469,.5899912545346234,1,1178,1.045740,1.001411
366,1.000000000000000,1,1,138,2,-.3019269378807050E-03,1,477,-.2258005245879637E-02,1,8,1.104847,0.9936299
367,1.000000000000000,1,1,138,3,.4159983161501398E-06,1,476,.7639399884443547E-05,1,1523,0.9558253,0.9894843
368,1.000000000000000,1,1,139,1,-.8240182207757532E-01,1,469,.5969389889669858,1,1178,1.046884,1.001452
369,1.000000000000000,1,1,139,2,-.3065753075198409E-03,1,477,-.2276281821012506E-02,1,8,1.103875,0.9931717
370,1.000000000000000,1,1,139,3,.4101222966968365E-06,1,476,.7547785126348934E-05,1,1523,0.9576882,0.9986583
371,1.000000000000000,1,1,140,1,-.8174939898701573E-01,1,469,.6032287247408731,1,1178,1.048015,1.001476
372,1.000000000000000,1,1,140,2,-.3112126288185146E-03,1,477,-.2113731601856668E-02,1,8,1.097510,0.9910782
373,1.000000000000000,1,1,140,3,.3913873719494291E-06,1,373,.7767663276765534E-05,1,1523,0.9701817,1.002192
374,1.000000000000000,1,1,141,1,-.8108953114775261E-01,1,469,.6087101877805916,1,1178,1.049166,1.001519
375,1.000000000000000,1,1,141,2,-.3154088348659605E-03,1,477,-.2170422966037628E-02,1,8,1.098323,0.9908448
376,1.000000000000000,1,1,141,3,.4030925659331520E-06,1,373,.7816990895353737E-05,1,1523,0.9703492,1.008273
377,1.000000000000000,1,1,142,1,-.8042345109301163E-01,1,469,.6135307584122724,1,1178,1.050310,1.001562
378,1.000000000000000,1,1,142,2,-.3194361041615016E-03,1,477,-.2236062521879384E-02,1,8,1.099507,0.9906857
379,1.000000000000000,1,1,142,3,.4162488122233327E-06,1,373,.7920540298357931E-05,1,1523,0.9702871,1.013150
380,1.000000000000000,1,1,143,1,-.7975245545266399E-01,1,469,.6176857483711859,1,1178,1.051451,1.001605
381,1.000000000000000,1,1,143,2,-.3232743303497770E-03,1,477,-.2296352968821042E-02,1,8,1.100674,0.9904435
382,1.000000000000000,1,1,143,3,.4292395922222671E-06,1,373,.8162803212759310E-05,1,1523,0.9699696,1.016329
383,1.000000000000000,1,1,144,1,-.7907775430336345E-01,1,469,.6212291606653801,1,1178,1.052581,1.001633
384,1.000000000000000,1,1,144,2,-.3270160815262156E-03,1,477,-.2357702979006705E-02,1,8,1.101869,0.9902823
385,1.000000000000000,1,1,144,3,.4420987660187676E-06,1,373,.8336654285919698E-05,1,1523,0.9698310,1.019856
386,1.000000000000000,1,1,145,1,-.7840055633741089E-01,1,469,.6241510052099919,1,1178,1.053706,1.001671
387,1.000000000000000,1,1,145,2,-.3305444768977755E-03,1,477,-.2421422322564445E-02,1,8,1.103214,0.9901515
388,1.000000000000000,1,1,145,3,.4554239225809542E-06,1,373,.8508710632424932E-05,1,1523,0.9692571,1.023330
389,1.000000000000000,1,1,146,1,-.7772201458227182E-01,1,469,.6402824120769333,1,1445,1.054818,1.001702
390,1.000000000000000,1,1,146,2,-.3347892370417831E-03,1,476,-.2490752333950457E-02,1,8,1.104821,0.9900764
391,1.000000000000000,1,1,146,3,.4749871130217312E-06,1,476,.8711886328786527E-05,1,1523,0.9685417,1.026004
392,1.000000000000000,1,1,147,1,-.7704327258621481E-01,1,469,.6580494625651819,1,1445,1.055924,1.001736
393,1.000000000000000,1,1,147,2,-.3478438733242513E-03,1,476,-.2555026678950027E-02,1,8,1.106337,0.9899853
394,1.000000000000000,1,1,147,3,.5228740509436070E-06,1,476,.8926349345485559E-05,1,1523,0.9677358,1.028641
395,1.000000000000000,1,1,148,1,-.7636554268397656E-01,1,469,.6752618336174360,1,1445,1.057058,1.001718
396,1.000000000000000,1,1,148,2,-.3609898449412782E-03,1,476,-.3064042030306548E-02,1,8,1.114002,0.9907313
397,1.000000000000000,1,1,148,3,.7735643407444839E-06,1,476,.8825544582915175E-05,1,1523,0.9576904,1.034174
398,1.000000000000000,1,1,149,1,-.7568953695125116E-01,1,469,.6919393580452179,1,1445,1.058138,1.001751
399,1.000000000000000,1,1,149,2,-.3737791673643709E-03,1,476,-.3128024722233010E-02,1,8,1.115718,0.9907102
400,1.000000000000000,1,1,149,3,.8416265941912421E-06,1,476,.9060407051700724E-05,1,1523,0.9567555,1.036048
401,1.000000000000000,1,1,150,1,-.7501642625470642E-01,1,469,.7097108115476153,1,1445,1.059216,1.001775
402,1.000000000000000,1,1,150,2,-.3861980878478907E-03,1,476,-.3181986289746967E-02,1,8,1.117242,0.9906620
403,1.000000000000000,1,1,150,3,.9111139633248326E-06,1,476,.9392371233040874E-05,1,1523,0.9559277,1.037516
404,1.000000000000000,1,1,151,1,-.7434707320577071E-01,1,469,.7251346692504490,1,1445,1.060273,1.001805
405,1.000000000000000,1,1,151,2,-.3985990907204625E-03,1,476,-.3244827407759432E-02,1,8,1.119110,0.9906822
406,1.000000000000000,1,1,151,3,.9906126355052184E-06,1,476,.9654983413943558E-05,1,1523,0.9548279,1.038916
407,1.000000000000000,1,1,152,1,-.7368234728017758E-01,1,469,.7402343664727765,1,1445,1.061308,1.001794
408,1.000000000000000,1,1,152,2,-.4109404301304921E-03,1,476,-.3260052321031636E-02,1,8,1.120563,0.9905751
409,1.000000000000000,1,1,152,3,.1057588978067317E-05,1,476,.1002596781130165E-04,1,1523,0.9550828,1.038127
410,1.000000000000000,1,1,152,4,-.3060978115974720E-08,1,476,-.9269069414011177E-06,1,806,1.048712,0.2292393E-02
411,1.000000000000000,1,1,153,1,-.7302305363270045E-01,1,469,.7544644559796729,1,1445,1.062337,1.001822
412,1.000000000000000,1,1,153,2,-.4229150738507966E-03,1,476,-.3319635373517454E-02,1,8,1.122548,0.9906310
413,1.000000000000000,1,1,153,3,.1147612108492450E-05,1,476,.1030849833840495E-04,1,1523,0.9538497,1.039142
414,1.000000000000000,1,1,153,4,-.3124392089057605E-08,1,476,-.9944830552588560E-06,1,806,1.050105,0.2621566E-02
415,1.000000000000000,1,1,154,1,-.7236984170416830E-01,1,469,.7678838038123073,1,1445,1.063338,1.001911
416,1.000000000000000,1,1,154,2,-.4344761920022154E-03,1,476,-.3347389892557763E-02,1,8,1.123264,0.9905546
417,1.000000000000000,1,1,154,3,.1192139915256476E-05,1,476,.1066972531794166E-04,1,1523,0.9539629,1.040124
418,1.000000000000000,1,1,154,4,-.3201492863358520E-08,1,476,-.1048472916151061E-05,1,806,1.047796,0.2934809E-02
419,1.000000000000000,1,1,155,1,-.7172357993536979E-01,1,469,.7809491000402601,1,1445,1.064343,1.001950
420,1.000000000000000,1,1,155,2,-.4457618489884416E-03,1,476,-.3378083822023482E-02,1,8,1.124553,0.9904718
421,1.000000000000000,1,1,155,3,.1268576419430838E-05,1,476,.1109644150813466E-04,1,1523,0.9529741,1.041396
422,1.000000000000000,1,1,155,4,-.3192677543175677E-08,1,476,-.1119248519102853E-05,1,806,1.050019,0.3356881E-02
423,1.000000000000000,1,1,156,1,-.7108478504940416E-01,1,469,.7933828817945511,1,1445,1.065329,1.001977
424,1.000000000000000,1,1,156,2,-.4569865222954619E-03,1,476,-.3428388174877254E-02,1,8,1.126493,0.9905429
425,1.000000000000000,1,1,156,3,.1364976683037879E-05,1,476,.1141058667459843E-04,1,1523,0.9517465,1.042049
426,1.000000000000000,1,1,156,4,-.3275683740782714E-08,1,476,-.1186303685060667E-05,1,806,1.051077,0.3766342E-02
427,1.000000000000000,1,1,157,1,-.7045403013758803E-01,1,469,.8052345835516905,1,1445,1.066300,1.002003
428,1.000000000000000,1,1,157,2,-.4679602465657584E-03,1,476,-.3477464831105449E-02,1,8,1.128498,0.9906237
429,1.000000000000000,1,1,157,3,.1467085368973755E-05,1,476,.1173143859757085E-04,1,1523,0.9504840,1.042587
430,1.000000000000000,1,1,157,4,-.3367601058298260E-08,1,476,-.1255778288811267E-05,1,806,1.052381,0.4215509E-02
431,1.000000000000000,1,1,158,1,-.6983184455432800E-01,1,469,.8164974713654648,1,1445,1.067260,1.002026
432,1.000000000000000,1,1,158,2,-.4786723823065208E-03,1,476,-.3528825596845193E-02,1,8,1.130654,0.9907447
433,1.000000000000000,1,1,158,3,.1578811931170970E-05,1,476,.1199526143958154E-04,1,1523,0.9488269,1.043305
434,1.000000000000000,1,1,158,4,-.3449056678726115E-08,1,476,-.1337897293868762E-05,1,806,1.055640,0.4773548E-02
435,1.000000000000000,1,1,159,1,-.6921866540085189E-01,1,469,.8269256521937376,1,1445,1.068205,1.002058
436,1.000000000000000,1,1,159,2,-.4900265851346758E-03,1,476,-.3570808555959014E-02,1,8,1.132569,0.9908316
437,1.000000000000000,1,1,159,3,.1685516248603164E-05,1,476,.1230946709864051E-04,1,1523,0.9475851,1.043959
438,1.000000000000000,1,1,159,4,-.3549003118696099E-08,1,476,-.1407761087527983E-05,1,806,1.056550,0.5293003E-02
439,1.000000000000000,1,1,160,1,-.6861490454987815E-01,1,469,.8370713364655821,1,1445,1.069135,1.002083
440,1.000000000000000,1,1,160,2,-.5002480414738765E-03,1,476,-.3612583097733145E-02,1,8,1.134526,0.9909501
441,1.000000000000000,1,1,160,3,.1793734136004648E-05,1,476,.1261448400315331E-04,1,1523,0.9462746,1.044363
442,1.000000000000000,1,1,160,4,-.3655019749351079E-08,1,476,-.1476317924881055E-05,1,806,1.057602,0.5836686E-02
443,1.000000000000000,1,1,161,1,-.6802091897480519E-01,1,469,.8466598332832516,1,1445,1.070052,1.002107
444,1.000000000000000,1,1,161,2,-.5102043221337720E-03,1,476,-.3649625488249116E-02,1,8,1.136464,0.9910441
445,1.000000000000000,1,1,161,3,.1904265486936764E-05,1,476,.1294451901902514E-04,1,1523,0.9450433,1.044587
446,1.000000000000000,1,1,161,4,-.3773207960464870E-08,1,476,-.1541127199149633E-05,1,806,1.058321,0.6394737E-02
447,1.000000000000000,1,1,162,1,-.6743702700533069E-01,1,469,.8557612126966040,1,1445,1.070956,1.002118
448,1.000000000000000,1,1,162,2,-.5199428562516243E-03,1,476,-.3775672195784455E-02,1,1615,1.138958,0.9911989
449,1.000000000000000,1,1,162,3,.2043873239916129E-05,1,476,.1328632241234470E-04,1,1523,0.9433994,1.044429
450,1.000000000000000,1,1,162,4,-.3920882922939426E-08,1,476,-.1617092484804526E-05,1,806,1.060747,0.7071569E-02
451,1.000000000000000,1,1,163,1,-.6686346060891583E-01,1,469,.8643176994094665,1,1445,1.071847,1.002142
452,1.000000000000000,1,1,163,2,-.5294123641452649E-03,1,476,-.3886819393339370E-02,1,1615,1.140902,0.9913010
453,1.000000000000000,1,1,163,3,.2159266627086077E-05,1,476,.1361007106537802E-04,1,1523,0.9421692,1.044589
454,1.000000000000000,1,1,163,4,-.4049593021017008E-08,1,476,-.1681557427015884E-05,1,806,1.061384,0.7690712E-02
455,1.000000000000000,1,1,164,1,-.6630044551862416E-01,1,469,.8723568800458864,1,1445,1.072723,1.002164
456,1.000000000000000,1,1,164,2,-.5385698227824047E-03,1,476,-.3996401791504132E-02,1,1615,1.142826,0.9914040
457,1.000000000000000,1,1,164,3,.2276146067861295E-05,1,476,.1393224799829386E-04,1,1523,0.9409577,1.044656
458,1.000000000000000,1,1,164,4,-.4186801550932668E-08,1,476,-.1743340297456462E-05,1,806,1.061874,0.8319308E-02
459,1.000000000000000,1,1,165,1,-.6616554811425515E-01,1,1596,.8798966524086408,1,1445,1.073587,1.002187
460,1.000000000000000,1,1,165,2,-.5474572202011364E-03,1,476,-.4104002497492099E-02,1,1615,1.144723,0.9915027
461,1.000000000000000,1,1,165,3,.2393619911621778E-05,1,476,.1424969587956048E-04,1,1523,0.9397619,1.044698
462,1.000000000000000,1,1,165,4,-.4328169990630076E-08,1,476,-.1803719914112662E-05,1,806,1.062302,0.8967393E-02
463,1.000000000000000,1,1,166,1,-.6645076208121019E-01,1,1596,.8869555256064878,1,1445,1.074438,1.002214
464,1.000000000000000,1,1,166,2,-.5560896894900105E-03,1,476,-.4216280629670183E-02,1,1615,1.146773,0.9916228
465,1.000000000000000,1,1,166,3,.2520900878625086E-05,1,476,.1460254703579947E-04,1,1523,0.9385354,1.044492
466,1.000000000000000,1,1,166,4,-.4492345568261471E-08,1,476,-.1860211457036537E-05,1,806,1.062377,0.9609415E-02
467,1.000000000000000,1,1,167,1,-.6671099769411964E-01,1,1596,.8940060717289621,1,1445,1.075261,1.002187
468,1.000000000000000,1,1,167,2,-.5649858232151734E-03,1,476,-.4472397231344605E-02,1,1615,1.152117,0.9924005
469,1.000000000000000,1,1,167,3,.2816506728303730E-05,1,476,.1564753419809013E-04,1,1523,0.9360065,1.041165
470,1.000000000000000,1,1,167,4,-.4937354258011005E-08,1,476,-.1799746683719227E-05,1,806,1.048740,0.9065180E-02
471,1.000000000000000,1,1,168,1,-.6694793061739573E-01,1,1596,.9002245872499037,1,1445,1.076087,1.002207
472,1.000000000000000,1,1,168,2,-.5731617178410915E-03,1,476,-.4578965161476112E-02,1,1615,1.154039,0.9925012
473,1.000000000000000,1,1,168,3,.2943116677370478E-05,1,476,.1597457105362035E-04,1,1523,0.9348028,1.041069
474,1.000000000000000,1,1,168,4,-.5103598010511962E-08,1,476,-.1851670590034243E-05,1,806,1.048911,0.9667906E-02
475,1.000000000000000,1,1,169,1,-.6716258158750336E-01,1,1596,.9060159498834309,1,1445,1.076904,1.002226
476,1.000000000000000,1,1,169,2,-.5810929922023403E-03,1,476,-.4683846405458559E-02,1,1615,1.155949,0.9926012
477,1.000000000000000,1,1,169,3,.3070545577964058E-05,1,476,.1629207715009242E-04,1,1523,0.9335938,1.040972
478,1.000000000000000,1,1,169,4,-.5271968611203059E-08,1,476,-.1903046596765724E-05,1,806,1.049126,0.1029371E-01
479,1.000000000000000,1,1,170,1,-.6735619239284815E-01,1,1596,.9115194695304059,1,1445,1.077724,1.002199
480,1.000000000000000,1,1,170,2,-.5889642022735714E-03,1,476,-.4835987550859545E-02,1,1615,1.159343,0.9927553
481,1.000000000000000,1,1,170,3,.3282138208722051E-05,1,476,.1586350830111006E-04,1,1523,0.9291107,1.043713
482,1.000000000000000,1,1,170,4,-.5177387189125842E-08,1,476,-.2087062406815281E-05,1,806,1.064070,0.1246251E-01
483,1.000000000000000,1,1,171,1,-.6752975248311849E-01,1,1596,.9165683768238533,1,1445,1.078515,1.002217
484,1.000000000000000,1,1,171,2,-.5964564450515290E-03,1,476,-.4924323856780612E-02,1,1615,1.160914,0.9927594
485,1.000000000000000,1,1,171,3,.3396222005967382E-05,1,476,.1610791815989798E-04,1,1523,0.9281546,1.043726
486,1.000000000000000,1,1,171,4,-.5332432452009643E-08,1,476,-.2155317934589434E-05,1,806,1.065874,0.1343552E-01
487,1.000000000000000,1,1,172,1,-.6768441169476637E-01,1,1596,.9211525556505438,1,1445,1.079296,1.002251
488,1.000000000000000,1,1,172,2,-.6060810557492722E-03,1,476,-.5017974953822239E-02,1,1615,1.162618,0.9928105
489,1.000000000000000,1,1,172,3,.3521593673646485E-05,1,476,.1647450157851783E-04,1,1523,0.9272104,1.043968
490,1.000000000000000,1,1,172,4,-.5502948310720474E-08,1,476,-.2212702250832620E-05,1,806,1.065786,0.1432454E-01
491,1.000000000000000,1,1,173,1,-.6782129960274724E-01,1,1596,.9254676118873627,1,1445,1.080067,1.002271
492,1.000000000000000,1,1,173,2,-.6132916687557617E-03,1,476,-.5107946116504318E-02,1,1615,1.164269,0.9928605
493,1.000000000000000,1,1,173,3,.3641678437690630E-05,1,476,.1676839640470483E-04,1,1523,0.9262889,1.043803
494,1.000000000000000,1,1,173,4,-.5679569318631767E-08,1,476,-.2259387985866001E-05,1,806,1.065562,0.1509398E-01
495,1.000000000000000,1,1,174,1,-.6794142558714250E-01,1,1596,.9294165690678574,1,1445,1.080828,1.002295
496,1.000000000000000,1,1,174,2,-.6202675900689025E-03,1,476,-.5190527549055782E-02,1,1615,1.165760,0.9928839
497,1.000000000000000,1,1,174,3,.3753567145221942E-05,1,476,.1706276992355695E-04,1,1523,0.9255335,1.043610
498,1.000000000000000,1,1,174,4,-.5860049742942377E-08,1,476,-.2302385192471988E-05,1,806,1.065059,0.1584307E-01
499,1.000000000000000,1,1,175,1,-.6804557395332979E-01,1,1596,.9331644340196604,1,1445,1.081580,1.002316
500,1.000000000000000,1,1,175,2,-.6271308253242915E-03,1,476,-.5276582714791518E-02,1,1615,1.167375,0.9929285
501,1.000000000000000,1,1,175,3,.3873405017098161E-05,1,476,.1734794291298628E-04,1,1523,0.9246400,1.043462
502,1.000000000000000,1,1,175,4,-.6038846971944320E-08,1,476,-.2344893220813117E-05,1,806,1.064603,0.1662153E-01
503,1.000000000000000,1,1,176,1,-.6813490755034399E-01,1,1596,.9365130207724541,1,1445,1.082322,1.002337
504,1.000000000000000,1,1,176,2,-.6337467174728060E-03,1,476,-.5358864463194874E-02,1,1615,1.168928,0.9929613
505,1.000000000000000,1,1,176,3,.3990261315684986E-05,1,476,.1761963051763894E-04,1,1523,0.9237964,1.043311
506,1.000000000000000,1,1,176,4,-.6218925192027988E-08,1,476,-.2386325172305792E-05,1,806,1.064169,0.1741520E-01
507,1.000000000000000,1,1,177,1,-.6821035488719422E-01,1,1596,.9387810521405318,1,1445,1.083066,1.002356
508,1.000000000000000,1,1,177,2,-.6400374603995072E-03,1,476,-.5413373402171791E-02,1,1615,1.169831,0.9928809
509,1.000000000000000,1,1,177,3,.4065785342310211E-05,1,476,.1775798817930006E-04,1,1523,0.9230962,1.044221
510,1.000000000000000,1,1,177,4,-.6317169106284189E-08,1,476,-.2429842510389123E-05,1,806,1.063450,0.1829325E-01
511,1.000000000000000,1,1,178,1,-.6827266347746659E-01,1,1596,.9415451274927910,1,1445,1.083791,1.002379
512,1.000000000000000,1,1,178,2,-.6462792875505124E-03,1,476,-.5487961191282012E-02,1,1615,1.171257,0.9928882
513,1.000000000000000,1,1,178,3,.4176449805786852E-05,1,476,.1801367184268773E-04,1,1523,0.9223594,1.044091
514,1.000000000000000,1,1,178,4,-.6494673206944143E-08,1,476,-.2468341699670181E-05,1,806,1.062916,0.1911279E-01
515,1.000000000000000,1,1,179,1,-.6832270933595570E-01,1,1596,.9440448467631675,1,1445,1.084509,1.002401
516,1.000000000000000,1,1,179,2,-.6523483448886280E-03,1,476,-.5559337945993057E-02,1,1615,1.172637,0.9928861
517,1.000000000000000,1,1,179,3,.4284862607429933E-05,1,476,.1825780017424286E-04,1,1523,0.9216583,1.043981
518,1.000000000000000,1,1,179,4,-.6670810954477950E-08,1,476,-.2506059485276528E-05,1,806,1.062386,0.1995569E-01
519,1.000000000000000,1,1,180,1,-.6836106493217001E-01,1,1596,.9467603880740725,1,1445,1.085206,1.002362
520,1.000000000000000,1,1,180,2,-.6583648103931282E-03,1,476,-.6021948977570333E-02,1,1615,1.168713,0.9909876
521,1.000000000000000,1,1,180,3,.4113154461242441E-05,1,476,-.2043959202400327E-04,1,1615,0.9261696,1.038192
522,1.000000000000000,1,1,180,4,-.7840646923125232E-08,1,476,-.2723511183193111E-05,1,806,1.050910,0.2122256E-01
523,1.000000000000000,1,1,181,1,-.6838888937184318E-01,1,1596,.9487498821721367,1,1445,1.085910,1.002387
524,1.000000000000000,1,1,181,2,-.6640856748916786E-03,1,476,-.6091092632220066E-02,1,1615,1.169904,0.9909550
525,1.000000000000000,1,1,181,3,.4209177100058346E-05,1,476,-.2080927962252442E-04,1,1615,0.9256011,1.038120
526,1.000000000000000,1,1,181,4,-.8023144405424890E-08,1,476,-.2762668512110067E-05,1,806,1.050458,0.2212956E-01
527,1.000000000000000,1,1,182,1,-.6840667241131666E-01,1,1596,.9505132367150239,1,1445,1.086607,1.002411
528,1.000000000000000,1,1,182,2,-.6696543502059632E-03,1,476,-.6155779660756287E-02,1,1615,1.171026,0.9909077
529,1.000000000000000,1,1,182,3,.4301367267295604E-05,1,476,-.2117941287181352E-04,1,1615,0.9250963,1.038083
530,1.000000000000000,1,1,182,4,-.8202669486509516E-08,1,476,-.2800797300100053E-05,1,806,1.049942,0.2305953E-01
531,1.000000000000000,1,1,183,1,-.6841507418289260E-01,1,1596,.9520525680920052,1,1445,1.087298,1.002437
532,1.000000000000000,1,1,183,2,-.6750676530098259E-03,1,476,-.6219231424307432E-02,1,1615,1.172149,0.9908594
533,1.000000000000000,1,1,183,3,.4393767270951045E-05,1,476,-.2154917303294790E-04,1,1615,0.9245853,1.038077
534,1.000000000000000,1,1,183,4,-.8376136283432542E-08,1,476,-.2838663313014100E-05,1,806,1.049430,0.2401800E-01
535,1.000000000000000,1,1,184,1,-.6841472171906557E-01,1,1596,.9533799977537474,1,1445,1.087982,1.002462
536,1.000000000000000,1,1,184,2,-.6803269167522627E-03,1,476,-.6275707673537688E-02,1,1615,1.173142,0.9907863
537,1.000000000000000,1,1,184,3,.4478440877687878E-05,1,476,-.2191570085423438E-04,1,1615,0.9241810,1.038113
538,1.000000000000000,1,1,184,4,-.8543561424174697E-08,1,476,-.2876776075745279E-05,1,806,1.048962,0.2502370E-01
539,1.000000000000000,1,1,185,1,-.6840615371146734E-01,1,1596,.9544873780585844,1,1445,1.088652,1.002511
540,1.000000000000000,1,1,185,2,-.6855471684997579E-03,1,476,-.6404046872833281E-02,1,1615,1.175774,0.9909793
541,1.000000000000000,1,1,185,3,.4667223522435098E-05,1,476,-.2230121758292367E-04,1,1615,0.9217810,1.039207
542,1.000000000000000,1,1,185,4,-.8617512855339377E-08,1,476,-.2932159428905043E-05,1,806,1.049345,0.2640613E-01
543,1.000000000000000,1,1,186,1,-.6839007811228870E-01,1,1596,.9554287384159327,1,1445,1.089326,1.002538
544,1.000000000000000,1,1,186,2,-.6905306743740968E-03,1,476,-.6453010735498512E-02,1,1615,1.176650,0.9908843
545,1.000000000000000,1,1,186,3,.4745497061690245E-05,1,476,-.2267165083669892E-04,1,1615,0.9214877,1.039310
546,1.000000000000000,1,1,186,4,-.8772753727166601E-08,1,476,-.2970322519992392E-05,1,806,1.048854,0.2749872E-01
547,1.000000000000000,1,1,187,1,-.6836683666330243E-01,1,1596,.9563711115942301,1,1445,1.089988,1.002542
548,1.000000000000000,1,1,187,2,-.6955806027286638E-03,1,476,-.6527729779423589E-02,1,1615,1.178100,0.9909303
549,1.000000000000000,1,1,187,3,.4859731239040950E-05,1,476,-.2302549778449428E-04,1,1615,0.9207176,1.039131
550,1.000000000000000,1,1,187,4,-.8951529171836486E-08,1,476,-.2996910270789384E-05,1,806,1.048014,0.2841129E-01
551,1.000000000000000,1,1,188,1,-.6833710467523396E-01,1,1596,.9569528042164771,1,1445,1.090653,1.002568
552,1.000000000000000,1,1,188,2,-.7002958602548370E-03,1,476,-.6567142289917780E-02,1,1615,1.178821,0.9908015
553,1.000000000000000,1,1,188,3,.4928551473759109E-05,1,476,-.2339784317214929E-04,1,1615,0.9205831,1.039261
554,1.000000000000000,1,1,188,4,-.9098343506221977E-08,1,476,-.3031826213384605E-05,1,806,1.047342,0.2955263E-01
555,1.000000000000000,1,1,189,1,-.6830125045292550E-01,1,1596,.9573786132291269,1,1445,1.091312,1.002596
556,1.000000000000000,1,1,189,2,-.7048961591158210E-03,1,476,-.6604586041431592E-02,1,1615,1.179519,0.9906675
557,1.000000000000000,1,1,189,3,.4995856679691386E-05,1,476,-.2377300638338442E-04,1,1615,0.9204510,1.039464
558,1.000000000000000,1,1,189,4,-.9234187959961562E-08,1,476,-.3068054505749090E-05,1,806,1.046732,0.3076701E-01
559,1.000000000000000,1,1,190,1,-.6825972406656000E-01,1,1596,.9576436181432597,1,1445,1.091966,1.002626
560,1.000000000000000,1,1,190,2,-.7093720791879449E-03,1,476,-.6638273232749479E-02,1,1615,1.180155,0.9905239
561,1.000000000000000,1,1,190,3,.5058763102879019E-05,1,476,-.2415034066867653E-04,1,1615,0.9203638,1.039727
562,1.000000000000000,1,1,190,4,-.9359077913491304E-08,1,476,-.3105666314773184E-05,1,806,1.046194,0.3206983E-01
563,1.000000000000000,1,1,191,1,-.6821294467522872E-01,1,1596,.9577469153759970,1,1445,1.092617,1.002657
564,1.000000000000000,1,1,191,2,-.7137203694965328E-03,1,476,-.6668407921924323E-02,1,1615,1.180730,0.9903703
565,1.000000000000000,1,1,191,3,.5117457540949969E-05,1,476,-.2453423023851644E-04,1,1615,0.9203206,1.040075
566,1.000000000000000,1,1,191,4,-.9463589077998247E-08,1,476,-.3144028995403477E-05,1,806,1.045640,0.3345436E-01
567,1.000000000000000,1,1,192,1,-.6816136658025876E-01,1,1596,.9575611449478992,1,1445,1.093269,1.002707
568,1.000000000000000,1,1,192,2,-.7177995886799924E-03,1,476,-.6683892603770475E-02,1,1615,1.180935,0.9901982
569,1.000000000000000,1,1,192,3,.5148459065057433E-05,1,476,-.2494325908893235E-04,1,1615,0.9208950,1.039807
570,1.000000000000000,1,1,192,4,-.9627399564578243E-08,1,476,-.3170008714522326E-05,1,806,1.044329,0.3459882E-01
571,1.000000000000000,1,1,193,1,-.6810521438921720E-01,1,1596,.9573875701106499,1,1445,1.093913,1.002740
572,1.000000000000000,1,1,193,2,-.7219242230765297E-03,1,476,-.6706588879011270E-02,1,1615,1.181389,0.9900204
573,1.000000000000000,1,1,193,3,.5198367955541611E-05,1,476,-.2533742810947108E-04,1,1615,0.9209569,1.040257
574,1.000000000000000,1,1,193,4,-.9714828916034634E-08,1,476,-.3210292412126531E-05,1,806,1.043838,0.3615605E-01
575,1.000000000000000,1,1,194,1,-.6804490150686279E-01,1,1596,.9570746382721639,1,1445,1.094554,1.002775
576,1.000000000000000,1,1,194,2,-.7259355472241621E-03,1,476,-.6725286379297924E-02,1,1615,1.181774,0.9898289
577,1.000000000000000,1,1,194,3,.5243372338064429E-05,1,476,-.2573622714977638E-04,1,1615,0.9210817,1.040748
578,1.000000000000000,1,1,194,4,-.9792701859848206E-08,1,476,-.3250236557451491E-05,1,806,1.043296,0.3773624E-01
579,1.000000000000000,1,1,195,1,-.6804932881547854E-01,1,233,.9565609133994795,1,1445,1.095195,1.002818
580,1.000000000000000,1,1,195,2,-.7297703084431248E-03,1,476,-.6738569124245106E-02,1,1615,1.182056,0.9896155
581,1.000000000000000,1,1,195,3,.5280758319555093E-05,1,476,-.2614533238670929E-04,1,1615,0.9213042,1.041295
582,1.000000000000000,1,1,195,4,-.9855409923620610E-08,1,476,-.3289985176190883E-05,1,806,1.042689,0.3946036E-01
583,1.000000000000000,1,1,196,1,-.6805573725580821E-01,1,233,.9558953723798329,1,1445,1.095834,1.002868
584,1.000000000000000,1,1,196,2,-.7334340446647780E-03,1,476,-.6730358240851381E-02,1,1615,1.181816,0.9893424
585,1.000000000000000,1,1,196,3,.5280831101133097E-05,1,476,-.2656960218704075E-04,1,1615,0.9214853,1.043133
586,1.000000000000000,1,1,196,4,-.9782874061579539E-08,1,476,-.3349799218567947E-05,1,806,1.042585,0.4181806E-01
587,1.000000000000000,1,1,197,1,-.6806252794370712E-01,1,143,-.9586945339968705,1,11,1.096466,1.002906
588,1.000000000000000,1,1,197,2,-.7371484468213887E-03,1,476,-.6741306785005056E-02,1,1615,1.182087,0.9891252
589,1.000000000000000,1,1,197,3,.5316653847808142E-05,1,476,-.2699180446353848E-04,1,1615,0.9217114,1.043834
590,1.000000000000000,1,1,197,4,-.9814437976865424E-08,1,476,-.3393870739313801E-05,1,806,1.042128,0.4386164E-01
591,1.000000000000000,1,1,198,1,-.6807393824509231E-01,1,143,-.9641795121973228,1,11,1.097098,1.002947
592,1.000000000000000,1,1,198,2,-.7407429330934336E-03,1,476,-.6746603612330591E-02,1,1615,1.182252,0.9888846
593,1.000000000000000,1,1,198,3,.5344677936831615E-05,1,476,-.2742423664707182E-04,1,1615,0.9220315,1.044628
594,1.000000000000000,1,1,198,4,-.9827372800014018E-08,1,476,-.3439027313943451E-05,1,806,1.041652,0.4606156E-01
595,1.000000000000000,1,1,199,1,-.6807965001153646E-01,1,143,-.9695876103914539,1,11,1.097723,1.002995
596,1.000000000000000,1,1,199,2,-.7443086828847712E-03,1,476,-.6778906031929531E-02,1,1615,1.183048,0.9887424
597,1.000000000000000,1,1,199,3,.5416866082076736E-05,1,476,-.2788531356869011E-04,1,1615,0.9217774,1.045492
598,1.000000000000000,1,1,199,4,-.9835786728339922E-08,1,476,-.3479422700589384E-05,1,806,1.040825,0.4829723E-01
599,1.000000000000000,1,1,200,1,-.6807998358029824E-01,1,143,-.9748677168180757,1,11,1.098350,1.003036
600,1.000000000000000,1,1,200,2,-.7477424044959044E-03,1,476,-.6781819199347616E-02,1,1615,1.183193,0.9884974
601,1.000000000000000,1,1,200,3,.5442841270870703E-05,1,476,-.2833696077876164E-04,1,1615,0.9221166,1.046426
602,1.000000000000000,1,1,200,4,-.9815616816448588E-08,1,476,-.3527810641999406E-05,1,806,1.040439,0.5086714E-01
603,1.000000000000000,1,1,201,1,-.6807496562662362E-01,1,143,-.9793014039670763,1,11,1.098961,1.003056
604,1.000000000000000,1,1,201,2,-.7513970751947425E-03,1,476,-.6819800257167164E-02,1,1615,1.184058,0.9884699
605,1.000000000000000,1,1,201,3,.5515381296809578E-05,1,476,-.2886857291500460E-04,1,1615,0.9226512,1.045573
606,1.000000000000000,1,1,201,4,-.9918312907354326E-08,1,476,-.3528315405320804E-05,1,806,1.037583,0.5187096E-01
607,1.000000000000000,1,1,202,1,-.6806538605636576E-01,1,143,-.9844619268022879,1,11,1.099586,1.003100
608,1.000000000000000,1,1,202,2,-.7546558590158123E-03,1,476,-.6817966697090456E-02,1,1615,1.184128,0.9882073
609,1.000000000000000,1,1,202,3,.5535543325319706E-05,1,476,-.2934989917222983E-04,1,1615,0.9230606,1.046682
610,1.000000000000000,1,1,202,4,-.9859248048047443E-08,1,476,-.3579835683258801E-05,1,806,1.037230,0.5481551E-01
611,1.000000000000000,1,1,203,1,-.6805122768473118E-01,1,143,-.9895498892243643,1,11,1.100210,1.003145
612,1.000000000000000,1,1,203,2,-.7578377540676161E-03,1,476,-.6814355350608233E-02,1,1615,1.184174,0.9879384
613,1.000000000000000,1,1,203,3,.5553440839648569E-05,1,476,-.2984189709424330E-04,1,1615,0.9234910,1.047877
614,1.000000000000000,1,1,203,4,-.9782394240292228E-08,1,476,-.3633241726828238E-05,1,806,1.036926,0.5801438E-01
615,1.000000000000000,1,1,204,1,-.6803273528216555E-01,1,143,-.9945941054706172,1,11,1.100833,1.003192
616,1.000000000000000,1,1,204,2,-.7609331643054480E-03,1,476,-.6808612449136527E-02,1,1615,1.184188,0.9876601
617,1.000000000000000,1,1,204,3,.5568589679909720E-05,1,476,-.3034585614964904E-04,1,1615,0.9239508,1.049168
618,1.000000000000000,1,1,204,4,-.9684726487399047E-08,1,476,-.3688547371494422E-05,1,806,1.036668,0.6149634E-01
619,1.000000000000000,1,1,205,1,-.6801000440720446E-01,1,143,-.9991479329364945,1,11,1.101452,1.003221
620,1.000000000000000,1,1,205,2,-.7642246985274687E-03,1,476,-.6757028594050858E-02,1,1615,1.183154,0.9872123
621,1.000000000000000,1,1,205,3,.5469644087465351E-05,1,476,-.3091875854027632E-04,1,1615,0.9255171,1.050557
622,1.000000000000000,1,1,205,4,-.1017233598989909E-07,1,476,-.3690875387785921E-05,1,806,1.033121,0.6380310E-01
623,1.000000000000000,1,1,206,1,-.6798342121911134E-01,1,143,-1.004110788065752,1,11,1.102075,1.003271
624,1.000000000000000,1,1,206,2,-.7671618253530021E-03,1,476,-.6747902671464970E-02,1,1615,1.183115,0.9869209
625,1.000000000000000,1,1,206,3,.5478862236347791E-05,1,476,-.3145046848089747E-04,1,1615,0.9260427,1.052003
626,1.000000000000000,1,1,206,4,-.1005322024968167E-07,1,476,-.3748271817171527E-05,1,806,1.032891,0.6784734E-01
627,1.000000000000000,1,1,207,1,-.6795302354452955E-01,1,143,-1.008756531244836,1,11,1.102687,1.003320
628,1.000000000000000,1,1,207,2,-.7701570470321246E-03,1,476,-.6752436652562041E-02,1,1615,1.183426,0.9866686
629,1.000000000000000,1,1,207,3,.5514665562273071E-05,1,476,-.3199232522889442E-04,1,1615,0.9262442,1.053558
630,1.000000000000000,1,1,207,4,-.9919325305769221E-08,1,476,-.3808397572253419E-05,1,806,1.032849,0.7227877E-01
631,1.000000000000000,1,1,208,1,-.6791924312964090E-01,1,143,-1.013739153887955,1,11,1.103312,1.003375
632,1.000000000000000,1,1,208,2,-.7728892045554918E-03,1,476,-.6733310825178142E-02,1,1615,1.183209,0.9863451
633,1.000000000000000,1,1,208,3,.5509123664184300E-05,1,476,-.3255459209637654E-04,1,1615,0.9270532,1.054940
634,1.000000000000000,1,1,208,4,-.9783739089693920E-08,1,476,-.3866164440817826E-05,1,806,1.032607,0.7697697E-01
635,1.000000000000000,1,1,209,1,-.6788226284338023E-01,1,143,-1.019361516891663,1,11,1.103928,1.003480
636,1.000000000000000,1,1,209,2,-.7754158115981572E-03,1,476,-.6729609915519213E-02,1,1615,1.183273,0.9860316
637,1.000000000000000,1,1,209,3,.5527265281501376E-05,1,476,-.3307002554858154E-04,1,1615,0.9271952,1.057039
638,1.000000000000000,1,1,209,4,-.9581167033914419E-08,1,476,-.3921514342483586E-05,1,806,1.032153,0.8210672E-01
639,1.000000000000000,1,1,210,1,-.6784161595993389E-01,1,143,-1.024177248374666,1,11,1.104562,1.003524
640,1.000000000000000,1,1,210,2,-.7780739907284554E-03,1,476,-.6798605793142166E-02,1,1615,1.183938,0.9858047
641,1.000000000000000,1,1,210,3,.5589376233399918E-05,1,476,-.3364930606833660E-04,1,1615,0.9263883,1.059791
642,1.000000000000000,1,1,210,4,-.9269042976051446E-08,1,476,-.4081541726610097E-05,1,806,1.036726,0.9070430E-01
643,1.000000000000000,1,1,211,1,-.6779792810688186E-01,1,143,-1.027656651537878,1,11,1.105153,1.003549
644,1.000000000000000,1,1,211,2,-.7808503473043308E-03,1,476,-.6586219308231361E-02,1,1615,1.180172,0.9847404
645,1.000000000000000,1,1,211,3,.5320678063808061E-05,1,476,-.3371211552511312E-04,1,1615,0.9293948,1.065005
646,1.000000000000000,1,1,211,4,-.8687292416000121E-08,1,476,-.4152190002231678E-05,1,806,1.038004,0.9767954E-01
647,1.000000000000000,1,1,212,1,-.6775171516228279E-01,1,143,-1.032380792221293,1,11,1.105781,1.003603
648,1.000000000000000,1,1,212,2,-.7833388763705646E-03,1,476,-.6566162551380484E-02,1,1615,1.179935,0.9844008
649,1.000000000000000,1,1,212,3,.5310987824364731E-05,1,476,-.3434012152841425E-04,1,1615,0.9300480,1.067626
650,1.000000000000000,1,1,212,4,-.8544758762670448E-08,1,90,-.4230520801747095E-05,1,806,1.038288,0.1052305
651,1.000000000000000,1,1,213,1,-.6770274856981696E-01,1,143,-1.037078827306045,1,11,1.106404,1.003665
652,1.000000000000000,1,1,213,2,-.7857878557208801E-03,1,476,-.6551062322434226E-02,1,1615,1.179820,0.9840790
653,1.000000000000000,1,1,213,3,.5309942050755556E-05,1,476,-.3490444311728127E-04,1,1615,0.9306409,1.069712
654,1.000000000000000,1,1,213,4,-.8468344957425905E-08,1,90,-.4293282920584844E-05,1,806,1.038369,0.1124170
655,1.000000000000000,1,1,214,1,-.6765116701536641E-01,1,143,-1.041738459922433,1,11,1.107027,1.003728
656,1.000000000000000,1,1,214,2,-.7881771819554213E-03,1,476,-.6534494514309241E-02,1,1615,1.179681,0.9837490
657,1.000000000000000,1,1,214,3,.5306663581645390E-05,1,476,-.3547337620347900E-04,1,1615,0.9312629,1.071867
658,1.000000000000000,1,1,214,4,-.8387565424804398E-08,1,90,-.4355076895746409E-05,1,806,1.038462,0.1201119
659,1.000000000000000,1,1,215,1,-.6759708462032052E-01,1,143,-1.046337154065285,1,11,1.107651,1.003791
660,1.000000000000000,1,1,215,2,-.7905154940195354E-03,1,476,-.6515946063291014E-02,1,1615,1.179526,0.9833989
661,1.000000000000000,1,1,215,3,.5302455483090299E-05,1,476,-.3603372855202093E-04,1,1615,0.9318814,1.074167
662,1.000000000000000,1,1,215,4,-.8640130936392099E-08,1,420,-.4416812751713518E-05,1,806,1.038662,0.1284088
663,1.000000000000000,1,1,216,1,-.6754062275679835E-01,1,143,-1.050929517763309,1,11,1.108275,1.003858
664,1.000000000000000,1,1,216,2,-.7927883066040884E-03,1,476,-.6495106093009519E-02,1,1615,1.179304,0.9830467
665,1.000000000000000,1,1,216,3,.5291818263720182E-05,1,476,-.3661311321019888E-04,1,1615,0.9326242,1.076355
666,1.000000000000000,1,1,216,4,-.8967510377119252E-08,1,420,-.4470749477358535E-05,1,806,1.038540,0.1369254
667,1.000000000000000,1,1,217,1,-.6748190663613061E-01,1,143,-1.055535521361762,1,11,1.108901,1.003927
668,1.000000000000000,1,1,217,2,-.7949887996107220E-03,1,476,-.6476641537903556E-02,1,1615,1.179142,0.9827043
669,1.000000000000000,1,1,217,3,.5285648226366791E-05,1,476,-.3718802645763732E-04,1,1615,0.9332770,1.078712
670,1.000000000000000,1,1,217,4,-.9296730581478442E-08,1,420,-.4529336992173593E-05,1,806,1.038779,0.1463570
671,1.000000000000000,1,1,218,1,-.6742101976506512E-01,1,143,-1.060126645622945,1,11,1.109529,1.003997
672,1.000000000000000,1,1,218,2,-.7971263035630587E-03,1,476,-.6458345683581422E-02,1,1615,1.178988,0.9823626
673,1.000000000000000,1,1,218,3,.5279739779476265E-05,1,476,-.3776207471190587E-04,1,1615,0.9339232,1.081126
674,1.000000000000000,1,1,218,4,-.9628773829516253E-08,1,420,-.4586409037994573E-05,1,806,1.039092,0.1564290
675,1.000000000000000,1,1,219,1,-.6735812917763265E-01,1,143,-1.064964461730853,1,11,1.110167,1.004074
676,1.000000000000000,1,1,219,2,-.7993240103707262E-03,1,476,-.6464570660317609E-02,1,1615,1.179368,0.9821527
677,1.000000000000000,1,1,219,3,.5315069443994336E-05,1,476,-.3852094493299433E-04,1,1615,0.9344440,1.082826
678,1.000000000000000,1,1,219,4,-.9993821230943287E-08,1,420,-.4628959886852777E-05,1,806,1.038490,0.1663968
679,1.000000000000000,1,1,220,1,-.6729317911035021E-01,1,143,-1.069557717752972,1,11,1.110798,1.004149
680,1.000000000000000,1,1,220,2,-.8013433342022926E-03,1,476,-.6444431067417131E-02,1,1615,1.179183,0.9817991
681,1.000000000000000,1,1,220,3,.5306380360673465E-05,1,476,-.3910049489490158E-04,1,1615,0.9351346,1.085345
682,1.000000000000000,1,1,220,4,-.1042403335972462E-07,1,420,-.4680159904849553E-05,1,806,1.038838,0.1777765
683,1.000000000000000,1,1,221,1,-.6722624442077957E-01,1,143,-1.073667345718251,1,11,1.111442,1.004187
684,1.000000000000000,1,1,221,2,-.8035663981713959E-03,1,476,-.6507847618544328E-02,1,1615,1.180983,0.9818535
685,1.000000000000000,1,1,221,3,.5458009480182792E-05,1,476,-.3948539843914768E-04,1,1615,0.9333687,1.088673
686,1.000000000000000,1,1,221,4,-.1073518407461176E-07,1,420,-.4767233567092330E-05,1,806,1.042132,0.1914891
687,1.000000000000000,1,1,222,1,-.6715759353476349E-01,1,143,-1.078290915658554,1,11,1.112079,1.004266
688,1.000000000000000,1,1,222,2,-.8054484799098922E-03,1,476,-.6486572948362059E-02,1,1615,1.180794,0.9814930
689,1.000000000000000,1,1,222,3,.5449402941322170E-05,1,476,-.4002208019970770E-04,1,1615,0.9340247,1.091312
690,1.000000000000000,1,1,222,4,-.1108197636371682E-07,1,420,-.4812844731904223E-05,1,806,1.042794,0.2042696
691,1.000000000000000,1,1,223,1,-.6708717072192096E-01,1,143,-1.082855389152309,1,11,1.112716,1.004346
692,1.000000000000000,1,1,223,2,-.8072978796106171E-03,1,476,-.6464498858370767E-02,1,1615,1.180586,0.9811277
693,1.000000000000000,1,1,223,3,.5439043411563672E-05,1,476,-.4056609650844218E-04,1,1615,0.9347325,1.093935
694,1.000000000000000,1,1,223,4,-.1143346004149666E-07,1,420,-.4851150790648055E-05,1,806,1.043310,0.2175841
695,1.000000000000000,1,1,224,1,-.6701509519832838E-01,1,143,-1.087456389943072,1,11,1.113357,1.004428
696,1.000000000000000,1,1,224,2,-.8090729421485490E-03,1,476,-.6444759683088025E-02,1,1615,1.180439,0.9807725
697,1.000000000000000,1,1,224,3,.5433445552220242E-05,1,476,-.4110636928979796E-04,1,1615,0.9353974,1.096550
698,1.000000000000000,1,1,224,4,-.1180306643596879E-07,1,420,.4908134371255965E-05,1,1615,1.043876,0.2315535
699,1.000000000000000,1,1,225,1,-.6694139776451839E-01,1,143,-1.092018101130297,1,11,1.113999,1.004512
700,1.000000000000000,1,1,225,2,-.8108115971360363E-03,1,476,-.6423622756886268E-02,1,1615,1.180261,0.9804079
701,1.000000000000000,1,1,225,3,.5425166821088980E-05,1,476,-.4162414951330558E-04,1,1615,0.9360768,1.099216
702,1.000000000000000,1,1,225,4,-.1216061870420908E-07,1,420,.4971968185531086E-05,1,1615,1.044515,0.2462083
703,1.000000000000000,1,1,226,1,-.6686614882983788E-01,1,143,-1.096599061229853,1,11,1.114642,1.004599
704,1.000000000000000,1,1,226,2,-.8124907368960897E-03,1,476,-.6403455045300608E-02,1,1615,1.180107,0.9800461
705,1.000000000000000,1,1,226,3,.5418796210039314E-05,1,476,-.4212668089612899E-04,1,1615,0.9367297,1.101900
706,1.000000000000000,1,1,226,4,-.1251940061164289E-07,1,420,.5030570873510567E-05,1,1615,1.045235,0.2615132
707,1.000000000000000,1,1,227,1,-.6678939835858706E-01,1,143,-1.101195647069446,1,11,1.115288,1.004689
708,1.000000000000000,1,1,227,2,-.8141086378675405E-03,1,476,-.6381089635638253E-02,1,1615,1.179904,0.9796704
709,1.000000000000000,1,1,227,3,.5408248829333545E-05,1,476,-.4261555119522181E-04,1,1615,0.9374453,1.104576
710,1.000000000000000,1,1,227,4,-.1288721381578859E-07,1,420,.5081200623880617E-05,1,1615,1.045931,0.2774297
711,1.000000000000000,1,1,228,1,-.6671120393025839E-01,1,143,-1.105797011654597,1,11,1.115937,1.004780
712,1.000000000000000,1,1,228,2,-.8156708260036942E-03,1,476,-.6359873388179249E-02,1,1615,1.179726,0.9793011
713,1.000000000000000,1,1,228,3,.5399488237209128E-05,1,476,.4338194922541981E-04,1,806,0.9381311,1.107251
714,1.000000000000000,1,1,228,4,-.1325225988705750E-07,1,420,.5125022225676523E-05,1,1615,1.046715,0.2939385
715,1.000000000000000,1,1,229,1,-.6663162034861342E-01,1,143,-1.110401720087309,1,11,1.116590,1.004873
716,1.000000000000000,1,1,229,2,-.8171795733528075E-03,1,476,-.6340343035815617E-02,1,1615,1.179589,0.9789381
717,1.000000000000000,1,1,229,3,.5394337181565996E-05,1,476,.4428323164326895E-04,1,806,0.9387454,1.109970
718,1.000000000000000,1,1,229,4,-.1361688516999855E-07,1,420,.5162583101402617E-05,1,1615,1.047676,0.3110868
719,1.000000000000000,1,1,230,1,-.6655096260857365E-01,1,143,-1.116091213119507,1,11,1.117240,1.005036
720,1.000000000000000,1,1,230,2,-.8182674078836697E-03,1,476,-.6312539740289900E-02,1,1615,1.178886,0.9786302
721,1.000000000000000,1,1,230,3,.5333698014226660E-05,1,476,.4511857559198831E-04,1,806,0.9395510,1.112939
722,1.000000000000000,1,1,230,4,-.1399510939409315E-07,1,420,.5221237376816426E-05,1,1615,1.050821,0.3318403
723,1.000000000000000,1,1,231,1,-.6646858968891987E-01,1,143,-1.120287216567016,1,11,1.117889,1.005117
724,1.000000000000000,1,1,231,2,-.8198390991763406E-03,1,476,-.6294841121130896E-02,1,1615,1.178844,0.9782601
725,1.000000000000000,1,1,231,3,.5337326726931395E-05,1,476,.4583034916125083E-04,1,806,0.9400740,1.115121
726,1.000000000000000,1,1,231,4,-.1440738640333435E-07,1,420,.5233265537182708E-05,1,1615,1.051684,0.3470084
727,1.000000000000000,1,1,232,1,-.6638510033861117E-01,1,143,-1.124898856858332,1,11,1.118547,1.005219
728,1.000000000000000,1,1,232,2,-.8212061273727905E-03,1,476,-.6277128856897538E-02,1,1615,1.178737,0.9779031
729,1.000000000000000,1,1,232,3,.5334341622223532E-05,1,476,.4670684795492798E-04,1,806,0.9406731,1.117752
730,1.000000000000000,1,1,232,4,-.1478220431805216E-07,1,420,.5241876920746066E-05,1,1615,1.052741,0.3655061
731,1.000000000000000,1,1,233,1,-.6630184251728918E-01,1,143,-1.134844249582081,1,11,1.119210,1.005632
732,1.000000000000000,1,1,233,2,-.8208207282245472E-03,1,476,-.6206381122706099E-02,1,1615,1.177929,0.9768279
733,1.000000000000000,1,1,233,3,.5291199632883658E-05,1,476,.4643065352892265E-04,1,806,0.9400947,1.122335
734,1.000000000000000,1,1,233,4,-.1499315471605930E-07,1,420,.5209952391765208E-05,1,1615,1.057531,0.3842262
735,1.000000000000000,1,1,234,1,-.6621714695175841E-01,1,143,-1.141413834083900,1,11,1.119851,1.005879
736,1.000000000000000,1,1,234,2,-.8215958263099144E-03,1,476,-.6182152205089378E-02,1,1615,1.177862,0.9761638
737,1.000000000000000,1,1,234,3,.5312605041856275E-05,1,476,.4670245975466496E-04,1,806,0.9392803,1.127146
738,1.000000000000000,1,1,234,4,-.1519018985881371E-07,1,420,.5231314629976471E-05,1,1615,1.065183,0.4050068
739,1.000000000000000,1,1,235,1,-.6612985950923246E-01,1,143,-1.145906150296170,1,11,1.120462,1.006045
740,1.000000000000000,1,1,235,2,-.8226308703418792E-03,1,476,-.5987125545382888E-02,1,1615,1.172956,0.9749689
741,1.000000000000000,1,1,235,3,.4884253427682895E-05,1,476,.4780914712133260E-04,1,806,0.9457156,1.128494
742,1.000000000000000,1,1,235,4,-.1568631821747466E-07,1,420,.5159765581448441E-05,1,1615,1.059469,0.4265934
743,1.000000000000000,1,1,236,1,-.6604181852588123E-01,1,143,-1.150859847203444,1,11,1.121126,1.006181
744,1.000000000000000,1,1,236,2,-.8236976514607291E-03,1,476,-.5975979661394868E-02,1,1615,1.172756,0.9747071
745,1.000000000000000,1,1,236,3,.4866538140113087E-05,1,476,.4877609476342296E-04,1,806,0.9465884,1.130786
746,1.000000000000000,1,1,236,4,-.1642269466563438E-07,1,420,.5137729643697736E-05,1,1615,1.059600,0.4453887
747,1.000000000000000,1,1,237,1,-.6595267671454705E-01,1,143,-1.155614128719547,1,11,1.121802,1.006297
748,1.000000000000000,1,1,237,2,-.8247391730983409E-03,1,476,-.5965516659555603E-02,1,1615,1.172781,0.9743797
749,1.000000000000000,1,1,237,3,.4874420315062856E-05,1,476,.4953130832906885E-04,1,806,0.9470506,1.133187
750,1.000000000000000,1,1,237,4,-.1682398984523220E-07,1,420,.5091195785269068E-05,1,1615,1.060894,0.4654325
751,1.000000000000000,1,1,238,1,-.6586249190601434E-01,1,143,-1.160671654954656,1,11,1.122471,1.006444
752,1.000000000000000,1,1,238,2,-.8256619792232336E-03,1,476,-.5935840371285926E-02,1,1615,1.172277,0.9739409
753,1.000000000000000,1,1,238,3,.4834914592434399E-05,1,476,.5016636428780053E-04,1,806,0.9478803,1.135689
754,1.000000000000000,1,1,238,4,-.1721011998860668E-07,1,420,.5033363617868068E-05,1,1615,1.062438,0.4860891
755,1.000000000000000,1,1,239,1,-.6577132410736400E-01,1,143,-1.165533938305046,1,11,1.123153,1.006570
756,1.000000000000000,1,1,239,2,-.8265995504171372E-03,1,476,-.5923282142655742E-02,1,1615,1.172184,0.9736101
757,1.000000000000000,1,1,239,3,.4832029222110593E-05,1,476,.5098919144892098E-04,1,806,0.9485456,1.138141
758,1.000000000000000,1,1,239,4,-.1760419071799934E-07,1,420,.4963523202349460E-05,1,1615,1.063784,0.5081356
759,1.000000000000000,1,1,240,1,-.6567919785835509E-01,1,143,-1.170447170516815,1,11,1.123840,1.006699
760,1.000000000000000,1,1,240,2,-.8274893067921117E-03,1,476,-.5911624312774484E-02,1,1615,1.172133,0.9732761
761,1.000000000000000,1,1,240,3,.4833230635476492E-05,1,476,.5166745497191874E-04,1,806,0.9490064,1.140494
762,1.000000000000000,1,1,240,4,-.1801319022612235E-07,1,420,.4885281697620177E-05,1,1615,1.065284,0.5285605
763,1.000000000000000,1,1,241,1,-.6558466985754086E-01,1,143,-1.175324163027847,1,11,1.124531,1.006826
764,1.000000000000000,1,1,241,2,-.8283744329301884E-03,1,476,-.5902652879682791E-02,1,1615,1.172153,0.9729573
765,1.000000000000000,1,1,241,3,.4841298197599177E-05,1,476,.5232175243828489E-04,1,806,0.9494002,1.142787
766,1.000000000000000,1,1,241,4,-.1842956033763636E-07,1,420,.4798307075391166E-05,1,1615,1.066938,0.5487035
767,1.000000000000000,1,1,242,1,-.6549057244174758E-01,1,143,-1.180162876093731,1,11,1.125223,1.006957
768,1.000000000000000,1,1,242,2,-.8292051271561891E-03,1,476,-.5895336417750282E-02,1,1615,1.172220,0.9726431
769,1.000000000000000,1,1,242,3,.4854061073706324E-05,1,476,.5297805494253489E-04,1,806,0.9497954,1.145003
770,1.000000000000000,1,1,242,4,-.1885899514947589E-07,1,420,.4700807752034955E-05,1,1615,1.068451,0.5686794
771,1.000000000000000,1,1,243,1,-.6539555390570985E-01,1,143,-1.185000622374913,1,11,1.125919,1.007088
772,1.000000000000000,1,1,243,2,-.8299949775791518E-03,1,476,-.5889572160796282E-02,1,1615,1.172320,0.9723376
773,1.000000000000000,1,1,243,3,.4870301521919294E-05,1,476,.5360170261562487E-04,1,806,0.9501233,1.147208
774,1.000000000000000,1,1,243,4,-.1929151565586729E-07,1,420,.4596260944155283E-05,1,1615,1.070111,0.5882924
775,1.000000000000000,1,1,244,1,-.6529923717890314E-01,1,143,-1.189115283771088,1,11,1.126594,1.007204
776,1.000000000000000,1,1,244,2,-.8311952580413406E-03,1,476,-.5937259176506408E-02,1,1445,1.173727,0.9720327
777,1.000000000000000,1,1,244,3,.5012184936276268E-05,1,476,.5399424896366118E-04,1,806,0.9488374,1.150034
778,1.000000000000000,1,1,244,4,-.1962313075734674E-07,1,420,.4507661115179345E-05,1,1615,1.070253,0.6014857
779,1.000000000000000,1,1,245,1,-.6520243308235409E-01,1,143,-1.194005358926661,1,11,1.127298,1.007340
780,1.000000000000000,1,1,245,2,-.8318824210603596E-03,1,476,-.5969848365493181E-02,1,1445,1.173859,0.9717313
781,1.000000000000000,1,1,245,3,.5032826529680012E-05,1,476,.5454803120969965E-04,1,806,0.9491050,1.152153
782,1.000000000000000,1,1,245,4,-.2006915847627476E-07,1,420,.4391635125004361E-05,1,1615,1.072068,0.6203329
783,1.000000000000000,1,1,246,1,-.6510479084830317E-01,1,143,-1.199046134508496,1,11,1.128005,1.007479
784,1.000000000000000,1,1,246,2,-.8325238981947703E-03,1,476,-.6002886500856158E-02,1,1445,1.173991,0.9714309
785,1.000000000000000,1,1,246,3,.5054148029678040E-05,1,476,.5508276322919071E-04,1,806,0.9493681,1.154249
786,1.000000000000000,1,1,246,4,-.2053412069091703E-07,1,420,.4268187902562707E-05,1,1615,1.073941,0.6389085
787,1.000000000000000,1,1,247,1,-.6500634628981844E-01,1,143,-1.204006696225676,1,11,1.128716,1.007622
788,1.000000000000000,1,1,247,2,-.8331036092700736E-03,1,476,-.6036273716877123E-02,1,1445,1.174123,0.9711326
789,1.000000000000000,1,1,247,3,.5076098520551314E-05,1,476,.5558349212042622E-04,1,806,0.9496164,1.156298
790,1.000000000000000,1,1,247,4,-.2100391265258558E-07,1,420,.4139621200835925E-05,1,1615,1.075853,0.6569466
791,1.000000000000000,1,1,248,1,-.6490710019934630E-01,1,143,-1.208959524348709,1,11,1.129432,1.007766
792,1.000000000000000,1,1,248,2,-.8336465700855348E-03,1,476,-.6073251918642229E-02,1,1445,1.174297,0.9708438
793,1.000000000000000,1,1,248,3,.5102446959317051E-05,1,476,.5605484320201844E-04,1,806,0.9498048,1.158314
794,1.000000000000000,1,1,248,4,-.2147724689721536E-07,1,420,.4006943608947978E-05,1,1615,1.077841,0.6743447
795,1.000000000000000,1,1,249,1,-.6480708963417982E-01,1,143,-1.213962130028778,1,11,1.130152,1.007914
796,1.000000000000000,1,1,249,2,-.8341299657802677E-03,1,476,-.6112255009192529E-02,1,1445,1.174490,0.9705589
797,1.000000000000000,1,1,249,3,.5131373173369471E-05,1,476,.5648745634202859E-04,1,806,0.9499491,1.160308
798,1.000000000000000,1,1,249,4,-.2196546020996012E-07,1,420,.3870193920613860E-05,1,1615,1.079941,0.6911900
799,1.000000000000000,1,1,250,1,-.6470643630545640E-01,1,143,-1.219456333803014,1,11,1.130873,1.008098
800,1.000000000000000,1,1,250,2,-.8345189015686733E-03,1,476,-.6231900014952730E-02,1,1445,1.175718,0.9704126
801,1.000000000000000,1,1,250,3,.5255863107057506E-05,1,476,.5652689849583041E-04,1,806,0.9486500,1.162388
802,1.000000000000000,1,1,250,4,-.2241801334708246E-07,1,420,.3766216798701355E-05,1,1615,1.084913,0.7033717
803,1.000000000000000,1,1,251,1,-.6460493708620067E-01,1,143,-1.224523015429320,1,11,1.131602,1.008251
804,1.000000000000000,1,1,251,2,-.8348964876183825E-03,1,476,-.6273908473633755E-02,1,1445,1.175937,0.9701328
805,1.000000000000000,1,1,251,3,.5288973995251509E-05,1,476,.5687948677494059E-04,1,806,0.9487316,1.164298
806,1.000000000000000,1,1,251,4,-.2292690262877357E-07,1,420,.3626336959468971E-05,1,1615,1.087092,0.7187835
807,1.000000000000000,1,1,252,1,-.6450289304550662E-01,1,143,-1.230699126516237,1,11,1.132310,1.008506
808,1.000000000000000,1,1,252,2,-.8349786350213187E-03,1,476,-.6320809919737680E-02,1,1445,1.176042,0.9697467
809,1.000000000000000,1,1,252,3,.5326767699629316E-05,1,476,.5316195061559870E-04,1,806,0.9437310,1.167147
810,1.000000000000000,1,1,252,4,-.2305810736219058E-07,1,420,.3603085587113012E-05,1,1615,1.100005,0.7183552
811,1.000000000000000,1,1,253,1,-.6439861053198677E-01,1,143,-1.235830462222382,1,11,1.133050,1.008664
812,1.000000000000000,1,1,253,2,-.8352474622598295E-03,1,476,-.6365207862439547E-02,1,1445,1.176274,0.9694690
813,1.000000000000000,1,1,253,3,.5363195616901523E-05,1,476,.5335118404116561E-04,1,806,0.9437407,1.168862
814,1.000000000000000,1,1,253,4,-.2360405015190630E-07,1,420,.3464864759091541E-05,1,1615,1.102295,0.7325692
815,1.000000000000000,1,1,254,1,-.6429509696796373E-01,1,143,-1.241234352858056,1,11,1.133798,1.008836
816,1.000000000000000,1,1,254,2,-.8353520063700960E-03,1,476,-.6398162596455733E-02,1,1445,1.176385,0.9691865
817,1.000000000000000,1,1,254,3,.5386740711990882E-05,1,476,.5358397612282913E-04,1,806,0.9439474,1.170480
818,1.000000000000000,1,1,254,4,-.2408495940695422E-07,1,420,.3333703683647038E-05,1,1615,1.104062,0.7459701
819,1.000000000000000,1,1,255,1,-.6419081964335971E-01,1,143,-1.246452295300497,1,11,1.134547,1.009002
820,1.000000000000000,1,1,255,2,-.8356147772535761E-03,1,476,-.6450606063218321E-02,1,1445,1.176703,0.9689307
821,1.000000000000000,1,1,255,3,.5431966168816428E-05,1,476,.5367079436253906E-04,1,806,0.9437973,1.172137
822,1.000000000000000,1,1,255,4,-.2465379857558599E-07,1,420,.3196475028225635E-05,1,1615,1.106580,0.7587642
823,1.000000000000000,1,1,256,1,-.6408583154158153E-01,1,143,-1.251588412242071,1,11,1.135299,1.009166
824,1.000000000000000,1,1,256,2,-.8357714004447414E-03,1,476,-.6501762744313173E-02,1,1445,1.177004,0.9686717
825,1.000000000000000,1,1,256,3,.5477211163916534E-05,1,476,.5371536852361551E-04,1,806,0.9436404,1.173772
826,1.000000000000000,1,1,256,4,-.2523558092700569E-07,1,420,.3057591345695767E-05,1,1615,1.109113,0.7711329
827,1.000000000000000,1,1,257,1,-.6398019876017097E-01,1,143,-1.256774984439761,1,11,1.136056,1.009335
828,1.000000000000000,1,1,257,2,-.8358724842248643E-03,1,476,-.6555694569102296E-02,1,1445,1.177335,0.9684188
829,1.000000000000000,1,1,257,3,.5526134872640565E-05,1,476,.5368250942272779E-04,1,806,0.9433910,1.175388
830,1.000000000000000,1,1,257,4,-.2583432619730394E-07,1,420,.2920817190451120E-05,1,1615,1.111856,0.7827621
831,1.000000000000000,1,1,258,1,-.6387376846637328E-01,1,143,-1.260948796310458,1,11,1.136845,1.009407
832,1.000000000000000,1,1,258,2,-.8361430472926207E-03,1,476,-.6600207930911991E-02,1,1445,1.177732,0.9682889
833,1.000000000000000,1,1,258,3,.5565783060683872E-05,1,476,.5850363122668170E-04,1,806,0.9487124,1.176709
834,1.000000000000000,1,1,258,4,-.2680033952226756E-07,1,420,.2631107189309739E-05,1,1615,1.103161,0.8090915
835,1.000000000000000,1,1,259,1,-.6376677589675474E-01,1,143,-1.265946534128962,1,11,1.137607,1.009571
836,1.000000000000000,1,1,259,2,-.8362338269460208E-03,1,476,-.6649259634584911E-02,1,1445,1.177924,0.9679731
837,1.000000000000000,1,1,259,3,.5608271833308971E-05,1,476,.5801871417012848E-04,1,806,0.9481554,1.178407
838,1.000000000000000,1,1,259,4,-.2736456224649252E-07,1,420,.2488363197329303E-05,1,1687,1.107409,0.8204100
839,1.000000000000000,1,1,260,1,-.6365927150887664E-01,1,143,-1.271194483303686,1,11,1.138379,1.009746
840,1.000000000000000,1,1,260,2,-.8361923554654026E-03,1,476,-.6708362902381561E-02,1,1445,1.178301,0.9677379
841,1.000000000000000,1,1,260,3,.5664488766849709E-05,1,476,.5796337982008410E-04,1,806,0.9478328,1.180062
842,1.000000000000000,1,1,260,4,-.2799858069738636E-07,1,420,.2400361904524736E-05,1,1687,1.110287,0.8299494
843,1.000000000000000,1,1,261,1,-.6355115357206415E-01,1,143,-1.276440533932262,1,11,1.139155,1.009923
844,1.000000000000000,1,1,261,2,-.8361221091095319E-03,1,476,-.6772408261173393E-02,1,1445,1.178733,0.9675090
845,1.000000000000000,1,1,261,3,.5726978701977811E-05,1,476,.5786632900370049E-04,1,806,0.9474400,1.181694
846,1.000000000000000,1,1,261,4,-.2865203673962298E-07,1,420,.2314074008956182E-05,1,1687,1.113179,0.8387918
847,1.000000000000000,1,1,262,1,-.6344247673525322E-01,1,143,-1.281759927088836,1,11,1.139939,1.010102
848,1.000000000000000,1,1,262,2,-.8359731492685899E-03,1,476,-.6838891447732029E-02,1,1445,1.179190,0.9672901
849,1.000000000000000,1,1,262,3,.5792834806695291E-05,1,476,.5768456164515263E-04,1,806,0.9469799,1.183225
850,1.000000000000000,1,1,262,4,-.2934444206909854E-07,1,420,.2233570683515642E-05,1,1687,1.116309,0.8468168
851,1.000000000000000,1,1,263,1,-.6333303826512876E-01,1,143,-1.287096418216611,1,11,1.140729,1.010283
852,1.000000000000000,1,1,263,2,-.8357843995465501E-03,1,476,-.6916623554135354E-02,1,1445,1.179755,0.9670623
853,1.000000000000000,1,1,263,3,.5872572697158237E-05,1,476,.5743728573652229E-04,1,806,0.9463564,1.184970
854,1.000000000000000,1,1,263,4,-.2999209018295751E-07,1,420,.2170950502478250E-05,1,1687,1.119964,0.8539751
855,1.000000000000000,1,1,264,1,-.6322306043010778E-01,1,143,-1.292587747100122,1,11,1.141526,1.010472
856,1.000000000000000,1,1,264,2,-.8354805272652205E-03,1,476,-.6981999773102228E-02,1,1445,1.180173,0.9668455
857,1.000000000000000,1,1,264,3,.5938185173190827E-05,1,476,.5691833959165739E-04,1,806,0.9455809,1.186553
858,1.000000000000000,1,1,264,4,-.3068213831336580E-07,1,420,.2089786462128523E-05,1,1687,1.123713,0.8609356
859,1.000000000000000,1,1,265,1,-.6311269588242518E-01,1,143,-1.299084456556225,1,11,1.142306,1.010756
860,1.000000000000000,1,1,265,2,-.8348378149820659E-03,1,476,-.7001929413081041E-02,1,1445,1.180052,0.9666078
861,1.000000000000000,1,1,265,3,.5950588163721612E-05,1,476,.5627627444852487E-04,1,806,0.9452766,1.188057
862,1.000000000000000,1,1,265,4,-.3143678507153115E-07,1,420,.1971769265334674E-05,1,1687,1.127845,0.8703318
863,1.000000000000000,1,1,266,1,-.6300160849526663E-01,1,143,-1.304547400335870,1,11,1.143113,1.010948
864,1.000000000000000,1,1,266,2,-.8344865432521866E-03,1,476,-.7078403346670880E-02,1,1445,1.180604,0.9664023
865,1.000000000000000,1,1,266,3,.6031259286748227E-05,1,476,.5576682108836343E-04,1,806,0.9445059,1.189525
866,1.000000000000000,1,1,266,4,-.3220537049151672E-07,1,420,.1894244403781399E-05,1,1687,1.131422,0.8763647
867,1.000000000000000,1,1,267,1,-.6288996892224126E-01,1,143,-1.309973601569694,1,11,1.143922,1.011142
868,1.000000000000000,1,1,267,2,-.8341091615623709E-03,1,476,-.7152511638262647E-02,1,1445,1.181115,0.9662014
869,1.000000000000000,1,1,267,3,.6108749575464640E-05,1,476,.5514727688888657E-04,1,1016,0.9436723,1.190974
870,1.000000000000000,1,1,267,4,-.3300913243183320E-07,1,420,.1817458402246740E-05,1,1687,1.135147,0.8820832
871,1.000000000000000,1,1,268,1,-.6277782314869783E-01,1,143,-1.315434389021021,1,11,1.144737,1.011339
872,1.000000000000000,1,1,268,2,-.8336789072711635E-03,1,476,-.7228532782123832E-02,1,1445,1.181642,0.9660042
873,1.000000000000000,1,1,268,3,.6189066697177640E-05,1,476,.5546863133155070E-04,1,1016,0.9427663,1.192390
874,1.000000000000000,1,1,268,4,-.3382862681005327E-07,1,420,.1743405025122937E-05,1,1687,1.138980,0.8873662
875,1.000000000000000,1,1,269,1,-.6266507883896789E-01,1,143,-1.320697566360368,1,11,1.145551,1.011532
876,1.000000000000000,1,1,269,2,-.8332280901586321E-03,1,476,-.7238474602161305E-02,1,1445,1.181359,0.9658812
877,1.000000000000000,1,1,269,3,.6191398924832764E-05,1,476,.5610408240296404E-04,1,1016,0.9428434,1.193823
878,1.000000000000000,1,1,269,4,-.3476577734211155E-07,1,420,.1632564324891887E-05,1,1687,1.140121,0.8955910
879,1.000000000000000,1,1,270,1,-.6255738260673255E-01,1,143,-1.345415653706455,1,11,1.146390,1.013013
880,1.000000000000000,1,1,270,2,-.8254827989500081E-03,1,476,-.6885543956290191E-02,1,1445,1.176546,0.9647933
881,1.000000000000000,1,1,270,3,.5752017805624450E-05,1,476,-.5858444829424450E-04,1,565,0.9385316,1.194969
882,1.000000000000000,1,1,270,4,-.3501681316077579E-07,1,420,.1404689020998618E-05,1,1687,1.156958,0.9086628
883,1.000000000000000,1,1,271,1,-.6244374135515489E-01,1,143,-1.350879254462242,1,11,1.147222,1.013218
884,1.000000000000000,1,1,271,2,-.8249030214685780E-03,1,476,.6956006047563316E-02,1,565,1.176938,0.9646620
885,1.000000000000000,1,1,271,3,.5822124496772816E-05,1,476,-.6192861372372330E-04,1,565,0.9368734,1.196081
886,1.000000000000000,1,1,271,4,-.3591415034238271E-07,1,420,.1329568148078954E-05,1,1687,1.162384,0.9130824
887,1.000000000000000,1,1,272,1,-.6232971550025094E-01,1,143,-1.356615213732893,1,11,1.148064,1.013439
888,1.000000000000000,1,1,272,2,-.8242073370737075E-03,1,476,.7116785319203769E-02,1,565,1.177692,0.9645679
889,1.000000000000000,1,1,272,3,.5929836101779686E-05,1,476,-.6590843376845664E-04,1,565,0.9349148,1.197503
890,1.000000000000000,1,1,272,4,-.3673069868621941E-07,1,420,-.1399546003956464E-05,1,565,1.167674,0.9169239
891,1.000000000000000,1,1,273,1,-.6221516082110187E-01,1,143,-1.362196609255666,1,11,1.148913,1.013650
892,1.000000000000000,1,1,273,2,-.8235294502098372E-03,1,476,.7286621901863421E-02,1,565,1.178249,0.9644257
893,1.000000000000000,1,1,273,3,.6019608700081970E-05,1,476,-.7008143853170007E-04,1,565,0.9325414,1.198470
894,1.000000000000000,1,1,273,4,-.3771986992174041E-07,1,420,-.1469329896887676E-05,1,565,1.174226,0.9197848
895,1.000000000000000,1,1,274,1,-.6210009677864677E-01,1,143,-1.367731608797959,1,11,1.149763,1.013864
896,1.000000000000000,1,1,274,2,-.8228325602007807E-03,1,476,.7455224662122491E-02,1,565,1.178905,0.9642833
897,1.000000000000000,1,1,274,3,.6119874132283069E-05,1,476,-.7424632510911085E-04,1,565,0.9302396,1.199383
898,1.000000000000000,1,1,274,4,-.3878108765780320E-07,1,420,-.1543450973141038E-05,1,565,1.180491,0.9224500
899,1.000000000000000,1,1,275,1,-.6198458542647386E-01,1,143,-1.373300929235804,1,11,1.150620,1.014080
900,1.000000000000000,1,1,275,2,-.8220817143053623E-03,1,476,.7626239968862551E-02,1,565,1.179591,0.9641471
901,1.000000000000000,1,1,275,3,.6224608310628863E-05,1,476,-.7868980800768298E-04,1,565,0.9277676,1.200216
902,1.000000000000000,1,1,275,4,-.3991108048795029E-07,1,420,-.1619152109616709E-05,1,565,1.187054,0.9248341
903,1.000000000000000,1,1,276,1,-.6186863158262185E-01,1,143,-1.378892314215520,1,11,1.151483,1.014300
904,1.000000000000000,1,1,276,2,-.8212859268055948E-03,1,476,.7799765781095077E-02,1,565,1.180296,0.9640104
905,1.000000000000000,1,1,276,3,.6332763271827711E-05,1,476,-.8347162372512245E-04,1,565,0.9250685,1.200956
906,1.000000000000000,1,1,276,4,-.4111427911076039E-07,1,420,-.1696132799748851E-05,1,565,1.194050,0.9269738
907,1.000000000000000,1,1,277,1,-.6175230589512752E-01,1,143,-1.384717938863983,1,11,1.152352,1.014537
908,1.000000000000000,1,1,277,2,-.8203635794872048E-03,1,476,.7993699271375448E-02,1,565,1.180995,0.9640027
909,1.000000000000000,1,1,277,3,.6436969979880815E-05,1,476,-.8957566535756930E-04,1,565,0.9218905,1.202179
910,1.000000000000000,1,1,277,4,-.4214685049185811E-07,1,420,-.1787585879994635E-05,1,565,1.202249,0.9297892
911,1.000000000000000,1,1,278,1,-.6163533132980166E-01,1,143,-1.389868987596311,1,11,1.153222,1.014734
912,1.000000000000000,1,1,278,2,-.8196836240282156E-03,1,476,.8161960463669413E-02,1,565,1.181877,0.9638890
913,1.000000000000000,1,1,278,3,.6566678317002269E-05,1,476,-.9518611539900878E-04,1,565,0.9184397,1.202750
914,1.000000000000000,1,1,278,4,-.4372986201440387E-07,1,476,-.1825189284648876E-05,1,565,1.210130,0.9306897
915,1.000000000000000,1,1,279,1,-.6151811171411750E-01,1,143,-1.395509681847700,1,11,1.154104,1.014960
916,1.000000000000000,1,1,279,2,-.8187534796218948E-03,1,476,.8343158915642102E-02,1,565,1.182625,0.9637628
917,1.000000000000000,1,1,279,3,.6683268689412185E-05,1,476,-.1011304044257668E-03,1,565,0.9150563,1.203199
918,1.000000000000000,1,1,279,4,-.4736962167706076E-07,1,767,-.1906351854383002E-05,1,565,1.218399,0.9323503
919,1.000000000000000,1,1,280,1,-.6140048315041181E-01,1,143,-1.401161794572773,1,11,1.154992,1.015189
920,1.000000000000000,1,1,280,2,-.8177833573542779E-03,1,476,.8527433714214329E-02,1,565,1.183381,0.9636376
921,1.000000000000000,1,1,280,3,.6802147257069680E-05,1,476,-.1074722456403044E-03,1,565,0.9113956,1.203493
922,1.000000000000000,1,1,280,4,-.5296412969259753E-07,1,767,-.1990053575169838E-05,1,565,1.227186,0.9338535
923,1.000000000000000,1,1,281,1,-.6128296932981653E-01,1,143,-1.407876838252538,1,11,1.155928,1.015449
924,1.000000000000000,1,1,281,2,-.8162397777850915E-03,1,476,.8686595583449884E-02,1,565,1.184448,0.9634508
925,1.000000000000000,1,1,281,3,.6960967355878506E-05,1,476,-.1137029378458448E-03,1,565,0.9077603,1.203937
926,1.000000000000000,1,1,281,4,-.5853009819768965E-07,1,767,-.1995559880045363E-05,1,565,1.235647,0.9339215
927,1.000000000000000,1,1,282,1,-.6116455592017837E-01,1,143,-1.413669968009263,1,11,1.156832,1.015687
928,1.000000000000000,1,1,282,2,-.8151364143602571E-03,1,476,.8873668651545619E-02,1,565,1.185289,0.9633267
929,1.000000000000000,1,1,282,3,.7092306162847843E-05,1,476,-.1207833077949986E-03,1,565,0.9036438,1.204068
930,1.000000000000000,1,1,282,4,-.6521430209885080E-07,1,767,-.2062009760760942E-05,1,565,1.245238,0.9349447
931,1.000000000000000,1,1,283,1,-.6104557532071961E-01,1,143,-1.418752215062171,1,11,1.157639,1.015994
932,1.000000000000000,1,1,283,2,-.8148096417004058E-03,1,476,.9100181149437309E-02,1,565,1.186991,0.9631922
933,1.000000000000000,1,1,283,3,.7319015967288505E-05,1,476,-.1280617641967480E-03,1,565,0.9007093,1.205027
934,1.000000000000000,1,1,283,4,-.7060671896201807E-07,1,767,-.2026159691040672E-05,1,565,1.250240,0.9335813
935,1.000000000000000,1,1,284,1,-.6092697926074554E-01,1,143,-1.426978520818697,1,11,1.158521,1.016447
936,1.000000000000000,1,1,284,2,-.8129936443398766E-03,1,476,.9251820696044017E-02,1,565,1.188322,0.9629292
937,1.000000000000000,1,1,284,3,.7515763744822865E-05,1,476,-.1386831714609825E-03,1,565,0.8933369,1.205003
938,1.000000000000000,1,1,284,4,-.8071758760638409E-07,1,767,-.1735153921512954E-05,1,565,1.263572,0.9288737
939,1.000000000000000,1,1,285,1,-.6080741518325907E-01,1,143,-1.432503279017998,1,11,1.159443,1.016673
940,1.000000000000000,1,1,285,2,-.8118599594023541E-03,1,476,.9436751364249967E-02,1,565,1.188799,0.9625497
941,1.000000000000000,1,1,285,3,.7631104748492341E-05,1,476,-.1490072806561536E-03,1,565,0.8860986,1.203931
942,1.000000000000000,1,1,285,4,-.9299612377947131E-07,1,767,-.1707792612909682E-05,1,565,1.280658,0.9286011
943,1.000000000000000,1,1,286,1,-.6068743203640784E-01,1,143,-1.438536638841786,1,11,1.160374,1.016934
944,1.000000000000000,1,1,286,2,-.8105349227396405E-03,1,476,.9626104194587671E-02,1,565,1.189823,0.9623954
945,1.000000000000000,1,1,286,3,.7790090502892796E-05,1,476,-.1586699625293968E-03,1,565,0.8816966,1.204793
946,1.000000000000000,1,1,286,4,-.1008478280429301E-06,1,767,.4577864249936878E-05,1,72,1.290582,0.9274889
947,1.000000000000000,1,1,287,1,-.6056726443247804E-01,1,143,-1.444737355625409,1,11,1.161315,1.017206
948,1.000000000000000,1,1,287,2,-.8090709394806139E-03,1,476,.9836886474553240E-02,1,565,1.190583,0.9622817
949,1.000000000000000,1,1,287,3,.7921992597498399E-05,1,476,-.1681273693663251E-03,1,565,0.8764631,1.204424
950,1.000000000000000,1,1,287,4,-.1113239913605422E-06,1,767,.4841558267462616E-05,1,72,1.302064,0.9286710
951,1.000000000000000,1,1,288,1,-.6044676216620956E-01,1,143,-1.451887590312980,1,11,1.162218,1.017599
952,1.000000000000000,1,1,288,2,-.8074279065623950E-03,1,476,.1004570654679260E-01,1,565,1.191559,0.9622240
953,1.000000000000000,1,1,288,3,.8080718193385597E-05,1,476,.1780984909818445E-03,1,1687,0.8722405,1.204840
954,1.000000000000000,1,1,288,4,-.1202805047241427E-06,1,767,.4919275925941561E-05,1,72,1.311146,0.9281680
955,1.000000000000000,1,1,289,1,-.6032577570463180E-01,1,143,-1.457723490818255,1,11,1.163169,1.017851
956,1.000000000000000,1,1,289,2,-.8060566137882466E-03,1,476,.1025366649221201E-01,1,565,1.192458,0.9621055
957,1.000000000000000,1,1,289,3,.8228903832409753E-05,1,476,.1959244501136591E-03,1,1687,0.8668628,1.204417
958,1.000000000000000,1,1,289,4,-.1320266976944913E-06,1,767,.5188580707816714E-05,1,72,1.322794,0.9292041
959,1.000000000000000,1,1,290,1,-.6020446255566993E-01,1,143,-1.463399154012458,1,11,1.164134,1.018086
960,1.000000000000000,1,1,290,2,-.8047499700004809E-03,1,476,.1035686930569151E-01,1,565,1.193727,0.9613926
961,1.000000000000000,1,1,290,3,.8463425504503953E-05,1,476,.2160710036302687E-03,1,1687,0.8601500,1.203321
962,1.000000000000000,1,1,290,4,-.1466184462092918E-06,1,767,.4857786934839835E-05,1,72,1.335120,0.9252723
963,1.000000000000000,1,1,291,1,-.6008282069352275E-01,1,143,-1.469134842928118,1,11,1.165103,1.018331
964,1.000000000000000,1,1,291,2,-.8138196996041116E-03,1,186,.1058628918873330E-01,1,565,1.194621,0.9612509
965,1.000000000000000,1,1,291,3,.8613471158263595E-05,1,476,.2360572593937188E-03,1,1687,0.8545212,1.202674
966,1.000000000000000,1,1,291,4,-.1602525643812615E-06,1,767,.5057074074669976E-05,1,72,1.347116,0.9262325
967,1.000000000000000,1,1,292,1,-.5996090640163722E-01,1,143,-1.474981192791309,1,11,1.166075,1.018591
968,1.000000000000000,1,1,292,2,-.8253464143610427E-03,1,186,.1080198793972254E-01,1,565,1.195561,0.9611303
969,1.000000000000000,1,1,292,3,.8771131674757093E-05,1,476,.2577598299163899E-03,1,1687,0.8483910,1.202006
970,1.000000000000000,1,1,292,4,-.1750865320133461E-06,1,767,.5327021218693927E-05,1,72,1.360000,0.9272355
971,1.000000000000000,1,1,293,1,-.5984059293422528E-01,1,143,-1.480921002978505,1,11,1.167062,1.018850
972,1.000000000000000,1,1,293,2,-.8369688485062617E-03,1,186,.1102227947968507E-01,1,565,1.196507,0.9610123
973,1.000000000000000,1,1,293,3,.8930304330176318E-05,1,476,.2814396154725385E-03,1,1687,0.8417976,1.201209
974,1.000000000000000,1,1,293,4,-.1913946147084880E-06,1,767,.5606842515962658E-05,1,72,1.373856,0.9281717
975,1.000000000000000,1,1,294,1,-.5971778427635628E-01,1,143,-1.485612381583328,1,11,1.168018,1.019061
976,1.000000000000000,1,1,294,2,-.8493457290223071E-03,1,186,.1109017630952605E-01,1,565,1.198376,0.9605190
977,1.000000000000000,1,1,294,3,.9203515446346128E-05,1,476,.2817013757704612E-03,1,1687,0.8433280,1.203711
978,1.000000000000000,1,1,294,4,-.1940149072673307E-06,1,767,.5629169858428668E-05,1,72,1.368608,0.9269386
979,1.000000000000000,1,1,295,1,-.5959507577694766E-01,1,143,-1.491378315339060,1,11,1.169007,1.019324
980,1.000000000000000,1,1,295,2,-.8612431720717671E-03,1,186,.1132475212702990E-01,1,565,1.199242,0.9604337
981,1.000000000000000,1,1,295,3,.9357656720385728E-05,1,476,.3083554524532285E-03,1,1687,0.8358012,1.202574
982,1.000000000000000,1,1,295,4,-.2132117746275693E-06,1,767,.5962712062378725E-05,1,72,1.384612,0.9279949
983,1.000000000000000,1,1,296,1,-.5947217828805936E-01,1,143,-1.497281250008523,1,11,1.170012,1.019590
984,1.000000000000000,1,1,296,2,-.8733200746682668E-03,1,186,.1154816909240928E-01,1,565,1.200256,0.9603098
985,1.000000000000000,1,1,296,3,.9529894146836599E-05,1,476,.3350123404007276E-03,1,1687,0.8288904,1.201698
986,1.000000000000000,1,1,296,4,-.2321804816167643E-06,1,767,.6263862017715236E-05,1,72,1.399234,0.9287363
987,1.000000000000000,1,1,297,1,-.5934900226600370E-01,1,143,-1.503191182280205,1,11,1.171021,1.019863
988,1.000000000000000,1,1,297,2,-.8854973422052864E-03,1,186,.1178044571863575E-01,1,565,1.201218,0.9601913
989,1.000000000000000,1,1,297,3,.9698408681799159E-05,1,476,.3657388553313999E-03,1,1687,0.8208750,1.200468
990,1.000000000000000,1,1,297,4,-.2541136348825983E-06,1,767,.6600723507857009E-05,1,72,1.416325,0.9295453
991,1.000000000000000,1,1,298,1,-.5922569717366845E-01,1,143,-1.509390907221250,1,11,1.172045,1.020150
992,1.000000000000000,1,1,298,2,-.8968887833035503E-03,1,186,.1199652326487827E-01,1,565,1.202356,0.9600311
993,1.000000000000000,1,1,298,3,.9892394392753857E-05,1,476,.3953393098642210E-03,1,1687,0.8138947,1.199566
994,1.000000000000000,1,1,298,4,-.2750668191554269E-06,1,767,.6893767135911461E-05,1,72,1.430697,0.9300201
995,1.000000000000000,1,1,299,1,-.5910202669520687E-01,1,143,-1.515323717031183,1,11,1.173067,1.020431
996,1.000000000000000,1,1,299,2,-.9093283659319936E-03,1,186,.1178929226770788E-01,1,1682,1.203454,0.9602646
997,1.000000000000000,1,1,299,3,.1004910416282853E-04,1,476,.4370728220736507E-03,1,1687,0.8031987,1.197682
998,1.000000000000000,1,1,299,4,-.3038990520524784E-06,1,767,.7308633180189903E-05,1,72,1.453852,0.9313836
999,1.000000000000000,1,1,300,1,-.5897824929263944E-01,1,143,-1.521172412426123,1,11,1.174101,1.020702
1000,1.000000000000000,1,1,300,2,-.9219412048894787E-03,1,186,.1202740782433062E-01,1,1682,1.204585,0.9601266
1001,1.000000000000000,1,1,300,3,.1024012756590153E-04,1,476,.4716127221709613E-03,1,1687,0.7949456,1.196601
1002,1.000000000000000,1,1,300,4,-.3294393307417298E-06,1,767,.7620294228557264E-05,1,72,1.471611,0.9319249
1003,1.000000000000000,1,1,301,1,-.5885415214318607E-01,1,143,-1.527085755115241,1,11,1.175143,1.020980
1004,1.000000000000000,1,1,301,2,-.9346868289673948E-03,1,186,.1227434331000111E-01,1,1682,1.205644,0.9600066
1005,1.000000000000000,1,1,301,3,-.1044019588865322E-04,1,1475,.5143519039293868E-03,1,1687,0.7847822,1.195005
1006,1.000000000000000,1,1,301,4,-.3599709785173916E-06,1,767,.8011631765517006E-05,1,72,1.494091,0.9326650
1007,1.000000000000000,1,1,302,1,-.5872971437286378E-01,1,143,-1.532704472302459,1,11,1.176185,1.021246
1008,1.000000000000000,1,1,302,2,-.9476308326713165E-03,1,186,.1253473944690631E-01,1,1682,1.206445,0.9600023
1009,1.000000000000000,1,1,302,3,-.1071731398649438E-04,1,1475,.5629342654228306E-03,1,1687,0.7729965,1.193505
1010,1.000000000000000,1,1,302,4,-.3888408620164125E-06,1,767,.8347627762080964E-05,1,72,1.520057,0.9328965
1011,1.000000000000000,1,1,303,1,-.5860521652997034E-01,1,143,-1.538645270921914,1,11,1.177244,1.021529
1012,1.000000000000000,1,1,303,2,-.9606155104002229E-03,1,186,.1279087079947367E-01,1,1682,1.207511,0.9598947
1013,1.000000000000000,1,1,303,3,-.1105331100712687E-04,1,1475,.6137602948575638E-03,1,1687,0.7607847,1.191533
1014,1.000000000000000,1,1,303,4,-.4261448633291238E-06,1,767,.8785902896550158E-05,1,72,1.548100,0.9336849
1015,1.000000000000000,1,1,304,1,-.5848058183032248E-01,1,143,-1.544761494488861,1,11,1.178311,1.021827
1016,1.000000000000000,1,1,304,2,-.9736994107705867E-03,1,186,.1304208838182432E-01,1,1682,1.208732,0.9597831
1017,1.000000000000000,1,1,304,3,-.1137772931081917E-04,1,1475,.6654362528033887E-03,1,1687,0.7482900,1.190207
1018,1.000000000000000,1,1,304,4,-.4641674263201746E-06,1,767,.9225934071562992E-05,1,72,1.577406,0.9320242
1019,1.000000000000000,1,1,305,1,-.5835568767660932E-01,1,143,-1.550751705451421,1,11,1.179389,1.022114
1020,1.000000000000000,1,1,305,2,-.9869292252897958E-03,1,186,.1331304640673539E-01,1,1682,1.209707,0.9596995
1021,1.000000000000000,1,1,305,3,-.1174125850559366E-04,1,1475,.7354442763641218E-03,1,1687,0.7310832,1.187178
1022,1.000000000000000,1,1,305,4,-.5157907150599140E-06,1,767,.9766462560539130E-05,1,72,1.619223,0.9329697
1023,1.000000000000000,1,1,306,1,-.5823063156391108E-01,1,143,-1.556694991313538,1,11,1.180474,1.022402
1024,1.000000000000000,1,1,306,2,-.1000349823301293E-02,1,186,.1358024430876388E-01,1,1682,1.210833,0.9595903
1025,1.000000000000000,1,1,306,3,-.1209498898338849E-04,1,1475,.8018787854299481E-03,1,1687,0.7155372,1.184799
1026,1.000000000000000,1,1,306,4,-.5658973708368648E-06,1,767,.1027367698639636E-04,1,72,1.658225,0.9337595
1027,1.000000000000000,1,1,307,1,-.5810541237549999E-01,1,143,-1.562679258108164,1,11,1.181568,1.022695
1028,1.000000000000000,1,1,307,2,-.1013899505234422E-02,1,186,.1385171130683227E-01,1,1682,1.211968,0.9594864
1029,1.000000000000000,1,1,307,3,-.1245631080733027E-04,1,1475,.8758660662840065E-03,1,1687,0.6982480,1.182233
1030,1.000000000000000,1,1,307,4,-.6221235987002144E-06,1,767,.1084884856822597E-04,1,72,1.703288,0.9346070
1031,1.000000000000000,1,1,308,1,-.5798004974262684E-01,1,143,-1.568702348316080,1,11,1.182672,1.022990
1032,1.000000000000000,1,1,308,2,-.1027580774239614E-02,1,186,.1414972634181110E-01,1,1682,1.213110,0.9593696
1033,1.000000000000000,1,1,308,3,-.1282949887213295E-04,1,1475,.9600975552851176E-03,1,1687,0.6784311,1.179257
1034,1.000000000000000,1,1,308,4,-.6869084700626149E-06,1,767,.1144805059252221E-04,1,72,1.757539,0.9355789
1035,1.000000000000000,1,1,309,1,-.5785448633808439E-01,1,143,-1.574606189293450,1,11,1.183781,1.023282
1036,1.000000000000000,1,1,309,2,-.1041515114436208E-02,1,186,.1441460216408445E-01,1,1682,1.214536,0.9592493
1037,1.000000000000000,1,1,309,3,-.1317240561768892E-04,1,1475,.1013829785947988E-02,1,1687,0.6687210,1.178495
1038,1.000000000000000,1,1,309,4,-.7306249104977161E-06,1,767,.1195988682521332E-04,1,72,1.785694,0.9362172
1039,1.000000000000000,1,1,310,1,-.5772882426951970E-01,1,143,-1.580564486715805,1,11,1.184905,1.023574
1040,1.000000000000000,1,1,310,2,-.1055527695520139E-02,1,186,.1469652084934136E-01,1,1682,1.215755,0.9591293
1041,1.000000000000000,1,1,310,3,-.1354668892873018E-04,1,1475,.1102605863267359E-02,1,1687,0.6489605,1.175886
1042,1.000000000000000,1,1,310,4,-.8004020556037514E-06,1,767,.1250489308556234E-04,1,72,1.844058,0.9372826
1043,1.000000000000000,1,1,311,1,-.5760350619776000E-01,1,143,-1.588115925823837,1,11,1.186042,1.023991
1044,1.000000000000000,1,1,311,2,-.1068659042520885E-02,1,186,.1510709634360890E-01,1,1682,1.215203,0.9593655
1045,1.000000000000000,1,1,311,3,-.1406685848483752E-04,1,1475,.1607455455767677E-02,1,1687,0.5044681,1.154877
1046,1.000000000000000,1,1,311,4,-.1174713336476863E-05,1,767,.1432315811225739E-04,1,72,2.397839,0.9423003
1047,1.000000000000000,1,1,311,5,-.4745455447430729E-08,1,478,.2160528718116777E-05,1,1709,0.9238061,0.2588510E-01
1048,1.000000000000000,1,1,312,1,-.5748198100759321E-01,1,143,-1.594142510743226,1,11,1.187184,1.024292
1049,1.000000000000000,1,1,312,2,-.1082923444825851E-02,1,186,.1540415866301460E-01,1,1682,1.216387,0.9592702
1050,1.000000000000000,1,1,312,3,-.1443978871187353E-04,1,1475,.1801239784447098E-02,1,1687,0.4558436,1.150588
1051,1.000000000000000,1,1,312,4,-.1327889888112228E-05,1,767,.1509982342778237E-04,1,72,2.661025,0.9438638
1052,1.000000000000000,1,1,312,5,-.5082311233707994E-08,1,478,.2310609733219751E-05,1,1709,0.9220341,0.3028995E-01
1053,1.000000000000000,1,1,313,1,-.5735615236802202E-01,1,143,-1.600527932596145,1,11,1.188344,1.024614
1054,1.000000000000000,1,1,313,2,-.1097612832719362E-02,1,186,.1554962390872267E-01,1,1682,1.219844,0.9587030
1055,1.000000000000000,1,1,313,3,-.1469388380822751E-04,1,1475,.1304371139638802E-02,1,1687,0.6127601,1.174436
1056,1.000000000000000,1,1,313,4,-.9686943872920938E-06,1,767,.1331276210604040E-04,1,72,1.945076,0.9380999
1057,1.000000000000000,1,1,314,1,-.5723016424103779E-01,1,143,-1.606632166375131,1,11,1.189509,1.024922
1058,1.000000000000000,1,1,314,2,-.1112305509145654E-02,1,186,.1584100997631032E-01,1,1682,1.221278,0.9586439
1059,1.000000000000000,1,1,314,3,-.1506492161413687E-04,1,1475,.1429219820819080E-02,1,1687,0.5870219,1.171790
1060,1.000000000000000,1,1,314,4,-.1063173344258981E-05,1,767,.1398024036774371E-04,1,72,2.035456,0.9393525
1061,1.000000000000000,1,1,314,5,-.4835703231454697E-08,1,478,.2272302954800622E-05,1,1709,0.9501743,0.2826316E-01
1062,1.000000000000000,1,1,315,1,-.5710406699288569E-01,1,143,-1.612668113440699,1,11,1.190680,1.025229
1063,1.000000000000000,1,1,315,2,-.1127047812207090E-02,1,186,.1614652479223423E-01,1,1682,1.222537,0.9585336
1064,1.000000000000000,1,1,315,3,-.1547282230864541E-04,1,1475,.1564133431242425E-02,1,1687,0.5582633,1.168671
1065,1.000000000000000,1,1,315,4,-.1172496062615435E-05,1,767,.1472183230298563E-04,1,72,2.144591,0.9408193
1066,1.000000000000000,1,1,315,5,-.5173330783515495E-08,1,478,.2420656865209677E-05,1,1709,0.9495091,0.3275362E-01
1067,1.000000000000000,1,1,316,1,-.5697786101186361E-01,1,143,-1.618632685866744,1,11,1.191859,1.025535
1068,1.000000000000000,1,1,316,2,-.1141980743855317E-02,1,186,.1645728253407447E-01,1,1682,1.223804,0.9584211
1069,1.000000000000000,1,1,316,3,-.1588572612797613E-04,1,1475,.1711589380872120E-02,1,1687,0.5270816,1.165550
1070,1.000000000000000,1,1,316,4,-.1293335694553955E-05,1,767,.1550880120327388E-04,1,72,2.275765,0.9423624
1071,1.000000000000000,1,1,316,5,-.5529679321977551E-08,1,478,.2576194741443073E-05,1,1709,0.9490342,0.3784599E-01
1072,1.000000000000000,1,1,317,1,-.5685159311154078E-01,1,143,-1.624604687871054,1,11,1.193048,1.025843
1073,1.000000000000000,1,1,317,2,-.1157069480253485E-02,1,186,.1677306617937254E-01,1,1682,1.225083,0.9583086
1074,1.000000000000000,1,1,317,3,-.1630339726367864E-04,1,1475,.1878220490588932E-02,1,1687,0.4918176,1.162261
1075,1.000000000000000,1,1,317,4,-.1431028023811009E-05,1,767,.1631819497660702E-04,1,72,2.443650,0.9440607
1076,1.000000000000000,1,1,317,5,-.5909273914034059E-08,1,478,.2738237129618931E-05,1,1709,0.9485355,0.4367124E-01
1077,1.000000000000000,1,1,318,1,-.5672535530363234E-01,1,143,-1.630713196008604,1,11,1.194256,1.026154
1078,1.000000000000000,1,1,318,2,-.1172252363153775E-02,1,186,.1708578658943855E-01,1,1682,1.226427,0.9581566
1079,1.000000000000000,1,1,318,3,-.1670397925786308E-04,1,1475,.2078071636699202E-02,1,1687,0.4485927,1.158623
1080,1.000000000000000,1,1,318,4,-.1595808573354594E-05,1,767,.1721739353176505E-04,1,72,2.685992,0.9459935
1081,1.000000000000000,1,1,318,5,-.6324644814222204E-08,1,478,.2910065498612219E-05,1,1709,0.9468800,0.5066514E-01
1082,1.000000000000000,1,1,319,1,-.5659891014068783E-01,1,143,-1.636768501750270,1,11,1.195445,1.026494
1083,1.000000000000000,1,1,319,2,-.1187750818888729E-02,1,186,.1737968158736538E-01,1,1682,1.228135,0.9579732
1084,1.000000000000000,1,1,319,3,-.1711260560670192E-04,1,1475,.2119625287714887E-02,1,1687,0.4494647,1.159980
1085,1.000000000000000,1,1,319,4,-.1640218057345282E-05,1,767,.1771258252217758E-04,1,72,2.680585,0.9464456
1086,1.000000000000000,1,1,319,5,-.6602271928190386E-08,1,478,.3021267121271491E-05,1,1709,0.9503390,0.5511749E-01
1087,1.000000000000000,1,1,320,1,-.5647291249708419E-01,1,143,-1.643547958923593,1,11,1.196696,1.026839
1088,1.000000000000000,1,1,320,2,-.1203044109365027E-02,1,186,.1767157294515152E-01,1,1682,1.230224,0.9576928
1089,1.000000000000000,1,1,320,3,-.1743792985559128E-04,1,1475,.2230531719832306E-02,1,1687,0.4304661,1.157953
1090,1.000000000000000,1,1,320,4,-.1743006513652313E-05,1,767,.1863247359819660E-04,1,72,2.810442,0.9470489
1091,1.000000000000000,1,1,320,5,-.7023738728269396E-08,1,478,.3188675406546701E-05,1,1709,0.9442010,0.6283018E-01
1092,1.000000000000000,1,1,321,1,-.5634819408209396E-01,1,143,-1.649506568303190,1,11,1.197928,1.027151
1093,1.000000000000000,1,1,321,2,-.1218788452575726E-02,1,186,.1800685239326023E-01,1,1682,1.231546,0.9575781
1094,1.000000000000000,1,1,321,3,-.1786525498349935E-04,1,1475,.2466834784267147E-02,1,1687,0.3816916,1.154273
1095,1.000000000000000,1,1,321,4,-.1944321212918442E-05,1,767,.1960044690472087E-04,1,72,3.175870,0.9491349
1096,1.000000000000000,1,1,321,5,-.7504403409691888E-08,1,478,.3377735721436618E-05,1,1709,0.9437096,0.7217298E-01
1097,1.000000000000000,1,1,322,1,-.5622154967977273E-01,1,143,-1.655565094162673,1,11,1.199174,1.027470
1098,1.000000000000000,1,1,322,2,-.1235397759086183E-02,1,186,.1834587105427140E-01,1,1682,1.232902,0.9574614
1099,1.000000000000000,1,1,322,3,-.1828406687584592E-04,1,1475,.2736707746971952E-02,1,1687,0.3261864,1.150531
1100,1.000000000000000,1,1,322,4,-.2175305687719300E-05,1,767,.2061196985880471E-04,1,72,3.723672,0.9513998
1101,1.000000000000000,1,1,322,5,-.8013492576921722E-08,1,478,.3571502930469233E-05,1,1709,0.9432041,0.8267680E-01
1102,1.000000000000000,1,1,323,1,-.5609515215949015E-01,1,143,-1.661523954709245,1,11,1.200426,1.027787
1103,1.000000000000000,1,1,323,2,-.1251500079805714E-02,1,186,.1869104403594581E-01,1,1682,1.234260,0.9573452
1104,1.000000000000000,1,1,323,3,-.1869616847745259E-04,1,1475,.3050924352503419E-02,1,1687,0.2613131,1.146659
1105,1.000000000000000,1,1,323,4,-.2446594401664000E-05,1,767,.2167667610056155E-04,1,72,4.657248,0.9539017
1106,1.000000000000000,1,1,323,5,-.8557366884408997E-08,1,478,.3771670474490460E-05,1,1709,0.9427892,0.9450549E-01
1107,1.000000000000000,1,1,324,1,-.5596900383592897E-01,1,143,-1.668183271435425,1,11,1.201697,1.028155
1108,1.000000000000000,1,1,324,2,-.1267270617613569E-02,1,186,.1908245471687517E-01,1,1682,1.235022,0.9572253
1109,1.000000000000000,1,1,324,3,-.1929166763653825E-04,1,1475,.4356373917185354E-02,1,1687,-0.5635491E-01,1.131294
1110,1.000000000000000,1,1,324,4,-.3619478324931552E-05,1,767,.2365660999305088E-04,1,72,-21.77813,0.9601611
1111,1.000000000000000,1,1,324,5,-.9466015483145945E-08,1,478,.4101311973931813E-05,1,1709,0.9339781,0.1178120
1112,1.000000000000000,1,1,325,1,-.5584261647277990E-01,1,143,-1.674127975445559,1,11,1.202971,1.028474
1113,1.000000000000000,1,1,325,2,-.1283718397520794E-02,1,186,.1943888856255109E-01,1,1682,1.236409,0.9571086
1114,1.000000000000000,1,1,325,3,-.1956011431752487E-04,1,1475,.5062983701899347E-02,1,1687,-0.2120520,1.126889
1115,1.000000000000000,1,1,325,4,-.4246511361372742E-05,1,767,.2484787068244601E-04,1,72,-5.800209,0.9634720
1116,1.000000000000000,1,1,325,5,-.1008908479941316E-07,1,478,.4308042458802398E-05,1,1709,0.9332874,0.1335812
1117,1.000000000000000,1,1,326,1,-.5571630419822942E-01,1,143,-1.680180484250145,1,11,1.204260,1.028800
1118,1.000000000000000,1,1,326,2,-.1300281517538507E-02,1,186,.1980478594076597E-01,1,1682,1.237807,0.9569976
1119,1.000000000000000,1,1,326,3,-.1975736666598081E-04,1,1475,.5977090698160673E-02,1,1687,-0.4138967,1.122455
1120,1.000000000000000,1,1,326,4,-.5065060634625481E-05,1,767,.2606687056592795E-04,1,72,-2.977588,0.9671167
1121,1.000000000000000,1,1,326,5,-.1073852667879381E-07,1,478,.4512697066893192E-05,1,1709,0.9328471,0.1506808
1122,1.000000000000000,1,1,327,1,-.5559002526266304E-01,1,143,-1.686193239727469,1,11,1.205562,1.029123
1123,1.000000000000000,1,1,327,2,-.1317037165030552E-02,1,186,.2017365077980599E-01,1,1682,1.239204,0.9568871
1124,1.000000000000000,1,1,327,3,-.1971178021380615E-04,1,1475,.7403083771879138E-02,1,1687,-0.7349995,1.117072
1125,1.000000000000000,1,1,327,4,-.6336009983949376E-05,1,767,.2729372273971283E-04,1,72,-1.681463,0.9711579
1126,1.000000000000000,1,1,327,5,-.1142016509996743E-07,1,478,.4711447693010356E-05,1,1709,0.9311889,0.1698786
1127,1.000000000000000,1,1,328,1,-.5546377166190047E-01,1,143,-1.692182527519072,1,11,1.206872,1.029449
1128,1.000000000000000,1,1,328,2,-.1333981222592312E-02,1,186,.2055073545972176E-01,1,1682,1.240584,0.9567823
1129,1.000000000000000,1,1,328,3,-.1933230879578904E-04,1,1475,.9570313822147633E-02,1,1687,-1.223915,1.111711
1130,1.000000000000000,1,1,328,4,-.8272626353292345E-05,1,767,.2866091786853491E-04,1,72,-1.012245,0.9758922
1131,1.000000000000000,1,1,328,5,-.1216161449626679E-07,1,478,.4917581360869215E-05,1,1709,0.9302259,0.1910405
1132,1.000000000000000,1,1,329,1,-.5533767949183670E-01,1,143,-1.698359476695360,1,11,1.208217,1.029775
1133,1.000000000000000,1,1,329,2,-.1350899756945412E-02,1,186,.2093906258153922E-01,1,1682,1.241935,0.9566526
1134,1.000000000000000,1,1,329,3,-.1820957158170745E-04,1,1475,.1332093070523734E-01,1,1687,-2.073327,1.106294
1135,1.000000000000000,1,1,329,4,-.1163236358925895E-04,1,767,.3004309848815829E-04,1,72,-0.5983816,0.9820908
1136,1.000000000000000,1,1,329,5,-.1291715232196170E-07,1,478,.5114367583122398E-05,1,1709,0.9299987,0.2134899
1137,1.000000000000000,1,1,330,1,-.5521153931592244E-01,1,143,-1.704305883892584,1,11,1.209551,1.030101
1138,1.000000000000000,1,1,330,2,-.1368239766522799E-02,1,186,.2132400883298173E-01,1,1682,1.243396,0.9565368
1139,1.000000000000000,1,1,330,3,-.1574377758724928E-04,1,1475,.1981370122211990E-01,1,1687,-3.535423,1.101539
1140,1.000000000000000,1,1,330,4,-.1747127687681347E-04,1,767,.3144380965940546E-04,1,72,-0.3516795,0.9874532
1141,1.000000000000000,1,1,330,5,-.1370600678085586E-07,1,478,.5298721515582597E-05,1,1709,0.9293861,0.2367852
1142,1.000000000000000,1,1,331,1,-.5508517780884133E-01,1,143,-1.710565996913253,1,11,1.210911,1.030440
1143,1.000000000000000,1,1,331,2,-.1385567285525538E-02,1,186,.2178136400802978E-01,1,1682,1.244842,0.9563856
1144,1.000000000000000,1,1,331,3,.2531520301351319E-04,1,767,.4087420717620516E-01,1,1687,-8.312568,1.096064
1145,1.000000000000000,1,1,331,4,-.3645360447100900E-04,1,767,.3278638930457184E-04,1,72,-0.1499505,0.9932921
1146,1.000000000000000,1,1,331,5,-.1445769325804499E-07,1,478,.5460599661876141E-05,1,1709,0.9281335,0.2602058
1147,1.000000000000000,1,1,332,1,-.5496929047327236E-01,1,476,-1.716558135350157,1,11,1.212276,1.030764
1148,1.000000000000000,1,1,332,2,-.1403276520537115E-02,1,186,.2215927178592914E-01,1,1682,1.246463,0.9561200
1149,1.000000000000000,1,1,332,3,-.2711948168820239E-03,1,767,-.2875792835692728,1,1687,66.56238,1.090368
1150,1.000000000000000,1,1,332,4,.2595279055450187E-03,1,767,.3452271138167226E-04,1,72,0.1889211E-01,0.9949114
1151,1.000000000000000,1,1,332,5,-.1516394209809451E-07,1,478,.5604569124086328E-05,1,1709,0.9107083,0.2960890
1152,1.000000000000000,1,1,333,1,-.5485610086487645E-01,1,476,-1.722493438409239,1,11,1.213647,1.031094
1153,1.000000000000000,1,1,333,2,-.1421183747420825E-02,1,186,.2256095664792001E-01,1,1682,1.248006,0.9559907
1154,1.000000000000000,1,1,333,3,-.5220992113253233E-04,1,767,-.4404759041168117E-01,1,1687,10.97856,1.086138
1155,1.000000000000000,1,1,333,4,.4014444654118933E-04,1,767,.3599312657255878E-04,1,72,0.1147887,1.000643
1156,1.000000000000000,1,1,333,5,-.1603809207004169E-07,1,478,.5755539281615546E-05,1,1709,0.9099882,0.3234403
1157,1.000000000000000,1,1,334,1,-.5474233465831782E-01,1,476,-1.727417721313663,1,11,1.215006,1.031362
1158,1.000000000000000,1,1,334,2,-.1440231540183023E-02,1,186,.2292449236088015E-01,1,1682,1.250053,0.9557953
1159,1.000000000000000,1,1,334,3,.2393554444369349E-03,1,767,.2753904217706039,1,1687,-59.03481,1.092988
1160,1.000000000000000,1,1,334,4,-.2516010136778968E-03,1,767,.3678272385395716E-04,1,72,-0.2125142E-01,1.000072
1161,1.000000000000000,1,1,334,5,-.1673348085374966E-07,1,478,.5844589740315805E-05,1,1709,0.9176012,0.3379605
1162,1.000000000000000,1,1,335,1,-.5462893569095775E-01,1,476,-1.733322498050227,1,11,1.216398,1.031696
1163,1.000000000000000,1,1,335,2,-.1458572876638627E-02,1,186,.2333905942156643E-01,1,1682,1.251620,0.9556989
1164,1.000000000000000,1,1,335,3,-.5932324991535587E-04,1,767,-.5056529430103185E-01,1,1687,11.99779,1.087229
1165,1.000000000000000,1,1,335,4,.4666810347945739E-04,1,767,.3843751295133023E-04,1,72,0.1048870,1.006856
1166,1.000000000000000,1,1,335,5,-.1773726844262118E-07,1,478,.5985516873296392E-05,1,1709,0.9162043,0.3690315
1167,1.000000000000000,1,1,336,1,-.5451464451889508E-01,1,476,-1.755142688573127,1,11,1.217820,1.031807
1168,1.000000000000000,1,1,336,2,-.1478508236723711E-02,1,186,.2370235309551239E-01,1,1682,1.253581,0.9554033
1169,1.000000000000000,1,1,336,3,-.6025340549826532E-04,1,767,-.5072452593392242E-01,1,1687,11.84202,1.087745
1170,1.000000000000000,1,1,336,4,.4723934495720563E-04,1,767,.3919115777643652E-04,1,72,0.1059041,1.013532
1171,1.000000000000000,1,1,336,5,-.1833619445860616E-07,1,478,.6055089344776867E-05,1,1709,0.9250968,0.3839981
1172,1.000000000000000,1,1,337,1,-.5440117120131949E-01,1,476,-1.761144207656741,1,11,1.219248,1.032134
1173,1.000000000000000,1,1,337,2,-.1497269378362242E-02,1,186,.2412881507586054E-01,1,1682,1.255172,0.9552720
1174,1.000000000000000,1,1,337,3,-.4433662484469927E-04,1,1475,-.2720333954576590E-01,1,1687,6.780615,1.083439
1175,1.000000000000000,1,1,337,4,.2557598700326019E-04,1,767,.4080589468309741E-04,1,72,0.1853626,1.020655
1176,1.000000000000000,1,1,337,5,-.1936303454947121E-07,1,478,.6164973874914076E-05,1,1709,0.9244667,0.4140926
1177,1.000000000000000,1,1,338,1,-.5428760255781407E-01,1,476,-1.767090914391765,1,11,1.220689,1.032459
1178,1.000000000000000,1,1,338,2,-.1516312847106980E-02,1,186,.2453482359397318E-01,1,1682,1.257071,0.9550761
1179,1.000000000000000,1,1,338,3,-.4490175151920059E-04,1,1475,-.2659580107432358E-01,1,1687,6.554148,1.083270
1180,1.000000000000000,1,1,338,4,.2521805549890944E-04,1,767,.4233437110031612E-04,1,72,0.1919998,1.023385
1181,1.000000000000000,1,1,338,5,-.2046202536797322E-07,1,478,.6260253479951571E-05,1,1709,0.9247924,0.4426238
1182,1.000000000000000,1,1,339,1,-.5417056054859214E-01,1,476,-1.771789702406582,1,11,1.222135,1.032683
1183,1.000000000000000,1,1,339,2,-.1536844368100954E-02,1,186,.2477013863412610E-01,1,1682,1.260863,0.9542660
1184,1.000000000000000,1,1,339,3,.2926189663703510E-04,1,767,.4508938071084433E-01,1,1687,-7.895586,1.100237
1185,1.000000000000000,1,1,339,4,-.4298498778576848E-04,1,767,.4381209160252206E-04,1,72,-0.1595168,1.004433
1186,1.000000000000000,1,1,339,5,-.2197844061224656E-07,1,478,.6364449420954933E-05,1,1709,0.9215658,0.4686153
1187,1.000000000000000,1,1,340,1,-.5405681507725420E-01,1,476,-1.777738514856135,1,11,1.223595,1.033019
1188,1.000000000000000,1,1,340,2,-.1556271090598004E-02,1,186,.2521548192260364E-01,1,1682,1.262493,0.9541360
1189,1.000000000000000,1,1,340,3,.1476292606409286E-03,1,767,.1681242461699238,1,1687,-31.92650,1.095947
1190,1.000000000000000,1,1,340,4,-.1618213125001553E-03,1,767,.4566051405745405E-04,1,72,-0.3953073E-01,1.010989
1191,1.000000000000000,1,1,340,5,-.2328136634460094E-07,1,478,.6443698577401857E-05,1,1709,0.9212174,0.5035200
1192,1.000000000000000,1,1,341,1,-.5394312114206991E-01,1,476,-1.783739069845057,1,11,1.225075,1.033355
1193,1.000000000000000,1,1,341,2,-.1575835255369548E-02,1,186,.2567064837147359E-01,1,1682,1.264116,0.9540017
1194,1.000000000000000,1,1,341,3,-.1174942690082477E-03,1,767,-.1057678404738653,1,1687,21.57448,1.091647
1195,1.000000000000000,1,1,341,4,.1028133420936848E-03,1,767,.4696883238301862E-04,1,72,0.5860272E-01,1.017201
1196,1.000000000000000,1,1,341,5,-.2424380790376020E-07,1,478,.6473895300409206E-05,1,1709,0.9211712,0.5302449
1197,1.000000000000000,1,1,342,1,-.5382938088893234E-01,1,476,-1.789678589348839,1,11,1.226562,1.033693
1198,1.000000000000000,1,1,342,2,-.1595790107609004E-02,1,186,.2613038168531251E-01,1,1682,1.265789,0.9538690
1199,1.000000000000000,1,1,342,3,-.5718658532214248E-04,1,1475,-.4241230038205256E-01,1,1687,9.194818,1.087588
1200,1.000000000000000,1,1,342,4,.4162775440900707E-04,1,767,.4882272876960403E-04,1,72,0.1377590,1.024613
1201,1.000000000000000,1,1,342,5,-.2559334312008685E-07,1,478,.6522419512069192E-05,1,1709,0.9211726,0.5641466
1202,1.000000000000000,1,1,343,1,-.5371567853398700E-01,1,476,-1.795644534116938,1,11,1.228067,1.034033
1203,1.000000000000000,1,1,343,2,-.1615822018052653E-02,1,186,.2660095785112838E-01,1,1682,1.267460,0.9537345
1204,1.000000000000000,1,1,343,3,-.4910658470589244E-04,1,1475,-.2585372998535368E-01,1,1687,5.973385,1.083023
1205,1.000000000000000,1,1,343,4,.2564252883240757E-04,1,767,.5076521357261059E-04,1,72,0.2125372,1.032671
1206,1.000000000000000,1,1,343,5,-.2701602125289810E-07,1,478,.6556825142950257E-05,1,1709,0.9205030,0.5988365
1207,1.000000000000000,1,1,344,1,-.5360200043624267E-01,1,476,-1.801595527372213,1,11,1.229585,1.034373
1208,1.000000000000000,1,1,344,2,-.1636084900380826E-02,1,186,.2707750936773301E-01,1,1682,1.269148,0.9536031
1209,1.000000000000000,1,1,344,3,-.4628939134816514E-04,1,1475,-.1896133265645446E-01,1,1687,4.631614,1.078638
1210,1.000000000000000,1,1,344,4,.1899405454979952E-04,1,767,.5268211540509101E-04,1,72,0.2746815,1.041295
1211,1.000000000000000,1,1,344,5,-.2844182579551186E-07,1,478,.6576238780560297E-05,1,1709,0.9202218,0.6319847
1212,1.000000000000000,1,1,345,1,-.5348824152608406E-01,1,476,-1.807280094458015,1,11,1.231114,1.034693
1213,1.000000000000000,1,1,345,2,-.1656739379966189E-02,1,186,.2756174744458179E-01,1,1682,1.270849,0.9534497
1214,1.000000000000000,1,1,345,3,-.4539921359145610E-04,1,1475,-.1547715376264884E-01,1,1687,3.948212,1.074573
1215,1.000000000000000,1,1,345,4,.1566352187054467E-04,1,767,.5478212814183069E-04,1,72,0.3227843,1.048624
1216,1.000000000000000,1,1,345,5,-.2991680456377154E-07,1,478,.6564521909779498E-05,1,1709,0.9206408,0.6668413
1217,1.000000000000000,1,1,346,1,-.5337322581427410E-01,1,476,-1.810703889915247,1,11,1.232572,1.034901
1218,1.000000000000000,1,1,346,2,-.1677314056264958E-02,1,186,.2811083443187338E-01,1,1682,1.272021,0.9532945
1219,1.000000000000000,1,1,346,3,-.4312312246696154E-04,1,1475,-.1027072884362128E-01,1,1687,2.976596,1.063740
1220,1.000000000000000,1,1,346,4,.1034805583347491E-04,1,767,.5821227498606370E-04,1,72,0.4325736,1.057870
1221,1.000000000000000,1,1,346,5,-.3232547313223948E-07,1,478,.6563798750963868E-05,1,1709,0.9044531,0.7240321
1222,1.000000000000000,1,1,347,1,-.5325975524453731E-01,1,476,-1.816659459478521,1,11,1.234139,1.035240
1223,1.000000000000000,1,1,347,2,-.1698201222233757E-02,1,186,.2861895647897244E-01,1,1682,1.273661,0.9531858
1224,1.000000000000000,1,1,347,3,-.4333105092292786E-04,1,1475,-.8736811020846743E-02,1,1687,2.687669,1.058135
1225,1.000000000000000,1,1,347,4,.8896850704997385E-05,1,767,.6024998984086622E-04,1,72,0.4806268,1.068952
1226,1.000000000000000,1,1,347,5,-.3383696869804752E-07,1,478,.6544435906276929E-05,1,1709,0.9024766,0.7549639
1227,1.000000000000000,1,1,348,1,-.5314626816976930E-01,1,476,-1.822485208154359,1,11,1.235713,1.035577
1228,1.000000000000000,1,1,348,2,-.1719453349780031E-02,1,186,.2912730426323087E-01,1,1682,1.275424,0.9530532
1229,1.000000000000000,1,1,348,3,-.4393192039632298E-04,1,1475,-.7922162062591031E-02,1,1687,2.528181,1.054045
1230,1.000000000000000,1,1,348,4,.8148054359076629E-05,1,767,.6214490291328729E-04,1,72,0.5120562,1.079258
1231,1.000000000000000,1,1,348,5,-.3532209258720088E-07,1,478,.6520685089048577E-05,1,1709,0.9020907,0.7824771
1232,1.000000000000000,1,1,349,1,-.5303234133143120E-01,1,476,-1.858878631711321,1,11,1.237194,1.036036
1233,1.000000000000000,1,1,349,2,-.1741305385037717E-02,1,186,.2959173206619335E-01,1,1682,1.277672,0.9528021
1234,1.000000000000000,1,1,349,3,-.4629857228203628E-04,1,1475,-.1030417034546981E-01,1,1687,2.884345,1.062493
1235,1.000000000000000,1,1,349,4,.1065234806673561E-04,1,767,.6299574491942366E-04,1,72,0.4451393,1.081356
1236,1.000000000000000,1,1,349,5,-.3652604185410683E-07,1,478,.6513425467741436E-05,1,1709,0.9180858,0.7908406
1237,1.000000000000000,1,1,350,1,-.5291894623617182E-01,1,476,-1.864876214003885,1,11,1.238804,1.036368
1238,1.000000000000000,1,1,350,2,-.1763285267125677E-02,1,186,.3012097545690430E-01,1,1682,1.279517,0.9526490
1239,1.000000000000000,1,1,350,3,-.4696341583594440E-04,1,1475,-.9520941859655810E-02,1,1687,2.731376,1.059387
1240,1.000000000000000,1,1,350,4,.9942067746363877E-05,1,767,.6490313116345343E-04,1,72,0.4707581,1.091368
1241,1.000000000000000,1,1,350,5,-.3809942716204688E-07,1,478,.6485555111004357E-05,1,1709,0.9188195,0.8157625
1242,1.000000000000000,1,1,351,1,-.5280563005926069E-01,1,476,-1.870991126668659,1,11,1.240420,1.036724
1243,1.000000000000000,1,1,351,2,-.1785219903879160E-02,1,186,.3065936180709909E-01,1,1682,1.281310,0.9525444
1244,1.000000000000000,1,1,351,3,-.4752454199397643E-04,1,1475,-.8530578956369016E-02,1,1687,2.551756,1.054810
1245,1.000000000000000,1,1,351,4,.8996801214991835E-05,1,767,.7235447916514707E-04,1,72,0.5049434,1.104806
1246,1.000000000000000,1,1,351,5,-.3960116719659138E-07,1,478,.6472528888041178E-05,1,1709,0.9187868,0.8406080
1247,1.000000000000000,1,1,352,1,-.5270314131370285E-01,1,712,-1.876899169431967,1,11,1.242056,1.037057
1248,1.000000000000000,1,1,352,2,-.1807516224398301E-02,1,186,.3120372242534358E-01,1,1682,1.283078,0.9523809
1249,1.000000000000000,1,1,352,3,-.4820488595126884E-04,1,1475,-.7673023862263705E-02,1,1687,2.399984,1.049928
1250,1.000000000000000,1,1,352,4,.8178685379055119E-05,1,767,.7407805825705621E-04,1,72,0.5376693,1.119872
1251,1.000000000000000,1,1,352,5,-.4067881620025960E-07,1,478,.6449489434092648E-05,1,1709,0.9211160,0.8551582
1252,1.000000000000000,1,1,353,1,-.5260113965366350E-01,1,712,-1.879856663255072,1,11,1.243666,1.037182
1253,1.000000000000000,1,1,353,2,-.1833154767073899E-02,1,186,.3154283184243253E-01,1,1682,1.288183,0.9514711
1254,1.000000000000000,1,1,353,3,.8872124760254081E-04,1,767,.1040229541979541,1,1687,-14.54485,1.102148
1255,1.000000000000000,1,1,353,4,-.1086485863023219E-03,1,767,.7044971679470615E-04,1,72,-0.8572845E-01,1.099208
1256,1.000000000000000,1,1,353,5,-.4024376672721921E-07,1,478,.6383802183165234E-05,1,1709,1.021766,0.7639002
1257,1.000000000000000,1,1,354,1,-.5250184673852861E-01,1,712,-1.886650171663475,1,11,1.245330,1.037604
1258,1.000000000000000,1,1,354,2,-.1855348582688343E-02,1,186,.3214291052317927E-01,1,1682,1.289801,0.9513615
1259,1.000000000000000,1,1,354,3,-.8289234932611264E-04,1,767,-.5876179810220410E-01,1,1687,9.921991,1.089953
1260,1.000000000000000,1,1,354,4,.6221599847050024E-04,1,767,.7233707809289368E-04,1,72,0.1261722,1.122391
1261,1.000000000000000,1,1,354,5,-.4116990784564325E-07,1,478,.6309392357071083E-05,1,1709,1.023816,0.7811568
1262,1.000000000000000,1,1,355,1,-.5240223357432262E-01,1,712,-1.892720412192411,1,11,1.247012,1.037959
1263,1.000000000000000,1,1,355,2,-.1878468385789438E-02,1,186,.3267129801159115E-01,1,1682,1.292048,0.9510991
1264,1.000000000000000,1,1,355,3,-.2149102951551743E-03,1,767,-.1818258431559952,1,1687,27.64681,1.095990
1265,1.000000000000000,1,1,355,4,.1936805577855613E-03,1,767,.7340477368770325E-04,1,72,0.4507483E-01,1.133986
1266,1.000000000000000,1,1,355,5,-.4212082462540968E-07,1,478,.6135279209107658E-05,1,1709,1.046840,0.7811787
1267,1.000000000000000,1,1,356,1,-.5230267194949736E-01,1,712,-1.898581609953843,1,11,1.248732,1.038272
1268,1.000000000000000,1,1,356,2,-.1901705457981524E-02,1,186,.3328569465463879E-01,1,1682,1.293473,0.9510880
1269,1.000000000000000,1,1,356,3,-.9380772605224910E-04,1,767,-.6672429943870747E-01,1,1687,10.67967,1.092315
1270,1.000000000000000,1,1,356,4,.7171369850077020E-04,1,767,.7541532744730546E-04,1,72,0.1167936,1.149444
1271,1.000000000000000,1,1,356,5,-.4373091062768538E-07,1,478,.6059515910409821E-05,1,1709,1.051076,0.8001582
1272,1.000000000000000,1,1,357,1,-.5220316940963675E-01,1,712,-1.904430889968691,1,11,1.250436,1.038621
1273,1.000000000000000,1,1,357,2,-.1926030881189103E-02,1,1475,.3404937536400714E-01,1,1682,1.293861,0.9513880
1274,1.000000000000000,1,1,357,3,-.5679890632835683E-04,1,1475,-.1287285887807720E-01,1,1687,3.010152,1.063346
1275,1.000000000000000,1,1,357,4,.1411177611614054E-04,1,767,.7562606163475936E-04,1,72,0.4178224,1.199681
1276,1.000000000000000,1,1,357,5,-.4229859930687298E-07,1,478,.5965642120168759E-05,1,1709,1.036784,0.8093476
1277,1.000000000000000,1,1,358,1,-.5210369491483381E-01,1,712,-1.910450793767726,1,11,1.252177,1.038965
1278,1.000000000000000,1,1,358,2,-.1952341168290463E-02,1,1475,.3465389773402199E-01,1,1682,1.295783,0.9512539
1279,1.000000000000000,1,1,358,3,-.5733768991571103E-04,1,1475,-.1155538212506125E-01,1,1687,2.801165,1.059057
1280,1.000000000000000,1,1,358,4,.1279986844915028E-04,1,767,.7694264477503428E-04,1,72,0.4496111,1.215862
1281,1.000000000000000,1,1,358,5,-.4311685028466902E-07,1,478,.5907705006484077E-05,1,1709,1.039726,0.8195934
1282,1.000000000000000,1,1,359,1,-.5200383578717051E-01,1,712,-1.915158331747071,1,11,1.253912,1.039211
1283,1.000000000000000,1,1,359,2,-.1975181659806802E-02,1,1475,.3530647013844131E-01,1,1682,1.297431,0.9511059
1284,1.000000000000000,1,1,359,3,-.5596686963743760E-04,1,1475,-.1006560313187102E-01,1,1687,2.576966,1.051756
1285,1.000000000000000,1,1,359,4,.1096295739082944E-04,1,767,.7805039641036650E-04,1,72,0.4897304,1.236796
1286,1.000000000000000,1,1,359,5,-.4359163153207778E-07,1,478,.5948688448211146E-05,1,1709,1.033856,0.8307454
1287,1.000000000000000,1,1,360,1,-.5190531871763705E-01,1,712,-1.921187791315567,1,11,1.255687,1.039559
1288,1.000000000000000,1,1,360,2,-.2002729613506462E-02,1,1475,.3592834721985758E-01,1,1682,1.299433,0.9509670
1289,1.000000000000000,1,1,360,3,-.5693105511682462E-04,1,1475,-.9380804495183154E-02,1,1687,2.466301,1.048041
1290,1.000000000000000,1,1,360,4,.1032711084903009E-04,1,767,.7903162562643535E-04,1,72,0.5122498,1.252780
1291,1.000000000000000,1,1,360,5,-.4420814322751313E-07,1,478,.5885980306074088E-05,1,1709,1.037837,0.8375548
1292,1.000000000000000,1,1,361,1,-.5180698639316669E-01,1,712,-1.927150645481382,1,11,1.257481,1.039902
1293,1.000000000000000,1,1,361,2,-.2029996878977484E-02,1,1475,.3656193621722362E-01,1,1682,1.301447,0.9508246
1294,1.000000000000000,1,1,361,3,-.5799162335567595E-04,1,1475,-.8833370188718473E-02,1,1687,2.376916,1.044518
1295,1.000000000000000,1,1,361,4,.9824888496388455E-05,1,767,.7988850776909536E-04,1,72,0.5320097,1.268508
1296,1.000000000000000,1,1,361,5,-.4477484071059328E-07,1,478,.5819996090826449E-05,1,1709,1.042275,0.8433879
1297,1.000000000000000,1,1,362,1,-.5170900414565527E-01,1,712,-1.933707012550386,1,11,1.259251,1.040338
1298,1.000000000000000,1,1,362,2,-.2057246533199290E-02,1,1475,.3727417610086173E-01,1,1682,1.303028,0.9507805
1299,1.000000000000000,1,1,362,3,-.5870455613591970E-04,1,1475,-.7422546894173441E-02,1,1687,2.186736,1.035112
1300,1.000000000000000,1,1,362,4,.8374947199298088E-05,1,767,.7976679134556770E-04,1,72,0.5803867,1.289956
1301,1.000000000000000,1,1,362,5,-.4446127791452677E-07,1,478,.5761924338452815E-05,1,1709,1.042579,0.8452401
1302,1.000000000000000,1,1,363,1,-.5161120073949183E-01,1,712,-1.939809245632589,1,11,1.261085,1.040692
1303,1.000000000000000,1,1,363,2,-.2085116701547097E-02,1,1475,.3792348780309061E-01,1,1682,1.305117,0.9506177
1304,1.000000000000000,1,1,363,3,-.6005409084199219E-04,1,1475,-.7252808782960348E-02,1,1687,2.151261,1.032875
1305,1.000000000000000,1,1,363,4,.8263823623932741E-05,1,767,.8038802421308231E-04,1,72,0.5900738,1.304402
1306,1.000000000000000,1,1,363,5,-.4498070708438373E-07,1,478,.5671765178173384E-05,1,1709,1.049328,0.8498361
1307,1.000000000000000,1,1,364,1,-.5151374120885025E-01,1,712,-1.945874957996086,1,11,1.262943,1.041040
1308,1.000000000000000,1,1,364,2,-.2113342032212308E-02,1,1475,.3858916823391863E-01,1,1682,1.307235,0.9504642
1309,1.000000000000000,1,1,364,3,-.6140788418018559E-04,1,1475,-.7044784437982257E-02,1,1687,2.112608,1.030236
1310,1.000000000000000,1,1,364,4,.8105832972387302E-05,1,767,.8096816249450922E-04,1,72,0.6011904,1.318498
1311,1.000000000000000,1,1,364,5,-.4549860140273745E-07,1,478,.5595414592067915E-05,1,1709,1.055011,0.8543485
1312,1.000000000000000,1,1,365,1,-.5141640348980285E-01,1,712,-1.951830636958939,1,11,1.264815,1.041384
1313,1.000000000000000,1,1,365,2,-.2141978362600554E-02,1,1475,.3926822798725428E-01,1,1682,1.309339,0.9503204
1314,1.000000000000000,1,1,365,3,-.6276798588343701E-04,1,1475,-.6767974469275479E-02,1,1687,2.067689,1.026993
1315,1.000000000000000,1,1,365,4,.7868342176098213E-05,1,767,.8135015290067569E-04,1,72,0.6147482,1.332947
1316,1.000000000000000,1,1,365,5,-.4588883558679240E-07,1,478,.5518585658038597E-05,1,1709,1.060210,0.8581675
1317,1.000000000000000,1,1,366,1,-.5131915195791820E-01,1,712,-1.957742769667226,1,11,1.266706,1.041724
1318,1.000000000000000,1,1,366,2,-.2170996260967626E-02,1,1475,.4004840786926803E-01,1,1682,1.310788,0.9503697
1319,1.000000000000000,1,1,366,3,-.6341302045568436E-04,1,1475,-.5050779444229302E-02,1,1687,1.866868,1.010200
1320,1.000000000000000,1,1,366,4,.5974736467603396E-05,1,767,.7998991510719287E-04,1,72,0.6870805,1.356279
1321,1.000000000000000,1,1,366,5,-.4447103353176678E-07,1,478,.5648581068245526E-05,1,1709,1.037171,0.8594114
1322,1.000000000000000,1,1,367,1,-.5122246994806991E-01,1,712,-1.963766254674095,1,11,1.268620,1.042073
1323,1.000000000000000,1,1,367,2,-.2200317928581117E-02,1,1475,.4075439437937844E-01,1,1682,1.312918,0.9502322
1324,1.000000000000000,1,1,367,3,-.6490307568831180E-04,1,1475,-.4866666800896532E-02,1,1687,1.838932,1.006874
1325,1.000000000000000,1,1,367,4,.5818184563191345E-05,1,767,.8015232830652619E-04,1,72,0.6982519,1.369391
1326,1.000000000000000,1,1,367,5,-.4482022694015501E-07,1,478,.5599556461887838E-05,1,72,1.041102,0.8630517
1327,1.000000000000000,1,1,368,1,-.5112589453479271E-01,1,712,-1.969939062250750,1,11,1.270556,1.042435
1328,1.000000000000000,1,1,368,2,-.2231593845859214E-02,1,1475,.4145135069935551E-01,1,1682,1.315392,0.9501500
1329,1.000000000000000,1,1,368,3,-.6698500795922506E-04,1,1475,-.5310831827888489E-02,1,1687,1.876591,1.009904
1330,1.000000000000000,1,1,368,4,.6413968647518818E-05,1,767,.7784226390704643E-04,1,72,0.6789372,1.387358
1331,1.000000000000000,1,1,368,5,-.4396941573291239E-07,1,478,.4921245557229262E-05,1,1709,1.087984,0.8589225
1332,1.000000000000000,1,1,369,1,-.5102974869407019E-01,1,712,-1.975938771459509,1,11,1.272508,1.042787
1333,1.000000000000000,1,1,369,2,-.2261765072318472E-02,1,1475,.4221821863263838E-01,1,1682,1.317556,0.9500158
1334,1.000000000000000,1,1,369,3,-.6853180085157078E-04,1,1475,-.5064351093840169E-02,1,1687,1.842995,1.005947
1335,1.000000000000000,1,1,369,4,.6183635140431411E-05,1,767,.7788834808222871E-04,1,72,0.6922734,1.399432
1336,1.000000000000000,1,1,369,5,-.4439344418358958E-07,1,478,.4914334085293549E-05,1,72,1.091719,0.8626275
1337,1.000000000000000,1,1,370,1,-.5093390781420712E-01,1,712,-1.981904515553459,1,11,1.274480,1.043136
1338,1.000000000000000,1,1,370,2,-.2292328003205487E-02,1,1475,.4295754778284509E-01,1,1682,1.319810,0.9498637
1339,1.000000000000000,1,1,370,3,-.7024913532674796E-04,1,1475,-.5025744666377711E-02,1,1687,1.831275,1.004164
1340,1.000000000000000,1,1,370,4,.6197663038122784E-05,1,767,.7761924126510450E-04,1,72,0.6961118,1.411515
1341,1.000000000000000,1,1,370,5,-.4477252376356270E-07,1,478,.4828007804238863E-05,1,72,1.104527,0.8654220
1342,1.000000000000000,1,1,371,1,-.5083847568796185E-01,1,712,-1.988015293083126,1,11,1.276464,1.043511
1343,1.000000000000000,1,1,371,2,-.2323322642423187E-02,1,1475,.4369060801458507E-01,1,1682,1.322277,0.9496204
1344,1.000000000000000,1,1,371,3,-.7218891199745052E-04,1,1475,-.5306763955640130E-02,1,1687,1.851346,1.005733
1345,1.000000000000000,1,1,371,4,.6596597125351424E-05,1,767,.8102283806701083E-04,1,72,0.6896492,1.414124
1346,1.000000000000000,1,1,371,5,-.4766113745685848E-07,1,478,.5250805387322221E-05,1,72,1.101482,0.8744792
1347,1.000000000000000,1,1,372,1,-.5074334743393638E-01,1,712,-1.993963255411923,1,11,1.278484,1.043854
1348,1.000000000000000,1,1,372,2,-.2354775876326581E-02,1,1475,.4448096164489779E-01,1,1682,1.324606,0.9494628
1349,1.000000000000000,1,1,372,3,-.7399540186516296E-04,1,1475,-.5249853343904658E-02,1,1687,1.838228,1.003727
1350,1.000000000000000,1,1,372,4,.6594311522329708E-05,1,767,.8110736505557334E-04,1,72,0.6944556,1.424986
1351,1.000000000000000,1,1,372,5,-.4837505591295674E-07,1,478,.5249142063102388E-05,1,72,1.110763,0.8771154
1352,1.000000000000000,1,1,373,1,-.5064866260199003E-01,1,712,-2.000007191317191,1,11,1.280528,1.044206
1353,1.000000000000000,1,1,373,2,-.2386249557113086E-02,1,1475,.4527210160121100E-01,1,1682,1.326933,0.9493217
1354,1.000000000000000,1,1,373,3,-.7578216021929732E-04,1,1475,-.5126817307459583E-02,1,1687,1.819158,1.001022
1355,1.000000000000000,1,1,373,4,.6504799836483571E-05,1,767,.8113216745204078E-04,1,72,0.7019625,1.435622
1356,1.000000000000000,1,1,373,5,-.4911911100666447E-07,1,478,.5265468545669682E-05,1,72,1.119080,0.8795840
1357,1.000000000000000,1,1,374,1,-.5055357900136599E-01,1,712,-2.010001086975924,1,11,1.282472,1.045085
1358,1.000000000000000,1,1,374,2,-.2417094901017940E-02,1,1475,.4592905510247298E-01,1,1682,1.330735,0.9484979
1359,1.000000000000000,1,1,374,3,-.7903887263269066E-04,1,1475,-.7612463707042406E-02,1,1687,2.047281,1.020950
1360,1.000000000000000,1,1,374,4,.9657036705463350E-05,1,767,.9565664873378953E-04,1,72,0.6245510,1.411243
1361,1.000000000000000,1,1,374,5,-.6026847271738545E-07,1,478,.7025296817307581E-05,1,72,1.087144,0.9029714
1362,1.000000000000000,1,1,375,1,-.5045943757036381E-01,1,712,-2.016264620194628,1,11,1.284524,1.045501
1363,1.000000000000000,1,1,375,2,-.2449677657508462E-02,1,1475,.4273380329125937E-01,1,10,1.333602,0.9494799
1364,1.000000000000000,1,1,375,3,-.8171202711088275E-04,1,1475,-.8849008873936205E-02,1,1687,2.141541,1.028233
1365,1.000000000000000,1,1,375,4,.1118718080703503E-04,1,767,.1041636402709821E-03,1,72,0.5966855,1.402468
1366,1.000000000000000,1,1,375,5,-.6774033855079681E-07,1,478,.8124939426764493E-05,1,72,1.073829,0.9169151
1367,1.000000000000000,1,1,376,1,-.5036351247177105E-01,1,712,-2.019034513581202,1,11,1.286600,1.045559
1368,1.000000000000000,1,1,376,2,-.2483847768157580E-02,1,1475,.4371101717986775E-01,1,10,1.334505,0.9496698
1369,1.000000000000000,1,1,376,3,-.8298622780211395E-04,1,1475,-.5223916529703146E-02,1,10,1.934261,1.012493
1370,1.000000000000000,1,1,376,4,.8640898210456681E-05,1,767,.1022010180266641E-03,1,72,0.6657171,1.425965
1371,1.000000000000000,1,1,376,5,-.6584843154644161E-07,1,478,.8276613886924923E-05,1,72,1.051979,0.9213438
1372,1.000000000000000,1,1,377,1,-.5027075677561647E-01,1,712,-2.025894214907447,1,11,1.288706,1.046028
1373,1.000000000000000,1,1,377,2,-.2516767219946485E-02,1,1475,.4450467093895216E-01,1,10,1.336858,0.9496487
1374,1.000000000000000,1,1,377,3,-.8497743305262010E-04,1,1475,-.5044432667915909E-02,1,10,1.903354,1.008649
1375,1.000000000000000,1,1,377,4,.8410530155726263E-05,1,767,.1025570706543421E-03,1,72,0.6774980,1.437728
1376,1.000000000000000,1,1,377,5,-.6684366001931365E-07,1,478,.8376440535327843E-05,1,72,1.055625,0.9220837
1377,1.000000000000000,1,1,378,1,-.5017807509645666E-01,1,712,-2.032368090653908,1,11,1.290814,1.046480
1378,1.000000000000000,1,1,378,2,-.2549769088718064E-02,1,1475,.4566112023632891E-01,1,10,1.337993,0.9499958
1379,1.000000000000000,1,1,378,3,-.8607312961101909E-04,1,1475,-.3953429602599627E-02,1,1696,1.726793,0.9870541
1380,1.000000000000000,1,1,378,4,.5920726800655965E-05,1,767,.9771177934252275E-04,1,72,0.7557029,1.460584
1381,1.000000000000000,1,1,378,5,-.6352745233262667E-07,1,478,.8441778699662204E-05,1,72,1.028275,0.9303860
1382,1.000000000000000,1,1,379,1,-.5008580358573546E-01,1,712,-2.040836278489278,1,11,1.293005,1.046830
1383,1.000000000000000,1,1,379,2,-.2584332308463264E-02,1,1475,.4645592868546636E-01,1,10,1.340460,0.9498818
1384,1.000000000000000,1,1,379,3,-.8823456758416509E-04,1,1475,-.3957112730756935E-02,1,1696,1.712069,0.9842528
1385,1.000000000000000,1,1,379,4,.5817891694007736E-05,1,767,.9803643363456671E-04,1,72,0.7630047,1.470571
1386,1.000000000000000,1,1,379,5,-.6479243348685529E-07,1,478,.8581721078406234E-05,1,72,1.032700,0.9324150
1387,1.000000000000000,1,1,380,1,-.4999395856996194E-01,1,712,-2.046852911365310,1,11,1.295218,1.047175
1388,1.000000000000000,1,1,380,2,-.2619104272031979E-02,1,1475,.4727007390804658E-01,1,10,1.342953,0.9497562
1389,1.000000000000000,1,1,380,3,-.9043890529759178E-04,1,1475,-.3968770787941147E-02,1,1696,1.698898,0.9816171
1390,1.000000000000000,1,1,380,4,.5726601121591320E-05,1,767,.9841251757659148E-04,1,72,0.7695931,1.480166
1391,1.000000000000000,1,1,380,5,-.6623655428910233E-07,1,478,.8736950108876813E-05,1,72,1.037674,0.9345250
1392,1.000000000000000,1,1,381,1,-.4990250994781814E-01,1,712,-2.052943343241880,1,11,1.297464,1.047520
1393,1.000000000000000,1,1,381,2,-.2654274912388257E-02,1,1475,.4810208147874125E-01,1,10,1.345455,0.9496404
1394,1.000000000000000,1,1,381,3,-.9270885047887598E-04,1,1475,-.3981118261489876E-02,1,1696,1.685996,0.9789680
1395,1.000000000000000,1,1,381,4,.5628958756341074E-05,1,767,.9887358563140447E-04,1,72,0.7762096,1.489469
1396,1.000000000000000,1,1,381,5,-.6787995623647100E-07,1,478,.8918524926852879E-05,1,72,1.042597,0.9369607
1397,1.000000000000000,1,1,382,1,-.4981194705237300E-01,1,712,-2.059360814277176,1,11,1.299744,1.047890
1398,1.000000000000000,1,1,382,2,-.2689844012313217E-02,1,1475,.4885895272386639E-01,1,10,1.348176,0.9495036
1399,1.000000000000000,1,1,382,3,-.9490975391395599E-04,1,1475,-.3984782134107845E-02,1,1696,1.672794,0.9745869
1400,1.000000000000000,1,1,382,4,.5502787129043567E-05,1,767,.1151647528693426E-03,1,248,0.7826361,1.494462
1401,1.000000000000000,1,1,382,5,-.7253745918453012E-07,1,478,.9570478654415365E-05,1,72,1.050922,0.9304386
1402,1.000000000000000,1,1,383,1,-.4971211914012238E-01,1,712,-2.065133132829801,1,11,1.302034,1.048210
1403,1.000000000000000,1,1,383,2,-.2726445974956265E-02,1,1475,.4971532431135006E-01,1,10,1.350774,0.9493623
1404,1.000000000000000,1,1,383,3,-.9738022637378470E-04,1,1475,-.4028505965310113E-02,1,1696,1.665023,0.9726835
1405,1.000000000000000,1,1,383,4,.5477056468575790E-05,1,767,.1162696667969948E-03,1,248,0.7867790,1.502744
1406,1.000000000000000,1,1,383,5,-.7489503075761145E-07,1,478,.9816973922078474E-05,1,72,1.056943,0.9319607
1407,1.000000000000000,1,1,384,1,-.4962170451432522E-01,1,712,-2.071195429549409,1,11,1.304358,1.048554
1408,1.000000000000000,1,1,384,2,-.2763148783771458E-02,1,1475,.5058627378241400E-01,1,10,1.353414,0.9492334
1409,1.000000000000000,1,1,384,3,-.9985619157150088E-04,1,1475,-.4063684102653504E-02,1,1696,1.656012,0.9705131
1410,1.000000000000000,1,1,384,4,.5417653014199640E-05,1,767,.1170410761518210E-03,1,248,0.7915452,1.511126
1411,1.000000000000000,1,1,384,5,-.7730681419649308E-07,1,478,.1007139020867745E-04,1,72,1.062875,0.9336073
1412,1.000000000000000,1,1,385,1,-.4953174489729955E-01,1,712,-2.077269013279523,1,11,1.306665,1.048943
1413,1.000000000000000,1,1,385,2,-.2801201180161696E-02,1,1475,.5047329726350684E-01,1,10,1.355980,0.9490086
1414,1.000000000000000,1,1,385,3,-.1028086614473245E-03,1,1475,-.4188705067140680E-02,1,1696,1.659895,0.9702585
1415,1.000000000000000,1,1,385,4,.5610680966078945E-05,1,767,.1144651135068382E-03,1,248,0.7857969,1.521282
1416,1.000000000000000,1,1,385,5,-.7938746859102419E-07,1,478,.9913295610399154E-05,1,72,1.088694,0.9281737
1417,1.000000000000000,1,1,386,1,-.4944293276290319E-01,1,712,-2.083756959668182,1,11,1.309070,1.049305
1418,1.000000000000000,1,1,386,2,-.2839189250927280E-02,1,1475,.5131673966075790E-01,1,10,1.358714,0.9488992
1419,1.000000000000000,1,1,386,3,-.1056005544225253E-03,1,1475,-.4210469154977236E-02,1,1696,1.648610,0.9677878
1420,1.000000000000000,1,1,386,4,.5495972838257205E-05,1,767,.1149182802851036E-03,1,248,0.7917145,1.529029
1421,1.000000000000000,1,1,386,5,-.8236072429419292E-07,1,478,.1025849701264842E-04,1,72,1.092675,0.9309825
1422,1.000000000000000,1,1,387,1,-.4935437474107719E-01,1,712,-2.089809595416123,1,11,1.311480,1.049644
1423,1.000000000000000,1,1,387,2,-.2877471937538919E-02,1,1475,.5221505291092136E-01,1,10,1.361446,0.9487726
1424,1.000000000000000,1,1,387,3,-.1083149972452079E-03,1,1475,-.4252792186280651E-02,1,1696,1.640386,0.9657231
1425,1.000000000000000,1,1,387,4,.5429880852606933E-05,1,767,.1154083662099737E-03,1,248,0.7960178,1.536630
1426,1.000000000000000,1,1,387,5,-.8566839689020167E-07,1,478,.1057894576968410E-04,1,72,1.099769,0.9327258
1427,1.000000000000000,1,1,388,1,-.4926612114771248E-01,1,712,-2.095686270745044,1,11,1.313892,1.049991
1428,1.000000000000000,1,1,388,2,-.2916623038925723E-02,1,1475,.5320731521257807E-01,1,10,1.364007,0.9487074
1429,1.000000000000000,1,1,388,3,-.1110282663917366E-03,1,1475,-.4298278782661476E-02,1,1696,1.631471,0.9635895
1430,1.000000000000000,1,1,388,4,.5340275699636503E-05,1,767,.1119703169305136E-03,1,248,0.7976906,1.545911
1431,1.000000000000000,1,1,388,5,-.8867702173909962E-07,1,478,.1051984506277802E-04,1,72,1.124083,0.9294851
1432,1.000000000000000,1,1,389,1,-.4917825687790681E-01,1,712,-2.101580018074282,1,11,1.316347,1.050327
1433,1.000000000000000,1,1,389,2,-.2956160969401240E-02,1,1475,.5413900638217167E-01,1,10,1.366839,0.9485747
1434,1.000000000000000,1,1,389,3,-.1138702688670297E-03,1,1475,-.4338863059885486E-02,1,1696,1.622581,0.9614392
1435,1.000000000000000,1,1,389,4,.5240249644537694E-05,1,767,.1116861054213477E-03,1,248,0.8019572,1.553278
1436,1.000000000000000,1,1,389,5,-.9261264921233841E-07,1,478,.1085399044968594E-04,1,72,1.133000,0.9311322
1437,1.000000000000000,1,1,390,1,-.4909111135711299E-01,1,712,-2.107658535933524,1,11,1.318849,1.050663
1438,1.000000000000000,1,1,390,2,-.2996070451135624E-02,1,1475,.5508730757566681E-01,1,10,1.369685,0.9484482
1439,1.000000000000000,1,1,390,3,-.1168251667356218E-03,1,1475,-.4393754852534949E-02,1,1696,1.615949,0.9596307
1440,1.000000000000000,1,1,390,4,.5178714956070655E-05,1,767,.1121061905799076E-03,1,248,0.8054381,1.560161
1441,1.000000000000000,1,1,390,5,-.9712260562554712E-07,1,478,.1125906226772210E-04,1,72,1.140866,0.9329352
1442,1.000000000000000,1,1,391,1,-.4900465800937875E-01,1,712,-2.113747446198743,1,11,1.321383,1.051000
1443,1.000000000000000,1,1,391,2,-.3036259538516590E-02,1,1475,.5606237450045030E-01,1,10,1.372558,0.9483254
1444,1.000000000000000,1,1,391,3,-.1198748625565465E-03,1,1475,-.4450989844405230E-02,1,1696,1.609485,0.9578566
1445,1.000000000000000,1,1,391,4,.5113445179191022E-05,1,767,.1122903119179023E-03,1,248,0.8086646,1.566987
1446,1.000000000000000,1,1,391,5,-.1020259009441965E-06,1,478,.1167551991632290E-04,1,72,1.149801,0.9344973
1447,1.000000000000000,1,1,392,1,-.4891880279976799E-01,1,712,-2.119862541228281,1,11,1.323955,1.051331
1448,1.000000000000000,1,1,392,2,-.3077289495270138E-02,1,1475,.5704402208605576E-01,1,10,1.375482,0.9482000
1449,1.000000000000000,1,1,392,3,-.1230136549649278E-03,1,1475,-.4515848785204802E-02,1,1696,1.603906,0.9562382
1450,1.000000000000000,1,1,392,4,.5059083976079619E-05,1,767,.1140333596672107E-03,1,72,0.8114478,1.573751
1451,1.000000000000000,1,1,392,5,-.1073902513971142E-06,1,478,.1212409474851663E-04,1,72,1.158901,0.9359713
1452,1.000000000000000,1,1,393,1,-.4883289277173006E-01,1,712,-2.126010691836059,1,11,1.326556,1.051669
1453,1.000000000000000,1,1,393,2,-.3118889247155993E-02,1,1475,.5805980423857333E-01,1,10,1.378395,0.9480939
1454,1.000000000000000,1,1,393,3,-.1262108659358558E-03,1,1475,-.4555373381482618E-02,1,1696,1.594871,0.9541451
1455,1.000000000000000,1,1,393,4,.4910373480947951E-05,1,767,.1164882379670524E-03,1,72,0.8162641,1.580434
1456,1.000000000000000,1,1,393,5,-.1131264918391349E-06,1,478,.1263692318974243E-04,1,72,1.167155,0.9380698
1457,1.000000000000000,1,1,394,1,-.4874557858983899E-01,1,712,-2.128791000383163,1,11,1.329270,1.051560
1458,1.000000000000000,1,1,394,2,-.2977159342401297E-02,1,186,.5856692962476161E-01,1,10,1.383397,0.9473532
1459,1.000000000000000,1,1,394,3,-.1005761515504398E-03,1,767,-.5455301732130899E-02,1,1696,1.694277,0.9659426
1460,1.000000000000000,1,1,394,4,.7153329327756406E-05,1,1475,.1207342239647316E-03,1,72,0.7628975,1.587258
1461,1.000000000000000,1,1,394,5,-.1210671736538096E-06,1,478,.1088282220139316E-04,1,72,1.254435,0.9075306
1462,1.000000000000000,1,1,395,1,-.4866176379160619E-01,1,712,-2.135040516020630,1,11,1.331942,1.051901
1463,1.000000000000000,1,1,395,2,-.3015631024792763E-02,1,186,.5959005357086506E-01,1,10,1.386500,0.9472353
1464,1.000000000000000,1,1,395,3,-.1034049785564904E-03,1,767,-.5550160700755974E-02,1,1696,1.689740,0.9644386
1465,1.000000000000000,1,1,395,4,.7198723607847290E-05,1,1475,.1232632853421985E-03,1,72,0.7644477,1.594204
1466,1.000000000000000,1,1,395,5,-.1277116083109201E-06,1,478,.1116537055672294E-04,1,72,1.267953,0.9074382
1467,1.000000000000000,1,1,396,1,-.4858306454845506E-01,1,712,-2.148434727420742,1,11,1.334476,1.053190
1468,1.000000000000000,1,1,396,2,-.3044315247112494E-02,1,186,.6286965974357912E-01,1,10,1.383228,0.9480149
1469,1.000000000000000,1,1,396,3,-.1056095672087717E-03,1,767,-.3855244414677494E-02,1,1696,1.462132,0.9385981
1470,1.000000000000000,1,1,396,4,-.3178691122430599E-05,1,478,.1174624883803632E-03,1,72,0.8855268,1.604328
1471,1.000000000000000,1,1,396,5,-.1310744175467686E-06,1,478,.1391097187614715E-04,1,72,1.255797,0.9280977
1472,1.000000000000000,1,1,397,1,-.4850008505727849E-01,1,712,-2.154236118946803,1,11,1.337205,1.053494
1473,1.000000000000000,1,1,397,2,-.3084950283529684E-02,1,186,.6134941317837165E-01,1,10,1.385739,0.9477209
1474,1.000000000000000,1,1,397,3,-.1090836834370789E-03,1,767,-.3908547366772508E-02,1,1696,1.459300,0.9386016
1475,1.000000000000000,1,1,397,4,-.3450465140139710E-05,1,478,.1191230358091878E-03,1,72,0.8770905,1.612280
1476,1.000000000000000,1,1,397,5,-.1417632354129836E-06,1,478,.1307724557483897E-04,1,72,1.321190,0.9174892
1477,1.000000000000000,1,1,398,1,-.4841906742918767E-01,1,712,-2.163460898087957,1,11,1.339733,1.054405
1478,1.000000000000000,1,1,398,2,-.3121760498284339E-02,1,186,.6299523415310739E-01,1,10,1.386916,0.9486538
1479,1.000000000000000,1,1,398,3,-.1126948024948444E-03,1,767,-.3768829296796072E-02,1,1696,1.425335,0.9406177
1480,1.000000000000000,1,1,398,4,-.4198290016559909E-05,1,478,.1200399440015501E-03,1,72,0.8654351,1.616611
1481,1.000000000000000,1,1,398,5,-.1640242340474848E-06,1,459,.1198926806205987E-04,1,72,1.451208,0.9035691
1482,1.000000000000000,1,1,399,1,-.4833761600005570E-01,1,712,-2.169379134090975,1,11,1.342524,1.054729
1483,1.000000000000000,1,1,399,2,-.3163049267519377E-02,1,186,.6402460691831417E-01,1,10,1.390315,0.9487579
1484,1.000000000000000,1,1,399,3,-.1143437959322871E-03,1,767,-.3963657379579349E-02,1,1696,1.436894,0.9404281
1485,1.000000000000000,1,1,399,4,-.4255166692355459E-05,1,478,.1244814095774879E-03,1,72,0.8533963,1.622668
1486,1.000000000000000,1,1,399,5,-.1785670093063786E-06,1,459,.1125782637568977E-04,1,72,1.480277,0.9007940
1487,1.000000000000000,1,1,400,1,-.4825514292765282E-01,1,712,-2.174292376656668,1,11,1.345388,1.054906
1488,1.000000000000000,1,1,400,2,-.3205634748005195E-02,1,186,.6522980310824746E-01,1,10,1.393511,0.9482618
1489,1.000000000000000,1,1,400,3,-.1181300790528361E-03,1,767,-.4220976676296276E-02,1,1696,1.455539,0.9391529
1490,1.000000000000000,1,1,400,4,-.4083634218500427E-05,1,478,.1293977444241830E-03,1,72,0.8469562,1.625335
1491,1.000000000000000,1,1,400,5,-.1808929080941830E-06,1,478,.1200629291137881E-04,1,72,1.449632,0.9061481
1492,1.000000000000000,1,1,401,1,-.4817543389655850E-01,1,712,-2.180501764464581,1,11,1.348301,1.055214
1493,1.000000000000000,1,1,401,2,-.3247622690359133E-02,1,186,.6642341609858178E-01,1,10,1.396572,0.9482531
1494,1.000000000000000,1,1,401,3,-.1215799431770923E-03,1,767,-.4321535546437487E-02,1,1696,1.454310,0.9392263
1495,1.000000000000000,1,1,401,4,-.4362262194494828E-05,1,478,.1347560775152141E-03,1,72,0.8445390,1.631140
1496,1.000000000000000,1,1,401,5,-.1940700798846549E-06,1,478,.1252185974934105E-04,1,72,1.466883,0.9063182
1497,1.000000000000000,1,1,402,1,-.4809561456939863E-01,1,712,-2.186915228910965,1,11,1.351202,1.055592
1498,1.000000000000000,1,1,402,2,-.3290110367729195E-02,1,186,.6777267694720367E-01,1,10,1.399542,0.9484397
1499,1.000000000000000,1,1,402,3,-.1212489444858496E-03,1,1082,-.4343213965076158E-02,1,1696,1.444924,0.9404061
1500,1.000000000000000,1,1,402,4,-.4804124983595512E-05,1,478,.1402446238081115E-03,1,72,0.8518570,1.638158
1501,1.000000000000000,1,1,402,5,-.2023434976458361E-06,1,478,.1489004553535468E-04,1,72,1.448740,0.9115947
1502,1.000000000000000,1,1,403,1,-.4801613903195687E-01,1,712,-2.193451040823488,1,11,1.354170,1.055956
1503,1.000000000000000,1,1,403,2,-.3333740962527861E-02,1,186,.6889342376289526E-01,1,10,1.403130,0.9484397
1504,1.000000000000000,1,1,403,3,-.1246270057906910E-03,1,1082,.4624419173060162E-02,1,72,1.439359,0.9427735
1505,1.000000000000000,1,1,403,4,-.6229019960324599E-05,1,478,.1831071843153168E-03,1,72,0.8431966,1.661722
1506,1.000000000000000,1,1,403,5,-.2462267928257377E-06,1,478,.2153003751684276E-04,1,72,1.494623,0.9057407
1507,1.000000000000000,1,1,404,1,-.4793692976288699E-01,1,712,-2.202281160312556,1,11,1.356625,1.057110
1508,1.000000000000000,1,1,404,2,-.3372647732628253E-02,1,186,.7216122386882298E-01,1,10,1.400314,0.9499966
1509,1.000000000000000,1,1,404,3,-.1308505423645262E-03,1,1082,.5359587689773780E-02,1,72,1.394894,0.9526458
1510,1.000000000000000,1,1,404,4,-.7407316924577312E-05,1,478,.3565903527589768E-03,1,1696,0.7592364,1.645032
1511,1.000000000000000,1,1,404,5,-.3561003033112099E-06,1,459,.2449696412738621E-04,1,72,1.754837,0.9037951
1512,1.000000000000000,1,1,405,1,-.4785990467795744E-01,1,712,-2.208651000547028,1,11,1.359684,1.057444
1513,1.000000000000000,1,1,405,2,-.3417473753124678E-02,1,186,.7340833764065115E-01,1,10,1.403794,0.9498935
1514,1.000000000000000,1,1,405,3,-.1348048319995857E-03,1,1082,.5541507255321509E-02,1,72,1.395577,0.9535757
1515,1.000000000000000,1,1,405,4,-.7757372851355094E-05,1,478,.3942577524976505E-03,1,1696,0.7461277,1.647232
1516,1.000000000000000,1,1,405,5,-.3940476906409016E-06,1,459,.2587002822929851E-04,1,72,1.793274,0.9054543
1517,1.000000000000000,1,1,406,1,-.4778357913213424E-01,1,712,-2.215005500302195,1,11,1.362789,1.057769
1518,1.000000000000000,1,1,406,2,-.3463201333746634E-02,1,186,.7466817691014865E-01,1,10,1.407356,0.9498121
1519,1.000000000000000,1,1,406,3,-.1389641294269398E-03,1,1082,.5713256577774626E-02,1,72,1.396779,0.9545026
1520,1.000000000000000,1,1,406,4,-.8124566477225129E-05,1,478,.4331681685832761E-03,1,1696,0.7337136,1.649918
1521,1.000000000000000,1,1,406,5,-.4344211052789873E-06,1,459,.2723792843996102E-04,1,72,1.828887,0.9077083
1522,1.000000000000000,1,1,407,1,-.4770867208527418E-01,1,712,-2.221864876625464,1,11,1.365984,1.058106
1523,1.000000000000000,1,1,407,2,-.3509150347592512E-02,1,186,.7593914022576176E-01,1,10,1.410993,0.9497114
1524,1.000000000000000,1,1,407,3,-.1431910108182781E-03,1,1082,.5858271848600331E-02,1,72,1.399665,0.9548207
1525,1.000000000000000,1,1,407,4,-.8478372572025761E-05,1,478,.4604959109800129E-03,1,1696,0.7283817,1.654917
1526,1.000000000000000,1,1,407,5,-.4673480963977390E-06,1,459,.2814925118893806E-04,1,72,1.841571,0.9109842
1527,1.000000000000000,1,1,408,1,-.4763472000327024E-01,1,712,-2.229145988404529,1,11,1.369199,1.058504
1528,1.000000000000000,1,1,408,2,-.3556334036210688E-02,1,186,.7690578285994228E-01,1,10,1.415686,0.9493644
1529,1.000000000000000,1,1,408,3,-.1475826727602740E-03,1,1082,.5750235490619686E-02,1,72,1.423296,0.9487152
1530,1.000000000000000,1,1,408,4,-.8464559078564440E-05,1,478,.3834639706519821E-03,1,1696,0.7692429,1.678994
1531,1.000000000000000,1,1,408,5,-.4242642029419176E-06,1,459,.2542905341148190E-04,1,72,1.685595,0.9333178
1532,1.000000000000000,1,1,409,1,-.4755980444974960E-01,1,712,-2.243182884012722,1,11,1.372231,1.059059
1533,1.000000000000000,1,1,409,2,-.3602263046745290E-02,1,186,.7926436838157626E-01,1,10,1.416509,0.9499717
1534,1.000000000000000,1,1,409,3,-.1527738511005794E-03,1,1082,.6462631109396906E-02,1,72,1.386465,0.9629040
1535,1.000000000000000,1,1,409,4,-.9319368514987147E-05,1,478,.7661301934849546E-03,1,1696,0.5687384,1.603159
1536,1.000000000000000,1,1,409,5,-.8430733904026726E-06,1,459,.3952828204139746E-04,1,72,2.421623,0.9346527
1537,1.000000000000000,1,1,410,1,-.4748667039471310E-01,1,712,-2.249615241020260,1,11,1.375531,1.059365
1538,1.000000000000000,1,1,410,2,-.3650947962217749E-02,1,186,.8068540536705000E-01,1,10,1.420214,0.9498911
1539,1.000000000000000,1,1,410,3,-.1573040124893700E-03,1,1082,.6688595232227322E-02,1,72,1.386381,0.9648154
1540,1.000000000000000,1,1,410,4,-.9632452466218107E-05,1,478,.8873863858314642E-03,1,1696,0.5049065,1.583896
1541,1.000000000000000,1,1,410,5,-.1028990649757778E-05,1,459,.4816731370647470E-04,1,72,2.769669,0.9322631
1542,1.000000000000000,1,1,410,6,-.7561539414870274E-07,1,478,-.3995942681456594E-05,1,72,1.796834,0.6831797
1543,1.000000000000000,1,1,411,1,-.4741117011676697E-01,1,712,-2.252753326761618,1,11,1.378733,1.059434
1544,1.000000000000000,1,1,411,2,-.3701400083231712E-02,1,186,.8118486387516848E-01,1,10,1.426291,0.9500922
1545,1.000000000000000,1,1,411,3,-.1635626104809426E-03,1,1082,-.5955550344011395E-02,1,1696,1.468862,0.9411427
1546,1.000000000000000,1,1,411,4,-.8767778431684474E-05,1,478,.3798671042892745E-03,1,1696,0.7718389,1.706794
1547,1.000000000000000,1,1,411,5,-.4836515171196636E-06,1,478,.3062489780361135E-04,1,72,1.585960,1.024668
1548,1.000000000000000,1,1,412,1,-.4733818581074559E-01,1,712,-2.257909646512137,1,11,1.382078,1.059638
1549,1.000000000000000,1,1,412,2,-.3752948468172783E-02,1,186,.8274401019584975E-01,1,10,1.430049,0.9501800
1550,1.000000000000000,1,1,412,3,-.1687353322614069E-03,1,1082,-.6112278617612736E-02,1,1696,1.467176,0.9420098
1551,1.000000000000000,1,1,412,4,-.9309098413520648E-05,1,478,.4096374686598633E-03,1,1696,0.7698115,1.713222
1552,1.000000000000000,1,1,412,5,-.5175389598698839E-06,1,478,.3292274676326624E-04,1,72,1.599495,1.022807
1553,1.000000000000000,1,1,413,1,-.4726780528280615E-01,1,712,-2.264081303162811,1,11,1.385614,1.059817
1554,1.000000000000000,1,1,413,2,-.3805548010429012E-02,1,186,.8405208576964482E-01,1,10,1.435252,0.9496778
1555,1.000000000000000,1,1,413,3,-.1741456356666254E-03,1,1082,-.6488957417038430E-02,1,1696,1.485608,0.9403886
1556,1.000000000000000,1,1,413,4,-.9389139856065223E-05,1,478,.4069497379640430E-03,1,1696,0.7716011,1.723024
1557,1.000000000000000,1,1,413,5,-.5393642040809468E-06,1,478,.3520950166911799E-04,1,72,1.579953,1.032518
1558,1.000000000000000,1,1,414,1,-.4719764247120686E-01,1,712,-2.270145132659161,1,11,1.389106,1.060076
1559,1.000000000000000,1,1,414,2,-.3858088907423067E-02,1,186,.8559691379592761E-01,1,10,1.439226,0.9496741
1560,1.000000000000000,1,1,414,3,-.1792310673492305E-03,1,1082,-.6665666314776903E-02,1,1696,1.485675,0.9407455
1561,1.000000000000000,1,1,414,4,-.9927058978020183E-05,1,478,.4381225605868939E-03,1,1696,0.7682974,1.730143
1562,1.000000000000000,1,1,414,5,-.5785350148134492E-06,1,478,.3754857313595813E-04,1,72,1.593626,1.033990
1563,1.000000000000000,1,1,415,1,-.4712885118349645E-01,1,712,-2.277029811667127,1,11,1.392685,1.060395
1564,1.000000000000000,1,1,415,2,-.3910824015655906E-02,1,186,.8713431729680532E-01,1,10,1.443323,0.9495466
1565,1.000000000000000,1,1,415,3,-.1852147227210709E-03,1,1082,-.6882060960882546E-02,1,1696,1.485720,0.9414621
1566,1.000000000000000,1,1,415,4,-.1050603805075198E-04,1,478,.4731100129048422E-03,1,1696,0.7643603,1.736857
1567,1.000000000000000,1,1,415,5,-.6226091646176354E-06,1,478,.3953890680016516E-04,1,72,1.604075,1.056381
1568,1.000000000000000,1,1,416,1,-.4705466407597728E-01,1,712,-2.283231226639758,1,11,1.396323,1.060629
1569,1.000000000000000,1,1,416,2,-.3964543934168632E-02,1,186,.8898092637870909E-01,1,10,1.446858,0.9496771
1570,1.000000000000000,1,1,416,3,-.1907286356801186E-03,1,1082,.7094108447604188E-02,1,72,1.468585,0.9450264
1571,1.000000000000000,1,1,416,4,-.1159985264977918E-04,1,478,.5470766332402335E-03,1,1696,0.7554952,1.740163
1572,1.000000000000000,1,1,416,5,-.6897242933037085E-06,1,478,.4220925408829742E-04,1,72,1.660245,1.043487
1573,1.000000000000000,1,1,417,1,-.4698781323905205E-01,1,712,-2.290204875195888,1,11,1.400024,1.060941
1574,1.000000000000000,1,1,417,2,-.4019208892320799E-02,1,186,.9053206756254220E-01,1,10,1.451177,0.9496442
1575,1.000000000000000,1,1,417,3,-.1975234238036684E-03,1,1082,.7371078266978608E-02,1,72,1.468776,0.9460350
1576,1.000000000000000,1,1,417,4,-.1224811178541652E-04,1,478,.5955945629249811E-03,1,1696,0.7489236,1.746532
1577,1.000000000000000,1,1,417,5,-.7483589473119681E-06,1,459,.4488566826526269E-04,1,72,1.676885,1.056259
1578,1.000000000000000,1,1,418,1,-.4692029294280141E-01,1,712,-2.296055785294037,1,11,1.403641,1.061254
1579,1.000000000000000,1,1,418,2,-.4076679311248207E-02,1,186,.9214250096929610E-01,1,10,1.456013,0.9492396
1580,1.000000000000000,1,1,418,3,-.2002985940171100E-03,1,1082,.7513640008874798E-02,1,72,1.478889,0.9451656
1581,1.000000000000000,1,1,418,4,-.1266338519673447E-04,1,478,.6017367689051585E-03,1,1696,0.7532944,1.758346
1582,1.000000000000000,1,1,418,5,-.7738637505637224E-06,1,478,.4682898025305382E-04,1,72,1.668748,1.048748
1583,1.000000000000000,1,1,419,1,-.4685352352597935E-01,1,712,-2.301567285765830,1,11,1.407348,1.061496
1584,1.000000000000000,1,1,419,2,-.4136732013567959E-02,1,186,.9348070009876862E-01,1,10,1.461524,0.9487339
1585,1.000000000000000,1,1,419,3,-.2074295631964545E-03,1,1082,-.8005153966659446E-02,1,1696,1.513399,0.9390251
1586,1.000000000000000,1,1,419,4,-.1067434334033211E-04,1,478,.5127750041929585E-03,1,1696,0.7674402,1.756086
1587,1.000000000000000,1,1,419,5,-.7180775367043761E-06,1,459,.3382316735498204E-04,1,72,1.611928,1.042253
1588,1.000000000000000,1,1,420,1,-.4678941268091917E-01,1,712,-2.308522128386623,1,11,1.411232,1.061792
1589,1.000000000000000,1,1,420,2,-.4194787889605501E-02,1,186,.9502757640652144E-01,1,10,1.466467,0.9486837
1590,1.000000000000000,1,1,420,3,-.2141381896086704E-03,1,1082,-.8372864379933466E-02,1,1696,1.520567,0.9386346
1591,1.000000000000000,1,1,420,4,-.1104071438604879E-04,1,478,.5399567615101470E-03,1,1696,0.7648057,1.762856
1592,1.000000000000000,1,1,420,5,-.7610394286383152E-06,1,459,.3604978176017203E-04,1,72,1.614694,1.051548
1593,1.000000000000000,1,1,421,1,-.4672541059423140E-01,1,712,-2.314722029181489,1,11,1.415138,1.062036
1594,1.000000000000000,1,1,421,2,-.4254113872575807E-02,1,186,.9691732150594487E-01,1,10,1.470718,0.9487754
1595,1.000000000000000,1,1,421,3,-.2212104054222635E-03,1,1082,-.8598595003167097E-02,1,1696,1.517073,0.9394816
1596,1.000000000000000,1,1,421,4,-.1180973830512771E-04,1,478,.5905927525210462E-03,1,1696,0.7605429,1.769691
1597,1.000000000000000,1,1,421,5,-.8242794859409687E-06,1,459,.3850393443837780E-04,1,72,1.631484,1.061515
1598,1.000000000000000,1,1,422,1,-.4666264500426769E-01,1,712,-2.321223051650444,1,11,1.419131,1.062291
1599,1.000000000000000,1,1,422,2,-.4314274977144170E-02,1,186,.9879457523455319E-01,1,10,1.475220,0.9487335
1600,1.000000000000000,1,1,422,3,-.2284639780674213E-03,1,1082,-.8809346910489173E-02,1,1696,1.514501,0.9403273
1601,1.000000000000000,1,1,422,4,-.1259196867110186E-04,1,478,.6412851288382740E-03,1,1696,0.7564206,1.776449
1602,1.000000000000000,1,1,422,5,-.8920689153117330E-06,1,459,.4072971350207472E-04,1,72,1.649849,1.070177
1603,1.000000000000000,1,1,423,1,-.4660454956970912E-01,1,712,-2.333295117632258,1,11,1.423103,1.063267
1604,1.000000000000000,1,1,423,2,-.4369530854466849E-02,1,186,.1005935506953940,1,10,1.478894,0.9509450
1605,1.000000000000000,1,1,423,3,-.2363639902517739E-03,1,1082,-.8876284428499066E-02,1,1696,1.499953,0.9445010
1606,1.000000000000000,1,1,423,4,-.1375939327249296E-04,1,478,.7667441746662077E-03,1,1696,0.7392419,1.778035
1607,1.000000000000000,1,1,423,5,-.1019286957015398E-05,1,459,.4390932836532344E-04,1,72,1.703385,1.114975
1608,1.000000000000000,1,1,423,6,.4194876527997050E-07,1,239,.6252172144190224E-04,1,1709,-3.715945,1.031698
1609,1.000000000000000,1,1,424,1,-.4654338010365471E-01,1,712,-2.339870235513555,1,11,1.427249,1.063507
1610,1.000000000000000,1,1,424,2,-.4431892195811561E-02,1,186,.1026813674141529,1,1682,1.483616,0.9509184
1611,1.000000000000000,1,1,424,3,-.2442505160118238E-03,1,1082,-.9131944679763063E-02,1,1696,1.499996,0.9454689
1612,1.000000000000000,1,1,424,4,-.1452038107866761E-04,1,478,.8287533888154734E-03,1,1696,0.7333951,1.784511
1613,1.000000000000000,1,1,424,5,-.1102863835890035E-05,1,459,.4659488173847912E-04,1,72,1.720942,1.130175
1614,1.000000000000000,1,1,424,6,.8317731591027016E-07,1,459,.8633450874113021E-04,1,1709,-5.239049,1.013138
1615,1.000000000000000,1,1,425,1,-.4648375004199441E-01,1,712,-2.346557290150581,1,11,1.431476,1.063749
1616,1.000000000000000,1,1,425,2,-.4495574148248237E-02,1,186,.1048190579872833,1,1682,1.488646,0.9508593
1617,1.000000000000000,1,1,425,3,-.2527605634891798E-03,1,1082,-.9434361423885125E-02,1,1696,1.502006,0.9461132
1618,1.000000000000000,1,1,425,4,-.1527031275685977E-04,1,239,.8890685563170077E-03,1,1696,0.7284810,1.791705
1619,1.000000000000000,1,1,425,5,-.1188493394097553E-05,1,459,.4916631047618492E-04,1,72,1.734998,1.144870
1620,1.000000000000000,1,1,425,6,.1605985345020829E-06,1,459,.1258011718443359E-03,1,1709,-7.740737,0.9973248
1621,1.000000000000000,1,1,426,1,-.4642462537124478E-01,1,712,-2.353065675293530,1,11,1.435766,1.063974
1622,1.000000000000000,1,1,426,2,-.4560250324213436E-02,1,186,.1070737945388401,1,1682,1.493546,0.9508421
1623,1.000000000000000,1,1,426,3,-.2613674329501550E-03,1,1082,-.9702930662562467E-02,1,1696,1.501612,0.9473259
1624,1.000000000000000,1,1,426,4,-.1623817295326844E-04,1,239,.9638990130312760E-03,1,1696,0.7216347,1.797792
1625,1.000000000000000,1,1,426,5,-.1289900135796566E-05,1,459,.5226024125379884E-04,1,72,1.756233,1.160525
1626,1.000000000000000,1,1,426,6,.4010512125792771E-06,1,459,.2422242826251558E-03,1,1709,-15.20921,0.9809453
1627,1.000000000000000,1,1,427,1,-.4636657730489019E-01,1,712,-2.359913305728289,1,11,1.440149,1.064220
1628,1.000000000000000,1,1,427,2,-.4626396069355531E-02,1,186,.1093896940766871,1,1682,1.498682,0.9507880
1629,1.000000000000000,1,1,427,3,-.2704760670015745E-03,1,1082,-.1006046363552020E-01,1,1696,1.505952,0.9474633
1630,1.000000000000000,1,1,427,4,-.1703164159933361E-04,1,239,.1017820578530337E-02,1,1696,0.7186473,1.806004
1631,1.000000000000000,1,1,427,5,-.1379732253909082E-05,1,459,.5515191528835563E-04,1,72,1.762323,1.176307
1632,1.000000000000000,1,1,427,6,-.3331922981295069E-05,1,459,-.1506767153148575E-02,1,1709,100.5922,0.9624871
1633,1.000000000000000,1,1,427,7,.3220790205398128E-05,1,459,.2342331748498099E-05,1,1709,0.1374131E-01,0.4846024E-01
1634,1.000000000000000,1,1,427,8,-.4285590318557493E-08,1,478,.4926616527306185E-06,1,72,1.402168,0.2046465E-02
1635,1.000000000000000,1,1,428,1,-.4630926761607766E-01,1,712,-2.366457297489625,1,11,1.444608,1.064427
1636,1.000000000000000,1,1,428,2,-.4693380980431199E-02,1,186,.1117763229142644,1,1682,1.503781,0.9507756
1637,1.000000000000000,1,1,428,3,-.2797114063254556E-03,1,1082,-.1035714226922957E-01,1,1696,1.506039,0.9487120
1638,1.000000000000000,1,1,428,4,-.1809447329120405E-04,1,239,.1101827450045898E-02,1,1696,0.7116158,1.812252
1639,1.000000000000000,1,1,428,5,-.1496763981635225E-05,1,459,.5898994407285101E-04,1,248,1.784452,1.192670
1640,1.000000000000000,1,1,428,6,-.6937964693118923E-06,1,478,-.2609904115832402E-03,1,1709,17.75124,0.9496282
1641,1.000000000000000,1,1,429,1,-.4625289010324094E-01,1,712,-2.372954191212873,1,11,1.449165,1.064610
1642,1.000000000000000,1,1,429,2,-.4761489945028337E-02,1,186,.1142385261607030,1,1682,1.508868,0.9508517
1643,1.000000000000000,1,1,429,3,-.2891436586362011E-03,1,1082,-.1062471551865277E-01,1,1696,1.503900,0.9506621
1644,1.000000000000000,1,1,429,4,-.1930665746176949E-04,1,239,.1210568055476668E-02,1,1696,0.7009971,1.816736
1645,1.000000000000000,1,1,429,5,-.1642293377906259E-05,1,459,.6358651168030816E-04,1,248,1.816505,1.214735
1646,1.000000000000000,1,1,429,6,-.4483029936460294E-06,1,478,-.1403694361009663E-03,1,1709,9.798155,0.9374458
1647,1.000000000000000,1,1,430,1,-.4619623160246424E-01,1,712,-2.378873011687205,1,11,1.453768,1.064754
1648,1.000000000000000,1,1,430,2,-.4832848358798836E-02,1,186,.1165774129715462,1,1682,1.515260,0.9509725
1649,1.000000000000000,1,1,430,3,-.2977333834639277E-03,1,1082,-.1085111463248130E-01,1,1696,1.498884,0.9541498
1650,1.000000000000000,1,1,430,4,-.2083972415485939E-04,1,239,.1376186411714587E-02,1,1696,0.6845385,1.816388
1651,1.000000000000000,1,1,430,5,-.1833329381402896E-05,1,459,.6794520721695926E-04,1,248,1.900722,1.199337
1652,1.000000000000000,1,1,430,6,.3399950738216546E-07,1,239,.7038793216647764E-04,1,1709,-2.005928,1.027789
1653,1.000000000000000,1,1,431,1,-.4614115651161554E-01,1,712,-2.385343069422658,1,11,1.458484,1.064933
1654,1.000000000000000,1,1,431,2,-.4903663520856030E-02,1,186,.1191602701723673,1,1682,1.520599,0.9509958
1655,1.000000000000000,1,1,431,3,-.3081294849507466E-03,1,1082,-.1116501358181378E-01,1,1696,1.498603,0.9559288
1656,1.000000000000000,1,1,431,4,-.2205511198345546E-04,1,239,.1502334425258831E-02,1,1696,0.6726018,1.819804
1657,1.000000000000000,1,1,431,5,-.2014185669193268E-05,1,459,.7380978618965352E-04,1,248,1.938399,1.221816
1658,1.000000000000000,1,1,431,6,.6277826712904295E-07,1,239,.9410090772772005E-04,1,1709,-2.867493,1.005001
1659,1.000000000000000,1,1,432,1,-.4609508481462542E-01,1,712,-2.403983639852461,1,11,1.463136,1.066687
1660,1.000000000000000,1,1,432,2,-.4956465409359020E-02,1,186,.1232009822778335,1,1682,1.520220,0.9529303
1661,1.000000000000000,1,1,432,3,-.3240601689487420E-03,1,1082,-.1154535148698676E-01,1,1696,1.493938,0.9574215
1662,1.000000000000000,1,1,432,4,-.2356918710953669E-04,1,239,.1593458196971059E-02,1,1696,0.6604176,1.826192
1663,1.000000000000000,1,1,432,5,-.2240459843847726E-05,1,459,.7551140957349802E-04,1,248,1.912589,1.332749
1664,1.000000000000000,1,1,432,6,-.2124013535318867E-06,1,478,-.1661813302480797E-04,1,1709,2.643529,0.8834579
1665,1.000000000000000,1,1,433,1,-.4604182280256970E-01,1,712,-2.410538316022144,1,11,1.468042,1.066859
1666,1.000000000000000,1,1,433,2,-.5029675046424397E-02,1,186,.1259790122515549,1,1682,1.525821,0.9529380
1667,1.000000000000000,1,1,433,3,-.3353055060503838E-03,1,1082,-.1190247678617498E-01,1,1696,1.494847,0.9590038
1668,1.000000000000000,1,1,433,4,-.2485360672235627E-04,1,239,.1719535770434028E-02,1,1696,0.6508858,1.830584
1669,1.000000000000000,1,1,433,5,-.2441222610129199E-05,1,459,.8032254522926572E-04,1,248,1.945004,1.347681
1670,1.000000000000000,1,1,433,6,-.2245795858701149E-06,1,478,-.1483904386447791E-04,1,1709,2.525386,0.8811386
1671,1.000000000000000,1,1,434,1,-.4598335998346940E-01,1,712,-2.417394556256634,1,11,1.473072,1.067037
1672,1.000000000000000,1,1,434,2,-.5103683949807303E-02,1,186,.1288824657613767,1,1682,1.531255,0.9530223
1673,1.000000000000000,1,1,434,3,-.3475084442428919E-03,1,1082,-.1231550624957604E-01,1,1696,1.498085,0.9596779
1674,1.000000000000000,1,1,434,4,-.2610055045451231E-04,1,239,.1819532975161859E-02,1,1696,0.6463711,1.838171
1675,1.000000000000000,1,1,434,5,-.2622463456071753E-05,1,459,.8492595817613912E-04,1,248,1.959746,1.360825
1676,1.000000000000000,1,1,434,6,-.2373543280359571E-06,1,478,-.1335184077769359E-04,1,1709,2.437292,0.8794298
1677,1.000000000000000,1,1,435,1,-.4593072003356289E-01,1,712,-2.423330658964210,1,11,1.478099,1.067190
1678,1.000000000000000,1,1,435,2,-.5164196737175597E-02,1,186,.1325033798859422,1,1682,1.533414,0.9543370
1679,1.000000000000000,1,1,435,3,-.3625192103054397E-03,1,1082,-.1244823285857872E-01,1,1696,1.482636,0.9680181
1680,1.000000000000000,1,1,435,4,-.2821956954011980E-04,1,239,.2145197910702943E-02,1,1696,0.6019560,1.818837
1681,1.000000000000000,1,1,435,5,-.3176227216610215E-05,1,459,.9448277242616544E-04,1,248,2.120781,1.405344
1682,1.000000000000000,1,1,435,6,-.2598652292504229E-06,1,478,-.1073562341320064E-04,1,1709,2.299728,0.8772696
1683,1.000000000000000,1,1,436,1,-.4588011715853504E-01,1,712,-2.430007614567488,1,11,1.483313,1.067353
1684,1.000000000000000,1,1,436,2,-.5241301928620479E-02,1,186,.1355780805825262,1,1682,1.539289,0.9544262
1685,1.000000000000000,1,1,436,3,-.3753336820535627E-03,1,1082,.1289858146015045E-01,1,1709,1.484096,0.9699788
1686,1.000000000000000,1,1,436,4,-.2964424167449678E-04,1,239,.2312333655951860E-02,1,1696,0.5894593,1.820503
1687,1.000000000000000,1,1,436,5,-.3482028025772564E-05,1,459,.1006799064596340E-03,1,248,2.170398,1.421623
1688,1.000000000000000,1,1,436,6,-.2782838567437962E-06,1,478,-.8860118530491952E-05,1,1709,2.221767,0.8761531
1689,1.000000000000000,1,1,437,1,-.4583020574921391E-01,1,712,-2.436441253976013,1,11,1.488631,1.067482
1690,1.000000000000000,1,1,437,2,-.5323765497220604E-02,1,613,.1387218315294500,1,1682,1.545342,0.9544481
1691,1.000000000000000,1,1,437,3,-.3891186273597697E-03,1,1082,.1335960104050069E-01,1,1709,1.486301,0.9715152
1692,1.000000000000000,1,1,437,4,-.3115959378649762E-04,1,366,.2476679786059131E-02,1,1696,0.5785628,1.822984
1693,1.000000000000000,1,1,437,5,-.3796977295554415E-05,1,478,.1063874745373582E-03,1,248,2.215051,1.436204
1694,1.000000000000000,1,1,437,6,-.2994223222414792E-06,1,478,-.7426121520367378E-05,1,1709,2.169374,0.8759678
1695,1.000000000000000,1,1,438,1,-.4578107940243113E-01,1,712,-2.442815139258653,1,11,1.494056,1.067601
1696,1.000000000000000,1,1,438,2,-.5408015577481768E-02,1,613,.1419834186453672,1,1682,1.551418,0.9545079
1697,1.000000000000000,1,1,438,3,-.4037947931139850E-03,1,1082,.1385186117287401E-01,1,1709,1.487724,0.9734877
1698,1.000000000000000,1,1,438,4,-.3276987293303183E-04,1,366,.2667776971082443E-02,1,1696,0.5641781,1.822801
1699,1.000000000000000,1,1,438,5,-.4184765203682851E-05,1,478,-.1146486557174632E-03,1,1682,2.276095,1.452681
1700,1.000000000000000,1,1,438,6,-.3238299227057475E-06,1,478,.6399543390278345E-05,1,1682,2.120385,0.8761425
1701,1.000000000000000,1,1,439,1,-.4573298717883371E-01,1,712,-2.449424679658737,1,11,1.499611,1.067729
1702,1.000000000000000,1,1,439,2,-.5494488576580313E-02,1,613,.1453469843812836,1,1682,1.557675,0.9545750
1703,1.000000000000000,1,1,439,3,-.4184133720781643E-03,1,1082,.1434338441559098E-01,1,1709,1.489727,0.9752280
1704,1.000000000000000,1,1,439,4,-.3438679224336400E-04,1,366,.2859401704200300E-02,1,1696,0.5513227,1.823427
1705,1.000000000000000,1,1,439,5,-.4590055463490654E-05,1,478,-.1289571442743472E-03,1,1682,2.333036,1.466785
1706,1.000000000000000,1,1,439,6,-.3506928286407797E-06,1,478,.6782547439600696E-05,1,1682,2.076951,0.8765413
1707,1.000000000000000,1,1,440,1,-.4568537201876371E-01,1,712,-2.457020691563855,1,11,1.505228,1.068015
1708,1.000000000000000,1,1,440,2,-.5582502320367264E-02,1,613,.1486774394636745,1,1682,1.564528,0.9545339
1709,1.000000000000000,1,1,440,3,-.4342884043783481E-03,1,1082,-.1489156808839769E-01,1,1696,1.504771,0.9699236
1710,1.000000000000000,1,1,440,4,-.3574557257975228E-04,1,366,.2763355538412415E-02,1,1696,0.5879848,1.862183
1711,1.000000000000000,1,1,440,5,-.4412776622317053E-05,1,478,.1267720561378781E-03,1,1603,2.175091,1.450183
1712,1.000000000000000,1,1,440,6,-.3591207483323337E-06,1,478,.6497554291054278E-05,1,1682,2.023646,0.8748870
1713,1.000000000000000,1,1,441,1,-.4563966510536329E-01,1,712,-2.464100773910912,1,11,1.511074,1.068146
1714,1.000000000000000,1,1,441,2,-.5671848276186373E-02,1,613,.1522017017047730,1,1682,1.571245,0.9545642
1715,1.000000000000000,1,1,441,3,-.4501348062355214E-03,1,1082,-.1542167073929444E-01,1,1696,1.508563,0.9707977
1716,1.000000000000000,1,1,441,4,-.3752368400350854E-04,1,366,.2922036467257045E-02,1,1696,0.5829855,1.869443
1717,1.000000000000000,1,1,441,5,-.4745998502712011E-05,1,478,-.1377315684900982E-03,1,1682,2.193461,1.463056
1718,1.000000000000000,1,1,441,6,-.3818931001817300E-06,1,478,.6570214009926619E-05,1,1682,1.951109,0.8745556
1719,1.000000000000000,1,1,442,1,-.4559465413497648E-01,1,712,-2.471532790414374,1,11,1.516990,1.068360
1720,1.000000000000000,1,1,442,2,-.5762263645346347E-02,1,613,.1559096171215601,1,1682,1.577660,0.9548638
1721,1.000000000000000,1,1,442,3,-.4673563854883218E-03,1,1082,-.1590064745949307E-01,1,1696,1.509136,0.9731575
1722,1.000000000000000,1,1,442,4,-.3958711122395858E-04,1,366,.3163923254641374E-02,1,1696,0.5674744,1.868701
1723,1.000000000000000,1,1,442,5,-.5250410152904258E-05,1,478,-.1559240130224274E-03,1,1682,2.259231,1.477119
1724,1.000000000000000,1,1,442,6,-.4185255605928115E-06,1,478,.7369503513516803E-05,1,72,1.923583,0.8755519
1725,1.000000000000000,1,1,443,1,-.4554948166854922E-01,1,712,-2.477608119871008,1,11,1.523050,1.068401
1726,1.000000000000000,1,1,443,2,-.5855596347583989E-02,1,613,.1597337331780075,1,1682,1.584449,0.9549448
1727,1.000000000000000,1,1,443,3,-.4847905804187554E-03,1,1082,-.1642154595403848E-01,1,1696,1.511492,0.9749038
1728,1.000000000000000,1,1,443,4,-.4161611997434320E-04,1,366,.3387359847175232E-02,1,1696,0.5560173,1.870734
1729,1.000000000000000,1,1,443,5,-.5739833310068067E-05,1,478,-.1736652300478488E-03,1,1682,2.310851,1.488727
1730,1.000000000000000,1,1,443,6,-.4574939067563163E-06,1,478,.9258423810752975E-05,1,72,1.906928,0.8767249
1731,1.000000000000000,1,1,444,1,-.4550486547081727E-01,1,712,-2.482759568386945,1,11,1.529318,1.068269
1732,1.000000000000000,1,1,444,2,-.5952648926552057E-02,1,613,.1639314517794647,1,1682,1.592642,0.9546965
1733,1.000000000000000,1,1,444,3,-.5011451538608745E-03,1,561,-.1696342336195594E-01,1,1696,1.514271,0.9762746
1734,1.000000000000000,1,1,444,4,-.4352682690550841E-04,1,366,.3671017090376243E-02,1,1696,0.5398971,1.869829
1735,1.000000000000000,1,1,444,5,-.6302601003157541E-05,1,478,-.1986006710132115E-03,1,1682,2.377720,1.484671
1736,1.000000000000000,1,1,444,6,-.5046910755289942E-06,1,478,.1426591337732858E-04,1,72,1.829407,0.8831357
1737,1.000000000000000,1,1,445,1,-.4546333604902329E-01,1,712,-2.490392525474021,1,11,1.535816,1.068343
1738,1.000000000000000,1,1,445,2,-.6048866345941114E-02,1,613,.1678585468261895,1,1682,1.600236,0.9547903
1739,1.000000000000000,1,1,445,3,-.5193783835951584E-03,1,561,-.1755820778361651E-01,1,1696,1.514380,0.9793583
1740,1.000000000000000,1,1,445,4,-.4558187576021595E-04,1,347,-.4120113839714883E-02,1,1682,0.5133490,1.858666
1741,1.000000000000000,1,1,445,5,-.7110013530160409E-05,1,478,-.2266925580462171E-03,1,1682,2.504424,1.494624
1742,1.000000000000000,1,1,445,6,-.5613717243016390E-06,1,478,.1916278128589615E-04,1,72,1.778288,0.8890294
1743,1.000000000000000,1,1,446,1,-.4542036706227275E-01,1,712,-2.496201497463169,1,11,1.542319,1.068327
1744,1.000000000000000,1,1,446,2,-.6148640108372095E-02,1,613,.1721054770475690,1,1682,1.607500,0.9548966
1745,1.000000000000000,1,1,446,3,-.5402048329307177E-03,1,561,-.1813228120594626E-01,1,1696,1.516900,0.9812702
1746,1.000000000000000,1,1,446,4,-.4790705728880392E-04,1,347,-.4531456461627709E-02,1,1682,0.4989659,1.857609
1747,1.000000000000000,1,1,446,5,-.7808792657362879E-05,1,478,-.2513565342813263E-03,1,1682,2.581958,1.506578
1748,1.000000000000000,1,1,446,6,-.6179827518587225E-06,1,478,.2215257969330146E-04,1,72,1.769873,0.8913992
1749,1.000000000000000,1,1,447,1,-.4537167328800960E-01,1,712,-2.495348931122249,1,11,1.548856,1.067618
1750,1.000000000000000,1,1,447,2,-.6255322595736587E-02,1,613,.1762911786631105,1,1682,1.615411,0.9552213
1751,1.000000000000000,1,1,447,3,-.5616685282975253E-03,1,561,-.1877896243900920E-01,1,1696,1.523428,0.9809395
1752,1.000000000000000,1,1,447,4,-.5024890217160858E-04,1,347,-.4786991569197803E-02,1,1682,0.4952318,1.866219
1753,1.000000000000000,1,1,447,5,-.8338040651213202E-05,1,478,-.2683658103999627E-03,1,1682,2.620871,1.511660
1754,1.000000000000000,1,1,447,6,-.6822164215984672E-06,1,478,.2003901839854856E-04,1,72,1.849515,0.8871898
1755,1.000000000000000,1,1,448,1,-.4532896768949670E-01,1,712,-2.500136760354204,1,11,1.555636,1.067482
1756,1.000000000000000,1,1,448,2,-.6357681270089178E-02,1,613,.1810402633474312,1,1682,1.621907,0.9555072
1757,1.000000000000000,1,1,448,3,-.5862027241282914E-03,1,561,-.1939390190084809E-01,1,1696,1.525681,0.9835221
1758,1.000000000000000,1,1,448,4,-.5287841897847791E-04,1,347,-.5235233207460016E-02,1,1682,0.4833777,1.866342
1759,1.000000000000000,1,1,448,5,-.9115971802730589E-05,1,478,-.2969710938316967E-03,1,1682,2.681855,1.523483
1760,1.000000000000000,1,1,448,6,-.7436290075464361E-06,1,478,.2611208839944946E-04,1,72,1.797188,0.8917120
1761,1.000000000000000,1,1,449,1,-.4528988120429360E-01,1,712,-2.508150513340059,1,11,1.562667,1.067676
1762,1.000000000000000,1,1,449,2,-.6456955581976009E-02,1,613,.1781948114455418,1,1552,1.629036,0.9570374
1763,1.000000000000000,1,1,449,3,-.6082229657454707E-03,1,561,.1994744726254275E-01,1,1709,1.523025,0.9889634
1764,1.000000000000000,1,1,449,4,-.5545978498276630E-04,1,347,-.5587047259897978E-02,1,1682,0.4356202,1.838350
1765,1.000000000000000,1,1,449,5,-.1078950413438979E-04,1,478,-.3329024411204340E-03,1,1682,3.019033,1.663988
1766,1.000000000000000,1,1,449,6,-.7532893213237097E-06,1,478,.1887876349096872E-04,1,72,1.925358,0.8766416
1767,1.000000000000000,1,1,450,1,-.4524871896726965E-01,1,712,-2.513538202105764,1,11,1.569742,1.067660
1768,1.000000000000000,1,1,450,2,-.6566263707683104E-02,1,613,.1825711089985800,1,1552,1.637769,0.9567912
1769,1.000000000000000,1,1,450,3,-.6325876307421301E-03,1,561,.2047823099001163E-01,1,1709,1.533956,0.9866822
1770,1.000000000000000,1,1,450,4,-.5819776701840917E-04,1,347,-.5573074791523966E-02,1,1682,0.4558915,1.867626
1771,1.000000000000000,1,1,450,5,-.1093009105759140E-04,1,478,-.3406899454220924E-03,1,1682,2.901045,1.646825
1772,1.000000000000000,1,1,450,6,-.8329715979928131E-06,1,478,.1506071081733763E-04,1,1696,2.018434,0.8754882
1773,1.000000000000000,1,1,451,1,-.4520901557746015E-01,1,712,-2.515312330886411,1,11,1.576844,1.067335
1774,1.000000000000000,1,1,451,2,-.6683330022394639E-02,1,613,.1872739427329462,1,1552,1.648502,0.9557679
1775,1.000000000000000,1,1,451,3,-.6595719314987580E-03,1,561,.2068494281005297E-01,1,1709,1.562491,0.9736451
1776,1.000000000000000,1,1,451,4,-.6056535457068041E-04,1,347,.4518492340028540E-02,1,1341,0.5483856,1.965131
1777,1.000000000000000,1,1,451,5,-.9366634051679041E-05,1,478,.2865549701587167E-03,1,248,2.409472,1.613533
1778,1.000000000000000,1,1,451,6,-.8088901477044473E-06,1,478,.1574709719867670E-04,1,72,2.007658,0.8656469
1779,1.000000000000000,1,1,452,1,-.4516934428366596E-01,1,712,-2.519444640206037,1,11,1.584576,1.066946
1780,1.000000000000000,1,1,452,2,-.6794447006717116E-02,1,613,.1917578548803390,1,1552,1.657035,0.9561660
1781,1.000000000000000,1,1,452,3,-.6859948788807921E-03,1,561,.2137886780652689E-01,1,1709,1.566263,0.9751945
1782,1.000000000000000,1,1,452,4,-.6370462585131375E-04,1,347,.4848105366902433E-02,1,1341,0.5361996,1.967943
1783,1.000000000000000,1,1,452,5,-.1022157250284502E-04,1,478,-.3103800760358426E-03,1,1682,2.475650,1.628586
1784,1.000000000000000,1,1,452,6,-.8921328844851640E-06,1,478,.1644064406473653E-04,1,72,2.033709,0.8655135
1785,1.000000000000000,1,1,453,1,-.4512801673075023E-01,1,712,-2.522225373545221,1,11,1.592130,1.066772
1786,1.000000000000000,1,1,453,2,-.6905860960644364E-02,1,613,.1972728589617643,1,1552,1.663301,0.9569276
1787,1.000000000000000,1,1,453,3,-.7167016623957629E-03,1,561,.2232350823150233E-01,1,1709,1.560074,0.9821650
1788,1.000000000000000,1,1,453,4,-.6805797527504940E-04,1,347,.5468718512757354E-02,1,1341,0.5144070,1.958772
1789,1.000000000000000,1,1,453,5,-.1162517671442831E-04,1,478,-.3659242806891529E-03,1,1682,2.563317,1.691290
1790,1.000000000000000,1,1,453,6,-.9227686818384035E-06,1,478,.2991908088505349E-04,1,72,1.878870,0.8690153
1791,1.000000000000000,1,1,454,1,-.4508897182917052E-01,1,712,-2.526561664446369,1,11,1.600045,1.066578
1792,1.000000000000000,1,1,454,2,-.7018906367536621E-02,1,613,.2150950988449062,1,1474,1.671669,0.9568131
1793,1.000000000000000,1,1,454,3,-.7399208868668513E-03,1,86,.2272108609357655E-01,1,1709,1.577154,0.9786574
1794,1.000000000000000,1,1,454,4,-.7090764816709811E-04,1,347,.5365428305426257E-02,1,1341,0.5490776,2.007516
1795,1.000000000000000,1,1,454,5,-.1128573532756833E-04,1,478,-.3803044011241728E-03,1,1682,2.366812,1.648632
1796,1.000000000000000,1,1,454,6,-.9786919962010598E-06,1,478,.4035980745739445E-04,1,72,1.784617,0.8755416
1797,1.000000000000000,1,1,455,1,-.4505077960469193E-01,1,712,-2.530802376101216,1,11,1.608235,1.066329
1798,1.000000000000000,1,1,455,2,-.7136685984072666E-02,1,613,.2204417701958075,1,1474,1.680382,0.9570693
1799,1.000000000000000,1,1,455,3,-.7711117227867603E-03,1,86,-.2370618873397120E-01,1,1341,1.579878,0.9809106
1800,1.000000000000000,1,1,455,4,-.7472065434027848E-04,1,347,.5843899892369470E-02,1,1341,0.5367671,2.008519
1801,1.000000000000000,1,1,455,5,-.1237843778237811E-04,1,478,-.4194623201925431E-03,1,1682,2.431011,1.663550
1802,1.000000000000000,1,1,455,6,-.1080320294646884E-05,1,478,.4488268248015990E-04,1,72,1.791860,0.8763686
1803,1.000000000000000,1,1,455,7,-.1325902868398026E-06,1,478,.1016713801877639E-04,1,1709,0.5613035,1.934434
1804,1.000000000000000,1,1,456,1,-.4501289978923629E-01,1,712,-2.534786671313857,1,11,1.616656,1.066048
1805,1.000000000000000,1,1,456,2,-.7256397064928605E-02,1,613,.2259484631535290,1,1474,1.689349,0.9573158
1806,1.000000000000000,1,1,456,3,-.8036422116395322E-03,1,86,-.2492793425396781E-01,1,1341,1.583410,0.9829762
1807,1.000000000000000,1,1,456,4,-.7871464697669727E-04,1,347,.6340130170395474E-02,1,1341,0.5254737,2.010547
1808,1.000000000000000,1,1,456,5,-.1353837786675646E-04,1,478,-.4612646329644741E-03,1,1682,2.492753,1.677438
1809,1.000000000000000,1,1,456,6,-.1191964666363764E-05,1,478,.4988345579041843E-04,1,72,1.798929,0.8772059
1810,1.000000000000000,1,1,456,7,-.1529278905161219E-06,1,478,.1096287796038158E-04,1,1709,0.5375025,1.996319
1811,1.000000000000000,1,1,457,1,-.4497538780571954E-01,1,712,-2.541519097836350,1,11,1.625334,1.065724
1812,1.000000000000000,1,1,457,2,-.7378353172167326E-02,1,613,.2315458810674979,1,1474,1.698526,0.9575801
1813,1.000000000000000,1,1,457,3,-.8378107377041302E-03,1,86,-.2620143580675156E-01,1,1341,1.587192,0.9849750
1814,1.000000000000000,1,1,457,4,-.8280646464831740E-04,1,347,.6866375897249840E-02,1,1341,0.5140417,2.012087
1815,1.000000000000000,1,1,457,5,-.1479739586049280E-04,1,478,-.5068823043352742E-03,1,1682,2.557887,1.691614
1816,1.000000000000000,1,1,457,6,-.1314949646979351E-05,1,478,.5560605933664383E-04,1,1603,1.806828,0.8780824
1817,1.000000000000000,1,1,457,7,-.1752214563523249E-06,1,478,.1201842696166682E-04,1,1709,0.5130745,2.046397
1818,1.000000000000000,1,1,458,1,-.4493098477451359E-01,1,712,-2.539120719835191,1,11,1.633945,1.064913
1819,1.000000000000000,1,1,458,2,-.7506817476794101E-02,1,613,.2377890200474454,1,1474,1.707676,0.9583103
1820,1.000000000000000,1,1,458,3,-.8785542662422274E-03,1,86,-.2703107781804700E-01,1,1341,1.606467,0.9802265
1821,1.000000000000000,1,1,458,4,-.8689391339698706E-04,1,347,.6748078017179034E-02,1,1341,0.5433805,2.058487
1822,1.000000000000000,1,1,458,5,-.1476983603753015E-04,1,478,-.5041427466725029E-03,1,1682,2.420971,1.705422
1823,1.000000000000000,1,1,458,6,-.1359287906119837E-05,1,478,.5668025723510039E-04,1,1603,1.824035,0.8725519
1824,1.000000000000000,1,1,458,7,-.1822581808575510E-06,1,478,.1171770309323687E-04,1,1709,0.5553126,2.081513
1825,1.000000000000000,1,1,459,1,-.4489447788941502E-01,1,712,-2.542746494892913,1,11,1.643204,1.064529
1826,1.000000000000000,1,1,459,2,-.7631147997175656E-02,1,613,.2437577342998975,1,1474,1.716950,0.9587600
1827,1.000000000000000,1,1,459,3,-.9164910276722667E-03,1,86,-.2840999144651003E-01,1,1341,1.610395,0.9822367
1828,1.000000000000000,1,1,459,4,-.9160360051912924E-04,1,347,.7310560531654697E-02,1,1341,0.5340526,2.064016
1829,1.000000000000000,1,1,459,5,-.1604678409979829E-04,1,478,-.5470218433592740E-03,1,1682,2.470288,1.707156
1830,1.000000000000000,1,1,459,6,-.1524430396210521E-05,1,478,.6142830736523127E-04,1,1603,1.854206,0.8730472
1831,1.000000000000000,1,1,459,7,-.2070612875474552E-06,1,478,-.1081558163590076E-04,1,1696,0.6123220,2.188039
1832,1.000000000000000,1,1,460,1,-.4485810213773122E-01,1,1575,-2.545880755545095,1,11,1.652566,1.064217
1833,1.000000000000000,1,1,460,2,-.7757015480644903E-02,1,613,.2502649863614209,1,1474,1.725222,0.9595586
1834,1.000000000000000,1,1,460,3,-.9577045182334820E-03,1,86,-.2996254774929386E-01,1,1341,1.611104,0.9857710
1835,1.000000000000000,1,1,460,4,-.9669262337805741E-04,1,347,.8103967435595072E-02,1,1341,0.5136508,2.055508
1836,1.000000000000000,1,1,460,5,-.1795216876930299E-04,1,478,-.6126261539398920E-03,1,1682,2.583041,1.736661
1837,1.000000000000000,1,1,460,6,-.1684732425337739E-05,1,478,.6977225362719745E-04,1,1603,1.859021,0.8734834
1838,1.000000000000000,1,1,460,7,-.2389558915774350E-06,1,478,-.1394864218185537E-04,1,1696,0.5833409,2.219435
1839,1.000000000000000,1,1,461,1,-.4484333299100268E-01,1,1575,-2.548449704463881,1,11,1.662360,1.063744
1840,1.000000000000000,1,1,461,2,-.7886464264928658E-02,1,613,.2565929467194860,1,1474,1.734907,0.9599397
1841,1.000000000000000,1,1,461,3,-.1000162227422573E-02,1,86,-.3152477386139600E-01,1,1341,1.614753,0.9883380
1842,1.000000000000000,1,1,461,4,-.1017200286628854E-03,1,347,.8803341526777531E-02,1,1341,0.5003293,2.054228
1843,1.000000000000000,1,1,461,5,-.1971561352412826E-04,1,478,-.6769049251595755E-03,1,1682,2.663789,1.753733
1844,1.000000000000000,1,1,461,6,-.1863089366562758E-05,1,478,.7852742675070690E-04,1,1603,1.867067,0.8743426
1845,1.000000000000000,1,1,461,7,-.2736084651195258E-06,1,478,-.1707747348228436E-04,1,1696,0.5637671,2.252166
1846,1.000000000000000,1,1,462,1,-.4482536630292001E-01,1,1575,-2.549845615541827,1,11,1.672125,1.063379
1847,1.000000000000000,1,1,462,2,-.8020702118672736E-02,1,613,.2630708623863784,1,1474,1.744853,0.9603931
1848,1.000000000000000,1,1,462,3,-.1048178503608343E-02,1,86,-.3276459304264608E-01,1,1341,1.632690,0.9834279
1849,1.000000000000000,1,1,462,4,-.1066527713142663E-03,1,347,.8873857061688337E-02,1,1341,0.5223748,2.100557
1850,1.000000000000000,1,1,462,5,-.1978102239277745E-04,1,478,-.7033940494771336E-03,1,1682,2.528211,1.723764
1851,1.000000000000000,1,1,462,6,-.2009490817526452E-05,1,478,.9243187908271459E-04,1,1603,1.832515,0.8803148
1852,1.000000000000000,1,1,462,7,-.2916314884358976E-06,1,478,.2839857050564305E-04,1,1709,0.2010437,2.054182
1853,1.000000000000000,1,1,463,1,-.4481777043075777E-01,1,1575,-2.549892991654874,1,11,1.682145,1.062905
1854,1.000000000000000,1,1,463,2,-.8161632146697153E-02,1,613,.2691502682741160,1,1474,1.757174,0.9605704
1855,1.000000000000000,1,1,463,3,-.1097824508178254E-02,1,86,-.3391326167620656E-01,1,1341,1.656527,0.9760181
1856,1.000000000000000,1,1,463,4,-.1105504473059243E-03,1,347,.8560373157937628E-02,1,1341,0.5526589,2.159135
1857,1.000000000000000,1,1,463,5,-.1926640293874033E-04,1,478,-.7082149782853517E-03,1,1682,2.348336,1.666356
1858,1.000000000000000,1,1,463,6,-.2167772032680946E-05,1,478,.1087319601741201E-03,1,1603,1.789353,0.8963087
1859,1.000000000000000,1,1,463,7,-.5507859896912170E-06,1,478,-.2711975750493450E-04,1,1709,3.295809,0.9311894
1860,1.000000000000000,1,1,464,1,-.4480251795626611E-01,1,1575,-2.553034092882167,1,11,1.692783,1.062604
1861,1.000000000000000,1,1,464,2,-.8303100451345240E-02,1,613,.2748937899838509,1,1474,1.770666,0.9602156
1862,1.000000000000000,1,1,464,3,-.1147350162618818E-02,1,86,-.3507505122930375E-01,1,1341,1.680288,0.9700017
1863,1.000000000000000,1,1,464,4,-.1143955963117881E-03,1,347,.8457508549971307E-02,1,1341,0.5685195,2.200565
1864,1.000000000000000,1,1,464,5,-.1964454212170149E-04,1,478,-.7364572077153015E-03,1,1682,2.268145,1.683565
1865,1.000000000000000,1,1,464,6,-.2263123806346050E-05,1,478,.1139525319051744E-03,1,1603,1.797475,0.8943853
1866,1.000000000000000,1,1,464,7,-.5745949113801923E-06,1,478,-.2499501235888289E-04,1,1709,3.214997,0.9215454
1867,1.000000000000000,1,1,465,1,-.4478442728689942E-01,1,1575,-2.553981395174959,1,11,1.703964,1.061937
1868,1.000000000000000,1,1,465,2,-.8441413783564609E-02,1,613,.2816675263567961,1,1474,1.781927,0.9606820
1869,1.000000000000000,1,1,465,3,-.1199212885486399E-02,1,86,-.3681303242870125E-01,1,1341,1.687629,0.9710228
1870,1.000000000000000,1,1,465,4,-.1204450755583882E-03,1,347,.9091315252685965E-02,1,1341,0.5630419,2.212133
1871,1.000000000000000,1,1,465,5,-.2113985790767850E-04,1,478,-.7974604059102047E-03,1,1682,2.300240,1.687662
1872,1.000000000000000,1,1,465,6,-.2495189045019648E-05,1,478,.1259538772318960E-03,1,1603,1.811868,0.8946343
1873,1.000000000000000,1,1,465,7,-.6591295800646332E-06,1,478,-.3123117140106116E-04,1,1709,3.351002,0.9313831
1874,1.000000000000000,1,1,466,1,-.4477648102926388E-01,1,1575,-2.553067184661613,1,11,1.716012,1.060747
1875,1.000000000000000,1,1,466,2,-.8589061227500474E-02,1,613,.2869459234191190,1,1474,1.797828,0.9600531
1876,1.000000000000000,1,1,466,3,-.1262566076156179E-02,1,86,-.3701873821413471E-01,1,1341,1.749511,0.9528418
1877,1.000000000000000,1,1,466,4,-.1183333206695313E-03,1,347,.7695857555565264E-02,1,1341,0.6004206,2.284163
1878,1.000000000000000,1,1,466,5,-.2031318023485033E-04,1,478,-.7880100493330764E-03,1,1682,2.113552,1.722078
1879,1.000000000000000,1,1,466,6,-.2465556173348205E-05,1,478,.1175227915609816E-03,1,1603,1.854357,0.8877820
1880,1.000000000000000,1,1,466,7,-.2648180106815064E-06,1,459,.7158086826662464E-04,1,1709,-0.6253877,1.732366
1881,1.000000000000000,1,1,467,1,-.4476278057031380E-01,1,1575,-2.547993944415142,1,11,1.727933,1.059962
1882,1.000000000000000,1,1,467,2,-.8749188016685215E-02,1,613,.2911421930972227,1,1474,1.817381,0.9584037
1883,1.000000000000000,1,1,467,3,-.1324512993691257E-02,1,86,-.4068543984338102E-01,1,1696,1.809832,0.9423719
1884,1.000000000000000,1,1,467,4,-.1144136069621981E-03,1,366,.7009009319273423E-02,1,1341,0.6136352,2.327183
1885,1.000000000000000,1,1,467,5,-.2072572099468169E-04,1,478,-.8023015896865911E-03,1,1682,2.021557,1.765249
1886,1.000000000000000,1,1,467,6,-.2535418595761817E-05,1,478,.1197688806312317E-03,1,1603,1.869232,0.8847310
1887,1.000000000000000,1,1,467,7,-.3399288571698625E-06,1,478,.5548090490162581E-04,1,1709,-0.1306978,1.890850
1888,1.000000000000000,1,1,468,1,-.4474982641595884E-01,1,1575,-2.547167136528170,1,11,1.740418,1.059093
1889,1.000000000000000,1,1,468,2,-.8926811454568398E-02,1,613,.2977363095769948,1,1474,1.830556,0.9582129
1890,1.000000000000000,1,1,468,3,-.1389144706955313E-02,1,86,-.4288998903001971E-01,1,1696,1.824916,0.9401708
1891,1.000000000000000,1,1,468,4,-.1195824091817339E-03,1,366,.7309368390842381E-02,1,1341,0.6111066,2.347659
1892,1.000000000000000,1,1,468,5,-.2225907394031539E-04,1,478,.7844128914084107E-03,1,1603,2.029888,1.797805
1893,1.000000000000000,1,1,468,6,-.2754421560131385E-05,1,478,.1216940337483941E-03,1,1603,1.924378,0.8842787
1894,1.000000000000000,1,1,468,7,-.4528498817125213E-06,1,478,-.4084558992644476E-04,1,1682,0.4481286,2.310485
1895,1.000000000000000,1,1,469,1,-.4473870954419068E-01,1,1575,-2.547677435386527,1,11,1.753680,1.058182
1896,1.000000000000000,1,1,469,2,-.9075271534270814E-02,1,613,.3042509872547987,1,1474,1.845624,0.9582679
1897,1.000000000000000,1,1,469,3,-.1466573446567360E-02,1,86,-.4773035694252675E-01,1,1696,1.876847,0.9340031
1898,1.000000000000000,1,1,469,4,.1224780473620501E-03,1,1141,.7049195898508402E-02,1,1341,0.6128703,2.375490
1899,1.000000000000000,1,1,469,5,-.2334189252168664E-04,1,478,-.8477288394273547E-03,1,1682,1.984729,1.847495
1900,1.000000000000000,1,1,469,6,-.2874737424971277E-05,1,478,.1354335671332340E-03,1,1709,1.926356,0.9154897
1901,1.000000000000000,1,1,469,7,-.4739352187796741E-06,1,478,.4285642942115179E-04,1,72,0.4077453,2.293662
1902,1.000000000000000,1,1,470,1,-.4471340717873072E-01,1,1575,-2.546194403434629,1,11,1.766050,1.057810
1903,1.000000000000000,1,1,470,2,-.9231517555940925E-02,1,613,.3115600657090393,1,1474,1.858853,0.9584604
1904,1.000000000000000,1,1,470,3,-.1577220657924985E-02,1,86,-.5738385561593233E-01,1,1696,1.985918,0.9242523
1905,1.000000000000000,1,1,470,4,.1417847890925401E-03,1,1141,.6315333112471984E-02,1,1341,0.6122017,2.408851
1906,1.000000000000000,1,1,470,5,-.2416869596291339E-04,1,478,.8776046014415865E-03,1,1709,1.923778,1.852594
1907,1.000000000000000,1,1,470,6,-.3167572329948809E-05,1,478,.1289731419884675E-03,1,1709,2.025125,0.9102931
1908,1.000000000000000,1,1,470,7,-.4959587213159360E-06,1,478,-.2531443795144031E-04,1,1682,0.6360907,2.553671
1909,1.000000000000000,1,1,471,1,-.4469867546983612E-01,1,1575,-2.546176011780665,1,11,1.780118,1.057003
1910,1.000000000000000,1,1,471,2,-.9386805473680423E-02,1,613,.3179728778995176,1,1474,1.876262,0.9581971
1911,1.000000000000000,1,1,471,3,-.1669934636455035E-02,1,86,-.6407005852354405E-01,1,1696,2.051931,0.9213810
1912,1.000000000000000,1,1,471,4,.1602760679497771E-03,1,88,.6395142485481282E-02,1,1603,0.6038333,2.433402
1913,1.000000000000000,1,1,471,5,-.2563090855700870E-04,1,478,.9450070502841134E-03,1,1709,1.907347,1.857667
1914,1.000000000000000,1,1,471,6,-.3483596280337764E-05,1,478,.1408386523499743E-03,1,1709,2.045253,0.9115299
1915,1.000000000000000,1,1,471,7,-.5530647619249168E-06,1,478,-.2893862337334476E-04,1,1682,0.6361704,2.586621
1916,1.000000000000000,1,1,472,1,-.4468183523464186E-01,1,1575,-2.542507800313383,1,11,1.794533,1.055951
1917,1.000000000000000,1,1,472,2,-.9536692234136536E-02,1,613,.3257578753249600,1,1474,1.889807,0.9586252
1918,1.000000000000000,1,1,472,3,-.1753769850542295E-02,1,86,-.6654918776111143E-01,1,1696,2.067126,0.9208141
1919,1.000000000000000,1,1,472,4,.1704116591669399E-03,1,88,.6755849665466686E-02,1,1603,0.6010235,2.455235
1920,1.000000000000000,1,1,472,5,-.2754053973103333E-04,1,478,.1021760504111769E-02,1,1709,1.922584,1.864259
1921,1.000000000000000,1,1,472,6,-.3844974243816139E-05,1,478,.1549661049290054E-03,1,1709,2.065189,0.9114531
1922,1.000000000000000,1,1,472,7,-.6221161070307364E-06,1,478,-.3301947824202663E-04,1,1682,0.6352818,2.618108
1923,1.000000000000000,1,1,473,1,-.4466398352643130E-01,1,1575,-2.538120954426490,1,11,1.809556,1.054836
1924,1.000000000000000,1,1,473,2,-.9687739144453823E-02,1,613,.3338361284731184,1,1474,1.903634,0.9591128
1925,1.000000000000000,1,1,473,3,-.1842795075490464E-02,1,86,-.6909868411325717E-01,1,1696,2.083323,0.9205616
1926,1.000000000000000,1,1,473,4,.1822363154581196E-03,1,169,.7203763524365896E-02,1,1341,0.5982039,2.477807
1927,1.000000000000000,1,1,473,5,-.2956702890264216E-04,1,478,.1105888873469103E-02,1,1709,1.938202,1.869426
1928,1.000000000000000,1,1,473,6,-.4245178566462294E-05,1,478,.1709108836612003E-03,1,1709,2.084685,0.9110029
1929,1.000000000000000,1,1,473,7,-.7005485483230451E-06,1,478,-.3793896025155708E-04,1,1682,0.6321947,2.646604
1930,1.000000000000000,1,1,474,1,-.4464706391915836E-01,1,1575,-2.532508351946078,1,11,1.825185,1.053632
1931,1.000000000000000,1,1,474,2,-.9836748245419720E-02,1,613,.3434213214411535,1,1679,1.917173,0.9601938
1932,1.000000000000000,1,1,474,3,-.1930156932528337E-02,1,86,-.7018507728907163E-01,1,1696,2.083609,0.9207632
1933,1.000000000000000,1,1,474,4,.1929042286077416E-03,1,1141,.7559480121877637E-02,1,1603,0.5959820,2.500887
1934,1.000000000000000,1,1,474,5,-.3186165112156325E-04,1,478,.1194103389964897E-02,1,1709,1.963545,1.874836
1935,1.000000000000000,1,1,474,6,-.4768558803072790E-05,1,478,.1731033157684745E-03,1,1709,2.164110,0.9110758
1936,1.000000000000000,1,1,474,7,-.7303509882284556E-06,1,478,-.3428743200164706E-04,1,1696,0.6618736,2.741897
1937,1.000000000000000,1,1,475,1,-.4462636552671093E-01,1,1575,-2.529074434097877,1,11,1.841614,1.052527
1938,1.000000000000000,1,1,475,2,-.9988127350889423E-02,1,613,.3564688211361567,1,1679,1.932440,0.9606772
1939,1.000000000000000,1,1,475,3,-.2035961955553721E-02,1,86,-.7438196943909479E-01,1,1696,2.117279,0.9200416
1940,1.000000000000000,1,1,475,4,.2096057104419765E-03,1,1141,.8045591817212906E-02,1,1603,0.5911570,2.527218
1941,1.000000000000000,1,1,475,5,-.3467708191072099E-04,1,478,.1295037563201773E-02,1,1709,1.972513,1.884339
1942,1.000000000000000,1,1,475,6,-.5369019414954086E-05,1,478,.1895356039922957E-03,1,1709,2.196469,0.9118759
1943,1.000000000000000,1,1,475,7,-.8279108648721239E-06,1,478,-.3998748977029487E-04,1,1696,0.6620400,2.783163
1944,1.000000000000000,1,1,476,1,-.4460425311238241E-01,1,1575,-2.521756097853053,1,11,1.858774,1.051135
1945,1.000000000000000,1,1,476,2,-.1013788721574952E-01,1,613,.3704987357301747,1,1679,1.947668,0.9611242
1946,1.000000000000000,1,1,476,3,-.2147705156105592E-02,1,86,-.7749951221218340E-01,1,1696,2.139391,0.9195331
1947,1.000000000000000,1,1,476,4,.2254026186319900E-03,1,1141,.8440895679469656E-02,1,1603,0.5876913,2.550135
1948,1.000000000000000,1,1,476,5,-.3718587711760175E-04,1,478,.1456305123071098E-02,1,1709,1.988177,1.891096
1949,1.000000000000000,1,1,476,6,-.5951152528403928E-05,1,478,.2165795136126505E-03,1,1709,2.234227,0.9112901
1950,1.000000000000000,1,1,476,7,-.9129864378326521E-06,1,478,-.4493474435058852E-04,1,1696,0.6623473,2.822139
1951,1.000000000000000,1,1,477,1,-.4457575546655147E-01,1,1575,-2.516452621525887,1,11,1.876430,1.050188
1952,1.000000000000000,1,1,477,2,-.1028212640676704E-01,1,613,.3868157845713158,1,1679,1.960564,0.9618522
1953,1.000000000000000,1,1,477,3,-.2234824598964200E-02,1,86,-.7482862365607192E-01,1,1696,2.110991,0.9220631
1954,1.000000000000000,1,1,477,4,.2305729381986590E-03,1,1141,.9363999177443539E-02,1,1341,0.5901125,2.571239
1955,1.000000000000000,1,1,477,5,-.4025738901356082E-04,1,478,.1590200487615021E-02,1,1709,2.040927,1.885019
1956,1.000000000000000,1,1,477,6,-.6755367966346712E-05,1,478,.2183174854627428E-03,1,1709,2.330705,0.9076529
1957,1.000000000000000,1,1,477,7,-.9325393799003888E-06,1,478,-.5200560416106875E-04,1,1696,0.6729838,2.908734
1958,1.000000000000000,1,1,478,1,-.4460425809783015E-01,1,143,-2.504433167921320,1,11,1.894618,1.048730
1959,1.000000000000000,1,1,478,2,-.1044603806179673E-01,1,613,.4002540384639455,1,1679,1.980415,0.9616682
1960,1.000000000000000,1,1,478,3,-.2367212603808718E-02,1,86,-.8183956830988080E-01,1,1696,2.170225,0.9200222
1961,1.000000000000000,1,1,478,4,.2555333825006886E-03,1,1141,.9543271912689954E-02,1,1341,0.5842255,2.599042
1962,1.000000000000000,1,1,478,5,-.4290647915203812E-04,1,478,.1716753744847888E-02,1,1709,2.040376,1.883382
1963,1.000000000000000,1,1,478,6,-.7573371019907848E-05,1,478,.2193298742574153E-03,1,1709,2.418044,0.9075582
1964,1.000000000000000,1,1,478,7,-.9375247089472227E-06,1,459,-.5862601276945375E-04,1,1696,0.6709918,2.960501
1965,1.000000000000000,1,1,479,1,-.4465654694436954E-01,1,143,-2.493985651524993,1,11,1.914280,1.047157
1966,1.000000000000000,1,1,479,2,-.1059222397082724E-01,1,613,.4164340107044613,1,1679,1.996289,0.9622344
1967,1.000000000000000,1,1,479,3,-.2498090307174103E-02,1,86,-.8549845122812136E-01,1,1696,2.198634,0.9197233
1968,1.000000000000000,1,1,479,4,.2756736988714321E-03,1,1141,.1028669580904206E-01,1,1652,0.5804139,2.624607
1969,1.000000000000000,1,1,479,5,-.4586389057900458E-04,1,478,.1895250469092103E-02,1,1709,2.057422,1.880095
1970,1.000000000000000,1,1,479,6,-.8369366294658263E-05,1,478,.2483544181246299E-03,1,1709,2.455497,0.9026971
1971,1.000000000000000,1,1,479,7,-.1023258315909395E-05,1,478,-.6392063566901271E-04,1,1696,0.6676417,2.987742
1972,1.000000000000000,1,1,479,8,-.1290332854732419E-06,1,478,.8576553364993121E-05,1,1709,2.091080,0.8721559
1973,1.000000000000000,1,1,480,1,-.4471099894261127E-01,1,143,-2.482414084655749,1,11,1.934953,1.045508
1974,1.000000000000000,1,1,480,2,-.1073542608737961E-01,1,613,.4331869782858372,1,1679,2.012538,0.9627910
1975,1.000000000000000,1,1,480,3,-.2638760509462008E-02,1,86,-.8957880142315344E-01,1,1696,2.230923,0.9194242
1976,1.000000000000000,1,1,480,4,.2981768725800731E-03,1,1141,.1125132083698168E-01,1,1652,0.5762921,2.651294
1977,1.000000000000000,1,1,480,5,-.4929090421070993E-04,1,478,.2049997655903929E-02,1,1709,2.074273,1.883843
1978,1.000000000000000,1,1,480,6,-.9283916676547461E-05,1,478,.2708522577171063E-03,1,1709,2.494509,0.9027324
1979,1.000000000000000,1,1,480,7,-.1132266728859972E-05,1,478,-.7345156892888795E-04,1,1696,0.6642555,3.018731
1980,1.000000000000000,1,1,480,8,-.1522060196410439E-06,1,478,.1030491945661349E-04,1,1709,2.090218,0.8841332
1981,1.000000000000000,1,1,481,1,-.4476804230019949E-01,1,143,-2.468801180594256,1,11,1.956759,1.043668
1982,1.000000000000000,1,1,481,2,-.1087495224478784E-01,1,420,.4529643078307173,1,1679,2.028495,0.9634645
1983,1.000000000000000,1,1,481,3,-.2783396876608866E-02,1,86,-.9399191678915574E-01,1,1696,2.265401,0.9169111
1984,1.000000000000000,1,1,481,4,.3232274734464406E-03,1,1141,.1242273469893001E-01,1,1652,0.5711810,2.678045
1985,1.000000000000000,1,1,481,5,-.5317561846121934E-04,1,478,.2205992412829555E-02,1,1709,2.089964,1.894638
1986,1.000000000000000,1,1,481,6,-.1033206306326517E-04,1,478,.2876689649018370E-03,1,1709,2.550192,0.9043421
1987,1.000000000000000,1,1,481,7,-.1210800829982850E-05,1,459,-.8200168504829343E-04,1,1696,0.6636050,3.040127
1988,1.000000000000000,1,1,481,8,-.1824262025493026E-06,1,478,.1249021480734119E-04,1,1709,2.085576,0.8940568
1989,1.000000000000000,1,1,482,1,-.4481582462639389E-01,1,143,-2.442880659868196,1,11,1.979045,1.040904
1990,1.000000000000000,1,1,482,2,-.1110143955203956E-01,1,420,.4609012499009960,1,1679,2.069553,0.9580055
1991,1.000000000000000,1,1,482,3,-.3197236626313002E-02,1,86,-.1508512661109682,1,1696,2.703678,0.9213715
1992,1.000000000000000,1,1,482,4,.5226550683305039E-03,1,608,.1293206795479571E-01,1,1652,0.5142694,2.725462
1993,1.000000000000000,1,1,482,5,-.5419151882769424E-04,1,478,.2386396911742948E-02,1,1709,1.993609,1.867619
1994,1.000000000000000,1,1,482,6,-.1246833120866895E-04,1,478,.3284837332869766E-03,1,1682,2.972110,0.9000743
1995,1.000000000000000,1,1,482,7,.7200469774384097E-06,1,196,-.9313785940115457E-04,1,1696,0.5985330,3.153230
1996,1.000000000000000,1,1,483,1,-.4487223919209869E-01,1,143,2.439109630420325,1,524,2.002942,1.038901
1997,1.000000000000000,1,1,483,2,-.1123690632087739E-01,1,420,.4636080460696440,1,1679,2.082310,0.9588400
1998,1.000000000000000,1,1,483,3,-.3311518658118988E-02,1,86,-.1421331626089704,1,1696,2.642708,0.9232067
1999,1.000000000000000,1,1,483,4,.5074209149228671E-03,1,88,.1415515588515336E-01,1,1652,0.5266958,2.754156
2000,1.000000000000000,1,1,483,5,-.5949064765719134E-04,1,81,.2594525012730507E-02,1,1709,2.036671,1.869028
2001,1.000000000000000,1,1,483,6,-.1415688776295952E-04,1,478,.3913606470061791E-03,1,1682,3.110936,0.8989352
2002,1.000000000000000,1,1,483,7,.9983641690864873E-06,1,196,-.1083820439902494E-03,1,1696,0.5766032,3.187690
2003,1.000000000000000,1,1,484,1,-.4493580935047641E-01,1,143,2.432114508213908,1,524,2.028645,1.037030
2004,1.000000000000000,1,1,484,2,-.1139487442740704E-01,1,420,.4817625470631920,1,1679,2.102296,0.9589396
2005,1.000000000000000,1,1,484,3,-.3567832002570156E-02,1,86,-.1555524224397794,1,1696,2.762000,0.9232999
2006,1.000000000000000,1,1,484,4,.5934423853737194E-03,1,88,.1545363399859328E-01,1,1652,0.5098587,2.782956
2007,1.000000000000000,1,1,484,5,-.6802573816807858E-04,1,81,.2786335726221232E-02,1,1709,2.040284,1.888207
2008,1.000000000000000,1,1,484,6,-.1477428917696550E-04,1,478,.4303451424372159E-03,1,1682,2.921872,0.9000868
2009,1.000000000000000,1,1,484,7,-.7989983032401607E-06,1,459,-.1146707910622196E-03,1,1696,0.6145126,3.174493
2010,1.000000000000000,1,1,485,1,-.4499929810390182E-01,1,143,2.429042992389911,1,524,2.055832,1.034854
2011,1.000000000000000,1,1,485,2,-.1152794923779342E-01,1,420,.4993233949724450,1,1679,2.121655,0.9591090
2012,1.000000000000000,1,1,485,3,-.3824209238117660E-02,1,86,-.1699896998399740,1,1696,2.860811,0.9246774
2013,1.000000000000000,1,1,485,4,.6745539735902855E-03,1,88,.1679428438167784E-01,1,1652,0.4982946,2.813622
2014,1.000000000000000,1,1,485,5,-.7786538909353307E-04,1,81,.3008238651167981E-02,1,1709,2.055901,1.891179
2015,1.000000000000000,1,1,485,6,-.1649447947835461E-04,1,478,.4892590807028076E-03,1,1682,2.994246,0.8993334
2016,1.000000000000000,1,1,485,7,.9744686146624624E-06,1,140,-.1321941157074937E-03,1,1696,0.6056774,3.201137
2017,1.000000000000000,1,1,486,1,-.4505915075852843E-01,1,143,2.429520440300120,1,524,2.084967,1.030881
2018,1.000000000000000,1,1,486,2,-.1161400541768944E-01,1,420,.5239808106069108,1,1679,2.124989,0.9609455
2019,1.000000000000000,1,1,486,3,-.4120035757178974E-02,1,86,-.1812179077378744,1,1696,2.934255,0.9286519
2020,1.000000000000000,1,1,486,4,.7530312492065785E-03,1,88,.1809972540841579E-01,1,1652,0.4939148,2.841418
2021,1.000000000000000,1,1,486,5,-.8975388481555526E-04,1,81,.3286390789851938E-02,1,1709,2.087405,1.878930
2022,1.000000000000000,1,1,486,6,-.1831914585204316E-04,1,478,.5359024958197596E-03,1,1682,3.011480,0.8965338
2023,1.000000000000000,1,1,486,7,.1167901746461143E-05,1,828,-.1538244137086668E-03,1,1696,0.5983315,3.219517
2024,1.000000000000000,1,1,486,8,-.4167727525911129E-06,1,478,.2807506231480107E-04,1,1709,2.033303,0.9532648
2025,1.000000000000000,1,1,487,1,-.4512158073584891E-01,1,143,2.423981841345251,1,524,2.115606,1.028138
2026,1.000000000000000,1,1,487,2,-.1172928716595279E-01,1,420,.5431873798580205,1,1679,2.143014,0.9612658
2027,1.000000000000000,1,1,487,3,-.4445439041166230E-02,1,86,-.2005050790825911,1,1696,3.063225,0.9293999
2028,1.000000000000000,1,1,487,4,.8723807047133199E-03,1,608,.1966777461645920E-01,1,1652,0.4793661,2.873871
2029,1.000000000000000,1,1,487,5,-.1033055189889546E-03,1,81,.3525014104119856E-02,1,1709,2.105769,1.884243
2030,1.000000000000000,1,1,487,6,-.2035307794625887E-04,1,478,.6091638504148849E-03,1,1682,3.087430,0.8971089
2031,1.000000000000000,1,1,487,7,.1484387700228857E-05,1,828,-.1759158522319139E-03,1,1696,0.5938834,3.239613
2032,1.000000000000000,1,1,487,8,-.4996843781314796E-06,1,478,.3320410956883999E-04,1,1709,2.023842,0.9580819
2033,1.000000000000000,1,1,488,1,-.4518770766735131E-01,1,143,2.413844951758630,1,524,2.148477,1.025639
2034,1.000000000000000,1,1,488,2,-.1183274196965424E-01,1,420,.5616648908028550,1,1679,2.163171,0.9610892
2035,1.000000000000000,1,1,488,3,-.4829099137450782E-02,1,767,-.2259693846561556,1,1696,3.230557,0.9326434
2036,1.000000000000000,1,1,488,4,.1033988943440480E-02,1,608,.2116919187078426E-01,1,1652,0.4617348,2.906594
2037,1.000000000000000,1,1,488,5,-.1185193429865381E-03,1,81,.3817546788894153E-02,1,1709,2.122880,1.883452
2038,1.000000000000000,1,1,488,6,-.2276152841275671E-04,1,478,.6946196999318014E-03,1,1682,3.172417,0.8954085
2039,1.000000000000000,1,1,488,7,.1915209143520868E-05,1,828,-.2035252460970885E-03,1,1696,0.5827729,3.266981
2040,1.000000000000000,1,1,488,8,-.6052421032051316E-06,1,478,.3942319879230809E-04,1,1709,2.035359,0.9663085
2041,1.000000000000000,1,1,489,1,-.4525536333695618E-01,1,143,2.400340838083380,1,524,2.183843,1.023211
2042,1.000000000000000,1,1,489,2,-.1192868107262282E-01,1,420,.5793533276648214,1,1679,2.185330,0.9611483
2043,1.000000000000000,1,1,489,3,-.5356252149065186E-02,1,767,-.2696433383324662,1,1696,3.512283,0.9402418
2044,1.000000000000000,1,1,489,4,.1308510344871055E-02,1,608,.2246457144539914E-01,1,1652,0.4327034,2.944186
2045,1.000000000000000,1,1,489,5,-.1355044047635008E-03,1,81,.4160159198033877E-02,1,1709,2.136085,1.869144
2046,1.000000000000000,1,1,489,6,-.2513049198955230E-04,1,478,.7619210587743935E-03,1,1682,3.204256,0.8916935
2047,1.000000000000000,1,1,489,7,.2288484495914335E-05,1,828,-.2497532394883690E-03,1,1696,0.5795206,3.304213
2048,1.000000000000000,1,1,489,8,-.7257147778032219E-06,1,478,.4546885861852894E-04,1,1709,2.062056,0.9708735
2049,1.000000000000000,1,1,490,1,-.4531646017921818E-01,1,143,2.384613001132368,1,524,2.221133,1.020637
2050,1.000000000000000,1,1,490,2,-.1201571417325873E-01,1,420,.6000056469866485,1,1696,2.208714,0.9604727
2051,1.000000000000000,1,1,490,3,-.6051683191874587E-02,1,767,-.3329907609451094,1,1696,3.906561,0.9489630
2052,1.000000000000000,1,1,490,4,.1720439994462862E-02,1,608,.2384289539774331E-01,1,1652,0.3966393,2.981745
2053,1.000000000000000,1,1,490,5,-.1549859688081055E-03,1,81,-.4628085575560769E-02,1,1682,2.147755,1.850274
2054,1.000000000000000,1,1,490,6,-.2814186359164648E-04,1,478,.8454921880034293E-03,1,1682,3.275801,0.8885126
2055,1.000000000000000,1,1,490,7,.2899805325805658E-05,1,828,-.2994975868419459E-03,1,1696,0.5704078,3.363836
2056,1.000000000000000,1,1,490,8,-.8550372682095918E-06,1,478,.5219628248072519E-04,1,1709,2.084280,0.9696169
2057,1.000000000000000,1,1,491,1,-.4537921995515416E-01,1,143,2.365832149289214,1,524,2.261713,1.017848
2058,1.000000000000000,1,1,491,2,-.1205442106340334E-01,1,420,.6243254344214830,1,1696,2.222898,0.9608049
2059,1.000000000000000,1,1,491,3,-.6428226310382882E-02,1,767,-.3445018316578599,1,1696,3.976121,0.9490689
2060,1.000000000000000,1,1,491,4,.1854165925330745E-02,1,608,.2577662531529921E-01,1,1652,0.3953660,3.014220
2061,1.000000000000000,1,1,491,5,-.1806908308167178E-03,1,81,-.5154964935362552E-02,1,1682,2.187827,1.860842
2062,1.000000000000000,1,1,491,6,-.3155294734205722E-04,1,478,.9807876263593562E-03,1,1682,3.394237,0.8891422
2063,1.000000000000000,1,1,491,7,.3840980337455352E-05,1,828,-.3417090283642666E-03,1,1696,0.5541224,3.379180
2064,1.000000000000000,1,1,491,8,-.1056461552237009E-05,1,478,.6257546549332450E-04,1,1709,2.103810,0.9817886
2065,1.000000000000000,1,1,491,9,-.3126236155375277E-06,1,478,.1898566202343855E-04,1,1709,1.773542,1.110916
2066,1.000000000000000,1,1,492,1,-.4543721604130193E-01,1,143,2.343719346006016,1,524,2.305483,1.014900
2067,1.000000000000000,1,1,492,2,-.1209705232033584E-01,1,420,-.6460533474744506,1,1703,2.243665,0.9591274
2068,1.000000000000000,1,1,492,3,-.7503624665006661E-02,1,827,-.4481758861063984,1,1696,4.587791,0.9621439
2069,1.000000000000000,1,1,492,4,.2579293936300776E-02,1,420,.2793847085158751E-01,1,1552,0.3496776,3.056331
2070,1.000000000000000,1,1,492,5,-.2073012768341143E-03,1,81,-.5619746638665422E-02,1,1682,2.205484,1.820433
2071,1.000000000000000,1,1,492,6,-.3449415382784109E-04,1,478,.1071547415634188E-02,1,1682,3.339774,0.8828555
2072,1.000000000000000,1,1,492,7,.4091613649817773E-05,1,828,-.4067954415254863E-03,1,1696,0.5661832,3.477952
2073,1.000000000000000,1,1,492,8,-.1200704719074399E-05,1,478,.7017579820687874E-04,1,1709,2.141617,0.9522477
2074,1.000000000000000,1,1,492,9,-.3615476892796435E-06,1,478,.2266655423512721E-04,1,1709,1.658450,1.273834
2075,1.000000000000000,1,1,493,1,-.4549179163737490E-01,1,143,2.318417512775786,1,524,2.352675,1.011835
2076,1.000000000000000,1,1,493,2,-.1210267516617941E-01,1,420,-.6735501013903550,1,1703,2.259559,0.9588989
2077,1.000000000000000,1,1,493,3,-.8230182304768996E-02,1,827,-.4953993749767659,1,1696,4.873539,0.9657278
2078,1.000000000000000,1,1,493,4,.2998613622100517E-02,1,420,.3124126188802789E-01,1,1552,0.3352902,3.095124
2079,1.000000000000000,1,1,493,5,-.2404178420608956E-03,1,81,-.6341177828603101E-02,1,1682,2.245919,1.807509
2080,1.000000000000000,1,1,493,6,-.3873910668386740E-04,1,478,.1224517606151227E-02,1,1682,3.446932,0.8828679
2081,1.000000000000000,1,1,493,7,.5349590364436683E-05,1,828,-.4817471259048835E-03,1,1696,0.5553172,3.553619
2082,1.000000000000000,1,1,493,8,-.1396692660375817E-05,1,478,.8026419521637902E-04,1,1709,2.155878,0.9457824
2083,1.000000000000000,1,1,493,9,-.4276137737636974E-06,1,478,.2635564493125540E-04,1,1709,1.637109,1.343114
2084,1.000000000000000,1,1,494,1,-.4557233487630268E-01,1,143,2.274784906002444,1,524,2.405401,1.011711
2085,1.000000000000000,1,1,494,2,-.1200921881384145E-01,1,420,-.7215926188069707,1,1703,2.253593,0.9743054
2086,1.000000000000000,1,1,494,3,-.6196807013227766E-02,1,148,-.1811443041871377,1,1696,3.177292,0.9360794
2087,1.000000000000000,1,1,494,4,.1076366374354025E-02,1,1141,.3533507706412393E-01,1,1552,0.5093682,3.115062
2088,1.000000000000000,1,1,494,5,-.2856028442010246E-03,1,81,-.6424721004873089E-02,1,1682,2.486366,1.809478
2089,1.000000000000000,1,1,494,6,-.7798688469872644E-04,1,196,-.4067607660068100E-02,1,72,6.886042,0.8905146
2090,1.000000000000000,1,1,494,7,.3792352358182716E-04,1,196,-.5856467013129429E-03,1,1696,0.2865852,3.700320
2091,1.000000000000000,1,1,494,8,-.1486871184295970E-05,1,478,.8648421304389117E-04,1,1709,1.977797,0.9891338
2092,1.000000000000000,1,1,494,9,-.4756142595555625E-06,1,478,.2694113313644964E-04,1,1709,1.792761,1.148798
2093,1.000000000000000,1,1,495,1,-.4561047421350658E-01,1,143,2.246381648048268,1,524,2.461204,1.007862
2094,1.000000000000000,1,1,495,2,-.1202076025402748E-01,1,420,-.7456056982543278,1,1703,2.283820,0.9702768
2095,1.000000000000000,1,1,495,3,-.7586021293828785E-02,1,148,-.3172290266523496,1,1696,3.985282,0.9470560
2096,1.000000000000000,1,1,495,4,.1985696724028715E-02,1,88,.3853451368957792E-01,1,1552,0.4296050,3.177657
2097,1.000000000000000,1,1,495,5,-.3216914498733537E-03,1,81,.6689573935839887E-02,1,1709,2.420694,1.741736
2098,1.000000000000000,1,1,495,6,-.6442265826470232E-04,1,196,.1720186911407761E-02,1,1682,4.308209,0.8755664
2099,1.000000000000000,1,1,495,7,.1559221446143609E-04,1,863,-.6426423912119580E-03,1,1696,0.4345870,3.777668
2100,1.000000000000000,1,1,495,8,-.1816829120467792E-05,1,478,.1017874275320876E-03,1,1709,2.125225,1.018204
2101,1.000000000000000,1,1,495,9,-.5567960131754418E-06,1,478,.2920318825542086E-04,1,1709,1.942828,0.9756149
2102,1.000000000000000,1,1,496,1,-.4564389006629304E-01,1,143,2.209257612302111,1,524,2.522272,1.004585
2103,1.000000000000000,1,1,496,2,-.1191012879230088E-01,1,420,-.7742427458544465,1,1703,2.286943,0.9710226
2104,1.000000000000000,1,1,496,3,-.8049650025584132E-02,1,148,-.3175972312188330,1,1696,4.065833,0.9499243
2105,1.000000000000000,1,1,496,4,.2106693549399039E-02,1,88,.4329640233662527E-01,1,1552,0.4287775,3.222914
2106,1.000000000000000,1,1,496,5,-.3769936176296890E-03,1,81,.7681510375612877E-02,1,1613,2.488145,1.723390
2107,1.000000000000000,1,1,496,6,-.7447312271259557E-04,1,196,.1703343625576185E-02,1,1682,4.097266,0.8725518
2108,1.000000000000000,1,1,496,7,.1595227323087424E-04,1,828,-.7324324918854641E-03,1,1696,0.4486018,3.874884
2109,1.000000000000000,1,1,496,8,-.2170926269424985E-05,1,478,.1151692263952894E-03,1,1709,2.190336,1.042955
2110,1.000000000000000,1,1,496,9,-.6622808839272109E-06,1,478,.3224778026735048E-04,1,1603,2.004952,0.9551970
2111,1.000000000000000,1,1,497,1,-.4566340101109317E-01,1,143,2.167244379142286,1,524,2.590356,1.001120
2112,1.000000000000000,1,1,497,2,-.1183058174388189E-01,1,420,-.7990238711988028,1,1703,2.312006,0.9673665
2113,1.000000000000000,1,1,497,3,-.1012657613269737E-01,1,78,-.5101943911942788,1,1696,5.213637,0.9671453
2114,1.000000000000000,1,1,497,4,.3739664572263628E-02,1,608,.4780604208311825E-01,1,1552,0.3458042,3.292414
2115,1.000000000000000,1,1,497,5,-.4324480917627333E-03,1,81,.8813711675946993E-02,1,1613,2.486297,1.683230
2116,1.000000000000000,1,1,497,6,-.9008312648670183E-04,1,4,.1766324306066784E-02,1,1682,4.155686,0.8725422
2117,1.000000000000000,1,1,497,7,.1930824931329677E-04,1,828,-.8969700061765821E-03,1,1696,0.4504016,4.003486
2118,1.000000000000000,1,1,497,8,-.2438260738873975E-05,1,478,.1287382037210430E-03,1,1709,2.238744,1.029632
2119,1.000000000000000,1,1,497,9,-.7646050192397309E-06,1,478,.3442162324190015E-04,1,1603,2.047490,0.9358530
2120,1.000000000000000,1,1,498,1,-.4568919983545805E-01,1,143,2.120061089963113,1,524,2.664898,0.9977747
2121,1.000000000000000,1,1,498,2,-.1177435105874983E-01,1,420,-.8333752751088755,1,1703,2.356861,0.9629262
2122,1.000000000000000,1,1,498,3,-.1299524195536329E-01,1,78,-.7806638700370059,1,1696,6.828595,0.9831269
2123,1.000000000000000,1,1,498,4,.6195824191110983E-02,1,608,.5248975753086949E-01,1,1552,0.2729826,3.355449
2124,1.000000000000000,1,1,498,5,-.4955813298565112E-03,1,140,.1003790324019682E-01,1,1613,2.525118,1.607802
2125,1.000000000000000,1,1,498,6,-.1279982059666187E-03,1,4,-.2967019535139879E-02,1,1552,5.173971,0.8787850
2126,1.000000000000000,1,1,498,7,.4036943920780049E-04,1,828,-.1106453911150642E-02,1,1696,0.3791864,4.242718
2127,1.000000000000000,1,1,498,8,-.2509061062472020E-05,1,140,.1329045947635665E-03,1,1709,2.207176,1.003140
2128,1.000000000000000,1,1,498,9,-.8047086364188895E-06,1,478,.3371328264426921E-04,1,1709,2.071880,0.9351780
2129,1.000000000000000,1,1,499,1,-.4569009433197319E-01,1,143,2.068394069020245,1,524,2.748395,0.9943277
2130,1.000000000000000,1,1,499,2,-.1156847274185025E-01,1,420,-.8552786444773133,1,1703,2.365693,0.9592633
2131,1.000000000000000,1,1,499,3,-.1441352184227980E-01,1,78,-.8719582711803510,1,1696,7.433969,0.9973782
2132,1.000000000000000,1,1,499,4,.7268298408259327E-02,1,608,.5829297383657268E-01,1,1552,0.2579927,3.421187
2133,1.000000000000000,1,1,499,5,-.5826211148757872E-03,1,828,.1143610613380273E-01,1,1613,2.612067,1.510895
2134,1.000000000000000,1,1,499,6,-.2167329568566139E-03,1,4,-.8330529796729824E-02,1,1552,7.679742,0.8893102
2135,1.000000000000000,1,1,499,7,.1075265429771646E-03,1,4,-.1307475625602155E-02,1,1696,0.2621364,4.438533
2136,1.000000000000000,1,1,499,8,-.3175124556821590E-05,1,140,.1505774837848325E-03,1,1709,2.142635,1.007713
2137,1.000000000000000,1,1,499,9,-.9062250790362511E-06,1,478,.3925597078006192E-04,1,1709,2.037186,0.9567400
2138,1.000000000000000,1,1,500,1,-.4566673742476079E-01,1,143,2.010691377679540,1,524,2.841432,0.9908078
2139,1.000000000000000,1,1,500,2,-.1137482617870411E-01,1,420,-.8810691871865545,1,1703,2.391025,0.9555352
2140,1.000000000000000,1,1,500,3,-.2998051815835035E-01,1,78,-2.399481930989154,1,1696,16.30464,1.033911
2141,1.000000000000000,1,1,500,4,.2218570909653235E-01,1,78,.6391710348829384E-01,1,1552,0.1218499,3.508235
2142,1.000000000000000,1,1,500,5,-.6743290667576771E-03,1,828,.1301849061345894E-01,1,1613,2.653010,1.369777
2143,1.000000000000000,1,1,500,6,-.3481054834988626E-03,1,4,-.1583196646161511E-01,1,1552,10.43967,0.9035276
2144,1.000000000000000,1,1,500,7,.2134976976824296E-03,1,4,-.1368730851101169E-02,1,1696,0.1940709,4.548977
2145,1.000000000000000,1,1,500,8,-.4436557213005527E-05,1,140,-.1990884125490968E-03,1,1696,2.149224,1.047811
2146,1.000000000000000,1,1,500,9,-.1155736436912409E-05,1,572,.4739212668923129E-04,1,1709,2.100311,0.9372515
2147,1.000000000000000,1,1,500,10,.1781966493518409E-06,1,230,.5242490086173066E-04,1,72,0.1081513,1.953232
2148,1.000000000000000,1,1,501,1,-.4559706770511492E-01,1,143,-1.997680074648199,1,1550,2.942519,0.9891067
2149,1.000000000000000,1,1,501,2,-.1074042100427599E-01,1,420,-.8911079171147243,1,1703,2.274148,0.9638065
2150,1.000000000000000,1,1,501,3,-.9786903601866234E-02,1,164,-.2963868011304818,1,1652,4.213069,0.9828619
2151,1.000000000000000,1,1,501,4,.2001349253694637E-02,1,1141,.7709524174527677E-01,1,1552,0.4451207,3.517239
2152,1.000000000000000,1,1,501,5,-.8845337937525350E-03,1,828,-.1583594486326831E-01,1,1682,3.031409,1.610085
2153,1.000000000000000,1,1,501,6,-.1490693186016238E-03,1,4,.2943044779356686E-02,1,1603,2.933427,0.8862344
2154,1.000000000000000,1,1,501,7,-.2142166590432122E-04,1,478,-.2215872737156594E-02,1,1682,0.5753308,4.166512
2155,1.000000000000000,1,1,501,8,-.8040213703279505E-05,1,140,.2991214108481756E-03,1,1709,2.967570,0.9027941
2156,1.000000000000000,1,1,501,9,-.2190298560668746E-05,1,4,.1148473904293221E-03,1,1709,1.521863,1.545614
2157,1.000000000000000,1,1,501,10,-.7755926906476571E-06,1,478,.2131739037182780E-04,1,1603,2.329628,0.8584911
2158,1.000000000000000,1,1,502,1,-.4549057290173179E-01,1,143,-1.965615309530768,1,1550,3.058739,0.9824672
2159,1.000000000000000,1,1,502,2,-.1034101042276976E-01,1,420,-.8905583777573893,1,1703,2.253242,0.9592505
2160,1.000000000000000,1,1,502,3,-.1204302074117025E-01,1,164,-.3512217558472315,1,1696,5.248910,0.9967639
2161,1.000000000000000,1,1,502,4,.3557745401608480E-02,1,88,.8370740408149809E-01,1,1552,0.3790225,3.616104
2162,1.000000000000000,1,1,502,5,-.1023743420058034E-02,1,828,.1758230852073821E-01,1,1613,3.017719,1.628167
2163,1.000000000000000,1,1,502,6,-.1592047673609088E-03,1,572,.5079244465065707E-02,1,1613,2.252282,0.9177167
2164,1.000000000000000,1,1,502,7,.1571321816222902E-04,1,140,-.8184442847939916E-02,1,1682,-2.690846,1.562475
2165,1.000000000000000,1,1,502,8,-.7673506745187714E-04,1,4,-.1449593436555629E-02,1,1696,-0.8032143,4.231508
2166,1.000000000000000,1,1,502,9,-.3744259730686420E-05,1,572,-.3624134041529644E-03,1,1682,3.743219,0.8522050
2167,1.000000000000000,1,1,502,10,.7292376007912327E-06,1,572,.5738043675506242E-04,1,72,0.4377636,1.629470
2168,1.000000000000000,1,1,503,1,-.4539275291164476E-01,1,143,-1.958582682105366,1,1550,3.189042,0.9816367
2169,1.000000000000000,1,1,503,2,-.9708657453228905E-02,1,420,-.8970523733028889,1,1703,2.159502,0.9681731
2170,1.000000000000000,1,1,503,3,-.9369964208335742E-02,1,164,-.2837415621622620,1,1652,3.657549,1.012347
2171,1.000000000000000,1,1,503,4,.2129079797000916E-02,1,712,.1010690995095837,1,1552,0.4963413,3.521528
2172,1.000000000000000,1,1,503,5,-.1326089539549747E-02,1,828,.2085536052622454E-01,1,1613,3.712612,1.538159
2173,1.000000000000000,1,1,503,6,-.2168717393653459E-03,1,572,.5775842159622899E-02,1,1613,2.432055,0.9074619
2174,1.000000000000000,1,1,503,7,-.4002926067801431E-04,1,4,-.5874461090034046E-02,1,1682,0.8938458E-01,3.400617
2175,1.000000000000000,1,1,503,8,-.3159700409694741E-04,1,572,-.8233502552027608E-03,1,1696,22.93388,1.267261
2176,1.000000000000000,1,1,503,9,-.6702287630168604E-05,1,4,.1731735617609634E-03,1,1603,2.582578,0.8612374
2177,1.000000000000000,1,1,503,10,-.1273813213850324E-05,1,478,.1747267402081056E-03,1,1682,0.3674149,4.083463
2178,1.000000000000000,1,1,503,11,-.4615554367122762E-06,1,572,.1708487636482878E-04,1,72,3.379576,1.070552
2179,1.000000000000000,1,1,504,1,-.4520504851672019E-01,1,143,-1.936878247637746,1,1550,3.345304,0.9774285
2180,1.000000000000000,1,1,504,2,-.9137414180888941E-02,1,420,-.8888363128541081,1,1703,2.106911,0.9692983
2181,1.000000000000000,1,1,504,3,-.8770580227728343E-02,1,608,-.2625647280013610,1,1652,3.267206,1.066982
2182,1.000000000000000,1,1,504,4,.1780140191057702E-02,1,712,.1667811082301072,1,1703,0.4290971,3.035261
2183,1.000000000000000,1,1,504,5,-.1842190997429598E-02,1,828,.2879170633809543E-01,1,1552,5.114531,1.354900
2184,1.000000000000000,1,1,504,6,-.3059045497865704E-03,1,828,.1018648434993298E-01,1,1552,2.006471,1.234736
2185,1.000000000000000,1,1,504,7,-.1215465871938510E-03,1,572,.2267568286225798E-02,1,1603,2.746313,0.9206870
2186,1.000000000000000,1,1,504,8,.2427226067466698E-04,1,1141,-.1784936314970958E-02,1,1682,0.5199264,5.200586
2187,1.000000000000000,1,1,504,9,-.7804966282530487E-05,1,572,-.1538457684433114E-03,1,1682,5.455354,0.8930841
2188,1.000000000000000,1,1,504,10,.4398832432007024E-06,1,792,.7941319992743487E-04,1,1682,0.5752473,2.984720
2189,1.000000000000000,1,1,505,1,-.4494759372108394E-01,1,143,-1.912589648208262,1,1550,3.529357,0.9732278
2190,1.000000000000000,1,1,505,2,-.8615123979362890E-02,1,420,-.8797523723232593,1,1703,2.085991,0.9651654
2191,1.000000000000000,1,1,505,3,-.9057854579585077E-02,1,608,-.2725860755547729,1,1652,3.429733,1.074434
2192,1.000000000000000,1,1,505,4,.1954937604569382E-02,1,712,.1813936176788324,1,1703,0.4342875,3.139420
2193,1.000000000000000,1,1,505,5,-.2090035599268701E-02,1,828,.3313227342045316E-01,1,1552,5.207980,1.284768
2194,1.000000000000000,1,1,505,6,-.3882096429909688E-03,1,828,.1208178405904744E-01,1,1613,1.949866,1.424384
2195,1.000000000000000,1,1,505,7,-.1476475347843544E-03,1,572,.3213667620946340E-02,1,1552,2.581261,0.9325659
2196,1.000000000000000,1,1,505,8,-.2475794114121690E-04,1,4,-.4160619641443802E-02,1,1682,0.1106096,3.645901
2197,1.000000000000000,1,1,505,9,-.2174790542697052E-04,1,572,-.2862602546763001E-03,1,1682,25.06765,0.9645020
2198,1.000000000000000,1,1,505,10,-.2445300849658300E-05,1,4,.2223963745509998E-03,1,1682,0.6067091,5.569756
2199,1.000000000000000,1,1,505,11,-.5304407197714273E-06,1,572,.6211091736348934E-04,1,1682,2.487646,0.8653695
2200,1.000000000000000,1,1,506,1,-.4460571963788469E-01,1,143,-1.855227052298047,1,1550,3.751610,0.9693444
2201,1.000000000000000,1,1,506,2,-.8806685501527974E-02,1,476,-.8739291213730941,1,1703,2.143311,0.9508334
2202,1.000000000000000,1,1,506,3,-.1017941171660625E-01,1,608,-.3255331483408557,1,1652,4.157051,1.038671
2203,1.000000000000000,1,1,506,4,.2810064664220450E-02,1,712,.1457729433714081,1,1696,0.4763289,3.737692
2204,1.000000000000000,1,1,506,5,-.2100491189062417E-02,1,827,.3342669091501341E-01,1,1613,4.300757,1.369765
2205,1.000000000000000,1,1,506,6,-.4279879258434982E-03,1,828,.1232557689229227E-01,1,1613,2.104245,1.052227
2206,1.000000000000000,1,1,506,7,-.1461321821344382E-02,1,572,-.6126313227776856E-01,1,1552,32.20908,1.016247
2207,1.000000000000000,1,1,506,8,.1255160825894233E-02,1,572,.9049524409550723E-03,1,1684,0.6385502E-01,6.050146
2208,1.000000000000000,1,1,506,9,-.9514816276420981E-05,1,572,.2111956030521162E-03,1,1613,3.011497,0.9153455
2209,1.000000000000000,1,1,506,10,-.7859761057308844E-06,1,765,-.1426016880283494E-03,1,1703,0.1640465,1.986462
2210,1.000000000000000,1,1,507,1,-.4433509887372937E-01,1,143,-1.831759879788894,1,1550,4.039579,0.9622303
2211,1.000000000000000,1,1,507,2,-.9602232320295943E-02,1,476,-.9404561231109069,1,1703,2.459043,0.9256119
2212,1.000000000000000,1,1,507,3,.1379597510707122E-02,1,1141,.7035579222992334,1,1696,-1.857271,1.300613
2213,1.000000000000000,1,1,507,4,-.1127151763932826E-01,1,164,.1224387116521327,1,1687,-1.299577,4.198150
2214,1.000000000000000,1,1,507,5,-.2012364796132476E-02,1,85,.3856092728971258E-01,1,1613,3.297425,1.028444
2215,1.000000000000000,1,1,507,6,-.5326636449564496E-03,1,828,.1563142613506200E-01,1,1613,1.880763,1.487733
2216,1.000000000000000,1,1,507,7,-.2793747745383638E-03,1,572,-.4797494393046969E-02,1,1696,3.896176,0.8712977
2217,1.000000000000000,1,1,507,8,.4709135946856794E-04,1,1141,-.2442393008093978E-02,1,1682,0.4817128,5.986947
2218,1.000000000000000,1,1,507,9,-.1557383928392010E-04,1,572,.3733770485801353E-03,1,1696,3.185846,0.9547771
2219,1.000000000000000,1,1,507,10,-.7424978150217436E-05,1,186,.1803628766707283E-03,1,1682,6.181021,0.9739552
2220,1.000000000000000,1,1,507,11,.3993411164416822E-05,1,186,.1367438542794868E-03,1,1613,1.319479,1.335357
2221,1.000000000000000,1,1,507,12,-.1937653729258493E-05,1,186,.2365761008206501E-04,1,1613,0.2614160,3.506564
2222,1.000000000000000,1,1,507,13,-.2499305644832147E-06,1,572,.1015271368665747E-04,1,1613,2.635902,0.8807390
2223,1.000000000000000,1,1,508,1,-.4063711988407492E-01,1,143,-1.496964620805277,1,1550,3.971516,0.9770195
2224,1.000000000000000,1,1,508,2,-.1030380835025928E-01,1,476,-.8023829481298501,1,1703,1.504992,1.235095
2225,1.000000000000000,1,1,508,3,-.8988877710729228E-02,1,608,.2788101819220438,1,1679,4.438029,0.8924765
2226,1.000000000000000,1,1,508,4,.2498057659565657E-02,1,476,.2579321445833974,1,1696,0.3621311,4.049702
2227,1.000000000000000,1,1,508,5,-.2969475729644687E-02,1,78,.5794662388238646E-01,1,1696,7.911245,1.428539
2228,1.000000000000000,1,1,508,6,-.8516246150087389E-03,1,828,.1913091753849359E-01,1,1613,2.162724,1.081214
2229,1.000000000000000,1,1,508,7,-.5908981928740506E-03,1,572,-.9553129995943163E-02,1,1696,6.627236,0.8957273
2230,1.000000000000000,1,1,508,8,.2222939909509273E-03,1,828,-.2241201344087200E-02,1,1682,0.3422066,6.533185
2231,1.000000000000000,1,1,508,9,-.2132186825328611E-04,1,572,.5779978882342007E-03,1,1696,2.914375,0.9710988
2232,1.000000000000000,1,1,508,10,-.6234421928484265E-05,1,186,.1727700775508904E-03,1,1613,2.661052,1.029296
2233,1.000000000000000,1,1,508,11,-.1631329957281730E-05,1,186,.7115297788012964E-04,1,1613,0.8950808,3.361388
2234,1.000000000000000,1,1,508,12,.1561799649145096E-05,1,572,.1422354699052084E-03,1,1613,-4.691535,0.9150509
2235,1.000000000000000,1,1,508,13,-.2699384893727701E-05,1,572,.1506790761075179E-04,1,1613,-0.4602316,2.054674
2236,1.000000000000000,1,1,508,14,-.1044951906519076E-06,1,572,.8990114440086153E-05,1,1613,1.936323,0.6682091
2237,1.000000000000000,1,1,509,1,-.4177355080119914E-01,1,1596,-1.658641536210519,1,1550,4.613941,0.9603598
2238,1.000000000000000,1,1,509,2,-.9354331138638455E-02,1,476,-.7136562300399265,1,1703,1.840220,0.9506635
2239,1.000000000000000,1,1,509,3,-.3210624856616472E-01,1,608,-1.630616058325870,1,1652,19.05962,1.100011
2240,1.000000000000000,1,1,509,4,.2148742011840135E-01,1,88,.1570094618689895,1,1696,0.1518206,4.454333
2241,1.000000000000000,1,1,509,5,-.2810248419055855E-02,1,78,.5741294376292339E-01,1,1613,4.085980,1.336311
2242,1.000000000000000,1,1,509,6,-.9775433505983030E-03,1,828,.2236653271060460E-01,1,1613,2.105182,1.010174
2243,1.000000000000000,1,1,509,7,-.3973907803013776E-02,1,572,-.1219374843038917,1,1613,38.52342,1.003599
2244,1.000000000000000,1,1,509,8,.3495478606155706E-02,1,828,.2629860168102679E-02,1,1703,0.6019875E-01,5.949218
2245,1.000000000000000,1,1,509,9,-.3873087621731809E-04,1,572,.8041988528021398E-03,1,1613,2.869866,1.064021
2246,1.000000000000000,1,1,509,10,-.1132625218387245E-04,1,572,.3033538818445665E-03,1,1613,2.810492,0.9359106
2247,1.000000000000000,1,1,509,11,-.1195072962622732E-05,1,186,-.2325266137443471E-03,1,1703,-0.1368856,2.255589
2248,1.000000000000000,1,1,509,12,-.4260044105709129E-06,1,572,.1977953035452009E-03,1,1613,-0.5745971,1.077634
2249,1.000000000000000,1,1,510,1,-.4062387730125200E-01,1,1596,-1.582049298015151,1,1550,5.113423,0.9580909
2250,1.000000000000000,1,1,510,2,-.9465950506544418E-02,1,476,-.6702649498008458,1,1703,1.902938,0.9343717
2251,1.000000000000000,1,1,510,3,.1541963560492423E-01,1,88,1.255843560574715,1,1696,-11.84238,1.210558
2252,1.000000000000000,1,1,510,4,-.2548387666955711E-01,1,88,.1523523187909342,1,1696,-0.2523855,4.607876
2253,1.000000000000000,1,1,510,5,-.2991156267486005E-02,1,78,.6507603047775802E-01,1,1613,4.143938,1.144755
2254,1.000000000000000,1,1,510,6,-.1238049232963915E-02,1,85,.2791786397344595E-01,1,1613,2.104431,1.260335
2255,1.000000000000000,1,1,510,7,-.8089343202229262E-03,1,828,-.9173285725849176E-02,1,1696,4.921070,0.8690405
2256,1.000000000000000,1,1,510,8,.1783832104865169E-03,1,608,-.3741357572292708E-02,1,1682,0.4560954,6.083033
2257,1.000000000000000,1,1,510,9,-.6554476399105836E-04,1,572,.1054844867454586E-02,1,1613,3.409864,1.031210
2258,1.000000000000000,1,1,510,10,-.1571491488667023E-04,1,572,.4416240364802743E-03,1,1613,2.651686,1.007408
2259,1.000000000000000,1,1,510,11,-.4767921068937804E-05,1,572,-.3139667307338335E-03,1,1696,0.6987981,4.789321
2260,1.000000000000000,1,1,510,12,.4227500670971500E-06,1,572,.1938609078613538E-03,1,1613,-0.9614986,0.9408022
2261,1.000000000000000,1,1,511,1,-.3898250923489049E-01,1,1596,-1.501453042280773,1,1550,5.749322,0.9538689
2262,1.000000000000000,1,1,511,2,-.9429981159085186E-02,1,476,-.6161083950493509,1,1703,1.940493,0.9194403
2263,1.000000000000000,1,1,511,3,.2406505866964549E-02,1,88,.5557536336330834,1,1696,-3.103344,1.362080
2264,1.000000000000000,1,1,511,4,-.1168712237452702E-01,1,88,.1446920877922468,1,1613,-0.9776578,4.743074
2265,1.000000000000000,1,1,511,5,-.3056543475610836E-02,1,730,.7845136172750965E-01,1,1696,4.224363,1.048542
2266,1.000000000000000,1,1,511,6,-.1583363129127934E-02,1,85,.3331322205298714E-01,1,1613,2.215834,1.393754
2267,1.000000000000000,1,1,511,7,-.1391662995189088E-02,1,828,-.2078333293835612E-01,1,1696,6.706278,0.8625627
2268,1.000000000000000,1,1,511,8,.4924524678879349E-03,1,730,.6512172845350861E-02,1,1696,0.3692593,6.690232
2269,1.000000000000000,1,1,511,9,-.9919381548986692E-04,1,572,.1443435796014898E-02,1,1696,3.480779,0.9644129
2270,1.000000000000000,1,1,511,10,-.2240236805198144E-04,1,186,.6184022125370134E-03,1,1613,2.083827,1.214783
2271,1.000000000000000,1,1,511,11,-.8647646060821083E-05,1,572,.3141570181220408E-03,1,1682,1.193794,5.311855
2272,1.000000000000000,1,1,511,12,-.1184260765541830E-04,1,572,.7386600810172876E-03,1,1696,6.465737,0.8953507
2273,1.000000000000000,1,1,511,13,.6764001954350103E-05,1,572,.6368298110533676E-04,1,1613,0.3104522,2.668269
2274,1.000000000000000,1,1,511,14,-.9693960215113812E-06,1,572,.2610995250893797E-04,1,1613,2.814346,1.595701
2275,1.000000000000000,1,1,512,1,-.3657097997822794E-01,1,1596,-1.394934193254753,1,1550,6.588322,0.9501599
2276,1.000000000000000,1,1,512,2,-.9298874785617419E-02,1,476,-.5631883617331895,1,1703,2.008369,0.9075221
2277,1.000000000000000,1,1,512,3,.7574160855130353E-03,1,469,.3567166857404951,1,1696,-0.9998750,1.547505
2278,1.000000000000000,1,1,512,4,-.7781721081557465E-02,1,88,.1424413581080275,1,524,-3.009852,4.680825
2279,1.000000000000000,1,1,512,5,-.2971766597414246E-02,1,730,.9848850751348850E-01,1,1696,4.254794,1.012932
2280,1.000000000000000,1,1,512,6,-.1946333650715279E-02,1,730,.3910629124964670E-01,1,1613,2.365859,1.381308
2281,1.000000000000000,1,1,512,7,-.2537460213980850E-02,1,85,-.4321894060067927E-01,1,1696,9.557692,0.8596338
2282,1.000000000000000,1,1,512,8,.1257774639872066E-02,1,730,.1141785102261862E-01,1,1696,0.2844385,7.728291
2283,1.000000000000000,1,1,512,9,-.1535727703847091E-03,1,959,.2366890827649315E-02,1,1696,3.651498,0.9430066
2284,1.000000000000000,1,1,512,10,-.3891159349424295E-04,1,186,.7328117273231230E-03,1,1613,1.859775,1.388299
2285,1.000000000000000,1,1,512,11,-.1032100270298516E-04,1,186,.3696073879264039E-03,1,1613,1.365731,2.839904
2286,1.000000000000000,1,1,512,12,-.9568711206342527E-05,1,186,.2174565357363343E-03,1,1696,2.845030,0.8886968
2287,1.000000000000000,1,1,512,13,.1605058924211791E-05,1,83,-.1792651469225442E-03,1,1696,0.5693462,5.675395
2288,1.000000000000000,1,1,512,14,-.1625611541560987E-05,1,186,.3183888120553173E-04,1,1613,4.013962,0.9640507
2289,1.000000000000000,1,1,512,15,-.2786942973892828E-06,1,572,.2139605303050022E-04,1,1613,1.562002,1.893970
2290,1.000000000000000,1,1,513,1,-.1461466657227017E-01,1,1596,1.851565323800990,1,1581,2.707452,1.108523
2291,1.000000000000000,1,1,513,2,-.2267136581984985E-01,1,143,-.3659185837978349,1,1703,3.093113,1.118779
2292,1.000000000000000,1,1,513,3,-.4572834704178502E-02,1,712,.2267281027960686,1,1679,2.375974,0.9827668
2293,1.000000000000000,1,1,513,4,-.4025361401216669E-02,1,169,.1510906457327517,1,1679,4.391924,0.9927869
2294,1.000000000000000,1,1,513,5,-.5919435560884269E-03,1,87,.1553063206081932,1,1696,-0.4459069,2.267863
2295,1.000000000000000,1,1,513,6,-.2933390878378729E-02,1,164,.7624905956777919E-01,1,1613,-10.02160,0.8747629
2296,1.000000000000000,1,1,513,7,-.2640791579877381E-02,1,85,.2828143358289310E-01,1,1613,1.112165,8.663625
2297,1.000000000000000,1,1,513,8,-.9476437838398510E-03,1,186,.7751827932555308E-02,1,1613,3.882771,3.153666
2298,1.000000000000000,1,1,513,9,.2129672778538566E-03,1,186,.1177178221669748E-01,1,1613,-4.675633,0.8512785
2299,1.000000000000000,1,1,513,10,-.5190704990209173E-03,1,186,.1604095226030982E-02,1,1613,-1.036690,1.775990
2300,1.000000000000000,1,1,513,11,-.4126739517170705E-04,1,186,.7624063105632112E-03,1,1613,1.232290,1.094594
2301,1.000000000000000,1,1,513,12,-.2395365789301205E-04,1,186,.2665682966745293E-03,1,1613,2.472586,1.212681
2302,1.000000000000000,1,1,513,13,-.3978365772051452E-06,1,572,.2556676718945813E-03,1,1613,-0.4755805,1.409369
2303,1.000000000000000,1,1,514,1,-.2259579013062601E-01,1,143,.7466902461185960,1,1335,7.284736,0.9743093
2304,1.000000000000000,1,1,514,2,-.1067570007317644E-01,1,233,-.2685874222198468,1,1703,1.710815,1.004714
2305,1.000000000000000,1,1,514,3,-.5682221195676461E-02,1,712,.1497802132673749,1,1679,4.385414,0.8768468
2306,1.000000000000000,1,1,514,4,.1458134616034545E-02,1,143,.1406739266194809,1,1696,0.4053926,4.734370
2307,1.000000000000000,1,1,514,5,-.2388273931408306E-02,1,608,.9035029826727031E-01,1,1696,5.790874,2.727265
2308,1.000000000000000,1,1,514,6,-.2348717302007100E-02,1,164,.4479294990151783E-01,1,1613,4.498743,1.020807
2309,1.000000000000000,1,1,514,7,-.3146481691669832E-02,1,730,.2397641156726067E-01,1,1703,8.298391,0.8436523
2310,1.000000000000000,1,1,514,8,.1085829126603528E-02,1,608,.1191543736655270E-01,1,1613,0.3577614,6.589841
2311,1.000000000000000,1,1,514,9,-.4079565831464401E-03,1,730,.5605812383602434E-02,1,1613,3.188475,1.911117
2312,1.000000000000000,1,1,514,10,-.2318575730094459E-03,1,85,.1915236112278663E-02,1,1613,2.612694,1.012271
2313,1.000000000000000,1,1,514,11,-.8378191877089484E-04,1,85,.5642103602368726E-03,1,1613,2.409248,0.8953590
2314,1.000000000000000,1,1,514,12,-.1803467994092477E-04,1,572,.2437758675318517E-03,1,1613,1.235951,6.713996
2315,1.000000000000000,1,1,514,13,-.1202221417449562E-04,1,186,-.7440392836569625E-04,1,1703,2.956531,0.9358684
2316,1.000000000000000,1,1,514,14,.1678910356496684E-05,1,792,.6323853483073635E-04,1,1613,0.5959004,1.950415
2317,1.000000000000000,1,1,514,15,-.1571250535492527E-05,1,186,.3166795494679224E-04,1,1613,3.309976,1.934323
2318,1.000000000000000,1,1,514,16,-.6872186931903076E-06,1,572,.1680878265293204E-04,1,1613,2.553336,0.8684656
2319,1.000000000000000,1,1,515,1,-.1690169763680605E-01,1,143,.5537314734651063,1,1335,9.087778,0.9640331
2320,1.000000000000000,1,1,515,2,-.8281178838624240E-02,1,233,.1844480576012205,1,1652,1.763630,0.9619362
2321,1.000000000000000,1,1,515,3,-.9654386566563712E-02,1,712,-.2414739637816777,1,1523,10.92699,0.9773475
2322,1.000000000000000,1,1,515,4,.5580141587502525E-02,1,476,.8148467961534915E-01,1,1696,0.2581470,4.338167
2323,1.000000000000000,1,1,515,5,-.1439818868526176E-02,1,608,.5485840274735192E-01,1,1613,3.768042,2.480501
2324,1.000000000000000,1,1,515,6,-.1706591393561246E-02,1,608,.3648969812080997E-01,1,1613,4.503279,0.8636362
2325,1.000000000000000,1,1,515,7,.4542476681691369E-02,1,164,.9212536986368119E-01,1,1696,-16.32914,0.9876778
2326,1.000000000000000,1,1,515,8,-.6608957221377728E-02,1,164,.1087094915649443E-01,1,1613,-0.2288641,8.504820
2327,1.000000000000000,1,1,515,9,-.4202980250704631E-03,1,730,.6123367739446973E-02,1,1684,2.703084,1.790642
2328,1.000000000000000,1,1,515,10,-.3343004981993720E-03,1,730,.2203811680246994E-02,1,1613,3.219433,0.8473056
2329,1.000000000000000,1,1,515,11,-.1624141274319522E-03,1,730,.3036519775597248E-03,1,942,3.561634,0.9552081
2330,1.000000000000000,1,1,515,12,.3335772490679298E-05,1,1575,.2954308927259814E-03,1,1684,0.7317444,5.374144
2331,1.000000000000000,1,1,515,13,-.3923825137195805E-05,1,730,.2402819658981283E-03,1,942,0.6768982,0.9170971
2332,1.000000000000000,1,1,515,14,-.1835804669008329E-04,1,730,.3893560170527396E-04,1,942,4.439160,1.858969
2333,1.000000000000000,1,1,515,15,-.1785581442211197E-05,1,179,.1826108416155478E-04,1,942,2.241870,1.646561
2334,1.000000000000000,1,1,515,16,-.8733956791301592E-06,1,179,.8588382623563185E-05,1,1684,2.461287,0.5660770
2335,1.000000000000000,1,1,516,1,-.9200217114115391E-02,1,143,.3057381735158490,1,1335,10.89705,0.9586875
2336,1.000000000000000,1,1,516,2,-.5069797460346157E-02,1,233,.1034193493766210,1,1652,1.857669,0.9332537
2337,1.000000000000000,1,1,516,3,.1701505193999857E-01,1,476,.7486149384438364,1,1652,-36.84454,1.119044
2338,1.000000000000000,1,1,516,4,-.1965716361157072E-01,1,712,.3768679448114785E-01,1,1696,-0.8058894E-01,4.048134
2339,1.000000000000000,1,1,516,5,-.6468180188585985E-03,1,608,.2946082038997453E-01,1,1702,3.294293,2.161714
2340,1.000000000000000,1,1,516,6,-.8545187787012431E-03,1,88,.2130991536164973E-01,1,1679,4.606696,0.8408683
2341,1.000000000000000,1,1,516,7,.1241706426786578E-02,1,608,.3321969546767047E-01,1,1679,-8.393638,1.046974
2342,1.000000000000000,1,1,516,8,-.2656232512508597E-02,1,164,-.7518872996121028E-02,1,1703,-0.5293807,11.19780
2343,1.000000000000000,1,1,516,9,-.3004872408569902E-03,1,164,.4707446453825447E-02,1,1679,2.636873,1.545207
2344,1.000000000000000,1,1,516,10,-.2878789140793531E-03,1,730,.2133511441518513E-02,1,1679,3.673487,0.8431225
2345,1.000000000000000,1,1,516,11,-.1762138523625084E-03,1,730,.5410079133384084E-03,1,1684,3.942443,0.9546862
2346,1.000000000000000,1,1,516,12,-.1243303599468802E-04,1,730,-.5111966921285020E-03,1,1703,0.6185377,5.773370
2347,1.000000000000000,1,1,516,13,.2632846354157052E-05,1,730,.4067012487293539E-03,1,1684,-0.6523393,0.8713872
2348,1.000000000000000,1,1,516,14,-.3579037021789666E-04,1,164,.5842033117845770E-04,1,1684,-5.839137,3.683511
2349,1.000000000000000,1,1,516,15,-.2342883499565762E-05,1,792,.2800055606218845E-04,1,1684,1.983284,2.139536
2350,1.000000000000000,1,1,516,16,-.1041670029535685E-05,1,483,.1641851267405411E-04,1,1684,2.619810,0.9936401
2351,1.000000000000000,1,1,516,17,-.2145017557706567E-06,1,705,.1331054930245903E-04,1,1684,1.609772,0.6686094
2352,1.000000000000000,1,1,517,1,-.2616717697882117E-02,1,143,.8907560172317180E-01,1,1335,11.98239,0.9576775
2353,1.000000000000000,1,1,517,2,-.1671123312684320E-02,1,233,.3079135398142173E-01,1,1652,1.953130,0.9285354
2354,1.000000000000000,1,1,517,3,.1424850440951247E-02,1,476,.7946197385049424E-01,1,1652,-10.51606,1.182103
2355,1.000000000000000,1,1,517,4,-.2257052955106579E-02,1,712,.9770368537593258E-02,1,1696,-0.2906006,3.833674
2356,1.000000000000000,1,1,517,5,-.1981686702709409E-03,1,1575,.8190785571375526E-02,1,1702,3.093918,1.971077
2357,1.000000000000000,1,1,517,6,-.2249489670688490E-03,1,88,.6355939067693765E-02,1,1679,4.578641,0.8334869
2358,1.000000000000000,1,1,517,7,.2851728111274008E-03,1,608,.8648255358250596E-02,1,1679,-7.129637,1.103701
2359,1.000000000000000,1,1,517,8,-.7244446822225282E-03,1,608,-.2936238679698358E-02,1,1703,-0.6755522,11.80859
2360,1.000000000000000,1,1,517,9,-.1048280550631546E-03,1,164,.1771710086737841E-02,1,1679,2.589685,1.492523
2361,1.000000000000000,1,1,517,10,-.1148151190742806E-03,1,164,.9028154560303680E-03,1,1696,4.178251,0.8431019
2362,1.000000000000000,1,1,517,11,-.7714190668422737E-04,1,164,.3135256125966546E-03,1,1684,4.121982,1.025286
2363,1.000000000000000,1,1,517,12,-.1331501112816277E-04,1,730,-.2915897902709328E-03,1,1703,0.7210226,4.842770
2364,1.000000000000000,1,1,517,13,.1433973302167395E-05,1,608,.2082795177318256E-03,1,1684,-0.7473952,0.8845281
2365,1.000000000000000,1,1,517,14,-.2105506617299553E-04,1,164,.3307257825031959E-04,1,1684,-5.061748,2.592794
2366,1.000000000000000,1,1,517,15,-.1425459269385081E-05,1,792,.1926620375731404E-04,1,1684,1.823459,1.075430
2367,1.000000000000000,1,1,517,16,-.6611557478992702E-06,1,483,.1137921739509871E-04,1,1684,2.721109,0.4748649
2368,1.000000000000000,1,1,518,1,-.2072161127509263E-03,1,143,.7152241953665739E-02,1,1335,12.29678,0.9571128
2369,1.000000000000000,1,1,518,2,-.1382897125685658E-03,1,233,.2495493280301784E-02,1,1652,1.985349,0.9260058
2370,1.000000000000000,1,1,518,3,.7224096142662244E-04,1,476,.4878845800385348E-02,1,1652,-6.950401,1.230260
2371,1.000000000000000,1,1,518,4,-.1416675527206001E-03,1,712,.7267457322407397E-03,1,1696,-0.4483236,3.757477
2372,1.000000000000000,1,1,518,5,-.1620810612489785E-04,1,1575,.6278233507062658E-03,1,1702,2.989610,1.825912
2373,1.000000000000000,1,1,518,6,-.1724643121228015E-04,1,1575,.4988617047755720E-03,1,1679,4.554761,0.8306551
2374,1.000000000000000,1,1,518,7,.1681264506798275E-04,1,608,.6230774954154592E-03,1,1679,-5.846424,1.182720
2375,1.000000000000000,1,1,518,8,-.5053776669368638E-04,1,608,-.2411457351252238E-03,1,1703,-0.8443106,11.09518
2376,1.000000000000000,1,1,518,9,-.8507008686697495E-05,1,164,.1579602511886224E-03,1,1679,2.541650,1.416217
2377,1.000000000000000,1,1,518,10,-.1058540593290763E-04,1,164,.8101206687709490E-04,1,1679,4.621770,0.8358994
2378,1.000000000000000,1,1,518,11,-.6753307602626378E-05,1,164,.3344821365469149E-04,1,1684,4.027681,1.078187
2379,1.000000000000000,1,1,518,12,-.1940292243418285E-05,1,730,.2219919940522875E-04,1,1684,0.8000268,1.594682
2380,1.000000000000000,1,1,518,13,-.4488083986591796E-07,1,969,.1958143237441092E-04,1,1684,-0.1516985,1.310566
2381,1.000000000000000,1,1,519,1,-.1299133166926628E-05,1,1596,.3934459349158785E-04,1,1335,15.15065,0.9489453
2382,1.000000000000000,1,1,519,2,-.8512857202104723E-06,1,233,-.2546490442880391E-04,1,1461,2.178743,0.9721446
