                                   MODFLOW 6
                U.S. GEOLOGICAL SURVEY MODULAR HYDROLOGIC MODEL
                            VERSION 6.6.2 05/12/2025

   MODFLOW 6 compiled May 24 2025 11:42:11 with Intel(R) Fortran Intel(R) 64
   Compiler Classic for applications running on Intel(R) 64, Version 2021.7.0
                             Build 20220726_000000

This software has been approved for release by the U.S. Geological 
Survey (USGS). Although the software has been subjected to rigorous 
review, the USGS reserves the right to update the software as needed 
pursuant to further analysis and review. No warranty, expressed or 
implied, is made by the USGS or the U.S. Government as to the 
functionality of the software and related material nor shall the 
fact of release constitute any such warranty. Furthermore, the 
software is released on condition that neither the USGS nor the U.S. 
Government shall be held liable for any damages resulting from its 
authorized or unauthorized use. Also refer to the USGS Water 
Resources Software User Rights Notice for complete use, copyright, 
and distribution information.


As a work of the United States Government, this USGS product is 
in the public domain within the United States. You can copy, 
modify, distribute, and perform the work, even for commercial 
purposes, all without asking permission. Additionally, USGS 
waives copyright and related rights in the work worldwide 
through CC0 1.0 Universal Public Domain Dedication 
(https://creativecommons.org/publicdomain/zero/1.0/).

The following GNU Lesser General Public License (LGPL) libraries
are used in this USGS product:

    SPARSKIT version 2.0
      ilut, luson, and qsplit 
      (https://www-users.cse.umn.edu/~saad/software/SPARSKIT/)

    RCM - Reverse Cuthill McKee Ordering
      (https://people.math.sc.edu/Burkardt/f_src/rcm/rcm.html)

    BLAS - Basic Linear Algebra Subprograms Level 1
      (https://people.math.sc.edu/Burkardt/f_src/blas1_d/blas1_d.html)

    SPARSEKIT - Sparse Matrix Utility Package
      amux, dperm, dvperm, rperm, and cperm
      (https://people.sc.fsu.edu/~jburkardt/f77_src/sparsekit/sparsekit.html)

The following BSD-3 License libraries are used in this USGS product:

    Modern Fortran DAG Library
      Copyright (c) 2018, Jacob Williams
      All rights reserved.
      (https://github.com/jacobwilliams/daglib)

MODFLOW 6 compiler options: /O2 /heap-arrays:0 /fpe:0 /traceback /nologo /fpp
/c /module:win64\mod_mf6\ /object:win64\obj_mf6\

System command used to initiate simulation:
C:\Users\lukem\Python\PATH\modflow_exe\mf6.exe

MODFLOW was compiled using uniform precision.

Real Variables
  KIND: 8
  TINY (smallest non-zero value):    2.225074-308
  HUGE (largest value):    1.797693+308
  PRECISION: 15
  SIZE IN BITS: 64

Integer Variables
  KIND: 4
  HUGE (largest value): 2147483647
  SIZE IN BITS: 32

Long Integer Variables
  KIND: 8
  HUGE (largest value): 9223372036854775807
  SIZE IN BITS: 64

Logical Variables
  KIND: 4
  SIZE IN BITS: 32
 

 OPENED mfsim.nam
 FILE TYPE:NAM6               UNIT 1001   STATUS:OLD                 
 FORMAT:FORMATTED              ACCESS:SEQUENTIAL          
 ACTION:READ                

 # File generated by Flopy version 3.9.5 on 04/25/2026 at 21:23:03.

 OPENED geom_refined.tdis
 FILE TYPE:TDIS6              UNIT 1002   STATUS:OLD                 
 FORMAT:FORMATTED              ACCESS:SEQUENTIAL          
 ACTION:READ                

 # File generated by Flopy version 3.9.5 on 04/25/2026 at 21:23:03.

 OPENED geom_refined.nam
 FILE TYPE:GWF6               UNIT 1003   STATUS:OLD                 
 FORMAT:FORMATTED              ACCESS:SEQUENTIAL          
 ACTION:READ                

 # File generated by Flopy version 3.9.5 on 04/25/2026 at 21:23:03.

 OPENED geom_refined.disv
 FILE TYPE:DISV6              UNIT 1004   STATUS:OLD                 
 FORMAT:FORMATTED              ACCESS:SEQUENTIAL          
 ACTION:READ                

 # File generated by Flopy version 3.9.5 on 04/25/2026 at 21:23:03.

 OPENED geom_refined.npf
 FILE TYPE:NPF6               UNIT 1005   STATUS:OLD                 
 FORMAT:FORMATTED              ACCESS:SEQUENTIAL          
 ACTION:READ                

 # File generated by Flopy version 3.9.5 on 04/25/2026 at 21:23:03.

 OPENED geom_refined.sto
 FILE TYPE:STO6               UNIT 1006   STATUS:OLD                 
 FORMAT:FORMATTED              ACCESS:SEQUENTIAL          
 ACTION:READ                

 # File generated by Flopy version 3.9.5 on 04/25/2026 at 21:23:03.

 OPENED geom_refined.ic
 FILE TYPE:IC6                UNIT 1007   STATUS:OLD                 
 FORMAT:FORMATTED              ACCESS:SEQUENTIAL          
 ACTION:READ                

 # File generated by Flopy version 3.9.5 on 04/25/2026 at 21:23:03.

 OPENED geom_refined.oc
 FILE TYPE:OC6       UNIT 1008   STATUS:OLD                 
 FORMAT:FORMATTED              ACCESS:SEQUENTIAL          
 ACTION:READ                


 OPENED geom_refined.drn
 FILE TYPE:DRN6               UNIT 1009   STATUS:OLD                 
 FORMAT:FORMATTED              ACCESS:SEQUENTIAL          
 ACTION:READ                

 # File generated by Flopy version 3.9.5 on 04/25/2026 at 21:23:03.

 OPENED geom_refined.ghb
 FILE TYPE:GHB6               UNIT 1010   STATUS:OLD                 
 FORMAT:FORMATTED              ACCESS:SEQUENTIAL          
 ACTION:READ                

 # File generated by Flopy version 3.9.5 on 04/25/2026 at 21:23:03.

 OPENED geom_refined.rch
 FILE TYPE:RCH6               UNIT 1012   STATUS:OLD                 
 FORMAT:FORMATTED              ACCESS:SEQUENTIAL          
 ACTION:READ                

 # File generated by Flopy version 3.9.5 on 04/25/2026 at 21:23:03.

 OPENED geom_refined.chd
 FILE TYPE:CHD6               UNIT 1013   STATUS:OLD                 
 FORMAT:FORMATTED              ACCESS:SEQUENTIAL          
 ACTION:READ                

 # File generated by Flopy version 3.9.5 on 04/25/2026 at 21:23:03.

 OPENED geom_refined.sfr
 FILE TYPE:SFR6      UNIT 1014   STATUS:OLD                 
 FORMAT:FORMATTED              ACCESS:SEQUENTIAL          
 ACTION:READ                


 OPENED geom_refined.lak
 FILE TYPE:LAK6      UNIT 1015   STATUS:OLD                 
 FORMAT:FORMATTED              ACCESS:SEQUENTIAL          
 ACTION:READ                


 OPENED geom_refined.uzf
 FILE TYPE:UZF6      UNIT 1016   STATUS:OLD                 
 FORMAT:FORMATTED              ACCESS:SEQUENTIAL          
 ACTION:READ                


 READING SIMULATION OPTIONS
    MAXIMUM NUMBER OF ERRORS THAT WILL BE STORED IS 1000
 END OF SIMULATION OPTIONS

 READING SIMULATION TIMING

 TDIS -- TEMPORAL DISCRETIZATION PACKAGE,
 VERSION 1 : 11/13/2014 - INPUT READ FROM MEMPATH: __INPUT__/SIM/TDIS                                
 PROCESSING TDIS OPTIONS
    SIMULATION TIME UNIT IS DAYS
 END OF TDIS OPTIONS
 PROCESSING TDIS DIMENSIONS
    1 STRESS PERIOD(S) IN SIMULATION
 END OF TDIS DIMENSIONS
 PROCESSING TDIS PERIODDATA


 STRESS PERIOD     LENGTH       TIME STEPS     MULTIPLIER FOR DELT
 ----------------------------------------------------------------------------
        1         1.000000          1                    1.000
 END OF TDIS PERIODDATA
 END OF SIMULATION TIMING

 READING SIMULATION MODELS
    GWF6 model 1 will be created
 END OF SIMULATION MODELS

 READING SIMULATION EXCHANGES
 END OF SIMULATION EXCHANGES

 READING SOLUTIONGROUP

 Creating solution: SLN_1           

 OPENED geom_refined.ims
 FILE TYPE:IMS   UNIT 1018   STATUS:OLD                 
 FORMAT:FORMATTED              ACCESS:SEQUENTIAL          
 ACTION:READ                

 END OF SOLUTIONGROUP

PROCESSING MODEL CONNECTIONS

 IMS -- ITERATIVE MODEL SOLUTION PACKAGE, VERSION 6, 4/28/2017
         INPUT READ FROM UNIT 1018
 # File generated by Flopy version 3.9.5 on 04/25/2026 at 21:23:03.

 PROCESSING IMS OPTIONS
 MODERATE OPTION:
 DEFAULT SOLVER INPUT VALUES REFLECT MODERATELY NONLINEAR MODEL

 OPENED ims_outer_convergence.csv
 FILE TYPE:CSV_OUTER_OUTPUT   UNIT 1031   STATUS:REPLACE             
 FORMAT:FORMATTED              ACCESS:SEQUENTIAL          
 ACTION:READWRITE           

    CSV OUTPUT WILL BE SAVED TO FILE: ims_outer_convergence.csv
    OPENED ON UNIT:    1031

 OPENED ims_inner_convergence.csv
 FILE TYPE:CSV_INNER_OUTPUT   UNIT 1032   STATUS:REPLACE             
 FORMAT:FORMATTED              ACCESS:SEQUENTIAL          
 ACTION:READWRITE           

    CSV OUTPUT WILL BE SAVED TO FILE: ims_inner_convergence.csv
    OPENED ON UNIT:    1032
 END OF IMS OPTIONS

 PROCESSING IMS NONLINEAR
 END OF IMS NONLINEAR DATA
 **UNDER-RELAXATION WILL BE USED***
 

 PROCESSING LINEAR DATA
 END OF LINEAR DATA
 ***IMS LINEAR SOLVER WILL BE USED***

 IMSLINEAR -- UNSTRUCTURED LINEAR SOLUTION PACKAGE, VERSION 8, 04/28/2017
 An asymmetric matrix will be solved

 OUTER ITERATION CONVERGENCE CRITERION    (DVCLOSE) =    0.100000E-04
 MAXIMUM NUMBER OF OUTER ITERATIONS        (MXITER) = 800
 SOLVER PRINTOUT INDEX                     (IPRIMS) = 1
 NONLINEAR ITERATION METHOD            (NONLINMETH) = 3
 LINEAR SOLUTION METHOD                   (LINMETH) = 1
 UNDER-RELAXATION WEIGHT REDUCTION FACTOR   (THETA) =    0.700000E+00
 UNDER-RELAXATION WEIGHT INCREASE INCREMENT (KAPPA) =    0.200000E+00
 UNDER-RELAXATION PREVIOUS HISTORY FACTOR   (GAMMA) =    0.000000E+00
 UNDER-RELAXATION MOMENTUM TERM         (AMOMENTUM) =    0.100000E-02
 MAXIMUM NUMBER OF BACKTRACKS            (NUMTRACK) = 50
 BACKTRACKING TOLERANCE FACTOR               (BTOL) =    0.110000E+01
 BACKTRACKING REDUCTION FACTOR             (BREDUC) =    0.200000E+00
 BACKTRACKING RESIDUAL LIMIT              (RES_LIM) =    0.100000E+02

       SOLUTION BY THE BICONJUGATE-GRADIENT STABILIZED METHOD
 ------------------------------------------------------------------
 MAXIMUM OF 800 CALLS OF SOLUTION ROUTINE
 MAXIMUM OF 300 INTERNAL ITERATIONS PER CALL TO SOLUTION ROUTINE
 LINEAR ACCELERATION METHOD            = BCGS      
 MATRIX PRECONDITIONING TYPE           = MOD. INCOMPLETE LUT 
 MATRIX SCALING APPROACH               = L2 NORM SCALING     
 MATRIX REORDERING APPROACH            = RCM ORDERING             
 NUMBER OF ORTHOGONALIZATIONS          = 0
 HEAD CHANGE CRITERION FOR CLOSURE     =    0.10000E-05
 RESIDUAL CHANGE CRITERION FOR CLOSURE =    0.10000E+00
 RESIDUAL CONVERGENCE OPTION           = 0
 RESIDUAL CONVERGENCE NORM             = INFINITY NORM   
 RELAXATION FACTOR                     =    0.97000E+00
 NUMBER OF LEVELS                      =              5
 DROP TOLERANCE                        =               


 
    Solving:  Stress period:     1    Time step:     1
 
1
 STRESS PERIOD NO. 1, LENGTH =   1.000000    
 ------------------------------------------
 NUMBER OF TIME STEPS = 1
 MULTIPLIER FOR DELT =     1.000
 INITIAL TIME STEP SIZE =   1.000000    



 PSEUDO-TRANSIENT CONTINUATION WILL BE APPLIED TO MODEL 1 ("GEOM_REFINED") DURING THIS TIME STEP

 SLN_1 OUTER ITERATION SUMMARY
 ----------------------------------------------------------------------------------------------------------------------------------------------------------------
                                OUTER      INNER  BACKTRACK  BACKTRACK        INCOMING        OUTGOING                    STEP   MAXIMUM CHANGE MODEL-(CELLID) OR
 OUTER ITERATION STEP       ITERATION  ITERATION       FLAG ITERATIONS        RESIDUAL        RESIDUAL  MAXIMUM CHANGE SUCCESS             MODEL-PACKAGE-(NUMBER)
 ----------------------------------------------------------------------------------------------------------------------------------------------------------------
 Backtracking                       1                     0          0       64300.961       64300.961                       *                                   
 Model                              1          2                                                           -0.25859236                              1_GWF-(1,160)
 Backtracking                       2                     0          0       63143.230       63143.230                       *                                   
 Model                              2          2                                                           -0.25717469                              1_GWF-(1,160)
 Backtracking                       3                     0          0       61998.090       61998.090                       *                                   
 Model                              3          2                                                           -0.25573982                              1_GWF-(1,160)
 Backtracking                       4                     0          0       60865.225       60865.225                       *                                   
 Model                              4          2                                                           -0.25423967                              1_GWF-(1,160)
 Backtracking                       5                     0          0       59743.455       59743.455                       *                                   
 Model                              5          2                                                           -0.25268315                              1_GWF-(1,160)
 Backtracking                       6                     0          0       58632.179       58632.179                       *                                   
 Model                              6          2                                                           -0.25108416                              1_GWF-(1,160)
 Backtracking                       7                     0          0       57532.961       57532.961                       *                                   
 Model                              7          2                                                           -0.24944295                              1_GWF-(1,160)
 Backtracking                       8                     0          0       56445.963       56445.963                       *                                   
 Model                              8          2                                                           -0.24775938                              1_GWF-(1,160)
 Backtracking                       9                     0          0       55371.333       55371.333                       *                                   
 Model                              9          2                                                           -0.24603339                              1_GWF-(1,160)
 Backtracking                      10                     0          0       54309.208       54309.208                       *                                   
 Model                             10          2                                                           -0.24426505                              1_GWF-(1,160)
 Backtracking                      11                     0          0       53259.709       53259.709                       *                                   
 Model                             11          2                                                           -0.24364085                                1_GWF-(1,1)
 Backtracking                      12                     0          0       52222.947       52222.947                       *                                   
 Model                             12          2                                                           -0.24373001                                1_GWF-(1,1)
 Backtracking                      13                     0          0       51199.017       51199.017                       *                                   
 Model                             13          2                                                           -0.24379110                                1_GWF-(1,1)
 Backtracking                      14                     0          0       50188.002       50188.002                       *                                   
 Model                             14          2                                                           -0.24382297                                1_GWF-(1,1)
 Backtracking                      15                     0          0       49189.964       49189.964                       *                                   
 Model                             15          2                                                           -0.24382452                                1_GWF-(1,1)
 Backtracking                      16                     0          0       48204.963       48204.963                       *                                   
 Model                             16          2                                                           -0.24454953                                1_GWF-(1,2)
 Backtracking                      17                     0          0       47233.041       47233.041                       *                                   
 Model                             17          2                                                           -0.24622543                                1_GWF-(1,2)
 Backtracking                      18                     0          0       46274.229       46274.229                       *                                   
 Model                             18          2                                                           -0.24787237                                1_GWF-(1,2)
 Backtracking                      19                     0          0       45328.548       45328.548                       *                                   
 Model                             19          2                                                           -0.24948868                                1_GWF-(1,2)
 Backtracking                      20                     0          0       44396.001       44396.001                       *                                   
 Model                             20          2                                                           -0.25107229                                1_GWF-(1,2)
 Backtracking                      21                     0          0       43476.583       43476.583                       *                                   
 Model                             21          2                                                           -0.25262058                                1_GWF-(1,2)
 Backtracking                      22                     0          0       42570.270       42570.270                       *                                   
 Model                             22          2                                                           -0.25413103                                1_GWF-(1,2)
 Backtracking                      23                     0          0       41677.043       41677.043                       *                                   
 Model                             23          2                                                           -0.25560096                                1_GWF-(1,2)
 Backtracking                      24                     0          0       40796.862       40796.862                       *                                   
 Model                             24          2                                                           -0.25702771                                1_GWF-(1,2)
 Backtracking                      25                     0          0       39929.677       39929.677                       *                                   
 Model                             25          2                                                           -0.25840862                                1_GWF-(1,2)
 Backtracking                      26                     0          0       39075.429       39075.429                       *                                   
 Model                             26          2                                                           -0.25974096                                1_GWF-(1,2)
 Backtracking                      27                     0          0       38234.040       38234.040                       *                                   
 Model                             27          2                                                           -0.26102208                                1_GWF-(1,2)
 Backtracking                      28                     0          0       37405.446       37405.446                       *                                   
 Model                             28          2                                                           -0.26224913                                1_GWF-(1,2)
 Backtracking                      29                     0          0       36589.547       36589.547                       *                                   
 Model                             29          2                                                           -0.26341943                                1_GWF-(1,2)
 Backtracking                      30                     0          0       35786.266       35786.266                       *                                   
 Model                             30          2                                                           -0.26453007                                1_GWF-(1,2)
 Backtracking                      31                     0          0       34995.513       34995.513                       *                                   
 Model                             31          2                                                           -0.26557818                                1_GWF-(1,2)
 Backtracking                      32                     0          0       34217.191       34217.191                       *                                   
 Model                             32          2                                                           -0.26656086                                1_GWF-(1,2)
 Backtracking                      33                     0          0       33451.173       33451.173                       *                                   
 Model                             33          2                                                           -0.26747538                                1_GWF-(1,2)
 Backtracking                      34                     0          0       32697.361       32697.361                       *                                   
 Model                             34          2                                                           -0.26831875                                1_GWF-(1,2)
 Backtracking                      35                     0          0       31955.649       31955.649                       *                                   
 Model                             35          2                                                           -0.26908797                                1_GWF-(1,2)
 Backtracking                      36                     0          0       31225.926       31225.926                       *                                   
 Model                             36          2                                                           -0.26978006                                1_GWF-(1,2)
 Backtracking                      37                     0          0       30508.076       30508.076                       *                                   
 Model                             37          2                                                           -0.27039200                                1_GWF-(1,2)
 Backtracking                      38                     0          0       29801.982       29801.982                       *                                   
 Model                             38          2                                                           -0.27092078                                1_GWF-(1,2)
 Backtracking                      39                     0          0       29107.522       29107.522                       *                                   
 Model                             39          2                                                           -0.27136337                                1_GWF-(1,2)
 Backtracking                      40                     0          0       28424.576       28424.576                       *                                   
 Model                             40          2                                                           -0.27171674                                1_GWF-(1,2)
 Backtracking                      41                     0          0       27753.029       27753.029                       *                                   
 Model                             41          2                                                           -0.27197771                                1_GWF-(1,2)
 Backtracking                      42                     0          0       27092.768       27092.768                       *                                   
 Model                             42          2                                                           -0.27214315                                1_GWF-(1,2)
 Backtracking                      43                     0          0       26443.675       26443.675                       *                                   
 Model                             43          2                                                           -0.27220988                                1_GWF-(1,2)
 Backtracking                      44                     0          0       25805.627       25805.627                       *                                   
 Model                             44          2                                                           -0.27217480                                1_GWF-(1,2)
 Backtracking                      45                     0          0       25178.510       25178.510                       *                                   
 Model                             45          2                                                           -0.27203474                                1_GWF-(1,2)
 Backtracking                      46                     0          0       24562.216       24562.216                       *                                   
 Model                             46          2                                                           -0.27178642                                1_GWF-(1,2)
 Backtracking                      47                     0          0       23956.634       23956.634                       *                                   
 Model                             47          2                                                           -0.27142659                                1_GWF-(1,2)
 Backtracking                      48                     0          0       23361.659       23361.659                       *                                   
 Model                             48          2                                                           -0.27095198                                1_GWF-(1,2)
 Backtracking                      49                     0          0       22777.185       22777.185                       *                                   
 Model                             49          2                                                           -0.27035934                                1_GWF-(1,2)
 Backtracking                      50                     0          0       22203.110       22203.110                       *                                   
 Model                             50          2                                                           -0.26964536                                1_GWF-(1,2)
 Backtracking                      51                     0          0       21639.331       21639.331                       *                                   
 Model                             51          2                                                           -0.26880682                                1_GWF-(1,2)
 Backtracking                      52                     0          0       21085.741       21085.741                       *                                   
 Model                             52          2                                                           -0.26784058                                1_GWF-(1,2)
 Backtracking                      53                     0          0       20542.258       20542.258                       *                                   
 Model                             53          2                                                           -0.26674322                                1_GWF-(1,2)
 Backtracking                      54                     0          0       20008.795       20008.795                       *                                   
 Model                             54          3                                                           -0.26551150                                1_GWF-(1,2)
 Backtracking                      55                     0          0       19485.263       19485.263                       *                                   
 Model                             55          3                                                           -0.26414221                                1_GWF-(1,2)
 Backtracking                      56                     0          0       18971.579       18971.579                       *                                   
 Model                             56          3                                                           -0.26263220                                1_GWF-(1,2)
 Backtracking                      57                     0          0       18467.661       18467.661                       *                                   
 Model                             57          3                                                           -0.26097840                                1_GWF-(1,2)
 Backtracking                      58                     0          0       17973.436       17973.436                       *                                   
 Model                             58          3                                                           -0.25917773                                1_GWF-(1,2)
 Backtracking                      59                     0          0       17488.830       17488.830                       *                                   
 Model                             59          3                                                           -0.25722726                                1_GWF-(1,2)
 Backtracking                      60                     0          0       17013.773       17013.773                       *                                   
 Model                             60          3                                                           -0.25512416                                1_GWF-(1,2)
 Backtracking                      61                     0          0       16548.201       16548.201                       *                                   
 Model                             61          3                                                           -0.25286575                                1_GWF-(1,2)
 Backtracking                      62                     0          0       16092.049       16092.049                       *                                   
 Model                             62          3                                                           -0.25044952                                1_GWF-(1,2)
 Backtracking                      63                     0          0       15645.257       15645.257                       *                                   
 Model                             63          3                                                           -0.24787314                                1_GWF-(1,2)
 Backtracking                      64                     0          0       15207.767       15207.767                       *                                   
 Model                             64          3                                                           -0.24513451                                1_GWF-(1,2)
 Backtracking                      65                     0          0       14779.523       14779.523                       *                                   
 Model                             65          3                                                           -0.24223180                                1_GWF-(1,2)
 Backtracking                      66                     0          0       14360.470       14360.470                       *                                   
 Model                             66          3                                                           -0.23916356                                1_GWF-(1,2)
 Backtracking                      67                     0          0       13950.553       13950.553                       *                                   
 Model                             67          3                                                           -0.23592864                                1_GWF-(1,2)
 Backtracking                      68                     0          0       13549.724       13549.724                       *                                   
 Model                             68          3                                                           -0.23252624                                1_GWF-(1,2)
 Backtracking                      69                     0          0       13157.930       13157.930                       *                                   
 Model                             69          3                                                           -0.22895611                                1_GWF-(1,2)
 Backtracking                      70                     0          0       12775.123       12775.123                       *                                   
 Model                             70          3                                                           -0.22521837                                1_GWF-(1,2)
 Backtracking                      71                     0          0       12401.255       12401.255                       *                                   
 Model                             71          3                                                           -0.22131379                                1_GWF-(1,2)
 Backtracking                      72                     0          0       12036.272       12036.272                       *                                   
 Model                             72          3                                                           -0.21724378                                1_GWF-(1,2)
 Backtracking                      73                     0          0       11680.124       11680.124                       *                                   
 Model                             73          3                                                           -0.21301035                                1_GWF-(1,2)
 Backtracking                      74                     0          0       11332.752       11332.752                       *                                   
 Model                             74          3                                                           -0.20861636                                1_GWF-(1,2)
 Backtracking                      75                     0          0       10994.100       10994.100                       *                                   
 Model                             75          3                                                           -0.20406539                                1_GWF-(1,2)
 Backtracking                      76                     0          0       10664.115       10664.115                       *                                   
 Model                             76          3                                                           -0.19936176                                1_GWF-(1,2)
 Backtracking                      77                     0          0       10342.732       10342.732                       *                                   
 Model                             77          3                                                           -0.19451082                                1_GWF-(1,2)
 Backtracking                      78                     0          0       10029.886       10029.886                       *                                   
 Model                             78          3                                                           -0.18951881                                1_GWF-(1,2)
 Backtracking                      79                     0          0       9725.5025       9725.5025                       *                                   
 Model                             79          3                                                           -0.18696251                             1_GWF-(1,1555)
 Backtracking                      80                     0          0       9429.5031       9429.5031                       *                                   
 Model                             80          3                                                           -0.18638597                             1_GWF-(1,1555)
 Backtracking                      81                     0          0       9141.8076       9141.8076                       *                                   
 Model                             81          3                                                           -0.18567630                             1_GWF-(1,1555)
 Backtracking                      82                     0          0       8862.3283       8862.3283                       *                                   
 Model                             82          3                                                           -0.18483281                             1_GWF-(1,1555)
 Backtracking                      83                     0          0       8590.9687       8590.9687                       *                                   
 Model                             83          3                                                           -0.18385528                             1_GWF-(1,1555)
 Backtracking                      84                     0          0       8327.6240       8327.6240                       *                                   
 Model                             84          3                                                           -0.18274398                             1_GWF-(1,1555)
 Backtracking                      85                     0          0       8072.1877       8072.1877                       *                                   
 Model                             85          3                                                           -0.18149962                             1_GWF-(1,1555)
 Backtracking                      86                     0          0       7824.5435       7824.5435                       *                                   
 Model                             86          3                                                           -0.18012348                             1_GWF-(1,1555)
 Backtracking                      87                     0          0       7584.5677       7584.5677                       *                                   
 Model                             87          3                                                           -0.17861745                             1_GWF-(1,1555)
 Backtracking                      88                     0          0       7352.1266       7352.1266                       *                                   
 Model                             88          3                                                           -0.17698404                             1_GWF-(1,1555)
 Backtracking                      89                     0          0       7127.0847       7127.0847                       *                                   
 Model                             89          3                                                           -0.17522627                             1_GWF-(1,1555)
 Backtracking                      90                     0          0       6909.2970       6909.2970                       *                                   
 Model                             90          3                                                           -0.17334780                             1_GWF-(1,1555)
 Backtracking                      91                     0          0       6698.6121       6698.6121                       *                                   
 Model                             91          3                                                           -0.17135290                             1_GWF-(1,1555)
 Backtracking                      92                     0          0       6494.8738       6494.8738                       *                                   
 Model                             92          3                                                           -0.16924640                             1_GWF-(1,1555)
 Backtracking                      93                     0          0       6297.9243       6297.9243                       *                                   
 Model                             93          3                                                           -0.16703356                             1_GWF-(1,1555)
 Backtracking                      94                     0          0       6107.5959       6107.5959                       *                                   
 Model                             94          3                                                           -0.16472028                             1_GWF-(1,1555)
 Backtracking                      95                     0          0       5923.7203       5923.7203                       *                                   
 Model                             95          3                                                           -0.16231287                             1_GWF-(1,1555)
 Backtracking                      96                     0          0       5746.1297       5746.1297                       *                                   
 Model                             96          3                                                           -0.15981792                             1_GWF-(1,1555)
 Backtracking                      97                     0          0       5574.6525       5574.6525                       *                                   
 Model                             97          3                                                           -0.15724241                             1_GWF-(1,1555)
 Backtracking                      98                     0          0       5409.1168       5409.1168                       *                                   
 Model                             98          3                                                           -0.15459359                             1_GWF-(1,1555)
 Backtracking                      99                     0          0       5249.3505       5249.3505                       *                                   
 Model                             99          3                                                           -0.15187888                             1_GWF-(1,1555)
 Backtracking                     100                     0          0       5095.1814       5095.1814                       *                                   
 Model                            100          3                                                           -0.14910587                             1_GWF-(1,1555)
 Backtracking                     101                     0          0       4946.4401       4946.4401                       *                                   
 Model                            101          3                                                           -0.14743910                             1_GWF-(1,1373)
 Backtracking                     102                     0          0       4802.9578       4802.9578                       *                                   
 Model                            102          3                                                           -0.14613349                             1_GWF-(1,1373)
 Backtracking                     103                     0          0       4664.5716       4664.5716                       *                                   
 Model                            103          3                                                           -0.14472916                             1_GWF-(1,1373)
 Backtracking                     104                     0          0       4531.1204       4531.1204                       *                                   
 Model                            104          3                                                           -0.14323097                             1_GWF-(1,1373)
 Backtracking                     105                     0          0       4402.4471       4402.4471                       *                                   
 Model                            105          3                                                           -0.14164389                             1_GWF-(1,1373)
 Backtracking                     106                     0          0       4278.3998       4278.3998                       *                                   
 Model                            106          3                                                           -0.13997302                             1_GWF-(1,1373)
 Backtracking                     107                     0          0       4158.8308       4158.8308                       *                                   
 Model                            107          3                                                           -0.13822355                             1_GWF-(1,1373)
 Backtracking                     108                     0          0       4043.5969       4043.5969                       *                                   
 Model                            108          3                                                           -0.13640076                             1_GWF-(1,1373)
 Backtracking                     109                     0          0       3932.5593       3932.5593                       *                                   
 Model                            109          3                                                           -0.13450997                             1_GWF-(1,1373)
 Backtracking                     110                     0          0       3825.5841       3825.5841                       *                                   
 Model                            110          3                                                           -0.13255654                             1_GWF-(1,1373)
 Backtracking                     111                     0          0       3722.5419       3722.5419                       *                                   
 Model                            111          3                                                           -0.13054583                             1_GWF-(1,1373)
 Backtracking                     112                     0          0       3623.3072       3623.3072                       *                                   
 Model                            112          4                                                           -0.12848322                             1_GWF-(1,1373)
 Backtracking                     113                     0          0       3527.7595       3527.7595                       *                                   
 Model                            113          4                                                           -0.12637405                             1_GWF-(1,1373)
 Backtracking                     114                     0          0       3435.7829       3435.7829                       *                                   
 Model                            114          3                                                           -0.12422362                             1_GWF-(1,1373)
 Backtracking                     115                     0          0       3347.2647       3347.2647                       *                                   
 Model                            115          4                                                           -0.12203719                             1_GWF-(1,1373)
 Backtracking                     116                     0          0       3262.0959       3262.0959                       *                                   
 Model                            116          3                                                           -0.11981998                             1_GWF-(1,1373)
 Backtracking                     117                     0          0       3180.1705       3180.1705                       *                                   
 Model                            117          3                                                           -0.11815524                              1_GWF-(1,992)
 Backtracking                     118                     0          0       3101.3870       3101.3870                       *                                   
 Model                            118          3                                                           -0.11689439                              1_GWF-(1,992)
 Backtracking                     119                     0          0       3025.6463       3025.6463                       *                                   
 Model                            119          3                                                           -0.11578901                              1_GWF-(1,936)
 Backtracking                     120                     0          0       2952.8517       2952.8517                       *                                   
 Model                            120          3                                                           -0.11496060                              1_GWF-(1,936)
 Backtracking                     121                     0          0       2882.9089       2882.9089                       *                                   
 Model                            121          4                                                           -0.11409015                              1_GWF-(1,936)
 Backtracking                     122                     0          0       2815.7253       2815.7253                       *                                   
 Model                            122          4                                                           -0.11318055                              1_GWF-(1,936)
 Backtracking                     123                     0          0       2751.2113       2751.2113                       *                                   
 Model                            123          4                                                           -0.11223459                              1_GWF-(1,936)
 Backtracking                     124                     0          0       2689.2785       2689.2785                       *                                   
 Model                            124          3                                                           -0.11125504                              1_GWF-(1,936)
 Backtracking                     125                     0          0       2629.8401       2629.8401                       *                                   
 Model                            125          3                                                           -0.11024461                              1_GWF-(1,936)
 Backtracking                     126                     0          0       2572.8115       2572.8115                       *                                   
 Model                            126          3                                                           -0.10920595                              1_GWF-(1,936)
 Backtracking                     127                     0          0       2518.1094       2518.1094                       *                                   
 Model                            127          3                                                           -0.10814166                              1_GWF-(1,936)
 Backtracking                     128                     0          0       2465.6512       2465.6512                       *                                   
 Model                            128          3                                                           -0.10705429                              1_GWF-(1,936)
 Backtracking                     129                     0          0       2415.3549       2415.3549                       *                                   
 Model                            129          3                                                           -0.10602623                              1_GWF-(1,952)
 Backtracking                     130                     0          0       2367.1418       2367.1418                       *                                   
 Model                            130          3                                                           -0.10519473                              1_GWF-(1,952)
 Backtracking                     131                     0          0       2320.9339       2320.9339                       *                                   
 Model                            131          3                                                           -0.10433615                              1_GWF-(1,952)
 Backtracking                     132                     0          0       2276.6537       2276.6537                       *                                   
 Model                            132          3                                                           -0.10345284                              1_GWF-(1,952)
 Backtracking                     133                     0          0       2234.2254       2234.2254                       *                                   
 Model                            133          3                                                           -0.10254713                              1_GWF-(1,952)
 Backtracking                     134                     0          0       2193.5746       2193.5746                       *                                   
 Model                            134          3                                                           -0.10162126                              1_GWF-(1,952)
 Backtracking                     135                     0          0       2154.6278       2154.6278                       *                                   
 Model                            135          3                                                           -0.10067746                              1_GWF-(1,952)
 Backtracking                     136                     0          0       2117.3129       2117.3129                       *                                   
 Model                            136          3                                                       -9.97179261E-02                              1_GWF-(1,952)
 Backtracking                     137                     0          0       2081.5597       2081.5597                       *                                   
 Model                            137          3                                                       -9.87447549E-02                              1_GWF-(1,952)
 Backtracking                     138                     0          0       2047.2992       2047.2992                       *                                   
 Model                            138          3                                                       -9.78936953E-02                              1_GWF-(1,868)
 Backtracking                     139                     0          0       2014.4640       2014.4640                       *                                   
 Model                            139          3                                                       -9.70931013E-02                              1_GWF-(1,868)
 Backtracking                     140                     0          0       1982.9883       1982.9883                       *                                   
 Model                            140          3                                                       -9.62697747E-02                              1_GWF-(1,868)
 Backtracking                     141                     0          0       1952.8082       1952.8082                       *                                   
 Model                            141          3                                                       -9.55315732E-02                              1_GWF-(1,880)
 Backtracking                     142                     0          0       1923.8615       1923.8615                       *                                   
 Model                            142          3                                                       -9.49115353E-02                              1_GWF-(1,880)
 Backtracking                     143                     0          0       1896.0874       1896.0874                       *                                   
 Model                            143          3                                                       -9.42649540E-02                              1_GWF-(1,880)
 Backtracking                     144                     0          0       1869.4280       1869.4280                       *                                   
 Model                            144          3                                                       -9.36592910E-02                              1_GWF-(1,759)
 Backtracking                     145                     0          0       1843.8270       1843.8270                       *                                   
 Model                            145          3                                                       -9.30319762E-02                              1_GWF-(1,759)
 Backtracking                     146                     0          0       1819.2299       1819.2299                       *                                   
 Model                            146          3                                                       -9.23846889E-02                              1_GWF-(1,759)
 Backtracking                     147                     0          0       1795.5844       1795.5844                       *                                   
 Model                            147          3                                                       -9.17197968E-02                              1_GWF-(1,759)
 Backtracking                     148                     0          0       1772.8403       1772.8403                       *                                   
 Model                            148          3                                                       -9.10395704E-02                              1_GWF-(1,759)
 Backtracking                     149                     0          0       1750.9493       1750.9493                       *                                   
 Model                            149          3                                                       -9.04329190E-02                              1_GWF-(1,809)
 Backtracking                     150                     0          0       1729.8652       1729.8652                       *                                   
 Model                            150          3                                                       -8.98879835E-02                              1_GWF-(1,809)
 Backtracking                     151                     0          0       1709.5437       1709.5437                       *                                   
 Model                            151          3                                                       -8.93250020E-02                              1_GWF-(1,809)
 Backtracking                     152                     0          0       1689.9433       1689.9433                       *                                   
 Model                            152          4                                                       -8.87463595E-02                              1_GWF-(1,809)
 Backtracking                     153                     0          0       1671.0237       1671.0237                       *                                   
 Model                            153          4                                                       -8.81543423E-02                              1_GWF-(1,809)
 Backtracking                     154                     0          0       1652.7469       1652.7469                       *                                   
 Model                            154          4                                                       -8.75510971E-02                              1_GWF-(1,809)
 Backtracking                     155                     0          0       1635.0770       1635.0770                       *                                   
 Model                            155          4                                                       -8.69386328E-02                              1_GWF-(1,809)
 Backtracking                     156                     0          0       1617.9800       1617.9800                       *                                   
 Model                            156          4                                                       -8.63188315E-02                              1_GWF-(1,809)
 Backtracking                     157                     0          0       1601.4232       1601.4232                       *                                   
 Model                            157          4                                                       -8.56934533E-02                              1_GWF-(1,809)
 Backtracking                     158                     0          0       1585.3763       1585.3763                       *                                   
 Model                            158          4                                                       -8.50641259E-02                              1_GWF-(1,809)
 Backtracking                     159                     0          0       1569.8101       1569.8101                       *                                   
 Model                            159          4                                                       -8.44323548E-02                              1_GWF-(1,809)
 Backtracking                     160                     0          0       1554.6976       1554.6976                       *                                   
 Model                            160          4                                                       -8.37995215E-02                              1_GWF-(1,809)
 Backtracking                     161                     0          0       1540.0131       1540.0131                       *                                   
 Model                            161          4                                                       -8.32267136E-02                              1_GWF-(1,119)
 Backtracking                     162                     0          0       1525.7323       1525.7323                       *                                   
 Model                            162          4                                                       -8.27765416E-02                              1_GWF-(1,119)
 Backtracking                     163                     0          0       1511.8325       1511.8325                       *                                   
 Model                            163          4                                                       -8.23195496E-02                              1_GWF-(1,119)
 Backtracking                     164                     0          0       1498.2924       1498.2924                       *                                   
 Model                            164          4                                                       -8.18570645E-02                              1_GWF-(1,119)
 Backtracking                     165                     0          0       1485.0916       1485.0916                       *                                   
 Model                            165          4                                                       -8.13903193E-02                              1_GWF-(1,119)
 Backtracking                     166                     0          0       1472.2111       1472.2111                       *                                   
 Model                            166          4                                                       -8.09204485E-02                              1_GWF-(1,119)
 Backtracking                     167                     0          0       1459.6334       1459.6334                       *                                   
 Model                            167          4                                                       -8.04484732E-02                              1_GWF-(1,119)
 Backtracking                     168                     0          0       1447.3419       1447.3419                       *                                   
 Model                            168          4                                                       -7.99753396E-02                              1_GWF-(1,119)
 Backtracking                     169                     0          0       1435.3210       1435.3210                       *                                   
 Model                            169          4                                                       -7.95019151E-02                              1_GWF-(1,119)
 Backtracking                     170                     0          0       1423.5560       1423.5560                       *                                   
 Model                            170          4                                                       -7.90289903E-02                              1_GWF-(1,119)
 Backtracking                     171                     0          0       1412.0331       1412.0331                       *                                   
 Model                            171          4                                                       -7.85572814E-02                              1_GWF-(1,119)
 Backtracking                     172                     0          0       1400.7397       1400.7397                       *                                   
 Model                            172          4                                                       -7.80874288E-02                              1_GWF-(1,119)
 Backtracking                     173                     0          0       1389.6635       1389.6635                       *                                   
 Model                            173          4                                                       -7.76386969E-02                              1_GWF-(1,120)
 Backtracking                     174                     0          0       1378.7933       1378.7933                       *                                   
 Model                            174          4                                                       -7.72029489E-02                              1_GWF-(1,120)
 Backtracking                     175                     0          0       1368.1187       1368.1187                       *                                   
 Model                            175          4                                                       -7.67700473E-02                              1_GWF-(1,120)
 Backtracking                     176                     0          0       1357.6297       1357.6297                       *                                   
 Model                            176          4                                                       -7.63404142E-02                              1_GWF-(1,120)
 Backtracking                     177                     0          0       1347.3170       1347.3170                       *                                   
 Model                            177          4                                                       -7.59144212E-02                              1_GWF-(1,120)
 Backtracking                     178                     0          0       1337.1720       1337.1720                       *                                   
 Model                            178          4                                                       -7.54923993E-02                              1_GWF-(1,120)
 Backtracking                     179                     0          0       1327.1866       1327.1866                       *                                   
 Model                            179          4                                                       -7.51204330E-02                              1_GWF-(1,807)
 Backtracking                     180                     0          0       1317.3530       1317.3530                       *                                   
 Model                            180          4                                                       -7.48205025E-02                              1_GWF-(1,807)
 Backtracking                     181                     0          0       1307.6642       1307.6642                       *                                   
 Model                            181          4                                                       -7.45206204E-02                              1_GWF-(1,807)
 Backtracking                     182                     0          0       1298.1134       1298.1134                       *                                   
 Model                            182          4                                                       -7.42211601E-02                              1_GWF-(1,807)
 Backtracking                     183                     0          0       1288.6944       1288.6944                       *                                   
 Model                            183          4                                                       -7.39224557E-02                              1_GWF-(1,807)
 Backtracking                     184                     0          0       1279.4013       1279.4013                       *                                   
 Model                            184          4                                                       -7.36248092E-02                              1_GWF-(1,807)
 Backtracking                     185                     0          0       1270.2288       1270.2288                       *                                   
 Model                            185          4                                                       -7.33299087E-02                              1_GWF-(1,758)
 Backtracking                     186                     0          0       1261.1715       1261.1715                       *                                   
 Model                            186          4                                                       -7.30612925E-02                              1_GWF-(1,758)
 Backtracking                     187                     0          0       1252.2247       1252.2247                       *                                   
 Model                            187          4                                                       -7.27930755E-02                              1_GWF-(1,758)
 Backtracking                     188                     0          0       1243.3838       1243.3838                       *                                   
 Model                            188          4                                                       -7.25255390E-02                              1_GWF-(1,758)
 Backtracking                     189                     0          0       1234.6447       1234.6447                       *                                   
 Model                            189          4                                                       -7.22976163E-02                              1_GWF-(1,847)
 Backtracking                     190                     0          0       1226.0032       1226.0032                       *                                   
 Model                            190          4                                                       -7.21076554E-02                              1_GWF-(1,847)
 Backtracking                     191                     0          0       1217.4556       1217.4556                       *                                   
 Model                            191          4                                                       -7.19163192E-02                              1_GWF-(1,847)
 Backtracking                     192                     0          0       1208.9986       1208.9986                       *                                   
 Model                            192          4                                                       -7.17238840E-02                              1_GWF-(1,847)
 Backtracking                     193                     0          0       1200.6286       1200.6286                       *                                   
 Model                            193          4                                                       -7.15306053E-02                              1_GWF-(1,847)
 Backtracking                     194                     0          0       1192.3428       1192.3428                       *                                   
 Model                            194          4                                                       -7.13367150E-02                              1_GWF-(1,847)
 Backtracking                     195                     0          0       1184.1381       1184.1381                       *                                   
 Model                            195          4                                                       -7.11424288E-02                              1_GWF-(1,847)
 Backtracking                     196                     0          0       1176.0118       1176.0118                       *                                   
 Model                            196          4                                                       -7.10919688E-02                              1_GWF-(1,703)
 Backtracking                     197                     0          0       1167.9614       1167.9614                       *                                   
 Model                            197          4                                                       -7.11160714E-02                              1_GWF-(1,703)
 Backtracking                     198                     0          0       1159.9844       1159.9844                       *                                   
 Model                            198          4                                                       -7.11326814E-02                              1_GWF-(1,703)
 Backtracking                     199                     0          0       1152.0785       1152.0785                       *                                   
 Model                            199          4                                                       -7.11421747E-02                              1_GWF-(1,703)
 Backtracking                     200                     0          0       1144.2416       1144.2416                       *                                   
 Model                            200          4                                                       -7.11449040E-02                              1_GWF-(1,703)
 Backtracking                     201                     0          0       1136.4718       1136.4718                       *                                   
 Model                            201          4                                                       -7.11412065E-02                              1_GWF-(1,703)
 Backtracking                     202                     0          0       1128.7669       1128.7669                       *                                   
 Model                            202          4                                                       -7.11419825E-02                              1_GWF-(1,227)
 Backtracking                     203                     0          0       1121.1254       1121.1254                       *                                   
 Model                            203          4                                                       -7.11403135E-02                              1_GWF-(1,227)
 Backtracking                     204                     0          0       1113.5455       1113.5455                       *                                   
 Model                            204          4                                                       -7.11327421E-02                              1_GWF-(1,227)
 Backtracking                     205                     0          0       1106.0256       1106.0256                       *                                   
 Model                            205          4                                                       -7.11195401E-02                              1_GWF-(1,227)
 Backtracking                     206                     0          0       1098.5643       1098.5643                       *                                   
 Model                            206          4                                                       -7.11009627E-02                              1_GWF-(1,227)
 Backtracking                     207                     0          0       1091.1601       1091.1601                       *                                   
 Model                            207          4                                                       -7.10772551E-02                              1_GWF-(1,227)
 Backtracking                     208                     0          0       1083.8116       1083.8116                       *                                   
 Model                            208          4                                                       -7.10486484E-02                              1_GWF-(1,227)
 Backtracking                     209                     0          0       1076.5176       1076.5176                       *                                   
 Model                            209          4                                                       -7.10153654E-02                              1_GWF-(1,227)
 Backtracking                     210                     0          0       1069.2769       1069.2769                       *                                   
 Model                            210          4                                                       -7.09776129E-02                              1_GWF-(1,227)
 Backtracking                     211                     0          0       1062.0883       1062.0883                       *                                   
 Model                            211          4                                                       -7.09355912E-02                              1_GWF-(1,227)
 Backtracking                     212                     0          0       1054.9509       1054.9509                       *                                   
 Model                            212          4                                                       -7.08928636E-02                              1_GWF-(1,653)
 Backtracking                     213                     0          0       1047.8635       1047.8635                       *                                   
 Model                            213          4                                                       -7.08549124E-02                              1_GWF-(1,653)
 Backtracking                     214                     0          0       1040.8252       1040.8252                       *                                   
 Model                            214          4                                                       -7.08128756E-02                              1_GWF-(1,653)
 Backtracking                     215                     0          0       1033.8352       1033.8352                       *                                   
 Model                            215          4                                                       -7.07669234E-02                              1_GWF-(1,653)
 Backtracking                     216                     0          0       1026.8924       1026.8924                       *                                   
 Model                            216          4                                                       -7.07172188E-02                              1_GWF-(1,653)
 Backtracking                     217                     0          0       1019.9962       1019.9962                       *                                   
 Model                            217          4                                                       -7.06639154E-02                              1_GWF-(1,653)
 Backtracking                     218                     0          0       1013.1458       1013.1458                       *                                   
 Model                            218          4                                                       -7.06071606E-02                              1_GWF-(1,653)
 Backtracking                     219                     0          0       1006.3403       1006.3403                       *                                   
 Model                            219          4                                                       -7.05470949E-02                              1_GWF-(1,653)
 Backtracking                     220                     0          0       999.57907       999.57907                       *                                   
 Model                            220          4                                                       -7.04838517E-02                              1_GWF-(1,653)
 Backtracking                     221                     0          0       992.86144       992.86144                       *                                   
 Model                            221          4                                                       -7.04175591E-02                              1_GWF-(1,653)
 Backtracking                     222                     0          0       986.18666       986.18666                       *                                   
 Model                            222          4                                                       -7.03483447E-02                              1_GWF-(1,653)
 Backtracking                     223                     0          0       979.55413       979.55413                       *                                   
 Model                            223          4                                                       -7.02763234E-02                              1_GWF-(1,653)
 Backtracking                     224                     0          0       972.96332       972.96332                       *                                   
 Model                            224          4                                                       -7.02016011E-02                              1_GWF-(1,653)
 Backtracking                     225                     0          0       966.41363       966.41363                       *                                   
 Model                            225          4                                                       -7.01242846E-02                              1_GWF-(1,653)
 Backtracking                     226                     0          0       959.90454       959.90454                       *                                   
 Model                            226          4                                                       -7.00444745E-02                              1_GWF-(1,653)
 Backtracking                     227                     0          0       953.43556       953.43556                       *                                   
 Model                            227          4                                                       -6.99622626E-02                              1_GWF-(1,653)
 Backtracking                     228                     0          0       947.00622       947.00622                       *                                   
 Model                            228          4                                                       -6.98777401E-02                              1_GWF-(1,653)
 Backtracking                     229                     0          0       940.61601       940.61601                       *                                   
 Model                            229          4                                                       -6.97909961E-02                              1_GWF-(1,653)
 Backtracking                     230                     0          0       934.26446       934.26446                       *                                   
 Model                            230          4                                                       -6.97021147E-02                              1_GWF-(1,653)
 Backtracking                     231                     0          0       927.95117       927.95117                       *                                   
 Model                            231          4                                                       -6.96111726E-02                              1_GWF-(1,653)
 Backtracking                     232                     0          0       921.67564       921.67564                       *                                   
 Model                            232          4                                                       -6.95182509E-02                              1_GWF-(1,653)
 Backtracking                     233                     0          0       915.43755       915.43755                       *                                   
 Model                            233          4                                                       -6.94234159E-02                              1_GWF-(1,653)
 Backtracking                     234                     0          0       909.23650       909.23650                       *                                   
 Model                            234          4                                                       -6.93267385E-02                              1_GWF-(1,653)
 Backtracking                     235                     0          0       903.07211       903.07211                       *                                   
 Model                            235          4                                                       -6.92282834E-02                              1_GWF-(1,653)
 Backtracking                     236                     0          0       896.94403       896.94403                       *                                   
 Model                            236          4                                                       -6.91281137E-02                              1_GWF-(1,653)
 Backtracking                     237                     0          0       890.85190       890.85190                       *                                   
 Model                            237          4                                                       -6.90262904E-02                              1_GWF-(1,653)
 Backtracking                     238                     0          0       884.79538       884.79538                       *                                   
 Model                            238          4                                                       -6.89228710E-02                              1_GWF-(1,653)
 Backtracking                     239                     0          0       878.77410       878.77410                       *                                   
 Model                            239          4                                                       -6.88179142E-02                              1_GWF-(1,653)
 Backtracking                     240                     0          0       872.78760       872.78760                       *                                   
 Model                            240          4                                                       -6.87114824E-02                              1_GWF-(1,653)
 Backtracking                     241                     0          0       866.83572       866.83572                       *                                   
 Model                            241          4                                                       -6.86036151E-02                              1_GWF-(1,653)
 Backtracking                     242                     0          0       860.91816       860.91816                       *                                   
 Model                            242          4                                                       -6.84943578E-02                              1_GWF-(1,653)
 Backtracking                     243                     0          0       855.03468       855.03468                       *                                   
 Model                            243          4                                                       -6.83837558E-02                              1_GWF-(1,653)
 Backtracking                     244                     0          0       849.18496       849.18496                       *                                   
 Model                            244          4                                                       -6.82718554E-02                              1_GWF-(1,653)
 Backtracking                     245                     0          0       843.36875       843.36875                       *                                   
 Model                            245          4                                                       -6.81586985E-02                              1_GWF-(1,653)
 Backtracking                     246                     0          0       837.58578       837.58578                       *                                   
 Model                            246          4                                                       -6.80443268E-02                              1_GWF-(1,653)
 Backtracking                     247                     0          0       831.83578       831.83578                       *                                   
 Model                            247          4                                                       -6.79287798E-02                              1_GWF-(1,653)
 Backtracking                     248                     0          0       826.11851       826.11851                       *                                   
 Model                            248          4                                                       -6.78120958E-02                              1_GWF-(1,653)
 Backtracking                     249                     0          0       820.43370       820.43370                       *                                   
 Model                            249          4                                                       -6.76943116E-02                              1_GWF-(1,653)
 Backtracking                     250                     0          0       814.78110       814.78110                       *                                   
 Model                            250          4                                                       -6.75754632E-02                              1_GWF-(1,653)
 Backtracking                     251                     0          0       809.16049       809.16049                       *                                   
 Model                            251          4                                                       -6.74555836E-02                              1_GWF-(1,653)
 Backtracking                     252                     0          0       803.57162       803.57162                       *                                   
 Model                            252          4                                                       -6.73347058E-02                              1_GWF-(1,653)
 Backtracking                     253                     0          0       798.01424       798.01424                       *                                   
 Model                            253          4                                                       -6.72128617E-02                              1_GWF-(1,653)
 Backtracking                     254                     0          0       792.48809       792.48809                       *                                   
 Model                            254          4                                                       -6.70900831E-02                              1_GWF-(1,653)
 Backtracking                     255                     0          0       786.99299       786.99299                       *                                   
 Model                            255          4                                                       -6.69663961E-02                              1_GWF-(1,653)
 Backtracking                     256                     0          0       781.52875       781.52875                       *                                   
 Model                            256          4                                                       -6.68418273E-02                              1_GWF-(1,653)
 Backtracking                     257                     0          0       776.09517       776.09517                       *                                   
 Model                            257          4                                                       -6.67164041E-02                              1_GWF-(1,653)
 Backtracking                     258                     0          0       770.69203       770.69203                       *                                   
 Model                            258          4                                                       -6.65901525E-02                              1_GWF-(1,653)
 Backtracking                     259                     0          0       765.31911       765.31911                       *                                   
 Model                            259          4                                                       -6.64630856E-02                              1_GWF-(1,653)
 Backtracking                     260                     0          0       759.97622       759.97622                       *                                   
 Model                            260          4                                                       -6.63352451E-02                              1_GWF-(1,653)
 Backtracking                     261                     0          0       754.66315       754.66315                       *                                   
 Model                            261          4                                                       -6.62066540E-02                              1_GWF-(1,653)
 Backtracking                     262                     0          0       749.37971       749.37971                       *                                   
 Model                            262          4                                                       -6.60773330E-02                              1_GWF-(1,653)
 Backtracking                     263                     0          0       744.12568       744.12568                       *                                   
 Model                            263          4                                                       -6.59473042E-02                              1_GWF-(1,653)
 Backtracking                     264                     0          0       738.90088       738.90088                       *                                   
 Model                            264          4                                                       -6.58165881E-02                              1_GWF-(1,653)
 Backtracking                     265                     0          0       733.70506       733.70506                       *                                   
 Model                            265          4                                                       -6.56852091E-02                              1_GWF-(1,653)
 Backtracking                     266                     0          0       728.53803       728.53803                       *                                   
 Model                            266          4                                                       -6.55531860E-02                              1_GWF-(1,653)
 Backtracking                     267                     0          0       723.39969       723.39969                       *                                   
 Model                            267          4                                                       -6.54205317E-02                              1_GWF-(1,653)
 Backtracking                     268                     0          0       718.28985       718.28985                       *                                   
 Model                            268          4                                                       -6.52872642E-02                              1_GWF-(1,653)
 Backtracking                     269                     0          0       713.20834       713.20834                       *                                   
 Model                            269          4                                                       -6.51534009E-02                              1_GWF-(1,653)
 Backtracking                     270                     0          0       708.15497       708.15497                       *                                   
 Model                            270          4                                                       -6.50189595E-02                              1_GWF-(1,653)
 Backtracking                     271                     0          0       703.12958       703.12958                       *                                   
 Model                            271          4                                                       -6.48839573E-02                              1_GWF-(1,653)
 Backtracking                     272                     0          0       698.13198       698.13198                       *                                   
 Model                            272          4                                                       -6.47484114E-02                              1_GWF-(1,653)
 Backtracking                     273                     0          0       693.16197       693.16197                       *                                   
 Model                            273          4                                                       -6.46123397E-02                              1_GWF-(1,653)
 Backtracking                     274                     0          0       688.21941       688.21941                       *                                   
 Model                            274          4                                                       -6.44757565E-02                              1_GWF-(1,653)
 Backtracking                     275                     0          0       683.30412       683.30412                       *                                   
 Model                            275          4                                                       -6.43386770E-02                              1_GWF-(1,653)
 Backtracking                     276                     0          0       678.41594       678.41594                       *                                   
 Model                            276          4                                                       -6.42011165E-02                              1_GWF-(1,653)
 Backtracking                     277                     0          0       673.55469       673.55469                       *                                   
 Model                            277          4                                                       -6.40630894E-02                              1_GWF-(1,653)
 Backtracking                     278                     0          0       668.72020       668.72020                       *                                   
 Model                            278          4                                                       -6.39246104E-02                              1_GWF-(1,653)
 Backtracking                     279                     0          0       663.91231       663.91231                       *                                   
 Model                            279          4                                                       -6.37856933E-02                              1_GWF-(1,653)
 Backtracking                     280                     0          0       659.13085       659.13085                       *                                   
 Model                            280          4                                                       -6.36463519E-02                              1_GWF-(1,653)
 Backtracking                     281                     0          0       654.37564       654.37564                       *                                   
 Model                            281          4                                                       -6.35066016E-02                              1_GWF-(1,653)
 Backtracking                     282                     0          0       649.64645       649.64645                       *                                   
 Model                            282          4                                                       -6.33664618E-02                              1_GWF-(1,653)
 Backtracking                     283                     0          0       644.94313       644.94313                       *                                   
 Model                            283          4                                                       -6.32259425E-02                              1_GWF-(1,653)
 Backtracking                     284                     0          0       640.26558       640.26558                       *                                   
 Model                            284          4                                                       -6.30850520E-02                              1_GWF-(1,653)
 Backtracking                     285                     0          0       635.61362       635.61362                       *                                   
 Model                            285          4                                                       -6.29438042E-02                              1_GWF-(1,653)
 Backtracking                     286                     0          0       630.98711       630.98711                       *                                   
 Model                            286          4                                                       -6.28022098E-02                              1_GWF-(1,653)
 Backtracking                     287                     0          0       626.38584       626.38584                       *                                   
 Model                            287          4                                                       -6.26602831E-02                              1_GWF-(1,653)
 Backtracking                     288                     0          0       621.80971       621.80971                       *                                   
 Model                            288          4                                                       -6.25179721E-02                              1_GWF-(1,653)
 Backtracking                     289                     0          0       617.25856       617.25856                       *                                   
 Model                            289          4                                                       -6.23753858E-02                              1_GWF-(1,653)
 Backtracking                     290                     0          0       612.73220       612.73220                       *                                   
 Model                            290          4                                                       -6.22325094E-02                              1_GWF-(1,653)
 Backtracking                     291                     0          0       608.23047       608.23047                       *                                   
 Model                            291          4                                                       -6.20893502E-02                              1_GWF-(1,653)
 Backtracking                     292                     0          0       603.75324       603.75324                       *                                   
 Model                            292          4                                                       -6.19459131E-02                              1_GWF-(1,653)
 Backtracking                     293                     0          0       599.30035       599.30035                       *                                   
 Model                            293          4                                                       -6.18022073E-02                              1_GWF-(1,653)
 Backtracking                     294                     0          0       594.87155       594.87155                       *                                   
 Model                            294          4                                                       -6.16582520E-02                              1_GWF-(1,653)
 Backtracking                     295                     0          0       590.46679       590.46679                       *                                   
 Model                            295          4                                                       -6.15140500E-02                              1_GWF-(1,653)
 Backtracking                     296                     0          0       586.08590       586.08590                       *                                   
 Model                            296          4                                                       -6.13696126E-02                              1_GWF-(1,653)
 Backtracking                     297                     0          0       581.72873       581.72873                       *                                   
 Model                            297          4                                                       -6.12249514E-02                              1_GWF-(1,653)
 Backtracking                     298                     0          0       577.39514       577.39514                       *                                   
 Model                            298          4                                                       -6.10800775E-02                              1_GWF-(1,653)
 Backtracking                     299                     0          0       573.08496       573.08496                       *                                   
 Model                            299          4                                                       -6.09350016E-02                              1_GWF-(1,653)
 Backtracking                     300                     0          0       568.79804       568.79804                       *                                   
 Model                            300          4                                                       -6.07897344E-02                              1_GWF-(1,653)
 Backtracking                     301                     0          0       564.53423       564.53423                       *                                   
 Model                            301          4                                                       -6.06442863E-02                              1_GWF-(1,653)
 Backtracking                     302                     0          0       560.29339       560.29339                       *                                   
 Model                            302          4                                                       -6.04986678E-02                              1_GWF-(1,653)
 Backtracking                     303                     0          0       556.07535       556.07535                       *                                   
 Model                            303          4                                                       -6.03528895E-02                              1_GWF-(1,653)
 Backtracking                     304                     0          0       551.87993       551.87993                       *                                   
 Model                            304          4                                                       -6.02295797E-02                              1_GWF-(1,694)
 Backtracking                     305                     0          0       547.70699       547.70699                       *                                   
 Model                            305          4                                                       -6.01301193E-02                              1_GWF-(1,694)
 Backtracking                     306                     0          0       543.55638       543.55638                       *                                   
 Model                            306          4                                                       -6.00299581E-02                              1_GWF-(1,694)
 Backtracking                     307                     0          0       539.42798       539.42798                       *                                   
 Model                            307          4                                                       -5.99291112E-02                              1_GWF-(1,694)
 Backtracking                     308                     0          0       535.32163       535.32163                       *                                   
 Model                            308          4                                                       -5.98275915E-02                              1_GWF-(1,694)
 Backtracking                     309                     0          0       531.23717       531.23717                       *                                   
 Model                            309          4                                                       -5.97254208E-02                              1_GWF-(1,694)
 Backtracking                     310                     0          0       527.17445       527.17445                       *                                   
 Model                            310          4                                                       -5.96226166E-02                              1_GWF-(1,694)
 Backtracking                     311                     0          0       523.13332       523.13332                       *                                   
 Model                            311          5                                                       -5.95191670E-02                              1_GWF-(1,694)
 Backtracking                     312                     0          0       519.11364       519.11364                       *                                   
 Model                            312          5                                                       -5.94151234E-02                              1_GWF-(1,694)
 Backtracking                     313                     0          0       515.11528       515.11528                       *                                   
 Model                            313          4                                                       -5.93104993E-02                              1_GWF-(1,694)
 Backtracking                     314                     0          0       511.13809       511.13809                       *                                   
 Model                            314          5                                                       -5.92053085E-02                              1_GWF-(1,694)
 Backtracking                     315                     0          0       507.18189       507.18189                       *                                   
 Model                            315          5                                                       -5.90995709E-02                              1_GWF-(1,694)
 Backtracking                     316                     0          0       503.24656       503.24656                       *                                   
 Model                            316          5                                                       -5.89933039E-02                              1_GWF-(1,694)
 Backtracking                     317                     0          0       499.33195       499.33195                       *                                   
 Model                            317          5                                                       -5.88865239E-02                              1_GWF-(1,694)
 Backtracking                     318                     0          0       495.43792       495.43792                       *                                   
 Model                            318          5                                                       -5.87792492E-02                              1_GWF-(1,694)
 Backtracking                     319                     0          0       491.56425       491.56425                       *                                   
 Model                            319          5                                                       -5.86715056E-02                              1_GWF-(1,694)
 Backtracking                     320                     0          0       487.71087       487.71087                       *                                   
 Model                            320          5                                                       -5.85632299E-02                              1_GWF-(1,694)
 Backtracking                     321                     0          0       483.87764       483.87764                       *                                   
 Model                            321          5                                                       -5.84545180E-02                              1_GWF-(1,694)
 Backtracking                     322                     0          0       480.06441       480.06441                       *                                   
 Model                            322          5                                                       -5.83453951E-02                              1_GWF-(1,694)
 Backtracking                     323                     0          0       476.27103       476.27103                       *                                   
 Model                            323          5                                                       -5.82358762E-02                              1_GWF-(1,694)
 Backtracking                     324                     0          0       472.49738       472.49738                       *                                   
 Model                            324          5                                                       -5.81271639E-02                              1_GWF-(1,691)
 Backtracking                     325                     0          0       468.74331       468.74331                       *                                   
 Model                            325          5                                                       -5.80195229E-02                              1_GWF-(1,691)
 Backtracking                     326                     0          0       465.00868       465.00868                       *                                   
 Model                            326          5                                                       -5.79115002E-02                              1_GWF-(1,691)
 Backtracking                     327                     0          0       461.29334       461.29334                       *                                   
 Model                            327          5                                                       -5.78031136E-02                              1_GWF-(1,691)
 Backtracking                     328                     0          0       457.59714       457.59714                       *                                   
 Model                            328          5                                                       -5.76943768E-02                              1_GWF-(1,691)
 Backtracking                     329                     0          0       453.91996       453.91996                       *                                   
 Model                            329          5                                                       -5.75853086E-02                              1_GWF-(1,691)
 Backtracking                     330                     0          0       450.26167       450.26167                       *                                   
 Model                            330          5                                                       -5.74759242E-02                              1_GWF-(1,691)
 Backtracking                     331                     0          0       446.62211       446.62211                       *                                   
 Model                            331          5                                                       -5.73662414E-02                              1_GWF-(1,691)
 Backtracking                     332                     0          0       443.00114       443.00114                       *                                   
 Model                            332          5                                                       -5.72562758E-02                              1_GWF-(1,691)
 Backtracking                     333                     0          0       439.39864       439.39864                       *                                   
 Model                            333          5                                                       -5.71460429E-02                              1_GWF-(1,691)
 Backtracking                     334                     0          0       435.81446       435.81446                       *                                   
 Model                            334          5                                                       -5.70355602E-02                              1_GWF-(1,691)
 Backtracking                     335                     0          0       432.24847       432.24847                       *                                   
 Model                            335          5                                                       -5.69248442E-02                              1_GWF-(1,691)
 Backtracking                     336                     0          0       428.70053       428.70053                       *                                   
 Model                            336          5                                                       -5.68139092E-02                              1_GWF-(1,691)
 Backtracking                     337                     0          0       425.17052       425.17052                       *                                   
 Model                            337          5                                                       -5.67027723E-02                              1_GWF-(1,691)
 Backtracking                     338                     0          0       421.65830       421.65830                       *                                   
 Model                            338          5                                                       -5.65914464E-02                              1_GWF-(1,691)
 Backtracking                     339                     0          0       418.16376       418.16376                       *                                   
 Model                            339          5                                                       -5.64799450E-02                              1_GWF-(1,691)
 Backtracking                     340                     0          0       414.68674       414.68674                       *                                   
 Model                            340          5                                                       -5.63682870E-02                              1_GWF-(1,691)
 Backtracking                     341                     0          0       411.22714       411.22714                       *                                   
 Model                            341          5                                                       -5.62564891E-02                              1_GWF-(1,691)
 Backtracking                     342                     0          0       407.78484       407.78484                       *                                   
 Model                            342          5                                                       -5.61445686E-02                              1_GWF-(1,691)
 Backtracking                     343                     0          0       404.35969       404.35969                       *                                   
 Model                            343          5                                                       -5.60325455E-02                              1_GWF-(1,691)
 Backtracking                     344                     0          0       400.95157       400.95157                       *                                   
 Model                            344          5                                                       -5.59204383E-02                              1_GWF-(1,691)
 Backtracking                     345                     0          0       397.56035       397.56035                       *                                   
 Model                            345          5                                                       -5.58082629E-02                              1_GWF-(1,691)
 Backtracking                     346                     0          0       394.18591       394.18591                       *                                   
 Model                            346          5                                                       -5.56960351E-02                              1_GWF-(1,691)
 Backtracking                     347                     0          0       390.82809       390.82809                       *                                   
 Model                            347          5                                                       -5.55837750E-02                              1_GWF-(1,691)
 Backtracking                     348                     0          0       387.48674       387.48674                       *                                   
 Model                            348          5                                                       -5.54715053E-02                              1_GWF-(1,691)
 Backtracking                     349                     0          0       384.16176       384.16176                       *                                   
 Model                            349          5                                                       -5.53592385E-02                              1_GWF-(1,691)
 Backtracking                     350                     0          0       380.85301       380.85301                       *                                   
 Model                            350          5                                                       -5.52469896E-02                              1_GWF-(1,691)
 Backtracking                     351                     0          0       377.56042       377.56042                       *                                   
 Model                            351          5                                                       -5.51347674E-02                              1_GWF-(1,691)
 Backtracking                     352                     0          0       374.28387       374.28387                       *                                   
 Model                            352          5                                                       -5.50225887E-02                              1_GWF-(1,691)
 Backtracking                     353                     0          0       371.02322       371.02322                       *                                   
 Model                            353          5                                                       -5.49104725E-02                              1_GWF-(1,691)
 Backtracking                     354                     0          0       367.77838       367.77838                       *                                   
 Model                            354          5                                                       -5.47984382E-02                              1_GWF-(1,691)
 Backtracking                     355                     0          0       364.54921       364.54921                       *                                   
 Model                            355          5                                                       -5.46865046E-02                              1_GWF-(1,691)
 Backtracking                     356                     0          0       361.33560       361.33560                       *                                   
 Model                            356          5                                                       -5.45746902E-02                              1_GWF-(1,691)
 Backtracking                     357                     0          0       358.13739       358.13739                       *                                   
 Model                            357          5                                                       -5.44630182E-02                              1_GWF-(1,691)
 Backtracking                     358                     0          0       354.95437       354.95437                       *                                   
 Model                            358          5                                                       -5.43514667E-02                              1_GWF-(1,691)
 Backtracking                     359                     0          0       351.78646       351.78646                       *                                   
 Model                            359          5                                                       -5.42401043E-02                              1_GWF-(1,691)
 Backtracking                     360                     0          0       348.63364       348.63364                       *                                   
 Model                            360          5                                                       -5.41289392E-02                              1_GWF-(1,691)
 Backtracking                     361                     0          0       345.49578       345.49578                       *                                   
 Model                            361          5                                                       -5.40179918E-02                              1_GWF-(1,691)
 Backtracking                     362                     0          0       342.37277       342.37277                       *                                   
 Model                            362          5                                                       -5.39072756E-02                              1_GWF-(1,691)
 Backtracking                     363                     0          0       339.26447       339.26447                       *                                   
 Model                            363          5                                                       -5.37968085E-02                              1_GWF-(1,691)
 Backtracking                     364                     0          0       336.17081       336.17081                       *                                   
 Model                            364          5                                                       -5.36866021E-02                              1_GWF-(1,691)
 Backtracking                     365                     0          0       333.09170       333.09170                       *                                   
 Model                            365          5                                                       -5.35766652E-02                              1_GWF-(1,691)
 Backtracking                     366                     0          0       330.02687       330.02687                       *                                   
 Model                            366          5                                                       -5.34670221E-02                              1_GWF-(1,691)
 Backtracking                     367                     0          0       326.97615       326.97615                       *                                   
 Model                            367          5                                                       -5.33577083E-02                              1_GWF-(1,691)
 Backtracking                     368                     0          0       323.93966       323.93966                       *                                   
 Model                            368          5                                                       -5.32487104E-02                              1_GWF-(1,691)
 Backtracking                     369                     0          0       320.91725       320.91725                       *                                   
 Model                            369          5                                                       -5.31400499E-02                              1_GWF-(1,691)
 Backtracking                     370                     0          0       317.90881       317.90881                       *                                   
 Model                            370          5                                                       -5.30317480E-02                              1_GWF-(1,691)
 Backtracking                     371                     0          0       314.91428       314.91428                       *                                   
 Model                            371          5                                                       -5.29238106E-02                              1_GWF-(1,691)
 Backtracking                     372                     0          0       311.93356       311.93356                       *                                   
 Model                            372          5                                                       -5.28162553E-02                              1_GWF-(1,691)
 Backtracking                     373                     0          0       308.96657       308.96657                       *                                   
 Model                            373          5                                                       -5.27090978E-02                              1_GWF-(1,691)
 Backtracking                     374                     0          0       306.01314       306.01314                       *                                   
 Model                            374          5                                                       -5.26023454E-02                              1_GWF-(1,691)
 Backtracking                     375                     0          0       303.07321       303.07321                       *                                   
 Model                            375          5                                                       -5.24960204E-02                              1_GWF-(1,691)
 Backtracking                     376                     0          0       300.14671       300.14671                       *                                   
 Model                            376          5                                                       -5.23901414E-02                              1_GWF-(1,691)
 Backtracking                     377                     0          0       297.23350       297.23350                       *                                   
 Model                            377          5                                                       -5.22847358E-02                              1_GWF-(1,691)
 Backtracking                     378                     0          0       294.33349       294.33349                       *                                   
 Model                            378          5                                                       -5.21798213E-02                              1_GWF-(1,691)
 Backtracking                     379                     0          0       291.44658       291.44658                       *                                   
 Model                            379          5                                                       -5.20754068E-02                              1_GWF-(1,691)
 Backtracking                     380                     0          0       288.57269       288.57269                       *                                   
 Model                            380          5                                                       -5.19715106E-02                              1_GWF-(1,691)
 Backtracking                     381                     0          0       285.71159       285.71159                       *                                   
 Model                            381          5                                                       -5.18681422E-02                              1_GWF-(1,691)
 Backtracking                     382                     0          0       282.86331       282.86331                       *                                   
 Model                            382          5                                                       -5.17653128E-02                              1_GWF-(1,691)
 Backtracking                     383                     0          0       280.02781       280.02781                       *                                   
 Model                            383          5                                                       -5.16630356E-02                              1_GWF-(1,691)
 Backtracking                     384                     0          0       277.20496       277.20496                       *                                   
 Model                            384          5                                                       -5.15613333E-02                              1_GWF-(1,691)
 Backtracking                     385                     0          0       274.39469       274.39469                       *                                   
 Model                            385          5                                                       -5.14602233E-02                              1_GWF-(1,691)
 Backtracking                     386                     0          0       271.59690       271.59690                       *                                   
 Model                            386          5                                                       -5.13597294E-02                              1_GWF-(1,691)
 Backtracking                     387                     0          0       268.81155       268.81155                       *                                   
 Model                            387          5                                                       -5.12598635E-02                              1_GWF-(1,691)
 Backtracking                     388                     0          0       266.03854       266.03854                       *                                   
 Model                            388          5                                                       -5.11606440E-02                              1_GWF-(1,691)
 Backtracking                     389                     0          0       263.27767       263.27767                       *                                   
 Model                            389          5                                                       -5.10620998E-02                              1_GWF-(1,691)
 Backtracking                     390                     0          0       260.52899       260.52899                       *                                   
 Model                            390          5                                                       -5.09642204E-02                              1_GWF-(1,691)
 Backtracking                     391                     0          0       257.79243       257.79243                       *                                   
 Model                            391          5                                                       -5.08670231E-02                              1_GWF-(1,691)
 Backtracking                     392                     0          0       255.06788       255.06788                       *                                   
 Model                            392          5                                                       -5.07705275E-02                              1_GWF-(1,691)
 Backtracking                     393                     0          0       252.35490       252.35490                       *                                   
 Model                            393          5                                                       -5.06748168E-02                              1_GWF-(1,691)
 Backtracking                     394                     0          0       249.65359       249.65359                       *                                   
 Model                            394          5                                                       -5.05798525E-02                              1_GWF-(1,691)
 Backtracking                     395                     0          0       246.96383       246.96383                       *                                   
 Model                            395          5                                                       -5.04856825E-02                              1_GWF-(1,691)
 Backtracking                     396                     0          0       244.28525       244.28525                       *                                   
 Model                            396          5                                                       -5.03923982E-02                              1_GWF-(1,691)
 Backtracking                     397                     0          0       241.61825       241.61825                       *                                   
 Model                            397          5                                                       -5.02999168E-02                              1_GWF-(1,691)
 Backtracking                     398                     0          0       238.96278       238.96278                       *                                   
 Model                            398          5                                                       -5.02082557E-02                              1_GWF-(1,691)
 Backtracking                     399                     0          0       236.31857       236.31857                       *                                   
 Model                            399          5                                                       -5.01174806E-02                              1_GWF-(1,691)
 Backtracking                     400                     0          0       233.68568       233.68568                       *                                   
 Model                            400          5                                                       -5.00275574E-02                              1_GWF-(1,691)
 Backtracking                     401                     0          0       231.06379       231.06379                       *                                   
 Model                            401          5                                                       -4.99385883E-02                              1_GWF-(1,691)
 Backtracking                     402                     0          0       228.45269       228.45269                       *                                   
 Model                            402          5                                                       -4.98506130E-02                              1_GWF-(1,691)
 Backtracking                     403                     0          0       225.85271       225.85271                       *                                   
 Model                            403          5                                                       -4.97634146E-02                              1_GWF-(1,691)
 Backtracking                     404                     0          0       223.26375       223.26375                       *                                   
 Model                            404          5                                                       -4.96772359E-02                              1_GWF-(1,691)
 Backtracking                     405                     0          0       220.68580       220.68580                       *                                   
 Model                            405          5                                                       -4.95927120E-02                              1_GWF-(1,689)
 Backtracking                     406                     0          0       218.11877       218.11877                       *                                   
 Model                            406          5                                                       -4.95097834E-02                              1_GWF-(1,689)
 Backtracking                     407                     0          0       215.56255       215.56255                       *                                   
 Model                            407          5                                                       -4.94278606E-02                              1_GWF-(1,689)
 Backtracking                     408                     0          0       213.01666       213.01666                       *                                   
 Model                            408          5                                                       -4.93470566E-02                              1_GWF-(1,689)
 Backtracking                     409                     0          0       210.48150       210.48150                       *                                   
 Model                            409          5                                                       -4.92672836E-02                              1_GWF-(1,689)
 Backtracking                     410                     0          0       207.95708       207.95708                       *                                   
 Model                            410          6                                                       -4.91885458E-02                              1_GWF-(1,689)
 Backtracking                     411                     0          0       205.44305       205.44305                       *                                   
 Model                            411          5                                                       -4.91109438E-02                              1_GWF-(1,689)
 Backtracking                     412                     0          0       202.93917       202.93917                       *                                   
 Model                            412          5                                                       -4.90345118E-02                              1_GWF-(1,689)
 Backtracking                     413                     0          0       200.44540       200.44540                       *                                   
 Model                            413          5                                                       -4.89592876E-02                              1_GWF-(1,689)
 Backtracking                     414                     0          0       197.96190       197.96190                       *                                   
 Model                            414          5                                                       -4.88852188E-02                              1_GWF-(1,689)
 Backtracking                     415                     0          0       195.48865       195.48865                       *                                   
 Model                            415          5                                                       -4.88123155E-02                              1_GWF-(1,689)
 Backtracking                     416                     0          0       193.02558       193.02558                       *                                   
 Model                            416          5                                                       -4.87406150E-02                              1_GWF-(1,689)
 Backtracking                     417                     0          0       190.57248       190.57248                       *                                   
 Model                            417          5                                                       -4.86701684E-02                              1_GWF-(1,689)
 Backtracking                     418                     0          0       188.12907       188.12907                       *                                   
 Model                            418          5                                                       -4.86010855E-02                              1_GWF-(1,689)
 Backtracking                     419                     0          0       185.69542       185.69542                       *                                   
 Model                            419          5                                                       -4.85333561E-02                              1_GWF-(1,689)
 Backtracking                     420                     0          0       183.27156       183.27156                       *                                   
 Model                            420          5                                                       -4.84669872E-02                              1_GWF-(1,689)
 Backtracking                     421                     0          0       180.85735       180.85735                       *                                   
 Model                            421          5                                                       -4.84020225E-02                              1_GWF-(1,689)
 Backtracking                     422                     0          0       178.45296       178.45296                       *                                   
 Model                            422          5                                                       -4.83384295E-02                              1_GWF-(1,689)
 Backtracking                     423                     0          0       176.05838       176.05838                       *                                   
 Model                            423          6                                                       -4.82762214E-02                              1_GWF-(1,689)
 Backtracking                     424                     0          0       173.67359       173.67359                       *                                   
 Model                            424          6                                                       -4.82154147E-02                              1_GWF-(1,689)
 Backtracking                     425                     0          0       171.29858       171.29858                       *                                   
 Model                            425          6                                                       -4.81560092E-02                              1_GWF-(1,689)
 Backtracking                     426                     0          0       168.93336       168.93336                       *                                   
 Model                            426          6                                                       -4.80980310E-02                              1_GWF-(1,689)
 Backtracking                     427                     0          0       166.57793       166.57793                       *                                   
 Model                            427          8                                                       -4.80414279E-02                              1_GWF-(1,689)
 Backtracking                     428                     0          0       164.23224       164.23224                       *                                   
 Model                            428          6                                                       -4.79863080E-02                              1_GWF-(1,689)
 Backtracking                     429                     0          0       161.89628       161.89628                       *                                   
 Model                            429          6                                                       -4.79327623E-02                              1_GWF-(1,689)
 Backtracking                     430                     0          0       159.57002       159.57002                       *                                   
 Model                            430          6                                                       -4.78807220E-02                              1_GWF-(1,689)
 Backtracking                     431                     0          0       157.25346       157.25346                       *                                   
 Model                            431          6                                                       -4.78301724E-02                              1_GWF-(1,689)
 Backtracking                     432                     0          0       154.94652       154.94652                       *                                   
 Model                            432          6                                                       -4.77811728E-02                              1_GWF-(1,689)
 Backtracking                     433                     0          0       152.64922       152.64922                       *                                   
 Model                            433          6                                                       -4.77337715E-02                              1_GWF-(1,689)
 Backtracking                     434                     0          0       150.36153       150.36153                       *                                   
 Model                            434          6                                                       -4.76879145E-02                              1_GWF-(1,689)
 Backtracking                     435                     0          0       148.08341       148.08341                       *                                   
 Model                            435          6                                                       -4.76436697E-02                              1_GWF-(1,689)
 Backtracking                     436                     0          0       145.81484       145.81484                       *                                   
 Model                            436          6                                                       -4.76010941E-02                              1_GWF-(1,689)
 Backtracking                     437                     0          0       143.55581       143.55581                       *                                   
 Model                            437          6                                                       -4.75602238E-02                              1_GWF-(1,689)
 Backtracking                     438                     0          0       141.30633       141.30633                       *                                   
 Model                            438          6                                                       -4.75210838E-02                              1_GWF-(1,689)
 Backtracking                     439                     0          0       139.06637       139.06637                       *                                   
 Model                            439          6                                                       -4.75063743E-02                               1_GWF-(1,47)
 Backtracking                     440                     0          0       136.83592       136.83592                       *                                   
 Model                            440          6                                                       -4.75392580E-02                               1_GWF-(1,47)
 Backtracking                     441                     0          0       134.61497       134.61497                       *                                   
 Model                            441          6                                                       -4.75711795E-02                               1_GWF-(1,47)
 Backtracking                     442                     0          0       132.40348       132.40348                       *                                   
 Model                            442          6                                                       -4.76021247E-02                               1_GWF-(1,47)
 Backtracking                     443                     0          0       130.20142       130.20142                       *                                   
 Model                            443          6                                                       -4.76320703E-02                               1_GWF-(1,47)
 Backtracking                     444                     0          0       128.00880       128.00880                       *                                   
 Model                            444          6                                                       -4.76609779E-02                               1_GWF-(1,47)
 Backtracking                     445                     0          0       125.82563       125.82563                       *                                   
 Model                            445          6                                                       -4.76887503E-02                               1_GWF-(1,47)
 Backtracking                     446                     0          0       123.65188       123.65188                       *                                   
 Model                            446          6                                                       -4.77155043E-02                               1_GWF-(1,47)
 Backtracking                     447                     0          0       121.48753       121.48753                       *                                   
 Model                            447          6                                                       -4.77411183E-02                               1_GWF-(1,47)
 Backtracking                     448                     0          0       119.33257       119.33257                       *                                   
 Model                            448          6                                                       -4.77655697E-02                               1_GWF-(1,47)
 Backtracking                     449                     0          0       117.18701       117.18701                       *                                   
 Model                            449          6                                                       -4.77888079E-02                               1_GWF-(1,47)
 Backtracking                     450                     0          0       115.05084       115.05084                       *                                   
 Model                            450          6                                                       -4.78106455E-02                               1_GWF-(1,47)
 Backtracking                     451                     0          0       112.92407       112.92407                       *                                   
 Model                            451          6                                                       -4.78313085E-02                               1_GWF-(1,47)
 Backtracking                     452                     0          0       110.80670       110.80670                       *                                   
 Model                            452          6                                                       -4.78506375E-02                               1_GWF-(1,47)
 Backtracking                     453                     0          0       108.69874       108.69874                       *                                   
 Model                            453          6                                                       -4.78685581E-02                               1_GWF-(1,47)
 Backtracking                     454                     0          0       106.60017       106.60017                       *                                   
 Model                            454          6                                                       -4.78848389E-02                               1_GWF-(1,47)
 Backtracking                     455                     0          0       104.51100       104.51100                       *                                   
 Model                            455          7                                                       -4.78996465E-02                               1_GWF-(1,47)
 Backtracking                     456                     0          0       102.43122       102.43122                       *                                   
 Model                            456          7                                                       -4.79129155E-02                               1_GWF-(1,47)
 Backtracking                     457                     0          0       100.36077       100.36077                       *                                   
 Model                            457          7                                                       -4.79245897E-02                               1_GWF-(1,47)
 Backtracking                     458                     0          0       98.299734       98.299734                       *                                   
 Model                            458          7                                                       -4.79345408E-02                               1_GWF-(1,47)
 Backtracking                     459                     0          0       96.248108       96.248108                       *                                   
 Model                            459          7                                                       -4.79426961E-02                               1_GWF-(1,47)
 Backtracking                     460                     0          0       94.205929       94.205929                       *                                   
 Model                            460          7                                                       -4.79489549E-02                               1_GWF-(1,47)
 Backtracking                     461                     0          0       92.173234       92.173234                       *                                   
 Model                            461          7                                                       -4.79532174E-02                               1_GWF-(1,47)
 Backtracking                     462                     0          0       90.150034       90.150034                       *                                   
 Model                            462          7                                                       -4.79553926E-02                               1_GWF-(1,47)
 Backtracking                     463                     0          0       88.136352       88.136352                       *                                   
 Model                            463          7                                                       -4.79553545E-02                               1_GWF-(1,47)
 Backtracking                     464                     0          0       86.132226       86.132226                       *                                   
 Model                            464          7                                                       -4.79530082E-02                               1_GWF-(1,47)
 Backtracking                     465                     0          0       84.137670       84.137670                       *                                   
 Model                            465          7                                                       -4.79482400E-02                               1_GWF-(1,47)
 Backtracking                     466                     0          0       82.152720       82.152720                       *                                   
 Model                            466          7                                                       -4.79409360E-02                               1_GWF-(1,47)
 Backtracking                     467                     0          0       80.177414       80.177414                       *                                   
 Model                            467          7                                                       -4.79310215E-02                               1_GWF-(1,47)
 Backtracking                     468                     0          0       78.211796       78.211796                       *                                   
 Model                            468          7                                                       -4.79181824E-02                               1_GWF-(1,47)
 Backtracking                     469                     0          0       76.255877       76.255877                       *                                   
 Model                            469          7                                                       -4.79023886E-02                               1_GWF-(1,47)
 Backtracking                     470                     0          0       74.309742       74.309742                       *                                   
 Model                            470          7                                                       -4.78839511E-02                               1_GWF-(1,46)
 Backtracking                     471                     0          0       72.373434       72.373434                       *                                   
 Model                            471          7                                                       -4.78637183E-02                               1_GWF-(1,46)
 Backtracking                     472                     0          0       70.447020       70.447020                       *                                   
 Model                            472          7                                                       -4.78399864E-02                               1_GWF-(1,46)
 Backtracking                     473                     0          0       68.530564       68.530564                       *                                   
 Model                            473          7                                                       -4.78125314E-02                               1_GWF-(1,46)
 Backtracking                     474                     0          0       66.624125       66.624125                       *                                   
 Model                            474          7                                                       -4.77811150E-02                               1_GWF-(1,46)
 Backtracking                     475                     0          0       64.727779       64.727779                       *                                   
 Model                            475          7                                                       -4.77454556E-02                               1_GWF-(1,46)
 Backtracking                     476                     0          0       62.841606       62.841606                       *                                   
 Model                            476          7                                                       -4.77327638E-02                              1_GWF-(1,689)
 Backtracking                     477                     0          0       60.965685       60.965685                       *                                   
 Model                            477          7                                                       -4.77974406E-02                              1_GWF-(1,689)
 Backtracking                     478                     0          0       59.100109       59.100109                       *                                   
 Model                            478          7                                                       -4.78662703E-02                              1_GWF-(1,689)
 Backtracking                     479                     0          0       57.244979       57.244979                       *                                   
 Model                            479          8                                                       -4.79418129E-02                              1_GWF-(1,691)
 Backtracking                     480                     0          0       55.400400       55.400400                       *                                   
 Model                            480          8                                                       -4.80227745E-02                              1_GWF-(1,691)
 Backtracking                     481                     0          0       53.566493       53.566493                       *                                   
 Model                            481          8                                                       -4.81082765E-02                              1_GWF-(1,691)
 Backtracking                     482                     0          0       51.743389       51.743389                       *                                   
 Model                            482          7                                                       -4.81984029E-02                              1_GWF-(1,691)
 Backtracking                     483                     0          0       49.931229       49.931229                       *                                   
 Model                            483          7                                                       -4.82931649E-02                              1_GWF-(1,691)
 Backtracking                     484                     0          0       48.130157       48.130157                       *                                   
 Model                            484          7                                                       -4.83926601E-02                              1_GWF-(1,691)
 Backtracking                     485                     0          0       46.340338       46.340338                       *                                   
 Model                            485          7                                                       -4.84967189E-02                              1_GWF-(1,691)
 Backtracking                     486                     0          0       44.561952       44.561952                       *                                   
 Model                            486          8                                                       -4.86055915E-02                              1_GWF-(1,691)
 Backtracking                     487                     0          0       42.795194       42.795194                       *                                   
 Model                            487          8                                                       -4.87192923E-02                              1_GWF-(1,691)
 Backtracking                     488                     0          0       41.040277       41.040277                       *                                   
 Model                            488          8                                                       -4.88376828E-02                              1_GWF-(1,691)
 Backtracking                     489                     0          0       39.297436       39.297436                       *                                   
 Model                            489          8                                                       -4.89606596E-02                              1_GWF-(1,691)
 Backtracking                     490                     0          0       37.566931       37.566931                       *                                   
 Model                            490          8                                                       -4.90880584E-02                              1_GWF-(1,691)
 Backtracking                     491                     0          0       35.849013       35.849013                       *                                   
 Model                            491          9                                                       -4.92192131E-02                              1_GWF-(1,691)
 Backtracking                     492                     0          0       34.144005       34.144005                       *                                   
 Model                            492          9                                                       -4.93543716E-02                              1_GWF-(1,691)
 Backtracking                     493                     0          0       32.452279       32.452279                       *                                   
 Model                            493          9                                                       -4.94927773E-02                              1_GWF-(1,691)
 Backtracking                     494                     0          0       30.774386       30.774386                       *                                   
 Model                            494          9                                                       -4.96336959E-02                              1_GWF-(1,691)
 Backtracking                     495                     0          0       29.111060       29.111060                       *                                   
 Model                            495          9                                                       -4.97757263E-02                              1_GWF-(1,691)
 Backtracking                     496                     0          0       27.462327       27.462327                       *                                   
 Model                            496          9                                                       -4.99184586E-02                              1_GWF-(1,691)
 Backtracking                     497                     0          0       25.828718       25.828718                       *                                   
 Model                            497          9                                                       -5.00604223E-02                              1_GWF-(1,691)
 Backtracking                     498                     0          0       24.210875       24.210875                       *                                   
 Model                            498          9                                                       -5.01996274E-02                              1_GWF-(1,691)
 Backtracking                     499                     0          0       22.609488       22.609488                       *                                   
 Model                            499          9                                                       -5.03334004E-02                              1_GWF-(1,691)
 Backtracking                     500                     0          0       21.025379       21.025379                       *                                   
 Model                            500         10                                                       -5.04584088E-02                              1_GWF-(1,691)
 Backtracking                     501                     0          0       19.459517       19.459517                       *                                   
 Model                            501         10                                                       -5.05700256E-02                              1_GWF-(1,691)
 Backtracking                     502                     0          0       17.913009       17.913009                       *                                   
 Model                            502         10                                                       -5.06619267E-02                              1_GWF-(1,691)
 Backtracking                     503                     0          0       16.387154       16.387154                       *                                   
 Model                            503         11                                                       -5.07505268E-02                              1_GWF-(1,649)
 Backtracking                     504                     0          0       14.883488       14.883488                       *                                   
 Model                            504         10                                                       -5.08036799E-02                              1_GWF-(1,649)
 Backtracking                     505                     0          0       13.403880       13.403880                       *                                   
 Model                            505         11                                                       -5.08030565E-02                              1_GWF-(1,649)
 Backtracking                     506                     0          0       11.950671       11.950671                       *                                   
 Model                            506         10                                                       -5.07258552E-02                              1_GWF-(1,649)
 Backtracking                     507                     0          0       10.526742       10.526742                       *                                   
 Model                            507         13                                                       -5.05386744E-02                              1_GWF-(1,649)
 Backtracking                     508                     0          0       9.1430231       9.1430231                       *                                   
 Model                            508         14                                                       -5.02749996E-02                              1_GWF-(1,653)
 Backtracking                     509                     0          0       7.7887206       7.7887206                       *                                   
 Model                            509         12                                                       -5.03336665E-02                              1_GWF-(1,653)
 Backtracking                     510                     0          0       6.4820685       6.4820685                       *                                   
 Model                            510         12                                                       -5.01622744E-02                              1_GWF-(1,144)
 Backtracking                     511                     0          0       5.2281465       5.2281465                       *                                   
 Model                            511         14                                                       -4.95697826E-02                              1_GWF-(1,144)
 Backtracking                     512                     0          0       4.0390892       4.0390892                       *                                   
 Model                            512         15                                                       -4.82171856E-02                              1_GWF-(1,144)
 Backtracking                     513                     0          0       2.9723734       2.9723734                       *                                   
 Model                            513         13                                                       -4.54761681E-02                              1_GWF-(1,144)
 Backtracking                     514                     0          0       1.9552483       1.9552483                       *                                   
 Model                            514         16                                                       -4.11669422E-02                              1_GWF-(1,144)
 Backtracking                     515                     0          0       1.1123677       1.1123677                       *                                   
 Model                            515         16                                                       -3.26632330E-02                              1_GWF-(1,144)
 Backtracking                     516                     0          0      0.47961600      0.47961600                       *                                   
 Model                            516         17                                                       -1.95925965E-02                              1_GWF-(1,144)
 Backtracking                     517                     0          0      0.11867899      0.11867899                       *                                   
 Model                            517         16                                                       -6.19780042E-03                              1_GWF-(1,144)
 Backtracking                     518                     0          0  8.89190594E-03  8.89190594E-03                       *                                   
 Model                            518         13                                                       -5.12194980E-04                              1_GWF-(1,144)
 Backtracking                     519                     0          0  1.07992341E-04  1.07992341E-04                       *                                   
 Model                            519          2                                                       -2.69894180E-06       *                      1_GWF-(1,578)
 ----------------------------------------------------------------------------------------------------------------------------------------------------------------


 519 CALLS TO NUMERICAL SOLUTION IN TIME STEP 1 STRESS PERIOD 1
 2382 TOTAL ITERATIONS

 MEMORY MANAGER TOTAL STORAGE BY DATA TYPE, IN MEGABYTES
 -------------------------------
                    ALLOCATED   
 DATA TYPE           MEMORY     
 -------------------------------
 Character        1.38650000E-02
 Logical          4.80000000E-05
 Integer          3.7039520     
 Real             33.688536     
 -------------------------------
 Total            37.406401     
 Virtual          0.0000000     
 -------------------------------


 
 Run end date and time (yyyy/mm/dd hh:mm:ss): 2026/04/25 21:23:06
 Elapsed run time:  2.089 Seconds
 Normal termination of simulation.
