15534  2  0  1
   0    1359512.1265478705  108054.7859625428    1
   1    1359623.4320036862  108306.25384420098    1
   2    1359635.6952331983  108327.87639251517    2
   3    1360225.2461681685  109135.6075947575    3
   4    1360245.359287201  109149.83947798445    4
   5    1361066.7624996165  109626.86297682981    5
   6    1361457.1268067153  109714.13099928462    6
   7    1361877.9012965697  109873.11129848071    7
   8    1362182.8111749745  110131.84808075964    8
   9    1362860.0048229801  110966.73355979309    9
  10    1362877.6483899327  110984.20045735048    10
  11    1363254.3777608976  111273.43094057027    11
  12    1363517.2875033738  111540.83226313826    12
  13    1363532.1124697975  111560.32294976254    13
  14    1363620.4147084295  111820.76049439186    14
  15    1363624.0586720586  111845.27641861007    15
  16    1363636.9726572467  112094.94265378527    16
  17    1363605.2046673053  112367.76385666842    17
  18    1363643.5764898893  112589.46772048587    18
  19    1363649.7868340805  112613.40870675859    19
  20    1363809.118722578  112896.67245189342    20
  21    1363824.0682411995  112916.22096124403    21
  22    1364073.6517025155  113124.3869907433    22
  23    1364270.7322130476  113316.15976492337    23
  24    1364290.1793263482  113331.7545635392    24
  25    1364392.1822519295  113404.00692109849    25
  26    1364992.7775271207  113712.01312856968    26
  27    1365013.3504569279  113725.79481998557    27
  28    1365451.6880257968  114135.33360723278    28
  29    1365695.9926591429  114261.58829477211    29
  30    1365714.3551047377  114277.82904067167    30
  31    1365762.0353290688  114335.72201267813    31
  32    1365773.7394894478  114357.03608596273    32
  33    1365804.7503355332  114503.79550618876    33
  34    1365801.6472903229  114528.06137072701    34
  35    1365732.2400261355  114794.15840505474    35
  36    1365686.5193345919  114910.42987133679    36
  37    1365627.5564976386  115557.75002694636    37
  38    1365634.3907128328  115757.40779507806    38
  39    1365593.3244547222  116155.29416383777    39
  40    1365579.9324792034  116479.9171048994    40
  41    1365562.5838983315  116603.70735791526    41
  42    1365461.4473666723  116912.52110410032    42
  43    1365449.6113480979  116934.13884329058    43
  44    1365281.8170875502  117152.01515252863    44
  45    1365147.3806845939  117218.09446123158    45
  46    1365127.6403509569  117232.48204382209    46
  47    1365032.8894082825  117348.76729164958    47
  48    1364960.0851006231  117868.1496819734    48
  49    1364736.5333375165  118103.26744249398    49
  50    1364717.6003700586  118118.55634476485    50
  51    1364306.6755961154  118227.02675621292    51
  52    1364282.1784865917  118229.77193043902    52
  53    1364057.8931393821  118211.85314066071    53
  54    1363911.8547986576  118245.86925422984    54
  55    1363893.4855808243  118258.39660627906    55
  56    1363831.5544637765  118422.07170133397    56
  57    1363826.5883806311  118671.93531696983    57
  58    1363831.0688707407  118695.64645040109    58
  59    1363933.4096995746  118867.32720498185    59
  60    1364105.200837652  119082.06612757866    60
  61    1364124.936387223  119093.83871901981    61
  62    1364274.4457444402  119105.96109933475    62
  63    1364298.1448218504  119101.83425572966    63
  64    1364498.4951579932  118999.43922261048    64
  65    1364794.7176131213  118953.6130600663    65
  66    1365238.6786766453  118784.87297361839    66
  67    1365737.9061755817  118452.04883941874    67
  68    1365755.1936812839  118434.52415219946    68
  69    1366107.7076035703  117948.9997608511    69
  70    1366157.7113362527  117893.38298215829    70
  71    1366284.3618423333  117813.39235469674    71
  72    1366344.0878804619  117675.79584177051    72
  73    1366420.21580543  117611.19119816467    73
  74    1366442.0694158338  117601.08993300483    74
  75    1366763.3658223525  117552.16530568754    75
  76    1367058.3933236059  117605.51647575061    76
  77    1367083.1237951962  117607.22455182193    77
  78    1367207.7296978729  117597.30643617037    78
  79    1367231.6629334388  117591.0770945258    79
  80    1367324.6100758258  117554.18768246687    80
  81    1367343.5433402886  117538.49898102874    81
  82    1367448.4354155164  117431.27519093014    82
  83    1367508.1515436498  117385.89916156734    83
  84    1367576.2106226946  117354.79052538784    84
  85    1367599.7939272749  117347.2520118535    85
  86    1367649.4661695878  117341.53638908642    86
  87    1367673.7176170787  117344.97456703651    87
  88    1367793.4307415292  117380.45312239307    88
  89    1367967.6266376858  117397.20990496747    89
  90    1368092.1907643669  117387.72336954331    90
  91    1368108.8495851189  117400.12677237454    91
  92    1368196.0692617148  117580.10657128121    92
  93    1368209.9000827346  117600.67793455361    93
  94    1368291.6010021155  117695.28216158564    94
  95    1368305.4322438496  117715.83569474162    95
  96    1368348.5080217558  117805.87198598251    96
  97    1368488.4822000868  117859.79071557256    97
  98    1368509.9084526629  117872.20014754708    98
  99    1368610.539160779  117946.12465044933    99
 100    1368699.8643280219  117990.34658393863    100
 101    1368799.8621388872  117989.68490262987    101
 102    1368824.2979395583  117992.30369714645    102
 103    1368847.2645627807  118002.17963850705    103
 104    1368869.1700822439  118013.77645690231    104
 105    1369003.2436632598  118126.20396168718    105
 106    1369184.4263546681  118210.89653712329    106
 107    1369303.0453280245  118248.80382366154    107
 108    1369408.9603837205  118315.12879741543    108
 109    1369550.8133736162  118363.89076269216    109
 110    1369647.5774344429  118389.01556346986    110
 111    1369970.9742447853  118419.35539782864    111
 112    1370164.7432418054  118468.88898031377    112
 113    1370188.7297445852  118475.50189616307    113
 114    1370260.7887698908  118544.83801137014    114
 115    1370277.8717470604  118562.92894750374    115
 116    1370450.4435970546  118838.32676265424    116
 117    1370497.8016418873  119134.35387265173    117
 118    1370627.0056569858  119668.96244205777    118
 119    1370755.7586791641  119967.22302619972    119
 120    1370772.5724421549  119976.44201763479    120
 121    1370942.6868286552  119935.37992434161    121
 122    1371566.6191896091  119753.14864416867    122
 123    1371844.2755926501  119639.7261741258    123
 124    1371860.3165427179  119622.18359879252    124
 125    1371946.4110940378  119469.85963956312    125
 126    1371946.4143071144  119294.85963959261    126
 127    1371969.3687533368  119146.75913480841    127
 128    1371969.6789789302  119122.10246570849    128
 129    1371936.463974956  118924.87984147135    129
 130    1371924.638957852  118906.49899677094    130
 131    1371854.6368311138  118879.57870234195    131
 132    1371834.9150348413  118865.47990195699    132
 133    1371753.4287305099  118770.69075592002    133
 134    1371744.0463293795  118748.4160620831    134
 135    1371723.5366856798  118625.65503178742    135
 136    1371737.4977333811  118577.64368784583    136
 137    1371827.3442652798  118490.98527251251    137
 138    1371842.8927719032  118471.661619337    138
 139    1372014.6451659861  118195.75200528413    139
 140    1372030.4282574034  118176.69886484089    140
 141    1372309.7253803937  117926.99572774033    141
 142    1372377.4527903912  117765.71272667666    142
 143    1372520.2244411809  117501.86380071566    143
 144    1372535.8617439421  117482.83202758654    144
 145    1372834.162428221  117216.34243724791    145
 146    1372883.7279398132  117160.13901598068    146
 147    1372909.7335246699  117090.10026852948    147
 148    1373015.2100197272  116984.38049355146    148
 149    1373135.8653363504  116952.35455211235    149
 150    1373215.5611794714  116891.95113673514    150
 151    1373237.7623438213  116886.80156370532    151
 152    1373433.8299229816  116926.26679400113    152
 153    1373452.4775666336  116938.23119984295    153
 154    1373498.8089518701  117054.32772322795    154
 155    1373498.7000509268  117178.9051171482    155
 156    1373530.6022167939  117376.23146616059    156
 157    1373524.4031961483  117397.25791918873    157
 158    1373375.3114524942  117530.56827877917    158
 159    1373355.38550092  117545.25599919198    159
 160    1373218.8384594265  117607.3438841563    160
 161    1373101.6795634869  117701.00161320691    161
 162    1373090.6312577189  117719.39172808331    162
 163    1373175.30123706  118033.16871034681    163
 164    1373188.3874570471  118053.94287063087    164
 165    1373440.568176751  118364.43423059062    165
 166    1373452.3485209381  118385.92807418834    166
 167    1373571.4423163838  118793.900705484    167
 168    1373667.0641802647  119637.5591565044    168
 169    1374016.437125203  119832.33735175518    169
 170    1374036.7154020951  119824.32980077245    170
 171    1374549.1604365234  119424.45591377992    171
 172    1374956.6795388565  119233.59423288585    172
 173    1374980.9128332606  119235.38154011854    173
 174    1375669.3223337594  119362.23720464678    174
 175    1375693.2090311761  119357.64009725762    175
 176    1376283.4306957861  119152.05948867515    176
 177    1376299.0076311438  119135.38797899603    177
 178    1376477.7002717031  118695.28124170387    178
 179    1376482.8082713292  118671.02371202417    179
 180    1376533.520938419  118223.89037017118    180
 181    1376545.8847322993  118203.30839323753    181
 182    1376911.1422376039  117792.10655129293    182
 183    1376917.1797203196  117768.7018888162    183
 184    1377005.8912753249  116973.94168820672    184
 185    1376715.6209320507  116017.11656653459    185
 186    1376741.7880379809  114742.3860722278    186
 187    1376887.8562152842  112447.0290003152    187
 188    1376515.6669061638  110994.16013216561    188
 189    1376507.8106174155  110970.53953914503    189
 190    1375346.3834868658  108533.10502301477    190
 191    1373361.626367335  106119.38635909439    191
 192    1373342.7452354839  106129.677479691    192
 193    1372934.6675425947  106459.97673274236    193
 194    1372913.8834241263  106472.83539763991    194
 195    1372203.3337035854  106616.86350128334    195
 196    1372179.7808796477  106610.82638469531    196
 197    1371201.6112528187  106229.14041279005    197
 198    1370377.7997257174  105619.32729133699    198
 199    1370361.7933751645  105600.69015233099    199
 200    1369967.8763178324  104962.60004919099    200
 201    1369631.2504148048  103968.02325406109    201
 202    1369645.9679053719  103018.23999071721    202
 203    1369754.1776415478  102150.08168046958    203
 204    1371498.8291404403  99992.115937596915    204
 205    1371497.9754896215  99974.577996651642    205
 206    1369703.8378428714  98575.758814443107    206
 207    1369682.1156208715  98564.534505554024    207
 208    1368346.1902035032  98239.068256568265    208
 209    1368321.5166022009  98235.904637162312    209
 210    1365323.6994049174  98121.484133447608    210
 211    1363559.8221124774  98318.748772628125    211
 212    1363539.4509082048  98326.16685147892    212
 213    1363263.7761765316  100231.21670511829    213
 214    1363417.1659556911  101673.08062922812    214
 215    1363690.2138082576  102530.64775847062    215
 216    1363693.9557864848  102555.03078263879    216
 217    1363675.0797522124  103604.86110003782    217
 218    1363559.6309786802  104396.42507054668    218
 219    1362473.8503988034  106452.14239505626    219
 220    1361956.7423776861  106803.02253272796    220
 221    1368150.7776955874  116579.82638422708    222
 222    1368156.6927367887  116629.4752743213    222
 223    1368206.341374526  116623.56034662788    223
 224    1368229.3199533818  116596.6532829393    224
 225    1368202.4129433343  116573.6747021154    225
 226    1368143.6776914725  116630.11953987158    227
 227    1368137.7625796348  116580.47065819286    227
 228    1368096.8604235793  116575.27310097909    228
 229    1368047.2115540125  116581.18831447788    229
 230    1368025.3447758916  116608.97044136535    230
 231    1368044.3801323748  116641.94994541808    231
 232    1370678.2371207951  107775.73234261553    233
 233    1370744.8047637821  107850.35639307626    233
 234    1370780.1833023792  107850.95858371054    234
 235    1370814.6713575528  107817.5137190383    235
 236    1370748.1038361948  107742.88956007971    236
 237    1370712.5642511752  107745.11115961621    237
 238    1366312.1790466905  114743.26638418436    239
 239    1366312.1790466905  114893.26638418436    239
 240    1366358.1790466011  114897.26638427377    240
 241    1366401.1791767776  114890.26651445031    241
 242    1366401.1791767776  114790.26651445031    242
 243    1366398.1793070436  114743.26638418436    243
 244    1365628.4921375623  113552.38079369855    245
 245    1365775.069907597  113584.23918869268    245
 246    1365804.0445490715  113563.92980756408    246
 247    1365814.6640568939  113515.07056019364    247
 248    1365793.1652125411  113486.86067915884    248
 249    1365695.4466991841  113465.62174916443    249
 250    1365648.8816570807  113458.57074193371    250
 251    1367389.2766100317  112605.38054810464    252
 252    1367389.2766100317  112355.38054810464    252
 253    1367371.2763541192  112323.38080401719    253
 254    1367321.2763541192  112323.38080401719    254
 255    1367282.2768440247  112334.38129392266    255
 256    1367282.2768440247  112584.38129392266    256
 257    1367311.2775898427  112605.38054810464    257
 258    1366165.3184522358  114483.727893709    259
 259    1366292.6387412087  114698.87794371093    259
 260    1366324.4266174876  114717.24985825349    260
 261    1366367.4566593373  114691.78585427887    261
 262    1366395.4179358471  114662.45731271381    262
 263    1366268.097646889  114447.30726270302    263
 264    1366232.4452378575  114444.00409464733    264
 265    1368174.2886183469  110841.39556722643    266
 266    1368090.0446112861  110895.2745731038    266
 267    1368093.5030948459  110932.23451815719    267
 268    1368201.2609987978  111100.72260122509    268
 269    1368230.022373891  111134.55725825192    269
 270    1368314.2663809517  111080.67825237454    270
 271    1368302.5205389543  111041.8964093817    271
 272    1368328.5522493823  108977.49766143045    273
 273    1368228.6937123493  108982.81485821241    273
 274    1368223.9900141573  109026.12630920796    274
 275    1368237.2825664887  109275.77267519897    275
 276    1368273.9761516729  109287.83853743448    276
 277    1368323.9054201897  109285.17993904983    277
 278    1368343.3335530732  109255.10414808063    278
 279    1370772.258588529  107878.12846891819    280
 280    1370971.9614238313  108102.0007038475    280
 281    1371008.7095355345  108078.60019490005    281
 282    1371046.0215946685  108045.31641141338    282
 283    1371032.5044420445  108009.13227306513    283
 284    1370866.0854126194  107822.57207729651    284
 285    1370830.4652010466  107826.20594483812    285
 286    1365342.1896700042  113353.55070120447    287
 287    1365320.9506575386  113451.26919663644    287
 288    1365331.7435551588  113486.36210021497    288
 289    1365576.0398060014  113539.45957495976    289
 290    1365616.4863631751  113536.99382533535    290
 291    1365637.7253756507  113439.27532990556    291
 292    1365613.8472304405  113412.59512126436    292
 293    1374193.7052613248  115202.15550194544    294
 294    1374401.8851549528  115418.16738099158    294
 295    1374437.0517393369  115428.71768805111    295
 296    1374509.0557712372  115359.32446511036    296
 297    1374494.1542078129  115323.68796148186    297
 298    1374320.6710829532  115143.67794679131    298
 299    1374285.8700234308  115113.33226511782    299
 300    1370004.0954949828  116859.25615693456    301
 301    1369658.2197695514  116805.68393878688    301
 302    1369625.5119947845  116820.85632537077    302
 303    1369610.2057147596  116919.67797174341    303
 304    1369648.2039198452  116935.68254479143    304
 305    1369944.6688273579  116981.60158891627    305
 306    1369985.7280069108  116977.84182303617    306
 307    1366163.3519999981  105462.85099999607    308
 308    1366053.1169999987  105477.6589999944    308
 309    1365947.8180000037  105538.53499999642    309
 310    1365840.875  105684.9660000056    310
 311    1365946.172999993  106269.04600000381    311
 312    1366054.7619999945  106382.57099999487    312
 313    1366150.1889999956  106402.31499999762    313
 314    1366290.0390000045  106288.78900000453    314
 315    1366452.7169999927  105978.42000000179    315
 316    1366517.3419999927  105961.04500000179    316
 317    1366660.2310000062  105826.4619999975    317
 318    1366650.3589999974  105765.58599999547    318
 319    1366576.3209999949  105778.74799999595    319
 320    1366546.7049999982  105740.90700000525    320
 321    1366536.1544999927  105636.09700000286    321
 322    1366476.2047500014  105576.14724999666    322
 323    1366427.4954999983  105579.8939999938    323
 324    1366388.2202499956  105657.99824999273    324
 325    1365326.6040000021  101941.3410000056    326
 326    1365300.5620000064  102253.8410000056    326
 327    1365396.047999993  102449.15299999714    327
 328    1365370.0069999993  102581.53200000525    328
 329    1365491.5330000073  102844.11800000072    329
 330    1365519.7450000048  103035.09000000358    330
 331    1365613.0610000044  103154.4469999969    331
 332    1365626.0820000023  103234.74199999869    332
 333    1365662.974999994  103291.16500000656    333
 334    1365782.3320000023  103315.03700000048    334
 335    1365838.7549999952  103243.42200000584    335
 336    1365819.2240000069  103186.99899999797    336
 337    1365675.9960000068  103171.80799999833    337
 338    1365636.9319999963  103113.21400000155    338
 339    1365710.7169999927  102991.68700000644    339
 340    1365890.8379999995  102889.68999999762    340
 341    1365958.1120000035  102761.65299999714    341
 342    1365875.6480000019  102360.1780000031    342
 343    1365901.6889999956  102301.58300000429    343
 344    1366029.7269999981  102227.79899999499    344
 345    1366264.1019999981  101993.42499999702    345
 346    1366335.7160000056  101963.04299999774    346
 347    1366355.2469999939  101908.78900000453    347
 348    1366300.9940000027  101733.00800000131    348
 349    1366207.6780000031  101654.88400000334    349
 350    1366142.574000001  101513.82500000298    350
 351    1366183.8069999963  101333.70399999619    351
 352    1366170.7859999985  101192.64499999583    352
 353    1366105.6809999943  101103.67000000179    353
 354    1365975.4740000069  101086.30799999833    354
 355    1365856.561499998  100998.39524999261    355
 356    1365862.8435000032  100905.73624999821    356
 357    1365947.6502500027  100765.96224999428    357
 358    1365928.8042500019  100585.35549999774    358
 359    1365875.6480000019  100519.90299999714    359
 360    1365754.1200000048  100513.39300000668    360
 361    1365534.9360000044  100600.19799999893    361
 362    1365404.7280000001  100741.25800000131    362
 363    1365398.2179999948  100838.9130000025    363
 364    1365493.3819999993  100948.70825000107    364
 365    1365320.0929999948  101073.28700000048    365
 366    1365319.4527499974  101293.64824999869    366
 367    1365270.4790000021  101592.0842500031    367
 368    1367192.7135129927  104563.01480146924    369
 369    1367165.5227101627  104710.52975068272    369
 370    1367138.3319073324  104858.04469989619    370
 371    1367111.1411045024  105005.55964910967    371
 372    1367078.8710057323  105152.00137106032    372
 373    1367032.9315665648  105293.80524375454    373
 374    1366903.1587079524  105301.88122976224    374
 375    1366762.1234622132  105342.62762895149    375
 376    1366693.7715681558  105469.55216506746    376
 377    1366631.9623178954  105605.82796556572    377
 378    1366588.3745421686  105687.71719647685    378
 379    1366684.2217149977  105583.64123712896    379
 380    1366739.5135149225  105444.34607701043    380
 381    1366846.486157608  105348.91656563277    381
 382    1366994.8644920767  105363.23339804108    382
 383    1367088.2350951692  105280.37385102376    383
 384    1367122.4457164952  105134.32716880032    384
 385    1367155.9632104568  104988.13730078138    385
 386    1367182.4237781223  104840.48961756621    386
 387    1367208.884345788  104692.84193435105    387
 388    1366036.540828974  102289.20016911632    389
 389    1366162.0435826613  102371.35282468445    389
 390    1366287.5463363486  102453.50548025258    390
 391    1366347.7509852971  102590.47085169822    391
 392    1366386.3384862253  102733.42030803216    392
 393    1366403.1985737639  102876.7160978232    393
 394    1366384.1531667989  103020.12991604631    394
 395    1366316.3701307781  103153.38875851243    395
 396    1366278.9119607701  103294.31527732077    396
 397    1366223.6504238669  103429.77989364635    397
 398    1366179.6696201926  103568.22359169849    398
 399    1366244.3840670069  103696.78224862355    399
 400    1366300.4729690617  103820.37124087481    400
 401    1366274.2258108787  103967.52575575348    401
 402    1366305.8266039824  104079.69742692087    402
 403    1366448.0881838913  104120.26277011189    403
 404    1366572.8039430145  104203.6053128276    404
 405    1366697.5197021377  104286.94785554332    405
 406    1366822.2354612609  104370.29039825902    406
 407    1366949.2057645407  104449.22733549734    407
 408    1367091.7738603351  104495.36750026362    408
 409    1367233.6622873947  104539.19876549835    409
 410    1367379.3555852056  104563.31543704777    410
 411    1367443.9202911395  104688.28037929824    411
 412    1367443.7104295881  104838.28023249193    412
 413    1367538.3956010726  104946.18983793205    413
 414    1367640.4708588547  105050.0833971979    414
 415    1367748.696862062  105153.5750234138    415
 416    1367847.8558291013  105264.9075544544    416
 417    1367962.6262330066  105345.70185532002    417
 418    1368097.7485036922  105300.75395389969    418
 419    1368243.5827434468  105335.85914604005    419
 420    1368379.3024146147  105359.4442354671    420
 421    1368465.4739931393  105473.06692605419    421
 422    1368611.9537692904  105481.90134044616    422
 423    1368755.7321558013  105447.11352602819    423
 424    1368888.5786997341  105493.13120703137    424
 425    1369002.8808746384  105567.60256825527    425
 426    1369135.3299510563  105628.32020064165    426
 427    1369285.0614538884  105629.3599134036    427
 428    1369429.3440144933  105632.22412679576    428
 429    1369539.54389804  105696.73508516711    429
 430    1369645.4654376984  105801.88126092036    430
 431    1369735.4974277548  105921.34770578903    431
 432    1369775.1666654546  106065.23411112344    432
 433    1369860.6719870213  106179.61692137842    433
 434    1369893.2316125087  106316.50867450092    434
 435    1369976.8539417959  106430.07618918536    435
 436    1370107.4808590685  106495.10954580583    436
 437    1370217.1341571931  106588.15557629353    437
 438    1370318.1827362289  106682.33865397044    438
 439    1370392.0906401749  106810.89628198757    439
 440    1370495.3062908167  106914.96443224553    440
 441    1370557.5563621772  107050.88932455609    441
 442    1370666.6225119124  107152.88889988225    442
 443    1370805.638363194  107202.41103157256    443
 444    1370934.8427871964  107266.44324074969    444
 445    1371031.655022487  107380.75155894917    445
 446    1371156.658651575  107447.76058554334    446
 447    1371285.0919115087  107514.07782324139    447
 448    1371376.0574722106  107631.39897558007    448
 449    1371501.1692439623  107712.77835078212    449
 450    1371625.9220925393  107792.94330112651    450
 451    1371711.9366182867  107914.35893744099    451
 452    1371835.9766583773  107991.27836199799    452
 453    1371970.4296778175  107932.27166527002    453
 454    1372107.8227137113  107934.56912989994    454
 455    1372254.8871226786  107964.09978541359    455
 456    1372395.3983361423  107997.28026919406    456
 457    1372375.6308829377  107900.06427461944    457
 458    1372446.7425400116  107852.59060529887    458
 459    1372578.5608874212  107911.88560644332    459
 460    1372694.3179238103  107916.78370819644    460
 461    1372842.2576095182  107912.16682683397    461
 462    1372977.3635533049  107903.36577272481    462
 463    1373102.8704526818  107943.31343232928    463
 464    1373174.1180498824  107813.97812007561    464
 465    1373301.554779182  107739.01238963004    465
 466    1373440.6119710305  107682.77096899327    466
 467    1373539.9199971582  107575.71132436674    467
 468    1373595.1026289426  107438.71999240712    468
 469    1373682.7621464103  107326.2314475686    469
 470    1373825.7613988575  107280.94111968788    470
 471    1373972.5900799634  107260.06680768396    471
 472    1374105.4115370861  107260.81937751903    472
 473    1373963.4938508875  107220.01931118924    473
 474    1373816.3630740331  107242.35991181692    474
 475    1373673.6890767158  107288.6646684786    475
 476    1373573.5622072369  107391.69755321191    476
 477    1373512.6994035374  107527.43956578725    477
 478    1373427.4855703018  107644.34271954709    478
 479    1373288.5435828816  107700.86814861858    479
 480    1373158.8558523986  107769.52353165302    480
 481    1373087.5182066299  107900.00069227652    481
 482    1372961.2684879464  107843.01077101049    482
 483    1372823.4528543614  107874.55513478596    483
 484    1372693.0040849578  107835.33475608188    484
 485    1372556.2470868432  107864.22442027499    485
 486    1372420.7638167017  107802.12326578003    486
 487    1372321.4071499819  107868.55642958311    487
 488    1372350.1353292074  107953.67561635816    488
 489    1372207.185173766  107911.86978606594    489
 490    1372060.1892281249  107882.55141051793    490
 491    1371925.0582866096  107913.21174328822    491
 492    1371793.0254142159  107929.31894585656    492
 493    1371687.0001415291  107825.47114231736    493
 494    1371604.9273198701  107710.6087833865    494
 495    1371468.0180489679  107651.24110810872    495
 496    1371358.7602300071  107550.0657382581    496
 497    1371260.3253517908  107439.08615972915    497
 498    1371117.2734284899  107397.36099357506    498
 499    1371013.6119292567  107298.832011329    499
 500    1370908.9545345651  107193.2755267773    500
 501    1370767.5223615288  107151.16258504328    501
 502    1370636.5800412444  107081.66910637302    502
 503    1370557.8258125738  106957.10492169332    503
 504    1370482.2755611273  106832.96920149647    504
 505    1370381.7621495668  106722.82837292115    505
 506    1370316.202277404  106588.26470057778    506
 507    1370197.3839597236  106500.93023126839    507
 508    1370072.7378563671  106435.42435596672    508
 509    1369969.4968150151  106352.136887146    509
 510    1369929.8669277756  106208.46904112422    510
 511    1369842.3457485824  106091.13541648186    511
 512    1369790.489854448  105952.42827169632    512
 513    1369714.1208143933  105824.28184150896    513
 514    1369620.1744601794  105707.34560875835    514
 515    1369505.1165631467  105611.84278419593    515
 516    1369375.0306786699  105607.51687528292    516
 517    1369227.204385208  105591.2651190265    517
 518    1369080.2553456007  105576.79171397441    518
 519    1368972.6795124582  105472.25731712967    519
 520    1368835.014027603  105436.20063834921    520
 521    1368700.1882786034  105427.40116242695    521
 522    1368552.0743046987  105444.90894290114    522
 523    1368436.7056673025  105379.61009131762    523
 524    1368331.1732600576  105299.10951213741    524
 525    1368184.0407430178  105280.6924524674    525
 526    1368041.7387286695  105279.81373445989    526
 527    1367906.9732641801  105273.35672640975    527
 528    1367811.6989549836  105157.88850132099    528
 529    1367701.9684556469  105056.15442611417    529
 530    1367608.2959389912  104939.08905538633    530
 531    1367496.7224431592  104849.06329827839    531
 532    1367483.6291225578  104703.66144098167    532
 533    1367439.3470357163  104565.06725238852    533
 534    1367312.3246321876  104499.50164243345    534
 535    1367165.9527903604  104478.93639424273    535
 536    1367022.5894467446  104435.85851034502    536
 537    1366889.3596706449  104368.19591615813    537
 538    1366764.7512345859  104284.69299607207    538
 539    1366640.1427985267  104201.190075986    539
 540    1366515.5343624675  104117.68715589994    540
 541    1366382.816145984  104055.0779515633    541
 542    1366310.176102397  103954.27660589214    542
 543    1366358.1530537487  103814.09212755098    543
 544    1366288.7762182215  103686.19709447512    544
 545    1366213.2925286288  103560.04544995479    545
 546    1366260.5146898327  103418.60309483903    546
 547    1366328.4354961573  103288.58512319509    547
 548    1366363.4503300644  103142.85257242796    548
 549    1366433.404704947  103012.62494046791    549
 550    1366434.7358670996  102865.36197631327    550
 551    1366413.0922127625  102718.38023908761    551
 552    1366383.7975203639  102577.65127131937    552
 553    1366329.7027873721  102444.25808367715    553
 554    1366209.3119443459  102355.44494929571    554
 555    1366079.2724712912  102282.35133754641    555
 556    1359641.8180954442  108100.72493920714    557
 557    1359719.8498256223  108273.55418218957    557
 558    1360296.3692843057  109063.43123581831    558
 559    1361102.0062354852  109532.27351720112    559
 560    1361487.9919951817  109619.01349226864    560
 561    1361925.1474647366  109784.97617725453    561
 562    1361942.3842209205  109796.67863224971    562
 563    1362250.7369742659  110058.45812374481    563
 564    1362934.2337329802  110899.50410326988    564
 565    1363317.3329923826  111195.73513097492    565
 566    1363588.5945227251  111470.72299847778    566
 567    1363617.7560185085  111508.69754357333    567
 568    1363626.8170314808  111528.21304480552    568
 569    1363715.1192701128  111788.65058943484    569
 570    1363722.9720030255  111830.57427737024    570
 571    1363736.7401282478  112101.75820439162    571
 572    1363705.7835982449  112362.51879978819    572
 573    1363741.4082651683  112568.35020867769    573
 574    1363896.7084901363  112846.58987389026    574
 575    1364142.4598544422  113051.82365131883    575
 576    1364337.0844240396  113241.18637114616    576
 577    1364444.8600995156  113318.77503905966    577
 578    1365038.3520299264  113623.00209164724    578
 579    1365075.5692642021  113647.50803935586    579
 580    1365508.4169301593  114052.08627120525    580
 581    1365741.9034546115  114172.75024628258    581
 582    1365762.2432824627  114186.6826547325    582
 583    1365786.2991930309  114208.37367255904    583
 584    1365839.2259584107  114272.14838023669    584
 585    1365865.6813767219  114317.70811418112    585
 586    1365902.5899490172  114483.12160879852    586
 587    1365903.9426025334  114516.47991265295    587
 588    1365898.4098482605  114553.30037588569    588
 589    1365829.0025840728  114819.3974102143    589
 590    1365784.8189632096  114933.64227388684    590
 591    1365727.4205641767  115563.78733666691    591
 592    1365734.3890076438  115757.99177699619    592
 593    1365692.9511531885  116164.05792105207    593
 594    1365678.9646816163  116493.79596959658    594
 595    1365658.2065017298  116632.97026479991    595
 596    1365556.4300345404  116943.79877672264    596
 597    1365528.839096912  116995.15493803495    597
 598    1365354.0647285653  117221.15470971382    598
 599    1365328.5185686534  117240.44010185165    599
 600    1365196.9933636861  117305.67675335673    600
 601    1365125.8288820751  117393.01498078818    601
 602    1365059.1673784838  117881.66642026151    602
 603    1365051.6110987989  117908.43605259569    603
 604    1365042.5800036809  117924.67039472102    604
 605    1365016.5224324875  117956.27728398917    605
 606    1364799.3593139208  118181.06780681724    606
 607    1364771.9003866352  118202.52960360231    607
 608    1364743.1228198111  118215.24452686914    608
 609    1364317.8120052621  118326.40472354632    609
 610    1364274.2145800237  118329.45430697658    610
 611    1364064.8581676104  118312.72823195899    611
 612    1363971.5920768562  118334.54430169229    612
 613    1363930.8602825738  118442.19261515321    613
 614    1363926.7945238191  118661.2840844006    614
 615    1364013.7024681785  118807.61505980104    615
 616    1364165.0188010181  118996.76047585039    616
 617    1364267.7079940536  119005.08662663706    617
 618    1364462.0984836463  118906.29802819851    618
 619    1364508.422744914  118896.23400846629    619
 620    1364766.7013049168  118857.29047944424    620
 621    1365191.8489064625  118695.9076774783    621
 622    1365673.9106313919  118374.52759210189    622
 623    1366046.8987648762  117865.77749352685    623
 624    1366095.0399948927  117815.4579991802    624
 625    1366204.5346560217  117746.15103662752    625
 626    1366252.3568718443  117635.97848301863    626
 627    1366270.0875942283  117608.53546980208    627
 628    1366363.0073814366  117529.17171130824    628
 629    1366400.1122980753  117510.31768906763    629
 630    1366427.0156843516  117502.22950022983    630
 631    1366757.8721983656  117452.31631923553    631
 632    1366806.1319854013  117457.22885911593    632
 633    1367070.9610920749  117506.14626886432    633
 634    1367191.0403247878  117498.31856639366    634
 635    1367273.0002899899  117467.08284915962    635
 636    1367377.027078069  117361.26912445728    636
 637    1367455.0657957213  117301.1530503477    637
 638    1367536.488388788  117263.01828484928    638
 639    1367588.3626817407  117247.90752722784    639
 640    1367646.5235191772  117241.57969442038    640
 641    1367663.5030130367  117242.52645511011    641
 642    1367703.2467723002  117249.43384801102    642
 643    1367810.2567695868  117281.6100940201    643
 644    1367970.0267472607  117296.9791746751    644
 645    1368104.5173141579  117288.48599669291    645
 646    1368124.6093215819  117293.12401886849    646
 647    1368143.3228919141  117301.78440554855    647
 648    1368175.9760132954  117326.00496289658    648
 649    1368188.875394695  117340.16120057119    649
 650    1368282.9870754764  117530.15741384585    650
 651    1368374.5651374145  117639.45248977834    651
 652    1368392.3679926805  117666.41732189075    652
 653    1368421.1695356679  117726.69892983793    653
 654    1368538.6002229562  117773.25642304262    654
 655    1368570.1888917694  117792.41124693355    655
 656    1368660.8676056848  117859.54951245979    656
 657    1368720.7428880159  117890.20624220261    657
 658    1368799.2004575785  117889.6870917646    658
 659    1368834.953959377  117892.87307187624    659
 660    1368854.4537927445  117896.95893054332    660
 661    1368886.7683282231  117910.31314561724    661
 662    1368933.5132298549  117937.22608554135    662
 663    1369057.1370508033  118041.01022662359    663
 664    1369223.1028278868  118118.5897624291    664
 665    1369306.8176538504  118143.3259822199    665
 666    1369348.3104353191  118159.63505075526    666
 667    1369451.8858588301  118224.14115251132    667
 668    1369580.683079706  118268.41519718745    668
 669    1369665.7551892195  118290.46939582711    669
 670    1369985.818766237  118320.46333453299    670
 671    1370215.3075163101  118379.0984623542    671
 672    1370242.4646032345  118391.16587203383    672
 673    1370258.0658597921  118403.44287085718    673
 674    1370356.9775824635  118501.75487779123    674
 675    1370543.5613915829  118801.87026334081    675
 676    1370553.8881789509  118847.53016222018    676
 677    1370595.5481500942  119113.11707841566    677
 678    1370722.8974937194  119640.05155764482    678
 679    1370819.0308913896  119862.35595133547    679
 680    1370916.9328961195  119838.72443295244    680
 681    1371536.0032052775  119657.91270858576    681
 682    1371782.1961575791  119557.19107948984    682
 683    1371846.4115735183  119443.74384466404    683
 684    1371846.8820949178  119285.19844219009    684
 685    1371869.57372099  119129.83928034945    685
 686    1371844.8353796476  118982.94901947203    686
 687    1371803.5546795805  118965.54738149156    687
 688    1371767.4357751887  118939.28064393661    688
 689    1371671.2507913385  118827.67133430901    689
 690    1371651.888094048  118787.23435236714    690
 691    1371627.403451727  118668.45082530483    691
 692    1371623.5376313657  118625.22013377769    692
 693    1371627.5139977967  118597.73293638436    693
 694    1371648.9303746447  118531.21284716367    694
 695    1371666.5936970233  118507.12689815584    695
 696    1371761.1924261311  118413.68228703573    696
 697    1371929.749900124  118142.90511479659    697
 698    1371953.4185633655  118112.90617698255    698
 699    1372224.7631296176  117870.60985960622    699
 700    1372289.5031484042  117718.12217641328    700
 701    1372432.274799194  117454.2732504523    701
 702    1372463.7048498534  117413.5977684697    702
 703    1372764.1561874126  117144.79025285583    703
 704    1372797.6550449082  117106.8983785092    704
 705    1372819.2505176447  117047.52298069104    705
 706    1372830.2277034011  117029.44695547588    706
 707    1372925.0595467105  116930.58740030788    707
 708    1372949.8588143897  116908.68888264953    708
 709    1372981.429199395  116890.25899665689    709
 710    1373090.0402788443  116861.60941744081    710
 711    1373173.1268261035  116801.40100888179    711
 712    1373215.1671458161  116789.38771958087    712
 713    1373236.297871819  116786.81228767156    713
 714    1373257.4949589691  116788.76777412524    714
 715    1373453.5625381293  116828.23300442107    715
 716    1373479.7855228684  116837.45191439729    716
 717    1373506.4786845061  116854.0654154142    717
 718    1373529.600389875  116874.57532709514    718
 719    1373541.0311925882  116891.77417313782    719
 720    1373597.3066263611  117037.05901974902    720
 721    1373600.5282316748  117080.76734865138    721
 722    1373598.8078014909  117173.98930636508    722
 723    1373630.3145832575  117368.65228584685    723
 724    1373628.6864432837  117395.71182842369    724
 725    1373613.4901985493  117442.68374888081    725
 726    1373591.0583759437  117471.80379101576    726
 727    1373434.645599162  117611.06336582938    727
 728    1373396.7774242295  117636.28736018774    728
 729    1373271.4756308917  117693.26203532884    729
 730    1373202.1198019318  117748.71190719958    730
 731    1373267.929616296  117992.59533690225    731
 732    1373518.1910167411  118301.38905066473    732
 733    1373540.0411158681  118337.86552333587    733
 734    1373548.3420812429  118357.90600467175    734
 735    1373669.348711096  118773.54541441587    735
 736    1373758.8906569027  119574.26231304643    736
 737    1374013.0462666904  119715.95608671868    737
 738    1374496.8752938805  119339.21353078412    738
 739    1374914.2658319913  119143.03443236736    739
 740    1374933.5550643534  119136.30467188901    740
 741    1374953.809429406  119133.63542901275    741
 742    1374999.0350710505  119137.03732576157    742
 743    1375668.4100513691  119260.38543162786    743
 744    1376218.060019613  119068.93638501661    744
 745    1376381.6864771487  118665.93654050521    745
 746    1376434.1579735628  118212.62088859607    746
 747    1376442.7892980727  118181.84551983194    747
 748    1376471.1207610366  118136.89793772755    748
 749    1376819.2271812744  117745.00454986919    749
 750    1376905.0949339003  116986.19490042987    750
 751    1376626.5007318268  116070.23387286848    751
 752    1376617.0746949425  116034.10595003699    752
 753    1376615.641922629  116015.06774369205    753
 754    1376641.9899044195  114736.03528191063    754
 755    1376787.2266010696  112453.74433455057    755
 756    1376419.6821755662  111022.42642427716    756
 757    1375261.0015608354  108586.39045505949    757
 758    1373344.956064682  106256.54000040547    758
 759    1372997.5816860327  106537.70581710241    759
 760    1372950.6980878182  106565.81217182167    760
 761    1372223.1996489156  106714.87035928898    761
 762    1372187.3290080121  106715.57444150579    762
 763    1372143.4298347041  106703.98539677417    763
 764    1371150.1562151688  106314.8864278604    764
 765    1370318.2781849469  105699.68391013275    765
 766    1370301.9377792797  105684.48068789205    766
 767    1370276.7717720976  105653.33354709182    767
 768    1369880.8141262133  105011.79532122472    768
 769    1369536.5288152685  104000.08286387289    769
 770    1369531.8991610024  103979.39551715451    770
 771    1369546.4575923779  103008.35578069206    771
 772    1369651.5479897431  102162.35588312562    772
 773    1369659.1899197001  102118.81935972697    773
 774    1369676.4131102732  102087.21135618494    774
 775    1371365.4403898525  99998.047411166015    775
 776    1369649.6782015618  98660.334518603486    776
 777    1368313.2341829848  98335.661327360867    777
 778    1365324.0223999789  98221.569274572787    778
 779    1363628.0853775383  98411.682956410848    779
 780    1363364.3608029929  100231.40801000604    780
 781    1363515.5580750275  101652.66236714253    781
 782    1363785.4960905227  102500.29505370909    782
 783    1363793.7304139854  102548.32081191773    783
 784    1363774.5040294966  103615.57618690275    784
 785    1363658.5665736157  104410.97663591812    785
 786    1363653.079703962  104432.02472985986    786
 787    1362574.2669044416  106477.01813294215    787
 788    1362556.5868584448  106508.30891752272    788
 789    1362544.6323562977  106522.78172187413    789
 790    1362034.44570828  106872.76516898272    790
 791    1362002.3196708728  106892.0321408935    791
 792    1359567.7792757782  108180.51990337185    1
 793    1359930.4707006835  108731.74199363639    3
 794    1360656.0608934087  109388.35122740714    5
 795    1364996.4872544529  117608.45848681148    48
 796    1370691.3821680751  119818.09273412879    119
 797    1373132.9662473896  117876.28021921508    163
 798    1373619.2532483242  119215.72993099419    168
 799    1373841.7506527337  119734.94825412975    169
 800    1374292.9379193094  119624.39285727614    171
 801    1375325.11758351  119298.80937238266    174
 802    1375988.319863481  119254.84979296642    176
 803    1376388.3539514234  118915.33461034995    178
 804    1376728.5134849516  117997.70747226523    182
 805    1376961.5354978223  117371.32178851144    184
 806    1376860.7561036879  116495.52912737068    185
 807    1376814.8221266326  113594.70753627151    187
 808    1376701.7615607241  111720.59456624044    188
 809    1375927.0970521406  109751.82228107989    190
 810    1374354.0049271004  107326.24569105459    191
 811    1373138.7063890393  106294.82710621669    193
 812    1369700.0727734598  102584.16083559339    203
 813    1370626.5033909939  101071.09880903331    204
 814    1370600.9066662465  99275.168405547374    206
 815    1369014.1529121874  98401.801381061145    208
 816    1366822.6080035591  98178.69438530496    210
 817    1364441.7607586975  98220.116453037859    211
 818    1363401.6135423682  99278.691778298613    213
 819    1363340.4710661112  100952.14866717318    214
 820    1363016.7406887417  105424.28373280152    219
 821    1362215.2963882447  106627.58246389212    220
 822    1360734.4344627783  107428.90424763538    221
 823    1366366.1793070436  114743.26638418436    244
 824    1365635.2886870762  113521.11057856967    251
 825    1370806.5854832027  107847.50756627158    286
 826    1365630.0793311594  113474.45398826031    291
 827    1366541.4297499955  105688.50200000405    321
 828    1365573.6418559162  103104.02744943014    331
 829    1367181.1121037852  104625.95451313368    369
 830    1367151.9273087475  104784.28722528944    370
 831    1367124.7365059173  104931.80217450294    371
 832    1367095.0060551174  105078.78051008499    372
 833    1367052.6560506488  105232.92055990366    373
 834    1366832.6410850827  105322.25442935689    375
 835    1366727.9475151845  105406.08989700949    376
 836    1366662.8669430255  105537.69006531664    377
 837    1366631.729989189  105640.63954558312    379
 838    1366711.8676149601  105513.99365706969    380
 839    1366798.7280134971  105391.52125634984    381
 840    1366910.1902996488  105355.06329540015    382
 841    1367041.5497936229  105321.80362453242    383
 842    1367105.340405832  105207.35050991207    384
 843    1367139.2044634758  105061.23223479088    385
 844    1367169.1934942896  104914.31345917379    386
 845    1367195.6540619552  104766.66577595862    387
 846    1366090.0886705474  102324.25196882544    389
 847    1366224.7949595051  102412.42915246857    390
 848    1366367.0447357614  102661.94557986522    392
 849    1366350.2616487886  103086.75933727932    395
 850    1366297.6410457741  103223.85201791659    396
 851    1366251.2811923185  103362.04758548355    397
 852    1366201.6600220297  103499.00174267245    398
 853    1366289.2349962578  103883.37685941206    401
 854    1366386.5414233489  104102.71294769818    403
 855    1366501.3002411171  104155.82225500391    404
 856    1366635.1618225761  104245.27658418546    405
 857    1366759.8775816993  104328.61912690118    406
 858    1366885.7206129008  104409.75886687818    407
 859    1367020.4898124379  104472.29741788047    408
 860    1367162.7180738649  104517.28313288098    409
 861    1367306.5089363002  104551.25710127306    410
 862    1367411.6379381726  104625.797908173    411
 863    1367443.8153603638  104763.28030589508    412
 864    1367491.0530153303  104892.23503521198    413
 865    1367589.4332299638  104998.13661756503    414
 866    1367694.5838604583  105101.82921030585    415
 867    1367798.2763455817  105209.24128893416    416
 868    1367905.2410310539  105305.30470488721    417
 869    1368037.0202645743  105320.95496807338    418
 870    1368159.9711126541  105315.73216921289    419
 871    1368316.2474251443  105348.48666717444    420
 872    1368417.976043117  105410.43786701516    421
 873    1368538.7138812148  105477.48413325017    422
 874    1368693.5270633276  105462.16432236372    423
 875    1368816.2067124872  105468.06174775827    424
 876    1368945.7297871863  105530.36688764332    425
 877    1369069.1054128474  105597.96138444846    426
 878    1369210.1957024722  105628.84005702262    427
 879    1369365.3566212887  105630.95388631917    428
 880    1369484.5761299536  105664.55698039367    429
 881    1369592.5046678693  105749.3081730438    430
 882    1369696.9792015345  105870.23658910362    431
 883    1369752.5074938966  105983.04582285798    432
 884    1369822.3528554668  106128.35636971422    433
 885    1369875.4812166935  106241.87996592747    434
 886    1369935.0427771523  106373.29243184315    435
 887    1370050.188462605  106466.58619909716    436
 888    1370156.2799357658  106536.51787967089    437
 889    1370271.3654134292  106638.70222096021    438
 890    1370350.0807583844  106737.82303179488    439
 891    1370450.2379582981  106869.52386222282    440
 892    1370521.9549136853  106973.15249716616    441
 893    1370612.0894370447  107101.88911221911    442
 894    1370736.1304375532  107177.64996572741    443
 895    1370870.2405751953  107234.42713616118    444
 896    1370983.2489048417  107323.59739984943    445
 897    1371094.156837031  107414.25607224625    446
 898    1371220.8752815418  107480.91920439235    447
 899    1371324.3077197315  107564.655687821    448
 900    1371438.6133580864  107672.08866318109    449
 901    1371563.5456682509  107752.86082595437    450
 902    1371662.9185771968  107845.16647723617    451
 903    1371773.956638332  107952.8186497195    452
 904    1371911.8250177365  107957.99118736511    453
 905    1372034.4207318537  107933.34171356121    454
 906    1372181.3549181949  107949.33445765678    455
 907    1372325.1427294104  107980.69002730382    456
 908    1372388.3833905729  107962.78088764194    457
 909    1372512.6517137163  107882.23810587106    459
 910    1372768.2877666643  107914.4752675152    461
 911    1373038.3488870764  107922.77682794537    463
 912    1373143.2375961868  107870.03521221881    464
 913    1373490.2659840942  107629.24114668005    467
 914    1373567.5113130505  107507.21565838689    468
 915    1373643.4228685705  107376.71333757925    469
 916    1374043.9029556476  107243.13621011568    473
 917    1373623.6256419765  107340.18111084519    476
 918    1373543.1308053872  107459.56855949957    477
 919    1373465.184486181  107592.62433073306    478
 920    1373118.2205472407  107843.84585026794    481
 921    1373029.1859689467  107873.66915136298    482
 922    1372498.0676954489  107837.55686663807    486
 923    1372339.9022675147  107923.35591239539    488
 924    1372288.708285928  107935.71125291441    489
 925    1372133.6872009453  107897.21059829192    490
 926    1371992.6237573673  107897.88157690308    491
 927    1371747.3035143407  107884.53604876641    493
 928    1371645.9637306996  107768.03996285194    494
 929    1371526.7352977647  107676.70254353086    495
 930    1371421.0596633591  107607.75651289387    496
 931    1371309.5427908991  107494.57594899368    497
 932    1371178.7132335498  107415.28166192713    498
 933    1371070.8847637805  107353.26913733741    499
 934    1370961.2832319108  107246.05376905309    500
 935    1370838.2384480471  107172.21905591032    501
 936    1370693.1118972464  107111.6715938861    502
 937    1370602.3790025197  107027.57392220512    503
 938    1370520.0506868507  106895.03706159495    504
 939    1370432.0188553471  106777.8987872088    505
 940    1370353.7309968211  106665.29356193027    506
 941    1370256.7931185639  106544.59746592314    507
 942    1370135.0609080454  106468.17729361755    508
 943    1370019.3085143596  106392.32139421543    509
 944    1369952.4784054889  106290.44107094106    510
 945    1369886.106338179  106149.80222880305    511
 946    1369816.4178015152  106021.7818440891    512
 947    1369752.3053344206  105888.35505660264    513
 948    1369667.1476372862  105765.8137251336    514
 949    1369562.6455116631  105659.59419647715    515
 950    1369440.0736209084  105609.67982973943    516
 951    1369301.1175319389  105599.39099715471    517
 952    1369143.9471601627  105583.06489162242    518
 953    1369034.3563234599  105532.19037132067    519
 954    1368903.8467700304  105454.22897773942    520
 955    1368767.6011531032  105431.80090038807    521
 956    1368615.6318203735  105437.39614041138    522
 957    1368383.9394636801  105339.35980172758    524
 958    1368257.6070015377  105289.90098230241    525
 959    1368112.8897358435  105280.25309346365    526
 960    1367866.2414422149  105223.99156987795    528
 961    1367756.8337053154  105107.02146371764    529
 962    1367655.1321973191  104997.62174075024    530
 963    1367546.5305947412  104889.25220266721    531
 964    1367461.4880791372  104634.36434668512    533
 965    1367375.8358339518  104532.28444741093    534
 966    1367239.1387112741  104489.2190183381    535
 967    1367104.6600192678  104460.5191139931    536
 968    1366965.5267264855  104406.87841447513    537
 969    1366836.193404593  104332.56800358808    538
 970    1366702.4470165563  104242.94153602904    539
 971    1366577.8385804971  104159.43861594297    540
 972    1366449.1752542257  104086.38255373162    541
 973    1366330.8995008043  103893.72463847192    543
 974    1366233.5599616994  103499.33934518164    546
 975    1366294.475092995  103353.59410901705    547
 976    1366348.4987064803  103205.08157653536    548
 977    1366393.7362524343  103086.47205357435    549
 978    1366434.0702860234  102938.99345839059    550
 979    1366423.914039931  102791.87110770044    551
 980    1366269.5073658591  102399.85151648648    554
 981    1366144.2922078185  102318.89814342101    555
 982    1362592.4853536231  110478.98111350735    564
 983    1365860.4046981339  118120.15254281444    623
 984    1375840.3418682008  109804.40843966833    757
 985    1374302.9788127588  107421.46522773254    758
 986    1372586.9488683669  106640.34126555533    761
 987    1371646.7930249365  106509.43591231728    764
 988    1369708.6714707408  104505.93909254877    769
 989    1369539.1783766903  103493.87564892328    771
 990    1368981.4561922732  98497.997922982147    777
 991    1363113.6733042018  105454.52143140099    787
 992    1362289.5390322888  106697.77344542842    790
 993    1373643.1587142944  119426.64454374929    168
 994    1374164.8266607022  119724.36132902429    171
 995    1376788.1885178695  116256.32284695267    185
 996    1376851.3391709584  113020.86826829336    187
 997    1376794.8088880042  112083.81178327782    188
 998    1375636.7402695031  109142.46365204728    190
 999    1374850.1942069831  107929.67535703468    191
1000    1373857.8156472177  106722.81602507448    191
1001    1373240.7258122615  106212.2522929539    193
1002    1369727.1252075038  102367.12125803149    203
1003    1371062.6662657172  100531.60737331506    204
1004    1371049.4410779341  99624.873201099574    206
1005    1370152.3722545588  98925.463609995175    206
1006    1364000.7914355875  98269.432612832985    211
1007    1363470.5322252866  98802.429314888752    213
1008    1363332.6948594498  99754.954241708459    213
1009    1362745.2955437726  105938.21306392884    219
1010    1360123.2805053242  107741.84510508913    221
1011    1370789.422035866  107862.81801759484    286
1012    1365634.3271336546  113454.91028917431    291
1013    1365623.2828471672  113505.72390679781    291
1014    1366727.7075173312  105474.08861255932    380
1015    1360008.1095549641  108668.492709004    558
1016    1360699.1877598953  109297.85237650966    559
1017    1365092.4981302796  117637.34070052483    602
1018    1370768.225476949  119744.87059112618    679
1019    1373235.4667476413  117872.2917648295    731
1020    1373714.1196839993  119173.90386373116    736
1021    1373870.6899992831  119636.59133552671    737
1022    1374215.0331870944  119558.67517883204    738
1023    1375333.7225612099  119198.71137869473    743
1024    1375976.3052257888  119153.14220229194    744
1025    1376314.3659479986  118831.74201712861    745
1026    1376649.216415169  117936.40031630162    749
1027    1376848.0127095531  117490.62807029273    750
1028    1376765.7978328634  116528.21438664914    751
1029    1376714.6082527447  113594.88980823058    755
1030    1376603.4543883179  111738.08537941387    756
1031    1373171.2688753572  106397.122908754    759
1032    1369599.0027910606  102585.35583190883    772
1033    1370721.64826918  100794.3562114189    775
1034    1370557.8812908318  99368.425062778493    776
1035    1366818.6282914819  98278.615300966834    778
1036    1364645.711443759  98297.607589446343    779
1037    1363481.2160224181  99425.095701804603    780
1038    1363439.9594390104  100942.0351885743    781
1039    1360553.2764830599  107634.01345697753    792
1040    1365631.8903800633  113536.7458345396    251
1041    1370803.1554817811  107828.68126399917    235
1042    1365642.0851720783  113489.84066025174    251
1043    1367200.6240116302  104626.52404497997    388
1044    1366698.044664979  105548.81744709928    380
1045    1366710.8595416702  105437.82103103847    376
1046    1366657.9758520932  105612.14039135611    379
1047    1366603.4101353732  105659.46952512185    378
1048    1366678.3192555907  105503.62111519204    377
1049    1366281.7304035681  103925.45130758279    401
1050    1366190.6648211111  103533.61266718547    398
1051    1367065.7635281906  105192.46096548199    373
1052    1366237.4658080926  103395.91373956499    397
1053    1366063.3147497606  102306.72606897082    389
1054    1366398.4448665632  102648.01575520349    552
1055    1367198.19018063  104528.2409491897    409
1056    1367490.9825196282  104785.32121423763    532
1057    1367467.3817224591  104865.2576338519    413
1058    1367876.5484300777  105285.10612967086    417
1059    1371125.4077443029  107431.00832889475    446
1060    1371856.5544246465  107921.56879529616    492
1061    1373123.0540244342  107906.67432227409    464
1062    1372545.6063005687  107897.06185615715    459
1063    1372762.163071583  107856.12791234264    484
1064    1374041.4125643845  107260.456757673    472
1065    1372247.946729847  107923.79051949017    489
1066    1373138.5381998196  107806.68469096048    481
1067    1372459.4157560752  107819.84006620901    486
1068    1372479.697126864  107867.41435558497    459
1069    1372319.4218075676  107944.69343463625    489
1070    1371958.8410219885  107905.54666009563    491
1071    1369771.3975944342  105920.39166414943    513
1072    1363383.3765040818  104943.27308063048    787
1073    1367407.5914348341  104548.67584989972    534
1074    1369407.5521497892  105608.59835251118    516
1075    1369325.2090375884  105630.15689986138    428
1076    1373823.9674387204  106839.002614069    758
1077    1368733.8947158533  105429.60103140751    521
1078    1368785.9694341442  105457.58763689322    424
1079    1368410.3225654913  105359.4849465226    524
1080    1368077.3142322565  105280.03341396176    526
1081    1367472.5586008476  104669.01289383342    533
1082    1376130.0120218834  110413.4174319727    757
1083    1375550.6717145182  109195.39944736396    757
1084    1366111.7823395547  102300.62474048366    555
1085    1366176.8020760822  102337.17154635835    555
1086    1366299.6050766157  102422.05480008187    554
1087    1366247.0373257659  103458.97122001037    546
1088    1366277.494891414  103386.098601928    547
1089    1366413.5704786908  103049.5484970211    549
1090    1366393.6758702814  102948.42300693475    394
1091    1366394.7685299946  102805.06820292768    393
1092    1366260.7724155621  102435.97958039807    390
1093    1366126.0661266043  102347.80239675494    389
1094    1362521.4079989772  110549.29082027631    9
1095    1365931.450642427  118191.76195652534    69
1096    1376217.4538347782  110361.1809101125    190
1097    1372558.6085638558  106544.84944946165    195
1098    1371690.6960662333  106419.98339874271    197
1099    1369799.5633663186  104465.31165162605    201
1100    1369638.6091600885  103493.13162238915    202
1101    1362843.9701043218  105965.76978217153    787
1102    1363288.1858337109  104910.35440167409    219
1103    1363554.6506999782  98918.38932910774    780
1104    1373609.7210072763  106421.10119208443    191
1105    1374602.0995670417  107627.96052404464    191
1106    1375098.2888469244  108231.39019002471    191
1107    1374781.990186797  108003.92784139595    758
1108    1363422.7884127055  99828.251855905313    780
1109    1364136.8984106488  98354.645272928581    779
1110    1371280.7477030787  100261.86165545604    204
1111    1371273.7082837778  99799.725598875608    206
1112    1370961.6608403423  99683.236236972312    776
1113    1363780.3067740323  98294.090692730562    211
1114    1363504.9915667456  98564.29808318385    213
1115    1362609.5729712881  106195.1777294925    219
1116    1359817.7035265975  107898.31553381591    221
1117    1370103.7797461967  99014.379790690931    776
1118    1371043.5443295164  100396.20181129237    775
1119    1365619.8846051712  113521.35886606657    291
1120    1370199.0306897266  101440.78378380192    775
1121    1376696.1492823451  116299.2241297588    751
1122    1373730.4402265325  119319.84813692461    736
1123    1373595.3477823539  119004.81531823908    168
1124    1374114.0397268925  119637.31563277529    738
1125    1376876.3094056216  117240.57138000631    750
1126    1376266.2129838059  118950.33920107257    745
1127    1376939.3576090708  117570.01183866384    184
1128    1376750.917426907  113024.31707139059    755
1129    1376723.5547661639  112205.78890016823    756
1130    1369625.2753904019  102373.85585751721    772
1131    1370844.5848283556  100801.35309117418    204
1132    1370825.1738720904  99450.020803323539    206
1133    1364882.7300818074  98170.800293242748    211
1134    1363367.154200909  99516.823010003543    213
1135    1361277.7980769663  107263.0227989355    792
1136    1360097.547289252  107867.36919809233    792
1137    1360428.8574840513  107585.37467636226    221
1138    1365645.4834145796  113474.20570109267    251
1139    1365638.6869295773  113505.4756194107    251
1140    1365626.6810891633  113490.08894752906    291
1141    1366617.6862266343  105632.64874534379    378
1142    1366610.0522656788  105664.17837102999    379
1143    1366052.3391997227  102286.66807873856    556
1144    1368724.6296095643  105454.63892419598    423
1145    1374063.4731257395  107130.2339209007    758
1146    1369397.350317891  105631.58900655746    428
1147    1369338.0741053044  105603.45393621881    517
1148    1373507.5628279184  106454.26465883176    758
1149    1374105.910287159  107024.53085806454    191
1150    1368801.3075903531  105434.00076936863    521
1151    1368398.639228866  105384.9410512412    421
1152    1366212.6552229482  103464.39081815943    398
1153    1370882.5962993482  100595.27901135563    775
1154    1371204.4923596843  100197.12461122927    775
1155    1371163.5506150974  99840.641824069156    776
1156    1363522.2212374751  98445.2324673314    213
1157    1364391.3049272038  98326.126431187469    779
1158    1363882.4918940936  98383.164114669722    779
1159    1363591.3680387582  98665.036142759316    780
1160    1373485.6736873058  106270.24377558948    191
1161    1363517.9333611983  99171.74251545615    780
1162    1362978.8217042619  105710.14560678622    787
1163    1362709.1185043817  106221.39395755684    787
1164    1362881.0181162572  105681.24839836518    219
1165    1363152.4632612262  105167.31906723786    219
1166    1363436.0728838274  99040.560546593682    213
1167    1374478.0522470712  107477.10310754967    191
1168    1375021.4958738163  108295.15914822777    758
1169    1374542.4844997779  107712.69653456425    758
1170    1363452.0022175619  99626.673778854936    780
1171    1363298.2355179908  99993.085473413361    213
1172    1364221.2760971426  98244.774532935407    211
1173    1371389.7884217594  100126.98879652654    204
1174    1371385.8418866997  99887.151797763625    206
1175    1370330.8305185144  99191.40242673477    776
1176    1359664.9150372338  107976.5507481794    221
1177    1371171.706984398  100396.73451438555    204
1178    1370460.3394794534  101117.56999761035    775
1179    1370190.3405162708  101610.59024475145    204
1180    1373744.6654417175  119447.0552249855    736
1181    1373631.2059813093  119321.18723737175    168
1182    1373691.7341975477  118973.72463907351    736
1183    1376862.1610575872  117365.59972514953    750
1184    1376983.7133865736  117172.63173835908    184
1185    1376343.6807912835  119025.36129467304    178
1186    1376833.6199454139  117617.81631008095    750
1187    1376663.5045772409  111971.93713979106    756
1188    1376841.3325516442  112265.42039179651    188
1189    1360581.6459734146  107507.13946199887    221
1190    1360325.4118861561  107750.69132753488    792
1191    1359869.6826923483  107984.04706864968    792
1192    1360915.5372800131  107448.51812795651    792
1193    1370735.5441096746  100936.22595010381    204
1194    1370759.7710655872  99525.830649875454    776
1195    1363384.3838716387  99397.757394151064    213
1196    1364662.2454202524  98195.458373140311    211
1197    1364984.8669218691  98259.58843200955    779
1198    1361345.5884202323  107115.96339018163    221
1199    1359970.4920159609  107820.08031945252    221
1200    1363499.5746918083  99298.419108630362    780
1201    1363609.7267081484  98538.359549585046    780
1202    1363573.0093693682  98791.712735933528    780
1203    1366049.9277893673  102297.96311904358    389
1204    1363755.288635816  98397.423535540293    779
1205    1374183.2259692491  107275.84957431661    758
1206    1373981.8629671885  106873.67344156957    191
1207    1374229.9576071296  107175.3882745595    191
1208    1373665.7651333194  106646.63363645038    758
1209    1373943.7202822301  106984.61826748491    758
1210    1364009.6951523712  98368.904693799152    779
1211    1371264.495502475  99919.344617617578    776
1212    1370802.1222842641  100694.81761138726    775
1213    1370963.0703144323  100495.74041132399    775
1214    1370953.6255470365  100666.48023224456    204
1215    1371161.574680856  99712.299399987591    206
1216    1364518.5081854814  98311.867010316899    779
1217    1363890.5491048098  98281.761652781788    211
1218    1363487.7618960161  98683.363699036301    213
1219    1373426.2594463001  106355.40232961855    758
1220    1363418.8432130977  99159.626162446162    213
1221    1363453.3025545571  98921.494930741203    213
1222    1363248.5249041417  105198.89725601579    787
1223    1363536.2920305883  99045.065922281938    780
1224    1364111.0337663651  98257.103572884182    211
1225    1363315.4651887203  99874.01985756091    213
1226    1363466.6091199899  99525.884740329784    780
1227    1374422.7316562682  107567.08088114834    758
1228    1374726.1468870123  107778.81794053959    191
1229    1363349.9245301792  99635.888625856009    213
1230    1363393.5746078491  100029.82993295569    780
1231    1364264.1016689264  98340.385852058011    779
1232    1371284.9663747684  100097.58601119762    775
1233    1370376.6394604025  99100.316007771209    206
1234    1370408.4219536325  101340.84452689232    204
1235    1371124.0183446002  100296.66321126088    775
1236    1370590.9938743166  100955.96310451468    775
1237    1369937.7218999998  101763.99756999349    775
1238    1376890.7021697608  117113.38314021811    750
1239    1376693.5296717025  112088.86301997968    756
1240    1376748.2852243641  111902.20317475914    188
1241    1360439.344184608  107692.3523922562    792
1242    1376755.3906836167  112329.76661735939    756
1243    1360211.4795877039  107809.03026281366    792
1244    1360276.0689946879  107663.60989072565    221
1245    1359755.7503938961  108042.38600392846    792
1246    1360734.4068815364  107541.26579246706    792
1247    1364815.2891828141  98278.598010727947    779
1248    1365103.2147433623  98146.142213345185    211
1249    1361040.0114415053  107272.4338189085    221
1250    1361640.0588739195  107077.52746991449    792
1251    1359983.6149908002  107925.70813337101    792
1252    1374123.3495474942  107203.0417476086    758
1253    1373744.8662860198  106742.81812525963    758
1254    1373733.7683272469  106571.9586085794    191
1255    1371062.6057277198  99761.939030520734    776
1256    1364552.003089475  98207.787413089085    211
1257    1374662.2373432876  107858.31218798016    758
1258    1370068.3762948632  101602.3906768977    775
1259    1370517.4626723132  101205.97166796282    204
1260    1370299.3812349518  101475.71738582183    204
1261    1370329.68508459  101279.17689070613    775
1262    1370656.3210717482  100875.15965796684    775
1263    1369972.2590789092  101880.33596261058    204
1264    1361458.9284754428  107170.27513442504    792
1265    1360887.2229521419  107350.66903327189    221
1266    1361192.7999308687  107194.1986045451    221
1267    1364992.9724125848  98158.471253293974    211
1268    1360643.8416822981  107587.6396247223    792
1269    1364772.4877510299  98183.129333191522    211
1270    1365154.4446609239  98240.578853291183    779
1271    1361096.6676784898  107355.77046344597    792
1272    1361651.1653989591  106959.49296145485    221
1273    1370081.2997975899  101745.46310368108    204
1274    1369807.0675051366  101925.60446308916    775
1275    1361498.3769095957  107037.72817581824    221
1276    1361821.1892723963  106984.77980540394    792
1277    1370003.0490974314  101683.19412344566    775
1278    1369863.2183602285  102015.20882154009    204
1279    1361549.4936746811  107123.90130216982    792
1280    1361803.9538883227  106881.25774709135    221
1281    1368143.1280176032  116557.07631105928    0
1282    1368152.9071104198  116597.69998466101    222
1283    1368141.5482512109  116612.24594246724    227
1284    1368154.7999236041  116613.58762949114    222
1285    1368139.6554154227  116596.35830033003    227
1286    1368151.3273192199  116652.86949202829    0
1287    1366027.700016353  102317.31303184461    0
1288    1365608.7661490317  113441.16785417896    0
1289    1365691.0319861104  113565.97370889604    245
1290    1365593.8672565457  113507.51724083397    0
1291    1365664.7013215672  113460.96619920472    250
1292    1365668.1025202568  113503.68228632469    0
1293    1366039.9513166272  102259.92797082962    0
1294    1368188.4680327221  116625.68970060874    223
1295    1368080.1271384268  116637.69101314915    232
1296    1368121.8902161929  116578.45371030887    228
1297    1366047.0004189264  102317.04214991047    0
1298    1365659.7620618364  113559.17725129733    245
1299    1365607.8163322669  113494.17549420758    0
1300    1365654.1534441046  113517.0240325005    0
1301    1368177.6850237492  116602.80458259463    0
1302    1365644.1270996993  113555.77902249794    245
1303    1365614.4571017451  113479.24529488567    0
1304    1362576.2658969257  106536.73735415981    0
1305    1362524.9533178168  106494.35328523704    0
1306    1366644.8529206412  105626.38996846956    379
1307    1366624.8242722647  105619.2383554548    378
1308    1366597.4823276524  105613.28976464354    0
1309    1366613.6700159123  105604.69629376725    0
1310    1365075.8745613184  117932.56286392688    0
1311    1365018.3165411614  117900.54358338982    0
1312    1367656.6916116304  117211.95311622435    0
1313    1367653.3349205835  117272.15303330614    0
1314    1370772.0681438837  107769.75425730483    236
1315    1370837.9771977498  107793.86170441452    0
1316    1371441.9086881606  99930.864897207633    206
1317    1371444.3087811  100059.55236706167    204
1318    1374003.6984032677  107231.57776065249    473
1319    1374007.001322174  107260.26178267848    472
1320    1374073.4120507354  107260.63806759602    472
1321    1374074.6572463668  107251.97779381735    473
1322    1366620.8911274339  105652.40895830657    379
1323    1366610.5481810039  105646.05913523278    378
1324    1366583.2062363913  105640.11054442116    0
1325    1366599.3939246514  105631.5170735455    0
1326    1365596.2630845881  113538.22670014756    290
1327    1365659.8854879795  113439.33561992044    0
1328    1365660.9499291067  113485.7541141827    0
1329    1368201.1794608149  116656.30952798208    0
1330    1368111.9024149496  116633.90527651036    232
1331    1365647.5127094744  113531.95439470335    0
1332    1368172.5803847555  116627.58248746501    223
1333    1368182.8286663075  116645.97921789956    0
1334    1368176.5953194608  116576.75054317125    226
1335    1368195.4724874108  116608.40641406296    0
1336    1365645.9204585638  113585.1946116059    0
1337    1365584.6695923486  113474.93814222704    0
1338    1365617.5603669921  113461.49952727955    0
1339    1366644.1072540632  105612.53578748442    0
1340    1366647.4146304606  105571.75901544113    377
1341    1366639.6884741778  105588.79349050346    377
1342    1366650.6622359201  105599.0334644767    0
1343    1366671.0987835454  105597.89081424254    379
1344    1366590.3423185686  105580.29672356001    0
1345    1370793.3697507184  107793.63398817163    236
1346    1371471.56896077  100025.83415232935    204
1347    1371469.9420888911  99952.721446929645    206
1348    1374023.8006794576  107237.35698538409    473
1349    1374024.2069432791  107260.35927017574    472
1350    1374057.41230756  107260.54741263451    472
1351    1374059.2801010073  107247.55700196655    473
1352    1374074.8055180905  107222.50796120732    0
1353    1366647.1744802846  105665.7385637588    0
1354    1368115.2187896953  116607.32622862393    0
1355    1368127.7900532112  116632.01240819096    232
1356    1368137.3817840978  116644.89758904449    0
1357    1365675.7993192493  113535.59371251738    0
1358    1368166.3717860931  116643.09399103773    0
1359    1368191.6261649402  116589.57848804019    0
1360    1365632.5787001636  113571.24554714584    0
1361    1366617.7643446871  105568.58020742171    0
1362    1370804.0205541356  107805.57385360493    236
1363    1370780.038943805  107816.24595187703    0
1364    1370815.721111632  107784.41613292738    0
1365    1370820.998855161  107801.14896733835    0
1366    1371467.4260783936  99984.854720506031    0
1367    1374032.6369353926  107290.90883369138    0
1368    1374056.445119692  107228.46402426648    0
1369    1366628.3933454123  105670.19366077594    0
1370    1368130.2225668489  116673.60512720338    0
1371    1368121.4855287792  116646.71813078717    0
1372    1368170.7777784171  116666.33924540751    0
1373    1374015.4971011153  107279.20059337407    0
1374    1374049.3063679254  107279.22209209163    0
1375    1368098.2004652065  116654.14354592076    0
1376    1374065.3300895242  107275.08078218214    0
1377    1374089.3081778379  107279.01597930277    0
1378    1374064.6596287461  107305.55707512506    0
1379    1363530.8360728398  98385.699659405174    213
1380    1361954.5110672207  109760.27139108001    0
1381    1361913.0206184364  109821.38341842423    0
1382    1363618.5106746922  104411.773976636    0
1383    1363693.1356028854  104431.22738914198    0
1384    1363587.6909249811  111534.51797056038    0
1385    1363656.8821250082  111502.39261781848    0
1386    1367204.7541787091  104659.68298966551    388
1387    1367173.3174069738  104668.24213190821    369
1388    1363862.5200223005  118340.23415380648    56
1389    1368106.3413840272  117326.42259423358    0
1390    1368770.8507949726  105452.35058146068    424
1391    1368754.0076208329  105476.53323027061    0
1392    1368784.454371728  105432.90083487834    521
1393    1368772.6603466705  105471.56787677422    0
1394    1368792.1390222886  105444.81910920565    0
1395    1368801.0880733156  105462.82469232571    424
1396    1368807.4017899712  105448.4599789096    0
1397    1368788.8650965169  105473.66948412773    0
1398    1368818.1608089781  105435.10070385893    521
1399    1368777.9776428319  105402.47476024821    0
1400    1368804.1102068615  105478.5414351504    0
1401    1368777.0371515187  105501.3452315825    0
1402    1368825.5178980499  105452.03788197943    0
1403    1368828.5372987068  105405.77456371907    0
1404    1368794.0886001105  105414.94763817801    0
1405    1368852.3927061106  105480.59647739482    424
1406    1368791.655115901  105491.2272334403    0
1407    1368810.7137037946  105419.54275443434    0
1408    1368827.6584474021  105493.50149743202    0
1409    1368834.2997092989  105474.32911257655    424
1410    1368807.8737347675  105397.44542375549    0
1411    1368802.2825532001  105522.1998507559    0
1412    1368809.4141084326  105496.20606735842    0
1413    1368869.4303988167  105445.21480804431    520
1414    1368821.2915123834  105513.4398914277    0
1415    1368852.2222132098  105440.70772319677    520
1416    1368856.1971624992  105460.63547489012    0
1417    1368849.1622414128  105417.28655989833    0
1418    1368864.9723769636  105427.13144193917    0
1419    1368891.7738283828  105430.11537688978    0
1420    1368874.5195691744  105394.18199207244    0
1421    1369570.8869469231  103981.53209066585    0
1422    1370337.0591010877  105663.11526753342    0
1423    1370283.1568631388  105721.04933049138    0
1424    1369497.5410293478  103997.94629036155    0
1425    1373423.6500273203  106194.81506734187    191
1426    1373250.3629534233  116750.21344294556    0
1427    1373230.2980391176  116825.55895157187    0
1428    1376582.6088209376  116027.12675692257    0
1429    1376650.1077966338  116022.04693680647    0
1430    1368157.3305998284  117355.95012644945    0
1431    1368837.4607757952  117929.48382642149    0
1432    1368851.9469763264  117860.34817599806    0
1433    1370228.501499411  118424.96109545941    0
1434    1370272.0289636157  118369.6476474316    0
1435    1370723.5704236196  119892.65788016425    119
1436    1370857.629635405  119955.9109709882    121
1437    1371897.9672994078  118936.65191232145    0
1438    1372856.7829166614  117057.94449019285    0
1439    1372792.6953043845  117019.02544597407    0
1440    1373111.7987525542  117797.8359736492    163
1441    1373464.3633357876  116899.19186898538    0
1442    1373565.8046006814  116862.91109028051    0
1443    1373564.7768071981  117397.73384617774    0
1444    1373929.0938889682  119783.64280294241    169
1445    1373508.6653536425  118362.60108565586    0
1446    1373579.7178434685  118333.17044235177    0
1447    1374938.9504156145  119099.06464871156    0
1448    1374935.8404569856  119173.86403985495    0
1449    1368750.7479344783  105430.70096589781    521
1450    1368744.2712055822  105400.27489126724    0
1451    1368760.3821628608  105412.74776919749    0
1452    1368357.556361869  105319.23465693256    524
1453    1368347.7749198796  105353.96545132079    420
1454    1367196.6687623116  104594.76942322463    388
1455    1367186.9128083889  104594.48465730144    369
1456    1368397.1310145857  105349.42237412509    524
1457    1368388.9708217403  105372.19264335412    421
1458    1368408.3734040679  105321.00610727645    0
1459    1368371.2056149768  105395.70626594269    0
1460    1368414.7744973595  105339.97064467357    0
1461    1368370.1401296475  105376.43339232373    0
1462    1366066.9028166684  102330.45856683333    0
1463    1365607.5182848624  113556.36849517905    0
1464    1365682.7539512729  113445.59557215069    0
1465    1365648.8980829963  113405.25073825024    0
1466    1365684.6248027091  113486.69970789495    0
1467    1368207.5208081619  117310.21603701833    0
1468    1366665.2806418168  105579.36521436773    0
1469    1374010.6319376195  107245.31154925401    0
1470    1373989.7957010688  107260.16429518122    472
1471    1373994.5610303935  107244.80788366958    0
1472    1373998.3116979003  107275.53483951153    0
1473    1373983.5961270775  107225.79853592084    473
1474    1373981.1084310489  107275.02184847133    0
1475    1374000.4060291678  107307.8326954676    0
1476    1373899.1757394103  107270.50396368594    471
1477    1373889.9284624602  107231.1896115031    474
1478    1373989.201223653  107292.34243235066    0
1479    1373935.8829096868  107265.28538568497    471
1480    1373954.2364948252  107262.67609668444    471
1481    1373949.6852518388  107296.51658449763    0
1482    1373926.7111566737  107225.60446134619    474
1483    1373960.6207191721  107241.72869179466    0
1484    1373942.7491536739  107247.72847855373    0
1485    1373918.5589911477  107248.38916378566    0
1486    1373945.1025037807  107222.81188626769    474
1487    1373930.7937790954  107253.17400650035    0
1488    1373917.5293245486  107267.89467468546    471
1489    1373929.1550801634  107239.32961328361    0
1490    1373908.319809567  107228.39703642463    474
1491    1373901.3686520732  107244.57526277668    0
1492    1373948.6596928118  107235.71729168718    0
1493    1373930.9563649907  107191.60538894101    0
1494    1373929.5708578674  107286.74044788064    0
1495    1373906.7730622594  107258.0894222077    0
1496    1373862.4685691339  107275.7225416869    471
1497    1373890.5955536442  107256.72121391914    0
1498    1373914.4495124202  107206.80887229063    0
1499    1373951.232206634  107201.22372213363    0
1500    1373910.676133405  107285.54339474849    0
1501    1373880.8221542721  107273.11325268642    471
1502    1373896.6373162586  107213.41562094014    0
1503    1373918.0014506595  107319.63705536672    0
1504    1373853.1457682466  107236.77476166001    474
1505    1373892.2595357886  107287.70945768904    0
1506    1373893.8314715638  107178.53613660739    0
1507    1373868.8670895835  107254.8756947424    0
1508    1373868.3337535248  107212.88547919106    0
1509    1373903.6163735765  107304.89402921061    0
1510    1373873.9050724339  107290.31256936735    0
1511    1373847.1279313525  107299.52472492747    0
1512    1374033.8518175525  107240.24659774985    473
1513    1374036.2376492675  107250.87338445635    0
1514    1374033.9487340825  107220.98389649611    0
1515    1374026.3202022139  107247.5187453156    0
1516    1374042.0498946256  107230.65625034292    0
1517    1374047.4699544767  107217.88785988664    0
1518    1374062.0873124285  107214.57959239405    0
1519    1374035.2209254636  107195.46648448295    0
1520    1374093.4113366168  107166.63783425465    758
1521    1374051.3755881139  107201.1975986347    0
1522    1374082.5012259949  107195.99790668767    0
1523    1374053.457941158  107169.69428120853    0
1524    1366651.5628711635  105645.73686609755    0
1525    1368215.8664483582  116585.16399252741    225
1526    1368217.8306639539  116610.10681478359    224
1527    1368229.5070382375  116555.56999428419    0
1528    1368247.4247092502  116623.74738950809    0
1529    1368235.2073031873  116576.13802242017    0
1530    1368226.8566639994  116629.44768194256    0
1531    1366645.6815708482  105701.25988331168    0
1532    1366612.3741799889  105688.06800042976    0
1533    1368122.7852517127  117255.18742132782    0
1534    1363534.8680076126  98357.836979709828    213
1535    1367177.2147553796  104647.09832252092    369
1536    1367202.6890951698  104643.10351732276    388
1537    1367191.1835698609  104652.95495313112    0
1538    1367190.8591334554  104670.65948683966    0
1539    1367231.0473841443  104631.15295772286    0
1540    1367206.8192622485  104676.26246200826    388
1541    1367169.4200585682  104689.38594129546    369
1542    1367221.9242545948  104649.12599641163    0
1543    1367220.5509284916  104666.13374554196    0
1544    1367222.2156295362  104682.76308818694    0
1545    1367251.3876388846  104660.06439930324    0
1546    1367202.2692038715  104729.75385515485    387
1547    1367237.8780863495  104672.79718364449    0
1548    1367233.4170014961  104711.43519970114    0
1549    1367239.4479840072  104692.55498453609    0
1550    1367258.4614170736  104681.1029619835    0
1551    1363924.8777290487  118284.69648602276    0
1552    1368125.6753309809  117315.3691184542    0
1553    1368853.4152818494  105512.71221217797    0
1554    1368880.8759330886  105468.42516710859    0
1555    1368841.7485517955  105453.15719725264    0
1556    1368832.9707841626  105364.97919525603    0
1557    1373402.2748724283  106168.82014342939    191
1558    1373222.3631170057  116760.45505020369    0
1559    1373245.0317558844  116808.00257190512    0
1560    1368121.6755021797  117365.51167404557    0
1561    1370815.1010387801  119966.17649431147    121
1562    1373101.2150051366  117758.61385086626    163
1563    1373504.8269817817  116903.43840995245    0
1564    1373972.7655070857  119807.99007734885    169
1565    1374915.1747821951  119114.6308763218    0
1566    1374946.2404725917  119154.38201101871    0
1567    1368363.5386672472  105356.70484339395    420
1568    1368370.7479127746  105329.29722933007    524
1569    1368352.8936503155  105371.23557012877    0
1570    1368358.2085971569  105340.65087212133    0
1571    1368381.9903022568  105300.88096248143    0
1572    1368388.3913955484  105319.84549987863    0
1573    1368328.9321977277  105368.94392487433    0
1574    1368371.3349090805  105345.20461502856    0
1575    1368335.1250559203  105333.30731301806    0
1576    1367198.6463869708  104610.64673410229    388
1577    1367184.0124560869  104610.21958521758    369
1578    1367225.8036668105  104599.20229570291    0
1579    1367154.6685934789  104612.94552465435    0
1580    1367217.066913249  104616.41415364193    0
1581    1367168.1872406711  104599.16782184831    0
1582    1368445.19284384  105319.14100341563    0
1583    1368434.7662718848  105354.79648150627    0
1584    1366037.8304165816  102351.39188030735    0
1585    1365614.5217361543  113601.8713364765    0
1586    1365587.2216623556  113556.39828391353    0
1587    1366655.140786743  105554.72454037888    377
1588    1366691.1331899883  105566.22934211412    380
1589    1366634.1643767604  105555.47985534782    0
1590    1366675.3311139527  105553.61268971788    0
1591    1366725.4554139881  105569.77553312138    0
1592    1366644.0887058454  105539.44238351265    0
1593    1366706.7939877515  105582.52340425435    0
1594    1366650.9761899798  105511.7581451204    0
1595    1366610.6965279388  105529.86802175143    0
1596    1373969.1003412637  107291.18336711188    0
1597    1373973.5449889824  107222.90892355501    473
1598    1373974.7641422926  107237.59384826622    0
1599    1373973.6419055124  107203.64622230126    0
1600    1373965.7936016172  107230.94551932717    0
1601    1373981.7430660555  107213.31857614807    0
1602    1373994.8389008769  107194.12127641989    0
1603    1373996.8784834293  107217.44877884841    0
1604    1374015.6139203229  107217.11581352194    0
1605    1373844.1149839957  107278.33183068738    471
1606    1373832.0022924051  107258.98553440053    0
1607    1373850.9836715206  107260.79211125754    0
1608    1373857.0805754943  107249.23497524952    0
1609    1373871.5371153534  107233.98218658156    474
1610    1373834.7544211398  107239.56733673846    474
1611    1373843.6856506607  107249.55531801765    0
1612    1373882.4899903892  107244.15848043797    0
1613    1373820.60828235  107208.36083941218    0
1614    1373840.8841239931  107217.97917260465    0
1615    1373884.6735938487  107337.76631559736    0
1616    1366663.7875317433  105630.66004007767    0
1617    1368261.4584244811  116594.77380500933    0
1618    1368247.245732592  116663.05900592236    0
1619    1368145.2274156276  117273.12050708223    0
1620    1363557.8433308401  98344.995024204924    0
1621    1367179.1634295825  104636.52641782728    369
1622    1367190.6654366595  104633.18098608582    0
1623    1367159.4480218925  104638.35790838611    0
1624    1367168.5308629752  104629.10101431387    0
1625    1367155.9662327478  104625.85710827107    0
1626    1367171.9722211559  104616.13502870736    0
1627    1367135.546657267  104638.27975997346    0
1628    1367139.0450824103  104621.03671735107    0
1629    1367106.7287120454  104623.45649598115    0
1630    1367132.5133853815  104589.29494588006    0
1631    1367188.0456104588  104703.75020553    0
1632    1367292.2200957786  104658.043823332    0
1633    1367263.2488857161  104710.5611595901    0
1634    1368159.6494526048  117313.89468422261    648
1635    1368827.3160241023  105551.51751179044    0
1636    1368870.4857029223  105486.86384221309    424
1637    1368870.1991714623  105459.26291030615    0
1638    1368886.6385844236  105449.72189289186    520
1639    1368867.6015656558  105473.09182986133    0
1640    1373381.9506198817  106144.10325126196    191
1641    1368127.349802787  117340.733498897    0
1642    1370780.5082892638  119942.02635848698    0
1643    1373128.7560110639  117729.78226891549    0
1644    1374012.3810847709  119792.38578542939    0
1645    1374976.4222502282  119135.33637738717    742
1646    1374975.5767274781  119182.5593840915    0
1647    1368348.8174629088  105330.21884149306    0
1648    1368344.3648109632  105309.17208453492    524
1649    1368328.1205480173  105316.78950374645    0
1650    1368355.6072004454  105280.75581768628    0
1651    1368362.008293737  105299.72035508347    0
1652    1368317.6924985079  105330.95566394369    0
1653    1368294.3901307976  105294.5052472199    525
1654    1368279.9150842954  105342.17290660723    420
1655    1368312.7816954276  105296.80737967865    525
1656    1368298.0812547198  105345.32978689081    420
1657    1368310.298745817  105314.59169717034    0
1658    1368307.6669588811  105263.05314297514    0
1659    1368303.001868773  105370.8610391979    0
1660    1368300.9443064795  105328.67067373643    0
1661    1368324.5049910478  105277.76633049457    0
1662    1368286.0190994977  105360.89431342609    0
1663    1368292.1103069705  105312.653978937    0
1664    1368285.0260611833  105327.00583220617    0
1665    1368275.9985661677  105292.20311476116    525
1666    1368261.7489138711  105339.01602632363    420
1667    1368272.2135909102  105311.75708350667    0
1668    1368270.8838296211  105258.44887805765    0
1669    1368268.0879752918  105356.38486691368    0
1670    1368255.5243581368  105320.9882662859    0
1671    1368287.7218617878  105273.16206557708    0
1672    1368249.9318716032  105353.17005790916    0
1673    1368269.0595327329  105390.42652679223    0
1674    1368201.7769280504  105325.79565762647    419
1675    1368255.6461874926  105373.7746528173    0
1676    1368216.7343632996  105355.52612591757    0
1677    1367172.2180718302  104575.50650153257    0
1678    1365597.4064185247  113581.2152163771    0
1679    1366683.1853524211  105534.62465574068    0
1680    1366676.163092748  105568.77485509809    0
1681    1366696.7594206401  105608.35511725429    0
1682    1373977.9685753928  107312.26511512688    0
1683    1373966.731480584  107162.70875818908    0
1684    1373847.5973274037  107177.64714361601    0
1685    1366676.8778566697  105616.38043448003    0
1686    1366684.4022547968  105659.86940392245    0
1687    1368268.8186105695  116555.74901110775    0
1688    1367138.9079640904  104672.83068124976    0
1689    1367167.4713843656  104699.95784598908    369
1690    1367178.7328345135  104696.56807341261    0
1691    1367147.7559766755  104701.78933654791    0
1692    1367175.714821513  104706.94287143651    0
1693    1367156.8388177583  104692.53244247567    0
1694    1367158.7250094551  104747.40848798607    370
1695    1367162.1238598088  104728.9691193344    370
1696    1367175.2348401309  104721.85287840602    0
1697    1367182.2253740642  104682.41062748521    0
1698    1367142.5128235931  104687.56029058597    0
1699    1367159.5470324426  104676.63499288827    0
1700    1367189.8374505378  104691.79798680684    0
1701    1367177.303436798  104741.30003829987    0
1702    1367119.9102269595  104703.96947757232    0
1703    1367123.046734757  104684.51841179132    0
1704    1367157.3286197826  104657.50206090548    0
1705    1367131.3303172733  104732.82600881936    0
1706    1368156.7768397171  117334.82794366685    0
1707    1368165.5593776687  117288.86665017268    0
1708    1368873.498941506  105507.41469338327    0
1709    1368342.1683975623  105240.56055075068    0
1710    1368270.0642526795  105326.57011520769    0
1711    1368257.872867214  105305.5321972441    0
1712    1368220.8238722777  105285.2967173849    525
1713    1368239.2154369077  105287.59884984366    525
1714    1368235.5815151383  105310.05154428331    0
1715    1368234.1007003612  105253.84461314016    0
1716    1368228.6476171105  105297.40888879863    0
1717    1368222.6798357486  105330.82740183326    419
1718    1368206.3597880441  105303.22258192643    0
1719    1368220.1115315792  105310.31331276317    0
1720    1368250.9387325279  105268.55780065959    0
1721    1368234.3437291502  105368.58782953861    0
1722    1365453.8916805801  113512.91083758738    289
1723    1365478.0184502224  113383.07291123444    293
1724    1366670.5930993082  105520.6555902543    377
1725    1366704.9561399696  105531.40555208444    380
1726    1366692.7235847027  105516.47229600574    0
1727    1366739.2783639692  105534.95174309133    0
1728    1366720.6169377328  105547.69961422466    0
1729    1366738.7231596792  105609.23102934482    0
1730    1373949.7168636266  107178.23780715294    0
1731    1366685.3712792057  105637.3063298097    0
1732    1367205.5767748298  104711.29789475295    387
1733    1367187.4111735008  104730.391278786    0
1734    1367198.9616329134  104748.20981555672    387
1735    1367184.8012990523  104755.19644416631    0
1736    1367189.0389200388  104803.57769676241    387
1737    1367174.0847560265  104776.20622243026    0
1738    1367231.9608480074  104744.59938277159    0
1739    1367217.0555878342  104760.97687208944    0
1740    1367086.9971071242  104688.68378161395    0
1741    1367115.4989603406  104657.66907603292    0
1742    1368178.7572633079  117305.19487498034    0
1743    1368917.1542434602  105511.74904733735    425
1744    1368872.8481510933  105545.66624094475    0
1745    1368241.8631424541  105322.24815403047    0
1746    1368212.2283818997  105328.31152972989    419
1747    1368209.5627366074  105316.41848428811    0
1748    1368214.4813725995  105341.91882782374    0
1749    1368204.7178289823  105336.5452341255    0
1750    1368203.2502014625  105350.76856327793    0
1751    1368180.8740203523  105320.76391341968    419
1752    1368188.4516349223  105335.21830916876    0
1753    1368195.6696572606  105312.80398794835    0
1754    1368230.3141583512  105345.0462206683    0
1755    1368201.5584362727  105377.05104370756    0
1756    1368202.4323076478  105282.99458492614    525
1757    1368190.6575753565  105296.45764697759    0
1758    1368165.6819065569  105337.94172470117    0
1759    1368197.3175711012  105249.24034822264    0
1760    1368148.4652394308  105280.47277296553    526
1761    1368214.155603268  105263.95353574207    0
1762    1368166.2529912242  105280.58261271646    526
1763    1368128.859808173  105308.24306155626    419
1764    1368157.5538309049  105248.99491595443    0
1765    1368157.2567134604  105297.11093322876    0
1766    1368175.2674602827  105261.10834383694    0
1767    1368173.9315257261  105295.47447213405    0
1768    1368144.4154604136  105311.98761538457    419
1769    1368181.6486914987  105306.95359699502    0
1770    1368140.173906324  105295.42493196052    0
1771    1368148.1617499844  105330.60773020728    0
1772    1368130.6774876371  105280.36293321458    526
1773    1368133.3176160881  105323.9073817957    0
1774    1368143.9206792356  105365.33313183479    0
1775    1368113.3041559327  105304.498507728    419
1776    1368124.0762739142  105293.93187601975    0
1777    1368117.8382071576  105319.84609746533    0
1778    1368121.9783273176  105248.77523645214    0
1779    1368139.6919566956  105260.88866433495    0
1780    1368132.155774893  105346.27457929701    0
1781    1368102.2834509476  105316.09782134079    0
1782    1368103.6363836518  105344.63239707486    0
1783    1368067.3843841334  105310.85446098651    418
1784    1368082.5664439127  105305.80420744313    418
1785    1368082.2992809275  105330.34632488748    0
1786    1368070.4898571477  105294.84486416951    0
1787    1368095.1019840501  105280.14325371271    526
1788    1368049.9279592838  105299.16234688277    0
1789    1368059.5264804629  105279.92357421083    526
1790    1368086.1366777699  105291.65596687328    0
1791    1368086.4028237306  105248.55555695028    0
1792    1368104.1164531086  105260.66898483294    0
1793    1368068.5409495214  105260.44930533103    0
1794    1368050.7304181091  105264.02845977859    0
1795    1367974.3559964248  105276.58523043482    527
1796    1368053.2908303482  105230.66572368816    0
1797    1368008.0473625471  105278.19948244735    527
1798    1368025.790501185  105260.27563944727    0
1799    1368237.4525461569  105402.15818261298    0
1800    1365514.9657432907  113526.18520627357    289
1801    1366686.0454118731  105486.5866401298    377
1802    1366719.7875661456  105494.0411348145    380
1803    1366657.5818781573  105483.94609535797    0
1804    1366704.1905062508  105484.54715369282    0
1805    1366673.1849700483  105470.48428310512    0
1806    1366702.3155549131  105453.68659805293    376
1807    1366696.7276982076  105499.88857524651    0
1808    1366733.6105161267  105459.21734478492    380
1809    1366717.1106474109  105461.27509099107    0
1810    1366757.0216720097  105477.11736709748    0
1811    1366682.7244578262  105453.36967834455    0
1812    1366723.8953093432  105446.75379044944    0
1813    1366719.4035284272  105421.95546402402    376
1814    1366713.9027419703  105474.71665342942    0
1815    1366752.8891938415  105458.26261860537    0
1816    1366692.7661750244  105438.31067494338    0
1817    1366769.1207642099  105417.93366668007    381
1818    1366695.550248266  105398.876548995    0
1819    1366701.3913113326  105422.48880890026    0
1820    1366754.3171395662  105431.13987184525    381
1821    1366661.0498576681  105428.03898222395    0
1822    1366738.1102754385  105421.79614009557    0
1823    1366680.6986619956  105421.47030006228    0
1824    1366745.0354886989  105374.3587629805    376
1825    1366728.852071662  105433.04999329765    0
1826    1366751.397545706  105402.05754160399    0
1827    1366751.8450583811  105416.70033059284    0
1828    1366740.5345038734  105409.08649748907    0
1829    1366736.4915019418  105390.22432999495    376
1830    1366714.8006882125  105388.77666272677    0
1831    1366726.6350280931  105374.68302945349    0
1832    1366735.3800894651  105348.69239195107    0
1833    1366695.7337343192  105360.75082617858    0
1834    1366724.8848730091  105650.30567982167    0
1835    1367192.6505909166  104717.18796059325    0
1836    1367253.5409884823  104779.21104185695    0
1837    1367213.0007868132  104788.82328033412    0
1838    1368198.7553222934  117275.5327618872    0
1839    1368902.866471597  105502.44012718431    425
1840    1368895.502302126  105529.36223832692    0
1841    1368938.2631412442  105463.24314743452    520
1842    1368908.3296988623  105478.43567223761    0
1843    1368918.8915064272  105493.46337899375    0
1844    1368926.4024458309  105476.95913284821    0
1845    1368941.9808994764  105504.88238858349    0
1846    1368921.0549556373  105458.73606258698    520
1847    1368928.2573482024  105503.57855779334    0
1848    1368932.9064591215  105489.88025772752    0
1849    1368931.4420153233  105521.05796749039    425
1850    1368955.4713268513  105467.75023228212    520
1851    1368953.105988462  105487.90755628294    0
1852    1368941.0824431588  105477.66727017162    0
1853    1368918.9742489378  105431.57603567115    0
1854    1368922.0837538419  105551.04070556357    0
1855    1368914.804242729  105530.97517464282    0
1856    1368954.8570521292  105434.99132393723    0
1857    1368934.0884908887  105444.07786042213    0
1858    1368969.0237521785  105451.11089219015    0
1859    1368179.6750771189  105358.38734932526    0
1860    1368177.4991573172  105238.83674927523    0
1861    1368116.5357860338  105369.07737995108    0
1862    1368052.2023243539  105315.90471452994    418
1863    1368064.7612095461  105328.31394214882    0
1864    1368049.0204790395  105331.68472112667    0
1865    1368069.9273913072  105360.42029591266    0
1866    1367999.8232487906  105333.32841169667    418
1867    1368060.2133316312  105345.51455175391    0
1868    1368024.8925322429  105346.59411945783    0
1869    1368042.6218020127  105348.30759505027    0
1870    1368030.7196475929  105378.87996164589    0
1871    1368024.2015839219  105298.64360530877    0
1872    1365551.6030760242  113567.75127605419    0
1873    1366735.3024200308  105511.74773182844    0
1874    1366715.8275905529  105504.01739594209    380
1875    1366708.3486814962  105495.27465228287    0
1876    1366727.5449930881  105502.89443332147    0
1877    1366722.5491724187  105512.45952625998    0
1878    1366719.1830126783  105526.97509736998    0
1879    1366735.0043529293  105488.53315062939    0
1880    1366739.6851444647  105500.08225504172    0
1881    1366749.4274728189  105489.41063802643    0
1882    1366758.1734544775  105513.68435480996    0
1883    1366772.1303724481  105494.94310832229    0
1884    1366780.9939834999  105446.14330417625    0
1885    1366659.2615528996  105451.50762347145    0
1886    1366659.7685076147  105391.53416451553    0
1887    1369003.517917959  105502.22384422517    519
1888    1368937.7772681783  105424.23107458654    0
1889    1368990.515949819  105417.93745699288    0
1890    1368149.5188668857  105208.55827113126    0
1891    1368205.8510751396  105208.90596834441    0
1892    1368037.1807692104  105293.15021181927    0
1893    1368024.8930456084  105279.00660845362    527
1894    1366772.0081953581  105463.95246389473    0
1895    1368973.1656337671  105513.18742943415    0
1896    1368915.3551687831  105394.57098913676    0
1897    1369008.3384101479  105455.20345018558    0
1898    1368962.1626827721  105404.45954207523    0
1899    1366808.0718166609  105470.97720753391    0
1900    1368958.9487996735  105503.86989736174    0
1901    1368988.0987152085  105487.24058067736    519
1902    1368974.3053309123  105548.9847279493    425
1903    1368951.1910086854  105516.54552780306    0
1904    1368960.0175590492  105539.67580779626    425
1905    1368974.0059128052  105496.40042035865    0
1906    1368975.8339682512  105531.0192681082    0
1907    1368950.6592975678  105569.65854586991    0
1908    1368942.6534012766  105550.70790534894    0
1909    1368987.5423758051  105505.49252704086    0
1910    1368962.5204442211  105525.47145038834    0
1911    1368999.1743746367  105542.05301053211    0
1912    1368985.4482855548  105540.88509095347    0
1913    1368993.3237886189  105523.59283192216    0
1914    1368988.5931027755  105558.29364810234    425
1915    1368979.2348412941  105588.27638617552    0
1916    1368971.2289450029  105569.32574565496    0
1917    1369010.8806290913  105479.22136985463    0
1918    1368966.5848870063  105484.70013759761    0
1919    1369018.9371207096  105517.20710777298    519
1920    1369016.2749362546  105535.37229328149    0
1921    1369035.9931437429  105582.78197635186    426
1922    1369057.3058345302  105554.49104264748    519
1923    1369013.323521825  105553.04401123831    0
1924    1369007.2193311548  105524.7674862812    0
1925    1369019.4370091907  105575.19227230357    426
1926    1369036.10243463  105560.6909919087    0
1927    1369014.2606249335  105608.3365836075    0
1928    1369002.826198987  105589.5744153533    0
1929    1369024.3492033505  105496.21201557953    0
1930    1369050.8617492348  105571.80977334199    0
1931    1369068.7805900655  105565.64137831102    519
1932    1369052.5492782951  105590.37168040016    426
1933    1369094.2844369612  105550.87497007847    0
1934    1369065.0947321083  105580.91395163408    0
1935    1369047.372894038  105623.51599170409    0
1936    1369075.2851758907  105547.4680660163    0
1937    1369035.9384680914  105604.75382344989    0
1938    1369022.8813132208  105562.32368608251    0
1939    1369027.7877985702  105547.70819184132    0
1940    1369045.831078995  105543.34070698408    519
1941    1369059.8601703558  105517.42396308813    0
1942    1369061.4979570352  105538.6974749708    0
1943    1369078.8369574291  105526.6627948575    0
1944    1368989.8518808866  105610.34687626554    0
1945    1369047.7346439427  105463.84062608267    0
1946    1369085.7264639363  105488.40277054987    0
1947    1363735.3091727642  102536.20577544403    0
1948    1366065.8058355069  102284.5097081425    556
1949    1366074.6742507573  102296.75195084144    0
1950    1366056.3452374679  102268.57268293103    0
1951    1366095.5274054231  102291.48803901508    555
1952    1366076.7017101538  102315.48901889808    389
1953    1366070.5349625691  102270.92585474065    0
1954    1366146.9144999981  102110.61199999601    345
1955    1366095.1579460378  102261.14940356434    0
1956    1366088.3207499981  102169.2054999955    345
1957    1366067.611624476  102244.59480069981    0
1958    1366096.6555866203  102308.50868789587    0
1959    1366114.882930195  102276.08076298026    0
1960    1366108.0773985758  102336.02718279019    389
1961    1366111.4744231266  102318.48760250867    0
1962    1366128.0372736866  102309.76144195235    555
1963    1366127.4900859457  102328.80463494781    0
1964    1366128.3119172121  102290.24505393136    0
1965    1366144.0916149728  102300.22723950999    0
1966    1366171.0925645481  102309.27368143191    0
1967    1366153.8974273738  102267.26309567943    0
1968    1366096.1975566165  102373.80384208135    0
1969    1366144.0548546328  102359.57761071969    389
1970    1366134.2714907045  102271.14678411897    0
1971    1366086.1550165175  102349.8894165528    0
1972    1366144.2738937822  102339.61489612387    0
1973    1366162.3746412655  102351.21898050126    0
1974    1366132.1750126735  102397.35427001085    0
1975    1366118.7047781041  102250.53746676478    0
1976    1366160.5471419503  102328.03484488968    555
1977    1366193.4192710831  102391.89098857646    390
1978    1366193.0570102141  102346.30824782702    555
1979    1366177.7314268723  102381.62190663051    390
1980    1366198.1184202482  102318.27581333449    0
1981    1366179.6504800769  102361.57268910664    0
1982    1366167.3710995822  102414.56666764    0
1983    1366210.1524873185  102334.92178018764    0
1984    1366194.5073709472  102373.11119967546    0
1985    1366158.6130704263  102393.71106398148    0
1986    1366196.295942147  102359.5736996825    0
1987    1366239.4096551025  102377.64823289109    554
1988    1366216.109300948  102383.78423090039    0
1989    1366203.0456535788  102383.02732394038    0
1990    1366224.3607997242  102366.5465910934    554
1991    1366209.1071152941  102402.16007052251    390
1992    1366208.4387735035  102369.74956803153    0
1993    1366227.950843625  102345.92952336271    0
1994    1366198.7467880039  102435.10483153247    0
1995    1366189.9887588478  102414.2492278736    0
1996    1366241.6007732642  102358.92748207622    0
1997    1366267.2447140687  102371.41750780656    0
1998    1366257.8176035436  102328.23094302621    0
1999    1366122.1324725745  102373.4398444823    0
2000    1366140.3566799464  102250.36687975902    0
2001    1366232.2350514585  102319.10951118347    0
2002    1366129.2283253232  102212.06932432778    0
2003    1366177.0793833886  102234.81097796779    0
2004    1359667.8944316686  108295.32579544609    0
2005    1360260.5319305477  109107.06852486025    0
2006    1362899.7905972954  110944.18983163229    0
2007    1363665.6966607631  111826.55871423363    0
2008    1363689.1224261327  112590.4289865966    0
2009    1363851.2475961903  112879.94533412288    0
2010    1364308.1010455627  113289.48279715443    0
2011    1365027.495128999  113682.43384510957    0
2012    1365493.8516453614  116944.31196946801    0
2013    1365733.964244144  114237.15711726426    0
2014    1369391.0218392378  105608.04864938208    516
2015    1369381.3534695897  105631.27144643832    428
2016    1369383.9689477331  105579.43484606968    0
2017    1369372.7920989522  105659.47066542345    0
2018    1369399.8733582345  105590.69075721367    0
2019    1369389.0032441989  105648.99318069157    0
2020    1369411.8747783143  105556.8686693151    0
2021    1369424.4239493338  105590.76357731727    0
2022    1369412.9920645645  105649.79453978021    0
2023    1369399.4713616192  105682.96981146943    0
2024    1364299.293477955  118271.82596058203    0
2025    1363870.8619241545  118675.84821073775    0
2026    1364135.9381694002  119052.96673828497    0
2027    1364278.9795278909  119061.88575106327    0
2028    1365163.0157326576  117260.28241837035    0
2029    1364754.1698598193  118144.47482196263    0
2030    1365776.7716852354  114143.65954680262    0
2031    1365805.671381355  114325.63080175308    0
2032    1365846.2154966176  114521.42928158972    0
2033    1366413.2358541032  117567.40014301568    0
2034    1367073.7865070747  117562.53020996295    0
2035    1367208.6534113861  117551.7647410654    0
2036    1365715.4834924655  118412.64051724129    0
2037    1368717.0414972282  105428.50109691721    521
2038    1368724.7247404342  105440.4409347606    0
2039    1368740.1808826828  105450.87622511209    423
2040    1368709.0783364461  105458.40162327983    423
2041    1368708.7226310258  105442.29624651106    0
2042    1368723.5242004786  105484.08839090275    0
2043    1368710.5647683321  105398.07502228708    0
2044    1368736.4428093275  105469.44486394244    0
2045    1368657.9100494883  105432.39865141918    522
2046    1368652.7404163089  105472.03283140497    423
2047    1368705.4337706084  105477.35672961999    0
2048    1368726.6757256107  105410.54790021689    0
2049    1368679.0491640458  105429.89990692306    522
2050    1368691.2460122844  105442.41724434563    0
2051    1368673.1337398184  105467.09857688432    423
2052    1368672.988980192  105448.00587919702    0
2053    1368702.5456071284  105512.79190187935    0
2054    1368664.0500220952  105393.67546063215    0
2055    1368686.9678616794  105406.22454202091    0
2056    1368653.2899161477  105451.95026749512    0
2057    1368670.5592668399  105501.06828693907    0
2058    1368662.9370780636  105469.56570414465    423
2059    1368665.4411407609  105457.61000406105    0
2060    1368671.8465033292  105484.0834319117    0
2061    1368660.3432086585  105481.15023220258    0
2062    1368632.3470927996  105476.96708592557    423
2063    1368645.3149537856  105485.95335293179    0
2064    1368626.8306603914  105498.7776480981    0
2065    1368691.2565030847  105494.09566920839    0
2066    1368636.770934931  105434.89739591526    522
2067    1368617.4360997849  105459.94983472151    0
2068    1368639.4273333889  105461.61975867726    0
2069    1368589.4751769803  105516.71211815976    0
2070    1368648.176955604  105509.81181078366    0
2071    1368647.3404922097  105433.64802366722    522
2072    1368643.3319071787  105445.06917294658    0
2073    1368639.8409212343  105415.53580052196    0
2074    1368651.2535839297  105421.41901106341    0
2075    1368627.7467248226  105447.92002648181    0
2076    1368652.4246028243  105405.13624147441    0
2077    1368667.0825354971  105419.33020376581    0
2078    1368627.697212727  105388.02862495426    0
2079    1368646.4087011905  105387.40731733294    0
2080    1368635.951549944  105354.54766396894    0
2081    1368664.8579330239  105363.44234075093    0
2082    1368622.1504310449  105479.43421318589    423
2083    1368614.6949345374  105470.9255875838    0
2084    1368629.5888765955  105487.87236701182    0
2085    1368625.6167091508  105467.82309609004    0
2086    1368575.3338252525  105479.69273684816    422
2087    1368638.5536241576  105495.94122533791    0
2088    1368618.7263987013  105490.92642800225    0
2089    1368583.8530625361  105441.15254165625    522
2090    1368593.6437972714  105480.79703864716    422
2091    1368608.8604822042  105509.21865833308    0
2092    1368597.055079672  105460.68990467059    0
2093    1368602.7987832809  105481.34918954666    422
2094    1368598.80888879  105471.33038583571    0
2095    1368606.6962555342  105492.90040820507    0
2096    1368597.7131578531  105489.49824792818    0
2097    1368585.1068865857  105469.99683609004    0
2098    1368597.9780988209  105502.35930534304    0
2099    1368583.8597559212  105490.67499453497    0
2100    1368651.3612936833  105497.32893716452    0
2101    1368635.3692860783  105508.42409895704    0
2102    1368639.3130905956  105531.82241973373    0
2103    1368622.1946758656  105511.48346184728    0
2104    1368566.151678131  105460.66414927717    0
2105    1368560.1282773442  105500.29798874931    0
2106    1368611.5127071873  105533.98890699567    0
2107    1368599.7424414549  105439.2743410338    522
2108    1368604.3575993432  105410.16775524581    0
2109    1368589.7356738362  105422.76847788329    0
2110    1368557.0238532335  105478.58843504915    422
2111    1368548.345756449  105462.407136504    0
2112    1368502.0939371772  105475.27552965218    422
2113    1368494.3899860005  105412.25951710933    523
2114    1368523.2321453495  105428.58423000519    523
2115    1368537.6532250242  105436.74658645321    523
2116    1368524.0233941008  105457.48403841739    0
2117    1368544.9122914493  105407.1008122573    0
2118    1368535.2332792936  105464.64542588621    0
2119    1368520.4039091961  105476.37983145118    422
2120    1368536.2623761531  105450.68031698238    0
2121    1368523.9956147179  105443.02406297182    0
2122    1368500.013168961  105450.3001505924    0
2123    1368508.811065675  105420.42187355726    523
2124    1368509.1936269826  105436.56658061882    0
2125    1368553.8252233758  105424.99484828112    0
2126    1368527.6024315648  105509.37129789723    0
2127    1368516.0701321  105390.7760993618    0
2128    1368488.3742509387  105432.58469309358    0
2129    1368510.0369502867  105495.92290262494    0
2130    1368524.9830640263  105408.6701353854    0
2131    1368567.9636836173  105443.0307422787    522
2132    1368574.2358141372  105427.94196996956    0
2133    1368573.0448042969  105398.56803483664    0
2134    1368580.3440821907  105455.75447074759    0
2135    1368606.9089862567  105451.05004035743    0
2136    1368441.7250181283  105441.75239653474    421
2137    1368494.9793960685  105533.78585284101    0
2138    1368482.5491061159  105494.64591560092    0
2139    1368476.8935313688  105452.80850484088    0
2140    1368465.5478266515  105395.93480421347    523
2141    1368487.811208772  105445.63567555888    0
2142    1368483.7839651583  105474.17122785319    422
2143    1368475.3476834842  105438.56034077676    0
2144    1368489.3570566566  105459.8838396229    0
2145    1368453.5995056338  105457.40966129446    421
2146    1368479.968906326  105404.09716066139    523
2147    1368463.6521156367  105447.03718598383    0
2148    1368475.1741533505  105420.99564821213    0
2149    1368460.1706153355  105429.92707893196    0
2150    1368459.5367493867  105465.23829367438    421
2151    1368470.9063182226  105462.78132207957    0
2152    1368448.6273657102  105479.67770515164    0
2153    1368447.9730649518  105467.84248276141    0
2154    1368427.3196309733  105474.91998870154    0
2155    1368438.908139643  105456.22016523448    0
2156    1368414.6692161523  105443.99273241239    0
2157    1368487.227972751  105374.45138646594    0
2158    1368459.938093361  105412.46885068025    0
2159    1368463.3103253602  105492.32413026135    0
2160    1368496.1409046773  105392.34542248954    0
2161    1368429.8505306225  105426.0951317749    421
2162    1368451.126746977  105387.77244776554    523
2163    1368445.8477254496  105421.38717950502    0
2164    1368434.9018219037  105399.6176957564    0
2165    1368454.0590066882  105365.7711846561    0
2166    1368446.7856680728  105407.27897893448    0
2167    1368465.8719141644  105378.54160488058    0
2168    1368473.3478242953  105359.77742654197    0
2169    1368469.6970731788  105520.27134998697    0
2170    1368408.3076359914  105397.68945912813    421
2171    1368423.5141163969  105369.54751892011    524
2172    1368389.4769438985  105401.9302080976    0
2173    1368414.5743566968  105382.89630152044    0
2174    1368401.7892378559  105412.67348918699    0
2175    1368421.8899865784  105394.71931213743    0
2176    1368411.9864308524  105426.78796797253    0
2177    1368376.5882172161  105429.12814928059    0
2178    1368394.3426014048  105428.79419904258    0
2179    1368386.0574109568  105460.43479948997    0
2180    1368455.1516397821  105341.40544650529    0
2181    1368506.3007814158  105342.50873235859    0
2182    1368429.5393795699  105515.07158252702    0
2183    1368443.9241282684  105499.98527265972    0
2184    1367306.2649683931  117512.77987690696    0
2185    1367574.638570111  117309.21457544125    0
2186    1368328.2451783817  98281.225935356619    0
2187    1369456.9600722236  105648.39055359476    429
2188    1369472.5950920274  105610.76130696767    516
2189    1369673.0791286209  98608.654167173096    0
2190    1370857.4651315913  107973.64728915469    280
2191    1370949.2949273321  107915.85217518089    284
2192    1372180.8551493436  106655.59760239806    0
2193    1372947.0703489501  106503.25057359558    0
2194    1376469.8659664923  110996.27686831997    0
2195    1368239.4520243586  117565.87402270811    0
2196    1368334.9523672389  117681.03995214401    0
2197    1368521.1938259203  117828.01259652573    0
2198    1369112.1012528818  105579.92830279842    518
2199    1369102.2176819518  105613.14079254505    426
2200    1368878.7752823546  117969.14560469346    0
2201    1370301.400497559  118523.60007353463    0
2202    1371800.863012258  118453.76023299215    0
2203    1371709.2506426116  118776.18581791648    0
2204    1371705.4473911296  119696.43740914724    123
2205    1371659.0996814282  119607.55189403784    682
2206    1371819.7826492805  118907.49060635969    0
2207    1372494.3050090305  117464.62729016198    0
2208    1373391.3857531503  117573.23535422607    0
2209    1371988.7607498104  118158.24636800436    0
2210    1373218.6712023444  118020.35753250011    0
2211    1371925.814393766  119133.88085586218    0
2212    1376437.2523632315  118674.09740265246    0
2213    1376503.2166681318  118191.6817859101    0
2214    1375673.1162792542  119317.5941259698    0
2215    1376135.8752796336  119203.45464082078    176
2216    1376097.1826227009  119111.03929365428    744
2217    1376819.8278612779  117894.90701177903    182
2218    1376734.2217982218  117840.70243308533    749
2219    1369423.8128853487  105609.1390911253    516
2220    1369413.3471661923  105631.90656667661    428
2221    1369356.5523919873  105605.48540575088    517
2222    1369364.6434198695  105616.94442123803    0
2223    1369345.2828294386  105630.55539309027    428
2224    1369350.8763764089  105572.05939101218    0
2225    1369367.6385645033  105589.70052693943    0
2226    1369346.0634004048  105615.83831508397    0
2227    1369331.2576791623  105616.62046477808    0
2228    1369319.5958186216  105601.42246668675    517
2229    1369305.1352457386  105629.75840663249    428
2230    1369315.4162385196  105617.66146067389    0
2231    1369313.9579103463  105567.64982717094    0
2232    1369331.0508565155  105582.28238116886    0
2233    1369354.9596621583  105648.89254849404    0
2234    1369295.3754554112  105615.6001773203    0
2235    1369264.1609585735  105595.32805809061    517
2236    1369247.6285781804  105629.09998521312    427
2237    1369282.6392452563  105597.35952762267    517
2238    1369266.3450160343  105629.22994930836    427
2239    1369277.0013369811  105563.58688810644    0
2240    1369294.108740831  105578.0879347553    0
2241    1369257.1004036693  105612.80421661455    0
2242    1369275.8096604422  105613.96834525763    0
2243    1369275.4728444733  105662.47401243489    0
2244    1369235.5601278218  105611.18465767844    0
2245    1369256.84410941  105649.71376128036    0
2246    1369334.9005175584  105647.75621122464    0
2247    1369294.6907142494  105650.09349001381    0
2248    1369245.6826718906  105593.29658855854    517
2249    1369240.0447636154  105559.52394904273    0
2250    1369257.1521674655  105574.02499569111    0
2251    1369228.9121403263  105628.97002111787    427
2252    1369238.1546247536  105645.7022031838    0
2253    1369219.4413254403  105645.12025039288    0
2254    1369172.7628267643  105628.58012883214    427
2255    1369227.76633334  105678.58474410027    0
2256    1369191.3292095771  105650.31987560994    0
2257    1369185.5757726855  105587.16500532447    518
2258    1369342.915677357  105683.88370959074    0
2259    1369314.8270362644  105647.34207397835    0
2260    1369246.8007172942  105605.73739030235    0
2261    1369243.6743855311  105665.52822371417    0
2262    1369206.3900789467  105589.21506217548    518
2263    1369324.4205185929  105669.03413977097    0
2264    1369258.8659682248  105700.25707194494    0
2265    1369191.4792646184  105628.71009292739    427
2266    1369182.2586502933  105608.82834550929    0
2267    1369200.9523162819  105612.23773999748    0
2268    1369193.6209036377  105599.48251897734    0
2269    1369218.3090897093  105613.44860710682    0
2270    1369210.3657011189  105602.30758645074    0
2271    1369199.6171110712  105551.29201071661    0
2272    1369218.8481568196  105569.41697260621    0
2273    1369155.057933745  105607.90987655647    0
2274    1369164.761466424  105585.11494847343    518
2275    1369154.3543132935  105584.08992004793    518
2276    1369158.4462043971  105595.88941962039    0
2277    1369150.9678293557  105565.12839431829    0
2278    1369148.2404715992  105592.81936279153    0
2279    1369160.6832694926  105573.17641144161    0
2280    1369128.0242065224  105581.49659721043    518
2281    1369134.944763209  105592.84924667167    0
2282    1369173.1254980764  105597.2553989126    0
2283    1369170.0924636063  105551.92960768087    0
2284    1369176.3148253923  105574.50250483063    0
2285    1369141.6197268877  105604.89564973486    0
2286    1369118.6561975619  105594.99302506153    0
2287    1369195.3431578523  105570.30362229137    0
2288    1369154.0463889102  105628.45016473689    427
2289    1369163.4733226749  105618.61935989073    0
2290    1369122.752115923  105553.40700799646    0
2291    1369085.6615473996  105605.55108849675    426
2292    1369144.7582340306  105618.29509291821    0
2293    1369118.7738165041  105620.73049659334    426
2294    1369131.2852826051  105614.38353500099    0
2295    1369163.2170171803  105655.53052256665    0
2296    1369082.1676608601  105591.32005352101    0
2297    1369096.1782992412  105578.36000838641    518
2298    1369098.4483995896  105594.86735320803    0
2299    1369080.4851631424  105638.69539980068    0
2300    1369114.6468988454  105607.88035187594    0
2301    1369144.5606096482  105646.75544933131    0
2302    1369105.6411943324  105563.90019799127    0
2303    1369069.0507371959  105619.93323154649    0
2304    1369102.1630063003  105635.11263964308    0
2305    1369120.2931663126  105639.26877406327    0
2306    1369103.8604065173  105669.33047905289    0
2307    1369138.5140930086  105683.83069599848    0
2308    1368112.9950026094  116548.37832668581    0
2309    1367666.6335054396  117307.69408681201    0
2310    1368184.0515137268  116529.44509773073    0
2311    1370796.4651264274  107769.43202041974    0
2312    1368066.0102966547  116671.35171389818    0
2313    1374129.6174125934  107298.46449198223    0
2314    1363551.7978479366  111529.96648625615    0
2315    1368849.5898081365  105392.28866261595    0
2316    1370345.9211470718  105630.51391180952    0
2317    1373219.3761824989  116857.96630144499    0
2318    1368815.6479581939  117957.70228089207    0
2319    1370187.3954985512  118433.53287736131    0
2320    1373474.5167655349  118359.80289747418    0
2321    1365744.3059558626  113476.24121416164    249
2322    1365679.0143695299  113414.35598554533    0
2323    1365695.6231146178  113513.92844183226    0
2324    1366599.7524824452  105730.43733561489    0
2325    1373335.7961334013  116906.5341788532    152
2326    1373355.5287485491  116808.50038927313    715
2327    1373268.7875154349  116842.89957702858    0
2328    1368337.905178369  105401.53874891602    0
2329    1368332.0111725121  105351.22605924764    420
2330    1373754.261772634  107303.5862836282    470
2331    1373745.0260753743  107265.51229014779    475
2332    1363670.0644432548  98306.419732679351    211
2333    1363559.9209353528  98375.685387862395    0
2334    1374967.1515950924  119107.42207811962    0
2335    1374970.6214040448  119209.74057725267    0
2336    1374986.0030909502  119159.12699413653    0
2337    1367168.4333731649  104546.23731427862    0
2338    1373997.0447595806  107349.82432110056    0
2339    1368245.1641021811  105300.08204746179    0
2340    1373921.6691973973  107158.72313859098    0
2341    1367155.3261591014  104765.84785663775    370
2342    1367170.2387467518  104761.00646837198    0
2343    1367120.9388201074  104769.04231691475    0
2344    1367138.0960634321  104753.13897429011    0
2345    1367192.3464909969  104785.12173636052    387
2346    1367145.12960804  104821.16596259282    370
2347    1367992.7392395355  105245.30164311769    0
2348    1366783.9243888534  105404.72746151501    381
2349    1366767.810959415  105401.56519181843    0
2350    1366759.1210686723  105385.70351557047    0
2351    1366753.5794754559  105358.49319596605    376
2352    1366779.4533060445  105384.87564379595    0
2353    1366797.3822736479  105332.4410291542    375
2354    1366777.3492302175  105361.06042263178    0
2355    1366814.7371597847  105424.36710160301    0
2356    1366789.553157879  105425.93732150771    0
2357    1366768.8199559774  105373.81454255988    0
2358    1366822.6070855525  105370.2189109913    381
2359    1366803.3001334216  105443.67629355176    0
2360    1366794.8426990218  105371.5154320787    0
2361    1366838.6403790556  105451.56694420808    0
2362    1366794.7029374654  105351.88661937545    0
2363    1366810.6675495249  105380.87008367051    381
2364    1366835.5189083982  105396.71000099098    0
2365    1366816.3917136127  105399.30409739552    0
2366    1366779.7528679306  105337.53432905284    375
2367    1366770.9381650719  105340.08097900217    375
2368    1366778.3707737741  105349.27895729321    0
2369    1366762.0163058175  105325.72826748878    0
2370    1366768.8473523327  105349.37252423499    0
2371    1366772.5495472224  105329.12998379991    0
2372    1366773.3132311204  105308.75659440087    0
2373    1366785.7198594813  105325.13091452818    0
2374    1366804.5098831814  105308.11172879206    0
2375    1366746.1707785092  105334.27876213813    0
2376    1366715.2240445651  105322.35666215788    0
2377    1366740.0640131584  105304.004400834    0
2378    1366818.9875290329  105345.32532067486    0
2379    1366808.2923631086  105361.60476353022    0
2380    1366805.4550747029  105343.46073368561    0
2381    1366815.0116793653  105327.34772925555    375
2382    1368172.6978670119  117258.64945076338    0
2383    1368892.8466206656  105478.24677749607    0
2384    1368018.4217566825  105327.14168988503    418
2385    1368002.0544194595  105308.98699623009    0
2386    1368024.2053390853  105313.47952583464    0
2387    1368009.1225027365  105330.23505079086    418
2388    1368000.9388341252  105321.15770396338    0
2389    1368017.0075174896  105338.41458512435    0
2390    1368010.9897471594  105320.32397875999    0
2391    1368007.1996579233  105339.97897706521    0
2392    1368013.73980628  105349.45495334106    0
2393    1367981.2247408987  105339.51513350831    418
2394    1367994.0806491587  105347.1137780524    0
2395    1368029.5051098485  105334.2573092994    0
2396    1368023.2988108378  105363.55053753176    0
2397    1367979.9213194705  105313.09472505141    0
2398    1367987.0647044738  105326.02246239914    0
2399    1367977.739438962  105360.08638264333    0
2400    1367970.3731710906  105326.80812796921    0
2401    1368001.5620385478  105368.0024193151    0
2402    1367940.6646303025  105274.97097842229    527
2403    1367933.9336320302  105325.50328010356    417
2404    1367952.9295054292  105304.48201472113    0
2405    1367965.096411753  105312.95339324044    0
2406    1367948.2799325185  105335.60256771185    417
2407    1367968.8755245314  105294.55272296471    0
2408    1367951.0787456576  105320.11311327509    0
2409    1367937.5498318875  105366.08424461901    0
2410    1367957.5103133637  105275.77810442857    527
2411    1367991.2016794859  105277.39235644108    527
2412    1367930.0187652905  105346.30374016731    0
2413    1367955.0392590663  105290.10122989771    0
2414    1367935.2185665169  105294.53855643173    0
2415    1367950.5182835832  105245.5117925158    0
2416    1367998.9247604576  105292.40075747846    0
2417    1367983.54761798  105260.94343677623    0
2418    1368012.636113574  105291.17792205927    0
2419    1367983.7042726842  105290.74168792594    0
2420    1368001.7510068777  105261.11879095857    0
2421    1367966.6353141493  105261.52676574707    0
2422    1368013.1895397764  105244.12593876124    0
2423    1367974.5358506376  105245.12628893522    0
2424    1367983.9483996779  105212.94437921386    0
2425    1367898.7189209727  105369.54449590133    0
2426    1367908.294120423  105331.44629235598    0
2427    1367938.0911558927  105310.16678159007    0
2428    1367919.587331542  105315.40399249538    417
2429    1367920.0705651415  105299.4782564825    0
2430    1367907.5551364492  105289.4092262254    0
2431    1367923.8189472412  105274.16385241602    527
2432    1367890.8947305658  105295.20541727904    417
2433    1367886.6073531974  105248.67414814379    528
2434    1367933.1279331429  105256.07252477578    0
2435    1367891.6372457957  105278.9113649722    0
2436    1367883.3896890064  105321.1058139683    0
2437    1367916.1148605663  105258.75901773844    0
2438    1367877.4138266901  105265.74043451529    0
2439    1367896.7903086888  105261.01543727677    528
2440    1367873.7766897599  105304.28274894661    0
2441    1367919.8589859449  105227.25628691395    0
2442    1367904.6190270991  105244.18417363081    0
2443    1367890.2521963024  105224.92336555111    0
2444    1367989.5373987497  105303.22549239975    0
2445    1368034.3244387622  105240.6260896149    0
2446    1368001.8569988848  105225.4517429351    0
2447    1367862.2021295894  105275.00684206258    417
2448    1367860.5568039117  105292.58336007131    0
2449    1367846.2824438557  105282.3818792096    0
2450    1367846.4269578282  105321.86826519549    0
2451    1367823.0660873414  105237.07442169423    416
2452    1367842.9461624071  105302.13754691801    0
2453    1367816.0919792666  105270.85553883563    0
2454    1367863.3249162759  105247.14140866281    0
2455    1367864.1777690339  105261.13110982337    0
2456    1368015.0748047975  105187.45105506145    0
2457    1367826.3906462612  105289.18215328504    0
2458    1367874.6161584477  105253.22394659439    0
2459    1367876.4243977061  105236.33285901081    528
2460    1368031.2206423995  105211.67792958432    0
2461    1367818.2263827787  105316.67087925618    0
2462    1367794.9411060063  105294.79828456673    0
2463    1365569.3464747327  113621.88401304303    0
2464    1366618.5522785618  105436.60313182636    0
2465    1366798.3749734052  105529.05549688335    0
2466    1368945.4184706674  105618.13271353344    0
2467    1369005.6199472207  105652.61169957925    0
2468    1366062.7127503559  102373.79950702339    0
2469    1366095.2183688087  102229.8534683425    0
2470    1366231.4601474544  102394.76886166794    0
2471    1366254.4585104808  102388.74987468879    554
2472    1366242.7836875336  102424.20436643332    390
2473    1366240.393184138  102408.22819095754    0
2474    1366254.9076320124  102403.89164268028    0
2475    1366266.7553678106  102418.30613433722    0
2476    1366253.710650081  102416.95174474944    0
2477    1366284.5562212374  102410.95315828417    554
2478    1366274.1593759554  102444.74253032533    390
2479    1366289.3411989496  102436.15655599619    0
2480    1366317.6486608228  102521.98816597536    391
2481    1366356.750153868  102510.95467749826    553
2482    1366251.9316029411  102464.09244312636    0
2483    1366271.2320055144  102463.82156119222    0
2484    1366293.0639136604  102383.66996109606    0
2485    1366314.653931994  102433.15644187956    554
2486    1366275.8487510427  102430.01437555697    0
2487    1366302.9795104247  102401.73000309362    0
2488    1366302.5974985857  102487.74682311396    391
2489    1366303.3866977354  102446.37696448764    0
2490    1366316.8195081619  102414.47031457139    0
2491    1366295.0719174673  102470.62615168332    391
2492    1366331.7929591946  102425.6741708982    0
2493    1366332.4845669195  102383.56566083487    0
2494    1366343.2264706199  102477.60638058766    553
2495    1366276.9977493954  102488.78516489344    0
2496    1366335.8231287848  102404.68042942531    0
2497    1366319.7466780809  102469.99439889743    0
2498    1366363.6920239632  102438.67142532092    0
2499    1366307.5386020893  102475.36059417469    0
2500    1366305.9355116757  102460.80104189336    0
2501    1366320.1971560922  102487.58899814339    0
2502    1366336.4646289959  102460.93223213237    553
2503    1366329.95125984  102478.53619543025    0
2504    1366349.9883122439  102494.28052904297    553
2505    1366334.5642137667  102493.28777279911    0
2506    1366341.3951667675  102507.47342784575    0
2507    1366310.1230797041  102504.86749454461    391
2508    1366370.2738371161  102544.30297440886    553
2509    1366332.6998230601  102556.22950883683    391
2510    1366325.7508910717  102506.26924996784    0
2511    1366343.6724812917  102533.03299344424    0
2512    1366319.6529826345  102455.16423166076    0
2513    1366347.5618229613  102446.72387042049    0
2514    1366376.1660568058  102473.95657498082    0
2515    1366283.5356428348  102526.76860952834    0
2516    1366290.4081866406  102503.31908250834    0
2517    1366354.2858355066  102463.41335964327    0
2518    1366371.6757957006  102495.19377124612    0
2519    1366222.3024855689  102435.86494196505    0
2520    1366353.1540865311  102418.89116090642    0
2521    1366268.8699375656  102509.73855218539    0
2522    1366411.5686166026  102492.53516734067    0
2523    1366382.1573382169  102520.06760896729    0
2524    1366362.6682400063  102389.61449170457    0
2525    1366250.5391211316  102490.57495332947    0
2526    1366246.0131965519  102544.25183052378    0
2527    1366386.8262662613  102413.64948019826    0
2528    1365735.0313980521  114204.59590671626    0
2529    1368690.2304168749  105377.43411816776    0
2530    1368669.4130673236  105531.15386148615    0
2531    1368509.5689290757  105462.07840048973    0
2532    1368480.8955829192  105334.10486439608    0
2533    1369443.1520433584  105640.30734019526    429
2534    1369459.8924158011  105627.54613486741    0
2535    1369435.7267503208  105668.82677290162    0
2536    1369429.1322161355  105648.42121468257    0
2537    1369487.9425091632  105635.57523349352    0
2538    1369444.4918836113  105624.70420667403    0
2539    1369456.3343564679  105610.22056835354    516
2540    1369448.9880274427  105586.37310186602    0
2541    1369464.996595568  105594.49685352073    0
2542    1369471.3934821191  105562.05620263334    0
2543    1369489.4653593362  105592.97260816234    0
2544    1369471.554672264  105639.81522049902    0
2545    1369476.5803088194  105625.44960292605    0
2546    1369488.8558275872  105611.3020455818    516
2547    1369470.7681010887  105656.47376699426    429
2548    1369483.9463842614  105649.79744759316    0
2549    1369463.342808051  105684.99319970015    0
2550    1369512.0600139969  105680.64603278044    429
2551    1369533.8810374048  105635.71849033648    515
2552    1369507.9388469099  105656.16696113633    0
2553    1369454.9895193663  105667.59200765296    0
2554    1370814.8618600601  107925.88787903643    280
2555    1368847.235072322  117970.60566572216    0
2556    1371821.1979210253  119602.51870714816    0
2557    1376261.6651759134  119116.11012459964    0
2558    1376872.6709689505  117769.70142873832    0
2559    1369298.4374202215  105677.01526465296    0
2560    1369145.9456885415  105537.39657182276    0
2561    1370783.8118083531  107735.15759757139    0
2562    1368864.2240003364  105364.67166577994    0
2563    1365724.6012125243  113433.10792011373    0
2564    1365719.8763275235  113470.93148166306    249
2565    1373306.5118537592  116798.63408169922    715
2566    1373780.6945747037  107253.93610098236    475
2567    1373790.0115857457  107292.26370165804    470
2568    1363614.9432778661  98312.584252653731    211
2569    1374989.2794901144  119115.56974786088    0
2570    1375153.0152083854  119267.09545625062    174
2571    1375166.3788161301  119167.87435222813    743
2572    1375082.7069435902  119152.45583899484    743
2573    1375066.9640208231  119251.2384981846    174
2574    1373944.6525342565  107155.60333023404    0
2575    1367169.0222967814  104796.74282755602    0
2576    1367164.6573715035  104784.77456032434    0
2577    1367179.4308550595  104788.41635788298    0
2578    1367185.7313490806  104822.03365716431    387
2579    1367165.2959298808  104827.89570110994    0
2580    1367214.2038868  104817.61197932398    0
2581    1367202.2497797948  104834.51835732022    0
2582    1367148.5284583936  104802.72659394114    370
2583    1367158.6832120442  104814.13130860402    0
2584    1367114.1411193998  104805.92105421856    0
2585    1367129.9832840785  104789.77530874283    0
2586    1367175.808636206  104877.40153837    386
2587    1367141.7307576863  104839.60533124449    370
2588    1367179.1162071642  104858.9455779681    386
2589    1367107.3434186922  104842.79979152149    0
2590    1367158.5850009769  104864.79045552133    0
2591    1367164.5782004371  104846.81579799659    0
2592    1367196.8851513809  104852.60566372873    0
2593    1367123.1855833712  104826.65404604646    0
2594    1367151.4532745832  104852.42609002966    0
2595    1367155.1197430149  104836.98333173727    0
2596    1367193.4462914472  104871.03809527654    0
2597    1367231.63127017  104853.0720167816    0
2598    1367193.811992941  104899.67672052977    0
2599    1367214.0902551475  104865.35254883686    0
2600    1367174.1184373847  104811.54098054022    0
2601    1367131.5342066248  104894.92343719956    371
2602    1367244.6307582066  104890.30766346726    0
2603    1367134.9330569785  104876.48406854788    371
2604    1367172.5010652477  104895.8574987719    386
2605    1367100.5457179847  104879.6785288253    0
2606    1367116.3878826634  104863.53278334957    0
2607    1367151.8741130105  104901.68521726957    0
2608    1367157.9496742405  104883.72532014658    0
2609    1367144.7125184399  104889.25497453188    0
2610    1367148.3851460521  104873.92630793444    0
2611    1367162.5783523731  104951.22537997759    386
2612    1367128.1353562712  104913.36280585123    371
2613    1367165.8859233314  104932.76941957569    386
2614    1367093.7480172771  104916.55726612825    0
2615    1367145.1632654215  104938.57998625355    0
2616    1367151.3208055447  104920.63478091596    0
2617    1367194.178638007  104928.31551488485    0
2618    1367109.5901819561  104900.4115206532    0
2619    1367137.971910743  104926.08339464352    0
2620    1367141.650478398  104910.86955764066    0
2621    1367182.3465935306  104945.24376822468    0
2622    1367117.9388052099  104968.68091180628    371
2623    1367218.2717390039  104957.75459234788    0
2624    1367180.0804488664  104973.41072916298    0
2625    1367121.3376555636  104950.24154315461    371
2626    1367159.270781415  104969.68134037948    386
2627    1367086.9503165698  104953.43600343203    0
2628    1367138.4524576599  104975.47476237538    0
2629    1367144.6915999528  104957.544181309    0
2630    1367102.7924812485  104937.29025795657    0
2631    1367131.2314495193  104962.91135389368    0
2632    1367134.9157393754  104947.81307927541    0
2633    1367147.5838369662  105024.68476778615    385
2634    1367114.539954856  104987.120280458    371
2635    1367125.6902692486  104979.6426383225    0
2636    1367151.7735237116  105006.41103428374    385
2637    1367131.0571776745  104999.6977619867    0
2638    1367080.1526158622  104990.31474073541    0
2639    1367095.9947805412  104974.16899525972    0
2640    1367182.0414593357  105003.73351702245    0
2641    1367144.0201718432  104995.01623523541    0
2642    1367138.2182314282  105012.92032135119    0
2643    1367103.0735798099  105042.17007959733    372
2644    1367125.1384876987  105032.94320174072    0
2645    1367168.2100172576  105019.79664947228    0
2646    1367203.6012408517  105036.28441442165    0
2647    1367163.9221380686  105047.66502929926    0
2648    1366833.8562904315  105338.54919138688    0
2649    1366867.8998965174  105312.0678295596    375
2650    1366850.2704908  105317.16112945825    375
2651    1366878.3382286285  105351.98993051647    382
2652    1366848.8986450769  105333.10085480433    0
2653    1366862.4121931181  105350.45324807461    382
2654    1366851.9746107853  105375.33106656987    0
2655    1366832.4267722913  105288.45570643146    0
2656    1366872.2040047317  105332.26813792827    0
2657    1366868.7800788216  105367.7533911887    0
2658    1366853.4932551011  105295.25913905371    0
2659    1366892.5414640058  105371.38155510218    0
2660    1366873.8104728281  105401.33368764364    0
2661    1366860.734867305  105337.82132231868    0
2662    1366861.3726051098  105324.51811151658    0
2663    1366885.5293022348  105306.97452966095    375
2664    1366901.488741803  105329.15791028149    0
2665    1366872.1789580951  105293.82199402885    0
2666    1366897.4625130594  105315.22195099245    0
2667    1366969.0551368755  105297.7803827621    374
2668    1366886.3440942415  105325.98375317043    0
2669    1366936.1069224139  105299.83080626217    374
2670    1366894.2642641386  105353.52661295832    382
2671    1366919.6328151831  105300.8560180122    374
2672    1366887.4774672627  105340.56802671563    0
2673    1366914.8407394548  105317.75080632587    0
2674    1366889.9313633917  105289.1544317708    0
2675    1366860.2884449291  105261.41596989063    0
2676    1366952.5273958626  105359.1483467206    382
2677    1366926.0524511873  105271.13936466974    0
2678    1366876.4253601665  105273.87942875514    0
2679    1366920.0309480312  105337.34373583437    0
2680    1366910.2701806617  105283.28168668358    0
2681    1366890.451176865  105239.04140023974    0
2682    1366907.0241924189  105341.7126744094    0
2683    1366936.9279704923  105322.3837653684    0
2684    1366931.3588477557  105357.10582106037    382
2685    1366904.4160530774  105259.34479485109    0
2686    1366924.7201254221  105325.617649416    0
2687    1366927.3540396139  105312.17309518489    0
2688    1366934.041294144  105336.14574488364    0
2689    1366959.8089932399  105334.36696860351    0
2690    1366952.5810296447  105298.80559451213    374
2691    1366961.8845403565  105315.42986651718    0
2692    1366943.2183951233  105281.2312631836    0
2693    1366959.9051205781  105283.6226094507    0
2694    1366955.8009550902  105252.84597539261    0
2695    1367000.9933517203  105295.79281325832    374
2696    1366983.8658697617  105278.17270061684    0
2697    1366938.3222872778  105395.65307999279    0
2698    1366941.943121809  105358.12708389047    382
2699    1366937.6503318227  105347.25931165232    0
2700    1366945.4248415702  105377.40071335668    0
2701    1366948.1263045694  105349.4029992664    0
2702    1366935.529739399  105369.23693651559    0
2703    1366944.842576246  105338.78090478946    0
2704    1366973.6959439698  105361.19087238084    382
2705    1366962.7146500614  105348.68122515082    0
2706    1366932.5677838773  105382.90573275198    0
2707    1366919.6325786235  105367.9200902064    0
2708    1366986.6370496866  105336.37316890564    0
2709    1366912.8475054845  105399.48055342736    0
2710    1366977.0607228263  105347.1625255223    0
2711    1366950.7679529721  105323.79375788856    0
2712    1366945.0976288451  105310.82247602635    0
2713    1366980.6593834918  105399.73813131326    0
2714    1366973.8991132777  105326.32898280611    0
2715    1366992.6362376644  105315.66590381878    0
2716    1366959.8919582665  105393.53840499475    0
2717    1366977.5883548891  105311.01776143053    0
2718    1366985.0242442978  105296.78659801021    374
2719    1367018.2071428499  105342.51851128669    383
2720    1366952.8558581758  105432.83281880917    0
2721    1367017.6267461998  105314.48128627437    0
2722    1367004.213557621  105330.24267478863    0
2723    1367006.5358174634  105352.87595466382    383
2724    1367030.7323699936  105368.38727315895    0
2725    1367012.0716012057  105370.86863503272    0
2726    1366998.5476201961  105342.2597975739    0
2727    1367025.8007556775  105402.70834927748    0
2728    1366995.6934628705  105384.57216375467    0
2729    1366964.8810204098  105414.70890457975    0
2730    1367004.8486975515  105309.10780852367    0
2731    1367016.9624591426  105294.79902850643    374
2732    1367007.5461371525  105272.28886486913    0
2733    1367042.7938086069  105263.36290182907    373
2734    1367037.8626875859  105278.5840727918    373
2735    1367017.7239879633  105238.42248689677    0
2736    1367024.6835795045  105265.90516803657    0
2737    1367064.8924443959  105301.08873777815    383
2738    1367050.3708042994  105291.04560007666    0
2739    1367053.6173699922  105275.27869277011    0
2740    1367053.2211190094  105311.44618115528    383
2741    1367039.0607641793  105307.24419110519    0
2742    1367077.4176715396  105326.95749965041    0
2743    1367058.756902752  105329.438861524    0
2744    1367096.7877505007  105243.86218046788    384
2745    1367072.4860572233  105361.27857576845    0
2746    1367041.4603539344  105345.21216089158    0
2747    1367065.2658108564  105253.82435596555    0
2748    1366989.3425942452  105351.45351636494    0
2749    1367002.8684331356  105406.7193909976    0
2750    1366990.9971394425  105445.08815699702    0
2751    1366986.0940068751  105421.26606791954    0
2752    1367007.6991123648  105429.23487458164    0
2753    1366834.5466215801  105359.56773831209    381
2754    1367975.6177895044  105406.27529819006    0
2755    1367962.1856262058  105224.04665769605    0
2756    1367838.9701985992  105190.94003559941    528
2757    1367835.4609582215  105250.99098807437    416
2758    1367844.6042039944  105230.36943783598    0
2759    1367849.638268322  105250.84194943265    0
2760    1367857.6290312055  105234.66517593841    0
2761    1367827.2986329987  105212.72498549982    0
2762    1367852.6058204072  105207.46580273873    528
2763    1367831.4266139835  105225.98511227549    0
2764    1367810.6712164616  105223.1578553142    416
2765    1367841.1161287855  105215.69609093198    0
2766    1367795.6407215067  105249.02291831643    0
2767    1367790.4385422438  105228.70013926618    0
2768    1367859.4236313109  105215.72868630828    528
2769    1367870.6625389759  105199.51114659611    0
2770    1367871.9043640946  105212.37484734583    0
2771    1367891.0750091353  105204.03237623723    0
2772    1367757.012950991  105248.08355751791    0
2773    1367888.883666954  105165.58608293888    0
2774    1367773.4866038219  105181.40815617397    416
2775    1367770.239544441  105209.25629882081    0
2776    1366363.511995492  102527.62882595355    553
2777    1366351.7320788894  102551.03888701778    0
2778    1366355.7940257147  102538.41400315095    0
2779    1366377.0356787401  102560.97712286415    553
2780    1366363.0363034464  102576.36240167967    0
2781    1366397.8887790474  102542.81246354796    0
2782    1366396.8358350503  102562.65572992498    0
2783    1366357.3978605294  102626.20821578175    392
2784    1366391.1211934634  102612.8335132614    552
2785    1366340.2254041787  102573.35018026757    391
2786    1366313.6379673094  102595.25129525084    0
2787    1366317.6658129971  102573.0521868573    0
2788    1366362.2083076984  102561.54719537932    0
2789    1366432.5389442449  102554.60067597144    0
2790    1366387.4593569138  102595.24239229041    552
2791    1366352.5744229131  102608.33953373996    392
2792    1366404.5304797157  102582.51210899807    0
2793    1366366.1643200966  102595.08574731679    0
2794    1366325.2005248952  102625.31414680133    0
2795    1366332.2877128073  102604.23033344354    0
2796    1366404.8804648207  102600.7926379205    0
2797    1366370.4695486168  102613.09431372369    0
2798    1366414.9836641585  102626.219591213    0
2799    1366437.1118070639  102591.03194641728    0
2800    1366394.7830300133  102630.42463423245    552
2801    1366362.2212981454  102644.07689782348    392
2802    1366375.2843143477  102630.96533663762    0
2803    1366380.027603348  102648.85565384231    0
2804    1366332.9567730625  102661.56186311312    0
2805    1366340.8969221862  102640.247803049    0
2806    1366376.6916109934  102697.68294394869    392
2807    1366405.7685396629  102683.19799714559    552
2808    1366402.1067031131  102665.60687617454    552
2809    1366371.8681733774  102679.81426190695    392
2810    1366384.332191762  102666.10834175114    0
2811    1366425.6948060065  102651.51999281484    0
2812    1366388.4780041028  102684.91599194182    0
2813    1366342.6036482945  102697.29922719659    0
2814    1366349.8384124215  102676.1755773999    0
2815    1366421.2123284687  102670.80646606328    0
2816    1366409.4303762126  102700.78911811658    552
2817    1366381.5150486093  102715.55162599043    392
2818    1366392.9096378798  102700.83130522426    0
2819    1366422.9543104114  102688.79723147913    0
2820    1366396.9447841332  102720.97190865116    0
2821    1366352.2505235265  102733.03659128006    0
2822    1366359.4852876535  102711.91294148337    0
2823    1366426.4961249116  102706.41333670924    0
2824    1366453.9759834746  102676.71379534114    0
2825    1366390.5535081099  102769.24425547991    393
2826    1366418.5031263467  102755.12567339402    551
2827    1366442.831396356  102693.96493763813    0
2828    1366415.7976695546  102736.75295624082    551
2829    1366388.4459971676  102751.33228175604    393
2830    1366401.0535288353  102735.21523955175    0
2831    1366431.1424724972  102725.10781874786    0
2832    1366402.7808517949  102758.72562330436    0
2833    1366359.4076627877  102763.82888394124    0
2834    1366369.1673927219  102744.52061853075    0
2835    1366433.0801510892  102743.59359434141    0
2836    1366421.2085831389  102773.49839054723    551
2837    1366464.881492316  102730.91573694136    0
2838    1366392.6610190524  102787.15622920381    393
2839    1366435.7671052921  102761.96903607564    0
2840    1366405.1545690333  102776.60627537193    0
2841    1366407.5374181326  102794.48585299116    0
2842    1366361.9617864229  102799.84825157492    0
2843    1366372.5630067796  102780.4409769599    0
2844    1366454.0278386103  102749.91468395459    0
2845    1366429.3249535153  102828.61654200686    551
2846    1366398.9835518794  102840.89215037545    393
2847    1366426.6194967232  102810.24382485365    551
2848    1366396.8760409369  102822.98017665154    393
2849    1366410.2003842893  102810.69382524941    0
2850    1366457.8365274244  102796.26143772922    0
2851    1366412.3286373699  102830.24200544057    0
2852    1366366.1768083074  102835.67219902309    0
2853    1366376.1567133411  102816.33802795605    0
2854    1366448.143647871  102816.45985997532    0
2855    1366432.0304103075  102846.98925916007    551
2856    1366401.0910628217  102858.80412409932    393
2857    1366414.9120647504  102847.16520294573    0
2858    1366447.0387947503  102835.39366064972    0
2859    1366417.1510704763  102865.99448528724    0
2860    1366370.3918301922  102871.49614647042    0
2861    1366380.3717352259  102852.16197540383    0
2862    1366449.3005634579  102853.83171266504    0
2863    1366481.1556267068  102827.88536010354    0
2864    1366398.4372220226  102912.56955237899    394
2865    1366434.4030765614  102902.17771735194    550
2866    1366466.4585629241  102842.36921619286    0
2867    1366434.5694718305  102883.76984683261    550
2868    1366400.8178978933  102894.64282510109    394
2869    1366418.4585429558  102882.13525467536    0
2870    1366454.0071042893  102874.74086317245    0
2871    1366415.9582187932  102905.7749061439    0
2872    1366372.7017936795  102900.03043723309    0
2873    1366385.3066501492  102883.46148483915    0
2874    1366450.7288414903  102893.12060441771    0
2875    1366423.3530151243  102894.60498751617    0
2876    1366434.2366812923  102920.58558787126    550
2877    1366484.9501837646  102889.74218937497    0
2878    1366396.0565461521  102930.49627965686    394
2879    1366450.2643492718  102911.525780333    0
2880    1366412.7917584945  102923.59728096511    0
2881    1366363.0870661349  102935.23936172556    0
2882    1366379.3082571439  102919.15065986759    0
2883    1366468.9607802872  102902.78917380638    0
2884    1366450.0951674005  102929.93362566303    0
2885    1366410.3912221496  102941.52137076504    0
2886    1366433.7374954852  102975.80919942925    550
2887    1366421.5513307233  102933.89322672917    0
2888    1366433.9038907543  102957.40132890991    550
2889    1366388.9145185403  102984.27646149052    394
2890    1366423.0667344178  102948.08807827624    0
2891    1366416.7067500143  102966.4505651692    0
2892    1366449.9287718884  102948.34149618036    0
2893    1366406.493299556  102955.77344589913    0
2894    1366391.2951944107  102966.34973421265    394
2895    1366482.6440459585  102939.43253426185    0
2896    1366403.9583064204  102977.15284101803    0
2897    1366358.3257143935  102971.09281628176    0
2898    1366372.8037622811  102954.77262438569    0
2899    1366407.5312872045  103004.14500419801    0
2900    1366401.412122244  102991.22244325819    0
2901    1366433.5711002161  102994.21706994859    550
2902    1366386.5338426696  103002.20318876841    394
2903    1366417.6086351357  102991.46304930944    0
2904    1366466.2863741685  102985.30810759818    0
2905    1366353.5643626524  103006.94627083711    0
2906    1366368.0424105402  102990.62607894148    0
2907    1366421.5874125615  103004.96948317775    0
2908    1366423.4875918189  103031.08671874451    549
2909    1366413.7316207341  103018.66877953689    0
2910    1366406.9048304004  103034.07343395548    0
2911    1366398.7971477464  103016.4590662478    0
2912    1366453.6979202458  103003.60369072444    0
2913    1366367.2074077937  103053.44462666282    395
2914    1366390.2968087366  103050.40018184313    0
2915    1366276.2989949598  102577.01148179709    0
2916    1366306.0295889259  102547.52408209087    0
2917    1366472.8290033725  102701.11861339612    0
2918    1366456.2014851556  102773.0659301001    0
2919    1366496.3463218214  102857.99830087287    0
2920    1366359.4205050729  102915.3208703038    0
2921    1366492.2247000716  102914.97848755744    0
2922    1366420.9971934243  102978.81836482513    0
2923    1366451.2566751549  103057.89791366061    0
2924    1366490.5260549856  102758.16556797022    0
2925    1366343.452377483  102888.03764723429    0
2926    1366448.7153514226  103032.743837064    0
2927    1366325.9437951557  102931.77991729656    0
2928    1366492.4251689534  103016.77175523464    0
2929    1366325.1742419414  102539.10883740609    391
2930    1366333.395112108  102521.06745458476    0
2931    1366209.1771706785  102477.24264030585    0
2932    1366242.1995526419  102516.90102491129    0
2933    1368508.4959217203  105293.27038988375    0
2934    1369530.7425777013  105574.6624294645    0
2935    1369498.3180719754  105672.6015065871    429
2936    1369490.9283172598  105700.9844419478    0
2937    1369482.6150083933  105683.6665340438    0
2938    1369534.8953340221  105664.21515425225    0
2939    1370793.5602242944  107902.00817397724    280
2940    1369318.3457887387  105695.54288101065    0
2941    1370843.5935472217  107749.68501769051    0
2942    1365725.7844740313  113502.60279028097    0
2943    1373282.003406364  116793.7009279122    715
2944    1373809.5247005899  107264.46104231765    0
2945    1363587.3826951717  98315.666512640921    211
2946    1374992.6591133862  119072.269259459    0
2947    1375040.8710073205  119144.74658237823    743
2948    1373927.6303062604  107116.42011849175    0
2949    1367143.394150221  105042.95850128852    385
2950    1367120.5152502896  105052.88346895124    0
2951    1367130.5601708181  105044.70633490371    0
2952    1367130.8250899855  105097.7797017956    385
2953    1367099.0398174636  105060.47529484116    372
2954    1367115.8192321807  105073.76988001434    0
2955    1367064.5728394571  105062.47715460269    0
2956    1367080.9593862921  105046.89401589709    0
2957    1367111.6059240245  105061.85145385508    0
2958    1367135.0147767307  105079.50596829323    385
2959    1367163.6406411997  105076.45196727988    0
2960    1367150.9053339018  105092.76641462134    0
2961    1367086.9385304248  105115.39094057266    372
2962    1367045.1415068139  105025.63675820908    0
2963    1367086.6381102316  105019.35423632241    0
2964    1367126.2478740923  105065.14349203531    0
2965    1367186.1940020791  105107.18537754635    0
2966    1367147.2322840565  105120.77575865551    0
2967    1367109.742782288  105094.26174383334    0
2968    1367121.8389694153  105086.70176835066    0
2969    1367126.6354032403  105116.05343529796    385
2970    1367106.6972291518  105121.09929534925    0
2971    1367090.9722927711  105097.08572532883    372
2972    1367102.0587424352  105106.98133305379    0
2973    1367056.5053147646  105099.08758509035    0
2974    1367072.8918615996  105083.50444638476    0
2975    1367113.8930611636  105170.83883935619    384
2976    1367082.9047680786  105133.69615581649    372
2977    1367118.1693888293  105152.58300407827    384
2978    1367048.4377900721  105135.69801557802    0
2979    1367064.8243369071  105120.11487687242    0
2980    1367098.4417771362  105157.59069159009    0
2981    1367104.4660310736  105139.74429829909    0
2982    1367146.9453104674  105149.69483274099    0
2983    1367091.3213567273  105145.14789716328    0
2984    1367095.7811510609  105129.24899947546    0
2985    1367134.041877191  105165.92981661217    0
2986    1367072.3172669616  105172.23116827113    373
2987    1367169.2737415461  105180.68655225179    0
2988    1367130.1872821541  105193.91321100781    0
2989    1367075.5941363471  105162.1162696657    373
2990    1367087.0974257267  105160.25468436278    0
2991    1367056.0247767875  105161.36473352609    0
2992    1367082.7773591378  105170.03162397217    0
2993    1367066.1274147278  105153.46114250614    0
2994    1367095.3062528078  105169.72476856456    0
2995    1367080.6998055947  105186.12330268288    0
2996    1367053.7715864882  105148.07606667568    0
2997    1367071.1206281316  105140.69643689411    0
2998    1367029.1618183726  105151.34239075749    0
2999    1367042.4127854956  105156.83738999814    0
3000    1367041.2481859783  105183.06559444727    0
3001    1367029.4378939702  105169.40122937805    0
3002    1367109.6167334979  105189.09467463411    384
3003    1367081.8783770483  105209.67025542002    0
3004    1367011.1198902458  105197.16980158022    0
3005    1367094.3828758562  105195.15499898657    0
3006    1366997.2865171239  105160.86121594236    0
3007    1367107.1073421561  105023.8648643535    372
3008    1367122.5743485105  105016.98465857346    0
3009    1366928.2464021547  105241.37210718186    0
3010    1366929.0611157985  105420.7037326518    0
3011    1367029.8784682364  105332.16106790956    383
3012    1367017.300886574  105327.79208570505    0
3013    1366989.002965813  105248.25353005528    0
3014    1367047.724929628  105248.14173086634    373
3015    1367035.190019306  105235.67152340028    0
3016    1367031.9672143662  105251.4461283501    0
3017    1367023.2034995658  105216.3903137343    0
3018    1367059.2097894195  105212.69076269286    373
3019    1367040.1241165793  105204.00471551898    0
3020    1367062.486658805  105202.57586408743    373
3021    1367074.1431442585  105200.76390889405    0
3022    1367051.3870411629  105204.56822475533    0
3023    1367069.6870055092  105210.49676593616    0
3024    1367045.0441810612  105218.5052608259    0
3025    1367046.2784709185  105193.83536602612    0
3026    1367067.5868468923  105226.58112140227    0
3027    1367033.6821114609  105193.15915893241    0
3028    1367055.3092552428  105183.05767304015    0
3029    1367027.3255461645  105204.27078690844    0
3030    1367101.0640781664  105225.60634518997    384
3031    1367084.4785134913  105231.35003970366    0
3032    1367103.2022419991  105216.47842755105    384
3033    1367090.8408471029  105218.3972249924    0
3034    1367120.4526038037  105215.70484335981    0
3035    1367095.8582781076  105209.94375964071    0
3036    1367112.1547091003  105223.38987837304    0
3037    1367129.9271034875  105234.25723906528    0
3038    1367109.132921498  105237.12519736885    0
3039    1367114.9031485266  105262.37827147866    0
3040    1367080.5960641704  105247.48041130046    0
3041    1367092.5114228348  105262.11801574586    384
3042    1367068.6863592661  105240.39528601045    0
3043    1367075.8810981556  105267.85122547805    0
3044    1367076.5637697824  105290.73129440102    383
3045    1367100.7603223131  105306.2426128965    0
3046    1367082.099553525  105308.72397476979    0
3047    1367063.4027634077  105285.51130826166    0
3048    1367146.3200181623  105214.1901040091    0
3049    1367027.4516222381  105466.76950626736    0
3050    1367825.3345767914  105174.41426846021    528
3051    1367818.4632417846  105193.97224138552    0
3052    1367847.8123921214  105141.9791890354    0
3053    1367829.8423365038  105200.06873695218    0
3054    1367813.1537835561  105207.93158055474    0
3055    1367804.1908739372  105177.97186154676    0
3056    1367850.296042359  105167.70659053509    0
3057    1367785.8814747017  105195.32472255401    416
3058    1367788.8919392824  105180.16536959486    0
3059    1367784.2663301495  105132.45498251932    529
3060    1367797.9826425666  105145.17174192016    529
3061    1367794.2191444458  105162.87166697654    0
3062    1367801.7177202078  105193.69814343382    0
3063    1367813.667792649  105114.49812417409    0
3064    1367780.1657660028  105150.63345154781    0
3065    1367818.8025404036  105136.47096983306    0
3066    1367761.091732942  105167.49158979394    416
3067    1367763.0398712205  105137.21859735892    0
3068    1367778.7564860247  105166.43974514217    0
3069    1367747.0866866112  105192.44333100824    0
3070    1367763.9410433222  105152.47576976166    0
3071    1367741.1981241598  105172.73188314143    0
3072    1367836.8302608079  105120.67176054169    0
3073    1367721.6403612602  105127.70211685981    415
3074    1367770.5500177324  105119.73822311847    529
3075    1367786.2351678149  105089.0646053724    0
3076    1367791.3699155694  105111.03745103138    0
3077    1367709.1994460439  105193.02640384453    0
3078    1367735.1686116611  105140.6385701368    415
3079    1367741.2317406535  105120.7562876545    0
3080    1367749.1780440595  105139.53004231972    0
3081    1367705.4717235335  105158.15219946932    0
3082    1367756.0158917229  105123.84737292069    0
3083    1367729.4010804812  105081.58794491595    529
3084    1367743.1173928983  105094.3047043168    529
3085    1367708.1121108592  105114.76566358283    415
3086    1367758.8025429808  105063.63108657072    0
3087    1367763.9372907353  105085.6039322297    0
3088    1367713.9656116168  105095.10259908794    0
3089    1367700.6732923263  105136.08656855152    0
3090    1367726.1588003593  105109.435188387    0
3091    1367689.8279274097  105120.34449723904    0
3092    1367729.1025302783  105095.66555700281    0
3093    1367739.5195853177  105107.34123050077    0
3094    1367667.5273596565  105075.95630375188    415
3095    1367715.6847680639  105068.871185515    529
3096    1367681.0556100574  105088.89275702887    415
3097    1367731.3699181464  105038.19756776893    0
3098    1367686.6991959931  105069.4492102189    0
3099    1367676.6120831775  105107.08134631263    0
3100    1367736.504665901  105060.17041342791    0
3101    1367699.0814885383  105083.58404488297    0
3102    1367663.0881868382  105094.14033979113    0
3103    1367659.7080975589  105137.14096779196    0
3104    1367701.8745751462  105070.01128120685    0
3105    1367712.3424782283  105081.82418015244    0
3106    1367639.061379974  105078.64092820129    0
3107    1367655.8829590555  105115.20712962501    0
3108    1367678.5503264829  105026.88808343215    530
3109    1367680.2406982852  105138.55648265019    0
3110    1367618.9128840463  105132.95496404789    0
3111    1367690.2593910648  105041.52125477311    530
3112    1367653.9991092556  105063.0198504749    415
3113    1367708.7805680772  105014.6998913745    0
3114    1367710.6031982687  105037.24391785852    0
3115    1367668.8144475799  105046.6796909058    0
3116    1367668.5595722359  105061.33508436984    0
3117    1367681.9755512096  105054.2384917391    0
3118    1367654.6878399274  105048.75782608645    0
3119    1367614.9520444092  105024.11000738147    414
3120    1367659.0862878955  105029.60378045804    0
3121    1367646.4000683716  105036.77261728802    0
3122    1367627.711451632  105037.09670228968    414
3123    1367642.6888008022  105015.39562791248    0
3124    1367614.2317400444  105063.10189379017    0
3125    1367636.8906402765  105027.4129008537    0
3126    1367627.4720671938  105015.4611746532    0
3127    1367602.1926371865  105011.12331247325    414
3128    1367631.7140681553  104968.35539806835    530
3129    1367643.4231327372  104982.9885694093    530
3130    1367635.0097100458  104999.00977346564    0
3131    1367608.2173876453  105043.48819317789    0
3132    1367663.5091764333  104954.91504237267    0
3133    1367616.991945538  105000.70694541048    0
3134    1367597.1925585214  105028.79727802899    0
3135    1367665.3434370561  104977.44976250286    0
3136    1367624.566232912  104984.62820389209    0
3137    1367584.5653489588  105015.6806991286    0
3138    1367576.6620332543  105055.68671626008    0
3139    1367604.555339236  104985.02497746417    0
3140    1367563.9144155183  104972.16322774859    414
3141    1367577.543263186  105035.07713490995    0
3142    1367561.6783380655  104999.88296265111    0
3143    1367667.4650805714  105174.24736205394    0
3144    1367666.841261901  105012.25491209119    530
3145    1367674.0177345236  104994.51127171431    0
3146    1367685.3734183994  105009.42720865778    0
3147    1367703.4192757038  104983.90809994524    0
3148    1367576.673822741  104985.14992265681    414
3149    1367589.3301678712  104959.95368739925    0
3150    1367578.7046772996  104970.39321509309    0
3151    1367577.4132668662  104914.17062902678    531
3152    1367593.3492919279  104974.67155236941    0
3153    1367568.7150412311  104949.59848333843    0
3154    1367620.0050035734  104953.7222267274    530
3155    1367609.7731944208  104968.13626825158    0
3156    1367640.0910472698  104925.6486996903    0
3157    1367641.9253078923  104948.18341982098    0
3158    1367540.5675459774  105043.81974801781    0
3159    1367684.7846237721  104978.30142396412    0
3160    1367603.617068483  104953.88817977319    0
3161    1367592.8546029287  104926.62984220654    531
3162    1367592.9071427183  104942.36294981549    0
3163    1367577.3917557697  104934.54812100845    0
3164    1367555.3567207148  104931.8709550099    0
3165    1367704.0410395591  104948.07066475421    0
3166    1367607.2206827868  104893.0270065237    0
3167    1367567.45077295  104924.34886966177    0
3168    1367561.9719308037  104901.71141584699    531
3169    1367553.6845323732  104915.69891477836    0
3170    1367514.7243082016  104919.21243657207    413
3171    1367526.5599546372  104932.70113725212    413
3172    1367533.9203591058  104914.30581978663    0
3173    1367508.5660326288  104960.42682366479    0
3174    1367505.8328747638  104938.95115382028    0
3175    1367551.1550082956  104959.17653284039    414
3176    1367552.2239038644  104945.36494846338    0
3177    1367538.7899676692  104984.08656188341    0
3178    1367532.0289019069  104965.20650597004    0
3179    1367614.25425236  104915.90639199098    0
3180    1367576.338010662  104868.10858016415    0
3181    1367583.3715802347  104890.98796563152    0
3182    1367540.8272691229  104927.73963418625    0
3183    1367521.6265189503  104869.15775047286    531
3184    1367544.5800166875  104903.97078147098    0
3185    1367524.3846620943  104893.80585482798    0
3186    1367469.1290154778  104954.53412365075    0
3187    1367487.8053459511  104918.9585757254    0
3188    1367516.5087548944  104981.41498526493    0
3189    1367534.0785568459  104879.20497657009    531
3190    1367553.6434045667  104867.69710124997    0
3191    1367537.3599100048  104862.39839411154    0
3192    1367520.564251133  104844.99460349718    0
3193    1367554.8948033068  104836.18160389159    0
3194    1367521.9336057554  104907.41375960097    0
3195    1367502.888661766  104905.72373589202    413
3196    1367507.8895157101  104889.39880358944    0
3197    1367496.1233163376  104870.94275001466    0
3198    1367523.8516394738  105014.42414841845    0
3199    1367485.2990144356  104981.2289479264    0
3200    1367479.2173688947  104878.74633453194    413
3201    1367465.5308652092  104902.6924812006    0
3202    1367460.0170591008  104883.65668827582    0
3203    1367483.4245514867  104859.64708985751    0
3204    1367455.5460760235  104851.76893317186    413
3205    1367493.8524813936  104817.192256258    532
3206    1367475.1620184612  104835.61982601971    0
3207    1367449.6858623361  104868.84790979075    0
3208    1367483.5567714302  104846.16732355535    0
3209    1367469.5051207026  104848.73659135909    0
3210    1367495.2874622764  104833.12777726819    532
3211    1367459.5763845437  104836.67638795987    0
3212    1367443.762894976  104800.78026919351    412
3213    1367465.7672867335  104812.51782446066    0
3214    1367443.7366622821  104819.53025084271    412
3215    1367437.9463001983  104855.27490004306    0
3216    1367428.5995817089  104894.56666086703    0
3217    1367515.3297510485  104823.29061529932    0
3218    1367443.749778629  104810.1552600181    412
3219    1367455.3865293968  104805.48403615673    0
3220    1367427.1239479685  104814.8195037657    0
3221    1367452.3922268185  104814.85485606815    0
3222    1367433.4635259111  104805.4533641567    0
3223    1367453.1918672717  104826.68495792821    0
3224    1367413.6901552163  104798.89811114551    0
3225    1367443.7891276698  104782.0302875443    412
3226    1367433.29272233  104791.390611426    0
3227    1367471.6392839726  104792.67461582492    0
3228    1367466.0962290913  104825.47464534566    0
3229    1367454.314291063  104791.42002224817    0
3230    1367479.1765990548  104818.65998040735    0
3231    1367425.9848058419  104772.63036872707    0
3232    1367487.305821093  104744.49132760965    532
3233    1367492.4175005108  104801.25673524781    532
3234    1367461.5815546822  104772.68017136893    0
3235    1367519.9492927457  104790.74514950094    0
3236    1367429.881202925  104874.11395429407    0
3237    1367417.836380081  104838.97930984465    0
3238    1367508.1020108082  104807.87672762206    0
3239    1367527.1150220563  104808.36284603836    0
3240    1367554.7634732311  104786.85113648594    0
3241    1367535.8751008189  104827.39484949582    0
3242    1367509.1744810548  104859.11052437563    531
3243    1367509.259619103  104875.5466770088    0
3244    1367443.8678257517  104725.78034259667    412
3245    1367478.8462477918  104804.66998296647    0
3246    1367463.1310338478  104748.26217152292    0
3247    1367489.1441703606  104764.90627092365    532
3248    1367473.2099228932  104761.15990400127    0
3249    1367477.2148015073  104776.83123793296    0
3250    1367404.7386204721  104820.07916207168    0
3251    1367392.9833857778  104882.06834672064    0
3252    1367550.062342451  104809.33267213982    0
3253    1367422.6007906345  104744.50060669846    0
3254    1367456.8560729739  104760.12214702336    0
3255    1367443.8415930578  104744.53032424588    412
3256    1367524.4150584256  104751.43991315398    0
3257    1367508.1906824207  104773.481390388    0
3258    1367529.0969560631  104771.87817192424    0
3259    1367556.1928392651  104754.91579518908    0
3260    1367953.3857359386  105179.91612470697    0
3261    1366403.6533655627  103068.01027529768    549
3262    1366383.7674976981  103069.22266087423    0
3263    1366408.6119221267  103058.77938615938    549
3264    1366397.5381817501  103058.77814366888    0
3265    1366427.4550203588  103062.95409447914    0
3266    1366401.8515669939  103047.73145986165    0
3267    1366416.2672453644  103068.83883445743    0
3268    1366375.6802872964  103036.78727135452    395
3269    1366432.293153441  103085.72930320211    0
3270    1366409.0169608074  103082.78591455071    0
3271    1366393.2366755463  103036.78025153291    0
3272    1366378.5932912494  103114.66231300116    549
3273    1366407.911114228  103111.71746457389    0
3274    1366348.7960793318  103033.59600436415    0
3275    1366372.0049641151  103087.52571812444    0
3276    1366379.4452971751  103057.17962440872    0
3277    1366358.734528291  103070.10198197111    395
3278    1366371.1558025777  103066.95182185712    0
3279    1366324.9691927831  103063.41058165017    0
3280    1366347.0527986968  103053.67641688956    0
3281    1366386.1647718418  103100.56718328776    549
3282    1366333.3158897832  103120.07404789592    395
3283    1366328.7045729484  103041.96763831654    0
3284    1366360.5150497237  103104.68335101228    0
3285    1366329.8649318803  103016.45731569346    0
3286    1366371.0218106569  103128.75744271456    549
3287    1366351.4934484495  103127.34854362255    0
3288    1366395.208775389  103132.66880324704    0
3289    1366381.0885347431  103143.24613563194    0
3290    1366406.8993474538  103162.98876080474    0
3291    1366355.9745182723  103173.96707448165    548
3292    1366359.7124241684  103158.4098234548    548
3293    1366343.0936746669  103146.18919903871    0
3294    1366382.2052290631  103172.04179401748    0
3295    1366343.6903824867  103162.78791800469    0
3296    1366307.0055882761  103188.62038821451    396
3297    1366331.1168956405  103154.9298376244    0
3298    1366324.8430102807  103136.73140320413    395
3299    1366311.6878595271  103171.00457336346    396
3300    1366329.0552135431  103172.21695171914    0
3301    1366291.0776747726  103130.04000288282    0
3302    1366310.7913245987  103119.10034349389    0
3303    1366290.5714954024  103155.96167893168    0
3304    1366292.6571362959  103175.37640009118    0
3305    1366341.7887692859  103103.41669258762    395
3306    1366350.4909632998  103113.8214516899    0
3307    1366322.7187658583  103104.20017502335    0
3308    1366331.5939086741  103087.74743374386    0
3309    1366302.4058800838  103082.62260420862    0
3310    1366338.7105154593  103132.94227167129    0
3311    1366282.3576199606  103200.92933476788    0
3312    1366291.0747671647  103046.45931701231    0
3313    1366289.9071381469  103104.69848101281    0
3314    1366257.1973711026  103169.36630545744    0
3315    1366533.3244367489  102889.46462784847    0
3316    1366480.901712371  102782.98020129553    0
3317    1366477.0838622488  103042.58317173827    0
3318    1369519.4387298962  105666.81734640754    0
3319    1369524.2110071012  105650.13066020106    0
3320    1369525.8019560184  105688.69055897377    429
3321    1369540.0758845427  105680.06683018831    0
3322    1369518.4122013028  105717.07349433447    0
3323    1369510.0988924364  105699.75558643049    0
3324    1369519.4988002758  105623.78063726626    515
3325    1369549.8045631854  105668.11498491906    0
3326    1369548.2632745339  105647.65634340682    515
3327    1369566.0242829546  105723.02162910545    430
3328    1369591.4099859213  105683.4699026178    515
3329    1369563.44716739  105689.15536849402    0
3330    1369510.8012215528  105638.93239222777    0
3331    1369527.3203489282  105599.72506327579    0
3332    1369576.6169133396  105628.12953108805    0
3333    1369498.133829752  105645.68353039464    0
3334    1369537.7560546612  105616.41753596168    0
3335    1369551.4345633022  105629.2032123325    0
3336    1369562.9393242858  105603.18538407453    0
3337    1370819.658879329  107879.43879140051    0
3338    1370819.8812353418  107759.20505837548    0
3339    1373289.063635221  116821.97183907447    0
3340    1373274.9069546724  116765.60997575321    0
3341    1373819.2108659209  107255.34956068521    0
3342    1373798.5288243685  107248.14800639961    475
3343    1373793.6005179179  107263.33238203185    0
3344    1373807.8864923017  107286.60241067293    470
3345    1373774.7368008487  107275.68060009672    0
3346    1373779.3510045817  107219.42684890564    0
3347    1373795.4054452861  107278.24454684835    0
3348    1373823.5616179695  107305.0452281927    0
3349    1373801.0911949321  107225.67372029828    0
3350    1373804.1017005758  107305.70202096504    0
3351    1373772.1366791897  107297.92499264315    470
3352    1373758.2166622647  107285.02373885068    0
3353    1373785.9830113328  107310.5935948026    0
3354    1373709.3575760452  107277.08847931316    475
3355    1373718.511959522  107314.90886559844    470
3356    1373762.8603250389  107259.72419556511    475
3357    1373768.10205146  107316.23577310215    0
3358    1373803.7137669474  107340.26724557397    0
3359    1373727.1918257098  107271.30038473048    475
3360    1373756.892204413  107271.70470067565    0
3361    1373745.2284118989  107279.58993108418    0
3362    1373743.6825052523  107231.00303807152    0
3363    1373742.9239605807  107329.88773490374    0
3364    1373783.057154503  107332.47598062016    0
3365    1373724.5197322876  107293.43659327904    0
3366    1373765.4226956028  107237.24990946391    0
3367    1373729.7541962734  107248.8260986294    0
3368    1373713.1203370565  107258.31283058402    0
3369    1373796.4691889111  107200.80585623118    0
3370    1373814.4300352288  107323.1027275285    0
3371    1373779.5736973104  107372.99008849564    0
3372    1373702.335582399  107298.80624269656    0
3373    1373732.6511832536  107283.18877198009    0
3374    1373736.386866078  107309.24757461331    470
3375    1373742.6250129212  107294.2684415891    0
3376    1373684.8838052487  107262.41891277306    0
3377    1373704.6199079801  107224.08222093803    0
3378    1373840.6744696144  107325.03675397472    0
3379    1373711.9248289994  107289.91263848594    0
3380    1373691.5233263806  107282.87657389585    475
3381    1373686.540485041  107297.8929168852    0
3382    1373700.6370529663  107320.57015658349    470
3383    1373648.6573593463  107314.42288966183    476
3384    1373661.1732180309  107301.54377907027    476
3385    1373688.2608864629  107312.54344149576    0
3386    1373671.9214451634  107313.92804680619    0
3387    1373717.745876241  107343.53971735375    0
3388    1373632.0841785236  107285.79616962308    0
3389    1373663.0925074904  107351.47239257392    469
3390    1373697.256131174  107340.94494198065    0
3391    1373653.2911602259  107281.36305122344    0
3392    1373672.9273269502  107338.85192007132    469
3393    1373653.5154144852  107333.86695184195    0
3394    1373683.5941003829  107357.30652158323    0
3395    1373826.202893852  107342.38032410156    0
3396    1373634.8289734006  107245.98548215898    0
3397    1373660.4516880154  107321.80502136701    0
3398    1373641.674183422  107351.71601923367    0
3399    1373636.1415006614  107327.30200025352    476
3400    1373607.0524611538  107311.55439080596    0
3401    1373628.2594428565  107307.12127240683    0
3402    1373667.4375192083  107375.14285386089    0
3403    1373705.0796815827  107361.36239438497    0
3404    1373856.4512322941  107352.91034503836    0
3405    1373812.1021944494  107371.72114253466    0
3406    1373653.2576880306  107364.09286507653    469
3407    1373598.5939246067  107365.93933202856    476
3408    1373741.308791178  107373.69751116933    0
3409    1373690.4777978752  107379.77761840195    0
3410    1373611.1097832916  107353.06022143687    476
3411    1373619.2627487564  107407.71666499323    469
3412    1373582.020743784  107337.31261198933    0
3413    1373620.2535618485  107374.46708353559    0
3414    1373603.2277254865  107332.87949358996    0
3415    1375022.3290723951  119189.32625526669    0
3416    1375025.2445472234  119112.17644957297    0
3417    1374003.5967039848  107057.42609419281    758
3418    1367011.0666427866  105109.34922293754    0
3419    1366919.4569632376  105468.94978979531    0
3420    1366894.739455939  105430.1191820657    0
3421    1366995.8115267507  105221.27527070977    0
3422    1367173.6970554311  105253.28378700101    0
3423    1367880.0935191803  105111.85718557073    0
3424    1367836.1931809094  105076.52427605903    0
3425    1367636.2843694531  104896.61308308363    0
3426    1367485.4674718254  104724.07638429565    532
3427    1367473.5129725176  104735.44311996322    0
3428    1367457.8031985939  104733.33363919945    0
3429    1367443.8940584457  104707.03036094745    412
3430    1367467.9143703296  104717.58532343875    0
3431    1367416.7092917936  104716.36733650343    0
3432    1367454.0974131688  104716.41964541591    0
3433    1367461.9196390521  104697.68057097204    0
3434    1367425.4693926203  104697.62957422057    0
3435    1367520.7383598904  104710.61002652599    0
3436    1367459.4590887844  104680.45945786228    0
3437    1367427.7791146562  104657.03914373567    411
3438    1367478.0938617028  104686.33716740758    533
3439    1367467.0233399924  104651.68862025927    533
3440    1367435.8497028979  104672.659761517    411
3441    1367506.0373891371  104667.86254011671    0
3442    1367446.623579639  104648.66010719408    0
3443    1367409.5323179096  104676.36177455079    0
3444    1367499.8818277302  104688.92213630391    0
3445    1367488.8113060195  104654.27358915546    0
3446    1367479.6831715147  104638.09727095075    0
3447    1367450.4175574267  104599.71579953682    533
3448    1367512.9233884413  104630.00376572157    0
3449    1367475.825486022  104610.69057745337    0
3450    1367508.8002311569  104732.26553063185    0
3451    1367454.7927786526  104663.8528284342    0
3452    1367419.7085264144  104641.41852595433    411
3453    1367437.4756232863  104622.34373810043    0
3454    1367408.4962759407  104657.10667014221    0
3455    1367425.1754774412  104628.69876283895    0
3456    1367395.496761689  104594.55667261034    411
3457    1367437.3298541326  104637.14257612862    0
3458    1367422.4555596849  104608.35338984219    0
3459    1367402.0484027844  104640.64765624412    0
3460    1367385.5619648481  104619.47999859251    0
3461    1367376.0950482101  104660.30746354768    0
3462    1367402.4415360379  104698.28040996421    0
3463    1367525.641728848  104685.02215123274    0
3464    1367403.5673499308  104610.17729039167    411
3465    1367437.4495212303  104607.31380324352    0
3466    1367455.9528182819  104617.04007311097    533
3467    1367444.8822965715  104582.39152596267    533
3468    1367428.7967558419  104591.16371054757    0
3469    1367472.8258240058  104563.9168986718    0
3470    1367412.3506506702  104594.86127473559    0
3471    1367466.6702625987  104584.97649485886    0
3472    1367404.3278009314  104572.35007490386    0
3473    1367506.6440277235  104585.23111522062    0
3474    1367371.6662276925  104793.62003493498    0
3475    1367384.2082450022  104848.29509854468    0
3476    1367592.2664686549  104806.42571230205    0
3477    1366331.2982574622  102985.74644211432    0
3478    1366427.2095396647  103137.74392281359    0
3479    1366410.6008187169  103211.29113704033    0
3480    1366338.4671013188  103246.83334986522    548
3481    1366263.2553985806  103075.03285712138    0
3482    1366265.7904372339  103142.51199253299    0
3483    1366530.7846517721  102944.18936767154    0
3484    1366529.7033830404  102787.63418905568    0
3485    1369552.7840904973  105709.87835713627    430
3486    1369546.1639942685  105703.30672115163    430
3487    1369551.1038837852  105691.71012923248    0
3488    1369537.8243446758  105718.32814349544    0
3489    1369555.5620441984  105700.45964347634    0
3490    1369535.6389410729  105707.28911278638    0
3491    1369566.8817440805  105708.91729512022    0
3492    1369555.0457681329  105679.65971316576    0
3493    1369577.0277487922  105671.53204954747    515
3494    1369591.4561067615  105717.48950414421    0
3495    1369577.3255243914  105685.80579375441    0
3496    1369586.9961055524  105700.48571860245    0
3497    1369582.9432098926  105649.77285188211    0
3498    1369605.7922230503  105695.40775568801    515
3499    1369594.849660805  105664.69343092846    0
3500    1369605.2193526966  105710.73041853    0
3501    1369643.6610487327  105736.57966694591    514
3502    1369607.5583257733  105732.88547895414    0
3503    1369634.1458618559  105675.88094336925    0
3504    1369608.9436072519  105676.97860482179    0
3505    1369620.3776679952  105649.63398156119    0
3506    1369525.8941261424  105752.11319395696    0
3507    1369579.264475412  105736.16490107463    430
3508    1369579.310618011  105722.87786840253    0
3509    1369593.4766844187  105735.08843888575    0
3510    1369562.5851762265  105766.20774576179    0
3511    1369558.2143690209  105744.12968434388    0
3512    1369618.985052784  105775.59471698213    430
3513    1369601.5968947376  105632.57417764845    0
3514    1369605.7448603266  105762.45144501296    430
3515    1369607.240166072  105747.7045628448    0
3516    1369625.0018428485  105740.67294149303    0
3517    1369621.0148803273  105756.55054427711    0
3518    1369589.0655611411  105792.49428970012    0
3519    1369655.4043430095  105751.19669603975    514
3520    1369584.6947539356  105770.41622828222    0
3521    1369637.3097486901  105752.2029080725    0
3522    1369675.4446561071  105723.0705603205    0
3523    1369647.3573108683  105769.6874519077    0
3524    1369677.324039588  105745.61223719687    0
3525    1369631.9177544559  105721.96263785206    514
3526    1369617.199072903  105721.76181447411    0
3527    1369644.913276358  105699.49627441645    0
3528    1369651.4695997506  105718.28050637363    0
3529    1369690.6342258397  105795.04778332128    514
3530    1369632.0714792632  105767.35927559774    0
3531    1369632.2252452411  105788.73798895118    430
3532    1369648.1967344829  105785.88927332705    0
3533    1369615.5459460556  105818.78083363833    0
3534    1369611.1751388502  105796.70277222038    0
3535    1369671.2223196165  105836.05892501198    431
3536    1369667.901477698  105797.48391253967    0
3537    1369716.344522458  105731.00977030586    0
3538    1369667.1329996192  105702.27715372258    0
3539    1369695.2359651823  105767.29918429464    0
3540    1369658.7730347055  105678.91454724017    0
3541    1369700.9876766454  105700.80246750193    0
3542    1369500.8969624448  105626.86950921826    0
3543    1370818.6826000637  107721.92844581079    0
3544    1373298.6058851539  116774.56489807756    0
3545    1373816.8952664719  107177.88321176957    0
3546    1373754.9002136409  107179.77053408422    0
3547    1373866.5485197993  107318.0095510797    0
3548    1373716.9763663651  107385.79227636666    0
3549    1373599.2482075708  107391.61712390838    0
3550    1373657.8459655105  107412.86825041416    0
3551    1373626.6855589075  107359.06342601347    0
3552    1373631.3428086634  107392.2150012863    469
3553    1373615.3334442279  107389.87961768174    0
3554    1373605.9784023243  107378.5984035158    0
3555    1373586.0780659218  107378.81844262024    476
3556    1373556.9890264142  107363.07083317268    0
3557    1373578.1960081167  107358.63771477333    0
3558    1375019.9530391856  119140.89195406991    743
3559    1375026.3516994705  119164.85348701468    0
3560    1373967.5284068778  107122.37638364975    0
3561    1367358.0959206717  104594.08989806945    0
3562    1367386.6942942303  104681.0798346274    0
3563    1367535.7379378641  104653.70904615788    0
3564    1367568.550288429  104706.50840936638    0
3565    1367387.4261734472  104578.93605482901    411
3566    1367376.7963411803  104594.32328533994    0
3567    1367342.9322607529  104557.28626916042    410
3568    1367369.8189299155  104578.13786395217    0
3569    1367367.2270196292  104611.76313358427    0
3570    1367319.0281590603  104588.6607706556    0
3571    1367361.1439229792  104560.3008531041    410
3572    1367349.148392529  104576.25077222519    0
3573    1367344.0802330696  104515.89304492214    534
3574    1367372.4723433296  104548.38107015954    0
3575    1367391.7136343929  104540.48014865533    534
3576    1367354.6826853848  104542.81707987071    0
3577    1367393.6165967151  104556.27161945356    0
3578    1367398.30345156  104508.23533800276    0
3579    1367331.8319919391  104536.26589097152    0
3580    1367408.6506024098  104527.14574783671    0
3581    1367341.8613488881  104544.41072898396    0
3582    1367324.7205985265  104554.27168521675    410
3583    1367359.9580335107  104524.08874616653    534
3584    1367344.9913858261  104530.30910399542    0
3585    1367331.2022553305  104571.63210220898    0
3586    1367366.5478506777  104491.84393551396    0
3587    1367376.8950015276  104510.75434534799    0
3588    1367313.0040265752  104568.53636416727    0
3589    1367270.0856118475  104545.2279333857    410
3590    1367284.816343891  104569.27146391271    0
3591    1367367.4813392905  104636.7988409088    0
3592    1367334.9684779055  104617.23444786372    0
3593    1367436.9999668738  104499.34789889421    0
3594    1367432.63382074  104539.11669957037    0
3595    1367423.4692352752  104556.87155114411    534
3596    1367422.0217328796  104574.65634350957    0
3597    1367411.165121217  104561.23057225635    0
3598    1367377.5122827371  104732.61666819417    0
3599    1366321.9583555444  103211.45518255346    0
3600    1369594.0937658439  105602.32449303906    0
3601    1369678.890931563  105780.43075422745    514
3602    1369663.1664601087  105781.03798060535    0
3603    1369681.3564968393  105815.75604655572    0
3604    1369649.7136111534  105650.98004709583    0
3605    1369683.2669917603  105683.3267936223    0
3606    1373336.6923844563  116775.38770546649    0
3607    1373607.1826888495  107423.21832870017    469
3608    1373558.346506312  107425.63305635574    477
3609    1373602.9714995229  107407.47897733266    0
3610    1373587.2265737848  107420.12470250114    0
3611    1373586.440697121  107402.99137786636    0
3612    1373565.9543567745  107408.66530478382    477
3613    1373572.5861526963  107421.82825697324    0
3614    1373581.3069709965  107472.96782539701    468
3615    1373571.5821755386  107446.61950732865    0
3616    1373532.0712888387  107403.66256045025    0
3617    1373551.1293722342  107391.82876310579    0
3618    1373635.5412011833  107432.85973353063    0
3619    1373525.3679347956  107371.6037275592    0
3620    1373616.3394995115  107442.81167942782    0
3621    1373643.5824050156  107471.87502643895    0
3622    1373588.2047999697  107455.84390890201    468
3623    1373612.5001451275  107475.5817659615    0
3624    1375057.4717177267  119172.02973670172    0
3625    1367344.5709876951  104689.48318830546    0
3626    1367328.2024326287  104507.69734367784    534
3627    1367330.9441580316  104521.8638512887    0
3628    1367311.2065989405  104530.30898648672    0
3629    1367317.2577706322  104517.16409155546    0
3630    1367275.731671731  104494.3603303858    535
3631    1367294.0281519592  104496.9309864096    535
3632    1367297.7253661023  104516.13772636709    0
3633    1367334.7922497957  104475.45253302527    0
3634    1367345.1394006454  104494.3629428593    0
3635    1367306.8751171385  104471.89087476811    0
3636    1367287.3992625773  104477.71434030896    0
3637    1367319.1050509701  104541.64660263839    0
3638    1367288.2972740738  104548.24251732937    410
3639    1367282.1281388507  104528.99409934836    0
3640    1367260.3342456946  104471.15584112483    0
3641    1367299.244237314  104538.62718772658    0
3642    1367255.2763836731  104521.65861258352    0
3643    1367280.6843993939  104511.35317956346    0
3644    1367269.8515696453  104521.11928037203    0
3645    1367257.4351915026  104491.78967436195    535
3646    1367266.3276809622  104506.31939742254    0
3647    1367246.1120919031  104505.98376996889    0
3648    1367237.3318958983  104521.63348022982    0
3649    1367215.9262340125  104533.71985734405    409
3650    1367202.5457508173  104484.07770629041    535
3651    1367217.8129248342  104559.05895028589    0
3652    1367202.2048565832  104546.69143279137    0
3653    1367214.3012773925  104507.53349125097    0
3654    1367210.1616879569  104520.93396761332    0
3655    1367194.5161666763  104508.76122733793    0
3656    1367230.0160883863  104502.84629979641    0
3657    1367220.8422310457  104486.64836231426    535
3658    1367216.2510549042  104452.92842224156    0
3659    1367232.8127967296  104467.84596816302    0
3660    1367286.8137919526  104440.27729013551    0
3661    1367203.7870651355  104498.12928562087    0
3662    1367184.2492705889  104481.50705026658    535
3663    1367189.5486668136  104495.07162461491    0
3664    1367180.4541272474  104522.76204103534    409
3665    1367173.2164933304  104493.63479513547    0
3666    1367179.6580944473  104447.78711019388    0
3667    1367175.1060059953  104508.62812130732    0
3668    1367135.3064048141  104469.72775411792    536
3669    1367127.2459670999  104506.32531657227    409
3670    1367196.2198362728  104462.70465611534    0
3671    1367144.9820204824  104511.80422472663    409
3672    1367141.890806667  104490.36435467939    0
3673    1367158.02052558  104501.04321017743    0
3674    1367147.4248392207  104535.34304758973    0
3675    1367131.1493978102  104525.13591783095    0
3676    1367249.1112804143  104433.09873051636    0
3677    1367120.8106579061  104485.72155295436    0
3678    1367150.6295975873  104474.33207418033    536
3679    1367150.9337201663  104445.51997443306    0
3680    1367163.2720689841  104460.05786529602    0
3681    1367155.3219263596  104487.59839423973    0
3682    1367122.241310833  104557.41931198534    0
3683    1367103.248552602  104521.11538023931    0
3684    1367132.6973132072  104481.92894598129    0
3685    1367130.004151366  104494.15696165246    0
3686    1367109.5099137174  104500.84640841791    409
3687    1367119.983212041  104465.12343405551    536
3688    1367120.4838049479  104435.6574803916    0
3689    1367132.6256834378  104450.84922517126    0
3690    1367376.8396567972  104705.91046142066    0
3691    1369658.3438786576  105818.97009296622    431
3692    1369668.935321477  105810.81261419794    0
3693    1369636.813497137  105848.59288737306    0
3694    1369636.9323818046  105821.7090447464    0
3695    1369679.9569963438  105802.69660288973    0
3696    1369702.3775201165  105809.66481241511    514
3697    1369717.7500997949  105785.28872513563    0
3698    1369722.6427324566  105805.40956316504    0
3699    1369755.8651112886  105786.67585615427    0
3700    1369733.2130744071  105856.31844905585    513
3701    1369745.6886057141  105827.17630615157    0
3702    1369684.1007605754  105853.14775705774    431
3703    1369692.0384781831  105833.76863051581    0
3704    1369700.5569716063  105823.15322279141    0
3705    1369723.6669444002  105840.30014528241    513
3706    1369706.2778200323  105836.46960394611    0
3707    1369712.9031871876  105857.56848758434    0
3708    1369660.2461960723  105884.52209617203    0
3709    1369659.7613967268  105858.0932003136    0
3710    1369716.2383146447  105895.79214744632    431
3711    1369690.5399810551  105861.69217308074    431
3712    1369698.3962462526  105849.07299275958    0
3713    1369678.6126988037  105877.37934263765    0
3714    1369701.7693554705  105859.9280835409    0
3715    1369677.9394487489  105864.48959104785    0
3716    1369706.6087580896  105883.01436827498    431
3717    1369665.7877883471  105871.58674774901    0
3718    1369724.098031247  105873.83915622909    0
3719    1369709.6950333326  105869.87818224497    0
3720    1369688.7720588564  105906.47380516164    0
3721    1369647.7913849165  105871.53166702609    0
3722    1369630.9903432417  105900.10582591432    0
3723    1369742.7592044137  105872.33675282919    513
3724    1369760.6485004458  105850.82193593805    0
3725    1369763.1092463355  105871.06278405098    0
3726    1369797.7603133249  105856.58013636922    0
3727    1369779.9350368239  105893.59643071321    0
3728    1369636.770296477  105612.72010970897    0
3729    1369675.155083952  105658.16541457319    0
3730    1373302.6310268319  116728.07577091052    0
3731    1373580.6219208052  107434.56963771266    0
3732    1373550.7386558496  107442.60080792767    477
3733    1373516.8555879141  107437.59806359408    0
3734    1373535.9136713094  107425.76426624969    0
3735    1367345.0278899707  104658.3582978082    0
3736    1367247.8130350485  104566.74608958443    0
3737    1367147.5230377996  104560.85727193783    0
3738    1367349.3696424465  104719.96389852406    0
3739    1369733.7801294459  105889.68907065505    0
3740    1369761.8514644275  105904.37336037609    513
3741    1369725.8678711997  105908.56992661767    431
3742    1369743.7049471608  105905.14498624594    0
3743    1369708.0311719663  105932.02936350433    0
3744    1369707.0243576327  105912.75333586856    0
3745    1369753.4310589894  105920.25189460311    0
3746    1369744.0024608257  105952.19676432351    432
3747    1369739.7499442901  105936.77223505624    432
3748    1369724.1330152447  105932.77932545521    0
3749    1369762.2595180392  105940.22150414484    0
3750    1369728.5175163476  105948.16746680147    0
3751    1369730.4444824269  105972.53161681039    0
3752    1369751.865376519  105932.88038692638    0
3753    1369780.9437244411  105936.40996792287    513
3754    1369799.4013486993  105914.55645504895    0
3755    1369801.474059002  105935.02855350012    0
3756    1369764.2781677542  105963.20372719919    0
3757    1369774.6001301915  105951.04410807136    0
3758    1369803.4538279816  105987.10505789271    512
3759    1369796.9718412147  105969.76666479447    512
3760    1369780.6020073544  105966.59975760161    0
3761    1369812.4249476551  105954.10864829041    0
3762    1369785.7579963368  105983.8398263937    0
3763    1369815.5902606323  105972.68698533771    0
3764    1369763.8370796756  106024.13996699071    432
3765    1369769.4385295128  105979.32945541051    0
3766    1369829.8429199464  105997.00114698219    0
3767    1369789.7101580298  106012.00484600931    0
3768    1369758.1722867861  106003.59289492434    432
3769    1369846.9418705895  105957.78659010887    0
3770    1369792.4302540536  105997.26336096969    0
3771    1369809.9358147485  106004.44345099095    512
3772    1369775.5492284019  106001.77017563902    0
3773    1369775.8968976038  106016.20316452014    0
3774    1369790.2459883615  106038.59110538561    0
3775    1369769.5018725651  106044.68703905708    432
3776    1369777.1288935686  106031.20588991548    0
3777    1369755.3398903413  105993.31935889114    432
3778    1369766.1459968456  105995.86734513397    0
3779    1369738.5439433004  106003.47718444146    0
3780    1369776.210673854  105990.27538334794    0
3781    1369742.6443676318  105991.29228148864    0
3782    1369722.2458082829  105991.21020621488    0
3783    1369757.0964714538  105952.25476757022    0
3784    1369748.2549773613  105967.62129359078    432
3785    1369832.4557677291  105929.92945656831    0
3786    1369782.9301758509  106052.03930156102    0
3787    1369829.3817750488  106056.45863028549    512
3788    1369798.7597604608  106096.7952404189    433
3789    1369806.0011892589  106055.87592480173    0
3790    1369786.9632129576  106081.01467577112    433
3791    1369791.0215907968  106065.68143331989    0
3792    1369807.2189528586  106078.17222861189    0
3793    1369730.2451855936  106044.45561809093    0
3794    1369693.233159136  105967.33692399409    0
3795    1369817.4356380866  106066.43281361743    0
3796    1369835.8637618157  106073.79702338371    512
3797    1369823.4266097783  106088.32752037558    0
3798    1369863.3589563153  106053.63705245925    0
3799    1369858.140592637  106075.34964080878    0
3800    1369713.5363179445  106019.74228827562    0
3801    1369749.7756200356  106061.17995631855    0
3802    1369864.2260433808  106120.46882264252    511
3803    1369899.2402038462  106073.74406586445    0
3804    1369758.1529136826  106090.2519679993    0
3805    1369830.0954063081  106108.53523371833    0
3806    1369853.2858959816  106105.8021195622    511
3807    1369880.99077192  106096.55014769653    0
3808    1369841.5124212441  106153.98664554635    433
3809    1369843.7160293509  106124.35402261918    0
3810    1369777.3296739869  106100.51555446337    0
3811    1369810.5563079638  106112.57580506656    433
3812    1369875.1661907798  106135.13552572273    511
3813    1369864.0835083204  106154.81586426127    0
3814    1369856.8126238263  106137.41219454246    0
3815    1369884.4414824313  106116.80335123585    0
3816    1369831.9326383555  106141.17150763035    433
3817    1369814.0048255408  106164.56138890944    0
3818    1369893.4796198236  106132.88879646383    0
3819    1369813.0729954222  106145.28159095551    0
3820    1369907.9866329771  106179.13563496358    511
3821    1369917.4756080827  106108.82394957163    0
3822    1369913.936230856  106151.87057887499    0
3823    1369842.2423206116  106111.84959530749    0
3824    1369818.3899361528  106101.19393480034    0
3825    1369790.8796401657  106114.98537471342    0
3826    1369879.0095037762  106169.50418200261    0
3827    1369851.0922041326  106166.80178346232    433
3828    1369832.2325611992  106170.91186678749    0
3829    1369844.4700700317  106181.74025764833    0
3830    1369868.0766018573  106210.7484436529    434
3831    1369819.1555658085  106198.01978946032    0
3832    1369864.3742944393  106195.18268251566    434
3833    1369842.5180283589  106208.60435937405    0
3834    1369889.9225149385  106197.3292292495    0
3835    1369810.3999057959  106090.84985281929    0
3836    1369779.3611473576  106156.5733676722    0
3837    1369866.0707492349  106167.72438542005    0
3838    1369897.0464855782  106164.46893188337    511
3839    1369749.5467864126  106129.37886702686    0
3840    1369769.8394541405  106121.10882108317    0
3841    1369616.5480677916  105872.38763292825    0
3842    1369723.1068830402  105660.65074480255    0
3843    1369671.5572289464  105622.27103721202    0
3844    1369800.0616522778  106025.09474712558    0
3845    1369822.8997882819  106039.12023718725    512
3846    1369826.1407816652  106047.78943373633    512
3847    1369818.5126246719  106055.58165639749    0
3848    1369839.8883789149  106037.70944827431    0
3849    1369816.8486915489  106046.32287327689    0
3850    1369837.2791970756  106048.56574244882    0
3851    1369810.0375176091  106034.45750336687    0
3852    1369851.2745691335  106046.18767443455    0
3853    1369842.316825148  106061.50368779284    0
3854    1369860.6110301486  106021.76398716419    0
3855    1369865.0052263695  106037.44013137429    0
3856    1369890.5976074219  106021.81236158068    0
3857    1369889.06237939  106048.06744742807    0
3858    1369801.6979763494  106043.97544265394    0
3859    1369710.36276482  106087.43985967964    0
3860    1369812.073274554  106244.7272756005    0
3861    1369878.0145596799  106185.94697059627    0
3862    1369892.2931092631  106179.42813154182    0
3863    1369918.9267803764  106193.8023380439    511
3864    1369906.7065075415  106214.33122491135    0
3865    1369904.1615800825  106193.40238213319    0
3866    1369934.6378388449  106170.66961382037    0
3867    1369924.3968540761  106201.13568958412    511
3868    1369918.2867176584  106211.40013301774    0
3869    1369934.6618264818  106187.77208215397    0
3870    1369914.9592563971  106202.46856981653    0
3871    1369935.1831842035  106198.79676650024    0
3872    1369954.4662293484  106192.3602009117    0
3873    1369941.1726666321  106249.4550560326    510
3874    1369949.6713306422  106213.05715988236    0
3875    1369935.5197972038  106228.96204857841    510
3876    1369916.8461451801  106230.04988983773    0
3877    1369932.6933624898  106218.71554485135    510
3878    1369943.0138524554  106221.38178062638    0
3879    1369961.0998476448  106229.02134250494    0
3880    1369948.2979806745  106234.10035635605    0
3881    1369961.9152921438  106249.75003214745    0
3882    1369895.2695653548  106232.83857207363    0
3883    1369973.9197445936  106207.77092949513    0
3884    1369946.8255360606  106269.94806348687    510
3885    1369871.7789092753  106226.31420479016    434
3886    1369885.6105122315  106214.8011894839    0
3887    1369854.2414968018  106222.26229193149    0
3888    1369859.9946126742  106237.34026944655    0
3889    1369831.331299077  106230.06710152201    0
3890    1369884.3564146012  106279.19432021421    434
3891    1369860.2307273995  106265.21994364353    0
3892    1369998.2538182815  106237.94012918317    0
3893    1369972.9874130429  106273.75762971284    0
3894    1369879.9188156473  106260.5371430708    434
3895    1369914.5907720155  106267.81366561772    0
3896    1369890.330576886  106248.20438282914    0
3897    1369907.8565438511  106245.36103628635    0
3898    1369897.1770592008  106264.54580266324    0
3899    1369924.8081557497  106245.01920453792    0
3900    1369902.8340819133  106282.43161765949    0
3901    1369929.3318618443  106260.73405881591    0
3902    1369927.0961387241  106289.90799607609    0
3903    1369888.7940135549  106297.85149735757    434
3904    1369916.451335497  106281.34676585828    0
3905    1369929.9554327375  106275.45448083502    0
3906    1369911.0070313378  106299.01441313881    0
3907    1369914.1371948305  106344.90055317203    435
3908    1369960.9876102521  106321.28897904356    510
3909    1369932.4445038955  106318.12365146706    0
3910    1369924.9740642675  106304.92496920034    0
3911    1369939.5949346886  106299.33264612981    0
3912    1369903.6844036696  106330.70461383648    435
3913    1369956.7330078706  106305.86502499234    510
3914    1369912.0735409965  106315.95196763302    0
3915    1369947.0340082664  106316.83921398768    0
3916    1369986.2027246435  106306.03476569742    0
3917    1369946.7565362463  106341.81209265659    0
3918    1369883.7453149909  106356.33249865862    0
3919    1369971.5396797594  106293.48191617017    0
3920    1369882.8722734747  106335.08277302237    0
3921    1369859.0509231687  106295.06954569687    0
3922    1369891.0128130317  106307.18008592921    434
3923    1369899.8101336765  106300.15948384465    0
3924    1369875.5851986767  106315.77769959551    0
3925    1369900.3696461276  106309.88273288985    0
3926    1369879.6615474771  106304.95181359239    0
3927    1369898.4580080891  106323.6066441687    435
3928    1369893.278338572  106332.89369342942    0
3929    1369889.52398787  106324.71182382875    0
3930    1369900.9737176376  106343.64683618533    0
3931    1369890.0424970202  106343.33952298199    0
3932    1369895.2163916738  106353.86959084794    0
3933    1369878.7613208015  106345.89446804563    0
3934    1369866.4152365299  106306.14447624412    0
3935    1369876.143812947  106291.00401160166    0
3936    1369893.8469094471  106375.4360992274    0
3937    1369861.6506444453  106333.20103551807    0
3938    1369843.1002831904  106313.66190699332    0
3939    1369862.1894715712  106319.34812563828    0
3940    1369862.7495691213  106359.9487301334    0
3941    1369869.2549834442  106277.45301982555    0
3942    1369849.8743202398  106325.80604578528    0
3943    1369853.1503297049  106279.888208113    0
3944    1369844.5880856127  106347.29846984646    0
3945    1369825.7904627454  106331.27873525508    0
3946    1369839.0958989183  106294.08817489959    0
3947    1369833.4455657818  106261.3336904569    0
3948    1369920.890889474  106329.87125499836    0
3949    1369935.3497211717  106332.53611076    0
3950    1369924.5899859914  106359.09649250758    435
3951    1369933.0203860931  106347.05208665732    0
3952    1369945.5541630869  106359.28419297033    0
3953    1369914.6026382435  106377.39668543283    0
3954    1369956.1905758486  106351.23873446486    0
3955    1369965.2422126336  106336.71293309478    510
3956    1369955.9483594741  106401.68431051425    435
3957    1369961.6414877009  106369.49866182485    0
3958    1369980.0488845224  106324.32982427292    0
3959    1369981.1047197033  106340.6361384832    0
3960    1370009.4833988433  106330.61127687176    0
3961    1369994.4026646875  106372.22914068078    509
3962    1369981.9497398513  106362.1830139134    509
3963    1370000.6061535452  106350.66134358157    0
3964    1369977.1921496163  106380.82163135603    0
3965    1369991.4797668569  106285.0302149363    0
3966    1369831.2434056601  106385.81890010741    0
3967    1369819.9280553022  106308.20599621846    0
3968    1369900.7491953629  106413.21057367777    0
3969    1369929.6098049395  106399.18541799273    0
3970    1370040.5880133309  106356.37321720649    0
3971    1369995.6208818404  106396.20152714748    0
3972    1369945.4955683132  106387.4883711787    435
3973    1369948.7358801661  106374.156173361    0
3974    1369959.5231234378  106383.83781728611    0
3975    1369993.288796199  106261.25817250373    0
3976    1370014.9718573363  106302.09736961228    0
3977    1370018.5977377284  106367.51226086357    0
3978    1369989.7696742686  106384.48172436807    0
3979    1370006.8555895234  106382.27526744804    509
3980    1369979.2964638679  106397.03109353273    0
3981    1369988.3580099018  106414.31369312268    0
3982    1369966.6641452024  106394.54947888783    0
3983    1369966.401150635  106415.88024984981    435
3984    1369946.4620619563  106441.50813467195    0
3985    1369945.5890204401  106420.2584090357    0
3986    1370013.5212022006  106448.33119414131    436
3987    1369920.7822183266  106431.92038966184    0
3988    1370010.4804882114  106412.67240926572    0
3989    1369995.1875719982  106439.20369166334    436
3990    1370008.3485679824  106399.65735441477    0
3991    1370046.0231853635  106413.87287509113    509
3992    1370000.2312468612  106424.43777823987    0
3993    1370018.439540812  106429.95275798625    0
3994    1370032.6658498617  106403.09713465333    509
3995    1370031.8548324029  106457.45869661929    436
3996    1370030.6711113725  106419.23634003669    0
3997    1370040.0228800897  106380.3109679561    0
3998    1370045.8034888098  106437.89720816367    0
3999    1370049.4647216336  106395.94025574476    0
4000    1370071.6117099002  106409.48714273101    0
4001    1370072.4502165155  106371.38783148001    0
4002    1369988.1738431773  106476.26791161842    0
4003    1370045.7176803371  106452.58993008145    0
4004    1370060.066331398  106445.32711758232    0
4005    1370078.8346608367  106480.8478724515    436
4006    1370103.8993822061  106451.8008247921    508
4007    1370088.3186192866  106443.6125903794    508
4008    1370087.8979507266  106463.33088457327    0
4009    1370089.8997382608  106421.6861641428    0
4010    1370103.4776397629  106433.68548985208    0
4011    1370128.8513342382  106442.15734256389    0
4012    1370117.9601832835  106403.61595332102    0
4013    1369975.999663685  106454.76844957744    0
4014    1370012.6669240897  106473.02345453337    0
4015    1370107.254718936  106473.32579859636    0
4016    1370064.5115617209  106473.71703577433    436
4017    1370059.0321050084  106502.67335758348    0
4018    1370049.5210601364  106485.87696088775    0
4019    1370074.7214348186  106453.18614345197    0
4020    1370093.5086457676  106396.46825158958    0
4021    1370093.1577599526  106487.97870912866    436
4022    1370087.6783032401  106516.93503093781    0
4023    1370078.1672583681  106500.13863424207    0
4024    1370119.4801451256  106459.98905920477    508
4025    1370123.61991945  106484.04895655745    0
4026    1370024.5012047924  106511.13561801591    0
4027    1370094.1976751448  106474.87166274412    0
4028    1370166.2224338846  106484.55376244301    508
4029    1370131.8803974171  106515.81371273837    437
4030    1370150.6416709651  106476.36552803034    508
4031    1370148.4269114693  106499.49766019204    0
4032    1370154.69149187  106449.74159833133    0
4033    1370166.4756556198  106465.15408996303    0
4034    1370119.6806282429  106505.46162927215    437
4035    1370110.1025273586  106529.11393276369    0
4036    1370132.8798151782  106496.82119258167    0
4037    1370138.024062881  106483.34876394978    0
4038    1370103.8699414358  106511.72961674976    0
4039    1370187.9056696193  106436.55777267371    0
4040    1370191.0346647953  106475.17614481504    0
4041    1369936.3730177172  106037.66144028713    0
4042    1369991.511957447  106165.57984924514    0
4043    1369808.7069548925  106220.32614837322    0
4044    1369817.8679588879  106359.61350559794    0
4045    1369814.9582798816  106281.38745082387    0
4046    1370016.7155903622  106274.99578269217    0
4047    1370029.9639646381  106441.3564716503    0
4048    1370059.3805208653  106424.64861552892    509
4049    1369943.9741382117  106487.09964239062    0
4050    1370118.4053178846  106356.69627179723    0
4051    1370003.3560980251  106496.80800122207    0
4052    1370172.6123305857  106510.2305908987    0
4053    1370144.0801665913  106526.16579620457    437
4054    1370127.5780063705  106533.2486743336    0
4055    1370159.5318036722  106520.32094323852    0
4056    1370141.1156133059  106542.0241368296    0
4057    1370186.7070464795  106562.33672798221    437
4058    1370118.790335688  106561.63484810726    0
4059    1370171.4934911225  106549.42730382649    437
4060    1370173.5675941685  106531.56382455461    0
4061    1370154.1908468818  106554.39901951958    0
4062    1370190.3962129329  106542.56992163221    0
4063    1370136.8249385869  106559.65269193925    0
4064    1370167.8068093145  106569.19118206059    0
4065    1370131.321453213  106592.61414582189    0
4066    1370227.0885391438  106522.76384859576    507
4067    1370192.1862527928  106521.46414835587    0
4068    1370216.78942953  106557.72347022092    0
4069    1370187.0509878083  106592.76976073749    0
4070    1370179.6702714367  106520.60255339956    0
4071    1370181.8031968041  106492.74199685571    508
4072    1370186.7454717413  106509.16213415899    0
4073    1370212.2362494338  106511.84703993212    507
4074    1370209.291017767  106531.41567496773    0
4075    1370223.6158801327  106480.80342701462    0
4076    1370231.4417470326  106501.27966558306    0
4077    1370200.9409037456  106554.7655897912    0
4078    1370201.9206018364  106575.24615213793    437
4079    1370225.0263748057  106541.15320508936    0
4080    1370241.9408288538  106533.68065725939    507
4081    1370239.2116560477  106558.53698621941    0
4082    1370244.1983945377  106515.04758999989    0
4083    1370237.1577243255  106545.73347561654    0
4084    1370258.8239263208  106526.27290223146    0
4085    1370262.2268026683  106485.54961089541    0
4086    1370286.4976979839  106566.43108325041    507
4087    1370262.6922563312  106506.09232407386    0
4088    1370284.2501474398  106538.36555983147    0
4089    1370216.9617933617  106572.93952325723    0
4090    1370244.2497853111  106613.42889862682    438
4091    1370237.5227823048  106580.31561602892    0
4092    1370271.6454082739  106555.51427458678    507
4093    1370264.222115906  106581.17529952503    0
4094    1370272.6500435078  106569.70912600725    0
4095    1370284.0327828357  106586.90618412434    0
4096    1370255.3601756829  106565.83109251996    0
4097    1370250.941063155  106578.61449980603    0
4098    1370254.2263490383  106597.29615351514    0
4099    1370257.8075993701  106626.06555979353    438
4100    1370230.6919712522  106600.79223746023    438
4101    1370281.8823441775  106613.82726774584    0
4102    1370242.1851921815  106656.4181545582    0
4103    1370205.704286837  106614.01001809975    0
4104    1370272.0803527923  106624.34377798979    0
4105    1370263.2046077342  106610.78613137863    0
4106    1370294.7740748292  106660.52043746538    438
4107    1370291.3753290442  106632.50153922387    0
4108    1370237.1548906357  106634.63236550736    0
4109    1370270.4771799948  106596.21313851576    0
4110    1370226.2177883042  106619.18395511083    0
4111    1370209.3765657907  106642.70294252041    0
4112    1370298.8760929208  106494.99584654333    0
4113    1370230.0568756049  106568.78185649312    0
4114    1370301.3499876941  106577.34789191415    507
4115    1370309.6811253582  106550.45174581819    0
4116    1370319.4910031345  106568.22874276465    0
4117    1370241.5676084871  106593.04259087211    0
4118    1370283.0697441292  106649.6113292128    438
4119    1370269.5830700039  106675.81443283854    0
4120    1370265.2404589786  106657.00697033019    0
4121    1370334.9666371127  106626.77913125408    506
4122    1370346.0997757562  106541.95003720974    0
4123    1370325.5844572582  106607.52191591589    506
4124    1370312.65815331  106625.73377692679    0
4125    1370350.2887062302  106583.57180061535    0
4126    1370330.2755471854  106617.15052358498    506
4127    1370323.8123952113  106626.25645409046    0
4128    1370344.9988674098  106604.02021142359    0
4129    1370318.6886068389  106616.32072835049    0
4130    1370344.3488169669  106646.03634659218    506
4131    1370317.3087118384  106645.76850931912    0
4132    1370343.1923492029  106616.81447555272    0
4133    1370300.5390165977  106611.33144846882    0
4134    1370328.815668432  106638.76404492732    0
4135    1370320.893367331  106597.89330824678    506
4136    1370306.8609148401  106598.77290492879    0
4137    1370333.2454918171  106585.91825059663    0
4138    1370332.9531752414  106597.97479061574    0
4139    1370366.7763090997  106613.61980191119    0
4140    1370350.4246151024  106631.16207497334    0
4141    1370330.7398482165  106654.87915847135    0
4142    1370292.1268183042  106599.22632117123    0
4143    1370339.3239916018  106566.99974914342    0
4144    1370367.3393511341  106646.74940369591    0
4145    1370306.4784055292  106671.42954571797    438
4146    1370321.3637705706  106667.19242257604    0
4147    1370292.9917314039  106697.63264934323    0
4148    1370337.765156084  106669.95505410236    0
4149    1370308.741148561  106657.26854473085    0
4150    1370298.7151171756  106645.82679522062    0
4151    1370288.6491203788  106678.82518683512    0
4152    1370334.1317473068  106710.0808428827    439
4153    1370367.7465731939  106694.06096742571    506
4154    1370360.7387850075  106679.677264678    506
4155    1370347.566431107  106694.99383996574    0
4156    1370372.7018845645  106664.94984215935    0
4157    1370376.992282548  106680.65746652134    0
4158    1370402.2849743555  106646.34333049846    0
4159    1370391.2711895595  106700.39761612752    0
4160    1370394.848390654  106667.34047508024    0
4161    1370366.5246601987  106560.91609434655    0
4162    1370358.6413585867  106715.83207498312    0
4163    1370326.1572417677  106696.20974842653    439
4164    1370309.55749431  106696.5251365208    0
4165    1370336.2587241307  106684.98245402203    0
4166    1370318.1175135227  106710.05961860303    0
4167    1370326.0940321304  106733.1573784225    0
4168    1370435.7888274414  106670.02491418854    0
4169    1370358.0384763035  106702.79036819427    0
4170    1370374.7543613804  106708.44467017343    506
4171    1369767.1336476004  106238.49426809218    0
4172    1369781.7557804876  106194.10152353042    0
4173    1369781.9576577055  106330.13479689215    0
4174    1369988.5297393415  106541.45625069283    0
4175    1369971.6345393497  106504.37402062048    0
4176    1370163.1425182035  106498.95372984494    0
4177    1370082.0517188897  106554.02848430941    0
4178    1370406.890502457  106750.36358006504    505
4179    1370366.5028419434  106731.55408506359    0
4180    1370371.0856992798  106774.35965689128    439
4181    1370394.3263260119  106736.59597649309    505
4182    1370360.5832288321  106756.09134434308    439
4183    1370385.5459846081  106757.2255999487    0
4184    1370401.1017446141  106717.79602540612    0
4185    1370412.5807865167  106732.55391183952    0
4186    1370433.0029270067  106704.82579401156    0
4187    1370435.3358812337  106749.63815823769    0
4188    1370333.4497855217  106783.84348344215    0
4189    1370404.0584104084  106778.18166329662    0
4190    1370365.834464056  106765.22550061718    439
4191    1370373.142343109  106754.94764569709    0
4192    1370352.2677424008  106779.10157016671    0
4193    1370376.5765068079  106765.12643813777    0
4194    1370353.1804480231  106766.42375837386    0
4195    1370381.5881697275  106792.62796943948    439
4196    1370386.819836007  106777.46718301253    0
4197    1370365.848260575  106744.37885021495    0
4198    1370381.6750586564  106743.39471585312    0
4199    1370340.4411484709  106771.87838591586    0
4200    1370345.1180102862  106752.82921690089    0
4201    1370315.7346498505  106765.46717685235    0
4202    1370398.886741587  106794.83610029909    0
4203    1370418.176788555  106791.69600732227    0
4204    1370421.1642992366  106840.21007210526    440
4205    1370406.6274697059  106825.55317704647    440
4206    1370412.4223448692  106699.92312633047    0
4207    1370399.3875885354  106763.65293232159    0
4208    1370419.4546789019  106764.13118363687    505
4209    1370354.4547264171  106820.38010853808    0
4210    1370457.1472082371  106805.43399435258    505
4211    1370410.9513136025  106808.12969165783    0
4212    1370434.1509640431  106808.5247192407    0
4213    1370422.3488684841  106820.20637884086    0
4214    1370445.311557305  106831.60309275083    0
4215    1370435.7809709157  106821.97424760806    0
4216    1370449.6316982799  106817.79594945813    0
4217    1370469.7113846822  106819.20159792452    505
4218    1370463.6048915295  106837.39109437917    0
4219    1370487.8354595734  106790.04497733552    0
4220    1370491.1089372975  106812.29117904685    0
4221    1370417.8836374597  106777.87038399969    0
4222    1370347.5398917659  106800.04926072137    0
4223    1370379.010150797  106838.40694065295    0
4224    1370444.5830317922  106791.66639078075    505
4225    1370458.1768443529  106766.64404199635    0
4226    1370464.3792650814  106786.2173198024    0
4227    1370472.7721245575  106892.24414723425    440
4228    1370501.163123989  106864.0031315457    504
4229    1370435.7011287673  106854.86696716404    440
4230    1370528.9085770899  106795.36510522896    0
4231    1370311.7664661573  106816.92424346576    0
4232    1370399.7625354379  106846.89919683608    0
4233    1370431.3838068494  106795.15549287606    0
4234    1370478.9294322957  106770.83727588745    0
4235    1370491.7193425582  106848.48616652109    504
4236    1370476.9837049793  106868.08669701786    0
4237    1370504.3436296487  106830.17062522838    0
4238    1370488.2592753288  106861.22427116858    0
4239    1370491.2266423162  106878.7945073341    0
4240    1370474.3050268076  106850.99080201412    0
4241    1370510.3195655074  106847.79815604765    0
4242    1370510.6069054198  106879.52009657033    504
4243    1370463.2175271153  106861.48585446553    0
4244    1370461.5050414279  106880.88400472859    440
4245    1370447.0001842119  106906.5375061605    0
4246    1370538.580346877  106828.39070492053    0
4247    1370500.2828924081  106896.08807884184    0
4248    1370519.3300833188  106863.57880968129    0
4249    1370443.3991891488  106887.5740742171    0
4250    1370530.4180116686  106846.78500555837    0
4251    1370528.7668838494  106879.10002335216    0
4252    1370538.9382497123  106926.07099164418    504
4253    1370547.4119155451  106899.64928748485    0
4254    1370428.432714002  106847.53851963465    440
4255    1370433.1319137064  106835.60915391799    0
4256    1370419.0756055876  106864.08763766689    0
4257    1370438.6503799825  106844.67321480719    0
4258    1370416.7525974598  106851.85429500371    0
4259    1370450.5506046712  106853.63969582875    0
4260    1370405.0379939349  106860.41603007675    0
4261    1370381.5535974377  106861.79381858034    0
4262    1370405.5480523771  106887.13664682648    0
4263    1370333.3065575834  106816.2315818411    0
4264    1370511.6587692844  106767.33025502968    0
4265    1370475.9865852408  106731.95204546102    0
4266    1370484.0392076871  106903.60428973989    440
4267    1370469.5343504711  106929.2577911718    0
4268    1370465.933355408  106910.29435922843    0
4269    1370567.1071999341  106852.05742384985    0
4270    1370424.3156879367  106901.0214846157    0
4271    1370336.5264486056  106855.79571446242    0
4272    1370323.1921872217  106836.96782095726    0
4273    1370342.1062528456  106723.95193733879    439
4274    1370291.5507078501  106732.16030294092    0
4275    1370307.9023373045  106790.7447164367    0
4276    1370425.8795515604  106943.99284939351    0
4277    1370359.9029726195  106852.31669291494    0
4278    1370296.4826567122  106870.01973466868    0
4279    1370277.8123014397  106767.56903800144    0
4280    1370393.0367107817  106923.6739646973    0
4281    1370354.2601197313  106894.67700741426    0
4282    1370293.7350496824  106840.48131482631    0
4283    1370276.6589827694  106808.73121064727    0
4284    1371109.7822906668  107422.63220057046    446
4285    1371107.4618340156  107408.19844657138    0
4286    1371094.0790961352  107375.31506545623    499
4287    1371062.9059297591  107397.50381559775    446
4288    1371147.99333102  107406.32132775112    498
4289    1371105.6762623126  107386.33802951565    499
4290    1371132.6333797548  107401.84116066305    498
4291    1371094.888325789  107398.22232630679    0
4292    1371122.1248326884  107413.24453742168    0
4293    1371132.8955044418  107372.37212082087    0
4294    1371102.7464526582  107454.51988349161    0
4295    1371078.5313833952  107405.87994392205    446
4296    1371137.6746667265  107419.55603727722    0
4297    1371145.2321348786  107387.21753984437    0
4298    1371112.972222002  107367.04989106253    0
4299    1371092.7734049987  107435.59933606398    0
4300    1371079.7981470658  107387.28748308461    0
4301    1371163.3532822849  107410.80149483914    498
4302    1371165.980880687  107430.36331360124    0
4303    1371159.662946217  107394.88320062269    0
4304    1371174.9147046253  107399.73429963645    0
4305    1371141.0331979389  107439.38445721904    446
4306    1371078.8850730155  107423.98265162673    0
4307    1371082.4819299579  107364.29210139683    499
4308    1371166.0366424094  107365.46852270665    0
4309    1371219.5192926703  107427.18391082814    498
4310    1371133.9973599303  107471.27214014019    0
4311    1371063.4618969362  107415.22917968272    0
4312    1371065.2360621528  107454.41117512743    0
4313    1371062.5756992307  107373.62315474622    0
4314    1371096.2240212811  107338.22204300322    0
4315    1371098.307451654  107359.2543271054    0
4316    1371172.1006778982  107382.18038204902    0
4317    1371199.1162631102  107421.23278637767    498
4318    1371124.0243122706  107452.35159271254    0
4319    1371037.6094952335  107407.16865532653    0
4320    1371062.4908306871  107434.90431459698    0
4321    1371114.193434455  107347.06134957803    0
4322    1371198.6941765272  107363.07459031993    0
4323    1371193.219150953  107403.49986952383    0
4324    1371214.5554145102  107406.25146403928    0
4325    1371152.8953031353  107422.16362252917    0
4326    1371075.4183751931  107375.12201893139    0
4327    1371067.1828280615  107385.50205938077    0
4328    1371047.2804761231  107389.12768727346    446
4329    1371042.2483465187  107326.05057433326    499
4330    1371007.4519636645  107352.17447939936    445
4331    1371188.7669665585  107464.3398949679    447
4332    1371029.2831639869  107449.52428293371    0
4333    1371120.8783799575  107310.78688389079    0
4334    1371206.4874649399  107384.7134762465    0
4335    1371246.7672692311  107409.66759527581    0
4336    1371056.5665551496  107339.65985583534    499
4337    1371172.7128090668  107456.05024025562    447
4338    1371190.1936154373  107441.88650863804    0
4339    1371166.044616845  107488.65466004197    0
4340    1371155.629100438  107469.4449326419    0
4341    1371052.9368492293  107357.81531152925    0
4342    1371046.0120127064  107372.73146674129    0
4343    1371037.5753846481  107345.30363068654    0
4344    1371019.5534930758  107366.46301917426    445
4345    1371023.0772124999  107351.20974003046    0
4346    1371027.9301378876  107312.44129283106    499
4347    1371023.5877364445  107331.71502855977    0
4348    1371035.4987293114  107360.95384128441    0
4349    1371000.2746184885  107395.05996230249    0
4350    1370997.8153276497  107372.60502935425    0
4351    1371073.5329525939  107307.47298109447    0
4352    1371076.19251938  107333.34821993308    0
4353    1371175.4821105306  107441.59887071502    0
4354    1371188.9147483301  107418.25722415243    498
4355    1371191.026627064  107429.99217453197    0
4356    1371181.2086871907  107425.70155156031    0
4357    1371205.9718978601  107435.67947304822    0
4358    1371226.825607352  107453.88429457149    0
4359    1371219.1448474424  107441.63621913611    0
4360    1371239.9223222304  107433.13503527861    498
4361    1371204.8211240503  107472.62954968018    447
4362    1371205.5487097716  107454.1592514467    0
4363    1371218.3167135757  107466.18378715664    0
4364    1371252.9835965252  107497.49851381683    447
4365    1371237.5933796784  107470.42654012321    0
4366    1371198.1529318285  107505.23396946606    0
4367    1371187.6928259109  107486.11059632975    0
4368    1371008.7796360662  107318.25269880076    0
4369    1370959.2385715134  107388.19214004984    0
4370    1370979.3727234961  107351.41809474306    0
4371    1371050.0308846526  107303.52595939784    0
4372    1371245.6969691266  107451.28781603625    0
4373    1371236.9294390334  107489.20885910455    447
4374    1371230.2612468116  107521.8132788909    0
4375    1371219.8011408942  107502.6899057542    0
4376    1370995.350434253  107337.88593962434    445
4377    1370996.748610459  107324.43286709188    0
4378    1370987.4475805839  107272.4428901911    500
4379    1370959.0458460189  107295.0203202995    445
4380    1370993.9894771217  107304.26104868918    0
4381    1371008.4698719201  107332.45024879057    0
4382    1371032.8902529809  107292.88612502901    0
4383    1371284.9340713448  107466.83105436136    497
4384    1370971.1473754304  107309.30886007453    445
4385    1370978.7245446884  107290.62255396249    0
4386    1370956.4313360259  107334.04135763788    0
4387    1370951.0265129253  107314.0811124505    0
4388    1371000.5297549204  107285.63745076011    500
4389    1371017.3789837051  107255.84908430933    0
4390    1371018.6058860738  107280.79793816294    0
4391    1371042.4366914132  107267.1214233003    0
4392    1371261.3057190184  107469.18171325616    0
4393    1371251.0517091518  107481.54943578491    0
4394    1371270.5483712938  107487.2793772805    0
4395    1370974.3654062473  107259.24832962209    500
4396    1370946.9443166077  107280.7317805246    445
4397    1370991.214635032  107229.45996317131    0
4398    1370953.3188107584  107263.06406752384    0
4399    1370940.5186424935  107298.44283986032    0
4400    1370995.392813378  107251.48267889026    0
4401    1370935.1188832379  107219.6646479152    500
4402    1370965.369424491  107277.39572980057    0
4403    1370928.5188948882  107284.06809704877    0
4404    1370918.050234481  107324.88953166247    0
4405    1370948.2010575742  107232.85920848409    500
4406    1370902.5416811958  107250.43518845543    444
4407    1370919.7607823631  107303.57514007708    0
4408    1370941.3026908014  107249.5640238082    0
4409    1370965.0502863587  107203.07084203378    0
4410    1370918.6922341962  107258.43921460261    444
4411    1370969.2284647047  107225.09355775247    0
4412    1370897.2806876304  107281.34717565493    0
4413    1370919.7450851421  107236.01843284909    0
4414    1370933.9175176525  107233.93843369467    0
4415    1371249.1466025277  107464.03338217383    0
4416    1371272.6297115679  107452.95860704532    497
4417    1371259.714459203  107456.00726918169    0
4418    1371291.0695538288  107424.21014786187    0
4419    1371294.0124638907  107446.38586299414    0
4420    1371273.7400795592  107474.24035293709    0
4421    1371297.2384311219  107480.70350167752    497
4422    1371283.8001666688  107483.61302060753    0
4423    1371293.5884619202  107496.33387758206    0
4424    1371303.4398227816  107462.81010619547    0
4425    1371334.1515104531  107522.32084362589    497
4426    1371304.6998156202  107539.36675553126    448
4427    1371315.4091727983  107476.97969507064    0
4428    1371327.8417956352  107437.88587797288    0
4429    1371303.3808362402  107511.92910626452    0
4430    1371337.8641179064  107494.2419248165    0
4431    1371323.4794513439  107458.02238548538    0
4432    1371321.847150676  107508.44839630972    497
4433    1371294.8958635645  107526.72228938632    448
4434    1371315.4247347482  107525.1006609646    0
4435    1371277.3826893007  107550.42422487262    0
4436    1371314.5037676757  107552.01122167608    448
4437    1371295.7194208503  107556.45275641778    0
4438    1371276.111516739  107531.16382412812    0
4439    1371327.0531673895  107538.96966342226    0
4440    1371308.1457033046  107567.06398516025    0
4441    1371346.4558702302  107536.19329094206    497
4442    1371350.182595971  107598.02733170053    448
4443    1371283.1217807985  107583.78674158659    0
4444    1371338.9945206428  107553.23574916454    0
4445    1371360.3272322239  107511.49690876846    0
4446    1371320.4715745407  107594.34699411213    0
4447    1371337.2451578514  107581.34150976082    448
4448    1371366.2239185956  107531.05273098736    0
4449    1371269.0377540169  107505.78816852911    447
4450    1371279.886946914  107497.35759741864    0
4451    1371251.9094558775  107519.26921517895    0
4452    1370889.339861762  107311.85959846014    0
4453    1370895.3416634966  107224.37073970314    0
4454    1370927.4914529223  107247.61730340944    0
4455    1371361.3570963233  107455.68736473336    0
4456    1371389.9099466831  107578.91112557598    496
4457    1371374.3350883452  107564.4884319171    496
4458    1371255.6709545266  107542.18503510424    0
4459    1370904.886670667  107235.76072358768    0
4460    1370886.3911281954  107242.43116230826    444
4461    1370922.0367089016  107206.4700873463    500
4462    1370912.5810690399  107220.59979087557    0
4463    1370885.9968542112  107263.52306507886    0
4464    1370938.8859376863  107176.68172089552    0
4465    1370943.0641160321  107198.7044366147    0
4466    1370900.8484566319  107208.25417542497    0
4467    1370871.2445430378  107252.69766150025    0
4468    1370873.5964913061  107182.74729134381    501
4469    1370837.9394691945  107218.41908386681    444
4470    1370859.4302444449  107284.26214133287    0
4471    1370891.2755129356  107188.01140906056    501
4472    1370875.0980115547  107208.45470409509    0
4473    1370844.8920112159  107244.98288993991    0
4474    1370891.7678306394  107154.03932190122    0
4475    1370879.4816935789  107195.30110488598    0
4476    1370860.8253081113  107196.39078827093    0
4477    1370888.0083672234  107212.8659828729    0
4478    1370881.1578204571  107225.32217148786    0
4479    1370905.8945033448  107171.23365410902    0
4480    1370854.0900221949  107226.423110014    444
4481    1370855.9174696766  107177.48317362706    501
4482    1370852.0718349433  107210.19908027803    0
4483    1370867.131081573  107220.40514837965    0
4484    1370842.2318445733  107191.12631299466    0
4485    1370856.4097873804  107143.51108646771    0
4486    1370870.5364600858  107160.70541867556    0
4487    1371397.9426534094  107510.82162163865    0
4488    1371351.5191251046  107568.12262973926    0
4489    1371368.8656563489  107586.0156714319    0
4490    1370928.2512945307  107138.46523740535    0
4491    1370802.8804047881  107161.69082047683    501
4492    1371405.6861810349  107546.25371922825    0
4493    1371330.7764387913  107572.99859879084    448
4494    1371334.8991013069  107563.1228383096    0
4495    1371325.6240066662  107583.67279645156    0
4496    1371328.2560314287  107554.57940846494    0
4497    1371341.2371526333  107571.56706318061    0
4498    1371320.236460981  107574.49159212779    0
4499    1371350.0744609644  107580.87873132886    0
4500    1371313.7007396962  107584.49807651054    0
4501    1371333.7781306719  107594.18942733144    0
4502    1371299.6267431963  107601.42535764487    0
4503    1371327.404175041  107617.85706391065    0
4504    1371382.122517514  107571.69977874648    496
4505    1371379.3878015159  107582.4633985039    0
4506    1371390.0106346901  107555.37107557269    0
4507    1371405.484805021  107593.33381923486    496
4508    1371363.1200340907  107614.71315364024    448
4509    1371371.0449134114  107575.11092606139    0
4510    1371393.5623507991  107567.15650768917    0
4511    1371389.4797069407  107594.99661423962    0
4512    1371366.5476591762  107557.2770850876    496
4513    1371377.5216847542  107594.29569301546    0
4514    1371371.5158414845  107544.10157735637    0
4515    1371377.0729031207  107553.72146583471    0
4516    1371385.0526115908  107542.69687586908    0
4517    1371402.1165623365  107558.15067077    0
4518    1371405.7775768237  107577.39678021143    0
4519    1371382.4225120835  107613.04043949938    0
4520    1371356.6513150309  107606.37024267038    448
4521    1371361.8590068615  107595.65319911228    0
4522    1371345.72314567  107621.52268799233    0
4523    1371367.1985508092  107604.87162183061    0
4524    1371344.4926896046  107609.11826278659    0
4525    1371424.9913848001  107558.53014421358    0
4526    1371426.9662139439  107585.75723533568    0
4527    1371399.0376849007  107609.1368713004    0
4528    1371330.0655200812  107652.16435728816    0
4529    1371407.3354151486  107651.74381938063    449
4530    1371391.6964436797  107641.57139748041    449
4531    1371394.0094359198  107625.04684834281    0
4532    1371381.4830316145  107674.38119057805    0
4533    1371410.8748595142  107621.62749836473    0
4534    1371372.7086467559  107653.6552274268    0
4535    1371444.5388561636  107629.49881050136    496
4536    1371406.2225753269  107636.34688350101    0
4537    1371425.6429469015  107634.39008057614    0
4538    1370770.8844003736  107190.03049864998    443
4539    1370820.561216166  107185.8280097831    0
4540    1371350.6066478346  107675.23246996604    0
4541    1371432.7992597613  107618.62766169762    496
4542    1371438.5376366402  107600.6565868746    0
4543    1371448.2909896781  107613.67265116774    0
4544    1371459.16436534  107572.6939708313    0
4545    1371468.7660134025  107626.88482292087    0
4546    1371459.8904185016  107594.8185466237    0
4547    1371439.9101048161  107650.5619470402    0
4548    1370821.7889161943  107210.41505771973    444
4549    1370835.0373093786  107203.97873717862    0
4550    1370818.3001558834  107237.75102622772    0
4551    1370805.8541319694  107222.27198784924    0
4552    1370788.2613817838  107196.22076511127    443
4553    1370786.0557364698  107174.92733871294    0
4554    1370768.5992563292  107223.93022619552    0
4555    1370820.5594264176  107166.95493819358    501
4556    1370821.0517441214  107132.98285103423    0
4557    1370835.1784168268  107150.17718324205    0
4558    1371498.7481613737  107582.46916676576    0
4559    1371456.2784525659  107640.3699593051    496
4560    1371469.8913010242  107692.43350698154    449
4561    1371422.9743866175  107661.91624128085    449
4562    1371421.0069999739  107647.83307644779    0
4563    1371412.7609745522  107694.72603437849    0
4564    1371403.9865896939  107674.00007122727    0
4565    1370803.4959508181  107179.78423394359    0
4566    1370766.8442349441  107170.80060581045    0
4567    1370785.2013831586  107156.42670276009    501
4568    1370785.6937008623  107122.45461560029    0
4569    1370799.8203735678  107139.64894780856    0
4570    1370788.3822971543  107249.06350641692    0
4571    1371453.6912087705  107662.19452164148    0
4572    1371497.3766733664  107663.97182581983    495
4573    1371454.2523295553  107682.26108508132    449
4574    1371472.2978212216  107671.68527572099    0
4575    1371444.03891749  107715.07087817896    0
4576    1371435.2645326317  107694.34491502774    0
4577    1370753.5074189634  107183.8402321887    443
4578    1370755.3996105313  107206.01356899971    0
4579    1370739.3064258215  107196.21949783331    0
4580    1370729.9908318536  107229.64531033795    0
4581    1370701.3764747328  107165.26943280484    443
4582    1370711.6526037995  107191.39282814509    0
4583    1370730.3171293875  107131.41708946464    502
4584    1371485.5302724931  107702.60592888178    449
4585    1371486.5974116938  107683.85751681785    0
4586    1371475.3168604278  107735.41572197988    0
4587    1371466.5424755695  107714.68975882827    0
4588    1371482.6973611671  107657.60646696424    495
4589    1371481.8395134187  107639.47592826209    0
4590    1371502.1596680286  107694.14787973624    0
4591    1371495.6220469836  107647.90937060607    0
4592    1371495.2697239765  107612.44843409723    0
4593    1371512.0559855655  107670.33718467534    495
4594    1371514.3144287828  107685.23777536985    0
4595    1371510.2293620801  107654.44076376931    0
4596    1371532.3574561067  107732.81958836829    450
4597    1371565.8313088175  107693.65566345872    495
4598    1371519.0072772915  107704.38508591398    0
4599    1371524.9082041581  107660.80720678244    0
4600    1371546.2833032911  107685.1791034948    495
4601    1371543.5206740089  107710.22713899131    0
4602    1371528.1081963831  107692.00578083404    0
4603    1371497.009258349  107630.16336942205    0
4604    1371500.6291408483  107679.5498290652    0
4605    1371542.631314263  107666.82269554172    0
4606    1371527.5431845381  107618.22218719636    0
4607    1371563.5195650219  107672.20848267751    0
4608    1371541.6927958471  107640.47173562371    0
4609    1371523.9466050961  107642.91890719545    0
4610    1370748.9197454583  107141.28983725401    502
4611    1371516.7633500346  107722.79896957526    450
4612    1371530.850404904  107718.02076612558    0
4613    1371506.7966103028  107755.45332714762    0
4614    1371497.9646505776  107734.90944331563    0
4615    1371556.0573060543  107689.41738347676    495
4616    1371555.7850110708  107703.43450499406    0
4617    1371554.9014341566  107678.69379308616    0
4618    1371547.2850266183  107696.25817973381    0
4619    1371553.5012182344  107667.86424831722    0
4620    1371564.8276979655  107682.91566118949    0
4621    1371549.4033523314  107653.38930881688    0
4622    1371583.1545052447  107675.24311309426    0
4623    1371564.1493466347  107657.03223126126    0
4624    1371585.3793143439  107702.13222342265    495
4625    1371577.3741222019  107687.16014020199    0
4626    1371603.5115549881  107687.09536337311    0
4627    1371561.31570902  107727.88853328377    0
4628    1371561.1179033329  107637.63682238679    0
4629    1371570.8496136118  107708.86117667862    0
4630    1371587.1097328332  107724.92001293483    0
4631    1370729.7372832298  107154.97191910345    0
4632    1370754.8765557529  107107.60352227779    0
4633    1371596.7837225194  107641.99697064767    0
4634    1371548.6832460791  107620.40215498371    0
4635    1371573.7296131065  107722.20645967034    0
4636    1371577.0215373856  107740.31892765391    0
4637    1371594.7338803951  107772.90206354044    450
4638    1371625.4455252849  107739.32437311922    494
4639    1371579.139774323  107762.88144474741    450
4640    1371601.3450183014  107745.24985297375    0
4641    1371569.1730345911  107795.53580231978    0
4642    1371590.1678904959  107737.92745059014    0
4643    1371615.1864225776  107724.96657825292    494
4644    1371588.7849568778  107752.23014820689    0
4645    1371602.5549826554  107731.21118066848    0
4646    1371601.2336439393  107759.83963177571    0
4647    1371615.9447738733  107752.65661799743    0
4648    1371610.3279864672  107782.92268233348    450
4649    1371560.3410748662  107774.99191848781    0
4650    1371635.5092806888  107699.60112186109    0
4651    1371635.7046279921  107753.68216798552    494
4652    1371614.3330301817  107768.01172491687    0
4653    1371600.3612467353  107815.57703990584    0
4654    1371591.5292870104  107795.03315607381    0
4655    1371636.0794098792  107720.88199756035    0
4656    1371630.1479600803  107768.49671016919    0
4657    1371666.4819361144  107796.75555258465    494
4658    1371644.4203348681  107819.0548891814    451
4659    1371638.4675200838  107782.52337925069    0
4660    1371643.3608556807  107737.36742332736    0
4661    1371623.2873949746  107779.89932430247    0
4662    1371656.2228334071  107782.39775771835    494
4663    1371635.1712137037  107805.99909515395    451
4664    1371653.2732278283  107751.97296824564    0
4665    1371668.9442448898  107716.21671574409    0
4666    1371647.439218519  107795.75240726129    0
4667    1371621.7602547584  107825.30390217587    0
4668    1371686.8047942254  107771.39009619331    0
4669    1371663.527498089  107766.33421604948    0
4670    1371662.8044243646  107734.83801707075    0
4671    1371617.9847670554  107808.37041989838    0
4672    1371595.1533171069  107706.37050340454    495
4673    1371596.0185263515  107717.76439816064    0
4674    1371594.445434666  107694.61379339783    0
4675    1371586.5805117495  107712.75128753316    0
4676    1371603.7417324064  107699.95372080052    0
4677    1371619.6676586925  107703.5751363773    0
4678    1371592.348655913  107682.85996819245    0
4679    1371600.9489821077  107663.12122602896    0
4680    1371601.6512307569  107675.17018750322    0
4681    1371622.6595912224  107667.90081363785    0
4682    1371614.8158768166  107679.22419923051    0
4683    1371631.8359477331  107682.63564509533    0
4684    1371653.3685608068  107659.00108072156    0
4685    1371658.8907206645  107685.65820674434    0
4686    1370739.6184374229  107136.35346335932    502
4687    1370739.3285143441  107148.13087817874    0
4688    1370742.5968425702  107119.51030587124    0
4689    1370730.6479295061  107142.0249134492    0
4690    1370749.2813991518  107129.37726481541    0
4691    1370711.714513317  107121.54434167537    502
4692    1370715.3303429899  107137.19351543195    0
4693    1370752.6681560273  107156.68919691994    0
4694    1370763.7657013712  107135.77876957333    0
4695    1370740.8589716211  107160.4206375869    0
4696    1370750.4889833031  107170.34504593082    0
4697    1370780.5174150649  107139.83866236746    0
4698    1370727.6292565321  107091.7883701619    0
4699    1370693.141511752  107134.07805399578    0
4700    1371582.7249728232  107608.94443613062    0
4701    1371541.9776968157  107581.83667381063    0
4702    1371528.3384160621  107800.92048855506    0
4703    1371536.7463199913  107760.27782641871    0
4704    1371656.3024378752  107808.74744745117    0
4705    1371676.7410388216  107811.11334745094    494
4706    1371653.6694560326  107832.11068320884    451
4707    1371670.5648102951  107829.94557715472    0
4708    1371635.1496954593  107855.03472052484    0
4709    1371687.3749234157  107792.67097189226    0
4710    1371636.4830093842  107834.48200795322    0
4711    1371717.1518279349  107855.00359554189    493
4712    1371687.4275977416  107879.76270733852    451
4713    1371694.6563692174  107809.15639765913    0
4714    1371620.4750224152  107843.76312777796    0
4715    1371675.1730874693  107862.4645922874    451
4716    1371702.075984732  107840.23736892962    493
4717    1371720.2397584261  107788.00569007552    0
4718    1371607.8309344507  107875.41307120933    0
4719    1371681.5187879757  107844.97931401762    0
4720    1371695.8241482482  107860.06508865612    0
4721    1371698.8847648879  107736.41157442836    0
4722    1370702.4132052818  107116.60796778079    502
4723    1370702.4280125345  107127.81119783559    0
4724    1370706.5133803997  107097.65112760512    0
4725    1370692.3396789446  107122.87586414865    0
4726    1370703.6700912281  107139.66576323798    0
4727    1370712.4835086556  107108.86424023764    0
4728    1370639.3559744786  107127.38900605074    442
4729    1370664.8459692453  107096.67035012951    502
4730    1370672.8822030572  107129.89838744115    0
4731    1370678.9789332459  107104.17097200781    502
4732    1370681.4927828752  107116.49953025092    0
4733    1370712.6693021208  107153.37649417794    0
4734    1370683.9994933226  107159.07916634355    443
4735    1370726.5357663934  107116.07982004175    0
4736    1370665.0020582248  107113.44149285814    0
4737    1370692.4930495392  107148.01294622972    0
4738    1370685.2089846663  107075.36681470562    0
4739    1370718.753456143  107171.45969926612    443
4740    1370683.7411072599  107187.28948843495    0
4741    1370652.9892431954  107140.13895296643    442
4742    1370643.9321631279  107105.25129258994    0
4743    1370669.2314423493  107173.05024608193    0
4744    1370654.5607589725  107124.79469472716    0
4745    1370623.5704702374  107157.93200398255    0
4746    1370645.8076993227  107161.48190445847    0
4747    1371650.6355565886  107892.83751591804    0
4748    1371734.4808086657  107822.23217347226    0
4749    1371711.4292838941  107878.35554480237    0
4750    1370710.8207789403  107072.2071991729    0
4751    1370625.7227057617  107114.63905913493    442
4752    1370618.5411618892  107135.98201062683    0
4753    1370607.5520991823  107120.40466597225    0
4754    1370650.7130052447  107089.16972825122    502
4755    1370656.9430566649  107060.36557094949    0
4756    1370666.0144267776  107077.40344525329    0
4757    1370651.2440262414  107205.89150041586    0
4758    1371699.078529492  107873.09075951012    0
4759    1371699.6821080141  107897.06082238976    451
4760    1371719.1600047681  107896.25187975967    0
4761    1370585.4322957292  107147.67391496572    0
4762    1370584.822899611  107076.3892183876    442
4763    1370630.5089294754  107185.89221539928    0
4764    1371675.1445771335  107927.43374602088    0
4765    1371674.5632367444  107901.8660027572    0
4766    1371732.2276711378  107869.76982215415    493
4767    1371724.6897495363  107862.38670884802    493
4768    1371721.4755818802  107873.20781541552    0
4769    1371734.0090118744  107845.33249665493    0
4770    1371731.3952730191  107885.69876310947    0
4771    1371711.4292160736  107865.97838060235    0
4772    1371736.5646371022  107857.80237456867    0
4773    1371757.392478009  107847.03701709415    0
4774    1371748.021527268  107868.72389141822    0
4775    1371742.9466283093  107933.58879358025    452
4776    1371770.1644642781  107906.92749731144    493
4777    1371741.073202383  107908.70253241969    0
4778    1371775.6931137396  107877.90280893684    0
4779    1370583.8307089875  107104.77788275154    0
4780    1371727.441623298  107923.97386551062    452
4781    1371718.1495107717  107956.26742612054    0
4782    1371709.1328825832  107936.18936047761    0
4783    1371726.284631422  107909.22149214023    0
4784    1371685.1260646256  107959.03392686149    0
4785    1371232.8724804218  107387.10995777455    0
4786    1371065.8578194769  107281.23000680041    0
4787    1371257.1234687048  107571.08414309582    0
4788    1371435.139378157  107521.25464816914    0
4789    1371547.9515621788  107742.84020716132    450
4790    1371546.0121319944  107725.51236920315    0
4791    1370678.2887686626  107143.71787621609    0
4792    1370628.6978044778  107097.06368275212    0
4793    1370619.479521882  107054.62151428907    503
4794    1370598.4561683279  107089.13916530341    442
4795    1370604.4127694874  107069.10602108213    0
4796    1370615.9311721392  107084.1173528926    0
4797    1370585.8626699001  107049.19854794275    0
4798    1370628.0297815632  107068.14531033105    503
4799    1370639.1026740833  107051.67980717076    0
4800    1370610.9292622008  107041.0977182471    503
4801    1370596.8956059786  107040.50553281345    0
4802    1370603.351408334  107054.09685729274    0
4803    1370580.1024075467  106992.33942194922    503
4804    1370539.7556379312  107012.02091086107    441
4805    1370575.9688202259  107025.29368832734    0
4806    1370630.6280919816  107019.17856854077    0
4807    1370627.3470504298  107040.18256449078    0
4808    1370646.45038771  107032.40843918815    0
4809    1370590.9975903947  107063.01012273552    0
4810    1370571.189630894  107063.63927147179    442
4811    1370559.5785926208  107089.71859464001    0
4812    1370551.851068574  107070.65375052557    0
4813    1370661.9921508268  106997.74493837789    0
4814    1370519.666840473  107050.65762588111    0
4815    1370521.9181213325  107093.88494095346    0
4816    1370753.9370321124  107052.20099079156    0
4817    1371758.7339893095  107895.73177303898    493
4818    1371756.3662748551  107920.0649230713    0
4819    1371781.594939247  107918.123221584    493
4820    1371776.151814763  107935.11341297632    0
4821    1371792.0158467949  107896.05087352835    0
4822    1371758.4516333207  107943.20372164987    452
4823    1371769.3242521351  107923.55907714687    0
4824    1371824.7899194313  107925.44387057635    492
4825    1371749.1595207944  107975.49728225979    0
4826    1371835.4381369012  107880.60225381383    0
4827    1371798.2912182778  107912.50979292112    0
4828    1371740.1428926059  107955.41921661687    0
4829    1371816.5064697533  107896.13899599056    0
4830    1371221.386339904  107367.12478914281    0
4831    1371279.8083432219  107373.75714907162    0
4832    1371260.1058616277  107621.86479478229    0
4833    1370591.2407050333  107009.95667207723    503
4834    1370596.8098537764  107018.76529714112    503
4835    1370589.3205856367  107029.66512477279    0
4836    1370609.6405416394  107004.48842022876    0
4837    1370586.0562188313  107019.39932865875    0
4838    1370609.2654255591  107017.0552362395    0
4839    1370575.60162588  107007.51464110482    0
4840    1370620.6436175092  107011.10586564858    0
4841    1370615.5719914425  107028.69760957015    0
4842    1370626.8729847728  106988.29172480058    0
4843    1370635.5246402633  107002.91157664068    0
4844    1370555.6123346614  106993.33101784007    0
4845    1370548.6560000542  107031.45511770858    441
4846    1370646.1128803052  106986.77588573559    0
4847    1370647.2929888654  107015.32443659914    0
4848    1370559.6870775765  107016.73664304997    0
4849    1370677.1569119757  107025.36013729681    0
4850    1370562.9955630188  107004.10315705635    0
4851    1370564.067036307  107036.15243405561    0
4852    1370571.6047010748  107048.28916592718    0
4853    1370526.6812069896  107029.76383155212    0
4854    1370633.8057680458  106953.42677813    0
4855    1370486.135090282  107027.77619191074    0
4856    1370508.6230426363  107002.76848954181    0
4857    1370673.4976199076  106964.11084597906    0
4858    1371804.360330282  107868.53346870799    0
4859    1371217.2201434148  107324.87274406977    0
4860    1371251.4245799917  107363.15413203213    0
4861    1370602.5688989353  106979.69899931844    0
4862    1370530.8552758084  106992.58670401365    441
4863    1370543.7763178225  106974.91403146855    0
4864    1370535.3054568698  107002.30380743736    441
4865    1370543.2387929959  106992.7929600824    0
4866    1370523.3802705307  107013.64281854063    0
4867    1370546.0953681266  107003.239893644    0
4868    1370523.5029244206  107001.83147544386    0
4869    1370515.4546228375  106987.88463239318    0
4870    1370506.5692592736  107025.48349510629    0
4871    1370485.6538599685  106983.2160538743    0
4872    1370508.630602251  106944.05846470584    441
4873    1370502.4650602685  106973.35308444629    0
4874    1370526.405094747  106982.86960058995    441
4875    1370532.8656157539  106974.03326431733    0
4876    1370537.049651274  106983.87225548869    0
4877    1370515.2927579682  106958.60548093601    441
4878    1370548.3820311432  106941.58795666881    504
4879    1370528.3941785591  106961.40442576862    0
4880    1370539.1085863248  106964.71683294467    0
4881    1370537.5789100789  106950.67999809474    0
4882    1370568.9641100601  106974.72217182121    503
4883    1370550.4177016683  106965.70704350216    0
4884    1370524.2825776853  106948.58786573086    0
4885    1370556.3869232456  106977.01173897213    0
4886    1370532.7500969809  106938.07122012513    0
4887    1370529.4944682815  106910.55402661956    504
4888    1370522.7252835592  106925.30609355173    0
4889    1370498.9108546674  106957.30891200609    0
4890    1370566.0569504139  106920.19854968639    0
4891    1370512.1092613486  106910.50256608982    0
4892    1370488.1191973672  106939.20264714547    0
4893    1370568.3337525947  106940.07741057458    0
4894    1370498.4897400702  107045.68136847633    0
4895    1370574.5332588034  106983.53079688521    503
4896    1370568.3670607305  106993.59412915626    0
4897    1370586.9015840788  106969.54624323579    0
4898    1370586.8145064539  106981.93095034901    0
4899    1370595.5264097881  106994.9174327488    0
4900    1370607.8911223831  106954.32100797906    0
4901    1370473.0791093032  106960.43595099667    0
4902    1370503.1994797636  107073.18752784886    0
4903    1370595.4197437086  106926.90533223964    0
4904    1370460.5714765619  107058.63016603526    0
4905    1370694.8536631973  107048.16221817688    0
4906    1370501.9684465339  106929.51144847568    441
4907    1370438.983646499  106994.11756641389    0
4908    1366207.1576224889  103481.69628041594    398
4909    1366240.2986437327  103479.15528259601    546
4910    1366217.658804381  103494.5582667908    0
4911    1366173.731011674  103480.60328253321    0
4912    1366223.493053556  103477.35975112178    0
4913    1366223.4262451641  103529.69239756821    546
4914    1366190.9067400815  103467.00772877951    0
4915    1366229.7566564775  103461.11248040946    0
4916    1366228.4931034318  103514.51587137493    546
4917    1366196.1624215704  103516.30720492896    398
4918    1366257.9303268127  103515.90975021083    0
4919    1366212.4486477792  103517.59332247484    0
4920    1366242.6219961089  103527.66704273864    0
4921    1366218.1528234077  103447.08535590286    398
4922    1366162.7358107555  103515.21420704623    0
4923    1366179.911539163  103501.61865329255    0
4924    1366207.2476713059  103533.34178717097    0
4925    1366253.7760077994  103438.78715742467    546
4926    1366199.9933129193  103450.84241151884    0
4927    1366218.3593868965  103544.8689237615    546
4928    1366234.4076845977  103541.79275537378    0
4929    1366251.0343734252  103623.12127221495    545
4930    1366212.0268435997  103632.50292016103    399
4931    1366232.1634510271  103591.58336108492    545
4932    1366228.9743239896  103556.84692053465    0
4933    1366185.1672206519  103550.91812944198    398
4934    1366230.5581159797  103412.84681660571    397
4935    1366236.4358588213  103444.21487338442    0
4936    1366205.908828015  103433.66971241334    0
4937    1366166.7933784651  103442.81708318797    0
4938    1366263.5558320459  103549.29160731309    0
4939    1366222.727989828  103575.81440551986    545
4940    1366196.4557068194  103564.03022669407    0
4941    1366151.740609837  103549.82513155925    0
4942    1366168.9163382445  103536.22957780557    0
4943    1366246.7201650713  103409.56447193651    0
4944    1366240.9075784811  103426.94428714308    0
4945    1366203.9942877099  103392.13484556926    0
4946    1366211.0621143759  103414.76910619363    0
4947    1366185.9173025526  103436.38840478443    0
4948    1366246.6233777029  103554.70924139168    0
4949    1366195.8482318963  103600.3632559298    399
4950    1366201.2607228518  103548.4781864484    0
4951    1366269.0047906232  103402.35084838355    547
4952    1366264.6935755524  103582.01699480714    0
4953    1366242.8296582147  103574.49380009438    0
4954    1366187.7589260445  103584.29342381415    399
4955    1366213.1118609952  103592.27564502577    0
4956    1366254.1702466656  103394.55146620903    0
4957    1366302.0605905354  103409.27533172419    0
4958    1366163.3161997562  103606.66844757956    0
4959    1366244.3735002056  103378.98066252426    397
4960    1366282.6030962861  103419.79826093513    0
4961    1366166.0711899288  103585.13976395511    0
4962    1366261.7073463632  103378.94198682706    0
4963    1366222.3288135766  103379.86323963664    0
4964    1366285.9849922045  103369.84635547252    547
4965    1366232.7482492584  103364.36274589394    0
4966    1366265.0965765445  103328.18143140212    397
4967    1366319.0407921164  103376.77083881278    0
4968    1366200.0604320772  103353.64220767377    0
4969    1366258.1888844315  103345.11450844284    397
4970    1366299.5832978673  103387.29376802409    0
4971    1366277.7644058738  103343.22465823744    0
4972    1366240.0648631686  103347.59648471704    0
4973    1366269.4653697279  103359.59014935279    0
4974    1366219.7759380494  103348.72219452981    0
4975    1366246.9782544989  103330.66573261937    0
4976    1366252.4516358513  103303.27203871039    0
4977    1366279.4487596089  103481.00907557218    0
4978    1366164.9590671558  103405.70130222724    0
4979    1366223.391716769  103612.68118538006    0
4980    1366203.361136077  103578.9918627726    0
4981    1366126.5292778169  103591.02026820061    0
4982    1366311.455294576  103321.08961610611    547
4983    1366201.1963590253  103316.23204785871    0
4984    1366272.56676732  103456.27759380655    0
4985    1366203.9375377479  103616.43308804538    399
4986    1366179.4948114597  103638.80811181079    0
4987    1366182.2498016325  103617.27942818611    0
4988    1366302.9651937855  103337.34186256159    547
4989    1366272.0042686574  103311.24835436141    397
4990    1366336.0209936975  103344.26634590185    0
4991    1366293.2579198368  103310.04308165603    0
4992    1366283.2807539538  103325.72399527131    0
4993    1366316.5634994484  103354.78927511316    0
4994    1366297.4881239259  103324.13694723658    0
4995    1366289.6827998161  103337.36170088236    0
4996    1366309.8410724509  103446.91235607424    0
4997    1366211.9476408593  103605.6543042666    0
4998    1366288.2765032721  103259.08364761868    396
4999    1366319.9453953668  103304.83736965056    547
5000    1366303.0017278059  103285.64235501995    0
5001    1366353.0011952787  103311.76185299082    0
5002    1366333.5437010291  103322.2847822023    0
5003    1366315.1543188312  103291.99081416691    0
5004    1366305.7028445159  103302.83239252452    0
5005    1366333.4512987379  103267.70923653018    548
5006    1366317.8765753  103275.00764374135    0
5007    1366302.1613661088  103268.74680107833    0
5008    1366283.5942320211  103276.69946246973    396
5009    1366292.9587745231  103241.46783276764    396
5010    1366317.3196760344  103253.55187585838    0
5011    1366259.2002720295  103279.64574462239    0
5012    1366269.7745572969  103225.87530442963    0
5013    1366302.2354464161  103253.3637452956    0
5014    1366309.9732870308  103237.76459758439    0
5015    1366269.6321325093  103263.55816656188    0
5016    1366312.5535330528  103223.05544622314    0
5017    1366302.3233170251  103206.23620306555    396
5018    1366343.4829038996  103225.95746320026    548
5019    1366327.118884814  103233.19135338256    0
5020    1366275.3282447562  103246.21182993757    0
5021    1366241.7299190694  103244.78736260188    0
5022    1366293.0590356055  103295.81782836794    0
5023    1366372.9663881294  103266.16292748215    0
5024    1366335.9592000283  103257.2712931977    548
5025    1366325.6605649071  103260.31711876164    0
5026    1366355.7167447242  103256.49813867368    0
5027    1366315.4880005058  103264.33452955498    0
5028    1366327.6302414709  103249.36432316271    0
5029    1366346.1650767925  103265.24369195517    0
5030    1366359.4140737087  103270.12508554578    0
5031    1366342.6152996917  103280.95156169975    0
5032    1366373.2140441395  103292.1685213536    0
5033    1366342.6922787349  103298.08125830024    0
5034    1366345.9908051901  103215.51951986778    548
5035    1366333.2163964792  103217.9704968507    0
5036    1366365.7483498857  103214.74636534338    0
5037    1366337.9380968215  103208.06445806344    0
5038    1366356.1966819544  103223.49191862527    0
5039    1366352.2366123763  103189.52432550851    548
5040    1366339.888903342  103194.78524374252    0
5041    1366376.4759692845  103236.05161424215    0
5042    1366352.6469048534  103239.19978837004    0
5043    1366341.0336924673  103180.35124892864    0
5044    1366370.0119768162  103185.56749789482    0
5045    1366393.0593317542  103194.08551518692    0
5046    1366250.1702865509  103262.36430623176    0
5047    1366229.7794525386  103284.01894526507    0
5048    1366228.1967595669  103262.10090818124    0
5049    1366190.1334727532  103275.86560475013    0
5050    1366204.2711992315  103229.45357693759    0
5051    1366241.598912226  103607.35231664988    545
5052    1366264.0512171129  103604.62519197847    0
5053    1366304.4504930754  103594.45981770095    0
5054    1366269.9052958232  103654.65918334498    545
5055    1366278.1003698865  103628.34087778021    0
5056    1366228.2054553032  103664.64258439225    399
5057    1366419.1909599989  103278.72669863196    0
5058    1366322.9205940047  103194.51197462466    0
5059    1366417.7578056015  103186.44967592486    0
5060    1366232.2850991031  103630.94915850218    0
5061    1366260.4698346243  103638.89022778002    545
5062    1366248.3803622574  103656.8314091152    0
5063    1366220.1161494516  103648.57275227668    399
5064    1366195.6734231634  103670.94777604165    0
5065    1366198.4284133362  103649.41909241751    0
5066    1366261.4200932637  103678.31107267734    0
5067    1366244.5971732959  103641.23837663372    0
5068    1366234.3290586509  103651.48912481871    0
5069    1366236.294761155  103680.7124165079    399
5070    1366249.3086003314  103684.23238242192    0
5071    1366272.4285180343  103758.57674474918    400
5072    1366323.464635985  103750.14461101301    544
5073    1366246.0053177236  103670.62807555369    0
5074    1366258.4062925205  103727.67949668632    400
5075    1366262.9735139622  103696.83557715587    0
5076    1366211.8520348668  103703.08744027332    0
5077    1366214.6070250396  103681.55875664884    0
5078    1366279.3407570224  103670.42813891005    545
5079    1366251.3951797637  103712.23087265494    400
5080    1366273.8463792405  103686.59641933029    0
5081    1366306.1204271032  103718.17085274406    544
5082    1366297.4483226624  103702.18397360959    544
5083    1366279.5798920339  103703.57725811657    0
5084    1366297.5422311104  103648.82980001274    0
5085    1366227.5145874908  103732.38395345796    0
5086    1366267.4403295116  103714.26428929641    0
5087    1366299.5866205331  103669.02125335687    0
5088    1366230.9285651122  103712.20406766546    0
5089    1366286.0757535116  103723.19427989301    0
5090    1366307.8362706541  103686.20347999925    0
5091    1366315.6556532281  103702.65291927621    0
5092    1366333.2438858736  103724.14876949909    0
5093    1366340.9062799315  103680.56659143908    0
5094    1366260.0224571272  103664.46167202892    0
5095    1366314.7925315441  103734.15773187854    544
5096    1366297.8375102789  103753.7005433634    0
5097    1366309.9835602804  103747.11190193615    0
5098    1366340.8088448667  103782.11836928195    544
5099    1366296.4778742781  103736.70423671449    0
5100    1366312.6851840161  103766.58214047378    0
5101    1366283.2477975301  103746.31512553249    0
5102    1366265.4174052775  103743.1281207178    400
5103    1366273.0381380334  103730.3543190174    0
5104    1366241.5368130046  103763.28120152082    0
5105    1366244.9507906262  103743.1013157284    0
5106    1366321.8988623421  103668.88009769442    0
5107    1366332.1367404258  103766.13149014747    544
5108    1366350.8779396175  103745.61976400464    0
5109    1366352.1645392098  103765.6129203404    0
5110    1366286.4507435481  103789.47399281204    400
5111    1366352.1195006352  103641.02843668865    0
5112    1366386.9635901568  103753.33555602496    0
5113    1366367.5065492145  103788.32723710558    0
5114    1366279.4396307911  103774.02536878057    400
5115    1366286.1900289657  103761.64655461283    0
5116    1366296.7995578509  103775.46209461213    0
5117    1366255.5590385182  103794.17844958404    0
5118    1366258.9730161396  103773.99856379107    0
5119    1366316.7344124911  103792.47505369238    0
5120    1366309.9164550854  103780.27819761985    0
5121    1366325.1900473756  103779.74438948039    0
5122    1366293.4618563049  103804.92261684343    400
5123    1366309.5131012355  103806.95326728305    0
5124    1366301.9180810305  103792.75325621988    0
5125    1366269.5812640321  103825.07569764645    0
5126    1366272.9952416534  103804.89581185394    0
5127    1366333.8986299236  103810.07606209422    0
5128    1366344.5262772765  103853.90838301144    543
5129    1366319.771605914  103823.61906552639    0
5130    1366351.3396655126  103834.00025528121    543
5131    1366294.8539826598  103851.87405014344    401
5132    1366332.3312209512  103838.6147520924    0
5133    1366344.6190495791  103820.58020525695    0
5134    1366390.0379781127  103836.12444917377    0
5135    1366297.6634758608  103836.12264550911    401
5136    1366314.2895846746  103847.21441438493    0
5137    1366279.5255021721  103841.01373224257    0
5138    1366274.4108817684  103864.48024315601    0
5139    1366251.775986104  103847.25624514236    0
5140    1366332.6248149462  103825.61136612335    0
5141    1366369.7901228052  103851.43474424274    0
5142    1366311.0710053893  103834.03211968017    0
5143    1366309.6599926425  103870.76743719615    0
5144    1366306.5824930666  103857.93101390968    0
5145    1366337.7128890404  103873.81651074169    543
5146    1366292.0444894587  103867.62545477776    401
5147    1366322.138305037  103860.98867082829    0
5148    1366322.8644435266  103879.85473202151    0
5149    1366320.5378016005  103924.00062218208    543
5150    1366306.8255262049  103889.02323292449    0
5151    1366285.482699913  103904.41408349742    401
5152    1366358.8479965166  103869.92984631543    0
5153    1366331.5332670256  103851.75998665864    0
5154    1366300.8832070713  103918.01423949219    0
5155    1366246.3133569006  103908.2809092532    0
5156    1366351.5538411199  103889.6734355536    0
5157    1366397.1057734585  103880.07966662363    0
5158    1366315.3569519988  103939.1386140371    543
5159    1366277.9781072233  103946.48853166815    401
5160    1366344.7828602951  103940.75383523114    0
5161    1366296.3269051828  103941.08128845612    0
5162    1366346.4961241905  104004.67727872773    542
5163    1366328.3361132937  103979.47694230988    542
5164    1366329.386542124  103952.39566942029    0
5165    1366300.5727683415  103902.84610332471    0
5166    1366325.7186512025  103908.86263032697    543
5167    1366344.1735371081  103906.72311195392    0
5168    1366378.0880619388  103911.28151678866    0
5169    1366336.4772529271  103921.00021761218    0
5170    1366358.1920094613  103923.49292656696    0
5171    1366264.262060767  103889.77582190969    0
5172    1366374.7847777563  103887.03678489136    0
5173    1366291.7975917917  103959.80668917939    0
5174    1366238.8087642111  103950.35535742433    0
5175    1366256.7574680774  103931.85027008041    0
5176    1366293.9871946976  103928.63562429018    0
5177    1366306.8568081525  103929.44197985959    0
5178    1366365.0040291464  103972.1965523684    0
5179    1366290.0262074305  104023.61159133718    402
5180    1366319.2561078453  103966.87677410101    542
5181    1366282.1260091546  103995.56867354532    402
5182    1366304.9617353843  103986.74939362418    0
5183    1366347.9482189259  103960.94174746603    0
5184    1366370.1796640125  103946.64445239    0
5185    1366278.1759100165  103981.54721464937    402
5186    1366255.2947810125  103995.56038016951    0
5187    1366260.8066880652  103978.8733026116    0
5188    1366231.7627923943  103978.53367363967    0
5189    1366256.1314694637  103959.73637604073    0
5190    1366434.5440193918  103164.43720441365    0
5191    1366349.4809493078  103798.1052484165    544
5192    1366231.7750894965  103876.22268875463    0
5193    1366322.730497855  104002.65994683164    0
5194    1366286.0761082927  104009.59013244128    402
5195    1366296.5951138423  103999.05960118657    0
5196    1366263.1949792886  104023.60329796097    0
5197    1366300.1990310946  104013.17858579513    0
5198    1366268.7068863418  104006.91622040357    0
5199    1366297.9264057064  104051.65450912903    402
5200    1366310.1652498303  104033.07233145928    0
5201    1366293.9763065684  104037.63305023307    402
5202    1366271.0951775643  104051.64621575321    0
5203    1366276.6070846173  104034.95913819522    0
5204    1366316.0272545251  104017.69235513892    0
5205    1366333.525451442  104016.48438412134    0
5206    1366364.6561350874  104029.87761514558    542
5207    1366355.5761296391  104017.27744693671    542
5208    1366343.8893847193  104035.27094295227    0
5209    1366370.5849304025  103996.88999199426    0
5210    1366372.936070353  104014.33915383338    0
5211    1366402.6930506809  104001.446650382    0
5212    1366387.8862132181  104032.28087685924    0
5213    1366327.1524556624  104032.25216035673    0
5214    1366346.1840136657  104091.20518730953    403
5215    1366319.6225817483  104052.62279179008    0
5216    1366344.3389535004  104022.77092867051    0
5217    1366359.507699697  104052.73116395978    0
5218    1366301.8765048445  104065.67596802498    402
5219    1366326.0053088241  104085.45130711523    403
5220    1366278.9953758405  104079.68913354467    0
5221    1366317.813732554  104068.75329879843    0
5222    1366284.5072828936  104063.00205598728    0
5223    1366339.5370304412  104063.02264036669    0
5224    1366330.5194973936  104072.87848898328    0
5225    1366344.5960886492  104076.70457247978    0
5226    1366366.3627185072  104096.95906750382    403
5227    1366359.6049818797  104082.39823940973    0
5228    1366356.6441034235  104067.57425128824    0
5229    1366374.6741122464  104071.68070680756    0
5230    1366370.6096593998  104059.38967397944    0
5231    1366373.7361405357  104042.47778335444    542
5232    1366415.9957001049  104070.73025264745    541
5233    1366399.4059230443  104062.90410210534    541
5234    1366399.2067491144  104084.82278585438    0
5235    1366421.5744175138  104037.40807921019    0
5236    1366309.0632702026  104045.66807580573    0
5237    1366356.1956663004  104039.97833801979    0
5238    1366345.4733743945  104049.56951857815    0
5239    1366305.7159141209  104118.34564407574    0
5240    1366379.9885633707  104087.43362264242    0
5241    1366417.3148036201  104111.48785890503    403
5242    1366389.3397504168  104073.77287813857    0
5243    1366331.8967970288  104045.58287650371    0
5244    1366329.7774709843  104110.48246547801    0
5245    1366401.9281134845  104107.10040330161    403
5246    1366413.8871397786  104094.33450047062    0
5247    1366401.8437101191  104136.57048804281    0
5248    1366433.5515553779  104099.32421059109    0
5249    1366389.4177769481  104121.79973649285    0
5250    1366351.1494705661  104112.05149274881    0
5251    1366432.5854771654  104078.55640318958    541
5252    1366420.3414063214  104083.0147557108    0
5253    1366432.8829263819  104056.42939670438    0
5254    1366447.8496414453  104067.69609398003    0
5255    1366460.33903008  104035.53088834861    0
5256    1366482.3548083466  104102.03485481578    541
5257    1366474.7424056469  104075.17857721004    0
5258    1366465.765031286  104094.20870427365    541
5259    1366474.6942125042  104138.04251255791    404
5260    1366451.284546339  104103.4077797323    0
5261    1366467.2539409269  104112.5490093618    0
5262    1366484.5758237611  104121.32609499566    0
5263    1366432.7014937557  104115.87531450846    403
5264    1366432.6170903903  104145.34539924967    0
5265    1366420.1911572195  104130.5746476996    0
5266    1366369.4462757898  104151.21286388261    0
5267    1366461.3911981978  104129.15264133495    404
5268    1366455.5063680019  104152.35724971576    0
5269    1366446.7091423066  104136.72480946676    0
5270    1366498.9445854072  104109.8610053579    541
5271    1366501.9609392774  104081.97049843748    0
5272    1366514.9256622761  104097.48099371471    0
5273    1366487.9972268105  104146.93238378085    404
5274    1366472.7135288557  104155.40486337696    0
5275    1366505.2183579109  104135.5606832395    0
5276    1366486.8994221794  104162.97357348273    0
5277    1366498.1960483466  104123.65934886967    0
5278    1366537.0520920658  104179.71378391575    404
5279    1366466.3892404528  104184.33689388144    0
5280    1366519.1761665915  104167.76801945982    404
5281    1366501.6627688184  104174.62762176458    0
5282    1366517.5861472713  104189.49522392846    0
5283    1366338.2107546949  104141.95162559593    0
5284    1366535.9391300788  104066.74286873097    0
5285    1366546.6864714823  104138.56288592145    540
5286    1366490.4026002567  104202.64826077469    0
5287    1366541.192478518  104212.21373498876    0
5288    1366538.4131663931  104158.32917816845    0
5289    1366518.9694774423  104148.7294521908    0
5290    1366545.4861512312  104106.67262426342    0
5291    1366562.2625259897  104149.0007509322    540
5292    1366554.9280175401  104191.65954837168    404
5293    1366569.2410414324  104121.74623225216    0
5294    1366559.1864527948  104170.43179392042    0
5295    1366580.2006120232  104139.07311192634    0
5296    1366531.1104169749  104128.12502091069    540
5297    1366532.5332123432  104142.84256244173    0
5298    1366608.9906895119  104180.31434596449    540
5299    1366572.8351037339  104184.21082136962    0
5300    1366545.990054803  104185.68666614371    404
5301    1366547.5404992129  104173.69261341884    0
5302    1366543.5912666605  104198.95020056622    0
5303    1366555.6912610217  104180.84348180072    0
5304    1366536.139213318  104190.75376825062    0
5305    1366530.440776923  104203.42054189654    0
5306    1366550.4294379922  104161.58334382834    0
5307    1366557.1854699205  104207.62930486491    0
5308    1366520.2287221146  104226.87693933738    0
5309    1366603.9828827954  104224.44094850658    405
5310    1366510.6782059809  104208.76781932301    0
5311    1366557.3159041386  104238.27268175445    0
5312    1366569.447235391  104222.89907842918    0
5313    1366605.4366044861  104110.98137680897    0
5314    1366519.0399895175  104134.8918260104    0
5315    1366605.1983094099  104152.29212297953    0
5316    1366572.1995866443  104171.19105747917    0
5317    1366593.4146350045  104169.87648095374    540
5318    1366591.6730528492  104189.31611045374    0
5319    1366493.3687219839  104229.46958721337    0
5320    1366585.6227380545  104248.13641617986    0
5321    1366609.6473173881  104202.73632722974    0
5322    1366588.3934129048  104214.02313066703    405
5323    1366580.5986779598  104208.81422174737    405
5324    1366582.7578833092  104197.14656795887    0
5325    1366579.2786887328  104219.22605261038    0
5326    1366589.2042876284  104204.37315083093    0
5327    1366572.1424540805  104213.03174822239    0
5328    1366590.3291727388  104227.99954901093    0
5329    1366599.9526986838  104210.13538351071    0
5330    1366578.351828709  104231.73941840955    0
5331    1366601.0397195157  104241.12127544587    0
5332    1366619.5723526857  104234.85876634602    405
5333    1366605.7671380648  104271.95890091636    0
5334    1366671.2949075415  104222.06580600752    539
5335    1366617.3002788296  104255.13188690001    0
5336    1366638.5490972111  104223.33465071573    0
5337    1366624.5667440193  104190.75221097525    540
5338    1366631.9163140117  104162.9439807951    0
5339    1366642.6225375116  104180.64892131773    0
5340    1366666.3407623568  104266.11221986433    405
5341    1366621.5113430796  104216.66515233665    0
5342    1366626.8671939971  104204.16005976513    0
5343    1366655.7188530341  104211.62794099675    539
5344    1366657.0437520328  104192.81011294313    0
5345    1366672.5466327122  104203.35717265321    0
5346    1366671.3915826599  104161.16468211301    0
5347    1366698.9234716832  104214.51813979897    0
5348    1366675.6279897897  104182.16076282987    0
5349    1366655.4831175425  104237.18125246932    0
5350    1366663.5068802878  104216.84687350213    539
5351    1366661.7421040845  104227.90075044111    0
5352    1366664.1327428732  104207.49255682497    0
5353    1366654.978497274  104221.15311176424    0
5354    1366671.9210355417  104212.71150708829    0
5355    1366656.3153420852  104202.21438292008    0
5356    1366685.7352105356  104208.9372820243    0
5357    1366664.7582227082  104198.13798365821    0
5358    1366648.5344054454  104196.88136406816    0
5359    1366686.8709620489  104232.50367101829    539
5360    1366666.3731991251  104187.55057955165    0
5361    1366632.354771273  104195.97114348062    540
5362    1366649.2415579371  104187.43104383261    0
5363    1366680.7894778107  104218.00321870898    0
5364    1366633.5946407653  104185.70056614645    0
5365    1366657.9130433975  104172.3471157913    0
5366    1366657.8365344871  104183.31223326628    0
5367    1366645.8889423697  104215.65525686914    0
5368    1366672.1996437651  104241.70441267277    0
5369    1366675.7435460177  104192.99973732293    0
5370    1366622.6615276027  104176.75456920687    0
5371    1366665.8513979507  104177.88533117498    0
5372    1366634.8440545837  104212.44607679137    0
5373    1366694.9002795711  104187.37540076228    0
5374    1366633.4082102589  104174.77460147512    0
5375    1366674.4815160448  104171.46665525332    0
5376    1366644.6203654646  104167.35131873333    0
5377    1366691.1991057619  104160.83806920053    0
5378    1366687.785697798  104175.44887387897    0
5379    1366646.0813340661  104142.62687115918    0
5380    1366612.452383735  104165.57812662741    0
5381    1366656.2400355323  104156.61631612228    0
5382    1366706.8055295458  104172.18820210022    0
5383    1366620.5939603203  104152.50953580822    0
5384    1366670.9015664093  104135.28637709099    0
5385    1366613.1887178693  104131.68215412668    0
5386    1366650.7512924664  104255.69440202489    405
5387    1366664.056786031  104252.65688094415    0
5388    1366680.9473377643  104256.71131069076    0
5389    1366640.0781103082  104288.53914044918    0
5390    1366633.8802534288  104264.06748998264    0
5391    1366689.1808251024  104245.89747301028    0
5392    1366733.5991255711  104263.81726605055    539
5393    1366699.8577296059  104262.56804482099    0
5394    1366681.9302322473  104276.53003770388    405
5395    1366689.7249671924  104281.73894662355    405
5396    1366691.6147280466  104270.47449597348    0
5397    1366684.3883761133  104298.16131583593    0
5398    1366698.2740721356  104277.38243071956    0
5399    1366680.1087339136  104287.69233869819    0
5400    1366728.6986419186  104307.7834912223    406
5401    1366663.6899465874  104300.5134522775    0
5402    1366668.31079853  104280.03734628046    0
5403    1366713.109172028  104297.36567338275    406
5404    1366711.2858162734  104283.22105090665    0
5405    1366651.4922565515  104275.31480688867    0
5406    1366730.7052913858  104287.90755802368    0
5407    1366702.4359898698  104330.21041180751    0
5408    1366642.9385521067  104235.24469166592    0
5409    1366722.9323910661  104197.08991809169    0
5410    1366719.1229721648  104138.84725156969    0
5411    1366638.5420646009  104110.38581662813    0
5412    1366718.0230710637  104253.3794010398    539
5413    1366714.1006512928  104268.17519802228    0
5414    1366725.3008289232  104225.67833355011    0
5415    1366736.05582331  104243.31049501372    0
5416    1366749.0023242179  104299.79406469094    0
5417    1366676.7902011317  104323.54610002739    0
5418    1366725.8867771965  104275.10978026123    0
5419    1366749.1751800785  104274.25513106131    539
5420    1366750.497507656  104255.44114024799    0
5421    1366766.0029394662  104265.98439299669    0
5422    1366764.7809530459  104223.77469526103    0
5423    1366800.4723195895  104308.63049983008    538
5424    1366769.0891456103  104244.77250883493    0
5425    1366795.5481244563  104277.35729713352    0
5426    1366782.6117770877  104296.66174795108    538
5427    1366744.2881118089  104318.20130906174    406
5428    1366733.6149296507  104351.04604748603    0
5429    1366725.0556452514  104330.10809321077    0
5430    1366744.309412115  104286.99224973872    0
5431    1366786.0127677964  104258.06525235786    0
5432    1366766.1507077967  104301.91531393112    0
5433    1366791.05652148  104349.45476258005    406
5434    1366758.2693446297  104314.15259571884    0
5435    1366779.4279319192  104319.12306515175    0
5436    1366795.644449224  104228.38319718631    0
5437    1366818.3328620913  104320.59925170908    538
5438    1366791.5420483386  104302.64612389058    538
5439    1366790.178908468  104314.33563997444    0
5440    1366793.5450863976  104290.00171051205    0
5441    1366781.8585284897  104307.44114499283    0
5442    1366801.3175575486  104297.71383033805    0
5443    1366805.7669163635  104285.45694569882    0
5444    1366816.272730076  104304.36281147301    0
5445    1366802.6480423  104324.69444818498    0
5446    1366780.8799737357  104281.51453320745    0
5447    1366815.0159628952  104263.29202238611    0
5448    1366775.4670515896  104339.03694474061    406
5449    1366789.6625305715  104327.64131040782    0
5450    1366798.8417610044  104338.00597839369    0
5451    1366813.7324449453  104335.06385419589    0
5452    1366806.6459913705  104359.87258041959    406
5453    1366838.5174233913  104309.78925111002    0
5454    1366764.7938694314  104371.8816831649    0
5455    1366823.6428792123  104351.31116932437    0
5456    1366756.2345850321  104350.94372888964    0
5457    1366787.4135248128  104371.77936456871    0
5458    1366805.1635414669  104378.96408894873    0
5459    1366831.8561315644  104283.33133589773    0
5460    1366853.9780370807  104390.02463256854    407
5461    1366862.7765376191  104350.38195987316    538
5462    1366783.5519988381  104406.83760965323    0
5463    1366826.2218945459  104399.27434017217    0
5464    1366838.1067491709  104380.15751541384    407
5465    1366855.671427126  104369.60274355835    0
5466    1366849.4849711061  104341.47498173063    538
5467    1366852.4255102496  104322.71616488663    0
5468    1366864.0273316714  104334.14468949618    0
5469    1366868.3873188451  104291.59750677261    0
5470    1366886.2955578386  104344.02687280963    0
5471    1366872.8797970621  104313.55485413468    0
5472    1366838.9578624554  104361.68141453569    0
5473    1366837.1316292277  104347.88457419656    0
5474    1366876.0681041321  104359.2889380157    538
5475    1366872.9110796102  104378.37080828581    0
5476    1366909.5578775322  104294.61225589873    0
5477    1366927.4431985652  104387.53716531664    537
5478    1366869.8493249908  104399.89174972336    407
5479    1366860.2932922365  104432.96072341013    0
5480    1366851.0805642023  104412.38329247302    0
5481    1366908.401434605  104377.86654073739    537
5482    1366821.758910374  104437.86193141191    0
5483    1366917.4631887209  104429.49310118782    407
5484    1366890.8097691694  104388.92285491675    0
5485    1366908.825499072  104353.44931610186    0
5486    1366909.54157628  104399.20379428161    0
5487    1366878.0663191832  104390.08250362045    0
5488    1366926.4212409155  104365.96720370928    0
5489    1366896.2135765855  104401.28223894158    0
5490    1366901.5919008108  104419.625984033    407
5491    1366916.3365602323  104413.60722055343    0
5492    1366942.2326337337  104419.75355865958    0
5493    1366928.3210225801  104420.74017172861    0
5494    1366946.4849625253  104397.20778989588    537
5495    1366933.3344766307  104439.36021834252    407
5496    1366930.1222714952  104404.07944295037    0
5497    1366892.0358680566  104452.69495771977    0
5498    1366882.8231400223  104432.11752678259    0
5499    1366914.5657158422  104451.85176109211    0
5500    1366932.4833409374  104458.42733866956    0
5501    1366939.8141314571  104328.51586369096    0
5502    1366956.0058445055  104402.04310218555    537
5503    1366955.1248863635  104415.56885065635    0
5504    1366959.8170783047  104382.74754878132    0
5505    1366946.8705519303  104408.2396664111    0
5506    1366966.0749792242  104394.00777340763    0
5507    1366982.9073007093  104377.28412910877    0
5508    1366994.0580866151  104421.36846241007    537
5509    1366979.7924065501  104414.12343844255    537
5510    1366977.5141757389  104400.94204821395    0
5511    1366993.4072317476  104404.98271776296    0
5512    1366953.5407309353  104432.63996946103    0
5513    1367016.6259375659  104412.26625078039    0
5514    1366968.0758699775  104425.37973040836    0
5515    1366984.8477884894  104460.76237668894    408
5516    1366967.0267765149  104454.99485609311    408
5517    1366966.370491076  104440.14546316284    0
5518    1366982.7940648498  104434.5609672453    0
5519    1366965.7130595508  104489.47035440327    0
5520    1367008.32376668  104428.6134863776    537
5521    1367002.6688004637  104466.52989728471    408
5522    1367007.5152372613  104447.87280458504    0
5523    1366979.1247233073  104448.02977063305    0
5524    1366993.3017713784  104444.65783525899    0
5525    1366951.7841044581  104471.67680093301    0
5526    1367001.3550834996  104501.00539559442    0
5527    1366987.4261284068  104483.21184212438    0
5528    1366911.8678433259  104486.90255630386    0
5529    1367063.6247330061  104448.18881216903    536
5530    1367056.1318363864  104483.83245907201    408
5531    1366938.3936274638  104496.50762075768    0
5532    1367024.9419189112  104454.27400630667    0
5533    1367043.1070898753  104442.02366125699    536
5534    1367038.3108244122  104478.06493847625    408
5535    1367052.5541157112  104464.47097159066    0
5536    1367036.9971074481  104512.54043678596    0
5537    1367023.0681523553  104494.74688331592    0
5538    1367038.7748434716  104419.21742357622    0
5539    1367084.142376137  104454.35396308106    536
5540    1367037.4455192068  104462.89950242678    0
5541    1367053.3659114407  104445.10623671301    536
5542    1367045.1648631843  104453.78736890838    0
5543    1367052.8031208857  104428.36722138899    0
5544    1367061.5589362849  104436.45180646083    0
5545    1367071.5127676523  104416.88786865761    0
5546    1367077.3538954817  104439.72208131432    0
5547    1367054.5918563807  104410.29594104624    0
5548    1367099.0017314744  104438.56924264916    0
5549    1367034.6853506786  104393.48527272826    0
5550    1367074.73798118  104383.59579707835    0
5551    1367069.9420404267  104464.38876005789    0
5552    1367087.984450737  104474.85583192266    0
5553    1367105.1224803436  104403.0263191517    0
5554    1367073.9528483609  104489.59997966785    408
5555    1367067.9846516203  104477.62480349296    0
5556    1367074.435360566  104518.52532501325    0
5557    1367059.3482648719  104504.31030016334    0
5558    1367105.1643683459  104477.97208630184    0
5559    1367054.2249087421  104524.86181247323    0
5560    1367075.5629788965  104557.52112444231    0
5561    1367023.7686080551  104549.24126375237    0
5562    1366303.628793234  103970.71332869683    0
5563    1366292.4293119318  103979.7176772018    0
5564    1366458.2163697924  103211.55776985665    0
5565    1366331.9869012169  103794.77071168058    0
5566    1366318.6026456363  103989.39262147753    0
5567    1366337.416118742  103992.07711051875    542
5568    1366344.7608507115  103977.21258076707    0
5569    1366352.9079897502  103990.48499651608    0
5570    1366389.4077459229  103979.65851307027    0
5571    1366435.4291609586  104177.03122532996    0
5572    1366631.9683247798  104333.7975581394    0
5573    1366858.9602219125  104243.45870572836    0
5574    1366907.9003101562  104324.01471147966    0
5575    1366964.3262365155  104350.27956951334    0
5576    1366434.6747551404  103967.00140135946    0
5577    1366677.7991091744  104372.34116453846    0
5578    1366399.1984626218  114759.23389250305    243
5579    1366382.1793070436  114743.26638418436    244
5580    1366374.1793070436  114768.84706500976    0
5581    1366374.1793070436  114717.70877088509    0
5582    1366390.1793070436  114726.7313582479    0
5583    1366426.9948721826  114749.44345665431    0
5584    1366395.6662136426  114698.30336562985    0
5585    1366417.4332122204  114723.74813341082    0
5586    1366339.179176867  114743.26638418436    244
5587    1366312.1790466905  114818.26638418436    239
5588    1364780.0516545551  118259.90175245097    0
5589    1366399.2258636637  117458.58131252145    0
5590    1372290.0149260445  107972.39490635871    456
5591    1371576.798596397  118604.4275343448    0
5592    1371696.7204222253  118547.73983010493    0
5593    1371673.5676503633  118618.42638669207    0
5594    1373677.4696174406  117385.06830015979    0
5595    1371804.9666483547  107972.04850585875    452
5596    1372382.0071367552  107931.42258113067    457
5597    1372002.4252048356  107932.80668941561    454
5598    1371975.7323896778  107901.71411849938    491
5599    1371986.4274413264  107932.53917734281    454
5600    1371978.6700673378  107917.9627679984    0
5601    1371977.9543344644  107960.76504276224    0
5602    1371960.4926668524  107873.68665414536    0
5603    1371994.6581956099  107918.80648675059    0
5604    1371994.1326213349  107950.23689238058    0
5605    1371979.9703226434  107881.25279986348    0
5606    1372026.406492746  107890.21649371053    491
5607    1372018.731798064  107914.60555907286    0
5608    1372018.1238313727  107950.96319799438    0
5609    1371983.6441838606  107842.94121651789    0
5610    1372005.2295058083  107875.16079399674    0
5611    1372009.5151250567  107894.04903530677    491
5612    1372004.7069841633  107984.18060714693    0
5613    1372005.2306399927  107908.31446104261    0
5614    1372018.4229683448  107933.07420148842    454
5615    1372071.1217227825  107933.95542173058    454
5616    1372036.0140055262  107854.28142475002    0
5617    1372044.1986337425  107909.21734375779    0
5618    1372052.2276302171  107966.15677475279    0
5619    1372032.8974075087  107918.68055512465    0
5620    1372052.7712273181  107933.6485676459    454
5621    1372062.2339803483  107916.6085958302    0
5622    1372061.6746764998  107950.05609824168    0
5623    1372089.1197996298  107955.33762256724    0
5624    1372043.0040194839  107949.92297792436    0
5625    1372072.5903456795  107967.28270766693    0
5626    1372031.2698374626  107967.32723075779    0
5627    1372058.6165771543  107899.73580546213    0
5628    1372043.2978604354  107886.38395211424    491
5629    1372096.9382145351  107889.88100440492    490
5630    1372031.210249136  107872.24895923027    0
5631    1372078.5637213299  107886.2162074614    490
5632    1372049.239555794  107867.44330331781    0
5633    1372016.5382207674  107858.70035378978    0
5634    1372083.6640081345  107908.53973168922    0
5635    1372065.9591604406  107837.41711189403    0
5636    1372094.1084267013  107856.17369314801    0
5637    1372073.3474272976  107864.4743181932    0
5638    1372102.0304132889  107990.61232704982    0
5639    1372043.8236294473  108003.8943877581    0
5640    1372018.4425709934  107821.96569560726    0
5641    1372075.945853428  107920.53349663716    0
5642    1372089.4722182469  107934.26227581527    454
5643    1372098.9117030257  107918.61379254361    0
5644    1372097.4292138335  107904.28144831803    0
5645    1372115.3127077403  107893.54580134845    490
5646    1372112.9759171568  107909.91619387543    0
5647    1372110.0964137078  107871.80391208013    0
5648    1372127.753772707  107879.06426364704    0
5649    1372061.2341419705  107987.96705893087    0
5650    1372170.4361873558  107904.54019217896    490
5651    1372131.7956936485  107844.13246143027    0
5652    1372156.268406339  107879.78385709155    0
5653    1372072.8528947111  107899.2653649508    0
5654    1372144.5888159531  107941.95179377837    455
5655    1372079.3038810485  108025.19905808706    0
5656    1372126.2057648322  107938.26046183915    455
5657    1372119.4789139351  107924.14057044644    0
5658    1372138.7028118176  107923.64443584072    0
5659    1372129.1206137396  107971.36434833291    0
5660    1372113.0618197699  107956.09807847632    0
5661    1372128.7796677491  107911.83451871706    0
5662    1372152.0616941506  107900.87539523543    490
5663    1372157.8811476913  107919.59317417555    0
5664    1372180.6101285175  107925.78813354261    0
5665    1372170.6627251925  107917.49143569691    0
5666    1372188.8106805608  107908.20498912243    490
5667    1372162.971867074  107945.64312571757    455
5668    1372166.3947146675  107931.45183420673    0
5669    1372184.9194821208  107879.81935933276    0
5670    1372165.6196794207  107980.07687005833    0
5671    1372149.8279220117  107963.48074235469    0
5672    1372201.5969483058  107891.99267992089    0
5673    1372214.8381544058  107856.34147283334    0
5674    1372234.70825086  107893.40789509809    0
5675    1372218.1210204368  107956.71712153518    455
5676    1372199.7379693158  107953.02578959598    455
5677    1372193.3597295156  107937.16979434717    0
5678    1372202.3857816625  107987.45953393674    0
5679    1372195.6168319732  107921.97567996556    0
5680    1372227.5659518065  107917.83015277806    489
5681    1372213.2068933698  107932.35340771719    0
5682    1372186.4937270863  107971.36289205057    0
5683    1372210.8083525733  107945.51463324143    0
5684    1372228.5172225176  107941.94277889408    0
5685    1372236.5040715577  107960.40845347439    455
5686    1372249.2988224165  107944.30984459932    0
5687    1372239.1518839044  107994.84219781515    0
5688    1372223.2598293282  107978.74555592898    0
5689    1372237.7563408269  107920.81033613415    489
5690    1372239.3968130036  107934.11344745845    0
5691    1372236.2322958435  107907.10911561611    0
5692    1372229.9697250919  107928.52324508435    0
5693    1372245.5697397168  107913.00584531251    0
5694    1372247.9670606875  107898.86843459483    0
5695    1372268.3275078875  107929.7508862023    489
5696    1372261.5383533794  107915.14057856001    0
5697    1372220.7155202436  107903.42937486905    0
5698    1372251.0176859221  107872.6339526825    0
5699    1372284.1353976384  107913.52268170856    0
5700    1372218.4603096461  107885.50090103771    0
5701    1372203.7817425446  107872.51957371208    0
5702    1372272.4510243614  107968.24734588612    456
5703    1372267.5243817407  107949.84728059804    0
5704    1372273.8804946577  108001.4570785161    0
5705    1372284.8338669206  107955.07223258186    0
5706    1372259.1154631323  107985.4569891666    0
5707    1372304.73080552  107958.55737498665    0
5708    1372258.1371188671  107926.7707028462    489
5709    1372260.1548208091  107938.78392103387    0
5710    1372271.3228045725  107893.18471466086    0
5711    1372182.7946552772  107846.30948394825    0
5712    1372278.5178969079  107932.73106955839    489
5713    1372280.7014661813  107944.17712377237    0
5714    1372276.2314527631  107921.63678395546    0
5715    1372286.2032465313  107925.36442825264    0
5716    1372304.0650467477  107940.20234377529    489
5717    1372299.4022026963  107927.64552386053    0
5718    1372272.5360810854  107910.13045693054    0
5719    1372315.7594427997  107928.71559262695    0
5720    1372262.3486120591  107902.34355143605    0
5721    1372281.5102735986  107900.97162015537    0
5722    1372257.9486787913  107889.05626808883    0
5723    1372290.2205743818  107879.01859520534    0
5724    1372330.6547087482  107895.95617098923    488
5725    1372305.0724053362  107902.59353019288    0
5726    1372269.8036053237  107874.37916817779    0
5727    1372263.5044312498  107840.20430773523    0
5728    1372322.4886729568  107962.65892720332    0
5729    1372334.7785683875  107949.18452549721    489
5730    1372345.0187983611  107938.51576437675    488
5731    1372361.5067773021  107924.5076293959    0
5732    1372361.6251156789  107941.35439797632    0
5733    1372360.2705327764  107988.98514824893    456
5734    1372338.5091475244  107964.92911643593    0
5735    1372368.9158932958  107959.6710350833    0
5736    1372355.1238706252  107970.46171577739    0
5737    1372307.5788277276  107976.54246683129    456
5738    1372309.0082980238  108009.75219946084    0
5739    1372294.2432664982  107993.75211011157    0
5740    1372285.1987824556  107853.87353240582    0
5741    1372351.7621240239  107904.09272672008    0
5742    1372378.8190098465  107915.7434278751    457
5743    1372402.2451039881  107882.29679764929    458
5744    1372371.0854833419  107835.33984768152    487
5745    1372408.2078866714  107917.93133499102    0
5746    1372388.9379934629  107891.18053613437    458
5747    1372404.5917801075  107900.22027420774    0
5748    1372346.2463166621  107851.94813863226    487
5749    1372379.9340551123  107863.2850275925    0
5750    1372424.493822  107867.44370147403    458
5751    1372388.3928581353  107875.95561970041    0
5752    1372374.5738864045  107884.07263214453    0
5753    1372402.9897110411  107857.05204140517    0
5754    1372437.7966582715  107902.66544522381    0
5755    1372422.1245338311  107888.80939394809    0
5756    1372385.195263664  107947.10173438631    457
5757    1372400.8153567258  107935.76191034667    0
5758    1372400.7517907808  107952.10224787147    0
5759    1372410.7582320133  107976.19417445353    0
5760    1372429.7504844347  107944.04476399388    0
5761    1372379.8266072359  107993.60314275215    456
5762    1372392.2102092335  107981.60111593842    457
5763    1372381.0939409032  108023.04608560722    0
5764    1372375.148890845  107976.38704214814    0
5765    1372342.7066310933  107984.83758777635    456
5766    1372344.1361013895  108018.04732040633    0
5767    1372329.3710698641  108002.0472310566    0
5768    1372351.0765472583  107916.95313420928    0
5769    1372335.2784881315  107909.6560416923    488
5770    1372363.2288233268  107911.15248363999    0
5771    1372319.922010096  107907.20872443513    0
5772    1372349.501635409  107878.51062609231    0
5773    1372443.5466139193  107880.37072106278    0
5774    1372365.8787628091  108008.95225660765    0
5775    1372344.3571694111  107891.85612310364    0
5776    1372326.0309293652  107882.2563002862    488
5777    1372360.0522183527  107890.24200076645    0
5778    1372333.8267333219  107860.25228410774    487
5779    1372316.4249984312  107893.12856362114    0
5780    1372312.8959825588  107842.38786172951    0
5781    1372302.3803702749  107887.82379395759    0
5782    1372330.9193961765  107842.46473960702    0
5783    1372305.0105116211  107871.39281191795    0
5784    1372322.0439726363  107810.47576037853    0
5785    1372349.3800501823  107829.75618422337    0
5786    1372364.4585053571  107870.37946687199    0
5787    1372351.7142077452  107864.75874954616    0
5788    1372358.665900002  107843.64399315689    487
5789    1372372.1527506805  107850.3754051913    0
5790    1372395.9246500218  107818.73155673078    487
5791    1372388.5254244364  107849.30664935714    0
5792    1372404.435268529  107836.974000252    0
5793    1372367.7228007184  107803.4319288851    0
5794    1372383.5050666819  107827.03570220615    487
5795    1372369.4041420303  107819.3858882833    0
5796    1372382.4922514046  107812.08158256554    0
5797    1372398.7656565253  107796.10180320185    0
5798    1372353.4029933254  107813.00662720787    0
5799    1372343.5895982331  107782.83420989246    0
5800    1372408.3442333618  107810.4274112554    487
5801    1372440.0897863884  107810.98166599452    486
5802    1372424.0464745904  107820.47213561671    0
5803    1372441.72771613  107832.05609740375    0
5804    1372410.5274776595  107824.30998283315    0
5805    1372421.5507060818  107837.41024809598    0
5806    1372391.6447778321  107836.90215629141    0
5807    1372446.1303013903  107772.29285301847    0
5808    1372459.334415501  107838.63588693348    0
5809    1372478.7417257619  107828.69846642351    486
5810    1372463.2198334378  107860.00248044192    459
5811    1372478.491036583  107848.07438564891    0
5812    1372463.9524033447  107880.39513056962    0
5813    1372434.2973461084  107844.7503014672    0
5814    1372421.2925081591  107852.59648150161    0
5815    1372459.4784168259  107794.19286653274    0
5816    1372487.8470970646  107893.33865107957    0
5817    1372476.9672466998  107807.05927129334    0
5818    1372496.0792923062  107816.38437996471    0
5819    1372491.0314179945  107769.62319812711    0
5820    1372527.1573911461  107850.89064345653    486
5821    1372495.7729358426  107792.76440098575    0
5822    1372521.5755714437  107824.66952335098    0
5823    1372413.3694629939  107874.87024956172    458
5824    1372440.4581131076  108013.96607992386    0
5825    1372336.6917454493  107873.65032536276    0
5826    1372288.9721571757  107823.83472516012    0
5827    1372416.8796108244  107773.11982250494    0
5828    1372534.4251457064  107772.78839643723    0
5829    1372553.6222103061  107831.55227147407    0
5830    1371941.1273477771  107945.13142631752    453
5831    1371955.7785127973  107938.70154579377    453
5832    1371941.9496542991  107909.37920169192    491
5833    1371957.2368056457  107922.11736348482    0
5834    1371956.4695175507  107960.18313074097    0
5835    1371942.876879469  107929.2108626158    0
5836    1371926.7099314735  107881.35173733751    0
5837    1371946.1875872647  107888.91788305608    0
5838    1371921.6459619154  107934.93418017289    0
5839    1371933.7077435183  107968.03918534583    0
5840    1371966.1803565237  107998.56074020044    0
5841    1371930.4035474542  107925.18065262241    0
5842    1371926.4761827569  107951.56130684128    453
5843    1371890.8063556282  107917.39026929218    492
5844    1371907.9323211189  107915.3010062902    492
5845    1371901.5662141743  107934.35371964396    0
5846    1371895.7130781705  107886.37478873871    0
5847    1371914.3515676726  107896.68388534858    0
5848    1371911.3309807756  107944.16067721395    0
5849    1371873.900838057  107974.63477468152    453
5850    1371892.8629278969  107966.31298102326    453
5851    1371895.7304869718  107949.92919805007    0
5852    1371876.6014731871  107955.02399470632    0
5853    1371881.7244985292  107935.80053106509    0
5854    1371912.5179157881  107985.33449276772    0
5855    1371845.1650565718  107960.68617488156    0
5856    1371862.2324597971  107940.90030210248    0
5857    1371873.6803901372  107919.47953229418    492
5858    1371861.7550683257  107892.96262522256    0
5859    1371880.0753748571  107900.66353388636    0
5860    1371891.0214138497  107987.88135954319    0
5861    1371861.8059482209  107962.97782144735    0
5862    1371854.9387482172  107982.95656833975    453
5863    1371840.6721720388  107923.50633293626    492
5864    1371834.9974915003  107943.05345782029    0
5865    1371830.7145985984  107907.94601755649    0
5866    1371846.9069312355  107908.5502469783    0
5867    1371906.2845570168  108024.71529392961    0
5868    1371840.5708574746  107975.98226843977    0
5869    1371820.471653366  107981.66343392836    452
5870    1371826.1361098569  107963.30879233424    0
5871    1371811.1795408397  108013.95699453828    0
5872    1371802.1629126512  107993.87892889537    0
5873    1371871.6389287792  107995.24523806233    0
5874    1371848.1644839402  107936.27867276828    0
5875    1371811.5698528506  107944.87026728083    0
5876    1371771.0783552243  108019.90195611032    0
5877    1371778.7100520632  107979.77156258421    0
5878    1371888.5231308925  108010.49590765446    0
5879    1371852.6645984054  108003.53914036506    0
5880    1371822.8471746582  107938.333255737    0
5881    1371808.9076668236  107927.38140821646    492
5882    1371815.1424260202  107912.42532225857    0
5883    1371832.9581827631  108012.87398556885    0
5884    1371859.3594959604  108043.14060156269    0
5885    1371823.7658325331  108047.54052406744    0
5886    1371812.1328906941  107959.39833663289    0
5887    1371789.4616433433  107962.43357778912    452
5888    1371789.2041778383  107945.6567884644    0
5889    1371883.3204078791  108035.19721161078    0
5890    1371913.3840308876  108070.66535415412    0
5891    1371880.8269654135  108067.78609598223    0
5892    1365965.7079999968  102264.69099999964    344
5893    1365081.6709541576  117902.46979154955    0
5894    1367687.7007476548  117221.09004589335    0
5895    1367614.0861245089  117213.8887291537    0
5896    1367617.4431004589  117244.74361082411    640
5897    1366561.9426412375  105611.58260690091    0
5898    1370240.9407946153  118358.00360433981    0
5899    1373455.6438206718  116864.21764635723    0
5900    1373538.7539468049  116840.96812657217    0
5901    1373596.2081965425  117380.1788986734    0
5902    1368785.190105146  105353.97714367007    0
5903    1373185.9655811137  116766.76366477694    0
5904    1374705.5705629359  119241.12398157574    739
5905    1374752.9199876899  119329.02507333289    172
5906    1374899.4679715512  119064.70012336259    0
5907    1374016.1023845198  107162.59918463451    0
5908    1367290.0374591711  104691.08942903248    0
5909    1373291.7355238725  106170.9648863225    193
5910    1365545.9328403315  113397.8340162494    293
5911    1367085.9033772449  104734.1158668515    0
5912    1366616.4762138529  105488.87350684288    0
5913    1368168.0713620505  105394.15388614315    0
5914    1369000.2319413407  105360.93597877382    0
5915    1366197.8693445683  102273.95451827983    0
5916    1364744.3929437131  118179.19572595133    0
5917    1366422.2816201139  117535.27065968093    0
5918    1368745.5084304763  105507.5154030431    0
5919    1368548.2697743557  105367.52766541792    0
5920    1368569.8669615632  105564.41697422063    0
5921    1368458.3807492608  105571.84718535384    0
5922    1376469.8656239111  118206.03746707499    0
5923    1369111.1001886714  105523.11257365448    0
5924    1369185.2221243293  105695.81126046758    0
5925    1368067.3991489226  116539.31176454575    0
5926    1368140.6157536318  116509.23480472837    0
5927    1365680.0973178854  113356.41549394531    0
5928    1363558.9677163826  98420.160234222596    0
5929    1374854.7997632732  119281.30965310938    172
5930    1374809.9181974637  119192.07920697151    739
5931    1368215.6560477368  117220.89842648771    0
5932    1368066.0952887468  105170.94237634876    0
5933    1367823.1131388173  105369.26141219735    0
5934    1366769.9403858234  105543.16612987805    0
5935    1366052.3544652681  102205.17163126907    345
5936    1366296.8651514212  102342.32952550694    0
5937    1368730.0712492452  105358.5216180425    0
5938    1369430.6068112561  105709.24340552696    0
5939    1369183.7804066467  105501.86039795494    0
5940    1368895.1655014663  105370.42791161998    0
5941    1367222.6573299845  104913.62917536771    0
5942    1367207.8891434851  104986.8371124301    0
5943    1366787.8014051982  105254.72836037146    0
5944    1368006.5012262806  105399.28049950405    0
5945    1366452.4939995825  102625.2567968896    0
5946    1366301.2428528278  102761.12037110658    0
5947    1366499.3655916806  102724.15491687412    0
5948    1366195.6209414145  102537.33696631371    0
5949    1370740.5772769505  107927.83024525423    0
5950    1369289.3099055446  105706.78281637917    0
5951    1363606.3654493464  98360.644140820164    0
5952    1374961.0714137494  119076.1794223859    0
5953    1376383.9173968893  118181.93224695048    0
5954    1367189.5944417575  105062.31091462351    0
5955    1367174.2209985398  105135.50453755425    0
5956    1367119.1443829667  105350.46808502667    0
5957    1367743.4515712806  105221.79737903377    0
5958    1367609.3480105184  105098.51255933214    0
5959    1367757.6475544267  104990.32881375734    0
5960    1367429.8914557211  104996.54648318123    0
5961    1366491.3190813074  103096.02502056368    0
5962    1370834.4711188932  107854.73242061739    0
5963    1373325.4949211697  116831.01792738261    0
5964    1375023.9384270418  119243.31001915156    174
5965    1374996.8488467003  119200.47973342883    0
5966    1366956.4320984192  105212.50714777435    0
5967    1367683.1539733561  104905.23564604839    0
5968    1367395.4310612318  104774.34078399153    0
5969    1367627.9167599811  104844.86144562616    0
5970    1367586.239076968  104772.26026700718    0
5971    1366285.3583999553  102998.99124008678    0
5972    1369485.0694749064  105742.51171603489    0
5973    1373831.8278132249  107123.33889332783    0
5974    1373785.6473061754  107170.60058239865    0
5975    1373750.5832609271  107422.8795704628    0
5976    1373695.8088977113  107417.66981583505    0
5977    1369577.1877686842  105554.66838127458    0
5978    1373562.7124390877  107464.86200490927    0
5979    1373574.4091420234  107490.091741892    468
5980    1373527.9151044623  107493.50406264342    477
5981    1373595.6935537083  107488.71425043167    0
5982    1373551.0774765271  107490.6445618084    0
5983    1373586.0432482518  107504.72941870046    0
5984    1373553.7156551043  107541.46349137685    468
5985    1373619.2588762736  107513.82916394534    0
5986    1373580.3055991477  107532.27192154533    0
5987    1373559.7114613394  107452.12535237361    0
5988    1373535.5229549247  107476.5363110715    477
5989    1373501.639886989  107471.53356673793    0
5990    1373520.6979703845  107459.6997693935    0
5991    1373551.0053279586  107475.09545453853    0
5992    1373564.8976625761  107479.17512811576    0
5993    1373542.4098754225  107515.67477329657    0
5994    1373540.6022803723  107501.03299086285    0
5995    1373520.3072539999  107510.47181421533    477
5996    1373528.6878166879  107524.41886298907    0
5997    1373486.4241860642  107505.46906988176    0
5998    1373505.4822694596  107493.63527253733    0
5999    1373542.5262084522  107530.99636006115    0
6000    1373560.6134840774  107524.33957488187    468
6001    1373546.8178261314  107558.58740787175    468
6002    1373488.9419448592  107560.03194826015    478
6003    1373526.1147622257  107547.67835078227    0
6004    1373575.0034543916  107559.9898535627    0
6005    1373540.2333481128  107545.98381431628    0
6006    1373531.5823681888  107562.40152931638    0
6007    1373515.0929906261  107602.47623552346    467
6008    1373510.2209924213  107561.9574835544    0
6009    1373527.5064938921  107589.09377994516    467
6010    1373560.1825111194  107573.9221936808    0
6011    1373507.3592412176  107582.85386410414    0
6012    1373545.0231442295  107617.79072455631    0
6013    1373548.4058555879  107596.03134860017    0
6014    1373500.8206741982  107543.73575702377    478
6015    1373520.6553276216  107574.03060984217    0
6016    1373489.4054110933  107601.26522659446    0
6017    1373498.6742552787  107571.02031051855    0
6018    1373477.0632155202  107576.32813949655    478
6019    1373491.5241720616  107585.37182011256    0
6020    1373479.1278035261  107591.80718166544    0
6021    1373446.3350282414  107618.48352514005    478
6022    1373473.1192461932  107608.64951124818    0
6023    1373502.6794873602  107615.85869110175    467
6024    1373455.7597572112  107605.55392793656    478
6025    1373428.126783726  107595.31128204093    0
6026    1373446.276705252  107588.74171088904    0
6027    1373485.9842568585  107615.37166159363    0
6028    1373465.4389775624  107656.00605783667    467
6029    1373477.8524808283  107642.62360225836    467
6030    1373472.1922248425  107626.0954230292    0
6031    1373460.3013988389  107618.76421892479    0
6032    1373456.4829634815  107638.2662675295    0
6033    1373523.578849056  107622.7962597568    0
6034    1373508.3899640802  107633.60428422873    0
6035    1373495.3691311658  107671.32054686951    0
6036    1373495.6532840063  107646.68696251007    0
6037    1373535.1440523861  107655.12597495186    0
6038    1373514.9984603673  107652.77926069331    0
6039    1373592.2911783203  107593.22946744304    0
6040    1373512.9524579546  107549.01275545418    0
6041    1373469.7668320956  107533.57723880869    0
6042    1373492.3475762056  107525.08203217032    0
6043    1373502.5214522281  107596.0958118891    0
6044    1373453.0254742964  107669.38851341498    467
6045    1373433.5149216291  107663.73919752565    0
6046    1373473.9248359923  107676.32608207001    0
6047    1373458.7359510164  107687.13410654197    0
6048    1373371.0833751061  107710.8916793117    466
6049    1373358.0145765916  107672.60543408287    479
6050    1373485.4900393223  107708.65579726509    0
6051    1373441.9393217927  107717.0813544855    0
6052    1373436.9102992716  107631.41312234357    478
6053    1373409.2773257864  107621.17047644795    0
6054    1373427.4272473124  107614.60090529604    0
6055    1373522.048239945  107679.90399024736    0
6056    1373571.3773693973  107610.74512487731    0
6057    1373466.4800113735  107556.13630187101    0
6058    1373443.7876881415  107649.91058717668    0
6059    1373405.8476730683  107696.83132415247    466
6060    1373392.7500734467  107658.47407681498    479
6061    1373425.5557071606  107559.85169255304    0
6062    1373423.2298220494  107689.80114657286    466
6063    1373407.1231009788  107674.98101236337    0
6064    1373421.6631814768  107710.93143360865    0
6065    1373382.0518782174  107684.479956157    0
6066    1373410.1178218741  107651.40839818107    479
6067    1373394.0231313801  107636.72512557617    0
6068    1373422.4858671795  107674.44711913819    0
6069    1373420.8991384767  107749.95039732128    0
6070    1373396.3634712046  107723.38921520526    0
6071    1373396.7111600582  107685.33563535224    0
6072    1373388.4655240872  107703.86150173208    466
6073    1373367.4665326353  107646.08239008485    0
6074    1373374.076126684  107601.90632244942    0
6075    1373444.5128622323  107541.416748207    0
6076    1373363.298641223  107692.17535152145    0
6077    1373375.3823250192  107665.53975544889    479
6078    1373376.2907366592  107697.13836370867    0
6079    1373323.2790797367  107686.73679135069    479
6080    1373336.3190771439  107724.9520344709    466
6081    1373369.2831009571  107680.06115755234    0
6082    1373340.6468281641  107679.67111271678    479
6083    1373339.7871726227  107702.43622519283    0
6084    1373319.4374549158  107652.4157252502    0
6085    1373341.5732874258  107657.07020671952    0
6086    1373353.701226125  107717.92185689131    466
6087    1373372.5990264821  107739.64294849832    0
6088    1373351.9293538528  107738.54470753028    0
6089    1373338.2418109616  107617.9499232883    0
6090    1373354.2268746337  107703.45575419586    0
6091    1373360.3173118988  107775.73545551783    0
6092    1373326.8608623014  107751.57417856237    0
6093    1373445.5782900199  107500.25292620035    0
6094    1373316.5163053987  107710.37682751505    0
6095    1373405.0490846722  107519.79962299556    0
6096    1373326.0763503076  107700.32435613696    0
6097    1373305.911331309  107693.80246998467    479
6098    1373284.7019580607  107666.5470825181    0
6099    1373306.8377905709  107671.20156398736    0
6100    1373318.9369281628  107731.98221205051    466
6101    1373667.9018863256  107446.52637844779    0
6102    1375104.472368259  119206.57037823001    0
6103    1367251.8739496211  104542.21334944203    410
6104    1367325.3884076891  104437.97068174894    0
6105    1369784.5678051917  105819.13373744168    0
6106    1367348.0276893221  104760.57291211467    0
6107    1369809.9428109599  105885.24669179488    0
6108    1369673.2495542166  105938.20661497647    0
6109    1369692.5448509534  105997.73925176579    0
6110    1369875.6635058692  105985.09898625975    0
6111    1369691.5192756017  106052.63333601956    0
6112    1369949.820722284  106133.1522493785    0
6113    1370042.6606149983  106322.21217302547    0
6114    1370150.8137200666  106415.14161721568    0
6115    1369877.5983645148  106458.07850494639    0
6116    1369923.7585818435  106463.1328448951    0
6117    1370161.194242222  106634.2881209449    0
6118    1370307.576876519  106522.08116146579    0
6119    1370379.2870314515  106587.20761132786    0
6120    1370389.933805183  106515.22538020108    0
6121    1369789.8224928547  106299.91514245069    0
6122    1369778.1007469967  106396.42718014338    0
6123    1370256.4230904484  106713.4003420837    0
6124    1370242.7453834745  106860.12127403876    0
6125    1371049.8905849305  107217.0648506181    0
6126    1370880.5965710746  107369.27013566476    0
6127    1370822.2619486579  107275.68894956143    0
6128    1371367.5539232402  107729.54214095665    0
6129    1370753.6290345839  107256.06617265051    0
6130    1371629.7515361246  107634.94064371791    0
6131    1371703.3853713686  107662.54037768368    0
6132    1370692.5940117501  107224.05142274639    0
6133    1370605.4232626548  107232.64946435693    0
6134    1370597.3820128848  107179.27180554873    0
6135    1371098.8366144167  107285.82872497644    0
6136    1371221.8218475231  107558.37240075057    0
6137    1370552.9771751156  107127.40775993552    0
6138    1370703.2347524974  106993.0681801965    0
6139    1371284.4126858017  107318.1390584715    0
6140    1370582.6870805435  106886.37621093458    0
6141    1370475.8679968345  107116.71922205848    0
6142    1370724.7041635932  107045.66392355584    0
6143    1366250.5063618107  103200.50967006139    0
6144    1366213.8886155561  103140.7060132828    0
6145    1366397.84119156  103337.79699215641    0
6146    1366401.0442944993  103254.17532406836    0
6147    1366373.8026051426  103708.8149242486    0
6148    1366240.2417896737  103819.7604460469    0
6149    1366185.3333971037  103951.9539512476    0
6150    1366219.0252783739  104020.91242994694    0
6151    1366496.7979906891  104044.72603030833    0
6152    1366577.3367922716  104082.73315019152    0
6153    1366458.3608618681  104219.76637059207    0
6154    1366511.3947715089  104275.78863373547    0
6155    1366742.8099646198  104166.54389318201    0
6156    1367169.3149135842  104395.73315080311    0
6157    1366964.5284754084  104541.41880415723    0
6158    1366467.7647618358  114719.64560966039    0
6159    1366312.1790466905  114775.26638418436    239
6160    1371615.0642927473  118487.85767479966    0
6161    1372376.038765009  107769.25195025328    0
6162    1372464.6253820763  107907.6802061128    0
6163    1372515.0697479323  107920.90503252158    0
6164    1372529.1290071425  107889.64998101411    459
6165    1372527.9360340484  107870.28085034156    0
6166    1372530.3380242505  107908.98344433935    0
6167    1372543.8144069633  107879.02418193991    0
6168    1372514.4449559539  107900.27278195278    0
6169    1372624.6255859006  107849.77958817841    485
6170    1372566.9459702866  107885.83409462872    0
6171    1372553.999127452  107887.12025628159    0
6172    1372562.0835939948  107904.4737313002    459
6173    1372557.1830307667  107937.38936458508    0
6174    1372547.3995428062  107915.09653223882    0
6175    1372533.0709600563  107928.22160948931    0
6176    1372508.6263623275  107861.34552200281    0
6177    1372541.7022389947  107857.55753186575    486
6178    1372540.389800726  107841.22145746528    0
6179    1372554.7512690881  107848.28841657739    0
6180    1372538.3620615541  107824.55751223708    0
6181    1372590.436336372  107857.00200422667    485
6182    1372529.7990693988  107799.17445269044    0
6183    1372573.3417116078  107860.6132122508    485
6184    1372556.9487278508  107804.15139255553    0
6185    1372577.23019413  107836.75378365583    0
6186    1372585.771568015  107877.18667496556    0
6187    1372566.9033049212  107872.4018887666    0
6188    1372511.1000814282  107956.47450417165    0
6189    1372496.1744202902  107874.82623072801    459
6190    1372492.5931198723  107856.9025358691    0
6191    1372512.6125432975  107844.22375504731    486
6192    1372636.4394056159  107914.33465731988    460
6193    1372582.3606241029  107894.5765376325    0
6194    1372607.5001465185  107913.11013188159    460
6195    1372593.03051697  107912.49786916246    460
6196    1372600.992423821  107895.62060413264    0
6197    1372599.179958846  107938.45466202681    0
6198    1372585.1234984035  107928.07795714925    0
6199    1372622.6555523027  107897.51541715168    0
6200    1372577.8066768097  107952.69836010515    0
6201    1372610.4992175528  107872.26998633058    0
6202    1372621.9697760672  107913.72239460074    460
6203    1372628.1192179432  107939.67918746552    0
6204    1372614.0627575007  107929.30248258747    0
6205    1372659.3633519143  107881.49006781356    0
6206    1372597.0275499024  107869.15662323515    0
6207    1372607.5309611363  107853.39079620254    485
6208    1372595.6045477616  107839.20051653116    0
6209    1372612.9415011774  107836.73643637662    0
6210    1372590.7073833114  107805.76022723981    0
6211    1372658.8148354292  107842.55717213015    485
6212    1372601.8899297416  107821.20132616184    0
6213    1372637.5534482864  107826.44388938385    0
6214    1372612.6810914769  107886.76886887041    0
6215    1372635.0759712765  107875.98514893882    0
6216    1372623.6714652348  107793.65720676884    0
6217    1372642.997307597  107894.90251403178    0
6218    1372631.8312008053  107888.46099071739    0
6219    1372646.3983377875  107882.36124105903    0
6220    1372650.5166274454  107861.80726387327    0
6221    1372665.3786647131  107915.55918275815    460
6222    1372641.7202106649  107846.16838015428    485
6223    1372676.9131641462  107861.77250080089    0
6224    1372650.9090351644  107914.94692003902    460
6225    1372658.7783794818  107900.25718910315    0
6226    1372657.0584770404  107940.90371290379    0
6227    1372643.0020165979  107930.52700802595    0
6228    1372684.3872841063  107891.66274292253    0
6229    1372673.8837960833  107902.81615823165    0
6230    1372635.284582383  107860.71544894073    0
6231    1372663.722680683  107867.70115675697    0
6232    1372676.202718715  107877.8297302492    0
6233    1372727.5835782704  107845.73133421227    484
6234    1372669.9990811076  107889.85480791584    0
6235    1372703.536799893  107870.9947838847    0
6236    1372690.8867621378  107878.47941963653    0
6237    1372731.3028452373  107915.62948785583    461
6238    1372709.7872336635  107895.99130250767    0
6239    1372537.0686526767  107953.99969737565    0
6240    1372611.8886913357  107980.68227598567    0
6241    1372669.1314904212  107806.86062060128    0
6242    1372675.9094601935  107838.94596410601    485
6243    1372663.9731629251  107824.7088963657    0
6244    1372682.0592841296  107820.26642192734    0
6245    1372649.8023813902  107810.94385931471    0
6246    1372699.3601748163  107790.6461093633    0
6247    1372705.9993058273  107814.38673484887    0
6248    1372652.9083515813  107777.85541649407    0
6249    1372695.7463076974  107901.69571248366    0
6250    1372734.6176095158  107876.50268651672    0
6251    1372712.8103845238  107916.20659802612    461
6252    1372723.0796720071  107948.70007433734    0
6253    1372704.197763944  107936.79804242591    0
6254    1372692.5396987675  107976.22147249337    0
6255    1372680.3889869503  107936.10526407907    0
6256    1372528.4715167857  108001.27221374078    0
6257    1372744.7653200668  107790.74707433683    0
6258    1372717.8459806698  107880.69646873514    0
6259    1372719.8051503897  107862.40358578239    0
6260    1372730.5482380472  107895.86174704613    0
6261    1372710.2938316141  107840.53304514708    484
6262    1372705.760908897  107855.5078436522    0
6263    1372691.9421178713  107861.42647511796    0
6264    1372724.4561091408  107824.78105152686    0
6265    1372686.7823261467  107848.14899360435    0
6266    1372756.3211661859  107891.17211421    0
6267    1372720.222886933  107904.76437499083    0
6268    1372725.0853848131  107802.07998049918    0
6269    1372750.6930463288  107831.57296430926    0
6270    1372749.7953059508  107915.05237768551    461
6271    1372758.7262540872  107904.66116911769    0
6272    1372744.3112367168  107901.30542399574    0
6273    1372805.2726880913  107913.32104717458    461
6274    1372792.8079629722  107865.3415235643    484
6275    1372779.4856204966  107894.00085028649    0
6276    1372760.0645934341  107947.54585399672    0
6277    1372741.182685371  107935.6438220853    0
6278    1372673.1830496122  107960.18611054371    0
6279    1372753.0524496501  107872.61818888941    0
6280    1372744.8733249267  107850.92962327745    484
6281    1372777.4855172776  107860.73471795347    484
6282    1372780.8817368834  107877.22371617501    0
6283    1372777.1132063707  107834.18806140248    0
6284    1372789.883059571  107847.2849061381    0
6285    1372741.7165404838  107864.50662595822    0
6286    1372802.8879067814  107887.38512968914    0
6287    1372766.1470460172  107879.87615723281    0
6288    1372806.7152257077  107818.09905681966    0
6289    1372813.299089208  107852.75706182109    0
6290    1372722.099560882  107774.1411513987    0
6291    1372786.7802273778  107913.8981573449    461
6292    1372795.6369786421  107901.1294430322    0
6293    1372797.0495148611  107946.39163365611    0
6294    1372778.167606798  107934.48960174469    0
6295    1372654.4351010707  108002.51779062161    0
6296    1372642.2737547238  107969.65032875421    0
6297    1372766.320228073  107808.46068747703    0
6298    1372808.1304086668  107869.94832917512    484
6299    1372823.7651488048  107912.74393700427    461
6300    1372814.0944853371  107899.43229401029    0
6301    1372834.0344362881  107945.23741331548    0
6302    1372892.3606711538  107858.78295289825    483
6303    1372909.8105814117  107907.76629977938    462
6304    1372815.152528225  107933.33538140406    0
6305    1372832.5048970256  107896.22606993961    0
6306    1372821.5976745442  107888.05605748248    0
6307    1372857.9067627576  107866.66904384211    483
6308    1372876.034095465  107909.96656330668    462
6309    1372857.4144945194  107891.93991355131    0
6310    1372845.8123358439  107899.03822880717    0
6311    1372840.6798085594  107870.61208931406    483
6312    1372859.1458524917  107911.06669507032    462
6313    1372844.9057859709  107884.52548677457    0
6314    1372842.3200830377  107838.1750183063    0
6315    1372869.5402041059  107940.45482508119    0
6316    1372851.9095666616  107930.15837816137    0
6317    1372875.1337169558  107862.72599837015    483
6318    1372889.543954286  107886.08021019994    0
6319    1372869.9182518276  107879.54325316871    0
6320    1372862.1975302091  107845.81183448657    0
6321    1372886.3103091479  107871.95258801445    0
6322    1372926.8145795502  107850.89686195434    483
6323    1372908.6964682697  107874.26254433369    0
6324    1372872.6645957497  107894.81754316097    0
6325    1372880.2370665113  107845.41891664788    0
6326    1372905.0642135285  107835.07736376414    0
6327    1372870.5207634249  107813.63625420543    0
6328    1372909.587625352  107854.8399074263    483
6329    1372905.8799105217  107891.12660613855    0
6330    1372892.9223384382  107908.86643154304    462
6331    1372943.5870673582  107905.5660362521    462
6332    1372885.2031497415  107898.3673543628    0
6333    1372903.3166900526  107938.25456155432    0
6334    1372885.6860526083  107927.95811463404    0
6335    1372926.6988243849  107906.66616801574    462
6336    1372926.0444436185  107885.8271582263    0
6337    1372937.0931759991  107936.05429802662    0
6338    1372919.462538555  107925.75785110675    0
6339    1372918.0726449268  107896.50726565858    0
6340    1372925.1769529532  107868.33439393726    0
6341    1372944.0415337482  107846.95381648245    483
6342    1372959.6449427153  107875.52093120197    0
6343    1372929.7292089956  107824.02737945385    0
6344    1372955.8719410312  107859.03688919384    0
6345    1372941.5008294422  107876.29276223671    0
6346    1372948.7825112687  107828.06355077293    0
6347    1372995.2272284464  107858.33996118669    482
6348    1372938.7216868887  107861.27260979789    0
6349    1372951.1857304254  107890.31351960916    0
6350    1372978.2478581965  107850.67536609863    482
6351    1372960.4753103317  107904.46590448845    462
6352    1372937.7138190514  107893.1209878963    0
6353    1372979.3451154167  107870.88410218869    0
6354    1372983.3453857584  107816.7433291389    0
6355    1372967.9976657748  107889.76570730346    0
6356    1372970.8696619458  107933.85403449932    0
6357    1372953.2390245015  107923.55758757949    0
6358    1372995.1525091892  107835.86599771393    0
6359    1372985.7355878064  107887.5752348683    0
6360    1373007.8562201906  107913.07130033508    463
6361    1372992.6098867478  107908.21853652995    463
6362    1373006.0829820626  107892.26570907184    0
6363    1372993.697790483  107931.17730010694    0
6364    1372980.4758297887  107919.9643953231    0
6365    1372969.4628330702  107861.2865159091    0
6366    1372946.4108784369  107792.26921634909    0
6367    1373023.1481635554  107805.37389077235    0
6368    1373020.7772913857  107847.01790886586    0
6369    1373012.2065986965  107866.00455627483    482
6370    1373015.7986039869  107880.68667932478    0
6371    1373058.3520877883  107886.83492181975    482
6372    1373028.0930818133  107900.86817320233    0
6373    1372999.515816035  107876.88983339345    0
6374    1373014.9697807461  107901.98665801364    0
6375    1373023.1025536335  107917.92406414023    463
6376    1373022.1231088429  107947.3779892858    0
6377    1373010.8604718174  107930.00931365151    0
6378    1373003.4077777488  107947.17791864274    0
6379    1372984.0937391415  107947.9520915777    0
6380    1373012.4107732384  107980.45507306301    0
6381    1372955.6998870794  107961.33455803899    0
6382    1372994.5470790279  107967.43158243733    0
6383    1372980.3918699974  108005.61072959236    0
6384    1373048.2863236486  107904.77016500564    0
6385    1373043.7690283675  107880.25203659137    482
6386    1373031.7676337829  107887.39435317865    0
6387    1373047.1334600507  107853.35445277947    0
6388    1373057.9135435231  107868.36206702987    0
6389    1373079.1278617561  107841.74814577102    0
6390    1373102.8693769353  107871.92327127223    481
6391    1373079.8416674887  107877.08312781881    0
6392    1373070.6096698791  107933.04513013733    463
6393    1373072.9351472091  107893.41780704813    482
6394    1373072.7427386036  107913.2884111359    0
6395    1373036.7710922691  107910.16063612189    0
6396    1373112.9622385581  107924.99387730165    464
6397    1373086.7400612803  107938.17928123327    463
6398    1373085.7038234277  107969.34109090301    0
6399    1373073.0380764557  107953.32177696953    0
6400    1373054.4792784778  107927.91097904138    463
6401    1373057.9724544433  107944.84235093441    0
6402    1373050.473582278  107975.78925568091    0
6403    1373041.9660491485  107939.31866232998    0
6404    1373044.4902511369  107957.95741632766    0
6405    1373030.7514223882  107972.48711962368    0
6406    1373062.5263428432  107903.2532513832    0
6407    1373104.3520371437  107908.31129806585    0
6408    1373095.7035707401  107923.33817390412    0
6409    1373095.1937917825  107885.96198177441    481
6410    1373133.1458103105  107888.35476724645    464
6411    1373112.3456077215  107891.98463400594    0
6412    1373150.4836488103  107933.72405216147    0
6413    1373035.0363010881  108007.44230675246    0
6414    1373081.628520193  107924.24128983649    0
6415    1373123.04755673  107870.85245719207    0
6416    1373128.029401626  107945.23343564123    0
6417    1373148.2129733781  107908.59432558587    0
6418    1373121.5599718601  107883.37507848402    0
6419    1373110.5449620881  107857.88456077005    481
6420    1373098.7013306874  107842.29147611337    0
6421    1373094.1534274875  107858.04022894111    0
6422    1373158.6778230346  107842.00666614721    464
6423    1373128.3793735302  107825.26527061421    481
6424    1373154.5054746121  107888.18183942343    0
6425    1373132.5264959917  107855.22356497201    0
6426    1373150.9577096107  107856.02093918301    464
6427    1373142.3257099164  107842.13224041017    0
6428    1373179.6612063481  107862.69943404573    0
6429    1373161.7603655411  107871.10539832847    0
6430    1373150.3579962419  107823.3478851231    0
6431    1373181.3196689701  107889.49446152423    0
6432    1373089.877771032  107807.32145018959    0
6433    1373123.2999603855  107834.55556044103    481
6434    1373134.3240157857  107834.54918501314    0
6435    1373109.2692613082  107832.91807053212    0
6436    1373139.4072897891  107824.74909847816    0
6437    1373128.8172238651  107843.60580792419    0
6438    1373117.2775248077  107825.22911298547    0
6439    1373102.5277424695  107817.88169729665    0
6440    1373122.8774898828  107810.18971692413    0
6441    1373085.8814755701  107824.96529125927    0
6442    1373107.1869996295  107799.44370373597    0
6443    1373053.789634173  107821.80145814712    0
6444    1373084.5673140741  107772.69808969418    0
6445    1373126.236199666  107788.45756929465    0
6446    1373070.9278523487  107812.30382778928    0
6447    1373148.6970261091  107788.10411130675    481
6448    1373166.3979364585  107827.9923931114    464
6449    1373237.8364145323  107776.49525485278    465
6450    1373223.6997176399  107735.19584013584    480
6451    1373177.9241627664  107843.47544912809    0
6452    1373182.7378621295  107827.86010508781    0
6453    1373205.9772322073  107795.2366874642    465
6454    1373208.0127096826  107844.20113814066    0
6455    1373190.0476410449  107804.60740376986    465
6456    1373209.5945402533  107819.61084736517    0
6457    1373171.433908175  107791.1902805553    0
6458    1373191.2777850193  107752.35968589442    480
6459    1373175.066818709  107760.94160877368    480
6460    1373212.0923676637  107769.18205268531    0
6461    1373189.5957466043  107785.61423534791    0
6462    1373172.6588035845  107775.99489744451    0
6463    1373186.945121452  107770.56097861029    0
6464    1373151.747953753  107736.49499900588    0
6465    1373203.3907247435  107780.88468121925    0
6466    1373221.9068233697  107785.86597115854    465
6467    1373199.1890660457  107763.85922262508    0
6468    1373207.4887513295  107743.77776301518    480
6469    1373173.7502009862  107738.85261278457    0
6470    1373246.4833138953  107809.4193836979    0
6471    1373222.5761617045  107805.22877966159    0
6472    1373223.2947204965  107754.03276301891    0
6473    1373191.7409685934  107733.63267524028    0
6474    1373256.1216502609  107718.03199437716    480
6475    1373269.695596857  107757.75382224146    465
6476    1373226.3388412877  107768.0002930497    0
6477    1373253.7660056946  107767.12453854713    465
6478    1373239.8658815634  107761.72023502066    0
6479    1373253.2151928132  107747.96321538984    0
6480    1373208.1591822526  107725.44223569623    0
6481    1373173.4920755292  107704.34997609319    0
6482    1373278.34249622  107790.67795108612    0
6483    1373237.0189615195  107744.90502140996    0
6484    1373230.0020950474  107707.89692304115    0
6485    1373191.8258984694  107713.25206903552    0
6486    1373256.0893280066  107789.29900922044    0
6487    1373239.9106839504  107726.6139172565    480
6488    1373253.6129620681  107732.89511497729    0
6489    1373278.4152514774  107729.43812058172    0
6490    1373267.3564396226  107740.79721708555    0
6491    1373285.6251880196  107748.3831059357    465
6492    1373305.2015607271  107763.43665250903    0
6493    1373286.3020465495  107767.75869826788    0
6494    1373106.8265409898  107776.81062600901    0
6495    1373049.2717970812  107793.43760106507    0
6496    1373075.6623568239  107791.78284649663    0
6497    1373157.2257109215  107805.9526726475    0
6498    1373137.1747945838  107769.73696664197    0
6499    1373153.7764392537  107778.81382147993    481
6500    1373160.2374602342  107788.38006301086    0
6501    1373142.9359103465  107778.92053897442    0
6502    1373148.0124371252  107769.33704759808    0
6503    1373137.4739303601  107788.74583609593    0
6504    1373132.0930608478  107779.3237244905    0
6505    1373141.9469890599  107752.01368542686    0
6506    1373119.4971561248  107777.69160857027    0
6507    1373153.6368402075  107757.64423696662    0
6508    1373114.7235876049  107754.78961205234    0
6509    1373126.0641243323  107731.12843417551    0
6510    1373231.2389493601  107826.09783824964    0
6511    1373198.4399419976  107676.30021217713    0
6512    1373300.2939498525  107785.45964852833    0
6513    1373061.2653883651  107773.4453064798    0
6514    1373268.4274305226  107844.78266388664    0
6515    1373328.4469886294  107780.17497519306    0
6516    1373297.416256886  107822.13420950633    0
6517    1373159.6594870754  107979.28392978673    0
6518    1373113.5599662084  107969.03871987716    0
6519    1373176.1287119309  107918.73936158027    0
6520    1373207.5214434897  107874.42387942033    0
6521    1373272.3326165713  107709.45007149782    480
6522    1373251.839954118  107690.34206406938    0
6523    1373272.0149044141  107689.24797483199    0
6524    1373260.7485046599  107668.05570923847    0
6525    1373296.0346996365  107719.60410367222    0
6526    1373283.0821033565  107717.09839538408    0
6527    1373302.8689643138  107707.42903887188    0
6528    1373309.480011702  107722.10345242317    0
6529    1373144.2938931773  107708.02599874081    0
6530    1373078.4491149171  107722.85537996945    0
6531    1373019.8277696259  107762.18012505496    0
6532    1373229.0840289737  107668.3221215888    0
6533    1373270.0508523644  107624.83853095162    0
6534    1373072.1420911199  107748.92642770482    0
6535    1373044.9692784001  107751.54434646132    0
6536    1372411.4721976195  108023.05757685767    0
6537    1372247.219540125  107786.87226407113    0
6538    1371902.3070203788  107828.9143931225    0
6539    1371938.4723481555  107995.50498106159    0
6540    1366002.0011839604  102243.77645677146    344
6541    1365995.955630257  102291.88365151288    0
6542    1365075.8327543817  117759.50356039318    602
6543    1364978.2861775379  117738.30408439245    48
6544    1365132.1194733954  117927.79173321201    0
6545    1367607.0319034741  117284.27644806838    0
6546    1373510.5477803352  116817.77663563204    0
6547    1368848.0522273255  105309.42209995435    0
6548    1373218.2074908612  116705.6982608204    0
6549    1367317.8644258038  104709.30575665137    0
6550    1373348.2965149023  106192.4909903322    0
6551    1365579.890035386  113405.21456875687    293
6552    1368134.4151106859  105397.82748089527    0
6553    1366261.1961098616  102278.31941962452    0
6554    1368629.253483146  105582.18807395583    0
6555    1374937.9309972548  119206.63501559125    0
6556    1374862.0920147276  119167.55681966939    739
6557    1368059.7655182083  105200.8195848796    0
6558    1367767.8096679221  105347.01295400342    0
6559    1366809.1719392643  105586.51749301575    0
6560    1366358.2993119257  102333.08275054819    0
6561    1368695.6945907455  105337.52453179592    0
6562    1369462.5518903977  105718.14621754979    0
6563    1369351.2992276016  105733.26892981412    0
6564    1368946.1303722961  105348.32185006443    0
6565    1366695.1105323068  105269.14611969281    0
6566    1366506.6655033657  102655.4950010046    0
6567    1374969.933623381  119018.2280634515    0
6568    1367242.7356463254  105074.12785531119    0
6569    1367703.634118157  105258.9810533734    0
6570    1366473.8414589025  103139.28521219327    0
6571    1366530.5110365592  103056.87336812251    0
6572    1370848.275306833  107824.38901106731    285
6573    1370907.6901699756  107869.21212623865    284
6574    1370855.2970349744  107805.01965496394    0
6575    1370886.8877912974  107845.89210176753    284
6576    1370859.6699783662  107847.88449993383    0
6577    1370862.6688870506  107774.55549512788    0
6578    1370888.2353672362  107796.86620162587    0
6579    1370856.0864023555  107884.48484206505    0
6580    1373286.7792386115  116896.66787127928    152
6581    1366981.0052200663  105194.95883028861    0
6582    1373614.0016956073  107553.08371327457    0
6583    1373612.8847025083  107639.06170996335    0
6584    1373565.9634390136  107643.30628355712    0
6585    1369854.6694567725  105849.31720651698    0
6586    1369641.5451615355  105981.37566413789    0
6587    1370044.6215660805  106290.39816049152    0
6588    1369895.5509097485  106507.43462681581    0
6589    1370346.0406526264  106494.78504346851    0
6590    1370400.0049632459  106613.19020761436    0
6591    1370411.7113798393  106555.22495452876    0
6592    1369732.3189645428  106301.08278659578    0
6593    1369784.847664882  106266.85177967478    0
6594    1371071.2253237118  107245.8250571721    0
6595    1371299.4426838974  107700.11216652689    0
6596    1370749.142924865  107005.00835730649    0
6597    1366220.4972382381  103177.77189860441    0
6598    1366438.839991763  103245.22144068639    0
6599    1366217.9414077306  103845.28235617449    0
6600    1366221.3507738409  103791.07282117379    0
6601    1366239.702983052  104045.35569256656    0
6602    1366556.9950533235  104284.74263953573    0
6603    1366786.7167598384  104182.52075872861    0
6604    1366908.1036058329  104538.72798623455    0
6605    1366255.4518744154  114759.26638418436    0
6606    1372430.038967341  107720.85293267119    0
6607    1372686.0197502824  107748.34974464182    0
6608    1372786.9441235766  107761.39297528689    0
6609    1372903.6346684259  107798.83371041997    0
6610    1372922.120593346  107966.56194078557    0
6611    1373238.0820718007  107858.82854722354    0
6612    1373100.1679152329  108018.57116196638    0
6613    1373178.2651566255  107951.83276204125    0
6614    1373210.3988844035  107909.73915595117    0
6615    1373153.2302259495  107661.20941455851    0
6616    1373107.3590938067  107697.62495864418    0
6617    1373013.5442226205  107712.29327639924    0
6618    1372442.0818713887  108069.89586031086    0
6619    1371865.6161553795  107850.54546991522    0
6620    1371947.7953257416  108038.11781438102    0
6621    1365067.5000664326  117820.58499032735    602
6622    1373477.9663654519  116800.72166335948    0
6623    1368887.0528195482  105327.99802255332    0
6624    1365596.8686329131  113408.90484501059    293
6625    1365582.873622753  113432.39094267129    0
6626    1365594.9211759241  113376.96133729277    0
6627    1365609.4094893078  113392.10916558195    0
6628    1365629.0182533958  113358.85146864706    0
6629    1368054.7749627363  105432.01281051282    0
6630    1368655.0218481156  105561.14739070088    0
6631    1374875.1457328158  119127.56621723731    0
6632    1368105.4864787431  105194.89688955266    0
6633    1368660.3272378105  105326.74835788306    0
6634    1369315.4909483921  105731.2918872068    0
6635    1367264.63572646  104990.70133003459    0
6636    1367230.4095586985  105142.56978987597    0
6637    1370936.3368943112  107822.7198397977    0
6638    1370897.2197127035  107728.30494113806    0
6639    1370880.5868280914  107872.45109073517    0
6640    1373300.5918049461  116853.42732539761    0
6641    1366937.6103333319  105160.17162324986    0
6642    1373564.9380308937  107686.72259468961    0
6643    1369889.0818320794  105918.17815919618    0
6644    1369574.6324958706  105911.8488996557    0
6645    1370094.2057203604  106309.42186778644    0
6646    1370057.9727450609  106233.22737496452    0
6647    1366250.5778934914  104072.56058002004    0
6648    1372752.335016005  107756.64360623265    0
6649    1373199.6190317597  107617.9876543485    0
6650    1372396.2666658761  108066.4158017749    0
6651    1365103.2360755352  117856.56915769841    0
6652    1365590.188059194  113453.39369613769    0
6653    1365551.7137647823  113455.01774340049    0
6654    1368003.1544751544  105456.17960109925    0
6655    1369262.5195922365  105757.48864657052    0
6656    1370899.791417955  107918.1346877068    0
6657    1366252.1496757951  104126.5012135586    0
6658    1366196.9136777311  104078.23635247986    0
6659    1370896.7329789817  107892.54196595447    0
6660    1370928.4925486539  107892.53215070977    284
6661    1370872.4634522533  107908.42138660245    0
6662    1370924.5431726435  107916.99343144381    0
6663    1370990.8996846883  107962.49222412301    284
6664    1370914.7132777113  108037.8239965011    280
6665    1370914.1904278193  107961.44209246055    0
6666    1370913.0983882188  107937.7577568916    0
6667    1370937.9091678264  107937.89664284342    0
6668    1370882.2779059799  107951.04617433994    0
6669    1370970.0973060103  107939.17219965201    284
6670    1370942.8379723406  107858.79718671746    0
6671    1370842.0054846641  107911.68955636681    0
6672    1370880.5376829377  107929.00457068261    0
6673    1370836.1634958256  107949.76758409551    280
6674    1370859.4604997239  107941.75814969961    0
6675    1370952.5271130495  107975.78378462153    0
6676    1370959.5079228752  107885.80349956315    0
6677    1370820.1551663128  107902.9622947    0
6678    1370783.1805484814  107975.58965537247    0
6679    1370980.4984953492  107950.83221188745    284
6680    1370971.7133988689  107969.13800437226    0
6681    1370995.9678857676  107926.5637664106    0
6682    1370964.6596537833  107954.49194025458    0
6683    1370998.5006279801  107945.24274283851    0
6684    1370953.8645010537  107942.03536228975    0
6685    1371030.3469291783  107931.41340138024    0
6686    1370947.2496002379  107958.67393619874    0
6687    1371011.7020633663  107985.81224859401    284
6688    1370931.7879410377  107972.81191251529    0
6689    1371014.3393164338  107962.52143311276    0
6690    1370973.9013909937  108006.47288640299    0
6691    1370988.2323595833  107985.80986504421    0
6692    1370937.1878872074  108008.97841748818    0
6693    1370886.0892046513  108005.7356428279    280
6694    1370908.8022889104  107989.08461309271    0
6695    1371044.2634394197  107977.70450303068    0
6696    1370999.9648312347  108009.24817208061    0
6697    1370982.8038667501  108046.63935283806    0
6698    1370985.1016493458  108025.06027006041    0
6699    1371014.6465336739  108037.9404508384    0
6700    1370943.3373507713  108069.9123501743    280
6701    1370957.0179842708  108029.31455331943    0
6702    1370999.0476901489  107842.7491195218    0
6703    1370900.4012411814  108021.77981966456    280
6704    1370879.1153599645  108055.17320064025    0
6705    1370875.6303066809  108029.47092907516    0
6706    1370831.8097962311  108048.50010292046    0
6707    1370853.8362713696  108005.69545125691    0
6708    1370871.7771681212  107989.69146599123    280
6709    1370959.8930602274  108052.88734188907    0
6710    1370990.3354796828  108090.30044937383    281
6711    1370957.6493873014  108085.95652701096    280
6712    1370989.0716438603  108068.03830694193    0
6713    1371020.2638310834  108117.02245437731    0
6714    1370936.3635060845  108119.34990798665    0
6715    1370993.9941717084  108116.32346912059    0
6716    1370932.8784528009  108093.64763642156    0
6717    1370929.0253142412  108053.86817333764    280
6718    1370935.8300771983  108033.3925191883    0
6719    1370921.8938112082  108074.63529248114    0
6720    1370893.6824910652  108103.61420370165    0
6721    1370907.9692301659  108058.2454901162    0
6722    1370898.6743156943  108080.25231919157    0
6723    1371005.8898933623  108163.24182090447    0
6724    1370966.0877282633  108135.14412528493    0
6725    1370866.0838315785  108085.50283736619    0
6726    1362086.0193829653  106715.30249831009    220
6727    1362161.9923702844  106785.26930720557    790
6728    1368143.9607758052  110860.79200934221    266
6729    1368243.2536768762  110949.22794038989    272
6730    1368026.2540664936  110919.88548290255    0
6731    1365264.1370692572  113487.94847850852    0
6732    1365375.479328678  117276.08369997925    0
6733    1365312.3360601664  117192.44173806185    0
6734    1365853.9229716337  113462.85409944765    0
6735    1366256.1270481029  114382.45379276419    0
6736    1366228.9785967222  114591.30291870996    259
6737    1366331.7577913681  114554.88228770842    263
6738    1365962.4013460737  114497.40287919313    0
6739    1366328.0530140321  114674.28897880876    0
6740    1367282.2768440247  112459.38129392266    256
6741    1367389.2766100317  112480.38054810464    252
6742    1367437.0032006882  112307.47118799385    0
6743    1368057.9481590493  116612.13541379404    0
6744    1366301.5190024886  117648.29241306218    0
6745    1369611.769244293  102072.48339236961    0
6746    1369709.543770948  102125.76069928744    0
6747    1368386.9355671196  109304.58276359852    0
6748    1368335.9429012276  109116.30090475554    279
6749    1368230.636290323  109150.94949220346    275
6750    1374297.7952081389  115310.16144146858    294
6751    1374462.973190821  115403.73612779245    296
6752    1368431.2677736916  117621.37535465756    0
6753    1369831.1576322671  116832.47004786073    301
6754    1369796.4363736017  116958.64206685386    305
6755    1372970.4345635599  116956.9815527016    0
6756    1362417.0856942933  106610.27758365127    790
6757    1362344.5733935242  106539.86242947413    220
6758    1365052.0245614033  117959.00146915512    0
6759    1370711.5209422885  107813.04436784584    233
6760    1370762.4940330805  107850.65748839339    234
6761    1370754.0887769617  107824.69356967465    0
6762    1370771.6309329234  107833.63753415352    0
6763    1370753.3280439114  107869.38643278139    0
6764    1370750.9178032174  107899.4734196739    0
6765    1370715.3313931981  107874.98083731144    0
6766    1370728.1628530351  107831.700380461    233
6767    1370694.2608545562  107845.19168956402    0
6768    1370759.0694980964  107795.9119457651    0
6769    1370770.9257912626  107922.83326805643    0
6770    1370721.1188714884  107904.67080622715    0
6771    1370736.1180966229  107806.76193114251    0
6772    1370715.961683546  107779.13795252834    0
6773    1370760.3232733796  107953.0976417628    0
6774    1370665.5930079208  107900.08542420711    0
6775    1370743.5910200998  107771.91158416192    0
6776    1370689.7927777355  107950.74491070463    0
6777    1370730.3340436849  107744.00035984797    237
6778    1370722.4959970396  107761.30252263487    0
6779    1370719.4800058734  107713.05481970111    0
6780    1370695.4006859851  107760.42175111588    238
6781    1370737.9993918713  107723.93548872261    0
6782    1370748.0281234365  107685.66539171401    0
6783    1370762.4980579561  107723.04559551239    0
6784    1370659.6774483391  107737.65078063478    0
6785    1370790.1279713239  107699.23377640329    0
6786    1370687.1729563484  107733.92256164647    0
6787    1370666.8160985678  107687.04472052702    0
6788    1371436.8234968872  99966.293424387826    0
6789    1362052.5377156639  106939.34925676664    0
6790    1368037.2720307093  117292.732585684    645
6791    1376628.8159135242  115375.55151280135    754
6792    1376728.7044850157  115379.7513193812    186
6793    1376622.2289180765  115695.3096282467    754
6794    1376722.1627085332  115698.4339429579    186
6795    1368235.9312350857  117435.15930720852    650
6796    1368152.4594234168  117490.11667182784    92
6797    1370307.5217211279  118452.59887432426    674
6798    1372898.6391498072  116875.67588116827    0
6799    1374400.7656632036  115485.78318735526    0
6800    1373569.1689094747  116964.41659644347    720
6801    1373574.6180641893  117435.93956006136    0
6802    1374033.4127339115  107331.53956591757    0
6803    1368148.7543051394  117395.22891076919    0
6804    1368424.3815781297  105272.66409269259    0
6805    1365659.7843300065  113649.19424702058    0
6806    1368203.7585417491  116715.2181827833    0
6807    1368305.8037393433  116634.13850293249    0
6808    1367270.1318951815  104625.26635390731    0
6809    1370739.6645513917  119929.94045318193    119
6810    1373949.6859212115  107329.78714061299    0
6811    1369614.9694263064  116755.28827039326    0
6812    1368295.9557570827  105207.38208975639    0
6813    1365394.2833953744  113499.95505374963    289
6814    1367075.6511970281  104649.65348159944    0
6815    1365545.502774646  113532.82239061667    289
6816    1365538.1497969462  113493.08518794253    0
6817    1365565.8398957928  113512.82082831691    0
6818    1365530.2342589684  113529.50379844512    289
6819    1365526.5577701186  113509.63519710807    0
6820    1365533.1264098089  113552.98106170105    0
6821    1365540.8908920314  113517.25744384866    0
6822    1365519.3580488397  113542.76040549121    0
6823    1365508.1238253999  113572.27823936618    0
6824    1365484.4287119354  113519.54802193047    289
6825    1365495.9530990787  113540.09298066693    0
6826    1365503.0151828735  113480.81072681068    0
6827    1365503.4152633238  113505.76029804851    0
6828    1365462.8760022118  113545.1423875285    0
6829    1365480.1256642304  113493.65576653225    0
6830    1365468.7997116405  113446.65644456659    0
6831    1365481.0908091804  113468.55885299678    0
6832    1365449.8642763465  113479.92499792205    0
6833    1365511.6511862115  113437.00917826407    0
6834    1365501.5099564183  113457.76183291178    0
6835    1365526.6559137849  113457.19575225862    0
6836    1365537.2340617622  113433.66317866025    0
6837    1365511.975645277  113390.45346374193    293
6838    1365521.6258559285  113413.79970648918    0
6839    1365489.1453646012  113413.58878547954    0
6840    1365559.7236114896  113421.18052636761    0
6841    1365825.5601583994  113625.44854433236    0
6842    1365795.5251851773  114173.95697566841    0
6843    1365873.5401956455  114501.00613036883    0
6844    1368594.3445447716  105362.04793149485    0
6845    1372204.6390822816  106683.36819254693    0
6846    1369375.3394182092  105540.22580967036    0
6847    1367733.5741793038  117362.71384471476    88
6848    1367756.7517709434  117265.52197101552    643
6849    1368097.4505592794  116691.45282840318    0
6850    1368003.0739899597  116694.99514389063    0
6851    1363452.9637575538  111333.22906472636    566
6852    1363385.8326321356  111407.1316018542    12
6853    1370789.7054892681  105924.23385206351    198
6854    1370734.2172000578  106007.28516899658    765
6855    1370310.1489981348  105638.29511270038    0
6856    1373131.5835524739  116831.50521316129    711
6857    1373194.1338758336  116831.41508709414    0
6858    1368749.8632334545  117990.01574328425    101
6859    1373511.8954186609  118589.91438983617    167
6860    1373608.8453961695  118565.72570954381    735
6861    1373314.4778168991  118209.18855061074    165
6862    1373393.0603165184  118146.99219378343    732
6863    1373494.2291374975  118329.00736059304    0
6864    1368325.8247597183  105461.5677426552    0
6865    1366853.2627207662  105508.37099735565    0
6866    1368916.7213132042  105590.50970321738    0
6867    1369047.1514393031  105667.70422764917    0
6868    1366079.4474686245  102433.16099871922    0
6869    1366397.3776899362  102446.61033276412    0
6870    1365625.1601923853  114112.41825874387    581
6871    1365573.84034247  114198.46095100249    29
6872    1366274.7847871527  102627.44970537045    0
6873    1366154.5371282443  102468.40788205969    0
6874    1365707.1183965276  113489.69814283881    0
6875    1365762.7882571009  113508.91409362254    0
6876    1365733.0509468536  113575.10644879434    245
6877    1373881.2974062997  107131.4626545115    0
6878    1367024.9733392885  104922.94618668329    0
6879    1367043.6105499982  105434.30123799264    0
6880    1370798.7592828318  107881.64563302524    0
6881    1373582.1955216886  107262.3565719476    0
6882    1373897.4085995413  107395.36879175279    0
6883    1375068.6466174528  119111.38674399631    0
6884    1367026.8150168208  105073.35088965092    0
6885    1367801.6962547316  105044.87706696521    0
6886    1367328.7251632786  104880.73762646127    0
6887    1366521.0782811623  102826.63408204449    0
6888    1367566.3535858758  104601.41250358078    0
6889    1367406.208061103  104453.96519498993    0
6890    1373526.0520127965  107311.28180812291    0
6891    1373475.6286771942  107398.73421348126    0
6892    1369561.6418981669  105846.60127856038    0
6893    1369743.6355465718  105698.12828519507    0
6894    1369864.87124003  106394.65270489002    0
6895    1369732.1169157992  106178.42845109703    0
6896    1370049.3502552293  106537.84994833276    0
6897    1370093.8098577827  106589.76351032378    0
6898    1370569.9817287172  106750.76852953259    0
6899    1370472.1290592621  106690.44599291084    0
6900    1371088.6747766412  107518.2952493339    0
6901    1370889.2914651528  107097.71857869867    0
6902    1370998.7487439287  107143.49410913333    0
6903    1371297.0543885778  107637.46828227253    0
6904    1371555.6891573004  107850.80763426518    0
6905    1371455.535589105  107801.23943688655    0
6906    1371624.1169176775  107960.92826020761    0
6907    1370822.0363795299  107065.03867671531    0
6908    1371706.0557933478  108010.38797363598    0
6909    1371179.8793578399  107330.35735061286    0
6910    1366106.8777900445  103478.41728676773    0
6911    1366310.4713342702  103524.22048118972    0
6912    1366134.3105024055  103332.92344265123    0
6913    1366124.7738234189  103646.21194991734    0
6914    1366357.34665323  103417.46908627135    0
6915    1366847.7771016436  104488.48918595002    0
6916    1367098.9567730303  104582.51579435304    0
6917    1366398.8882126953  104173.19336487958    0
6918    1366990.6512305341  104295.94451639988    0
6919    1366408.7755396101  103936.71008360697    0
6920    1366721.4595384835  104402.98193395871    0
6921    1366401.1791767776  114826.26651445031    242
6922    1364812.393916019  118226.04152944345    0
6923    1373653.8960887105  117497.00920324188    0
6924    1372101.5582620346  107814.4921812839    0
6925    1372138.4333603934  108013.15917822155    0
6926    1372448.6995675033  107976.92346615819    0
6927    1371845.4657630997  108076.9151159449    0
6928    1366506.1796249971  105606.12212499976    322
6929    1370100.5631412736  118349.7808984436    671
6930    1370067.8587432953  118444.1221890712    112
6931    1370277.1265553168  118308.71487842951    0
6932    1373428.5415820966  116889.54863039349    0
6933    1373514.6511338605  117277.56829165442    156
6934    1367075.3776242419  104779.71007984284    0
6935    1368200.6363649827  105416.58062555853    0
6936    1364512.137983087  118172.79155048888    51
6937    1364530.4674125365  118270.82462520775    609
6938    1366602.7176190931  117576.62761934618    75
6939    1366592.4439413585  117477.2729097327    631
6940    1366522.3935174635  117588.8587761755    75
6941    1368767.8714146733  105538.14836979604    0
6942    1368552.089929224  105534.31796040117    0
6943    1376508.1646048741  118447.45704109767    180
6944    1376407.9222253556  118439.27871455064    746
6945    1369220.5957725155  105722.02448774017    0
6946    1367987.0281181361  116556.31561262278    0
6947    1368264.6219440848  117277.33561111089    0
6948    1369142.5967089476  105495.92191903674    0
6949    1369265.7255204297  105496.04160907419    0
6950    1366835.7058712982  105196.75848222713    0
6951    1366760.9611126126  105276.48757238465    0
6952    1366314.1265805513  102724.15698351958    0
6953    1366329.3199869315  102784.06263283936    0
6954    1366527.6042073132  102749.64831819518    0
6955    1367553.0735652237  105132.68964382783    0
6956    1367767.4106158284  105026.83521761367    0
6957    1367390.5332538155  104946.04697657518    0
6958    1367480.0993038944  105058.754639092    0
6959    1373372.9365243218  116863.00711560481    0
6960    1367586.6205016202  104736.90237697896    0
6961    1367649.8186822208  104778.6580869488    0
6962    1373754.0179652513  107120.67944526754    0
6963    1373807.8332536686  107146.08611918853    0
6964    1373797.5723901098  107416.81681867383    0
6965    1369671.0949223945  105555.82793873834    0
6966    1373700.6783057186  107502.31243387808    0
6967    1370144.5510761451  106380.40627312499    0
6968    1370206.5366240267  106695.5953870376    0
6969    1371408.3382857682  107735.74103589189    0
6970    1370779.5822168791  107295.12907424955    0
6971    1371701.9820253528  107699.52757696871    0
6972    1371682.1744737155  107607.10492448001    0
6973    1370703.8129538209  107276.85085836526    0
6974    1371227.3806376455  107598.30887120725    0
6975    1371152.7082324023  107553.86349961442    0
6976    1370541.1416476849  107182.48231233572    0
6977    1371376.1565711733  107387.37323897862    0
6978    1366201.0458994228  103909.48387812013    0
6979    1366492.6318825763  103984.36684792336    0
6980    1366621.2069601184  104067.1936755371    0
6981    1366463.9559800059  104267.5833210273    0
6982    1367202.7619228016  104416.14177266543    0
6983    1367124.3751861695  104339.44772316051    0
6984    1366439.4360652063  114682.89276794388    0
6985    1372575.6388342481  107766.95970393639    0
6986    1372743.2467997523  108001.78466670973    0
6987    1373351.5970550028  107829.74941004303    0
6988    1372294.652608342  107766.90733869786    0
6989    1372211.0378544133  107812.28855229478    0
6990    1371936.2286022694  107845.02511029718    0
6991    1365987.5404687582  102186.63750516951    0
6992    1365973.9988687867  102351.82155050928    0
6993    1373385.6455160808  106204.27982504726    0
6994    1374905.7396510649  119257.45194299761    172
6995    1374897.0780041546  119192.78895921737    0
6996    1366417.3546572872  102358.80646978921    0
6997    1369430.8888258953  105769.99556903257    0
6998    1366505.4741217243  102580.87598774818    0
6999    1369934.6736321049  106532.77461178006    0
7000    1370297.2970176993  106425.30364740967    0
7001    1370441.0636453098  106627.02147636598    0
7002    1369749.1259102856  106269.45455891819    0
7003    1371111.5418665665  107193.6243475737    0
7004    1366151.4853374544  103170.9542208619    0
7005    1366207.7643498273  103759.97779151904    0
7006    1366780.0649733979  104110.70506919851    0
7007    1372206.5124720016  106778.81115121451    0
7008    1372860.8368893184  107747.53316375992    0
7009    1372944.0342459057  107996.86347689804    0
7010    1372860.2655297809  108005.78805069086    0
7011    1372888.3339582172  107968.60640311788    0
7012    1373278.1542275306  107905.59955530403    0
7013    1371831.004136554  107845.97210586705    0
7014    1373404.5456433392  116818.36669684711    715
7015    1368090.440069336  105405.24049012735    0
7016    1368712.839460426  105570.4396096433    0
7017    1368697.1140978411  105269.4398847502    0
7018    1367271.0684477193  104937.22953157406    0
7019    1370895.3344022362  107762.92717757504    0
7020    1370859.1223567969  107710.69141845006    0
7021    1366911.9299356823  105198.35035412225    0
7022    1372721.0570138309  107737.46770405756    0
7023    1372276.7394352509  108067.87654377586    0
7024    1372357.8868530707  108055.50391141929    0
7025    1369329.8903368537  105795.75860924771    0
7026    1370820.5967639624  107985.09452176605    0
7027    1370954.8113493996  107996.98077060335    0
7028    1371084.0348694765  108010.49911476471    0
7029    1371039.2630183566  108027.22434223931    283
7030    1371058.2696557606  108009.81569391483    0
7031    1371059.3184516744  108030.0407411457    0
7032    1371079.7495725118  108061.2502355949    0
7033    1371071.8250542367  107984.79291650876    0
7034    1371067.2214825836  107945.56520488435    0
7035    1371123.4999598879  107976.00138149445    0
7036    1371027.3655651016  108061.95830315666    282
7037    1371053.7076923468  108072.7106567655    0
7038    1371032.6487868598  108086.65885689629    0
7039    1371067.9045505954  108117.01638681471    0
7040    1371076.7508930431  108089.75434829122    0
7041    1371128.7801612609  108080.81812340603    0
7042    1371107.8541113215  108114.91343458272    0
7043    1371019.2981142246  107885.45713765141    0
7044    1370916.3869222403  108008.4604177104    0
7045    1370890.0359318219  107973.90347439177    0
7046    1370923.2268269979  108179.9398626445    0
7047    1361993.2548245944  106840.50007668138    0
7048    1368137.1339226577  110909.51003025779    0
7049    1368124.7401560314  110797.33088989071    0
7050    1366212.5733412087  117590.82529693405    0
7051    1367259.5513322577  112646.29124301752    0
7052    1366197.912446213  114538.80630650955    259
7053    1366299.9277191286  114501.09477520571    263
7054    1365944.4127181452  114541.38699056068    0
7055    1366308.5326793483  114708.06390098226    260
7056    1366310.3458776204  114686.58346125986    0
7057    1366286.3195241482  114728.15489083724    0
7058    1366345.9416384124  114704.51785626617    261
7059    1366324.6018055095  114698.60357427776    0
7060    1366260.8086689655  114645.09043121044    259
7061    1366276.7237050871  114671.98418746068    259
7062    1366303.1016394175  114657.25134379859    0
7063    1366285.8805149822  114758.58792783174    0
7064    1366251.1879302361  114705.25153847043    0
7065    1366363.5878636076  114608.66980021112    263
7066    1366280.105824539  114796.76638418436    0
7067    1366243.9215671138  114673.23971905674    0
7068    1366335.8505163724  114636.08036285303    0
7069    1366323.9241131132  114653.54641112467    0
7070    1366309.104353446  114630.6220843261    0
7071    1366350.6702760395  114659.00468965148    0
7072    1366285.3785557309  114639.26505238668    0
7073    1366244.8936328439  114618.1966749602    259
7074    1366282.6902022797  114594.99894905882    0
7075    1366290.6075334856  114616.73280221183    0
7076    1366267.6013543205  114612.80461182995    0
7077    1366347.6728274878  114581.77604395978    263
7078    1366256.199425322  114587.84629050602    0
7079    1366318.7156320405  114598.56136734752    0
7080    1366379.5028997273  114635.56355646247    263
7081    1366229.511877923  114645.45513704927    0
7082    1366387.3905201778  114540.11619721758    0
7083    1366213.4455214676  114565.05461260976    259
7084    1366281.635941366  114546.27123462842    0
7085    1366341.1061571657  114603.81796476181    0
7086    1366325.4337113798  114576.78064976449    0
7087    1366302.2095839821  114581.54378915059    0
7088    1366280.3202839219  114570.67496195201    0
7089    1366252.3632613749  114556.93041009411    0
7090    1366373.3019633149  114657.38904530442    0
7091    1366357.704917141  114638.20465863911    0
7092    1366435.135628537  114620.79746597161    0
7093    1366213.6453880731  114618.53265235882    0
7094    1366187.4623234519  114684.89183183914    0
7095    1366385.1570248192  114577.74978955944    0
7096    1366234.8120098014  114570.13066316611    0
7097    1366229.533261514  114544.84363314908    0
7098    1366256.229430692  114522.02332260707    0
7099    1366198.1077079831  114591.85132887818    0
7100    1366193.1063819656  114648.77372343109    0
7101    1366395.4945763901  114607.94415831058    0
7102    1366182.9442786961  114565.384275762    0
7103    1366181.9691857251  114619.1142740287    0
7104    1366426.2859753461  114580.53540140456    0
7105    1366150.5623143439  114529.6435499705    0
7106    1366167.2156819745  114591.97268004266    0
7107    1366134.9597621006  114653.68717528599    0
7108    1366149.2324989217  114563.38818040525    0
7109    1366146.8580262882  114620.61921968326    0
7110    1367346.2763541192  112358.50617289612    0
7111    1367389.2766100317  112541.38054810464    252
7112    1367282.2768440247  112521.88129392266    256
7113    1368034.8624541331  116625.46019339167    231
7114    1368010.3895118798  116650.57728731976    0
7115    1368011.9995013734  116627.66478491377    0
7116    1367970.5769606505  116636.26696888659    0
7117    1367987.6222348067  116596.15211215544    0
7118    1368072.035988796  116578.23070772848    229
7119    1368087.4499560473  116601.94685078849    0
7120    1368062.2536354009  116639.8204792836    232
7121    1368073.0687175407  116654.5213635237    0
7122    1368054.9615412569  116656.8227373772    0
7123    1368085.8668821354  116669.78401855635    0
7124    1368034.7300516407  116683.67362097754    0
7125    1368032.9483458386  116661.2837386747    0
7126    1368105.9808784151  116672.96210769389    0
7127    1368077.3365629998  116688.27473926567    0
7128    1368013.4538836218  116674.10086942637    0
7129    1368081.7596858267  116725.52035046242    0
7130    1368055.5319903786  116690.61639199809    0
7131    1368032.8234032674  116724.0211053142    0
7132    1367978.9533751481  116669.98705535344    0
7133    1368296.8029241413  109246.35955787408    0
7134    1374428.3703305863  115393.77052275385    0
7135    1368588.350775949  117726.83583943473    0
7136    1369668.7623380295  116871.2519937644    0
7137    1362480.8590252954  106566.52965276275    790
7138    1365108.7488904879  117986.19519085357    0
7139    1370673.5849765996  107813.38350543205    0
7140    1370694.8790315418  107794.38835523068    233
7141    1370724.7707928715  107960.53197724905    0
7142    1371431.7538962732  100009.1601894643    0
7143    1371388.6940582732  99941.306010969507    0
7144    1368070.8946724336  117290.60929118845    645
7145    1376718.891820292  115857.77525474624    186
7146    1376618.9354203527  115855.18868596938    754
7147    1368212.4033148903  117387.66025388986    650
7148    1370282.7937904601  118428.02087259077    674
7149    1372943.7368401033  116861.9469744738    0
7150    1373591.1780950716  116803.98626146994    0
7151    1374494.2978798444  115462.17849054544    0
7152    1373594.6848598588  116912.76238661807    0
7153    1373555.1000510314  116928.09538479065    720
7154    1368388.6001369674  105264.85972106365    0
7155    1367302.0097639735  104616.88790554905    0
7156    1368257.0224597321  105219.9553574587    0
7157    1365371.309969655  113454.98722356223    0
7158    1365562.8547408136  113487.71602848682    0
7159    1365416.6483094187  113540.66010345241    0
7160    1365424.0875379774  113506.43294566852    289
7161    1365415.831218627  113472.61754963333    0
7162    1365523.7380449974  113477.91544596992    0
7163    1365508.080731299  113326.56644830586    0
7164    1365488.9745633111  113436.27659565084    0
7165    1365410.1040601134  113368.31180621948    293
7166    1365851.9234982808  114207.52046304803    0
7167    1365789.2449124905  114430.41579607574    33
7168    1368605.1753429973  105302.97518950755    0
7169    1372380.9711337206  106580.85647537249    195
7170    1372405.0742586413  106677.60581242213    761
7171    1369336.4973889035  105535.69331527769    0
7172    1367714.2827297237  117317.95299429106    0
7173    1367744.8169211657  117208.1981819452    0
7174    1363520.7791401395  111401.97603160207    566
7175    1363451.5600677547  111473.98193249623    12
7176    1370526.2476925023  105853.48453956467    765
7177    1370583.7526074927  105771.78057170025    198
7178    1370078.7929491554  105332.56443415827    768
7179    1370164.8348464984  105281.645100761    200
7180    1370263.3141108314  105441.16762654594    200
7181    1370177.7823606264  105492.94899062499    768
7182    1373118.1437477903  116761.32276597753    0
7183    1373179.4112045725  116870.68653749816    0
7184    1368774.6476501774  117957.35261094446    0
7185    1373482.1219697995  118487.92123201225    167
7186    1373578.5937387063  118461.81585710781    735
7187    1373377.5229968252  118286.81139060073    165
7188    1368271.8586472855  105446.41080219894    0
7189    1369095.482365241  105738.01201388687    0
7190    1365683.5318234984  114142.58425251322    581
7191    1365634.9165008063  114230.02462288726    29
7192    1365745.7856234929  113496.96814744583    0
7193    1365768.7355842018  113481.55094666021    249
7194    1365741.7149724127  113520.83476918316    0
7195    1365764.7982494009  113440.81210073447    0
7196    1365770.0787895413  113546.38918302169    0
7197    1365717.3735173156  113526.02776522857    0
7198    1365786.3663955072  113459.28726999837    0
7199    1365734.6876617782  113547.54032693975    0
7200    1365808.3337008804  113411.81531224684    0
7201    1365819.9032796014  113465.64293182579    0
7202    1365712.041466482  113570.5400788452    245
7203    1365706.1018669168  113547.25306953494    0
7204    1365714.4512924561  113610.06727670881    0
7205    1365696.5233046059  113591.3232213407    0
7206    1365682.2887679962  113622.88377575518    0
7207    1365671.8094698538  113583.40730411863    0
7208    1365660.4697832088  113607.54663747098    0
7209    1365788.6545921182  113512.5953489989    0
7210    1365809.3543029828  113539.50018387883    247
7211    1365855.3161634197  113536.69810093789    0
7212    1365833.5207319295  113557.54457933505    0
7213    1365881.3735030298  113585.75862754144    0
7214    1365825.3391430343  113591.00403132345    0
7215    1367043.0622672318  104964.41217033903    0
7216    1367038.5687407034  104849.18871207614    0
7217    1367065.926010652  105400.90500539461    0
7218    1367093.0883688647  105479.18069334333    0
7219    1373569.1927614368  107299.80447669649    0
7220    1373918.6187506199  107360.47056612936    0
7221    1367366.7977593676  104452.40349516584    0
7222    1373475.9871296259  107439.65271783786    0
7223    1369549.121236603  105806.25207014657    0
7224    1369836.7484053536  106433.28570157013    0
7225    1370046.0400616452  106585.67958831106    0
7226    1370108.8353221412  106640.27639321111    0
7227    1370635.7348823396  106841.59798703738    0
7228    1370584.6630921697  106801.8704153867    0
7229    1371131.4612347223  107514.18106227969    0
7230    1371040.7817898309  107499.62511741115    0
7231    1370849.0662478157  107103.53626872333    0
7232    1371007.1051006189  107187.53954057037    0
7233    1370785.992962209  107082.43412214411    0
7234    1366119.2388450222  103520.44802828642    0
7235    1366116.6773743606  103426.69066529901    0
7236    1366155.9614933999  103670.79628550076    0
7237    1366359.3954862792  103377.16451328401    0
7238    1367051.3690647497  104603.6105112963    0
7239    1366412.7908648811  104216.69910051659    0
7240    1367009.9011065725  104338.81563534704    0
7241    1366364.9033358356  114808.26651445031    0
7242    1366464.9972455869  114808.26651445031    0
7243    1372177.2588022598  108017.35336323551    0
7244    1372483.9730422788  108004.20942234658    0
7245    1371782.5427498808  108100.69581061891    0
7246    1371892.0013677024  108126.94042075315    0
7247    1370157.9353287918  118364.43968039891    671
7248    1373384.8130281914  116916.40048642716    152
7249    1373614.5611923742  117271.32079610597    723
7250    1373564.48301708  117360.29206855794    0
7251    1367077.5646280264  104818.24492949016    0
7252    1368156.6565308117  105445.58548392424    0
7253    1364614.8691765727  118145.6739476269    51
7254    1364636.7951161738  118243.03457603845    609
7255    1366454.1377908268  117561.57759554093    0
7256    1368523.183986777  105571.6895711879    0
7257    1376421.0400994592  118325.94980157336    746
7258    1376520.8427716466  118335.67370563443    180
7259    1366735.8081786416  105218.0275319589    0
7260    1366306.7477529333  102687.80738703135    0
7261    1366331.296902037  102821.61620358606    0
7262    1366551.3460514816  102694.96345067974    0
7263    1367545.914550076  105088.38219154353    0
7264    1367804.8633649  104997.26038087206    0
7265    1373335.5676096894  116867.25337158638    0
7266    1367620.0932116522  104754.94446750752    0
7267    1373793.4401562945  107106.87502488043    0
7268    1370189.972440934  106390.14921921505    0
7269    1371441.910049581  107752.55938427393    0
7270    1371768.2517991674  107683.52172267626    0
7271    1366195.7510944437  103873.76657481368    0
7272    1372617.7501077889  107747.75303441795    0
7273    1372779.6927062029  107983.35867784311    0
7274    1372336.7066675806  107720.83727508954    0
7275    1371947.8276684692  107776.83614484253    0
7276    1366020.0614556167  102195.50594910354    0
7277    1365916.8800000027  102560.91550000012    342
7278    1366448.515865152  102412.07070057142    0
7279    1366468.7093758893  102568.56318241407    0
7280    1369684.6543149073  106255.47459442669    0
7281    1371188.8270562452  107261.42013558534    0
7282    1372946.7065919978  108065.6891409127    0
7283    1372907.2140084412  108000.41677072847    0
7284    1373217.6256694084  107998.54106534721    0
7285    1373310.8354511664  107869.18638114272    0
7286    1371793.9483198693  107829.22425908531    0
7287    1371855.7581536702  107791.89096321465    0
7288    1373436.1224425957  116788.18350574619    0
7289    1373419.6779555171  116852.90105425175    0
7290    1368676.2686469068  105613.46768585806    0
7291    1370957.6527315606  107748.95819472132    0
7292    1370924.6589620262  107786.77296939339    0
7293    1370828.7864704477  107679.90449421587    0
7294    1372778.0588909327  107697.6658905253    0
7295    1372249.347778975  108035.78432010354    0
7296    1372318.3377792155  108048.77051175764    0
7297    1370847.7767051265  108143.48333026095    0
7298    1368110.6894603856  110911.9845398352    0
7299    1368117.0026935455  110878.03329122307    266
7300    1368147.382046822  111016.4785596912    268
7301    1368120.442570834  110974.35653892418    268
7302    1368106.9728328399  110953.29552854068    268
7303    1368126.1057068098  110934.19417530825    0
7304    1368076.3723404522  110987.70416334763    0
7305    1368077.1150615264  110957.55346085476    0
7306    1368072.9596159318  110838.86468914675    0
7307    1368208.7711476116  110895.31175380816    272
7308    1368027.4700299024  110971.4150230052    0
7309    1368059.4889913113  110928.18158373643    0
7310    1368175.3779943818  110941.40208716711    0
7311    1368151.7583527861  110930.84946299337    0
7312    1368172.644154727  110900.85496257155    0
7313    1368151.3141537593  110963.5536026615    0
7314    1366219.1247181708  114695.69896159515    0
7315    1366282.226007032  114520.21878441755    0
7316    1366284.0126830088  114474.20101895437    263
7317    1366315.8427552483  114527.98853145706    263
7318    1366267.5259138772  114496.60447444412    0
7319    1366323.7303756988  114432.54117221216    0
7320    1366306.509444003  114551.66767949557    0
7321    1366353.3269525797  114523.96227705672    0
7322    1366192.8576790188  114467.43093116404    265
7323    1366321.4968803402  114470.17476455403    0
7324    1366225.7926092811  114493.277203832    0
7325    1366150.1980468195  114426.75996049779    0
7326    1366331.8344319111  114500.36913330517    0
7327    1366246.0733170121  114502.2902272544    0
7328    1366232.7773594216  114521.6134048197    0
7329    1366247.7656839846  114471.15824906742    0
7330    1366181.6154492244  114511.26710010928    259
7331    1366380.1919423095  114466.94632177746    0
7332    1366173.46695073  114497.49749690907    259
7333    1366179.0880656273  114475.57941243652    265
7334    1366147.760406778  114503.41413324936    0
7335    1366198.1955789446  114492.15956605486    0
7336    1366157.7582495275  114455.24392710339    0
7337    1366177.0266473764  114456.38750082474    0
7338    1366163.4382658747  114512.72805369398    0
7339    1366174.3098864399  114534.18202095076    0
7340    1366168.5004042524  114437.14745256156    0
7341    1366212.651458438  114455.71751290574    265
7342    1366177.7633834051  114399.50867580669    0
7343    1366194.6864917979  114447.94047895665    0
7344    1366212.1371316786  114432.26753443939    0
7345    1366102.6638405293  114521.49585077212    0
7346    1366136.87467735  114476.03213249703    0
7347    1366189.1459515358  114424.22004891912    0
7348    1366238.0681227932  114410.83652693988    0
7349    1366209.5645390686  114402.75132679299    0
7350    1366226.4587691708  114471.96541446861    0
7351    1366129.3103091407  114447.54927149689    0
7352    1366199.412286897  114344.75532517883    0
7353    1366086.9275128257  114474.0510191845    0
7354    1366102.9004646512  114400.12641931786    0
7355    1367380.2764820755  112339.38067606091    253
7356    1367367.7764820755  112356.94336050039    0
7357    1367404.1397774036  112315.42599600552    0
7358    1367346.2763541192  112323.38080401719    254
7359    1367402.3428200171  112337.49936347312    0
7360    1367361.6294388582  112339.33859263927    0
7361    1367389.2766100317  112417.88054810464    252
7362    1367424.627165722  112328.20366881804    0
7363    1367389.2766100317  112386.63054810464    252
7364    1367427.508122558  112369.60274156464    0
7365    1367359.0726807781  112385.87588041571    0
7366    1367333.7763541192  112279.0627006773    0
7367    1367467.5681523115  112339.77672426876    0
7368    1367358.7763541192  112295.933281444    0
7369    1367419.1435123472  112402.25554810464    0
7370    1367282.2768440247  112396.88129392266    256
7371    1367376.183239792  112243.17988772076    0
7372    1367320.1071046523  112387.41746823475    0
7373    1367339.2660044776  112378.45999068717    0
7374    1367340.3451218405  112405.73604283707    0
7375    1367319.0279872895  112360.14141608476    0
7376    1367365.1651681999  112410.38077441034    0
7377    1367389.2766100317  112449.13054810464    252
7378    1367344.9353931162  112449.84480719546    0
7379    1367349.1901254596  112427.10879923755    0
7380    1367366.9887012297  112442.20567021059    0
7381    1367282.2768440247  112428.13129392266    256
7382    1367364.0905849608  112469.49139053402    0
7383    1367315.7459059802  112428.43290733173    0
7384    1367282.2768440247  112365.63129392266    256
7385    1367416.4714913717  112433.50554810464    0
7386    1367226.8792148498  112443.75629392266    0
7387    1367389.2766100317  112510.88054810464    252
7388    1367321.0262916591  112492.31724205104    0
7389    1367299.153541964  112412.50629392266    0
7390    1367298.871926093  112443.75629392266    0
7391    1367321.2845569903  112451.484454754    0
7392    1367334.5881138435  112471.98580948984    0
7393    1367351.6489237065  112498.05484095449    0
7394    1367298.7283949165  112350.00629392266    0
7395    1367302.3811920292  112374.45938267463    0
7396    1367416.3402222551  112464.75554810464    0
7397    1367473.2051310344  112422.61730417339    0
7398    1367226.8792148498  112350.00629392266    0
7399    1367247.9674408082  112412.50629392266    0
7400    1367373.4749810963  112495.63054810464    0
7401    1367365.1425515714  112520.07598731709    0
7402    1367330.5388821082  112526.13491795852    0
7403    1367443.3446961064  112526.13054810464    0
7404    1367416.1234000977  112495.63054810464    0
7405    1367448.9080712926  112449.26707728812    0
7406    1367254.4483648753  112381.25629392266    0
7407    1367443.7406852148  112480.38623137318    0
7408    1367213.9905173769  112389.16279634912    0
7409    1367501.4900537173  112473.98700433839    0
7410    1368096.0147766881  116635.79814482977    232
7411    1368086.111109237  116620.29474946782    0
7412    1368102.2931051208  116620.87254821634    0
7413    1368140.8193935407  116732.0749397578    0
7414    1367914.9887568327  116667.97608425294    0
7415    1368318.2823544198  109260.23467843668    0
7416    1368298.9407859314  109286.50923824216    277
7417    1368339.6382271503  109185.70252641808    279
7418    1368285.3895379072  109267.09904765429    0
7419    1368313.7795838197  109330.09999828206    0
7420    1368341.4858901119  109220.40333724936    279
7421    1368233.9594284059  109213.36108370122    275
7422    1368255.6293590809  109281.80560631676    276
7423    1368235.6209974473  109244.5668794501    275
7424    1368254.1080327882  109317.34587387746    0
7425    1368252.8659110793  109259.29579836906    0
7426    1368239.8324022633  109298.93210091042    0
7427    1368287.9179075856  109314.58258233186    0
7428    1368319.7425094345  109234.41106529591    0
7429    1368265.2449173443  109227.34240478801    0
7430    1368214.3276777966  109333.44574214763    0
7431    1368315.7747236912  109204.37274654662    0
7432    1368197.5022114972  109291.872543469    0
7433    1368275.0485117468  109365.34054349893    0
7434    1368295.0349630117  109153.2782601053    0
7435    1368179.4709456945  109231.90948511504    0
7436    1368208.423628951  109261.66215110396    0
7437    1368312.7043624038  109175.86255587768    0
7438    1368280.4626049041  109193.75520679656    0
7439    1368337.790564189  109151.00171558681    279
7440    1368290.9580639396  109174.67212635929    0
7441    1368232.2978593644  109182.15528795234    275
7442    1368262.6160562858  109158.18577414093    0
7443    1368316.5465347967  109154.65233402369    0
7444    1368307.5748714909  109126.03428070123    0
7445    1368254.2906811903  109196.63140199716    0
7446    1368198.8677725559  109199.58242397764    0
7447    1368336.8667327082  109133.65131017118    279
7448    1368367.1622993757  109123.33840910241    0
7449    1368356.3776742204  109141.3122374621    0
7450    1368393.6326261044  109151.44348856699    0
7451    1368358.1159414973  109167.31907546951    0
7452    1368373.5370003218  109201.29716368414    0
7453    1368227.3131522401  109088.53790070571    275
7454    1368332.2475753049  109046.89928309299    279
7455    1368203.677960081  109168.03203613948    0
7456    1368274.5261383785  109127.33048527218    0
7457    1368334.0952382663  109081.60009392427    279
7458    1368193.1785646447  109121.64968168082    0
7459    1368145.3427323734  109175.28009454567    0
7460    1368314.5106337231  109100.04248182471    0
7461    1368300.8991835194  109065.96804004512    0
7462    1374450.0124650788  115416.22690792184    296
7463    1374419.4684471448  115423.44253452134    295
7464    1374445.6717607037  115398.75332527321    0
7465    1374478.6355353326  115432.95730916903    0
7466    1374418.9087012701  115457.25043770319    0
7467    1374432.7147686584  115411.24797957372    0
7468    1374445.8541799239  115365.59126129882    0
7469    1374457.2457409902  115436.70189048121    0
7470    1374404.8852052253  115440.10967013054    0
7471    1374486.014481029  115381.53029645147    296
7472    1374459.7930991473  115382.24947078509    0
7473    1374471.5685901754  115455.55318438417    0
7474    1374440.0517063981  115450.65992427888    0
7475    1374395.2900546254  115462.2667720238    0
7476    1374472.2396166937  115357.67385782787    0
7477    1374441.1633660342  115491.4358964382    0
7478    1374349.8401815458  115364.16441123007    294
7479    1374364.487554586  115434.45678708122    0
7480    1374474.2515538039  115488.64988700832    0
7481    1374356.3397419208  115483.7317231622    0
7482    1374407.412645383  115233.68295413659    298
7483    1374450.7834265979  115278.68545780922    298
7484    1374447.1765444567  115322.0735712984    0
7485    1374453.7718246798  115344.05291717147    0
7486    1374417.5211319788  115342.95137363093    0
7487    1374472.4688172054  115301.18670964554    298
7488    1374470.5221861897  115327.04749702528    0
7489    1374461.6261219017  115289.93608372737    298
7490    1374455.6353974165  115306.5596844142    0
7491    1374476.1490303329  115265.08966313016    0
7492    1374446.3394393036  115293.81840364743    0
7493    1374479.3995419077  115283.65719172232    0
7494    1374429.0980359905  115256.18420597291    298
7495    1374426.9890391098  115279.91691538086    0
7496    1374510.6893921569  115268.61116711107    0
7497    1374495.8921715261  115300.3128321421    0
7498    1374420.9725762091  115308.70992221931    0
7499    1374397.1200298218  115265.30255663661    0
7500    1374536.4608455759  115315.08132702975    0
7501    1374458.1438528532  115206.49136477847    0
7502    1369617.8588547721  116870.26714855709    303
7503    1362537.7786093939  106581.14730123576    0
7504    1362512.7456907965  106544.65568731845    790
7505    1364907.9408732043  118068.67254540315    606
7506    1364848.3092190698  117985.70856223369    49
7507    1370645.1620375968  107854.48284848459    0
7508    1370609.1659237146  107786.31095573545    0
7509    1370748.9639304283  107987.50169694847    0
7510    1368029.9087010263  117392.46663725539    90
7511    1368050.3193361764  117232.06727001633    0
7512    1368085.6162575001  117256.45640855067    0
7513    1376617.288671491  115935.12821483071    754
7514    1376717.2563761715  115937.44591064041    186
7515    1368233.9153021146  117347.42800224309    0
7516    1370338.7277726226  118396.47407398882    0
7517    1370224.7592572379  118510.16995376654    114
7518    1373548.9673131593  116799.79800717186    0
7519    1368420.3258554826  105205.33128259482    0
7520    1365345.4048462287  113462.954399728    0
7521    1365331.5701637715  113402.40994892042    287
7522    1365363.0134752668  113493.15857698233    289
7523    1365326.2604106551  113426.83957277844    287
7524    1365360.8710454686  113421.57031138148    0
7525    1365280.2985503091  113429.64165721447    0
7526    1365302.0939811214  113408.79517810856    0
7527    1365382.7966825147  113477.47113865592    0
7528    1365396.5549590038  113456.26607385208    0
7529    1365385.112278918  113432.33666163021    0
7530    1365430.5799117263  113435.69292472443    0
7531    1365386.7082765333  113396.06951536714    0
7532    1365407.6814705117  113436.24498199963    0
7533    1365418.386339617  113405.09445921653    0
7534    1365369.1493289231  113540.26126817522    0
7535    1365254.2412091037  113380.58113145847    0
7536    1365309.5622574168  113372.04286043547    0
7537    1365430.5575097152  113486.93762284913    0
7538    1365537.0573580663  113356.86210488445    0
7539    1365839.8574185427  114125.56347929913    0
7540    1365884.1356628696  114400.41486148981    586
7541    1365838.3339875583  114482.39358158001    0
7542    1372314.1369537786  106696.23808585553    761
7543    1372292.152418653  106598.85998832792    195
7544    1369299.0432785382  105533.20328305152    0
7545    1367688.3934353737  117161.55093726647    0
7546    1363484.4237855643  111507.40709781725    12
7547    1370480.7761666051  105695.55393151862    198
7548    1370422.2629387246  105776.58422484872    765
7549    1370312.5537429978  105520.92888943841    200
7550    1373467.2352453689  118436.92465310032    167
7551    1373455.6256666298  118224.19062222408    732
7552    1373409.0455867881  118325.62281059567    165
7553    1365712.7176390551  114157.66724939794    581
7554    1365695.8283880597  114219.60916855015    0
7555    1365789.5572283342  113574.08449812839    246
7556    1365772.6044576494  113565.3102155018    0
7557    1365806.9814354172  113583.53136159475    0
7558    1365787.9635636089  113556.39926860947    0
7559    1365791.2021788538  113591.84289518946    0
7560    1365808.6235214851  113605.78287023041    0
7561    1365769.6567692137  113616.63910852764    0
7562    1365754.0604272252  113579.67281874348    245
7563    1365752.7529282076  113558.33100545696    0
7564    1365788.2929619525  113534.82855460093    0
7565    1365738.5422653491  113600.45596123887    0
7566    1365795.538765819  113634.17782668394    0
7567    1365739.2206694116  113637.15432942596    0
7568    1365826.0240716028  113683.03283265949    0
7569    1365834.4626592051  113434.35639542894    0
7570    1367056.6576686464  104890.65469573198    0
7571    1366175.7019826858  103701.14295544481    0
7572    1366337.4108946247  104201.95420680958    0
7573    1366378.8092612252  114790.73767109265    0
7574    1366353.217383883  114784.71552921204    0
7575    1366337.3981500345  114807.23976718674    0
7576    1366352.4205569085  114761.88356447019    0
7577    1366349.5043792774  114851.85702100993    0
7578    1366312.1790466905  114796.76638418436    239
7579    1366331.3108506403  114786.01638418436    0
7580    1366350.4076018932  114827.66089529307    0
7581    1366375.9211544178  114831.6158302065    0
7582    1366312.1790466905  114855.76638418436    239
7583    1366401.1791767776  114858.26651445031    242
7584    1366335.1790466458  114895.26638422906    240
7585    1366348.4772991773  114875.5864803843    0
7586    1366343.1335982769  114937.03903924486    0
7587    1366374.1326588944  114864.8099618633    0
7588    1366321.4832448133  114919.51810492492    0
7589    1366440.13950572  114842.26651445031    0
7590    1366301.2486384329  114966.65867617069    0
7591    1366430.515520866  114874.26651445031    0
7592    1366270.2940868468  114922.88602111071    0
7593    1370197.0815398803  118330.82980270391    0
7594    1373522.6266753273  117326.89987890753    156
7595    1373622.4378878158  117319.9865409764    723
7596    1364689.9589679926  118229.13955145377    609
7597    1366509.7298128549  117489.75120498128    631
7598    1376427.599036511  118269.2853450847    746
7599    1366245.9993598012  102719.06281107148    0
7600    1366288.7789875364  102805.02563404065    0
7601    1366595.9922651867  102764.91999415311    0
7602    1367631.4655149272  104689.6718901494    0
7603    1370173.5094885761  106322.20205580156    0
7604    1371402.1935312392  107789.92295143644    0
7605    1371742.3542659071  107721.48979760196    0
7606    1366159.4346523304  103799.61028808457    0
7607    1366135.081571375  103901.01145503606    0
7608    1372684.2475260901  107680.79732168218    0
7609    1372816.549711186  107978.10560439828    0
7610    1366019.5222667768  102133.42098888409    0
7611    1366010.5490428125  102406.70520724733    0
7612    1369723.1436429364  106233.62508441113    0
7613    1371142.6674945636  107269.33169798071    0
7614    1372928.8356003498  108031.91831880831    0
7615    1371768.6581538611  107787.93559923195    0
7616    1370969.0655504426  107792.21707794646    0
7617    1368140.5473492313  110885.15101979999    0
7618    1368191.5298829791  110868.35366051724    272
7619    1368164.8474843204  110876.13752931982    0
7620    1368230.6985132354  110824.31060796462    0
7621    1368111.552515731  110839.81534742884    0
7622    1368051.3669167168  110890.00024696438    0
7623    1368194.0364586189  110919.77833815191    0
7624    1368226.012412244  110922.26984709907    272
7625    1368207.731092121  110950.45679421206    0
7626    1368282.4223071325  110905.18488783727    0
7627    1368131.1290500264  110955.38294706422    0
7628    1368133.912308828  110995.41754930769    268
7629    1368163.8709998769  110991.09507296808    0
7630    1368103.3118164402  111029.82618411465    0
7631    1368104.0545375145  110999.67548162177    0
7632    1368174.32152281  111058.60058045819    268
7633    1368184.4009578638  111022.47850770617    0
7634    1368167.2147220981  111011.31443722907    0
7635    1368188.463304471  110997.41434926749    0
7636    1368160.851784816  111037.5395700747    268
7637    1368182.5920492869  110969.25136907322    0
7638    1368272.8871079152  110995.5621748858    272
7639    1368130.2512924282  111071.94820488166    0
7640    1368230.86396972  111017.14784835647    0
7641    1368130.9940135025  111041.79750238878    0
7642    1368206.8807028087  111013.26069039723    0
7643    1368217.751466057  110982.00017938786    0
7644    1368212.9158327298  111051.955133536    0
7645    1366225.0214789114  114734.49284529402    0
7646    1366082.2885312487  114616.06085741133    0
7647    1366272.6892807756  114412.92824630906    0
7648    1367410.8523748743  112271.29635168122    0
7649    1367453.2690057519  112393.59963705661    0
7650    1367307.251266794  112514.43876401582    0
7651    1367282.2768440247  112553.13129392266    256
7652    1367282.2768440247  112490.63129392266    256
7653    1367307.8676983595  112542.24288684639    0
7654    1367226.8792148498  112568.75629392266    0
7655    1367302.3680722502  112475.00629392266    0
7656    1367226.8792148498  112506.25629392266    0
7657    1367247.9674408082  112475.00629392266    0
7658    1367357.2766100317  112605.38054810464    258
7659    1367247.9674408082  112537.50629392266    0
7660    1367342.0729279129  112566.37680651971    0
7661    1367373.2766100317  112662.10772037969    0
7662    1367329.2199260148  112548.28683069587    0
7663    1367350.5257526585  112538.44018701055    0
7664    1367311.8939038788  112574.20808352214    0
7665    1367389.2766100317  112573.38054810464    252
7666    1367373.2766100317  112589.38054810464    0
7667    1367366.2044959045  112566.30843397735    0
7668    1367422.9741264072  112557.38054810464    0
7669    1367369.4276899814  112546.15048423542    0
7670    1367417.5208667992  112589.38054810464    0
7671    1367946.681240469  116725.25029561561    0
7672    1368272.6348455739  109248.57988445845    0
7673    1368173.9249687861  109266.26978122292    0
7674    1368292.1333832124  109218.96999648708    0
7675    1368372.5910711526  109236.14672080096    0
7676    1368228.9747212816  109119.74369645459    275
7677    1368255.2210953333  109102.69906100114    0
7678    1368249.9622607785  109134.27333728685    0
7679    1368259.0127375147  109060.64651755781    0
7680    1368284.7782064506  109099.41441829345    0
7681    1368248.7273388971  109080.91634808877    0
7682    1368225.6515831987  109057.33210495683    275
7683    1368271.9829245864  109079.9723461985    0
7684    1368299.9320898815  109086.11020791842    0
7685    1368244.1491878738  109040.70005681278    0
7686    1368278.6229808656  108980.15625982144    273
7687    1368284.696124522  109025.99678652764    0
7688    1368252.9074687273  109007.35565423001    0
7689    1368266.6367341864  109039.45414360803    0
7690    1368181.380204387  109075.33649128866    0
7691    1368194.1730846965  109043.36106076598    0
7692    1368394.6863716014  109060.9742917863    0
7693    1368333.1714067855  109064.24968850863    279
7694    1368317.4972108928  109073.78406698479    0
7695    1368363.4669734531  109053.93678743986    0
7696    1368315.9842805194  109055.46520290471    0
7697    1368352.6823482977  109071.91061579956    0
7698    1368296.9977826211  109044.27981640691    0
7699    1368330.3999123436  109012.19847226172    279
7700    1368331.3237438244  109029.54887767736    279
7701    1368308.4445820295  109022.0672930506    0
7702    1368361.619310492  109019.23597660816    0
7703    1368350.8346853366  109037.20980496852    0
7704    1368375.4886736472  109073.37242720214    0
7705    1368354.4206155746  109097.91745380696    0
7706    1368292.8575152396  109001.59297051742    0
7707    1368407.0659964876  109101.2055819672    0
7708    1368303.5876151239  108978.82696062594    273
7709    1368288.7488172301  108935.23620058762    0
7710    1368314.610493466  108950.75361653471    0
7711    1368329.1877530885  108897.14929096254    0
7712    1368368.9911852407  108939.41075180519    0
7713    1374538.2678010266  115419.80288375243    0
7714    1374501.6049895249  115341.50621329607    297
7715    1374516.4183566838  115324.84502278567    0
7716    1374540.0581651838  115347.91876934656    0
7717    1374520.9712318107  115343.87504720305    0
7718    1374375.8626682493  115391.16589611082    294
7719    1374462.6462860717  115548.69912071963    0
7720    1374419.9115577724  115369.00870305623    0
7721    1374402.295880087  115388.85200607807    0
7722    1374386.2829982995  115358.06510270662    0
7723    1374364.0418641681  115188.68045046396    298
7724    1374497.5379338539  115226.45228695073    0
7725    1369654.2442604322  116839.95474138609    0
7726    1364962.2316528459  118012.47491469615    606
7727    1370782.4950677853  108028.71925599969    0
7728    1370690.5016077063  108015.60915157531    0
7729    1368057.1161303844  117339.69538142924    0
7730    1368102.1186791961  117194.83733804383    0
7731    1376616.4652970601  115975.09797926138    754
7732    1370261.2788410326  118474.39545390473    0
7733    1373513.1151177054  116773.22318756035    0
7734    1365345.9032260545  113439.55857199323    0
7735    1365436.4596983304  113459.44929616159    0
7736    1365454.0031717017  113409.11605664015    0
7737    1365358.4541371153  113393.28206608865    0
7738    1365336.8799168877  113377.98032506247    287
7739    1365376.1468650587  113360.93125371195    293
7740    1365398.5087636963  113414.75750635717    0
7741    1365405.970517989  113388.5663269826    0
7742    1365444.0612551679  113375.69235872696    293
7743    1365340.8054182571  113520.0025101979    0
7744    1365293.0944667594  113304.9573791095    0
7745    1365893.3628059435  114441.76823514421    586
7746    1372268.6683013472  106705.55422257223    761
7747    1369321.4148265936  105479.62923423655    0
7748    1363523.8674922402  111501.4943661625    0
7749    1370429.2879461613  105657.44061142785    198
7750    1370337.1735590813  105560.80952088475    200
7751    1370227.2770663621  105573.14126885847    768
7752    1373488.8668762811  118394.44743742654    0
7753    1373486.9083416853  118262.78983644434    732
7754    1373452.3276326924  118323.89276561049    0
7755    1365724.8627238614  114098.3873513596    0
7756    1365741.7959005677  114137.17938036169    0
7757    1365681.4392968812  114182.41230610599    0
7758    1365702.4999943802  113662.95100199156    0
7759    1365894.7113830855  113414.10748194873    0
7760    1366312.1790466905  114837.01638418436    239
7761    1366330.1437877235  114827.64138418436    0
7762    1366278.9404691856  114846.39138418436    0
7763    1366328.5000110257  114846.39138418436    0
7764    1366291.5934047606  114827.64138418436    0
7765    1366329.5466821748  114867.10764374805    0
7766    1366261.7728827721  114821.16205062706    0
7767    1366247.4989744332  114791.34915826036    0
7768    1366225.6320275073  114864.2101121564    0
7769    1366379.6791116893  114893.76644936204    241
7770    1366396.6335633176  114930.13016616202    0
7771    1366372.771660845  114919.12135769137    0
7772    1366372.2205182335  114951.68105195615    0
7773    1366492.054685568  114875.3271846623    0
7774    1364716.5408939018  118222.19203916145    609
7775    1364666.2347733155  118132.11514619589    51
7776    1364739.5275776477  118255.8151488955    0
7777    1364690.9339082381  118178.54337373082    0
7778    1364709.9646430225  118251.3570026602    0
7779    1364716.8430469127  118305.99300344783    0
7780    1364671.2271379537  118266.12237106678    0
7781    1366468.3727486031  117495.99035260557    631
7782    1376430.8785050369  118240.95311684039    746
7783    1376527.1818550327  118279.78203790281    180
7784    1376379.0135460068  118249.30563796133    0
7785    1376478.8317814253  118260.8596448874    0
7786    1376401.4122603284  118223.18647126252    0
7787    1367664.999286179  104729.14138314745    0
7788    1366112.0354638589  103720.96406223888    0
7789    1366177.5562110627  103836.70638603183    0
7790    1372806.8274930841  108041.81782182    0
7791    1366047.0166400555  102164.22703013843    0
7792    1368200.1505152953  110881.8327071627    272
7793    1368190.6077236978  110897.43209658271    0
7794    1368219.7348304235  110859.81118088616    0
7795    1368183.9954880395  110882.66856375746    0
7796    1368219.259488936  110879.10763048165    0
7797    1368253.7044415704  110870.3020550104    0
7798    1368232.4643004215  110899.15104916602    0
7799    1368255.5255172879  110918.04654854222    0
7800    1368286.4856215685  110948.23686511899    0
7801    1368225.91447462  110962.04376330192    0
7802    1368258.0703923958  110972.3950576379    272
7803    1368246.5876722813  110996.06055652749    0
7804    1368260.2460027547  111022.65068862474    0
7805    1368287.7038234347  111018.72929213369    272
7806    1368240.968372558  111044.38917335334    0
7807    1368318.1325802561  110982.94670361644    0
7808    1368272.1276276102  111052.6041996618    0
7809    1368272.1443774214  111107.61775531323    270
7810    1368319.3500723669  111014.81131319243    0
7811    1368236.4301247008  111083.3511803249    0
7812    1368345.7358581494  111049.97745297725    0
7813    1368230.9319555198  111062.96545185057    0
7814    1368252.7842452554  111062.77245292127    0
7815    1368187.791260804  111079.6615908417    268
7816    1368293.2053791867  111094.14800384383    270
7817    1368212.3609282449  111078.9084948042    0
7818    1368273.2215614086  111078.16810731986    0
7819    1368157.1907684165  111114.07022564819    0
7820    1368327.6140335724  111124.74847421583    0
7821    1368157.9334894908  111083.91952315561    0
7822    1368297.4633306044  111124.00577243305    0
7823    1368375.2284887144  110996.72073075717    0
7824    1368256.4515072615  111092.29923080355    0
7825    1368251.083375656  111121.08750678263    270
7826    1368215.6416863445  111117.63992973857    269
7827    1368192.8422735862  111151.59158586652    0
7828    1368189.8777923214  111124.96983532385    0
7829    1368273.6088428719  111133.10769179957    0
7830    1368166.3497826522  111141.06574226801    0
7831    1368252.222556165  111146.06883501814    0
7832    1368301.6712788611  111170.8441582143    0
7833    1368224.6880105149  111172.00704417976    0
7834    1368275.7719840272  111160.80153000544    0
7835    1368113.9146717235  111143.80438953369    0
7836    1368270.9188220536  111211.73514910499    0
7837    1368160.9366111457  111193.29254210497    0
7838    1368191.6724424763  111043.97483870796    0
7839    1366193.3376646501  114719.46375637077    0
7840    1366318.4309636964  114368.33074997152    0
7841    1367505.9276507804  112378.77858701597    0
7842    1367431.762324553  112647.44982371175    0
7843    1367476.9746688781  112583.04767301852    0
7844    1368115.7866310924  109239.25814605907    0
7845    1368140.3269556214  109320.86710950354    0
7846    1368434.8426866832  109220.39881370944    0
7847    1368374.6822402833  109271.42975870466    0
7848    1368226.3418632532  109004.47058371019    274
7849    1368196.0117087164  109012.1322468576    0
7850    1368206.9084806468  108991.40451469997    0
7851    1368164.715543651  108982.4514101995    0
7852    1368202.5740051433  108948.49048046122    0
7853    1368153.7870716231  109025.31476629055    0
7854    1368253.6583466073  108981.48555901693    273
7855    1368239.3371371962  108947.61526462619    0
7856    1368264.8608709683  108956.78602058921    0
7857    1368260.7266551089  108928.18845988595    0
7858    1368285.0327023822  108890.77904048399    0
7859    1368219.924734402  108904.75293817032    0
7860    1374518.4183725121  115392.09632588451    0
7861    1374596.4712318603  115325.12299290305    0
7862    1374335.7648037588  115403.76968982973    0
7863    1374531.2012001839  115510.95079473883    0
7864    1374362.8514248976  115377.66515367044    294
7865    1374355.8137360041  115397.46779297029    0
7866    1374344.5272823966  115382.3047968285    0
7867    1374323.8176948423  115337.16292634932    294
7868    1374321.2806729763  115365.6481974807    0
7869    1374371.7844159594  115413.23420242587    0
7870    1374351.2669476776  115418.04549297094    0
7871    1374328.7845539991  115449.68762895344    0
7872    1374329.3550912857  115426.28483610628    0
7873    1374287.5831269687  115436.97482731282    0
7874    1374301.9933840649  115406.32543706613    0
7875    1374285.4480375594  115348.10117281119    0
7876    1374388.4611183812  115322.72753034334    0
7877    1374360.1874297406  115235.79549205569    0
7878    1369641.8658821681  116813.27013207877    302
7879    1369620.2407105456  116788.072297882    0
7880    1369641.7139373948  116791.52208770816    0
7881    1369634.3196661184  116768.99277433091    0
7882    1369744.6887009093  116819.0769933238    301
7883    1369675.0719086567  116769.34272623839    0
7884    1369648.9388510815  116727.83788525662    0
7885    1369643.4417296408  116863.98171547837    0
7886    1369646.8721076304  116899.76243938325    0
7887    1369621.6854247781  116845.56173696394    303
7888    1369575.9762604134  116851.13098976183    0
7889    1369596.4746160859  116829.00783650226    0
7890    1369547.0071905551  116803.73148333246    0
7891    1365029.4442681572  118020.5748572953    0
7892    1365472.7278775563  113402.2885216616    0
7893    1365469.9833868952  113423.85196172046    0
7894    1365435.1754327468  113416.13277838635    0
7895    1365436.8467712151  113395.30358122612    0
7896    1365450.3558065812  113430.0192182661    0
7897    1365406.2091461355  113304.42479078298    0
7898    1365469.1429679573  113342.10099986946    0
7899    1365291.9930971807  113849.79715528055    580
7900    1365232.5192413623  113930.56421360918    28
7901    1365298.5548042392  113513.34301962153    0
7902    1370370.2705618357  105738.13406749073    765
7903    1370372.5014716489  105655.24442278982    0
7904    1370321.1899734552  105598.2164760564    0
7905    1373563.4679099745  118409.86093088976    735
7906    1365766.130513228  114103.46525600071    0
7907    1365852.20139375  113387.37967766516    0
7908    1366222.8666024341  114768.21601851549    0
7909    1366220.0393953114  114822.81983910344    0
7910    1366433.2150253842  114914.1105229286    0
7911    1366340.7186616173  114978.04855108996    0
7912    1376364.7400132555  118214.40156046447    0
7913    1368234.6876837288  111105.74091862721    0
7914    1366136.1883173799  114711.39082177648    0
7915    1368409.6318904206  109251.65485985877    0
7916    1374558.5030521681  115384.34251526103    0
7917    1374240.4553417466  115396.10472166378    0
7918    1374395.5377081318  115294.4292742462    0
7919    1374348.9648433754  115297.81667920139    0
7920    1374372.8081399978  115303.77921017575    0
7921    1374357.3734672228  115332.46913515154    0
7922    1374367.6825790498  115273.62137695715    0
7923    1374327.5560796415  115261.91687056683    0
7924    1374377.4739393326  115252.02571236763    0
7925    1374385.7272547756  115211.18170230027    298
7926    1374362.1146469542  115212.23797125982    0
7927    1374321.3834886446  115220.76338819276    0
7928    1374337.9613497693  115198.40442192118    0
7929    1374345.3182579332  115275.65787511863    0
7930    1374320.2842859367  115291.15706940911    0
7931    1374396.5699500793  115222.43232821842    298
7932    1374390.2880345245  115239.33656182874    0
7933    1374411.0928585106  115197.58590762121    0
7934    1374381.2411602358  115226.35522863911    0
7935    1374414.3433700853  115216.15343621337    0
7936    1374434.423167408  115203.0698917788    0
7937    1374430.8359997037  115232.80907663314    0
7938    1374432.4796040237  115158.96969807331    0
7939    1374455.3216408086  115246.3817823018    0
7940    1374449.8147943108  115180.29863433435    0
7941    1374239.7875168975  115157.74400446244    300
7942    1374342.3564735607  115166.17919862764    298
7943    1374330.2018360009  115313.53398474987    0
7944    1374245.7502347319  115256.15847170707    294
7945    1374478.9575192211  115138.90365602144    0
7946    1374293.1148692816  115182.47862754294    0
7947    1374371.4022904234  115116.4863574332    0
7948    1374271.7727214354  115283.15995658783    294
7949    1374494.2142963195  115180.60063113055    0
7950    1374316.1993836318  115169.6876906367    0
7951    1374291.324993229  115152.02191767569    0
7952    1374313.1030154063  115197.29866468447    0
7953    1374278.877757364  115222.56983722864    0
7954    1374292.1263603787  115204.70112269865    0
7955    1374256.3012986914  115191.9848302371    0
7956    1374377.9033135725  115153.62141461755    0
7957    1374298.8089397214  115270.29201316525    0
7958    1374303.2705531921  115128.50510595462    299
7959    1374321.4675494381  115090.07234649097    0
7960    1374328.6290937273  115116.98746903663    0
7961    1374269.8872687055  115168.56271568226    0
7962    1374284.7839647871  115296.6606990282    294
7963    1374271.4226252895  115322.55771108167    0
7964    1374264.9044134887  115302.79935621946    0
7965    1374233.1374068847  115324.2335250178    0
7966    1374243.5565397043  115284.312864069    0
7967    1374274.6427300265  115254.35377189718    0
7968    1374306.7423645034  115243.99905651186    0
7969    1374349.7838576131  115096.94830530224    0
7970    1374349.3831659532  115137.70710188063    0
7971    1374262.8287701642  115135.53813479013    300
7972    1374253.4039908212  115349.07365858181    0
7973    1374194.7434164113  115266.34685177084    0
7974    1374395.2286505543  115068.39381379441    0
7975    1374347.8041733587  115043.35742150084    0
7976    1374408.614620374  115324.75894797622    0
7977    1369701.4542352303  116812.38046605534    301
7978    1369722.3201467234  116947.16230582265    305
7979    1369629.2048173025  116927.68025826746    304
7980    1369614.032284766  116894.97256015024    303
7981    1369624.5185221289  116965.36156912343    0
7982    1369610.9195484309  116944.53824684185    0
7983    1369568.3231204012  116900.54181294773    0
7984    1369588.8214760739  116878.41865968889    0
7985    1369578.7966829331  116933.02023128911    0
7986    1369580.8050293298  116979.05713684918    0
7987    1369579.7463611541  116777.76751692269    0
7988    1365367.2713827936  113319.95934234673    0
7989    1365433.6551232908  113341.76281544777    0
7990    1365319.064184407  113580.37782366456    0
7991    1370344.2743733912  105718.90898881169    765
7992    1370252.0244192299  105613.2374079752    768
7993    1373527.3748795176  118396.30997154891    0
7994    1366422.6308161232  114984.18320325423    0
7995    1376310.0014790916  118257.1566351927    0
7996    1374376.7219567294  115339.73987074672    0
7997    1374336.8289381941  115350.6636687897    294
7998    1374219.7277480285  115229.1569868263    294
7999    1374216.746389111  115179.949753204    300
8000    1374228.2669530043  115168.84687883322    300
8001    1374246.0867027689  115175.80858598114    0
8002    1374202.8243377083  115153.97553437241    0
8003    1374232.3697152697  115184.63240741074    0
8004    1374221.8373791541  115150.64700414719    0
8005    1374206.7165046767  115215.65624438593    294
8006    1374219.2737894959  115199.92162826982    0
8007    1374195.266615828  115239.71110963459    0
8008    1374187.4264263182  115221.226801274    0
8009    1374206.4302925714  115118.60639183587    0
8010    1374238.8926755036  115133.75853237549    0
8011    1374239.513318836  115204.00447862138    0
8012    1374158.5789415494  115244.36744861027    0
8013    1374259.0607950618  115213.57285582932    0
8014    1374156.7576912427  115200.5605092628    0
8015    1374260.6844080568  115236.31979149526    0
8016    1374253.2479235742  115102.53989046998    0
8017    1374407.8424586039  115129.24356170474    0
8018    1374274.3493967974  115124.43519995402    300
8019    1374278.8793387043  115140.66404143049    0
8020    1374258.0383468692  115119.03901263008    0
8021    1374266.4022132696  115152.04097948063    0
8022    1374269.9934003209  115106.6229362922    0
8023    1374239.9645876302  115115.34162583454    0
8024    1374268.8587758152  115074.89630262366    0
8025    1374223.9123103695  115085.39306794979    0
8026    1374286.3082094232  115090.15587218374    0
8027    1374303.7986382025  115052.54886946331    0
8028    1374270.3501208222  115379.03733794494    0
8029    1374211.2617655415  115362.76906062377    0
8030    1369687.8921992946  116843.36216204702    0
8031    1369685.2620332842  116941.42242530703    305
8032    1369628.9095144689  116907.94425802425    0
8033    1369515.9846256524  116935.34775918338    0
8034    1365451.8018085035  113299.6674342421    0
8035    1370380.6295563353  105696.93802776276    0
8036    1370323.1917066688  105774.60559878834    0
8037    1370314.1523972868  105732.45139555802    0
8038    1376316.7695694049  118164.17069292063    0
8039    1374141.9275825808  115129.89859989361    0
8040    1369670.0579290919  116851.6350709773    0
8041    1369679.837002391  116809.03220242113    301
8042    1369694.2917506658  116787.16598918574    0
8043    1369716.2775580275  116744.1828799388    0
8044    1369726.8162399672  116791.55153969517    0
8045    1369719.5069553012  116838.74212137519    0
8046    1369723.0714680697  116815.72872968955    301
8047    1369766.9586751922  116873.54984551504    0
8048    1369709.1661553879  116878.45971986563    0
8049    1369748.1416055486  116849.45406237974    0
8050    1369705.9447919147  116856.41605673522    0
8051    1369728.106824721  116859.38172201648    0
8052    1369739.1945527499  116889.33080121901    0
8053    1369787.9231665882  116825.77352059227    301
8054    1369759.3782601627  116952.90218633828    305
8055    1369713.5608118381  116913.22884968038    0
8056    1369774.4132131687  116848.33310969481    0
8057    1369766.3059337488  116822.42525695806    301
8058    1369760.3634421946  116789.33419811909    0
8059    1369780.411560019  116802.8130632651    0
8060    1369806.0078654415  116851.92871284187    0
8061    1369794.2818106445  116760.53384839169    0
8062    1369813.3141007188  116804.75781878378    0
8063    1369771.6012893301  116914.0315912548    0
8064    1369809.5403994275  116829.12178422647    301
8065    1369917.6265636249  116845.86310239765    301
8066    1369760.6585000495  116894.77946564552    0
8067    1369788.7292469454  116891.56019621884    0
8068    1369743.5305424342  116917.25086068141    0
8069    1369789.5921205629  116868.35406756849    0
8070    1369818.7273562485  116881.05650965024    0
8071    1369807.2224185036  116923.41916718803    0
8072    1369759.3902706762  116931.54887298035    0
8073    1369784.524873357  116936.05511062732    0
8074    1369808.9203743841  116901.13670543389    0
8075    1369870.5526004797  116970.12182788504    305
8076    1369849.4205129894  116908.4816809708    0
8077    1369827.5467931509  116913.76198976651    0
8078    1369833.4944870407  116964.38194736946    305
8079    1369827.2963958611  116939.45080763941    0
8080    1369855.360146299  116945.70994175396    0
8081    1369844.5011044734  116928.35450848186    0
8082    1369870.4051517772  116924.22161215574    0
8083    1369874.392097946  116839.16657512919    301
8084    1369885.4495329848  116882.30585362705    0
8085    1369871.468489639  116900.94552498522    0
8086    1369850.6893773756  116876.17375517981    0
8087    1369908.7002938939  116914.30874387753    0
8088    1369670.0888107792  116916.8863746369    0
8089    1369668.9852382115  116894.08198362839    0
8090    1369690.9322369869  116904.44880092076    0
8091    1369693.6158652897  117009.98617760409    0
8092    1369661.7417592674  116970.77704029849    0
8093    1370286.2461602716  105760.48172234785    0
8094    1374165.727121298  115075.97451059362    0
8095    1369672.3605937304  116828.8964875488    0
8096    1369703.7910900037  116944.29236556482    305
8097    1369697.265823384  116925.17203211992    0
8098    1369707.9680060064  116978.57424171336    0
8099    1369691.3756516436  116963.20046353876    0
8100    1369684.7768846804  116986.96291899978    0
8101    1369648.5076925152  117014.0955549349    0
8102    1369859.1178988861  116794.86608876074    0
8103    1369836.7232149842  116891.80412650322    0
8104    1369831.6315495325  116858.47459504206    0
8105    1369852.7748651067  116835.81831149498    301
8106    1369860.6461350496  116856.45669154692    0
8107    1369845.1377655766  116813.6680683108    0
8108    1369882.8361488089  116859.98895781321    0
8109    1369866.4948126099  116818.69615700438    0
8110    1369906.5636832307  116868.52184905435    0
8111    1369899.8717282144  116817.57822872917    0
8112    1369834.3183637371  116791.02492267352    0
8113    1369994.9117509467  116918.54898998539    307
8114    1369960.8610293039  116852.5596296661    301
8115    1369811.6414889435  116779.27027958563    0
8116    1369853.5274591355  116748.98277125653    0
8117    1369939.2437964645  116849.21136603189    301
8118    1369944.1168651341  116889.20688820485    0
8119    1369933.2689462889  116816.32922259789    0
8120    1369953.3390269366  116829.666290229    0
8121    1369833.3368997101  116765.16708903799    0
8122    1369966.9469282737  116787.41904008605    0
8123    1369986.2534876852  116831.53408691041    0
8124    1369818.225161412  116725.62820486947    0
8125    1369767.7320921682  117021.46593863491    0
8126    1369929.8656663226  116870.64863004706    0
8127    1369920.1192288564  116892.8840802296    0
8128    1369935.7871198659  116914.99013427419    0
8129    1369965.7312123489  116910.4269557642    0
8130    1369907.6107139187  116975.86170840064    305
8131    1369999.5036229647  116888.90257345997    307
8132    1369990.3198789288  116948.19540651077    307
8133    1369921.4721409001  116945.32095062641    0
8134    1369971.7750694894  116882.65279050879    0
8135    1370054.354477023  116882.21948754207    0
8136    1369963.3185276007  116959.19204419279    0
8137    1370040.578860969  116971.15873711827    0
8138    1370029.7565144275  116908.76720215744    0
8139    1369940.190119226  116958.90920148307    0
8140    1369952.0418305621  116935.54079735739    0
8141    1370019.0162848297  116937.4613123186    0
8142    1369974.5934400861  116931.54560954102    0
8143    1370058.5598318984  116935.90540171547    0
8144    1369914.4530349446  116760.33910616288    0
8145    1369731.8012093229  117008.44837366027    0
8146    1369808.6636103203  117002.19814331716    0
8147    1369892.5484250276  116950.60944239501    0
8148    1369982.4782621432  116855.9078933003    301
8149    1370044.318073899  116813.76616499432    0
8150    1369846.9121151122  117000.25255761617    0
8151    1369891.9714112903  116928.60899410611    0
8152    1369884.1088425934  117005.09751098347    0
8153    1369921.1688879216  117010.82491873685    0
8154    1369856.9217130924  117068.61457079652    0
8155    1369969.3944385911  117025.54509070229    0
8156    1369896.4572972544  117047.95997176043    0
8157    1364301.4193627872  118405.21572314428    0
8158    1369309.9689821058  118196.24506455356    0
8159    1371738.9315478101  119016.4428662084    0
8160    1371589.8858289151  118841.77756411642    0
8161    1373550.9947728058  117062.44541450452    0
8162    1361706.5697299591  109701.99483476159    561
8163    1361667.5140516425  109793.62114888267    7
8164    1362096.5605975932  109927.56837799726    563
8165    1362030.3562357721  110002.47968962017    8
8166    1363716.5353015561  104013.27641141044    785
8167    1363617.3553654463  104000.64308529225    218
8168    1363423.9084061957  104653.38973611034    219
8169    1363518.2281040219  104687.64890524517    787
8170    1363670.9681507968  111658.43181712017    569
8171    1363576.2635891135  111690.54172207721    14
8172    1363631.288497383  111468.12150039685    0
8173    1369634.9297874465  103730.57743822513    202
8174    1369535.5387688463  103736.63558303889    771
8175    1369715.4068905618  104216.6674528436    201
8176    1369622.6001430047  104253.01097821083    769
8177    1371953.0714769431  119023.49115358992    129
8178    1372877.6436250559  116980.01717789183    707
8179    1372772.7558199463  117064.22730966053    0
8180    1363984.8739690199  118228.86119744528    54
8181    1363878.0028015624  118299.31538004277    56
8182    1370825.2130762127  119914.84150900418    0
8183    1373160.2590114567  117654.17274868161    161
8184    1373140.8932057626  117768.94606213718    0
8185    1373974.323272062  119753.85547093778    0
8186    1374100.7710313988  119774.34556489831    171
8187    1366721.5974084234  105726.85205616801    0
8188    1369037.0088738268  105418.59700943185    0
8189    1365770.7561209383  114279.95860650293    0
8190    1363829.0714222039  118547.00350915189    57
8191    1363928.8274031966  118551.7383497769    614
8192    1363882.2392851575  118781.48682769142    59
8193    1364019.3052686132  118974.69666628019    60
8194    1364085.0578349312  118896.80926824178    616
8195    1364199.6910658316  119099.89990917727    62
8196    1364364.9032388499  118955.69232741778    618
8197    1364398.3199899218  119050.63673917006    64
8198    1365214.5988860722  117185.05480688006    45
8199    1365262.7559661698  117273.05842760419    600
8200    1365080.2648796197  117290.62466773583    47
8201    1365766.9436582292  114661.10988789087    35
8202    1365863.7062161667  114686.34889304996    589
8203    1369851.5679763169  98817.740105700359    776
8204    1369928.1050487151  98750.611212219141    206
8205    1369400.913873519  98599.900181564095    777
8206    1369348.1342665295  98483.167943307577    208
8207    1369515.1249437006  98523.851224430822    208
8208    1369191.1850328962  98548.94905227315    777
8209    1369525.2960375403  98630.117350083761    777
8210    1369296.0494532078  98574.424616918652    777
8211    1369181.1435893583  98442.484662184332    208
8212    1371935.2384729404  106515.40489171896    197
8213    1371895.1114298203  106606.71065454572    764
8214    1373036.6869658171  106377.40191947947    193
8215    1373084.4252806948  106467.41436292826    759
8216    1372736.2459939909  106508.8424235508    195
8217    1372768.8234780924  106603.07671868852    761
8218    1371639.6457728874  118727.84258883595    691
8219    1371733.7915075296  118687.03554693524    135
8220    1371719.3432832635  118883.47598912276    689
8221    1371794.1718826755  118818.08532893844    133
8222    1373154.1337422249  117954.72446478097    163
8223    1376637.1991086253  118100.50793275144    182
8224    1376560.1685881028  118036.64912701459    749
8225    1375542.5294569922  119237.18896725698    743
8226    1375497.2199586346  119330.5232885147    174
8227    1375789.2874482812  119218.28252299019    744
8228    1375840.7644473286  119306.24494511199    176
8229    1368249.4801718469  116485.97092969358    0
8230    1371774.8614918897  119668.08179163656    123
8231    1371903.3638183777  119546.02161917786    125
8232    1376209.6529877097  119177.757064748    176
8233    1376321.3442112138  119080.3746368345    178
8234    1376928.2686646953  117669.35686374    184
8235    1376865.485049441  117843.50678153592    182
8236    1367254.6836489877  104819.73007182541    0
8237    1367922.6362246445  105418.33407322488    0
8238    1366960.7772845521  105473.65927061823    0
8239    1366507.0200683493  102978.05749196828    0
8240    1373954.5535884313  107072.68129049476    0
8241    1367527.5191519293  104514.62366106101    0
8242    1367470.2503447237  104523.12247500061    0
8243    1375055.5308080362  119212.43548854043    0
8244    1370014.5077910027  106199.93152246469    0
8245    1370970.6946801117  107445.77206011454    0
8246    1371519.2416935689  107505.51887952592    0
8247    1371435.0358937003  107450.09860325324    0
8248    1371324.6341037517  107390.23521114174    0
8249    1370379.03041008  106983.01587025613    0
8250    1366418.2291068055  103793.62603329029    0
8251    1366698.8636399775  104065.47162705266    0
8252    1366363.9364755864  117485.06173174411    0
8253    1371584.2889720334  118650.51806115886    0
8254    1373676.4002385023  117053.20216671168    0
8255    1372002.533792729  108037.15778697854    0
8256    1367542.2884283883  117186.33346809258    0
8257    1366540.9144049725  105499.12497559271    0
8258    1363618.9060428434  98475.021252997962    780
8259    1366243.6286376261  103028.09480452524    0
8260    1373472.8386578797  107760.02934503465    0
8261    1373327.7180904259  107546.40376657699    0
8262    1367280.6881420647  104369.85185822487    0
8263    1369929.0524590185  105984.77576918421    0
8264    1369962.4616980026  106082.67975006382    0
8265    1370841.3027434598  107333.91486966352    0
8266    1370652.1327937616  107260.02452468414    0
8267    1366232.6873474403  102230.36917746835    0
8268    1366790.619246254  105649.58354479462    0
8269    1369391.7094958113  105723.75327504909    0
8270    1366653.6289862462  105315.23279864728    0
8271    1370739.6995514142  106925.87378048192    0
8272    1366488.4110552433  103296.80638246922    0
8273    1372518.3393052823  107694.28068892068    0
8274    1373054.3745642512  107666.09155296504    0
8275    1364969.1856390806  117803.22688318291    48
8276    1368900.4825097318  105249.5727701962    0
8277    1374812.1861239781  119129.14076052654    0
8278    1373535.3631280793  107734.45195554537    0
8279    1365100.402931984  113569.27917611523    0
8280    1366316.5474878326  117568.85359055511    628
8281    1369600.9114456009  102131.02873987467    0
8282    1370707.1724230656  107671.65394735079    0
8283    1373449.8573243213  117463.91309898396    158
8284    1373512.8519875528  117541.43357842257    727
8285    1374095.0959698076  107373.94044509446    0
8286    1368130.654504268  117445.12172210123    92
8287    1368310.7820528634  116583.86990743116    0
8288    1370772.629348459  119893.59518122008    0
8289    1367012.1341972989  104689.2818002516    0
8290    1373251.432636973  118131.56571062075    165
8291    1373330.4949664073  118069.7937653429    732
8292    1366218.0269068691  102600.50393408006    0
8293    1375133.3883438539  119112.16328605672    0
8294    1375046.0387140613  119061.940286552    0
8295    1366955.1257156173  105063.43253357895    0
8296    1369761.5594706312  105740.77107548057    0
8297    1370530.0640087998  106705.99386701404    0
8298    1371261.4658484557  107670.19256274636    0
8299    1372056.952137914  107784.32791526501    0
8300    1366538.6575907194  105561.91285684513    0
8301    1366473.3939407079  105668.88268427647    0
8302    1370116.3009925503  118456.5055846925    112
8303    1369227.543461028  105517.53121071354    0
8304    1369625.3027008232  105567.00080566983    0
8305    1373664.4655499838  107539.86279480543    0
8306    1373709.9982522556  107459.31489117206    0
8307    1370204.2664652641  106786.1056084837    0
8308    1371185.4598246659  107583.7887620855    0
8309    1366541.3472489209  104011.32778626362    0
8310    1366475.4232973936  103905.94357807134    0
8311    1372159.3076192942  107798.07741037931    0
8312    1365965.6166707426  102222.58530923014    0
8313    1365933.6984999962  102283.13700000197    344
8314    1365937.647215836  102326.98541823697    0
8315    1365884.9940806234  102235.6159868477    0
8316    1365932.298000664  102243.71052345033    0
8317    1373385.607755491  106305.97116501203    758
8318    1373454.661857313  106232.52942146568    191
8319    1374853.3011755745  119216.61712089715    0
8320    1370248.5647860232  106437.26624479881    0
8321    1372917.1235982054  107744.07807111279    0
8322    1368739.5389523054  105304.38152823425    0
8323    1372357.7329880968  108128.99667700018    0
8324    1371091.6072851319  108186.78446112433    0
8325    1371063.9265007917  107899.03388233008    0
8326    1366502.084335468  114584.97843990257    0
8327    1373475.643259252  116996.27946153549    154
8328    1368254.2001733133  105144.65072779381    0
8329    1369799.8085551276  105642.9978577258    0
8330    1373175.7132579109  116922.15284442375    150
8331    1368724.5653838736  117945.08538589525    0
8332    1368231.8372549787  105442.02559295371    0
8333    1368999.6308045154  105733.78184193291    0
8334    1369162.3386882322  105763.66573463492    0
8335    1365755.6395069198  113379.88105560468    0
8336    1367085.3277640736  105438.02305843904    0
8337    1373537.594773236  107267.85156116863    0
8338    1373965.6808532472  107412.96815316407    0
8339    1373390.6627862051  107438.17917416275    0
8340    1369483.8535518583  105848.62235327628    0
8341    1370669.9769347147  106898.11971789511    0
8342    1370863.9335431287  107064.3597867567    0
8343    1371061.4305386192  107154.41744246651    0
8344    1366038.5494076903  103521.34539800262    0
8345    1366422.7612129669  103400.58999295834    0
8346    1372150.4109483317  108084.08306852262    0
8347    1372510.4848444231  108067.31833383875    0
8348    1367032.4816194007  104801.47408162447    0
8349    1368103.0079371429  105459.12498008148    0
8350    1367492.1981019045  105119.79356157937    0
8351    1373749.2576316025  107043.89256561259    0
8352    1373841.8198816888  107047.05623323149    0
8353    1371982.0981987326  107801.02340646736    0
8354    1366471.7845098346  102506.76519639623    0
8355    1369639.238655712  106103.44090594797    0
8356    1373388.7358020197  116770.21791698753    0
8357    1368882.1019149059  105655.19335197617    0
8358    1370785.4688287599  107641.59243203666    0
8359    1370909.3949514967  107651.96207755223    0
8360    1366208.1127383213  114515.54398994788    0
8361    1366140.2436822811  114389.12373270831    0
8362    1367291.0748163597  112290.94053118351    0
8363    1367916.706052352  116577.28706734916    0
8364    1362409.2118961639  106496.00241226514    220
8365    1364853.6500935624  118124.87017611026    606
8366    1364792.4212782932  118044.48800236377    49
8367    1365576.2748862426  113290.34671101456    0
8368    1365828.2362374875  114380.51033520832    0
8369    1367633.0721158388  117161.92603841137    0
8370    1366292.0377430753  104171.34274144843    0
8371    1366501.8963839356  117541.11499293189    0
8372    1366577.3593333068  102818.62733676158    0
8373    1369677.3941841901  106197.8599256384    0
8374    1372887.6219325233  108037.03504267047    0
8375    1367985.8322126195  110860.42470927944    0
8376    1367509.5544803031  112269.44072874647    0
8377    1367334.2770999372  112605.38054810464    258
8378    1367345.7768549845  112639.24407489218    0
8379    1367322.7773448899  112628.17013459124    0
8380    1367314.6460587117  112674.47889134714    0
8381    1367289.3102457784  112630.76160911283    0
8382    1367330.6369822442  112584.37202190241    0
8383    1367260.2948647144  112611.43823123262    0
8384    1367198.1383233664  112627.54665919498    0
8385    1367989.9460003544  116738.2087685739    0
8386    1368472.1951630739  109059.14427707612    0
8387    1374374.9160224779  115563.51235807383    0
8388    1376666.8122037021  115956.14175917258    0
8389    1376546.0216182552  115953.65348132144    0
8390    1373577.4973235873  116727.064062527    0
8391    1373469.3260736519  116753.46464578893    0
8392    1365843.1063502508  114431.27580621892    0
8393    1365962.0573578891  114404.73436910573    0
8394    1365941.4539913449  114452.74379898721    0
8395    1369360.4423565813  105499.19072996074    0
8396    1363497.7043688977  111461.48115726383    0
8397    1373428.7927394274  118277.37718093762    0
8398    1365637.4817567212  114160.13382390344    0
8399    1365759.134095344  113704.53404993506    0
8400    1364756.1889291795  118293.56402175745    0
8401    1364613.0828356256  118315.61694953039    0
8402    1366442.089966781  117461.96137204314    0
8403    1366117.3706808863  103843.13293616024    0
8404    1366074.2318020687  102112.26513799226    0
8405    1368329.9010139517  110836.83461807661    0
8406    1368351.9387752097  110920.3415521523    0
8407    1368308.3934599529  111061.28733087808    271
8408    1368324.1281985517  111045.93693117955    0
8409    1368338.7070496811  111027.76935991978    0
8410    1368331.4131501673  111066.77523730985    0
8411    1368368.3523418356  111083.76655524175    0
8412    1368340.547451189  111095.56586372539    0
8413    1368344.6951018332  110997.88735913073    0
8414    1368371.6795366814  111029.54999353465    0
8415    1368369.8779092943  111126.02208651589    0
8416    1368348.9855131032  110959.1769082239    0
8417    1368431.6512391118  111019.42667506385    0
8418    1368083.2664018476  108984.50992213788    0
8419    1368318.4029244957  108815.68944171599    0
8420    1374578.8497273109  115224.21781950524    0
8421    1374287.1255463401  115511.57989542706    0
8422    1370289.6369946792  105562.61594711055    0
8423    1373587.1001258739  118374.80151478807    0
8424    1366300.7925438771  115042.32307628273    0
8425    1366149.4621754722  114853.42916969393    0
8426    1368477.6456358815  109280.71862374597    0
8427    1374611.2468776081  115437.94421755458    0
8428    1374336.4203018921  115239.5476769794    0
8429    1369557.5083909025  116704.0871160033    0
8430    1365359.2017900029  113243.16615378039    0
8431    1365236.3284208556  113561.65889849127    0
8432    1373528.4726432147  118448.2285137757    0
8433    1366380.7218273056  114993.83950635568    0
8434    1374246.7128729215  115001.7838487651    0
8435    1374137.6977605557  115319.46678755709    0
8436    1370417.8353234942  105728.19407989808    0
8437    1370214.7987590157  105746.24199800278    0
8438    1369356.4755239738  118077.92526140808    0
8439    1369763.3878188659  116713.67753764756    0
8440    1371888.4043906995  118085.94763535155    0
8441    1369877.2775137378  116674.72425291722    0
8442    1369715.4346394702  117076.90935654943    0
8443    1369807.8323243253  117053.54251060011    0
8444    1369913.3044113545  117128.37295545822    0
8445    1371857.2045503189  119056.39414991076    686
8446    1361815.858597348  109743.4855060081    561
8447    1361772.7076741061  109833.36622368169    7
8448    1362019.4724092567  109862.12350512343    563
8449    1363588.4931720633  104198.53407791947    218
8450    1363687.550937586  104212.12652366426    785
8451    1363491.769692438  104524.90740332851    219
8452    1363585.6539039919  104559.83681755251    787
8453    1363648.8925911388  111593.32243096284    569
8454    1363605.3297716225  111393.73761020212    0
8455    1369533.7189649243  103858.01555009669    771
8456    1369633.0901011257  103849.30034614311    202
8457    1369673.3286526832  104092.34535345231    201
8458    1369579.5644791366  104126.54692104185    769
8459    1371944.7677259496  118974.18549753065    129
8460    1372853.9356642286  117004.73206668379    707
8461    1372962.4717721986  117037.24038104046    148
8462    1372819.468914187  116995.39802539097    0
8463    1372903.7111131349  117028.75110357009    0
8464    1372844.3536007123  116971.81192042565    0
8465    1372764.1972106034  116959.749511442    0
8466    1372872.8240240028  116927.93699018027    0
8467    1372805.7472049133  116956.00040460181    0
8468    1363948.3643838386  118237.36522583758    54
8469    1363977.8921187103  118281.51032739319    0
8470    1363915.4307421821  118336.86586485723    0
8471    1373130.9692874718  117677.58718094426    161
8472    1373175.9112697991  117703.77942281353    0
8473    1373218.7932747866  117810.50183601456    731
8474    1374068.743216747  119799.33768283538    171
8475    1369173.7158426922  105425.88382367395    0
8476    1369097.7893220247  105428.08114029866    0
8477    1363827.8299014175  118609.46941306087    57
8478    1363856.654077949  118738.5666390462    59
8479    1364062.2530531324  119028.38139692936    60
8480    1364348.2324058861  119076.23549744986    64
8481    1365180.9897853332  117201.57463405577    45
8482    1365220.3043489682  117239.11067798194    0
8483    1365881.0580322137  114619.8246344678    589
8484    1365784.2954742759  114594.58562930897    35
8485    1369815.9714457933  98663.185013331124    206
8486    1369750.6230889393  98739.037312151922    776
8487    1369598.6202822861  98544.192864992423    208
8488    1372057.5096762939  106563.11563820709    197
8489    1372019.2706322623  106655.34802565999    764
8490    1373041.0034833639  106502.56009001528    759
8491    1372985.677254206  106418.68932611085    193
8492    1372825.0647090585  106490.83891059538    195
8493    1372859.7607829552  106584.44444525513    761
8494    1371696.7028272382  118724.77883255207    0
8495    1371781.6789951338  118870.03483415165    0
8496    1371737.795438651  118825.33993670372    0
8497    1373164.7174896426  117993.94658756393    163
8498    1376591.5419204622  118151.90816299454    182
8499    1376515.6446745698  118086.77353237101    749
8500    1375583.2711461969  119346.38024658072    174
8501    1375766.9867392522  119331.94252118484    176
8502    1371881.8401805479  119584.10260898514    125
8503    1376922.7241925076  117719.02937627809    184
8504    1367306.3284449282  104797.99803133425    0
8505    1367275.3859781092  104858.68360816927    0
8506    1366931.7685135833  105544.55406100889    0
8507    1366575.2188678791  103000.63959364418    0
8508    1367490.16699073  104460.12892059982    0
8509    1370063.9059143707  106141.99041673858    0
8510    1371488.5925144698  107538.5604175973    0
8511    1366334.6386914013  117409.26317222828    0
8512    1363567.0629032871  98471.489124706321    0
8513    1367389.2713732028  104383.32075207928    0
8514    1367303.9593767601  104403.30683355201    0
8515    1367218.1503495676  104353.31028916327    0
8516    1369381.7281890588  105771.92877737299    0
8517    1366485.7104096795  103249.79122028907    0
8518    1372549.2305465052  107728.85303487082    0
8519    1365017.3700134156  117844.85536675069    0
8520    1366382.151842946  117643.4935199676    73
8521    1366302.9040543449  117505.84097263429    0
8522    1370659.7106657724  107607.80870355837    0
8523    1373551.9551817481  117506.61868471923    727
8524    1374039.4404118054  107388.83841071783    0
8525    1373219.9100470101  118092.7542906258    165
8526    1366960.5100533103  104975.74585762704    0
8527    1369807.6579792211  105769.79504122064    0
8528    1371216.9847322996  107647.26128172713    0
8529    1366460.2528129797  105622.07406201    0
8530    1369222.2303877613  105463.42595469365    0
8531    1373780.589691686  107497.12480728011    0
8532    1371116.0347935476  107626.88566886928    0
8533    1366450.8339332775  103848.89458431737    0
8534    1372198.6365882149  107756.17297210175    0
8535    1365896.2640000023  102460.54675000161    342
8536    1365915.3076919699  102167.24360730776    0
8537    1373413.4330741731  106234.82369276677    0
8538    1372331.2923436405  108092.19477682306    0
8539    1371178.7587172566  108134.96189274269    0
8540    1373516.776933505  116963.82503293408    0
8541    1368244.0741848722  105515.16508557863    0
8542    1367114.6788872194  105399.05139683247    0
8543    1373454.8335461123  107269.10455464644    0
8544    1373433.6591868065  107419.56269494089    0
8545    1369494.1068962577  105795.67756121211    0
8546    1370625.9553563062  106895.04762546769    0
8547    1370841.7814767156  106990.42711869522    0
8548    1370935.7484396838  107036.08658237774    0
8549    1372215.664974771  108092.26948736896    0
8550    1373550.1540474563  107186.03924339981    0
8551    1372005.7880178853  107731.08539011925    0
8552    1366499.0223421825  102539.09608408235    0
8553    1370740.4243655114  107641.26614625688    0
8554    1366102.0673453789  114328.42585289439    0
8555    1367291.3694684464  112209.3035694025    0
8556    1367243.7989550352  112303.97714326231    0
8557    1362465.7080870522  106510.26514949097    0
8558    1364794.7990789362  118102.70789399726    0
8559    1365592.9380960737  113332.07386403551    0
8560    1367151.0211892747  112346.73644007514    0
8561    1367460.0697238301  112263.25672765775    0
8562    1368036.5355148707  116807.12474387391    0
8563    1374414.6731943788  115533.57114910816    0
8564    1369414.4423047435  105502.80859914338    0
8565    1365754.49834265  114027.76989752977    0
8566    1365656.7552306564  113731.7957136239    0
8567    1364827.7942090584  118319.03491627105    0
8568    1366483.6444162733  117457.030620144    0
8569    1368347.5131392567  111166.29589805828    0
8570    1368410.2386762849  110944.3049788319    0
8571    1368444.0225256325  111102.18991062733    0
8572    1374560.5031418442  115132.70608661277    0
8573    1373619.0771363049  118421.8504945084    0
8574    1369605.1801509266  116708.43068427674    0
8575    1369532.5099946659  116751.82814276524    0
8576    1363793.3647699417  111795.69170425362    0
8577    1366418.7942832636  115063.30443069647    0
8578    1366345.1655072728  115025.34878407305    0
8579    1374312.6715636218  114985.0919147955    0
8580    1374185.3801411169  115322.59983231904    0
8581    1374166.763622809  115431.18904822844    0
8582    1374080.0106977958  115225.69255330849    0
8583    1370112.063784892  116985.40737052885    0
8584    1369738.4395034823  117046.22217399697    0
8585    1371801.5338587554  119028.00572597668    0
8586    1361870.5030310424  109764.23084163136    561
8587    1361980.9283150886  109829.40106868657    563
8588    1363574.0620753719  104297.47957423306    218
8589    1363673.0587556008  104311.55157979119    785
8590    1363619.3668039769  104495.93077370618    787
8591    1363637.8548113098  111560.76773788419    569
8592    1363554.1880294555  111625.43233591988    14
8593    1363701.0841913067  111557.47814573934    0
8594    1363596.0214203827  111593.10003690206    0
8595    1363704.8385481341  111439.88661775032    0
8596    1369532.8090629634  103918.7055336256    771
8597    1369558.0466472027  104063.31489245739    769
8598    1372778.3260755832  116884.21828035801    0
8599    1373163.3447932894  117820.65178506626    0
8600    1374054.752514407  119748.39021772746    0
8601    1365830.8445184443  114571.20211731514    0
8602    1369759.9046443324  98619.471913887115    206
8603    1369640.3679515789  98554.363685273245    208
8604    1372118.6452779709  106586.97101145124    197
8605    1372081.3502334831  106679.66671121704    764
8606    1372984.3155182539  106469.16133983903    0
8607    1372891.2864785027  106530.80483342629    0
8608    1373251.6981819686  117932.44355086586    731
8609    1376537.5198437402  118149.90010055251    0
8610    1375626.2967399783  119354.30872561377    174
8611    1375730.0978852143  119344.7913092212    176
8612    1371813.7224436495  119501.49464076532    683
8613    1366534.1509388359  103010.39376428686    0
8614    1370279.6811968442  105833.03792229535    0
8615    1371473.53685114  107493.85906539494    0
8616    1366426.6498283094  117384.28511222142    0
8617    1367337.6512121265  104355.0496322977    0
8618    1367348.1662755029  104399.93392092604    0
8619    1366374.5950046622  117596.01099424665    0
8620    1371040.0452072872  107750.35585686957    0
8621    1365885.9560000021  102410.36237500235    342
8622    1365930.473319791  102203.99494200884    0
8623    1373436.570326719  106279.01316923377    0
8624    1367140.3868725204  105448.95169826635    0
8625    1366542.7171708704  102474.64547748941    0
8626    1370763.5250118119  107561.57788206139    0
8627    1365653.4177196799  113283.73139532703    0
8628    1367427.0643732455  112215.87337245556    0
8629    1367945.341822664  116808.42601607776    0
8630    1369375.6057271468  105420.22493781477    0
8631    1364758.5491438445  118369.52790765453    0
8632    1366543.8837293554  117435.76498318932    0
8633    1373657.2093914866  118340.89922838887    0
8634    1369768.6079841696  117092.80466047428    0
8635    1361911.4035245208  109738.83753050014    0
8636    1361981.6200077042  109789.52435630823    0
8637    1363665.8126646082  104361.26410785466    785
8638    1363636.2232539696  104463.97775178296    787
8639    1363525.700335559  104460.66623693764    219
8640    1363673.7390622771  104463.34606156067    0
8641    1363581.1704516129  104455.3580020657    0
8642    1363655.5015969814  104494.5705447106    0
8643    1363740.3748783169  104481.67144099584    0
8644    1363639.3950815103  104547.34191031166    0
8645    1363699.6557160064  104499.4216248216    0
8646    1369493.0096210239  103948.4606483231    0
8647    1369547.2877312356  104031.69887816513    769
8648    1369652.2895337441  104030.18430375673    201
8649    1369496.6207176752  104066.57947529742    0
8650    1369599.7962383982  104031.46889029276    0
8651    1369587.487119551  98645.225934343631    777
8652    1372135.4033565272  106634.28970504155    0
8653    1373207.0065952365  117961.49621429706    0
8654    1375605.4697541806  119248.78719944242    743
8655    1375728.8487498253  119239.333977309    744
8656    1371849.9898875223  119540.97745480097    0
8657    1366457.9940818546  117418.42733275339    0
8658    1365928.6769644688  102379.13611221893    0
8659    1366576.3124754811  102548.54881061689    0
8660    1362030.2954071304  109810.31302416204    0
8661    1363693.6566733452  104390.70700521857    0
8662    1363751.4814764054  104562.73037463627    0
8663    1369608.0240185752  98596.35902769315    0
8664    1375613.6963121034  119301.97960207441    0
8665    1375732.4019492886  119292.02795380806    0
8666    1362019.9229749017  109726.84120066276    0
8667    1363714.6207005056  104342.9940015723    0
8668    1363764.3487221911  104411.87960945362    0
8669    1363874.7496728648  102509.71074888724    0
8670    1366494.4313460737  105812.32849793523    0
8671    1364495.2056737675  118947.04271057642    0
8672    1366777.2633467377  117501.32505228385    0
8673    1370502.8648510382  118835.0722416529    0
8674    1372819.8763269582  117160.29693408753    0
8675    1362641.6927044117  106349.20604524949    787
8676    1362541.7116850456  106323.66006227442    219
8677    1376751.9047249602  116136.71970674366    185
8678    1376661.3250070859  116184.72900131365    751
8679    1374167.9339471443  107099.95956631203    191
8680    1363684.5177693486  103079.9459413383    217
8681    1363784.117221741  103081.94849941024    784
8682    1363553.6898819744  102101.86419384937    215
8683    1363650.5270827753  102076.47871042584    782
8684    1366179.2552175114  102168.51987737544    0
8685    1359668.153986848  108159.0552128561    557
8686    1359595.6056397322  108243.38687378642    1
8687    1359783.0829669409  108529.80919307578    3
8688    1359863.9796902933  108471.02344559685    558
8689    1360077.8584344261  108933.674794197    3
8690    1360152.2394196349  108865.96197241115    558
8691    1360450.7100903047  109269.09535269575    5
8692    1360517.6295580915  109192.19416233161    559
8693    1362690.7064109787  110758.0121900347    9
8694    1362772.7811201073  110700.83590300503    564
8695    1363066.013075415  111128.81569896032    11
8696    1363136.7515849983  111056.10078144025    565
8697    1363729.8560656367  111966.16624088094    571
8698    1363630.5156646527  111970.10953619768    16
8699    1363693.0437104548  111723.54120327751    569
8700    1363598.3391487715  111755.65110823454    14
8701    1363719.5789616539  112442.22534392821    573
8702    1363624.3905785973  112478.61578857715    18
8703    1363729.4527783291  112755.04057932596    20
8704    1363803.7922568955  112680.118887547    574
8705    1363994.9540584492  112928.63747170297    575
8706    1363948.8599718576  113020.30397599372    22
8707    1364172.1919577816  113220.27337783333    23
8708    1364239.772139241  113146.50501123256    576
8709    1364390.9722617776  113279.98070510291    577
8710    1364341.1807891389  113367.88074231884    25
8711    1365122.9348491451  113828.17951679738    28
8712    1365183.7811806914  113748.6525973182    580
8713    1364692.4798895251  113558.01002483409    26
8714    1364741.606064721  113470.88856535345    578
8715    1365365.7142178239  117043.07699790967    44
8716    1365441.4519127386  117108.15482387439    598
8717    1365512.0156325018  116758.11423100781    42
8718    1365607.3182681352  116788.38452076125    596
8719    1364424.1397088994  118298.61467437701    609
8720    1364409.4067896013  118199.90915335086    51
8721    1364169.5363738169  118321.09126946777    611
8722    1364170.035812987  118220.81253554988    53
8723    1366938.5465387381  117481.68756399013    633
8724    1366910.8795729792  117578.84089071908    76
8725    1367145.4267465346  117602.26549399614    78
8726    1365488.2924261135  118618.46090651857    67
8727    1365432.8797689271  118535.21763479015    622
8728    1365767.1576647628  118247.34006745822    623
8729    1365843.3221618554  118313.1430543624    69
8730    1367395.9893779024  117484.8870859795    82
8731    1367317.8681210673  117421.44429380981    636
8732    1367278.1365046324  117572.63238849629    80
8733    1367525.4434901925  117333.72655018282    0
8734    1367572.06230288  98207.299511233636    210
8735    1367565.9312372333  98307.138314163851    778
8736    1368647.3451876291  98416.829625171536    777
8737    1368680.1715578453  98320.434818814712    208
8738    1376608.7142334441  111357.37734920305    188
8739    1376511.568281942  111380.25590184552    756
8740    1376309.7225813107  110791.24492062433    757
8741    1376362.6322260969  110665.86022462881    190
8742    1376435.2214217563  110818.19988188696    190
8743    1376219.867301597  110602.33117629852    757
8744    1376364.7023784386  110906.83567245082    757
8745    1376264.7949414537  110696.78804846139    757
8746    1376290.0430304375  110513.52056737065    190
8747    1368328.7761064456  117584.80495181216    651
8748    1368250.7505424251  117647.98004806961    94
8749    1368326.9701328026  117760.85384036202    96
8750    1368479.884879312  117749.97767644028    654
8751    1368418.4951109213  117832.83135077753    97
8752    1368560.2238067209  117909.1623989982    99
8753    1368615.5282487271  117825.98037969667    656
8754    1368936.2068727519  118069.9902092948    105
8755    1368995.3251403291  117989.11815608246    663
8756    1370364.1576720574  118700.62785507893    116
8757    1370450.2694870234  118651.81257056608    675
8758    1371928.7689689447  118333.70681231056    139
8759    1371845.4711631276  118278.29370091617    697
8760    1371782.4209993305  118534.31448017916    137
8761    1372613.930518633  117279.19401066276    703
8762    1372685.0120860816  117349.58723241722    145
8763    1372360.8889737991  117586.19771343279    701
8764    1372448.8386157861  117633.78826369616    143
8765    1373334.1265275606  117664.77469775829    729
8766    1373287.1119801733  117576.29994167414    160
8767    1372170.0768188986  118051.84729629061    141
8768    1372089.0908464915  117991.75801829438    699
8769    1371887.6105316258  118210.59940785638    697
8770    1371971.7070674654  118264.72940879734    139
8771    1371858.2279079538  119207.51886126978    685
8772    1371957.8915302255  119220.80938720053    127
8773    1376433.0271115634  118805.30792602686    178
8774    1376348.0262125735  118748.83927881696    745
8775    1367150.5253284075  105298.07579341684    0
8776    1370629.6671899478  118806.39366759086    0
8777    1371595.508733392  118550.721145302    0
8778    1373662.2701344241  117432.5208316655    0
8779    1368011.3197136044  105088.75147250062    0
8780    1376413.279621148  118131.84214525654    0
8781    1369519.070265166  105483.6062495527    0
8782    1367670.6274971911  105222.98378828961    0
8783    1366559.2686558305  103148.63811941356    0
8784    1373646.3111156339  107596.49971896279    0
8785    1366518.3219302418  104361.10235670705    0
8786    1366836.6651817991  104196.59784391358    0
8787    1365126.6807548581  117797.54929555258    0
8788    1366314.2248613976  117744.59409823362    72
8789    1369741.740307705  102006.407909637    775
8790    1369808.6980008881  102082.64525100484    204
8791    1369740.6514245258  102258.60146925054    203
8792    1369638.4116900726  102268.10587032141    772
8793    1373017.4347901903  116930.4591818561    0
8794    1368174.2643425658  117535.11162155453    92
8795    1365609.6406895786  113651.84731922629    0
8796    1370471.7308032555  106496.61953520053    0
8797    1369697.6756883692  106138.56802784446    0
8798    1370794.4670557964  107024.24388726447    0
8799    1366747.6578906961  104490.08008468246    0
8800    1376495.4864381016  118559.24037656092    180
8801    1376394.804351252  118552.60762752795    746
8802    1373847.9334198835  107408.154531404    0
8803    1371631.8501720554  107575.61114872513    0
8804    1372699.0411041733  108026.3981469382    0
8805    1369870.1914680356  106589.45841339098    0
8806    1366139.2938326553  103235.01988364873    0
8807    1372151.8970003801  106760.85118073502    0
8808    1366874.9004849521  105145.71685555352    0
8809    1371134.1488280711  108028.00630635604    0
8810    1361911.7544716345  106938.40597314872    792
8811    1361880.3481330043  106842.14013990971    221
8812    1362021.3808803256  106759.16251551908    220
8813    1371391.5009557959  100045.94902193852    0
8814    1373012.772424744  116809.28483059678    0
8815    1365431.8163026599  113624.85019214524    0
8816    1365921.6070185264  114254.77259508173    0
8817    1367770.0916559331  117320.43757158653    0
8818    1373080.6159036199  116804.88734857411    0
8819    1369819.9679804146  106506.98373309545    0
8820    1370141.7413373676  106696.09641076715    0
8821    1370665.1549569254  106751.08553996764    0
8822    1367067.4247345803  104287.22920498604    0
8823    1368559.4177823279  105650.8093087359    0
8824    1367852.3109649529  105024.32991411777    0
8825    1367793.5432159712  104910.09399060141    0
8826    1370812.7384773286  108100.53968904191    0
8827    1366025.7426077197  114548.97874855851    0
8828    1368356.8858127701  109416.37977707409    0
8829    1370574.5551623164  107699.8366325689    0
8830    1368266.2308215599  117390.57425441274    0
8831    1370142.1828361738  118306.49019068354    0
8832    1373565.866427395  117294.5987123394    0
8833    1373704.7704805061  117281.69046043897    0
8834    1366250.5153058562  102770.4415478014    0
8835    1366290.4945640378  102863.40622718458    0
8836    1371157.7760214447  107218.86808805805    0
8837    1371803.8090255659  107735.59107116003    0
8838    1368029.2941824375  111047.48906591268    0
8839    1368129.6850851907  109113.16532751307    0
8840    1370574.5367362213  107913.50261051192    0
8841    1368006.0948725888  117333.58042791634    0
8842    1368150.8670797874  117211.8573233397    0
8843    1372281.4746569095  106652.44136434553    0
8844    1372307.9175679525  106781.49953170105    0
8845    1372255.6184930035  106757.47887690834    0
8846    1373570.9754377995  118226.63389051972    0
8847    1368478.8400229691  109147.31256747046    0
8848    1369507.4910867591  116865.82156422386    0
8849    1364467.4198836198  118819.14588241222    0
8850    1369356.0028558725  118281.96631053848    108
8851    1369400.0981470747  118191.88810163335    667
8852    1369243.7358413464  118229.85018039244    107
8853    1373498.7545013984  117116.61642018807    155
8854    1373599.668016583  117127.37832750822    722
8855    1371961.3752279365  119072.7968096492    129
8856    1370881.2441527382  119847.33895721687    680
8857    1370910.9285249966  119892.08312600818    0
8858    1370883.8173493659  119779.76539839494    0
8859    1368187.9350487615  116464.31764534437    0
8860    1367718.2009233315  104649.96051105991    0
8861    1371347.1514067289  107330.40557335566    0
8862    1370347.4319089155  106944.23387977721    0
8863    1366459.3058960426  103707.74444438028    0
8864    1371585.6617159278  118708.01260284962    0
8865    1371976.3061021303  108102.72584702776    0
8866    1366790.7106698868  117369.22130001549    0
8867    1366445.2081708575  105491.67256198541    0
8868    1366195.756256076  103075.68465815141    0
8869    1373432.3370767103  107829.87624270817    0
8870    1370029.2224020546  106013.92256201972    0
8871    1373412.5843884079  117497.24068888152    158
8872    1368183.9491421266  117447.07560205793    0
8873    1368337.0752202652  116499.26344840435    0
8874    1370793.6281841693  119803.61327123083    679
8875    1373460.4266952404  117690.80519060648    0
8876    1366495.6208042249  105719.58128223139    0
8877    1370103.9699982922  118403.80122778281    0
8878    1369628.3924007579  105480.23739589367    0
8879    1366584.8276439295  104034.18527151803    0
8880    1374803.8598754816  119305.16736322113    172
8881    1370257.0752126002  106366.69336140678    0
8882    1372970.2458020216  107743.08612097392    0
8883    1372415.1455512948  108121.19416671144    0
8884    1371057.0849205465  107841.385176956    0
8885    1371118.1881860052  107918.57382074454    0
8886    1366509.1171866488  114658.47745487542    0
8887    1368151.7205336371  105123.67030322185    0
8888    1369800.1037595221  105699.48151155369    0
8889    1373131.9837609082  116893.14479594167    0
8890    1368655.2017444004  117968.23561719398    100
8891    1365806.0558770194  113356.13187048672    0
8892    1366033.6847043573  103437.75931674184    0
8893    1372595.7634178018  108064.47081340918    0
8894    1367031.0312749683  104745.46032567714    0
8895    1373896.5372927338  107067.12524311073    0
8896    1373357.8872678634  116724.21194730772    0
8897    1368856.9663795151  105602.16253855209    0
8898    1364862.0228530946  118187.28196863987    0
8899    1366551.0868771067  117483.51205735699    631
8900    1366579.0777787548  117528.86354952589    0
8901    1367935.5143888649  110947.80582063425    0
8902    1365920.8374121091  113325.38509579314    0
8903    1368431.9631053172  108997.47410586383    0
8904    1376663.0753381287  115896.08469116375    0
8905    1373515.7673614509  116708.94317090037    0
8906    1366003.4310084474  114450.91568241123    0
8907    1363459.6713570994  111412.50629100802    0
8908    1373392.8104879425  118225.86196344734    0
8909    1365586.6924639915  114147.80043723638    0
8910    1368133.7147730093  108895.86365282333    0
8911    1374537.5115893066  115200.50843880986    0
8912    1370249.2392247177  105513.26538827641    0
8913    1366208.1745206234  114999.64622928214    0
8914    1365422.8437985531  113242.99496988804    0
8915    1373497.0086942301  118538.91781092418    167
8916    1370468.0391661127  105747.99814651659    0
8917    1370168.5713493198  105637.05956808827    0
8918    1369674.8056718085  117053.13715762044    0
8919    1371897.3409779374  119007.52487555137    0
8920    1372723.8289389741  117015.64584945391    0
8921    1364031.0295430596  118261.76943105937    0
8922    1363892.5064426686  118394.01762270303    0
8923    1373216.0068613393  117663.85547615397    0
8924    1363970.2484959988  118734.44957210083    615
8925    1365934.5983179198  114598.26467886788    0
8926    1371681.4748621313  118672.7206186292    0
8927    1376826.4235633442  117681.41042997508    750
8928    1363513.6064021103  98504.765275257625    213
8929    1369409.0952838541  105841.82866935241    0
8930    1372595.0721579145  107656.80521306329    0
8931    1373499.9434383882  117487.56772920665    0
8932    1373605.3173785242  117527.18643481484    0
8933    1373274.9855408985  118080.22905421561    0
8934    1366950.9403031247  104836.12218368777    0
8935    1366402.5963850983  105629.40932312395    324
8936    1366291.5476942542  105574.10297619    325
8937    1366431.0395803768  105661.62120789679    0
8938    1366339.8839721249  105616.05061309137    325
8939    1366364.0521110604  105637.02443154212    325
8940    1366338.955386387  105690.35478392198    0
8941    1366376.4346223108  105598.34467209905    0
8942    1366328.9408673779  105653.07174387584    0
8943    1366444.2201095254  105711.8943946614    0
8944    1366339.1864176323  105568.03163130819    0
8945    1366267.8555820188  105689.46624343259    0
8946    1366292.2625195577  105622.1020568112    0
8947    1373745.9915888156  107582.24816339037    0
8948    1371033.1233649438  107590.03373663824    0
8949    1372250.386688937  107728.06816161551    0
8950    1373542.4530575229  117010.16270203931    0
8951    1373379.1591045067  107352.65017754788    0
8952    1372279.2730492626  108157.46769544712    0
8953    1367254.3467714572  112249.98895610675    0
8954    1367190.5809549007  112310.53918969231    0
8955    1374424.0670187934  115587.41086713201    0
8956    1364826.1304684735  118271.53855585435    0
8957    1368330.1161460089  111224.24572341629    0
8958    1368429.9761901295  111185.7424247684    0
8959    1369589.0442192189  116621.75002065445    0
8960    1366350.4152488641  115105.55771490291    0
8961    1374415.8990287934  114971.80510239984    0
8962    1374158.4274083062  115368.38844410407    0
8963    1372375.8834159675  117378.21870013686    0
8964    1361954.1287661709  109937.79549405044    8
8965    1374063.5429967914  119676.635859747    738
8966    1365828.2698362404  114624.10059029804    0
8967    1373033.9683154109  106445.24659661557    0
8968    1371517.0589062576  107418.66689526453    0
8969    1365802.1469473117  102453.72780287142    0
8970    1373547.697347291  106345.67248383696    191
8971    1367203.0364444212  105382.67583300924    0
8972    1370798.2745239772  107421.24961917814    0
8973    1367492.4109416562  112205.54234716002    0
8974    1369819.1699768524  117104.09360325156    0
8975    1361861.8557286425  109704.66735122696    0
8976    1363620.0502771856  104329.2094301719    0
8977    1369478.4857662234  103887.53927231843    0
8978    1372082.6585706687  106626.3426404332    0
8979    1373187.2382400648  117906.04699096391    0
8980    1371881.6260432058  119491.13055795353    0
8981    1366502.8466933935  117345.79150777837    0
8982    1362095.3010305308  109850.92811390842    0
8983    1369552.8419837127  98579.375756470079    0
8984    1375789.4126128082  119277.57053466042    0
8985    1361961.2260897621  109692.70057601262    0
8986    1363737.0809200206  104270.11472408398    0
8987    1366530.6404534006  105783.98968757785    0
8988    1364448.4075739575  119025.03798089028    64
8989    1364413.500861248  118930.99517780819    618
8990    1364646.6063855572  118976.5261413384    65
8991    1364637.5620249154  118876.76224395527    620
8992    1366675.1580698621  117464.79461448411    631
8993    1366683.0417207228  117564.39646251686    75
8994    1370474.122619471  118986.340317653    117
8995    1370574.7181645227  118980.32362031793    677
8996    1370407.300634556  118769.47730886658    116
8997    1370496.915439303  118726.84141695339    675
8998    1362507.7810419244  106387.90122866539    219
8999    1376733.7628285056  116076.91813663916    185
9000    1374147.7899711318  107152.42979202318    0
9001    1363689.2367779168  102817.48836198854    217
9002    1363788.9238178632  102815.13465566398    784
9003    1363718.0115866489  102288.38688206744    782
9004    1363621.951845116  102316.25597616    215
9005    1359791.9147579577  108372.28881389316    558
9006    1359709.3891000696  108428.84279279548    3
9007    1360220.9067646295  108960.0416419313    558
9008    1360151.5523012974  109034.6411944773    3
9009    1360348.0346887528  109209.4674153401    5
9010    1360406.9994211986  109127.81269907496    559
9011    1362853.5074265436  110800.17000313739    564
9012    1362775.3556169793  110862.37287491384    9
9013    1362971.8307326739  111056.5080781554    11
9014    1363035.4926589893  110977.80244235507    565
9015    1363726.4140343312  111898.37025912559    571
9016    1363627.2871683557  111907.69297740387    16
9017    1363649.329992729  111774.65957852197    0
9018    1363633.9835342434  112534.04175453153    18
9019    1363865.5164942727  112790.70553445561    574
9020    1363769.2857504536  112825.85651560969    20
9021    1363689.6198062049  112684.22464304233    20
9022    1363886.4641065286  112968.26246861888    22
9023    1364291.213761108  113196.55586272177    576
9024    1364221.4620854147  113268.21657137841    23
9025    1365068.1426530364  113776.98716839141    28
9026    1365129.6752224467  113698.08031833697    580
9027    1364889.9790473236  113546.9453285003    578
9028    1364842.628708323  113635.01157670193    26
9029    1365323.7656526871  117097.54607521914    44
9030    1365397.7583206519  117164.6547667941    598
9031    1365407.662782961  116988.60792060007    44
9032    1365485.1455048253  117051.65488095467    598
9033    1365581.8741513379  116866.09164874192    596
9034    1365486.7314995872  116835.31766755405    42
9035    1364358.0411928585  118213.46795478187    51
9036    1364370.9758570809  118312.50969896164    609
9037    1364226.1071497893  118225.29223299446    53
9038    1364221.8754769203  118325.27278822218    611
9039    1366837.1226976658  117565.50309820331    76
9040    1367004.7538154065  117493.91691642723    633
9041    1366984.6364482925  117592.17868323484    76
9042    1365553.3952001594  118454.87261344607    622
9043    1365613.0993008476  118535.25487296865    67
9044    1365720.5341480775  118310.93382978    623
9045    1365799.2579215695  118373.83360328099    69
9046    1367369.7663590955  117511.69303350413    82
9047    1367347.9952882433  117464.16604464273    0
9048    1367946.7894525405  98221.602074197974    210
9049    1367939.5827101092  98321.399820762366    778
9050    1368437.6163470063  98365.878495880592    777
9051    1368513.1808806742  98279.751537691467    208
9052    1376451.518093019  111146.40414146833    756
9053    1376562.1905698041  111175.76874068435    188
9054    1376481.5431874804  111263.3300216569    756
9055    1376471.516019586  110894.36971051604    190
9056    1368299.7414356398  117646.96158388522    0
9057    1368380.9307608211  117762.69885269164    0
9058    1368468.7330986189  117806.73613192361    0
9059    1368557.0811613274  117860.71302004543    0
9060    1368932.7690089403  118004.1148443643    0
9061    1370321.0147095588  118631.77840129127    116
9062    1370403.6235347434  118576.78372417865    675
9063    1371803.3317946293  118345.98799397596    697
9064    1371885.8308704239  118402.68421582377    139
9065    1371713.8930615773  118460.40459259573    696
9066    1372610.4369150118  117416.20963000189    145
9067    1372538.8176842432  117346.39588956622    703
9068    1372396.5818864964  117520.23548194258    701
9069    1372484.5315284836  117567.82603220586    143
9070    1373340.0531483432  117602.13364317246    0
9071    1372100.2525381511  118114.27308056569    141
9072    1372021.2547049285  118052.33209763846    699
9073    1371957.0987050252  118207.78269355987    0
9074    1371963.6301417812  119183.78426100448    127
9075    1371910.6774340882  119194.53427962246    0
9076    1376455.3636916331  118750.2945838654    178
9077    1373753.9901237327  117435.73905627418    0
9078    1367601.1589693537  105203.02065786092    0
9079    1366570.405645103  103268.51130181176    0
9080    1366519.1195646522  103196.76403866865    0
9081    1366479.0851476081  104321.35014700277    0
9082    1366824.8776332804  104142.77028411832    0
9083    1366930.884082516  104180.50531915249    0
9084    1366228.445763933  117691.06475982307    626
9085    1369709.0767089892  102046.80963291091    775
9086    1369781.4378212178  102116.36346573726    204
9087    1369757.347400568  102069.00844092005    0
9088    1369747.4145330368  102204.34157486007    203
9089    1370404.2223071293  106427.19476099811    0
9090    1370791.0033639439  106969.38954178992    0
9091    1366645.3116924057  104465.059445968    0
9092    1376489.1473547155  118615.13204429254    180
9093    1373895.3365989579  107489.46750657175    0
9094    1373831.964335195  107466.03932617354    0
9095    1372748.7141787563  108063.60740543003    0
9096    1371221.0147793475  107983.12633830152    0
9097    1371203.7440282991  108061.75990248108    0
9098    1361957.0370712536  106915.21905702111    792
9099    1361918.5452553453  106822.58133631879    221
9100    1361921.6012713017  106875.62724411486    0
9101    1362098.2190392823  106829.01723809409    790
9102    1372896.85043073  116788.86566386369    0
9103    1365392.4956741235  113588.47293508083    0
9104    1365536.3769061624  113708.29619323621    0
9105    1367738.476014006  104904.76965011581    0
9106    1366157.177006274  102752.75770599426    0
9107    1366212.9009277369  102939.56766553575    0
9108    1366225.9430249617  102836.0876399652    0
9109    1371179.4091319845  107124.28581566694    0
9110    1368075.5187978763  111077.27712117431    0
9111    1367880.5286896075  117388.83151368027    89
9112    1368156.6646181792  117116.92986448937    0
9113    1372256.0110531296  106825.56869507777    0
9114    1373513.6451163024  118209.14495214465    0
9115    1369352.5644644895  118228.5916512445    0
9116    1369264.9602408686  118130.95787232451    665
9117    1369229.1892971962  118175.00442306596    0
9118    1369265.9567812763  118050.57217121409    0
9119    1369299.4679063812  118091.18663576528    0
9120    1373547.4418696647  117149.72791049851    0
9121    1373652.2887030747  117105.03602582574    0
9122    1371254.653009132  119844.26428425517    122
9123    1371226.4680506985  119748.3185707691    681
9124    1370294.4813890269  107019.64030061636    0
9125    1371498.8379950018  118640.75116741213    0
9126    1373359.0453519651  107945.32776207797    0
9127    1368259.4591552811  117482.65836052719    650
9128    1368202.4670438904  117493.66346718394    0
9129    1368397.4052485104  116617.82938170349    0
9130    1370749.1022238038  119840.66354374772    0
9131    1366603.6074621689  103945.67778332086    0
9132    1374806.5766322555  119248.60654907905    0
9133    1372942.0799755978  107657.64380192108    0
9134    1371198.5744551006  107737.57967033591    0
9135    1368108.2132065797  105146.04800164579    0
9136    1373075.5376780387  116968.36752283193    149
9137    1368654.3946375109  117913.70280784024    0
9138    1372652.6024682957  108059.54080445335    0
9139    1365512.7641841334  114166.89727911763    29
9140    1365566.7885612724  114082.25226497461    581
9141    1373540.4740004179  118503.19502690373    0
9142    1370220.3765083237  105660.45561859199    0
9143    1369592.446690867  117080.23541883586    0
9144    1371913.7592205221  119055.46393956023    0
9145    1363913.3550372194  118733.85246868446    0
9146    1376878.9574482869  117688.9984143496    0
9147    1373562.7522665404  117558.11299139666    0
9148    1366462.4730152069  105765.53740582571    0
9149    1366227.4498471261  105518.47698809303    325
9150    1366386.9038917697  105547.43865778118    0
9151    1373432.6156296369  107364.76131892756    0
9152    1367106.6333327643  112258.50926363918    0
9153    1364860.4079788821  118236.36722513771    0
9154    1369655.3967273266  116654.24046560364    0
9155    1374061.3379832145  115380.67556267882    0
9156    1361967.983565931  109883.71078229074    0
9157    1374102.3329082753  119717.80356511848    0
9158    1365850.1671217501  102443.86433524574    0
9159    1373469.6479004337  106322.36837735611    0
9160    1367226.962148309  105309.22838021239    0
9161    1369773.8767992069  117188.08159653429    0
9162    1369407.5509332779  103981.23640623729    0
9163    1366588.7864999995  105893.75349999964    317
9164    1364572.5507717752  118987.98268197445    65
9165    1366640.7843405996  117517.32377658327    0
9166    1366716.5151341138  117458.55546685982    631
9167    1366703.5285163457  117512.66197277659    0
9168    1366684.7763144213  117388.36037477817    0
9169    1366730.3437004294  117410.02993486323    0
9170    1370462.2831082628  118912.33354015362    117
9171    1370520.2384154429  118764.35584014705    675
9172    1370464.057928368  118773.27639787647    0
9173    1370575.0796507262  118704.25342587987    0
9174    1370573.0870226098  118757.50673518096    0
9175    1362533.0031538985  106438.44363067902    0
9176    1376680.5516936919  116066.83767025286    0
9177    1374110.7573174317  107121.86027683462    0
9178    1363791.3271159243  102681.72773379085    784
9179    1363691.5962822009  102686.25957231366    217
9180    1363751.7538385857  102394.34096788825    782
9181    1363656.0828266868  102423.45186731531    215
9182    1359672.542166634  108378.35959265532    3
9183    1360188.3992347331  109085.12439461745    3
9184    1360296.6969879768  109179.65344666223    5
9185    1362817.6802199797  110914.55321735347    9
9186    1362924.7395613033  111020.35426775293    11
9187    1363662.2631811539  111874.59206688061    0
9188    1363789.2022365159  112861.2644837516    20
9189    1363821.5878179066  112819.74269162268    0
9190    1363669.7033201428  112648.8166749005    20
9191    1363772.6002610319  112624.23454811233    574
9192    1363722.5538363971  112642.39435614595    0
9193    1363855.266173864  112942.24171493146    22
9194    1363945.8312742929  112887.61367279668    575
9195    1363902.2061181534  112917.67540465482    0
9196    1365069.8522479387  113720.23858790107    0
9197    1364917.7031177217  113673.51235263576    26
9198    1364964.1655386249  113584.97371007373    578
9199    1365460.921211075  116986.23654558249    0
9200    1365517.2481177165  116888.05385919183    0
9201    1364395.7887262597  118252.39409208979    0
9202    1364250.9916979298  118266.97392519668    0
9203    1364243.5825853162  118383.21891645911    0
9204    1366872.3392620697  117469.45821155302    633
9205    1367021.5148859492  117598.84757949272    76
9206    1367011.9253051272  117546.57537451776    0
9207    1365620.659698172  118410.0288330832    622
9208    1365675.5027382146  118493.65185619376    67
9209    1365777.2258014267  118404.17887774023    69
9210    1365746.7276487357  118358.86493714419    0
9211    1367347.4475995682  117391.35670913354    636
9212    1367397.9135599541  117411.38665326922    0
9213    1367279.3208728405  117353.96424607401    0
9214    1367329.2041524355  117343.83758064115    0
9215    1368134.1530273706  98228.753355680135    210
9216    1368185.3273159007  98330.779385869042    778
9217    1368062.4550130051  98326.089603315704    778
9218    1368429.6855420887  98259.409897129866    208
9219    1376435.6001342926  111084.41528287275    756
9220    1376538.928737984  111084.96443642501    188
9221    1376489.6633185009  110932.45462483059    190
9222    1376392.1922770024  110964.63104836395    757
9223    1376436.2977218234  110934.51709124178    0
9224    1368274.3195450248  117602.90634317439    0
9225    1370338.8118568168  118572.6842083399    0
9226    1371864.3618211634  118437.17291758044    139
9227    1371831.7795490071  118392.96407118176    0
9228    1372573.149329477  117449.52082879422    145
9229    1372463.4203937596  117513.76452142799    0
9230    1372065.3403977773  118145.48597270329    141
9231    1367623.3175871165  105299.49405438619    0
9232    1369654.128762648  102035.79048146919    0
9233    1369796.237072556  102026.06697382212    0
9234    1362000.4938301074  106944.27689094462    0
9235    1361868.0893443439  106899.39553219266    0
9236    1362043.9290493412  106818.23286756604    0
9237    1365347.6691468796  113676.36619076764    0
9238    1367745.1884400446  104780.81075804737    0
9239    1371243.7180490359  107188.75985100407    0
9240    1367956.0854235678  117346.7894393655    0
9241    1369403.3789888686  118252.11626365189    0
9242    1369318.014368247  118041.75158979541    0
9243    1373640.9436548932  117151.45350495634    0
9244    1371098.6699188936  119889.82210429839    122
9245    1371071.7004734091  119793.52150186074    681
9246    1368288.8408222399  117438.52798494279    0
9247    1366647.8248090609  104001.30609633694    0
9248    1371250.5787894512  107723.0731897809    0
9249    1368061.3156933205  105114.779846808    0
9250    1373082.7388793875  116914.98166440881    0
9251    1368608.7433177002  117881.68859196632    0
9252    1369655.4096814378  117132.89226562677    0
9253    1376885.8489221607  117634.57978169201    0
9254    1373638.8590757539  117618.10591436861    0
9255    1373513.8846142599  117621.32799505421    0
9256    1366305.4596792315  105493.32920984169    0
9257    1366213.5212941158  105599.26984579201    0
9258    1364883.6436391894  118293.30125803681    0
9259    1365847.655665183  102522.83269205912    0
9260    1365813.4566321638  102386.9643116837    0
9261    1366548.8876158723  105844.60646208702    0
9262    1364572.9923849148  118886.49812621076    620
9263    1366732.1049105842  117347.58141313039    0
9264    1370564.3031717367  118913.92689126903    677
9265    1370643.266491788  118733.468770358    0
9266    1374078.0229650491  107074.70505499795    0
9267    1363692.7760343428  102620.64517747622    217
9268    1363792.5287649548  102615.02427285429    784
9269    1363768.6249645543  102447.3180107987    782
9270    1363673.1483174721  102477.04981289293    215
9271    1363679.1483171042  111927.46283622799    0
9272    1363834.6543755841  112735.4122110013    574
9273    1363747.1915227771  112695.67225825282    0
9274    1363944.397139424  112958.54756386978    0
9275    1364955.2403224213  113692.76274060278    26
9276    1364959.1960945786  113638.8262579844    0
9277    1364199.3474878618  118277.60143337799    0
9278    1364192.0053490156  118369.50128714845    0
9279    1366831.4815678275  117505.32244856369    0
9280    1366955.3237898445  117543.67166173349    0
9281    1367286.3107284324  117260.47161975654    0
9282    1367378.6091794877  117282.61251200039    0
9283    1368227.8348147857  98232.328996421216    210
9284    1368249.2807494428  98333.220356614955    778
9285    1368387.9378727959  98249.239076849044    208
9286    1368375.4252649955  98350.769911620722    777
9287    1368397.216442656  98301.919004078387    0
9288    1376527.297822074  111039.56228429533    188
9289    1376415.8258209061  110881.03774086625    0
9290    1372559.5484914701  117396.77152903216    0
9291    1372051.5962865232  118094.9816033867    0
9292    1369690.2492362214  101998.1835393088    0
9293    1361954.4892064021  106966.05373910835    0
9294    1367890.1417584238  117289.29463434761    644
9295    1369276.3491172085  117953.87813974499    0
9296    1373728.9015644593  117148.35640609915    0
9297    1373606.6844969327  117222.65505123553    723
9298    1371020.6783737745  119912.60101431997    122
9299    1370994.3166847643  119816.12296740658    681
9300    1368312.3585034828  117486.03210996794    0
9301    1368362.5445573064  117374.46982581179    0
9302    1368108.9911328347  105094.07755619683    0
9303    1364948.2300347858  118214.68732337808    0
9304    1364547.0462026745  118933.40473908157    0
9305    1370517.1431432192  118887.30920211345    0
9306    1363734.1859629496  102588.57192791349    0
9307    1363717.8253853335  102492.34049753024    0
9308    1363789.4501482071  112771.58559432512    0
9309    1364142.822882314  118270.81761198437    0
9310    1364112.3938785093  118377.03269995602    0
9311    1368274.6757084932  98234.116816791764    210
9312    1368453.394023119  98311.173542185934    0
9313    1376487.3212799267  111073.99414574275    0
9314    1372055.17277571  118022.04505796642    699
9315    1369727.8081114471  101928.33486381713    0
9316    1361893.2414980163  107013.87229760647    0
9317    1362016.0958625483  107036.71882172581    0
9318    1369401.3708867789  117991.65740663887    0
9319    1373664.0530098884  117238.3400926334    0
9320    1373552.02468076  117206.53159921334    0
9321    1370969.5330790975  119882.39234187482    0
9322    1368352.0401285735  117436.81361743549    0
9323    1368062.3139116836  105051.83146539489    0
9324    1368182.8156100665  105033.12648969286    0
9325    1364605.4407429371  118935.0761032404    0
9326    1363744.1374329363  102644.18922420766    0
9327    1363712.3046149886  102435.55619362635    0
9328    1364193.4763946312  118467.79231333794    0
9329    1368249.4523621148  98280.45887415047    0
9330    1376503.0591175451  111126.83219027377    0
9331    1372135.1646785247  118083.06018842821    141
9332    1371984.5231741574  117977.06119516306    0
9333    1369605.5222654762  101952.95537516844    0
9334    1368194.3672267422  98276.280674873371    0
9335    1372090.3989146128  118068.12028663878    0
9336    1372038.8796428978  117969.66285759376    0
9337    1372125.5881707759  118037.21735313283    0
9338    1372239.901099646  117989.42151201553    141
9339    1372156.9269880545  117931.1839389503    699
9340    1372165.3324644705  117991.31612402148    0
9341    1365670.1468472716  103058.50774880055    339
9342    1365747.6100000069  103179.40349999815    337
9343    1366270.504902544  101908.92503299013    0
9344    1366618.8529769336  105771.18693837262    319
9345    1366655.481386391  105797.17335755563    318
9346    1366624.5087500028  105860.10774999857    317
9347    1366700.8681278317  105773.60416771795    0
9348    1366618.7108622468  105818.16570932219    0
9349    1366689.2550444608  105806.72586164119    0
9350    1366753.7772123094  105810.75180783673    0
9351    1366709.7297510016  105868.04555487848    0
9352    1366660.5877238638  105934.19972129565    0
9353    1365503.9714738657  103199.11649276428    0
9354    1364904.1971598463  117926.92912210361    49
9355    1368957.8499971484  117840.9038003342    0
9356    1368773.5639129197  117781.51260713383    0
9357    1367131.0007084315  117502.23241762898    634
9358    1363691.687006677  98404.553245975578    779
9359    1367739.8130608224  105300.01452870185    0
9360    1369730.9098031744  106360.42320716484    0
9361    1366132.5157600448  104020.46957064496    0
9362    1368357.2016696418  105528.01993280971    0
9363    1371492.1653118231  107853.19360126578    0
9364    1371549.8332911071  107930.76685223547    0
9365    1366366.3911982479  103485.1079575047    0
9366    1373685.1084977991  107151.26041564313    0
9367    1366441.6588751317  101970.53907503367    0
9368    1365929.0119138048  103180.58742496937    0
9369    1367328.6134183912  104971.27509157617    0
9370    1371314.9679461636  99958.696014391739    776
9371    1373633.3501171027  116857.07129305226    0
9372    1367797.4634178728  117227.14146368542    0
9373    1366986.6276887085  104602.28607511954    0
9374    1371756.00167269  107610.63253457074    0
9375    1373005.9412420816  108059.41865095163    0
9376    1373166.772970417  108054.74252045617    0
9377    1362490.1592892818  106648.44366201748    0
9378    1368357.5473537876  105170.36707847324    0
9379    1365202.5515876955  113439.4849888134    0
9380    1365887.698926202  113653.74195198405    0
9381    1368185.9867201438  110778.35196683546    0
9382    1365955.3156127417  113515.03588945561    0
9383    1368210.4169979719  111235.37693369032    0
9384    1366270.15316555  114299.84149047175    0
9385    1366156.3188127386  114775.20471834499    0
9386    1366073.6320058608  114683.85779235732    0
9387    1373957.1465955002  119684.79157547854    737
9388    1364228.8094600975  119001.93269145142    617
9389    1364245.3782271524  119039.03582476292    0
9390    1364253.8497840948  118934.55328913871    0
9391    1364237.068405136  119102.93050425602    62
9392    1364221.0598223936  119068.36080149544    0
9393    1364178.1978428967  119062.32899893563    0
9394    1365318.3661185307  117302.57345608606    0
9395    1365161.4111228806  117349.34586707246    601
9396    1376242.1365017095  119009.63779304463    745
9397    1367860.7324885682  105418.42303318776    0
9398    1370907.9862858092  107428.31891615124    0
9399    1370398.8505254686  107043.41556360722    0
9400    1373652.1882345108  116973.29692627033    0
9401    1363726.5977024366  98522.962829435652    0
9402    1366331.9442801329  102203.80612738323    0
9403    1366579.5873012138  105359.58818530262    0
9404    1373099.8043714338  107557.36397886524    0
9405    1368993.7567566016  105266.38086669758    0
9406    1374730.0557860492  119157.69135712154    0
9407    1373634.7615693565  107763.01541908522    0
9408    1373473.7487933575  117576.24847212591    727
9409    1373463.067644472  117524.88438168047    0
9410    1374243.1023910041  107348.65740102463    758
9411    1375101.5611785341  119066.44593212155    0
9412    1370520.0317424738  106627.66299476105    0
9413    1372113.9117125662  107748.16090794098    0
9414    1373245.4628367014  106337.07010400649    759
9415    1368780.2684197449  105211.70314311898    0
9416    1366469.0067138458  114500.50099983557    0
9417    1366035.3699607225  103615.74456738621    0
9418    1368052.0279506354  105493.3594814074    0
9419    1367377.9435319174  105110.72193155557    0
9420    1370850.3522512268  107611.87644479313    0
9421    1365510.5923590874  113248.98781454041    0
9422    1366260.4586354396  104267.08255489785    0
9423    1369578.8893357385  106239.53746896796    0
9424    1367522.0231372584  112324.58340631718    0
9425    1367237.1297710214  112758.05281840116    0
9426    1367116.0839565  112537.50629392266    0
9427    1366098.4503083688  103782.75827101355    0
9428    1366117.6176249981  102139.90874999575    345
9429    1366009.3735469801  102025.85814988847    0
9430    1368424.0073807214  108847.71951660785    0
9431    1369988.7052340109  116680.82188155368    0
9432    1369805.68578998  116651.37707986704    0
9433    1373270.6732243341  117763.35792459799    0
9434    1369078.6079177598  105351.50570364215    0
9435    1363927.8109635077  118606.51121708876    614
9436    1364316.3056164519  118980.38947702738    618
9437    1373125.0180606293  106561.96209452444    0
9438    1366618.5231134025  102920.84001954098    0
9439    1365633.6748722934  117018.3879783812    0
9440    1366258.8667419793  117548.35923132482    0
9441    1370580.2495981075  107329.1401075824    0
9442    1374093.6781740086  107480.05137874532    0
9443    1369277.8644549353  105434.54389139437    0
9444    1365962.573461765  102135.41456781687    0
9445    1368152.1816017414  105540.91186188032    0
9446    1371048.7288280174  107041.99779502561    0
9447    1367136.4650287391  112436.28355126969    0
9448    1368104.3450600898  116791.37043442838    0
9449    1368410.7507179272  110860.15949555609    0
9450    1373652.8561671993  118496.55412756526    0
9451    1374225.9089839156  115460.4851391766    0
9452    1374058.2348174551  115060.74653859131    0
9453    1370139.0310448066  116902.5942207437    0
9454    1371797.7695547913  119104.16795556244    0
9455    1361825.3044853378  109853.23876108116    7
9456    1369632.1702579651  103908.6618001021    202
9457    1372838.3737144999  116878.41333405285    0
9458    1369700.1506452507  98699.685915377762    776
9459    1373366.4464219178  117933.74558852916    0
9460    1371699.2248795321  119473.45545196783    0
9461    1367282.9294139636  104261.47093623913    0
9462    1366527.3580485845  102330.19835996648    0
9463    1367361.9738669645  112155.64558571888    0
9464    1368010.2206087864  117121.62635855464    0
9465    1367660.0678247542  117063.66904959705    0
9466    1363558.2836687777  104508.67573820557    0
9467    1363634.674516364  104648.85764628675    0
9468    1375721.7496779349  119121.6671107937    0
9469    1366574.6162828587  102623.59551842642    0
9470    1375555.3300546196  119294.60923404443    0
9471    1362681.1321053756  106503.3340813316    0
9472    1376528.1377516151  116126.4885645984    0
9473    1359694.0019062352  108216.30469752288    557
9474    1359698.7842446703  108071.55547156776    792
9475    1368474.1967761903  117678.6371996434    0
9476    1376369.6482361003  118695.58583649124    745
9477    1376406.0780009814  118693.10855308238    0
9478    1376323.107334086  118659.42070806579    0
9479    1376466.531981668  118722.78791278468    178
9480    1376428.6962826287  118723.44643549462    0
9481    1376413.4072118585  118765.30059895426    0
9482    1376390.1892874644  118728.55474110878    0
9483    1376371.9020368834  118810.4695928469    0
9484    1376447.715562701  118071.27105501725    0
9485    1365197.4527175345  117859.82874512246    0
9486    1365154.0586176983  117707.95691084524    0
9487    1369588.1914352966  102208.17660163033    0
9488    1373035.7347391197  116875.93420704885    710
9489    1376388.2454142002  118609.2720840166    746
9490    1369949.1633011797  106614.27631969945    0
9491    1372093.3188613886  106740.51005024082    0
9492    1371325.2033823105  100047.8167111818    775
9493    1373041.932096272  116733.6178520828    0
9494    1370617.8448417026  106667.91623063448    0
9495    1368621.7663285313  105644.41485856245    0
9496    1367866.1326910825  104944.98517978485    0
9497    1370754.1303620541  108184.12462166726    0
9498    1368297.4731084525  117333.49961774288    0
9499    1370211.0110650202  118225.32873464012    0
9500    1370060.0415545369  118269.1714917512    0
9501    1371878.3350030445  107646.52324355782    0
9502    1370626.417881527  107949.90897022653    0
9503    1372346.2164209434  106637.48855510034    0
9504    1369468.8237260638  116797.59273153284    0
9505    1369406.3349036789  118124.17045992958    0
9506    1371594.1988775751  118768.16810448225    0
9507    1370043.1909537553  118335.12211648829    671
9508    1372478.2811510989  108121.62497890214    0
9509    1365744.0183323517  113289.82261733436    0
9510    1373887.4774572421  107007.19954776557    0
9511    1373419.5457150056  116716.21337533186    0
9512    1373323.4096539989  116628.1897871009    0
9513    1368775.5251444294  105673.23631546226    0
9514    1365859.6687916128  113326.65528807582    0
9515    1366031.869826244  114383.81356214717    0
9516    1365390.7193324608  113130.26083736675    0
9517    1370532.2643870488  105733.66725160938    198
9518    1370474.2553156135  105815.03438220669    765
9519    1369900.0860936192  105670.71636868527    0
9520    1365931.8047707886  114668.58623500107    0
9521    1373312.8259585619  118128.66126002962    0
9522    1366939.2320297612  104745.07182019611    0
9523    1366389.1408552157  105713.08262743731    0
9524    1373705.0485776917  107677.03652371033    0
9525    1372400.2709679871  108226.87205820849    0
9526    1374511.9818995513  115636.44539208651    0
9527    1374357.1260568714  115662.5927699617    0
9528    1371462.6419446354  107307.47125115756    0
9529    1361784.9549315099  109660.2055920804    0
9530    1363628.8571105211  104267.25328185095    0
9531    1369465.2149173187  103796.28486948472    0
9532    1369463.1049555298  98615.00876582395    777
9533    1364410.652261927  118985.55223876162    0
9534    1364407.6054824363  118859.23222247907    0
9535    1362984.8631959846  110938.65327281241    565
9536    1363730.4936134112  112505.28777630297    573
9537    1365420.0756378246  117227.05855590419    0
9538    1364422.1898284082  118399.80702982293    0
9539    1364359.2046755331  118376.12470498669    0
9540    1371658.1220022459  118451.24764283224    0
9541    1371910.0040035779  119251.30175372626    0
9542    1367503.0998986764  105218.46023660754    0
9543    1366878.7572640162  104159.17577395821    0
9544    1366118.8374376562  117676.22010017    0
9545    1369644.979839908  102215.23087672349    772
9546    1369694.5771218773  102194.54642238494    0
9547    1369687.4897957696  102247.35692372841    0
9548    1369733.8883160148  102312.86136364102    203
9549    1369681.2325692249  102300.9739491057    0
9550    1370853.6862406221  106889.89274427378    0
9551    1366613.7695569119  104401.95669653034    0
9552    1376443.4510107588  118581.6439724431    0
9553    1373841.0123049989  107538.98871309251    0
9554    1372816.3977566466  108155.73148841708    0
9555    1371174.9815180539  107942.28014715067    0
9556    1367999.6004857018  111144.3265848981    0
9557    1372147.3666630832  106866.6493305859    0
9558    1373467.5053503583  118150.61053930577    0
9559    1369140.1199393449  118079.7999945263    664
9560    1369093.8350089639  118168.55024940523    106
9561    1370255.0219219662  106944.28883874796    0
9562    1371503.414812665  118548.74992456085    0
9563    1373367.3027166114  107886.76645299009    0
9564    1366543.1095846086  103950.65139714323    0
9565    1366564.2607433605  103833.82892199601    0
9566    1374757.7443801998  119216.60159427363    739
9567    1372885.4386426408  107688.10960414246    0
9568    1370171.182281242  105700.33157614274    0
9569    1363941.2569914993  118786.05851145377    0
9570    1366395.5044824204  105845.58625627762    0
9571    1373416.7698660304  107310.67224249057    0
9572    1367200.7341530565  112164.01523431123    0
9573    1369709.9988330514  116682.85694411499    0
9574    1362015.4311058878  109924.68228522329    0
9575    1373466.9111371092  106404.83349422509    758
9576    1369724.6342675844  117143.02055799872    0
9577    1366612.0235075701  117405.20742217089    0
9578    1370439.067963887  118720.75091553963    0
9579    1362607.9798044267  106413.11208909581    787
9580    1376643.9128694562  116127.48143709105    751
9581    1359755.8822917901  108322.92149804143    558
9582    1360258.6380244677  109011.73643887487    558
9583    1360351.6843527521  109095.62196744658    559
9584    1362893.8705797619  110849.83705320366    564
9585    1363980.1800094103  112763.35290033059    0
9586    1364477.303560718  118284.71964979239    609
9587    1365781.9923462714  118308.47070934747    0
9588    1367416.0464368952  117331.21108740248    637
9589    1367464.7535809607  117354.08428943624    0
9590    1376333.6699680095  111143.62786176242    0
9591    1371866.0745257528  118340.09400407583    0
9592    1362081.0616356451  106773.34615786688    0
9593    1367772.1012076831  104844.42928208997    0
9594    1371333.9253749743  107231.47584949178    0
9595    1371306.2084813353  107777.9853334471    0
9596    1376840.8163274834  117554.22219018686    750
9597    1373658.8050709595  117559.10072465402    0
9598    1364901.3376011215  118405.17371979474    0
9599    1366553.0642499961  105927.39925000072    317
9600    1366484.1641761123  105890.03322768673    0
9601    1366605.7655191058  105947.56673300806    0
9602    1366564.807810396  105975.65390979272    0
9603    1366635.0774808817  106034.21704008714    0
9604    1366371.3779999986  106133.60450000316    315
9605    1366515.1773382425  106052.4932425197    0
9606    1366636.1507630467  117284.07034932723    0
9607    1363854.1030840639  102390.92163717795    0
9608    1364901.7202795141  113612.23212773503    0
9609    1366885.9327631425  117526.14968522014    0
9610    1368212.9768649212  98445.37166630826    0
9611    1376337.2124798745  110849.04029653753    757
9612    1372576.3741014381  117312.79495011449    703
9613    1372629.5806862605  117334.47573960168    0
9614    1372498.0306965632  117263.0182527076    0
9615    1372558.2618082722  117254.76125603968    0
9616    1364922.1455509507  118147.44878543388    0
9617    1370515.432909942  118945.42617364922    0
9618    1368542.4807673176  98391.354060526035    777
9619    1373729.8125050785  117217.37194500139    0
9620    1368467.8106869312  117424.26317594809    0
9621    1368406.3031331229  117521.16788506355    0
9622    1363734.8827126173  102341.36392497784    782
9623    1364252.8646070147  118445.8477317478    0
9624    1376466.5306402496  111204.86708156258    756
9625    1369597.5733205194  102013.29807037782    0
9626    1368123.8911644528  98328.434494592366    778
9627    1371998.58619697  117877.00300242532    0
9628    1372089.1413865669  117923.54316143967    0
9629    1365778.1557569704  103232.80676100188    0
9630    1366312.9005600598  101924.18712585972    0
9631    1366328.1204999983  101820.89850000292    348
9632    1366341.6837499961  101864.84375000373    348
9633    1366287.8335356757  101857.3983615989    0
9634    1366412.8049302306  101818.82722440225    0
9635    1366396.7129046503  101871.92527058492    0
9636    1364965.6159913491  117926.74284119926    0
9637    1368686.9843780017  117776.87267763825    0
9638    1367094.042721713  117397.7556663595    0
9639    1363725.1856086436  98300.255212704957    211
9640    1367681.2660994048  105366.72840795483    0
9641    1369659.9057022512  106329.05012549972    0
9642    1369690.6801632813  106462.08171865498    0
9643    1366023.6234789027  103903.46871859493    0
9644    1371413.0605831591  107870.07575875522    0
9645    1371231.7384746755  100013.40296228694    0
9646    1367854.328964662  117242.52187299028    0
9647    1371712.8420992242  107502.14693254346    0
9648    1368278.7468888185  111321.00417051821    0
9649    1373925.7130409535  119729.27724944848    0
9650    1365258.7931317585  117347.67081710938    0
9651    1367891.8420580796  105528.11680010852    0
9652    1367756.0210245941  105456.17498062781    0
9653    1370417.3756962067  107101.06339321603    0
9654    1366592.6707912567  105218.6541213695    0
9655    1374213.1641801265  107312.25348767056    758
9656    1374171.7511567196  107376.82353798342    0
9657    1374291.9812671151  107250.8169828071    191
9658    1374266.2627234806  107299.09817948856    0
9659    1374230.29347228  107267.65413281828    0
9660    1374198.0338497045  107221.6380235017    0
9661    1375081.7872129362  118965.76709660915    0
9662    1372174.6895627568  107650.38191439262    0
9663    1373295.2094506917  106296.80505220598    759
9664    1373331.2064775506  106392.14157925085    0
9665    1366376.2068138134  104321.2865745446    0
9666    1366215.5727648786  104199.19928394919    0
9667    1367610.0484987686  112380.213853988    0
9668    1367365.8920077065  112772.22909915443    0
9669    1365995.6988009026  103727.77843363029    0
9670    1366029.6170520596  102078.20833713695    0
9671    1373281.014957238  117826.85641816159    0
9672    1363877.5818589679  118578.18323275744    0
9673    1364025.4163671022  118580.92665059962    0
9674    1364314.712229924  118917.09173326695    0
9675    1373023.9647002437  106634.87068048664    0
9676    1373057.8791102013  106567.80578405532    0
9677    1366681.88410164  102824.80471348058    0
9678    1366160.4394222298  117487.52683535735    0
9679    1370655.9853255153  107335.96993210333    0
9680    1365882.5164704127  102067.53991675367    0
9681    1372799.4370745947  116789.11963590882    0
9682    1369655.6276963428  98808.835332773262    0
9683    1367413.5781889851  104277.67688686844    0
9684    1367804.7213822296  117124.34210755338    0
9685    1362635.7488381129  106627.1696711421    0
9686    1359808.4134090333  108199.10820935559    0
9687    1365223.9674007883  117998.42305836904    0
9688    1376307.0299532691  118571.15952859988    0
9689    1372029.1460689595  106721.53476513919    0
9690    1367973.0454317452  104982.20994664394    0
9691    1370535.9388763916  108023.6767487312    0
9692    1369460.3775224807  116683.64236907432    0
9693    1369454.1982926347  118162.72467278919    0
9694    1371483.2911872386  118753.22438615058    0
9695    1370049.1759606164  118391.05896861882    0
9696    1372555.2842274241  108130.58592048762    0
9697    1373883.8438604753  106911.81044077702    758
9698    1373381.1219180853  116661.6685110845    0
9699    1368690.5400582871  105702.06835178194    0
9700    1368735.7587142847  105626.97468731739    0
9701    1365806.5349493825  113293.50852190817    0
9702    1372446.3171872096  108179.46747248934    0
9703    1363847.7432350835  112517.47032591072    0
9704    1371695.996996345  118394.9845680724    0
9705    1366859.3140836763  104047.29719299416    0
9706    1376401.3632883038  118495.9431710393    746
9707    1372987.4397659232  108167.56058968081    0
9708    1371184.470596598  107839.66396844178    0
9709    1372101.4239562079  106811.68596685393    0
9710    1373573.3133401794  118116.25857682759    0
9711    1369174.2870140923  118152.39206581371    0
9712    1373462.5778181243  107930.06341459992    0
9713    1366568.9886870731  103895.01092132501    0
9714    1370111.604007314  105800.60676984472    0
9715    1370057.7129996216  105673.32403414519    0
9716    1366440.2777092524  105815.00612804032    0
9717    1366327.487584271  105782.44821550617    0
9718    1369729.1523596321  116579.91034017883    0
9719    1376698.2459073407  116118.91771569497    0
9720    1376585.6007694523  116176.48913588087    0
9721    1360369.1442685097  108970.69672244084    0
9722    1363028.9491421406  110829.32661710226    0
9723    1364025.0797350421  112842.6420933402    0
9724    1363911.3575530981  112728.85967352822    0
9725    1364448.6263238604  118238.09447606865    0
9726    1364528.5175320453  118372.01698065367    0
9727    1376275.992070029  110984.46536702156    0
9728    1376359.5835311059  111070.89719483344    0
9729    1367710.3479472233  104849.55589133392    0
9730    1371240.8279396042  107788.58583603706    0
9731    1376724.4833053576  117573.26204996475    0
9732    1373737.759748515  117521.61872024083    0
9733    1366506.8239223901  105853.49660443168    0
9734    1366535.8269316428  105886.76707521475    0
9735    1366463.3747551844  105851.84476500704    0
9736    1366424.9390546535  105897.52178855744    0
9737    1366799.769339965  117254.50951268952    0
9738    1363835.2240707846  102455.2837078197    0
9739    1368278.5775222278  98404.655374418973    0
9740    1376398.9268239266  110742.03005325788    190
9741    1372759.5872571513  117282.96483483256    145
9742    1372689.0433530228  117211.9921317593    703
9743    1372513.5088751535  117152.11660905377    0
9744    1368490.0485571618  98378.616278203292    777
9745    1363639.0173359015  102369.85392173768    215
9746    1363820.3608321268  102284.96755135752    0
9747    1363801.4818188471  102349.32962199894    0
9748    1364349.1713271488  118511.60591480471    0
9749    1376370.398249039  111260.71165639254    0
9750    1369502.5555945151  102082.50818434299    0
9751    1368151.9428458835  98399.466470712287    0
9752    1365810.5434999987  103279.22950000316    335
9753    1365888.126069406  103311.33695689318    0
9754    1365835.7508365791  103328.10668132093    0
9755    1365708.1223321003  103237.42723161761    0
9756    1366187.8266452109  101852.44281113974    0
9757    1366265.3797261519  101792.13138757602    0
9758    1366498.8871053553  101873.9029695983    0
9759    1366407.9720317479  101926.3431989978    0
9760    1367156.7234958045  117434.357943002    0
9761    1367685.5220141546  105311.41647957091    0
9762    1366044.4516344559  103832.83250931244    0
9763    1367937.5113707676  117215.92796197535    0
9764    1365211.442672845  117426.44334052582    0
9765    1367978.2140782096  105539.67647912848    0
9766    1367170.3252897998  105547.91339471826    0
9767    1370331.8059150677  107096.76084963721    0
9768    1370418.8683809  107212.58202058959    0
9769    1374300.0997926597  107345.10246328064    0
9770    1375198.5190178389  119032.88382502277    0
9771    1373396.9599170268  106420.92931913314    0
9772    1366428.2338374185  104410.7822433543    0
9773    1367613.5415641014  112274.90857843366    0
9774    1367418.9860494481  112720.48122888005    0
9775    1365966.7561856732  102072.42714418737    0
9776    1366109.5976784213  102017.19119115647    0
9777    1373296.6257908558  117888.05437938945    0
9778    1363987.4379241408  118635.01360079659    0
9779    1364253.3264855056  118817.93018465176    0
9780    1364367.4219791922  118900.48618904666    0
9781    1373362.1136626522  107222.41199427395    0
9782    1366234.0037282866  117478.54348644272    0
9783    1365912.972882963  102112.76735080172    0
9784    1369467.4171445933  98732.810689928287    0
9785    1367841.1139631115  117178.56743637371    0
9786    1359786.3954071237  108262.81699385656    0
9787    1359743.9322074493  108159.30150115541    0
9788    1369516.2844692681  118246.27817484939    668
9789    1369498.6125817448  118058.59898164174    0
9790    1372630.1657765058  108130.98308179314    0
9791    1373808.193395  106962.45590563184    0
9792    1368600.0806159405  105740.12949130352    0
9793    1368794.3650445323  105604.81078822709    0
9794    1365888.0917060147  113221.93390196034    0
9795    1363806.8153925  112568.49016120999    0
9796    1371571.6936602963  118393.22321805051    0
9797    1366936.9000461588  104091.44245446584    0
9798    1366866.2025499742  104103.72884705367    0
9799    1376501.8255214877  118503.3487088293    180
9800    1376341.5861184534  118517.73576421921    0
9801    1371255.4345786707  107897.97294317838    0
9802    1366676.1164436545  103858.97481423512    0
9803    1366404.4226901506  105769.20534606106    0
9804    1366347.533946937  105738.18373841111    0
9805    1366291.8989031797  105739.65941449521    0
9806    1363868.5710975768  112680.22195106924    0
9807    1364465.9769948462  118350.03580299935    0
9808    1376221.0122729011  110868.87461519511    0
9809    1373735.0153617084  117617.73654431028    0
9810    1366459.2527610082  105930.95767203717    0
9811    1366408.9877261859  105948.21713136065    0
9812    1366412.0474999957  106056.01225000247    315
9813    1366354.4082663858  105903.18644223752    0
9814    1366432.3822499942  106017.21612500213    315
9815    1366359.1746922694  106003.57206395063    0
9816    1366480.9781736264  106017.96014961114    0
9817    1366456.1168558011  106054.38370196127    0
9818    1366436.4117377012  106118.23707413551    0
9819    1372670.6663423809  117292.98832413886    0
9820    1372613.9137407925  117203.59678744295    0
9821    1368596.6762192599  98300.093178253112    208
9822    1368528.3038381678  98335.42861498399    0
9823    1368493.6840881077  98477.933013685513    0
9824    1363677.4600892491  102328.09803348767    0
9825    1364255.7584167037  118545.01209225766    0
9826    1376394.8378519167  111192.11790067522    0
9827    1369494.5768409139  101969.03543621166    0
9828    1368091.0665839107  98382.452475188635    0
9829    1365891.6665481995  103412.568658342    0
9830    1366237.1312295257  101869.02414717861    0
9831    1366186.7501368753  101945.0711676982    0
9832    1366225.7692473626  101821.21475713627    0
9833    1366199.6431850698  101898.90057437769    0
9834    1366151.4392213095  101769.56701761216    0
9835    1366111.3781170556  101896.61915814225    0
9836    1366212.2764873377  101761.32242283801    0
9837    1366181.3205658642  101805.87334550804    0
9838    1366155.8323898194  101885.31220642086    0
9839    1366116.834548536  101828.49768819175    0
9840    1366143.4331134318  101929.60477614481    0
9841    1366149.101068106  101982.12303585299    0
9842    1366082.7623008122  101956.49576192989    0
9843    1366205.5082499981  102052.01849999651    345
9844    1366158.3717276098  102032.35006137674    0
9845    1366201.407820422  101997.61898483368    0
9846    1366464.0501155059  101918.53581473717    0
9847    1365393.881753548  117390.57454400777    0
9848    1365928.9822845557  101995.07354436169    0
9849    1366078.9068742373  102059.88946168938    0
9850    1366058.7503493121  102013.02213384413    0
9851    1366019.3718685105  101962.93124098153    0
9852    1373382.0783825931  117833.66644852722    0
9853    1364320.8752355417  118844.69540667933    0
9854    1373351.5048498374  107290.03500171957    0
9855    1365817.5689128502  102144.14445132833    0
9856    1359816.9956063314  108316.14924019091    0
9857    1365781.6868432015  113182.9421459936    0
9858    1376450.2501890392  118525.80448744315    0
9859    1376355.0820172285  118461.87426425911    0
9860    1366190.898596915  105757.18500463749    0
9861    1368449.8476293706  98429.812757914391    0
9862    1363587.8208635452  102209.06008500469    215
9863    1363684.2693347121  102182.43279624663    782
9864    1363693.970581624  102381.87268957481    0
9865    1367998.3341996646  98394.082853620333    0
9866    1368091.3435944235  98498.876291712746    0
9867    1365785.8724787955  103416.26870144909    0
9868    1366174.2959095186  101709.64476153771    0
9869    1366254.3360000029  101693.94600000232    349
9870    1366217.4414402463  101717.73065951782    0
9871    1366256.8450465363  101738.34560347469    0
9872    1366560.5903321593  101957.97576481548    0
9873    1365963.1117957868  102026.30698054083    0
9874    1365974.4202372958  101979.68620179109    0
9875    1365924.4237473989  101906.83091767282    0
9876    1365978.9006160751  101923.02903580351    0
9877    1365939.1475110084  101950.30935925418    0
9878    1365854.7103465213  101954.67130955149    0
9879    1366045.1835862186  101901.7601608041    0
9880    1365860.8459143557  102115.00147119851    0
9881    1365787.5449494023  102052.85477626561    0
9882    1365832.9597248894  102073.59078985637    0
9883    1365833.5279782931  102012.24586734912    0
9884    1359884.8393976477  108380.1313824041    0
9885    1359863.7353157124  108253.8868193947    0
9886    1376456.5914590158  118469.91306770858    0
9887    1376249.3070387228  118465.88050877606    0
9888    1376349.2093086345  118375.05901079271    0
9889    1366238.9271880866  105734.17855140899    0
9890    1366258.5112998153  105803.62331534698    0
9891    1366181.1564355514  105675.21132983534    0
9892    1366222.9017575402  105692.09592845838    0
9893    1366217.3518657831  105645.76975936386    0
9894    1366171.3243494369  105626.1536815984    0
9895    1366089.2747155272  105668.11208205554    0
9896    1366150.4273105361  105546.79549053672    0
9897    1366136.2167532812  105658.70400453506    0
9898    1366138.5258292072  105721.84350522044    0
9899    1366099.4726943679  105597.18159637872    0
9900    1363701.1404606805  102235.40983915704    782
9901    1366300.2531501078  101591.70323737786    0
9902    1366501.2423403  101965.37198221995    0
9903    1365980.376976666  101818.35751691308    0
9904    1365742.0553543183  101945.90809308545    0
9905    1365879.9955039297  101996.65792346699    0
9906    1376414.4811624074  118382.61425806201    746
9907    1365893.5239999965  105977.00600000471    311
9908    1363604.8863543305  102262.65803058232    215
9909    1363786.61858019  102179.01346553671    0
9910    1363767.7395669103  102243.37553617814    0
9911    1366320.5512050719  101662.25113967324    0
9912    1366544.0277893199  102066.88149096712    0
9913    1365964.8774021827  101870.4850712909    0
9914    1365797.1470100118  101966.17697194171    0
9915    1376514.5036882604  118391.56537336604    180
9916    1366102.0614841271  105832.35672418776    0
9917    1363643.0174291327  102221.00138022842    0
9918    1366477.2856342997  102035.24116016946    0
9919    1365880.2194157541  101816.94482435501    0
9920    1366016.2227092246  101857.38395874934    0
9921    1366051.1389569179  101789.33808512271    0
9922    1366069.7326548926  101854.10055243768    0
9923    1365751.5888327048  102005.00084746175    0
9924    1376462.9305424518  118414.02139998256    0
9925    1366135.8788818119  105782.24253144975    0
9926    1363667.3982087437  102129.45575333624    782
9927    1363659.8369339756  102274.67764729363    0
9928    1365930.0989699836  101831.77597987742    0
9929    1365931.4507401923  101735.937712561    0
9930    1365944.2905321047  101784.04748081698    0
9931    1365999.8559310671  101743.44963011003    0
9932    1365808.8443806609  101874.95064615297    0
9933    1365684.7350765755  102092.66808768373    0
9934    1366190.7635854168  105829.82170455829    0
9935    1366040.7417203675  105754.51052984981    0
9936    1363570.7553727599  102155.46213942705    215
9937    1363752.8763282532  102073.05937971592    0
9938    1363733.9973149735  102137.42145035733    0
9939    1365818.3551108923  101922.53324906541    0
9940    1365771.8901693635  101907.0787872323    0
9941    1365867.4366361811  101887.9811209668    0
9942    1365688.1391142642  101873.60454350704    0
9943    1365725.2939067753  101902.15273251654    0
9944    1365656.1084468926  101953.74383537433    0
9945    1365748.953092233  101832.9087262807    0
9946    1365730.5253052823  102058.26257808108    0
9947    1366146.2589236822  105825.71425542382    0
9948    1366135.9354685892  105907.38535754819    0
9949    1366164.6571294742  105869.52784776971    0
9950    1366248.0983957683  105895.95432065612    0
9951    1366210.1045794995  105870.97370530818    0
9952    1366251.3850032981  105849.57230182228    0
9953    1366195.3873565213  105934.74091250256    0
9954    1366305.7200225929  105834.47209342731    0
9955    1366093.6280801285  105750.13340452305    0
9956    1366070.6373222624  105794.03565346998    0
9957    1366063.7312975721  105710.59401563124    0
9958    1366018.4167163081  105868.90255894439    0
9959    1365974.3846443512  105691.79809440863    0
9960    1365867.1994999982  105830.98600000516    311
9961    1366055.0851913176  105838.83356367756    0
9962    1366016.4072594286  105713.79624637625    0
9963    1366085.3910982839  105885.04412548523    0
9964    1365996.9567120206  105805.33986315435    0
9965    1366024.913879059  105646.40968415537    0
9966    1365969.7816087375  105751.72772075595    0
9967    1363612.4367887899  102117.78390624786    0
9968    1365886.418264501  101926.16268268127    0
9969    1365845.7155659904  101847.40421542997    0
9970    1365799.7129075956  101824.27862528928    0
9971    1365759.0342116114  101738.61052607502    0
9972    1365767.2921396026  101787.18132501798    0
9973    1365677.0605481328  101777.53495379019    0
9974    1365837.4056573962  101750.27333992209    0
9975    1365723.5367319626  101769.6331488429    0
9976    1365686.2909197186  101691.19459860399    0
9977    1365905.763450257  101867.6779006226    0
9978    1365702.0765777747  101982.67329788914    0
9979    1365764.3009683813  102111.08149259465    0
9980    1366352.6529485842  105823.54365115905    0
9981    1366071.0584421842  105985.81596657421    0
9982    1365929.6293882823  105805.77358860952    0
9983    1365854.0372499991  105757.97600000538    311
9984    1363583.0425789014  101864.57053878419    782
9985    1363485.4279188327  101887.47241153874    215
9986    1365677.32774407  102035.13586274614    0
9987    1365805.2763813704  102104.50738495488    0
9988    1365732.3234357405  102222.04234266849    0
9989    1366092.4362088866  105937.45132162304    0
9990    1366144.7145219443  105966.5870586018    0
9991    1366024.6589899177  105936.39989904595    0
9992    1365909.8651979312  105716.98411354219    0
9993    1363519.5589004036  101994.66830269404    215
9994    1363616.7848308384  101970.52462460505    782
9995    1365579.0426467163  102077.03313231312    0
9996    1365763.9605547814  102171.07157765632    0
9997    1366226.505370985  106040.49294232458    0
9998    1363595.4957360025  102063.94601767884    0
9999    1365634.093795154  102069.94524093169    0
10000    1365818.9467492572  102213.71469132391    0
10001    1365693.7451725099  102162.79331630879    0
10002    1366196.0325895485  105992.00537312179    0
10003    1363536.6243911888  102048.26624827168    215
10004    1365597.4695710577  102002.82061990321    0
10005    1365775.1998875616  102213.35156309817    0
10006    1365796.4295922401  102291.08424470779    0
10007    1365762.073123072  102258.70201719266    0
10008    1365721.8466014403  102335.79767298962    0
10009    1365702.4884241282  102276.65466831659    0
10010    1365731.9227745135  102140.89377097679    0
10011    1365616.0488252759  102147.1243665013    0
10012    1366256.5770524652  105962.68731691787    0
10013    1366129.6512036806  106067.54314313307    0
10014    1365634.4852210078  102026.17799289942    0
10015    1365667.4845757668  102222.07619720644    0
10016    1365607.323281067  102340.54287875682    0
10017    1365610.6461417526  102105.16210768672    0
10018    1365651.4548518076  102121.23687464811    0
10019    1365557.2197084608  102133.36974524787    0
10020    1366150.6695634783  106019.07740617226    0
10021    1366179.9011409385  106060.54483228431    0
10022    1366100.9040478484  106026.28579838396    0
10023    1366238.7497252177  106133.13533063552    0
10024    1365919.8484999947  106123.02600000426    311
10025    1366219.5625727682  106088.54090744241    0
10026    1366014.2393974846  106058.95890792175    0
10027    1366305.74204666  106076.4680131911    0
10028    1366159.9986524202  106140.59375516456    0
10029    1366052.9639682902  106030.40039363851    0
10030    1366264.4917225887  106095.63467006649    0
10031    1366080.6016711204  106071.07586742238    0
10032    1365997.5681393982  105995.81914310859    0
10033    1366330.7085000016  106211.19675000384    315
10034    1366108.7104752506  106119.0714925816    0
10035    1366309.4668833069  106138.45721205893    0
10036    1365663.9157443836  102322.01952260558    0
10037    1365563.7457571488  102238.1422132334    0
10038    1365468.2619042341  102066.51538946902    0
10039    1366096.201529545  106220.75241330979    0
10040    1366035.6196524648  106129.64856429782    0
10041    1366351.0432500001  106172.4006250035    315
10042    1366417.232901891  106182.36629393081    0
10043    1366378.9620634886  106211.76132865113    0
10044    1366450.2067701463  106264.90745013992    0
10045    1366354.116403569  106272.92031748785    0
10046    1365668.4563132098  102431.60402618196    0
10047    1365576.2232247873  102184.77553830013    0
10048    1365617.4473649808  102275.76174749919    0
10049    1365522.1690014219  102087.39721377791    0
10050    1366116.795644816  106171.67603815621    0
10051    1366193.4974618042  106232.72191088379    0
10052    1366062.2395628118  106177.64163460788    0
10053    1366146.5375047319  106213.01591658319    0
10054    1366135.084191595  106306.11596294763    0
10055    1366127.6813311956  106257.95072607818    0
10056    1366000.4674999937  106325.80849999934    312
10057    1366064.3203389989  106292.34064877027    0
10058    1365650.7317765669  102377.45211215703    0
10059    1365624.7853010672  102196.25378006855    0
10060    1365481.1791625326  102190.69562579738    0
10061    1365520.9554973354  102010.5075536426    0
10062    1365933.0107499938  106196.03600000404    311
10063    1366033.0888188444  106235.53884464112    0
10064    1365705.5392457293  102389.48968298253    0
10065    1365563.5976400159  102435.94878303281    0
10066    1365475.2287384027  102128.55264402383    0
10067    1365527.8117893003  102173.45663712497    0
10068    1365544.478440077  102048.59071100927    0
10069    1365998.2920604208  106181.73179943713    0
10070    1365759.2228617175  102376.47204642912    0
10071    1365733.7974631339  102451.75536881798    0
10072    1365598.915163175  102394.41227837281    0
10073    1365313.5830000043  102097.5910000056    326
10074    1365769.0335870183  102329.94685609854    0
10075    1365819.5044272821  102336.43837998947    0
10076    1365849.4248312493  102292.66880587491    0
10077    1365823.9659304433  102257.13684667321    0
10078    1365616.4980561743  102445.14568934913    0
10079    1365666.4828177975  102530.48251395207    0
10080    1365653.5251386897  102480.76495611858    0
10081    1365703.7651358161  102494.2184476093    0
10082    1365573.8102317639  102528.08805059409    0
10083    1365766.4157414467  102506.67672048391    0
10084    1365583.1156597983  102480.42104083514    0
10085    1365620.4918133756  102515.92162526812    0
10086    1365724.6441365492  102552.98031941317    0
10087    1365502.2749166121  102489.38131942879    0
10088    1365618.2435666488  102602.93520913299    0
10089    1365606.8200776135  102559.10421346992    0
10090    1365536.5434209956  102600.8242503965    0
10091    1365507.6236373594  102352.57230505989    0
10092    1365307.0725000054  102175.7160000056    326
10093    1365395.7472554252  102106.06866138882    0
10094    1365741.0309841249  102296.72021830906    0
10095    1365810.4016936398  102497.82890295345    0
10096    1365799.0255847001  102555.03339965417    0
10097    1365676.9850954413  102589.76024259077    0
10098    1365559.1699197728  102360.61782296983    0
10099    1365542.4380096893  102298.66941422247    0
10100    1365440.0764181381  102101.09046034381    0
10101    1365424.0103279827  102157.88452089418    0
10102    1365411.8133455806  102049.27460083854    0
10103    1365856.41051077  102588.87577474423    0
10104    1365759.2650310867  102647.10971966718    0
10105    1365364.0435738484  102156.97750978512    0
10106    1365320.0935000032  102019.4660000056    326
10107    1365456.8172569959  102002.95632231033    0
10108    1365727.1468527494  102605.49131893528    0
10109    1365777.0626924667  102600.17224111366    0
10110    1365677.0662497149  102677.34251976252    0
10111    1365823.8901082734  102644.77114962159    0
10112    1365690.8034593614  102633.53861459516    0
10113    1365644.1010115279  102642.9483966665    0
10114    1365599.6123385553  102718.58373151832    0
10115    1365579.8902577341  102656.08143462545    0
10116    1365632.5232155116  102687.0401188268    0
10117    1365671.9859005124  102761.1538310105    0
10118    1365310.3277500048  102136.6535000056    326
10119    1365347.3058327944  102120.06815919475    0
10120    1365239.4530885366  102150.41408977067    0
10121    1365358.2467458881  102067.11731068604    0
10122    1365269.068620984  102113.54830809194    0
10123    1365188.9079938745  102079.4810298326    0
10124    1365273.1578364496  102054.88841895091    0
10125    1365392.7025473814  102244.99353835006    0
10126    1365249.1093516168  101974.21680428578    0
10127    1365349.9908211047  102210.22708908918    0
10128    1365396.2045994441  102197.07154739618    0
10129    1365440.9840973623  102224.43290905429    0
10130    1365498.550095452  102252.20471465222    0
10131    1365442.4721913079  102294.89628029524    0
10132    1365459.6517736788  102259.28607114061    0
10133    1365486.0606892216  102293.97574841177    0
10134    1365465.1219736366  102334.94674000697    0
10135    1365459.1755737392  102409.34196456721    0
10136    1365339.829039742  102334.15983277267    327
10137    1365367.9385198676  102391.65641638497    327
10138    1365404.5505514699  102342.77195720394    0
10139    1365412.5989415874  102405.44190960003    0
10140    1365280.0676785617  102470.23506199211    0
10141    1365392.8883454176  102294.57805728748    0
10142    1365320.1955198743  102294.00041638919    327
10143    1365346.6073222677  102256.20894188472    0
10144    1365258.8207131941  102348.88493907776    0
10145    1365266.2877004321  102295.47636738786    0
10146    1365167.8755428377  102308.94374475071    0
10147    1365226.5251406538  102227.81875375372    0
10148    1365619.5715000033  103194.59449999779    332
10149    1365658.1764006591  103208.93579092719    0
10150    1365562.8487480956  103224.39455378661    0
10151    1365644.5284999982  103262.95350000262    333
10152    1365722.6534999982  103303.10100000352    334
10153    1365603.7405430942  103309.75980572766    0
10154    1365680.175366547  103259.78178363349    0
10155    1365604.3318186731  103269.10017900199    0
10156    1365576.2496682806  103181.01812792275    0
10157    1365538.6171485002  103288.47866350734    0
10158    1365759.3097076807  103274.98506827759    0
10159    1365740.8733099923  103367.16473984279    0
10160    1365656.8659717892  103375.34866385268    0
10161    1368327.7928095735  116752.40594621078    0
10162    1366379.3230320727  103565.50009377705    0
10163    1369736.6919680617  105588.59467654984    0
10164    1366009.7365488799  102511.76464373329    0
10165    1366385.2334399524  114395.14130722091    0
10166    1368188.1474106801  109457.03443057885    0
10167    1364986.9066854618  118090.63582519586    0
10168    1366506.3150313357  114960.98769034329    0
10169    1371692.3295447922  118955.38184808593    0
10170    1373242.3588469489  107544.0620688397    0
10171    1368944.8433352562  105688.93332021887    0
10172    1369083.4335568501  105869.35669151082    0
10173    1368025.2219176805  110726.30517643357    0
10174    1368236.721608158  108824.34957741355    0
10175    1366898.3602416136  105647.01672736503    0
10176    1367000.4229707923  105531.26382320048    0
10177    1365830.6948102396  113812.36091650695    0
10178    1370058.3890819435  117068.2485154772    0
10179    1370371.1271718047  105855.7156195799    0
10180    1367829.3036219357  116752.79522052995    0
10181    1364671.4938279539  118381.21748467239    0
10182    1363876.0834643566  104489.27453683552    0
10183    1363797.4269107906  111651.85263283049    0
10184    1366617.37121437  103080.0412312682    0
10185    1366764.8204547029  105101.75643135906    0
10186    1370740.579853839  106822.20814182817    0
10187    1368490.9344944041  105634.31530873026    0
10188    1368044.7236400999  109167.61291851822    0
10189    1368084.6496687441  116402.89216857517    0
10190    1367605.4472128991  104421.16121323044    0
10191    1372050.780542843  108094.48649180743    0
10192    1373545.707754215  107848.94950359229    0
10193    1368257.0929100416  116366.04176252043    0
10194    1373391.2164841685  117707.19373188695    0
10195    1366597.4060340773  114793.83147270863    0
10196    1372692.2528736959  117096.37453380165    0
10197    1372644.9242874153  116916.13587109912    0
10198    1369434.4310904082  105977.75129719132    0
10199    1372168.806902302  108201.61219344694    0
10200    1363848.3186230024  111926.16647803938    0
10201    1364393.2666719523  113137.55508573113    0
10202    1365218.3145563398  113657.47682803826    0
10203    1372261.8025904791  117489.94290995083    0
10204    1372353.0813072878  117454.05878844125    0
10205    1370352.2052208893  106344.51600780991    0
10206    1366171.5909609611  103003.50268010389    0
10207    1372360.0867800063  106895.55004490691    0
10208    1365591.0787308847  113963.6924688984    0
10209    1366850.1680329384  117404.15765084328    0
10210    1365584.3512581219  118297.87899813714    0
10211    1364532.0877034024  118834.19802235998    0
10212    1370687.2137521065  118928.66234673049    0
10213    1370660.9638174847  118597.98463937505    0
10214    1363859.9071279871  102582.87552590895    0
10215    1362051.0964415853  109605.71750348371    0
10216    1371945.6964795084  118039.65451741719    0
10217    1365718.4627405645  103112.81453673918    0
10218    1366040.563338079  103183.03892969666    0
10219    1367317.3111791238  105049.11675526202    0
10220    1373706.3692227057  116755.76941604396    0
10221    1373088.187617175  108120.0395292614    0
10222    1373291.8289957275  108116.78959966204    0
10223    1368289.8146089665  110722.06961273022    0
10224    1365976.494412831  113611.19415452468    0
10225    1366074.90106092  114765.8063666306    0
10226    1374019.0874465508  119567.45897414334    0
10227    1376125.1147698602  118996.66157208932    0
10228    1363729.8401971548  98457.655693075198    0
10229    1366429.0367602799  102251.33708036854    0
10230    1368450.9184930935  105076.56021550832    0
10231    1370913.2471849134  107530.79758380257    0
10232    1367211.2022759425  112694.72136513049    0
10233    1368561.4033350265  108956.9888517404    0
10234    1365563.4575211424  117157.36153759003    0
10235    1365567.244599625  117070.00034354482    0
10236    1368194.3024878907  116805.83984527156    0
10237    1368098.3683320424  116919.45520644929    0
10238    1370109.5021622214  116839.17149997804    0
10239    1371768.6281206394  119437.84251368939    0
10240    1367446.8518329223  112129.20148556131    0
10241    1375675.5169898926  119183.50400286193    0
10242    1366643.3364262644  102685.48012414642    0
10243    1376494.4417925973  118023.10289717412    0
10244    1376330.4028993782  118044.65065757143    0
10245    1370026.3348374951  106726.51968932139    0
10246    1368380.6108162645  117247.18156253548    0
10247    1371934.441949792  107700.28860406428    0
10248    1369388.487092484  116915.6413630794    0
10249    1369422.0445429571  118057.23246346282    0
10250    1365974.951517598  114320.81995138555    0
10251    1366004.9354842259  114636.27511147787    0
10252    1365922.6123394109  114772.76384658917    0
10253    1373578.7556844279  116608.57342306864    0
10254    1374144.4024159184  115550.68550272641    0
10255    1369431.6296051149  98503.509583869178    208
10256    1365468.7926950506  117174.44345295624    0
10257    1365981.7667978657  117755.27662608236    0
10258    1373955.9618899026  107610.53009677368    0
10259    1372885.5655739713  108116.51848658129    0
10260    1368057.2175558261  111244.75942837709    0
10261    1373435.1365519748  118048.93936097705    0
10262    1371550.478395591  118502.23970875464    0
10263    1366499.7658591899  103782.77631983685    0
10264    1372859.751846272  107572.46724513995    0
10265    1369673.9430411279  117247.8522825337    0
10266    1362694.3646873559  106417.8379939945    0
10267    1363957.335569663  112823.91593909077    0
10268    1367867.2573045895  104849.69038841267    0
10269    1366833.3194897405  105917.48267904161    0
10270    1373831.3104773455  117293.92380403372    0
10271    1368554.2417294816  117573.90499838979    0
10272    1376585.4524016241  111266.5730449437    188
10273    1372133.28367377  117836.43463574607    0
10274    1366989.6494862635  117390.35756768068    0
10275    1366664.1712539908  105202.75422250321    0
10276    1373097.0939381628  106629.74417121465    0
10277    1370606.010067055  107466.81357159394    0
10278    1369598.1789857834  98736.767355201533    0
10279    1371929.1443959347  106702.62547628912    0
10280    1373462.5586256487  116645.10705597821    0
10281    1363794.2725889776  112461.77335409606    0
10282    1372026.9604282943  106920.6113939604    0
10283    1369652.0220388998  116577.13400752605    0
10284    1369882.8697489761  116536.138289921    0
10285    1360420.1964854437  109041.51467565363    0
10286    1360296.5281587895  108944.4638561582    0
10287    1363053.1598360764  110902.64172443641    0
10288    1362960.9506253861  110836.55738069364    0
10289    1376287.5038337565  110908.11916894889    0
10290    1376774.5944768654  117514.52421586761    0
10291    1376760.2017127266  117641.71245565587    0
10292    1363910.2731774815  102442.3476175165    0
10293    1364357.2046405456  118444.0887135111    0
10294    1374250.1020240874  114876.51131895544    0
10295    1365711.8030000068  103175.60574999824    337
10296    1365697.2293702858  103142.31126836877    0
10297    1365653.5394236338  103085.8608744011    339
10298    1365656.4640000015  103142.51099999994    338
10299    1365609.7340404273  103077.98263190444    0
10300    1365733.3929273814  103145.95294652636    0
10301    1365690.1411817304  103089.3654429099    0
10302    1365636.1892195917  103056.60856150583    0
10303    1365784.6730927518  103102.91663914327    0
10304    1365724.0332885771  103045.49841048972    0
10305    1365585.0712995806  103020.39786214178    0
10306    1365656.1476851983  103004.2817323419    0
10307    1365777.8179269368  103146.81807109791    0
10308    1365831.6764652901  103132.74209966529    0
10309    1365800.7774999961  102940.68850000203    340
10310    1365661.1053566283  102901.24802488441    0
10311    1365873.3630703248  103170.86699349365    0
10312    1365861.0470926838  103034.50535654515    0
10313    1365755.7472499944  102966.18775000423    340
10314    1365806.4898782098  103003.28631765832    0
10315    1365707.987689968  102934.35711400714    0
10316    1365755.9814185859  102914.09120157195    0
10317    1365712.5369221459  102878.16828037729    0
10318    1365816.4282726808  102863.30673547913    0
10319    1365892.6509272358  103224.59849248796    0
10320    1365914.6951135965  103098.39694685741    0
10321    1365863.7498746468  102966.50149252437    0
10322    1365659.8151636231  102952.82207251743    0
10323    1365612.2086171333  102975.28972029124    0
10324    1365505.639000006  102939.60400000215    330
10325    1365512.6920000054  102987.34700000286    330
10326    1365559.3895572517  102956.05597723019    0
10327    1365431.5833316937  103023.72152331636    0
10328    1365456.7484171966  102971.21899507016    0
10329    1365660.350294509  102830.71976165306    0
10330    1365763.1216939746  102861.22395485069    0
10331    1365720.2612833546  102817.24938435116    0
10332    1365792.613973446  102789.60438024075    0
10333    1365983.0202655732  103262.23381211821    0
10334    1365552.0633451489  102883.96087400914    0
10335    1365603.7028497418  102916.50613673852    0
10336    1365351.0933755483  102952.85950479828    0
10337    1365445.1988900073  102899.74779569476    0
10338    1365684.6963171675  102799.03582860061    0
10339    1365642.7832346112  102792.02544132466    0
10340    1365724.8310126006  102764.49623193211    0
10341    1365596.0076309855  102836.59621619746    0
10342    1365629.6380943216  102750.34315988317    0
10343    1365591.6824573155  102785.22694677392    0
10344    1365701.0629090057  102720.85674564859    0
10345    1365541.9648410073  102815.27977459307    0
10346    1365724.5335760827  102679.53965174766    0
10347    1365790.1742032352  102715.02561128674    0
10348    1365746.0571101883  102724.64315412838    0
10349    1365762.4059014895  102819.04708663652    0
10350    1365623.2136744605  102874.30179042225    0
10351    1365658.8935260088  102719.95924834191    0
10352    1365430.7700000033  102712.82500000298    329
10353    1365533.0999116199  102744.46280900369    0
10354    1365461.1515000053  102778.47150000185    329
10355    1365476.3422500063  102811.29475000128    329
10356    1365504.9918898123  102778.10876662096    0
10357    1365439.7947321958  102848.13590739109    0
10358    1365437.5230571318  102809.33365051038    0
10359    1365482.6796341755  102730.90520466442    0
10360    1365369.8731974533  102832.76183216037    0
10361    1365408.7834581744  102762.85407044707    0
10362    1365522.7529001208  102682.40853341547    0
10363    1365396.4085825735  102878.76764010455    0
10364    1365401.9645071691  102933.06920331479    0
10365    1365327.7788570079  102887.69663630956    0
10366    1365331.0889885314  102698.86346191073    0
10367    1365563.475988087  102695.62353899385    0
10368    1365539.3465571105  102643.25575104673    0
10369    1365400.3885000013  102647.17850000411    329
10370    1365469.3411857965  102626.57214772527    0
10371    1366314.5572500005  101776.95325000212    348
10372    1366385.678430235  101730.93672440064    0
10373    1366369.5864046547  101784.03477058331    0
10374    1367175.7829786062  117329.74788769727    0
10375    1365909.7525784841  103831.50330678544    0
10376    1375206.9658245551  119106.21637492185    0
10377    1373443.9601522069  106465.13950493201    0
10378    1373313.0504760477  106523.09815821843    0
10379    1366524.7834345826  104485.87132820362    0
10380    1367564.2644728427  112220.51343454582    0
10381    1367554.8387214527  112706.61433751171    0
10382    1364102.3083875482  118675.29542809207    0
10383    1366181.2965758366  117352.62594018191    0
10384    1369415.4216862237  98675.73411878747    0
10385    1367907.1005993821  117094.95656280786    0
10386    1359820.1600449295  108107.95179253697    0
10387    1369587.1248625161  118144.93624811598    0
10388    1372507.3293307459  108284.79700942543    0
10389    1366676.5974206831  103933.04786899172    0
10390    1363891.5875185751  112594.56794600509    0
10391    1366358.9471991898  105953.27689701186    0
10392    1366309.6618396563  105978.64792053433    0
10393    1366315.9053422459  106027.88668896281    0
10394    1366359.9699627247  106055.64482491359    0
10395    1366272.6146252516  106044.18394886893    0
10396    1366391.7127499972  106094.80837500282    315
10397    1366297.2671920978  105923.61237534937    0
10398    1366344.9883762423  106097.65163959705    0
10399    1366273.8126639596  106001.62187077978    0
10400    1366290.5583461956  105878.0052855822    0
10401    1366399.6047674825  105989.86400377135    0
10402    1365472.1919843494  117319.26316961896    0
10403    1373334.5598717574  117785.54437878476    0
10404    1364334.5482155529  118711.56749628225    0
10405    1373236.9323189596  107237.41699949115    0
10406    1368386.461920019  98531.582834134431    0
10407    1366093.9112312149  101623.08714333881    0
10408    1366259.3380966331  105648.27667383252    0
10409    1366143.7371268319  105590.98764441401    0
10410    1366086.7556034133  105533.36319406283    0
10411    1366383.160086835  102044.90970972087    0
10412    1366101.3540153538  101779.78192756569    0
10413    1366064.4954286572  101722.81133440589    0
10414    1366117.1169856922  101729.17506886841    0
10415    1366096.6004338176  101678.08089015356    0
10416    1366016.4466388687  101654.43779832956    0
10417    1366175.126000002  101584.35450000316    350
10418    1366060.6481255742  101652.2763388914    0
10419    1366035.4498868645  101590.01380274781    0
10420    1366148.2776058211  101647.99124394872    0
10421    1366135.1057786793  101604.95198765719    0
10422    1366090.8534873154  101560.28648684651    0
10423    1366158.8500000015  101549.08975000307    350
10424    1366213.2266733916  101502.60451700368    0
10425    1366205.7052008684  101548.85268990647    0
10426    1366268.7964970858  101535.37770197046    0
10427    1366230.8356989182  101601.41912428084    0
10428    1366010.4533567647  101476.9348451899    0
10429    1366038.8986825296  101529.9491660458    0
10430    1365930.6962536396  101553.86772108913    0
10431    1366083.0005528026  101472.14743617133    0
10432    1365981.424332554  101526.64909965164    0
10433    1366081.4677877864  101516.70336331605    0
10434    1365979.1539371735  101583.29865771859    0
10435    1365907.8091859913  101450.33152062801    0
10436    1365908.515399453  101644.99619615712    0
10437    1365955.3795138348  101478.10866852275    0
10438    1365934.0532190565  101602.94848302897    0
10439    1365962.5411328995  101649.02980981593    0
10440    1365854.9791961559  101583.70170675407    0
10441    1365908.026823967  101504.58114747971    0
10442    1365980.8355703491  101379.89102636464    0
10443    1365985.1870328758  101694.6634608117    0
10444    1366029.1579750143  101696.57470048207    0
10445    1365932.5200152632  101687.30515184157    0
10446    1365879.4529019701  101710.4664104235    0
10447    1365883.7111251927  101545.62189275968    0
10448    1365801.8401554036  101513.72801574861    0
10449    1365854.1795004001  101500.40146437513    0
10450    1365981.958772565  101432.58981048867    0
10451    1366051.1205375458  101404.75436062492    0
10452    1365808.2082890875  101677.32247109206    0
10453    1365836.9611819948  101542.22072280117    0
10454    1365772.4358477367  101594.90218332055    0
10455    1365804.3855286646  101414.28152005002    0
10456    1365837.2628315289  101708.01218937515    0
10457    1365800.4781376366  101729.26732361954    0
10458    1365857.8136311255  101659.45825063493    0
10459    1365817.1875831021  101624.45203003193    0
10460    1365817.1373726723  101464.36373143074    0
10461    1365721.9795058905  101461.92812736068    0
10462    1365857.8290956763  101427.33834528617    0
10463    1365769.9019225149  101449.72620647054    0
10464    1365724.3100745645  101370.87394242561    0
10465    1365758.2262093145  101403.87044347975    0
10466    1365799.7618356822  101327.24824236325    0
10467    1365910.0695223925  101379.60098587637    0
10468    1365843.8764076158  101368.54408735158    0
10469    1365894.2745283667  101270.49517566503    0
10470    1365855.1047622783  101312.33854911393    0
10471    1365801.2735754361  101222.69175617649    0
10472    1365909.4854176149  101323.98933801043    0
10473    1365840.962680982  101259.84490259737    0
10474    1365996.7103655869  101270.27754637404    0
10475    1365789.7160444872  101274.81382244099    0
10476    1365740.2961800864  101311.46159690218    0
10477    1365719.6148674164  101231.92719417757    0
10478    1365762.0301810862  101241.33235279037    0
10479    1365754.5146693697  101174.88104027075    0
10480    1365886.3049850352  101171.63201887185    0
10481    1365945.5231383415  101284.83246620858    0
10482    1365936.7817745144  101217.31578906007    0
10483    1365984.4536756123  101324.45874394769    0
10484    1365626.9814285827  101312.82881460301    0
10485    1365876.2030315588  101222.19915443717    0
10486    1366075.6054345341  101316.60185854934    0
10487    1365946.8091807526  101349.8358798603    0
10488    1365683.8316174287  101328.12551951892    0
10489    1366028.7778543935  101306.00867940699    0
10490    1366068.8149066919  101237.82146079089    0
10491    1366042.3434093858  101354.83979352123    0
10492    1366163.1904999986  101423.76449999958    351
10493    1366099.0652584387  101370.59463426142    0
10494    1365635.7793790365  101414.16488187437    0
10495    1365669.5143370079  101268.04549013157    0
10496    1366129.7002428556  101325.19072807638    0
10497    1366100.1259113611  101422.80946387439    0
10498    1365644.1290135696  101362.39001984043    0
10499    1365681.2250133166  101394.93311782407    0
10500    1365547.6968764616  101368.00735496082    0
10501    1365675.3631981565  101444.39240306355    0
10502    1365595.1207553265  101351.59925936777    0
10503    1365667.5853503619  101535.79811895137    0
10504    1365586.0125836979  101402.01218578617    0
10505    1365542.32178885  101275.73385259187    0
10506    1365684.3648467623  101491.19213892083    0
10507    1365590.6649813142  101490.93698423399    0
10508    1365579.4202586564  101306.22053470154    0
10509    1365739.1899032474  101522.85571766527    0
10510    1365601.6929919792  101445.77591497196    0
10511    1365637.4932522858  101499.01935683936    0
10512    1365508.602988454  101450.64622919323    0
10513    1365603.9063348598  101238.60861565737    0
10514    1365603.2467595893  101557.73951346033    0
10515    1365540.2101767503  101415.03211955263    0
10516    1365556.7842273209  101458.73653065316    0
10517    1365463.3980769676  101378.69469779538    0
10518    1365519.7802375881  101531.59607649784    0
10519    1365713.3307672427  101276.01732719767    0
10520    1366177.2964999974  101263.17449999601    352
10521    1365766.5896330811  101491.34893334092    0
10522    1365775.1296136796  101549.96521406386    0
10523    1365731.8818960437  101569.9219351428    0
10524    1365719.9794848012  101634.65338606841    0
10525    1365659.8281995528  101201.80266815364    0
10526    1365628.4824991038  101271.66500303574    0
10527    1366110.1074890762  101273.94507555156    0
10528    1366121.5560536785  101219.19592428864    0
10529    1366073.447134342  101166.95313449056    0
10530    1366008.2862109679  101785.62841471535    0
10531    1366215.6763341588  105793.5495350202    0
10532    1366066.7341057409  105628.67297600185    0
10533    1366017.3253596725  105570.34626375236    0
10534    1365894.3465000018  105611.75050000101    310
10535    1365698.7705647543  101823.70496977719    0
10536    1365619.342067217  101832.86451615683    0
10537    1365963.5922934473  105852.00834643404    0
10538    1365860.6183749987  105794.48100000527    311
10539    1365900.3023009161  105768.48105499597    0
10540    1365799.1956430017  105824.40001911814    0
10541    1365817.2489400376  105783.45392308463    0
10542    1365735.6361589045  105771.92345575495    0
10543    1365806.6355554818  105728.8301363033    0
10544    1365745.9962647266  105646.20097853609    0
10545    1366046.26643116  105900.36428628134    0
10546    1365847.4561249996  105721.47100000549    311
10547    1365877.0830438931  105697.28413321414    0
10548    1365867.6107500009  105648.35825000331    310
10549    1365919.5905235414  105663.67459094939    0
10550    1365807.0708047925  105632.21093158158    0
10551    1365846.7390875628  105605.04820245544    0
10552    1365879.5001297798  105544.77406657186    0
10553    1365778.7529207214  105548.30864481328    0
10554    1365962.4631708732  105610.73261274846    0
10555    1365959.933143202  105652.51400369017    0
10556    1365861.1476669523  102178.08013948009    0
10557    1366032.2626275807  105975.75195445563    0
10558    1365906.6862499956  106050.01600000449    311
10559    1365953.9313590515  105940.0385972731    0
10560    1365979.3479886581  105898.28271299621    0
10561    1365880.3617499974  105903.99600000493    311
10562    1365929.1855378142  105889.54277316174    0
10563    1366270.0718436646  106189.43275804992    0
10564    1366043.0752812666  106088.81550888928    0
10565    1365999.5795645367  106101.97089203735    0
10566    1365959.6423676235  106064.3547855444    0
10567    1365945.4669633675  106011.7491304008    0
10568    1365933.1641387481  105973.94214256741    0
10569    1365886.9428749969  105940.50100000482    311
10570    1365825.5201429999  105970.42001911769    0
10571    1365843.5734400358  105929.47392308418    0
10572    1365761.9606589028  105917.9434557545    0
10573    1365832.96005548  105874.85013630285    0
10574    1366535.7489476188  106182.87787811499    0
10575    1366350.2084982526  106394.44621846305    0
10576    1365660.0820315874  102265.3378888649    0
10577    1366091.5995764423  106340.85185595474    0
10578    1366220.1140000001  106345.55200000107    314
10579    1366102.4754999951  106392.44299999624    313
10580    1366108.831917346  106481.96187294618    0
10581    1366067.7802722796  106439.89169472795    0
10582    1366027.6147499941  106354.18974999711    312
10583    1365990.8762481818  106416.50496023241    0
10584    1365982.8813249951  106369.80411528566    0
10585    1365904.0910716921  106407.32733103838    0
10586    1365941.5838087241  106327.78380953756    0
10587    1366138.4194708404  106354.8776384588    0
10588    1366176.7039278899  106327.76409315279    0
10589    1366175.8334112808  106278.60551393511    0
10590    1366233.7509203872  106274.56040771979    0
10591    1366013.7272745806  106533.70002576998    0
10592    1365839.7524718435  106290.27953465463    0
10593    1366240.9721970484  106227.32922392656    0
10594    1366211.6543736444  106180.89780180648    0
10595    1366310.3737500031  106249.99287500419    315
10596    1366255.0765000023  106317.1705000028    314
10597    1366309.0445474889  106347.92697468339    0
10598    1366264.1174262504  106364.03329296054    0
10599    1366301.0862659039  106396.44130058624    0
10600    1366217.3945698089  106413.65297671501    0
10601    1366329.1841123065  106482.52392630519    0
10602    1366371.3129704571  106334.29909074695    0
10603    1366467.3849992235  106401.78506180884    0
10604    1365606.2309769283  102234.63396697857    0
10605    1366070.2551331618  106252.09053558622    0
10606    1366017.6783706895  106280.99898738615    0
10607    1365981.3595493482  106230.83694435765    0
10608    1365926.4296249943  106159.53100000415    311
10609    1365965.3066659875  106133.67652028853    0
10610    1365961.9461273323  106171.97380439242    0
10611    1365865.0068929973  106189.45001911702    0
10612    1365883.0601900332  106148.50392308351    0
10613    1365801.4474089001  106136.97345575383    0
10614    1365872.4468054774  106093.88013630218    0
10615    1365841.987811863  106034.80909905701    0
10616    1365768.8690168238  102421.66495226718    0
10617    1365576.7407414815  102276.73106067587    0
10618    1365876.3502432003  102552.630687037    0
10619    1365906.5720000025  102510.73112500086    342
10620    1365958.5283480422  102473.90832478336    0
10621    1365956.8180511855  102526.56128894018    0
10622    1365937.4960000031  102661.28424999863    342
10623    1365984.6413904736  102599.29880048183    0
10624    1365387.6356457132  101980.76042785654    0
10625    1365373.7059036996  102024.19911400341    0
10626    1365818.083501837  102603.98480658213    0
10627    1365577.0894233254  102613.64812838771    0
10628    1365525.1293522657  102217.27053935122    0
10629    1365515.1127542977  102408.02160307868    0
10630    1365522.6942315316  102450.9105989011    0
10631    1365477.0523570396  102451.33940737827    0
10632    1365383.0274999961  102515.34250000119    328
10633    1365442.4930458046  102501.63542235747    0
10634    1365484.7353823753  102555.76491298033    0
10635    1365436.2776392889  102460.34352821833    0
10636    1365705.9860759594  103444.30634977842    0
10637    1365533.4532513928  103414.56504787604    0
10638    1369761.9798321258  105455.92584169723    0
10639    1366399.3599236954  114263.31366675341    0
10640    1371646.8957139421  118897.2859572325    0
10641    1368892.7330130872  105808.48065005033    0
10642    1368125.4056577326  110691.1651780916    0
10643    1366981.492349267  105617.44444155345    0
10644    1365893.4117086483  113745.34748432519    0
10645    1370449.384171797  105903.04236561147    0
10646    1368504.1438612686  105729.88857814361    0
10647    1368363.9188719427  105660.79005669657    0
10648    1367914.690481334  116442.13971684617    0
10649    1373443.7122441947  117774.55322483605    0
10650    1366548.196035126  114729.45864202334    0
10651    1372028.149426331  108230.62880780503    0
10652    1364482.1035284286  113210.2174966006    0
10653    1364401.225281484  113208.91458583552    0
10654    1364315.2572343806  113120.3833452805    0
10655    1365629.093648626  114033.24899535484    0
10656    1366916.0391634258  117418.20683170723    0
10657    1366861.3379553345  117317.08509248547    0
10658    1364596.8436259793  118825.69759042782    0
10659    1370765.7425661325  118794.03902954656    0
10660    1363850.3027592723  102649.42761359087    0
10661    1371834.9855077222  117961.23800788865    0
10662    1367299.4950639284  105119.68087768597    0
10663    1376189.122726036  118953.57600286862    0
10664    1363827.0678070898  98463.24279082453    0
10665    1366465.6161252232  102146.06999761377    0
10666    1367111.8968278535  112772.34938801583    0
10667    1370121.9467685078  116710.91542599078    0
10668    1375589.1062697475  119161.00852675713    0
10669    1366668.7334226572  102588.1802152021    0
10670    1376546.8323741404  117935.12941242092    0
10671    1376405.8602589595  117983.92088991708    0
10672    1368304.6491552957  117193.14686722419    0
10673    1368135.8305342819  111272.94109151795    0
10674    1371444.4968221097  118442.06406739126    0
10675    1367823.0907446938  104785.35723586165    0
10676    1373836.5232953688  117181.44968105614    0
10677    1376523.791641759  111221.32216367479    0
10678    1366600.2348881818  105083.95357608431    0
10679    1369541.994369721  98696.93450757167    0
10680    1373402.5069255861  116558.32101209224    0
10681    1362916.8628889716  110789.91720502454    0
10682    1376766.1940878455  117706.79903013405    0
10683    1363997.0293663815  102572.60487490671    0
10684    1364434.3696312311  118487.50644698646    0
10685    1365546.6934279604  103069.5587247168    331
10686    1365507.0614512702  103128.31270710964    0
10687    1365498.2766095693  103079.64328017466    0
10688    1365416.3915627238  103119.55109453519    0
10689    1365961.7101534656  103004.45052068451    0
10690    1365498.5860000066  102891.86100000143    330
10691    1365792.5549799362  102672.95062121529    0
10692    1365842.4096955166  102696.8764590393    0
10693    1365880.5554110699  102653.97464878787    0
10694    1365927.1880000029  102611.09987499937    342
10695    1365947.8040000033  102711.46862499788    342
10696    1365888.7979693003  102749.73944820852    0
10697    1366015.2117321864  102671.47207064363    0
10698    1366002.2543603764  102726.43521299087    0
10699    1365887.2540245575  102614.46310271719    0
10700    1365890.6330017704  102701.34438366334    0
10701    1366083.621532476  102716.6083449232    0
10702    1366042.6146011478  102822.29633404096    0
10703    1365573.2495473218  102749.2402172022    0
10704    1365223.9203266939  102961.60828023363    0
10705    1365259.8631117528  102792.06051480217    0
10706    1365415.5792500023  102680.00175000355    329
10707    1365438.6123362291  102649.41513327    0
10708    1365379.4137593952  102716.66610345892    0
10709    1365451.6795983606  102683.22114315326    0
10710    1365376.8711716044  102677.98922622543    0
10711    1365422.4965518541  102597.09319416598    0
10712    1365347.9989977931  102631.57100240998    0
10713    1365331.8821411666  102771.19990927029    0
10714    1365486.9914441239  102663.15270386651    0
10715    1365421.6590075609  102547.09442671681    0
10716    1365272.3662298566  102568.4471803273    0
10717    1366435.4641465633  101590.99433662574    0
10718    1375332.7408021812  119054.57624185456    0
10719    1375250.05068867  119183.29286546144    743
10720    1373586.6639806191  106550.44914764113    758
10721    1373376.5539552737  106489.71134898001    0
10722    1373231.2149225699  106645.35489867533    0
10723    1367547.5375135278  112120.87868060183    0
10724    1367484.1737270749  112840.47625316284    0
10725    1372592.2166372444  108226.63255391996    0
10726    1366807.6680239849  103895.1587020271    0
10727    1366723.8959869493  103993.17875470381    0
10728    1363946.1198584142  112655.14096179607    0
10729    1365493.6385304853  117246.31001096594    0
10730    1364393.8975975956  118774.10927181816    0
10731    1373254.3325438518  107370.36595428262    0
10732    1373069.6172059109  106761.94539078129    0
10733    1366108.2344999984  105470.25499999523    308
10734    1366140.5971672586  105502.31473819565    0
10735    1366067.5505005149  105376.24887756191    0
10736    1366127.6643917139  105406.0394469789    0
10737    1366038.2468878496  101752.14561023643    0
10738    1366299.1094011641  101420.48114192476    0
10739    1366045.0329720248  101448.8709506421    0
10740    1365938.7727994856  101415.91964095959    0
10741    1365820.0234503103  101157.5838926985    0
10742    1365951.4143452395  101150.41978317419    0
10743    1366152.8822499998  101468.79475000128    351
10744    1366199.7859664257  101455.83687209003    0
10745    1366224.7289837212  101390.46178996719    0
10746    1366258.7224157113  101464.21413939775    0
10747    1366330.8407713801  101490.29973188459    0
10748    1365717.4771787396  101418.77357084307    0
10749    1365507.3012583756  101147.99882315658    0
10750    1365566.0584017292  101530.15756594832    0
10751    1365544.98798915  101597.42775913869    0
10752    1365769.2917904828  101645.23998744821    0
10753    1365641.746964359  101626.34745718444    0
10754    1365706.0610846973  101184.43662604906    0
10755    1365652.1594401812  101111.1614958401    0
10756    1365668.7765719316  101155.40058837552    0
10757    1365595.7888684578  101165.38919320631    0
10758    1365724.3351446134  101109.29120427222    0
10759    1366138.2334999964  101148.15749999881    353
10760    1366200.8213148834  101068.20714763775    0
10761    1366203.352616413  101134.66183085248    0
10762    1366007.6401403074  101198.23728837435    0
10763    1366040.5775000006  101094.98900000006    354
10764    1366000.4675000012  105508.09699999541    309
10765    1365920.1845728222  105429.98296072864    0
10766    1365993.3743423156  105435.07406640892    0
10767    1366062.4431517995  105571.38420381393    0
10768    1366040.8067643007  105530.76508619302    0
10769    1365502.2726271867  101893.03253144036    0
10770    1365921.0822500028  105575.14274999872    310
10771    1365975.1913769934  105570.56653520932    0
10772    1366004.2638712199  105610.05959924629    0
10773    1365990.2404366327  105956.59289392851    0
10774    1365910.1974622747  105847.55639682407    0
10775    1366170.7598096838  106180.05603372757    0
10776    1365721.8719075355  106031.22867937753    0
10777    1365416.7204358922  102009.01988313737    0
10778    1365430.6579774749  101965.57844463094    0
10779    1365298.5415000021  101766.71262500435    368
10780    1365489.615963262  101952.15896661591    0
10781    1365387.999076891  101913.24150424129    0
10782    1365562.6233503707  101936.86913434717    0
10783    1365522.7301618899  101928.32955847074    0
10784    1365552.3071498636  101887.61033080576    0
10785    1365534.7355994803  101969.6969802461    0
10786    1365517.6778226029  101801.62402526091    0
10787    1365617.6082786603  101899.64406445321    0
10788    1365522.8661909013  101849.50080975644    0
10789    1365435.3996754384  101834.7599632051    0
10790    1365567.5275032276  101820.44137768907    0
10791    1365481.2117741853  101829.79534322646    0
10792    1365575.9606376949  101722.66296957963    0
10793    1365449.5048231618  101751.06544015731    0
10794    1365557.9547833612  101770.36288333425    0
10795    1365506.4276917968  101745.55226171631    0
10796    1365617.9995473505  101765.78029627814    0
10797    1365469.0987868148  101656.7533402347    0
10798    1365632.0186901889  101710.05939341791    0
10799    1365473.96098616  101706.95493221338    0
10800    1365390.7849679356  101689.67456331871    0
10801    1365530.9217434519  101676.10182764861    0
10802    1365435.0589108628  101685.3864774668    0
10803    1365406.024924201  101616.3197126333    0
10804    1365591.9893460684  101662.98629482651    0
10805    1365648.3476259292  101669.53576462627    0
10806    1365670.4653305241  101733.16630777756    0
10807    1365555.0728333446  101639.82533843534    0
10808    1365509.6147135345  101635.73911799956    0
10809    1365594.5159543001  101608.04505385165    0
10810    1365463.4085123576  101596.2174014909    0
10811    1365294.9658749998  101442.86625000089    367
10812    1365399.0808661762  101504.54328546449    0
10813    1365418.3162653951  101559.45220708051    0
10814    1365343.8110440504  101573.11072830851    0
10815    1365460.3655563488  101513.89804296974    0
10816    1365383.9042454788  101581.77647183876    0
10817    1365284.5102500021  101679.39843750373    368
10818    1365372.0917261348  101539.34754036438    0
10819    1365353.4406882115  101625.63901872354    0
10820    1365282.722437501  101517.475250002    367
10821    1365339.5800352748  101486.26961921455    0
10822    1365327.1156303131  101530.40052540315    0
10823    1365313.1677562171  101605.87516085447    0
10824    1365480.6550747484  101554.3639568473    0
10825    1365439.117870427  101447.67457113527    0
10826    1365498.8629473811  101493.23767709425    0
10827    1365383.051262937  101450.73015607451    0
10828    1365408.2975122111  101398.06299350748    0
10829    1365307.2093124986  101368.25724999979    367
10830    1365407.7714741863  101308.50495620414    0
10831    1365351.7964711916  101403.36349154467    0
10832    1365423.4797734651  101353.19325374391    0
10833    1365376.441541173  101362.28068264773    0
10834    1365479.0496957686  101308.55502893163    0
10835    1365337.6417881746  101443.63088759477    0
10836    1365360.8980868536  101317.21068040906    0
10837    1365319.8246468429  101165.64879026258    366
10838    1365319.6386984203  101229.64852013064    366
10839    1365374.0549864743  101257.50931924274    0
10840    1365206.0918585281  101261.31874980782    0
10841    1365443.4529175886  101248.26977928673    0
10842    1365249.4663114224  101197.44450225549    0
10843    1365323.3487500027  101980.4035000056    326
10844    1365284.60142581  101996.84140214568    0
10845    1365245.3560410803  102019.255954231    0
10846    1365286.5333409084  101954.65954506508    0
10847    1365167.390708284  101990.08279508946    0
10848    1365233.1517208552  101898.09576568291    0
10849    1365312.5727500021  101854.02681250498    368
10850    1365319.5883750021  101897.68390625529    368
10851    1365276.295520195  101882.24875191861    0
10852    1365362.2127810742  101868.44198578797    0
10853    1365226.6312367797  101813.69020449596    0
10854    1365354.4449633004  101802.51352148868    0
10855    1365408.1201515291  101871.83898475878    0
10856    1365268.9113154807  101835.33007261275    0
10857    1365456.0724875159  101878.54368605866    0
10858    1365452.3567582106  101924.68662810067    0
10859    1365525.9205926782  102531.13775913992    0
10860    1365495.8797411493  102595.2648503815    0
10861    1371566.6246415887  119006.8755510888    0
10862    1368881.0927158997  105732.27564804295    0
10863    1366635.8942386962  114609.26064237287    0
10864    1364690.8903218738  118792.47230955429    0
10865    1364549.3967438587  118715.15341964865    0
10866    1363866.9506226652  102749.81518399362    0
10867    1371909.270647814  117973.72076282495    0
10868    1367296.8190092207  105227.30845103256    0
10869    1367118.1117506721  112677.96768137225    0
10870    1370236.6975912335  116818.53629756393    0
10871    1369531.7026144515  98770.992023168408    0
10872    1362987.9271299893  110766.89961843133    0
10873    1362870.4416899318  110703.9387942898    0
10874    1376776.724489748  117792.85349147732    749
10875    1376691.1617452656  117759.65219419681    0
10876    1363932.1784231577  102627.27431798074    0
10877    1365924.4750000015  102825.67149999738    341
10878    1365833.2550186045  102751.69465015594    0
10879    1365863.0494604993  102808.18504185059    0
10880    1365901.3779293688  102790.17623096815    0
10881    1365907.6565000005  102857.6807499975    341
10882    1365861.9051072169  102854.06483317194    0
10883    1365972.8093199744  102871.49068584005    0
10884    1365934.3902344771  102892.15042133449    0
10885    1365984.5713966426  102939.41573890229    0
10886    1365909.8650289478  102939.58217600976    0
10887    1366105.7024084756  102604.78927953694    0
10888    1365270.2849823078  102647.81304566321    0
10889    1373490.9517160743  106548.54370870561    0
10890    1367685.3306027923  112160.35631758212    0
10891    1365612.2410823836  117320.80540020989    0
10892    1366150.4179074734  105284.57881657763    0
10893    1365838.5787854793  101198.18123253896    0
10894    1365908.0244487554  101036.44212772485    355
10895    1365837.6256915298  101077.83652667614    0
10896    1365927.2244251596  100956.64353233959    0
10897    1365882.2929743766  101017.41868885867    355
10898    1365847.0935957639  101038.11588833435    0
10899    1365859.7025000006  100952.06574999541    356
10900    1365891.8929625787  100977.51939116609    0
10901    1365877.9154428947  101050.25398975069    0
10902    1365912.4322966286  101003.56582029088    0
10903    1365916.7506778808  101095.18858534457    0
10904    1365966.7341864116  101027.57991699739    0
10905    1365771.9459094566  101041.19222517493    0
10906    1365808.2182231806  101007.86074855605    0
10907    1365730.994553308  100960.22568094556    0
10908    1365762.8886104035  100994.93375158185    0
10909    1365793.329204787  100924.29461613856    0
10910    1365688.466704393  101033.52131928212    0
10911    1365924.9358592394  101179.67632128502    0
10912    1365912.6411671937  101141.93868983418    0
10913    1365963.7090372855  101188.15741462514    0
10914    1365862.8302493552  101124.28538915521    0
10915    1365993.8748922532  101157.45797768101    0
10916    1365977.6739748621  101228.06641868576    0
10917    1366304.8838959099  101289.53950683791    0
10918    1365646.3006664962  101578.68568302359    0
10919    1365618.5215888121  101199.92861408764    0
10920    1365573.2985537327  101204.94226286505    0
10921    1365549.8288788563  101165.42648884596    0
10922    1365506.5024783467  101217.88699613833    0
10923    1365559.4595121758  101081.32291683088    0
10924    1365572.7764494664  101125.45101285556    0
10925    1365607.5326197697  101090.88889219848    0
10926    1365600.4539013682  101000.885546506    0
10927    1365647.6834604479  101061.75900895662    0
10928    1365591.3004585719  101046.8855019202    0
10929    1365689.9292191861  101079.20374461048    0
10930    1365523.7355059937  101016.35355492409    0
10931    1365776.4010446318  101125.07247611252    0
10932    1365760.4679175243  101083.86029458324    0
10933    1365728.8177067784  101052.46831680954    0
10934    1365817.6524006273  101115.2442318595    0
10935    1366112.2143724961  101179.52594448201    0
10936    1366049.2734565451  101200.95860279944    0
10937    1366026.0187748803  101236.89720227828    0
10938    1366073.1292499974  101099.32950000092    354
10939    1366085.1934524903  101133.08535314527    0
10940    1366064.5478841024  101039.45397719034    0
10941    1366042.9363747416  101137.40025706256    0
10942    1366094.1705638659  101065.76115428797    0
10943    1366125.994591712  101000.09472642068    0
10944    1366147.4200135346  101070.29468647791    0
10945    1365964.4393992638  105322.40914025651    0
10946    1365366.2692586896  101946.88498001282    0
10947    1365607.5606582602  101955.30743658636    0
10948    1365590.1375909259  101865.51856542112    0
10949    1365645.6133493995  101866.95887518162    0
10950    1365660.917493976  101908.41179236131    0
10951    1365535.4818007664  101716.75463272684    0
10952    1365338.3423991785  101677.35104600144    0
10953    1365351.9998058942  101736.97822376313    0
10954    1365291.5258750021  101723.05553125404    368
10955    1365238.8768417351  101753.90839324596    0
10956    1365247.2122832607  101707.7844077069    0
10957    1365227.8994575019  101643.71120768854    0
10958    1365161.2794601952  101716.0699621199    0
10959    1365401.6077984902  101738.10057852131    0
10960    1365413.7822146576  101788.08090314602    0
10961    1365475.0409816818  101421.55600886866    0
10962    1365526.6600737418  101322.93947914944    0
10963    1365503.9779186596  101360.97078726585    0
10964    1365181.4194396837  101385.92404456431    0
10965    1365443.4243477767  101288.93873194879    0
10966    1365399.1502435685  101180.75635848625    0
10967    1365363.2691554399  101211.50369776919    0
10968    1365305.5571250021  101810.36971875466    368
10969    1364512.8020714116  118770.61323338123    0
10970    1371889.2431476985  117865.62724022153    0
10971    1369431.8749086349  98865.861760405503    0
10972    1363119.1039831969  110725.39240681753    0
10973    1376691.7714593471  117680.83181531764    0
10974    1365822.0558522248  102820.78983271582    0
10975    1366041.3362124371  102894.60529535105    0
10976    1366066.6542997656  103004.8053155712    0
10977    1373393.0755760467  106598.22324145018    0
10978    1366246.2194069566  105371.18093901183    0
10979    1365815.976657778  100963.36896646874    0
10980    1365698.4660133184  100831.75800750594    0
10981    1366008.0257500038  101090.6484999992    354
10982    1365987.3892562473  101121.18088140315    0
10983    1365996.4578161817  101053.17086049425    0
10984    1366028.1562467949  101063.91086268246    0
10985    1366025.2630175049  101020.30209621614    0
10986    1366069.4690230088  100979.49255976061    0
10987    1365989.1220588626  100968.63928354251    0
10988    1366134.2537654031  100889.5894032853    0
10989    1365905.246875003  100835.84924999624    357
10990    1365973.0436539636  100885.91063081237    0
10991    1366252.5999748898  101220.65808114354    0
10992    1365691.3049288332  101595.92089378473    0
10993    1365544.3656273826  101234.45503578729    0
10994    1365496.2237773731  101264.26491620984    0
10995    1365552.829506055  100962.6659233651    0
10996    1365547.8488574484  100850.3030580161    0
10997    1365635.6108202143  100908.29598069427    0
10998    1365534.4931085783  100907.18689109686    0
10999    1365603.0298538774  100948.89420466901    0
11000    1365585.1242396098  100901.15197349228    0
11001    1365665.994548507  100966.05217241414    0
11002    1365620.0240933872  100836.48120291001    0
11003    1365451.4644038964  100900.34591820292    364
11004    1365587.2184074894  100860.52978816407    0
11005    1365578.3010995609  100813.96521352892    0
11006    1365498.6580046194  100778.15071125762    0
11007    1365639.0772342416  100751.25985013781    0
11008    1365495.9158055016  100868.11951643969    0
11009    1365424.8412019457  100869.62945910277    364
11010    1365453.8946630452  100817.55171056117    0
11011    1365389.4517873055  101023.42445232331    365
11012    1365357.0777926245  100901.46682216461    0
11013    1365404.4291747401  100914.21732611346    0
11014    1365441.4168936524  100986.06635116218    365
11015    1365365.4947559594  100964.5082145443    0
11016    1365509.6349438697  100823.51147520036    0
11017    1365401.4729999974  100790.08550000191    363
11018    1365446.1665747606  100768.54267465397    0
11019    1365313.287812362  100808.7290329426    0
11020    1365469.8320000023  100670.72800000012    362
11021    1365349.4927436605  100762.09808255963    0
11022    1365437.2800000012  100705.99300000072    362
11023    1365490.7505826971  100722.69363642239    0
11024    1365358.4888834283  100665.91978400233    0
11025    1365414.8385246594  100652.62162980711    0
11026    1365249.5312766051  100947.90847238981    0
11027    1365541.8784915432  100671.91910913405    0
11028    1365248.7264668948  100721.23220228311    0
11029    1365363.0897451697  100559.37833797488    0
11030    1365462.9500215326  100599.06274855474    0
11031    1365559.8399531441  100741.13471785224    0
11032    1365487.3603887421  101078.66101950272    0
11033    1365157.6688749189  101542.41594625828    0
11034    1365211.5665195945  101467.48938562933    0
11035    1365458.6820161948  101182.3917855693    0
11036    1365430.6403694723  101118.80940319614    0
11037    1365466.007716876  101141.18616756187    0
11038    1364450.9277354872  118689.98275068661    0
11039    1366131.9580743725  102860.04166629045    0
11040    1365732.8475513931  100891.40447789882    0
11041    1366319.8927863734  101096.94718993416    0
11042    1365701.0679113441  100991.84718818501    0
11043    1365647.2109251355  101009.7854999292    0
11044    1365661.1141888136  100865.16184708285    0
11045    1365685.7944647439  100908.86083121748    0
11046    1365467.399446826  100967.38730058157    365
11047    1365500.569151226  100986.11596169925    0
11048    1365472.4232019479  100924.52708410207    364
11049    1365504.1203596366  100918.22737434295    0
11050    1365431.9538084515  100945.49281605909    0
11051    1365470.9815413945  100999.78037966187    0
11052    1365529.1293122387  100939.72938282347    0
11053    1365436.8786890074  101034.57448344627    0
11054    1365562.7149037984  100928.551819364    0
11055    1365402.4970850858  101074.37669073169    0
11056    1365369.2366602209  101126.57275673035    0
11057    1365354.7723936501  101048.35572616188    365
11058    1365296.5695748434  101003.98077393718    0
11059    1365350.003101086  101005.13649231826    0
11060    1365319.9588234187  101119.46789513153    366
11061    1365266.9567283196  101142.40454234446    0
11062    1365278.4501991717  101096.25665114708    0
11063    1365190.8959833055  101098.95584358761    0
11064    1365279.2642908175  101048.49959973041    0
11065    1365233.87169723  101071.61127829191    0
11066    1365236.7873894759  101006.36519565654    0
11067    1365181.3934666582  101036.57796199316    0
11068    1365209.6172862481  101154.48240703972    0
11069    1365177.0487161621  100962.72435599736    0
11070    1365075.5659488768  101084.61224338101    0
11071    1365125.7623554999  101151.83557198584    0
11072    1365502.3840000033  100635.46299999952    362
11073    1365644.5280000046  100556.7955000028    361
11074    1365543.9375252703  100783.92070377992    0
11075    1365530.6733738517  100711.7651444252    0
11076    1365606.3684310066  100692.12226491237    0
11077    1365596.3353922355  100770.63884039305    0
11078    1365524.2071064003  101058.40051007533    0
11079    1365522.4457803683  101106.1071070321    0
11080    1365753.0098790831  100926.38289215755    0
11081    1365802.2949386453  100811.64110291585    0
11082    1365188.8878176908  100835.93559028265    0
11083    1365102.856817479  101004.14361014334    0
11084    1365500.9554984013  100472.01909295938    0
11085    1365589.7320000045  100578.49675000086    361
11086    1365641.4128050981  100628.96059251096    0
11087    1365579.2669717188  100632.10339680231    0
11088    1365539.0352545392  100530.51767364024    0
11089    1365597.9006442823  100519.09169720401    0
11090    1365674.4025088823  100472.16709015604    0
11091    1365815.9105161969  100869.40825700635    0
11092    1365775.5688177485  100884.89927480873    0
11093    1365747.3780081214  100843.29643013504    0
11094    1365739.6818903321  100766.48118672069    0
11095    1365852.2147222846  100830.36328775287    0
11096    1365858.7236182711  100737.09558441557    0
11097    1365883.635295646  100785.69507235277    0
11098    1365760.8222298815  100803.15629515513    0
11099    1365790.9813230345  100761.34149752566    0
11100    1365756.220355608  100672.97159973196    0
11101    1365761.1383957693  100722.05874502356    0
11102    1365695.594467019  100717.79341920147    0
11103    1365815.7525241864  100691.79701470585    0
11104    1365836.7115545811  100779.06327716849    0
11105    1365818.7008370962  100732.03107623433    0
11106    1365813.7128725091  100594.70418634932    0
11107    1365938.2272500023  100675.65887499601    358
11108    1365798.2519197855  100643.59681608445    0
11109    1365733.97239236  100596.37931320313    0
11110    1365872.6800555044  100640.24180605533    0
11111    1365864.581994585  100688.50732818221    0
11112    1365942.9387500025  100720.81056249514    358
11113    1366020.6244861046  100689.88252898976    0
11114    1365994.8665784765  100738.21364614034    0
11115    1365903.8648384979  100744.64108437153    0
11116    1366093.423270067  100759.70975204826    0
11117    1366008.6489645035  100815.71077076373    0
11118    1365687.8270661628  100769.13166322341    0
11119    1365649.4739379163  100798.32482037629    0
11120    1365650.6038896784  100706.27013687536    0
11121    1365685.6835135785  100662.89851102149    0
11122    1365688.1181622013  100613.8789286918    0
11123    1365699.3240000047  100535.09425000474    361
11124    1365738.3056188421  100553.49244605855    0
11125    1365814.8840000033  100516.64800000191    360
11126    1365773.4890370597  100578.70967231382    0
11127    1365671.9260000046  100545.94487500377    361
11128    1365699.3969226757  100575.29388540026    0
11129    1365642.4895968391  100511.63299522446    0
11130    1365668.3188335071  100576.85222695491    0
11131    1365674.9508150069  100513.56707630225    0
11132    1365634.7574727465  100592.52351366771    0
11133    1365714.491169079  100493.36058317802    0
11134    1365609.6732420162  100452.46138241151    0
11135    1365769.8175333082  100433.12580662403    0
11136    1365716.9874265199  100440.12707294157    0
11137    1365658.8313565489  100407.15104530363    0
11138    1365731.4946796198  100346.77264296627    0
11139    1365843.2392685441  100556.11031121756    0
11140    1365902.2261250019  100552.62924999744    359
11141    1365883.4048313801  100595.07031117401    0
11142    1365946.9516756795  100489.15044138407    0
11143    1365951.4453669267  100539.81222756197    0
11144    1366039.0078923118  100506.5152595502    0
11145    1366016.7620424051  100600.68285143818    0
11146    1365849.234394056  100444.1939342223    0
11147    1365933.5157500021  100630.50718749687    358
11148    1365970.9073276133  100603.78377929464    0
11149    1365996.8099810693  100646.23026033513    0
11150    1366053.20059853  100643.78848485902    0
11151    1366082.03252984  100698.72322287317    0
11152    1366096.8915893307  100569.90095856071    0
11153    1366195.8401920465  100709.02384736088    0
11154    1366129.2605160302  100638.90266079509    0
11155    1365724.8622710209  100640.55290966138    0
11156    1365553.9295711902  100342.6624378634    0
11157    1370146.4164400238  106237.88173238064    0
11158    1367466.2997757611  117219.14783346761    0
11159    1370994.1593817566  108318.12965447558    0
11160    1363553.684640849  111301.69473603352    0
11161    1374852.3186553239  118916.54793181898    0
11162    1371746.5375403629  118169.745078875    0
11163    1366799.5988152428  104607.68072004998    0
11164    1365939.9650592671  114152.69188075631    0
11165    1370726.1582506879  108094.72048214998    0
11166    1370010.8403042525  105890.39463766701    0
11167    1366177.9108332035  114926.90210515262    0
11168    1371000.1702551225  107671.76695773368    0
11169    1366213.5063264095  115161.90776229746    0
11170    1374511.7706014414  115031.07331901793    0
11171    1362107.9979238333  109758.27713659275    0
11172    1362231.7928598174  109887.01538102349    0
11173    1363804.2184315338  104330.70600150066    0
11174    1363815.1130111511  104153.31762867578    0
11175    1366579.1756844637  103426.87656722688    0
11176    1367019.526868073  104207.8030976513    0
11177    1362207.6587176642  106920.19579559701    0
11178    1369492.2201777156  117040.50867815115    0
11179    1364994.4861227509  113434.44733577047    0
11180    1373579.1336124046  117726.8372992871    0
11181    1366259.4987706901  105546.28998214146    325
11182    1369118.2214213568  117905.48872591177    0
11183    1370992.9424156591  119667.64212495399    0
11184    1364032.8405235766  118386.11871048996    0
11185    1369762.5975610269  101786.46462344572    0
11186    1361805.6424221725  107127.05477074107    0
11187    1366813.6877483649  105739.65191497133    0
11188    1369012.4672917165  117905.9389976361    0
11189    1371533.5072485767  108077.5319337738    0
11190    1362402.9484375599  106726.38225758359    0
11191    1366170.2005567984  114220.57920615282    0
11192    1366264.144599918  102149.18810978597    0
11193    1374569.9101475934  119156.00212341918    0
11194    1365604.9754049394  113171.93206841765    0
11195    1365644.6969789548  116929.68133351284    0
11196    1370529.0433142318  107264.25165402768    0
11197    1368554.1150015653  110943.90726006254    0
11198    1373721.3766800687  118420.58212795955    0
11199    1373753.4729144168  118609.15887449731    0
11200    1371714.8505336507  119226.24565514582    0
11201    1367170.1572560256  104232.35212687058    0
11202    1376477.0262351176  116033.85707688227    0
11203    1376207.1375104133  118739.92024562247    0
11204    1369529.6024417095  102308.28043960217    0
11205    1373117.9547312229  116643.16741677804    0
11206    1370840.4815388643  108254.88506651917    0
11207    1365216.6093319957  113156.87171912378    0
11208    1365472.0424124219  113168.03131875119    0
11209    1361894.72851733  109559.07630644346    0
11210    1361671.6815317089  109542.14487491519    0
11211    1367345.2013684891  105388.36577930601    0
11212    1367279.2934016022  112120.13317463415    0
11213    1371467.5664344837  107931.70223694926    0
11214    1371615.2723953736  107459.65198890088    0
11215    1372490.2720511281  107539.51677129131    0
11216    1372284.7051807251  107618.90578775777    0
11217    1366065.0092136308  104160.50381186875    0
11218    1376614.6646729147  116261.46453349463    0
11219    1376265.419368064  111078.32875533689    0
11220    1369526.288674853  102158.34762022976    0
11221    1368064.8044135394  105595.6967756247    0
11222    1365952.1617221071  103484.43855118068    0
11223    1366238.1067919568  101948.96266812379    0
11224    1366126.0808849933  102067.59242906564    0
11225    1366197.1029720639  105554.84229621234    0
11226    1365837.8232125319  101797.08758580967    0
11227    1365887.7679494629  101765.01507510434    0
11228    1365133.4300604316  102172.48829889133    0
11229    1366434.5507519175  103628.05502592186    0
11230    1365121.5852232999  118124.46217571947    0
11231    1369228.3628781154  105896.05337279029    0
11232    1366686.2572523155  103197.29400257859    0
11233    1366670.734119053  103000.82256497607    0
11234    1366845.9010802391  105012.71702419355    0
11235    1367983.3866143413  109323.56585332    0
11236    1368009.1961140793  116462.65140038567    0
11237    1366596.8109736145  114901.9051150689    0
11238    1372616.0839337562  117020.04231487631    0
11239    1372274.8916345942  117389.20236354136    0
11240    1365546.733064699  118372.01020014322    0
11241    1365660.7081213414  118218.18480853044    0
11242    1370535.6437584676  118546.72031740556    0
11243    1368399.2534503639  110748.2270065452    0
11244    1365997.3559458074  114726.0231163258    0
11245    1368613.8351145957  109092.80403332587    0
11246    1365657.552168194  117117.67782768959    0
11247    1371846.6468342179  119364.47114342707    684
11248    1370092.2965677758  106891.32594820739    0
11249    1369865.6820831492  106741.86264103398    0
11250    1372001.6996285394  107573.94378524939    0
11251    1372897.9536743597  108218.9789183204    0
11252    1366622.5154812057  103693.97098325379    0
11253    1369536.5651507787  117211.02581266253    0
11254    1362746.8812627492  106323.0061646449    0
11255    1366749.1627378785  105948.6674337844    0
11256    1373898.1158890226  117507.4508661033    0
11257    1368738.4994604557  117625.71101136133    0
11258    1363919.7432781346  112394.83313521247    0
11259    1369541.4412458418  116487.79971326065    0
11260    1360498.5943985244  109097.66170868023    0
11261    1360242.2592376105  108872.35732167843    0
11262    1363129.8994510416  110960.33680531659    0
11263    1376645.4129150524  117455.05984982167    0
11264    1376784.4665803604  117420.12242485199    0
11265    1363973.3522072127  102317.06054715949    0
11266    1365845.8077499978  102915.18924999982    340
11267    1366396.5097192663  117229.96228836098    0
11268    1369332.6666612197  98652.26129126217    0
11269    1359897.6840481523  108164.27678104908    0
11270    1369932.0038728311  118163.24088506014    0
11271    1368293.2488261899  98501.498145030608    0
11272    1366173.4987499975  101378.73424999788    351
11273    1365939.5068234412  106487.34642817028    0
11274    1365784.0667647708  106222.75467590624    0
11275    1365614.935304336  103457.1903355738    0
11276    1369834.8275456477  105538.55572982534    0
11277    1368769.9522901359  105796.47652128366    0
11278    1367080.0495119512  105593.92424178142    0
11279    1366992.3498001841  105779.60087797311    0
11280    1368262.2102347757  108675.22106882896    0
11281    1366459.5081827003  115205.64823731166    0
11282    1373509.4952174239  117904.82884241224    0
11283    1364246.0971680316  113042.65539018861    0
11284    1365688.5232044265  113955.60233698814    0
11285    1366941.4828881277  117176.65313224995    0
11286    1376223.9796950708  118864.11744014926    0
11287    1375438.126009101  119217.95017297586    743
11288    1366668.0159639989  102462.27421473048    0
11289    1367788.7776547631  104703.61242261584    0
11290    1373805.9441846376  116970.32834269262    0
11291    1363952.9854044816  102507.91973875414    0
11292    1366976.3644353123  103931.83131560906    0
11293    1373287.3793129786  107459.9047839316    0
11294    1365739.4121370199  101689.20615560155    0
11295    1365714.4175991444  101726.0528202767    0
11296    1365091.8214461266  101866.55914780186    0
11297    1371566.6334340537  118922.68912458663    0
11298    1371651.4895980225  119034.86497466252    0
11299    1366643.9666253491  114707.24231309067    0
11300    1364735.7438811904  118529.69775560046    0
11301    1370272.3522840524  116991.80630810384    0
11302    1364061.5177358771  102714.90242858298    0
11303    1365130.6318212175  102604.44063523751    0
11304    1368046.5657306793  111398.20938407    0
11305    1366438.7441856675  101399.13947113072    0
11306    1369362.5929360548  98776.081534509591    0
11307    1363138.9339679058  110833.66163602949    0
11308    1376551.7398144482  117719.16114989034    0
11309    1366119.827894819  103060.96812512218    0
11310    1365116.7936173331  101456.16411713688    0
11311    1364417.5785260333  118590.7947858023    0
11312    1366355.7784939317  101196.62478156516    0
11313    1365088.0519149927  100890.46700865771    0
11314    1366053.7634427282  100882.72221848635    0
11315    1365820.6433689101  100358.88942912393    0
11316    1366180.3150991821  100435.59628240824    0
11317    1370268.0778741655  106245.30338285948    0
11318    1367446.1232846458  117068.03373238845    0
11319    1374721.9700419721  119002.02562993468    0
11320    1371750.079853405  118265.87599672306    0
11321    1366030.2208845222  114221.61444964826    0
11322    1370617.2178201675  108096.23038761425    0
11323    1369937.761305178  105850.8221714175    0
11324    1366064.0874124919  115016.92333627828    0
11325    1366486.738345152  103506.98515503602    0
11326    1365123.9761089047  113318.40162080916    0
11327    1364084.2859120297  118483.742118444    0
11328    1369064.9216569131  117806.43551858445    0
11329    1371321.0183075417  108142.65296148234    0
11330    1365662.3428743174  116849.42078653221    0
11331    1370439.6171285615  107387.47049602329    0
11332    1368585.1149161214  111168.86644563259    0
11333    1368532.9222012863  111046.5951254145    0
11334    1371678.7196014493  119348.06062078744    0
11335    1376218.7315858484  118632.83857593188    0
11336    1365498.337516329  113004.9826915936    0
11337    1367533.1038820827  105435.83795740988    0
11338    1367368.3722755774  112026.74364387202    0
11339    1371351.1841115244  107979.7199455244    0
11340    1366117.6773874811  104312.71118542444    0
11341    1376588.4696300575  116424.7940652806    0
11342    1376468.2320411277  116253.35492874875    0
11343    1369379.9797364094  102162.50010656608    0
11344    1367914.5359461692  105687.0104041704    0
11345    1365795.6322932201  103571.90407986737    0
11346    1365444.3978664048  118421.93697130684    0
11347    1370454.0700782163  118493.40628086324    0
11348    1366000.8321699223  114814.71400294616    0
11349    1365796.4383357924  116993.57381042885    0
11350    1370175.2413742219  106912.94639445782    0
11351    1370176.4301936019  107124.36666321434    0
11352    1371997.3113412776  107652.68194304913    0
11353    1366535.7994993601  103640.29232129792    0
11354    1362839.3093737161  106484.0437550893    0
11355    1366846.5230811422  106082.26176144381    0
11356    1364026.2329354319  112528.18365900651    0
11357    1369695.5088711623  116441.79139285845    0
11358    1360520.2110717287  108915.60420201473    0
11359    1360208.5865186115  108709.57934321763    0
11360    1360379.3398488022  108828.85195911073    0
11361    1369220.3207685521  98657.581521434608    0
11362    1365894.4449078669  106642.09561191124    0
11363    1365667.9957452852  106154.58542704715    0
11364    1364384.702711879  112990.68000287419    0
11365    1376080.739919581  118861.65033882397    0
11366    1367848.599327476  104551.67339175893    0
11367    1364018.7023838041  102418.41619460647    0
11368    1371417.3897278397  118964.76675122266    0
11369    1371487.794925849  118856.23556301813    0
11370    1371559.439593151  119171.31241924252    0
11371    1366032.1001027965  103090.77354097541    0
11372    1364981.4957352299  101207.20828912398    0
11373    1364946.5626950401  100995.99874536422    0
11374    1365945.0338741147  100364.6417700079    0
11375    1365797.5487435083  100194.79500306185    0
11376    1366220.8577649326  100553.84105203768    0
11377    1369897.6611795819  105770.24451922523    0
11378    1370015.6131429602  105794.31636074277    0
11379    1366081.5111434287  114921.98386684136    0
11380    1365722.3432359654  116740.00939482097    0
11381    1371765.778277494  119324.59444692968    0
11382    1367162.222991108  112002.81032865867    0
11383    1371287.6052655051  108038.96541774688    0
11384    1365434.1279905618  118268.25791979714    0
11385    1365916.5762391835  114877.91772136843    0
11386    1365742.6639323668  116909.15005176258    0
11387    1370103.2903704345  107019.0644527971    0
11388    1372085.5670674064  107618.10930537626    0
11389    1363937.3045992835  112517.55370420005    0
11390    1365779.9471629325  106510.11923743952    0
11391    1367959.218956759  104739.22868551212    0
11392    1364035.108246003  102499.33976773414    0
11393    1371374.2940901872  108068.25757377061    0
11394    1370187.5753905491  106998.76062460717    0
11395    1365692.2066715863  106355.23250210457    0
11396    1364132.9991897794  102596.74583510554    0
11397    1364170.3604859638  102429.79491331786    0
11398    1363302.1236213213  100591.68268614572    214
11399    1363402.1601210018  100586.72159929019    781
11400    1363378.8185109012  101312.61464820066    214
11401    1363477.7587570189  101297.34877785842    781
11402    1363220.3245474687  105038.83673445594    219
11403    1363315.9507041117  105071.08516832313    787
11404    1360900.5969976904  109415.06294685544    559
11405    1360861.4116965127  109507.60710211852    5
11406    1361261.944653166  109670.49698805725    6
11407    1361294.9991153334  109575.64350473488    560
11408    1362421.6111639445  110268.71961862608    564
11409    1362352.109586976  110340.56945051803    9
11410    1366073.1537042381  98150.089259376284    210
11411    1366071.3253457304  98250.092287769803    778
11412    1363621.088662276  112231.35325522684    17
11413    1363721.2618632463  112232.1385020899    572
11414    1365586.6284669628  116317.60563436858    40
11415    1365685.9579174025  116328.92694532432    594
11416    1365730.9047859102  115660.88955683155    592
11417    1365630.9736052356  115657.57891101221    38
11418    1365657.0379161153  115234.08994914158    37
11419    1365756.1197636933  115248.71480527686    591
11420    1365713.6700804161  115961.02484902414    593
11421    1365613.8575837775  115956.35097945791    39
11422    1363378.9677054211  100130.61897148086    780
11423    1363281.0058472613  100112.15108926581    213
11424    1365014.6883313677  117478.61288923053    48
11425    1365109.1635061773  117515.17784065653    602
11426    1376732.7628398258  113309.60343981058    755
11427    1376833.0806487955  113307.78790228243    187
11428    1365016.6981448834  118869.2430168423    66
11429    1364979.2751056897  118776.59907846127    621
11430    1366019.5791229988  118070.38085868816    69
11431    1365953.6517315051  117992.96501817065    623
11432    1369642.2885327302  103255.68580655317    202
11433    1369542.817984534  103251.11571480767    771
11434    1369883.7198420754  104713.9558504085    201
11435    1369794.7427984769  104758.86720688672    769
11436    1369673.0203394159  102801.2004131553    203
11437    1369572.7301917193  102796.85580630045    772
11438    1370264.5058574807  99012.889808883192    206
11439    1370217.3051323555  99102.891108712851    776
11440    1371398.4746200526  106412.16117008883    764
11441    1371446.153659526  106324.56190576637    197
11442    1375141.2487173257  108440.77480164357    758
11443    1375222.336166895  108382.24760651968    191
11444    1375405.8366376767  108890.89495121168    757
11445    1375491.5618781843  108837.78433753097    190
11446    1375985.1769450421  110108.91293582052    757
11447    1376072.2754434594  110056.5015955962    190
11448    1376770.9685778567  112709.2275564678    755
11449    1376869.5976931213  112733.94863430428    187
11450    1376678.2990785821  114165.46254507061    755
11451    1376778.3050823067  114168.54680424967    187
11452    1376933.3236895064  116734.7354077887    185
11453    1376835.4463833817  116757.20464353947    751
11454    1369809.2758396142  118404.18548064926    111
11455    1369825.7869777284  118305.46636518007    670
11456    1370659.2228219067  119376.58431803022    678
11457    1370562.4036494365  119401.65815735474    118
11458    1369612.1390907313  102479.60584471302    772
11459    1369713.5989904818  102475.64104681244    203
11460    1375695.5067913595  109499.90394351614    757
11461    1375781.9186608219  109447.14296656358    190
11462    1362813.1568300149  105809.73073114701    219
11463    1362911.3959042919  105837.95769447887    787
11464    1376824.4723107787  116375.92598716167    185
11465    1376730.9735576042  116413.71925820397    751
11466    1374421.0491779163  119524.42438552808    171
11467    1374355.9542404874  119448.94435480807    738
11468    1373607.300515339  119110.27262461663    168
11469    1373702.9269407736  119073.81425140235    736
11470    1376633.4794827793  111855.01125960244    756
11471    1376725.0233925441  111811.39887049979    188
11472    1370713.0402691686  99362.594604435522    206
11473    1370658.8261782094  99447.127856326915    776
11474    1362776.5443043518  106093.58186986418    787
11475    1362677.4342575304  106066.69539671067    219
11476    1373583.395049369  118899.35801186155    168
11477    1373680.5414543217  118873.63502674467    736
11478    1370860.7159529647  99604.53344342389    776
11479    1370937.3074750123  99537.447002211557    206
11480    1363046.247504232  105582.33351909356    787
11481    1362948.8794024994  105552.76606558335    219
11482    1363181.0991041716  105326.70934370843    787
11483    1363084.6019749839  105295.80140001969    219
11484    1374974.2415269539  108080.53277352976    191
11485    1374901.7430303067  108149.54349481186    758
11486    1370488.7730633244  99187.742206659226    206
11487    1370444.3559046732  99279.91374475669    776
11488    1374788.1705469978  107854.2466487872    191
11489    1374722.1137650423  107931.12001468806    758
11490    1370545.7424506908  100718.95083522535    0
11491    1370395.0122820218  101198.37344415818    775
11492    1370462.9423129729  101273.40809742757    204
11493    1365213.4570741397  98133.813173396411    211
11494    1365239.2335304515  98231.07406393197    779
11495    1365298.477334697  98376.628944523865    0
11496    1365207.2744125074  98328.916235023949    0
11497    1360963.6171968235  107311.55142609024    221
11498    1361006.1024792516  107402.14429570119    792
11499    1374601.2229284081  119290.16875617998    739
11500    1374651.0402121067  119376.7404935564    172
11501    1376735.2462614982  115061.06869580451    186
11502    1376635.4029089718  115055.793397356    754
11503    1376725.4335967745  115539.09263116955    186
11504    1376625.5224158005  115535.43057052403    754
11505    1363320.1051965165  111340.28127121218    12
11506    1363385.1483749682  111264.48209785065    566
11507    1370942.1867076133  106161.08579842848    765
11508    1370995.6583710434  106076.68713242677    198
11509    1373541.6688675224  118691.90754766008    167
11510    1373639.0970536326  118669.63556197981    735
11511    1372496.0115635041  106658.97353898874    761
11512    1372469.7898487882  106562.85296241706    195
11513    1370686.7290483804  105848.00721188188    198
11514    1370630.2324462801  105930.38485428062    765
11515    1370066.3555821655  105122.12257497605    200
11516    1369979.8035376845  105172.17987769155    768
11517    1370128.2876548909  105412.75671239162    768
11518    1370214.0744786649  105361.40636365347    200
11519    1365342.1036335796  114032.94891042098    28
11520    1365400.20501367  113950.94171324291    580
11521    1361597.2808625703  109660.50416351507    561
11522    1361562.3204291789  109753.87607408364    7
11523    1362173.6487859297  109993.0132508711    563
11524    1362106.5837053733  110067.1638851899    8
11525    1363646.2175588293  103802.75209266503    218
11526    1363745.5196655262  103814.42629915661    785
11527    1363356.0471199532  104781.87206889226    219
11528    1363450.8023040518  104815.46099293782    787
11529    1369537.3585727683  103615.25561598109    771
11530    1369636.7694737674  103611.85453030714    202
11531    1369757.4851284402  104340.98955223482    201
11532    1369665.6358068727  104379.4750353798    769
11533    1369977.6738612568  98916.059948195645    776
11534    1370040.238651637  98838.037411107158    206
11535    1369086.3206125847  98523.473487627649    777
11536    1369097.6482507729  98422.143021622731    208
11537    1371770.9522273783  106558.07328343145    764
11538    1371812.9672695869  106467.69414523084    197
11539    1372677.8861732297  106621.70899212192    761
11540    1372647.4272789233  106526.84593650623    195
11541    1375882.796337035  119185.71236264106    744
11542    1375914.5421554048  119280.54736903921    176
11543    1363702.0431195712  104112.70146753734    785
11544    1363602.9242687547  104099.58858160587    218
11545    1369431.7868601047  104243.59960584345    0
11546    1363779.3106256188  103348.7623431565    784
11547    1363679.7987607804  103342.40352068807    217
11548    1359936.0446226287  108569.75807730042    558
11549    1359856.7768338122  108630.77559335608    3
11550    1360004.1645675548  108832.70839391669    3
11551    1360080.1744872995  108767.22734070758    558
11552    1360553.3854918568  109328.72329005149    5
11553    1360608.4086589934  109245.02326942064    559
11554    1362606.0572049781  110653.65150515556    9
11555    1362682.633236865  110589.90850825614    564
11556    1363227.0422886903  111125.91795620753    565
11557    1363160.1954181562  111201.12331976523    11
11558    1364593.2330821184  113394.83180220661    578
11559    1364542.3310707272  113481.00847296625    26
11560    1365363.4855513794  118701.66694006848    67
11561    1365312.3643376948  118615.56265613422    622
11562    1367192.2797643575  98292.876807565335    778
11563    1367197.3351532195  98192.996948269298    210
11564    1368847.1622350165  98361.118099937958    208
11565    1368814.4006899511  98457.413774076849    777
11566    1376557.5113351298  111559.17064062966    756
11567    1376655.2378970841  111538.98595772174    188
11568    1368456.0880265289  109383.10717247368    0
11569    1370438.5654234018  107804.42912616489    0
11570    1364702.1316649159  118867.02636169977    620
11571    1364720.6619993392  118965.06960070235    65
11572    1363786.5205198021  102948.54157753711    784
11573    1363686.8772736327  102948.71715166341    217
11574    1367759.4258777103  98214.450792715812    210
11575    1367752.7569736713  98314.269067463116    778
11576    1370561.0475278904  106342.23320779376    0
11577    1371381.2356279879  119703.11563967746    681
11578    1371410.6360993707  119798.70646421189    122
11579    1365436.2335660758  113726.54716518031    0
11580    1366025.2987879633  113404.35362718473    0
11581    1369241.1420598603  105245.58709913032    0
11582    1366946.8344938499  112450.76490396952    0
11583    1367565.1789032198  117090.43567863837    0
11584    1370623.5509824124  106515.08384676569    0
11585    1369345.197191661  103860.33085143409    0
11586    1367911.509601881  111064.34359457536    0
11587    1369186.2962722448  117993.10505695792    0
11588    1371325.8582689427  107042.52086407309    0
11589    1365009.3659062446  118330.7522707453    0
11590    1369703.1980623279  106634.6208248324    0
11591    1368432.2970126607  111340.50899955248    0
11592    1372924.133193474  106667.39063059969    0
11593    1364068.7069564457  112990.23056151089    575
11594    1367233.9573487369  105474.653674143    0
11595    1373634.3607807939  106898.69738551564    0
11596    1376074.8851446584  110729.2039238194    0
11597    1365306.9316629346  117430.22459935378    0
11598    1376148.5471002974  118198.66570701993    0
11599    1363549.3003269644  101758.61645296332    782
11600    1363451.2969372619  101780.27652038343    215
11601    1365170.3071156051  102426.91772593818    0
11602    1367805.770695823  110814.91564443703    0
11603    1367782.7848019281  116620.11189018592    0
11604    1367629.9987497809  104520.85108654111    0
11605    1372691.2444621515  116814.99444314283    0
11606    1369537.3738096002  106014.6685256463    0
11607    1373190.7279884899  108163.51001591529    0
11608    1373430.6581163025  108072.3073251832    0
11609    1368636.4455934509  105093.31400114612    0
11610    1368332.1891195392  105051.7544794781    0
11611    1367992.3209492215  116904.64616374389    0
11612    1373839.8461735677  107679.02450789716    0
11613    1372749.0848422386  107589.50820636273    0
11614    1372257.133139011  117794.36601800971    700
11615    1372158.5657951767  117707.52495449703    0
11616    1371958.6798027996  106820.31143602998    0
11617    1366526.7626721791  101735.52393015995    0
11618    1367806.6087410052  116937.88033167344    0
11619    1365588.8384902396  105539.18629705682    0
11620    1368013.0202645913  110531.13704347829    0
11621    1368231.6123250993  105647.54745209763    0
11622    1363959.506508725  98495.686911399403    0
11623    1366828.5208212431  102681.85203810073    0
11624    1368438.4185942099  117085.50514525239    0
11625    1371338.0335803102  118586.63711085996    0
11626    1370391.8894396715  118149.81728128152    0
11627    1365330.9473642781  103056.88675482839    0
11628    1365362.8798344762  103305.21480168507    0
11629    1372713.1927587525  108219.27715878445    0
11630    1366585.9948873823  114503.4082011844    0
11631    1376637.3130631258  117840.22421824456    0
11632    1373536.3603568822  106672.43657919948    0
11633    1367798.4722348051  112333.75345742644    0
11634    1365540.5324539188  117472.96459834184    0
11635    1366237.4043709524  100952.86019210205    0
11636    1365260.6470313908  100608.32453926196    0
11637    1367358.5858410422  117162.63141839487    0
11638    1363724.9847976561  111266.08889559755    0
11639    1366783.6789897087  104811.3525406962    0
11640    1366667.6032878673  104595.70871999666    0
11641    1365936.829871455  113965.9912857579    0
11642    1362142.2812618632  107028.44117734491    0
11643    1373687.3120142939  117715.48991009504    0
11644    1369892.470476374  101526.98530070415    0
11645    1361586.4190866682  107307.63533265093    0
11646    1376369.3450772346  115871.44549830718    0
11647    1373239.1002261499  116453.03775735234    0
11648    1372847.6935302888  116616.30564253058    0
11649    1371625.6522783327  107296.61031688044    0
11650    1372449.8749405623  107626.77003196131    0
11651    1376104.311825319  111012.65457724857    0
11652    1376183.7873661739  111231.96779420527    0
11653    1365057.1105286081  102063.91477977255    0
11654    1369326.0776909813  105893.43413729582    0
11655    1366714.4829372789  102915.23178887599    0
11656    1366725.5643400005  103095.33940737293    0
11657    1367983.5651960799  116352.77471652435    0
11658    1372305.9165200884  117204.67996370394    0
11659    1372089.7619146851  117416.36937235767    0
11660    1365646.0165860278  117221.72211174236    0
11661    1373823.0283883591  117572.15142901389    0
11662    1376750.9173273838  117289.69656557907    0
11663    1360039.5635595201  108269.26353752306    0
11664    1368286.5235186785  98681.78159058046    0
11665    1368191.4993225129  98561.554425152892    0
11666    1365498.6314016611  103580.32289343223    0
11667    1368533.9579246959  105905.07843502917    0
11668    1367051.8882521063  105694.17267554304    0
11669    1365630.6691864026  113849.65641310942    0
11670    1365797.8291556505  113921.91632358629    0
11671    1367051.7273331939  117263.76901534549    0
11672    1373171.2459782173  107451.89916242249    0
11673    1366774.1850226757  114833.07597672171    0
11674    1370188.0232540832  117093.43239199635    0
11675    1376260.4744544204  117880.52069135719    0
11676    1364984.3305470757  101571.75058728702    0
11677    1364568.9432742712  118562.39245406487    0
11678    1366416.2063587445  101290.12078022004    0
11679    1370285.2028830538  106006.48525767017    0
11680    1371585.4032780072  118223.81341390625    0
11681    1364151.9209225848  118565.03593663238    0
11682    1371227.0501188294  108315.3686239383    0
11683    1368725.5558585627  111032.82018125158    0
11684    1367488.2014182329  112016.24358909292    0
11685    1366243.5691936647  104458.26396929329    0
11686    1376393.3742663374  116140.43065184423    0
11687    1365858.9806154659  103501.47674925525    0
11688    1365676.0128215114  103560.65482530715    0
11689    1366650.165356216  103552.42095367071    0
11690    1364143.1877382076  112723.40266961607    0
11691    1360680.7670942852  107771.37365520341    0
11692    1367951.3452064614  108850.75574242168    0
11693    1371302.9326572807  118812.71386071025    0
11694    1365050.9308203063  101330.71550280336    0
11695    1365984.7897748542  114953.30169012507    0
11696    1365919.2111685162  116856.03474837341    0
11697    1372121.9266313745  107447.35271241049    0
11698    1371447.8254524486  108177.18814712136    0
11699    1363282.9498989265  100411.44969563202    214
11700    1363377.9014179809  100358.68979089297    781
11701    1363321.2973437163  100771.91567665945    214
11702    1363421.0597800061  100764.37839393225    781
11703    1363496.6584160232  101475.00557250048    781
11704    1363397.9922332962  101492.84763871439    214
11705    1363359.6447885062  101132.38165768693    214
11706    1363458.8590980147  101119.69198321635    781
11707    1360758.7362949606  109447.97916476279    5
11708    1360799.8923787929  109356.45766168255    559
11709    1360991.3760985923  109467.89205394447    559
11710    1360964.0870980646  109567.23503947417    5
11711    1361164.3535763912  109648.67998244353    6
11712    1361226.8916816318  109560.33818076168    560
11713    1361288.0775156624  109447.25515134816    0
11714    1361391.4955552574  109597.32849850174    560
11715    1361359.5357299405  109692.3139936709    6
11716    1362267.4603809752  110236.20876563877    9
11717    1362336.1740691052  110163.58887118545    564
11718    1362507.0482587838  110373.85036606672    564
11719    1362436.7587929766  110444.93013539717    9
11720    1365698.4265545779  98135.786696411946    210
11721    1365697.6738728546  98235.830781171288    778
11722    1366447.8808538986  98164.391822340622    210
11723    1366444.9768186063  98264.353794368319    778
11724    1365901.298124155  115606.16188279563    0
11725    1365671.7786253537  115072.25991023917    37
11726    1365770.4693634515  115091.17853958186    591
11727    1365741.7701639351  115406.25107097188    591
11728    1365642.2972068768  115395.91998804398    37
11729    1365624.124148305  115856.879387268    39
11730    1365724.0295440299  115859.50831301017    593
11731    1365703.3106168024  116062.54138503809    593
11732    1365603.59101925  116055.82257164783    39
11733    1363564.9423176306  100106.11846066942    0
11734    1365215.8483369409  117591.94988381163    0
11735    1376823.9513877141  113451.24771927696    187
11736    1376723.6855462852  113452.24662402058    755
11737    1376741.8401333664  113166.96025560058    755
11738    1376842.2099098768  113164.32808528791    187
11739    1364905.7078790022  118911.42803845434    66
11740    1364872.9882053032  118816.94477895275    621
11741    1365127.6884107643  118827.05799523034    66
11742    1365085.5620060761  118736.25337796978    621
11743    1369540.998180612  103372.49568186548    771
11744    1369640.4488464093  103374.40871447115    202
11745    1369644.1282190511  103136.96289863519    202
11746    1369544.6377884559  103129.73574774986    771
11747    1369751.7071346089  104632.40314971775    769
11748    1369841.641604197  104589.63375101727    201
11749    1369925.798079954  104838.27794979978    201
11750    1369837.7784623452  104885.33126405574    769
11751    1369585.8664913899  102691.10581910465    772
11752    1369686.5465564379  102692.68062437433    203
11753    1369659.4941223939  102909.72020193626    203
11754    1369559.5938920486  102902.60579349624    772
11755    1371274.3154176106  106363.52379897458    764
11756    1371323.8824561723  106276.85115927817    197
11757    1371522.6338224947  106460.7985412031    764
11758    1371568.4248628798  106372.27265225459    197
11759    1375160.3125069097  108306.81889827221    191
11760    1375081.372295571  108367.96697493567    758
11761    1375284.3598268805  108457.67631476728    191
11762    1375220.3498700263  108536.95929045296    758
11763    1375153.0478969812  108633.73910612489    0
11764    1375564.1510738437  108990.12399478913    190
11765    1375478.2541760975  109043.14719928782    757
11766    1375333.4190992559  108738.64270313554    757
11767    1375418.9726825249  108685.44468027282    190
11768    1376144.8646391188  110208.84125285436    190
11769    1376057.5944834626  110261.16518389656    757
11770    1375912.7594066216  109956.66068774447    757
11771    1375999.6862478  109904.16193833805    190
11772    1376878.7269542026  112590.48881730976    187
11773    1376779.097589463  112581.48594550921    755
11774    1376860.46843204  112877.4084512988    187
11775    1376760.9430023818  112866.77231392919    755
11776    1376760.0465601438  114455.46643823874    187
11777    1376660.1444915007  114450.74891349064    755
11778    1376696.4536656635  113880.17617665058    755
11779    1376796.5636044696  113881.62717026059    187
11780    1376969.6074824156  116854.3385479977    185
11781    1376870.2706586411  116871.6997719847    751
11782    1376800.6221081226  116642.70951509431    751
11783    1376897.0398965972  116615.1322675797    185
11784    1370530.1026456619  119268.00601500324    118
11785    1370627.3854860005  119244.85069822293    678
11786    1370691.0601578131  119508.31793783755    678
11787    1370594.7046532112  119535.31029970627    118
11788    1369418.1053864665  102509.19380285859    0
11789    1369526.5694537892  102415.28546364796    0
11790    1375854.5078564812  109599.48262382174    190
11791    1375767.92432978  109652.15619159219    757
11792    1375623.089252939  109347.6516954401    757
11793    1375709.3294651625  109294.80330930543    190
11794    1373874.7618404583  119003.92779920014    0
11795    1374841.8666085517  108076.73566810385    758
11796    1374912.2178669684  108005.10406528215    191
11797    1374961.6194520616  108222.35132151988    758
11798    1375036.2651869392  108155.96148177724    191
11799    1370534.9432961077  100843.8385921947    0
11800    1365168.2944019926  98514.450210993833    0
11801    1365080.2842235235  98344.896132525915    0
11802    1376731.975373257  115220.41000759286    186
11803    1376632.109411248  115215.67245507867    754
11804    1376738.5171497397  114901.72738401615    186
11805    1376638.6964066958  114895.91433963331    754
11806    1374766.5375156726  115243.43233981916    0
11807    1363473.1100909675  111109.89064907425    0
11808    1363478.9889288926  111239.73486377146    0
11809    1371098.6348119311  106152.91377260842    198
11810    1371046.171461391  106237.98611314443    765
11811    1370838.2019538356  106084.18548371253    765
11812    1370892.6819301557  106000.46049224514    198
11813    1372574.5100967146  106810.86415724638    0
11814    1370534.6413239364  105950.88900455937    0
11815    1370115.595214332  105201.88383786852    200
11816    1370029.29824342  105252.37215592491    768
11817    1369930.3088319488  105091.98759945808    768
11818    1370017.1159499991  105042.36131208358    200
11819    1370033.1680311195  105526.83479673867    0
11820    1363731.0274835411  103913.85135528354    785
11821    1363631.7864621379  103901.69758897863    218
11822    1363660.6486555208  103703.80659635144    218
11823    1363760.0118475114  103715.00124302968    785
11824    1369422.1480237779  103674.23193315475    0
11825    1371787.3791302855  106698.93203853014    0
11826    1375871.812872126  119003.66181866692    0
11827    1363776.9073275577  103482.16926502963    784
11828    1363677.4392564963  103473.63231036294    217
11829    1363781.7139236799  103215.35542128337    784
11830    1363682.1582650645  103211.17473101319    217
11831    1359992.714846289  108452.72845335577    0
11832    1360618.8776088078  109122.62404546942    0
11833    1362825.9598305919  110565.52476460562    0
11834    1363252.5087873256  110999.69095483473    0
11835    1367009.9715783894  98185.845666787136    210
11836    1367005.4540279196  98285.746054266085    778
11837    1367379.1055007954  98300.007560864586    778
11838    1367384.6987280496  98200.148229751459    210
11839    1376534.5398085359  111469.71327123759    756
11840    1376631.9760652641  111448.18165346239    188
11841    1376678.4997289041  111629.79026198109    188
11842    1376580.4828617238  111648.62801002173    756
11843    1368648.3734825386  109370.12859247165    0
11844    1363913.0076919713  102884.09510934587    0
11845    1367853.1076651253  98218.026433456893    210
11846    1367846.1698418902  98317.834444112741    778
11847    1367659.3441054523  98310.703690813476    778
11848    1367665.7440902952  98210.875151974731    210
11849    1370456.5519855174  106336.56913047616    0
11850    1366105.311637003  113532.41079679136    0
11851    1369312.4359533931  105329.7784060742    0
11852    1367026.2466236195  112354.23205887935    0
11853    1366947.6915601259  112714.1411910251    0
11854    1367565.1735147105  116908.84048290284    0
11855    1370828.9481581445  106652.93930586526    0
11856    1372830.6307674483  106673.5034867957    0
11857    1364183.6862220597  112927.505104433    0
11858    1367332.0105939526  105624.08562097879    0
11859    1367753.2046263167  104437.63984603775    0
11860    1373033.84723223  108351.9039081363    0
11861    1374622.9837843999  108073.66830591991    0
11862    1368618.9203171192  105197.86268574258    0
11863    1368976.9157514744  105092.6273099778    0
11864    1368031.5776263098  117010.63611476615    0
11865    1366645.0072892983  101831.34074367954    0
11866    1370589.36799758  118375.45566748662    0
11867    1370408.0032498667  118282.34760720411    0
11868    1365301.2838427692  103186.91830253146    0
11869    1372652.8825179872  108406.19655853865    0
11870    1365408.1151740616  117536.95062661501    0
11871    1365939.0908562043  113850.95256894271    0
11872    1373830.5488348815  118266.9897771174    0
11873    1369881.6713217909  101651.87305767351    0
11874    1361645.6901466055  107200.14600005963    0
11875    1361133.5930904769  107539.50449392707    0
11876    1371706.432590984  107383.6043620696    0
11877    1372371.3561870607  107537.43858776489    0
11878    1369281.7097214353  106062.22945314516    0
11879    1366824.5501692772  102824.46324865674    0
11880    1366778.0775128847  103001.71374277804    0
11881    1365836.2261904138  117190.149374617    0
11882    1373851.6500533882  117735.17014942484    0
11883    1367178.5827269007  105675.68334440132    0
11884    1365506.8449393371  113830.12332002711    0
11885    1366813.6249043541  114643.94136309641    0
11886    1366514.5365124154  101083.17052590981    0
11887    1370365.9528070691  105952.6358626677    0
11888    1364224.420572697  118661.7502434199    0
11889    1365924.0914200726  103594.24403640497    0
11890    1360740.0381542225  107663.88432261212    0
11891    1365881.3781805499  114978.3223398845    0
11892    1372162.3682357271  107545.21338517757    0
11893    1363390.0307694913  100472.70569509157    781
11894    1363292.5367601239  100501.56619088887    214
11895    1363311.7104825187  100681.79918140257    214
11896    1363411.6099505038  100675.54999661121    781
11897    1363564.3532794323  100614.38385713409    0
11898    1363513.8596428791  100709.58921892871    0
11899    1363430.5096095083  100853.20679125328    781
11900    1363330.8842049139  100862.03217191633    214
11901    1363504.887389244  100800.37741232818    0
11902    1363512.1920759715  100889.43401632756    0
11903    1363551.9695087201  101019.95292204355    0
11904    1363666.4125237735  100831.95651987774    0
11905    1363388.4053720986  101402.73114345751    214
11906    1363487.208586521  101386.17717517943    781
11907    1363639.9519154495  101325.01103570232    0
11908    1363589.4582788963  101420.21639749693    0
11909    1363468.3089275169  101208.5203805374    781
11910    1363369.2316497038  101222.49815294381    214
11911    1363591.7992507538  101150.46626294195    0
11912    1363560.2193076275  101243.65952969178    0
11913    1363449.4092685124  101030.86358589532    781
11914    1363350.0579273086  101042.26516243005    214
11915    1361039.6379812344  109280.55119740506    0
11916    1361478.1852870069  109437.10942752549    0
11917    1365510.8481364166  98228.700027872037    778
11918    1365511.0629797475  98128.635414929769    210
11919    1365885.790129408  98142.937977894122    210
11920    1365884.4996092925  98242.961534470553    778
11921    1366258.1510821683  98257.223041069054    778
11922    1366260.5172790685  98157.24054085846    210
11923    1366635.2444287287  98171.543103822783    210
11924    1366631.8025550442  98271.484547667584    778
11925    1365839.2555119719  115705.61533672651    0
11926    1363482.3206306093  100197.05042210837    0
11927    1363637.9768297714  99602.173268043494    0
11928    1364788.6337638977  118754.89524927858    0
11929    1374922.365893174  108437.70743945963    0
11930    1376669.2217850415  114308.10572928061    755
11931    1376769.1758212252  114312.00662124422    187
11932    1376750.9172990625  114598.92625523325    187
11933    1376651.0671979601  114593.39209770063    755
11934    1376787.4343433883  114025.08698725511    187
11935    1376687.3763721227  114022.81936086061    755
11936    1376705.5309592041  113737.53299244058    755
11937    1376805.692865551  113738.16735326606    187
11938    1369476.3316347983  102623.80847023719    0
11939    1369381.7712389969  102357.6357562184    0
11940    1373818.4117881362  119111.57053467297    0
11941    1373796.0263016843  118911.39131001507    0
11942    1370284.4336609647  101042.16462141715    0
11943    1374680.6388618175  115156.21582580722    0
11944    1363600.5635427895  111169.17524827283    0
11945    1372470.9993008988  106768.12982482405    0
11946    1372652.8739106243  106730.86527795727    0
11947    1370609.561099228  106067.09103920478    0
11948    1369914.332989125  105378.69897125363    0
11949    1369763.4026921289  105139.63191968387    0
11950    1370023.4882570694  105422.06872697505    0
11951    1363914.5267710139  103889.82946797364    0
11952    1360700.4639625885  109191.24954520012    0
11953    1367103.6533658043  98189.421307528217    210
11954    1367098.8668961385  98289.31143091571    778
11955    1366912.0411597006  98282.180677616459    778
11956    1366916.2897909742  98182.270026046055    210
11957    1367285.6926325765  98296.44218421496    778
11958    1367291.0169406347  98196.572589010379    210
11959    1367478.3805154648  98203.72387049254    210
11960    1367472.5183690144  98303.572937514225    778
11961    1376387.4423341837  111555.16413551215    0
11962    1368465.4700688121  109575.60163321024    0
11963    1367888.9528126318  98422.411872672572    0
11964    1370395.3975747917  106222.61684581533    0
11965    1370723.566096036  106662.81826578741    0
11966    1372888.2183881651  106836.20106586313    0
11967    1372739.4921040938  106691.15300315293    0
11968    1374612.2397754821  107960.45447884267    0
11969    1374731.9926189915  108106.07013225846    0
11970    1361011.7337519375  107524.76282584644    0
11971    1366917.7934015938  103141.61794397903    0
11972    1365759.3323570359  117315.64752268253    0
11973    1373942.736369624  117635.1559090501    0
11974    1367134.2198350278  105815.01447265041    0
11975    1370450.8007402215  106000.40069500548    0
11976    1365957.8382729711  115068.12275290613    0
11977    1372263.3235515605  107446.20617436674    0
11978    1363595.9391736956  100763.53827203077    0
11979    1363660.0673064804  101225.54722585798    0
11980    1365604.7447671627  98132.211055670865    210
11981    1365604.2610046356  98232.265404521662    778
11982    1365417.3811923326  98125.059774188689    210
11983    1365417.4352681977  98225.134651222412    778
11984    1365791.0867410735  98239.396157820913    778
11985    1365792.1083419928  98139.362337153027    210
11986    1365977.9124775114  98246.526911120178    778
11987    1365979.4719168232  98146.513618635203    210
11988    1366354.1990664834  98160.816181599541    210
11989    1366351.5639503873  98260.788417718693    778
11990    1366166.8354916533  98153.664900117379    210
11991    1366164.7382139494  98253.657664419428    778
11992    1366538.3896868252  98267.919171017944    778
11993    1366541.5626413138  98167.967463081703    210
11994    1366725.2154232631  98275.049924317209    778
11995    1366728.9262161439  98175.118744563864    210
11996    1365830.4119397912  115819.07747889754    0
11997    1363584.5689476058  99491.527152432056    0
11998    1364695.2910164949  118658.00812097275    0
11999    1364890.9684397781  118704.13779022887    0
12000    1374802.6130496643  108292.09178604418    0
12001    1374911.6218842561  108324.49361238239    0
12002    1375031.3747277656  108470.10926579818    0
12003    1369485.1267795155  102732.28278897503    0
12004    1373764.0760167809  118813.6229558929    0
12005    1370273.6345063816  101167.05237838623    0
12006    1369917.4337927802  105266.04472389261    0
12007    1369936.0959725098  105482.97347678906    0
12008    1363832.9402514438  103979.47486303363    0
12009    1363861.9246154141  103780.62475078004    0
12010    1360781.3248652508  109012.30669701568    0
12011    1360796.9351428254  109245.71351090315    0
12012    1367139.2529010158  98456.689365120619    0
12013    1376424.8387186099  111450.20504633062    0
12014    1376470.7817717977  111629.11978511474    0
12015    1367699.7301103296  98478.0816250184    0
12016    1367796.2866866733  98399.281848799117    0
12017    1370514.620251741  106232.01990442473    0
12018    1370764.0524322845  106527.68735715625    0
12019    1372802.9754505903  106774.83272684729    0
12020    1374806.9686246307  108166.46021359683    0
12021    1363752.4625278711  100672.81758749591    0
12022    1363759.0311135519  101066.98631445991    0
12023    1365644.6470095129  98399.643338726572    0
12024    1365458.3109398221  98379.68331665064    0
12025    1365367.4841252177  98308.363335307789    0
12026    1366391.9499552646  98428.166351923603    0
12027    1365878.0916983464  116131.66412420462    0
12028    1365807.6379122711  115919.32714521581    0
12029    1369474.5442670102  102838.35000848818    0
12030    1373953.3674800869  118805.86809183047    0
12031    1369883.81592224  105176.05325671846    0
12032    1363855.7970777471  103678.19416726069    0
12033    1366765.6014281404  98442.427858521711    0
12034    1367048.2460317861  98390.086814953509    0
12035    1367235.071768224  98397.217568252818    0
12036    1376512.3058237764  111713.81309948112    0
12037    1367512.9043738917  98470.950871719135    0
12038    1367608.7232410999  98411.479074851275    0
12039    1367815.1397186851  98520.940478663601    0
12040    1372736.8077837657  106956.62910901272    0
12041    1374697.5586718775  108225.55832180737    0
12042    1363826.3315070954  101310.93816991735    0
12043    1365740.4658767211  98340.17154185877    0
12044    1365553.8216347173  98328.285634387925    0
12045    1366111.7113506077  98417.470221974712    0
12046    1366300.9430860349  98361.563801756492    0
12047    1366487.7688224728  98368.694555055801    0
12048    1365996.7399288984  115909.5743802607    0
12049    1365796.4105316906  116020.75511285865    0
12050    1369461.4435599353  102944.10441700846    0
12051    1369291.8076034486  102766.55652341929    0
12052    1369792.2451771777  105261.53609621683    0
12053    1363889.0739310468  103550.91503155009    0
12054    1364040.4420140036  103718.54702511847    0
12055    1366861.4202953484  98382.956061653997    0
12056    1366674.5945589107  98375.825308354833    0
12057    1367329.2240583738  98381.410090316145    0
12058    1376533.2530229546  111818.43017980235    0
12059    1376341.4059154557  111745.07713136527    0
12060    1365834.6181668709  98324.364063922098    0
12061    1366020.704481378  98350.867671807602    0
12062    1366208.2696397468  98338.625570520497    0
12063    1365905.647518171  115981.51151743573    0
12064    1369435.0549405033  103067.38918822646    0
12065    1369353.8536084599  102877.08767263524    0
12066    1366955.572585498  98367.148583717382    0
12067    1366581.9211126226  98352.887077118983    0
12068    1367422.7230279094  98382.719612471017    0
12069    1367310.1702109284  98556.219866266329    0
12070    1376545.7203319396  111939.8646783279    0
12071    1365928.1171364065  98325.673586076984    0
12072    1365815.5643194255  98499.173839872281    0
12073    1366227.2879310895  98460.464714069618    0
12074    1366936.5187380528  98541.958359667129    0
12075    1366587.594679673  98528.640647515262    0
12076    1367374.6746153303  98474.807392182847    0
12077    1365880.0687238274  98417.7613657888    0
12078    1367447.2972380039  98598.607629148391    0
12079    1365992.1383792099  98572.816117236929    0
12080    1370872.6149425264  99901.535071763763    0
12081    1368886.0636761461  117748.0429393348    0
12082    1363806.7513579447  98760.919295634725    0
12083    1374128.2195202727  114953.73467378122    0
12084    1374684.5021545966  115598.64759685504    0
12085    1370999.2889062918  106904.29106981464    0
12086    1369460.7162724987  106427.91346536718    0
12087    1371852.0802123325  107509.58091205296    0
12088    1367493.1076556565  104351.5934541499    0
12089    1368101.8588037477  104909.08650271615    0
12090    1363787.7410698575  101857.73187736397    0
12091    1363848.5210238958  111503.32967981798    0
12092    1372274.5361850325  108305.90046330534    0
12093    1372243.4687013447  106956.60257089685    0
12094    1373946.4458245917  119360.0917582863    0
12095    1376000.0410602246  119026.71687225907    0
12096    1369278.4750124633  116754.41351176839    0
12097    1372978.2310132382  107540.32595025579    0
12098    1369568.6606798102  117852.74549468262    0
12099    1370532.5193679081  107575.52785910822    0
12100    1367644.9445315099  112563.51935932522    0
12101    1364128.6737676167  118788.77727117186    0
12102    1366152.9970681018  106676.4252448052    0
12103    1366582.9904964105  106317.75975161935    0
12104    1371790.7476050297  108307.85804912831    0
12105    1366602.040076565  102202.74014978261    0
12106    1367199.857173421  112987.20456388341    0
12107    1373272.9232559328  107008.00250784282    0
12108    1365541.0928333229  105903.51977053152    0
12109    1374978.0246347408  118890.00548178051    0
12110    1370140.3128575401  105934.25959936225    0
12111    1370860.5463100646  119647.9514803457    0
12112    1369644.9555510273  101832.81708369385    0
12113    1361934.0862393102  107135.97509642744    0
12114    1371654.0368696561  108131.99036709713    0
12115    1362584.7174927194  106842.01374135941    0
12116    1362315.5778968909  106833.64160027866    0
12117    1366300.1905416502  114159.31020181616    0
12118    1366697.0490407348  104958.60643770323    0
12119    1365741.8096972774  118130.9806946328    0
12120    1368548.1781555505  110789.48676488062    0
12121    1374033.3024785644  117246.92763085885    0
12122    1363919.055814072  102195.18720163386    0
12123    1359980.0610096981  108059.18823079084    0
12124    1368412.148067554  108696.71402772849    0
12125    1368089.6634825885  108722.47233826123    0
12126    1366656.3001095389  115091.8707435761    0
12127    1367278.1629511039  104046.99760558057    0
12128    1371692.6228124353  117817.24879623733    0
12129    1367850.369295323  111296.6821773539    0
12130    1376592.1328365153  117591.77312025501    0
12131    1365043.1535445177  100686.94864293947    0
12132    1370671.8672021662  108372.58165918903    0
12133    1369245.1307907449  117773.33307711374    0
12134    1371480.9705817676  119444.7716541133    0
12135    1369383.4244476608  102033.86791993884    0
12136    1369238.0783491796  98943.78947227342    0
12137    1364534.4036329398  113055.63848862755    0
12138    1376023.1082880048  118665.8263134467    0
12139    1365850.4579189913  116590.50981096977    0
12140    1365531.3939824859  118170.71265500563    0
12141    1364102.3292108793  102320.17505541409    0
12142    1362864.2763651924  106221.55480897696    0
12143    1363629.7187808785  104828.15542956092    0
12144    1369116.6576550868  98627.161047901434    0
12145    1369362.1917262005  104117.72748732552    0
12146    1365298.5853405399  118464.33701214599    0
12147    1370448.5856769206  107931.22570285619    0
12148    1366085.2873888889  113216.42312468619    0
12149    1369115.27422832  105230.10567393621    0
12150    1373611.7965469731  107034.61114462468    0
12151    1376214.3115306459  118091.9460027788    0
12152    1367774.3698224982  110975.35397243807    0
12153    1369430.5121818979  106150.66421512165    0
12154    1373647.9353737831  108036.87290302827    0
12155    1373770.6138549158  107802.354535009    0
12156    1371963.4455126135  117683.58601862879    0
12157    1365596.2874575842  105697.15238828042    0
12158    1365751.6132783489  105297.74445163141    0
12159    1366813.473146878  102524.40039065745    0
12160    1366530.8965532414  114365.30672167509    0
12161    1373621.7783281428  106763.42618018753    0
12162    1366244.0775945229  100826.26200558658    0
12163    1365225.1002760108  100402.24876759152    0
12164    1366084.5688750267  114056.88698571245    0
12165    1373647.3830942528  117856.15823055053    0
12166    1376492.4765282536  115837.7740415186    0
12167    1372984.9312962682  116608.53595382179    0
12168    1372714.2840949374  116672.19703313339    0
12169    1371815.015959525  106991.50412766656    0
12170    1364959.956005634  102372.24124307188    0
12171    1368122.9518491768  116198.63855832625    0
12172    1372446.3066500658  116916.96310203477    0
12173    1360257.9322769747  108040.17026551464    0
12174    1368535.1793355362  98694.833248937139    0
12175    1368810.0626428442  106020.13493638301    0
12176    1367166.6909038927  117096.49265693437    0
12177    1373123.2685716168  107319.90633523867    0
12178    1370214.5765252088  106121.44388736619    0
12179    1367660.2026103558  111987.84736184411    0
12180    1366373.5048785494  104580.76908825566    0
12181    1365717.4979093864  103761.13544938188    0
12182    1360485.7968738787  107923.49239495718    0
12183    1360548.9115954509  107765.90990461533    0
12184    1365067.9398478931  118529.65528100241    0
12185    1376551.5303510502  112448.19177513874    0
12186    1374568.9010130714  114831.48536015015    0
12187    1376684.7145188968  116990.68116939416    0
12188    1376580.2416931191  116647.1957840586    0
12189    1370435.3107610624  100963.71646465863    0
12190    1364918.1421763431  98430.236892755056    0
12191    1374720.8604793015  115366.21049907808    0
12192    1369432.7814943828  103552.98410606687    0
12193    1360057.8630803037  108556.51147981065    0
12194    1363333.3803566943  111081.68937682483    0
12195    1363320.9504511012  110744.37392896117    0
12196    1366815.4144545586  112261.72268248173    0
12197    1373083.8090012649  108241.31321638776    0
12198    1373324.1009015325  108319.37400324948    0
12199    1366041.2314465183  113744.09024932493    0
12200    1373712.0186134644  118174.40896393779    0
12201    1369665.6793583124  101570.28525723689    0
12202    1361806.6035506255  107358.96190472992    0
12203    1366751.3896681801  114490.12792183339    0
12204    1366470.2073757795  101188.94339724765    0
12205    1360876.8281619523  107596.16364933421    0
12206    1363497.1723134643  100518.9607888699    0
12207    1363605.4378104624  101553.26699482831    0
12208    1373821.8523282562  119235.74109853998    0
12209    1374642.8269410999  115030.73220466355    0
12210    1372481.5521984233  106889.29739418988    0
12211    1369504.3575898865  105263.01908949749    0
12212    1368390.903872953  110541.14343433983    0
12213    1367970.6086356679  98512.362626119619    0
12214    1374520.9458564299  107852.45928900068    0
12215    1366805.713616868  103184.79420779887    0
12216    1366068.4801141853  115161.88301003825    0
12217    1372434.0445888238  107353.62677760968    0
12218    1363733.3166803848  99267.625668331559    0
12219    1364997.477448385  118664.3772126632    0
12220    1374919.4308109467  108647.15094448453    0
12221    1370174.0019713356  101286.93025084989    0
12222    1364032.6500665173  104079.28255772157    0
12223    1360799.6073243059  109128.30937943945    0
12224    1360901.1173552063  109298.343059837    0
12225    1376220.0770159645  111436.39111773993    0
12226    1370463.3512710775  106121.5444698811    0
12227    1370689.8400708574  106223.09405977796    0
12228    1372689.9510305293  106845.56511644358    0
12229    1372774.2094210361  107384.80565690856    0
12230    1363742.3801986079  101440.32818191154    0
12231    1365963.6009427945  115772.38290241269    0
12232    1369377.3000013724  102686.43171438125    0
12233    1366063.805983511  116088.14137076978    0
12234    1369438.479034856  103188.84777506706    0
12235    1376577.2452353791  112056.40542644686    0
12236    1376394.3952592653  111894.04352172016    0
12237    1367681.4579903123  98704.100449821548    0
12238    1366127.0820553144  98552.99322456574    0
12239    1370824.7805285538  99754.712323195825    0
12240    1371026.6703033089  99912.117910292654    0
12241    1370907.3268585582  100203.77428261016    0
12242    1363770.0340191647  99014.272481983135    0
12243    1363702.9083806989  98875.207032220424    0
12244    1363848.8499003949  98614.260972896067    0
12245    1364352.9813175735  98558.752427443003    0
12246    1373903.5246535339  114883.17703451896    0
12247    1367584.3766050132  104173.65136560882    0
12248    1368435.5275332287  104853.68292162698    0
12249    1363682.4985394245  101774.54784700528    0
12250    1372396.8864262691  108361.02391913877    0
12251    1374035.8155808996  119156.80880948502    0
12252    1369829.8668577201  117395.12192424164    0
12253    1369647.5605225975  117994.43841144437    0
12254    1366745.3688697752  102041.78944729648    0
12255    1369535.929317578  101863.57192382324    0
12256    1362088.8832350203  107180.36674949096    0
12257    1362366.8591903385  107090.21468016246    0
12258    1365786.7556196942  117968.38140049639    0
12259    1363863.9585811601  102096.03384598394    0
12260    1360091.1822803714  107995.35953375572    0
12261    1367790.7083459378  116275.3613476607    0
12262    1367885.3377642825  111181.67031046907    0
12263    1367409.6731463941  111809.06960338907    0
12264    1365154.2642789187  100654.17596787871    0
12265    1370447.9607616514  108204.03871335743    0
12266    1369011.8258921001  98601.551056738157    0
12267    1369120.0436662419  98807.458001106788    0
12268    1370218.8001986032  107885.5905597481    0
12269    1365904.0109014215  113013.81155573615    0
12270    1369205.6524401542  105014.71744391849    0
12271    1375992.2447202334  118028.72366208839    0
12272    1373671.54219941  107890.24176853606    0
12273    1373439.9168069877  106848.56309091348    0
12274    1366427.7898057497  100682.13131896192    0
12275    1366431.6393936337  100899.6237056653    0
12276    1366072.4235031023  113911.11468203025    0
12277    1376371.2205986816  115636.33167508675    0
12278    1371814.3402669036  107202.40199161781    0
12279    1372545.1686680748  116809.27292230069    0
12280    1376603.3574772433  112302.7304412808    0
12281    1376595.5549123664  112633.93541281547    0
12282    1376727.1542161109  116852.68581101309    0
12283    1370318.9513326292  100762.25079175808    0
12284    1369434.9694988171  103431.60965930023    0
12285    1369212.5258098557  103594.75780964564    0
12286    1360185.2811646133  108404.1872684055    0
12287    1363426.0775085664  110909.38679129285    0
12288    1366960.5530822331  112217.4482777629    0
12289    1373180.7741321633  108351.7003476609    0
12290    1369661.3762808342  101702.02944369988    0
12291    1366679.8780657977  101214.64029191459    0
12292    1361046.5305104312  107748.15665021953    0
12293    1363482.7337615935  100405.19054428409    0
12294    1374878.1990079822  115047.54946608095    0
12295    1369648.1416378219  105231.26679351054    0
12296    1369570.2641094301  105369.40750199997    0
12297    1369376.1092271379  105203.5775702049    0
12298    1368050.035295058  98676.244718773945    0
12299    1374416.9148964246  108036.10755628148    0
12300    1366938.2931141029  103361.89261516051    0
12301    1372431.9037140398  107107.74839817347    0
12302    1363784.7139445811  99463.131776702168    0
12303    1364895.8375977133  118554.64481500405    0
12304    1374632.1403830266  108445.0574847683    0
12305    1370057.6425429035  101085.46457794975    0
12306    1360996.1068494727  109037.89828183917    0
12307    1372602.622052775  106947.82449847127    0
12308    1372888.9916364006  107445.81142872393    0
12309    1369192.514619729  102574.93968186197    0
12310    1369221.4544195549  103134.18845634139    0
12311    1376607.2814357211  112173.3284547849    0
12312    1376435.1265423207  112032.31509989408    0
12313    1370740.1577796997  99655.074612845405    0
12314    1363666.1910419189  99128.560218568833    0
12315    1363626.7825151735  101675.59155230975    0
12316    1369351.9991084775  101852.29143669616    0
12317    1363831.0273872279  101975.22689185078    0
12318    1364067.2787441036  102047.93832933153    0
12319    1367663.9692177263  111177.18679507221    0
12320    1367791.4804979067  111099.1513485078    0
12321    1365044.6978776189  100487.44616815777    0
12322    1370396.9428622872  108067.51462894956    0
12323    1368871.5044871368  98586.474099774365    0
12324    1369038.7253263011  98718.804903464144    0
12325    1366410.2017888508  100422.84770520679    0
12326    1376716.0750363236  116730.96849109103    0
12327    1369436.7899475882  103310.22970191021    0
12328    1369306.7476613959  103490.00516251869    0
12329    1366566.2380967252  101315.94318680069    0
12330    1360866.4355326225  107803.66762773036    0
12331    1363684.8287566779  100298.04989992997    0
12332    1366763.1260459691  103354.85120421938    0
12333    1369135.2172848082  102927.13772304874    0
12334    1376489.7714163335  112141.19595264018    0
12335    1370468.835393016  99586.723897569944    0
12336    1363751.4461476579  101590.81417376673    0
12337    1364000.0409405227  101846.23957928793    0
12338    1367675.0867944572  111052.15755855262    0
12339    1365163.323687854  100528.85693028444    0
12340    1368922.2270105623  98907.286436002527    0
12341    1376576.654612992  116805.02197040498    0
12342    1369308.2515073814  103247.73831270574    0
12343    1369329.1926896865  103369.31959535857    0
12344    1363665.5146502161  100471.8026036903    0
12345    1376269.4332639778  112183.62581320689    0
12346    1367604.9348218816  110858.90023477697    0
12347    1369104.0279580599  103389.87353560863    0
12348    1367447.8856611084  111094.96378023444    0
12349    1369211.8040357647  103326.9445406694    0
12350    1369079.2546741427  103223.68880554396    0
12351    1373875.3268700757  119496.84264769712    0
12352    1364052.1374767874  111763.51106959171    0
12353    1368277.9529860499  116973.78233127309    0
12354    1370102.6275759004  116486.43721233882    0
12355    1375585.686496313  118906.19764791924    0
12356    1366357.6659322837  105137.89479155897    0
12357    1369559.8685195332  98900.587160570882    0
12358    1363005.22406885  110593.52854803053    0
12359    1365842.1535974492  104064.53689397244    0
12360    1366781.3592026469  103733.57907792587    0
12361    1376429.5872963441  117824.42536898442    0
12362    1362774.1181758544  106607.64544152777    0
12363    1369874.9243214226  106974.37641321658    0
12364    1364306.7175076292  102782.54103028138    0
12365    1363921.8522743566  112189.84294121826    0
12366    1365916.6817511278  117868.08501231144    0
12367    1370665.9048133057  100502.39008270456    0
12368    1370670.528958089  100670.72802890555    0
12369    1369521.7894384859  104357.87135475528    0
12370    1371480.289174706  107130.57740213657    0
12371    1364085.6880009249  98472.312676158341    0
12372    1368601.1661527604  116808.5213144591    0
12373    1368274.2901137569  105888.711763019    0
12374    1370410.3427805868  117192.11145663912    0
12375    1370078.5621023304  117310.64607922744    0
12376    1371462.5902051185  118299.13430495052    0
12377    1376336.8130333934  116009.91754971867    0
12378    1364799.3037575944  101390.90725072035    0
12379    1371353.7882176896  108272.4019897751    0
12380    1362479.8233348564  109959.56709753926    0
12381    1365345.4089834313  117735.41805345399    0
12382    1371498.4927821469  106705.21724133671    0
12383    1370844.9941850856  119122.54507460895    0
12384    1371666.6148362837  106641.62830419243    0
12385    1362733.6495707759  110456.3546785123    0
12386    1364019.4092427036  103152.91234481995    0
12387    1363901.2321729762  103017.33319260042    0
12388    1367645.2542528228  116742.82656881353    0
12389    1371126.015174821  106559.30512799401    0
12390    1370567.0335663275  118195.76700507459    0
12391    1365200.603771708  103095.5513256978    0
12392    1369130.7867287437  106019.02875646648    0
12393    1361106.3214727314  109397.61681869264    0
12394    1369731.1487985242  104992.1718299299    0
12395    1367079.3458299341  102760.19651394465    0
12396    1365968.2788737088  117357.36507253416    0
12397    1365690.4295727003  117450.63037386301    0
12398    1374074.4908691216  117846.63394026901    0
12399    1367019.7221080749  105971.82379476757    0
12400    1367303.1105585096  105792.06099575489    0
12401    1370705.8013700733  106387.61572685758    0
12402    1363893.6634426746  103417.54749386148    0
12403    1367303.5919142361  98820.502137972275    0
12404    1370939.9334926191  106761.12042433003    0
12405    1371187.5348113701  106914.43480970764    0
12406    1372126.2077622609  108350.53918946434    0
12407    1372190.6560618342  107203.9486647422    0
12408    1375956.1025379247  118902.9763332946    0
12409    1369539.9709240575  117472.97214924241    0
12410    1367756.8064727078  112898.81483627131    0
12411    1366711.9559020058  106196.87644133157    0
12412    1367288.4245524169  112884.00330671163    0
12413    1365578.6723467309  106042.12975516428    0
12414    1363306.5359766346  105637.95481808073    0
12415    1366534.1446849445  114035.5119774194    0
12416    1374146.8119409368  117492.2035847619    0
12417    1368375.2802381085  108420.16913357364    0
12418    1368608.0685966406  108757.29571682986    0
12419    1367362.787490628  104152.40653718016    0
12420    1367106.1695016236  104058.76214644234    0
12421    1376376.4179619038  117428.96560397584    0
12422    1369377.9722562425  117843.33478943894    0
12423    1365366.8455237944  118103.90169156194    0
12424    1362921.4220713128  106088.3195757581    0
12425    1363531.8800544522  104939.92352694906    0
12426    1363794.2355521831  104742.98524329183    0
12427    1369227.9452881189  103997.3317201077    0
12428    1366229.281244627  113365.92649204402    0
12429    1374019.3257273501  107850.618434972    0
12430    1365385.2873223557  100349.12543381109    0
12431    1372902.538898594  116369.13609838365    0
12432    1373086.8859976204  116489.71110509906    0
12433    1364970.3159578764  102206.03563137709    0
12434    1367300.1421209939  117020.74869874763    0
12435    1373042.7657801057  107089.42541587549    0
12436    1365839.4018041997  103700.72336816161    0
12437    1360332.4961066484  107904.9471685172    0
12438    1376667.9810703034  112510.28543844125    0
12439    1376457.2025908325  113650.11986300845    0
12440    1376230.6195627952  116329.59497425464    0
12441    1373698.8153367627  118011.40151812429    0
12442    1361862.1373209418  107242.7761889017    0
12443    1374344.234721157  107753.6855597879    0
12444    1366140.94934137  115418.98685258171    0
12445    1365918.3122605241  115226.92705518508    0
12446    1370821.7040295126  106215.24835837842    0
12447    1367591.1780214475  98591.865597589    0
12448    1366341.212516804  98684.366343632209    0
12449    1371054.9718332915  100158.54141742215    0
12450    1370894.0238031237  100357.61861748535    0
12451    1364470.5619873917  98458.653292870251    0
12452    1374073.9959548332  114733.35704847261    0
12453    1367694.9967875849  104288.88602546584    0
12454    1368275.7266769251  104896.30397222939    0
12455    1372518.5965992932  108419.24399618234    0
12456    1360099.6683559604  108138.77469979094    0
12457    1373852.6512341981  107994.61520440989    0
12458    1366258.4498355079  113969.00756073237    0
12459    1374961.3508034837  115385.79420417474    0
12460    1376493.5117649948  113079.54712616846    0
12461    1363615.3415489877  110970.75894620178    0
12462    1366809.4974626503  111982.29473212696    0
12463    1367065.7240918998  112123.66861611194    0
12464    1373309.7432077369  108589.61599850618    0
12465    1376411.8161231291  114363.33578405809    0
12466    1372655.1022508945  107174.92960749696    0
12467    1373021.0105232701  107410.54750777691    0
12468    1369153.6727104438  102092.0774904838    0
12469    1370641.1135089498  99573.93407188321    0
12470    1369434.5715046579  101628.67909439764    0
12471    1370180.4322727225  108226.21733260179    0
12472    1368694.2862454762  98587.722576929766    0
12473    1366755.741758469  101573.81725048482    0
12474    1370413.327473752  99436.77106281204    0
12475    1370605.8389803723  99854.90625716545    0
12476    1363978.5294030949  101501.61758047035    0
12477    1363812.3242191914  101718.46260474902    0
12478    1376261.3304810063  112008.37600227601    0
12479    1372304.8326785045  116687.86292694735    0
12480    1375304.0845808438  118805.79183708083    0
12481    1366441.6840794377  105275.71173170932    0
12482    1366275.8752234473  105242.08480567667    0
12483    1369745.1959607152  98998.162266146333    0
12484    1369434.3131591622  99110.121823473542    0
12485    1362725.3258652452  106761.92937170881    0
12486    1369953.1885122906  107201.37228766138    0
12487    1369576.9621008013  104480.20519661061    0
12488    1369274.2158622111  104460.28522308155    0
12489    1364212.8491323593  98457.677456594713    0
12490    1364063.2428400076  98703.417478969714    0
12491    1368577.4249257694  116451.59791800313    0
12492    1371200.1684743264  118338.52460945272    0
12493    1371390.4735802447  118043.76016119769    0
12494    1371564.454635879  108386.4205866885    0
12495    1362650.697524535  110169.82859242053    0
12496    1365566.7388323336  117696.2078850338    0
12497    1365358.2689419354  117900.89619342372    0
12498    1371407.1552076114  106572.79435611363    0
12499    1370961.6504437651  119423.09503106851    0
12500    1370787.9346140858  119275.76326828833    0
12501    1371645.9598408944  106841.06124526123    0
12502    1362644.159826926  110349.70492339914    0
12503    1362948.6027738014  110368.21020156391    0
12504    1364095.4282758769  102967.35675360222    0
12505    1370947.791482419  106511.92611669246    0
12506    1365122.3747796533  103355.25925313988    0
12507    1364974.8179799793  102987.24598322983    0
12508    1361247.0415262603  109239.93407500774    0
12509    1369534.4447953596  105057.83801600159    0
12510    1369705.385857488  104859.82987266414    0
12511    1365842.5071261504  117443.18190893171    0
12512    1374868.1192032844  118680.43468335028    0
12513    1363896.0460598832  103284.14019942707    0
12514    1364122.6155342625  103492.189046987    0
12515    1372255.5169320046  108511.45903146169    0
12516    1375770.2722375507  118833.03162850231    0
12517    1367427.0882221246  113092.6094654929    0
12518    1365423.9811625017  106256.70333541754    0
12519    1363287.7112106695  105464.64223422218    0
12520    1363171.684376695  105893.57899346642    0
12521    1363152.8596107296  105720.26640960756    0
12522    1366674.1414430228  106564.70906155377    0
12523    1368828.3820749163  108931.94936152338    0
12524    1367492.9272014739  103961.25394153506    0
12525    1376412.8395092124  117605.01968542783    0
12526    1369403.4804934075  117633.88135662669    0
12527    1362988.3725397668  105960.25673237944    0
12528    1363460.4254154933  105065.61024687196    0
12529    1363778.9334212714  105057.48054979101    0
12530    1372701.3523211647  116454.16375470163    0
12531    1364330.6706160489  102254.38430118447    0
12532    1376544.3842316931  113798.88861577124    0
12533    1376475.3571779137  113364.83349458846    0
12534    1376562.5388187743  113513.60224735124    0
12535    1376206.2373765938  116144.01858099685    0
12536    1373882.2902892206  118078.5788567628    0
12537    1362025.1925614167  107392.077092664    0
12538    1366223.3730795512  115782.23236090738    0
12539    1370927.5553071119  106289.62475598512    0
12540    1367525.8721923891  98736.823917641901    0
12541    1366094.750737498  98802.1225822079    0
12542    1370834.1930555131  100473.84668891327    0
12543    1364594.8079905042  98418.013242944056    0
12544    1368003.0519954357  104325.5481299361    0
12545    1360185.7627553479  108257.51779140739    0
12546    1366926.4055723145  112073.29003529756    0
12547    1373107.5787529277  108545.29156336428    0
12548    1376498.9977639895  114512.10453682128    0
12549    1376429.9707102105  114078.04941563848    0
12550    1376517.1523510714  114226.81816840127    0
12551    1372911.4386801454  107265.09324975921    0
12552    1370310.2336170368  99334.880174416743    0
12553    1370610.151549503  99712.747321571311    0
12554    1375199.8856019937  118895.43659230806    0
12555    1366141.7740342889  105052.61491231747    0
12556    1363025.8254672878  106661.41060805593    0
12557    1369620.6661768449  104606.44179340576    0
12558    1369425.2756317172  104475.00753896504    0
12559    1369238.1987205907  104268.45940868868    0
12560    1364164.4153606219  98596.601117909056    0
12561    1371362.7986389701  108507.38205131942    0
12562    1362494.3157590653  110122.35278133822    0
12563    1365776.2272109946  117711.86978262466    0
12564    1371293.0828886579  106498.40766137505    0
12565    1370792.451771206  119414.09961950377    0
12566    1362799.3347715212  110310.36799497124    0
12567    1365171.7534785466  103228.49706352204    0
12568    1364041.2007892234  103353.45754621671    0
12569    1372401.732912513  108507.22099662786    0
12570    1365339.3209901815  106032.62274652594    0
12571    1363328.6301167128  105322.84673885694    0
12572    1363153.144748606  106127.93070043834    0
12573    1363392.9263432312  105193.38368060783    0
12574    1363619.9759262705  105073.16208406689    0
12575    1376564.8896468107  113943.41433598656    0
12576    1376580.6934058554  113228.31587893124    0
12577    1376107.6063079485  115883.01118478045    0
12578    1371031.5662070443  106366.48971582038    0
12579    1370725.6858713611  100344.47684531212    0
12580    1364744.1876821106  98410.202984060714    0
12581    1364604.7285862425  98658.587156127469    0
12582    1360445.5264815169  108331.70625742411    0
12583    1366993.167482848  111866.91856604686    0
12584    1376519.5031791071  114656.63025703678    0
12585    1370197.4115489807  99245.466774480577    0
12586    1370181.1561085426  99568.582586438715    0
12587    1370424.8673887416  99778.271376178571    0
12588    1375104.4879982218  118679.17031420604    0
12589    1369663.7038803499  104732.90515648719    0
12590    1369323.647142295  104735.43368004209    0
12591    1364303.1850414297  98829.360267388882    0
12592    1371261.5277428054  106671.45615963565    0
12593    1364944.5238776086  103212.98101934709    0
12594    1372608.8690662328  108650.77216623134    0
12595    1363559.5349603603  105466.2824188028    0
12596    1363019.9615872055  106209.45675078289    0
12597    1376382.5131172098  113895.57252991236    0
12598    1376504.9931724477  114813.18661031824    0
12599    1376253.046239397  114620.71784117739    0
12600    1370083.8893892788  99156.951318176987    0
12601    1370162.2921868169  99405.666774062862    0
12602    1369501.3940093846  104856.51411304674    0
12603    1365063.9589964938  103135.50155331389    0
12604    1372336.1377888878  108768.54061140925    0
12605    1363489.2187708321  105321.90361563735    0
12606    1369961.2422766772  99067.167415007003    0
12607    1370063.5636489242  99300.073839888413    0
12608    1369519.2004637755  104711.52728230634    0
12609    1369940.7331914045  99513.870981023967    0
12610    1362349.993326134  109581.12668921989    0
12611    1369218.998332175  117161.96516425766    0
12612    1368706.4212668021  117386.22660957303    0
12613    1369760.0185394476  118145.53148280564    0
12614    1370092.6080570491  118099.46406979139    0
12615    1366732.6082294867  116964.36229558427    0
12616    1374480.9060660009  115924.03577057112    0
12617    1365269.0128118475  112916.84788970504    0
12618    1367751.3068807633  105629.25607922394    0
12619    1370241.6851204885  107322.27807344306    0
12620    1368320.9452695888  111602.95859528694    0
12621    1367737.5935959925  109136.85576007393    0
12622    1375099.7266339075  108943.14514522765    0
12623    1375823.9020181142  110465.66762598867    0
12624    1363921.6538698275  100867.13720940248    0
12625    1365374.5582141585  98578.887866201723    0
12626    1374163.6169423184  119347.29036424714    0
12627    1366951.7759623933  112963.33464581777    0
12628    1366572.2675738686  104786.08780325395    0
12629    1368706.0224617287  110860.74265862296    0
12630    1371603.7063060165  118011.21998458763    0
12631    1364925.16160177  100819.69066988719    0
12632    1370850.502118862  108448.86905675063    0
12633    1371237.7183048786  119499.28650305861    0
12634    1364574.7066477863  112757.78081016504    0
12635    1364853.5140763156  113146.87445477609    0
12636    1365834.8265630966  116417.82432226236    0
12637    1373439.8800459916  107052.88893201276    0
12638    1369233.7274817768  106312.37220818918    0
12639    1366830.6795509409  102282.77080809073    0
12640    1369536.9149985788  116191.67615544816    0
12641    1367978.5773956722  112029.5568410921    0
12642    1370019.6339033758  101391.00526146127    0
12643    1364042.9176729082  104318.09412272219    0
12644    1373776.7189765959  115181.82217456018    0
12645    1369859.2930543069  117783.72429761758    0
12646    1365609.4157760583  118006.87252911749    0
12647    1365704.4917263575  112998.30975152426    0
12648    1376347.0411983046  115289.77352104116    0
12649    1374487.194459883  108234.5904629029    0
12650    1366843.7294763289  103532.01385614858    0
12651    1376412.0665115046  112316.5379889938    0
12652    1363983.1873146803  100419.16483445384    0
12653    1363960.9958597294  111625.07274780578    0
12654    1370354.6138161831  116577.82104313254    0
12655    1363241.7008358513  110504.4093761339    0
12656    1365866.6680530733  104314.35166253193    0
12657    1364358.8967758359  102559.64264524082    0
12658    1364181.4715023348  112295.01992212792    0
12659    1368086.87182714  105801.31155888988    0
12660    1370867.1252358821  118943.39329684425    0
12661    1368970.3139394973  105987.47223731104    0
12662    1366995.9819345628  102586.40287996686    0
12663    1367247.8367022669  106018.1804522131    0
12664    1371100.4658402421  106778.45627918313    0
12665    1371950.1767269343  108394.44149288288    0
12666    1367734.6251072325  112719.9074876831    0
12667    1368109.0923058609  108454.75145215272    0
12668    1367178.619658069  103854.83381224835    0
12669    1365255.2276638162  118245.54448326871    0
12670    1369135.2238053395  103799.30090418235    0
12671    1365458.1513378811  100046.93775138458    0
12672    1373110.3056879253  116252.69312493665    0
12673    1376298.6658636059  116719.74997372135    0
12674    1370940.019814674  100046.9066020118    0
12675    1368174.1523456664  104703.55671115652    0
12676    1366209.2959456572  113799.12875621549    0
12677    1376597.2206262625  112935.44499158101    0
12678    1363768.4799593075  111081.92314664308    0
12679    1368784.146558038  98764.701907366718    0
12680    1366592.3836485236  101495.29684805209    0
12681    1375954.7123032468  112110.36490666424    0
12682    1362796.9891737856  107051.23141189611    0
12683    1368432.6280494321  116351.27605683521    0
12684    1370957.650583141  119251.73293426597    0
12685    1371485.7546773076  106941.54576225429    0
12686    1365085.9218769579  102843.77002476167    0
12687    1365992.7029449567  117528.23351380348    0
12688    1374673.5072451888  118785.99668079527    0
12689    1367055.1760856654  114456.70873733933    0
12690    1365461.5054635573  106588.215556275    0
12691    1366485.5026216225  106591.44584379162    0
12692    1366770.6915978822  106388.77471132124    0
12693    1368797.0416344807  103350.69736884476    0
12694    1376082.5334165501  117581.55800059861    0
12695    1364670.499282765  102270.77309986159    0
12696    1366099.1946412853  115626.77313568183    0
12697    1367661.6747724907  98996.272882554767    0
12698    1367843.9659588542  104035.16962822976    0
12699    1366100.921273344  104739.72525601755    0
12700    1362976.5070482285  110074.6781082518    0
12701    1364327.8408412484  103278.49741324059    0
12702    1365312.53267171  105631.37430685075    0
12703    1364809.2966563727  98610.102222595728    0
12704    1360603.5632549049  108622.50226395178    0
12705    1370415.8587353937  100317.45813966177    0
12706    1363231.0763648683  106404.79073001377    0
12707    1362953.5398895694  106362.47708760007    0
12708    1376498.5546174573  114973.00088007477    0
12709    1376375.018675766  114722.18968469479    0
12710    1363721.1340957694  105285.07702152597    0
12711    1362055.5944550708  109305.19971191599    0
12712    1368581.4492561421  117227.81895130563    0
12713    1366692.174622104  117126.56814963072    0
12714    1367099.1433697916  116822.04848462806    0
12715    1374637.2197377044  115795.45223044982    0
12716    1367540.1826291995  105746.37526322038    0
12717    1375274.8875262516  109046.52835606971    0
12718    1375606.6494028524  110008.91088176044    0
12719    1375854.2278336165  110264.54634067837    0
12720    1374328.4281392084  119268.24029211997    0
12721    1368753.4173511376  110545.30030083918    0
12722    1364623.3165680591  100945.78294215105    0
12723    1364795.1015924588  100585.27127744831    0
12724    1364740.9874993328  113289.34247227135    0
12725    1366148.7659743973  116476.45698478066    0
12726    1373916.6669757322  115284.6288913499    0
12727    1369945.7994358428  117963.8742675805    0
12728    1376451.6378028295  115451.87510753798    0
12729    1370561.6848669553  116841.96536839794    0
12730    1371037.2776121199  118718.80598362624    0
12731    1369006.4746304548  106227.38646924941    0
12732    1367862.4660938319  112542.68956361935    0
12733    1365231.0289905928  100152.05200882333    0
12734    1370699.5470363558  100078.63004746828    0
12735    1366439.1347893369  113824.67628324489    0
12736    1376289.9128639428  112823.64885763788    0
12737    1364120.5753165325  111364.81435790761    0
12738    1366728.7342665293  101383.83759571292    0
12739    1368329.0683726717  116170.92188077819    0
12740    1371050.5622422264  119056.99655215158    0
12741    1371134.9747446103  119333.32163960107    0
12742    1365664.1512100021  106726.23461493867    0
12743    1364765.3200804833  101983.27911248968    0
12744    1376495.2968299836  115132.88067342639    0
12745    1376356.3106819647  114887.23336178194    0
12746    1366477.4191882075  116986.89289020729    0
12747    1367753.6164821873  105882.27004576726    0
12748    1375378.880592955  109183.76196198146    0
12749    1375461.8143260113  109704.4063856078    0
12750    1375813.3858234792  110097.27545043791    0
12751    1369020.8351373586  110912.15409595847    0
12752    1373818.738227257  115589.11401340982    0
12753    1368001.4328051377  112777.65674839978    0
12754    1364179.8483579017  111580.21097217117    0
12755    1367004.2463099461  101212.63037770109    0
12756    1368682.8694720203  116144.7520702667    0
12757    1376355.1170908727  115050.05121592445    0
12758    1376217.1746987256  114787.87992037406    0
12759    1375454.9749151499  109334.26537788221    0
12760    1375083.6067344632  109299.49617809734    0
12761    1375636.975218355  109807.78959645017    0
12762    1375634.5945021776  110229.55194625989    0
12763    1373729.6987862801  115392.48655495919    0
12764    1376193.9844027297  114967.45667642719    0
12765    1375938.7782170475  114640.70853491822    0
12766    1375527.4436975743  109486.49325216612    0
12767    1375267.6419463328  109334.49237108784    0
12768    1372847.3034852671  108406.68696653066    0
12769    1373962.712348986  118476.52599593166    0
12770    1366002.7129391169  117054.13723307823    0
12771    1366964.0118509517  102955.74568968432    0
12772    1366757.5746431481  98652.729625319043    0
12773    1369282.3675532204  116495.26161366112    0
12774    1360730.3864973022  108035.9765234802    0
12775    1367627.3802140504  110480.88133897935    0
12776    1369926.175392166  116216.92799238864    0
12777    1369666.9841726513  106866.20129750711    0
12778    1367499.5773168153  116441.13648936199    0
12779    1370560.9176872997  117862.30992299751    0
12780    1367121.4692986023  98683.745885161828    0
12781    1368569.4762391632  108535.00970120278    0
12782    1376528.1904510676  117263.93165762378    0
12783    1374151.3164750603  107678.80385285019    0
12784    1363605.2972443062  110679.2149465383    0
12785    1373825.2045461617  108378.64880000649    0
12786    1370888.1232707023  118247.08947059569    0
12787    1375552.7110162775  118553.58335014241    0
12788    1365794.1513638315  98799.025570339087    0
12789    1365885.0334791522  105077.03817931384    0
12790    1368916.15304078  104428.2207720587    0
12791    1364105.5937090567  99274.265551875302    0
12792    1373130.0859844482  108925.83558893055    0
12793    1369295.6064892334  117404.0345055551    0
12794    1369169.852929207  116946.67731704497    0
12795    1368992.2096918633  117469.83672368234    0
12796    1373903.5003426827  116455.94782047776    0
12797    1370262.5811576471  107591.90406062947    0
12798    1367898.8676595299  109034.44788547188    0
12799    1366422.312544127  113035.91342520878    0
12800    1371467.1435642214  117831.25426021307    0
12801    1371095.7000423877  108573.99860478011    0
12802    1366015.2047109234  116298.74528642942    0
12803    1369719.774108724  101238.03689122002    0
12804    1365589.5853394403  112636.1916781992    0
12805    1363957.8275944481  99792.776947090097    0
12806    1367345.7520514661  102525.5185077605    0
12807    1367080.3472741728  106257.9341283219    0
12808    1371753.6602070902  108566.22130125844    0
12809    1367817.9234522346  108568.18641144229    0
12810    1367010.554787077  103694.06678787505    0
12811    1368600.4237493102  99080.772722252295    0
12812    1375839.5460319696  111398.51099395615    0
12813    1364776.0266343013  102718.55144448541    0
12814    1367129.1884575866  114808.42469998657    0
12815    1366334.6710548287  115566.00372396247    0
12816    1366021.8803026986  104522.78788128489    0
12817    1370417.4369455457  100047.81586879457    0
12818    1368645.2097654459  117020.7048034141    0
12819    1367361.4354818205  116708.24124770018    0
12820    1375009.7412697272  115780.86859517201    0
12821    1364759.3752557323  101135.45229538901    0
12822    1376243.9519816069  115471.0886437142    0
12823    1365053.7512152479  100273.0198210948    0
12824    1366352.3806786304  113586.98836486629    0
12825    1376105.133266075  112502.93130124421    0
12826    1376357.9303724184  112592.16755235958    0
12827    1363946.3162814709  111221.14254988755    0
12828    1371228.2348285886  118988.04723198943    0
12829    1364391.2160842314  101827.89487721186    0
12830    1368025.6445193077  106177.25258071731    0
12831    1370625.9481497675  108727.39578589919    0
12832    1368896.5078834957  111349.80636145272    0
12833    1366959.5190334104  101447.9387712169    0
12834    1366830.2669161414  100855.8004469452    0
12835    1376194.6443799105  115164.64231089329    0
12836    1376005.2841864415  114851.80242975208    0
12837    1376082.7607345602  114070.94019321015    0
12838    1375113.5857444997  109643.23793610498    0
12839    1374104.2056126629  118240.83138448524    0
12840    1366215.5940249136  116847.75659266286    0
12841    1367270.4028572268  103130.61437742577    0
12842    1366555.6484823602  98750.867030052657    0
12843    1361045.4307301501  108064.48633328643    0
12844    1370234.4555615485  117798.60722986687    0
12845    1376419.9782436069  117020.48974505757    0
12846    1363843.9170958865  110816.93901375348    0
12847    1374142.7608093147  108244.86492938793    0
12848    1365621.4464973151  98636.001968550656    0
12849    1364792.963033095  98996.987444244383    0
12850    1369123.3891116946  117617.65239224384    0
12851    1373579.7149667162  116271.00678926543    0
12852    1367683.5806608072  108873.60223761914    0
12853    1365823.2658042966  112761.33072487987    0
12854    1367034.2995890381  106647.89867605918    0
12855    1368176.8760877317  115819.39248401999    0
12856    1368801.9788829188  117182.33796810001    0
12857    1375889.4527187408  116280.02966753478    0
12858    1374787.0060466088  116136.84501875006    0
12859    1376155.9613449099  115670.49025556387    0
12860    1364855.5031734668  100372.05384584428    0
12861    1371346.1334113609  119165.89219317937    0
12862    1364198.215590328  101892.23305133195    0
12863    1366635.392538859  100918.09384356083    0
12864    1376003.3729185159  115066.6885717314    0
12865    1364927.9475427186  99898.271324255082    0
12866    1366627.2189714503  106912.48204390185    0
12867    1364146.7373680105  101664.10030767569    0
12868    1364354.7874424718  102040.26568168508    0
12869    1366666.9920847453  100680.98519213031    0
12870    1375975.3573095333  115357.11587134541    0
12871    1375623.3947026168  114955.8573499644    0
12872    1365043.6986195585  100067.90399769649    0
12873    1375829.0138823395  114957.6861944839    0
12874    1364786.530432994  100119.07761008754    0
12875    1365238.4443322821  99810.708241025204    0
12876    1375802.6023288791  115193.88644558311    0
12877    1375728.0857014072  114745.2427129956    0
12878    1366172.3827715898  100018.26793616237    0
12879    1367790.8428405686  111652.04786576612    0
12880    1366553.8905767652  112583.73314095131    0
12881    1373576.3255735105  108281.64397325987    0
12882    1361459.9445134404  107798.16850885352    0
12883    1367435.5687813421  111452.37999817712    0
12884    1372002.1736458268  107282.13283462251    0
12885    1366768.5064657719  114202.73356217779    0
12886    1374366.9679351363  114552.84620955169    0
12887    1368996.8823108054  101594.10718606919    0
12888    1366955.6563091006  101812.34953733176    0
12889    1372506.0426884992  116588.14198221742    0
12890    1364482.7990247984  103751.03901855809    0
12891    1362300.582505794  107359.48957478088    0
12892    1366696.8023586974  111599.01037166444    0
12893    1374984.0622230573  118260.78583156384    0
12894    1368991.0852588117  104759.49718008538    0
12895    1363577.8554893488  106043.62049309352    0
12896    1369773.4637558628  99282.368704750203    0
12897    1374064.1831374941  115961.30967447541    0
12898    1364209.5777746153  101161.11676599346    0
12899    1366333.9339073836  104882.06149293427    0
12900    1365039.4508698492  112992.46095335965    0
12901    1364262.95621993  104699.43535758747    0
12902    1372651.2150315014  116055.0016253783    0
12903    1364264.1222610266  112518.30831360069    0
12904    1368939.1884299081  103608.33544393147    0
12905    1374502.8719270625  118937.72652832798    0
12906    1364615.8084246165  103053.96645171128    0
12907    1365352.0263602003  105830.25605884925    0
12908    1364986.9333641108  105908.91628662914    0
12909    1365147.4874922789  105767.51095078854    0
12910    1364816.537776731  105553.59544095682    0
12911    1364951.8450091849  105707.22567430232    0
12912    1364611.8473706564  105870.27295405067    0
12913    1365086.5336760636  105452.20101033368    0
12914    1360926.1628017023  108710.8222655186    0
12915    1370395.1746463424  100545.90465784795    0
12916    1361800.5947798605  109321.52585540485    0
12917    1368154.3278222124  112339.02867269558    0
12918    1367033.5017880851  113415.04915473091    0
12919    1365928.4533001778  107092.41230944468    0
12920    1367518.4276394262  106016.09828984737    0
12921    1364440.9334237324  111898.25718195537    0
12922    1373425.6522658456  115648.64265004612    0
12923    1366201.4685121966  117137.89021311537    0
12924    1367849.1640445273  109753.28454723337    0
12925    1369142.3991021125  106772.53134414642    0
12926    1369429.2497561933  106710.40332335971    0
12927    1369633.4402099336  107184.62589023236    0
12928    1366970.0994966421  99074.977167574514    0
12929    1368921.334229762  108588.41473440542    0
12930    1375315.0234218815  118567.92344369955    0
12931    1375827.4230951753  118337.16633516745    0
12932    1368851.2325605634  104052.99287525103    0
12933    1363921.3352464952  99165.537121572081    0
12934    1363999.0109013058  98936.541446895484    0
12935    1368932.1599770593  116685.57373875803    0
12936    1374014.0607303416  116743.35782740937    0
12937    1371052.0942330263  117801.59247978743    0
12938    1371555.0553643364  117424.53902329167    0
12939    1366269.6556757216  116246.55534608869    0
12940    1369492.5384314491  101371.56757688319    0
12941    1365446.8417070149  112796.55741522016    0
12942    1365144.6854322702  112541.46107834869    0
12943    1365368.3755793853  112583.00184019189    0
12944    1363850.4856717789  100061.16721071448    0
12945    1368158.4640605922  99098.241536000249    0
12946    1368398.8812324475  98916.359553038346    0
12947    1375951.9988751549  111191.90724155247    0
12948    1364537.0579470214  102718.90581159794    0
12949    1366335.0681858822  115364.34003735514    0
12950    1366627.7950356111  115465.74873106115    0
12951    1365741.8799331924  104747.67375374088    0
12952    1369963.9560666671  99967.430291211393    0
12953    1366550.0673924086  113332.10029669525    0
12954    1368663.4549651681  111392.46484907631    0
12955    1373723.1707992244  114506.06845159715    0
12956    1375229.4862126147  110168.77036599958    0
12957    1367348.9894900438  103508.4997145532    0
12958    1367172.2335295915  102946.76754541126    0
12959    1367315.0737688825  102759.24358611116    0
12960    1366352.9065738183  99025.640052577    0
12961    1364288.1362803963  110984.06525694691    0
12962    1374322.8290131502  108502.93153065522    0
12963    1374051.9565768063  108056.84846741066    0
12964    1374218.3768199489  107924.82000925443    0
12965    1365418.8030573374  99023.671854307846    0
12966    1373345.7494251989  116242.90566525164    0
12967    1369006.8243536081  117097.14641856501    0
12968    1364447.326696255  100371.58722128613    0
12969    1364553.5686497553  101965.05349365632    0
12970    1364662.1469602298  101671.86456315516    0
12971    1367058.5287215742  100478.95158551326    0
12972    1375757.2659992701  115691.5364147307    0
12973    1375302.3785521691  114664.96177135421    0
12974    1375648.1216989639  114319.47591671349    0
12975    1366283.9268779589  100224.88733209758    0
12976    1366009.8606444006  100159.39277230696    0
12977    1365840.9463051122  99800.723457123313    0
12978    1365975.985134416  99956.236819555997    0
12979    1366184.1480104448  99639.093546660632    0
12980    1366731.1586790574  112460.4983377154    0
12981    1366686.5094227246  112843.05229371684    0
12982    1361260.2904788479  107714.8605015123    0
12983    1361638.395614923  107582.60759362493    0
12984    1367652.5673524148  111400.10232308289    0
12985    1369210.8513735645  101673.11864866954    0
12986    1367399.0195397013  101409.57369700383    0
12987    1367018.2279807271  102080.78486020752    0
12988    1364266.2027317183  103672.40923035998    0
12989    1364809.4096535174  103564.17462701529    0
12990    1364451.4991760892  104180.90081840006    0
12991    1366807.2029290199  111774.75962447723    0
12992    1366440.4477019366  111882.59475344399    0
12993    1367059.802262591  111493.53422753123    0
12994    1374985.2720662977  118486.96122509715    0
12995    1374583.6809237753  118388.22236727053    0
12996    1363353.610196887  106025.88038624021    0
12997    1363961.5617089551  105662.15040747223    0
12998    1374165.8636287272  115768.02603130083    0
12999    1364041.2072098774  101295.50802316706    0
13000    1364486.3161911755  101187.69501561338    0
13001    1364798.6993527657  112891.7148743088    0
13002    1364099.1579590912  104539.79587224864    0
13003    1372897.1120322505  116115.87457361814    0
13004    1372732.5758711759  116247.51203410524    0
13005    1372460.2584910227  116312.0515718055    0
13006    1364361.0905645296  112713.68786051089    0
13007    1365059.3317811147  106266.43890389235    0
13008    1361899.1528688944  108861.31870535613    0
13009    1367056.3423162249  113177.66644290859    0
13010    1366840.2909730163  113770.72658522274    0
13011    1365847.9427906317  106872.0500244967    0
13012    1365318.1586205906  107016.46009089999    0
13013    1364265.5381407815  111776.05383103443    0
13014    1364569.8686116403  111526.22805548944    0
13015    1364215.8780825404  112034.30143110112    0
13016    1364452.9352787402  111694.05941899824    0
13017    1364808.9206536559  111817.43427849706    0
13018    1364581.978822853  112273.71202057663    0
13019    1373613.8001675443  115563.44303387737    0
13020    1373673.1008528026  115920.90256776026    0
13021    1373368.6908009395  115272.50851593513    0
13022    1367976.8767910167  109557.35405774388    0
13023    1369029.905955079  106511.0620846909    0
13024    1366760.6199133541  98915.804465136942    0
13025    1367100.958137715  98900.708587522735    0
13026    1368675.9588843877  108133.33347967082    0
13027    1375408.4461891528  118139.39886207889    0
13028    1368814.1792356996  116874.96838227419    0
13029    1371255.4358196179  117874.95607163859    0
13030    1371568.4568428486  117640.2944816713    0
13031    1365092.4378396473  112767.04727755603    0
13032    1368163.7621548695  98871.951864144357    0
13033    1376034.4655089732  111370.69868766569    0
13034    1376025.5160886983  111691.05034475113    0
13035    1375529.520995585  111095.86124874836    0
13036    1364582.7019081772  102488.56340440923    0
13037    1364656.7629869552  102867.55593670704    0
13038    1364458.2781411435  102921.6527678269    0
13039    1366590.1238507098  115834.24946212202    0
13040    1370016.3082347645  99737.375609447918    0
13041    1370000.5440348436  100395.01421491214    0
13042    1368855.6031548448  111784.27413798848    0
13043    1373866.5298001964  114669.18818010329    0
13044    1375440.6121338937  110142.03039874262    0
13045    1375382.4517585421  110529.66839824984    0
13046    1375304.7436024239  109916.12217010088    0
13047    1375356.8649520476  110327.64727975574    0
13048    1375011.5306430445  110474.01618837722    0
13049    1367209.088962754  103654.7508762097    0
13050    1367139.1413196677  103447.80214692386    0
13051    1367434.685324687  103730.51280488541    0
13052    1367744.742997193  102696.76517884903    0
13053    1364150.6603173479  111150.8093732429    0
13054    1365185.3164187332  98822.305294815204    0
13055    1365454.4917466217  98795.52910572449    0
13056    1373214.5154597776  115922.75707893423    0
13057    1369065.0986023517  117286.06328439235    0
13058    1364651.3491287169  100429.38398484846    0
13059    1364533.8452915244  100681.96567288638    0
13060    1364599.8064551374  100222.33177230024    0
13061    1364263.1705967982  100030.93828050868    0
13062    1364551.790996999  99915.038878506093    0
13063    1366891.2523724951  100635.18519179313    0
13064    1375959.599343918  115737.57346338764    0
13065    1375848.2338108576  115998.93599151724    0
13066    1375734.8685158673  115438.60591180499    0
13067    1375503.9104354826  114765.13797209624    0
13068    1375748.1478418843  114521.0823201818    0
13069    1366697.9934643111  100100.01693664654    0
13070    1361382.2058554739  107493.32638264261    0
13071    1361273.5958428257  107963.87028904988    0
13072    1361883.1598339935  107591.62020699724    0
13073    1369020.0976767614  101860.46620199221    0
13074    1369197.9782075204  101378.75216713011    0
13075    1367173.8588177911  101366.77528372422    0
13076    1364451.4979812684  103499.62528161501    0
13077    1364195.6000099063  103902.35038361144    0
13078    1364932.723861034  103410.02917231635    0
13079    1365113.7932564062  103681.27970362379    0
13080    1364669.1415099837  103325.56452643588    0
13081    1364227.4101796623  104190.53543392562    0
13082    1366467.0281602365  112231.29562145378    0
13083    1365573.2713689103  112217.45287895933    0
13084    1375188.1199372865  118372.78523140287    0
13085    1374799.899845338  118374.86187398857    0
13086    1374684.6905613656  118574.44168704248    0
13087    1374414.2214449199  118666.21711139694    0
13088    1363483.2494859837  105813.32986227855    0
13089    1363447.4778870684  106265.50372610563    0
13090    1363788.1707922299  105507.52023281028    0
13091    1364153.499516686  105273.74104488143    0
13092    1373943.0211030741  115774.18282249413    0
13093    1364003.2144245594  101075.24298599182    0
13094    1364282.9449266624  101425.70017795505    0
13095    1364356.2832139945  104439.8246666885    0
13096    1364033.2475762293  104771.27572055864    0
13097    1364513.1589992698  112516.46236603078    0
13098    1365239.9643981801  106198.19386507373    0
13099    1365263.5173182539  106442.74627016771    0
13100    1365089.8942011711  106074.15834923029    0
13101    1364817.1872488565  106129.38157344107    0
13102    1361914.774947644  109105.32152267743    0
13103    1367283.9795951771  113319.35947613872    0
13104    1366808.92973895  113273.65105227883    0
13105    1366647.753657568  113857.49059505    0
13106    1366575.0092433263  113640.4070159798    0
13107    1366823.2209646243  113989.85767503812    0
13108    1366087.2216083671  106909.51687073999    0
13109    1365450.2256090296  106822.55343980354    0
13110    1365620.1019155004  107080.18148560643    0
13111    1364355.8552702148  111415.92351319481    0
13112    1364385.036720413  112346.61063423798    0
13113    1364416.0279556024  112127.85858975801    0
13114    1373486.5504177778  116058.649456204    0
13115    1373577.3119963738  115247.89426299969    0
13116    1373429.3671184476  114890.37356154143    0
13117    1373613.6111758933  115023.50264932943    0
13118    1368213.1152773397  109782.24125945705    0
13119    1367634.5650545983  109473.81463061104    0
13120    1367337.8982161349  99203.244132569991    0
13121    1368566.0708148396  108319.15478054425    0
13122    1375422.1678663499  118366.83618186029    0
13123    1371150.273697224  118097.49728099215    0
13124    1371314.841998809  117628.0953544389    0
13125    1371781.6441710463  117518.75858024701    0
13126    1364844.2803562917  112590.7284099112    0
13127    1367923.9678229762  98979.544444568397    0
13128    1375795.2156853369  110904.34952741001    0
13129    1375727.2149636815  111203.46456444034    0
13130    1366415.786975587  115744.51416391387    0
13131    1366389.7914560172  116009.23566157826    0
13132    1370206.1989418594  99901.571977812637    0
13133    1369582.3086643077  99759.596998497509    0
13134    1370219.1387997142  100414.80630287493    0
13135    1368814.7843139807  111561.2716239266    0
13136    1374057.6225740958  114356.68892498655    0
13137    1367785.4053705714  103467.59118549871    0
13138    1367713.8085424106  103782.77974912054    0
13139    1367521.0973100008  102667.40989682837    0
13140    1363983.3383363951  110996.69108898146    0
13141    1373081.9793677654  116062.32103427568    0
13142    1372900.8390219577  115757.58912772255    0
13143    1367251.8496313656  100853.60320964541    0
13144    1375904.8872994713  115544.7522437274    0
13145    1375367.0634925053  115598.63267696206    0
13146    1375493.5602961106  115240.08280339939    0
13147    1375501.0659934522  114518.05393765686    0
13148    1375928.7223724541  114305.8740795226    0
13149    1366797.096586142  100366.7077781891    0
13150    1366508.5701298823  100220.84624354351    0
13151    1361660.5137228668  108211.36418461367    0
13152    1362197.0811270371  107664.7458692252    0
13153    1361750.8279468152  107857.32959182613    0
13154    1367232.541498028  101671.7280095216    0
13155    1364616.967297151  103606.67969038685    0
13156    1364781.3378331389  103893.97446955084    0
13157    1365411.5581561073  104232.90164535907    0
13158    1365522.3753420196  112429.12297080498    0
13159    1374668.1059156789  117998.2456202355    0
13160    1363753.7145678364  105836.79766378626    0
13161    1364003.0971043587  105441.04666223162    0
13162    1363935.7181400238  105218.43431458803    0
13163    1364207.536205072  100875.1300068428    0
13164    1364227.8429823811  104990.32663839031    0
13165    1361557.1342796113  109054.69922828805    0
13166    1362339.5135911994  108955.6264780005    0
13167    1367220.214940157  113910.55254596757    0
13168    1367058.7764697343  114163.87086068743    0
13169    1366357.5005531358  106859.95980622935    0
13170    1365128.1211321335  106745.1005584604    0
13171    1364370.8790778501  111192.32907401236    0
13172    1364643.4972889908  112036.38130147998    0
13173    1373477.0150370086  115850.53975008706    0
13174    1373625.8679362473  114736.13973767411    0
13175    1367825.1080958608  109436.14332931883    0
13176    1367171.2189674005  99089.732895013221    0
13177    1367053.3344815166  99441.964840592555    0
13178    1368291.6049450194  108031.44289722538    0
13179    1368824.815080869  108346.76429588434    0
13180    1375616.666516646  118240.96916430406    0
13181    1371817.7030071064  117112.46888848058    0
13182    1364704.3048214428  112439.52188888122    0
13183    1364837.4220670785  112213.28697557613    0
13184    1375437.6169850514  111500.11977490499    0
13185    1369796.1746583516  99687.281127962444    0
13186    1370088.5206209677  100640.38892416927    0
13187    1370131.2490482044  100168.4725441162    0
13188    1369230.5156729426  111600.41233665233    0
13189    1368579.4688735153  111719.581287786    0
13190    1367572.9665920569  103549.5913883162    0
13191    1367684.9589704834  102285.62543077857    0
13192    1367590.6047592277  103004.47093193517    0
13193    1364125.4694675407  110742.50407062226    0
13194    1372811.2024841406  115935.81880987719    0
13195    1372519.9305044725  115711.7965992617    0
13196    1367335.7288589813  101128.86347544513    0
13197    1367040.748406406  100795.24775035483    0
13198    1375577.6647166556  115579.98353275856    0
13199    1375500.3089186167  115904.88355328026    0
13200    1375262.7618756886  114997.46798309415    0
13201    1375141.2952106011  114239.28983230064    0
13202    1366455.473843185  99928.714002664754    0
13203    1361304.1826389949  108342.24228313116    0
13204    1361501.9578299241  108033.05179815061    0
13205    1365650.5996658141  104209.44437533527    0
13206    1365294.9233868911  112355.49213066416    0
13207    1365883.855016737  112404.0866637078    0
13208    1374797.0103195405  118164.50478373075    0
13209    1375027.289749169  117852.86325433094    0
13210    1374972.5486992088  118053.31404674151    0
13211    1375207.5910304112  118009.80168510717    0
13212    1364347.28113536  105599.20083153454    0
13213    1363999.7029060011  104999.26817826935    0
13214    1361748.2018986  108993.48472049438    0
13215    1361544.1516538137  108685.38179506139    0
13216    1362148.2551464387  109090.37314588379    0
13217    1367010.5338759222  113894.21868147967    0
13218    1367053.3258546623  113656.13459766498    0
13219    1366288.3146131346  107244.44187040973    0
13220    1364698.7019737898  110941.51701155194    0
13221    1373266.6664464599  114448.61296116814    0
13222    1368469.4127045549  108136.59204511205    0
13223    1368566.9092568727  107768.81336469977    0
13224    1375662.2770299986  117883.25484457481    0
13225    1375797.8071016339  118123.08155612083    0
13226    1371735.5965812665  117309.92680120585    0
13227    1371463.6470602888  117081.04587775431    0
13228    1375540.5799090641  111310.95135677597    0
13229    1369611.8382178585  99494.52714862689    0
13230    1369017.1301395849  111639.47086550113    0
13231    1367506.9370916651  103278.53799052803    0
13232    1367656.8696346425  102499.62640043334    0
13233    1367094.9244862094  101010.27316094666    0
13234    1375393.834795865  114284.90494837402    0
13235    1361223.1007849681  108158.3744864956    0
13236    1360999.270007767  108366.89077891484    0
13237    1361463.8909805072  108226.55132536626    0
13238    1361579.4892521945  108442.76537223933    0
13239    1365649.5982382114  104486.46917564773    0
13240    1365505.3142996763  103958.61851989749    0
13241    1365056.2416235711  112316.33982184385    0
13242    1364199.7818433424  105466.60367378592    0
13243    1364486.7123652925  105295.76271809592    0
13244    1362415.9188206515  109267.18426725802    0
13245    1366133.1680721985  107109.76189150865    0
13246    1366004.2044377262  107415.02504250557    0
13247    1364499.4195313  111020.69152687295    0
13248    1364445.7878133084  110702.35269042253    0
13249    1364705.7401949323  111249.61667823998    0
13250    1373486.8159111259  114541.71963936399    0
13251    1375421.5899468896  117898.58263589231    0
13252    1375153.7550269268  111223.01070557788    0
13253    1369193.0629029768  111998.21528582009    0
13254    1368050.2789860826  102442.42055914777    0
13255    1361993.5651692732  108457.86704390372    0
13256    1365072.7750210359  111997.38915134118    0
13257    1373294.7108615092  114689.12586134509    0
13258    1373541.7936342296  114104.90203125509    0
13259    1375514.7615428609  117464.2469393615    0
13260    1375359.569376664  111212.42870760795    0
13261    1375238.6098675923  110866.61120744022    0
13262    1369054.5042698525  111843.65415033068    0
13263    1368849.7893314166  112166.56095093266    0
13264    1367861.6418150861  102526.50438400806    0
13265    1368105.017826159  102818.86413709633    0
13266    1361781.2129672309  108596.02857031343    0
13267    1373016.8021283781  115020.75013278909    0
13268    1373575.907364958  114331.06411768182    0
13269    1375529.4283233644  117694.55439494166    0
13270    1361792.5614017637  108381.19910038367    0
13271    1361975.0463195471  108103.06457385735    0
13272    1373204.0846352587  114895.43808528761    0
13273    1372871.3505197358  114616.59927740479    0
13274    1373825.6022231036  114177.74690309717    0
13275    1375247.586188206  117676.1006799703    0
13276    1375790.5057838275  117562.30732980274    0
13277    1373320.6846396374  115069.00133704643    0
13278    1373141.1316120543  115218.7726299412    0
13279    1373093.6842173673  114590.67460354647    0
13280    1373002.9738805066  114797.47780741239    0
13281    1373196.9980121129  115490.88970758994    0
13282    1372730.1296517232  115338.78069425147    0
13283    1372938.3951712791  114225.23868864782    0
13284    1372626.8682888376  114932.83608415187    0
13285    1372918.5995531268  115220.44885889433    0
13286    1373069.7190637537  114385.14603079192    0
13287    1373230.8880666436  114118.90746014188    0
13288    1372795.1951045364  114810.34647087843    0
13289    1372500.902936836  114582.82960958914    0
13290    1372945.0127787131  115471.77396873725    0
13291    1372726.4213372984  115123.61823121495    0
13292    1372346.8518036422  115237.7732812091    0
13293    1372515.9936690256  115112.05738694929    0
13294    1372208.563136603  114875.07346731279    0
13295    1372414.7392192923  114925.50993726538    0
13296    1372727.542462585  115583.05566288761    0
13297    1372506.6227876234  115458.56465147466    0
13298    1372702.9614821745  115775.18702487861    0
13299    1372066.7795899005  115608.6447121434    0
13300    1372307.9807613615  115595.96923054833    0
13301    1372232.2967773092  115986.2961278407    0
13302    1372176.7761767847  115400.5239523168    0
13303    1372196.5534374197  115776.86455899623    0
13304    1371843.1607109371  115944.94342465579    0
13305    1371991.3624054785  115800.99277917846    0
13306    1371688.0909372061  115571.1248827482    0
13307    1372081.8599164339  115131.09530985296    0
13308    1371897.6245142459  115386.11414424996    0
13309    1365947.4401515962  115418.2329381984    0
13310    1369137.9337418766  102336.33688495497    0
13311    1368742.2472443825  102552.39512281022    0
13312    1368802.3312794915  102192.07541185035    0
13313    1368970.5602985776  102500.16804465072    0
13314    1368995.7803258898  102204.54039182467    0
13315    1368910.1846693836  102025.59453577698    0
13316    1368561.1333076402  101917.64066666202    0
13317    1368782.1676901998  101821.23924248009    0
13318    1369017.6332996588  102727.24884478119    0
13319    1368500.7573677597  101477.60697025334    0
13320    1368788.1167624092  102996.7898426786    0
13321    1368593.0014816974  101689.10924775597    0
13322    1368171.9442330892  101746.88147596415    0
13323    1368759.4342163561  101490.65495399181    0
13324    1368374.3254774495  101658.61538831702    0
13325    1368116.6634315192  101343.98231607616    0
13326    1368289.8658637574  101464.96183265596    0
13327    1368417.72795635  101097.4319427399    0
13328    1372142.0534911256  116946.61395378798    0
13329    1369041.3343810008  99374.825831381095    0
13330    1368863.6549552705  109202.504146074    0
13331    1360364.4639304457  108544.09859937144    0
13332    1360445.4857922203  108125.60897040137    0
13333    1360634.4440900665  108228.62031234259    0
13334    1360848.261576565  108214.89486031228    0
13335    1360769.0551276312  108444.59835958079    0
13336    1362398.9440173199  109775.82370524538    0
13337    1362719.6127707744  109591.69912561124    0
13338    1362619.3946359504  109788.45900871992    0
13339    1362898.1573265817  109806.54203348642    0
13340    1369674.9135678224  117653.74833411704    0
13341    1370029.7971397969  117575.39788196892    0
13342    1363978.5919987166  100646.7459239497    0
13343    1364229.8752313715  100537.98289439896    0
13344    1365610.3601270292  100161.01341942354    0
13345    1365658.6564001751  99937.990364117548    0
13346    1365536.0456957815  99585.490250968724    0
13347    1365653.9420652143  99742.056159292319    0
13348    1365477.9051977459  99844.315566034886    0
13349    1365838.8024524893  99480.181861509423    0
13350    1368057.5710995586  104528.59820516242    0
13351    1368390.2633161792  104330.42583592863    0
13352    1368272.7689517755  104511.52443745772    0
13353    1368573.7587695646  104578.13893729387    0
13354    1362580.7969489635  107058.28548562163    0
13355    1362701.397988108  107438.00762319648    0
13356    1362502.5047787155  107266.39495062894    0
13357    1362483.1324335278  107489.90838001661    0
13358    1362684.2709349848  107850.88261774331    0
13359    1362634.6083976708  107642.02976254722    0
13360    1363029.6781631042  107658.41821171281    0
13361    1362423.5885638543  107802.53856529949    0
13362    1362829.8320847459  107705.93905271008    0
13363    1363013.9964656096  108036.45059832167    0
13364    1362927.029957585  106865.49195806716    0
13365    1363338.2076468179  106938.58846740246    0
13366    1363093.761629022  107120.61703430118    0
13367    1363142.9273025414  106844.05351285286    0
13368    1363261.2587228904  106639.32362324213    0
13369    1365518.450103261  106413.8900954276    0
13370    1367859.9797851124  104215.16382265936    0
13371    1368057.6517214307  104106.86777213396    0
13372    1368197.5398978973  104257.95116581721    0
13373    1368395.4249878319  103934.42632254866    0
13374    1368052.5286155264  103767.85788473522    0
13375    1363185.1635631199  110242.60617793605    0
13376    1360707.6026681089  108810.49173566703    0
13377    1362189.3618574096  109457.49443938589    0
13378    1366943.897158938  116965.37556665577    0
13379    1366839.539234831  116696.59739187801    0
13380    1368571.5010123684  110600.74446861123    0
13381    1368575.1054384108  110286.40841241465    0
13382    1364729.2691154554  100775.08578424237    0
13383    1366055.2986724777  116679.1334394866    0
13384    1370404.8562005907  116751.67137643117    0
13385    1370595.154751637  116602.49035243595    0
13386    1370518.6161638713  116163.74297638744    0
13387    1371002.942949485  116781.56073274094    0
13388    1370495.0107182313  116393.91058692835    0
13389    1370773.7952906711  116749.53423642862    0
13390    1370254.6747244857  116252.96803136013    0
13391    1370914.8371190291  116320.67272482831    0
13392    1370832.1262025344  117167.96218378666    0
13393    1370917.2255392061  116559.08153774899    0
13394    1370715.2523533697  116416.49804801255    0
13395    1370742.44589629  116967.18427758903    0
13396    1371338.6643854438  116435.64312119986    0
13397    1370619.0966192405  117142.69743080789    0
13398    1370683.540666837  117510.06563556664    0
13399    1371110.5369496779  116437.92854078572    0
13400    1371220.5492491056  116032.37882007558    0
13401    1371226.8670479276  116663.0127981312    0
13402    1371222.7361099997  116250.66826295127    0
13403    1371621.1958803388  116715.73357602666    0
13404    1371229.0322827043  116937.8607377796    0
13405    1371552.8559782184  116138.20539015938    0
13406    1371432.8863975324  116623.14207881848    0
13407    1371619.4207149833  116411.98110730316    0
13408    1371438.2578333057  116850.00233787    0
13409    1371647.9037809509  116943.88125153515    0
13410    1371895.7861514473  116799.22602093205    0
13411    1371136.4811329823  118536.27184986668    0
13412    1370892.879193275  118522.10383764243    0
13413    1370580.0492196188  100224.58784473914    0
13414    1376477.8366066844  112785.3451476225    0
13415    1376083.6663345189  113196.68688348272    0
13416    1364802.373577643  102154.88385051356    0
13417    1372873.6386238611  108670.91225342441    0
13418    1367107.9346974005  110698.52717004223    0
13419    1369728.8863301317  116245.28883193189    0
13420    1369727.9411498245  115878.17028128791    0
13421    1375487.1111893374  118737.56709337892    0
13422    1375792.2523045945  118591.5052778447    0
13423    1365998.8808711329  104912.16008606095    0
13424    1372669.8264236748  109166.62219743359    0
13425    1370007.6627486737  107476.03754328341    0
13426    1366165.8445391832  112961.9488915348    0
13427    1366897.7210668309  106257.56502469639    0
13428    1366988.6561088837  106444.80804651031    0
13429    1367299.8178568515  106481.55056138638    0
13430    1372019.0701398572  108671.55331857724    0
13431    1371347.3421126956  109014.18245626084    0
13432    1368617.679144721  98879.371002998028    0
13433    1364925.8588608343  102576.13046702632    0
13434    1366969.5725730828  115078.32450793211    0
13435    1367516.318334369  116619.06927660086    0
13436    1368382.8951900518  106233.70417036051    0
13437    1370340.5093974704  108532.52582958018    0
13438    1370876.90359992  108699.9378483113    0
13439    1371112.5868885536  108856.36547484671    0
13440    1370791.9173859693  109083.74433546749    0
13441    1370769.3441723925  108877.43346610795    0
13442    1370476.389470625  109013.87703562152    0
13443    1376253.5902725877  114210.04603613388    0
13444    1376042.3290009741  113657.96689338685    0
13445    1374077.3812123626  118044.63474124378    0
13446    1374366.4575578156  117941.39341395668    0
13447    1374266.7962593921  118118.66959908299    0
13448    1374487.7970945442  118126.2601283737    0
13449    1374327.3417867345  118368.53289679824    0
13450    1370263.8370762335  117996.32741758951    0
13451    1373605.0047260239  108575.83244473171    0
13452    1366890.166308359  114354.18635447892    0
13453    1369163.507845456  104832.34406338092    0
13454    1369148.6516616822  104627.02894096349    0
13455    1369625.5620915634  99153.570320643863    0
13456    1369487.4724496286  99318.766680418164    0
13457    1369294.6011051391  99587.119892342409    0
13458    1369254.3841241875  99267.059279585519    0
13459    1369048.2963324604  99124.111032046581    0
13460    1368810.7619455706  99242.969140520188    0
13461    1365384.426649116  105225.78580852163    0
13462    1368094.3935213024  112564.09881076557    0
13463    1368523.3479372656  112557.81072338387    0
13464    1368312.1683237406  112785.90674663644    0
13465    1368307.9839461599  112500.46108847097    0
13466    1368483.8204909984  112179.25127243753    0
13467    1367753.3729364306  106155.41579570239    0
13468    1369347.5882541661  107026.63646322483    0
13469    1368801.0066661634  108740.19962337983    0
13470    1369037.6847198352  108804.23897591326    0
13471    1369362.1063163343  108490.06953345094    0
13472    1369155.5894926141  108601.40241005622    0
13473    1369125.4839874718  108298.35268859402    0
13474    1369456.2103816951  108911.83332915578    0
13475    1369262.1211402712  108799.01319826778    0
13476    1369197.4443980749  109133.63936222052    0
13477    1369022.653479639  109014.971183974    0
13478    1376041.3666628958  118391.68514931336    0
13479    1368910.663090436  103833.72077429896    0
13480    1368652.5308049046  103881.44769676941    0
13481    1369056.4937195904  104139.57335348085    0
13482    1369124.6973620176  116622.49854180428    0
13483    1368931.4576861721  116358.03168122473    0
13484    1363674.8083207691  99874.616467892891    0
13485    1363875.9329956467  100255.32802637898    0
13486    1364063.1270735073  100132.04577419383    0
13487    1364251.9179232605  100257.12372879249    0
13488    1366272.5975772268  98857.554705816321    0
13489    1366120.1601014452  99033.615324174069    0
13490    1366246.701229752  99326.362538551271    0
13491    1366757.2972918802  112657.43163591801    0
13492    1366452.1170504284  112799.3523023708    0
13493    1366203.754982814  112550.29549409363    0
13494    1367091.9783307842  102337.32810601866    0
13495    1364020.3132072287  112020.29261833828    0
13496    1369260.583689749  106548.6181725113    0
13497    1366642.4415044722  99288.762801868332    0
13498    1366554.4602914981  98962.173624407107    0
13499    1366925.2041213277  98782.344245538843    0
13500    1376163.4961582895  111834.79640791584    0
13501    1375956.8207833765  111895.08583277104    0
13502    1375574.1361335632  111998.98761610665    0
13503    1375699.3400637682  111694.8144009877    0
13504    1375780.1313000156  112001.00516805635    0
13505    1375673.5571537574  112365.16899505546    0
13506    1375596.8153569165  110453.78885888825    0
13507    1375698.9527499354  110677.77581092333    0
13508    1375894.2418543957  110649.96042895882    0
13509    1374963.2627730917  109951.93654387171    0
13510    1375277.5159945025  109731.79933854099    0
13511    1375125.0324981594  109848.49614221192    0
13512    1375279.0356507262  109532.98539054471    0
13513    1374951.4382575585  109755.22879117161    0
13514    1374887.8268845086  109489.74904433696    0
13515    1374608.6419348484  109874.54427157537    0
13516    1364741.1012637424  99934.293155007719    0
13517    1364680.578651  99589.071138163505    0
13518    1364801.6500040505  99745.761779343316    0
13519    1365018.8836086532  99452.790349313917    0
13520    1365028.185771805  99686.711081162386    0
13521    1365244.0245341805  99560.982648869933    0
13522    1365247.6542872877  99265.081636315343    0
13523    1376007.9420600496  116119.08571312939    0
13524    1369369.443201036  100901.97606493258    0
13525    1364764.5294736631  103165.79792813296    0
13526    1364510.3964607136  103215.70143973928    0
13527    1366651.7976987623  112125.41070636094    0
13528    1374226.7108633572  118877.66848514475    0
13529    1364351.4248808103  101622.93600944791    0
13530    1364538.2536906002  101447.56337690687    0
13531    1364794.5695712103  105936.38699049201    0
13532    1364760.6555314928  105744.56106500463    0
13533    1364559.1950329128  105657.01729751477    0
13534    1363906.0044502092  106385.68563164223    0
13535    1367757.4991248157  113459.67658753133    0
13536    1366808.6068038221  113523.19850663915    0
13537    1366637.8850205031  113118.57594469932    0
13538    1368285.4182419558  109613.12830163074    0
13539    1368411.4282789072  109767.01571023621    0
13540    1368777.7735277135  109767.10985691039    0
13541    1368335.4440037066  110076.44706240462    0
13542    1367243.9112558903  109100.97903257589    0
13543    1370925.3766003591  118007.87672497111    0
13544    1370801.2676537754  117789.57568126476    0
13545    1370937.6031608903  117567.60468605325    0
13546    1364914.104898494  112755.24714539631    0
13547    1367822.4762034693  99452.881884231407    0
13548    1375976.3282760733  110882.68849760499    0
13549    1366207.3793402645  115968.46066362939    0
13550    1375635.5537804973  115133.17858139446    0
13551    1375466.0023969584  115055.72737852696    0
13552    1375775.0667863847  114037.16133753983    0
13553    1367058.8214820775  100117.69108633877    0
13554    1362176.1022203439  107487.45774411935    0
13555    1361996.8270176284  107814.03762644171    0
13556    1367175.6346176655  101902.58340663332    0
13557    1367589.660645277  101882.20106278193    0
13558    1367272.3245558343  102146.61026962944    0
13559    1367379.5967311757  101830.41937529361    0
13560    1367444.7565572013  101622.55558364405    0
13561    1367763.860013963  101442.62751373141    0
13562    1364862.8917496661  104479.15437645308    0
13563    1363632.4385567959  105664.21554737401    0
13564    1364422.8645558679  100866.68412846469    0
13565    1361453.0062010319  109232.55652703946    0
13566    1361343.3141982695  109048.92641769705    0
13567    1367576.0970488715  114316.67228674254    0
13568    1364734.8113276318  106557.35008769462    0
13569    1365021.9858337836  106516.07970867257    0
13570    1373725.1593744233  114884.31761735363    0
13571    1368217.919435458  108250.67296041601    0
13572    1367832.9948674194  108176.46353119482    0
13573    1368052.5400856875  108073.08897145442    0
13574    1368013.0148849436  108273.96656126689    0
13575    1367759.5128997019  107735.58314448519    0
13576    1368114.735975147  107723.13162401762    0
13577    1367858.4294328119  107945.66047788836    0
13578    1368147.1854192896  107909.4042065586    0
13579    1368337.3532458283  107780.31349093741    0
13580    1367436.5620074118  108015.97353664238    0
13581    1368327.4122859803  107357.08354918566    0
13582    1367637.5797583696  107921.32277781854    0
13583    1368441.6893632691  107566.13109184266    0
13584    1367369.2811984608  107612.29913882703    0
13585    1368230.7093163268  107545.70569215987    0
13586    1367928.1939483602  107474.58401750274    0
13587    1368113.2494185346  107366.38629212356    0
13588    1367828.9169644676  107092.43285678116    0
13589    1368204.0787159756  106987.58676548603    0
13590    1367932.4486642571  107269.50781205721    0
13591    1368212.8703968141  107189.98422939435    0
13592    1367604.8421250887  107365.29319842538    0
13593    1368562.0682425241  107073.426200071    0
13594    1367547.0108123678  107728.97391492383    0
13595    1368863.5990666167  107445.49190087391    0
13596    1368600.0997409953  107343.77622878004    0
13597    1368669.6574643091  107565.31168809028    0
13598    1368977.0222353265  107845.94774752663    0
13599    1368782.7397364364  107750.09672100771    0
13600    1368799.3642683064  107961.22329388047    0
13601    1369006.9929068962  108086.67470025392    0
13602    1369418.7500498178  107913.18149109861    0
13603    1369188.4044439963  107941.85967782175    0
13604    1369235.8785277396  107556.33991172006    0
13605    1369331.387534942  108150.89515508265    0
13606    1369282.4415334489  107757.75675775821    0
13607    1369616.2165344786  107574.50497078549    0
13608    1369757.3321429652  108172.52451598457    0
13609    1369547.7224387305  108095.49053065361    0
13610    1369700.5647662552  107850.58950040588    0
13611    1369573.6492934232  108348.63478997003    0
13612    1369926.5595330968  108532.87418050636    0
13613    1369624.0889204647  108652.99605734827    0
13614    1369781.1751958411  108381.23845397228    0
13615    1369961.8377853511  108254.881069942    0
13616    1369955.218150805  107976.22896326972    0
13617    1370116.6718503721  100865.95091942322    0
13618    1369765.6556312088  100889.25292448685    0
13619    1368510.1515499756  111528.38789032096    0
13620    1363897.248613761  110448.95950201085    0
13621    1375613.4418447739  116176.93428611655    0
13622    1366269.0092902612  99831.49639478579    0
13623    1366500.8011183222  99614.346295518902    0
13624    1365775.6494448851  112569.49485938049    0
13625    1365991.1590119603  112592.37871614342    0
13626    1366133.0924627918  112751.36030665915    0
13627    1367373.5094171346  113628.05123192284    0
13628    1366455.3960079104  107076.04157644833    0
13629    1366831.253420305  107298.85652434826    0
13630    1366674.7473906083  107134.4434240191    0
13631    1366947.5943850079  106959.94960558569    0
13632    1366545.5001337393  107414.17099667188    0
13633    1367759.6683429659  103205.88759107371    0
13634    1375234.0776972983  114447.49361598212    0
13635    1374918.6943185632  114666.00679087362    0
13636    1375110.3738913839  114605.80543098939    0
13637    1375150.8752448834  114815.52399146454    0
13638    1374942.6707031855  114407.09489831702    0
13639    1365829.3756191693  104569.85864051715    0
13640    1365693.6495397314  103948.24257927093    0
13641    1365181.2869605646  104001.02422728228    0
13642    1365526.8542715332  103769.03115625381    0
13643    1365325.2830729098  103842.14695473616    0
13644    1364327.8212735744  105168.01016420042    0
13645    1364592.8160023235  104901.93447166147    0
13646    1364518.7785490586  105093.19472877725    0
13647    1364893.876533465  105128.43615516099    0
13648    1364695.5989379345  105225.00711627273    0
13649    1364295.7746929964  110803.37122133374    0
13650    1364270.8400835905  110604.44872358932    0
13651    1364076.3424080187  110545.20944263182    0
13652    1364531.8706732295  110343.26664441724    0
13653    1364250.319788846  110322.90969735228    0
13654    1368665.8424755028  111972.57586963657    0
13655    1373862.7481045118  114369.47517592955    0
13656    1374258.8272393174  113855.90983835273    0
13657    1374824.0866872021  117373.95715312472    0
13658    1375826.4676840291  117024.4586639207    0
13659    1375922.6732492675  117781.97818123944    0
13660    1373217.0837265875  115706.36394673072    0
13661    1372263.7464187008  115061.746385516    0
13662    1371691.3554275199  114778.47453238495    0
13663    1368979.5993526862  103051.32676023926    0
13664    1367781.7497613765  100842.53861144367    0
13665    1368642.0267191676  101247.59981007371    0
13666    1372066.03469111  117175.93996892408    0
13667    1371928.3790596949  117310.91025569657    0
13668    1362774.4538783771  109988.20333181253    0
13669    1370331.1464064531  117494.03683591806    0
13670    1370047.9445317688  117764.18802489265    0
13671    1364410.7241666641  100549.03808629344    0
13672    1364310.0035382234  100711.94263833808    0
13673    1362704.3416840397  107233.53443557907    0
13674    1362912.8989048146  107224.83094896178    0
13675    1363133.1522438959  107398.02937906116    0
13676    1362468.2290809366  108288.82852202716    0
13677    1363189.7422564002  109382.61033654727    0
13678    1367886.609330287  103853.42243106774    0
13679    1367868.0735472341  103652.0958096227    0
13680    1368143.6315022768  103417.85850640388    0
13681    1363354.3853976077  109818.74656197758    0
13682    1366585.1131227298  116750.22690653359    0
13683    1366684.2698080665  116307.37361811247    0
13684    1367107.0691503657  116407.41287032764    0
13685    1370082.5102025054  116307.09068781632    0
13686    1370106.9810238134  116084.04296948944    0
13687    1369906.6799948881  116000.95609528496    0
13688    1370329.2935417606  116038.69975325225    0
13689    1370145.9052626779  115707.2261639317    0
13690    1370185.5792641463  115901.74318092711    0
13691    1370475.6090582525  115741.28374603549    0
13692    1369929.9361309358  115775.61458860832    0
13693    1369647.1356889296  115468.81105706707    0
13694    1369745.2686686108  115662.09500707706    0
13695    1369353.5630559509  115739.41573345468    0
13696    1369974.9585223596  115423.92451612405    0
13697    1369538.5116379699  115645.51473732744    0
13698    1369279.5767849572  115364.60242057215    0
13699    1371008.6153852984  117015.0256123197    0
13700    1371209.1032232903  117234.32090770152    0
13701    1371816.2247830182  116219.15094956364    0
13702    1371954.6783174798  116980.25973989507    0
13703    1371817.7150183427  116562.70367343967    0
13704    1372064.5943624845  116612.35991662774    0
13705    1371980.8418390162  116390.21648101123    0
13706    1372249.2325241189  116444.82243110519    0
13707    1372053.7144621699  116155.35226298987    0
13708    1372268.6207694674  116203.51765983856    0
13709    1372434.6279884675  116064.10994170138    0
13710    1370771.1377216761  118386.66085032505    0
13711    1371017.8953234707  118382.39358217844    0
13712    1376309.4355024074  113211.05401234826    0
13713    1376227.7977494828  113465.53879770555    0
13714    1376208.1267313669  113021.96481657118    0
13715    1375836.1625082572  112888.69190085781    0
13716    1376061.5045451492  112845.474950231    0
13717    1375979.4943134354  113026.95505079172    0
13718    1375730.6926079264  113296.48922295739    0
13719    1375778.945356447  113091.43131603932    0
13720    1375391.3078818086  113108.42145768362    0
13721    1375577.46511799  112925.1259046073    0
13722    1375907.54868854  112651.81581898005    0
13723    1375892.0227878739  112425.66194155472    0
13724    1373060.8929207169  108738.99039796577    0
13725    1372893.7670156597  108907.1154429036    0
13726    1372988.2748633828  109215.04852812779    0
13727    1367333.8180053341  110848.80358766903    0
13728    1372562.3789459341  108917.79248920851    0
13729    1369783.6391393752  107377.73349158149    0
13730    1367317.1789955196  106245.00228363487    0
13731    1367572.7503778271  106382.67083459167    0
13732    1371747.472228593  108968.86225676649    0
13733    1368395.0868698668  106040.2753042273    0
13734    1368606.8795977384  106118.90284887787    0
13735    1368216.8071034639  106126.13711046991    0
13736    1368178.765340203  106366.8822431969    0
13737    1368655.8393345443  106490.33060117815    0
13738    1367877.8027581922  106453.26609296056    0
13739    1368565.1278993962  106313.34703679389    0
13740    1368783.4960576773  106258.53114382976    0
13741    1368395.7494238503  106511.89902090942    0
13742    1370325.0162160336  108345.64010090641    0
13743    1370133.4695873712  108455.60475119721    0
13744    1370133.7358277151  108771.98155966272    0
13745    1371347.4253658797  108760.54909435289    0
13746    1371541.8952080826  108645.30776491172    0
13747    1371535.6170136614  108887.4275614194    0
13748    1371707.9509852454  108766.88684776577    0
13749    1371563.2878887474  109131.73254195026    0
13750    1371944.104143861  109376.80542363289    0
13751    1371246.9311269138  109455.7697878606    0
13752    1371788.2576377429  109200.56403120088    0
13753    1371359.4118665888  109249.136670772    0
13754    1372095.6770351145  109027.00987116745    0
13755    1371607.0214087982  109517.85393245045    0
13756    1371060.0267069708  109220.09736018949    0
13757    1371982.5915351233  109185.74527634883    0
13758    1372320.5283687399  109306.84696875222    0
13759    1371437.5313476913  109425.59201572812    0
13760    1371603.3813508477  109322.72881430056    0
13761    1371386.6070543902  109720.9547569018    0
13762    1376251.041244467  113721.47652154342    0
13763    1376094.4664791173  113861.32829019787    0
13764    1375859.8285533856  113813.12023498504    0
13765    1375420.2846004691  113774.88155629378    0
13766    1375797.0440784141  113554.35892981502    0
13767    1375634.6639332036  113855.98797312468    0
13768    1375532.0942657781  114080.46605060103    0
13769    1373471.8273375325  108892.33408225095    0
13770    1373988.6267292034  108782.68946317222    0
13771    1369474.4015828941  99613.396071158189    0
13772    1369352.9821815235  99815.934717491196    0
13773    1369567.5166570074  100194.29844849848    0
13774    1368918.1660806658  99805.020847968583    0
13775    1369513.6085014595  99974.861667492441    0
13776    1369137.1132692655  99749.157454792556    0
13777    1369738.0686901978  99927.901599338322    0
13778    1369151.5617017457  100180.14434633283    0
13779    1368979.8957907453  99589.965014650777    0
13780    1369813.1920929747  100163.79060446663    0
13781    1369076.0790634619  99966.93920032648    0
13782    1369303.6349289629  100026.44503448863    0
13783    1368567.7962699125  99588.063184491926    0
13784    1369721.4710456005  100429.62275842404    0
13785    1368710.0860011671  100165.91617975816    0
13786    1368773.5778230366  99647.130801575739    0
13787    1368659.7882196296  99896.482530132911    0
13788    1368722.0663473108  99438.600228875992    0
13789    1368464.1153572106  99326.70023868898    0
13790    1368865.0216265507  100014.81319242266    0
13791    1368928.8197611696  100235.21376073781    0
13792    1369132.1894803671  100579.79087066812    0
13793    1369082.0696145487  100377.06861014536    0
13794    1369353.5863782843  100362.15987694642    0
13795    1368768.462529737  100562.15979275285    0
13796    1368769.0524708109  100359.65091678893    0
13797    1368409.7651285855  100459.85955199177    0
13798    1368563.3743410972  100316.41146797594    0
13799    1368232.2758543885  100115.82875182183    0
13800    1368476.9916151608  100085.44128264167    0
13801    1368317.2147703001  99799.29335878625    0
13802    1368791.6473604031  99050.274440970868    0
13803    1365552.8223831861  105339.31451305705    0
13804    1365367.858521437  105432.01512402152    0
13805    1365603.0105703573  105083.21697594003    0
13806    1368338.3639920524  111909.19832808731    0
13807    1369308.8945461505  106847.9841367457    0
13808    1369485.5921976275  106903.23021867152    0
13809    1369150.6363374004  106975.77718466504    0
13810    1369180.2249870261  107267.9720609826    0
13811    1368833.4964093294  106886.84052739413    0
13812    1368595.0033369688  104148.93336593641    0
13813    1368655.0328788119  103597.08033887707    0
13814    1363783.7800560454  99721.173403626337    0
13815    1363938.3827064724  99592.710428721708    0
13816    1364294.9219304638  99659.035831687579    0
13817    1367162.4348233189  102507.51934720376    0
13818    1366768.1075812974  99123.37968652467    0
13819    1366912.6579082764  99280.938192216883    0
13820    1366784.7821193233  99534.615878955199    0
13821    1374703.0470186316  109103.74105797691    0
13822    1374728.9740250483  109668.17244743378    0
13823    1374302.9676667985  109558.04275916121    0
13824    1374597.7215122366  109391.39032703926    0
13825    1374500.4397085365  109673.18552943622    0
13826    1374197.5873199922  109965.67759839748    0
13827    1374307.7645597009  109776.7215360556    0
13828    1373917.7089679448  109675.88571542266    0
13829    1374126.9572252475  109671.29568846832    0
13830    1374014.1962450405  109302.6512663133    0
13831    1364989.3522583677  99183.537002425015    0
13832    1365195.3996237579  99046.662096215397    0
13833    1365003.9280314294  98942.862366446323    0
13834    1364856.3573380699  98805.876442435474    0
13835    1365015.8945017571  98663.983121855606    0
13836    1365540.6038438519  99291.396494274057    0
13837    1369497.2153775054  101119.4122063914    0
13838    1369239.6369878154  101124.51370013866    0
13839    1369568.6905828842  100931.15166871661    0
13840    1369509.6893652687  100639.14299454827    0
13841    1364793.4544092428  102986.75510125303    0
13842    1374141.3578549444  118646.39857184028    0
13843    1374154.3174551586  118453.89764233549    0
13844    1374331.9310994521  119058.7969057369    0
13845    1364627.6174999224  105455.39010380716    0
13846    1363693.6899289195  106260.93056187296    0
13847    1363942.8825716593  106079.88321043318    0
13848    1363625.7561859048  106619.58501897933    0
13849    1363436.3660884292  106497.58026642632    0
13850    1363723.9767535808  106452.42826258056    0
13851    1363908.1274309505  106673.06974561684    0
13852    1367540.5277056184  113322.7395183787    0
13853    1368047.8366166253  113178.88672368591    0
13854    1368677.5131706554  109580.21047420114    0
13855    1368879.6557004922  109445.11015394417    0
13856    1369060.1153841836  109311.37752647321    0
13857    1369443.8606243609  109465.95490151478    0
13858    1369273.7874162777  109334.54819967567    0
13859    1369441.0753050472  109156.02160278872    0
13860    1369154.006890709  109665.33625187498    0
13861    1369839.611016708  109058.16013358683    0
13862    1369625.0627462242  109044.86217922511    0
13863    1369744.9116899082  108848.63007187677    0
13864    1369714.8868936636  109333.04804555229    0
13865    1369953.1927027544  108880.66047778515    0
13866    1370185.50515048  109062.2867951356    0
13867    1367495.8119733941  109049.29540456287    0
13868    1370847.050752216  117377.76360030311    0
13869    1371062.0289992243  117391.73786824463    0
13870    1371122.3132698438  117622.22970727889    0
13871    1367806.4691791674  99201.90021835496    0
13872    1368030.6257415346  99313.60531473087    0
13873    1367572.585938514  99342.818023287051    0
13874    1368248.0683276798  99297.053776580055    0
13875    1368079.6616752956  99612.068319774189    0
13876    1368381.1125394185  99129.53999763928    0
13877    1368325.772713545  99532.826060939973    0
13878    1366981.2962442054  100298.25862917189    0
13879    1367230.8138505651  100298.46083478301    0
13880    1367465.2725620123  99903.180938148653    0
13881    1367337.1166726789  100572.40248334499    0
13882    1367292.2985067691  100067.75613783914    0
13883    1367108.5482456959  99779.401896890253    0
13884    1367667.3511416349  100288.76067060331    0
13885    1367274.8042397618  99876.180709480017    0
13886    1367343.018783893  99567.800464773522    0
13887    1367447.7295763511  100232.72519330736    0
13888    1367511.4647004313  100441.32867411594    0
13889    1367775.4513187259  100555.13461591286    0
13890    1367561.2173477614  100688.99878648923    0
13891    1362214.7211723095  107975.79200535157    0
13892    1367286.3147758122  102340.46791327732    0
13893    1367474.140310213  102229.47937412697    0
13894    1367600.4132129608  101216.67615394537    0
13895    1367677.7250503302  101662.79659911008    0
13896    1367936.3680657896  101637.04992210485    0
13897    1367826.9708694867  101850.07662359672    0
13898    1367734.6819512693  102060.91165609098    0
13899    1368086.4454731261  102089.27291633066    0
13900    1367899.2683529165  102215.1881538767    0
13901    1364615.133989183  104388.0446015645    0
13902    1364360.295736053  101045.8280331868    0
13903    1367295.8878020851  114313.22716919277    0
13904    1364848.0768806322  106357.23941676608    0
13905    1364494.399406584  106289.16312897662    0
13906    1368816.4422730135  107175.49218108659    0
13907    1369530.7106812983  107751.5555046901    0
13908    1369844.7281171989  107655.61816440642    0
13909    1370127.1856508718  108047.74542332758    0
13910    1363797.1942843664  110622.31300305756    0
13911    1363629.9173911009  110410.21500829671    0
13912    1375662.0341712227  115997.17839397497    0
13913    1375198.6231965143  116189.88891908746    0
13914    1367220.9627717847  113728.11638183692    0
13915    1367204.1242457975  113536.13728336061    0
13916    1367390.347943122  113820.03033039928    0
13917    1367634.7847580379  113701.86272285806    0
13918    1367420.268472282  114081.40511483625    0
13919    1367861.2631769388  102948.94970964656    0
13920    1374956.1334538471  114862.90075813979    0
13921    1374766.5945823644  114796.93484599098    0
13922    1374626.3535556288  114577.35760851503    0
13923    1365353.7924222071  104059.99047539163    0
13924    1365207.9572710928  104204.81542159698    0
13925    1365259.9685869154  104579.7867359646    0
13926    1364930.4595326106  104137.49098512233    0
13927    1365309.5211101288  103643.41407004236    0
13928    1364390.0364025838  104862.33998250312    0
13929    1364506.5548679975  104640.42588579064    0
13930    1364893.3477932266  105347.95378490871    0
13931    1374744.5108666264  113971.08590748977    0
13932    1374087.6020899436  114077.92431453307    0
13933    1374993.2263776953  117584.75331091018    0
13934    1374445.6305812625  117205.01241133107    0
13935    1375954.2393712173  117303.12838088664    0
13936    1375601.2759076557  116630.52648784447    0
13937    1376110.1549372897  117767.55395047097    0
13938    1373042.9671580873  115633.23435466386    0
13939    1371936.3363312173  114899.71367772672    0
13940    1371523.9929124592  115174.11715584555    0
13941    1368933.3061565775  101256.78197312445    0
13942    1370203.835502058  117621.25315121833    0
13943    1370390.1594997847  117680.40474679081    0
13944    1370581.4067303413  117671.97670410413    0
13945    1362921.5990268898  107464.71557269563    0
13946    1363360.8855511188  107224.19007200652    0
13947    1362514.4882967074  108039.38807497811    0
13948    1362764.5717073202  108093.92015887737    0
13949    1362991.1617634092  108507.34666713543    0
13950    1362936.1705769526  108268.67834851064    0
13951    1363386.759258531  108290.52830445669    0
13952    1362709.4271478162  108446.59131528245    0
13953    1363158.3835082415  108343.14799666665    0
13954    1363365.8515816689  108721.68535462661    0
13955    1363208.7339768654  108561.67504550466    0
13956    1363003.6386426631  108920.20636991296    0
13957    1363055.6241103767  108712.01695551358    0
13958    1362753.7782995959  108747.23039290668    0
13959    1362984.1644463115  109553.45516055897    0
13960    1367947.4167683339  103319.54096530889    0
13961    1368172.5181965702  103115.25456558581    0
13962    1363204.7243037929  110004.70571882935    0
13963    1363126.9072296929  109788.87437921592    0
13964    1363517.0643209068  110102.87524918762    0
13965    1363267.0740258086  109602.56211884753    0
13966    1363618.3219738153  109355.49833377346    0
13967    1363407.8556094491  109429.49517156761    0
13968    1363369.6140074669  109076.61332341615    0
13969    1363605.3539849154  109654.92309907565    0
13970    1366673.1182652388  116537.40418195042    0
13971    1366405.766597583  116551.4576012801    0
13972    1366878.0045415347  116432.05117966126    0
13973    1366957.6542145191  116095.42501936464    0
13974    1366487.1400977727  116207.58277432117    0
13975    1366685.0161035149  116061.29608569418    0
13976    1366848.7296531445  115859.52033903349    0
13977    1367296.3607245244  116505.31110907868    0
13978    1367320.2599503302  116227.1487537553    0
13979    1367039.7988416667  116613.52055299809    0
13980    1371409.6258060266  117279.33076832487    0
13981    1375159.4540493803  112686.76825592325    0
13982    1367073.7021426868  111118.84701442278    0
13983    1367358.2306061985  110567.20561670543    0
13984    1372724.7236891366  108808.50056297088    0
13985    1372730.6597397274  108992.74031345284    0
13986    1367503.2356036189  106205.66095409231    0
13987    1367564.7367656387  106786.67180230077    0
13988    1367744.7209985715  106333.9462508854    0
13989    1367702.9607500327  106514.39835936592    0
13990    1367892.4807516865  106775.84158254064    0
13991    1367501.4823522805  106583.337150038    0
13992    1367288.0162641886  106761.24938772891    0
13993    1368846.0141726986  106444.01247275922    0
13994    1368869.1499615279  106666.25742197956    0
13995    1368628.6664189557  106740.56025002508    0
13996    1372338.1858593738  109011.53409854269    0
13997    1370735.6967167868  109669.2635499336    0
13998    1370990.8094637089  109024.43181011283    0
13999    1371856.8559646523  110010.13819012587    0
14000    1375944.5964203945  113378.92162432092    0
14001    1375507.2999249622  113491.4407172559    0
14002    1373462.9575549038  108702.33188625226    0
14003    1373666.6278689858  108788.03217126573    0
14004    1373290.8095389754  108805.5763205718    0
14005    1373824.9996124001  108626.99316811287    0
14006    1373721.9236867642  109125.36752977305    0
14007    1374058.4763581683  108503.01356450433    0
14008    1369387.788963954  100185.49723773029    0
14009    1368708.64017135  100905.50614173991    0
14010    1368473.8559338653  99899.510777679432    0
14011    1365741.0359592352  104943.83261039105    0
14012    1365501.5574653016  104844.72100966409    0
14013    1369411.0740828712  107249.36308613094    0
14014    1369568.8665024149  107377.09320480816    0
14015    1369068.126672331  107439.16082200778    0
14016    1369047.027714733  107648.03086335871    0
14017    1368781.993430417  104258.20245556504    0
14018    1368397.6131907143  104132.48824146633    0
14019    1368464.0248950806  103322.87172215366    0
14020    1366613.3791194411  99469.720678646365    0
14021    1366416.5232521857  99432.614856978282    0
14022    1366430.1302739934  99222.028306668522    0
14023    1366718.4099509958  99813.789325789185    0
14024    1374860.3882907054  109265.65320809139    0
14025    1374914.4506200964  109055.71129959424    0
14026    1374756.43691204  108849.47464348354    0
14027    1364778.0383505491  99342.959784939143    0
14028    1365401.5254373702  99436.323124914532    0
14029    1365695.1548556197  99059.51499088289    0
14030    1365655.2215027895  99440.255150687794    0
14031    1365739.7018583931  99256.651489948286    0
14032    1365911.7770615183  99114.166196540114    0
14033    1369068.1791525166  100875.37553385652    0
14034    1369739.6700759474  100659.81210363629    0
14035    1369919.9684296851  100755.58414961034    0
14036    1369306.753914  100699.69163891896    0
14037    1369528.3086907335  100446.16940188158    0
14038    1363764.1357319199  106023.83555291405    0
14039    1363960.0611501511  105871.3673343127    0
14040    1364176.8831827177  105768.30859431307    0
14041    1364150.3063143112  105992.00624694552    0
14042    1364394.7907463468  105817.47578642025    0
14043    1364141.0542365515  106258.90650540551    0
14044    1364452.7945087207  106051.58794110264    0
14045    1364623.5410445121  106144.11686520625    0
14046    1364324.3652477127  106196.50945123499    0
14047    1364303.8080769917  106436.58174372847    0
14048    1364514.9252792327  106512.61323302329    0
14049    1364545.5622014953  106924.77896499701    0
14050    1364315.7144245389  106734.64239794313    0
14051    1364588.3697798536  106714.37549975813    0
14052    1364853.4062146964  106814.74964973907    0
14053    1363703.9051943582  106979.12757250738    0
14054    1367664.2507401768  113118.72767648264    0
14055    1367867.6357815017  113074.89367860353    0
14056    1367867.6210667761  113283.04316389892    0
14057    1368125.6824286687  113566.57569986673    0
14058    1369535.558073055  109310.15166673881    0
14059    1370306.4609714542  108890.94852382776    0
14060    1370009.6847252902  109301.06652108629    0
14061    1367554.4131065577  109265.07693341923    0
14062    1367225.8284822772  109511.0055746024    0
14063    1367424.9323381996  109434.55286802725    0
14064    1367460.4068138392  109824.42507942203    0
14065    1367261.7928129148  109307.17964501317    0
14066    1367387.4826181638  109634.51043546225    0
14067    1366882.4835031608  109345.33777293793    0
14068    1367088.5283192014  109858.26230663007    0
14069    1367061.5162263494  109220.67183152334    0
14070    1366751.0015417722  108965.62917313087    0
14071    1367018.5708809427  108956.41053691943    0
14072    1366870.2912659808  109136.9411123116    0
14073    1366506.9575949179  109262.75291571583    0
14074    1367530.0941400286  99147.170431491046    0
14075    1367384.6712684976  99006.143239777506    0
14076    1368047.8972646352  99896.688787390187    0
14077    1367158.3957406895  100643.21335849835    0
14078    1366967.677997234  99629.216297132967    0
14079    1367388.744458385  99384.844072840075    0
14080    1367605.7375370406  99606.259056650859    0
14081    1367984.382884922  100315.22412937898    0
14082    1368120.2232546927  100691.34997080006    0
14083    1367539.3691672168  100955.52731517378    0
14084    1362203.5286150875  108244.02416855004    0
14085    1367882.0334430111  101185.05214056265    0
14086    1367955.1699914141  101446.62416675501    0
14087    1368116.29981614  101558.67461547218    0
14088    1367432.0608598636  114634.72431437258    0
14089    1368961.7959622787  107039.25035382307    0
14090    1370067.2451550653  107712.89112897443    0
14091    1363453.3687211878  110529.68308416872    0
14092    1363432.3143236642  110308.38419167398    0
14093    1375403.5731376039  116104.66001229687    0
14094    1375419.6923493084  116398.69692486004    0
14095    1375212.8963439879  115935.17555320838    0
14096    1375007.2424346497  116051.40809589198    0
14097    1375208.7805235959  115729.7074307451    0
14098    1375062.6340708404  115573.88931483206    0
14099    1375233.1786394943  115360.73998600095    0
14100    1374975.6515197381  116296.55150118683    0
14101    1374827.7887081828  115915.39578474547    0
14102    1374598.2132474661  116551.11464287832    0
14103    1374751.0323897921  116370.60450348108    0
14104    1374994.6174990973  116731.76575485634    0
14105    1374434.1672593206  116257.29088466309    0
14106    1374821.8918572639  116585.53693618269    0
14107    1374682.743236881  116925.02570860709    0
14108    1374685.4964883544  116727.89291108827    0
14109    1374351.7638380819  116821.81746574173    0
14110    1367544.2224633642  113523.0995601296    0
14111    1367762.1160460263  114024.22320123216    0
14112    1364984.0546106899  103937.25414978176    0
14113    1365029.5539470948  104334.60086206999    0
14114    1364792.6472110916  104287.74988733132    0
14115    1364730.5654361888  104092.48278555035    0
14116    1364572.7626205808  103946.37444266124    0
14117    1364750.4262709466  104704.96387403845    0
14118    1365018.7919987487  104697.71295447995    0
14119    1364815.8303269276  104918.84126433074    0
14120    1365066.2047629124  104944.9384623316    0
14121    1365137.6457455424  105184.69901919366    0
14122    1374905.0793412137  114161.14473544114    0
14123    1374691.6042947741  114319.62039507755    0
14124    1375076.6854700705  113853.30935874349    0
14125    1375072.0614392937  114052.48116914525    0
14126    1375281.2629668375  113957.69847113354    0
14127    1373795.6131716669  113705.29504758641    0
14128    1374344.3400398341  114246.52935757235    0
14129    1374776.0593091242  117748.56323711752    0
14130    1375191.1824871295  117252.66062319228    0
14131    1374246.6948520239  117297.07642051422    0
14132    1374195.347830167  117036.48109402695    0
14133    1374479.6267175744  117539.43896432369    0
14134    1375716.3371055312  117334.14407959627    0
14135    1375471.8822963852  117176.60423039101    0
14136    1375685.2087016646  116405.81842129301    0
14137    1375960.5324213593  116624.15278859163    0
14138    1375779.8728049747  116569.20657993066    0
14139    1375809.525494928  116796.18216444207    0
14140    1376072.3155535336  116874.56714949013    0
14141    1375575.288346027  116928.33369617209    0
14142    1372028.7694382523  114404.81054480142    0
14143    1371722.0099970144  115024.66154193887    0
14144    1371731.664230095  115243.35908956426    0
14145    1369020.8644798615  101414.93348337345    0
14146    1363543.0127712602  107711.654795608    0
14147    1362660.4045617592  108258.27916894105    0
14148    1362420.281358466  108625.39521228806    0
14149    1362827.47941805  108582.7668450835    0
14150    1362704.6927685344  109085.0805873183    0
14151    1367970.5377708697  103118.85593480535    0
14152    1368449.5760969727  102896.27548354796    0
14153    1363800.7566442154  110173.09467630442    0
14154    1364427.182482386  109833.97612330306    0
14155    1363574.2868376158  109881.47673601699    0
14156    1363956.407391062  109818.46974262274    0
14157    1363755.6124099626  109790.9348624104    0
14158    1363867.5344908589  109516.28484891806    0
14159    1366387.061387918  116748.63050331433    0
14160    1366737.3834513112  115663.12765821721    0
14161    1366957.2646700938  115411.93333877587    0
14162    1366981.1562341133  115654.67957044738    0
14163    1367399.5325553268  115490.95330248494    0
14164    1367108.9004188243  115882.49064464433    0
14165    1367167.254751941  115513.81454309695    0
14166    1367164.307569894  115252.54036291645    0
14167    1367305.2661070842  115724.61531995379    0
14168    1367741.8437599328  115764.89817799864    0
14169    1367344.863434094  115974.92427282508    0
14170    1367529.5972422347  115679.27140137491    0
14171    1367166.7208813438  116084.85940913869    0
14172    1367568.5200650031  116124.05330362107    0
14173    1367778.4346292389  115368.33356931407    0
14174    1367563.7935911964  115900.37289948533    0
14175    1367700.6556844322  115561.12735224461    0
14176    1368003.3564457765  115571.16005290627    0
14177    1367785.9222273566  116007.56935367009    0
14178    1367951.8507630264  115852.09155188376    0
14179    1368088.2685885062  116000.2502882562    0
14180    1375334.8449839617  112864.89746356069    0
14181    1374931.3755713941  113086.75260228812    0
14182    1375448.6793465572  112577.4010265879    0
14183    1375101.8229591206  112918.92539962532    0
14184    1375158.9922844474  113147.45511661818    0
14185    1374719.0879328232  112700.68280322567    0
14186    1375311.0814141531  113341.78984139703    0
14187    1374941.2333025294  112755.82855341941    0
14188    1374952.1298362641  113466.02954585724    0
14189    1374927.9188199099  112334.45322027791    0
14190    1375003.6066849174  113273.00638663377    0
14191    1374681.97286073  113290.60638497668    0
14192    1374994.0008929176  112543.26320007732    0
14193    1375237.019984595  112351.49348957131    0
14194    1367128.9808744579  110911.79519746763    0
14195    1366734.2957557512  110917.32716406013    0
14196    1366930.3651126884  110823.7229520237    0
14197    1366666.3959885368  110522.94817714086    0
14198    1366896.5246333466  110587.2013215427    0
14199    1366737.1427038137  110713.80240328789    0
14200    1366363.4374534858  110743.78969975845    0
14201    1366557.0521309082  110813.06554992452    0
14202    1366460.8468637438  111179.40040827733    0
14203    1366393.1906819064  110965.8329024766    0
14204    1366882.3546131509  110193.71237163051    0
14205    1367120.4947578581  110418.2764154326    0
14206    1366048.4225011405  111192.55240170709    0
14207    1366826.7926209762  110392.71284205382    0
14208    1366542.0906438243  110205.96569492824    0
14209    1366252.7799108536  111127.81389188772    0
14210    1366265.3647247269  111522.45245887464    0
14211    1366056.5566162376  110863.3164315398    0
14212    1366203.4180623554  111326.90795996763    0
14213    1365887.744941137  111534.49455280272    0
14214    1367538.09639849  110665.2558004813    0
14215    1368146.9654169707  106649.3051258169    0
14216    1367397.4366424151  107088.96828270113    0
14217    1367102.8776407978  106835.02473772664    0
14218    1367160.6544889414  107065.81412059562    0
14219    1367253.0118158481  107343.62097578979    0
14220    1366980.6649118837  107160.72454719793    0
14221    1367036.8157767204  107371.3325724538    0
14222    1366815.4552719311  107671.4187055732    0
14223    1372467.3601040808  109167.44207548533    0
14224    1372569.6264989947  109422.18631569823    0
14225    1370809.5228524099  109380.89350475543    0
14226    1371058.8403833953  109724.21624456956    0
14227    1371662.5138607828  109799.22920206843    0
14228    1375623.3992479725  113655.40099972532    0
14229    1375518.6163534317  113278.94077824659    0
14230    1368603.4903843019  101062.56349071991    0
14231    1368469.1010674494  100858.8624060601    0
14232    1368810.8159779061  101087.64030342718    0
14233    1368220.2469081751  100930.09068630221    0
14234    1368621.7217102319  100713.47735655306    0
14235    1368623.9918124673  103415.07250568703    0
14236    1368445.9587806701  103539.08658973557    0
14237    1368642.0579268781  103198.85763810507    0
14238    1368598.868904772  103013.81861746222    0
14239    1368661.7512341323  102780.37031646083    0
14240    1368401.0725751058  103111.46110537778    0
14241    1368404.320352437  102561.27495619401    0
14242    1368848.9963162993  102816.14114288542    0
14243    1368276.4009030936  103277.85198882366    0
14244    1366885.2318396983  99969.53061087594    0
14245    1374944.9419715384  108834.51954661441    0
14246    1374365.226582078  108900.06829871495    0
14247    1374707.4744442091  108643.21344488423    0
14248    1374549.814394502  108789.5809050215    0
14249    1364438.1633916353  99350.722467180574    0
14250    1365623.4370315124  98883.203271604652    0
14251    1365943.1905561783  98922.91905563022    0
14252    1369038.4408533324  101079.4095955744    0
14253    1368944.3702945141  100693.84090142808    0
14254    1364089.9506472298  106528.02667202416    0
14255    1365047.516193006  107003.77244291728    0
14256    1363508.8757757121  107068.73789882883    0
14257    1363765.2448731244  107369.66609286313    0
14258    1363570.6847118451  107275.7492261252    0
14259    1363584.573874237  107495.46204395189    0
14260    1363829.5381793519  107654.6454671774    0
14261    1363334.5300364473  107559.48462462366    0
14262    1363741.0960300211  106782.77950772966    0
14263    1363953.9146617847  106924.78632196088    0
14264    1363533.6576326727  106845.18426362854    0
14265    1364102.2643455479  106767.77888746627    0
14266    1363872.5484682368  107152.72612490843    0
14267    1364254.2735300721  107042.91035116774    0
14268    1364158.7748919572  107429.30784683439    0
14269    1363971.5270267599  107336.69066198728    0
14270    1364081.055642925  107159.15189262097    0
14271    1364268.6086086619  107251.45333774481    0
14272    1364460.6067073098  107133.49135733335    0
14273    1364528.9787308413  107535.08547257456    0
14274    1364769.280276702  107137.48904173933    0
14275    1364455.8153096379  107340.92437961113    0
14276    1364692.6047029244  107362.56304021935    0
14277    1365046.2329017224  107357.43548588632    0
14278    1364874.3309778699  107698.77359441863    0
14279    1364728.4439111573  107560.40948269509    0
14280    1364590.0272448403  107852.44354234639    0
14281    1367892.9915429496  113680.51225263429    0
14282    1370011.8622333668  109118.54918570489    0
14283    1370390.77109104  109397.55074749594    0
14284    1369918.980229727  109839.65251397532    0
14285    1366868.4441124666  108486.69323006734    0
14286    1367321.1161076815  108674.40889651654    0
14287    1367841.2240490452  99729.540769272397    0
14288    1367455.3793154468  99716.814878451172    0
14289    1367632.9800857659  99800.832558933427    0
14290    1367666.0970409643  100043.6743593306    0
14291    1367819.1658082765  100382.2727111128    0
14292    1367835.5796331789  100185.63539446825    0
14293    1367967.9690600196  100511.86144602354    0
14294    1368027.6876105948  100115.2707307571    0
14295    1368182.3808945257  100430.75524534854    0
14296    1367923.0123334981  100704.31712192643    0
14297    1367994.5310684831  100918.70540399266    0
14298    1362341.7239689336  108115.44106524637    0
14299    1367728.208696238  101044.15243535371    0
14300    1367255.878235091  114519.76083235367    0
14301    1367434.4039998136  114444.14461106207    0
14302    1367650.7218471302  114542.10845230539    0
14303    1367697.8500255002  114957.80675474033    0
14304    1367917.7946319426  114328.63154545549    0
14305    1367612.7676833686  114756.93199620352    0
14306    1367994.6524318533  114713.63729801033    0
14307    1367390.8584938811  114969.37974560153    0
14308    1367810.1171422179  114791.79890857034    0
14309    1368034.4254711785  115064.45894022263    0
14310    1375079.2186979598  115177.47525315007    0
14311    1375309.4784020165  115184.1129308738    0
14312    1375297.9376004422  116681.09157362625    0
14313    1367603.9350883458  114128.9939317987    0
14314    1367556.6165857455  113933.39689824234    0
14315    1364376.1324367516  103993.31870863872    0
14316    1365080.2496468429  104517.81891370189    0
14317    1374008.0561732552  113839.54120509161    0
14318    1373794.3226446339  113942.55467492178    0
14319    1374139.8160757129  113395.81529040994    0
14320    1373538.7111872067  113822.5310032705    0
14321    1374147.0407022191  113639.38590942409    0
14322    1373943.4185871657  113523.53315500694    0
14323    1374443.0114994645  113508.7145688773    0
14324    1373547.3021858728  113352.3958741659    0
14325    1373721.2255990475  113493.82718292075    0
14326    1373501.2366413218  113586.7001551843    0
14327    1373860.3409488569  113145.09604784678    0
14328    1373180.5253207053  113758.55543484048    0
14329    1373952.8229577239  113323.13113181153    0
14330    1374142.7278509312  113111.44536897533    0
14331    1373736.2426876328  113297.70435891443    0
14332    1373554.3483940372  113023.02991430894    0
14333    1373197.6490934759  113405.33261561186    0
14334    1373370.7299604455  113728.33109159912    0
14335    1373359.7799143263  113944.73320673962    0
14336    1374286.7373862721  114054.46967798856    0
14337    1374499.3338808853  113923.3450126782    0
14338    1374426.0361262686  113722.16103079247    0
14339    1374710.1456466368  113637.35797338671    0
14340    1374587.2086075738  114125.49063883495    0
14341    1374648.1790651523  113812.3722302379    0
14342    1374863.646698962  113790.18471795667    0
14343    1374838.7640768604  117923.85316231639    0
14344    1374549.5154496187  117798.79279373851    0
14345    1375178.0611653812  117469.88504309993    0
14346    1373993.0194247428  117048.29807548707    0
14347    1374166.9145648018  116851.44444576942    0
14348    1374223.0133652664  116609.98603912782    0
14349    1374419.2733477745  116635.74261982161    0
14350    1374344.7102585956  116443.28925916481    0
14351    1374122.9445243541  116409.16007108252    0
14352    1373964.1128385291  116202.21983003513    0
14353    1374391.5902956116  117015.15583539481    0
14354    1375365.3656561854  117339.50017980579    0
14355    1375667.0505768175  117142.19169368577    0
14356    1376262.1922983502  116909.30005071132    0
14357    1376194.1482396713  117173.40881200516    0
14358    1372052.3470398923  114665.2975725188    0
14359    1362613.3157490327  108614.36089288782    0
14360    1362538.1375335015  108834.51480307159    0
14361    1362230.8041112865  108480.80348160106    0
14362    1362181.4165699736  108741.96650305741    0
14363    1362813.1934277907  108928.35355265171    0
14364    1362916.6121891264  109115.8699059989    0
14365    1363143.4001768401  109099.55436109548    0
14366    1362776.3611063508  109336.49891001309    0
14367    1363224.0176075371  108892.60077472277    0
14368    1368258.8418575907  102939.71356578966    0
14369    1368294.3573069624  102736.18477465592    0
14370    1364025.0567758637  110249.44688829231    0
14371    1363972.2627874538  110036.90024827574    0
14372    1364188.9901082104  109911.37777514475    0
14373    1364183.512437213  109587.51665150854    0
14374    1364379.7727831763  110093.28173397576    0
14375    1364027.9583680907  108994.1065479886    0
14376    1367611.6747737431  116299.47297682596    0
14377    1367722.5842324803  116446.26194934762    0
14378    1367934.1669686451  116138.85861311918    0
14379    1367400.3455686003  110235.76385658392    0
14380    1367969.0859661624  106610.73416568617    0
14381    1368374.1999560294  106766.80615873593    0
14382    1368515.5996459627  106891.03370036975    0
14383    1368080.3548593596  106834.51336557016    0
14384    1367414.6981388323  106901.07857887897    0
14385    1367615.9536455749  107009.42749149712    0
14386    1367433.6497015685  107277.78751927627    0
14387    1372802.4089792934  109366.02923531545    0
14388    1373162.9890646769  109620.02782005887    0
14389    1373018.5193986488  109442.17739995806    0
14390    1373368.5193790963  109279.99319756642    0
14391    1372778.3667991371  109784.85803000022    0
14392    1373168.2972097863  109306.65482984562    0
14393    1373243.5674599872  109106.77557924562    0
14394    1372728.9123741216  109571.91473152247    0
14395    1372947.2173833773  109647.69902019853    0
14396    1372402.062187671  109760.03749745872    0
14397    1373103.7066243545  110012.85809157643    0
14398    1372973.4883267216  109852.55192090735    0
14399    1372757.0258433486  110161.42844497407    0
14400    1371024.4764419158  109440.24139596363    0
14401    1371221.8854082648  109638.33858283247    0
14402    1371223.8906853355  109839.86103418775    0
14403    1371459.0768951168  109990.91265861956    0
14404    1370936.3592248848  110074.62729288518    0
14405    1371846.4714041448  109616.78963478925    0
14406    1375594.4472945149  113109.75197864792    0
14407    1368206.4657137757  101146.54929151031    0
14408    1368490.5446871859  103745.68530082861    0
14409    1368271.3745590062  103753.56948270474    0
14410    1368187.4588908041  103944.09933692799    0
14411    1364609.7413625268  99418.667067351329    0
14412    1364478.5144389966  99573.143974539693    0
14413    1364604.3295631513  99181.721249764058    0
14414    1364348.0241348771  99095.905372490874    0
14415    1363765.6908279615  108082.28685085183    0
14416    1363426.4068964468  107398.02341766423    0
14417    1363272.1996974384  107863.783457076    0
14418    1364368.078889979  106905.33603084786    0
14419    1365174.8232221236  107181.06823518814    0
14420    1365425.5754150928  107254.7050940342    0
14421    1368188.7167039425  113989.88844146948    0
14422    1367775.5793190536  113832.57730324278    0
14423    1367994.0716011196  113879.91862029298    0
14424    1367992.2184197828  114110.4432425204    0
14425    1368257.730621468  114322.79624683372    0
14426    1370219.8735008342  109271.71390412799    0
14427    1370150.8185518822  109544.46210880758    0
14428    1370594.3918960677  109244.54343555134    0
14429    1370603.8323291254  109481.86950641393    0
14430    1370411.0966054029  109757.58451505937    0
14431    1369695.0754687251  109635.44267091075    0
14432    1366877.2651951036  108742.72364474363    0
14433    1367469.7725393896  108833.28259401377    0
14434    1367257.277949834  108883.12655398347    0
14435    1367564.1155575826  108596.0218626451    0
14436    1367101.1427993127  108721.24966123518    0
14437    1367347.2742285086  108339.65683870394    0
14438    1367667.345571873  108366.24160052107    0
14439    1367167.7317211989  108494.02511797713    0
14440    1367856.7387278699  108382.13347888349    0
14441    1367612.5189611164  108151.20257124858    0
14442    1367026.4716966602  108148.13334521062    0
14443    1367154.8803765997  108297.48278711173    0
14444    1367236.4784132303  108097.44910617459    0
14445    1367064.7083186947  107846.14776960516    0
14446    1367844.2696469773  99937.121426669415    0
14447    1367183.2173429003  115035.46002803548    0
14448    1368027.4347841986  115318.3333721426    0
14449    1368480.9794600559  115203.78871570219    0
14450    1368238.0533599218  115197.09950201325    0
14451    1368315.9593505538  114854.87575361265    0
14452    1368350.653158461  115522.32276729077    0
14453    1368363.776329038  115045.74049650661    0
14454    1368702.5537869867  114916.99578721591    0
14455    1368505.5839769288  114908.79157861101    0
14456    1368500.7348402315  114565.42871951245    0
14457    1368611.4543398812  114735.5807555598    0
14458    1368857.7272107378  114454.22960844749    0
14459    1368874.2819259716  114717.17993033829    0
14460    1368164.6611899254  115458.96224949732    0
14461    1375468.4709965605  116768.97500883733    0
14462    1375334.9970080247  116973.9208885531    0
14463    1374364.5270798521  113255.9163264408    0
14464    1373941.8810293467  112627.6766320927    0
14465    1374626.368862859  113469.64436654026    0
14466    1374207.0888126346  116161.90934374306    0
14467    1374274.3444155268  115962.79467354968    0
14468    1373781.9705160211  116292.81205475121    0
14469    1373793.4808595174  116087.55307391912    0
14470    1376005.4024386001  117111.04292709415    0
14471    1376151.39850106  117381.05423260106    0
14472    1371819.5479752535  114555.05847885845    0
14473    1372256.664153365  114515.49354847312    0
14474    1372338.9272275963  114056.1575852383    0
14475    1372334.7319398804  114708.94387533053    0
14476    1372444.1580198579  114312.03778651614    0
14477    1362572.4437778699  109425.06385411618    0
14478    1362987.901163314  109316.0798368426    0
14479    1364177.3962685659  110114.53686871668    0
14480    1364765.5486550045  110029.82756665438    0
14481    1363874.1057694543  109232.57177826863    0
14482    1367456.6499725138  110411.3147981364    0
14483    1367616.5261290087  110263.23304504792    0
14484    1367534.3849075735  110045.28120304165    0
14485    1367839.0675578665  110361.22973285693    0
14486    1367285.8580967083  110012.79910305001    0
14487    1367670.8691343388  109876.74643408312    0
14488    1368109.7707895334  110258.08207773967    0
14489    1367182.1109336279  110206.94674746586    0
14490    1367608.2225716615  109679.28948048691    0
14491    1367823.3453317811  110095.2495950107    0
14492    1372367.3659026038  109532.35006290519    0
14493    1372540.4427395726  109622.46297050484    0
14494    1372124.946151945  109685.77866500954    0
14495    1372154.0986793411  109459.03049584568    0
14496    1370914.1172863806  109597.66263710304    0
14497    1371658.0733273793  109998.31369951252    0
14498    1371736.5030861381  110356.61272325268    0
14499    1371550.5802209701  110209.5768125118    0
14500    1371382.8875460785  110612.68471795265    0
14501    1371227.1348847991  110216.44985752083    0
14502    1371523.5825349588  110434.7797740816    0
14503    1371768.6114280049  110773.14564828092    0
14504    1371311.8164652472  110411.89226876655    0
14505    1370991.4023851471  110638.27791355002    0
14506    1371065.1427146217  110402.70475403573    0
14507    1371183.5356624064  110570.27177221428    0
14508    1371208.0251517552  110944.87414034645    0
14509    1371598.3786326724  110638.51812908344    0
14510    1370613.5289014056  110390.66613066102    0
14511    1371508.9896869911  110926.48909588328    0
14512    1370837.6263324406  110460.81426822059    0
14513    1370602.0767284287  110820.27999486495    0
14514    1370783.3370622762  110241.22007143829    0
14515    1370668.8076643783  110607.09926281533    0
14516    1370491.4759286602  110080.78804401714    0
14517    1370260.122042028  110596.20497184778    0
14518    1370713.1625749411  110023.18709194686    0
14519    1370466.0118344247  110543.61906266135    0
14520    1370294.6593545866  110302.0755680641    0
14521    1370869.3465524144  109855.452110742    0
14522    1368035.6081719815  101092.98659516391    0
14523    1368259.7676934097  103565.82650724454    0
14524    1364543.7036144668  98925.943485060081    0
14525    1364146.3491877585  99075.723116322726    0
14526    1363720.8675420266  107857.00774920112    0
14527    1364057.0983404906  107907.20739487937    0
14528    1363498.9177728635  108018.26735118589    0
14529    1365705.0163049144  107370.50108244014    0
14530    1370402.7043929626  109197.08880001122    0
14531    1370338.2052763018  109581.10893935591    0
14532    1370210.4046004913  109737.18690283073    0
14533    1370289.1922368344  109959.49836552727    0
14534    1369881.6793051725  109495.82175981543    0
14535    1369450.9282620884  110127.99102922551    0
14536    1369430.4200399246  109756.79580115547    0
14537    1366418.9833587541  108630.34578348072    0
14538    1366795.2141499079  107965.43862256904    0
14539    1367045.0274452842  107609.07704449048    0
14540    1369332.1429499071  114556.35782617304    0
14541    1369060.6697865177  115051.0698760762    0
14542    1375169.6103929842  116846.09190490328    0
14543    1374944.6286046514  116999.37025335875    0
14544    1374432.7615386939  112908.66502425849    0
14545    1373974.0805231016  112897.88560245291    0
14546    1371657.8105680272  114109.04257510592    0
14547    1372213.850464945  114257.17362748564    0
14548    1371952.733210722  114119.66041622515    0
14549    1372657.2394966106  114074.82978513559    0
14550    1372704.438540142  114398.83694367594    0
14551    1364585.4644043387  110139.39591823884    0
14552    1364811.2597987428  110307.73297574627    0
14553    1363644.305551707  109081.98570044216    0
14554    1364191.3300060339  109268.37418459164    0
14555    1368338.8555269481  110311.69756480282    0
14556    1368203.9004805356  110462.93761852675    0
14557    1368092.0867934355  110005.09867941443    0
14558    1368026.5679040104  109825.22441884474    0
14559    1367038.4905385259  110058.59226305204    0
14560    1366746.8182317948  109879.32516280275    0
14561    1372186.6412495701  110009.7419439293    0
14562    1371946.1485098221  109810.96947495846    0
14563    1371269.2988483203  110027.77824208689    0
14564    1371350.6991004844  110807.85886141595    0
14565    1371910.6361877914  111310.05509798334    0
14566    1370476.51919186  110265.65491594898    0
14567    1365770.0089636173  107193.91371663054    0
14568    1365379.3034275246  107761.44325573766    0
14569    1369991.3594492064  109657.86166400547    0
14570    1369835.2042245818  110397.21777510912    0
14571    1369326.8850069169  109606.28013945097    0
14572    1369657.1140114223  109901.91979664538    0
14573    1369211.4820647063  109955.05608396587    0
14574    1366663.9724649144  108621.90510992482    0
14575    1366548.6394027758  108833.98649629022    0
14576    1366528.6396444871  108253.49693297043    0
14577    1366551.667041396  109050.69004630792    0
14578    1366670.9682813161  108410.27424229532    0
14579    1366752.4870630915  108193.2738356488    0
14580    1366153.3833517181  109077.46396624034    0
14581    1366289.5058829885  108855.87854407914    0
14582    1366356.3010124646  109120.24531838344    0
14583    1366179.0026466795  109458.5716766495    0
14584    1366441.6754401664  107793.3933815998    0
14585    1367208.0298141912  107522.58338691731    0
14586    1367206.3546586272  107715.36540479261    0
14587    1367249.5006654277  107904.19308245763    0
14588    1369080.5323574466  114572.19861951398    0
14589    1369178.2562970261  114118.24205332073    0
14590    1369222.3067460149  114817.92667956981    0
14591    1369193.4139563472  114359.00194204447    0
14592    1368981.5623573663  114251.48251636096    0
14593    1369612.635991829  114211.75164919565    0
14594    1368607.3269601585  114162.09661368151    0
14595    1369423.7910778008  114344.49795659722    0
14596    1368779.9380164454  114267.5250824453    0
14597    1368654.2001605651  114429.47035788982    0
14598    1368856.0377272717  113948.91549575684    0
14599    1368459.2326777752  114363.98996540326    0
14600    1368395.5599336433  114162.0219958099    0
14601    1368501.5624584991  113824.3019857757    0
14602    1369753.5361175912  114612.89473950092    0
14603    1369550.8127023117  114525.19893600703    0
14604    1369535.515151276  114838.72409026115    0
14605    1368906.2122817303  114918.32415577206    0
14606    1368802.57311342  115195.14754995293    0
14607    1374761.2137218534  117147.03603676619    0
14608    1374328.6300914548  113068.53296664119    0
14609    1374191.6874819931  112899.41217930635    0
14610    1374554.2688145183  113101.65735702214    0
14611    1374326.7910937564  112524.5201538039    0
14612    1374649.9932975725  112906.64313071281    0
14613    1374318.7731141578  112733.42097062078    0
14614    1374512.3220870974  112636.24543907063    0
14615    1374587.0976243287  112302.16417859316    0
14616    1373760.9802984479  112949.61043425222    0
14617    1373527.5118620701  112620.01881056106    0
14618    1373597.7651279431  112817.73971660961    0
14619    1373212.1338731381  112843.41892346239    0
14620    1373734.0658708725  112657.96849165276    0
14621    1373784.2743396161  112274.4236151185    0
14622    1373664.8061211768  112453.8432064714    0
14623    1373301.5754878388  112293.54616199364    0
14624    1373541.2655365178  112242.09823616555    0
14625    1373455.8445886441  112428.20006526164    0
14626    1373279.0378901802  112603.55606873317    0
14627    1373330.2175324394  111842.91786520369    0
14628    1372820.3752103276  112604.88513045272    0
14629    1373710.8153255912  111897.07561258975    0
14630    1373379.4467670924  112072.27128345145    0
14631    1373049.8939823667  112668.9039125744    0
14632    1373684.0740302673  112098.10558904875    0
14633    1373996.2366313664  112037.33633430647    0
14634    1372948.2518101155  112044.86442667572    0
14635    1373512.8787844491  111923.67088169468    0
14636    1373564.7009796384  111559.48636373911    0
14637    1372821.6469562766  113043.76798782041    0
14638    1373009.6218241949  112369.8445011662    0
14639    1373167.7143649936  111997.7582021675    0
14640    1372882.9049291988  112824.14721003128    0
14641    1372974.4767465268  111632.26474696881    0
14642    1372462.9488897126  112825.36411195177    0
14643    1373122.6395958441  111787.75996729685    0
14644    1373258.9440343624  111509.54723107538    0
14645    1372672.7552947784  112765.53098644571    0
14646    1372461.7844666727  112423.51867155635    0
14647    1372615.5024720815  112564.77248004444    0
14648    1372725.3459457816  112290.96852461174    0
14649    1371391.510941545  114457.94313553786    0
14650    1371798.211475427  114310.46254277372    0
14651    1371618.4919791541  114449.36834240354    0
14652    1372610.4302951125  114247.09000320747    0
14653    1372888.5253419171  114430.58590981588    0
14654    1364703.1956829662  110574.19923380797    0
14655    1363510.5127319691  108897.63579552199    0
14656    1363750.0937497111  108553.21626274353    0
14657    1363581.7311694373  108691.63890269813    0
14658    1363446.3505296307  108509.50345848523    0
14659    1363823.9646178316  108814.66542178229    0
14660    1363625.2996687766  108343.20867649508    0
14661    1363899.3561316545  108322.4368080696    0
14662    1364018.342468803  109377.84518255912    0
14663    1364041.6002247771  109171.77177461944    0
14664    1364213.8099560917  109069.19246113175    0
14665    1364253.9907724131  108702.1859092438    0
14666    1364555.6642292112  109208.63407285119    0
14667    1372234.0405809651  109832.85908193163    0
14668    1372393.4266555731  109970.36203070806    0
14669    1372583.593394951  109872.83037545215    0
14670    1372359.8436751177  110356.62546701549    0
14671    1371390.1115482149  111453.04354059781    0
14672    1371763.9056745002  111061.62954139001    0
14673    1365481.3112408705  107515.27622937888    0
14674    1370080.7532372628  110426.05067277366    0
14675    1369914.6321046362  110780.78620482932    0
14676    1369990.4075727477  110135.46114604767    0
14677    1369938.7027669474  110575.79371902904    0
14678    1369618.4870795608  110642.10275605747    0
14679    1369472.5311134858  109940.63334497788    0
14680    1369109.3705651679  110348.67634699389    0
14681    1369001.0603813131  109846.23900619439    0
14682    1368998.1292722223  110109.76372239484    0
14683    1366910.8341809809  108300.3186499669    0
14684    1365828.6347918352  108725.36355885067    0
14685    1365281.0538524275  110087.74702352109    0
14686    1366653.2196045481  107807.95665094665    0
14687    1366570.7395808066  108025.08134318405    0
14688    1366559.7550360712  107621.89766606261    0
14689    1366270.5456341188  107549.16731494563    0
14690    1366206.7125995685  108076.07405532761    0
14691    1366397.2161128239  108111.1863074475    0
14692    1366251.7981466467  108377.31943664196    0
14693    1369352.2915507869  115080.64709311131    0
14694    1368379.1650106783  113971.38012815977    0
14695    1368262.743479748  113762.51583196427    0
14696    1368464.3857418853  113475.55862042558    0
14697    1368417.4664245765  113656.91354790001    0
14698    1368682.2959957479  113628.68220389001    0
14699    1369385.27299878  114732.51309335727    0
14700    1368639.0203023357  115096.90013236656    0
14701    1369032.5419369184  115303.89482114767    0
14702    1369091.6344380707  115596.41021481648    0
14703    1368797.3978402729  115503.62394200536    0
14704    1373184.1199607409  112440.83138219884    0
14705    1373120.4808686406  112197.31800705666    0
14706    1371824.0943925732  113591.53500941681    0
14707    1372840.562959312  112427.43187002059    0
14708    1372358.5903618268  111890.02180338169    0
14709    1372897.3514417096  112222.76124123682    0
14710    1372742.0448901367  112082.09417634255    0
14711    1372498.2439173462  112167.70763401964    0
14712    1372802.7204701991  111828.4811476325    0
14713    1364520.8241613607  110530.47973447743    0
14714    1364633.6169945637  110757.03439538495    0
14715    1364917.7631490561  110760.51059571943    0
14716    1363830.4001470688  109013.02282717761    0
14717    1363985.1065188304  108117.43548391556    0
14718    1364348.7064261991  108124.5082009387    0
14719    1364163.1836303202  108312.35869880299    0
14720    1364042.5019644112  108771.89947897302    0
14721    1364082.2104653365  108536.71075757043    0
14722    1371372.9725941522  111172.47759721582    0
14723    1372277.6609107205  110925.72959764054    0
14724    1371630.2087955161  111308.14186833522    0
14725    1365799.6659488301  107761.97368859715    0
14726    1365221.8289441408  107551.96951794482    0
14727    1369727.3024655834  110156.34891701999    0
14728    1370085.8574258951  109955.88546869288    0
14729    1369237.1396626104  110171.76690581853    0
14730    1369400.1880495502  110424.11913338344    0
14731    1368860.7429120024  110319.08698504107    0
14732    1368742.0958752879  110091.46725442716    0
14733    1366040.6643453634  108855.6158076172    0
14734    1365703.748263756  109166.35958980853    0
14735    1366063.883901757  108580.11713136325    0
14736    1365828.3833858802  108963.47380819505    0
14737    1365938.2043013957  109170.66338997189    0
14738    1365406.4053033888  108843.97301011899    0
14739    1366109.7863042508  109271.80966221906    0
14740    1365881.7559530979  109462.52779633652    0
14741    1365634.2470511289  108844.21357419531    0
14742    1365520.7526310026  108440.19272729813    0
14743    1365634.4772408823  108626.19749905287    0
14744    1365825.4144035226  108381.68879689598    0
14745    1365015.1331107195  110131.48687474223    0
14746    1366183.1593170108  107391.1909034592    0
14747    1366166.8144624082  107803.92057377634    0
14748    1366442.7634465257  108432.88692864905    0
14749    1369193.7542202317  115191.33713719675    0
14750    1369679.5315826701  115138.14176356359    0
14751    1368699.9906130743  113826.33024174535    0
14752    1368919.8832376427  113707.0280757553    0
14753    1369096.2966917371  113882.96154756409    0
14754    1368939.9752345185  113246.67850228141    0
14755    1369454.6342283178  113890.05071791584    0
14756    1368865.0080274236  113474.01979726194    0
14757    1369274.1515298728  113952.92159061505    0
14758    1369279.5896029961  113678.04235509054    0
14759    1369427.6135841876  114102.97311257834    0
14760    1368663.9551757372  113281.69026889947    0
14761    1369087.8086688814  113544.51446526597    0
14762    1369420.4072487389  113271.30371990967    0
14763    1369292.6377475373  113454.81410357545    0
14764    1369181.1168681355  113240.93236279364    0
14765    1369652.0361838553  113568.81095404163    0
14766    1369050.359731182  112816.3278390101    0
14767    1369451.9390748192  113576.12106062689    0
14768    1369055.8580684743  113047.07024261307    0
14769    1368770.3251712096  113014.74584347929    0
14770    1369382.8937312337  112923.84063156971    0
14771    1369319.7630013321  113106.41307954265    0
14772    1369545.0001580943  113082.09556695906    0
14773    1369681.0423530815  113307.30495305765    0
14774    1369744.4892878893  112715.59812415758    0
14775    1369593.0590946618  112870.71371333339    0
14776    1369393.7970428467  112524.7119606566    0
14777    1369914.5452977032  113033.08774206397    0
14778    1369542.2232741278  112669.61172864432    0
14779    1369724.8774741513  112334.0430823998    0
14780    1369282.1717983957  115558.79909405072    0
14781    1369451.2451975357  115459.42412310182    0
14782    1369450.9263829258  115257.19331871464    0
14783    1369049.3811113657  115985.17804424645    0
14784    1368970.1512004833  115468.725169639    0
14785    1368915.3536043346  115642.49503634222    0
14786    1369047.6377459299  115788.30849485443    0
14787    1368610.1955819139  115782.16251882276    0
14788    1369219.9964778351  115885.22467718725    0
14789    1368827.9405716488  115854.70924283084    0
14790    1369451.3466988273  115963.06981921154    0
14791    1369259.9864372353  116149.07812990301    0
14792    1371813.9344457232  113873.73911673584    0
14793    1372026.5317921285  112230.9806046814    0
14794    1372587.8450459063  111911.13800587905    0
14795    1372548.7549506319  111488.89472639529    0
14796    1372627.8472328729  111694.50365063148    0
14797    1372400.1400220939  111664.07974535676    0
14798    1372775.3698112064  111519.73882972801    0
14799    1371996.5737839274  111706.6572712917    0
14800    1372236.6283924878  111374.73786340837    0
14801    1372716.7404672762  111102.59114568995    0
14802    1373013.2901476745  111331.17105180539    0
14803    1372204.6397333154  111744.91960096059    0
14804    1372119.5611095133  111989.40679411509    0
14805    1372687.2265155241  111319.43324316101    0
14806    1372452.3175131876  111268.78791240412    0
14807    1372260.3593917778  111150.52750882397    0
14808    1372027.626751608  111019.55053602846    0
14809    1365004.5949783444  111088.65942316309    0
14810    1364483.5531126822  108443.22118621845    0
14811    1364284.8190640251  108498.28252605369    0
14812    1370899.2455915087  111342.22265225918    0
14813    1371565.8245693585  111118.51437910445    0
14814    1365589.5570652802  107704.35037129499    0
14815    1365600.4476895626  108076.50662533613    0
14816    1365831.6481333582  107547.06265960968    0
14817    1366032.998977947  107631.42916526241    0
14818    1365118.9857605852  107793.21172617291    0
14819    1365019.611160958  107557.98344029127    0
14820    1365258.8021543124  107358.85451539344    0
14821    1369572.789330163  110301.28247773722    0
14822    1369186.5278807171  110649.49391082852    0
14823    1368538.6864702357  110086.21697848655    0
14824    1366247.568426765  108561.86053629387    0
14825    1366037.3924087333  109987.48612383645    0
14826    1365884.6694879404  108552.98601912026    0
14827    1366038.4896801745  108368.12620986546    0
14828    1365914.5995324827  108102.290581152    0
14829    1365070.5547917138  109638.21283268231    0
14830    1365209.6144515185  110483.63975674624    0
14831    1369530.669224615  115025.39887884892    0
14832    1369714.9097489391  114936.78132151283    0
14833    1370009.7480736831  115092.37126803817    0
14834    1368365.3031823572  113173.9090826079    0
14835    1369737.9477810054  113119.235915363    0
14836    1369924.9302203571  113278.4562284242    0
14837    1370354.7083964248  113137.36238223    0
14838    1370119.9214230517  113147.29945522087    0
14839    1370219.6992206301  112726.11838477328    0
14840    1370254.9305988464  113558.54345267759    0
14841    1370229.2077574693  112950.78017277794    0
14842    1370129.4299598907  113371.96124322558    0
14843    1370622.7168625421  112821.59326604592    0
14844    1369954.5294974004  113625.10319907466    0
14845    1370444.1810086013  112941.68169147437    0
14846    1370746.3325854943  113198.13229575296    0
14847    1370559.090622145  113112.51818888765    0
14848    1370531.4986494544  113420.4235116324    0
14849    1368860.6398903346  116052.36611810295    0
14850    1369559.3666295474  115821.97956371997    0
14851    1369376.1453731938  116315.38355888081    0
14852    1369056.9909461522  116192.65962554143    0
14853    1371318.7443875049  113714.62628009926    0
14854    1372152.9739954204  113744.66031666119    0
14855    1372271.3109817856  112265.86774198852    0
14856    1372134.2189727337  112625.39226169138    0
14857    1372125.0388127894  112415.99186741746    0
14858    1371747.8113720198  112498.11200890358    0
14859    1371667.585956987  111641.44198985898    0
14860    1373083.2022045604  111493.23180625061    0
14861    1373452.3288488688  110984.88256799721    0
14862    1372075.0894479135  111207.47369118661    0
14863    1372060.1182859992  110726.0581494151    0
14864    1364885.5573586326  110944.59535363804    0
14865    1365101.3621694755  110887.49100058984    0
14866    1365113.1551643435  110674.21798344016    0
14867    1364931.7120520782  110527.73605705453    0
14868    1365499.2274297292  110749.92457637767    0
14869    1365290.7140726938  110790.99871320077    0
14870    1365467.7838648243  111140.09830498273    0
14871    1365428.4810496517  110940.57708393104    0
14872    1365748.5394749257  110950.89040506919    0
14873    1365239.855711669  111081.36522221913    0
14874    1365249.7022349911  111514.78550142524    0
14875    1365305.9024542756  111296.68674709985    0
14876    1365591.1118271553  111429.56583868043    0
14877    1365048.8747458193  111346.74550190241    0
14878    1364350.3693713504  108311.68775756977    0
14879    1364576.333040721  108216.08308036019    0
14880    1364518.2299630078  108031.8173699019    0
14881    1364316.2403767859  107863.76321572704    0
14882    1364805.1957141778  108042.62413638616    0
14883    1364932.5962786158  108494.12535083697    0
14884    1364715.2535008073  108405.34655606531    0
14885    1364901.7984845471  108259.090614516    0
14886    1364674.8030602017  108814.80683260536    0
14887    1365070.3273424772  108054.09226721953    0
14888    1364755.9707159239  108616.09717667644    0
14889    1365042.109091135  108841.57952469164    0
14890    1365207.4303287917  108338.57728695871    0
14891    1371111.4226792292  111188.45491763801    0
14892    1369662.5115004731  110462.72613427107    0
14893    1369231.0775776422  110477.76336626909    0
14894    1369364.1635691631  110603.93176780891    0
14895    1369053.4418891962  110523.32550928868    0
14896    1369355.6415917086  110939.76684923773    0
14897    1368998.5489845632  110714.50372577776    0
14898    1366033.6068966596  109703.05819029684    0
14899    1366069.8586305485  108191.7202885974    0
14900    1365748.1911344056  108203.10554368397    0
14901    1366049.0785755822  107960.18214997793    0
14902    1365112.4083623837  109892.66574564154    0
14903    1365174.9667257674  110272.99548903637    0
14904    1365488.5659371193  110329.58490809947    0
14905    1364998.6297701481  110348.12293412027    0
14906    1368565.1994903444  113087.67388205622    0
14907    1368396.7338124798  112971.96538850262    0
14908    1368204.5169909629  113045.46644182705    0
14909    1368546.9312554335  112791.45192305281    0
14910    1368806.3854294505  112647.2522616796    0
14911    1371588.7784461309  113724.34807936505    0
14912    1372024.5044485123  113917.0226185839    0
14913    1372294.5834765718  112073.21507897114    0
14914    1371572.2013239865  111483.39282824045    0
14915    1371769.4512487033  111451.45626446193    0
14916    1371448.1840047932  111666.04630790339    0
14917    1371965.3013420741  111505.82176399059    0
14918    1371601.501649278  112042.68328449308    0
14919    1371087.7245357439  111649.90319518541    0
14920    1371577.9583921498  111832.74303881657    0
14921    1371802.8576320403  111821.46539730814    0
14922    1371245.1842333691  111976.3514419796    0
14923    1373281.6451401582  111219.94263381239    0
14924    1371932.2701771287  110860.44923067097    0
14925    1371882.9033281701  110554.8314897496    0
14926    1372040.3318184903  110285.38462980391    0
14927    1372336.1283542509  110643.6867616197    0
14928    1364994.6304270099  111615.60000916236    0
14929    1364893.6234510825  111240.54035582826    0
14930    1364864.6466963508  111449.47493475079    0
14931    1364151.817087149  107677.59350530927    0
14932    1363999.0121267079  107549.07107308139    0
14933    1364322.1812775254  107558.12736688917    0
14934    1364447.2321693941  107715.36145830071    0
14935    1364776.7259920132  107858.0244514927    0
14936    1370836.503380341  111032.37692199528    0
14937    1369468.5734925403  110774.60688542375    0
14938    1369690.2636057374  110874.36714348766    0
14939    1369968.3410435908  111225.32012697494    0
14940    1369878.7957817728  111010.6275168596    0
14941    1370225.466914593  110946.96525961054    0
14942    1369578.3786530215  111261.94760559364    0
14943    1370066.7249138542  111058.26526291497    0
14944    1370313.6751678761  111316.20015611729    0
14945    1369683.4579209255  111082.34195848189    0
14946    1368816.5109510005  110716.06174479837    0
14947    1366399.1628191608  109754.9771595573    0
14948    1365634.433380289  109850.61003368672    0
14949    1364875.5909589424  109800.94995845157    0
14950    1364652.6530062023  109834.65586879446    0
14951    1364769.4993377684  109475.69434799944    0
14952    1364887.5476577922  109617.1196854281    0
14953    1364701.8241747366  109652.16347100538    0
14954    1365005.4373771723  109398.73626244288    0
14955    1364498.9780319945  109473.16170131729    0
14956    1364816.3141357033  109219.07074695126    0
14957    1365400.3173107153  109419.95375504925    0
14958    1365199.3714133012  109474.59407869028    0
14959    1365217.1751094558  109143.24850055185    0
14960    1365372.3973743541  109714.09572912123    0
14961    1368154.3900738552  112872.57268106865    0
14962    1368855.0826458945  112837.5466643799    0
14963    1368729.4984218483  112398.00454088971    0
14964    1369083.7393547618  112507.59740876951    0
14965    1371445.5129545457  113948.59762358043    0
14966    1371470.9954849982  113240.79128711352    0
14967    1372156.0241621532  111554.24557157839    0
14968    1371117.4912200249  111420.09923354424    0
14969    1371890.0085732855  112039.70638637884    0
14970    1371785.6112333974  112258.57994491146    0
14971    1371479.6483586803  112333.04540499215    0
14972    1373032.8809401835  110999.09948978882    0
14973    1373581.2121144657  111257.96747087207    0
14974    1372143.4094963493  110501.53736017831    0
14975    1372690.8598601187  110528.48234085579    0
14976    1372567.8354899718  110838.80118573197    0
14977    1365203.7795759244  111771.68325358802    0
14978    1365005.7774155778  111812.2103318288    0
14979    1364961.7251308141  107898.85814805198    0
14980    1371028.3754647721  111014.57263059566    0
14981    1370915.0196651907  110835.74671225394    0
14982    1366227.2207286465  109652.7234653253    0
14983    1366426.3066297367  109500.21654928564    0
14984    1366215.8742389898  109867.49213020138    0
14985    1366421.0521711041  109996.18265606399    0
14986    1366663.0215607241  109448.18546610992    0
14987    1366556.8552538729  109862.26257721712    0
14988    1366586.4657556654  109649.20580749748    0
14989    1366636.8301565952  110037.86677909757    0
14990    1366851.8707305023  109635.19382773853    0
14991    1366223.3692607905  110250.04900995202    0
14992    1365860.1803199658  109847.60551948482    0
14993    1365761.0308120218  110155.40977542236    0
14994    1365744.6301044561  109647.98802711267    0
14995    1365642.1382663613  109428.7831987237    0
14996    1365545.4615028587  109607.54863155184    0
14997    1364511.651941275  109663.23379969211    0
14998    1364385.2962709717  109310.46307296143    0
14999    1364693.1390719856  109035.28804934266    0
15000    1364448.5410038938  108982.49195608601    0
15001    1364852.4175114271  108911.03882812119    0
15002    1365014.2894968139  109059.35600072925    0
15003    1364281.3262488483  108890.88149237692    0
15004    1364456.7233724536  108769.14472864005    0
15005    1365428.6616729982  109925.84086364909    0
15006    1368538.7859979677  112364.85538866202    0
15007    1368668.4127576509  112219.27386511667    0
15008    1368983.0567203129  112652.88140438845    0
15009    1368899.8938015366  112487.72021247668    0
15010    1369166.9022735381  112672.75860068132    0
15011    1369012.5761140808  112305.65243749933    0
15012    1369248.7150932446  112335.95066218851    0
15013    1369486.668880543  112303.19501006714    0
15014    1369343.9104280942  112146.81144633052    0
15015    1369509.9556676787  111827.38589278949    0
15016    1369585.5677097817  112069.56085878942    0
15017    1369977.0710955109  111814.43408396312    0
15018    1369745.3399219713  111886.78535767092    0
15019    1369701.6771930514  111563.72684275599    0
15020    1369945.3246615059  112120.03179161677    0
15021    1371419.7230719079  114203.39878576876    0
15022    1371598.0809929217  113465.95923622996    0
15023    1373243.3035090771  111012.60255202506    0
15024    1373162.029428934  110632.82985477628    0
15025    1373321.1108406472  110797.36825863515    0
15026    1373533.2513342144  110433.0915989552    0
15027    1373375.8086470189  110585.31262672506    0
15028    1373203.8151084287  110316.16974536145    0
15029    1373673.2808552578  110735.45681930242    0
15030    1373103.6703615831  111169.88942810119    0
15031    1372905.2610006735  111164.66807767256    0
15032    1373433.6139731342  111401.09653632595    0
15033    1374107.4663651723  111437.99660448695    0
15034    1372489.3812077839  110511.83735604683    0
15035    1372580.571514939  110304.07028983712    0
15036    1372431.617923778  110168.27412600405    0
15037    1372499.913432722  111051.0641923395    0
15038    1372816.3992472126  110872.41329512052    0
15039    1372710.9944192066  110716.0102109111    0
15040    1372922.5025722096  110598.45608598937    0
15041    1372865.0076419793  110370.38405788878    0
15042    1373017.5611813925  110787.79365076503    0
15043    1372971.446252754  110183.00124203096    0
15044    1373050.6668482446  110444.86401727999    0
15045    1365474.1443773652  111687.45985319369    0
15046    1365363.5361931089  112015.28130713078    0
15047    1367016.5812747993  109506.04492741302    0
15048    1366913.8351281425  109806.52612686544    0
15049    1369355.0504480151  112729.34906833805    0
15050    1369758.031260476  112147.6499327385    0
15051    1370954.3800948204  114280.65863629892    0
15052    1371343.4944535021  113461.20098289807    0
15053    1370947.6458427454  113550.46276742735    0
15054    1371111.0087387625  113179.63150960105    0
15055    1371160.3177054427  113571.23276432839    0
15056    1371022.5534000935  113882.65478742485    0
15057    1371071.2983566467  113383.53672030767    0
15058    1371279.6258802041  113277.17195302479    0
15059    1371326.4141433912  113001.77600961547    0
15060    1371933.6988964705  113128.08771474578    0
15061    1373739.2152100001  111016.44154103468    0
15062    1373818.9504708895  111422.19751214809    0
15063    1365687.5234084523  111628.76538353061    0
15064    1365954.75035152  111936.56751122234    0
15065    1365654.8146452263  111927.06370249734    0
15066    1365864.5449492196  111744.98052969707    0
15067    1366080.8224028859  111662.29731190334    0
15068    1366070.3517632377  111468.36893834692    0
15069    1365921.1172030042  111341.4540555368    0
15070    1365840.5062894283  111143.66332352188    0
15071    1366282.5008528859  111736.75113317922    0
15072    1366471.6683608126  111613.79011583577    0
15073    1366205.2926675964  111978.81570804243    0
15074    1366444.2138361109  111397.1444156277    0
15075    1366376.9211350505  112062.8007095628    0
15076    1366190.2205080055  112270.98470378693    0
15077    1366721.7466832695  111308.83730724499    0
15078    1365390.0495601241  112197.65268697687    0
15079    1365199.4569299517  112190.37181903207    0
15080    1371197.9472226046  114307.65411888335    0
15081    1371028.3081152372  114725.93370316463    0
15082    1371097.643153769  114100.35732618305    0
15083    1371054.1394179638  114492.87040480088    0
15084    1370861.6889977143  114059.94119765397    0
15085    1371231.4155977028  113932.4154486261    0
15086    1370628.0668329364  114563.61028023709    0
15087    1370725.8131476855  113775.02651665997    0
15088    1370831.1269715049  114468.15307668985    0
15089    1370602.6314747776  114245.79606593819    0
15090    1370997.3682572015  112822.62929416666    0
15091    1371813.5385769736  113344.35428928859    0
15092    1371690.127324064  113134.27095811178    0
15093    1372159.5022500881  113395.06133311127    0
15094    1371804.112901092  112823.91192004854    0
15095    1371973.0876878062  113461.35652075309    0
15096    1374204.3564300153  110759.06575828386    0
15097    1373784.1990709396  111218.31413418235    0
15098    1374061.8373865264  111050.49893620919    0
15099    1373948.3511181895  111701.41436303681    0
15100    1365798.6894829636  112124.10829005735    0
15101    1366014.2488339224  112144.78171559109    0
15102    1365479.0438273519  111871.68348036792    0
15103    1366071.4413594268  112416.72366054032    0
15104    1366657.4288637957  111110.81953926031    0
15105    1366866.2036164415  111081.74323685162    0
15106    1366936.7287231253  111286.09732552263    0
15107    1366857.166001227  111473.53093850483    0
15108    1371125.9038388503  112978.30206771885    0
15109    1370922.3584140791  113064.45873934648    0
15110    1371255.3725776442  112740.50169396617    0
15111    1370730.6343793317  112994.72523093263    0
15112    1373922.5120125585  110825.2018445741    0
15113    1373760.8702004976  111618.70754755738    0
15114    1370992.7702777807  112361.85989990216    0
15115    1371525.939305627  112807.22888834278    0
15116    1373921.5751287839  110436.8608871524    0
15117    1371065.881103276  112591.53797162104    0
15118    1370810.5419011912  112641.5380717548    0
15119    1371239.8915859195  112409.67187341297    0
15120    1371153.833816054  112191.92821121962    0
15121    1371422.2698584993  112566.91470908139    0
15122    1370772.0600413273  111991.37283422152    0
15123    1371363.8286138759  112153.77007060088    0
15124    1371009.2461393971  112003.51613957479    0
15125    1370881.4505399016  112177.19101986696    0
15126    1370901.0692635265  111793.99316966622    0
15127    1371109.9940866267  111840.36049115172    0
15128    1371264.9205423403  111725.71484463304    0
15129    1370733.6027175896  112392.20136955693    0
15130    1370507.6462422963  111677.69880712553    0
15131    1370875.7148849652  111568.20657871365    0
15132    1371393.1709240645  111861.90924892755    0
15133    1370659.3715438962  112182.82013762438    0
15134    1370686.9110689003  111794.86799930118    0
15135    1370531.7411675004  111978.80650899064    0
15136    1370633.928441915  111428.81338860965    0
15137    1370374.3498840407  112401.71691090656    0
15138    1370432.7059605424  112182.69209174634    0
15139    1370178.6122046243  112232.27887793382    0
15140    1370259.846600679  111972.73210616753    0
15141    1371657.199807297  112946.06640475879    0
15142    1371673.2307972468  112678.76498186153    0
15143    1374025.5721865965  110630.78160008755    0
15144    1374314.8477208791  110350.80057531595    0
15145    1374222.5983574735  110544.91862542767    0
15146    1374612.8407913758  110611.39227318976    0
15147    1374427.0940798118  110523.12116245794    0
15148    1374670.8181112024  110241.64608837788    0
15149    1374432.4936064405  110751.32572951318    0
15150    1374770.73061403  111001.06480851232    0
15151    1374326.7123877686  110999.46577738685    0
15152    1374636.831786307  110828.49509373172    0
15153    1374864.1448351252  110693.49883992276    0
15154    1374548.5957269482  111035.19014575126    0
15155    1374720.1579793796  111411.91135237516    0
15156    1374391.2110835726  111305.7843451753    0
15157    1374687.5042968937  111199.35602959443    0
15158    1374922.1493457616  111181.22930245046    0
15159    1375010.3006039457  110953.43086439387    0
15160    1374993.6634513489  111447.62450766211    0
15161    1370811.5627753837  112827.40203806825    0
15162    1370692.1310931891  111607.25080509235    0
15163    1370434.5505545335  111484.13078989986    0
15164    1370223.8580629621  111674.27837490127    0
15165    1370712.1843439457  111218.82626243631    0
15166    1370131.1781019804  112484.85430923675    0
15167    1370398.8735607697  111837.92080111087    0
15168    1371505.7226678808  113056.5481008137    0
15169    1375093.7297095449  110688.44125043892    0
15170    1374224.3294888139  111180.97334064955    0
15171    1375219.718234492  111439.38427526584    0
15172    1375229.6044214836  111825.1577611485    0
15173    1375113.6755124091  111635.11524303436    0
15174    1374835.0673475633  111935.4510652566    0
15175    1375016.7668690742  111824.61151462793    0
15176    1375122.5055185859  112089.88678474423    0
15177    1374797.392073757  111669.33991534181    0
15178    1369980.8274598562  111533.69851106951    0
15179    1369983.0859683277  112676.06160989816    0
15180    1369888.162891164  112842.9307675184    0
15181    1369834.5996423471  112519.684937668    0
15182    1375344.547102133  112025.68753208384    0
15183    1375483.5125349287  112220.18007989354    0
15184    1374400.4531150716  111861.25998014143    0
15185    1369823.7081922351  111385.61837653215    0
15186    1370178.3647707284  111472.56368363065    0
15187    1369963.8710248549  112340.33502409539    0
15188    1375417.9382048326  112394.09461504886    0
15189    1374629.6314352183  111828.81355328273    0
15190    1374635.8889948153  112067.96212852243    0
15191    1374477.8246284355  111582.15796684301    0
15192    1374831.8158629024  112146.51248909243    0
15193    1374368.9806745974  112134.54043688152    0
15194    1374232.5593389792  111664.44184420182    0
15195    1374538.7614449384  111411.301950054    0
15196    1374389.1663706508  112333.9961850946    0
15197    1374083.2626103878  112339.31938493995    0
15198    1374210.7907167575  111977.86993868637    0
15199    1374299.553650392  111479.65824248803    0
15200    1374107.4047698979  111813.21944247636    0
15201    1364876.1224411866  101778.20516528879    0
15202    1367808.0777464092  110599.03184061158    0
15203    1369916.378623998  101223.02607426085    0
15204    1367011.3352402318  114649.57953921061    0
15205    1376079.3142187423  112287.72262492047    0
15206    1367951.9474998792  105972.29360263387    0
15207    1368935.2441640529  111124.32504176916    0
15208    1369174.1046006817  111097.33329131226    0
15209    1369385.3267793022  111157.32834629269    0
15210    1369377.0521983292  111403.02432248717    0
15211    1369452.7518184774  111612.30881318197    0
15212    1369136.6446593013  111377.63780262733    0
15213    1366841.1802707762  101071.30791709859    0
15214    1368059.5537878103  111667.02374471651    0
15215    1368221.4357909015  111762.23388090931    0
15216    1368148.6819106261  111940.11606485715    0
15217    1368274.9634996571  112117.54675661343    0
15218    1367915.9620787306  111825.26080791703    0
15219    1367620.2023199245  111778.97351412282    0
15220    1367582.2951401712  111584.91731189063    0
15221    1374394.1927745999  114745.60726398633    0
15222    1368806.3287944209  104918.5050762774    0
15223    1368772.2957600451  104692.1197516575    0
15224    1368630.8865964843  104829.12891641962    0
15225    1367977.9093254253  112234.5768805401    0
15226    1368719.9790748639  116621.36702977295    0
15227    1373855.7663866309  116639.28013012819    0
15228    1366377.230543518  113231.00453747937    0
15229    1374317.2226530716  108314.98804268157    0
15230    1367263.7007509104  111619.18720686255    0
15231    1367079.5797201179  111689.70179009542    0
15232    1376199.7968711667  111622.54936120803    0
15233    1364453.5779199579  100087.78270161313    0
15234    1367872.5601594748  98780.326658871301    0
15235    1374157.5938257438  114541.03320507849    0
15236    1376085.6084655121  114468.73065899323    0
15237    1366615.3688561965  100475.54519343688    0
15238    1367037.7023324335  101630.99336312895    0
15239    1364916.7130490378  103739.40267690965    0
15240    1367386.6503851216  102956.22534102132    0
15241    1361170.1889748329  108582.95757293681    0
15242    1361382.0720534076  108543.25055504662    0
15243    1361316.9605983819  108780.98000662154    0
15244    1361489.0553625526  108872.2055024026    0
15245    1361173.3007421887  108930.37872380152    0
15246    1361106.0059441209  108757.25695595125    0
15247    1364869.4991023385  112012.02502736379    0
15248    1361782.1960401377  108053.86846794591    0
15249    1373375.727737688  114269.98403003984    0
15250    1372840.5448824093  114984.48725028145    0
15251    1372303.2921780518  117025.28963544128    0
15252    1365974.7029617191  99639.550896128392    0
15253    1366054.3431135351  99434.009988715523    0
15254    1368397.3171123601  104662.06903157628    0
15255    1371471.4646838247  115819.13015480283    0
15256    1366956.3826818762  114888.37667136577    0
15257    1370546.8436888221  108536.77988664692    0
15258    1374282.0189398094  117704.38609417049    0
15259    1368735.8584511348  116334.50162233692    0
15260    1366391.2490448013  112436.89518267474    0
15261    1375650.3547527001  111490.31204699219    0
15262    1375861.2413975801  111590.10018821659    0
15263    1375465.5508607908  110764.31832392181    0
15264    1375411.2513796054  110946.73811085106    0
15265    1375600.8419880108  110903.88072888757    0
15266    1374970.817673417  110214.50914890369    0
15267    1370706.6702605672  118026.42132628469    0
15268    1367934.8292918762  107663.88034774232    0
15269    1367729.0238149362  107530.8703868615    0
15270    1369424.9777512625  108681.06818447373    0
15271    1366813.4330502769  106760.55460658912    0
15272    1370267.5407232016  117316.00331061284    0
15273    1370512.8788677903  117380.356600603    0
15274    1370344.8780832733  115393.93797229014    0
15275    1371942.25576492  108874.09143143686    0
15276    1372143.7680791265  108830.66212162393    0
15277    1364358.8148219413  99851.797331531823    0
15278    1364153.1944534534  99857.118548649101    0
15279    1364107.5643835925  99674.726286059624    0
15280    1364100.1460180625  99474.527576016204    0
15281    1364289.9029093825  99469.272551484042    0
15282    1374321.25959066  109246.4072450168    0
15283    1368946.1556228837  109643.26887556812    0
15284    1367157.671805396  99598.128207892049    0
15285    1367493.0697866385  102413.54854992044    0
15286    1368027.6487577127  101892.72006331116    0
15287    1368309.1681452268  101963.01842857481    0
15288    1368486.6544830434  102226.3099894053    0
15289    1368281.2337400513  102173.31722492471    0
15290    1365434.7819137988  104449.6155176052    0
15291    1365512.7520762505  104639.63353298913    0
15292    1367271.0628202274  111267.79064263118    0
15293    1367725.8321813776  106697.23194249978    0
15294    1373830.100793788  108934.435492099    0
15295    1374081.8129376862  109038.7165624613    0
15296    1373915.0071038422  109136.61166051116    0
15297    1373807.8502566661  109313.2720043882    0
15298    1373587.9108867045  109300.24890924596    0
15299    1373495.199887177  109106.15759134469    0
15300    1373683.5440996438  109548.8806743079    0
15301    1373459.5457412868  109492.33098001948    0
15302    1373478.9273628106  109887.47219365384    0
15303    1373529.5520996554  109686.94311762269    0
15304    1373728.2553113846  109843.7616976693    0
15305    1373329.8946250908  109743.19321497304    0
15306    1373960.3038692218  109914.79586779028    0
15307    1373652.691097189  110145.68566104333    0
15308    1374027.0567315754  110182.21687665024    0
15309    1374170.6874437053  108861.3968534006    0
15310    1374302.7088959177  108705.91104234585    0
15311    1374229.6335354054  110166.33325139285    0
15312    1374427.8736681873  110031.78597551852    0
15313    1374112.2709170491  110366.68420057333    0
15314    1373831.4423845855  110250.35614064598    0
15315    1374127.196116175  108668.73695826549    0
15316    1368599.5667381254  104367.20206877711    0
15317    1370421.0710001322  108721.0073581919    0
15318    1374580.1335526109  116107.85745936989    0
15319    1365265.9527229015  104816.94735769893    0
15320    1365362.5716522783  105010.53397109773    0
15321    1374495.6038203153  114389.34956630635    0
15322    1374604.3540739089  117357.8185876533    0
15323    1374700.8057295082  117548.53336860609    0
15324    1376042.1550655968  116427.89094963977    0
15325    1376216.8464264553  116533.00854685632    0
15326    1376417.4856675912  116529.82143017025    0
15327    1362500.4999770666  109081.2943546079    0
15328    1366767.9584289144  115288.40938851074    0
15329    1375680.7927616115  112598.09028860764    0
15330    1375689.0149560776  112780.52921909391    0
15331    1375505.3126675722  112754.13735121586    0
15332    1375199.6620275336  113600.19754787965    0
15333    1375009.3897867617  113655.81353189136    0
15334    1375267.4055617526  112535.13303992648    0
15335    1366738.8360895743  107481.5536979008    0
15336    1374500.2449613821  108595.6381237794    0
15337    1364729.9108236076  106954.8929969841    0
15338    1364961.1003725696  107180.29272676175    0
15339    1367867.0419522678  114538.93753235518    0
15340    1368090.4380710891  114481.57221513947    0
15341    1368207.436172711  114665.66403589312    0
15342    1367320.3457932321  114790.83420045397    0
15343    1367553.2424091948  115199.36520076398    0
15344    1367579.1785454785  115399.34527366335    0
15345    1367351.0943558419  115169.77493650951    0
15346    1367823.2888911176  115146.35626696415    0
15347    1375113.2234070671  116508.57670746528    0
15348    1375236.7954180636  116370.90437382477    0
15349    1373009.7690173946  113966.11566824581    0
15350    1372845.7994187283  114060.3425025312    0
15351    1372760.7460348916  113722.55622065683    0
15352    1372969.0859312371  113758.62709734392    0
15353    1372911.6150515643  113470.8649435914    0
15354    1373086.447996163  113576.96821270896    0
15355    1372537.1223014542  113417.44881592249    0
15356    1373006.4650388288  113227.86038645478    0
15357    1372713.1297508494  113522.95136303881    0
15358    1372499.7684586938  113679.33120824255    0
15359    1372740.7395602649  113277.32471527392    0
15360    1372484.7361466135  113123.32310241851    0
15361    1373047.0230606827  113002.32297385244    0
15362    1373297.2406396263  113097.08197403527    0
15363    1372602.6783893346  113867.45525422026    0
15364    1372341.3829899672  113523.13455057463    0
15365    1372354.7178993309  113298.20845230199    0
15366    1372165.1589429162  113161.29915729366    0
15367    1372084.9577441565  112897.08289189718    0
15368    1373462.0149940434  113185.81295341655    0
15369    1372306.4421744994  112986.58419870745    0
15370    1372261.484484497  112786.36526088409    0
15371    1372340.3700886923  112593.20351685664    0
15372    1362085.5191602116  108908.62044310909    0
15373    1361983.9390150588  108668.38702324107    0
15374    1364005.7058901188  109639.80974704231    0
15375    1363243.4891506061  108100.23996537375    0
15376    1363075.932182177  107849.67839093805    0
15377    1363209.1658777734  107692.33901141476    0
15378    1368114.2092143563  114877.74839068897    0
15379    1370607.5051841883  109838.78079665217    0
15380    1375144.0657015983  117051.88083105664    0
15381    1374975.4769130789  117215.98584767865    0
15382    1374840.7732680556  112918.44484759832    0
15383    1374742.9805980399  112471.65243307767    0
15384    1373392.080772944  111655.38738481142    0
15385    1370189.8215247409  110132.4164274494    0
15386    1366368.9183501718  107402.02277989555    0
15387    1366465.5415342911  107253.19420332275    0
15388    1368570.3977994788  115426.30183344487    0
15389    1368520.697246413  115612.01585006862    0
15390    1368392.4456460308  115788.08879614323    0
15391    1368506.9355716596  115991.43673782652    0
15392    1368307.4131345837  115971.58735948101    0
15393    1369793.2243792559  115316.20189407068    0
15394    1368594.5721447647  109878.96855907784    0
15395    1365767.9594575949  107962.24819791038    0
15396    1369973.7663187666  114803.40571941537    0
15397    1370153.6736656867  114372.88502852996    0
15398    1370380.0881637547  114899.53383772458    0
15399    1369993.0195004209  114558.60082901582    0
15400    1369822.8320076691  114363.23791076105    0
15401    1370269.2353246512  114635.19723575143    0
15402    1370159.0444835308  114927.05801687174    0
15403    1370298.0628061919  115142.14807007847    0
15404    1369924.5213954183  114000.56521787489    0
15405    1370408.6726698505  114417.15665320025    0
15406    1370470.0000630827  114706.41610651121    0
15407    1370744.4306199963  114851.29148271508    0
15408    1370151.065896983  115299.72632559309    0
15409    1369807.2559095034  114163.27791327152    0
15410    1369660.4113821408  113988.635667325    0
15411    1370024.1095080439  114195.94982542457    0
15412    1369634.2636566847  113779.16139926274    0
15413    1370296.4380909856  113934.0706592371    0
15414    1370254.585375671  114163.08500812286    0
15415    1370119.9244587065  114020.14402617837    0
15416    1370041.1996741185  113820.96033160113    0
15417    1370457.7343662495  114081.87929280967    0
15418    1370513.0132108042  113859.64456118456    0
15419    1370350.1600214029  113738.0751662238    0
15420    1370549.2999369758  113641.17223397421    0
15421    1370656.5856441015  114013.34930063139    0
15422    1370730.1819309818  113515.49370584998    0
15423    1370657.3500302818  115205.59295577118    0
15424    1370465.8161588614  115241.20483369901    0
15425    1370528.2194629649  115043.9569248614    0
15426    1370609.0881878813  115478.8988841558    0
15427    1370562.0952111834  114864.32271849849    0
15428    1370438.1768604212  115557.09757105789    0
15429    1371099.194699134  115424.53041566588    0
15430    1370887.5894913308  115785.7205426281    0
15431    1370846.1693388133  115379.8498259132    0
15432    1370690.0423241293  115685.22532445965    0
15433    1370679.0463047326  115951.25110201981    0
15434    1370941.1578666568  115087.49542899732    0
15435    1370942.1479782441  115575.10383344151    0
15436    1371207.7909698004  115694.98121735486    0
15437    1370928.8156355133  116051.79071737615    0
15438    1370488.5058931294  115932.32680200733    0
15439    1371403.1850189152  115459.4949192371    0
15440    1371290.7886438353  115860.78278217968    0
15441    1371418.6064345932  116002.53196462804    0
15442    1371079.6430949476  115874.52815108182    0
15443    1370742.5875174091  116176.91353212811    0
15444    1371047.6654539397  116192.77378624163    0
15445    1371390.9178968954  115648.12327353191    0
15446    1368256.2717078712  113376.82010524077    0
15447    1369828.5325673744  113461.27455927344    0
15448    1370336.5838381443  113345.42148112931    0
15449    1365817.9712713363  110609.6280934503    0
15450    1365333.8194233431  108102.38629167051    0
15451    1365266.5444849147  107919.90593214562    0
15452    1365461.2235647605  107939.08589164226    0
15453    1365481.8528476444  108241.09366444786    0
15454    1365297.4000049822  108595.02232354776    0
15455    1365460.2558361047  108672.05425106663    0
15456    1365224.70122404  108775.19395770013    0
15457    1365072.5478868412  108641.00007310018    0
15458    1369195.4347136649  110838.70426483883    0
15459    1365423.6045722899  110541.53763088779    0
15460    1365635.4710241824  110490.54119267159    0
15461    1365840.2109144605  110376.16198375128    0
15462    1366099.4425819931  110518.64832948873    0
15463    1366036.2299790119  110326.59484208138    0
15464    1366362.7520355163  110477.24598329242    0
15465    1365996.4259106864  110680.83242353337    0
15466    1366498.0065299277  110610.17091546298    0
15467    1371861.4263678158  110205.86619732091    0
15468    1372021.8555263244  110098.92611529003    0
15469    1372225.5025775323  110207.02070923426    0
15470    1364751.8187850744  111620.58699729638    0
15471    1370125.5813549464  110760.0044554636    0
15472    1370380.6663995995  110785.20686587782    0
15473    1370457.8177805652  111014.5624052223    0
15474    1365463.559965665  109089.57391266956    0
15475    1365526.7577247126  109272.91448956644    0
15476    1364566.182661307  108614.08924976405    0
15477    1365543.3815511058  110115.13573577648    0
15478    1369294.5306645187  111807.10383327954    0
15479    1372592.2016871022  110064.06822001428    0
15480    1365653.2824136438  111232.07221755775    0
15481    1370908.6560060757  113733.79641155196    0
15482    1371916.3084803151  112636.75869281135    0
15483    1373995.7387960632  111254.71754436487    0
15484    1373896.2764456002  111880.21159612758    0
15485    1373726.5181095151  110527.19449414924    0
15486    1370558.7199726575  112576.05326511123    0
15487    1370364.9611707686  112596.30480991204    0
15488    1370070.8527360437  111978.62422316575    0
15489    1375459.8834234287  111743.44874514043    0
15490    1375303.7485074473  111635.05301032038    0
15491    1374124.1851384123  112538.22202740937    0
15492    1373906.6985348549  112431.58832851748    0
15493    1373954.1438611629  112212.99787018626    0
15494    1374130.106243334  112162.28873751397    0
15495    1367218.9553106567  111820.37525901456    0
15496    1371688.449087559  115790.04909605136    0
15497    1374412.6962231968  109408.12885154223    0
15498    1374189.802624963  109395.04577036871    0
15499    1374021.4133895352  109502.01156479411    0
15500    1374480.615786708  109090.67694352521    0
15501    1368632.4526118708  102098.16946205051    0
15502    1368660.1465694588  102353.53524824409    0
15503    1368264.0886450727  102392.26141011249    0
15504    1374269.7580362828  109063.90900130456    0
15505    1373272.067712635  109465.14402367575    0
15506    1373342.1654948299  110102.33067720485    0
15507    1373272.7150796347  109924.92526781897    0
15508    1373398.4261245332  110290.40514109512    0
15509    1373144.8691016985  109798.74154079896    0
15510    1374471.5409683988  110226.78685584407    0
15511    1368316.8498143628  114506.59097880784    0
15512    1372350.1469443436  113838.20729839557    0
15513    1372626.2340030405  112969.38205600341    0
15514    1370834.0790064223  114670.19906635763    0
15515    1370755.7169319461  115041.91756048745    0
15516    1370933.0175357426  114894.24915712178    0
15517    1371259.7915965354  114968.11816934741    0
15518    1371499.3421225771  114927.38555095847    0
15519    1371340.298434203  114716.81232515033    0
15520    1371231.6679591849  114560.82146281822    0
15521    1371274.7839166499  115236.87990737056    0
15522    1371078.1267346351  115228.83976169297    0
15523    1371594.0154425988  115391.83923482655    0
15524    1365694.9164145016  110762.28617581489    0
15525    1365951.0409507148  110156.74647140897    0
15526    1366530.6455224901  110393.31846507202    0
15527    1370501.4888949366  111220.69072012643    0
15528    1371534.6371367804  114640.55264123724    0
15529    1364291.7858018116  103063.05655385822    0
15530    1368343.3782180843  100673.64535425078    0
15531    1374758.7382597988  110037.93870899627    0
15532    1374779.5953887452  110448.12129635713    0
15533    1374588.7017039733  110416.79860854606    0
# Generated by C:\Users\lukem\Python\PATH\modflow_exe\triangle.exe -a -q30 -A -p -V -D -e -n _triangle.0
