18817  2  0  1
   0    1212297.9599487258  666145.85482318234    1
   1    1213192.5725487971  666957.7721408935    1
   2    1214302.1403440021  666876.58425343956    2
   3    1215232.2033177107  666681.43711163464    3
   4    1216029.6256250129  666595.14092229481    4
   5    1216447.8755230557  666508.33433968213    5
   6    1216866.9409943856  666335.95628110936    6
   7    1217285.6177461471  666215.15409911959    7
   8    1217868.4372775664  666258.77089387598    8
   9    1218135.5261180159  666411.63487456983    9
  10    1218403.6551706293  666496.48584058683    10
  11    1219169.6135590721  666401.72810181021    11
  12    1219907.0668257237  666253.24637530663    12
  13    1220513.1250435412  666281.6423774577    13
  14    1220814.6768136059  666315.60277826164    14
  15    1220884.646300735  666353.94491587521    15
  16    1220924.1334336633  666399.14138571441    16
  17    1221170.5807366865  667268.55766294082    17
  18    1223369.6191361242  667840.14887145895    18
  19    1232319.1234413993  668137.36488159723    19
  20    1234125.4232001011  661686.87680425204    20
  21    1233607.6179679546  660157.35981083475    21
  22    1232909.6930689611  659196.68671457388    22
  23    1232872.8085087705  659101.97458462196    23
  24    1232880.2341610375  659020.67649451469    24
  25    1233723.9847160254  656260.05574664415    25
  26    1233130.4057983579  655096.64106801758    26
  27    1232512.2950930193  653964.10274339595    27
  28    1231274.1842577294  653424.76891407778    28
  29    1230343.0480912861  652451.6090986951    29
  30    1229392.4877396659  651346.23782965401    30
  31    1229361.3846900635  651278.13741646509    31
  32    1229357.50268722  651203.37114047771    32
  33    1229575.2972953955  649616.58185234212    33
  34    1227966.8349562723  648657.01018792635    34
  35    1227909.2806380074  648605.22496981628    35
  36    1227869.6491548114  648497.04036137741    36
  37    1227809.7699856497  647482.83693368768    37
  38    1226187.8363564841  646832.53361150285    38
  39    1224292.1415029378  645434.83626783954    39
  40    1222731.3607285765  644638.75964172068    40
  41    1219755.6282276574  646482.41999555076    41
  42    1218439.5153008441  648056.58901028207    42
  43    1216418.4304297066  649305.12554481416    43
  44    1214862.8909170276  651075.79286243801    44
  45    1212662.5730260056  654272.48111920618    45
  46    1211829.6538064466  658970.14551751723    46
  47    1211662.6758805872  660990.57842042577    47
  48    1211662.6758805863  663718.74389618798    48
  49    1217050.1014681531  658622.44884754764    50
  50    1217012.831625202  658637.50684152683    50
  51    1216996.3397448708  658673.18651532591    51
  52    1216986.2202256443  658855.25441889279    52
  53    1217027.6774804634  658935.67222642712    53
  54    1217408.5364947135  658968.9926770858    54
  55    1217454.1216777922  658948.43827290949    55
  56    1217463.0548349281  658898.53064955072    56
  57    1217391.3736803781  658753.96618864313    57
  58    1217284.4873528066  658646.9156242332    58
  59    1216427.5746631324  662745.5125528872    60
  60    1216683.1866847277  662515.41065089405    60
  61    1216885.658392638  662496.25616164505    61
  62    1217003.8323688954  662434.79335805774    62
  63    1217215.1754501313  662224.22455348074    63
  64    1217369.7056528926  662163.40512131155    64
  65    1217479.0771533102  662054.83119148016    65
  66    1217550.3033888042  662057.05362798274    66
  67    1217837.8677743077  661911.7763594687    67
  68    1217889.0366352201  661818.46421013772    68
  69    1217867.3933058083  661762.05749881268    69
  70    1217754.1838865578  661707.97099280357    70
  71    1217565.1839364767  661749.99059380591    71
  72    1217163.3707637191  661948.44393706322    72
  73    1216937.1530403048  662153.90874922276    73
  74    1216722.5182989687  662289.96195480227    74
  75    1216517.869758144  662299.99802397192    75
  76    1216208.2509548068  662554.65729156137    76
  77    1216201.7348917276  662628.74342948198    77
  78    1216283.5567960835  662744.46748922335    78
  79    1216037.1678347788  663026.86864164355    79
  80    1215977.1949826956  663044.88943433575    80
  81    1215833.6065675861  663193.50788691523    81
  82    1215692.6180747377  663281.28154401947    82
  83    1215602.1465623914  663309.25550089253    83
  84    1215328.0828683688  663287.7673576473    84
  85    1215284.4092062446  663320.07356933691    85
  86    1215089.4379876677  663339.95381007902    86
  87    1214854.2102833246  663279.02616995701    87
  88    1214451.2700528703  663358.4781134295    88
  89    1214327.5899276708  663446.60960644344    89
  90    1214190.5937135986  663473.46992341569    90
  91    1213827.3778076808  663632.01146865333    91
  92    1213445.0084938779  663870.98289517208    92
  93    1213245.0301693573  663902.83867473074    93
  94    1213069.6201756434  663988.73746257287    94
  95    1212995.3254762555  664045.26145267626    95
  96    1212873.2349803301  664246.01893931045    96
  97    1212819.724191214  664262.58839562803    97
  98    1212651.7403299503  664251.61171796394    98
  99    1212449.9110038567  664070.54959682631    99
 100    1212292.3574138905  663985.36315294122    100
 101    1212182.5631649245  663970.32813853666    101
 102    1212121.4540419835  664009.53913645074    102
 103    1212085.7092805849  664134.92490695592    103
 104    1212028.6207957675  664201.32670592307    104
 105    1211697.7878323717  664485.82386936364    105
 106    1211667.3644505711  664619.07595305913    106
 107    1211743.2330725868  664746.6080202536    107
 108    1211789.5141175017  664749.90018577094    108
 109    1211796.6007456109  664688.15765734809    109
 110    1211731.2921397102  664598.364331797    110
 111    1211735.0489003719  664548.46891709813    111
 112    1212078.6422232795  664244.15097892517    112
 113    1212143.7881153275  664165.63420695066    113
 114    1212182.1082864264  664042.51085498184    114
 115    1212268.4263840611  664046.53263592022    115
 116    1212421.7225962766  664130.5214257671    116
 117    1212626.0658470166  664312.49436190503    117
 118    1212704.7339158787  664339.17544045963    118
 119    1212850.9126209102  664322.84228489967    119
 120    1212919.4074062756  664293.4102224292    120
 121    1213047.9683635836  664084.65477482625    121
 122    1213101.1941648473  664046.27777527785    122
 123    1213266.075148734  663965.07687785442    123
 124    1213473.2416062155  663930.22802546213    124
 125    1213857.3634692738  663690.87834837672    125
 126    1214214.3089280538  663534.74044163863    126
 127    1214356.7894563153  663505.49807406438    127
 128    1214472.8384758928  663421.01028758846    128
 129    1214855.3544962916  663344.70220116572    129
 130    1215089.6531646738  663405.68789699569    130
 131    1215348.7300194276  663358.76302466751    131
 132    1215604.9565493485  663375.49201106711    132
 133    1215701.1902790309  663349.37844648457    133
 134    1215874.9880886329  663244.49250488332    134
 135    1216012.4164279695  663101.29170675471    135
 136    1216075.6651188473  663083.59782247187    136
 137    1216272.8596838301  662830.54989505513    137
 138    1217066.279506858  658894.21796126431    139
 139    1217062.4191048448  658890.2203979562    139
 140    1217058.279506858  658894.21796126431    140
 141    1217062.1399088711  658898.21552457241    141
 142    1217166.1016369951  658900.17970053456    143
 143    1217162.2412349819  658896.18213722645    143
 144    1217158.1016369951  658900.17970053456    144
 145    1217161.9620390083  658904.17726384266    145
 146    1217265.9237671311  658906.14143980469    147
 147    1217262.0633651179  658902.14387649659    147
 148    1217257.9237671311  658906.14143980469    148
 149    1217261.7841691442  658910.1390031128    149
 150    1217365.745897267  658912.10317907482    151
 151    1217361.8854952538  658908.10561576672    151
 152    1217357.745897267  658912.10317907482    152
 153    1217361.6062992802  658916.10074238293    153
 154    1217343.373783096  658867.35652113904    155
 155    1217339.5133810828  658863.35895783093    155
 156    1217335.373783096  658867.35652113904    156
 157    1217339.2341851091  658871.35408444714    157
 158    1217271.0906038571  658819.62899356824    159
 159    1217267.2302018439  658815.63143026014    159
 160    1217263.0906038571  658819.62899356824    160
 161    1217266.9510058702  658823.62655687635    161
 162    1217370.912733993  658825.59073283814    163
 163    1217367.0523319799  658821.59316953004    163
 164    1217362.912733993  658825.59073283814    164
 165    1217366.7731360062  658829.58829614625    165
 166    1217348.540619822  658780.84407490247    167
 167    1217344.6802178088  658776.84651159437    167
 168    1217340.540619822  658780.84407490247    168
 169    1217344.4010218352  658784.84163821058    169
 170    1217253.885326412  658688.36988939601    171
 171    1217250.0249243989  658684.37232608791    171
 172    1217245.885326412  658688.36988939601    172
 173    1217249.7457284252  658692.36745270411    173
 174    1217248.718489686  658774.88233563246    175
 175    1217244.8580876729  658770.88477232435    175
 176    1217240.718489686  658774.88233563246    176
 177    1217244.5788916992  658778.87989894056    177
 178    1217154.0631962761  658682.40815012588    179
 179    1217150.2027942629  658678.41058681777    179
 180    1217146.0631962761  658682.40815012588    180
 181    1217149.9235982893  658686.40571343398    181
 182    1217049.0742294141  658762.95885709231    183
 183    1217045.2138274009  658758.9612937842    183
 184    1217041.0742294141  658762.95885709231    184
 185    1217044.9346314273  658766.95642040041    185
 186    1217071.4463435849  658807.70551502798    187
 187    1217067.5859415717  658803.70795171987    187
 188    1217063.4463435849  658807.70551502798    188
 189    1217067.3067455981  658811.70307833608    189
 190    1217171.2684737211  658813.66725429834    191
 191    1217167.4080717079  658809.66969099024    191
 192    1217163.2684737211  658813.66725429834    192
 193    1217167.1288757343  658817.66481760645    193
 194    1217243.55165296  658861.3947818689    195
 195    1217239.6912509468  658857.3972185608    195
 196    1217235.55165296  658861.3947818689    196
 197    1217239.4120549732  658865.39234517701    197
 198    1217143.7295228241  658855.43304259866    199
 199    1217139.8691208109  658851.43547929055    199
 200    1217135.7295228241  658855.43304259866    200
 201    1217139.5899248372  658859.43060590676    201
 202    1217148.8963595501  658768.92059636221    203
 203    1217145.0359575369  658764.9230330541    203
 204    1217140.8963595501  658768.92059636221    204
 205    1217144.7567615632  658772.91815967031    205
 206    1217043.9073926881  658849.47130332876    207
 207    1217040.0469906749  658845.47374002065    207
 208    1217035.9073926881  658849.47130332876    208
 209    1217039.7677947013  658853.46886663686    209
 210    1217054.2410661399  658676.44641085574    211
 211    1217050.3806641267  658672.44884754764    211
 212    1217046.2410661399  658676.44641085574    212
 213    1217050.1014681531  658680.44397416385    213
 214    1217076.6131803109  658721.19306879153    215
 215    1217072.7527782978  658717.19550548343    215
 216    1217068.6131803109  658721.19306879153    216
 217    1217072.4735823241  658725.19063209963    217
 218    1217176.4353104469  658727.15480806155    219
 219    1217172.5749084337  658723.15724475344    219
 220    1217168.4353104469  658727.15480806155    220
 221    1217172.2957124601  658731.15237136965    221
 222    1217276.2574405831  658733.11654733168    223
 223    1217272.3970385699  658729.11898402357    223
 224    1217268.2574405831  658733.11654733168    224
 225    1217272.1178425963  658737.11411063978    225
 226    1217415.6569623351  658915.08404870972    227
 227    1217411.7965603219  658911.08648540161    227
 228    1217407.6569623351  658915.08404870972    228
 229    1217411.5173643483  658919.08161201782    229
 230    1211833.017064183  664369.53457198036    49
 231    1211852.6007206622  664444.35418263101    49
 232    1211768.1940947366  664121.87758614682    49
 233    1216991.2799852574  658764.22046710935    52
 234    1217218.1069875886  658952.33245175646    54
 235    1217427.2142576531  658826.24841909693    57
 236    1217337.9305165922  658700.44090643805    58
 237    1217167.2944104797  658634.68223589042    59
 238    1216199.4060283105  662840.9177265648    79
 239    1215474.5381942457  663299.25028329599    84
 240    1214652.7401680974  663318.75214169326    88
 241    1212550.8256669035  664161.08065739507    99
 242    1211784.4918205035  664411.26346755459    105
 243    1211682.5761414715  664552.44991121138    106
 244    1211948.4210564275  664359.48685526743    112
 245    1212523.8942216467  664221.50789383613    117
 246    1215222.7792972459  663381.57564358565    131
 247    1215788.0891838321  663296.93547568389    134
 248    1216194.1809726777  662931.51355392009    137
 249    1216328.9460562882  662799.72265345778    138
 250    1217313.3217411512  658960.66256442119    54
 251    1217122.892234026  658944.00233909185    54
 252    1216233.520328254  662881.03172448755    137
 253    1216241.481412197  662792.69260789407    79
 254    1217225.8908816432  658640.79893006175    59
 255    1215476.4580717995  663367.1023674031    132
 256    1214723.8917255527  663370.92769744806    129
 257    1215285.7546583368  663370.16933412664    131
 258    1211930.0675515418  664286.07678083179    105
 259    1215157.0694613939  663333.05776670796    86
 260    1215763.1123211619  663237.39471546735    82
 261    1216121.3186025517  662930.41840430221    79
 262    1217265.7143643699  658956.49750808883    54
 263    1217170.4996108073  658948.1673954241    54
 264    1217075.2848572447  658939.83728275949    54
 265    1214598.3651007228  663395.96899251826    129
 266    1214753.475225711  663298.88915582513    88
 267    1212013.5316398535  664301.81891709636    112
 268    1215220.7393338194  663326.56566802238    86
 269    1215156.2162309599  663393.63177029067    131
 270    1216160.3623154312  662885.66806543351    79
 271    1216134.9230457623  663007.55568819598    137
 272    1214552.0051104838  663338.61512756138    88
 273    1216079.2432186652  662978.64352297282    79
 274    1217048.9419845261  658673.83816428855    212
 275    1217052.1712671465  658678.4451925098    214
 276    1217051.7699808676  658673.88752714836    211
 277    1217047.3598907734  658670.76030170894    0
 278    1217051.0753224972  658673.16818734794    211
 279    1217049.6613243264  658673.14350591809    212
 280    1217051.9195954164  658671.6578006713    0
 281    1217050.3683234118  658673.15584663302    0
 282    1217050.0209942264  658672.79617673287    212
 283    1217049.2658008882  658672.37404027337    0
 284    1217049.8345223183  658672.24319028435    0
 285    1217049.3334057359  658671.3665157971    0
 286    1217050.4482689749  658671.44132307125    0
 287    1217050.7279933118  658672.80851744779    211
 288    1217051.1501297716  658672.05332410964    0
 289    1217051.2809797602  658672.62204553967    0
 290    1217051.7227064525  658672.22100064694    0
 291    1217051.8254601576  658673.13886962517    0
 292    1217050.7033118822  658674.22251561855    0
 293    1217052.7541040061  658672.26555153204    0
 294    1217050.0024831542  658673.85667536105    0
 295    1217050.7135958113  658673.6333497141    0
 296    1217051.4226516825  658673.52785724821    211
 297    1217051.2366463749  658674.05502138345    0
 298    1217050.4138708944  658673.92279070173    0
 299    1217050.1090040132  658674.50681464176    0
 300    1217050.2632731416  658673.54690991447    0
 301    1217049.8710525918  658673.48136300559    0
 302    1217049.3016544264  658673.49083510332    212
 303    1217049.5914083305  658673.78996057576    0
 304    1217049.7301167126  658674.23509672936    0
 305    1217049.1151825183  658672.93784865504    0
 306    1217049.4694537011  658674.99859078182    0
 307    1217049.2900030538  658674.12806059828    0
 308    1217049.4191972911  658674.55518958834    0
 309    1217047.591525333  658675.14228757215    212
 310    1217048.2667549294  658674.49022593035    212
 311    1217048.8246887634  658674.84712165513    0
 312    1217048.6043697279  658674.16419510939    212
 313    1217048.9983146824  658674.44939120905    0
 314    1217047.8954851464  658673.76794422569    0
 315    1217048.4293323515  658673.6451180107    0
 316    1217053.0055235038  658675.16696900199    211
 317    1217048.2565307936  658672.40644184174    0
 318    1217048.8289209392  658673.36119438196    0
 319    1217048.2947115244  658673.03250686557    0
 320    1217051.2474369905  658675.02224874729    0
 321    1217051.0960690598  658674.54026357026    0
 322    1217052.3877521856  658674.52724807512    211
 323    1217050.5875863186  658674.96471430187    0
 324    1217051.6497940321  658674.43769662094    0
 325    1217052.0788665265  658674.20738761174    211
 326    1217052.4292061322  658673.55999464903    0
 327    1217052.5617066224  658674.05018828949    0
 328    1217053.3074728588  658673.58560151071    0
 329    1217053.055552464  658674.50050871947    0
 330    1217048.1712671465  658678.4451925098    213
 331    1217047.9291401312  658674.81625675131    212
 332    1217048.3732396227  658674.93831464753    0
 333    1217047.22025555  658674.42000586796    0
 334    1217048.7500273786  658675.64055352192    0
 335    1217048.0427742053  658675.2717488691    0
 336    1217047.7541027549  658674.29717965273    0
 337    1217046.9162957366  658675.79434921395    212
 338    1217047.6303483567  658675.85813116876    0
 339    1217047.3851441918  658673.91511187598    0
 340    1217047.4050328315  658673.02562892251    0
 341    1217046.4663319357  658673.89441723225    0
 342    1217050.5052212535  658674.57175026683    0
 343    1217050.822204588  658676.08653858746    0
 344    1217050.0311140597  658675.06727217592    0
 345    1217050.4144699308  658675.58636602247    0
 346    1217049.663872085  658675.73958690686    0
 347    1217049.7139016083  658675.33045718062    0
 348    1217050.0213503311  658675.57567660522    0
 349    1217049.2298355591  658675.47888797289    0
 350    1217050.2017301319  658676.17606542294    0
 351    1217049.1648244963  658676.07878684276    0
 352    1217054.1345440112  658674.91661292699    0
 353    1217050.8836280266  658675.38208585454    0
 354    1217051.6616105428  658675.80482480244    0
 355    1217051.336418465  658675.47604327754    0
 356    1217051.9661388828  658675.11694454518    0
 357    1217051.2290702739  658675.90743117454    0
 358    1217051.6153101069  658676.57264039956    0
 359    1217051.1915764431  658676.37393683929    0
 360    1217051.0742864837  658677.17521269654    0
 361    1217050.6395495834  658676.70235402125    0
 362    1217049.6686510418  658676.28332955996    0
 363    1217050.0409112619  658676.75510591676    0
 364    1217049.0779082866  658677.01565788814    0
 365    1217049.2627576806  658676.56033964024    0
 366    1217049.5778210359  658676.9534301298    0
 367    1217048.4160883527  658676.48179170222    0
 368    1217048.8512773635  658676.39328750118    0
 369    1217048.7070419372  658676.79825767654    0
 370    1217048.554865283  658676.04998124705    0
 371    1217047.2061666432  658677.44580168277    213
 372    1217048.056506444  658676.12802230078    0
 373    1217048.2848608629  658675.67005025619    0
 374    1217048.5323469087  658677.52130599762    0
 375    1217048.125978719  658677.0404956477    0
 376    1217050.1378945434  658677.62138710625    0
 377    1217047.4375024079  658676.6340322824    0
 378    1217047.9509525495  658676.59494012757    0
 379    1217049.9586649374  658677.2028830949    0
 380    1217050.3682474117  658677.04667197051    0
 381    1217049.3943762393  658677.69217749836    0
 382    1217051.0489043305  658676.76227496017    0
 383    1217051.4254900841  658676.94637621788    0
 384    1217053.2061666432  658677.44580168277    214
 385    1217051.6289609133  658677.64257089887    0
 386    1217052.1395016487  658677.07394932606    0
 387    1217047.6887168949  658677.94549709628    213
 388    1217050.6515726787  658677.49375390296    0
 389    1217051.1232484265  658677.67993427243    0
 390    1217051.1363676498  658679.44458333682    214
 391    1217050.5895221324  658678.34152485093    0
 392    1217051.653817398  658678.94488792331    214
 393    1217050.4816740765  658677.90747487918    0
 394    1217050.88866781  658678.03677291237    0
 395    1217049.1363676498  658679.44458333682    213
 396    1217051.4103059398  658678.12416606513    0
 397    1217049.8731689714  658678.28909311187    0
 398    1217051.075891624  658678.51974977413    0
 399    1217051.8892849812  658678.05119855271    0
 400    1217052.6887168949  658677.94549709628    214
 401    1217051.9125422724  658678.69504021655    214
 402    1217051.5129985043  658678.54018311144    0
 403    1217052.4557828975  658678.9986997731    0
 404    1217052.0466789375  658679.09282537817    0
 405    1217052.4071520399  658679.72345222882    0
 406    1217051.6749068028  658679.48449179798    0
 407    1217052.1506428055  658677.59745950648    0
 408    1217050.6189306297  658679.01402510924    0
 409    1217051.3395279879  658680.35663944739    0
 410    1217052.6501464327  658677.3249556073    0
 411    1217052.8106214327  658676.35355821892    0
 412    1217052.5837819753  658676.81503824692    0
 413    1217052.1344048842  658676.55456494738    0
 414    1217053.7236163914  658676.94610626926    214
 415    1217053.1615227873  658676.81253420457    0
 416    1217053.6232948219  658675.80668992887    211
 417    1217053.5597004825  658676.38641383452    0
 418    1217053.1990424399  658676.05350047443    0
 419    1217052.6267042239  658675.71404773998    0
 420    1217053.3144091628  658675.48682946549    211
 421    1217053.5497813013  658674.95045929484    0
 422    1217053.7621818604  658675.36349433614    0
 423    1217054.296839573  658675.7744032006    0
 424    1217053.7998284691  658674.20212959498    0
 425    1217047.7406824923  658677.41247011477    0
 426    1217047.4514569736  658677.07685642387    0
 427    1217046.7236163914  658676.94610626926    213
 428    1217048.1021632554  658677.71675800742    0
 429    1217048.5110042866  658678.04546783539    0
 430    1217048.925090974  658677.79981303017    0
 431    1217049.2807845457  658678.27377100079    0
 432    1217049.5609092105  658678.90263661393    0
 433    1217048.653817398  658678.94488792331    213
 434    1217047.1022356446  658678.99469984369    0
 435    1217050.2035332229  658678.69529732817    0
 436    1217050.0514710136  658679.32353704039    0
 437    1217051.0819777066  658678.98374588042    0
 438    1217052.3768140329  658676.13211548305    0
 439    1217052.1391639614  658675.70634885214    0
 440    1217052.3892087778  658675.31284717808    0
 441    1217055.3821482279  658676.20279693929    0
 442    1217046.6007360402  658676.09908167052    212
 443    1217047.0768095329  658676.27631815989    0
 444    1217046.2537199124  658675.42398390674    0
 445    1217046.0930897577  658675.93328769132    0
 446    1217045.3170782097  658676.43497538543    0
 447    1217045.3297319822  658675.41254843632    0
 448    1217049.0984231147  658678.73182566673    0
 449    1217048.702523774  658678.47610592202    0
 450    1217046.1371351411  658677.99530901702    0
 451    1217046.9204435647  658678.20456563996    0
 452    1217047.8855440677  658679.20395646687    0
 453    1217050.6189179015  658679.94427875034    214
 454    1217049.6189179015  658679.94427875034    213
 455    1217052.6966378447  658674.8471085385    211
 456    1217045.9553430609  658677.20517481305    0
 457    1217048.4539157483  658679.62077509018    0
 458    1217050.5044868735  658679.47915036406    0
 459    1217050.1353327415  658679.81661014806    0
 460    1217049.5912179723  658679.36363805947    0
 461    1217048.9448133544  658680.11240955733    0
 462    1217047.4792607464  658680.35388589243    0
 463    1217049.4274440976  658680.61202724057    0
 464    1217048.2290217511  658680.33623017499    0
 465    1217050.0428397206  658681.64453628485    0
 466    1217048.7590420423  658680.77478418755    0
 467    1217049.2670683782  658681.40726275928    0
 468    1217047.8766670846  658681.30163164507    0
 469    1217047.2539105348  658675.46831839299    212
 470    1217046.7605061233  658675.29520375747    0
 471    1217047.1376178167  658675.01007316867    0
 472    1217046.551789592  658674.62720883521    0
 473    1217051.6346635032  658674.85803264007    0
 474    1217051.9971523408  658674.66064055532    0
 475    1217052.3005469656  658674.91046721011    0
 476    1217051.742963325  658677.23142172012    0
 477    1217049.7862750767  658677.8683113564    0
 478    1217053.7751981453  658678.55281620938    0
 479    1217054.5749429134  658673.07826772123    0
 480    1217046.3549543843  658678.75065219379    0
 481    1217044.7373645192  658677.90138446994    0
 482    1217049.2619052674  658682.81098170986    0
 483    1217045.5265874304  658674.37538840296    0
 484    1217053.3337530843  658679.42161932576    0
 485    1217053.9918897219  658677.74167659204    0
 486    1217054.8919644533  658674.12613842392    0
 487    1217046.3847255041  658679.92561482487    0
 488    1217045.3922359752  658678.61919449817    0
 489    1217054.4235180411  658677.15311048727    0
 490    1217055.1826765006  658678.16239528614    0
 491    1217055.1641697329  658675.1660542218    0
 492    1217053.3704453644  658681.1074706635    0
 493    1217043.8757322435  658679.34509836708    0
 494    1217054.8339149475  658679.63731001935    0
 495    1217050.0147572404  658669.55712410691    0
 496    1217047.2344120957  658671.89591555996    0
 497    1217053.3436022981  658670.5792943798    0
 498    1217043.6297325036  658675.90280066011    0
 499    1217056.4692744096  658673.07704996143    0
 500    1217046.4635358995  658681.33698963537    0
 501    1217046.1713721224  658672.63420772192    0
 502    1217044.191819588  658674.65930811618    0
 503    1217056.990545956  658675.32333943853    0
 504    1217045.948688519  658671.17911138211    0
 505    1217056.1542962319  658674.35129791871    0
 506    1217051.5846148399  658683.52139399108    0
 507    1217044.8798407547  658680.71753453393    0
 508    1217047.2195369604  658683.29506778019    0
 509    1217044.5407758232  658673.02035099035    0
 510    1217057.5283835391  658674.01490182243    0
 511    1217041.8509034629  658674.34994484519    0
 512    1217051.3772544982  658670.23561430641    0
 513    1217042.7520065494  658677.69546520268    0
 514    1217057.4515242225  658679.47758378985    0
 515    1217045.960522267  658668.6320191609    0
 516    1217058.5524010842  658671.791538466    0
 517    1217051.8199397172  658667.6393627139    0
 518    1217059.4269202622  658675.56006034452    0
 519    1217055.5208112041  658671.0593507142    0
 520    1217057.0615577938  658677.36369914969    0
 521    1217042.1043159862  658681.69464414986    0
 522    1217044.8698284554  658683.07729215606    0
 523    1217041.750430481  658679.58529218729    0
 524    1217049.0426202719  658686.43625249341    0
 525    1217056.3276257454  658682.58770738309    0
 526    1217042.3533657298  658669.88883397193    0
 527    1217055.0966261821  658667.80596807424    0
 528    1217059.4318395325  658678.01934549515    0
 529    1217039.120678802  658676.98124604253    0
 530    1217045.76156716  658686.24087910238    0
 531    1217038.4331855953  658681.22618724406    0
 532    1217048.5988723598  658666.41586948314    0
 533    1217063.5032395113  658676.78155404108    0
 534    1217060.857285491  658682.02890024474    0
 535    1217041.8641925573  658685.63198154559    0
 536    1217047.0784534228  658691.77370200423    0
 537    1217053.7342683712  658662.29476263386    0
 538    1217055.1421443862  658689.18969281414    0
 539    1217036.4550823274  658671.48335260851    0
 540    1217043.6085969254  658663.15345971682    0
 541    1217062.4535989088  658672.8719615835    0
 542    1217043.2138897332  658689.77039036597    0
 543    1217051.2058587179  658664.40427408251    0
 544    1217047.6246605159  658662.45821281523    0
 545    1217050.6470397918  658661.16448596213    0
 546    1217046.9927633398  658656.80471204652    0
 547    1217054.062982097  658656.61556266679    0
 548    1217059.1088974222  658686.49455250415    0
 549    1217031.7450943005  658677.96486911725    0
 550    1217062.2927445096  658665.86933054484    0
 551    1217041.8276420552  658697.1737804194    0
 552    1217069.454744583  658673.08800520841    0
 553    1217035.6836764652  658689.93698883313    0
 554    1217043.7751478003  658760.35061052511    184
 555    1217047.0044304207  658764.95763874636    186
 556    1217046.6031441418  658760.39997338492    183
 557    1217042.1930540476  658757.27274794551    0
 558    1217045.9084857714  658759.6806335845    183
 559    1217044.4944876006  658759.65595215466    184
 560    1217046.7527586906  658758.17024690786    0
 561    1217045.201486686  658759.66829286958    0
 562    1217044.8541575009  658759.30862296943    184
 563    1217044.4586340627  658758.5391573247    0
 564    1217044.3080156927  658759.10296570626    0
 565    1217043.7458300774  658759.60047286458    0
 566    1217043.4493639683  658758.57155889308    0
 567    1217045.5611565863  658759.32096368435    183
 568    1217046.3306222311  658758.92544024636    0
 569    1217045.7668138493  658758.77482187597    0
 570    1217045.2194224654  658758.06470352004    0
 571    1217046.1830304759  658758.34736053715    0
 572    1217045.5364751564  658760.73496185511    0
 573    1217046.1745019844  658757.31503648008    0
 574    1217044.8356464284  658760.36912159761    0
 575    1217045.5467590855  658760.14579595067    0
 576    1217046.2558149565  658760.04030348465    183
 577    1217046.4614722198  658759.4941616765    0
 578    1217045.2470341686  658760.4352369383    0
 579    1217044.9421672875  658761.01926087833    0
 580    1217045.0964364158  658760.05935615103    0
 581    1217044.704215866  658759.99380924215    0
 582    1217044.1348177004  658760.00328133989    184
 583    1217044.4245716047  658760.30240681244    0
 584    1217044.5632799868  658760.74754296592    0
 585    1217044.3026169753  658761.51103701838    0
 586    1217044.1231663281  658760.64050683496    0
 587    1217044.2523605654  658761.06763582502    0
 588    1217042.4246886072  658761.65473380871    184
 589    1217043.0999182039  658761.00267216691    184
 590    1217043.6578520376  658761.35956789181    0
 591    1217043.4375330021  658760.67664134596    184
 592    1217043.8314779566  658760.96183744574    0
 593    1217042.7286484209  658760.28039046261    0
 594    1217043.2624956258  658760.15756424738    0
 595    1217046.0698096491  658760.5674676199    0
 596    1217046.7470290053  658759.91348448955    0
 597    1217047.3381467073  658758.99304509477    0
 598    1217042.7921077127  658759.33464778983    0
 599    1217047.838686778  658761.67941523856    183
 600    1217047.0063522514  658759.42999383295    0
 601    1217046.0806002649  658761.53469498386    0
 602    1217047.22091546  658761.0396943118    183
 603    1217045.929232334  658761.05270980671    0
 604    1217047.3028704126  658760.34240345692    0
 605    1217046.4829573061  658760.95014285739    0
 606    1217045.4207495928  658761.47716053855    0
 607    1217047.7891728145  658759.67997657205    0
 608    1217046.9120298009  658760.7198338483    183
 609    1217043.0044304207  658764.95763874636    185
 610    1217042.7623034054  658761.32870298787    184
 611    1217043.2064028969  658761.45076088421    0
 612    1217042.0534188242  658760.93245210452    0
 613    1217042.5872660293  658760.80962588917    0
 614    1217043.5831906528  658762.1529997586    0
 615    1217042.8759374795  658761.78419510566    0
 616    1217041.7494590105  658762.30679545051    184
 617    1217042.4635116309  658762.37057740556    0
 618    1217042.218307466  658760.42755811254    0
 619    1217042.3071256992  658759.77710591222    0
 620    1217041.2994952099  658760.40686346882    0
 621    1217048.1178778417  658760.7916556854    0
 622    1217045.3383845277  658761.08419650351    0
 623    1217045.6553678624  658762.59898482449    0
 624    1217044.864277334  658761.57971841248    0
 625    1217045.247633205  658762.09881225938    0
 626    1217044.4970353593  658762.2520331433    0
 627    1217044.5470648825  658761.84290341719    0
 628    1217044.8545136054  658762.08812284179    0
 629    1217044.0629988334  658761.99133420934    0
 630    1217045.0348934056  658762.68851166056    0
 631    1217043.9979877707  658762.59123307897    0
 632    1217041.8166751538  658758.75249354355    0
 633    1217045.716791301  658761.89453209133    0
 634    1217046.4947738177  658762.31727103936    0
 635    1217046.1695817397  658761.98848951433    0
 636    1217046.799302157  658761.62939078163    0
 637    1217046.0622335486  658762.41987741156    0
 638    1217046.4484733818  658763.08508663694    0
 639    1217046.0247397178  658762.88638307666    0
 640    1217045.9074497584  658763.68765893439    0
 641    1217045.4727128576  658763.21480025887    0
 642    1217044.5018143158  658762.79577579582    0
 643    1217044.8740745347  658763.26755215577    0
 644    1217043.9110715613  658763.52810412343    0
 645    1217044.0959209551  658763.07278587599    0
 646    1217044.4109843089  658763.46587636461    0
 647    1217043.2492516281  658762.99423793808    0
 648    1217043.6844406382  658762.90573373705    0
 649    1217043.5402052121  658763.31070391205    0
 650    1217043.3880285581  658762.56242748338    0
 651    1217042.0393299174  658763.95824791933    185
 652    1217042.8896697189  658762.64046853688    0
 653    1217043.1180241369  658762.1824964931    0
 654    1217043.3655101841  658764.03375223267    0
 655    1217042.9591419939  658763.55294188322    0
 656    1217044.9710578094  658764.13383334281    0
 657    1217042.2706656847  658763.14647851815    0
 658    1217042.7841158253  658763.1073863632    0
 659    1217044.7918282072  658763.7153293317    0
 660    1217045.2014106861  658763.55911821174    0
 661    1217044.2275395112  658764.20462372759    0
 662    1217045.8820676049  658763.27472119778    0
 663    1217046.2586533588  658763.45882245537    0
 664    1217048.0393299174  658763.95824791933    186
 665    1217046.4621241887  658764.1550171366    0
 666    1217046.9726649236  658763.58639556391    0
 667    1217042.5218801689  658764.45794333285    185
 668    1217045.4847359536  658764.00620015082    0
 669    1217045.956411704  658764.19238050771    0
 670    1217045.969530924  658765.95702957339    186
 671    1217045.4226854008  658764.85397116747    0
 672    1217046.4869806725  658765.45733415987    186
 673    1217045.3148373477  658764.41992116102    0
 674    1217045.7218311157  658764.54921921191    0
 675    1217043.969530924  658765.95702957339    185
 676    1217046.2434692094  658764.63661223836    0
 677    1217044.7063321371  658764.80153941957    0
 678    1217045.9090549848  658765.03219617752    0
 679    1217046.7224482591  658764.56364478776    0
 680    1217047.5218801689  658764.45794333285    186
 681    1217046.7457055466  658765.20748645312    186
 682    1217046.3461617539  658765.05262932263    0
 683    1217047.2889461718  658765.51114600967    0
 684    1217046.8798422117  658765.60527161451    0
 685    1217047.2403153139  658766.23589846527    0
 686    1217046.5080700773  658765.99693803478    0
 687    1217046.9838060779  658764.10990574153    0
 688    1217045.4520939093  658765.52647139179    0
 689    1217046.1726912619  658766.86908568442    0
 690    1217047.4833097067  658763.83740184619    0
 691    1217047.643784709  658762.86600445886    0
 692    1217047.4169452507  658763.32748448593    0
 693    1217046.9675681598  658763.06701118452    0
 694    1217048.5567796659  658763.45855250582    186
 695    1217047.994686062  658763.32498044486    0
 696    1217048.4564580959  658762.31913616543    183
 697    1217048.3928637542  658762.89886007132    0
 698    1217048.032205713  658762.5659467096    0
 699    1217047.4598674893  658762.22649397724    0
 700    1217048.1475724368  658761.99927570194    183
 701    1217048.4611430848  658761.38739010878    0
 702    1217048.6179993846  658761.85406361765    0
 703    1217049.3126261041  658761.36089097348    0
 704    1217049.1257010403  658762.29100364354    0
 705    1217042.573845767  658763.92491635075    0
 706    1217042.2846202475  658763.58930265997    0
 707    1217041.5567796659  658763.45855250582    185
 708    1217042.9353265306  658764.22920424421    0
 709    1217043.3441675638  658764.5579140723    0
 710    1217043.7582542482  658764.31225926464    0
 711    1217044.1139478036  658764.78621713794    0
 712    1217044.3940722428  658765.41508276341    0
 713    1217043.4869806725  658765.45733415987    185
 714    1217041.9353989186  658765.50714608061    0
 715    1217045.0366964394  658765.20774363785    0
 716    1217044.8846340887  658765.83598367299    0
 717    1217045.9151409089  658765.49619220605    0
 718    1217047.2099773113  658762.64456172497    0
 719    1217046.9723272331  658762.21879510535    0
 720    1217047.2223720334  658761.82529343234    0
 721    1217048.8676594978  658760.75639044563    0
 722    1217050.206279065  658762.71019424184    0
 723    1217041.4338993141  658762.61152790708    184
 724    1217041.9099728074  658762.78876439692    0
 725    1217040.6787059759  658762.18939144758    0
 726    1217041.2318009438  658762.08649687422    0
 727    1217040.7858504916  658761.22734288918    0
 728    1217041.7368442593  658761.61809131433    0
 729    1217043.9315862397  658765.24427170039    0
 730    1217043.5356868168  658764.98855219618    0
 731    1217040.4877481638  658764.00805984007    0
 732    1217041.7536068384  658764.71701187664    0
 733    1217042.7187073422  658765.71640270366    0
 734    1217045.4520811755  658766.4567249869    186
 735    1217044.4520811755  658766.4567249869    185
 736    1217047.5298011191  658761.35955477518    183
 737    1217047.6693966507  658760.91567499854    0
 738    1217048.0012323619  658761.24275301257    0
 739    1217047.7796299218  658760.44138971088    0
 740    1217048.462046914  658760.12084137846    0
 741    1217041.3568780159  658764.13443967246    0
 742    1217043.2870790227  658766.1332213264    0
 743    1217045.337650073  658765.99159662286    0
 744    1217044.9684963336  658766.3290563816    0
 745    1217044.4243811024  658765.87608409557    0
 746    1217040.7955407547  658764.94307889882    0
 747    1217043.7779766284  658766.62485579366    0
 748    1217042.312424022  658766.86633212899    0
 749    1217044.2606073716  658767.1244734776    0
 750    1217043.0621850255  658766.84867641027    0
 751    1217044.8760029955  658768.15698252199    0
 752    1217043.5922053161  658767.287230424    0
 753    1217044.1002316517  658767.91970899736    0
 754    1217042.7098303612  658767.81407787499    0
 755    1217042.087073809  658761.98076462955    184
 756    1217046.4678267774  658761.37047887652    0
 757    1217046.8303156151  658761.17308679165    0
 758    1217047.1337102395  658761.42291344644    0
 759    1217046.5761265997  658763.74386795762    0
 760    1217044.6194383472  658764.3807576265    0
 761    1217048.6083614193  658765.0652624463    0
 762    1217048.8559120537  658758.7857783197    0
 763    1217044.095068543  658769.3234279498    0
 764    1217048.1669163583  658765.93406556256    0
 765    1217048.8250529962  658764.25412282883    0
 766    1217050.0915111401  658760.32154379878    0
 767    1217049.2566813158  658763.66555672407    0
 768    1217049.299920585  658760.03331074561    0
 769    1217050.0158397751  658764.67484152375    0
 770    1217044.0530851646  658757.04166780179    0
 771    1217039.1386237657  658761.53087993583    0
 772    1217039.9792603846  658763.03530992859    0
 773    1217048.2036086377  658767.61991690018    0
 774    1217050.1089287929  658759.04259749013    0
 775    1217049.6670782208  658766.14975625591    0
 776    1217039.7042784498  658759.97922815371    0
 777    1217039.092764948  658764.98543452495    0
 778    1217047.9656015434  658757.9269968837    0
 779    1217039.4090466404  658763.95265550306    0
 780    1217040.9411656449  658767.99851729046    0
 781    1217047.1981966286  658757.24595939193    0
 782    1217037.5400847672  658763.9451174764    0
 783    1217038.6042870148  658762.8165315201    0
 784    1217046.5719215998  658755.58472537901    0
 785    1217048.7100525792  658756.31525512028    0
 786    1217050.5750064936  658761.49539556832    0
 787    1217046.4177781199  658770.03384022845    0
 788    1217040.7461509882  658766.47662235994    0
 789    1217036.7417454354  658761.28856521915    0
 790    1217049.7739104889  658757.49201240693    0
 791    1217052.2777699344  658760.10754906083    0
 792    1217051.1338988212  658759.69614806061    0
 793    1217052.4029833386  658762.71359995124    0
 794    1217051.5450492525  658757.92082588177    0
 795    1217052.0406645758  658758.97087709722    0
 796    1217053.5322897076  658757.62485387188    0
 797    1217053.629832685  658759.23244840978    0
 798    1217039.6227419681  658757.4067188364    0
 799    1217038.3226060942  658767.56061586726    0
 800    1217038.0566674119  658760.2575221248    0
 801    1217052.2846874946  658765.99003002886    0
 802    1217051.1913057042  658755.14132987929    0
 803    1217054.0278830349  658761.32949457725    0
 804    1217035.6912609984  658758.59484667261    0
 805    1217038.6451636055  658758.72525030689    0
 806    1217056.2440766916  658758.26706906641    0
 807    1217037.2559076138  658756.67357463203    0
 808    1217042.0262879725  658769.83175442391    0
 809    1217042.7402802964  658754.07602566655    0
 810    1217037.3727113223  658765.87377478916    0
 811    1217035.0533695866  658768.29071678338    0
 812    1217034.2615350441  658764.63218836242    0
 813    1217051.160789015  658769.10015361593    0
 814    1217048.6535038322  658752.98653333308    0
 815    1217055.2910175491  658764.4582233032    0
 816    1217039.2176774943  658770.25644662464    0
 817    1217043.9027321746  658773.00457142713    0
 818    1217055.9520267088  658753.4538270483    0
 819    1217033.2909551703  658755.04233932937    0
 820    1217039.3675563144  658754.04350535653    0
 821    1217033.080704117  658761.16459100053    0
 822    1217045.5281754974  658752.61556972994    0
 823    1217055.7033918076  658768.98357178969    0
 824    1217041.0049915656  658772.57704701484    0
 825    1217052.438470057  658751.1006471091    0
 826    1217041.7149507112  658748.72758835205    0
 827    1217041.745658335  658777.59097988682    0
 828    1217047.7053489829  658747.62387682276    0
 829    1217036.2672092533  658774.37747165107    0
 830    1217028.5970200077  658767.77314380277    0
 831    1217057.7111150557  658761.66183679109    0
 832    1217049.9762098226  658775.59643344255    0
 833    1217036.182292064  658753.64884016232    0
 834    1217032.4282617839  658749.55602697446    0
 835    1217038.2074915268  658750.35500785138    0
 836    1217030.2441603441  658764.06538199051    0
 837    1217060.2325412156  658766.28938803973    0
 838    1217062.601102822  658757.53427180788    0
 839    1217037.2653651417  658743.73111528682    0
 840    1217058.0933423946  658746.45695367584    0
 841    1217053.5308099554  658772.88846290566    0
 842    1217023.2786016793  658763.1907389214    0
 843    1217061.0856383792  658774.53494668019    0
 844    1217027.4106479937  658758.45737150637    0
 845    1217055.9826923418  658779.79385735805    0
 846    1217071.3140986972  658718.58482222434    216
 847    1217074.5433813175  658723.19185044558    218
 848    1217074.1420950387  658718.63418508414    215
 849    1217069.7320049445  658715.50695964473    0
 850    1217073.4474366682  658717.91484528373    215
 851    1217072.0334384975  658717.89016385388    216
 852    1217074.2917095874  658716.40445860708    0
 853    1217072.7404375828  658717.9025045688    0
 854    1217072.3931083977  658717.54283466865    216
 855    1217071.9975849595  658716.77336902393    0
 856    1217071.8469665896  658717.33717740548    0
 857    1217071.2847809743  658717.8346845638    0
 858    1217070.9883148652  658716.8057705923    0
 859    1217073.1001074831  658717.55517538358    215
 860    1217073.8695731279  658717.15965194558    0
 861    1217073.3057647462  658717.00903357519    0
 862    1217072.7583733622  658716.29891521926    0
 863    1217073.7219813727  658716.58157223638    0
 864    1217073.0754260533  658718.96917355433    0
 865    1217073.7134528812  658715.5492481793    0
 866    1217072.3745973252  658718.60333329684    0
 867    1217073.0857099823  658718.38000764989    0
 868    1217073.7947658533  658718.27451518388    215
 869    1217074.0004231166  658717.72837337572    0
 870    1217072.7859850654  658718.66944863752    0
 871    1217072.4811181843  658719.25347257755    0
 872    1217072.6353873126  658718.29356785025    0
 873    1217072.2431667629  658718.22802094137    0
 874    1217071.6737685972  658718.23749303911    216
 875    1217071.9635225015  658718.53661851166    0
 876    1217072.1022308837  658718.98175466515    0
 877    1217071.8415678721  658719.74524871761    0
 878    1217071.6621172249  658718.87471853418    0
 879    1217071.7913114622  658719.30184752424    0
 880    1217069.963639504  658719.88894550793    216
 881    1217070.6388691007  658719.23688386614    216
 882    1217071.1968029344  658719.59377959103    0
 883    1217070.9764838989  658718.91085304529    216
 884    1217071.3704288534  658719.19604914496    0
 885    1217070.2675993177  658718.51460216194    0
 886    1217070.8014465226  658718.39177594671    0
 887    1217073.608760546  658718.80167931912    0
 888    1217074.2859799021  658718.14769618877    0
 889    1217074.8770976041  658717.22725679399    0
 890    1217070.3310586095  658717.56885948917    0
 891    1217075.3776376748  658719.91362693789    215
 892    1217074.5453031482  658717.66420553217    0
 893    1217073.6195511618  658719.76890668308    0
 894    1217074.7598663568  658719.27390601102    215
 895    1217073.4681832308  658719.28692150593    0
 896    1217074.8418213094  658718.57661515614    0
 897    1217074.0219082029  658719.18435455661    0
 898    1217072.9597004896  658719.71137223777    0
 899    1217075.3281237113  658717.91418827127    0
 900    1217074.4509806978  658718.95404554764    215
 901    1217070.5433813175  658723.19185044558    217
 902    1217070.3012543023  658719.56291468709    216
 903    1217070.7453537937  658719.68497258343    0
 904    1217069.592369721  658719.16666380374    0
 905    1217070.1262169261  658719.04383758851    0
 906    1217071.1221415496  658720.38721145783    0
 907    1217070.4148883764  658720.01840680488    0
 908    1217069.2884099074  658720.54100714973    216
 909    1217070.0024625277  658720.60478910478    0
 910    1217069.7572583631  658718.66176981188    0
 911    1217069.8460765963  658718.01131761156    0
 912    1217068.8384461072  658718.64107516769    0
 913    1217075.6568287385  658719.02586738463    0
 914    1217072.8773354245  658719.31840820273    0
 915    1217073.1943187593  658720.83319652372    0
 916    1217072.4032282308  658719.8139301117    0
 917    1217072.7865841019  658720.33302395861    0
 918    1217072.0359862561  658720.48624484253    0
 919    1217072.0860157793  658720.07711511641    0
 920    1217072.3934645022  658720.32233454101    0
 921    1217071.6019497302  658720.22554590856    0
 922    1217072.5738443024  658720.92272335978    0
 923    1217071.5369386675  658720.82544477819    0
 924    1217069.3556260506  658716.98670524335    0
 925    1217073.2557421979  658720.12874379056    0
 926    1217074.0337247145  658720.55148273858    0
 927    1217073.7085326365  658720.22270121356    0
 928    1217074.3382530538  658719.86360248085    0
 929    1217073.6011844454  658720.65408911079    0
 930    1217073.9874242786  658721.31929833617    0
 931    1217073.5636906147  658721.12059477589    0
 932    1217073.4464006552  658721.92187063361    0
 933    1217073.0116637545  658721.44901195809    0
 934    1217072.0407652126  658721.02998749504    0
 935    1217072.4130254316  658721.50176385499    0
 936    1217071.4500224581  658721.76231582265    0
 937    1217071.6348718519  658721.30699757522    0
 938    1217071.9499352057  658721.70008806384    0
 939    1217070.7882025249  658721.2284496373    0
 940    1217071.223391535  658721.13994543627    0
 941    1217071.0791561089  658721.54491561127    0
 942    1217070.9269794549  658720.7966391826    0
 943    1217069.5782808142  658722.19245961856    217
 944    1217070.4286206157  658720.8746802361    0
 945    1217070.6569750337  658720.41670819232    0
 946    1217070.9044610809  658722.2679639319    0
 947    1217070.4980928907  658721.78715358244    0
 948    1217072.5100087062  658722.36804504204    0
 949    1217069.8096165815  658721.38069021737    0
 950    1217070.3230667221  658721.34159806243    0
 951    1217072.330779104  658721.94954103092    0
 952    1217072.740361583  658721.79332991096    0
 953    1217071.766490408  658722.43883542682    0
 954    1217073.4210185017  658721.50893289701    0
 955    1217073.7976042556  658721.6930341546    0
 956    1217075.5782808142  658722.19245961856    218
 957    1217074.0010750855  658722.38922883582    0
 958    1217074.5116158205  658721.82060726313    0
 959    1217070.0608310658  658722.69215503207    217
 960    1217073.0236868504  658722.24041185004    0
 961    1217073.4953626008  658722.42659220693    0
 962    1217073.5084818208  658724.19124127261    218
 963    1217072.9616362976  658723.08818286669    0
 964    1217074.0259315693  658723.6915458591    218
 965    1217072.8537882445  658722.65413286025    0
 966    1217073.2607820125  658722.78343091113    0
 967    1217071.5084818208  658724.19124127261    217
 968    1217073.7824201062  658722.87082393758    0
 969    1217072.2452830339  658723.03575111879    0
 970    1217073.4480058816  658723.26640787674    0
 971    1217074.2613991559  658722.79785648698    0
 972    1217075.0608310658  658722.69215503207    218
 973    1217074.2846564434  658723.44169815234    218
 974    1217073.8851126507  658723.28684102185    0
 975    1217074.8278970686  658723.74535770889    0
 976    1217074.4187931085  658723.83948331373    0
 977    1217074.7792662107  658724.47011016449    0
 978    1217074.0470209741  658724.231149734    0
 979    1217074.5227569747  658722.34411744075    0
 980    1217072.9910448061  658723.76068309101    0
 981    1217073.7116421587  658725.10329738364    0
 982    1217075.0222606035  658722.07161354541    0
 983    1217075.1827356059  658721.10021615808    0
 984    1217074.9558961475  658721.56169618515    0
 985    1217074.5065190566  658721.30122288375    0
 986    1217076.0957305627  658721.69276420504    218
 987    1217075.5336369588  658721.55919214408    0
 988    1217075.9954089927  658720.55334786465    215
 989    1217075.931814651  658721.13307177054    0
 990    1217075.5711566098  658720.80015840882    0
 991    1217074.9988183861  658720.46070567658    0
 992    1217075.6865233337  658720.23348740127    215
 993    1217076.0000939819  658719.62160180812    0
 994    1217076.1569502812  658720.08827531699    0
 995    1217076.8515770009  658719.59510267363    0
 996    1217076.6646519373  658720.52521534264    0
 997    1217070.1127966638  658722.15912804997    0
 998    1217069.8235711444  658721.82351435919    0
 999    1217069.0957305627  658721.69276420504    217
1000    1217070.4742774274  658722.46341594344    0
1001    1217070.8831184607  658722.79212577152    0
1002    1217071.297205145  658722.54647096386    0
1003    1217071.6528987004  658723.02042883716    0
1004    1217071.9330231396  658723.64929446264    0
1005    1217071.0259315693  658723.6915458591    217
1006    1217069.4743498154  658723.74135777983    0
1007    1217072.5756473362  658723.44195533707    0
1008    1217072.4235849855  658724.07019537222    0
1009    1217073.4540918057  658723.73040390527    0
1010    1217074.7489282081  658720.87877342419    0
1011    1217074.5112781299  658720.45300680457    0
1012    1217074.7613229302  658720.05950513156    0
1013    1217076.4066103953  658718.99060214439    0
1014    1217077.745229962  658720.94440594141    0
1015    1217068.972850211  658720.8457396063    216
1016    1217069.4489237042  658721.02297609614    0
1017    1217068.2176568727  658720.4236031468    0
1018    1217068.7707518407  658720.32070857345    0
1019    1217068.3248013882  658719.46155458805    0
1020    1217069.2757951561  658719.85230301355    0
1021    1217071.4705371365  658723.47848339961    0
1022    1217071.0746377136  658723.22276389541    0
1023    1217070.257658239  658723.95061440289    0
1024    1217068.0266990606  658722.24227153929    0
1025    1217069.2925577352  658722.95122357586    0
1026    1217072.9910320723  658724.69093668612    218
1027    1217071.9910320723  658724.69093668612    217
1028    1217075.0687520159  658719.59376647451    215
1029    1217075.2083475478  658719.14988669788    0
1030    1217075.3185808186  658718.67560141021    0
1031    1217075.5401832592  658719.47696471191    0
1032    1217076.0009978109  658718.35505307757    0
1033    1217070.8260299196  658724.36743302562    0
1034    1217068.8958289127  658722.36865137168    0
1035    1217072.8766009698  658724.22580832208    0
1036    1217072.5074472304  658724.56326808082    0
1037    1217071.9633319993  658724.11029579479    0
1038    1217071.3169275252  658724.85906749289    0
1039    1217069.8513749188  658725.10054382822    0
1040    1217068.3344916515  658723.17729059805    0
1041    1217071.7995582684  658725.35868517682    0
1042    1217070.6011359224  658725.08288810949    0
1043    1217072.4149538924  658726.39119422121    0
1044    1217071.1311562129  658725.52144212322    0
1045    1217071.6391825485  658726.15392069658    0
1046    1217070.248781258  658726.04828957422    0
1047    1217069.6260247058  658720.21497632877    216
1048    1217074.0067776742  658719.60469057574    0
1049    1217074.3692665119  658719.40729849087    0
1050    1217074.6726611364  658719.65712514566    0
1051    1217074.1150774965  658721.97807965684    0
1052    1217072.158389244  658722.61496932572    0
1053    1217076.1473123161  658723.29947414552    0
1054    1217076.3948629503  658717.01999001892    0
1055    1217071.6340194398  658727.55763964902    0
1056    1217075.7058672551  658724.16827726178    0
1057    1217076.364003893  658722.48833452805    0
1058    1217077.6304620397  658718.5557554994    0
1059    1217076.7956322127  658721.89976842329    0
1060    1217076.8388714837  658718.26752244262    0
1061    1217077.5547906719  658722.90905322297    0
1062    1217071.5920360615  658715.27587950102    0
1063    1217066.6775746618  658719.76509163529    0
1064    1217067.5182112814  658721.26952162781    0
1065    1217075.7425595345  658725.8541285994    0
1066    1217077.647879699  658717.27680918295    0
1067    1217077.2060291176  658724.38396795513    0
1068    1217067.2432293452  658718.21343985049    0
1069    1217066.6317158449  658723.21964622417    0
1070    1217075.50455244  658716.16120858304    0
1071    1217066.9479975372  658722.18686720228    0
1072    1217068.4801165417  658726.23272898968    0
1073    1217074.7371475252  658715.48017109127    0
1074    1217065.079035664  658722.17932917562    0
1075    1217066.1432379121  658721.05074321956    0
1076    1217074.1108724969  658713.8189370787    0
1077    1217076.2490034758  658714.54946681962    0
1078    1217078.1139573886  658719.72960726905    0
1079    1217073.9567290167  658728.26805192768    0
1080    1217068.285101885  658724.71083405917    0
1081    1217064.2806963322  658719.52277692046    0
1082    1217077.3128613802  658715.72622410662    0
1083    1217079.8167208319  658718.34176076925    0
1084    1217078.6728497213  658717.93035976239    0
1085    1217079.9419342326  658720.9478116479    0
1086    1217079.0840001907  658716.15503755247    0
1087    1217079.579615484  658717.20508879318    0
1088    1217081.0712406726  658715.85906560498    0
1089    1217081.1687835734  658717.46666013228    0
1090    1217067.1616928694  658715.64093053725    0
1091    1217065.861556991  658725.79482756648    0
1092    1217065.5956183076  658718.49173382437    0
1093    1217079.8236383914  658724.22424172808    0
1094    1217078.7302565987  658713.37554158771    0
1095    1217081.5668339112  658719.56370628253    0
1096    1217063.2302118917  658716.82905837498    0
1097    1217066.1841144983  658716.95946200355    0
1098    1217083.7830276007  658716.50128092105    0
1099    1217064.7948585041  658714.90778630937    0
1100    1217069.5652388693  658728.06596612313    0
1101    1217070.2792311932  658712.31023736577    0
1102    1217064.9116622191  658724.10798648838    0
1103    1217062.5923204834  658726.5249284826    0
1104    1217061.8004859409  658722.86640006164    0
1105    1217078.6997399118  658727.33436531515    0
1106    1217076.1924547311  658711.22074502532    0
1107    1217082.8299684389  658722.69243499835    0
1108    1217071.4416830714  658731.23878312635    0
1109    1217066.7566283911  658728.49065832386    0
1110    1217083.490977847  658711.68803893472    0
1111    1217060.8299060205  658713.27655102429    0
1112    1217066.9065072273  658712.27771707275    0
1113    1217060.6196550196  658719.39880270406    0
1114    1217073.0671263949  658710.8497814287    0
1115    1217083.2423427131  658727.21778349206    0
1116    1217068.5439424624  658730.81125871406    0
1117    1217079.9774211459  658709.33485861041    0
1118    1217069.2539016076  658706.96180004987    0
1119    1217069.2846092319  658735.82519158605    0
1120    1217075.2442998705  658705.85808851593    0
1121    1217063.8061601501  658732.61168335029    0
1122    1217056.1359709045  658726.00735550199    0
1123    1217085.2500657539  658719.89604854875    0
1124    1217077.5151607194  658733.83064514177    0
1125    1217063.721242938  658711.88305179332    0
1126    1217059.9672125401  658707.79023859813    0
1127    1217065.7464424991  658708.58921959915    0
1128    1217057.7831112402  658722.2995936888    0
1129    1217087.771492166  658724.523599718    0
1130    1217090.140053465  658715.76848396345    0
1131    1217064.8043159933  658701.9653271354    0
1132    1217085.6322941461  658704.69116528786    0
1133    1217081.0697608537  658731.12267460511    0
1134    1217050.817552574  658721.42495062132    0
1135    1217088.6245892763  658732.76915839314    0
1136    1217054.94959889  658716.6915831872    0
1137    1217083.5216432314  658738.02806904982    0
1138    1217041.2064743019  658852.07954989595    210
1139    1217037.9771916815  658847.4725216747    208
1140    1217038.3784779604  658852.03018703614    209
1141    1217042.7885680546  658855.15741247556    0
1142    1217039.0731363308  658852.74952683656    209
1143    1217040.4871345016  658852.7742082664    210
1144    1217038.2288634116  658854.2599135132    0
1145    1217039.7801354162  658852.76186755148    0
1146    1217040.1274646013  658853.12153745163    210
1147    1217040.5229880395  658853.89100309636    0
1148    1217040.6736064095  658853.3271947148    0
1149    1217041.2357920248  658852.82968755648    0
1150    1217041.5322581339  658853.85860152799    0
1151    1217039.4204655159  658853.10919673671    209
1152    1217038.6509998711  658853.50472017471    0
1153    1217039.2148082529  658853.6553385451    0
1154    1217039.7621996368  658854.36545690103    0
1155    1217038.7985916263  658854.08279988391    0
1156    1217039.4451469458  658851.69519856595    0
1157    1217038.8071201178  658855.11512394098    0
1158    1217040.1459756738  658852.06103882345    0
1159    1217039.4348630167  658852.2843644704    0
1160    1217038.7258071457  658852.38985693641    209
1161    1217038.5201498824  658852.93599874456    0
1162    1217039.7345879336  658851.99492348277    0
1163    1217040.0394548147  658851.41089954274    0
1164    1217039.8851856864  658852.37080427003    0
1165    1217040.2774062362  658852.43635117891    0
1166    1217040.8468044018  658852.42687908118    210
1167    1217040.5570504975  658852.12775360863    0
1168    1217040.4183421154  658851.68261745514    0
1169    1217040.6790051269  658850.91912340268    0
1170    1217040.8584557741  658851.78965358611    0
1171    1217040.7292615368  658851.36252459604    0
1172    1217042.556933495  658850.77542661235    210
1173    1217041.8817038983  658851.42748825415    210
1174    1217041.3237700646  658851.07059252926    0
1175    1217041.5440891001  658851.75351907499    210
1176    1217041.1501441456  658851.46832297533    0
1177    1217042.2529736813  658852.14976995834    0
1178    1217041.7191264764  658852.27259617357    0
1179    1217038.9118124531  658851.86269280117    0
1180    1217038.2345930969  658852.51667593152    0
1181    1217037.6434753949  658853.43711532629    0
1182    1217042.1895143895  658853.09551263112    0
1183    1217037.1429353242  658850.75074518239    209
1184    1217037.9752698508  658853.00016658811    0
1185    1217038.9010218373  658850.89546543721    0
1186    1217037.7607066422  658851.39046610927    209
1187    1217039.0523897682  658851.37745061435    0
1188    1217037.6787516896  658852.08775696415    0
1189    1217038.4986647961  658851.48001756368    0
1190    1217039.5608725094  658850.95299988252    0
1191    1217037.1924492877  658852.75018384901    0
1192    1217038.0695923013  658851.71032657265    209
1193    1217041.9771916815  658847.4725216747    207
1194    1217042.2193186968  658851.10145743319    210
1195    1217041.7752192053  658850.97939953685    0
1196    1217042.928203278  658851.49770831654    0
1197    1217042.3943560729  658851.62053453177    0
1198    1217041.3984314494  658850.27716066246    0
1199    1217042.1056846227  658850.6459653154    0
1200    1217043.2321630917  658850.12336497055    210
1201    1217042.5181104713  658850.05958301551    0
1202    1217042.763314636  658852.00260230841    0
1203    1217042.6744964027  658852.65305450873    0
1204    1217043.6821268918  658852.0232969526    0
1205    1217036.8637442605  658851.63850473566    0
1206    1217039.6432375745  658851.34596391756    0
1207    1217039.3262542398  658849.83117559657    0
1208    1217040.1173447683  658850.85044200858    0
1209    1217039.7339888972  658850.33134816168    0
1210    1217040.4845867429  658850.17812727776    0
1211    1217040.4345572197  658850.58725700388    0
1212    1217040.1271084968  658850.34203757928    0
1213    1217040.9186232688  658850.43882621173    0
1214    1217039.9467286966  658849.74164876051    0
1215    1217040.9836343315  658849.83892734209    0
1216    1217043.1649469484  658853.67766687693    0
1217    1217039.2648308012  658850.53562832973    0
1218    1217038.4868482845  658850.11288938171    0
1219    1217038.8120403625  658850.44167090673    0
1220    1217038.1823199452  658850.80076963943    0
1221    1217038.9193885536  658850.0102830095    0
1222    1217038.5331487204  658849.34507378412    0
1223    1217038.9568823844  658849.5437773444    0
1224    1217039.0741723438  658848.74250148667    0
1225    1217039.5089092446  658849.2153601622    0
1226    1217040.4798077864  658849.63438462524    0
1227    1217040.1075475675  658849.16260826529    0
1228    1217041.0705505409  658848.90205629764    0
1229    1217040.8857011471  658849.35737454507    0
1230    1217040.5706377933  658848.96428405645    0
1231    1217041.7323704741  658849.43592248298    0
1232    1217041.297181464  658849.52442668402    0
1233    1217041.4414168901  658849.11945650901    0
1234    1217041.5935935441  658849.86773293768    0
1235    1217042.9422921848  658848.47191250173    207
1236    1217042.0919523833  658849.78969188419    0
1237    1217041.8635979653  658850.24766392796    0
1238    1217041.6161119181  658848.39640818839    0
1239    1217042.0224801083  658848.87721853785    0
1240    1217040.0105642928  658848.29632707825    0
1241    1217042.7109564175  658849.28368190292    0
1242    1217042.1975062769  658849.32277405786    0
1243    1217040.189793895  658848.71483108937    0
1244    1217039.7802114161  658848.87104220933    0
1245    1217040.754082591  658848.22553669347    0
1246    1217039.0995544973  658849.15543922328    0
1247    1217038.7229687434  658848.97133796569    0
1248    1217036.9422921848  658848.47191250173    208
1249    1217038.5194979135  658848.27514328447    0
1250    1217038.0089571786  658848.84376485716    0
1251    1217042.4597419333  658847.97221708822    207
1252    1217039.4968861486  658848.42396027024    0
1253    1217039.0252103982  658848.23777991335    0
1254    1217039.0120911782  658846.47313084768    208
1255    1217039.5589367014  658847.5761892536    0
1256    1217038.4946414297  658846.97282626119    208
1257    1217039.6667847545  658848.01023926004    0
1258    1217039.2597909865  658847.88094120915    0
1259    1217041.0120911782  658846.47313084768    207
1260    1217038.7381528928  658847.7935481827    0
1261    1217040.2752899651  658847.6286210015    0
1262    1217039.0725671174  658847.39796424354    0
1263    1217038.2591738431  658847.8665156333    0
1264    1217037.4597419333  658847.97221708822    208
1265    1217038.2359165556  658847.22267396795    208
1266    1217038.6354603483  658847.37753109843    0
1267    1217037.6926759304  658846.9190144114    0
1268    1217038.1017798905  658846.82488880656    0
1269    1217037.7413067883  658846.1942619558    0
1270    1217038.4735520249  658846.43322238629    0
1271    1217037.9978160243  658848.32025467954    0
1272    1217039.5295281929  658846.90368902928    0
1273    1217038.8089308403  658845.56107473664    0
1274    1217037.4983123955  658848.59275857487    0
1275    1217037.3378373932  658849.5641559622    0
1276    1217037.5646768515  658849.10267593514    0
1277    1217038.0140539424  658849.36314923654    0
1278    1217036.4248424363  658848.97160791524    208
1279    1217036.9869360402  658849.10517997621    0
1280    1217036.5251640063  658850.11102425563    209
1281    1217036.588758348  658849.53130034974    0
1282    1217036.9494163892  658849.86421371147    0
1283    1217037.5217546129  658850.2036664437    0
1284    1217036.8340496654  658850.43088471901    209
1285    1217036.5204790172  658851.04277031217    0
1286    1217036.3636227178  658850.5760968033    0
1287    1217035.6689959981  658851.06926944666    0
1288    1217035.8559210617  658850.13915677764    0
1289    1217042.4077763353  658848.50524407031    0
1290    1217042.6970018547  658848.8408577611    0
1291    1217043.4248424363  658848.97160791524    207
1292    1217042.0462955716  658848.20095617685    0
1293    1217041.6374545384  658847.87224634876    0
1294    1217041.223367854  658848.11790115642    0
1295    1217040.8676742986  658847.64394328312    0
1296    1217040.5875498594  658847.01507765765    0
1297    1217041.4946414297  658846.97282626119    207
1298    1217043.0462231836  658846.92301434046    0
1299    1217039.9449256628  658847.22241678322    0
1300    1217040.0969880135  658846.59417674807    0
1301    1217039.0664811933  658846.93396821502    0
1302    1217037.7716447909  658849.78559869609    0
1303    1217038.0092948691  658850.21136531571    0
1304    1217037.7592500688  658850.60486698872    0
1305    1217036.1139626037  658851.6737699759    0
1306    1217034.775343037  658849.71996617888    0
1307    1217043.5477227881  658849.81863251398    210
1308    1217043.0716492948  658849.64139602415    0
1309    1217044.3029161263  658850.24076897348    0
1310    1217043.7498211584  658850.34366354684    0
1311    1217044.1957716108  658851.20281753223    0
1312    1217043.2447778429  658850.81206910673    0
1313    1217041.0500358625  658847.18588872068    0
1314    1217041.4459352854  658847.44160822488    0
1315    1217042.26291476  658846.7137577174    0
1316    1217044.4938739385  658848.422100581    0
1317    1217043.2280152638  658847.71314854443    0
1318    1217039.5295409267  658845.97343543416    208
1319    1217040.5295409267  658845.97343543416    207
1320    1217037.4518209831  658851.07060564577    209
1321    1217037.3122254512  658851.51448542241    0
1322    1217037.2019921804  658851.98877071007    0
1323    1217036.9803897399  658851.18740740838    0
1324    1217036.5195751882  658852.30931904272    0
1325    1217041.6945430795  658846.29693909467    0
1326    1217043.6247440863  658848.2957207486    0
1327    1217039.6439720292  658846.4385637982    0
1328    1217040.0131257686  658846.10110403947    0
1329    1217040.5572409998  658846.5540763255    0
1330    1217041.2036454738  658845.8053046274    0
1331    1217042.6691980802  658845.56382829207    0
1332    1217044.1860813475  658847.48708152224    0
1333    1217040.7210147306  658845.30568694347    0
1334    1217041.9194370767  658845.58148401079    0
1335    1217040.1056191067  658844.27317789907    0
1336    1217041.3894167861  658845.14292999706    0
1337    1217040.8813904505  658844.5104514237    0
1338    1217042.271791741  658844.61608254607    0
1339    1217042.8945482932  658850.44939579151    210
1340    1217038.5137953248  658851.05968154455    0
1341    1217038.1513064872  658851.25707362941    0
1342    1217037.8479118627  658851.00724697462    0
1343    1217038.4054955025  658848.68629246345    0
1344    1217040.362183755  658848.04940279457    0
1345    1217036.3732606829  658847.36489797477    0
1346    1217036.1257100487  658853.64438210137    0
1347    1217040.8865535592  658843.10673247126    0
1348    1217036.8147057439  658846.49609485851    0
1349    1217036.156569106  658848.17603759223    0
1350    1217034.8901109593  658852.10861662088    0
1351    1217035.7249407864  658848.764603697    0
1352    1217035.6817015153  658852.39684967767    0
1353    1217034.9657823271  658847.75531889731    0
1354    1217040.9285369376  658855.38849261927    0
1355    1217045.8429983372  658850.899280485    0
1356    1217045.0023617176  658849.39485049248    0
1357    1217036.7780134645  658844.81024352089    0
1358    1217034.8726933  658853.38756293734    0
1359    1217035.3145438815  658846.28040416515    0
1360    1217045.2773436538  658852.4509322698    0
1361    1217045.8888571542  658847.44472589612    0
1362    1217037.016020559  658854.50316353724    0
1363    1217045.5725754618  658848.477504918    0
1364    1217044.0404564573  658844.43164313061    0
1365    1217037.7834254738  658855.18420102901    0
1366    1217047.441537335  658848.48504294467    0
1367    1217046.3773350869  658849.61362890073    0
1368    1217038.4097005022  658856.84543504159    0
1369    1217036.2715695233  658856.11490530067    0
1370    1217034.4066156105  658850.93476485123    0
1371    1217038.5638439823  658842.39632019261    0
1372    1217044.2354711141  658845.95353806112    0
1373    1217048.2398766668  658851.14159519982    0
1374    1217035.2077116189  658854.93814801367    0
1375    1217032.7038521671  658852.32261135103    0
1376    1217033.8477232778  658852.73401235789    0
1377    1217032.5786387664  658849.71656047239    0
1378    1217033.4365728083  658854.50933456782    0
1379    1217032.940957515  658853.4592833271    0
1380    1217031.4493323264  658854.80530651531    0
1381    1217031.3517894256  658853.197711988    0
1382    1217045.3588801296  658855.02344158303    0
1383    1217046.659016008  658844.8695445538    0
1384    1217046.9249546914  658852.17263829592    0
1385    1217032.6969346076  658846.44013039221    0
1386    1217033.7903164004  658857.28883053258    0
1387    1217030.9537390878  658851.10066583776    0
1388    1217049.2903611073  658853.83531374531    0
1389    1217046.3364585007  658853.70491011674    0
1390    1217028.7375453983  658854.16309119924    0
1391    1217047.7257144949  658855.75658581092    0
1392    1217042.9553341297  658842.59840599715    0
1393    1217042.2413418058  658858.35413475451    0
1394    1217047.6089107799  658846.55638563191    0
1395    1217049.9282525156  658844.13944363769    0
1396    1217050.7200870581  658847.79797205864    0
1397    1217033.8208330872  658843.33000680513    0
1398    1217036.3281182679  658859.44362709497    0
1399    1217029.6906045601  658847.97193712194    0
1400    1217045.7639446079  658842.17371379642    0
1401    1217041.0788899276  658839.42558899394    0
1402    1217006.9488530539  658895.46332265995    53
1403    1217051.6906669785  658857.387821096    0
1404    1217045.6140657717  658858.38665504754    0
1405    1217029.029595152  658858.97633318556    0
1406    1217051.9009179794  658851.26556941622    0
1407    1217039.4534466041  658859.81459069159    0
1408    1217029.278230286  658843.44658862823    0
1409    1217043.9766305366  658839.85311340622    0
1410    1217032.5431518531  658861.32951350987    0
1411    1217043.2666713914  658863.70257207041    0
1412    1217043.2359637672  658834.83918053424    0
1413    1217037.2762731286  658864.80628360435    0
1414    1217048.7144128489  658838.05268877    0
1415    1217056.3846020945  658844.65701661829    0
1416    1217027.2705072451  658850.76832357154    0
1417    1217035.0054122796  658836.83372697851    0
1418    1217048.7993300611  658858.78132032696    0
1419    1217052.5533604589  658862.87413352216    0
1420    1217046.7741304999  658862.07515252114    0
1421    1217054.7374617588  658848.36477843148    0
1422    1217024.749080833  658846.14077240229    0
1423    1217022.380519534  658854.89588815684    0
1424    1217047.7162570057  658868.69904498488    0
1425    1217026.8882788529  658865.97320683242    0
1426    1217031.4508121454  658839.54169751517    0
1427    1217061.703020425  658849.23942149896    0
1428    1216988.7501054509  658809.73744300101    52
1429    1217057.570974109  658853.97278893308    0
1430    1217028.7422998201  658832.2994394179    0
1431    1217024.2660438793  658838.10110576346    0
1432    1217063.5785884717  658896.8262078315    142
1433    1217060.3493058514  658892.21917961026    140
1434    1217060.7505921302  658896.7768449717    141
1435    1217065.1606822244  658899.90407041111    0
1436    1217061.4452505007  658897.49618477211    141
1437    1217062.8592486714  658897.52086620196    142
1438    1217060.6009775815  658899.00657144876    0
1439    1217062.1522495861  658897.50852548704    0
1440    1217062.4995787712  658897.86819538719    142
1441    1217062.8951022094  658898.63766103191    0
1442    1217063.0457205793  658898.07385265036    0
1443    1217063.6079061946  658897.57634549204    0
1444    1217063.9043723037  658898.60525946354    0
1445    1217061.7925796858  658897.85585467226    141
1446    1217061.023114041  658898.25137811026    0
1447    1217061.5869224227  658898.40199648065    0
1448    1217062.1343138067  658899.11211483658    0
1449    1217061.1707057962  658898.82945781946    0
1450    1217061.8172611156  658896.44185650151    0
1451    1217061.1792342877  658899.86178187653    0
1452    1217062.5180898437  658896.807696759    0
1453    1217061.8069771866  658897.03102240595    0
1454    1217061.0979213156  658897.13651487196    141
1455    1217060.8922640523  658897.68265668012    0
1456    1217062.1067021035  658896.74158141832    0
1457    1217062.4115689846  658896.15755747829    0
1458    1217062.2572998563  658897.11746220558    0
1459    1217062.649520406  658897.18300911447    0
1460    1217063.2189185717  658897.17353701673    142
1461    1217062.9291646674  658896.87441154418    0
1462    1217062.7904562852  658896.42927539069    0
1463    1217063.0511192968  658895.66578133823    0
1464    1217063.230569944  658896.53631152166    0
1465    1217063.1013757067  658896.1091825316    0
1466    1217064.9290476649  658895.52208454791    142
1467    1217064.2538180682  658896.1741461897    142
1468    1217063.6958842345  658895.81725046481    0
1469    1217063.91620327  658896.50017701066    142
1470    1217063.5222583155  658896.21498091088    0
1471    1217064.6250878512  658896.89642789401    0
1472    1217064.0912406463  658897.01925410924    0
1473    1217061.2839266229  658896.60935073672    0
1474    1217060.6067072668  658897.26333386707    0
1475    1217060.0155895648  658898.18377326184    0
1476    1217064.5616285594  658897.84217056679    0
1477    1217059.5150494941  658895.49740311806    141
1478    1217060.3473840207  658897.74682452367    0
1479    1217061.2731360071  658895.64212337276    0
1480    1217060.1328208121  658896.13712404482    141
1481    1217061.4245039381  658896.12410854991    0
1482    1217060.0508658595  658896.8344148997    0
1483    1217060.870778966  658896.22667549923    0
1484    1217061.9329866793  658895.69965781807    0
1485    1217059.5645634576  658897.49684178457    0
1486    1217060.4417064711  658896.45698450832    141
1487    1217064.3493058514  658892.21917961026    139
1488    1217064.5914328666  658895.84811536875    142
1489    1217064.1473333752  658895.72605747241    0
1490    1217065.3003174479  658896.2443662521    0
1491    1217064.7664702428  658896.36719246744    0
1492    1217063.7705456193  658895.02381859801    0
1493    1217064.4777987925  658895.39262325095    0
1494    1217065.6042772615  658894.87002290611    142
1495    1217064.8902246412  658894.80624095106    0
1496    1217065.1354288061  658896.74926024408    0
1497    1217065.0466105728  658897.3997124444    0
1498    1217066.0542410621  658896.7699548878    0
1499    1217059.2358584304  658896.38516267121    0
1500    1217062.0153517444  658896.09262185311    0
1501    1217061.6983684096  658894.57783353212    0
1502    1217062.4894589381  658895.59709994413    0
1503    1217062.1061030671  658895.07800609723    0
1504    1217062.8567009128  658894.92478521331    0
1505    1217062.8066713896  658895.33391493943    0
1506    1217062.4992226667  658895.08869551483    0
1507    1217063.2907374387  658895.18548414728    0
1508    1217062.3188428665  658894.48830669606    0
1509    1217063.3557485014  658894.58558527764    0
1510    1217065.5370611183  658898.42432481307    0
1511    1217061.636944971  658895.28228626528    0
1512    1217060.8589624544  658894.85954731726    0
1513    1217061.1841545324  658895.18832884228    0
1514    1217060.5544341151  658895.54742757499    0
1515    1217061.2915027235  658894.75694094505    0
1516    1217060.9052628903  658894.09173171967    0
1517    1217061.3289965542  658894.29043527995    0
1518    1217061.4462865137  658893.48915942223    0
1519    1217061.8810234144  658893.96201809775    0
1520    1217062.8519219563  658894.3810425608    0
1521    1217062.4796617373  658893.90926620085    0
1522    1217063.4426647108  658893.64871423319    0
1523    1217063.257815317  658894.10403248062    0
1524    1217062.9427519632  658893.710941992    0
1525    1217064.104484644  658894.18258041854    0
1526    1217063.6692956339  658894.27108461957    0
1527    1217063.81353106  658893.86611444457    0
1528    1217063.965707714  658894.61439087323    0
1529    1217065.3144063547  658893.21857043728    139
1530    1217064.4640665532  658894.53634981974    0
1531    1217064.2357121352  658894.99432186352    0
1532    1217063.988226088  658893.14306612394    0
1533    1217064.3945942782  658893.6238764734    0
1534    1217062.3826784627  658893.0429850138    0
1535    1217065.0830705874  658894.03033983847    0
1536    1217064.5696204468  658894.06943199341    0
1537    1217062.5619080649  658893.46148902492    0
1538    1217062.152325586  658893.61770014488    0
1539    1217063.1261967609  658892.97219462902    0
1540    1217061.4716686672  658893.90209715883    0
1541    1217061.0950829133  658893.71799590124    0
1542    1217059.3144063547  658893.21857043728    140
1543    1217060.8916120834  658893.02180122002    0
1544    1217060.3810713484  658893.59042279271    0
1545    1217064.8318561031  658892.71887502377    139
1546    1217061.8690003185  658893.1706182058    0
1547    1217061.3973245681  658892.98443784891    0
1548    1217061.3842053481  658891.21978878323    140
1549    1217061.9310508713  658892.32284718915    0
1550    1217060.8667555996  658891.71948419674    140
1551    1217062.0388989244  658892.75689719559    0
1552    1217061.6319051564  658892.6275991447    0
1553    1217063.3842053481  658891.21978878323    139
1554    1217061.1102670627  658892.54020611825    0
1555    1217062.647404135  658892.37527893705    0
1556    1217061.4446812873  658892.1446221791    0
1557    1217060.631288013  658892.61317356885    0
1558    1217059.8318561031  658892.71887502377    140
1559    1217060.6080307255  658891.9693319035    140
1560    1217061.0075745182  658892.12418903399    0
1561    1217060.0647901003  658891.66567234695    0
1562    1217060.4738940604  658891.57154674211    0
1563    1217060.1134209582  658890.94091989135    0
1564    1217060.8456661948  658891.17988032184    0
1565    1217060.3699301942  658893.06691261509    0
1566    1217061.9016423628  658891.65034696483    0
1567    1217061.1810450102  658890.3077326722    0
1568    1217059.8704265654  658893.33941651043    0
1569    1217059.709951563  658894.31081389775    0
1570    1217059.9367910214  658893.84933387069    0
1571    1217060.3861681123  658894.10980717209    0
1572    1217058.7969566062  658893.7182658508    140
1573    1217059.3590502101  658893.85183791176    0
1574    1217058.8972781762  658894.85768219118    141
1575    1217058.9608725179  658894.2779582853    0
1576    1217059.3215305591  658894.61087164702    0
1577    1217059.8938687828  658894.95032437937    0
1578    1217059.2061638352  658895.17754265468    141
1579    1217058.8925931873  658895.78942824784    0
1580    1217058.7357368874  658895.32275473897    0
1581    1217058.041110168  658895.81592738314    0
1582    1217058.2280352318  658894.88581471308    0
1583    1217064.7798905051  658893.25190200587    0
1584    1217065.0691160245  658893.58751569665    0
1585    1217065.7969566062  658893.7182658508    139
1586    1217064.4184097415  658892.9476141124    0
1587    1217064.0095687083  658892.61890428432    0
1588    1217063.5954820239  658892.86455909198    0
1589    1217063.2397884685  658892.39060121868    0
1590    1217062.9596640293  658891.7617355932    0
1591    1217063.8667555996  658891.71948419674    139
1592    1217065.4183373535  658891.66967227601    0
1593    1217062.3170398327  658891.96907471877    0
1594    1217062.4691021834  658891.34083468362    0
1595    1217061.4385953632  658891.68062615057    0
1596    1217060.1437589608  658894.53225663165    0
1597    1217060.381409039  658894.95802325127    0
1598    1217060.1313642387  658895.35152492428    0
1599    1217058.4860767743  658896.42042791098    0
1600    1217057.1474572071  658894.46662411478    0
1601    1217065.9198369579  658894.56529044954    142
1602    1217065.4437634647  658894.3880539597    0
1603    1217066.6750302962  658894.98742690904    0
1604    1217066.1219353282  658895.09032148239    0
1605    1217066.5678857805  658895.94947546744    0
1606    1217065.6168920128  658895.55872704228    0
1607    1217063.4221500324  658891.93254665623    0
1608    1217063.8180494553  658892.18826616043    0
1609    1217065.6001294337  658892.45980647998    0
1610    1217064.6350289299  658891.46041565295    0
1611    1217061.9016550966  658890.72009336972    140
1612    1217062.9016550966  658890.72009336972    139
1613    1217059.823935153  658895.81726358144    141
1614    1217059.6843396213  658896.26114335808    0
1615    1217059.3525039102  658895.93406534404    0
1616    1217059.5741063503  658896.73542864574    0
1617    1217058.891689358  658897.05597697815    0
1618    1217065.9968582562  658893.04237868416    0
1619    1217064.0666572494  658891.04359703022    0
1620    1217062.0160861991  658891.18522173376    0
1621    1217062.3852399385  658890.84776197502    0
1622    1217062.9293551696  658891.30073426105    0
1623    1217066.4710611533  658893.55013504403    0
1624    1217066.7635374367  658892.09390261478    0
1625    1217063.5757596437  658890.55196256295    0
1626    1217065.0413122501  658890.31048622762    0
1627    1217067.3380892265  658894.16021202749    0
1628    1217066.7197261918  658892.84259070898    0
1629    1217063.0931289005  658890.05234487902    0
1630    1217064.2915512465  658890.32814194635    0
1631    1217062.4777332766  658889.01983583462    0
1632    1217063.761530956  658889.88958793262    0
1633    1217063.2535046204  658889.25710935926    0
1634    1217064.6439059109  658889.36274048162    0
1635    1217065.2666624631  658895.19605372706    142
1636    1217060.8859094947  658895.8063394801    0
1637    1217060.523420657  658896.00373156497    0
1638    1217060.2200260325  658895.75390491018    0
1639    1217060.7776096724  658893.432950399    0
1640    1217062.7342979249  658892.79606073012    0
1641    1217058.7453748528  658892.11155591032    0
1642    1217058.4978242184  658898.39104003692    0
1643    1217067.9818500092  658892.5408209468    0
1644    1217067.2149336028  658893.41409894335    0
1645    1217063.2586677291  658887.85339040682    0
1646    1217059.1868199138  658891.24275279406    0
1647    1217058.5286832759  658892.92269552778    0
1648    1217057.262225132  658896.85527455783    0
1649    1217068.3235799959  658893.61432326084    0
1650    1217058.0970549562  658893.51126163255    0
1651    1217058.0538156871  658897.14350761101    0
1652    1217057.337896497  658892.50197683286    0
1653    1217063.3006511074  658900.13515055482    0
1654    1217067.6702055174  658897.21057888225    0
1655    1217059.1501276344  658889.55690145644    0
1656    1217057.2448074792  658898.13422086649    0
1657    1217057.6866580513  658891.02706210071    0
1658    1217068.1907849126  658895.64322902716    0
1659    1217059.3881347287  658899.24982147291    0
1660    1217066.4125706272  658889.17830106616    0
1661    1217069.9309950534  658892.5114889103    0
1662    1217060.1555396435  658899.93085896468    0
1663    1217060.7818146723  658901.5920929776    0
1664    1217058.6436836929  658900.86156323634    0
1665    1217056.7787297785  658895.6814227883    0
1666    1217060.9359581522  658887.14297812816    0
1667    1217068.0541776111  658890.45961657446    0
1668    1217066.4796697341  658890.64914864767    0
1669    1217057.5798257831  658899.68480594968    0
1670    1217055.0759663377  658897.06926929578    0
1671    1217056.2198374509  658897.480670296    0
1672    1217054.9507529335  658894.46321840538    0
1673    1217055.8086870196  658899.25599247485    0
1674    1217055.3130716963  658898.2059412594    0
1675    1217053.8214465645  658899.55196448474    0
1676    1217053.7239035871  658897.94436994684    0
1677    1217067.7119167126  658899.76524706266    0
1678    1217055.0690487775  658891.18678832776    0
1679    1217056.1624305679  658902.03548847733    0
1680    1217053.3258532372  658895.84732377937    0
1681    1217070.5268445136  658897.28925510298    0
1682    1217051.1096595805  658898.90974929021    0
1683    1217065.3274482996  658887.34506393271    0
1684    1217070.2930399878  658894.7620262315    0
1685    1217064.6134559757  658903.10079269006    0
1686    1217056.1929472571  658888.07666474069    0
1687    1217058.7002324399  658904.19028502353    0
1688    1217052.062718723  658892.71859505342    0
1689    1217063.4510040975  658884.17224692949    0
1690    1217069.3559012692  658887.09960096446    0
1691    1217073.8400817919  658893.03702222242    0
1692    1217067.3515696398  658887.38472337741    0
1693    1217066.3942140415  658884.57288020058    0
1694    1217068.113911828  658885.5562684692    0
1695    1217068.8830670994  658882.2158573576    0
1696    1217071.041600565  658884.47163374396    0
1697    1217051.4017095633  658903.72299130831    0
1698    1217070.9851684975  658889.66296714696    0
1699    1217072.9846953666  658895.7874394746    0
1700    1217061.8255607747  658904.56124862668    0
1701    1217051.6503444645  658888.19324656692    0
1702    1217065.3803557213  658881.00977621169    0
1703    1217073.6990767294  658879.76808767777    0
1704    1217054.9152662151  658906.07617124752    0
1705    1217077.9685148839  658895.82919716148    0
1706    1217065.6387855608  658908.44923000457    0
1707    1217059.6483872891  658909.55294153385    0
1708    1217074.2435603593  658900.60983095737    0
1709    1217049.6426212164  658895.51498156553    0
1710    1217057.3775264495  658881.58038491406    0
1711    1217068.9389639501  658876.36417820363    0
1712    1217047.1211950565  658890.88743031689    0
1713    1217044.7526334501  658899.64254654874    0
1714    1217061.3374416758  658880.71304827405    0
1715    1217077.3921422653  658887.13664033532    0
1716    1217049.2603938775  658910.71986468078    0
1717    1217069.8599658078  658904.86750302569    0
1718    1217053.8229263166  658884.28835545096    0
1719    1217057.9207219577  658874.58703045466    0
1720    1217063.7123058583  658876.04624458065    0
1721    1217046.2680978929  658882.64187167643    0
1722    1217051.5436057393  658877.60947314871    0
1723    1217066.1472619711  658805.09726846078    188
1724    1217069.3765445915  658809.70429668203    190
1725    1217068.9752583127  658805.14663132059    187
1726    1217064.5651682185  658802.01940588118    0
1727    1217068.2805999422  658804.42729152017    187
1728    1217066.8666017714  658804.40261009033    188
1729    1217069.1248728614  658802.91690484353    0
1730    1217067.5736008568  658804.41495080525    0
1731    1217067.2262716717  658804.0552809051    188
1732    1217066.8307482335  658803.28581526037    0
1733    1217066.6801298636  658803.84962364193    0
1734    1217066.1179442483  658804.34713080025    0
1735    1217065.8214781391  658803.31821682875    0
1736    1217067.9332707571  658804.06762162002    187
1737    1217068.7027364019  658803.67209818203    0
1738    1217068.1389280201  658803.52147981164    0
1739    1217067.5915366362  658802.81136145571    0
1740    1217068.5551446467  658803.09401847282    0
1741    1217067.9085893272  658805.48161979078    0
1742    1217068.5466161552  658802.06169441575    0
1743    1217067.2077605992  658805.11577953328    0
1744    1217067.9188732563  658804.89245388634    0
1745    1217068.6279291273  658804.78696142032    187
1746    1217068.8335863906  658804.24081961217    0
1747    1217067.6191483394  658805.18189487397    0
1748    1217067.3142814583  658805.765918814    0
1749    1217067.4685505866  658804.8060140867    0
1750    1217067.0763300369  658804.74046717782    0
1751    1217066.5069318712  658804.74993927556    188
1752    1217066.7966857755  658805.04906474811    0
1753    1217066.9353941577  658805.49420090159    0
1754    1217066.6747311461  658806.25769495405    0
1755    1217066.4952804989  658805.38716477063    0
1756    1217066.6244747362  658805.81429376069    0
1757    1217064.796802778  658806.40139174438    188
1758    1217065.4720323747  658805.74933010258    188
1759    1217066.0299662084  658806.10622582748    0
1760    1217065.8096471729  658805.42329928163    188
1761    1217066.2035921274  658805.7084953814    0
1762    1217065.1007625917  658805.02704839827    0
1763    1217065.6346097966  658804.90422218305    0
1764    1217068.4419238199  658805.31412555557    0
1765    1217069.1191431761  658804.66014242521    0
1766    1217069.7102608781  658803.73970303044    0
1767    1217065.1642218835  658804.0813057255    0
1768    1217070.2108009488  658806.42607317423    187
1769    1217069.3784664222  658804.17665176862    0
1770    1217068.4527144358  658806.28135291953    0
1771    1217069.5930296308  658805.78635224747    187
1772    1217068.3013465048  658805.79936774238    0
1773    1217069.6749845834  658805.08906139259    0
1774    1217068.8550714769  658805.69680079306    0
1775    1217067.7928637636  658806.22381847422    0
1776    1217070.1612869853  658804.42663450772    0
1777    1217069.2841439717  658805.46649178397    187
1778    1217065.3765445915  658809.70429668203    189
1779    1217065.1344175762  658806.07536092354    188
1780    1217065.5785170677  658806.19741881988    0
1781    1217064.425532995  658805.67911004019    0
1782    1217064.9593802001  658805.55628382484    0
1783    1217065.9553048236  658806.89965769427    0
1784    1217065.2480516504  658806.53085304133    0
1785    1217064.1215731814  658807.05345338618    188
1786    1217064.8356258017  658807.11723534123    0
1787    1217064.5904216368  658805.17421604821    0
1788    1217064.67923987  658804.52376384789    0
1789    1217063.6716093807  658805.15352140449    0
1790    1217070.4899920125  658805.53831362107    0
1791    1217067.7104986985  658805.83085443918    0
1792    1217068.0274820332  658807.34564276016    0
1793    1217067.2363915048  658806.32637634815    0
1794    1217067.6197473758  658806.84547019505    0
1795    1217066.8691495301  658806.99869107897    0
1796    1217066.9191790533  658806.58956135286    0
1797    1217067.2266277762  658806.83478077746    0
1798    1217066.4351130042  658806.737992145    0
1799    1217067.4070075764  658807.43516959623    0
1800    1217066.3701019415  658807.33789101464    0
1801    1217064.1887893246  658803.49915147922    0
1802    1217068.0889054718  658806.641190027    0
1803    1217068.8668879885  658807.06392897503    0
1804    1217068.5416959105  658806.73514745    0
1805    1217069.1714163278  658806.3760487173    0
1806    1217068.4343477194  658807.16653534723    0
1807    1217068.8205875526  658807.83174457261    0
1808    1217068.3968538886  658807.63304101233    0
1809    1217068.2795639292  658808.43431687006    0
1810    1217067.8448270285  658807.96145819454    0
1811    1217066.8739284866  658807.54243373149    0
1812    1217067.2461887056  658808.01421009144    0
1813    1217066.2831857321  658808.2747620591    0
1814    1217066.4680351259  658807.81944381166    0
1815    1217066.7830984797  658808.21253430028    0
1816    1217065.6213657989  658807.74089587375    0
1817    1217066.056554809  658807.65239167272    0
1818    1217065.9123193829  658808.05736184772    0
1819    1217065.7601427289  658807.30908541905    0
1820    1217064.4114440882  658808.704905855    189
1821    1217065.2617838897  658807.38712647255    0
1822    1217065.4901383077  658806.92915442877    0
1823    1217065.7376243549  658808.78041016834    0
1824    1217065.3312561647  658808.29959981889    0
1825    1217067.3431719802  658808.88049127848    0
1826    1217064.6427798555  658807.89313645381    0
1827    1217065.1562299961  658807.85404429887    0
1828    1217067.163942378  658808.46198726736    0
1829    1217067.5735248569  658808.3057761474    0
1830    1217066.599653682  658808.95128166326    0
1831    1217068.2541817757  658808.02137913345    0
1832    1217068.6307675296  658808.20548039104    0
1833    1217070.4114440882  658808.704905855    190
1834    1217068.8342383595  658808.90167507227    0
1835    1217069.3447790944  658808.33305349958    0
1836    1217064.8939943397  658809.20460126852    189
1837    1217067.8568501244  658808.75285808649    0
1838    1217068.3285258748  658808.93903844338    0
1839    1217068.3416450948  658810.70368750906    190
1840    1217067.7947995716  658809.60062910314    0
1841    1217068.8590948433  658810.20399209554    190
1842    1217067.6869515185  658809.16657909669    0
1843    1217068.0939452865  658809.29587714758    0
1844    1217066.3416450948  658810.70368750906    189
1845    1217068.6155833802  658809.38327017403    0
1846    1217067.0784463079  658809.54819735524    0
1847    1217068.2811691556  658809.77885411319    0
1848    1217069.0945624299  658809.31030272343    0
1849    1217069.8939943397  658809.20460126852    190
1850    1217069.1178197174  658809.95414438879    190
1851    1217068.7182759247  658809.7992872583    0
1852    1217069.6610603426  658810.25780394534    0
1853    1217069.2519563825  658810.35192955018    0
1854    1217069.6124294847  658810.98255640094    0
1855    1217068.8801842481  658810.74359597045    0
1856    1217069.3559202487  658808.8565636772    0
1857    1217067.8242080801  658810.27312932746    0
1858    1217068.5448054327  658811.61574362009    0
1859    1217069.8554238775  658808.58405978186    0
1860    1217070.0158988799  658807.61266239453    0
1861    1217069.7890594215  658808.0741424216    0
1862    1217069.3396823306  658807.81366912019    0
1863    1217070.9288938367  658808.20521044149    190
1864    1217070.3668002328  658808.07163838053    0
1865    1217070.8285722667  658807.0657941011    187
1866    1217070.764977925  658807.64551800699    0
1867    1217070.4043198838  658807.31260464527    0
1868    1217069.8319816601  658806.97315191291    0
1869    1217070.5196866076  658806.74593363761    187
1870    1217070.8332572556  658806.13404804445    0
1871    1217070.9901135555  658806.60072155332    0
1872    1217071.6847402749  658806.10754890915    0
1873    1217071.4978152111  658807.0376615792    0
1874    1217064.9459599378  658808.67157428642    0
1875    1217064.6567344184  658808.33596059564    0
1876    1217063.9288938367  658808.20521044149    189
1877    1217065.3074407014  658808.97586217988    0
1878    1217065.7162817346  658809.30457200797    0
1879    1217066.130368419  658809.05891720031    0
1880    1217066.4860619744  658809.53287507361    0
1881    1217066.7661864136  658810.16174069908    0
1882    1217065.8590948433  658810.20399209554    189
1883    1217064.3075130894  658810.25380401628    0
1884    1217067.4088106102  658809.95440157352    0
1885    1217067.2567482595  658810.58264160866    0
1886    1217068.2872550797  658810.24285014172    0
1887    1217069.5820914821  658807.39121966064    0
1888    1217069.3444414039  658806.96545304102    0
1889    1217069.5944862042  658806.57195136801    0
1890    1217071.2397736686  658805.5030483813    0
1891    1217072.5783932358  658807.45685217751    0
1892    1217063.806013485  658807.35818584275    188
1893    1217064.2820869782  658807.53542233258    0
1894    1217063.0508201467  658806.93604938325    0
1895    1217063.6039151147  658806.83315480989    0
1896    1217063.1579646624  658805.97400082485    0
1897    1217064.1089584301  658806.36474925    0
1898    1217066.3037004105  658809.99092963606    0
1899    1217065.9078009876  658809.73521013185    0
1900    1217065.090821513  658810.46306063933    0
1901    1217062.8598623346  658808.75471777574    0
1902    1217064.1257210092  658809.46366981231    0
1903    1217067.8241953463  658811.20338292257    190
1904    1217066.8241953463  658811.20338292257    189
1905    1217069.9019152899  658806.10621271085    187
1906    1217070.0415108216  658805.66233293421    0
1907    1217070.3733465327  658805.98941094824    0
1908    1217070.1517440926  658805.18804764654    0
1909    1217070.8341610848  658804.86749931413    0
1910    1217065.6591931935  658810.87987926207    0
1911    1217063.7289921867  658808.88109760813    0
1912    1217067.7097642438  658810.73825455853    0
1913    1217067.3406105044  658811.07571431727    0
1914    1217066.7964952732  658810.62274203124    0
1915    1217066.1500907992  658811.37151372933    0
1916    1217064.6845381928  658811.61299006466    0
1917    1217063.1676549255  658809.68973683449    0
1918    1217066.6327215424  658811.87113141327    0
1919    1217065.4342991963  658811.59533434594    0
1920    1217067.2481171663  658812.90364045766    0
1921    1217065.9643194869  658812.03388835967    0
1922    1217066.4723458225  658812.66636693303    0
1923    1217065.081944532  658812.56073581066    0
1924    1217064.4591879798  658806.72742256522    188
1925    1217068.8399409482  658806.11713681219    0
1926    1217069.2024297859  658805.91974472732    0
1927    1217069.5058244104  658806.16957138211    0
1928    1217068.9482407705  658808.49052589328    0
1929    1217066.991552518  658809.12741556216    0
1930    1217070.9804755901  658809.81192038197    0
1931    1217071.2280262245  658803.53243625537    0
1932    1217066.4671827138  658814.07008588547    0
1933    1217070.5390305291  658810.68072349823    0
1934    1217071.197167167  658809.0007807645    0
1935    1217072.4636253109  658805.06820173445    0
1936    1217071.6287954866  658808.41221465974    0
1937    1217071.6720347558  658804.77996868128    0
1938    1217072.3879539459  658809.42149945942    0
1939    1217066.4251993354  658801.78832573746    0
1940    1217061.5107379365  658806.2775378715    0
1941    1217062.3513745554  658807.78196786426    0
1942    1217070.5757228085  658812.36657483585    0
1943    1217072.4810429637  658803.7892554258    0
1944    1217072.0391923916  658810.89641419158    0
1945    1217062.0763926206  658804.72588608938    0
1946    1217061.4648791188  658809.73209246062    0
1947    1217070.3377157142  658802.67365481937    0
1948    1217061.7811608112  658808.69931343873    0
1949    1217063.3132798157  658812.74517522613    0
1950    1217069.5703107994  658801.9926173276    0
1951    1217059.912198938  658808.69177541207    0
1952    1217060.9764011856  658807.56318945577    0
1953    1217068.9440357706  658800.33138331468    0
1954    1217071.08216675  658801.06191305595    0
1955    1217072.9471206644  658806.24205350399    0
1956    1217068.7898922907  658814.78049816412    0
1957    1217063.118265159  658811.22328029561    0
1958    1217059.1138596062  658806.03522315482    0
1959    1217072.1460246597  658802.2386703426    0
1960    1217074.6498841052  658804.8542069965    0
1961    1217073.506012992  658804.44280599628    0
1962    1217074.7750975094  658807.46025788691    0
1963    1217073.9171634233  658802.66748381744    0
1964    1217074.4127787466  658803.71753503289    0
1965    1217075.9044038784  658802.37151180755    0
1966    1217076.0019468558  658803.97910634545    0
1967    1217061.9948561389  658802.15337677207    0
1968    1217060.694720265  658812.30727380293    0
1969    1217060.4287815827  658805.00418006047    0
1970    1217074.6568016654  658810.73668796453    0
1971    1217073.563419875  658799.88798781496    0
1972    1217076.3999972057  658806.07615251292    0
1973    1217058.0633751692  658803.34150460828    0
1974    1217061.0172777763  658803.47190824256    0
1975    1217078.6161908624  658803.01372700208    0
1976    1217059.6280217846  658801.4202325677    0
1977    1217064.3984021433  658814.57841235958    0
1978    1217065.1123944672  658798.82268360222    0
1979    1217059.7448254931  658810.62043272483    0
1980    1217057.4254837574  658813.03737471905    0
1981    1217056.6336492149  658809.37884629809    0
1982    1217073.5329031858  658813.8468115516    0
1983    1217071.025618003  658797.73319126875    0
1984    1217077.6631317199  658809.20488123887    0
1985    1217061.5897916651  658815.00310456031    0
1986    1217066.2748463454  658817.7512293628    0
1987    1217078.3241408796  658798.20048498397    0
1988    1217055.6630693411  658799.78899726504    0
1989    1217061.7396704853  658798.7901632922    0
1990    1217055.4528182878  658805.9112489362    0
1991    1217067.9002896682  658797.36222766561    0
1992    1217078.0755059784  658813.73022972536    0
1993    1217063.3771057364  658817.32370495051    0
1994    1217074.8105842278  658795.84730504476    0
1995    1217064.087064882  658793.47424628772    0
1996    1217064.1177725059  658822.33763782249    0
1997    1217070.0774631537  658792.37053475843    0
1998    1217058.6393234241  658819.12412958674    0
1999    1217050.9691341785  658812.51980173844    0
2000    1217080.0832292265  658806.40849472675    0
2001    1217072.3483239934  658820.34309137822    0
2002    1217058.5544062348  658798.39549809799    0
2003    1217054.8003759547  658794.30268491013    0
2004    1217060.5796056977  658795.10166578705    0
2005    1217052.6162745149  658808.81203992618    0
2006    1217082.6046553864  658811.0360459754    0
2007    1217084.9732169928  658802.28092974355    0
2008    1217059.6374793125  658788.47777322249    0
2009    1217080.4654565654  658791.20361161151    0
2010    1217075.9029241262  658817.63512084133    0
2011    1217045.6507158501  658807.93739685707    0
2012    1217083.45775255  658819.28160461586    0
2013    1217049.7827621645  658803.20402944204    0
2014    1217078.3548065126  658824.54051529372    0
2015    1217141.0286044378  658858.04128916585    202
2016    1217137.7993218175  658853.4342609446    200
2017    1217138.2006080963  658857.99192630604    201
2018    1217142.6106981905  658861.11915174546    0
2019    1217138.8952664668  658858.71126610646    201
2020    1217140.3092646375  658858.7359475363    202
2021    1217138.0509935475  658860.2216527831    0
2022    1217139.6022655522  658858.72360682138    0
2023    1217139.9495947375  658859.08327672153    202
2024    1217140.7047880758  658859.50541318103    0
2025    1217140.1360666456  658859.63626317005    0
2026    1217140.637183228  658860.5129376573    0
2027    1217139.522319989  658860.43813038315    0
2028    1217139.2425956521  658859.07093600661    201
2029    1217138.8204591924  658859.82612934476    0
2030    1217138.6896092037  658859.25740791473    0
2031    1217138.2478825115  658859.65845280746    0
2032    1217138.1451288064  658858.74058382923    0
2033    1217139.2672770817  658857.65693783585    0
2034    1217137.2164849578  658859.61390192236    0
2035    1217139.9681058098  658858.02277809335    0
2036    1217139.2569931527  658858.2461037403    0
2037    1217138.5479372814  658858.35159620619    201
2038    1217138.733942589  658857.82443207095    0
2039    1217139.5567180696  658857.95666275267    0
2040    1217139.8615849507  658857.37263881264    0
2041    1217139.7073158224  658858.33254353993    0
2042    1217140.0995363721  658858.39809044881    0
2043    1217140.6689345376  658858.38861835108    202
2044    1217140.3791806335  658858.08949287864    0
2045    1217140.2404722513  658857.64435672504    0
2046    1217140.8554064457  658858.94160479936    0
2047    1217140.5011352629  658856.88086267258    0
2048    1217140.6805859101  658857.75139285612    0
2049    1217140.5513916728  658857.32426386606    0
2050    1217142.3790636309  658856.73716588225    202
2051    1217141.7038340345  658857.38922752405    202
2052    1217141.1459002006  658857.03233179927    0
2053    1217141.366219236  658857.71525834501    202
2054    1217140.9722742816  658857.43006224534    0
2055    1217142.0751038175  658858.11150922871    0
2056    1217141.5412566124  658858.2343354437    0
2057    1217136.9650654602  658856.71248445241    201
2058    1217141.7140581703  658859.47301161266    0
2059    1217141.1416680247  658858.51825907244    0
2060    1217141.6758774396  658858.84694658883    0
2061    1217138.7231519734  658856.85720470711    0
2062    1217138.8745199041  658857.33918988414    0
2063    1217137.5828367784  658857.35220537928    201
2064    1217139.3830026453  658856.91473915253    0
2065    1217138.3207949318  658857.44175683346    0
2066    1217137.8917224375  658857.67206584266    201
2067    1217137.5413828318  658858.31945880537    0
2068    1217137.4088823416  658857.82926516491    0
2069    1217136.6631161051  658858.29385194369    0
2070    1217136.9150365  658857.37894473493    0
2071    1217141.7993218175  658853.4342609446    199
2072    1217142.0414488327  658857.06319670309    202
2073    1217141.5973493413  658856.94113880687    0
2074    1217142.7503334139  658857.45944758644    0
2075    1217141.2205615854  658856.23889993248    0
2076    1217141.9278147586  658856.6077045853    0
2077    1217142.2164862091  658857.58227380167    0
2078    1217143.0542932274  658856.08510424045    202
2079    1217142.3402406073  658856.02132228564    0
2080    1217142.5854447722  658857.96434157842    0
2081    1217142.5655561325  658858.85382453189    0
2082    1217143.5042570282  658857.98503622215    0
2083    1217139.4653677105  658857.30770318757    0
2084    1217139.148384376  658855.79291486694    0
2085    1217139.9394749042  658856.81218127848    0
2086    1217139.5561190331  658856.29308743193    0
2087    1217140.3067168789  658856.13986654754    0
2088    1217140.2566873557  658856.54899627378    0
2089    1217139.9492386328  658856.30377684918    0
2090    1217140.7407534048  658856.40056548151    0
2091    1217139.7688588321  658855.70338803146    0
2092    1217140.8057644677  658855.80066661164    0
2093    1217135.8360449527  658856.96284052741    0
2094    1217139.0869609374  658856.49736759986    0
2095    1217138.3089784211  658856.07462865196    0
2096    1217138.6341704989  658856.40341017686    0
2097    1217138.0044500811  658856.76250890922    0
2098    1217138.74151869  658855.97202227986    0
2099    1217138.3552788571  658855.30681305483    0
2100    1217138.7790125208  658855.50551661511    0
2101    1217138.8963024803  658854.70424075786    0
2102    1217139.3310393805  658855.17709943315    0
2103    1217140.3019379221  658855.59612389444    0
2104    1217139.929677702  658855.12434753764    0
2105    1217140.8926806774  658854.86379556626    0
2106    1217140.7078312833  658855.31911381416    0
2107    1217140.3927679281  658854.9260233246    0
2108    1217141.5545006113  658855.39766175218    0
2109    1217141.1193116005  658855.48616595322    0
2110    1217141.2635470268  658855.08119577786    0
2111    1217141.415723681  658855.82947220735    0
2112    1217142.7644223208  658854.43365177163    199
2113    1217141.9140825199  658855.75143115362    0
2114    1217141.6857281011  658856.20940319821    0
2115    1217141.4382420552  658854.35814745678    0
2116    1217141.844610245  658854.8389578067    0
2117    1217139.8326944206  658854.25806634815    0
2118    1217142.533086556  658855.245421172    0
2119    1217142.0196364145  658855.28451332683    0
2120    1217140.0119240265  658854.6765703595    0
2121    1217139.6023415523  658854.83278148388    0
2122    1217140.5762127247  658854.18727595604    0
2123    1217138.9216846335  658855.11717849423    0
2124    1217138.5450988798  658854.93307723652    0
2125    1217136.7644223208  658854.43365177163    200
2126    1217138.3416280507  658854.23688255553    0
2127    1217137.8310873152  658854.80550412834    0
2128    1217142.281872069  658853.93395635812    199
2129    1217139.3190162852  658854.38569955144    0
2130    1217138.8473405375  658854.19951918197    0
2131    1217138.8342213142  658852.43487011758    200
2132    1217139.3810668315  658853.53792860347    0
2133    1217138.3167715659  658852.93456553109    200
2134    1217139.4889148874  658853.97197857522    0
2135    1217139.0819211539  658853.84268054203    0
2136    1217140.8342213142  658852.43487011758    199
2137    1217138.5602830241  658853.75528738927    0
2138    1217140.0974199926  658853.59036034252    0
2139    1217138.89469734  658853.35970368027    0
2140    1217138.0813039828  658853.82825490169    0
2141    1217137.281872069  658853.93395635812    200
2142    1217138.0580466916  658853.18441323785    200
2143    1217138.4575904596  658853.33927034296    0
2144    1217137.5148060664  658852.8807536813    0
2145    1217137.9239100264  658852.78662807622    0
2146    1217137.563436924  658852.15600122558    0
2147    1217138.2956821611  658852.39496165642    0
2148    1217137.8199461584  658854.28199394792    0
2149    1217139.3516583343  658852.86542834516    0
2150    1217138.6310609761  658851.52281400701    0
2151    1217137.3204425313  658854.5544978471    0
2152    1217137.1599675312  658855.52589523548    0
2153    1217137.3868069886  658855.06441520748    0
2154    1217137.8361840798  658855.32488850702    0
2155    1217136.2469725725  658854.93334718514    200
2156    1217136.8090661766  658855.06691924983    0
2157    1217136.347294142  658856.07276352553    201
2158    1217136.4108884814  658855.49303961988    0
2159    1217136.771546524  658855.82595297997    0
2160    1217137.34388474  658856.16540571442    0
2161    1217136.6561798011  658856.39262398891    201
2162    1217136.4208076627  658856.92899415956    0
2163    1217136.2084071035  658856.51595911826    0
2164    1217135.673749391  658856.1050502538    0
2165    1217136.1707604949  658857.67732385942    0
2166    1217142.2299064717  658854.46698333963    0
2167    1217142.5191319904  658854.80259703053    0
2168    1217143.2469725725  658854.93334718514    199
2169    1217141.8684257085  658854.16269544698    0
2170    1217141.4595846774  658853.83398561901    0
2171    1217141.04549799  658854.07964042423    0
2172    1217140.6898044182  658853.60568245361    0
2173    1217140.4096797535  658852.97681684047    0
2174    1217141.3167715659  658852.93456553109    199
2175    1217142.8683533194  658852.88475361071    0
2176    1217139.767055741  658853.18415612623    0
2177    1217139.9191179504  658852.55591641401    0
2178    1217138.8886112573  658852.89570757397    0
2179    1217137.593774931  658855.74733797135    0
2180    1217137.8314250025  658856.17310460226    0
2181    1217137.5813801861  658856.56660627632    0
2182    1217134.5884407361  658855.6766565151    0
2183    1217143.3698529238  658855.78037178388    202
2184    1217142.893779431  658855.60313529451    0
2185    1217143.7168690516  658856.45546954765    0
2186    1217143.8774992062  658855.94616576307    0
2187    1217144.6535107542  658855.44447806897    0
2188    1217144.6408569817  658856.46690501808    0
2189    1217140.8721658492  658853.14762778766    0
2190    1217141.2680651899  658853.40334753238    0
2191    1217142.0850448962  658852.67549698753    0
2192    1217143.8334538229  658853.88414443738    0
2193    1217143.0501453993  658853.67488781444    0
2194    1217139.3516710624  658851.93517470406    200
2195    1217140.3516710624  658851.93517470406    199
2196    1217137.2739511193  658857.0323449159    201
2197    1217141.5166732157  658852.25867836422    0
2198    1217144.0152459031  658854.67427864135    0
2199    1217139.4661020904  658852.40030309034    0
2200    1217139.8352562224  658852.06284330634    0
2201    1217140.3793709916  658852.51581539493    0
2202    1217141.0257756095  658851.76704389707    0
2203    1217142.4913282176  658851.52556756197    0
2204    1217140.5431448664  658851.26742621383    0
2205    1217141.7415672129  658851.54322327941    0
2206    1217139.9277492433  658850.23491716955    0
2207    1217141.2115469216  658851.10466926685    0
2208    1217140.7035205858  658850.47219069512    0
2209    1217142.0939218793  658850.57782180933    0
2210    1217142.7166784292  658856.41113506141    202
2211    1217143.2100828406  658856.58424969693    0
2212    1217142.8329711473  658856.86938028573    0
2213    1217143.4187993719  658857.25224461919    0
2214    1217138.3359254608  658857.02142081433    0
2215    1217137.9734366231  658857.21881289908    0
2216    1217137.6700419984  658856.96898624429    0
2217    1217138.2276256389  658854.64803173428    0
2218    1217140.1843138873  658854.011142098    0
2219    1217136.1953908186  658853.32663724502    0
2220    1217135.3956460506  658858.80118573317    0
2221    1217143.6156345797  658853.12880126061    0
2222    1217145.2332244448  658853.97806898446    0
2223    1217140.7086836966  658849.06847174454    0
2224    1217144.4440015336  658857.50406505144    0
2225    1217136.6368358796  658852.45783412864    0
2226    1217135.978699242  658854.13777686236    0
2227    1217135.0786245107  658857.75331503048    0
2228    1217143.5858634599  658851.95383862953    0
2229    1217144.5783529887  658853.26025895623    0
2230    1217135.5470709228  658854.72634296713    0
2231    1217134.7879124633  658853.71705816826    0
2232    1217134.806419231  658856.7133992326    0
2233    1217136.6001435996  658850.7719827909    0
2234    1217146.0948567204  658852.53435508732    0
2235    1217135.1366740165  658852.24214343505    0
2236    1217139.9558317235  658862.32232934749    0
2237    1217142.7361768682  658859.98353789444    0
2238    1217136.6269866659  658861.3001590746    0
2239    1217146.3408564604  658855.97665279428    0
2240    1217133.5013145544  658858.80240349297    0
2241    1217143.5070530644  658850.54246381903    0
2242    1217143.7992168416  658859.24524573248    0
2243    1217145.778769376  658857.22014533821    0
2244    1217132.980043008  658856.55611401587    0
2245    1217144.021900445  658860.70034207229    0
2246    1217133.816292732  658857.52815553569    0
2247    1217138.3859741241  658848.35805946332    0
2248    1217145.0907482093  658851.16191892046    0
2249    1217142.7510520036  658848.58438567421    0
2250    1217145.4298131408  658858.85910246405    0
2251    1217132.4422054249  658857.86455163197    0
2252    1217148.1196855011  658857.52950860921    0
2253    1217138.5933344658  658861.64383914799    0
2254    1217147.2185824146  658854.18398825172    0
2255    1217132.5190647414  658852.40186966455    0
2256    1217144.0100666969  658863.2474342935    0
2257    1217131.4181878797  658860.0879149884    0
2258    1217138.1506492468  658864.2400907405    0
2259    1217130.5436687018  658856.31939310988    0
2260    1217134.4497777598  658860.8201027402    0
2261    1217132.9090311702  658854.51575430471    0
2262    1217147.8662729778  658850.18480930454    0
2263    1217145.1007605086  658848.80216129834    0
2264    1217148.2201584829  658852.29416126711    0
2265    1217140.927968692  658845.44320096099    0
2266    1217133.6429632185  658849.29174607131    0
2267    1217147.6172232341  658861.99061948247    0
2268    1217134.8739627819  658864.07348538016    0
2269    1217130.5387494315  658853.86010795925    0
2270    1217150.8499101619  658854.89820741187    0
2271    1217144.2090218039  658845.63857435202    0
2272    1217151.5374033686  658850.65326621034    0
2273    1217141.3717166041  658865.46358397126    0
2274    1217126.4673494527  658855.09789941332    0
2275    1217129.113303473  658849.85055320966    0
2276    1217142.8921355412  658840.10575145017    0
2277    1217148.1063964067  658846.24747190881    0
2278    1217136.2363205927  658869.58469082054    0
2279    1217134.8284445778  658842.68976064026    0
2280    1217153.5155066366  658860.39610084589    0
2281    1217146.3619920386  658868.72599373758    0
2282    1217127.5169900551  658859.0074918709    0
2283    1217146.7566992308  658842.10906308843    0
2284    1217138.764730246  658867.47517937189    0
2285    1217142.345928448  658869.42124063917    0
2286    1217139.3235491721  658870.71496749227    0
2287    1217142.9778256242  658875.07474140788    0
2288    1217135.9076068669  658875.26389078761    0
2289    1217130.8616915417  658845.38490095024    0
2290    1217158.2254946635  658853.91458433715    0
2291    1217127.6778444543  658866.01012290956    0
2292    1217148.1429469087  658834.705673035    0
2293    1217120.5158443809  658858.79144824599    0
2294    1217154.2869124988  658841.94246462127    0
2295    1217151.3622778899  658685.01639669307    182
2296    1217148.1329952695  658680.40936847182    180
2297    1217148.5342815483  658684.96703383327    181
2298    1217152.9443716425  658688.09425927268    0
2299    1217149.2289399188  658685.68637363368    181
2300    1217150.6429380896  658685.71105506353    182
2301    1217148.3846669996  658687.19676031033    0
2302    1217149.9359390042  658685.6987143486    0
2303    1217150.2832681895  658686.05838424875    182
2304    1217151.0384615278  658686.48052070825    0
2305    1217150.4697400976  658686.61137069727    0
2306    1217150.9708566801  658687.48804518452    0
2307    1217149.8559934411  658687.41323791037    0
2308    1217149.5762691041  658686.04604353383    181
2309    1217149.1541326444  658686.80123687198    0
2310    1217149.0232826557  658686.23251544195    0
2311    1217148.5815559635  658686.63356033468    0
2312    1217148.4788022584  658685.71569135645    0
2313    1217149.6009505338  658684.63204536308    0
2314    1217147.5501584099  658686.58900944958    0
2315    1217150.3017792618  658684.99788562057    0
2316    1217149.5906666047  658685.22121126752    0
2317    1217148.8816107335  658685.32670373342    181
2318    1217149.0676160411  658684.79953959817    0
2319    1217149.8903915216  658684.93177027989    0
2320    1217150.1952584027  658684.34774633986    0
2321    1217150.0409892744  658685.30765106715    0
2322    1217150.4332098241  658685.37319797603    0
2323    1217151.0026079896  658685.3637258783    182
2324    1217150.7128540855  658685.06460040587    0
2325    1217150.5741457033  658684.61946425226    0
2326    1217151.1890798977  658685.91671232658    0
2327    1217150.8348087149  658683.8559701998    0
2328    1217151.0142593621  658684.72650038335    0
2329    1217150.8850651248  658684.29937139328    0
2330    1217152.712737083  658683.71227340947    182
2331    1217152.0375074865  658684.36433505127    182
2332    1217151.4795736526  658684.00743932649    0
2333    1217151.6998926881  658684.69036587223    182
2334    1217151.3059477336  658684.40516977257    0
2335    1217152.4087772695  658685.08661675593    0
2336    1217151.8749300644  658685.20944297093    0
2337    1217147.2987389122  658683.68759197951    181
2338    1217152.0477316224  658686.44811913988    0
2339    1217151.4753414767  658685.49336659967    0
2340    1217152.0095508916  658685.82205411606    0
2341    1217149.0568254255  658683.83231223433    0
2342    1217149.2081933562  658684.31429741136    0
2343    1217147.9165102304  658684.32731290639    181
2344    1217149.7166760974  658683.88984667975    0
2345    1217148.6544683839  658684.41686436068    0
2346    1217148.2253958895  658684.64717336989    181
2347    1217147.8750562838  658685.2945663326    0
2348    1217147.7425557934  658684.80437269202    0
2349    1217146.9967895569  658685.26895947126    0
2350    1217147.2487099522  658684.3540522618    0
2351    1217152.1329952695  658680.40936847182    179
2352    1217152.3751222847  658684.03830423043    182
2353    1217151.9310227933  658683.91624633397    0
2354    1217153.084006866  658684.43455511378    0
2355    1217151.5542350372  658683.2140074597    0
2356    1217152.2614882109  658683.58281211276    0
2357    1217152.5501596611  658684.55738132901    0
2358    1217153.3879666794  658683.06021176768    182
2359    1217152.6739140593  658682.99642981275    0
2360    1217152.9191182242  658684.93944910576    0
2361    1217152.8992295843  658685.828932059    0
2362    1217153.8379304803  658684.96014374949    0
2363    1217149.7990411625  658684.28281071479    0
2364    1217149.482057828  658682.76802239416    0
2365    1217150.2731483562  658683.7872888057    0
2366    1217149.8897924852  658683.26819495915    0
2367    1217150.6403903309  658683.11497407476    0
2368    1217150.5903608077  658683.524103801    0
2369    1217150.2829120848  658683.2788843764    0
2370    1217151.0744268566  658683.37567300873    0
2371    1217150.1025322841  658682.67849555868    0
2372    1217151.1394379195  658682.7757741391    0
2373    1217146.1697184052  658683.93794805475    0
2374    1217149.4206343894  658683.47247512708    0
2375    1217148.6426518732  658683.04973617918    0
2376    1217148.967843951  658683.37851770408    0
2377    1217148.3381235334  658683.73761643644    0
2378    1217149.075192142  658682.94712980709    0
2379    1217148.6889523091  658682.28192058206    0
2380    1217149.1126859728  658682.48062414234    0
2381    1217149.2299759323  658681.67934828508    0
2382    1217149.6647128325  658682.15220696037    0
2383    1217150.6356113739  658682.57123142178    0
2384    1217150.2633511538  658682.09945506498    0
2385    1217151.2263541294  658681.83890309371    0
2386    1217151.0415047354  658682.29422134161    0
2387    1217150.7264413799  658681.90113085194    0
2388    1217151.8881740635  658682.37276927999    0
2389    1217151.4529850527  658682.46127348091    0
2390    1217151.5972204793  658682.05630330532    0
2391    1217151.749397133  658682.80457973492    0
2392    1217153.0980957728  658681.40875929885    179
2393    1217152.2477559717  658682.72653868154    0
2394    1217152.0194015529  658683.1845107259    0
2395    1217151.7719155075  658681.33325498342    0
2396    1217152.1782836989  658681.81406533381    0
2397    1217150.1663678724  658681.23317387549    0
2398    1217152.8667600052  658682.22052870132    0
2399    1217152.353309867  658682.25962085475    0
2400    1217150.3455974783  658681.65167788684    0
2401    1217149.9360150043  658681.80788901134    0
2402    1217150.9098861767  658681.16238348326    0
2403    1217149.2553580855  658682.09228602145    0
2404    1217148.8787723319  658681.90818476374    0
2405    1217147.0980957728  658681.40875929885    180
2406    1217148.6753015027  658681.21199008275    0
2407    1217148.1647607672  658681.78061165556    0
2408    1217152.615545521  658680.90906388534    179
2409    1217149.6526897375  658681.36080707912    0
2410    1217149.1810139897  658681.17462670885    0
2411    1217149.1678947662  658679.4099776448    180
2412    1217149.7147402836  658680.5130361343    0
2413    1217148.650445018  658679.90967305831    180
2414    1217149.8225883397  658680.94708610454    0
2415    1217149.4155946078  658680.81778807216    0
2416    1217151.1678947662  658679.4099776448    179
2417    1217148.8939564757  658680.73039491253    0
2418    1217150.4310934406  658680.56546787266    0
2419    1217149.2283707967  658680.33481121564    0
2420    1217148.414977435  658680.80336242879    0
2421    1217147.615545521  658680.90906388534    180
2422    1217148.3917201436  658680.15952076507    180
2423    1217148.79126391  658680.31437786855    0
2424    1217147.8484795184  658679.85586120852    0
2425    1217148.2575834785  658679.76173560345    0
2426    1217147.897110376  658679.1311087528    0
2427    1217148.6293556131  658679.37006918364    0
2428    1217148.1536196102  658681.25710147491    0
2429    1217149.6853317865  658679.84053587448    0
2430    1217148.9647344281  658678.49792153423    0
2431    1217147.6541159833  658681.52960537444    0
2432    1217147.4936409835  658682.5010027627    0
2433    1217147.7204804407  658682.0395227347    0
2434    1217148.1698575318  658682.29999603424    0
2435    1217146.5806460246  658681.90845471236    180
2436    1217147.1427396287  658682.04202677717    0
2437    1217146.680967594  658683.04787105264    181
2438    1217146.7445619334  658682.4681471471    0
2439    1217147.105219976  658682.80106050719    0
2440    1217147.6775581918  658683.14051324152    0
2441    1217146.9898532531  658683.36773151602    181
2442    1217146.7544811149  658683.90410168644    0
2443    1217146.5420805556  658683.49106664537    0
2444    1217146.007422843  658683.08015778102    0
2445    1217146.5044339478  658684.65243138629    0
2446    1217152.5635799242  658681.44209086639    0
2447    1217152.8528054424  658681.7777045588    0
2448    1217153.5806460246  658681.90845471236    179
2449    1217152.202099161  658681.13780297432    0
2450    1217151.7932581308  658680.80909314647    0
2451    1217151.3791714422  658681.05474795029    0
2452    1217151.0234778686  658680.58078997827    0
2453    1217150.7433531969  658679.9519243649    0
2454    1217151.650445018  658679.90967305831    179
2455    1217153.2020267714  658679.85986113793    0
2456    1217150.100729191  658680.15926365647    0
2457    1217150.2527913954  658679.53102395579    0
2458    1217149.2222847058  658679.8708151055    0
2459    1217147.9274483831  658682.72244549869    0
2460    1217148.1650984546  658683.14821212972    0
2461    1217147.9150536377  658683.54171380401    0
2462    1217144.9221141881  658682.65176404233    0
2463    1217153.7035263758  658682.7554793111    182
2464    1217153.227452883  658682.57824282162    0
2465    1217154.0505425036  658683.43057707488    0
2466    1217154.2111726583  658682.9212732903    0
2467    1217154.9871842063  658682.41958559619    0
2468    1217154.9745304338  658683.4420125453    0
2469    1217151.2058392961  658680.12273530872    0
2470    1217151.6017386345  658680.37845506112    0
2471    1217152.4187183483  658679.65060451475    0
2472    1217154.1671272749  658680.8592519646    0
2473    1217153.3838188513  658680.64999534166    0
2474    1217149.6853445144  658678.91028223129    180
2475    1217150.6853445144  658678.91028223129    179
2476    1217147.6076245713  658684.00745244301    181
2477    1217151.8503466677  658679.23378589144    0
2478    1217154.3489193551  658681.64938616857    0
2479    1217149.7997755397  658679.37541061861    0
2480    1217150.1689296858  658679.03795083368    0
2481    1217150.7130444387  658679.4909229154    0
2482    1217151.3594490616  658678.74215142429    0
2483    1217152.8250016696  658678.50067508919    0
2484    1217150.8768183184  658678.24253374105    0
2485    1217152.0752406649  658678.51833080663    0
2486    1217150.2614226954  658677.21002469677    0
2487    1217151.5452203737  658678.07977679407    0
2488    1217151.0371940378  658677.44729822234    0
2489    1217152.4275953313  658677.55292933655    0
2490    1217153.0503518812  658683.38624258852    182
2491    1217153.5437562927  658683.55935722427    0
2492    1217153.1666445993  658683.84448781272    0
2493    1217153.7524728233  658684.22735214618    0
2494    1217148.6695989131  658683.99652834155    0
2495    1217148.3071100751  658684.19392042607    0
2496    1217148.0037154502  658683.94409377128    0
2497    1217148.561299091  658681.6231392615    0
2498    1217150.5179873393  658680.98624962673    0
2499    1217146.5290642707  658680.30174477224    0
2500    1217145.7293195019  658685.77629325853    0
2501    1217153.9493080317  658680.10390878783    0
2502    1217155.5668978968  658680.95317651168    0
2503    1217151.0423571486  658676.04357927176    0
2504    1217154.7776749844  658684.47917257785    0
2505    1217146.9705093317  658679.43294165586    0
2506    1217146.312372694  658681.11288438959    0
2507    1217145.412297966  658684.72842255724    0
2508    1217153.9195369119  658678.92894615675    0
2509    1217154.9120264407  658680.23536648345    0
2510    1217145.8807443748  658681.70145049435    0
2511    1217145.1215859153  658680.69216569548    0
2512    1217145.1400926828  658683.68850676052    0
2513    1217146.9338170516  658677.74709031812    0
2514    1217156.4285301724  658679.50946261454    0
2515    1217145.4703474685  658679.21725096228    0
2516    1217150.2895051755  658689.29743687471    0
2517    1217153.0698503205  658686.95864542166    0
2518    1217146.9606601179  658688.27526660182    0
2519    1217156.6745299124  658682.95176032151    0
2520    1217143.8349880099  658685.77751101251    0
2521    1217153.8407265164  658677.51757134625    0
2522    1217154.1328902927  658686.22035325924    0
2523    1217156.1124428285  658684.19525286672    0
2524    1217143.3137164586  658683.53122154309    0
2525    1217154.3555738984  658687.67544959998    0
2526    1217144.1499661827  658684.50326306792    0
2527    1217148.7196475761  658675.33316699055    0
2528    1217155.4244216613  658678.13702644769    0
2529    1217153.0847254556  658675.55949320144    0
2530    1217155.7634865893  658685.83420998952    0
2531    1217142.7758788744  658684.83965915861    0
2532    1217158.4533589554  658684.50461613631    0
2533    1217148.9270079178  658688.61894667521    0
2534    1217157.5522558666  658681.15909577894    0
2535    1217142.8527381935  658679.37697719177    0
2536    1217154.3437401489  658690.22254182317    0
2537    1217141.7518613439  658687.06302252156    0
2538    1217148.4843226988  658691.21519826772    0
2539    1217140.8773421529  658683.29450063489    0
2540    1217144.7834512072  658687.79521026858    0
2541    1217143.2427046222  658681.49086183193    0
2542    1217158.1999464298  658677.15991683176    0
2543    1217155.4344339606  658675.77726882556    0
2544    1217158.5538319349  658679.26926879433    0
2545    1217151.2616421441  658672.41830848821    0
2546    1217143.9766366705  658676.26685359853    0
2547    1217157.9508967039  658688.96572701319    0
2548    1217145.2076362348  658691.04859290691    0
2549    1217140.8724228856  658680.83521548612    0
2550    1217161.183583614  658681.87331493909    0
2551    1217154.542695256  658672.61368187924    0
2552    1217161.8710768207  658677.62837373756    0
2553    1217151.705390055  658692.43869149743    0
2554    1217108.6979393163  658628.56554171897    59
2555    1217136.8010229084  658682.07300693425    0
2556    1217139.4469769266  658676.82566074014    0
2557    1217158.4400698587  658673.22257943603    0
2558    1217153.2258089932  658667.0808589774    0
2559    1217146.5699940445  658696.5597983459    0
2560    1217145.1621180298  658669.66486816749    0
2561    1217163.8491800728  658687.37120835192    0
2562    1217156.6956654843  658695.70110126748    0
2563    1217137.8506634983  658685.9825994136    0
2564    1217157.0903726828  658669.08417061565    0
2565    1217149.0984036981  658694.45028689853    0
2566    1217152.6796018973  658696.39634816069    0
2567    1217149.6572226237  658697.69007501914    0
2568    1217153.3114990834  658702.04984892823    0
2569    1217146.2412803161  658702.23899831332    0
2570    1217141.195364991  658672.360008477    0
2571    1217168.5591681155  658680.88969186437    0
2572    1217138.0115179238  658692.98523048218    0
2573    1217158.4766203607  658661.68078056222    0
2574    1217130.8495177943  658685.76655575703    0
2575    1217164.6205859508  658668.91757214849    0
2576    1217163.7434604436  658735.54843004199    0
2577    1217171.1362288331  658724.54656149435    220
2578    1217174.3655114535  658729.1535897156    222
2579    1217173.9642251746  658724.59592435416    219
2580    1217169.5541350804  658721.46869891474    0
2581    1217173.2695668042  658723.87658455374    219
2582    1217171.8555686334  658723.8519031239    220
2583    1217174.1138397234  658722.3661978771    0
2584    1217172.5625677188  658723.86424383882    0
2585    1217172.2152385334  658723.50457393867    220
2586    1217171.4600451952  658723.08243747917    0
2587    1217172.0287666253  658722.95158749016    0
2588    1217171.5276500429  658722.0749130029    0
2589    1217172.6425132819  658722.14972027706    0
2590    1217172.9222376188  658723.51691465359    219
2591    1217173.3443740786  658722.76172131544    0
2592    1217173.4752240672  658723.33044274547    0
2593    1217173.9169507595  658722.92939785274    0
2594    1217174.0197044646  658723.84726683097    0
2595    1217172.8975561892  658724.93091282435    0
2596    1217174.9483483131  658722.97394873784    0
2597    1217172.1967274612  658724.56507256685    0
2598    1217172.9078401183  658724.3417469199    0
2599    1217173.6168959895  658724.23625445401    219
2600    1217173.4308906819  658724.76341858925    0
2601    1217172.6081152014  658724.63118790754    0
2602    1217172.3032483202  658725.21521184756    0
2603    1217172.4575174486  658724.25530712027    0
2604    1217172.0652968988  658724.18976021139    0
2605    1217171.4958987334  658724.19923230913    220
2606    1217171.7856526375  658724.49835778156    0
2607    1217171.9243610196  658724.94349393516    0
2608    1217171.3094268253  658723.64624586084    0
2609    1217171.6636980081  658725.70698798762    0
2610    1217171.4842473608  658724.83645780408    0
2611    1217171.6134415981  658725.26358679414    0
2612    1217169.78576964  658725.85068477795    220
2613    1217170.4609992364  658725.19862313615    220
2614    1217171.0189330704  658725.55551886093    0
2615    1217170.7986140349  658724.87259231519    220
2616    1217171.1925589894  658725.15778841486    0
2617    1217170.0897294534  658724.47634143149    0
2618    1217170.6235766585  658724.3535152165    0
2619    1217175.1997678108  658725.87536620791    219
2620    1217170.4507751006  658723.11483904754    0
2621    1217171.0231652462  658724.06959158776    0
2622    1217170.4889558314  658723.74090407137    0
2623    1217173.4416812975  658725.7306459531    0
2624    1217173.2903133668  658725.24866077607    0
2625    1217174.5819964926  658725.23564528103    219
2626    1217172.7818306256  658725.67311150767    0
2627    1217173.8440383391  658725.14609382674    0
2628    1217174.2731108335  658724.91578481754    219
2629    1217174.6234504392  658724.26839185483    0
2630    1217174.7559509296  658724.75858549541    0
2631    1217175.501717166  658724.29399871617    0
2632    1217175.2497967707  658725.20890592563    0
2633    1217170.3655114535  658729.1535897156    221
2634    1217170.1233844382  658725.52465395699    220
2635    1217170.5674839297  658725.64671185345    0
2636    1217169.414499857  658725.12840307364    0
2637    1217170.9442716858  658726.34895072773    0
2638    1217170.2370185121  658725.98014607467    0
2639    1217169.9483470619  658725.00557685841    0
2640    1217169.1105400436  658726.50274641975    220
2641    1217169.8245926637  658726.56652837468    0
2642    1217169.5793884988  658724.62350908166    0
2643    1217169.5992771387  658723.73402612843    0
2644    1217168.6605762427  658724.60281443794    0
2645    1217172.6994655605  658725.28014747263    0
2646    1217173.016448895  658726.79493579327    0
2647    1217172.2253583667  658725.77566938172    0
2648    1217172.6087142378  658726.29476322827    0
2649    1217171.858116392  658726.44798411266    0
2650    1217171.9081459153  658726.03885438642    0
2651    1217172.2155946381  658726.28407381102    0
2652    1217171.4240798664  658726.18728517869    0
2653    1217172.3959744389  658726.88446262875    0
2654    1217171.3590688035  658726.78718404833    0
2655    1217176.3287883177  658725.62501013267    0
2656    1217173.0778723336  658726.09048306034    0
2657    1217173.8558548498  658726.51322200825    0
2658    1217173.530662772  658726.18444048334    0
2659    1217174.1603831896  658725.82534175098    0
2660    1217173.4233145809  658726.61582838034    0
2661    1217173.8095544139  658727.28103760537    0
2662    1217173.3858207501  658727.08233404509    0
2663    1217173.2685307907  658727.88360990235    0
2664    1217172.8337938904  658727.41075122706    0
2665    1217171.862895349  658726.99172676564    0
2666    1217172.2351555692  658727.46350312245    0
2667    1217171.2721525936  658727.72405509371    0
2668    1217171.4570019876  658727.26873684581    0
2669    1217171.7720653431  658727.66182733548    0
2670    1217170.6103326594  658727.19018890744    0
2671    1217171.0455216703  658727.10168470652    0
2672    1217170.9012862437  658727.50665488211    0
2673    1217170.74910959  658726.7583784525    0
2674    1217169.4004109502  658728.15419888857    221
2675    1217170.2507507512  658726.83641950588    0
2676    1217170.4791051701  658726.37844746152    0
2677    1217170.7265912155  658728.22970320401    0
2678    1217170.3202230241  658727.74889285362    0
2679    1217172.3321388506  658728.32978431194    0
2680    1217169.6317467177  658727.3424294861    0
2681    1217170.145196856  658727.30333733268    0
2682    1217172.1529092446  658727.91128030058    0
2683    1217172.5624917187  658727.75506917608    0
2684    1217171.5886205463  658728.40057470417    0
2685    1217173.2431486375  658727.47067216597    0
2686    1217173.6197343911  658727.65477342368    0
2687    1217175.4004109502  658728.15419888857    222
2688    1217173.8232052203  658728.35096810467    0
2689    1217174.3337459557  658727.78234653187    0
2690    1217169.8829612019  658728.65389430209    221
2691    1217172.8458169855  658728.2021511083    0
2692    1217173.3174927332  658728.38833147858    0
2693    1217173.3306119568  658730.15298054263    222
2694    1217172.7837664394  658729.04992205312    0
2695    1217173.848061705  658729.65328512911    222
2696    1217172.6759183833  658728.61587208288    0
2697    1217173.0829121151  658728.74517011526    0
2698    1217171.3306119568  658730.15298054263    221
2699    1217173.6045502473  658728.83256327489    0
2700    1217172.0674132823  658728.99749031477    0
2701    1217173.2701359263  658729.22814697179    0
2702    1217174.0835292879  658728.75959575863    0
2703    1217174.8829612019  658728.65389430209    222
2704    1217174.1067865794  658729.40343742236    222
2705    1217173.707242813  658729.24858031888    0
2706    1217174.6500272045  658729.70709697891    0
2707    1217174.2409232445  658729.80122258398    0
2708    1217174.6013963469  658730.43184943462    0
2709    1217173.8691511098  658730.19288900378    0
2710    1217174.3448871127  658728.30585671251    0
2711    1217172.8131749365  658729.72242231295    0
2712    1217173.5337722949  658731.06503665319    0
2713    1217174.8443907397  658728.03335281298    0
2714    1217175.0048657395  658727.06195542472    0
2715    1217174.7780262823  658727.52343545272    0
2716    1217174.3286491912  658727.26296215318    0
2717    1217175.9178606984  658727.65450347506    222
2718    1217175.3557670943  658727.52093141025    0
2719    1217175.8175391289  658726.51508713479    219
2720    1217175.7539447895  658727.09481104033    0
2721    1217175.3932867469  658726.76189768023    0
2722    1217174.8209485312  658726.4224449459    0
2723    1217175.5086534698  658726.19522667141    219
2724    1217175.7440256081  658725.65885650099    0
2725    1217175.9564261674  658726.07189154206    0
2726    1217176.49108388  658726.4828004064    0
2727    1217175.9940727751  658724.91052680113    0
2728    1217169.9349267988  658728.12086732103    0
2729    1217169.6457012806  658727.78525362862    0
2730    1217168.9178606984  658727.65450347506    221
2731    1217170.296407562  658728.4251552131    0
2732    1217170.7052485922  658728.75386504096    0
2733    1217171.1193352807  658728.50821023714    0
2734    1217171.4750288543  658728.98216820916    0
2735    1217171.7551535261  658729.61103382253    0
2736    1217170.848061705  658729.65328512911    221
2737    1217169.2964799516  658729.7030970495    0
2738    1217172.397777532  658729.40369453095    0
2739    1217172.2457153276  658730.03193423164    0
2740    1217173.2762220171  658729.69214308192    0
2741    1217174.5710583399  658726.84051268874    0
2742    1217174.3334082684  658726.41474605771    0
2743    1217174.5834530853  658726.02124438342    0
2744    1217177.5763925349  658726.9111941451    0
2745    1217168.7949803472  658726.80747887632    220
2746    1217169.2710538399  658726.9847153658    0
2747    1217168.4479642194  658726.13238111255    0
2748    1217168.2873340647  658726.64168489713    0
2749    1217167.5113225167  658727.14337259124    0
2750    1217167.5239762892  658726.12094564212    0
2751    1217171.2926674269  658729.44022287871    0
2752    1217170.8967680885  658729.18450312631    0
2753    1217170.0797883747  658729.91235367267    0
2754    1217168.3313794481  658728.70370622282    0
2755    1217169.1146878717  658728.91296284576    0
2756    1217172.8131622085  658730.65267595614    222
2757    1217171.8131622085  658730.65267595614    221
2758    1217174.8908821517  658725.55550574441    219
2759    1217170.6481600553  658730.32917229598    0
2760    1217168.1495873679  658727.91357201885    0
2761    1217172.6987311833  658730.18754756881    0
2762    1217172.3295770371  658730.52500735375    0
2763    1217171.7854622842  658730.07203527202    0
2764    1217171.1390576614  658730.82080676313    0
2765    1217169.6735050534  658731.06228309823    0
2766    1217171.6216884046  658731.32042444637    0
2767    1217170.4232660581  658731.04462738079    0
2768    1217172.2370840276  658732.35293349065    0
2769    1217170.9532863493  658731.48318139336    0
2770    1217171.4613126852  658732.11565996509    0
2771    1217170.0709113916  658732.01002885087    0
2772    1217169.4481548418  658726.17671559891    220
2773    1217168.9547504303  658726.00360096316    0
2774    1217169.3318621237  658725.7184703747    0
2775    1217168.7460338997  658725.33560604125    0
2776    1217173.8289078099  658725.56642984587    0
2777    1217174.1913966478  658725.36903776135    0
2778    1217174.4947912728  658725.61886441614    0
2779    1217173.937207632  658727.93981892592    0
2780    1217171.9805193837  658728.57670856069    0
2781    1217175.9694424523  658729.26121341519    0
2782    1217176.7691872211  658723.78666492889    0
2783    1217168.5491986913  658729.45904939959    0
2784    1217166.9316088262  658728.60978167574    0
2785    1217171.4561495744  658733.51937891566    0
2786    1217167.7208317386  658725.08378560957    0
2787    1217175.5279973913  658730.13001653156    0
2788    1217176.1861340289  658728.45007379784    0
2789    1217177.086208757  658724.83453563019    0
2790    1217168.5789698111  658730.63401203067    0
2791    1217167.5864802822  658729.32759170397    0
2792    1217176.6177623481  658727.86150769307    0
2793    1217177.3769208076  658728.87079249194    0
2794    1217177.3584140402  658725.87445142691    0
2795    1217175.5646896714  658731.8158678693    0
2796    1217166.0699765505  658730.05349557288    0
2797    1217177.0281592545  658730.34570722515    0
2798    1217172.2090015474  658720.26552131271    0
2799    1217169.4286564025  658722.60431276576    0
2800    1217175.5378466051  658721.2876915856    0
2801    1217165.8239768106  658726.61119786592    0
2802    1217178.6635187131  658723.78544717492    0
2803    1217168.6577802065  658732.04538684117    0
2804    1217168.3656164303  658723.34260492818    0
2805    1217166.3860638945  658725.36770532071    0
2806    1217179.1847902643  658726.03173664433    0
2807    1217168.1429328246  658721.88750858745    0
2808    1217178.3485405403  658725.0596951195    0
2809    1217173.7788591469  658734.22979119688    0
2810    1217169.4137812674  658734.00346498599    0
2811    1217167.0740850617  658731.42593173974    0
2812    1217166.7350201337  658723.7287481979    0
2813    1217179.7226278486  658724.72329902882    0
2814    1217164.0451477675  658725.05834205111    0
2815    1217173.5714988052  658720.94401151221    0
2816    1217164.9462508564  658728.40386240848    0
2817    1217179.6457685295  658730.18598099565    0
2818    1217168.154766574  658719.34041636426    0
2819    1217180.7466453791  658722.49993566587    0
2820    1217174.0141840242  658718.34775991971    0
2821    1217181.6211645701  658726.26845755253    0
2822    1217177.7150555158  658721.76774791884    0
2823    1217179.2558021008  658728.07209635549    0
2824    1217167.0640727624  658733.78568936186    0
2825    1217164.2985602932  658732.40304135566    0
2826    1217163.944674788  658730.29368939309    0
2827    1217171.2368645789  658737.14464969921    0
2828    1217178.5218700524  658733.2961045889    0
2829    1217164.5476100191  658720.59723117424    0
2830    1217177.2908704882  658718.51436528051    0
2831    1217181.6260838374  658728.7277427013    0
2832    1217161.314923109  658727.68964324833    0
2833    1217167.955811467  658736.94927630818    0
2834    1217160.6274299023  658731.93458444986    0
2835    1217170.793116668  658717.12426668999    0
2836    1217183.0515297963  658732.73729744728    0
2837    1217185.6974838146  658727.48995125317    0
2838    1217169.2726977298  658742.48209921003    0
2839    1217175.9285126785  658713.00315984152    0
2840    1217177.3363886932  658739.89809001994    0
2841    1217158.6493266502  658722.1917498355    0
2842    1217165.8028412387  658713.86185691995    0
2843    1217184.6478432247  658723.58035877382    0
2844    1217173.4001030249  658715.11267128889    0
2845    1217169.8189048257  658713.16661002673    0
2846    1217172.8412840993  658711.87288316828    0
2847    1217169.1870076396  658707.51310925919    0
2848    1217176.2572264068  658707.32395987411    0
2849    1217164.359977473  658740.72826293157    0
2850    1217181.303141732  658737.20294971042    0
2851    1217153.9393386075  658728.67326632305    0
2852    1217184.4869887992  658716.57772770524    0
2853    1217191.6489889286  658723.79640243039    0
2854    1217146.1954411638  658771.5288429294    206
2855    1217142.9661585435  658766.92181470816    204
2856    1217143.3674448223  658771.4794800696    205
2857    1217147.7775349165  658774.60670550901    0
2858    1217144.0621031928  658772.19881987001    205
2859    1217145.4761013635  658772.22350129986    206
2860    1217143.2178302736  658773.70920654666    0
2861    1217144.7691022782  658772.21116058493    0
2862    1217145.1164314635  658772.57083048509    206
2863    1217145.8716248018  658772.99296694458    0
2864    1217145.3029033716  658773.1238169336    0
2865    1217145.8040199541  658774.00049142085    0
2866    1217144.6891567151  658773.9256841467    0
2867    1217144.4094323781  658772.55848977016    205
2868    1217143.9872959184  658773.31368310831    0
2869    1217143.8564459297  658772.74496167828    0
2870    1217143.4147192375  658773.14600657101    0
2871    1217143.3119655324  658772.22813759279    0
2872    1217144.4341138077  658771.14449159941    0
2873    1217142.3833216839  658773.10145568592    0
2874    1217145.1349425358  658771.5103318569    0
2875    1217144.4238298787  658771.73365750385    0
2876    1217143.7147740074  658771.83914996975    205
2877    1217143.900779315  658771.3119858345    0
2878    1217144.7235547956  658771.44421651622    0
2879    1217145.0284216767  658770.86019257619    0
2880    1217144.8741525484  658771.82009730348    0
2881    1217145.2663730981  658771.88564421237    0
2882    1217145.8357712636  658771.87617211463    206
2883    1217145.5460173595  658771.5770466422    0
2884    1217145.4073089773  658771.13191048859    0
2885    1217146.0222431717  658772.42915856291    0
2886    1217145.6679719889  658770.36841643613    0
2887    1217145.8474226361  658771.23894661968    0
2888    1217145.7182283988  658770.81181762961    0
2889    1217147.545900357  658770.2247196458    206
2890    1217146.8706707605  658770.8767812876    206
2891    1217146.3127369266  658770.51988556283    0
2892    1217146.5330559621  658771.20281210856    206
2893    1217146.1391110076  658770.9176160089    0
2894    1217147.2419405435  658771.59906299226    0
2895    1217146.7080933384  658771.72188920726    0
2896    1217142.1319021862  658770.20003821584    205
2897    1217146.8808948963  658772.96056537621    0
2898    1217146.3085047507  658772.005812836    0
2899    1217146.8427141656  658772.33450035239    0
2900    1217143.8899886995  658770.34475847066    0
2901    1217144.0413566302  658770.82674364769    0
2902    1217142.7496735044  658770.83975914272    205
2903    1217144.5498393713  658770.40229291609    0
2904    1217143.4876316579  658770.92931059701    0
2905    1217143.0585591635  658771.15961960622    205
2906    1217142.7082195578  658771.80701256893    0
2907    1217142.5757190674  658771.31681892835    0
2908    1217141.8299528309  658771.78140570759    0
2909    1217142.0818732262  658770.86649849813    0
2910    1217146.9661585435  658766.92181470816    203
2911    1217147.2082855587  658770.55075046676    206
2912    1217146.7641860673  658770.42869257031    0
2913    1217147.91717014  658770.94700135011    0
2914    1217146.3873983112  658769.72645369603    0
2915    1217147.0946514849  658770.09525834909    0
2916    1217147.3833229351  658771.06982756534    0
2917    1217148.2211299534  658769.57265800401    206
2918    1217147.5070773333  658769.50887604908    0
2919    1217147.7522814982  658771.45189534209    0
2920    1217147.7323928582  658772.34137829533    0
2921    1217148.6710937542  658771.47258998582    0
2922    1217144.6322044365  658770.79525695113    0
2923    1217144.315221102  658769.28046863049    0
2924    1217145.1063116302  658770.29973504203    0
2925    1217144.7229557591  658769.78064119548    0
2926    1217145.4735536049  658769.6274203111    0
2927    1217145.4235240817  658770.03655003733    0
2928    1217145.1160753588  658769.79133061273    0
2929    1217145.9075901306  658769.88811924506    0
2930    1217144.9356955581  658769.19094179501    0
2931    1217145.9726011935  658769.28822037543    0
2932    1217141.0028816792  658770.45039429108    0
2933    1217144.2537976634  658769.98492136342    0
2934    1217143.4758151472  658769.56218241551    0
2935    1217143.8010072249  658769.89096394042    0
2936    1217143.1712868074  658770.25006267277    0
2937    1217143.908355416  658769.45957604342    0
2938    1217143.5221155831  658768.79436681839    0
2939    1217143.9458492468  658768.99307037867    0
2940    1217144.0631392063  658768.19179452141    0
2941    1217144.4978761065  658768.6646531967    0
2942    1217145.4687746479  658769.08367765811    0
2943    1217145.0965144278  658768.61190130131    0
2944    1217146.0595174034  658768.35134933004    0
2945    1217145.8746680093  658768.80666757794    0
2946    1217145.5596046539  658768.41357708827    0
2947    1217146.7213373375  658768.88521551632    0
2948    1217146.2861483267  658768.97371971724    0
2949    1217146.4303837533  658768.56874954165    0
2950    1217146.582560407  658769.31702597125    0
2951    1217147.9312590468  658767.92120553518    203
2952    1217147.0809192457  658769.23898491787    0
2953    1217146.8525648268  658769.69695696223    0
2954    1217146.6050787815  658767.84570121975    0
2955    1217147.0114469728  658768.32651157014    0
2956    1217144.9995311464  658767.74562011182    0
2957    1217147.6999232792  658768.73297493765    0
2958    1217147.186473141  658768.77206709108    0
2959    1217145.1787607523  658768.16412412317    0
2960    1217144.7691782783  658768.32033524767    0
2961    1217145.7430494507  658767.67482971959    0
2962    1217144.0885213595  658768.60473225778    0
2963    1217143.7119356059  658768.42063100007    0
2964    1217141.9312590468  658767.92120553518    204
2965    1217143.5084647767  658767.72443631908    0
2966    1217142.9979240412  658768.29305789189    0
2967    1217147.448708795  658767.42151012167    203
2968    1217144.4858530115  658767.87325331545    0
2969    1217144.0141772637  658767.68707294518    0
2970    1217144.0010580402  658765.92242388113    204
2971    1217144.5479035575  658767.02548237063    0
2972    1217143.483608292  658766.42211929464    204
2973    1217144.6557516137  658767.45953234087    0
2974    1217144.2487578818  658767.33023430849    0
2975    1217146.0010580402  658765.92242388113    203
2976    1217143.7271197496  658767.24284114887    0
2977    1217145.2642567146  658767.07791410899    0
2978    1217144.0615340706  658766.84725745197    0
2979    1217143.248140709  658767.31580866512    0
2980    1217142.448708795  658767.42151012167    204
2981    1217143.2248834176  658766.6719670014    204
2982    1217143.624427184  658766.82682410488    0
2983    1217142.6816427924  658766.36830744485    0
2984    1217143.0907467525  658766.27418183978    0
2985    1217142.73027365  658765.64355498913    0
2986    1217143.4625188871  658765.88251541997    0
2987    1217142.9867828842  658767.76954771124    0
2988    1217144.5184950605  658766.35298211081    0
2989    1217143.7978977021  658765.01036777056    0
2990    1217142.4872792573  658768.04205161077    0
2991    1217142.3268042575  658769.01344899903    0
2992    1217142.5536437146  658768.55196897103    0
2993    1217143.0030208058  658768.81244227057    0
2994    1217141.4138092985  658768.42090094869    204
2995    1217141.9759029027  658768.5544730135    0
2996    1217141.514130868  658769.56031728897    205
2997    1217141.5777252074  658768.98059338343    0
2998    1217141.93838325  658769.31350674352    0
2999    1217142.5107214658  658769.65295947785    0
3000    1217141.8230165271  658769.88017775235    205
3001    1217141.5876443889  658770.41654792277    0
3002    1217141.3752438296  658770.0035128817    0
3003    1217140.840586117  658769.59260401735    0
3004    1217141.3375972218  658771.16487762262    0
3005    1217147.3967431982  658767.95453710272    0
3006    1217147.6859687164  658768.29015079513    0
3007    1217148.4138092985  658768.42090094869    203
3008    1217147.035262435  658767.65024921065    0
3009    1217146.6264214048  658767.3215393828    0
3010    1217146.2123347162  658767.56719418662    0
3011    1217145.8566411426  658767.0932362146    0
3012    1217145.5765164709  658766.46437060123    0
3013    1217146.483608292  658766.42211929464    203
3014    1217148.0351900454  658766.37230737426    0
3015    1217144.933892465  658766.67170989281    0
3016    1217145.0859546694  658766.04347019212    0
3017    1217144.0554479798  658766.38326134183    0
3018    1217142.7606116571  658769.23489173502    0
3019    1217142.9982617286  658769.66065836605    0
3020    1217142.7482169117  658770.05416004034    0
3021    1217139.7552774621  658769.16421027866    0
3022    1217148.5366896498  658769.26792554744    206
3023    1217148.060616157  658769.09068905795    0
3024    1217148.8837057776  658769.94302331121    0
3025    1217149.0443359322  658769.43371952663    0
3026    1217149.8203474802  658768.93203183252    0
3027    1217149.8076937078  658769.95445878163    0
3028    1217146.0390025701  658766.63518154505    0
3029    1217146.4349019085  658766.89090129745    0
3030    1217147.2518816222  658766.16305075109    0
3031    1217149.0002905489  658767.37169820094    0
3032    1217148.2169821253  658767.162441578    0
3033    1217144.5185077884  658765.42272846762    204
3034    1217145.5185077884  658765.42272846762    203
3035    1217142.4407878453  658770.51989867934    205
3036    1217146.6835099417  658765.74623212777    0
3037    1217149.1820826291  658768.1618324049    0
3038    1217144.6329388137  658765.88785685494    0
3039    1217145.0020929598  658765.55039707001    0
3040    1217145.5462077127  658766.00336915173    0
3041    1217146.1926123356  658765.25459766062    0
3042    1217147.6581649436  658765.01312132552    0
3043    1217145.7099815924  658764.75497997738    0
3044    1217146.9084039389  658765.03077704296    0
3045    1217145.0945859693  658763.72247093311    0
3046    1217146.3783836477  658764.5922230304    0
3047    1217145.8703573118  658763.95974445867    0
3048    1217147.2607586053  658764.06537557289    0
3049    1217147.8835151552  658769.89868882485    206
3050    1217148.3769195667  658770.0718034606    0
3051    1217147.9998078733  658770.35693404905    0
3052    1217148.5856360972  658770.73979838251    0
3053    1217143.502762187  658770.50897457788    0
3054    1217143.1402733491  658770.7063666624    0
3055    1217142.8368787242  658770.45654000761    0
3056    1217143.394462365  658768.13558549783    0
3057    1217145.3511506133  658767.49869586306    0
3058    1217141.3622275447  658766.81419100857    0
3059    1217140.5624827759  658772.28873949486    0
3060    1217148.7824713057  658766.61635502416    0
3061    1217150.4000611708  658767.46562274802    0
3062    1217145.8755204226  658762.55602550809    0
3063    1217149.6108382584  658770.99161881418    0
3064    1217141.8036726057  658765.94538789219    0
3065    1217141.145535968  658767.62533062592    0
3066    1217140.2454612399  658771.24086879357    0
3067    1217148.7527001859  658765.44139239308    0
3068    1217149.7451897147  658766.74781271978    0
3069    1217140.7139076488  658768.21389673068    0
3070    1217139.9547491893  658767.20461193181    0
3071    1217139.9732559568  658770.20095299685    0
3072    1217141.7669803256  658764.25953655445    0
3073    1217151.2616934464  658766.02190885087    0
3074    1217140.3035107425  658765.72969719861    0
3075    1217145.1226684495  658775.80988311104    0
3076    1217147.9030135944  658773.47109165799    0
3077    1217141.7938233919  658774.78771283815    0
3078    1217151.5076931864  658769.46420655784    0
3079    1217138.6681512839  658772.28995724884    0
3080    1217148.6738897904  658764.03001758258    0
3081    1217148.9660535667  658772.73279949557    0
3082    1217150.9456061025  658770.70769910305    0
3083    1217138.1468797326  658770.04366777942    0
3084    1217149.1887371724  658774.18789583631    0
3085    1217138.9831294566  658771.01570930425    0
3086    1217143.5528108501  658761.84561322688    0
3087    1217150.2575849353  658764.64947268402    0
3088    1217147.9178887296  658762.07193943777    0
3089    1217150.5966498633  658772.34665622585    0
3090    1217137.6090421483  658771.35210539494    0
3091    1217153.2865222294  658771.01706237264    0
3092    1217143.7601711918  658775.13139291154    0
3093    1217152.3854191406  658767.67154201528    0
3094    1217137.6859014675  658765.8894234281    0
3095    1217149.1769034229  658776.7349880595    0
3096    1217136.5850246178  658773.57546875789    0
3097    1217143.3174859728  658777.72764450405    0
3098    1217135.7105054269  658769.80694687122    0
3099    1217139.6166144812  658774.30765650491    0
3100    1217138.0758678962  658768.00330806826    0
3101    1217153.0331097038  658763.67236306809    0
3102    1217150.2675972346  658762.2897150619    0
3103    1217153.3869952089  658765.78171503067    0
3104    1217146.094805418  658758.93075472454    0
3105    1217138.8097999445  658762.77929983486    0
3106    1217152.7840599779  658775.47817324952    0
3107    1217140.0407995088  658777.56103914324    0
3108    1217135.7055861596  658767.34766172245    0
3109    1217156.0167468879  658768.38576117542    0
3110    1217149.3758585299  658759.12612811557    0
3111    1217156.7042400946  658764.14081997389    0
3112    1217146.538553329  658778.95113773376    0
3113    1217131.6341861824  658768.58545317058    0
3114    1217134.2801402006  658763.33810697647    0
3115    1217148.0589722672  658753.59330521373    0
3116    1217153.2732331327  658759.73502567236    0
3117    1217141.4031573185  658783.07224458223    0
3118    1217139.9952813038  658756.17731440382    0
3119    1217158.6823433468  658773.88365458825    0
3120    1217151.5288287583  658782.21354750381    0
3121    1217132.6838267723  658772.49504564994    0
3122    1217151.9235359568  658755.59661685198    0
3123    1217143.9315669721  658780.96273313486    0
3124    1217147.5127651712  658782.90879439702    0
3125    1217144.4903858977  658784.20252125547    0
3126    1217148.1446623574  658788.56229516456    0
3127    1217141.0744435901  658788.75144454965    0
3128    1217136.028528265  658758.87245471333    0
3129    1217163.3923313895  658767.4021381007    0
3130    1217132.8446811978  658779.49767671851    0
3131    1217153.3097836347  658748.19322679855    0
3132    1217125.6826810683  658772.27900199336    0
3133    1217159.4537492248  658755.43001838482    0
3134    1217251.1844080258  658690.9781359632    174
3135    1217247.9551254055  658686.37110774196    172
3136    1217248.3564116843  658690.9287731034    173
3137    1217252.7665017785  658694.05599854281    0
3138    1217249.0510700548  658691.64811290381    173
3139    1217250.4650682255  658691.67279433366    174
3140    1217248.2067971355  658693.15849958046    0
3141    1217249.7580691401  658691.66045361874    0
3142    1217250.1053983252  658692.02012351889    174
3143    1217250.5009217635  658692.78958916361    0
3144    1217250.6515401334  658692.22578078206    0
3145    1217251.2137257487  658691.72827362374    0
3146    1217251.5101918578  658692.75718759524    0
3147    1217249.3983992399  658692.00778280396    173
3148    1217248.628933595  658692.40330624196    0
3149    1217249.1927419768  658692.55392461235    0
3150    1217249.7401333607  658693.26404296828    0
3151    1217248.7765253503  658692.98138595116    0
3152    1217249.4230806697  658690.59378463321    0
3153    1217248.7850538418  658694.01371000824    0
3154    1217250.1239093977  658690.9596248907    0
3155    1217249.4127967407  658691.18295053765    0
3156    1217248.7037408696  658691.28844300366    173
3157    1217248.4980836064  658691.83458481182    0
3158    1217249.7125216576  658690.89350955002    0
3159    1217250.0173885387  658690.30948560999    0
3160    1217249.8631194104  658691.26939033729    0
3161    1217250.2553399601  658691.33493724617    0
3162    1217250.8247381258  658691.32546514843    174
3163    1217250.5349842214  658691.02633967588    0
3164    1217250.3962758393  658690.58120352239    0
3165    1217250.6569388509  658689.81770946993    0
3166    1217250.8363894981  658690.68823965336    0
3167    1217250.7071952608  658690.2611106633    0
3168    1217252.5348672189  658689.67401267961    174
3169    1217251.8596376223  658690.32607432141    174
3170    1217251.3017037886  658689.96917859651    0
3171    1217251.522022824  658690.65210514236    174
3172    1217251.1280778695  658690.36690904258    0
3173    1217252.2309074053  658691.04835602571    0
3174    1217251.6970602004  658691.17118224094    0
3175    1217248.889746177  658690.76127886842    0
3176    1217248.2125268208  658691.41526199877    0
3177    1217247.6214091189  658692.33570139355    0
3178    1217252.1674481134  658691.99409869849    0
3179    1217247.1208690482  658689.64933124976    173
3180    1217247.9532035748  658691.89875265537    0
3181    1217248.8789555612  658689.79405150446    0
3182    1217247.7386403661  658690.28905217652    173
3183    1217249.0303234921  658690.27603668161    0
3184    1217247.6566854136  658690.9863430314    0
3185    1217248.4765985201  658690.37860363093    0
3186    1217249.5388062333  658689.85158594977    0
3187    1217247.1703830117  658691.64876991627    0
3188    1217248.0475260252  658690.60891264002    173
3189    1217251.9551254055  658686.37110774196    171
3190    1217252.1972524207  658690.00004350045    174
3191    1217251.7531529292  658689.87798560411    0
3192    1217252.9061370019  658690.3962943838    0
3193    1217252.3722897968  658690.51912059914    0
3194    1217251.3763651734  658689.17574672971    0
3195    1217252.0836183466  658689.54455138266    0
3196    1217253.2100968156  658689.02195103781    174
3197    1217252.4960441953  658688.95816908276    0
3198    1217252.7412483601  658690.90118837578    0
3199    1217252.6524301269  658691.5516405761    0
3200    1217253.6600606162  658690.9218830195    0
3201    1217246.8416779845  658690.53709080291    0
3202    1217249.6211712984  658690.24454998481    0
3203    1217249.3041879637  658688.72976166382    0
3204    1217250.0952784922  658689.74902807584    0
3205    1217249.7119226211  658689.22993422893    0
3206    1217250.4625204669  658689.07671334501    0
3207    1217250.4124909437  658689.48584307113    0
3208    1217250.1050422208  658689.24062364653    0
3209    1217250.8965569928  658689.33741227898    0
3210    1217249.9246624205  658688.64023482776    0
3211    1217250.9615680554  658688.73751340935    0
3212    1217253.1428806724  658692.57625294477    0
3213    1217249.2427645251  658689.43421439698    0
3214    1217248.4647820084  658689.01147544896    0
3215    1217248.7899740865  658689.34025697398    0
3216    1217248.1602536691  658689.69935570669    0
3217    1217248.8973222775  658688.90886907675    0
3218    1217248.5110824443  658688.24365985137    0
3219    1217248.9348161083  658688.44236341165    0
3220    1217249.0521060678  658687.64108755393    0
3221    1217249.4868429685  658688.11394622945    0
3222    1217250.4577415104  658688.5329706925    0
3223    1217250.0854812914  658688.06119433255    0
3224    1217251.0484842649  658687.80064236489    0
3225    1217250.8636348711  658688.25596061232    0
3226    1217250.5485715172  658687.8628701237    0
3227    1217251.7103041981  658688.33450855024    0
3228    1217251.275115188  658688.42301275127    0
3229    1217251.4193506141  658688.01804257627    0
3230    1217251.571527268  658688.76631900494    0
3231    1217252.9202259087  658687.37049856898    171
3232    1217252.0698861072  658688.68827795144    0
3233    1217251.8415316893  658689.14624999522    0
3234    1217251.5940456421  658687.29499425564    0
3235    1217252.0004138323  658687.7758046051    0
3236    1217249.9884980167  658687.1949131455    0
3237    1217252.6888901414  658688.18226797017    0
3238    1217252.1754400008  658688.22136012511    0
3239    1217250.1677276189  658687.61341715662    0
3240    1217249.75814514  658687.76962827658    0
3241    1217250.732016315  658687.12412276072    0
3242    1217249.0774882212  658688.05402529053    0
3243    1217248.7009024674  658687.86992403294    0
3244    1217246.9202259087  658687.37049856898    172
3245    1217248.4974316375  658687.17372935172    0
3246    1217247.9868909025  658687.74235092441    0
3247    1217252.4376756572  658686.87080315547    171
3248    1217249.4748198725  658687.3225463375    0
3249    1217249.0031441222  658687.13636598061    0
3250    1217248.9900249022  658685.37171691493    172
3251    1217249.5368704253  658686.47477532085    0
3252    1217248.4725751537  658685.87141232844    172
3253    1217249.6447184784  658686.90882532729    0
3254    1217249.2377247105  658686.77952727641    0
3255    1217250.9900249022  658685.37171691493    171
3256    1217248.7160866167  658686.69213424996    0
3257    1217250.253223689  658686.52720706875    0
3258    1217249.0505008413  658686.2965503108    0
3259    1217248.237107567  658686.76510170056    0
3260    1217247.4376756572  658686.87080315547    172
3261    1217248.2138502796  658686.1212600352    172
3262    1217248.6133940723  658686.27611716569    0
3263    1217247.6706096544  658685.81760047865    0
3264    1217248.0797136144  658685.72347487381    0
3265    1217247.7192405122  658685.09284802305    0
3266    1217248.4514857489  658685.33180845354    0
3267    1217247.9757497483  658687.21884074679    0
3268    1217249.5074619169  658685.80227509653    0
3269    1217248.7868645643  658684.4596608039    0
3270    1217247.4762461195  658687.49134464213    0
3271    1217247.3157711171  658688.46274202946    0
3272    1217247.5426105754  658688.00126200239    0
3273    1217247.9919876663  658688.26173530379    0
3274    1217246.4027761603  658687.8701939825    172
3275    1217246.9648697642  658688.00376604346    0
3276    1217246.5030977302  658689.00961032289    173
3277    1217246.566692072  658688.429886417    0
3278    1217246.9273501132  658688.76279977872    0
3279    1217247.4996883369  658689.10225251107    0
3280    1217246.8119833893  658689.32947078638    173
3281    1217246.4984127413  658689.94135637954    0
3282    1217246.3415564415  658689.47468287067    0
3283    1217245.646929722  658689.96785551484    0
3284    1217245.8338547859  658689.03774284478    0
3285    1217252.3857100592  658687.40383013757    0
3286    1217252.6749355786  658687.73944382835    0
3287    1217253.4027761603  658687.8701939825    171
3288    1217252.0242292956  658687.0995422441    0
3289    1217251.6153882623  658686.77083241602    0
3290    1217251.201301578  658687.01648722368    0
3291    1217250.8456080225  658686.54252935038    0
3292    1217250.5654835834  658685.9136637249    0
3293    1217251.4725751537  658685.87141232844    171
3294    1217253.0241569076  658685.82160040771    0
3295    1217249.9228593868  658686.12100285047    0
3296    1217250.0749217374  658685.49276281532    0
3297    1217249.0444149172  658685.83255428227    0
3298    1217247.7495785148  658688.68418476335    0
3299    1217247.9872285931  658689.10995138297    0
3300    1217247.7371837927  658689.50345305598    0
3301    1217246.0918963284  658690.57235604268    0
3302    1217244.7532767612  658688.61855224648    0
3303    1217253.525656512  658688.71721858124    174
3304    1217253.0495830188  658688.5399820914    0
3305    1217254.2808498503  658689.13935504074    0
3306    1217253.7277548823  658689.24224961409    0
3307    1217254.1737053345  658690.10140359914    0
3308    1217253.2227115668  658689.71065517399    0
3309    1217251.0279695864  658686.08447478793    0
3310    1217251.4238690094  658686.34019429213    0
3311    1217252.240848484  658685.61234378465    0
3312    1217254.4718076624  658687.32068664825    0
3313    1217253.2059489877  658686.61173461168    0
3314    1217249.5074746506  658684.87202150142    172
3315    1217250.5074746506  658684.87202150142    171
3316    1217247.429754707  658689.96919171314    173
3317    1217247.2901591754  658690.41307148978    0
3318    1217246.9583234643  658690.08599347575    0
3319    1217247.1799259044  658690.88735677744    0
3320    1217246.4975089121  658691.20790510986    0
3321    1217251.6724768034  658685.19552516192    0
3322    1217253.6026778102  658687.19430681586    0
3323    1217249.6219057532  658685.33714986546    0
3324    1217249.9910594926  658684.99969010672    0
3325    1217250.5351747237  658685.45266239275    0
3326    1217251.1815791978  658684.70389069465    0
3327    1217252.6471318041  658684.46241435932    0
3328    1217254.1640150715  658686.38566758949    0
3329    1217250.6989484546  658684.20427301072    0
3330    1217251.8973708006  658684.48007007805    0
3331    1217250.0835528306  658683.17176396633    0
3332    1217251.3673505101  658684.04151606432    0
3333    1217250.8593241745  658683.40903749096    0
3334    1217252.249725465  658683.51466861332    0
3335    1217252.8724820171  658689.34798185877    174
3336    1217248.4917290488  658689.9582676118    0
3337    1217248.1292402111  658690.15565969667    0
3338    1217247.8258455866  658689.90583304188    0
3339    1217248.3834292265  658687.5848785307    0
3340    1217250.340117479  658686.94798886182    0
3341    1217246.3511944069  658686.26348404202    0
3342    1217246.1036437724  658692.54296816862    0
3343    1217250.8644872832  658682.00531853852    0
3344    1217246.7926394679  658685.39468092576    0
3345    1217246.13450283  658687.07462365949    0
3346    1217244.868044686  658691.00720268954    0
3347    1217245.7028745103  658687.66318976425    0
3348    1217245.6596352411  658691.29543574271    0
3349    1217244.9437160511  658686.65390496457    0
3350    1217250.9064706615  658694.28707868652    0
3351    1217255.8209320605  658689.79786655249    0
3352    1217254.9802954416  658688.29343655973    0
3353    1217246.7559471885  658683.70882958814    0
3354    1217244.8506270333  658692.28614899819    0
3355    1217245.2924776054  658685.17899023241    0
3356    1217255.2552773764  658691.34951833461    0
3357    1217255.8667908781  658686.34331196337    0
3358    1217246.9939542827  658693.40174960461    0
3359    1217255.5505091858  658687.37609098526    0
3360    1217254.0183901812  658683.33022919786    0
3361    1217247.7613591976  658694.08278709638    0
3362    1217257.419471059  658687.38362901192    0
3363    1217256.3552688113  658688.51221496821    0
3364    1217248.3876342264  658695.74402110931    0
3365    1217246.249503247  658695.01349136804    0
3366    1217244.3845493325  658689.83335092    0
3367    1217248.5417777062  658681.29490625986    0
3368    1217254.213404838  658684.85212412837    0
3369    1217258.2178103907  658690.04018126917    0
3370    1217245.1856453372  658693.83673408139    0
3371    1217242.6817858918  658691.22119742748    0
3372    1217243.825657005  658691.63259842771    0
3373    1217242.5565724876  658688.61514653708    0
3374    1217243.4145065737  658693.40792060655    0
3375    1217242.9188912504  658692.3578693911    0
3376    1217241.4272661186  658693.70389261644    0
3377    1217241.3297231412  658692.09629807854    0
3378    1217255.336813858  658693.92202765192    0
3379    1217256.636949732  658683.76813062106    0
3380    1217256.9028884142  658691.07122436352    0
3381    1217242.6748683315  658685.33871645946    0
3382    1217243.768250122  658696.18741660903    0
3383    1217240.9316727913  658689.99925191107    0
3384    1217259.2682948278  658692.73389981571    0
3385    1217256.3143922207  658692.60349618143    0
3386    1217238.7154791346  658693.06167742191    0
3387    1217257.7036482124  658694.65517185628    0
3388    1217252.9332678537  658681.49699206441    0
3389    1217252.2192755297  658697.25272082177    0
3390    1217257.5868445039  658685.45497169916    0
3391    1217259.9061862396  658683.03802970494    0
3392    1217260.6980207821  658686.6965581259    0
3393    1217243.7987668111  658682.22859287239    0
3394    1217246.306051994  658698.34221315524    0
3395    1217239.668538277  658686.87052318512    0
3396    1217255.7418783319  658681.07229986368    0
3397    1217251.0568236515  658678.32417506119    0
3398    1217239.0075291174  658697.87491944002    0
3399    1217261.6686006559  658696.28640715894    0
3400    1217255.5919995117  658697.28524113179    0
3401    1217261.8788517092  658690.16415548779    0
3402    1217249.4313803287  658698.71317675838    0
3403    1217239.2561640185  658682.34517469862    0
3404    1217253.9545642606  658678.75169947348    0
3405    1217242.5210857692  658700.22809937922    0
3406    1217253.2446051149  658702.60115813627    0
3407    1217253.2138974911  658673.73776660149    0
3408    1217247.2542068432  658703.70486966555    0
3409    1217258.6923465729  658676.95127483725    0
3410    1217266.3625358185  658683.55560268555    0
3411    1217237.2484407704  658689.66690969723    0
3412    1217244.9833460036  658675.73231304577    0
3413    1217258.7772637622  658697.679906326    0
3414    1217262.5312940422  658701.77271951386    0
3415    1217256.7520642993  658700.97373863694    0
3416    1217264.715395482  658687.26336449781    0
3417    1217234.7270146105  658685.03935844859    0
3418    1217232.3584530042  658693.79447468044    0
3419    1217257.6941906845  658707.5976312015    0
3420    1217236.8662134316  658704.87179281248    0
3421    1217241.4287458707  658678.44028358266    0
3422    1217271.6809541469  658688.13800756691    0
3423    1217233.8739174469  658676.79379980813    0
3424    1217267.5489078325  658692.87137498194    0
3425    1217238.9768634844  658671.53488913027    0
3426    1217165.9693921073  658811.05900773115    192
3427    1217169.1986747277  658815.6660359524    194
3428    1217168.7973884488  658811.10837059096    191
3429    1217164.3872983546  658807.98114515154    0
3430    1217168.1027300784  658810.38903079054    191
3431    1217166.6887319076  658810.36434936069    192
3432    1217168.9470029976  658808.87864411389    0
3433    1217167.395730993  658810.37669007562    0
3434    1217167.0484018079  658810.01702017547    192
3435    1217166.6528783697  658809.24755453074    0
3436    1217166.5022599997  658809.8113629123    0
3437    1217165.9400743844  658810.30887007061    0
3438    1217165.6436082753  658809.27995609911    0
3439    1217167.7554008933  658810.02936089039    191
3440    1217168.5248665381  658809.63383745239    0
3441    1217167.9610581563  658809.483219082    0
3442    1217167.4136667724  658808.77310072607    0
3443    1217168.3772747829  658809.05575774319    0
3444    1217167.7307194634  658811.44335906114    0
3445    1217168.3687462914  658808.02343368612    0
3446    1217167.0298907354  658811.07751880365    0
3447    1217167.7410033925  658810.8541931567    0
3448    1217168.4500592635  658810.74870069069    191
3449    1217168.6557165268  658810.20255888253    0
3450    1217167.4412784756  658811.14363414433    0
3451    1217167.1364115945  658811.72765808436    0
3452    1217167.2906807228  658810.76775335707    0
3453    1217166.898460173  658810.70220644819    0
3454    1217166.3290620074  658810.71167854592    192
3455    1217166.6188159117  658811.01080401847    0
3456    1217166.7575242938  658811.45594017196    0
3457    1217166.4968612823  658812.21943422442    0
3458    1217166.3174106351  658811.34890404099    0
3459    1217166.4466048724  658811.77603303106    0
3460    1217164.6189329142  658812.36313101475    192
3461    1217165.2941625109  658811.71106937295    192
3462    1217165.8520963446  658812.06796509784    0
3463    1217165.6317773091  658811.38503855211    192
3464    1217166.0257222636  658811.67023465177    0
3465    1217164.9228927279  658810.98878766876    0
3466    1217165.4567399328  658810.86596145353    0
3467    1217168.2640539561  658811.27586482593    0
3468    1217168.9412733123  658810.62188169558    0
3469    1217169.5323910143  658809.70144230081    0
3470    1217164.9863520197  658810.04304499598    0
3471    1217170.032931085  658812.38781244471    191
3472    1217169.2005965584  658810.13839103898    0
3473    1217168.2748445719  658812.24309218989    0
3474    1217169.415159767  658811.74809151783    191
3475    1217168.123476641  658811.76110701275    0
3476    1217169.4971147196  658811.05080066295    0
3477    1217168.6772016131  658811.65854006342    0
3478    1217167.6149938998  658812.18555774458    0
3479    1217169.9834171215  658810.38837377809    0
3480    1217169.1062741079  658811.42823105445    191
3481    1217165.1986747277  658815.6660359524    193
3482    1217164.9565477124  658812.03710019391    192
3483    1217165.4006472039  658812.15915809025    0
3484    1217164.2476631312  658811.64084931056    0
3485    1217164.7815103363  658811.51802309533    0
3486    1217165.7774349598  658812.86139696464    0
3487    1217165.0701817865  658812.4925923117    0
3488    1217163.9437033175  658813.01519265654    192
3489    1217164.6577559379  658813.07897461159    0
3490    1217164.4125517732  658811.13595531869    0
3491    1217164.5013700065  658810.48550311837    0
3492    1217163.4937395174  658811.1152606745    0
3493    1217170.3121221487  658811.50005289144    0
3494    1217167.5326288347  658811.79259370954    0
3495    1217167.8496121694  658813.30738203053    0
3496    1217167.058521641  658812.28811561852    0
3497    1217167.441877512  658812.80720946542    0
3498    1217166.6912796663  658812.96043034934    0
3499    1217166.7413091895  658812.55130062322    0
3500    1217167.0487579124  658812.79652004782    0
3501    1217166.2572431404  658812.69973141537    0
3502    1217167.2291377126  658813.39690886659    0
3503    1217166.1922320777  658813.29963028501    0
3504    1217164.0109194608  658809.46089075017    0
3505    1217167.911035608  658812.60292929737    0
3506    1217168.6890181247  658813.02566824539    0
3507    1217168.3638260467  658812.69688672037    0
3508    1217168.993546464  658812.33778798766    0
3509    1217168.2564778556  658813.1282746176    0
3510    1217168.6427176888  658813.79348384298    0
3511    1217168.2189840248  658813.5947802827    0
3512    1217168.1016940654  658814.39605614042    0
3513    1217167.6669571646  658813.9231974649    0
3514    1217166.6960586228  658813.50417300186    0
3515    1217167.0683188417  658813.9759493618    0
3516    1217166.1053158683  658814.23650132946    0
3517    1217166.2901652621  658813.78118308203    0
3518    1217166.6052286159  658814.17427357065    0
3519    1217165.4434959351  658813.70263514412    0
3520    1217165.8786849452  658813.61413094308    0
3521    1217165.7344495191  658814.01910111809    0
3522    1217165.5822728651  658813.27082468942    0
3523    1217164.2335742244  658814.66664512537    193
3524    1217165.0839140259  658813.34886574291    0
3525    1217165.3122684439  658812.89089369914    0
3526    1217165.5597544911  658814.74214943871    0
3527    1217165.1533863009  658814.26133908925    0
3528    1217167.1653021164  658814.84223054885    0
3529    1217164.4649099917  658813.85487572418    0
3530    1217164.9783601323  658813.81578356924    0
3531    1217166.9860725142  658814.42372653773    0
3532    1217167.3956549931  658814.26751541777    0
3533    1217166.4217838182  658814.91302093363    0
3534    1217168.0763119119  658813.98311840382    0
3535    1217168.4528976658  658814.16721966141    0
3536    1217170.2335742244  658814.66664512537    194
3537    1217168.6563684957  658814.86341434263    0
3538    1217169.1669092306  658814.29479276994    0
3539    1217164.7161244759  658815.16634053888    193
3540    1217167.6789802606  658814.71459735685    0
3541    1217168.150656011  658814.90077771374    0
3542    1217168.163775231  658816.66542677942    194
3543    1217167.6169297078  658815.5623683735    0
3544    1217168.6812249795  658816.16573136591    194
3545    1217167.5090816547  658815.12831836706    0
3546    1217167.9160754227  658815.25761641795    0
3547    1217166.163775231  658816.66542677942    193
3548    1217168.4377135164  658815.3450094444    0
3549    1217166.9005764441  658815.5099366256    0
3550    1217168.1032992918  658815.74059338355    0
3551    1217168.9166925661  658815.2720419938    0
3552    1217169.7161244759  658815.16634053888    194
3553    1217168.9399498536  658815.91588365915    194
3554    1217168.5404060609  658815.76102652866    0
3555    1217169.4831904788  658816.2195432157    0
3556    1217169.0740865187  658816.31366882054    0
3557    1217169.4345596209  658816.9442956713    0
3558    1217168.7023143843  658816.70533524081    0
3559    1217169.1780503849  658814.81830294756    0
3560    1217167.6463382163  658816.23486859782    0
3561    1217168.3669355689  658817.57748289045    0
3562    1217169.6775540137  658814.54579905223    0
3563    1217169.838029016  658813.5744016649    0
3564    1217169.6111895577  658814.03588169196    0
3565    1217169.1618124668  658813.77540839056    0
3566    1217170.7510239729  658814.16694971186    194
3567    1217170.188930369  658814.03337765089    0
3568    1217170.6507024029  658813.02753337147    191
3569    1217170.5871080612  658813.60725727736    0
3570    1217170.22645002  658813.27434391563    0
3571    1217169.6541117963  658812.93489118339    0
3572    1217170.3418167438  658812.70767290809    191
3573    1217170.655387392  658812.09578731493    0
3574    1217170.8122436914  658812.5624608238    0
3575    1217171.5068704111  658812.06928818044    0
3576    1217171.3199453475  658812.99940084945    0
3577    1217164.768090074  658814.63331355678    0
3578    1217164.4788645545  658814.297699866    0
3579    1217163.7510239729  658814.16694971186    193
3580    1217165.1295708376  658814.93760145025    0
3581    1217165.5384118708  658815.26631127833    0
3582    1217165.9524985552  658815.02065647068    0
3583    1217166.3081921106  658815.49461434397    0
3584    1217166.5883165498  658816.12347996945    0
3585    1217165.6812249795  658816.16573136591    193
3586    1217164.1296432256  658816.21554328664    0
3587    1217167.2309407464  658815.91614084388    0
3588    1217167.0788783957  658816.54438087903    0
3589    1217168.1093852159  658816.20458941208    0
3590    1217169.4042216183  658813.35295893101    0
3591    1217169.1665715401  658812.92719231138    0
3592    1217169.4166163404  658812.53369063837    0
3593    1217171.0619038055  658811.4647876512    0
3594    1217172.4005233722  658813.41859144822    0
3595    1217163.6281436211  658813.31992511312    192
3596    1217164.1042171144  658813.49716160295    0
3597    1217162.8729502829  658812.89778865362    0
3598    1217163.4260452508  658812.79489408026    0
3599    1217162.9800947984  658811.93574009486    0
3600    1217163.9310885663  658812.32648852037    0
3601    1217166.1258305467  658815.95266890642    0
3602    1217165.7299311238  658815.69694940222    0
3603    1217164.9129516492  658816.4247999097    0
3604    1217162.6819924708  658814.7164570461    0
3605    1217163.9478511454  658815.42540908267    0
3606    1217167.6463254825  658817.16512219294    194
3607    1217166.6463254825  658817.16512219294    193
3608    1217169.7240454261  658812.06795198133    191
3609    1217169.863640958  658811.62407220469    0
3610    1217169.9738742288  658811.14978691703    0
3611    1217170.1954766694  658811.95115021872    0
3612    1217170.656291221  658810.82923858438    0
3613    1217165.4813233297  658816.84161853243    0
3614    1217163.5511223229  658814.8428368785    0
3615    1217167.53189438  658816.69999382889    0
3616    1217167.1627406406  658817.03745358763    0
3617    1217166.6186254094  658816.5844813016    0
3618    1217165.9722209354  658817.3332529997    0
3619    1217164.506668329  658817.57472933503    0
3620    1217162.9897850617  658815.65147610486    0
3621    1217166.4548516786  658817.83287068363    0
3622    1217165.2564293325  658817.55707361631    0
3623    1217167.0702473025  658818.86537972803    0
3624    1217165.7864496231  658817.99562763004    0
3625    1217166.2944759587  658818.6281062034    0
3626    1217164.9040746682  658818.52247508103    0
3627    1217164.281318116  658812.68916183559    192
3628    1217168.6620710844  658812.07887608255    0
3629    1217169.0245599221  658811.88148399768    0
3630    1217169.3279545465  658812.13131065248    0
3631    1217168.7703709067  658814.45226516365    0
3632    1217166.8136826542  658815.08915483253    0
3633    1217170.8026057263  658815.77365965233    0
3634    1217171.0501563605  658809.49417552573    0
3635    1217166.28931285  658820.03182515583    0
3636    1217170.3611606653  658816.64246276859    0
3637    1217171.0192973032  658814.96252003487    0
3638    1217172.2857554499  658811.02994100621    0
3639    1217171.4509256228  658814.3739539301    0
3640    1217171.4941648939  658810.74170794943    0
3641    1217172.2100840821  658815.38323872979    0
3642    1217166.2473294716  658807.75006500783    0
3643    1217161.332868072  658812.2392771421    0
3644    1217162.1735046916  658813.74370713462    0
3645    1217170.3978529447  658818.32831410621    0
3646    1217172.3031731092  658809.75099468976    0
3647    1217171.8613225278  658816.85815346194    0
3648    1217161.8985227554  658810.6876253573    0
3649    1217161.287009255  658815.69383173098    0
3650    1217170.1598458502  658808.63539408986    0
3651    1217161.6032909474  658814.6610527091    0
3652    1217163.1354099519  658818.70691449649    0
3653    1217169.3924409354  658807.95435659809    0
3654    1217159.7343290742  658814.65351468243    0
3655    1217160.7985313223  658813.52492872637    0
3656    1217168.766165907  658806.29312258551    0
3657    1217170.9042968859  658807.02365232643    0
3658    1217172.7692507987  658812.20379277586    0
3659    1217168.6120224269  658820.74223743449    0
3660    1217162.9403952952  658817.18501956598    0
3661    1217158.9359897424  658811.99696242728    0
3662    1217171.9681547903  658808.20040961343    0
3663    1217174.4720142421  658810.81594627607    0
3664    1217173.3281431315  658810.40454526921    0
3665    1217174.5972276428  658813.42199715471    0
3666    1217173.7392936009  658808.62922305928    0
3667    1217174.2349088942  658809.6792743    0
3668    1217175.7265340828  658808.33325111179    0
3669    1217175.8240769836  658809.9408456391    0
3670    1217161.8169862796  658808.11511604406    0
3671    1217160.5168504012  658818.2690130733    0
3672    1217160.2509117178  658810.96591933118    0
3673    1217174.4789318016  658816.69842723489    0
3674    1217173.3855500089  658805.84972709452    0
3675    1217176.2221273214  658812.03789178934    0
3676    1217157.8855053019  658809.30324388179    0
3677    1217160.8394079085  658809.43364751036    0
3678    1217178.4383210109  658808.97546642786    0
3679    1217159.4501519143  658807.38197181618    0
3680    1217164.2205322795  658820.54015162995    0
3681    1217164.9345246034  658804.78442287259    0
3682    1217159.5669556293  658816.58217199519    0
3683    1217157.2476138936  658818.99911398941    0
3684    1217156.4557793511  658815.34058556845    0
3685    1217173.355033322  658819.80855082197    0
3686    1217170.8477481413  658803.69493053213    0
3687    1217177.4852618491  658815.16662050516    0
3688    1217166.0969764816  658823.71296863316    0
3689    1217161.4119218013  658820.96484383068    0
3690    1217178.1462712572  658804.16222444153    0
3691    1217155.4851994307  658805.7507365311    0
3692    1217161.5618006375  658804.75190257956    0
3693    1217155.2749484298  658811.87298821087    0
3694    1217167.7224198051  658803.32396693551    0
3695    1217177.8976361232  658819.69196899887    0
3696    1217163.1992358726  658823.28544422088    0
3697    1217174.6327145561  658801.80904411722    0
3698    1217163.9091950178  658799.43598555669    0
3699    1217163.939902642  658828.29937709286    0
3700    1217169.8995932806  658798.33227402274    0
3701    1217158.4614535603  658825.0858688571    0
3702    1217150.7912643147  658818.4815410088    0
3703    1217179.9053591641  658812.37023405556    0
3704    1217172.1704541296  658826.30483064859    0
3705    1217158.3765363481  658804.35723730014    0
3706    1217154.6225059503  658800.26442410494    0
3707    1217160.4017359093  658801.06340510596    0
3708    1217152.4384046504  658814.77377919562    0
3709    1217182.4267855762  658816.99778522481    0
3710    1217184.7953468752  658808.24266947026    0
3711    1217159.4596094035  658794.43951264222    0
3712    1217180.2875875563  658797.16535079468    0
3713    1217175.7250542638  658823.59686011192    0
3714    1217145.4728459842  658813.89913612814    0
3715    1217183.2798826864  658825.24334389996    0
3716    1217149.6048923002  658809.16576869402    0
3717    1217178.1769366416  658830.50225455663    0
3718    1217243.4194080723  658772.27408906526    176
3719    1217246.6486906926  658776.88111728651    178
3720    1217246.2474044138  658772.32345192507    175
3721    1217241.8373143196  658769.19622648566    0
3722    1217245.5527460433  658771.60411212465    175
3723    1217244.1387478726  658771.57943069481    176
3724    1217246.3970189625  658770.09372544801    0
3725    1217244.8457469579  658771.59177140973    0
3726    1217244.4984177728  658771.23210150958    176
3727    1217244.1028943346  658770.46263586485    0
3728    1217243.9522759647  658771.02644424641    0
3729    1217243.3900903494  658771.52395140473    0
3730    1217243.0936242403  658770.49503743323    0
3731    1217245.2054168582  658771.2444422245    175
3732    1217245.974882503  658770.84891878651    0
3733    1217245.4110741212  658770.69830041612    0
3734    1217244.8636827373  658769.98818206019    0
3735    1217245.8272907478  658770.2708390773    0
3736    1217245.1807354284  658772.65844039526    0
3737    1217245.8187622563  658769.23851502023    0
3738    1217244.4799067003  658772.29260013776    0
3739    1217245.1910193574  658772.06927449082    0
3740    1217245.9000752284  658771.9637820248    175
3741    1217246.1057324917  658771.41764021665    0
3742    1217244.8912944405  658772.35871547845    0
3743    1217244.5864275594  658772.94273941847    0
3744    1217244.7406966877  658771.98283469118    0
3745    1217244.348476138  658771.9172877823    0
3746    1217243.7790779723  658771.92675988004    176
3747    1217244.0688318766  658772.22588535259    0
3748    1217244.2075402588  658772.67102150607    0
3749    1217243.9468772472  658773.43451555853    0
3750    1217243.7674266  658772.56398537511    0
3751    1217243.8966208373  658772.99111436517    0
3752    1217242.0689488791  658773.57821234886    176
3753    1217242.7441784758  658772.92615070706    176
3754    1217243.3021123095  658773.28304643196    0
3755    1217243.081793274  658772.60011988622    176
3756    1217243.4757382285  658772.88531598588    0
3757    1217242.3729086928  658772.20386900287    0
3758    1217242.9067558977  658772.08104278764    0
3759    1217245.7140699211  658772.49094616005    0
3760    1217246.3912892772  658771.83696302969    0
3761    1217246.9824069792  658770.91652363492    0
3762    1217242.4363679846  658771.2581263301    0
3763    1217247.4829470499  658773.60289377882    175
3764    1217246.6506125233  658771.3534723731    0
3765    1217245.7248605369  658773.45817352401    0
3766    1217246.8651757319  658772.96317285195    175
3767    1217245.5734926059  658772.97618834686    0
3768    1217246.9471306845  658772.26588199707    0
3769    1217246.127217578  658772.87362139754    0
3770    1217245.0650098647  658773.4006390787    0
3771    1217247.4334330864  658771.6034551122    0
3772    1217246.5562900729  658772.64331238857    175
3773    1217242.6486906926  658776.88111728651    177
3774    1217242.4065636774  658773.25218152802    176
3775    1217242.8506631688  658773.37423942436    0
3776    1217241.6976790961  658772.85593064467    0
3777    1217242.2315263012  658772.73310442944    0
3778    1217243.2274509247  658774.07647829875    0
3779    1217242.5201977515  658773.70767364581    0
3780    1217241.3937192825  658774.23027399066    176
3781    1217242.1077719028  658774.29405594571    0
3782    1217241.8625677382  658772.35103665281    0
3783    1217241.9513859714  658771.70058445248    0
3784    1217240.9437554823  658772.33034200862    0
3785    1217247.7621381136  658772.71513422555    0
3786    1217244.9826447996  658773.00767504366    0
3787    1217245.2996281344  658774.52246336464    0
3788    1217244.5085376059  658773.50319695263    0
3789    1217244.8918934769  658774.02229079953    0
3790    1217244.1412956312  658774.17551168345    0
3791    1217244.1913251544  658773.76638195734    0
3792    1217244.4987738773  658774.01160138194    0
3793    1217243.7072591053  658773.91481274948    0
3794    1217244.6791536775  658774.6119902007    0
3795    1217243.6422480426  658774.51471161912    0
3796    1217241.4609354257  658770.67597208428    0
3797    1217245.361051573  658773.81801063148    0
3798    1217246.1390340896  658774.24074957951    0
3799    1217245.8138420116  658773.91196805448    0
3800    1217246.4435624289  658773.55286932178    0
3801    1217245.7064938205  658774.34335595171    0
3802    1217246.0927336537  658775.00856517709    0
3803    1217245.6689999897  658774.80986161681    0
3804    1217245.5517100303  658775.61113747454    0
3805    1217245.1169731296  658775.13827879902    0
3806    1217244.1460745877  658774.71925433597    0
3807    1217244.5183348067  658775.19103069592    0
3808    1217243.5553318332  658775.45158266358    0
3809    1217243.740181227  658774.99626441614    0
3810    1217244.0552445808  658775.38935490476    0
3811    1217242.8935119  658774.91771647823    0
3812    1217243.3287009101  658774.8292122772    0
3813    1217243.184465484  658775.2341824522    0
3814    1217243.03228883  658774.48590602353    0
3815    1217241.6835901893  658775.88172645948    177
3816    1217242.5339299908  658774.56394707703    0
3817    1217242.7622844088  658774.10597503325    0
3818    1217243.009770456  658775.95723077282    0
3819    1217242.6034022658  658775.47642042337    0
3820    1217244.6153180813  658776.05731188296    0
3821    1217241.9149259566  658775.06995705829    0
3822    1217242.4283760972  658775.03086490335    0
3823    1217244.4360884791  658775.63880787184    0
3824    1217244.845670958  658775.48259675188    0
3825    1217243.8717997831  658776.12810226774    0
3826    1217245.5263278768  658775.19819973793    0
3827    1217245.9029136307  658775.38230099552    0
3828    1217247.6835901893  658775.88172645948    178
3829    1217246.1063844606  658776.07849567675    0
3830    1217246.6169251956  658775.50987410406    0
3831    1217242.1661404409  658776.381421873    177
3832    1217245.1289962255  658775.92967869097    0
3833    1217245.6006719759  658776.11585904786    0
3834    1217245.6137911959  658777.88050811354    178
3835    1217245.0669456727  658776.77744970762    0
3836    1217246.1312409444  658777.38081270002    178
3837    1217244.9590976196  658776.34339970117    0
3838    1217245.3660913876  658776.47269775206    0
3839    1217243.6137911959  658777.88050811354    177
3840    1217245.8877294813  658776.56009077851    0
3841    1217244.350592409  658776.72501795972    0
3842    1217245.5533152567  658776.95567471767    0
3843    1217246.366708531  658776.48712332791    0
3844    1217247.1661404409  658776.381421873    178
3845    1217246.3899658185  658777.13096499327    178
3846    1217245.9904220258  658776.97610786278    0
3847    1217246.9332064437  658777.43462454982    0
3848    1217246.5241024836  658777.52875015466    0
3849    1217246.8845755858  658778.15937700542    0
3850    1217246.1523303492  658777.92041657493    0
3851    1217246.6280663498  658776.03338428168    0
3852    1217245.0963541812  658777.44994993194    0
3853    1217245.8169515338  658778.79256422457    0
3854    1217247.1275699786  658775.76088038634    0
3855    1217247.288044981  658774.78948299901    0
3856    1217247.0612055226  658775.25096302608    0
3857    1217246.6118284317  658774.99048972467    0
3858    1217248.2010399378  658775.38203104597    178
3859    1217247.6389463339  658775.24845898501    0
3860    1217248.1007183678  658774.24261470558    175
3861    1217248.0371240261  658774.82233861147    0
3862    1217247.6764659849  658774.48942524975    0
3863    1217247.1041277612  658774.14997251751    0
3864    1217247.7918327088  658773.9227542422    175
3865    1217248.105403357  658773.31086864905    0
3866    1217248.2622596563  658773.77754215791    0
3867    1217248.956886376  658773.28436951456    0
3868    1217248.7699613124  658774.21448218357    0
3869    1217242.2181060389  658775.8483948909    0
3870    1217241.9288805195  658775.51278120012    0
3871    1217241.2010399378  658775.38203104597    177
3872    1217242.5795868025  658776.15268278436    0
3873    1217242.9884278357  658776.48139261245    0
3874    1217243.4025145201  658776.23573780479    0
3875    1217243.7582080755  658776.70969567809    0
3876    1217244.0383325147  658777.33856130356    0
3877    1217243.1312409444  658777.38081270002    177
3878    1217241.5796591905  658777.43062462076    0
3879    1217244.6809567113  658777.131222178    0
3880    1217244.5288943606  658777.75946221314    0
3881    1217245.5594011808  658777.4196707462    0
3882    1217246.8542375832  658774.56804026512    0
3883    1217246.616587505  658774.1422736455    0
3884    1217246.8666323053  658773.74877197249    0
3885    1217248.5119197704  658772.67986898532    0
3886    1217249.8505393371  658774.63367278234    0
3887    1217241.0781595861  658774.53500644723    176
3888    1217241.5542330793  658774.71224293706    0
3889    1217240.3229662478  658774.11286998773    0
3890    1217240.8760612158  658774.00997541437    0
3891    1217240.4301107633  658773.15082142898    0
3892    1217241.3811045312  658773.54156985448    0
3893    1217243.5758465116  658777.16775024054    0
3894    1217243.1799470887  658776.91203073633    0
3895    1217242.3629676141  658777.63988124381    0
3896    1217240.1320084357  658775.93153838022    0
3897    1217241.3978671103  658776.64049041679    0
3898    1217245.0963414474  658778.38020352705    178
3899    1217244.0963414474  658778.38020352705    177
3900    1217247.174061391  658773.28303331544    175
3901    1217247.3136569229  658772.83915353881    0
3902    1217247.4238901937  658772.36486825114    0
3903    1217247.6454926343  658773.16623155284    0
3904    1217248.106307186  658772.0443199185    0
3905    1217242.9313392946  658778.05669986655    0
3906    1217241.0011382878  658776.05791821261    0
3907    1217244.9819103449  658777.91507516301    0
3908    1217244.6127566055  658778.25253492175    0
3909    1217244.0686413744  658777.79956263572    0
3910    1217243.4222369003  658778.54833433381    0
3911    1217241.9566842939  658778.78981066914    0
3912    1217240.4398010266  658776.86655743897    0
3913    1217243.9048676435  658779.04795201775    0
3914    1217242.7064452975  658778.77215495042    0
3915    1217244.5202632674  658780.08046106214    0
3916    1217243.236465588  658779.21070896415    0
3917    1217243.7444919236  658779.84318753751    0
3918    1217242.3540906331  658779.73755641514    0
3919    1217241.7313340809  658773.9042431697    176
3920    1217246.1120870493  658773.29395741667    0
3921    1217246.474575887  658773.0965653318    0
3922    1217246.7779705115  658773.34639198659    0
3923    1217246.2203868716  658775.66734649776    0
3924    1217244.2636986191  658776.30423616664    0
3925    1217248.2526216912  658776.98874098645    0
3926    1217248.5001723254  658770.70925685985    0
3927    1217243.7393288149  658781.24690648995    0
3928    1217247.8111766302  658777.85754410271    0
3929    1217248.4693132681  658776.17760136898    0
3930    1217249.7357714148  658772.24502234033    0
3931    1217248.9009415878  658775.58903526422    0
3932    1217248.9441808588  658771.95678928355    0
3933    1217249.660100047  658776.5983200639    0
3934    1217243.6973454366  658768.96514634194    0
3935    1217238.7828840369  658773.45435847621    0
3936    1217239.6235206565  658774.95878846874    0
3937    1217247.8478689096  658779.54339544033    0
3938    1217249.7531890741  658770.96607602388    0
3939    1217249.3113384927  658778.07323479606    0
3940    1217239.3485387203  658771.90270669141    0
3941    1217238.7370252199  658776.9089130651    0
3942    1217247.6098618151  658769.85047542397    0
3943    1217239.0533069123  658775.87613404321    0
3944    1217240.5854259168  658779.92199583061    0
3945    1217246.8424569003  658769.1694379322    0
3946    1217237.1843450391  658775.86859601655    0
3947    1217238.2485472872  658774.74001006049    0
3948    1217246.2161818719  658767.50820391963    0
3949    1217248.3543128509  658768.23873366055    0
3950    1217250.2192667637  658773.41887410998    0
3951    1217246.0620383918  658781.9573187686    0
3952    1217240.3904112601  658778.40010090009    0
3953    1217236.3860057073  658773.21204376139    0
3954    1217249.4181707553  658769.41549094755    0
3955    1217251.922030207  658772.03102761018    0
3956    1217250.7781590964  658771.61962660332    0
3957    1217252.0472436077  658774.63707848883    0
3958    1217251.1893095658  658769.84430439339    0
3959    1217251.6849248591  658770.89435563411    0
3960    1217253.1765500477  658769.54833244591    0
3961    1217253.2740929485  658771.15592697321    0
3962    1217239.2670022445  658769.33019737818    0
3963    1217237.9668663661  658779.48409440741    0
3964    1217237.7009276827  658772.1810006653    0
3965    1217251.9289477665  658777.91350856901    0
3966    1217250.8355659738  658767.06480842864    0
3967    1217253.6721432863  658773.25297312345    0
3968    1217235.3355212668  658770.5183252159    0
3969    1217238.2894238734  658770.64872884448    0
3970    1217255.8883369758  658770.19054776197    0
3971    1217236.9001678792  658768.5970531503    0
3972    1217241.6705482444  658781.75523296406    0
3973    1217242.3845405683  658765.9995042067    0
3974    1217237.0169715942  658777.79725332931    0
3975    1217234.6976298585  658780.21419532353    0
3976    1217233.905795316  658776.55566690257    0
3977    1217250.8050492869  658781.02363215608    0
3978    1217248.2977641062  658764.91001186625    0
3979    1217254.935277814  658776.38170183927    0
3980    1217238.8619377662  658782.17992516479    0
3981    1217243.5469924465  658784.92804996728    0
3982    1217255.5962872221  658765.37730577565    0
3983    1217232.9352153956  658766.96581786522    0
3984    1217239.0118166024  658765.96698391368    0
3985    1217232.7249643947  658773.08806954499    0
3986    1217245.17243577  658764.53904826962    0
3987    1217255.3476520882  658780.90705033299    0
3988    1217240.6492518375  658784.50052555499    0
3989    1217252.082730521  658763.02412545134    0
3990    1217241.3592109827  658760.6510668908    0
3991    1217241.389918607  658789.51445842697    0
3992    1217247.3496092455  658759.54735535686    0
3993    1217235.9114695252  658786.30095019122    0
3994    1217228.2412802796  658779.69662234292    0
3995    1217257.355375129  658773.58531538968    0
3996    1217249.6204700945  658787.5199119827    0
3997    1217235.8265523131  658765.57231863425    0
3998    1217232.0725219152  658761.47950543906    0
3999    1217237.8517518742  658762.27848644007    0
4000    1217229.8884206153  658775.98886052973    0
4001    1217259.8768015411  658778.21286655893    0
4002    1217262.2453628401  658769.45775080437    0
4003    1217236.9096253684  658755.65459397633    0
4004    1217257.7376035212  658758.38043212879    0
4005    1217253.1750702288  658784.81194144604    0
4006    1217222.9228619491  658775.11421746225    0
4007    1217260.7298986514  658786.45842523407    0
4008    1217227.0549082651  658770.38085002813    0
4009    1217255.6269526065  658791.71733589075    0
4010    1217265.7915222433  658817.02074700105    160
4011    1217269.0208048637  658821.6277752223    162
4012    1217268.6195185848  658817.07010986086    159
4013    1217264.2094284906  658813.94288442144    0
4014    1217267.9248602143  658816.35077006044    159
4015    1217266.5108620436  658816.32608863059    160
4016    1217268.7691331336  658814.84038338379    0
4017    1217267.217861129  658816.33842934552    0
4018    1217266.8705319436  658815.97875944537    160
4019    1217266.1153386054  658815.55662298587    0
4020    1217266.6840600355  658815.42577299685    0
4021    1217266.1829434531  658814.5490985096    0
4022    1217267.2978066921  658814.62390578375    0
4023    1217267.577531029  658815.99110016029    159
4024    1217267.9996674887  658815.23590682214    0
4025    1217268.1305174774  658815.80462825217    0
4026    1217268.5722441697  658815.40358335944    0
4027    1217268.6749978748  658816.32145233767    0
4028    1217267.5528495994  658817.40509833104    0
4029    1217269.6036417233  658815.44813424454    0
4030    1217266.8520208714  658817.03925807355    0
4031    1217267.5631335285  658816.8159324266    0
4032    1217268.2721893997  658816.71043996071    159
4033    1217268.0861840921  658817.23760409595    0
4034    1217267.2634086115  658817.10537341423    0
4035    1217266.9585417304  658817.68939735426    0
4036    1217267.1128108588  658816.72949262697    0
4037    1217266.720590309  658816.66394571809    0
4038    1217266.1511921436  658816.67341781582    160
4039    1217266.4409460477  658816.97254328826    0
4040    1217266.5796544298  658817.41767944186    0
4041    1217265.9647202354  658816.12043136754    0
4042    1217266.3189914182  658818.18117349432    0
4043    1217266.139540771  658817.31064331078    0
4044    1217266.2687350083  658817.73777230084    0
4045    1217264.4410630502  658818.32487028465    160
4046    1217265.1162926466  658817.67280864285    160
4047    1217265.6742264805  658818.02970436763    0
4048    1217265.4539074451  658817.34677782189    160
4049    1217265.8478523996  658817.63197392155    0
4050    1217264.7450228636  658816.95052693819    0
4051    1217265.2788700687  658816.8277007232    0
4052    1217269.8550612209  658818.34955171449    159
4053    1217265.1060685108  658815.58902455424    0
4054    1217265.6784586564  658816.54377709446    0
4055    1217265.1442492416  658816.21508957807    0
4056    1217268.0969747077  658818.20483145979    0
4057    1217267.945606777  658817.72284628276    0
4058    1217269.2372899028  658817.70983078761    159
4059    1217267.4371240358  658818.14729701437    0
4060    1217268.4993317493  658817.62027933344    0
4061    1217268.9284042437  658817.38997032424    159
4062    1217269.2787438494  658816.74257736153    0
4063    1217269.4112443395  658817.23277100199    0
4064    1217270.157010576  658816.76818422321    0
4065    1217269.9050901812  658817.68309143197    0
4066    1217265.0208048637  658821.6277752223    161
4067    1217264.7786778484  658817.99883946381    160
4068    1217265.2227773399  658818.12089736003    0
4069    1217264.0697932672  658817.60258858046    0
4070    1217265.5995650957  658818.82313623442    0
4071    1217264.8923119225  658818.4543315816    0
4072    1217264.6036404721  658817.47976236523    0
4073    1217263.7658334537  658818.97693192645    160
4074    1217264.4798860739  658819.04071388126    0
4075    1217264.234681909  658817.09769458848    0
4076    1217264.2545705487  658816.20821163501    0
4077    1217263.3158696529  658817.07699994475    0
4078    1217267.3547589707  658817.75433297933    0
4079    1217267.6717423052  658819.26912129996    0
4080    1217266.8806517769  658818.24985488842    0
4081    1217267.264007648  658818.76894873497    0
4082    1217266.5134098022  658818.92216961936    0
4083    1217266.5634393254  658818.51303989312    0
4084    1217266.8708880483  658818.75825931772    0
4085    1217266.0793732763  658818.66147068539    0
4086    1217267.051267849  658819.35864813544    0
4087    1217266.0143622134  658819.26136955526    0
4088    1217270.9840817284  658818.09919563949    0
4089    1217267.7331657438  658818.56466856704    0
4090    1217268.51114826  658818.98740751494    0
4091    1217268.1859561822  658818.65862599004    0
4092    1217268.8156766  658818.29952725768    0
4093    1217268.0786079911  658819.09001388703    0
4094    1217268.4648478241  658819.75522311206    0
4095    1217268.0411141603  658819.55651955178    0
4096    1217267.9238242009  658820.35779540904    0
4097    1217267.4890873006  658819.88493673375    0
4098    1217266.518188759  658819.46591227246    0
4099    1217266.8904489791  658819.93768862926    0
4100    1217265.9274460038  658820.19824060064    0
4101    1217266.1122953978  658819.74292235274    0
4102    1217266.427358753  658820.1360128423    0
4103    1217265.2656260699  658819.66437441471    0
4104    1217265.7008150807  658819.57587021368    0
4105    1217265.5565796543  658819.98084038903    0
4106    1217265.4044030001  658819.23256395955    0
4107    1217264.0557043604  658820.62838439527    161
4108    1217264.9060441612  658819.31060501328    0
4109    1217265.1343985801  658818.85263296869    0
4110    1217265.3818846259  658820.70388871012    0
4111    1217264.9755164362  658820.2230783602    0
4112    1217266.9874322605  658820.80396981875    0
4113    1217264.2870401251  658819.8166149949    0
4114    1217264.8004902666  658819.77752284007    0
4115    1217266.8082026546  658820.3854658074    0
4116    1217267.2177851289  658820.22925468301    0
4117    1217266.2439139565  658820.87476021086    0
4118    1217267.8984420476  658819.94485767267    0
4119    1217268.2750278013  658820.12895893038    0
4120    1217270.0557043604  658820.62838439527    162
4121    1217268.4784986305  658820.82515361137    0
4122    1217268.9890393659  658820.25653203856    0
4123    1217264.5382546121  658821.12807980878    161
4124    1217267.5011103959  658820.67633661546    0
4125    1217267.9727861437  658820.86251698493    0
4126    1217267.9859053669  658822.62716604932    162
4127    1217267.4390598496  658821.52410756343    0
4128    1217268.5033551152  658822.12747063581    162
4129    1217267.3312117937  658821.09005759167    0
4130    1217267.7382055272  658821.21935562487    0
4131    1217265.9859053669  658822.62716604932    161
4132    1217268.259843657  658821.30674877763    0
4133    1217266.7227066886  658821.47167582437    0
4134    1217267.9254293412  658821.70233248663    0
4135    1217268.7388226984  658821.23378126521    0
4136    1217269.5382546121  658821.12807980878    162
4137    1217268.7620799895  658821.87762292905    162
4138    1217268.3625362215  658821.72276582394    0
4139    1217269.3053206147  658822.1812824856    0
4140    1217268.8962166547  658822.27540809067    0
4141    1217269.2566897571  658822.90603494132    0
4142    1217268.52444452  658822.66707451048    0
4143    1217269.0001805227  658820.78004221898    0
4144    1217267.4684683469  658822.19660782174    0
4145    1217268.1890657051  658823.53922215989    0
4146    1217269.4996841499  658820.5075383198    0
4147    1217269.6601591499  658819.53614093142    0
4148    1217269.4333196925  658819.99762095942    0
4149    1217268.9839426014  658819.73714765988    0
4150    1217270.5731541086  658820.12868898176    162
4151    1217270.0110605045  658819.99511691707    0
4152    1217270.4728325391  658818.98927264137    159
4153    1217270.4092381997  658819.56899654702    0
4154    1217270.0485801571  658819.23608318693    0
4155    1217269.4762419411  658818.89663045248    0
4156    1217270.16394688  658818.66941217799    159
4157    1217270.3993190185  658818.13304200734    0
4158    1217270.6117195776  658818.54607704864    0
4159    1217271.1463772901  658818.9569859131    0
4160    1217270.6493661862  658817.38471230748    0
4161    1217264.5902202094  658820.59505282727    0
4162    1217264.3009946907  658820.25943913637    0
4163    1217263.5731541086  658820.12868898176    161
4164    1217264.9517009726  658820.89934071992    0
4165    1217265.3605420038  658821.22805054788    0
4166    1217265.7746286911  658820.98239574267    0
4167    1217266.1303222629  658821.45635371329    0
4168    1217266.4104469276  658822.08521932643    0
4169    1217265.5033551152  658822.12747063581    161
4170    1217263.9517733618  658822.17728255619    0
4171    1217267.0530709401  658821.87788004067    0
4172    1217266.9010087308  658822.50611975288    0
4173    1217267.9315154238  658822.16632859292    0
4174    1217269.2263517501  658819.31469819555    0
4175    1217268.9887016786  658818.88893156464    0
4176    1217269.238746495  658818.49542989058    0
4177    1217272.2316859451  658819.38537965179    0
4178    1217263.4502737573  658819.28166438302    160
4179    1217263.9263472501  658819.45890087239    0
4180    1217263.1032576296  658818.60656661924    0
4181    1217262.9426274749  658819.11587040382    0
4182    1217262.1666159269  658819.61755809793    0
4183    1217262.1792696994  658818.59513114882    0
4184    1217265.9479608319  658821.91440837923    0
4185    1217265.5520614912  658821.65868863452    0
4186    1217264.7350817849  658822.38653917937    0
4187    1217262.9866728582  658821.17789172952    0
4188    1217263.7699812818  658821.38714835246    0
4189    1217267.4684556187  658823.12686146284    162
4190    1217266.4684556187  658823.12686146284    161
4191    1217269.5461755618  658818.02969125099    159
4192    1217265.3034534655  658822.80335780268    0
4193    1217262.8048807781  658820.38775752555    0
4194    1217267.3540245907  658822.66173307656    0
4195    1217266.9848704587  658822.99919286056    0
4196    1217266.4407556895  658822.54622077197    0
4197    1217265.7943510716  658823.29499226983    0
4198    1217264.3287984636  658823.53646860493    0
4199    1217266.2769818148  658823.79460995307    0
4200    1217265.0785594683  658823.51881288749    0
4201    1217266.8923774378  658824.82711899735    0
4202    1217265.6085797595  658823.95736690005    0
4203    1217266.1166060953  658824.58984547178    0
4204    1217264.7262048018  658824.48421435757    0
4205    1217264.103448252  658818.65090110549    160
4206    1217263.6100438405  658818.47778646997    0
4207    1217263.9871555339  658818.19265588117    0
4208    1217263.4013273092  658817.80979154771    0
4209    1217268.4842012203  658818.04061535257    0
4210    1217268.846690058  658817.84322326782    0
4211    1217269.1500846827  658818.09304992261    0
4212    1217268.5925010422  658820.41400443262    0
4213    1217266.6358127939  658821.0508940689    0
4214    1217270.6247358625  658821.73539892188    0
4215    1217271.4244806306  658816.26085043373    0
4216    1217263.2044921014  658821.93323490629    0
4217    1217261.5869022363  658821.08396718244    0
4218    1217266.1114429845  658825.99356442236    0
4219    1217262.3761251476  658817.55797111546    0
4220    1217270.1832908015  658822.60420203826    0
4221    1217270.8414274391  658820.92425930453    0
4222    1217271.7415021705  658817.30872113642    0
4223    1217263.2342632213  658823.10819753737    0
4224    1217262.2417736924  658821.80177721067    0
4225    1217271.2730557583  658820.33569319977    0
4226    1217272.0322142178  658821.34497799864    0
4227    1217272.0137074501  658818.3486369343    0
4228    1217270.2199830816  658824.290053376    0
4229    1217260.7252699607  658822.52768107958    0
4230    1217271.6834526646  658822.81989273184    0
4231    1217266.8642949576  658812.73970681941    0
4232    1217264.0839498129  658815.07849827246    0
4233    1217270.1931400152  658813.7618770923    0
4234    1217260.4792702207  658819.08538337261    0
4235    1217273.3188121268  658816.25963267393    0
4236    1217263.3130736167  658824.51957234787    0
4237    1217263.0209098395  658815.81679043442    0
4238    1217261.0413573051  658817.84189082868    0
4239    1217273.8400836731  658818.50592215103    0
4240    1217262.7982262361  658814.36169409461    0
4241    1217273.0038339491  658817.53388063121    0
4242    1217268.434152557  658826.70397670357    0
4243    1217261.7293784718  658823.90011724643    0
4244    1217264.0690746775  658826.47765049268    0
4245    1217261.3903135404  658816.20293370285    0
4246    1217274.3779212562  658817.19748453493    0
4247    1217258.70044118  658817.53252755769    0
4248    1217268.2267922154  658813.41819701891    0
4249    1217259.6015442666  658820.87804791518    0
4250    1217274.3010619397  658822.66016650235    0
4251    1217262.8100599842  658811.8146018734    0
4252    1217275.4019388014  658814.9741211785    0
4253    1217268.6694774344  658810.8219454264    0
4254    1217276.2764579793  658818.74264305702    0
4255    1217272.3703489213  658814.2419334267    0
4256    1217273.9110955109  658820.54628186219    0
4257    1217258.9538537033  658824.87722686236    0
4258    1217261.7193661726  658826.25987486856    0
4259    1217258.5999681982  658822.76787489979    0
4260    1217265.8921579891  658829.61883520591    0
4261    1217273.1771634626  658825.77029009559    0
4262    1217259.202903447  658813.07141668443    0
4263    1217271.9461638993  658810.98855078674    0
4264    1217276.2813772496  658821.20192820765    0
4265    1217255.9702165192  658820.16382875503    0
4266    1217262.6111048772  658829.42346181488    0
4267    1217255.2827233125  658824.40876995656    0
4268    1217265.448410077  658809.59845219564    0
4269    1217277.7068232081  658825.21148295724    0
4270    1217280.3527772285  658819.96413675358    0
4271    1217263.9279911399  658834.95628471673    0
4272    1217258.7137302745  658828.81456425809    0
4273    1217270.5838060884  658805.47734534636    0
4274    1217271.9916821034  658832.37227552664    0
4275    1217253.3046200445  658814.66593532101    0
4276    1217260.4581346426  658806.33604242932    0
4277    1217279.303136626  658816.054544296    0
4278    1217260.0634274504  658832.95297307847    0
4279    1217268.0553964351  658807.58685679501    0
4280    1217264.4741982331  658805.64079552772    0
4281    1217267.496577509  658804.34706867463    0
4282    1217263.842301057  658799.98729475902    0
4283    1217270.9125198142  658799.79814537929    0
4284    1217275.9584351394  658829.67713521665    0
4285    1217248.5946320177  658821.14745182975    0
4286    1217279.1422822268  658809.05191325734    0
4287    1217258.6771797724  658840.3563631319    0
4288    1217286.3042823002  658816.27058792091    0
4289    1217252.5332141824  658833.11957154563    0
4290    1217270.9583589693  658730.50830076449    224
4291    1217274.1876415897  658735.11532898573    226
4292    1217273.7863553108  658730.55766362429    223
4293    1217269.3762652166  658727.43043818488    0
4294    1217273.0916969404  658729.83832382387    223
4295    1217271.6776987696  658729.81364239403    224
4296    1217273.9359698596  658728.32793714723    0
4297    1217272.384697855  658729.82598310895    0
4298    1217272.0373686696  658729.4663132088    224
4299    1217271.2821753314  658729.0441767493    0
4300    1217271.8508967615  658728.91332676029    0
4301    1217271.3497801791  658728.03665227303    0
4302    1217272.4646434181  658728.11145954719    0
4303    1217272.744367755  658729.47865392372    223
4304    1217273.1665042148  658728.72346058558    0
4305    1217273.2973542034  658729.2921820156    0
4306    1217273.7390808957  658728.89113712288    0
4307    1217273.8418346008  658729.8090061011    0
4308    1217272.7196863254  658730.89265209448    0
4309    1217274.7704784493  658728.93568800797    0
4310    1217272.0188575974  658730.52681183699    0
4311    1217272.7299702545  658730.30348619004    0
4312    1217273.4390261257  658730.19799372414    223
4313    1217273.2530208181  658730.72515785939    0
4314    1217272.4302453375  658730.59292717767    0
4315    1217272.1253784564  658731.1769511177    0
4316    1217272.2796475848  658730.2170463904    0
4317    1217271.887427035  658730.15149948152    0
4318    1217271.3180288696  658730.16097157926    224
4319    1217271.6077827737  658730.46009705169    0
4320    1217271.7464911558  658730.9052332053    0
4321    1217271.1315569615  658729.60798513098    0
4322    1217271.4858281442  658731.66872725775    0
4323    1217271.306377497  658730.79819707421    0
4324    1217271.4355717343  658731.22532606428    0
4325    1217269.6078997762  658731.81242404808    224
4326    1217270.2831293726  658731.16036240628    224
4327    1217270.8410632065  658731.51725813106    0
4328    1217270.6207441711  658730.83433158533    224
4329    1217271.0146891256  658731.11952768499    0
4330    1217269.9118595896  658730.43808070163    0
4331    1217270.4457067947  658730.31525448663    0
4332    1217275.021897947  658731.83710547793    223
4333    1217270.2729052368  658729.07657831768    0
4334    1217270.8452953824  658730.03133085789    0
4335    1217270.3110859676  658729.7026433415    0
4336    1217273.2638114337  658731.69238522323    0
4337    1217273.112443503  658731.2104000462    0
4338    1217274.4041266288  658731.19738455105    223
4339    1217272.6039607618  658731.6348507778    0
4340    1217273.6661684753  658731.10783309687    0
4341    1217274.0952409697  658730.87752408767    223
4342    1217274.4455805754  658730.23013112496    0
4343    1217274.5780810656  658730.72032476543    0
4344    1217275.323847302  658730.25573798665    0
4345    1217275.0719269072  658731.17064519541    0
4346    1217270.1876415897  658735.11532898573    225
4347    1217269.9455145744  658731.48639322724    224
4348    1217270.3896140659  658731.60845112347    0
4349    1217269.2366299932  658731.09014234389    0
4350    1217270.7664018217  658732.31068999786    0
4351    1217270.0591486485  658731.94188534503    0
4352    1217269.7704771981  658730.96731612866    0
4353    1217268.9326701798  658732.46448568988    224
4354    1217269.6467227999  658732.5282676447    0
4355    1217269.401518635  658730.58524835191    0
4356    1217269.4214072747  658729.69576539844    0
4357    1217268.4827063789  658730.56455370819    0
4358    1217272.5215956967  658731.24188674276    0
4359    1217272.8385790312  658732.7566750634    0
4360    1217272.0474885029  658731.73740865185    0
4361    1217272.430844374  658732.25650249841    0
4362    1217271.6802465282  658732.40972338279    0
4363    1217271.7302760514  658732.00059365656    0
4364    1217272.0377247743  658732.24581308116    0
4365    1217271.2462100023  658732.14902444882    0
4366    1217272.2181045751  658732.84620189888    0
4367    1217271.1811989394  658732.74892331869    0
4368    1217276.1509184544  658731.58674940292    0
4369    1217272.9000024698  658732.05222233047    0
4370    1217273.677984986  658732.47496127838    0
4371    1217273.3527929082  658732.14617975347    0
4372    1217273.982513326  658731.78708102112    0
4373    1217273.2454447171  658732.57756765047    0
4374    1217273.6316845501  658733.2427768755    0
4375    1217273.2079508863  658733.04407331522    0
4376    1217273.0906609269  658733.84534917248    0
4377    1217272.6559240266  658733.37249049719    0
4378    1217271.685025485  658732.95346603589    0
4379    1217272.0572857051  658733.4252423927    0
4380    1217271.0942827298  658733.68579436408    0
4381    1217271.2791321238  658733.23047611618    0
4382    1217271.5941954791  658733.62356660573    0
4383    1217270.4324627959  658733.15192817815    0
4384    1217270.8676518067  658733.06342397712    0
4385    1217270.7234163804  658733.46839415247    0
4386    1217270.5712397262  658732.72011772299    0
4387    1217269.2225410864  658734.11593815871    225
4388    1217270.0728808872  658732.79815877671    0
4389    1217270.3012353061  658732.34018673212    0
4390    1217270.5487213519  658734.19144247356    0
4391    1217270.1423531622  658733.71063212364    0
4392    1217272.1542689865  658734.29152358219    0
4393    1217269.4538768511  658733.30416875833    0
4394    1217269.9673269927  658733.26507660351    0
4395    1217271.9750393806  658733.87301957083    0
4396    1217272.3846218549  658733.71680844645    0
4397    1217271.4107506825  658734.3623139743    0
4398    1217273.0652787737  658733.43241143611    0
4399    1217273.4418645273  658733.61651269381    0
4400    1217275.2225410864  658734.11593815871    226
4401    1217273.6453353565  658734.3127073748    0
4402    1217274.1558760919  658733.744085802    0
4403    1217269.7050913381  658734.61563357222    225
4404    1217272.6679471219  658734.1638903789    0
4405    1217273.1396228697  658734.35007074836    0
4406    1217273.152742093  658736.11471981276    226
4407    1217272.6058965756  658735.01166132686    0
4408    1217273.6701918412  658735.61502439925    226
4409    1217272.4980485197  658734.57761135511    0
4410    1217272.9050422532  658734.7069093883    0
4411    1217271.152742093  658736.11471981276    225
4412    1217273.426680383  658734.79430254106    0
4413    1217271.8895434146  658734.95922958781    0
4414    1217273.0922660672  658735.18988625007    0
4415    1217273.9056594244  658734.72133502865    0
4416    1217274.7050913381  658734.61563357222    226
4417    1217273.9289167156  658735.36517669249    226
4418    1217273.5293729475  658735.21031958738    0
4419    1217274.4721573407  658735.66883624904    0
4420    1217274.0630533807  658735.76296185411    0
4421    1217274.4235264831  658736.39358870476    0
4422    1217273.691281246  658736.15462827391    0
4423    1217274.1670172487  658734.26759598241    0
4424    1217272.6353050729  658735.68416158517    0
4425    1217273.3559024311  658737.02677592332    0
4426    1217274.6665208759  658733.99509208323    0
4427    1217274.8269958759  658733.02369469486    0
4428    1217274.6001564185  658733.48517472285    0
4429    1217274.1507793274  658733.22470142331    0
4430    1217275.7399908346  658733.61624274519    226
4431    1217275.1778972305  658733.4826706805    0
4432    1217275.6396692651  658732.4768264048    223
4433    1217275.5760749257  658733.05655031046    0
4434    1217275.2154168831  658732.72363695037    0
4435    1217274.6430786671  658732.38418421592    0
4436    1217275.330783606  658732.15696594142    223
4437    1217275.5661557445  658731.62059577077    0
4438    1217275.7785563036  658732.03363081207    0
4439    1217276.3132140161  658732.44453967654    0
4440    1217275.8162029122  658730.87226607092    0
4441    1217269.7570569355  658734.0826065907    0
4442    1217269.4678314168  658733.7469928998    0
4443    1217268.7399908346  658733.61624274519    225
4444    1217270.1185376986  658734.38689448335    0
4445    1217270.5273787298  658734.71560431132    0
4446    1217270.9414654172  658734.46994950611    0
4447    1217271.2971589889  658734.94390747673    0
4448    1217271.5772836537  658735.57277308987    0
4449    1217270.6701918412  658735.61502439925    225
4450    1217269.1186100878  658735.66483631963    0
4451    1217272.2199076661  658735.36543380411    0
4452    1217272.0678454568  658735.99367351632    0
4453    1217273.0983521498  658735.65388235636    0
4454    1217274.3931884761  658732.80225195899    0
4455    1217274.1555384046  658732.37648532807    0
4456    1217274.405583221  658731.98298365402    0
4457    1217277.3985226711  658732.87293341523    0
4458    1217268.6171104833  658732.76921814645    224
4459    1217269.0931839761  658732.94645463582    0
4460    1217268.2700943556  658732.09412038268    0
4461    1217268.1094642009  658732.60342416726    0
4462    1217267.3334526529  658733.10511186137    0
4463    1217267.3461064254  658732.08268491225    0
4464    1217271.1147975579  658735.40196214267    0
4465    1217270.7188982172  658735.14624239795    0
4466    1217269.9019185109  658735.8740929428    0
4467    1217268.1535095843  658734.66544549295    0
4468    1217268.9368180078  658734.87470211589    0
4469    1217272.6352923447  658736.61441522627    226
4470    1217271.6352923447  658736.61441522627    225
4471    1217274.7130122879  658731.51724501443    223
4472    1217270.4702901915  658736.29091156612    0
4473    1217267.9717175041  658733.87531128898    0
4474    1217272.5208613167  658736.14928683999    0
4475    1217272.1517071847  658736.486746624    0
4476    1217271.6075924155  658736.0337745354    0
4477    1217270.9611877976  658736.78254603327    0
4478    1217269.4956351896  658737.02402236836    0
4479    1217271.4438185408  658737.2821637165    0
4480    1217270.2453961943  658737.00636665092    0
4481    1217272.0592141638  658738.31467276078    0
4482    1217270.7754164855  658737.44492066349    0
4483    1217271.2834428214  658738.07739923522    0
4484    1217269.8930415278  658737.971768121    0
4485    1217269.270284978  658732.13845486892    224
4486    1217268.7768805665  658731.96534023341    0
4487    1217269.1539922599  658731.6802096446    0
4488    1217268.5681640352  658731.29734531115    0
4489    1217273.6510379463  658731.52816911601    0
4490    1217274.013526784  658731.33077703125    0
4491    1217274.3169214088  658731.58060368604    0
4492    1217273.7593377682  658733.90155819606    0
4493    1217271.8026495199  658734.53844783234    0
4494    1217275.7915725885  658735.22295268532    0
4495    1217276.5913173566  658729.74840419716    0
4496    1217268.3713288275  658735.42078866973    0
4497    1217266.7537389623  658734.57152094587    0
4498    1217271.2782797106  658739.48111818579    0
4499    1217267.5429618736  658731.04552487889    0
4500    1217275.3501275275  658736.0917558017    0
4501    1217276.0082641651  658734.41181306797    0
4502    1217276.9083388965  658730.79627489985    0
4503    1217268.4010999473  658736.5957513008    0
4504    1217267.4086104184  658735.2893309741    0
4505    1217276.4398924843  658733.82324696321    0
4506    1217277.1990509438  658734.83253176208    0
4507    1217277.1805441761  658731.83619069774    0
4508    1217275.3868198076  658737.77760713943    0
4509    1217265.8921066867  658736.01523484301    0
4510    1217276.8502893907  658736.30744649528    0
4511    1217272.0311316836  658726.22726058285    0
4512    1217269.2507865389  658728.56605203589    0
4513    1217275.3599767413  658727.24943085574    0
4514    1217265.6461069467  658732.57293713605    0
4515    1217278.4856488528  658729.74718643737    0
4516    1217268.4799103427  658738.0071261113    0
4517    1217268.1877465656  658729.30434419785    0
4518    1217266.2081940311  658731.32944459212    0
4519    1217279.0069203991  658731.99347591447    0
4520    1217267.9650629621  658727.84924785804    0
4521    1217278.1706706751  658731.02143439464    0
4522    1217273.6009892831  658740.19153046701    0
4523    1217266.8962151979  658737.38767100987    0
4524    1217269.2359114035  658739.96520425612    0
4525    1217266.5571502664  658729.69048746629    0
4526    1217279.5447579823  658730.68503829837    0
4527    1217263.867277906  658731.02008132113    0
4528    1217273.3936289414  658726.90575078235    0
4529    1217264.7683809926  658734.36560167861    0
4530    1217279.4678986657  658736.14772026578    0
4531    1217267.9768967102  658725.30215563683    0
4532    1217280.5687755274  658728.46167494194    0
4533    1217273.8363141604  658724.30949918984    0
4534    1217281.4432947054  658732.23019682046    0
4535    1217277.5371856473  658727.72948719014    0
4536    1217279.0779322369  658734.03383562563    0
4537    1217264.1206904294  658738.36478062579    0
4538    1217266.8862028986  658739.74742863199    0
4539    1217263.7668049242  658736.25542866322    0
4540    1217271.0589947151  658743.10638896935    0
4541    1217278.3440001886  658739.25784385903    0
4542    1217264.369740173  658726.55897044786    0
4543    1217277.1130006253  658724.47610455018    0
4544    1217281.4482139756  658734.68948197109    0
4545    1217261.1370532452  658733.65138251847    0
4546    1217267.7779416032  658742.91101557831    0
4547    1217260.4495600385  658737.89632371999    0
4548    1217270.615246803  658723.08600595908    0
4549    1217282.8736599342  658738.69903672067    0
4550    1217285.5196139545  658733.45169051702    0
4551    1217269.0948278659  658748.44383848016    0
4552    1217263.8805670005  658742.30211802153    0
4553    1217275.7506428144  658718.96489910979    0
4554    1217277.1585188294  658745.85982929007    0
4555    1217258.4714567706  658728.15348908445    0
4556    1217265.6249713686  658719.82359619276    0
4557    1217284.469973352  658729.54209805944    0
4558    1217265.2302641764  658746.44052684191    0
4559    1217273.2222331611  658721.07441055845    0
4560    1217269.6410349591  658719.12834929116    0
4561    1217272.663414235  658717.83462243807    0
4562    1217269.009137783  658713.47484852246    0
4563    1217276.0793565402  658713.28569914273    0
4564    1217281.1252718654  658743.16468898009    0
4565    1217253.7614687437  658734.63500559318    0
4566    1217284.3091189528  658722.53946702078    0
4567    1217263.8440164984  658753.84391689533    0
4568    1217257.7000509084  658746.60712530906    0
4569    1217291.4711190262  658729.75814168435    0
4570    1217345.8397014358  658783.45232146967    170
4571    1217342.6104188154  658778.84529324842    168
4572    1217343.0117050942  658783.40295860986    169
4573    1217347.4217951884  658786.53018404928    0
4574    1217343.7063634647  658784.12229841028    169
4575    1217345.1203616355  658784.14697984012    170
4576    1217342.8620905455  658785.63268508692    0
4577    1217344.4133625501  658784.1346391252    0
4578    1217344.7606917354  658784.49430902535    170
4579    1217345.5158850737  658784.91644548485    0
4580    1217344.9471636435  658785.04729547387    0
4581    1217345.448280226  658785.92396996112    0
4582    1217344.333416987  658785.84916268697    0
4583    1217344.05369265  658784.48196831043    169
4584    1217343.6315561903  658785.23716164858    0
4585    1217343.5007062017  658784.66844021855    0
4586    1217343.0589795094  658785.06948511128    0
4587    1217342.9562258043  658784.15161613305    0
4588    1217344.0783740797  658783.06797013967    0
4589    1217342.0275819558  658785.02493422618    0
4590    1217344.7792028077  658783.43381039717    0
4591    1217344.0680901506  658783.65713604412    0
4592    1217343.3590342794  658783.76262851001    169
4593    1217343.545039587  658783.23546437477    0
4594    1217344.3678150675  658783.36769505648    0
4595    1217344.6726819486  658782.78367111646    0
4596    1217344.5184128203  658783.74357584375    0
4597    1217344.91063337  658783.80912275263    0
4598    1217345.4800315355  658783.7996506549    170
4599    1217345.1902776314  658783.50052518246    0
4600    1217345.0515692492  658783.05538902886    0
4601    1217345.6665034436  658784.35263710318    0
4602    1217345.3122322608  658782.2918949764    0
4603    1217345.491682908  658783.16242515994    0
4604    1217345.3624886707  658782.73529616988    0
4605    1217347.1901606289  658782.14819818607    170
4606    1217346.5149310324  658782.80025982787    170
4607    1217345.9569971985  658782.44336410309    0
4608    1217346.177316234  658783.12629064883    170
4609    1217345.7833712795  658782.84109454916    0
4610    1217346.8862008154  658783.52254153253    0
4611    1217346.3523536103  658783.64536774752    0
4612    1217341.7761624581  658782.12351675611    169
4613    1217346.5251551683  658784.88404391648    0
4614    1217345.9527650226  658783.92929137626    0
4615    1217346.4869744375  658784.25797889265    0
4616    1217343.5342489714  658782.26823701093    0
4617    1217343.6856169021  658782.75022218795    0
4618    1217342.3939337763  658782.76323768299    169
4619    1217344.1940996433  658782.32577145635    0
4620    1217343.1318919298  658782.85278913728    0
4621    1217342.7028194354  658783.08309814648    169
4622    1217342.3524798297  658783.73049110919    0
4623    1217342.2199793393  658783.24029746861    0
4624    1217341.4742131028  658783.70488424785    0
4625    1217341.7261334981  658782.7899770384    0
4626    1217346.6104188154  658778.84529324842    167
4627    1217346.8525458307  658782.47422900703    170
4628    1217346.4084463392  658782.35217111057    0
4629    1217347.5614304119  658782.87047989038    0
4630    1217346.0316585831  658781.64993223629    0
4631    1217346.7389117568  658782.01873688935    0
4632    1217347.027583207  658782.99330610561    0
4633    1217347.8653902253  658781.49613654427    170
4634    1217347.1513376052  658781.43235458934    0
4635    1217347.3965417701  658783.37537388236    0
4636    1217347.3766531302  658784.26485683559    0
4637    1217348.3153540262  658783.39606852608    0
4638    1217344.2764647084  658782.71873549139    0
4639    1217343.9594813739  658781.20394717075    0
4640    1217344.7505719021  658782.2232135823    0
4641    1217344.3672160311  658781.70411973575    0
4642    1217345.1178138768  658781.55089885136    0
4643    1217345.0677843536  658781.9600285776    0
4644    1217344.7603356307  658781.714809153    0
4645    1217345.5518504025  658781.81159778533    0
4646    1217344.57995583  658781.11442033527    0
4647    1217345.6168614654  658781.21169891569    0
4648    1217340.6471419511  658782.37387283135    0
4649    1217343.8980579353  658781.90839990368    0
4650    1217343.1200754191  658781.48566095578    0
4651    1217343.4452674969  658781.81444248068    0
4652    1217342.8155470793  658782.17354121304    0
4653    1217343.5526156879  658781.38305458368    0
4654    1217343.166375855  658780.71784535865    0
4655    1217343.5901095187  658780.91654891893    0
4656    1217343.7073994782  658780.11527306167    0
4657    1217344.1421363784  658780.58813173696    0
4658    1217345.1130349198  658781.00715619838    0
4659    1217344.7407746997  658780.53537984157    0
4660    1217345.7037776753  658780.27482787031    0
4661    1217345.5189282813  658780.73014611821    0
4662    1217345.2038649258  658780.33705562854    0
4663    1217346.3655976094  658780.80869405658    0
4664    1217345.9304085986  658780.8971982575    0
4665    1217346.0746440252  658780.49222808192    0
4666    1217346.2268206789  658781.24050451152    0
4667    1217347.5755193187  658779.84468407545    167
4668    1217346.7251795176  658781.16246345814    0
4669    1217346.4968250988  658781.6204355025    0
4670    1217346.2493390534  658779.76917976001    0
4671    1217346.6557072448  658780.2499901104    0
4672    1217344.6437914183  658779.66909865208    0
4673    1217347.3441835511  658780.65645347792    0
4674    1217346.8307334129  658780.69554563134    0
4675    1217344.8230210242  658780.08760266344    0
4676    1217344.4134385502  658780.24381378794    0
4677    1217345.3873097226  658779.59830825985    0
4678    1217343.7327816314  658780.52821079805    0
4679    1217343.3561958778  658780.34410954034    0
4680    1217341.5755193187  658779.84468407545    168
4681    1217343.1527250486  658779.64791485935    0
4682    1217342.6421843132  658780.21653643216    0
4683    1217347.0929690669  658779.34498866193    167
4684    1217344.1301132834  658779.79673185572    0
4685    1217343.6584375356  658779.61055148544    0
4686    1217343.6453183121  658777.8459024214    168
4687    1217344.1921638295  658778.9489609109    0
4688    1217343.1278685639  658778.34559783491    168
4689    1217344.3000118856  658779.38301088114    0
4690    1217343.8930181537  658779.25371284876    0
4691    1217345.6453183121  658777.8459024214    167
4692    1217343.3713800216  658779.16631968913    0
4693    1217344.9085169865  658779.00139264925    0
4694    1217343.7057943426  658778.77073599224    0
4695    1217342.8924009809  658779.23928720539    0
4696    1217342.0929690669  658779.34498866193    168
4697    1217342.8691436895  658778.59544554166    168
4698    1217343.2686874559  658778.75030264514    0
4699    1217342.3259030643  658778.29178598511    0
4700    1217342.7350070244  658778.19766038004    0
4701    1217342.3745339219  658777.5670335294    0
4702    1217343.106779159  658777.80599396024    0
4703    1217342.6310431561  658779.69302625151    0
4704    1217344.1627553324  658778.27646065108    0
4705    1217343.442157974  658776.93384631083    0
4706    1217342.1315395292  658779.96553015104    0
4707    1217341.9710645294  658780.9369275393    0
4708    1217342.1979039866  658780.4754475113    0
4709    1217342.6472810777  658780.73592081084    0
4710    1217341.0580695705  658780.34437948896    168
4711    1217341.6201631746  658780.47795155377    0
4712    1217341.1583911399  658781.48379582923    169
4713    1217341.2219854794  658780.90407192369    0
4714    1217341.5826435219  658781.23698528379    0
4715    1217342.1549817377  658781.57643801812    0
4716    1217341.467276799  658781.80365629261    169
4717    1217341.2319046608  658782.34002646303    0
4718    1217341.0195041015  658781.92699142196    0
4719    1217340.4848463889  658781.51608255762    0
4720    1217340.9818574938  658783.08835616289    0
4721    1217347.0410034701  658779.87801564299    0
4722    1217347.3302289883  658780.2136293354    0
4723    1217348.0580695705  658780.34437948896    167
4724    1217346.6795227069  658779.57372775092    0
4725    1217346.2706816767  658779.24501792307    0
4726    1217345.8565949881  658779.49067272688    0
4727    1217345.5009014145  658779.01671475486    0
4728    1217345.2207767428  658778.38784914149    0
4729    1217346.1278685639  658778.34559783491    167
4730    1217347.6794503173  658778.29578591452    0
4731    1217344.5781527369  658778.59518843307    0
4732    1217344.7302149413  658777.96694873238    0
4733    1217343.6997082517  658778.3067398821    0
4734    1217342.404871929  658781.15837027528    0
4735    1217342.6425220005  658781.58413690631    0
4736    1217342.3924771836  658781.9776385806    0
4737    1217339.399537734  658781.08768881892    0
4738    1217348.1809499217  658781.1914040877    170
4739    1217347.7048764289  658781.01416759822    0
4740    1217348.5279660495  658781.86650185147    0
4741    1217348.6885962042  658781.35719806689    0
4742    1217349.4646077522  658780.85551037278    0
4743    1217349.4519539797  658781.8779373219    0
4744    1217345.683262842  658778.55866008531    0
4745    1217346.0791621804  658778.81437983771    0
4746    1217346.8961418942  658778.08652929135    0
4747    1217348.6445508208  658779.2951767412    0
4748    1217347.8612423972  658779.08592011826    0
4749    1217344.1627680603  658777.34620700788    168
4750    1217345.1627680603  658777.34620700788    167
4751    1217342.0850481172  658782.44337721961    169
4752    1217346.3277702136  658777.66971066804    0
4753    1217348.826342901  658780.08531094517    0
4754    1217344.2771990856  658777.81133539521    0
4755    1217344.6463532317  658777.47387561027    0
4756    1217345.1904679846  658777.926847692    0
4757    1217345.8368726075  658777.17807620089    0
4758    1217347.3024252155  658776.93659986579    0
4759    1217345.3542418643  658776.67845851765    0
4760    1217346.5526642108  658776.95425558323    0
4761    1217344.7388462413  658775.64594947337    0
4762    1217346.0226439196  658776.51570157066    0
4763    1217345.5146175837  658775.88322299893    0
4764    1217346.9050188772  658775.98885411315    0
4765    1217347.5277754271  658781.82216736511    170
4766    1217348.0211798386  658781.99528200086    0
4767    1217347.6440681452  658782.28041258932    0
4768    1217348.2298963692  658782.66327692277    0
4769    1217343.147022459  658782.43245311815    0
4770    1217342.784533621  658782.62984520267    0
4771    1217342.4811389961  658782.38001854788    0
4772    1217343.0387226369  658780.0590640381    0
4773    1217344.9954108852  658779.42217440333    0
4774    1217341.0064878166  658778.73766954883    0
4775    1217340.2067430478  658784.21221803513    0
4776    1217348.4267315776  658778.53983356443    0
4777    1217350.0443214427  658779.38910128828    0
4778    1217345.5197806945  658774.47950404836    0
4779    1217349.2550985303  658782.91509735445    0
4780    1217341.4479328776  658777.86886643246    0
4781    1217340.7897962399  658779.54880916618    0
4782    1217339.8897215119  658783.16434733383    0
4783    1217348.3969604578  658777.36487093335    0
4784    1217349.3894499866  658778.67129126005    0
4785    1217340.3581679207  658780.13737527095    0
4786    1217339.5990094612  658779.12809047208    0
4787    1217339.6175162287  658782.12443153712    0
4788    1217341.4112405975  658776.18301509472    0
4789    1217350.9059537183  658777.94538739114    0
4790    1217339.9477710144  658777.65317573887    0
4791    1217344.7669287215  658787.73336165131    0
4792    1217347.5472738664  658785.39457019826    0
4793    1217341.4380836638  658786.71119137842    0
4794    1217351.1519534583  658781.3876850981    0
4795    1217338.3124115558  658784.2134357891    0
4796    1217348.3181500623  658775.95349612285    0
4797    1217348.6103138386  658784.65627803584    0
4798    1217350.5898663744  658782.63117764331    0
4799    1217337.7911400045  658781.96714631969    0
4800    1217348.8329974443  658786.11137437657    0
4801    1217338.6273897286  658782.93918784452    0
4802    1217343.197071122  658773.76909176714    0
4803    1217349.9018452072  658776.57295122428    0
4804    1217347.5621490015  658773.99541797803    0
4805    1217350.2409101352  658784.27013476612    0
4806    1217337.2533024203  658783.2755839352    0
4807    1217352.9307825014  658782.94054091291    0
4808    1217343.4044314637  658787.05487145181    0
4809    1217352.0296794125  658779.59502055554    0
4810    1217337.3301617394  658777.81290196837    0
4811    1217348.8211636948  658788.65846659977    0
4812    1217336.2292848898  658785.49894729815    0
4813    1217342.9617462447  658789.65112304431    0
4814    1217335.3547656988  658781.73042541149    0
4815    1217339.2608747531  658786.23113504518    0
4816    1217337.7201281681  658779.92678660853    0
4817    1217352.6773699757  658775.59584160836    0
4818    1217349.9118575065  658774.21319360216    0
4819    1217353.0312554808  658777.70519357093    0
4820    1217345.73906569  658770.85423326481    0
4821    1217338.4540602164  658774.70277837513    0
4822    1217352.4283202498  658787.40165178978    0
4823    1217339.6850597807  658789.48451768351    0
4824    1217335.3498464315  658779.27114026272    0
4825    1217355.6610071599  658780.30923971569    0
4826    1217349.0201188019  658771.04960665584    0
4827    1217356.3485003666  658776.06429851416    0
4828    1217346.1828136009  658790.87461627403    0
4829    1217333.9244004725  658775.26158551674    0
4830    1217331.2784464543  658780.50893171085    0
4831    1217352.9174934046  658771.65850421262    0
4832    1217347.7032325391  658765.51678375399    0
4833    1217341.0474175904  658794.9957231225    0
4834    1217339.6395415757  658768.10079294408    0
4835    1217358.3266036187  658785.80713312852    0
4836    1217351.1730890302  658794.13702604407    0
4837    1217332.3280870442  658784.4185241902    0
4838    1217351.5677962287  658767.52009539225    0
4839    1217343.575827244  658792.88621167513    0
4840    1217347.1570254432  658794.83227293729    0
4841    1217344.1346461696  658796.12599979574    0
4842    1217347.7889226293  658800.48577370483    0
4843    1217340.718703862  658800.67492308991    0
4844    1217335.6727885369  658770.7959332536    0
4845    1217363.0365916614  658779.32561664097    0
4846    1217332.4889414697  658791.42115525878    0
4847    1217364.6520984853  658727.2035475407    58
4848    1217359.0980094967  658767.35349692509    0
4849    1217325.3269413402  658784.20248053363    0
4850    1217352.9540439066  658760.11670533882    0
4851    1217368.2118156068  658828.19897940534    166
4852    1217364.9825329864  658823.59195118409    164
4853    1217365.3838192653  658828.14961654553    165
4854    1217369.7939093595  658831.27684198495    0
4855    1217366.0784776357  658828.86895634595    165
4856    1217367.4924758065  658828.89363777579    166
4857    1217365.2342047165  658830.37934302259    0
4858    1217366.7854767211  658828.88129706087    0
4859    1217367.1328059062  658829.24096696102    166
4860    1217367.5283293445  658830.01043260575    0
4861    1217367.6789477144  658829.44662422419    0
4862    1217368.2411333297  658828.94911706587    0
4863    1217368.5375994388  658829.97803103738    0
4864    1217366.4258068209  658829.2286262461    165
4865    1217365.656341176  658829.6241496841    0
4866    1217366.2201495578  658829.77476805449    0
4867    1217366.7675409417  658830.48488641041    0
4868    1217365.8039329313  658830.2022293933    0
4869    1217366.4504882507  658827.81462807534    0
4870    1217365.8124614228  658831.23455345037    0
4871    1217367.1513169787  658828.18046833284    0
4872    1217366.4402043216  658828.40379397979    0
4873    1217365.7311484506  658828.5092864458    165
4874    1217365.5254911873  658829.05542825395    0
4875    1217366.7399292386  658828.11435299215    0
4876    1217367.0447961197  658827.53032905213    0
4877    1217366.8905269913  658828.49023377942    0
4878    1217367.2827475411  658828.5557806883    0
4879    1217367.8521457068  658828.54630859056    166
4880    1217367.5623918024  658828.24718311802    0
4881    1217367.4236834203  658827.80204696453    0
4882    1217367.6843464319  658827.03855291207    0
4883    1217367.8637970791  658827.9090830955    0
4884    1217367.7346028418  658827.48195410543    0
4885    1217369.5622747999  658826.89485612174    166
4886    1217368.8870452032  658827.54691776354    166
4887    1217368.3291113696  658827.19002203865    0
4888    1217368.549430405  658827.87294858438    166
4889    1217368.1554854505  658827.58775248472    0
4890    1217369.2583149862  658828.26919946773    0
4891    1217368.7244677814  658828.39202568296    0
4892    1217365.917153758  658827.98212231055    0
4893    1217365.2399344018  658828.63610544091    0
4894    1217364.6488166999  658829.55654483568    0
4895    1217369.1948556944  658829.2149421405    0
4896    1217364.1482766292  658826.87017469178    165
4897    1217364.9806111557  658829.1195960975    0
4898    1217365.9063631422  658827.01489494659    0
4899    1217364.7660479471  658827.50989561866    165
4900    1217366.0577310731  658827.49688012374    0
4901    1217364.6840929945  658828.20718647353    0
4902    1217365.5040061011  658827.59944707307    0
4903    1217366.5662138143  658827.0724293919    0
4904    1217364.1977905927  658828.8696133584    0
4905    1217365.0749336062  658827.82975608204    165
4906    1217368.9825329864  658823.59195118409    163
4907    1217369.2246600017  658827.22088694258    166
4908    1217368.7805605102  658827.09882904624    0
4909    1217369.9335445829  658827.61713782593    0
4910    1217369.3996973778  658827.73996404116    0
4911    1217368.4037727544  658826.39659017185    0
4912    1217369.1110259276  658826.76539482479    0
4913    1217370.2375043966  658826.24279447994    166
4914    1217369.5234517762  658826.1790125249    0
4915    1217369.7686559409  658828.12203181779    0
4916    1217369.6798377077  658828.77248401812    0
4917    1217370.6874681967  658828.14272646199    0
4918    1217363.8690855654  658827.75793424505    0
4919    1217366.6485788794  658827.46539342694    0
4920    1217366.3315955447  658825.95060510596    0
4921    1217367.1226860732  658826.96987151797    0
4922    1217366.7393302021  658826.45077767107    0
4923    1217367.4899280479  658826.29755678715    0
4924    1217367.4398985247  658826.70668651327    0
4925    1217367.1324498018  658826.46146708867    0
4926    1217367.9239645738  658826.55825572112    0
4927    1217366.9520700015  658825.8610782699    0
4928    1217367.9889756364  658825.95835685148    0
4929    1217370.1702882533  658829.79709638632    0
4930    1217366.2701721061  658826.65505783912    0
4931    1217365.4921895894  658826.2323188911    0
4932    1217365.8173816674  658826.56110041612    0
4933    1217365.1876612501  658826.92019914882    0
4934    1217365.9247298585  658826.12971251889    0
4935    1217365.5384900253  658825.46450329351    0
4936    1217365.9622236893  658825.66320685379    0
4937    1217366.0795136488  658824.86193099606    0
4938    1217366.5142505495  658825.33478967159    0
4939    1217367.4851490913  658825.75381413463    0
4940    1217367.1128888724  658825.28203777468    0
4941    1217368.0758918459  658825.02148580702    0
4942    1217367.8910424521  658825.47680405446    0
4943    1217367.5759790982  658825.08371356584    0
4944    1217368.7377117791  658825.55535199237    0
4945    1217368.302522769  658825.6438561934    0
4946    1217368.4467581951  658825.2388860184    0
4947    1217368.598934849  658825.98716244707    0
4948    1217369.9476334897  658824.59134201112    163
4949    1217369.0972936882  658825.90912139358    0
4950    1217368.8689392703  658826.36709343735    0
4951    1217368.6214532231  658824.51583769778    0
4952    1217369.0278214132  658824.99664804724    0
4953    1217367.0159055977  658824.41575658764    0
4954    1217369.7162977224  658825.40311141231    0
4955    1217369.2028475818  658825.44220356725    0
4956    1217367.1951351999  658824.83426059876    0
4957    1217366.785552721  658824.99047171872    0
4958    1217367.759423896  658824.34496620286    0
4959    1217366.1048958022  658825.27486873267    0
4960    1217365.7283100483  658825.09076747508    0
4961    1217363.9476334897  658824.59134201112    164
4962    1217365.5248392185  658824.39457279386    0
4963    1217365.0142984835  658824.96319436654    0
4964    1217369.4650832382  658824.0916465976    163
4965    1217366.5022274535  658824.54338977963    0
4966    1217366.0305517032  658824.35720942274    0
4967    1217366.0174324831  658822.59256035706    164
4968    1217366.5642780063  658823.69561876298    0
4969    1217365.4999827347  658823.09225577058    164
4970    1217366.6721260594  658824.12966876943    0
4971    1217366.2651322915  658824.00037071854    0
4972    1217368.0174324831  658822.59256035706    163
4973    1217365.7434941977  658823.91297769209    0
4974    1217367.28063127  658823.74805051088    0
4975    1217366.0779084223  658823.51739375293    0
4976    1217365.264515148  658823.98594514269    0
4977    1217364.4650832382  658824.0916465976    164
4978    1217365.2412578606  658823.34210347733    164
4979    1217365.6408016533  658823.49696060782    0
4980    1217364.6980172354  658823.03844392078    0
4981    1217365.1071211954  658822.94431831595    0
4982    1217364.7466480932  658822.31369146518    0
4983    1217365.4788933299  658822.55265189568    0
4984    1217365.0031573293  658824.43968418892    0
4985    1217366.5348694979  658823.02311853867    0
4986    1217365.8142721453  658821.68050424603    0
4987    1217364.5036537005  658824.71218808426    0
4988    1217364.3431786981  658825.68358547159    0
4989    1217364.5700181564  658825.22210544453    0
4990    1217365.0193952473  658825.48257874593    0
4991    1217363.4301837413  658825.09103742463    164
4992    1217363.9922773452  658825.22460948559    0
4993    1217363.5305053112  658826.23045376502    165
4994    1217363.594099653  658825.65072985913    0
4995    1217363.9547576942  658825.98364322085    0
4996    1217364.5270959178  658826.32309595309    0
4997    1217363.8393909703  658826.5503142284    165
4998    1217363.5258203221  658827.16219982156    0
4999    1217363.3689640227  658826.69552631269    0
5000    1217362.674337303  658827.18869895604    0
5001    1217362.8612623666  658826.25858628703    0
5002    1217369.4131176402  658824.6246735797    0
5003    1217369.7023431596  658824.96028727049    0
5004    1217370.4301837413  658825.09103742463    163
5005    1217369.0516368765  658824.32038568624    0
5006    1217368.6427958433  658823.99167585815    0
5007    1217368.228709159  658824.23733066581    0
5008    1217367.8730156035  658823.76337279251    0
5009    1217367.5928911644  658823.13450716704    0
5010    1217368.4999827347  658823.09225577058    163
5011    1217370.0515644886  658823.04244384984    0
5012    1217366.9502669678  658823.34184629261    0
5013    1217367.1023293184  658822.71360625746    0
5014    1217366.0718224982  658823.0533977244    0
5015    1217364.7769860958  658825.90502820548    0
5016    1217365.0146361741  658826.3307948251    0
5017    1217364.7645913737  658826.72429649811    0
5018    1217363.1193039087  658827.79319948528    0
5019    1217361.7806843419  658825.83939568826    0
5020    1217370.553064093  658825.93806202337    166
5021    1217370.0769905997  658825.76082553354    0
5022    1217371.3082574313  658826.36019848287    0
5023    1217370.7551624633  658826.46309305623    0
5024    1217371.2011129158  658827.32224704162    0
5025    1217370.2501191478  658826.93149861612    0
5026    1217368.0553771674  658823.30531823006    0
5027    1217368.4512765903  658823.56103773427    0
5028    1217370.2333565687  658823.83257805381    0
5029    1217369.268256065  658822.83318722679    0
5030    1217366.5348822316  658822.09286494355    164
5031    1217367.5348822316  658822.09286494355    163
5032    1217364.457162288  658827.19003515516    165
5033    1217364.3175667562  658827.63391493179    0
5034    1217364.2073334854  658828.10820021946    0
5035    1217363.9857310448  658827.30683691776    0
5036    1217363.5249164931  658828.42874855211    0
5037    1217370.6300853912  658824.41515025799    0
5038    1217368.6998843844  658822.41636860406    0
5039    1217366.6493133341  658822.55799330759    0
5040    1217367.0184670736  658822.22053354885    0
5041    1217367.5625823047  658822.67350583489    0
5042    1217371.1042882884  658824.92290661787    0
5043    1217371.3967645718  658823.46667418862    0
5044    1217368.2089867787  658821.92473413679    0
5045    1217369.6745393851  658821.68325780146    0
5046    1217371.9713163616  658825.53298360133    0
5047    1217371.3529533269  658824.21536228282    0
5048    1217367.7263560356  658821.42511645285    0
5049    1217368.9247783816  658821.70091352018    0
5050    1217367.1109604116  658820.39260740846    0
5051    1217368.3947580911  658821.26235950645    0
5052    1217367.8867317555  658820.62988093309    0
5053    1217369.277133046  658820.73551205546    0
5054    1217369.8998895981  658826.5688253009    166
5055    1217365.5191366298  658827.17911105393    0
5056    1217365.1566477921  658827.3765031388    0
5057    1217364.8532531676  658827.12667648401    0
5058    1217365.4108368075  658824.80572197284    0
5059    1217367.36752506  658824.16883230396    0
5060    1217363.3786019878  658823.48432748416    0
5061    1217363.1310513536  658829.76381161076    0
5062    1217372.6150771442  658823.91359252064    0
5063    1217371.8481607379  658824.78687051719    0
5064    1217367.8918948642  658819.22616198065    0
5065    1217363.8200470489  658822.61552436789    0
5066    1217363.161910411  658824.29546710162    0
5067    1217361.8954522642  658828.22804613027    0
5068    1217372.9568071309  658824.98709483468    0
5069    1217362.7302820913  658824.88403320638    0
5070    1217362.6870428203  658828.51627918705    0
5071    1217361.971123632  658823.8747484067    0
5072    1217367.9338782425  658831.50792212866    0
5073    1217372.3034326525  658828.5833504576    0
5074    1217363.7833547695  658820.92967303027    0
5075    1217361.8780346049  658829.50699244672    0
5076    1217362.3198851864  658822.39983367454    0
5077    1217372.8240120499  658827.016000601    0
5078    1217364.0213618639  658830.62259304663    0
5079    1217371.0457977622  658820.55107264    0
5080    1217374.5642221884  658823.88426048413    0
5081    1217364.7887667788  658831.3036305384    0
5082    1217365.4150418071  658832.96486455097    0
5083    1217363.2769108282  658832.23433481005    0
5084    1217361.4119569154  658827.05419436062    0
5085    1217365.5691852872  658818.515749702    0
5086    1217372.6874047462  658821.83238814829    0
5087    1217371.1128968692  658822.02192022151    0
5088    1217362.2130529238  658831.05757752305    0
5089    1217359.7091934721  658828.44204086042    0
5090    1217360.8530645827  658828.85344186728    0
5091    1217359.5839800714  658825.83598998177    0
5092    1217360.4419141132  658830.62876407721    0
5093    1217359.94629882  658829.57871283649    0
5094    1217358.4546736313  658830.9247360247    0
5095    1217358.3571307305  658829.31714149739    0
5096    1217372.3451438448  658831.13801863533    0
5097    1217359.7022759125  658822.55955990159    0
5098    1217360.7956577053  658833.40826004196    0
5099    1217357.9590803927  658827.22009534715    0
5100    1217375.1600716521  658828.66202668147    0
5101    1217355.7428867032  658830.28252070863    0
5102    1217369.9606754347  658818.71783550654    0
5103    1217374.9262671212  658826.13479780278    0
5104    1217369.2466831107  658834.4735642639    0
5105    1217360.8261743921  658819.44943631452    0
5106    1217363.3334595729  658835.56305660435    0
5107    1217356.695945865  658824.09136663133    0
5108    1217368.0842312325  658815.54501850333    0
5109    1217373.9891284043  658818.47237253829    0
5110    1217378.4733089218  658824.40979379765    0
5111    1217371.9847967748  658818.75749495125    0
5112    1217371.0274411766  658815.94565177441    0
5113    1217372.7471389631  658816.92904004303    0
5114    1217373.5162942344  658813.58862893144    0
5115    1217375.6748277  658815.8444053178    0
5116    1217356.0349364569  658835.09576269495    0
5117    1217375.6183956326  658821.03573872079    0
5118    1217377.6179224961  658827.16021104553    0
5119    1217366.458787909  658835.93402020098    0
5120    1217356.2835715909  658819.56601813762    0
5121    1217370.0135828564  658812.38254778553    0
5122    1217409.2939690156  658790.10730387003    57
5123    1217359.5484931581  658837.44894301926    0
5124    1217382.6017420064  658827.20196873532    0
5125    1217370.2720126964  658839.8220015798    0
5126    1217378.3323038644  658811.14085925161    0
5127    1217364.2816144335  658840.92571311374    0
5128    1217378.876787506  658831.98260251712    0
5129    1217354.27584855  658826.88775308093    0
5130    1217362.0107535846  658812.9531564879    0
5131    1217373.5721910852  658807.73694977746    0
5132    1217351.754422138  658822.26020191167    0
5133    1217349.3858608389  658831.01531766623    0
5134    1217365.9706688109  658812.08581984788    0
5135    1217382.0253694097  658818.50941190927    0
5136    1217353.8936201578  658842.09263634181    0
5137    1217374.4931929463  658836.2402745994    0
5138    1217358.4561534503  658815.66112702456    0
5139    1217362.5539490927  658805.95980202849    0
5140    1217368.3455329933  658807.41901615448    0
5141    1217350.9013250277  658814.01464323653    0
5142    1217356.1768328757  658808.98224472266    0
5143    1217238.2525713462  658858.78653530171    196
5144    1217241.4818539666  658863.39356352296    198
5145    1217241.0805676877  658858.83589816152    195
5146    1217236.6704775936  658855.7086727221    0
5147    1217240.3859093173  658858.1165583611    195
5148    1217238.9719111465  658858.09187693126    196
5149    1217241.2301822365  658856.60617168446    0
5150    1217239.6789102319  658858.10421764618    0
5151    1217239.3315810468  658857.74454774603    196
5152    1217238.9360576086  658856.9750821013    0
5153    1217238.7854392387  658857.53889048286    0
5154    1217238.2232536233  658858.03639764118    0
5155    1217237.9267875142  658857.00748366967    0
5156    1217240.0385801322  658857.75688846095    195
5157    1217240.808045777  658857.36136502295    0
5158    1217240.2442373952  658857.21074665256    0
5159    1217239.6968460113  658856.50062829664    0
5160    1217240.6604540218  658856.78328531375    0
5161    1217240.0138987023  658859.17088663171    0
5162    1217240.6519255303  658855.75096125668    0
5163    1217239.3130699743  658858.80504637421    0
5164    1217240.0241826314  658858.58172072726    0
5165    1217240.7332385024  658858.47622826125    195
5166    1217240.9388957657  658857.9300864531    0
5167    1217239.7244577145  658858.87116171489    0
5168    1217239.4195908334  658859.45518565492    0
5169    1217239.5738599617  658858.49528092763    0
5170    1217239.181639412  658858.42973401875    0
5171    1217238.6122412463  658858.43920611648    196
5172    1217238.9019951506  658858.73833158903    0
5173    1217239.0407035328  658859.18346774252    0
5174    1217238.7800405212  658859.94696179498    0
5175    1217238.600589874  658859.07643161155    0
5176    1217238.7297841113  658859.50356060162    0
5177    1217236.9021121531  658860.09065858531    196
5178    1217237.5773417498  658859.43859694351    196
5179    1217238.1352755835  658859.7954926684    0
5180    1217237.914956548  658859.11256612255    196
5181    1217238.3089015025  658859.39776222233    0
5182    1217237.2060719668  658858.7163152392    0
5183    1217237.7399191717  658858.59348902397    0
5184    1217240.547233195  658859.00339239649    0
5185    1217241.2244525512  658858.34940926614    0
5186    1217241.8155702532  658857.42896987137    0
5187    1217237.2695312586  658857.77057256643    0
5188    1217242.3161103239  658860.11534001515    195
5189    1217241.4837757973  658857.86591860955    0
5190    1217240.5580238109  658859.97061976045    0
5191    1217241.6983390059  658859.47561908839    195
5192    1217240.4066558799  658859.48863458331    0
5193    1217241.7802939585  658858.77832823351    0
5194    1217240.960380852  658859.38606763398    0
5195    1217239.8981731387  658859.91308531514    0
5196    1217242.2665963604  658858.11590134865    0
5197    1217241.3894533468  658859.1557586249    195
5198    1217237.4818539666  658863.39356352296    197
5199    1217237.2397269513  658859.76462776447    196
5200    1217237.6838264428  658859.88668566081    0
5201    1217236.5308423701  658859.36837688112    0
5202    1217237.0646895752  658859.24555066577    0
5203    1217238.0606141987  658860.5889245352    0
5204    1217237.3533610255  658860.22011988226    0
5205    1217236.2268825565  658860.74272022711    196
5206    1217236.9409351768  658860.80650218215    0
5207    1217236.6957310119  658858.86348288914    0
5208    1217236.7845492451  658858.21303068881    0
5209    1217235.7769187558  658858.84278824541    0
5210    1217242.5953013876  658859.227580462    0
5211    1217239.8158080736  658859.5201212801    0
5212    1217240.1327914083  658861.03490960109    0
5213    1217239.3417008799  658860.01564318908    0
5214    1217239.7250567509  658860.53473703598    0
5215    1217238.9744589052  658860.6879579199    0
5216    1217239.0244884284  658860.27882819378    0
5217    1217239.3319371513  658860.52404761838    0
5218    1217238.5404223793  658860.42725898593    0
5219    1217239.5123169515  658861.12443643715    0
5220    1217238.4754113166  658861.02715785557    0
5221    1217236.2940986997  658857.18841832015    0
5222    1217240.1942148469  658860.33045686793    0
5223    1217240.9721973636  658860.75319581595    0
5224    1217240.6470052856  658860.42441429093    0
5225    1217241.2767257029  658860.06531555823    0
5226    1217240.5396570945  658860.85580218816    0
5227    1217240.9258969277  658861.52101141354    0
5228    1217240.5021632637  658861.32230785326    0
5229    1217240.3848733043  658862.12358371099    0
5230    1217239.9501364036  658861.65072503546    0
5231    1217238.9792378617  658861.23170057242    0
5232    1217239.3514980807  658861.70347693237    0
5233    1217238.3884951072  658861.96402890002    0
5234    1217238.573344501  658861.50871065259    0
5235    1217238.8884078548  658861.90180114121    0
5236    1217237.726675174  658861.43016271468    0
5237    1217238.1618641841  658861.34165851364    0
5238    1217238.017628758  658861.74662868865    0
5239    1217237.865452104  658860.99835225998    0
5240    1217236.5167534633  658862.39417269593    197
5241    1217237.3670932648  658861.07639331347    0
5242    1217237.5954476828  658860.6184212697    0
5243    1217237.84293373  658862.46967700927    0
5244    1217237.4365655398  658861.98886665981    0
5245    1217239.4484813553  658862.56975811941    0
5246    1217236.7480892306  658861.58240329474    0
5247    1217237.2615393712  658861.5433111398    0
5248    1217239.2692517531  658862.15125410829    0
5249    1217239.678834232  658861.99504298833    0
5250    1217238.7049630571  658862.64054850419    0
5251    1217240.3594911508  658861.71064597438    0
5252    1217240.7360769047  658861.89474723197    0
5253    1217242.5167534633  658862.39417269593    198
5254    1217240.9395477346  658862.59094191319    0
5255    1217241.4500884695  658862.0223203405    0
5256    1217236.9993037148  658862.89386810944    197
5257    1217239.9621594995  658862.44212492742    0
5258    1217240.4338352499  658862.62830528431    0
5259    1217240.4469544699  658864.39295434998    198
5260    1217239.9001089467  658863.28989594406    0
5261    1217240.9644042184  658863.89325893647    198
5262    1217239.7922608936  658862.85584593762    0
5263    1217240.1992546616  658862.98514398851    0
5264    1217238.4469544699  658864.39295434998    197
5265    1217240.7208927553  658863.07253701496    0
5266    1217239.183755683  658863.23746419617    0
5267    1217240.3864785307  658863.46812095412    0
5268    1217241.199871805  658862.99956956436    0
5269    1217241.9993037148  658862.89386810944    198
5270    1217241.2231290925  658863.64341122971    198
5271    1217240.8235852998  658863.48855409923    0
5272    1217241.7663697177  658863.94707078626    0
5273    1217241.3572657576  658864.0411963911    0
5274    1217241.7177388598  658864.67182324186    0
5275    1217240.9854936232  658864.43286281137    0
5276    1217241.4612296238  658862.54583051812    0
5277    1217239.9295174552  658863.96239616838    0
5278    1217240.6501148078  658865.30501046102    0
5279    1217241.9607332526  658862.27332662279    0
5280    1217242.1212082549  658861.30192923546    0
5281    1217241.8943687966  658861.76340926252    0
5282    1217241.4449917057  658861.50293596112    0
5283    1217243.0342032118  658861.89447728242    198
5284    1217242.4721096079  658861.76090522145    0
5285    1217242.9338816418  658860.75506094203    195
5286    1217242.8702873001  658861.33478484792    0
5287    1217242.5096292589  658861.00187148619    0
5288    1217241.9372910352  658860.66241875384    0
5289    1217242.6249959827  658860.43520047853    195
5290    1217242.9385666307  658859.82331488538    0
5291    1217243.0954229305  658860.28998839424    0
5292    1217243.79004965  658859.79681575007    0
5293    1217243.6031245862  658860.72692842013    0
5294    1217237.0512693129  658862.36084112735    0
5295    1217236.7620437935  658862.02522743656    0
5296    1217236.0342032118  658861.89447728242    197
5297    1217237.4127500765  658862.66512902081    0
5298    1217237.8215911097  658862.9938388489    0
5299    1217238.2356777941  658862.74818404124    0
5300    1217238.5913713495  658863.22214191454    0
5301    1217238.8714957887  658863.85100754001    0
5302    1217237.9644042184  658863.89325893647    197
5303    1217236.4128224645  658863.9430708572    0
5304    1217239.5141199853  658863.64366841444    0
5305    1217239.3620576346  658864.27190844959    0
5306    1217240.3925644548  658863.93211698264    0
5307    1217241.6874008572  658861.08048650157    0
5308    1217241.449750779  658860.65471988195    0
5309    1217241.6997955793  658860.26121820894    0
5310    1217243.3450830437  658859.19231522223    0
5311    1217244.6837026109  658861.14611901843    0
5312    1217235.91132286  658861.04745268368    196
5313    1217236.3873963533  658861.22468917351    0
5314    1217235.1561295218  658860.62531622418    0
5315    1217235.7092244898  658860.52242165082    0
5316    1217235.2632740375  658859.66326766578    0
5317    1217236.2142678052  658860.05401609093    0
5318    1217238.4090097856  658863.68019647698    0
5319    1217238.0131103627  658863.42447697278    0
5320    1217237.1961308881  658864.15232748026    0
5321    1217234.9651717097  658862.44398461666    0
5322    1217236.2310303843  658863.15293665323    0
5323    1217239.9295047214  658864.8926497635    198
5324    1217238.9295047214  658864.8926497635    197
5325    1217242.007224665  658859.79547955177    195
5326    1217242.1468201966  658859.35159977514    0
5327    1217242.4786559078  658859.67867778917    0
5328    1217242.2570534677  658858.87731448747    0
5329    1217242.9394704599  658858.55676615506    0
5330    1217237.7645025686  658864.56914610299    0
5331    1217235.8343015618  658862.57036444906    0
5332    1217239.8150736189  658864.42752139946    0
5333    1217239.4459198795  658864.76498115819    0
5334    1217238.9018046483  658864.31200887216    0
5335    1217238.2554001743  658865.06078057026    0
5336    1217236.7898475679  658865.30225690559    0
5337    1217235.2729643006  658863.37900367542    0
5338    1217238.7380309175  658865.56039825419    0
5339    1217237.5396085714  658865.28460118687    0
5340    1217239.3534265414  658866.59290729859    0
5341    1217238.069628862  658865.7231552006    0
5342    1217238.5776551976  658866.35563377396    0
5343    1217237.1872539071  658866.25000265159    0
5344    1217236.5644973549  658860.41668940615    196
5345    1217240.9452503233  658859.80640365311    0
5346    1217241.307739161  658859.60901156825    0
5347    1217241.6111337855  658859.85883822304    0
5348    1217241.0535501456  658862.17979273421    0
5349    1217239.0968618931  658862.81668240309    0
5350    1217243.0857849652  658863.50118722289    0
5351    1217243.3333355996  658857.22170309629    0
5352    1217238.5724920889  658867.7593527264    0
5353    1217242.6443399042  658864.36999033915    0
5354    1217243.3024765421  658862.69004760543    0
5355    1217244.568934686  658858.75746857538    0
5356    1217243.7341048617  658862.10148150066    0
5357    1217243.7773441309  658858.46923552221    0
5358    1217244.493263321  658863.11076630035    0
5359    1217238.5305087105  658855.47759257839    0
5360    1217233.6160473116  658859.96680471243    0
5361    1217234.4566839305  658861.47123470518    0
5362    1217242.6810321836  658866.05584167677    0
5363    1217244.5863523388  658857.47852226673    0
5364    1217244.1445017667  658864.58568103251    0
5365    1217234.1817019957  658858.41515293031    0
5366    1217233.5701884939  658863.42135930154    0
5367    1217242.4430250893  658856.3629216603    0
5368    1217233.8864701863  658862.38858027966    0
5369    1217235.4185891908  658866.43444206705    0
5370    1217241.6756201745  658855.68188416853    0
5371    1217232.0175083131  658862.38104225299    0
5372    1217233.0817105607  658861.2524562967    0
5373    1217241.0493451457  658854.02065015561    0
5374    1217243.1874761251  658854.75117989688    0
5375    1217245.0524300395  658859.93132034491    0
5376    1217240.8952016658  658868.46976500505    0
5377    1217235.2235745341  658864.91254713654    0
5378    1217231.2191689813  658859.72448999574    0
5379    1217244.2513340348  658855.92793718353    0
5380    1217246.7551934803  658858.54347383743    0
5381    1217245.6113223671  658858.13207283721    0
5382    1217246.8804068845  658861.14952472784    0
5383    1217246.0224727984  658856.35675065836    0
5384    1217246.5180881217  658857.40680187382    0
5385    1217248.0097132535  658856.06077864848    0
5386    1217248.1072562309  658857.66837318637    0
5387    1217234.100165514  658855.842643613    0
5388    1217232.8000296401  658865.99654064386    0
5389    1217232.5340909578  658858.69344690139    0
5390    1217246.7621110405  658864.42595480545    0
5391    1217245.6687292501  658853.57725465589    0
5392    1217248.5053065808  658859.76541935385    0
5393    1217230.1686845443  658857.03077144921    0
5394    1217233.1225871514  658857.16117508349    0
5395    1217250.7215002375  658856.70299384301    0
5396    1217231.7333311597  658855.10949940863    0
5397    1217236.5037115184  658868.26767920051    0
5398    1217237.2177038423  658852.51195044315    0
5399    1217231.8501348682  658864.30969956575    0
5400    1217228.73895859  658863.06811313902    0
5401    1217229.5307931325  658866.72664155997    0
5402    1217245.6382125609  658867.53607839253    0
5403    1217243.1309273781  658851.42245810968    0
5404    1217249.768441095  658862.89414807979    0
5405    1217233.6951010402  658868.69237140124    0
5406    1217238.3801557205  658871.44049620372    0
5407    1217250.4294502547  658851.8897518249    0
5408    1217227.7683787162  658853.47826410597    0
5409    1217233.8449798604  658852.47943013313    0
5410    1217227.5581276629  658859.60051577713    0
5411    1217240.0055990433  658851.05149450654    0
5412    1217250.1808153535  658867.41949656629    0
5413    1217235.4824151115  658871.01297179144    0
5414    1217246.9158936029  658849.53657188569    0
5415    1217236.1923742571  658847.16351312865    0
5416    1217236.2230818809  658876.02690466342    0
5417    1217242.1827725288  658846.05980159936    0
5418    1217230.7446327992  658872.81339642766    0
5419    1217252.1885386016  658860.09776156768    0
5420    1217244.4536333685  658874.03235821915    0
5421    1217230.6597156099  658852.08476493892    0
5422    1217226.9056853298  658847.99195175106    0
5423    1217232.6849150728  658848.79093262798    0
5424    1217222.404392292  658863.29038670275    0
5425    1217254.7099647615  658864.72531281633    0
5426    1217257.0785263679  658855.97019658447    0
5427    1217231.7427886876  658842.16704006342    0
5428    1217225.6583651507  658865.64981684193    0
5429    1217252.5707659405  658844.89287845243    0
5430    1217248.0082335013  658871.32438768225    0
5431    1217226.3907896415  658870.51724214607    0
5432    1217255.5630619251  658872.97087145678    0
5433    1217220.8463213083  658868.86272616195    0
5434    1217250.4601158877  658878.22978213464    0
5435    1217163.4007186089  658902.78794710175    146
5436    1217160.1714359885  658898.18091888051    144
5437    1217160.5727222674  658902.73858424195    145
5438    1217164.9828123616  658905.86580968136    0
5439    1217161.2673806378  658903.45792404236    145
5440    1217162.6813788086  658903.48260547221    146
5441    1217160.4231077186  658904.96831071901    0
5442    1217161.9743797232  658903.47026475728    0
5443    1217162.3217089083  658903.82993465743    146
5444    1217162.7172323465  658904.59940030216    0
5445    1217162.8678507165  658904.0355919206    0
5446    1217163.4300363318  658903.53808476229    0
5447    1217163.7265024409  658904.56699873379    0
5448    1217161.6147098229  658903.81759394251    145
5449    1217160.8452441781  658904.21311738051    0
5450    1217161.4090525599  658904.3637357509    0
5451    1217161.9564439438  658905.07385410683    0
5452    1217160.9928359333  658904.79119708971    0
5453    1217161.6393912528  658902.40359577176    0
5454    1217161.0013644248  658905.82352114678    0
5455    1217162.3402199808  658902.76943602925    0
5456    1217161.6291073237  658902.9927616762    0
5457    1217160.9200514527  658903.09825414221    145
5458    1217160.7143941894  658903.64439595037    0
5459    1217161.9288322406  658902.70332068857    0
5460    1217162.2336991217  658902.11929674854    0
5461    1217162.0794299934  658903.07920147583    0
5462    1217162.4716505432  658903.14474838472    0
5463    1217163.0410487088  658903.13527628698    146
5464    1217162.7512948045  658902.83615081443    0
5465    1217162.6125864224  658902.39101466094    0
5466    1217162.8732494339  658901.62752060848    0
5467    1217163.0527000811  658902.49805079191    0
5468    1217162.9235058438  658902.07092180185    0
5469    1217164.751177802  658901.48382381815    146
5470    1217164.0759482053  658902.13588545995    146
5471    1217163.5180143716  658901.77898973506    0
5472    1217163.7383334071  658902.46191628091    146
5473    1217163.3443884526  658902.17672018113    0
5474    1217164.4472179883  658902.85816716426    0
5475    1217163.9133707834  658902.98099337949    0
5476    1217161.1060567601  658902.57109000697    0
5477    1217160.4288374039  658903.22507313732    0
5478    1217159.8377197019  658904.14551253209    0
5479    1217164.3837586965  658903.80390983704    0
5480    1217159.3371796312  658901.45914238831    145
5481    1217160.1695141578  658903.70856379392    0
5482    1217161.0952661443  658901.60386264301    0
5483    1217159.9549509492  658902.09886331507    145
5484    1217161.2466340752  658902.08584782016    0
5485    1217159.8729959966  658902.79615416995    0
5486    1217160.6929091031  658902.18841476948    0
5487    1217161.7551168164  658901.66139708832    0
5488    1217159.3866935947  658903.45858105482    0
5489    1217160.2638366083  658902.41872377857    145
5490    1217164.1714359885  658898.18091888051    143
5491    1217164.4135630038  658901.809854639    146
5492    1217163.9694635123  658901.68779674266    0
5493    1217165.122447585  658902.20610552235    0
5494    1217164.5886003799  658902.32893173769    0
5495    1217163.5926757564  658900.98555786826    0
5496    1217164.2999289297  658901.3543625212    0
5497    1217165.4264073987  658900.83176217636    146
5498    1217164.7123547783  658900.76798022131    0
5499    1217164.9575589432  658902.71099951433    0
5500    1217164.86874071  658903.36145171465    0
5501    1217165.8763711993  658902.73169415805    0
5502    1217159.0579885675  658902.34690194146    0
5503    1217161.8374818815  658902.05436112336    0
5504    1217161.5204985468  658900.53957280237    0
5505    1217162.3115890753  658901.55883921438    0
5506    1217161.9282332042  658901.03974536748    0
5507    1217162.6788310499  658900.88652448356    0
5508    1217162.6288015267  658901.29565420968    0
5509    1217162.3213528038  658901.05043478508    0
5510    1217163.1128675758  658901.14722341753    0
5511    1217162.1409730036  658900.45004596631    0
5512    1217163.1778786385  658900.54732454789    0
5513    1217165.3591912554  658904.38606408332    0
5514    1217161.4590751082  658901.24402553553    0
5515    1217160.6810925915  658900.82128658751    0
5516    1217161.0062846695  658901.15006811253    0
5517    1217160.3765642522  658901.50916684524    0
5518    1217161.1136328606  658900.7186802153    0
5519    1217160.7273930274  658900.05347098992    0
5520    1217161.1511266914  658900.2521745502    0
5521    1217161.2684166508  658899.45089869248    0
5522    1217161.7031535516  658899.923757368    0
5523    1217162.6740520934  658900.34278183104    0
5524    1217162.3017918745  658899.8710054711    0
5525    1217163.2647948479  658899.61045350344    0
5526    1217163.0799454541  658900.06577175087    0
5527    1217162.7648821003  658899.67268126225    0
5528    1217163.9266147811  658900.14431968878    0
5529    1217163.491425771  658900.23282388982    0
5530    1217163.6356611971  658899.82785371481    0
5531    1217163.7878378511  658900.57613014348    0
5532    1217165.1365364918  658899.18030970753    143
5533    1217164.2861966903  658900.49808908999    0
5534    1217164.0578422723  658900.95606113377    0
5535    1217163.8103562251  658899.10480539419    0
5536    1217164.2167244153  658899.58561574365    0
5537    1217162.2048085998  658899.00472428405    0
5538    1217164.9052007245  658899.99207910872    0
5539    1217164.3917505839  658900.03117126366    0
5540    1217162.384038202  658899.42322829517    0
5541    1217161.9744557231  658899.57943941513    0
5542    1217162.948326898  658898.93393389927    0
5543    1217161.2937988043  658899.86383642908    0
5544    1217160.9172130504  658899.67973517149    0
5545    1217159.1365364918  658899.18030970753    144
5546    1217160.7137422205  658898.98354049027    0
5547    1217160.2032014856  658899.55216206296    0
5548    1217164.6539862403  658898.68061429402    143
5549    1217161.6911304556  658899.13235747605    0
5550    1217161.2194547052  658898.94617711916    0
5551    1217161.2063354852  658897.18152805348    144
5552    1217161.7531810084  658898.2845864594    0
5553    1217160.6888857367  658897.68122346699    144
5554    1217161.8610290615  658898.71863646584    0
5555    1217161.4540352935  658898.58933841495    0
5556    1217163.2063354852  658897.18152805348    143
5557    1217160.9323971998  658898.5019453885    0
5558    1217162.4695342721  658898.3370182073    0
5559    1217161.2668114244  658898.10636144935    0
5560    1217160.4534181501  658898.5749128391    0
5561    1217159.6539862403  658898.68061429402    144
5562    1217160.4301608626  658897.93107117375    144
5563    1217160.8297046553  658898.08592830424    0
5564    1217159.8869202374  658897.6274116172    0
5565    1217160.2960241975  658897.53328601236    0
5566    1217159.9355510953  658896.9026591616    0
5567    1217160.6677963319  658897.14161959209    0
5568    1217160.1920603313  658899.02865188534    0
5569    1217161.7237724999  658897.61208623508    0
5570    1217161.0031751473  658896.26947194245    0
5571    1217159.6925567025  658899.30115578067    0
5572    1217159.5320817002  658900.272553168    0
5573    1217159.7589211585  658899.81107314094    0
5574    1217160.2082982494  658900.07154644234    0
5575    1217158.6190867433  658899.68000512104    144
5576    1217159.1811803472  658899.81357718201    0
5577    1217158.7194083133  658900.81942146143    145
5578    1217158.783002655  658900.23969755555    0
5579    1217159.1436606962  658900.57261091727    0
5580    1217159.7159989199  658900.91206364962    0
5581    1217159.0282939724  658901.13928192493    145
5582    1217158.7147233244  658901.75116751809    0
5583    1217158.5578670246  658901.28449400922    0
5584    1217157.8632403051  658901.77766665339    0
5585    1217158.0501653689  658900.84755398333    0
5586    1217164.6020206423  658899.21364127612    0
5587    1217164.8912461617  658899.5492549669    0
5588    1217165.6190867433  658899.68000512104    143
5589    1217164.2405398786  658898.90935338265    0
5590    1217163.8316988454  658898.58064355457    0
5591    1217163.417612161  658898.82629836223    0
5592    1217163.0619186056  658898.35234048893    0
5593    1217162.7817941664  658897.72347486345    0
5594    1217163.6888857367  658897.68122346699    143
5595    1217165.2404674906  658897.63141154626    0
5596    1217162.1391699698  658897.93081398902    0
5597    1217162.2912323205  658897.30257395387    0
5598    1217161.2607255003  658897.64236542082    0
5599    1217159.9658890979  658900.4939959019    0
5600    1217160.2035391761  658900.91976252152    0
5601    1217159.9534943758  658901.31326419453    0
5602    1217158.3082069114  658902.38216718123    0
5603    1217156.9695873442  658900.42836338503    0
5604    1217165.7419670951  658900.52702971979    146
5605    1217165.2658936018  658900.34979322995    0
5606    1217166.4971604333  658900.94916617929    0
5607    1217165.9440654654  658901.05206075264    0
5608    1217166.3900159176  658901.91121473769    0
5609    1217165.4390221499  658901.52046631253    0
5610    1217163.2442801695  658897.89428592648    0
5611    1217163.6401795924  658898.15000543068    0
5612    1217164.457159067  658897.4221549232    0
5613    1217166.6881182455  658899.1304977868    0
5614    1217165.4222595708  658898.42154575023    0
5615    1217161.7237852337  658896.68183263997    144
5616    1217162.7237852337  658896.68183263997    143
5617    1217159.6460652901  658901.77900285169    145
5618    1217159.5064697585  658902.22288262832    0
5619    1217159.1746340473  658901.89580461429    0
5620    1217159.3962364874  658902.69716791599    0
5621    1217158.7138194952  658903.0177162484    0
5622    1217163.8887873865  658897.00533630047    0
5623    1217165.8189883933  658899.00411795441    0
5624    1217161.8382163362  658897.14696100401    0
5625    1217162.2073700756  658896.80950124527    0
5626    1217162.7514853068  658897.2624735313    0
5627    1217163.3978897808  658896.5137018332    0
5628    1217164.8634423872  658896.27222549787    0
5629    1217166.3803256545  658898.19547872804    0
5630    1217162.9152590376  658896.01408414927    0
5631    1217164.1136813837  658896.28988121659    0
5632    1217162.2998634137  658894.98157510487    0
5633    1217163.5836610931  658895.85132720286    0
5634    1217163.0756347575  658895.21884862951    0
5635    1217164.466036048  658895.32447975187    0
5636    1217165.0887926002  658901.15779299731    146
5637    1217160.7080396318  658901.76807875035    0
5638    1217160.3455507942  658901.96547083522    0
5639    1217160.0421561697  658901.71564418043    0
5640    1217160.5997398095  658899.39468966925    0
5641    1217162.556428062  658898.75780000037    0
5642    1217158.5675049899  658898.07329518057    0
5643    1217158.3199543555  658904.35277930717    0
5644    1217163.0807978662  658893.81512967707    0
5645    1217159.0089500509  658897.20449206431    0
5646    1217158.350813413  658898.88443479803    0
5647    1217157.0843552691  658902.81701382808    0
5648    1217157.9191850934  658899.4730009028    0
5649    1217157.8759458242  658903.10524688126    0
5650    1217157.1600266341  658898.46371610311    0
5651    1217163.1227812446  658906.09688982507    0
5652    1217168.0372426435  658901.60767769103    0
5653    1217167.1966060246  658900.10324769828    0
5654    1217158.9722577715  658895.51864072669    0
5655    1217157.0669376163  658904.09596013674    0
5656    1217157.5087881885  658896.98880137096    0
5657    1217167.4715879594  658903.15932947316    0
5658    1217168.0831014612  658898.15312310192    0
5659    1217159.2102648658  658905.21156074316    0
5660    1217167.7668197688  658899.18590212381    0
5661    1217166.2347007643  658895.14004033641    0
5662    1217159.9776697806  658905.89259823493    0
5663    1217169.635781642  658899.19344015047    0
5664    1217168.5715793944  658900.32202610676    0
5665    1217160.6039448094  658907.55383224785    0
5666    1217158.46581383  658906.82330250659    0
5667    1217156.6008599156  658901.64316205855    0
5668    1217160.7580882893  658893.10471739841    0
5669    1217166.4297154211  658896.66193526692    0
5670    1217170.4341209738  658901.84999240772    0
5671    1217157.4019559203  658905.64654521993    0
5672    1217154.8980964748  658903.03100856603    0
5673    1217156.041967588  658903.44240956625    0
5674    1217154.7728830706  658900.42495767563    0
5675    1217155.6308171568  658905.2177317451    0
5676    1217155.1352018334  658904.16768052964    0
5677    1217153.6435767016  658905.51370375499    0
5678    1217153.5460337242  658903.90610921709    0
5679    1217167.5531244411  658905.73183879047    0
5680    1217168.853260315  658895.57794175961    0
5681    1217169.1191989973  658902.88103550207    0
5682    1217154.8911789146  658897.14852759801    0
5683    1217155.984560705  658907.99722774758    0
5684    1217153.1479833743  658901.80906304962    0
5685    1217171.4846054108  658904.54371095425    0
5686    1217168.5307028037  658904.41330731998    0
5687    1217150.9317897176  658904.87148856046    0
5688    1217169.9199587954  658906.46498299483    0
5689    1217165.1495784367  658893.30680320296    0
5690    1217164.4355861128  658909.06253196031    0
5691    1217169.8031550869  658897.26478283771    0
5692    1217172.1224968226  658894.84784084349    0
5693    1217172.9143313651  658898.50636926445    0
5694    1217156.0150773942  658894.03840401093    0
5695    1217158.522362577  658910.15202429378    0
5696    1217151.8848488601  658898.68033432367    0
5697    1217167.9581889149  658892.88211100223    0
5698    1217163.2731342346  658890.13398619974    0
5699    1217151.2238397005  658909.68473057856    0
5700    1217173.8849112389  658908.09621829749    0
5701    1217167.8083100948  658909.09505227034    0
5702    1217174.0951622922  658901.97396662633    0
5703    1217161.6476909118  658910.52298789693    0
5704    1217151.4724746016  658894.15498583717    0
5705    1217166.1708748436  658890.56151061202    0
5706    1217154.7373963522  658912.03791051777    0
5707    1217165.460915698  658914.41096927482    0
5708    1217165.4302080742  658885.54757774004    0
5709    1217159.4705174263  658915.5146808041    0
5710    1217170.9086571559  658888.7610859758    0
5711    1217178.5788464015  658895.3654138241    0
5712    1217149.4647513535  658901.47672083578    0
5713    1217157.1996565866  658887.54212418431    0
5714    1217170.9935743453  658909.48971746454    0
5715    1217174.7476046253  658913.58253065241    0
5716    1217168.9683748824  658912.78354977549    0
5717    1217176.9317060651  658899.07317563635    0
5718    1217146.9433251936  658896.84916958713    0
5719    1217144.5747635872  658905.60428581899    0
5720    1217169.9105012675  658919.40744234005    0
5721    1217149.0825240146  658916.68160395103    0
5722    1217153.6450564538  658890.25009472121    0
5723    1217183.89726473  658899.94781870546    0
5724    1217146.09022803  658888.60361094668    0
5725    1217179.7652184155  658904.68118612049    0
5726    1217151.1931740674  658883.34470026882    0
5727    1217338.0747014822  658864.74827457184    156
5728    1217341.3039841026  658869.35530279309    158
5729    1217340.9026978237  658864.79763743165    155
5730    1217336.4926077295  658861.67041199224    0
5731    1217340.2080394533  658864.07829763123    155
5732    1217338.7940412825  658864.05361620139    156
5733    1217341.0523123725  658862.56791095459    0
5734    1217339.5010403679  658864.06595691631    0
5735    1217339.1537111825  658863.70628701616    156
5736    1217338.3985178443  658863.28415055666    0
5737    1217338.9672392744  658863.15330056765    0
5738    1217338.466122692  658862.27662608039    0
5739    1217339.580985931  658862.35143335455    0
5740    1217339.8607102679  658863.71862773108    155
5741    1217340.2828467276  658862.96343439294    0
5742    1217340.4136967163  658863.53215582296    0
5743    1217340.8554234086  658863.13111093023    0
5744    1217340.9581771137  658864.04897990846    0
5745    1217339.8360288383  658865.13262590184    0
5746    1217341.8868209622  658863.17566181533    0
5747    1217339.1352001103  658864.76678564434    0
5748    1217339.8463127674  658864.5434599974    0
5749    1217340.5553686386  658864.4379675315    155
5750    1217340.369363331  658864.96513166674    0
5751    1217339.5465878504  658864.83290098503    0
5752    1217339.2417209693  658865.41692492506    0
5753    1217339.3959900977  658864.45702019776    0
5754    1217339.0037695479  658864.39147328888    0
5755    1217338.4343713825  658864.40094538662    156
5756    1217338.7241252866  658864.70007085905    0
5757    1217338.8628336687  658865.14520701265    0
5758    1217338.2478994743  658863.84795893834    0
5759    1217338.6021706571  658865.90870106511    0
5760    1217338.4227200099  658865.03817088157    0
5761    1217338.5519142472  658865.46529987163    0
5762    1217336.7242422891  658866.05239785544    156
5763    1217337.3994718855  658865.40033621364    156
5764    1217337.9574057194  658865.75723193842    0
5765    1217337.737086684  658865.07430539269    156
5766    1217338.1310316385  658865.35950149235    0
5767    1217337.0282021025  658864.67805450899    0
5768    1217337.5620493076  658864.55522829399    0
5769    1217342.1382404598  658866.0770792854    155
5770    1217337.3892477497  658863.31655212503    0
5771    1217337.9616378953  658864.27130466525    0
5772    1217337.4274284805  658863.94261714886    0
5773    1217340.3801539466  658865.93235903059    0
5774    1217340.2287860159  658865.45037385356    0
5775    1217341.5204691417  658865.43735835853    155
5776    1217339.7203032747  658865.87482458516    0
5777    1217340.7825109882  658865.34780690423    0
5778    1217341.2115834826  658865.11749789503    155
5779    1217341.5619230883  658864.47010493232    0
5780    1217341.6944235787  658864.9602985729    0
5781    1217342.4401898151  658864.49571179366    0
5782    1217342.1882694198  658865.41061900312    0
5783    1217337.3039841026  658869.35530279309    157
5784    1217337.0618570873  658865.72636703448    156
5785    1217337.5059565788  658865.84842493094    0
5786    1217336.3529725061  658865.33011615113    0
5787    1217337.8827443349  658866.55066380522    0
5788    1217337.1754911612  658866.18185915216    0
5789    1217336.886819711  658865.2072899359    0
5790    1217336.0490126926  658866.70445949724    156
5791    1217336.7630653128  658866.76824145217    0
5792    1217336.5178611479  658864.82522215915    0
5793    1217336.5377497878  658863.93573920592    0
5794    1217335.5990488918  658864.80452751543    0
5795    1217339.6379382096  658865.48186055012    0
5796    1217339.9549215441  658866.99664887076    0
5797    1217339.1638310158  658865.97738245921    0
5798    1217339.5471868869  658866.49647630577    0
5799    1217338.7965890411  658866.64969719015    0
5800    1217338.8466185643  658866.24056746392    0
5801    1217339.1540672872  658866.48578688852    0
5802    1217338.3625525155  658866.38899825618    0
5803    1217339.334447088  658867.08617570624    0
5804    1217338.2975414526  658866.98889712582    0
5805    1217343.2672609668  658865.82672321016    0
5806    1217340.0163449827  658866.29219613783    0
5807    1217340.7943274989  658866.71493508574    0
5808    1217340.4691354211  658866.38615356083    0
5809    1217341.0988558386  658866.02705482848    0
5810    1217340.36178723  658866.81754145783    0
5811    1217340.748027063  658867.48275068286    0
5812    1217340.3242933992  658867.28404712258    0
5813    1217340.2070034398  658868.08532297984    0
5814    1217339.7722665395  658867.61246430455    0
5815    1217338.8013679981  658867.19343984313    0
5816    1217339.1736282182  658867.66521619994    0
5817    1217338.2106252427  658867.9257681712    0
5818    1217338.3954746367  658867.4704499233    0
5819    1217338.7105379922  658867.86354041297    0
5820    1217337.5488053085  658867.39190198493    0
5821    1217337.9839943193  658867.30339778401    0
5822    1217337.8397588928  658867.7083679596    0
5823    1217337.687582239  658866.96009153    0
5824    1217336.3388835993  658868.35591196606    157
5825    1217337.1892234003  658867.03813258337    0
5826    1217337.4175778192  658866.58016053902    0
5827    1217337.6650638646  658868.4314162815    0
5828    1217337.2586956732  658867.95060593111    0
5829    1217339.2706114997  658868.53149738943    0
5830    1217336.5702193668  658867.54414256359    0
5831    1217337.0836695051  658867.50505041017    0
5832    1217339.0913818937  658868.11299337808    0
5833    1217339.5009643678  658867.95678225358    0
5834    1217338.5270931954  658868.60228778166    0
5835    1217340.1816212866  658867.67238524347    0
5836    1217340.5582070402  658867.85648650117    0
5837    1217342.3388835993  658868.35591196606    158
5838    1217340.7616778694  658868.55268118216    0
5839    1217341.2722186048  658867.98405960936    0
5840    1217336.821433851  658868.85560737958    157
5841    1217339.7842896346  658868.40386418579    0
5842    1217340.2559653823  658868.59004455607    0
5843    1217340.2690846059  658870.35469362012    158
5844    1217339.7222390885  658869.25163513061    0
5845    1217340.7865343541  658869.8549982066    158
5846    1217339.6143910324  658868.81758516037    0
5847    1217340.0213847642  658868.94688319275    0
5848    1217338.2690846059  658870.35469362012    157
5849    1217340.5430228964  658869.03427635238    0
5850    1217339.0058859314  658869.19920339226    0
5851    1217340.2086085754  658869.42986004928    0
5852    1217341.022001937  658868.96130883612    0
5853    1217341.821433851  658868.85560737958    158
5854    1217341.0452592284  658869.60515049985    158
5855    1217340.645715462  658869.45029339637    0
5856    1217341.5884998536  658869.9088100564    0
5857    1217341.1793958936  658870.00293566147    0
5858    1217341.539868996  658870.63356251211    0
5859    1217340.8076237589  658870.39460208127    0
5860    1217341.2833597618  658868.50756979    0
5861    1217339.7516475855  658869.92413539044    0
5862    1217340.472244944  658871.26674973068    0
5863    1217341.7828633888  658868.23506589048    0
5864    1217341.9433383886  658867.26366850222    0
5865    1217341.7164989314  658867.72514853021    0
5866    1217341.2671218403  658867.46467523067    0
5867    1217342.8563333475  658867.85621655255    158
5868    1217342.2942397434  658867.72264448775    0
5869    1217342.756011778  658866.71680021228    155
5870    1217342.6924174386  658867.29652411782    0
5871    1217342.331759396  658866.96361075772    0
5872    1217341.7594211802  658866.62415802339    0
5873    1217342.4471261189  658866.3969397489    155
5874    1217342.6824982571  658865.86056957848    0
5875    1217342.8948988165  658866.27360461955    0
5876    1217343.429556529  658866.68451348389    0
5877    1217342.9325454242  658865.11223987862    0
5878    1217336.8733994479  658868.32258039853    0
5879    1217336.5841739296  658867.98696670611    0
5880    1217335.8563333475  658867.85621655255    157
5881    1217337.2348802111  658868.62686829059    0
5882    1217337.6437212413  658868.95557811845    0
5883    1217338.0578079298  658868.70992331463    0
5884    1217338.4135015034  658869.18388128665    0
5885    1217338.6936261752  658869.81274690002    0
5886    1217337.7865343541  658869.8549982066    157
5887    1217336.2349526007  658869.90481012699    0
5888    1217339.3362501811  658869.60540760844    0
5889    1217339.1841879766  658870.23364730913    0
5890    1217340.2146946662  658869.89385615941    0
5891    1217341.509530989  658867.04222576623    0
5892    1217341.2718809175  658866.6164591352    0
5893    1217341.5219257344  658866.22295746091    0
5894    1217344.514865184  658867.11290722259    0
5895    1217335.7334529962  658867.00919195381    156
5896    1217336.209526489  658867.1864284433    0
5897    1217335.3864368685  658866.33409419004    0
5898    1217335.2258067138  658866.84339797462    0
5899    1217334.4497951658  658867.34508566873    0
5900    1217334.4624489383  658866.32265871961    0
5901    1217338.2311400759  658869.6419359562    0
5902    1217337.8352407375  658869.3862162038    0
5903    1217337.0182610238  658870.11406675016    0
5904    1217335.2698520971  658868.90541930031    0
5905    1217336.0531605207  658869.11467592325    0
5906    1217339.7516348576  658870.85438903363    158
5907    1217338.7516348576  658870.85438903363    157
5908    1217341.8293548007  658865.75721882191    155
5909    1217337.5866327044  658870.53088537348    0
5910    1217335.088060017  658868.11528509634    0
5911    1217339.6372038324  658870.38926064631    0
5912    1217339.2680496862  658870.72672043124    0
5913    1217338.7239349333  658870.27374834951    0
5914    1217338.0775303105  658871.02251984063    0
5915    1217336.6119777025  658871.26399617572    0
5916    1217338.5601610537  658871.52213752386    0
5917    1217337.3617387072  658871.24634045828    0
5918    1217339.1755566767  658872.55464656814    0
5919    1217337.8917589984  658871.68489447085    0
5920    1217338.3997853342  658872.31737304258    0
5921    1217337.0093840407  658872.21174192836    0
5922    1217336.3866274909  658866.3784286764    156
5923    1217335.8932230794  658866.20531404065    0
5924    1217336.2703347728  658865.9201834522    0
5925    1217335.6845065488  658865.53731911874    0
5926    1217340.767380459  658865.76814292336    0
5927    1217341.1298692969  658865.57075083884    0
5928    1217341.4332639219  658865.82057749364    0
5929    1217340.8756802811  658868.14153200341    0
5930    1217338.9189920328  658868.77842163818    0
5931    1217342.9079151014  658869.46292649268    0
5932    1217343.7076598702  658863.98837800638    0
5933    1217335.4876713404  658869.66076247708    0
5934    1217333.8700814752  658868.81149475323    0
5935    1217338.3946222235  658873.72109199315    0
5936    1217334.6593043876  658865.28549868707    0
5937    1217342.4664700404  658870.33172960905    0
5938    1217343.124606678  658868.65178687533    0
5939    1217344.0246814061  658865.03624870768    0
5940    1217335.5174424602  658870.83572510816    0
5941    1217334.5249529313  658869.52930478146    0
5942    1217343.5562349972  658868.06322077056    0
5943    1217344.3153934567  658869.07250556943    0
5944    1217344.2968866893  658866.0761645044    0
5945    1217342.5031623205  658872.01758094679    0
5946    1217333.0084491996  658870.25520865037    0
5947    1217343.9666319035  658870.54742030264    0
5948    1217339.1474741965  658860.46723439021    0
5949    1217336.3671290516  658862.80602584325    0
5950    1217342.4763192541  658861.48940466309    0
5951    1217332.7624494596  658866.81291094341    0
5952    1217345.6019913622  658863.98716025241    0
5953    1217335.5962528556  658872.24709991866    0
5954    1217335.3040890794  658863.54431800568    0
5955    1217333.3245365436  658865.5694183982    0
5956    1217346.1232629134  658866.23344972183    0
5957    1217335.0814054736  658862.08922166494    0
5958    1217345.2870131894  658865.261408197    0
5959    1217340.717331796  658874.43150427437    0
5960    1217334.0125577108  658871.62764481723    0
5961    1217336.3522539164  658874.20517806348    0
5962    1217333.6734927827  658863.93046127539    0
5963    1217346.6611004977  658864.92501210631    0
5964    1217330.9836204166  658865.2600551286    0
5965    1217340.5099714543  658861.1457245897    0
5966    1217331.8847235055  658868.60557548597    0
5967    1217346.5842411786  658870.38769407314    0
5968    1217335.0932392231  658859.54212944175    0
5969    1217347.6851180282  658862.70164874336    0
5970    1217340.9526566733  658858.5494729972    0
5971    1217348.5596372192  658866.47017063003    0
5972    1217344.6535281648  658861.96946099633    0
5973    1217346.1942747498  658868.27380943298    0
5974    1217331.2370329422  658872.60475443315    0
5975    1217334.0025454115  658873.98740243935    0
5976    1217330.8831474371  658870.49540247058    0
5977    1217338.175337228  658877.34636277671    0
5978    1217345.4603427015  658873.49781766639    0
5979    1217331.4860826682  658860.79894425173    0
5980    1217344.2293431372  658858.716078358    0
5981    1217348.5645564864  658868.92945577879    0
5982    1217328.2533957581  658867.89135632582    0
5983    1217334.8942841161  658877.15098938567    0
5984    1217327.5659025514  658872.13629752735    0
5985    1217337.7315893171  658857.32597976748    0
5986    1217352.6359564636  658867.69166433066    0
5987    1217349.9900024454  658872.93901052477    0
5988    1217330.9969095134  658876.54209182889    0
5989    1217336.2111703788  658882.68381228752    0
5990    1217342.8669853276  658853.20487291901    0
5991    1217344.2748613423  658880.09980309743    0
5992    1217325.5877992993  658862.39346291299    0
5993    1217332.7413138878  658854.06356999744    0
5994    1217351.5863158738  658863.78207185131    0
5995    1217332.3466066893  658880.68050064927    0
5996    1217340.338575674  658855.31438436639    0
5997    1217336.7573774748  658853.36832310422    0
5998    1217339.7797567484  658852.07459624577    0
5999    1217336.1254802886  658847.71482233668    0
6000    1217343.1956990559  658847.5256729516    0
6001    1217348.2416143811  658877.40466278791    0
6002    1217320.8778112566  658868.87497940054    0
6003    1217351.4254614483  658856.77944078273    0
6004    1217358.5874615777  658863.99811550789    0
6005    1217330.9603590113  658888.08389070269    0
6006    1217324.8163934213  658880.84709911642    0
6007    1217263.2228487448  658908.74968637188    150
6008    1217259.9935661245  658904.14265815064    148
6009    1217260.3948524033  658908.70032351208    149
6010    1217264.8049424975  658911.82754895149    0
6011    1217261.0895107738  658909.4196633125    149
6012    1217262.5035089445  658909.44434474234    150
6013    1217260.2452378545  658910.93004998914    0
6014    1217261.7965098592  658909.43200402742    0
6015    1217262.1438390445  658909.79167392757    150
6016    1217262.8990323828  658910.21381038707    0
6017    1217262.3303109526  658910.34466037608    0
6018    1217262.831427535  658911.22133486334    0
6019    1217261.716564296  658911.14652758918    0
6020    1217261.4368399591  658909.77933321265    149
6021    1217261.0147034994  658910.53452655079    0
6022    1217260.8838535107  658909.96580512077    0
6023    1217260.4421268185  658910.3668500135    0
6024    1217260.3393731134  658909.44898103527    0
6025    1217261.4615213887  658908.36533504189    0
6026    1217259.4107292648  658910.3222991284    0
6027    1217262.1623501168  658908.73117529938    0
6028    1217261.4512374597  658908.95450094633    0
6029    1217260.7421815884  658909.05999341223    149
6030    1217260.928186896  658908.53282927698    0
6031    1217261.7509623766  658908.6650599587    0
6032    1217262.0558292577  658908.08103601867    0
6033    1217261.9015601294  658909.04094074597    0
6034    1217262.2937806791  658909.10648765485    0
6035    1217262.8631788446  658909.09701555711    150
6036    1217262.5734249405  658908.79789008468    0
6037    1217262.4347165583  658908.35275393107    0
6038    1217263.0496507527  658909.65000200539    0
6039    1217262.6953795699  658907.58925987862    0
6040    1217262.8748302171  658908.45979006216    0
6041    1217262.7456359798  658908.03266107209    0
6042    1217264.5733079379  658907.44556308829    150
6043    1217263.8980783415  658908.09762473009    150
6044    1217263.3401445076  658907.74072900531    0
6045    1217263.560463543  658908.42365555104    150
6046    1217263.1665185886  658908.13845945138    0
6047    1217264.2693481245  658908.81990643474    0
6048    1217263.7355009194  658908.94273264974    0
6049    1217259.1593097672  658907.42088165833    149
6050    1217263.9083024773  658910.18140881869    0
6051    1217263.3359123317  658909.22665627848    0
6052    1217263.8701217466  658909.55534379487    0
6053    1217260.9173962804  658907.56560191314    0
6054    1217261.0687642111  658908.04758709017    0
6055    1217259.7770810854  658908.0606025852    149
6056    1217261.5772469523  658907.62313635857    0
6057    1217260.5150392388  658908.1501540395    0
6058    1217260.0859667445  658908.3804630487    149
6059    1217259.7356271388  658909.02785601141    0
6060    1217259.6031266483  658908.53766237083    0
6061    1217258.8573604119  658909.00224915007    0
6062    1217259.1092808072  658908.08734194061    0
6063    1217263.9935661245  658904.14265815064    147
6064    1217264.2356931397  658907.77159390924    150
6065    1217263.7915936483  658907.64953601279    0
6066    1217264.9445777209  658908.1678447926    0
6067    1217263.4148058922  658906.94729713851    0
6068    1217264.1220590658  658907.31610179157    0
6069    1217264.4107305161  658908.29067100782    0
6070    1217265.2485375344  658906.79350144649    150
6071    1217264.5344849143  658906.72971949156    0
6072    1217264.7796890792  658908.67273878457    0
6073    1217264.7598004392  658909.56222173781    0
6074    1217265.6985013352  658908.6934334283    0
6075    1217261.6596120175  658908.01610039361    0
6076    1217261.342628683  658906.50131207297    0
6077    1217262.1337192112  658907.52057848452    0
6078    1217261.7503633401  658907.00148463796    0
6079    1217262.5009611859  658906.84826375358    0
6080    1217262.4509316627  658907.25739347981    0
6081    1217262.1434829398  658907.01217405521    0
6082    1217262.9349977116  658907.10896268755    0
6083    1217261.9631031391  658906.41178523749    0
6084    1217263.0000087745  658906.50906381791    0
6085    1217258.0302892602  658907.67123773356    0
6086    1217261.2812052444  658907.2057648059    0
6087    1217260.5032227281  658906.78302585799    0
6088    1217260.8284148059  658907.1118073829    0
6089    1217260.1986943884  658907.47090611525    0
6090    1217260.935762997  658906.6804194859    0
6091    1217260.5495231641  658906.01521026087    0
6092    1217260.9732568278  658906.21391382115    0
6093    1217261.0905467873  658905.41263796389    0
6094    1217261.5252836875  658905.88549663918    0
6095    1217262.4961822289  658906.3045211006    0
6096    1217262.1239220088  658905.83274474379    0
6097    1217263.0869249844  658905.57219277252    0
6098    1217262.9020755903  658906.02751102042    0
6099    1217262.5870122348  658905.63442053075    0
6100    1217263.7487449185  658906.1060589588    0
6101    1217263.3135559077  658906.19456315972    0
6102    1217263.4577913343  658905.78959298413    0
6103    1217263.609967988  658906.53786941373    0
6104    1217264.9586666278  658905.14204897766    147
6105    1217264.1083268267  658906.45982836036    0
6106    1217263.8799724078  658906.91780040471    0
6107    1217263.6324863625  658905.06654466223    0
6108    1217264.0388545538  658905.54735501262    0
6109    1217262.0269387274  658904.9664635543    0
6110    1217264.7273308602  658905.95381838013    0
6111    1217264.2138807219  658905.99291053356    0
6112    1217262.2061683333  658905.38496756565    0
6113    1217261.7965858593  658905.54117869015    0
6114    1217262.7704570317  658904.89567316207    0
6115    1217261.1159289405  658905.82557570026    0
6116    1217260.7393431868  658905.64147444256    0
6117    1217258.9586666278  658905.14204897766    148
6118    1217260.5358723577  658904.94527976157    0
6119    1217260.0253316222  658905.51390133437    0
6120    1217264.476116376  658904.64235356415    147
6121    1217261.5132605925  658905.09409675794    0
6122    1217261.0415848447  658904.90791638766    0
6123    1217261.0284656212  658903.14326732361    148
6124    1217261.5753111385  658904.24632581312    0
6125    1217260.5110158729  658903.64296273713    148
6126    1217261.6831591947  658904.68037578335    0
6127    1217261.2761654628  658904.55107775098    0
6128    1217263.0284656212  658903.14326732361    147
6129    1217260.7545273306  658904.46368459135    0
6130    1217262.2916642956  658904.29875755147    0
6131    1217261.0889416516  658904.06810089445    0
6132    1217260.27554829  658904.53665210761    0
6133    1217259.476116376  658904.64235356415    148
6134    1217260.2522909986  658903.89281044388    148
6135    1217260.651834765  658904.04766754736    0
6136    1217259.7090503734  658903.58915088733    0
6137    1217260.1181543334  658903.49502528226    0
6138    1217259.757681231  658902.86439843161    0
6139    1217260.4899264681  658903.10335886246    0
6140    1217260.0141904652  658904.99039115373    0
6141    1217261.5459026415  658903.57382555329    0
6142    1217260.8253052831  658902.23121121305    0
6143    1217259.5146868383  658905.26289505325    0
6144    1217259.3542118385  658906.23429244151    0
6145    1217259.5810512956  658905.77281241352    0
6146    1217260.0304283868  658906.03328571306    0
6147    1217258.4412168795  658905.64174439118    148
6148    1217259.0033104836  658905.77531645598    0
6149    1217258.541538449  658906.78116073145    149
6150    1217258.6051327884  658906.20143682591    0
6151    1217258.965790831  658906.534350186    0
6152    1217259.5381290468  658906.87380292034    0
6153    1217258.8504241081  658907.10102119483    149
6154    1217258.6150519699  658907.63739136525    0
6155    1217258.4026514105  658907.22435632418    0
6156    1217257.867993698  658906.81344745983    0
6157    1217258.3650048028  658908.3857210651    0
6158    1217264.4241507791  658905.1753805452    0
6159    1217264.7133762974  658905.51099423761    0
6160    1217265.4412168795  658905.64174439118    147
6161    1217264.062670016  658904.87109265313    0
6162    1217263.6538289858  658904.54238282528    0
6163    1217263.2397422972  658904.7880376291    0
6164    1217262.8840487236  658904.31407965708    0
6165    1217262.6039240519  658903.68521404371    0
6166    1217263.5110158729  658903.64296273713    147
6167    1217265.0625976264  658903.59315081674    0
6168    1217261.961300046  658903.89255333529    0
6169    1217262.1133622504  658903.2643136346    0
6170    1217261.0828555608  658903.60410478432    0
6171    1217259.788019238  658906.4557351775    0
6172    1217260.0256693095  658906.88150180853    0
6173    1217259.7756244927  658907.27500348282    0
6174    1217256.7826850431  658906.38505372114    0
6175    1217265.5640972308  658906.48876898992    150
6176    1217265.088023738  658906.31153250043    0
6177    1217265.9111133586  658907.16386675369    0
6178    1217266.0717435132  658906.65456296911    0
6179    1217266.8477550612  658906.152875275    0
6180    1217266.8351012887  658907.17530222412    0
6181    1217263.0664101511  658903.85602498753    0
6182    1217263.4623094895  658904.11174473993    0
6183    1217264.2792892032  658903.38389419357    0
6184    1217266.0276981299  658904.59254164342    0
6185    1217265.2443897063  658904.38328502048    0
6186    1217261.5459153694  658902.6435719101    148
6187    1217262.5459153694  658902.6435719101    147
6188    1217259.4681954263  658907.74074212182    149
6189    1217263.7109175227  658902.96707557025    0
6190    1217266.2094902101  658905.38267584739    0
6191    1217261.6603463946  658903.10870029742    0
6192    1217262.0295005408  658902.77124051249    0
6193    1217262.5736152937  658903.22421259421    0
6194    1217263.2200199165  658902.4754411031    0
6195    1217264.6855725246  658902.23396476801    0
6196    1217262.7373891734  658901.97582341987    0
6197    1217263.9358115199  658902.25162048545    0
6198    1217262.1219935503  658900.94331437559    0
6199    1217263.4057912286  658901.81306647288    0
6200    1217262.8977648928  658901.18058790115    0
6201    1217264.2881661863  658901.28621901537    0
6202    1217264.9109227362  658907.11953226733    150
6203    1217265.4043271476  658907.29264690308    0
6204    1217265.0272154543  658907.57777749153    0
6205    1217265.6130436782  658907.96064182499    0
6206    1217260.530169768  658907.72981802037    0
6207    1217260.1676809301  658907.92721010488    0
6208    1217259.8642863052  658907.67738345009    0
6209    1217260.4218699459  658905.35642894031    0
6210    1217262.3785581943  658904.71953930554    0
6211    1217258.3896351256  658904.03503445105    0
6212    1217257.5898903569  658909.50958293735    0
6213    1217265.8098788867  658903.83719846664    0
6214    1217267.4274687518  658904.6864661905    0
6215    1217262.9029280036  658899.77686895058    0
6216    1217266.6382458394  658908.21246225666    0
6217    1217258.8310801866  658903.16623133468    0
6218    1217258.172943549  658904.8461740684    0
6219    1217257.2728688209  658908.46171223605    0
6220    1217265.7801077669  658902.66223583557    0
6221    1217266.7725972957  658903.96865616227    0
6222    1217257.7413152298  658905.43474017316    0
6223    1217256.9821567703  658904.42545537429    0
6224    1217257.0006635378  658907.42179643933    0
6225    1217258.7943879066  658901.48037999694    0
6226    1217268.2891010274  658903.24275229336    0
6227    1217257.3309183235  658902.95054064109    0
6228    1217262.1500760305  658913.03072655352    0
6229    1217264.9304211754  658910.69193510048    0
6230    1217258.8212309729  658912.00855628063    0
6231    1217268.5351007674  658906.68505000032    0
6232    1217255.6955588649  658909.51080069132    0
6233    1217265.7012973714  658901.25086102507    0
6234    1217265.9934611476  658909.95364293805    0
6235    1217267.9730136835  658907.92854254553    0
6236    1217255.1742873136  658907.2645112219    0
6237    1217266.2161447534  658911.40873927879    0
6238    1217256.0105370376  658908.23655274673    0
6239    1217260.5802184311  658899.06645666936    0
6240    1217267.2849925163  658901.8703161265    0
6241    1217264.9452963106  658899.29278288025    0
6242    1217267.6240574443  658909.56749966834    0
6243    1217254.6364497293  658908.57294883742    0
6244    1217270.3139298104  658908.23790581513    0
6245    1217260.7875787728  658912.35223635403    0
6246    1217269.4128267216  658904.89238545776    0
6247    1217254.7133090484  658903.11026687059    0
6248    1217266.2043110039  658913.95583150198    0
6249    1217253.6124321988  658910.79631220037    0
6250    1217260.3448935538  658914.94848794653    0
6251    1217252.7379130078  658907.0277903137    0
6252    1217256.6440220622  658911.5284999474    0
6253    1217255.1032754772  658905.22415151075    0
6254    1217270.0605172848  658900.89320651058    0
6255    1217267.2950048156  658899.51055850438    0
6256    1217270.4144027899  658903.00255847315    0
6257    1217263.122212999  658896.15159816702    0
6258    1217255.8372075255  658900.00014327734    0
6259    1217269.8114675588  658912.699016692    0
6260    1217257.0682070898  658914.78188258572    0
6261    1217252.7329937406  658904.56850516493    0
6262    1217273.0441544689  658905.6066046179    0
6263    1217266.4032661109  658896.34697155806    0
6264    1217273.7316476756  658901.36166341638    0
6265    1217263.5659609099  658916.17198117625    0
6266    1217248.6615937634  658905.80629661307    0
6267    1217251.3075477816  658900.55895041896    0
6268    1217270.3006407137  658896.95586911484    0
6269    1217265.0863798482  658890.81414865621    0
6270    1217258.4305648995  658920.29308802471    0
6271    1217257.0226888848  658893.3981578463    0
6272    1217275.7097509278  658911.10449803073    0
6273    1217268.5562363393  658919.43439094629    0
6274    1217249.7112343532  658909.71588909242    0
6275    1217268.9509435378  658892.81746029446    0
6276    1217260.958974553  658918.18357657734    0
6277    1217264.5401727522  658920.12963783951    0
6278    1217261.5177934787  658921.42336469796    0
6279    1217265.1720699384  658925.78313860705    0
6280    1217258.1018511711  658925.97228799213    0
6281    1217253.0559358459  658896.09329815581    0
6282    1217280.4197389705  658904.62298154319    0
6283    1217249.8720887788  658916.718520161    0
6284    1217270.3371912157  658885.41407024104    0
6285    1217242.7100886493  658909.49984543584    0
6286    1217276.4811568058  658892.65086182731    0
6287    1217363.0449788808  658914.71142564202    154
6288    1217359.8156962604  658910.10439742077    152
6289    1217360.2169825393  658914.66206278221    153
6290    1217360.9291179325  658964.82762075355    54
6291    1217360.9116409097  658915.38140258263    153
6292    1217362.3256390805  658915.40608401247    154
6293    1217360.0673679905  658916.89178925927    0
6294    1217361.6186399951  658915.39374329755    0
6295    1217361.9659691802  658915.7534131977    154
6296    1217362.3614926185  658916.52287884243    0
6297    1217362.5121109884  658915.95907046087    0
6298    1217363.0742966037  658915.46156330255    0
6299    1217363.3707627128  658916.49047727406    0
6300    1217361.2589700948  658915.74107248278    153
6301    1217360.48950445  658916.13659592078    0
6302    1217361.0533128318  658916.28721429117    0
6303    1217361.6007042157  658916.99733264709    0
6304    1217360.6370962053  658916.71467562998    0
6305    1217361.2836515247  658914.32707431202    0
6306    1217360.6456246967  658917.74699968705    0
6307    1217361.9844802527  658914.69291456952    0
6308    1217361.2733675956  658914.91624021647    0
6309    1217360.5643117246  658915.02173268248    153
6310    1217360.3586544613  658915.56787449063    0
6311    1217361.5730925126  658914.62679922883    0
6312    1217361.8779593937  658914.04277528881    0
6313    1217361.7236902653  658915.0026800161    0
6314    1217362.1159108151  658915.06822692498    0
6315    1217362.6853089808  658915.05875482725    154
6316    1217362.3955550764  658914.7596293547    0
6317    1217362.2568466943  658914.31449320121    0
6318    1217362.5175097059  658913.55099914875    0
6319    1217362.6969603531  658914.42152933218    0
6320    1217362.5677661158  658913.99440034211    0
6321    1217364.3954380739  658913.40730235842    154
6322    1217363.7202084772  658914.05936400022    154
6323    1217363.1622746435  658913.70246827533    0
6324    1217363.382593679  658914.38539482118    154
6325    1217362.9886487245  658914.1001987214    0
6326    1217364.0914782602  658914.78164570453    0
6327    1217363.5576310554  658914.90447191976    0
6328    1217360.750317032  658914.49456854723    0
6329    1217360.0730976758  658915.14855167759    0
6330    1217359.4819799738  658916.06899107236    0
6331    1217364.0280189684  658915.7273883773    0
6332    1217358.9814399031  658913.38262092858    153
6333    1217359.8137744297  658915.63204233418    0
6334    1217360.7395264162  658913.52734118327    0
6335    1217359.5992112211  658914.02234185534    153
6336    1217360.8908943471  658914.00932636042    0
6337    1217359.5172562685  658914.71963271021    0
6338    1217360.337169375  658914.11189330975    0
6339    1217361.3993770883  658913.58487562858    0
6340    1217359.0309538667  658915.38205959508    0
6341    1217359.9080968802  658914.34220231883    153
6342    1217363.8156962604  658910.10439742077    151
6343    1217364.0578232757  658913.73333317926    154
6344    1217363.6137237842  658913.61127528292    0
6345    1217364.7667078569  658914.12958406261    0
6346    1217364.2328606518  658914.25241027796    0
6347    1217363.2369360283  658912.90903640853    0
6348    1217363.9441892016  658913.27784106147    0
6349    1217365.0706676706  658912.75524071662    154
6350    1217364.3566150502  658912.69145876158    0
6351    1217364.6018192151  658914.63447805459    0
6352    1217364.5130009819  658915.28493025491    0
6353    1217365.5206314712  658914.65517269832    0
6354    1217358.7022488394  658914.27038048173    0
6355    1217361.4817421534  658913.97783966362    0
6356    1217361.1647588187  658912.46305134264    0
6357    1217361.9558493472  658913.48231775465    0
6358    1217361.5724934761  658912.96322390775    0
6359    1217362.3230913219  658912.81000302383    0
6360    1217362.2730617987  658913.21913274995    0
6361    1217361.9656130758  658912.97391332535    0
6362    1217362.7571278478  658913.0707019578    0
6363    1217361.7852332755  658912.37352450658    0
6364    1217362.8221389104  658912.47080308816    0
6365    1217365.0034515273  658916.30954262358    0
6366    1217361.1033353801  658913.1675040758    0
6367    1217360.3253528634  658912.74476512778    0
6368    1217360.6505449414  658913.0735466528    0
6369    1217360.0208245241  658913.4326453855    0
6370    1217360.7578931325  658912.64215875557    0
6371    1217360.3716532993  658911.97694953019    0
6372    1217360.7953869633  658912.17565309047    0
6373    1217360.9126769227  658911.37437723274    0
6374    1217361.3474138235  658911.84723590827    0
6375    1217362.3183123653  658912.26626037131    0
6376    1217361.9460521464  658911.79448401136    0
6377    1217362.9090551198  658911.53393204371    0
6378    1217362.7242057261  658911.98925029114    0
6379    1217362.4091423722  658911.59615980252    0
6380    1217363.5708750531  658912.06779822905    0
6381    1217363.135686043  658912.15630243008    0
6382    1217363.279921469  658911.75133225508    0
6383    1217363.432098123  658912.49960868375    0
6384    1217364.7807967637  658911.1037882478    151
6385    1217363.9304569622  658912.42156763026    0
6386    1217363.7021025443  658912.87953967403    0
6387    1217363.454616497  658911.02828393446    0
6388    1217363.8609846872  658911.50909428392    0
6389    1217361.8490688717  658910.92820282432    0
6390    1217364.5494609964  658911.91555764899    0
6391    1217364.0360108558  658911.95464980393    0
6392    1217362.0282984739  658911.34670683544    0
6393    1217361.618715995  658911.5029179554    0
6394    1217362.59258717  658910.85741243954    0
6395    1217360.9380590762  658911.78731496935    0
6396    1217360.5614733223  658911.60321371176    0
6397    1217358.7807967637  658911.1037882478    152
6398    1217360.3580024925  658910.90701903054    0
6399    1217359.8474617575  658911.47564060322    0
6400    1217364.2982465122  658910.60409283428    151
6401    1217361.3353907275  658911.05583601631    0
6402    1217360.8637149772  658910.86965565942    0
6403    1217360.8505957571  658909.10500659375    152
6404    1217361.3974412803  658910.20806499966    0
6405    1217360.3331460087  658909.60470200726    152
6406    1217361.5052893334  658910.64211500611    0
6407    1217361.0982955655  658910.51281695522    0
6408    1217362.8505957571  658909.10500659375    151
6409    1217360.5766574717  658910.42542392877    0
6410    1217362.113794544  658910.26049674756    0
6411    1217360.9110716963  658910.02983998961    0
6412    1217360.097678422  658910.49839137937    0
6413    1217359.2982465122  658910.60409283428    152
6414    1217360.0744211345  658909.85454971401    152
6415    1217360.4739649273  658910.0094068445    0
6416    1217359.5311805094  658909.55089015746    0
6417    1217359.9402844694  658909.45676455263    0
6418    1217359.5798113672  658908.82613770186    0
6419    1217360.3120566038  658909.06509813236    0
6420    1217359.8363206033  658910.9521304256    0
6421    1217361.3680327719  658909.53556477535    0
6422    1217360.6474354193  658908.19295048271    0
6423    1217359.3368169744  658911.22463432094    0
6424    1217359.1763419721  658912.19603170827    0
6425    1217359.4031814304  658911.73455168121    0
6426    1217359.8525585213  658911.99502498261    0
6427    1217358.2633470153  658911.60348366131    152
6428    1217358.8254406191  658911.73705572227    0
6429    1217358.3636685852  658912.7429000017    153
6430    1217358.4272629269  658912.16317609581    0
6431    1217358.7879209681  658912.49608945753    0
6432    1217359.3602591918  658912.83554218989    0
6433    1217358.6725542443  658913.0627604652    153
6434    1217358.3589835963  658913.67464605835    0
6435    1217358.2021272965  658913.20797254948    0
6436    1217357.507500577  658913.70114519366    0
6437    1217357.6944256409  658912.7710325236    0
6438    1217364.2462809142  658911.13711981638    0
6439    1217364.5355064336  658911.47273350717    0
6440    1217365.2633470153  658911.60348366131    151
6441    1217363.8848001505  658910.83283192292    0
6442    1217363.4759591173  658910.50412209483    0
6443    1217363.0618724329  658910.74977690249    0
6444    1217362.7061788775  658910.27581902919    0
6445    1217362.4260544383  658909.64695340372    0
6446    1217363.3331460087  658909.60470200726    151
6447    1217364.8847277625  658909.55489008653    0
6448    1217361.7834302417  658909.85429252929    0
6449    1217361.9354925924  658909.22605249414    0
6450    1217360.9049857722  658909.56584396109    0
6451    1217359.6101493698  658912.41747444216    0
6452    1217359.8477994481  658912.84324106178    0
6453    1217359.5977546477  658913.23674273479    0
6454    1217357.9524671833  658914.3056457215    0
6455    1217356.6138476161  658912.35184192529    0
6456    1217365.386227367  658912.45050826005    154
6457    1217364.9101538737  658912.27327177022    0
6458    1217366.1414207052  658912.87264471955    0
6459    1217365.5883257373  658912.97553929291    0
6460    1217366.0342761895  658913.83469327795    0
6461    1217365.0832824218  658913.4439448528    0
6462    1217362.8885404414  658909.81776446674    0
6463    1217363.2844398643  658910.07348397095    0
6464    1217366.3323785174  658911.05397632706    0
6465    1217365.0665198427  658910.34502429049    0
6466    1217364.101419339  658909.34563346347    0
6467    1217361.3680455056  658908.60531118023    152
6468    1217362.3680455056  658908.60531118023    151
6469    1217359.290325562  658913.70248139196    153
6470    1217359.1507300304  658914.14636116859    0
6471    1217358.8188943192  658913.81928315456    0
6472    1217359.0404967593  658914.62064645626    0
6473    1217358.3580797671  658914.94119478867    0
6474    1217365.4632486652  658910.92759649467    0
6475    1217363.5330476584  658908.92881484074    0
6476    1217361.4824766081  658909.07043954427    0
6477    1217361.8516303475  658908.73297978553    0
6478    1217362.3957455787  658909.18595207157    0
6479    1217366.0245859264  658910.11895726831    0
6480    1217363.0421500527  658908.43718037347    0
6481    1217364.5077026591  658908.19570403814    0
6482    1217362.5595193096  658907.93756268953    0
6483    1217363.7579416556  658908.21335975686    0
6484    1217361.9441236856  658906.90505364514    0
6485    1217363.2279213651  658907.77480574313    0
6486    1217362.7198950294  658907.14232716977    0
6487    1217364.1102963199  658907.24795829214    0
6488    1217364.7330528721  658913.08127153758    154
6489    1217360.3522999038  658913.69155729061    0
6490    1217359.9898110661  658913.88894937548    0
6491    1217359.6864164416  658913.63912272069    0
6492    1217360.2440000814  658911.31816820952    0
6493    1217362.2006883339  658910.68127854064    0
6494    1217358.2117652618  658909.99677372084    0
6495    1217357.9642146274  658916.27625784744    0
6496    1217362.7250581381  658905.73860821733    0
6497    1217358.6532103228  658909.12797060458    0
6498    1217357.995073685  658910.8079133383    0
6499    1217356.728615541  658914.74049236835    0
6500    1217357.5634453653  658911.39647944306    0
6501    1217357.5202060961  658915.02872542152    0
6502    1217356.804286906  658910.38719464338    0
6503    1217362.7670415165  658918.02036836534    0
6504    1217367.6815029155  658913.5311562313    0
6505    1217366.8408662966  658912.02672623855    0
6506    1217358.6165180434  658907.44211926695    0
6507    1217356.7111978882  658916.019438677    0
6508    1217357.1530484604  658908.91227991122    0
6509    1217367.1158482314  658915.08280801342    0
6510    1217367.7273617331  658910.07660164218    0
6511    1217358.8545251377  658917.13503928343    0
6512    1217367.4110800407  658911.10938066407    0
6513    1217365.8789610362  658907.06351887668    0
6514    1217359.6219300525  658917.8160767752    0
6515    1217369.280041914  658911.11691869074    0
6516    1217368.2158396663  658912.24550464703    0
6517    1217360.2482050813  658919.47731078812    0
6518    1217358.1100741019  658918.74678104685    0
6519    1217356.2451201875  658913.56664059882    0
6520    1217360.4023485612  658905.02819593868    0
6521    1217366.073975693  658908.58541380719    0
6522    1217370.0783812457  658913.77347094798    0
6523    1217357.0462161922  658917.5700237602    0
6524    1217354.5423567467  658914.9544871063    0
6525    1217354.4171433426  658912.34843621589    0
6526    1217355.6862278599  658915.36588810652    0
6527    1217355.2750774287  658917.14121028536    0
6528    1217354.7794621054  658916.09115906991    0
6529    1217353.2878369736  658917.43718229525    0
6530    1217353.1902939961  658915.82958775735    0
6531    1217364.3373762744  658917.75598442275    0
6532    1217368.4975205869  658907.50142029987    0
6533    1217368.7634592692  658914.80451404233    0
6534    1217354.5354391865  658909.07200613827    0
6535    1217355.6288209769  658919.92070628784    0
6536    1217352.7922436462  658913.73254158988    0
6537    1217367.0664763616  658918.13613174064    0
6538    1217363.990166676  658920.48947024939    0
6539    1217350.5760499896  658916.79496710072    0
6540    1217368.2241158085  658916.62778959621    0
6541    1217371.1288656828  658916.46718949452    0
6542    1217364.7938387087  658905.23028174322    0
6543    1217369.4474153589  658909.18826137797    0
6544    1217369.8146826627  658919.04694595514    0
6545    1217371.7667570945  658906.77131938376    0
6546    1217372.5585916371  658910.42984780471    0
6547    1217355.6593376661  658905.9618825512    0
6548    1217358.1666228489  658922.07550283405    0
6549    1217351.529109132  658910.60381286393    0
6550    1217367.6024491868  658904.80558954249    0
6551    1217362.9173945065  658902.05746474001    0
6552    1217350.8680999724  658921.60820911883    0
6553    1217367.3934807677  658921.75095744443    0
6554    1217374.7451971453  658919.93404062663    0
6555    1217373.7394225642  658913.8974451666    0
6556    1217361.4242754092  658922.55248006212    0
6557    1217351.1167348735  658906.07846437744    0
6558    1217365.8151351155  658902.48498915229    0
6559    1217354.3816566241  658923.96138905804    0
6560    1217364.6483709689  658923.93530184135    0
6561    1217365.0744683461  658897.47105628031    0
6562    1217359.0053259237  658927.71036412916    0
6563    1217370.5529174278  658900.68456451606    0
6564    1217378.2231066735  658907.28889236436    0
6565    1217349.1090116254  658913.40019937605    0
6566    1217356.8439168585  658899.46560272458    0
6567    1217371.6291473962  658923.10762908077    0
6568    1217361.8898298077  658925.91697889112    0
6569    1217376.575966337  658910.99665417662    0
6570    1217346.5875854655  658908.7726481274    0
6571    1217344.2190238591  658917.52776435926    0
6572    1217368.4150653423  658925.85189315979    0
6573    1217365.1692723879  658927.57122457644    0
6574    1217362.1297011019  658929.51922015951    0
6575    1217369.6402789429  658932.08828585292    0
6576    1217357.5711039554  658933.79038792849    0
6577    1217365.610747454  658931.60549200501    0
6578    1217353.2893167257  658902.17357326148    0
6579    1217383.5415250019  658911.87129724573    0
6580    1217378.929045642  658916.13487232907    0
6581    1217373.1624731226  658928.15775862127    0
6582    1217348.7267842866  658928.6050824913    0
6583    1217366.825754635  658938.52189592924    0
6584    1217361.9027200677  658933.84523284086    0
6585    1217345.7344883019  658900.52708948695    0
6586    1217376.1989289301  658924.47798689723    0
6587    1217359.6460602153  658940.99322716729    0
6588    1217350.8374343393  658895.26817880908    0
6589    1217420.3488123384  658906.69042672927    0
6590    1217410.3578807213  658912.47580214252    228
6591    1217413.5871633417  658917.08283036377    230
6592    1217413.1858770628  658912.52516500233    227
6593    1217408.7757869686  658909.39793956291    0
6594    1217412.4912186924  658911.80582520191    227
6595    1217411.0772205216  658911.78114377207    228
6596    1217413.3354916116  658910.29543852527    0
6597    1217411.784219607  658911.79348448699    0
6598    1217411.4368904219  658911.43381458684    228
6599    1217411.0413669837  658910.66434894211    0
6600    1217410.8907486137  658911.22815732367    0
6601    1217410.3285629984  658911.72566448199    0
6602    1217410.0320968893  658910.69675051048    0
6603    1217412.1438895073  658911.44615530176    227
6604    1217412.9133551521  658911.05063186376    0
6605    1217412.3495467703  658910.90001349337    0
6606    1217411.8021553864  658910.18989513745    0
6607    1217412.7657633969  658910.47255215456    0
6608    1217412.1192080774  658912.86015347252    0
6609    1217412.7572349054  658909.44022809749    0
6610    1217411.4183793494  658912.49431321502    0
6611    1217412.1294920065  658912.27098756807    0
6612    1217412.8385478775  658912.16549510206    227
6613    1217413.0442051408  658911.61935329391    0
6614    1217411.8297670896  658912.56042855571    0
6615    1217411.5249002085  658913.14445249573    0
6616    1217411.6791693368  658912.18454776844    0
6617    1217411.286948787  658912.11900085956    0
6618    1217410.7175506214  658912.12847295729    228
6619    1217411.0073045257  658912.42759842984    0
6620    1217411.1460129078  658912.87273458333    0
6621    1217410.8853498963  658913.63622863579    0
6622    1217410.7058992491  658912.76569845236    0
6623    1217410.8350934864  658913.19282744243    0
6624    1217409.0074215282  658913.77992542612    228
6625    1217409.6826511249  658913.12786378432    228
6626    1217410.2405849586  658913.48475950921    0
6627    1217410.0202659231  658912.80183296348    228
6628    1217410.4142108776  658913.08702906314    0
6629    1217409.3113813419  658912.40558208013    0
6630    1217409.8452285468  658912.2827558649    0
6631    1217412.6525425701  658912.69265923731    0
6632    1217413.3297619263  658912.03867610695    0
6633    1217413.9208796283  658911.11823671218    0
6634    1217409.3748406337  658911.45983940735    0
6635    1217414.421419699  658913.80460685608    227
6636    1217413.5890851724  658911.55518545036    0
6637    1217412.6633331859  658913.65988660126    0
6638    1217413.803648381  658913.1648859292    227
6639    1217412.511965255  658913.17790142412    0
6640    1217413.8856033336  658912.46759507433    0
6641    1217413.0656902271  658913.07533447479    0
6642    1217412.0034825138  658913.60235215595    0
6643    1217414.3719057355  658911.80516818946    0
6644    1217413.4947627219  658912.84502546582    227
6645    1217409.5871633417  658917.08283036377    229
6646    1217409.3450363264  658913.45389460528    228
6647    1217409.7891358179  658913.57595250162    0
6648    1217408.6361517452  658913.05764372193    0
6649    1217409.1699989503  658912.9348175067    0
6650    1217410.1659235738  658914.27819137601    0
6651    1217409.4586704005  658913.90938672307    0
6652    1217408.3321919315  658914.43198706792    228
6653    1217409.0462445519  658914.49576902296    0
6654    1217408.8010403872  658912.55274973006    0
6655    1217408.8898586205  658911.90229752974    0
6656    1217407.8822281314  658912.53205508587    0
6657    1217414.7006107627  658912.91684730281    0
6658    1217411.9211174487  658913.20938812091    0
6659    1217412.2381007834  658914.7241764419    0
6660    1217411.447010255  658913.70491002989    0
6661    1217411.830366126  658914.22400387679    0
6662    1217411.0797682803  658914.37722476071    0
6663    1217411.1297978035  658913.96809503459    0
6664    1217411.4372465264  658914.21331445919    0
6665    1217410.6457317544  658914.11652582674    0
6666    1217411.6176263266  658914.81370327796    0
6667    1217410.5807206917  658914.71642469638    0
6668    1217408.3994080748  658910.87768516154    0
6669    1217412.299524222  658914.01972370874    0
6670    1217413.0775067387  658914.44246265676    0
6671    1217412.7523146607  658914.11368113174    0
6672    1217413.382035078  658913.75458239904    0
6673    1217412.6449664696  658914.54506902897    0
6674    1217413.0312063028  658915.21027825435    0
6675    1217412.6074726388  658915.01157469407    0
6676    1217412.4901826794  658915.8128505518    0
6677    1217412.0554457786  658915.33999187627    0
6678    1217411.0845472368  658914.92096741323    0
6679    1217411.4568074557  658915.39274377318    0
6680    1217410.4938044823  658915.65329574083    0
6681    1217410.6786538761  658915.1979774934    0
6682    1217410.9937172299  658915.59106798202    0
6683    1217409.8319845491  658915.11942955549    0
6684    1217410.2671735592  658915.03092535445    0
6685    1217410.1229381331  658915.43589552946    0
6686    1217409.9707614791  658914.68761910079    0
6687    1217408.6220628384  658916.08343953674    229
6688    1217409.4724026399  658914.76566015428    0
6689    1217409.7007570579  658914.30768811051    0
6690    1217409.9482431051  658916.15894385008    0
6691    1217409.5418749149  658915.67813350062    0
6692    1217411.5537907304  658916.25902496022    0
6693    1217408.8533986057  658915.27167013555    0
6694    1217409.3668487463  658915.23257798061    0
6695    1217411.3745611282  658915.8405209491    0
6696    1217411.7841436071  658915.68430982914    0
6697    1217410.8102724322  658916.329815345    0
6698    1217412.4648005259  658915.39991281519    0
6699    1217412.8413862798  658915.58401407278    0
6700    1217414.6220628384  658916.08343953674    230
6701    1217413.0448571097  658916.280208754    0
6702    1217413.5553978446  658915.71158718131    0
6703    1217409.1046130899  658916.58313495026    229
6704    1217412.0674688746  658916.13139176823    0
6705    1217412.539144625  658916.31757212512    0
6706    1217412.552263845  658918.08222119079    230
6707    1217412.0054183218  658916.97916278488    0
6708    1217413.0697135935  658917.58252577728    230
6709    1217411.8975702687  658916.54511277843    0
6710    1217412.3045640367  658916.67441082932    0
6711    1217410.552263845  658918.08222119079    229
6712    1217412.8262021304  658916.76180385577    0
6713    1217411.2890650581  658916.92673103698    0
6714    1217412.4917879058  658917.15738779493    0
6715    1217413.3051811801  658916.68883640517    0
6716    1217414.1046130899  658916.58313495026    230
6717    1217413.3284384676  658917.33267807052    230
6718    1217412.9288946749  658917.17782094004    0
6719    1217413.8716790928  658917.63633762707    0
6720    1217413.4625751327  658917.73046323191    0
6721    1217413.8230482349  658918.36109008268    0
6722    1217413.0908029983  658918.12212965218    0
6723    1217413.5665389989  658916.23509735893    0
6724    1217412.0348268303  658917.65166300919    0
6725    1217412.7554241829  658918.99427730183    0
6726    1217414.0660426277  658915.9625934636    0
6727    1217414.22651763  658914.99119607627    0
6728    1217413.9996781717  658915.45267610333    0
6729    1217413.5503010808  658915.19220280193    0
6730    1217415.1395125869  658915.58374412323    230
6731    1217414.577418983  658915.45017206226    0
6732    1217415.0391910169  658914.44432778284    227
6733    1217414.9755966752  658915.02405168873    0
6734    1217414.614938634  658914.69113832701    0
6735    1217414.0426004103  658914.35168559477    0
6736    1217414.7303053578  658914.12446731946    227
6737    1217415.043876006  658913.5125817263    0
6738    1217415.2007323054  658913.97925523517    0
6739    1217415.8953590251  658913.48608259181    0
6740    1217415.7084339615  658914.41619526083    0
6741    1217409.156578688  658916.05010796816    0
6742    1217408.8673531685  658915.71449427737    0
6743    1217408.1395125869  658915.58374412323    229
6744    1217409.5180594516  658916.35439586162    0
6745    1217409.9269004848  658916.68310568971    0
6746    1217410.3409871692  658916.43745088205    0
6747    1217410.6966807246  658916.91140875535    0
6748    1217410.9768051638  658917.54027438082    0
6749    1217410.0697135935  658917.58252577728    229
6750    1217408.5181318396  658917.63233769801    0
6751    1217411.6194293604  658917.33293525525    0
6752    1217411.4673670097  658917.9611752904    0
6753    1217412.4978738299  658917.62138382345    0
6754    1217413.7927102323  658914.76975334238    0
6755    1217413.5550601541  658914.34398672276    0
6756    1217413.8051049544  658913.95048504975    0
6757    1217415.4503924195  658912.88158206258    0
6758    1217416.7890119862  658914.83538585959    0
6759    1217408.0166322351  658914.73671952449    228
6760    1217408.4927057284  658914.91395601432    0
6761    1217407.2614388969  658914.31458306499    0
6762    1217407.8145338648  658914.21168849163    0
6763    1217407.3685834124  658913.35253450624    0
6764    1217408.3195771803  658913.74328293174    0
6765    1217410.5143191607  658917.36946331779    0
6766    1217410.1184197378  658917.11374381359    0
6767    1217407.0704810848  658916.13325145748    0
6768    1217408.3363397594  658916.84220349404    0
6769    1217409.3014402632  658917.84159432107    0
6770    1217412.0348140965  658918.58191660431    230
6771    1217411.0348140965  658918.58191660431    229
6772    1217414.1125340401  658913.4847463927    227
6773    1217414.252129572  658913.04086661607    0
6774    1217414.3623628428  658912.5665813284    0
6775    1217414.5839652834  658913.3679446301    0
6776    1217415.044779835  658912.24603299575    0
6777    1217407.9396109369  658916.25963128987    0
6778    1217409.8698119437  658918.2584129438    0
6779    1217411.920382994  658918.11678824027    0
6780    1217411.5512292546  658918.45424799901    0
6781    1217411.0071140234  658918.00127571297    0
6782    1217407.3782736757  658917.06827051623    0
6783    1217410.3607095494  658918.75004741107    0
6784    1217408.895156943  658918.9915237464    0
6785    1217410.8433402926  658919.24966509501    0
6786    1217409.6449179465  658918.97386802768    0
6787    1217411.4587359165  658920.2821741394    0
6788    1217410.1749382371  658919.41242204141    0
6789    1217410.6829645727  658920.04490061477    0
6790    1217409.2925632822  658919.9392694924    0
6791    1217408.66980673  658914.10595624696    228
6792    1217413.0505596984  658913.49567049392    0
6793    1217413.4130485361  658913.29827840906    0
6794    1217413.7164431605  658913.54810506385    0
6795    1217413.1588595207  658915.86905957502    0
6796    1217411.2021712682  658916.5059492439    0
6797    1217415.1910943403  658917.1904540637    0
6798    1217416.6742440639  658912.44673541759    0
6799    1217415.4386449745  658910.9109699371    0
6800    1217410.677801464  658921.44861956721    0
6801    1217414.7496492793  658918.05925717996    0
6802    1217415.4077859172  658916.37931444624    0
6803    1217415.8826535079  658912.15850236081    0
6804    1217415.8394142368  658915.79074834147    0
6805    1217416.5985726961  658916.80003314116    0
6806    1217410.6358180856  658909.1668594192    0
6807    1217405.721356686  658913.65607155347    0
6808    1217406.5619933056  658915.16050154599    0
6809    1217414.7863415587  658919.74510851759    0
6810    1217416.6916617232  658911.16778910113    0
6811    1217416.2498111418  658918.27494787332    0
6812    1217406.2870113694  658912.10441976867    0
6813    1217405.675497869  658917.11062614236    0
6814    1217414.5483344642  658910.05218850123    0
6815    1217405.9917795614  658916.07784712047    0
6816    1217407.5238985659  658920.12370890786    0
6817    1217413.7809295494  658909.37115100946    0
6818    1217404.1228176882  658916.0703090938    0
6819    1217405.1870199363  658914.94172313774    0
6820    1217413.154654521  658907.70991699689    0
6821    1217415.2927854999  658908.4404467378    0
6822    1217417.1577394127  658913.62058718724    0
6823    1217413.0005110409  658922.15903184586    0
6824    1217407.3288839092  658918.60181397735    0
6825    1217403.3244783564  658913.41375683865    0
6826    1217416.3566434043  658909.61720402481    0
6827    1217418.8605028561  658912.23274068744    0
6828    1217418.9857162568  658914.83879156609    0
6829    1217417.7166317455  658911.82133968058    0
6830    1217418.1277822149  658910.04601747065    0
6831    1217418.6233975082  658911.09606871137    0
6832    1217420.1150226968  658909.75004552316    0
6833    1217420.2125655976  658911.35764005047    0
6834    1217406.2054748936  658909.53191045544    0
6835    1217404.9053390152  658919.68580748467    0
6836    1217404.6394003318  658912.38271374255    0
6837    1217417.7308509273  658907.30556572671    0
6838    1217418.8674204156  658918.11522164627    0
6839    1217420.6106159354  658913.45468620071    0
6840    1217402.2739939159  658910.72003829316    0
6841    1217405.2278965225  658910.85044192174    0
6842    1217422.8268096249  658910.39226083923    0
6843    1217403.8386405283  658908.79876622756    0
6844    1217408.6090208935  658921.95694604132    0
6845    1217409.3230132174  658906.20121728396    0
6846    1217403.9554442433  658917.99896640657    0
6847    1217401.6361025076  658920.41590840078    0
6848    1217400.8442679651  658916.75737997983    0
6849    1217415.2321089692  658905.12380624108    0
6850    1217417.743521936  658921.22534523334    0
6851    1217421.8737504631  658916.58341491653    0
6852    1217405.8004104153  658922.38163824205    0
6853    1217410.4854650956  658925.12976304453    0
6854    1217399.8736880447  658907.16753094248    0
6855    1217405.9502892515  658906.16869699094    0
6856    1217418.3523220448  658904.07203383802    0
6857    1217399.6634370438  658913.28978262225    0
6858    1217412.1099440365  658904.74321058695    0
6859    1217422.2861247372  658921.10876341024    0
6860    1217407.5877244866  658924.70223863225    0
6861    1217423.6879922561  658902.07400046731    0
6862    1217414.3014915241  658899.76157394983    0
6863    1217408.328391256  658929.71617150423    0
6864    1217408.3012586602  658900.85560210911    0
6865    1217402.8499421743  658926.50266326847    0
6866    1217395.1797529287  658919.89833542018    0
6867    1217424.2938477781  658913.78702846693    0
6868    1217416.5589427436  658927.72162505996    0
6869    1217402.7650249621  658905.77403171151    0
6870    1217399.0109945643  658901.68121851631    0
6871    1217404.7904004354  658902.47877976717    0
6872    1217396.8268932644  658916.19057360699    0
6873    1217426.8152741902  658918.41457963618    0
6874    1217429.1838354892  658909.65946388163    0
6875    1217403.8570002732  658895.85137753864    0
6876    1217424.7977732378  658906.3926041259    0
6877    1217420.1135428778  658925.0136545233    0
6878    1217389.8613345982  658915.31593053951    0
6879    1217431.1348884918  658902.46221666201    0
6880    1217427.6683713004  658926.66013831133    0
6881    1217393.9933809142  658910.58256310539    0
6882    1217422.5654252556  658931.919048968    0
6883    1217028.1922668908  658753.03309774841    0
6884    1217061.5638494946  658694.37452965311    0
6885    1217055.7312177732  658711.26730946579    0
6886    1217056.7893552259  658859.39706265449    0
6887    1217073.6825847244  658913.65084387257    0
6888    1217050.5643810616  658797.77975568408    0
6889    1217122.5900469169  658844.72148402291    0
6890    1217138.7141826698  658664.44142519694    0
6891    1217156.1990309479  658738.90327995655    0
6892    1217189.5747863608  658737.86636662856    0
6893    1217133.5473459437  658750.95387143327    0
6894    1217164.2285431526  658748.85392507573    0
6895    1217266.7672889354  658698.29564873991    0
6896    1217150.3865111833  658803.74149497261    0
6897    1217227.8365271483  658764.95657630672    0
6898    1217284.2300797643  658830.34055214399    0
6899    1217289.3969164903  658743.82810590742    0
6900    1217327.401143908  658770.13251633546    0
6901    1217371.485526036  658798.9199095777    0
6902    1217218.2488356717  658852.16417838226    0
6903    1217224.7640814572  658878.87755565613    0
6904    1217178.9835995184  658910.10545987845    0
6905    1217244.7842912171  658895.42988123768    0
6906    1217250.5747535247  658888.17471487576    0
6907    1217356.5132590099  658878.06807970605    0
6908    1217377.9123803165  658935.9576138939    0
6909    1217379.4651034742  658920.92853171111    0
6910    1217350.7227967023  658885.32324606797    0
6911    1217378.3158118639  658845.02361545211    0
6912    1217394.7749997973  658905.15828938398    0
6913    1216993.809865064  658718.70349121769    52
6914    1217067.3805420471  658687.15796943149    0
6915    1217046.354980333  658712.68467755977    0
6916    1217052.0893712528  658702.51175609825    0
6917    1217066.165592666  658857.97969456052    0
6918    1217059.3562146884  658866.84299659671    0
6919    1217041.1881435539  658799.19712377316    0
6920    1217046.9225347594  658789.02420215425    0
6921    1217128.3805092182  658837.46631767461    0
6922    1217132.9237203621  658671.69659155887    0
6923    1217183.7843240532  658745.12153299048    0
6924    1217127.7568836361  658758.2090377952    0
6925    1217276.143526443  658696.87828065082    0
6926    1217269.2829845245  658705.67925186094    0
6927    1217141.0102737432  658805.15886306658    0
6928    1217147.8708153279  658796.35789187741    0
6929    1217218.4602897081  658766.37394440069    0
6930    1217278.4396174629  658837.59571849229    0
6931    1217283.6064541889  658751.08327225572    0
6932    1217333.1916062157  658762.87734997354    0
6933    1217188.3598370261  658908.68809178937    0
6934    1217379.046731198  658929.9206119139    0
6935    1217384.5604820834  658917.93193128507    0
6936    1217388.2445033565  658906.98571880884    0
6937    1217024.5504205886  658744.27754421858    0
6938    1217018.8160293831  658754.45046583749    0
6939    1217066.7658445246  658868.96840154065    0
6940    1217224.1946806279  658756.20102293917    0
6941    1217182.6254458206  658918.86101340828    0
6942    1217380.8710153124  658925.49971707386    0
6943    1217391.133153277  658896.40273601643    0
6944    1217387.2821822022  658930.73213100981    0
6945    1217038.0287931408  658665.59823731286    0
6946    1217059.8032481808  658659.79692392296    0
6947    1217043.6663117667  658742.51029767434    0
6948    1217062.9444546658  658740.35737047927    0
6949    1217071.2052626398  658700.74450929894    0
6950    1217041.3153103592  658869.91986282135    0
6951    1217056.0553013226  658829.80605437199    0
6952    1217066.0384259375  658787.25695561001    0
6953    1217151.9417958232  658866.28121614153    0
6954    1217130.1673407832  658872.08252953144    0
6955    1217162.2754693148  658693.256323696    0
6956    1217140.5010142738  658699.05763705669    0
6957    1217160.2230374082  658716.30663449143    0
6958    1217181.9974924491  658710.50532113074    0
6959    1217157.1086325888  658779.76876993233    0
6960    1217135.3341775478  658785.57008329302    0
6961    1217255.1891172249  658643.85727714747    59
6962    1217251.2932440594  658708.81844881398    0
6963    1217157.0946838297  658833.6925989812    0
6964    1217165.86055605  658793.21869480575    0
6965    1217243.3105720149  658754.43377613986    0
6966    1217254.878330858  658808.78082002536    0
6967    1217233.3274474237  658796.98287497647    0
6968    1217276.652785898  658802.97950663546    0
6969    1217260.045167584  658722.2683737888    0
6970    1217281.819622624  658716.46706039889    0
6971    1217356.7528928607  658791.69224847259    0
6972    1217334.9784378198  658797.49356183328    0
6973    1217238.1437353126  658840.94622245093    0
6974    1217173.4926792574  658878.07916119054    0
6975    1217163.5095546425  658920.62825995253    0
6976    1217327.1615100573  658856.50834756892    0
6977    1217348.9359650982  658850.70703420823    0
6978    1217274.1360401697  658916.98961337481    0
6979    1217252.3615851288  658922.7909267355    0
6980    1217410.2667979142  658894.63441599777    0
6981    1217051.4811688541  658937.75475459336    54
6982    1217076.4199278881  658907.23602214945    0
6983    1217123.480902805  658850.30121610593    0
6984    1217113.792526688  658848.98707231798    0
6985    1217188.6839304576  658732.2866345552    0
6986    1217198.3723065662  658733.60077831324    0
6987    1217283.3392238761  658824.76082006097    0
6988    1217293.0275999932  658826.07496384892    0
6989    1217288.5060606021  658738.2483738244    0
6990    1217298.1944367192  658739.56251761236    0
6991    1217328.2919998113  658775.71224840882    0
6992    1217318.6036237027  658774.39810465078    0
6993    1217366.6413788949  658801.95982864464    0
6994    1217381.590897931  658801.55367363582    0
6995    1217222.5197315125  658856.3627505434    0
6996    1217212.39465467  658863.49557778705    0
6997    1217230.854444877  658878.90282220452    0
6998    1217245.6751471204  658901.00961331103    0
6999    1217235.9867710117  658899.695469553    0
7000    1217355.6224031067  658872.48834763269    0
7001    1217365.3107792153  658873.80249139073    0
7002    1217369.105135849  658850.29708302428    0
7003    1217381.0531550413  658838.60879372072    0
7004    1217066.489686159  658681.57823734847    0
7005    1217076.178062276  658682.89238113642    0
7006    1217033.6831871518  658785.05939643632    0
7007    1217133.8145762654  658677.27632363222    0
7008    1217124.1262001568  658675.96217987419    0
7009    1217128.6477395394  658763.78876986855    0
7010    1217118.9593634307  658762.47462611052    0
7011    1217389.4530793983  658921.16728515597    0
7012    1217076.957670796  658870.18090206198    0
7013    1217400.2659200728  658937.18458805373    0
7014    1217027.4931155934  658665.93390859559    0
7015    1217036.9394889774  658655.52219709649    0
7016    1217079.3997037346  658625.50719463325    59
7017    1217071.1070706621  658658.7092221427    0
7018    1217038.4435273909  658732.51739846624    0
7019    1217052.1078569754  658739.99455317983    0
7020    1217079.646808275  658698.22876455751    0
7021    1217045.5807997372  658874.8935064465    0
7022    1217032.873764724  658872.43560756277    0
7023    1217049.1436994807  658831.04419740709    0
7024    1217061.8055397084  658782.45425445819    0
7025    1217074.4799711462  658784.7412111155    0
7026    1217152.3698939637  658874.84816208517    0
7027    1217127.7674793571  658883.18208641419    0
7028    1217172.8111469147  658692.92065229721    0
7029    1217162.714130562  658701.84737837233    0
7030    1217138.1011528261  658710.15719387098    0
7031    1217193.3013148627  658709.41761929169    0
7032    1217157.0815548322  658787.29685171961    0
7033    1217132.9343161001  658796.66964010731    0
7034    1217261.2763686744  658666.269350052    0
7035    1217242.8516988507  658711.33419330849    0
7036    1217167.6443101887  658779.43309853354    0
7037    1217174.3021016852  658790.70295006433    0
7038    1217238.0877872575  658744.44087700825    0
7039    1217251.4117183883  658752.18690086016    0
7040    1217254.450232716  658800.21387407847    0
7041    1217244.3426533106  658809.11649130809    0
7042    1217279.052647324  658791.87994975271    0
7043    1217255.8680723202  658715.41400802287    0
7044    1217284.2194840501  658705.36750351614    0
7045    1217366.199641993  658791.06539188139    0
7046    1217357.0218561299  658799.89599534695    0
7047    1217332.578576372  658808.59311864758    0
7048    1217232.9209509369  658830.95332324284    0
7049    1217246.2448816658  658838.69934709999    0
7050    1217162.4774733705  658865.94554485881    0
7051    1217168.7323390183  658930.62115916063    0
7052    1217155.0680094338  658923.14400444704    0
7053    1217316.6258324573  658856.84401896771    0
7054    1217326.0722060204  658846.43230743962    0
7055    1217358.3530272394  658850.39284493856    0
7056    1217284.6717177697  658916.65394197602    0
7057    1217275.2253442067  658927.06565350411    0
7058    1217241.9106759792  658954.41497992259    54
7059    1217241.0577627153  658923.87862857454    0
7060    1217405.0459756975  658884.62492685241    0
7061    1217445.1345462906  658862.38953432383    57
7062    1217064.4719087014  658918.92431146139    0
7063    1217081.0256591141  658902.05276444415    0
7064    1217216.3539982268  658858.36317463638    0
7065    1217238.3027836557  658886.35812799376    0
7066    1217373.1369395293  658890.00263973081    0
7067    1217385.6588862622  658833.42553600785    0
7068    1217393.7893982567  658927.18026631128    0
7069    1217062.2031096069  658648.69736704021    0
7070    1217038.679555088  658876.49623898533    0
7071    1217068.671030195  658780.67000684934    0
7072    1217118.8635183019  658873.1702313117    0
7073    1217184.3973538969  658699.40576431644    0
7074    1217160.2920721781  658708.87431270524    0
7075    1217149.6873598082  658716.64230589021    0
7076    1217129.1971918603  658700.14533889573    0
7077    1217124.0303551343  658786.65778513206    0
7078    1217287.9566083793  658801.8918048552    0
7079    1217251.0889418412  658723.0263987995    0
7080    1217293.1234451053  658715.37935861864    0
7081    1217366.5944947824  658796.50555571727    0
7082    1217362.1871494069  658799.27077856555    0
7083    1217371.1488663268  658793.44058332779    0
7084    1217362.0162370573  658794.10343912581    0
7085    1217377.6976435729  658795.78822023177    0
7086    1217372.6088107144  658784.05448930163    0
7087    1217323.6746154062  658798.58126367233    0
7088    1217249.9617236811  658933.8904835498    0
7089    1217420.7773939506  658890.51443680725    0
7090    1217207.0326441391  658852.12483685918    0
7091    1217227.7674085773  658888.97900907567    0
7092    1217210.0968071376  658857.62952465587    0
7093    1217201.5284856553  658864.36898589181    0
7094    1217203.3016452489  658857.80685393477    0
7095    1217075.4310036907  658743.20938634651    0
7096    1217037.0727289401  658827.38549352542    0
7097    1217016.8935847192  658827.78525677021    0
7098    1217070.2641669656  658829.72183258645    0
7099    1217311.2089346994  658673.67826533562    58
7100    1217227.7138899637  658665.71120280365    0
7101    1217247.0675030313  658666.35357183754    0
7102    1217140.5412012895  658825.00041479792    0
7103    1217170.0862971009  658835.68357185333    0
7104    1217262.4103313333  658793.19427975535    0
7105    1217265.0587321797  658761.85704562627    0
7106    1217344.4623040955  658808.37353217578    0
7107    1217259.8918941829  658848.36949146481    0
7108    1217139.6512070901  658882.96249988535    0
7109    1217339.3677684779  658836.67487817758    0
7110    1217259.7901278597  658882.17783316725    0
7111    1217340.3345660712  658891.94610490301    0
7112    1217384.7328063231  658966.91014891968    54
7113    1217347.6699737753  658940.54294462525    0
7114    1217458.58825636  658923.48446123011    56
7115    1217431.329086253  658958.71547499765    55
7116    1217414.4747857149  658937.1003662647    0
7117    1217137.996174898  658631.62388880469    59
7118    1217142.5014260234  658742.93650432653    0
7119    1217358.8471085834  658890.2027222648    0
7120    1217049.5753541517  658782.56638288288    0
7121    1217342.1456862953  658754.85998286679    0
7122    1217217.9912172544  658786.21549613203    0
7123    1217089.6177800333  658830.36420162034    0
7124    1217018.3469569823  658774.29201758816    0
7125    1217094.7846167206  658743.85175539937    0
7126    1217047.7112008445  658730.40776271792    0
7127    1217051.2683909975  658822.99456419493    0
7128    1217158.0273077148  658879.9614336075    0
7129    1217172.5396876212  658700.59950218804    0
7130    1217248.7928189628  658795.10060255893    0
7131    1217219.6751434607  658837.06672845199    0
7132    1217089.8065622551  658893.87675455376    0
7133    1217087.3089732002  658912.27388775779    0
7134    1217243.7794076935  658881.3934981093    0
7135    1217394.4397893737  658825.24952608009    0
7136    1217391.9422003634  658843.64665931684    0
7137    1217393.5319987291  658934.44542128209    0
7138    1217050.2145426359  658644.99816542445    0
7139    1217029.0501351857  658884.08334193146    0
7140    1217149.9588191018  658708.96345599939    0
7141    1217389.1948703534  658792.22168597986    0
7142    1217261.9502906462  658937.58968524844    0
7143    1217427.795890541  658894.89345356415    0
7144    1217189.4399101308  658836.32594090619    0
7145    1217188.8289094269  658888.84654003871    0
7146    1217067.5411996683  658748.99212913611    0
7147    1217041.7559053875  658817.83530778601    0
7148    1217065.6166481259  658839.31967095297    0
7149    1217276.6125988439  658677.03672890016    0
7150    1217140.6911148096  658832.71269619022    0
7151    1217270.344529374  658787.63734846481    0
7152    1217272.1642411461  658756.68128249061    0
7153    1217266.997405194  658843.19372947956    0
7154    1217367.3297216464  658951.6508823086    0
7155    1217442.0817593476  658909.29280222231    0
7156    1217433.8283987448  658937.74273531756    0
7157    1217147.6682627494  658656.4240580902    0
7158    1217159.4515812332  658872.69922536518    0
7159    1217247.3685454477  658802.36281080171    0
7160    1217080.4751188054  658912.7579124422    0
7161    1217385.1083459584  658844.13068402908    0
7162    1217392.3614697633  658946.96989258286    0
7163    1217386.1611083869  658939.73516304896    0
7164    1217195.7547591948  658848.78536417254    0
7165    1217078.3195395374  658773.0829713085    0
7166    1217132.1922470811  658829.0203018724    0
7167    1217167.6491342336  658872.31732979987    0
7168    1217239.1709924473  658802.74470636726    0
7169    1217099.0885456353  658941.91981092561    54
7170    1217078.5580121996  658924.45635935303    0
7171    1217389.3270706779  658855.20910088846    0
7172    1217193.1927978275  658858.59596266213    0
7173    1217084.3799218424  658919.40412823658    0
7174    1217382.6121149699  658851.4237288374    0
7175    1217097.6558467473  658920.69104560278    0
7176    1217379.69904127  658864.43988578767    0
7177    1217087.18670144  658940.87854684261    54
7178    1217088.3081463936  658929.81133304443    0
7179    1217101.8569889213  658727.23320504301    0
7180    1217009.061759542  658846.59475670895    0
7181    1217096.6901521108  658813.74565119471    0
7182    1217196.5926460614  658637.74058297602    59
7183    1217220.6415178862  658682.32975322928    0
7184    1217378.0128894318  658740.58486809197    58
7185    1217315.9004727514  658894.64310822159    0
7186    1217268.7954614859  658867.43491803564    0
7187    1217170.5008723545  658758.42965743807    0
7188    1217026.7677557953  658703.73299793829    0
7189    1217054.8412871973  658696.1315565675    0
7190    1217175.6642156669  658748.55371759646    0
7191    1217198.6978968894  658751.08597720636    0
7192    1217068.6486923187  658694.13258968492    0
7193    1217073.9785071881  658689.56090385665    0
7194    1217084.0257336211  658689.1778818568    0
7195    1217318.2780333795  658756.91290575766    0
7196    1217390.1707505893  658809.81726023997    0
7197    1217123.8006098336  658658.47698098107    0
7198    1217085.5375234664  658878.44448867021    0
7199    1217132.0150516867  658897.50850254484    0
7200    1217229.1538484462  658718.01808050496    0
7201    1217168.4681729402  658786.54790070537    0
7202    1217176.058408028  658782.0638839918    0
7203    1217248.7937742432  658742.90319161944    0
7204    1217243.6269375123  658829.41563785751    0
7205    1217146.6959224166  658946.08486725797    54
7206    1217293.3531902735  658843.56016270455    0
7207    1217248.5059864498  658716.09840822197    0
7208    1217239.4606149395  658723.41628005519    0
7209    1217162.7430715973  658840.21771284984    0
7210    1217340.6291427498  658819.24432832992    0
7211    1217142.3888134724  658749.7727690679    0
7212    1217342.0330737443  658761.69624760817    0
7213    1217041.1783377759  658723.12011861464    0
7214    1217054.4813239246  658733.10445930297    0
7215    1217044.0933471869  658735.92581521743    0
7216    1217044.2501464491  658825.44732809986    0
7217    1217196.5122823315  658819.70739054983    0
7218    1217083.2705825295  658891.11224883224    0
7219    1217089.4223982105  658885.67641955521    0
7220    1217387.9038096413  658822.48502042156    0
7221    1217394.0556252522  658817.04919112427    0
7222    1217022.9456617767  658875.62794871    0
7223    1217038.0190772442  658887.66223766434    0
7224    1217431.5405792326  658881.07765215356    0
7225    1217270.8984397366  658776.4966537765    0
7226    1217438.9153950261  658921.32959474914    0
7227    1217147.5556501984  658663.26032283157    0
7228    1217377.7304341875  658947.2497291225    0
7229    1217069.3407298843  658769.51395259285    0
7230    1217084.4075077821  658781.54939441243    0
7231    1217130.505370097  658814.83683804097    0
7232    1217164.8292942778  658878.64559595671    0
7233    1217231.201821832  658814.49756811454    0
7234    1217241.9908324005  658796.41644020996    0
7235    1217180.1155064024  658865.51828541851    0
7236    1217094.4053106362  658728.00416617037    0
7237    1217097.3547817587  658720.1147473274    0
7238    1217098.979980428  658735.82300705917    0
7239    1217016.9739348744  658848.73527350044    0
7240    1217089.2384738571  658814.51661237027    0
7241    1217092.18794492  658806.62719357992    0
7242    1217093.8131436908  658822.33545324439    0
7243    1217173.5365066207  658655.12156304333    0
7244    1217228.0931961399  658681.55879205372    0
7245    1217225.1437250769  658689.44821084407    0
7246    1217223.5185263061  658673.7399511796    0
7247    1217367.995253229  658753.57334435801    0
7248    1217322.4405077982  658889.09068214893    0
7249    1217332.5020887412  658906.06304290809    0
7250    1217261.3437832322  658868.20587921119    0
7251    1217264.2932542951  658860.31646042084    0
7252    1217265.8935649248  658875.78416527528    0
7253    1217285.3970774757  658878.85485272214    0
7254    1217033.3077908421  658698.18057186564    0
7255    1217185.218687006  658759.83671125968    0
7256    1217192.1412561857  658745.85301920574    0
7257    1217087.8650364934  658696.62011211331    0
7258    1217324.8346740832  658762.14586375828    0
7259    1217298.5200269995  658757.04771646799    0
7260    1217130.3572505373  658663.70993898169    0
7261    1217137.9818050615  658891.36348267749    0
7262    1217139.584189527  658899.55621599685    0
7263    1217132.5850706229  658910.41457448003    0
7264    1217234.9940505892  658712.60887617071    0
7265    1217223.1134842883  658705.63905581646    0
7266    1217230.1056431369  658707.33096727391    0
7267    1217225.2071775564  658712.28064980253    0
7268    1217228.1660643171  658700.05246483767    0
7269    1217217.6763336177  658721.68711176026    0
7270    1217219.0768487605  658696.91017158411    0
7271    1217215.0187851416  658711.84162981971    0
7272    1217175.2149527345  658769.99063726387    0
7273    1217183.599264831  658788.09498636832    0
7274    1217141.3701590293  658929.82789164351    0
7275    1217286.7965495822  658838.32720470976    0
7276    1217159.6819581604  658846.80152139149    0
7277    1217172.1187376555  658848.58041844738    0
7278    1217165.3320544048  658851.66407278343    0
7279    1217172.6225113829  658858.69924050779    0
7280    1217163.6688277556  658858.75764990051    0
7281    1217345.0044947062  658825.13206004235    0
7282    1217335.4895459404  658827.63331276341    0
7283    1217189.0606040463  658820.47835167719    0
7284    1217192.0100751689  658812.58893283422    0
7285    1217193.6352738382  658828.29719256598    0
7286    1217099.4598124453  658875.62507417251    0
7287    1217418.2541133345  658808.17786148353    57
7288    1217427.5831731474  658887.42040959385    0
7289    1217419.0549598322  658877.69350118143    0
7290    1217454.0946906095  658880.46009193733    57
7291    1217440.0687925478  658890.80456056597    0
7292    1217270.4725943892  658768.18199521257    0
7293    1217433.8873194691  658915.62986551225    0
7294    1217133.7806665723  658821.63934263471    0
7295    1217122.2243595833  658823.01376488525    0
7296    1217138.0532862593  658815.39239145815    0
7297    1217134.7374595441  658808.89030393667    0
7298    1217122.7708510805  658804.85302230273    0
7299    1217230.6483730513  658805.54406812496    0
7300    1217236.9601328636  658809.82383350527    0
7301    1217241.3666340378  658816.93512203253    0
7302    1217174.9084227411  658870.79921534425    0
7303    1217170.0034520582  658865.45994286076    0
7304    1217186.0615433513  658876.5887755095    0
7305    1217111.3977661612  658716.21597159852    0
7306    1217114.6476794945  658736.29393351404    0
7307    1216996.5845393492  658875.35887077637    53
7308    1217015.1765790358  658839.68550997635    0
7309    1217095.7802620144  658792.50270713039    0
7310    1217105.0152590619  658833.2995390452    0
7311    1217166.9964715738  658660.67398911598    0
7312    1217207.8508272208  658673.26902486302    0
7313    1217361.4637045353  658759.11856559943    0
7314    1217309.9727751049  658881.03318415955    0
7315    1217325.174283711  658898.93858222314    0
7316    1217339.9537669949  658905.29208173254    0
7317    1217337.0042959319  658913.18150052289    0
7318    1217335.4838913053  658898.48612227151    0
7319    1217268.075370546  658852.13886533352    0
7320    1217278.8570424288  658884.4072787948    0
7321    1217038.6136262701  658706.52806188795    0
7322    1217020.8400581488  658690.12307387625    0
7323    1217182.2034815997  658752.70312215621    0
7324    1217190.1235619199  658753.55950867932    0
7325    1217177.8986400189  658758.72670433263    0
7326    1217198.001550396  658764.77008890582    0
7327    1217180.6412305576  658765.33180728101    0
7328    1217192.3595507934  658760.36154832423    0
7329    1217184.5747910184  658775.40283068782    0
7330    1217198.7870309995  658757.95028641471    0
7331    1217188.2789784751  658767.04003303545    0
7332    1217210.1133422076  658754.37047920853    0
7333    1217206.3845093732  658762.28047263855    0
7334    1217200.3356892397  658742.30984918098    0
7335    1217098.2736021704  658686.53910784679    0
7336    1217316.6402410292  658765.68903378304    0
7337    1217329.652661765  658749.38510635996    0
7338    1217291.9633863082  658751.81475847319    0
7339    1217122.1628174833  658667.25310900644    0
7340    1217135.1752382191  658650.94918158336    0
7341    1217130.5763331396  658890.1421819753    0
7342    1217119.0932213559  658896.20861098496    0
7343    1217122.7607386452  658889.24945964362    0
7344    1217109.3989936709  658886.6537127496    0
7345    1217119.5642497053  658881.51230144268    0
7346    1217115.6881196084  658889.96812236356    0
7347    1217107.0531646586  658898.72899215727    0
7348    1217147.2103611722  658924.41868730925    0
7349    1217153.0233217843  658935.39590679086    0
7350    1217137.5605973091  658919.85741659964    0
7351    1217294.9909826173  658834.78403470269    0
7352    1217169.183255384  658842.4344555916    0
7353    1217178.7316458521  658840.27586962888    0
7354    1217195.6023912975  658798.46444601379    0
7355    1217208.108067611  658828.36790575949    0
7356    1217092.9241701127  658879.13591411815    0
7357    1217090.3762081591  658866.55405974679    0
7358    1217100.2395801418  658884.91532726982    0
7359    1217407.8317414334  658820.5129823368    0
7360    1217435.0530420071  658896.21281408193    0
7361    1217444.241037339  658899.70399893622    0
7362    1217284.4589307394  658771.63390236732    0
7363    1217124.4429594493  658830.60613967688    0
7364    1217120.7290861765  658837.2979093414    0
7365    1217114.413740145  658829.41647954879    0
7366    1217221.2363399705  658797.89895729837    0
7367    1217100.9470978873  658705.99026050698    0
7368    1217104.9646718286  658720.28470734705    0
7369    1217101.3071059298  658713.60088704643    0
7370    1217113.223352965  658726.22247761884    0
7371    1217094.8323690747  658710.093335654    0
7372    1217107.7587763788  658709.4818734352    0
7373    1217093.8708109676  658702.05248021334    0
7374    1217110.1368702783  658696.45237264095    0
7375    1217119.6152971608  658707.42508791026    0
7376    1217121.3541772389  658747.16062451305    0
7377    1217106.5484289918  658744.88834696217    0
7378    1217106.8849015338  658733.69392270094    0
7379    1217009.4720343496  658860.77170650952    0
7380    1216987.4851655476  658832.4959309469    52
7381    1217018.8941284022  658834.14789553138    0
7382    1217011.273029332  658833.04829956556    0
7383    1217023.088032875  658829.33342094522    0
7384    1217022.5553765972  658818.29810007184    0
7385    1217029.4768578415  658824.0266024482    0
7386    1217005.3649615806  658821.10620529915    0
7387    1217091.8524554062  658799.02280280204    0
7388    1217088.0841429485  658792.30957941746    0
7389    1217104.6170397243  658802.26925247733    0
7390    1217092.1200021494  658784.92234624515    0
7391    1217097.7595166329  658829.50810398348    0
7392    1217161.1331919907  658647.60919514764    0
7393    1217179.4642042671  658668.73148710537    0
7394    1217215.6136052117  658675.86903560988    0
7395    1217355.5580099528  658745.54315860721    0
7396    1217373.9009478115  658767.14875135012    0
7397    1217317.4226679618  658883.18032009061    0
7398    1217311.9180103717  658888.28179548297    0
7399    1217315.6906095459  658875.19205149775    0
7400    1217303.3715879465  658898.059487844    0
7401    1217300.9683431922  658887.33492799115    0
7402    1217333.4119788376  658927.30598697241    0
7403    1217275.789485692  658846.67172855441    0
7404    1217273.3769905288  658859.55425761198    0
7405    1217273.7788021883  658877.98578560201    0
7406    1217028.2899510057  658692.27020980732    0
7407    1217022.7852934157  658697.37168519967    0
7408    1217026.5578925898  658684.28194121446    0
7409    1216995.0748049673  658695.9450032718    52
7410    1217014.2388709905  658707.14937756071    0
7411    1217011.8356262362  658696.42481770786    0
7412    1217195.2989759573  658775.15120397182    0
7413    1217213.6015379145  658760.84873918723    0
7414    1217217.2278250128  658754.7179448012    0
7415    1217211.2356175124  658767.82822670473    0
7416    1217214.2461679603  658742.75891570968    0
7417    1217216.057533643  658773.11011090281    0
7418    1217203.9176598252  658769.33240142488    0
7419    1217222.5010044337  658747.0520097405    0
7420    1217208.8625816617  658774.83655297349    0
7421    1217213.9346475017  658780.11868910876    0
7422    1217205.8634382628  658789.88688909577    0
7423    1217206.4928180766  658782.18831425963    0
7424    1217196.7486599523  658785.26671653637    0
7425    1217205.8031436419  658747.87106573395    0
7426    1217091.5479080386  658690.00876356941    0
7427    1217089.1631945504  658677.13267634972    0
7428    1217098.3509460876  658694.94251442514    0
7429    1217303.1951660861  658773.29595553665    0
7430    1217308.4169969168  658759.61353447428    0
7431    1217329.5281337714  658756.62801445054    0
7432    1217335.4674860938  658753.1076057324    0
7433    1217338.7264755168  658741.61397242872    0
7434    1217340.3057371068  658748.27062347077    0
7435    1217347.2523473084  658743.10690832511    0
7436    1217346.957593739  658749.96478769067    0
7437    1217300.1578193433  658748.27158846613    0
7438    1217108.7177425402  658674.86003076006    0
7439    1217135.0507102255  658658.19208967395    0
7440    1217140.9900625478  658654.6716809558    0
7441    1217152.6452926889  658633.15306234756    59
7442    1217147.2320136803  658644.48528489808    0
7443    1217141.2672321845  658647.83587469324    0
7444    1217133.8765796965  658640.89108062466    0
7445    1217141.1194470029  658640.58818311186    0
7446    1217145.3207337935  658632.38847557618    59
7447    1217142.9250090471  658619.87289025902    0
7448    1217149.7893761671  658625.04600447044    0
7449    1217111.403590444  658877.99732870725    0
7450    1217308.436057562  658827.17711303779    0
7451    1217191.6745851163  658804.98454201664    0
7452    1217187.906273013  658798.27131935942    0
7453    1217204.4391697701  658808.23099081928    0
7454    1217191.9267613273  658791.4965613354    0
7455    1217199.0673668492  658792.18322778353    0
7456    1217205.1772902883  658799.06095757766    0
7457    1217200.8285087356  658837.16646731272    0
7458    1217200.8833210017  658825.94809942192    0
7459    1217205.9485004998  658817.74930187385    0
7460    1217103.6761802931  658891.80745698267    0
7461    1217097.663896278  658899.02539695532    0
7462    1217096.4803560439  658891.09263213293    0
7463    1217400.4209327388  658820.86015922984    0
7464    1217403.5512309733  658808.41040417471    0
7465    1217404.7014431988  658832.96273739205    0
7466    1217276.9448054861  658772.01874742785    0
7467    1217277.6984427862  658763.37008057185    0
7468    1217281.2029146943  658781.60929253418    0
7469    1217289.1402111461  658762.07611322997    0
7470    1217227.464256773  658799.84787399834    0
7471    1217221.9027522786  658806.69474194676    0
7472    1217226.7978444651  658791.05208934983    0
7473    1217126.7107954079  658751.43582566699    0
7474    1217121.1384253497  658755.76383750595    0
7475    1217129.5114169731  658742.43339267455    0
7476    1217109.77553479  658755.7833665316    0
7477    1217011.4064627034  658853.62131349975    0
7478    1217016.3660434093  658858.79991279007    0
7479    1216998.7878313016  658854.04439909116    0
7480    1217015.5075051212  658868.83589919307    0
7481    1217032.0544047663  658813.8665710967    0
7482    1217099.3298615001  658807.09313243884    0
7483    1217109.9643132223  658813.43951876857    0
7484    1217093.8511234121  658770.45995480788    0
7485    1217106.5071656012  658782.64922620507    0
7486    1217095.1067927836  658843.42311746429    0
7487    1217166.246340496  658653.16256440792    0
7488    1217159.1900410184  658654.52890759206    0
7489    1217181.9435282706  658636.21140943328    59
7490    1217172.5495576179  658644.25015337684    0
7491    1217153.4759861717  658649.19163389259    0
7492    1217154.6883337144  658641.08804416377    0
7493    1217172.0143114103  658666.5843511743    0
7494    1217177.5189690003  658661.48287578195    0
7495    1217173.7463698261  658674.57261976716    0
7496    1217186.0653914255  658651.70518342091    0
7497    1217188.4686361798  658662.42974327377    0
7498    1217207.4252415758  658687.4282416791    0
7499    1217215.4693478167  658663.41118291917    0
7500    1217360.5628359346  658751.4381920388    0
7501    1217371.3324939585  658733.89420781634    58
7502    1217366.932107463  658743.27051586355    0
7503    1217366.4685305171  658765.01359903091    0
7504    1217371.9536603496  658759.9236002519    0
7505    1217368.1983132444  658772.99587922764    0
7506    1217384.693284905  658747.27552836761    58
7507    1217382.8640983219  658760.85805951315    0
7508    1217377.0629318578  658752.32989915553    0
7509    1217303.1557283793  658868.64090008056    0
7510    1217289.1236527336  658891.83039061807    0
7511    1217337.3397854457  658920.78589130077    0
7512    1217341.1080979034  658927.49911468534    0
7513    1217324.5752011277  658917.53944162547    0
7514    1217344.0243265417  658934.20450162259    0
7515    1217337.1254295418  658962.74509258731    54
7516    1217337.1139782793  658933.22303011571    0
7517    1217339.5335743695  658941.00506761961    0
7518    1217325.4612672401  658936.39695154806    0
7519    1217284.9661700546  658847.34463504318    0
7520    1217279.9225529667  658868.63170659577    0
7521    1217014.0230114232  658677.73078979726    0
7522    1217207.4980236911  658736.11931546812    0
7523    1217224.2662526609  658733.57494033198    0
7524    1217230.3118999796  658750.33732175024    0
7525    1217311.0657297221  658771.52160687093    0
7526    1217351.2913075387  658713.82222698932    58
7527    1217354.5461460911  658733.61684954306    0
7528    1217313.602894288  658740.66466680123    0
7529    1217116.5883061762  658673.08568209433    0
7530    1217109.3683321592  658660.32452917448    0
7531    1217160.8261423982  658625.71458737156    0
7532    1217104.8276673243  658879.85237991868    0
7533    1217106.2942691711  658872.46836331568    0
7534    1217099.4260945607  658866.57522583206    0
7535    1217300.5654939385  658828.95146165893    0
7536    1217307.7854678244  658841.71261449717    0
7537    1217199.1519919981  658813.05487164028    0
7538    1217212.9571932971  658795.03013949969    0
7539    1217102.7052438112  658909.8600958077    0
7540    1217089.7167857147  658902.58361532062    0
7541    1217397.0370392783  658810.78821348713    0
7542    1217394.9580016825  658800.72690210503    0
7543    1217279.1736938152  658756.51562931016    0
7544    1217135.9319304  658744.60825923376    0
7545    1217136.3243876863  658732.88510510477    0
7546    1217122.1646709424  658739.15757953504    0
7547    1217105.8050306852  658822.94969318225    0
7548    1217090.8029185641  658777.42989208747    0
7549    1217085.9838977857  658771.1708469931    0
7550    1217099.6205018633  658777.13462557434    0
7551    1217078.9842429324  658759.43073216337    0
7552    1217080.7122683823  658766.3571678577    0
7553    1217074.0298924984  658764.3455306011    0
7554    1217089.7772180866  658760.41684626974    0
7555    1217067.1811534506  658762.84324708884    0
7556    1217069.769387566  658755.98028719414    0
7557    1217074.7434498041  658750.54498762859    0
7558    1217084.0205120258  658747.71448917675    0
7559    1217099.6566400242  658785.95707713778    0
7560    1217107.0912921818  658792.60655620205    0
7561    1217094.3331200196  658836.06526529044    0
7562    1217100.8187093728  658839.10291197186    0
7563    1217082.5315134272  658841.02579722402    0
7564    1217109.5997800017  658841.03370567586    0
7565    1217103.3735550116  658848.41685515514    0
7566    1217159.9698515842  658633.91764911893    59
7567    1217162.9789596964  658640.55716809898    0
7568    1217186.2812509928  658681.12377118436    0
7569    1217209.7749239183  658680.41286207107    0
7570    1217214.4149681535  658685.86814905819    0
7571    1217198.0162058822  658680.37566193694    0
7572    1217212.3888563148  658693.22868354595    0
7573    1217211.4477794801  658702.85392555618    0
7574    1217202.0243229712  658697.07395127125    0
7575    1217221.0679695224  658667.34892821813    0
7576    1217222.5925885004  658659.23236302705    0
7577    1217379.0755212319  658719.48265653814    0
7578    1217377.0136025434  658775.88890655979    0
7579    1217384.4867501566  658754.16214959777    0
7580    1217312.0412157897  658866.90714173834    0
7581    1217308.4344782045  658873.80822280794    0
7582    1217301.8351877513  658878.98954879306    0
7583    1217282.6547861225  658889.9659965653    0
7584    1217287.5111510996  658885.27059591736    0
7585    1217283.940136594  658897.66090389364    0
7586    1217293.6097194299  658879.70485623903    0
7587    1217294.1135056077  658887.1257190028    0
7588    1217293.5910178993  658901.02143765264    0
7589    1217297.3410499643  658893.77930977126    0
7590    1217329.8623793519  658912.71556166396    0
7591    1217320.8146093537  658908.10824619175    0
7592    1217344.2696535788  658952.53307131678    0
7593    1217294.6075892327  658857.52587158582    0
7594    1217279.857745606  658854.10074352915    0
7595    1217019.3017612484  658682.89811252465    0
7596    1217012.7024707953  658688.07943850977    0
7597    1217022.7448004761  658674.10087707744    0
7598    1217205.8838574321  658724.17569712957    0
7599    1217220.9289534616  658739.99195774551    0
7600    1217215.0343270304  658735.2088403271    0
7601    1217229.9285020174  658740.59603074763    0
7602    1217210.536912404  658729.62772763497    0
7603    1217217.447737152  658728.66142109409    0
7604    1217224.9654001177  658725.41692601261    0
7605    1217310.0696952576  658785.4465419238    0
7606    1217362.9084319887  658735.62494225393    0
7607    1217344.5447826579  658733.47801223129    0
7608    1217305.7323306645  658742.43901542237    0
7609    1217116.1536128831  658685.53961645125    0
7610    1217116.8822353594  658661.72676637361    0
7611    1217111.9576184009  658667.28259522817    0
7612    1217115.3004104085  658649.37020809541    0
7613    1217101.4009120637  658667.25022865587    0
7614    1217154.9265693869  658611.08847316983    0
7615    1217109.5970681508  658861.67027041304    0
7616    1217301.5615284706  658815.02652664913    0
7617    1217300.271564682  658840.31037731061    0
7618    1217305.196181597  658834.75454852008    0
7619    1217302.2571945512  658850.50314241741    0
7620    1217315.7528876711  658834.78691513033    0
7621    1217212.8211333542  658804.29095423268    0
7622    1217102.5002126289  658903.36528597493    0
7623    1217110.1998968327  658906.37285993341    0
7624    1217095.8730405276  658906.8251368074    0
7625    1217121.2649058525  658730.22166783118    0
7626    1217128.6077379473  658734.58382583689    0
7627    1217130.2163493217  658723.51486272656    0
7628    1217099.9639655279  658819.61886303651    0
7629    1217103.3341205246  658813.89124834002    0
7630    1217106.2860664842  658808.33529845264    0
7631    1217113.7719631295  658803.012977454    0
7632    1217105.0383280364  658766.62085331394    0
7633    1217094.9256529359  658856.08861590759    0
7634    1217177.3957635823  658682.85752952658    0
7635    1217181.0025011676  658675.95644845697    0
7636    1217187.6017916207  658670.77512247185    0
7637    1217211.2417638523  658639.26975651889    59
7638    1217240.539999434  658642.32810360461    59
7639    1217399.1167076514  658739.55463736539    0
7640    1217381.7289220646  658730.19413324422    0
7641    1217382.8008383259  658784.28157580807    0
7642    1217290.511610325  658869.53862052527    0
7643    1217291.5550170878  658850.76086394209    0
7644    1217286.9812783855  658856.89587991056    0
7645    1217281.1192072267  658861.36074352614    0
7646    1216995.7072749189  658684.56575929886    52
7647    1217004.5856850364  658655.34667842637    51
7648    1217233.9250673379  658731.57920645585    0
7649    1217308.4661804512  658778.33375424647    0
7650    1217315.1635625497  658780.56103186228    0
7651    1217297.4854495756  658784.54640541598    0
7652    1217318.008233692  658788.62533283967    0
7653    1217306.7283651966  658728.51408041257    0
7654    1217311.5818462935  658750.04290023609    0
7655    1217303.1650432367  658822.13931431517    0
7656    1217296.4676611677  658819.91203667165    0
7657    1217314.1457741137  658815.92666321795    0
7658    1217293.6229900215  658811.84773564723    0
7659    1217305.9665645866  658859.41051766113    0
7660    1217215.1233007582  658813.95053924213    0
7661    1217112.2292527815  658920.53153443988    0
7662    1217121.0384832388  658720.5924038724    0
7663    1217117.0096228537  658810.10385767196    0
7664    1217116.3737305438  658817.86887108651    0
7665    1217123.0434075494  658814.50652018411    0
7666    1217119.9917674738  658795.51943854371    0
7667    1217107.3922041941  658774.48663294094    0
7668    1217183.4142674825  658690.06639945717    0
7669    1217198.2629578391  658667.66480091796    0
7670    1217213.1922539151  658651.36906672758    0
7671    1217235.1416840795  658654.57625856553    0
7672    1217387.2602134848  658738.03213461896    0
7673    1217003.5935966938  658691.35099850991    0
7674    1217013.7084739686  658664.68191829463    0
7675    1217308.7732278316  658800.18629984139    0
7676    1217308.3318799627  658735.6268680786    0
7677    1217301.6344978937  658733.39959043509    0
7678    1217319.3126108397  658729.41421698139    0
7679    1217298.7898267475  658725.33528941066    0
7680    1217109.0777671319  658913.75846479426    0
7681    1217120.7848478896  658911.75912901026    0
7682    1217104.93373983  658919.80638867931    0
7683    1217110.9903898307  658942.96107500873    54
7684    1217102.6040644639  658931.01982555131    0
7685    1217107.9734239352  658926.28662795899    0
7686    1217119.6347765839  658930.45895471913    0
7687    1217110.4047749159  658934.45687374996    0
7688    1217113.1679736669  658768.47310861782    0
7689    1217116.4258410302  658779.59539273544    0
7690    1217192.6164005201  658688.08569163643    0
7691    1217179.1211470168  658695.23972832586    0
7692    1217229.622162604  658658.93925169157    0
7693    1217225.7403590751  658650.28379525454    0
7694    1217237.3145074665  658662.99785297434    0
7695    1217016.3984639952  658671.14530388464    0
7696    1217000.4627149536  658664.26659687608    51
7697    1217020.5727636486  658665.61654132628    0
7698    1217006.8709748723  658671.31907518301    0
7699    1217018.6888422922  658653.77838389645    0
7700    1217024.3460785146  658658.94707486301    0
7701    1217031.4665466775  658629.97784453724    50
7702    1217028.3668493214  658648.86593544506    0
7703    1217311.6459655289  658793.01208196266    0
7704    1217316.1815628363  658798.99051670136    0
7705    1217301.8837670602  658793.26531883189    0
7706    1217320.4363884465  658808.09239079768    0
7707    1217313.479836684  658805.79891676141    0
7708    1217305.4568401391  658807.74707907613    0
7709    1217308.0248327577  658713.77432242769    0
7710    1217105.0394677329  658942.44044296711    54
7711    1217102.5164613081  658937.00848554599    0
7712    1217107.1524904233  658952.55859153497    0
7713    1217094.5545249481  658935.10330022662    0
7714    1217101.5149278981  658948.45620068221    0
7715    1217097.5380090314  658959.84614167339    0
7716    1217092.5545472263  658948.06385072554    0
7717    1217116.9413119284  658943.48170705035    54
7718    1217114.3828335069  658938.45520121919    0
7719    1217120.3690313913  658938.57262438699    0
7720    1217119.0543346191  658953.59985561774    0
7721    1217134.7940782213  658945.04360317485    54
7722    1217113.4167720934  658949.49746476545    0
7723    1217129.4438744404  658937.65664785693    0
7724    1217112.8275896062  658956.23193134193    0
7725    1217105.8378481362  658960.81015958986    0
7726    1217120.3010530891  658965.23063271551    0
7727    1217200.0102168946  658687.51811163698    0
7728    1217219.6695375841  658653.17622561764    0
7729    1217218.5663227476  658640.03434329026    59
7730    1217220.2192352759  658646.51283376035    0
7731    1217216.1705980012  658627.51875797356    0
7732    1217223.0349651214  658632.69187218463    0
7733    1217233.2154405387  658641.56351683324    59
7734    1217230.2282081645  658634.71443350066    0
7735    1217237.539994726  658635.60137618368    0
7736    1217229.9820036779  658621.78738849168    0
7737    1217248.7473860478  658634.63541141327    0
7738    1217234.7326324838  658628.16277656169    0
7739    1217242.9182877901  658617.105562057    0
7740    1217242.6527813571  658629.42273100547    0
7741    1217244.9954140938  658656.52503347769    0
7742    1217300.8257720785  658801.20802793256    0
7743    1217305.1520949828  658720.94854031969    0
7744    1217300.6164977073  658714.97010551149    0
7745    1217314.9142934545  658720.69530351332    0
7746    1217296.2400983607  658703.64232881356    0
7747    1217303.2050813418  658707.46074369457    0
7748    1217306.0478775753  658694.01388968562    0
7749    1217324.5697256457  658687.05958588677    58
7750    1217302.5970987533  658700.30828579399    0
7751    1217315.5361716975  658703.04373215244    0
7752    1217293.8956834103  658691.44479718455    0
7753    1217308.7040172152  658703.3912467336    0
7754    1217311.8263265211  658697.44199677685    0
7755    1217317.8893301724  658680.36892561114    58
7756    1217320.8443932857  658695.49894957233    0
7757    1217313.3105640269  658688.35599536379    0
7758    1217312.4064464287  658708.84718389949    0
7759    1217323.5848537504  658711.1299163521    0
7760    1217095.4196866066  658927.7496627717    0
7761    1217090.7899047062  658922.39943947748    0
7762    1217092.8505474948  658916.02993003442    0
7763    1217080.2469283717  658951.66066726809    0
7764    1217137.732268499  658937.28454562696    0
7765    1217100.0910118311  658974.07701554999    0
7766    1217253.0082027125  658623.48450432334    0
7767    1217294.1107453203  658796.27174552123    0
7768    1217325.6323574458  658665.9573743334    0
7769    1217331.250121119  658693.75024616241    58
7770    1217302.8119904669  658682.36990677612    0
7771    1217323.59332479  658703.07271558279    0
7772    1217133.274869079  658930.49416762078    0
7773    1217145.3854992788  658936.4026014863    0
7774    1217286.5527659988  658794.17504069326    0
7775    1217328.2857582783  658676.66885103926    0
7776    1217310.3326382898  658681.23362067947    0
7777    1217306.8282963005  658687.525388357    0
7778    1217300.5361541475  658690.05977111321    0
7779    1217295.9139690385  658684.51012067555    0
7780    1217284.6316093318  658684.98751614289    0
7781    1217297.8481437531  658660.29694478447    58
7782    1217295.9147991207  658672.32634705235    0
7783    1217330.6318098975  658701.04801211902    0
7784    1217335.1959343913  658711.74196185474    0
7785    1217333.8170496987  658684.50685241388    0
7786    1217340.3856784638  658691.30910792516    0
7787    1217352.3362619744  658699.41806902655    0
7788    1217348.3694490385  658677.02690302441    0
7789    1217150.3594317867  658826.73926430184    0
7790    1217158.9905020946  658744.86571253394    0
7791    1217383.014020219  658899.87232292129    0
7792    1217383.4203395871  658889.58861554763    0
7793    1217056.0975042998  658837.2342506072    0
7794    1217040.9641965043  658784.83345622953    0
7795    1217040.3579714759  658792.0264875904    0
7796    1217028.8947419222  658796.98700387718    0
7797    1217072.6275770685  658863.13746004191    0
7798    1217076.5357849591  658851.61412261322    0
7799    1217082.0065227344  658862.22429568414    0
7800    1217076.876300948  658858.15402521926    0
7801    1217083.9496505414  658854.50691781018    0
7802    1217032.6118754635  658661.08694983821    0
7803    1217069.5650425707  658665.81635062944    0
7804    1217082.1091703223  658664.81718962942    0
7805    1217076.174550737  658669.55326884193    0
7806    1217083.2547560793  658672.33895859413    0
7807    1217091.6055561563  658667.21898676956    0
7808    1217030.6225414691  658737.36444125441    0
7809    1217016.1347748425  658730.76239175641    0
7810    1217027.9864163629  658724.37757021072    0
7811    1217022.3822859295  658736.24989031069    0
7812    1217031.7083124293  658730.3830663471    0
7813    1216992.5449251607  658741.46197916358    52
7814    1217010.5797255286  658743.38695084734    0
7815    1217022.9775466765  658729.27204506483    0
7816    1217017.1133276767  658718.80120437231    0
7817    1217015.3528374496  658737.9527681591    0
7818    1217017.5121335755  658744.6627066395    0
7819    1217004.3717988406  658733.12089953292    0
7820    1217012.8988519837  658750.25800425734    0
7821    1217008.9125364253  658762.15616876388    0
7822    1216991.9124552091  658752.84122313652    52
7823    1217002.2193026503  658750.03567505104    0
7824    1217191.7592868842  658716.52474782721    0
7825    1217201.7366312023  658714.9686736674    0
7826    1217140.3959580669  658796.19718002481    0
7827    1217276.7578419335  658705.83996351133    0
7828    1217176.5533249401  658925.77411637246    0
7829    1217194.3032991979  658950.24992359034    54
7830    1217182.4014550026  658949.20865950722    54
7831    1217191.0410915667  658932.37616587046    0
7832    1217178.5465767828  658937.72367395274    0
7833    1217184.7935804797  658926.88866731618    0
7834    1217175.0972696051  658932.15801586863    0
7835    1217181.3608250387  658932.12786817458    0
7836    1217170.0428980382  658939.1421342775    0
7837    1217186.0536878221  658937.99358260084    0
7838    1217194.9760702748  658940.89255574462    0
7839    1217195.8295977733  658919.60140881629    0
7840    1217158.597766612  658947.12613134109    54
7841    1217161.8017893143  658936.04837667232    0
7842    1217188.3523771004  658949.72929154884    54
7843    1217185.8442212497  658944.12758927559    0
7844    1217190.465399791  658959.84744011622    0
7845    1217179.7538946532  658943.70787183871    0
7846    1217184.8278372653  658955.74504926393    0
7847    1217176.4505329048  658948.6880274656    54
7848    1217173.9494295516  658943.44338742679    0
7849    1217178.9663324095  658954.20236133854    0
7850    1217173.0241074101  658953.58231982973    0
7851    1217179.3415885647  658964.68341623223    0
7852    1217163.9475425554  658954.51797692361    0
7853    1217175.4020311101  658959.57722016773    0
7854    1217168.913284431  658968.65628124541    0
7855    1217168.9613314716  658958.6629125115    0
7856    1217160.6432841709  658963.61972010543    0
7857    1217206.2051433933  658951.29118767334    54
7858    1217191.6917726803  658925.33522459783    0
7859    1217203.0299052624  658929.93356272322    0
7860    1217164.5486887097  658947.6467633826    54
7861    1217162.0341677773  658942.1178151886    0
7862    1217155.5783959143  658941.37134072219    0
7863    1217157.8449945885  658929.90401560592    0
7864    1217154.0259943688  658956.06675358594    0
7865    1217200.2542212955  658950.77055563184    54
7866    1217203.9822028584  658942.42942072428    0
7867    1217202.3672439861  658960.88870419958    0
7868    1217196.7296814607  658956.78631334682    0
7869    1217196.1404989734  658963.52077992272    0
7870    1217188.1271176871  658969.68047293928    0
7871    1217203.6139624545  658972.51948129642    0
7872    1217197.7093705654  658934.46237156843    0
7873    1217212.7574506097  658944.9378747649    0
7874    1217210.670434854  658935.63550099579    0
7875    1217227.6814975373  658939.77353830985    0
7876    1217220.9988686256  658944.60802316538    0
7877    1217219.6587737279  658935.71974557487    0
7878    1217230.0088317839  658953.37371583958    54
7879    1217215.2978162775  658921.4647862165    0
7880    1217228.9614212313  658927.2748379478    0
7881    1217227.6578947238  658946.77679898019    0
7882    1217238.6876189189  658943.31230191607    0
7883    1217234.1570135481  658948.17807315884    0
7884    1217215.224550646  658929.28174406232    0
7885    1217208.8977067678  658925.31362248212    0
7886    1217221.677358109  658925.43340171641    0
7887    1217202.196835415  658922.83915068244    0
7888    1217225.061685526  658912.88124346046    0
7889    1217204.3766067752  658910.67281140282    0
7890    1217226.8982430664  658920.10874049016    0
7891    1217208.505766453  658917.41618803528    0
7892    1217234.4879837304  658914.33304473676    0
7893    1217233.9904632915  658921.94688386249    0
7894    1217215.0391518392  658908.77972314588    0
7895    1217235.9147457038  658928.80063597683    0
7896    1217243.031288594  658931.08874930174    0
7897    1217231.1701545534  658933.8159074547    0
7898    1217244.1231914621  658938.36030288041    0
7899    1217237.7536795975  658935.29221598664    0
7900    1217253.8125201745  658955.45624400571    54
7901    1217246.957629689  658946.93071372993    0
7902    1217250.7221084794  658940.93179785693    0
7903    1217254.7806467952  658947.65925134532    0
7904    1217321.7445923011  658851.99706009659    0
7905    1217313.5643696685  658848.48449907452    0
7906    1217363.7006419906  658847.15178251453    0
7907    1217363.7551680619  658853.27394753613    0
7908    1217370.967996723  658859.94084893167    0
7909    1217358.2025574874  658857.18010674196    0
7910    1217364.2886768691  658859.93193233409    0
7911    1217367.6193618255  658866.65943694185    0
7912    1217375.0278502544  658872.99839153653    0
7913    1217279.5529579259  658921.50090084714    0
7914    1217290.1414311763  658927.55675899307    0
7915    1217282.6484180752  658928.37331988977    0
7916    1217289.5180527605  658958.58003625507    54
7917    1217276.7707031865  658940.01597083465    0
7918    1217287.5025424808  658938.1288804143    0
7919    1217242.5997906937  658916.77150003903    0
7920    1217397.2066459958  658889.47086257581    0
7921    1217393.0989123846  658874.06187368918    0
7922    1217397.4782825916  658881.14643462782    0
7923    1217390.2754695276  658885.07804363861    0
7924    1217406.8339233985  658870.46733131795    0
7925    1217381.9623497669  658879.90830376593    0
7926    1217403.838445225  658877.28073233657    0
7927    1217399.7442153506  658871.41555023717    0
7928    1217411.4715422848  658876.57141171792    0
7929    1217393.0484270193  658864.26827487943    0
7930    1217416.639517735  658867.8312329707    0
7931    1217414.1164117411  658884.88314094127    0
7932    1217402.1531994869  658862.44869113772    0
7933    1217055.3057430394  658917.71517444984    0
7934    1217063.3830130494  658938.79601867637    54
7935    1217040.6951849028  658924.23177260824    0
7936    1217058.5373679311  658928.56480802142    0
7937    1217047.0169879433  658918.76846819802    0
7938    1217049.2812581006  658927.7777985686    0
7939    1217017.3131667585  658915.56777454354    53
7940    1217039.5793246587  658936.71349051024    54
7941    1217034.8060032353  658911.02791546681    0
7942    1217043.035986342  658930.73177692154    0
7943    1217034.8684544216  658930.0016030597    0
7944    1217042.0796891572  658913.05532682152    0
7945    1217036.7623719585  658918.07061066153    0
7946    1217040.2077955429  658905.70956268697    0
7947    1217022.495323611  658925.62000048533    53
7948    1217028.6969317456  658899.42055203172    0
7949    1217027.051743614  658916.9750219268    0
7950    1217036.7407516839  658898.37658885692    0
7951    1217025.0864020372  658930.64611345623    53
7952    1217029.6345929385  658925.12047784333    0
7953    1217018.0560752391  658937.45134799788    0
7954    1217018.4901287374  658930.86570898537    0
7955    1217007.3638469966  658933.43950938294    0
7956    1217014.2753034779  658923.49573820969    0
7957    1217031.8705075639  658892.36208781588    0
7958    1217020.6563045101  658891.56271090044    0
7959    1217002.6613899935  658914.49946944206    0
7960    1217238.2820039701  658893.22427675338    0
7961    1217231.6471193086  658894.51362318452    0
7962    1217226.6669877041  658903.09243617579    0
7963    1217223.9514408216  658895.78109223046    0
7964    1217218.8479618437  658901.83657386806    0
7965    1217216.1532551388  658886.93489080551    0
7966    1217208.0580450036  658900.43381482514    0
7967    1217216.389846205  658894.58659411652    0
7968    1217207.6737714172  658891.02658624481    0
7969    1217197.5322781403  658896.15231646982    0
7970    1217206.282047451  658877.3102895593    0
7971    1217209.4693970112  658883.915639129    0
7972    1217198.8213761607  658885.009032342    0
7973    1217215.6266111045  658876.87284552364    0
7974    1217210.6687737955  658870.99160694762    0
7975    1217120.4055463932  658866.06310282496    0
7976    1217113.2292055171  658868.22690833162    0
7977    1217130.7392198388  658693.03821036022    0
7978    1217120.7231915898  658694.58589129848    0
7979    1217125.5723831127  658779.55065659655    0
7980    1217286.4145802879  658808.99893334194    0
7981    1217291.5814170139  658722.48648710537    0
7982    1217325.2166433847  658791.47413513681    0
7983    1217419.9949823329  658896.85765488527    0
7984    1217063.1575003243  658829.38708083739    0
7985    1217254.1741696727  658666.6883235866    0
7986    1217250.9086350638  658660.4110782051    0
7987    1217252.2502325731  658651.92766440799    0
7988    1217247.8645583293  658643.09269037598    59
7989    1217243.5260424751  658649.18858046376    0
7990    1217269.8382350157  658645.38645069033    59
7991    1217259.4418036574  658657.41275469505    0
7992    1217273.5561769861  658659.10739229678    0
7993    1217266.2146716088  658660.62811988941    0
7994    1217265.9206106144  658652.50664100726    0
7995    1217271.7042312478  658668.64827738493    0
7996    1217262.5136761204  658644.62186391896    59
7997    1217259.9549928794  658633.66738211026    0
7998    1217266.9263972947  658637.81510456419    0
7999    1217258.9952624007  658650.54119563277    0
8000    1217270.3114880046  658624.1929595226    0
8001    1217278.0248887967  658637.89237409143    0
8002    1217331.9388259796  658840.48917531001    0
8003    1217323.6551794678  658838.17928533372    0
8004    1217319.2429693367  658843.95191311173    0
8005    1217323.9486553269  658826.59554737597    0
8006    1217329.585360402  658832.92088466603    0
8007    1217346.6182360218  658890.34368742676    0
8008    1217342.1577756782  658885.97407974151    0
8009    1217351.0228815163  658934.82405530626    0
8010    1217407.368119074  658936.76561451855    0
8011    1217410.3669288091  658948.70533903979    0
8012    1217404.2256134406  658943.90135011019    0
8013    1217400.6992179686  658954.73687440378    0
8014    1217149.6573798938  658741.9630373409    0
8015    1217144.9952548186  658734.4802000185    0
8016    1217142.3932675016  658724.25971353927    0
8017    1217364.2731334374  658882.86738236574    0
8018    1217365.9879308837  658889.81034790503    0
8019    1217027.2941711973  658777.0424552355    0
8020    1217019.1106349607  658787.73569056205    0
8021    1217021.220486714  658780.87231170398    0
8022    1217026.3622685589  658786.20891341043    0
8023    1216990.0150453541  658786.97895505512    52
8024    1217010.9078889994  658781.45812659175    0
8025    1217227.2275190672  658836.02389618673    0
8026    1217221.8075265705  658824.64058815362    0
8027    1217219.9913889717  658844.71270430367    0
8028    1217212.6590389113  658846.92749670648    0
8029    1217204.9477797935  658844.22375668248    0
8030    1217209.433115995  658836.87487575505    0
8031    1217042.838120502  658649.32813590707    0
8032    1217040.8442743535  658637.48334966495    0
8033    1217269.3267127539  658933.2597147451    0
8034    1217179.8816952119  658886.09610239137    0
8035    1217185.6951547398  658883.11276153882    0
8036    1217180.1848608658  658879.53102086997    0
8037    1217192.8102393625  658880.24006513774    0
8038    1217180.7152552078  658873.25039468356    0
8039    1217187.1720251669  658868.86025415862    0
8040    1217186.3481401906  658861.47902225924    0
8041    1217179.8512397723  658858.28237100074    0
8042    1217186.6581277421  658852.64849833678    0
8043    1217179.3508472214  658850.74878955865    0
8044    1217184.6997487938  658845.1777760624    0
8045    1217272.8195714932  658793.61541039741    0
8046    1217423.9659899117  658943.01346937264    0
8047    1217071.7816880501  658921.0111741547    0
8048    1217071.0223556736  658930.89146080858    0
8049    1217081.2357793422  658940.35791480099    54
8050    1217078.9145689551  658932.61939073878    0
8051    1217083.7168149059  658946.26960705535    0
8052    1217084.6937291813  658935.10329325823    0
8053    1217077.293220747  658945.94734734844    0
8054    1217087.1015672185  658952.26036334177    0
8055    1217069.3058352147  658953.69688855903    0
8056    1217068.9246523189  658945.31297120312    0
8057    1217093.3116293312  658954.68868679216    0
8058    1217086.8813824244  658964.26850459841    0
8059    1217083.1289292129  658958.19360920286    0
8060    1217074.9419587937  658967.44707767712    0
8061    1217075.687464284  658957.57423718926    0
8062    1217068.6263360961  658962.00561325462    0
8063    1217056.7299253538  658950.06804033846    0
8064    1217062.770242674  658975.18831252912    0
8065    1217061.4723936922  658957.23840630427    0
8066    1217060.5829338853  658966.32459066599    0
8067    1217048.6444318914  658960.56928589789    0
8068    1217049.6604387304  658973.72168786312    0
8069    1217170.0301759685  658751.89584708377    0
8070    1217383.940786622  658807.69975418213    0
8071    1217388.3578488426  658802.48866952595    0
8072    1217079.3075594942  658876.32698261074    0
8073    1217084.3456231386  658870.87846463965    0
8074    1217244.0195869589  658747.70191700722    0
8075    1217238.8527504771  658834.21436340467    0
8076    1217029.0693379068  658877.63818247663    0
8077    1217034.3270837765  658880.87645574904    0
8078    1217040.0171196542  658882.17789024871    0
8079    1217266.1750659782  658781.8459271756    0
8080    1217370.6258156521  658944.95019322634    0
8081    1217385.0432304796  658946.96751956863    0
8082    1217388.6990979691  658956.9981569713    0
8083    1217381.6483941011  658953.88638185675    0
8084    1217374.339531512  658953.72636835231    0
8085    1217372.8309621278  658965.86888483656    54
8086    1217368.9020430564  658959.21579186304    0
8087    1217377.8511926394  658960.32762177836    0
8088    1217361.2785428308  658956.85443739628    0
8089    1217349.0272737371  658963.78635667043    54
8090    1217359.781958834  658948.99385516124    0
8091    1217352.8522982181  658954.38595924212    0
8092    1217349.8195472367  658947.62976680824    0
8093    1217072.2449466453  658775.28642139817    0
8094    1217077.0780530092  658779.13548430789    0
8095    1217237.3998198928  658824.09847397846    0
8096    1217229.5867988511  658823.88418996462    0
8097    1217330.1495363798  658894.6211577229    0
8098    1217045.0506405304  658703.51045179332    0
8099    1217038.1158748996  658715.09924970241    0
8100    1217034.3335557675  658721.13846078375    0
8101    1217026.738009173  658714.09300913918    0
8102    1217182.5848979692  658781.63345397916    0
8103    1217190.0615025386  658780.58820911299    0
8104    1217178.0672276125  658775.85745891882    0
8105    1217140.3281498041  658912.36691777001    0
8106    1217182.918239862  658835.13570717815    0
8107    1217187.1632703061  658830.33810399217    0
8108    1217438.1701789417  658903.37444069784    0
8109    1217458.5747627688  658889.49537074403    57
8110    1217460.821545644  658911.00755539048    56
8111    1217013.9419736715  658819.59076555714    0
8112    1217007.1431085647  658806.14047739899    0
8113    1217016.8573462861  658809.67360744765    0
8114    1217008.5126421358  658813.8916968453    0
8115    1216998.2347492944  658813.70138437976    0
8116    1217306.0965041204  658891.81731789839    0
8117    1217309.8610498251  658897.17651168222    0
8118    1217315.5962894687  658902.38340304699    0
8119    1217307.6688015477  658905.35325515037    0
8120    1217016.9637871643  658700.90720761509    0
8121    1217020.728332869  658706.26640139893    0
8122    1217018.2499688782  658712.34032817127    0
8123    1217010.3696022278  658714.28438149218    0
8124    1217008.6690379144  658724.1160487826    0
8125    1216994.4423350156  658707.32424724475    52
8126    1217004.3331600358  658706.39421371068    0
8127    1217200.3148662134  658779.59399744892    0
8128    1217083.4743508778  658681.82450399175    0
8129    1217301.7624027361  658764.91149426426    0
8130    1217293.9966356333  658770.55318140134    0
8131    1217123.3470571071  658630.09471526183    59
8132    1217274.4605411617  658782.25787729991    0
8133    1217283.7157986725  658765.34461637866    0
8134    1217224.4022342896  658784.97810063313    0
8135    1217020.3915739609  658864.19899619545    0
8136    1217001.7666962016  658885.41109671816    53
8137    1217005.3689527265  658870.13322448265    0
8138    1217035.1805777336  658820.06663563836    0
8139    1217037.0681336676  658806.8100786407    0
8140    1217028.237875262  658805.84547190764    0
8141    1217034.5990933685  658800.55255407759    0
8142    1217020.2053316685  658800.79626083001    0
8143    1217022.4207316979  658794.03441064968    0
8144    1217013.3215674628  658794.7970745248    0
8145    1217013.0820191195  658802.02092374163    0
8146    1217006.0130036578  658798.17061339249    0
8147    1216989.3825754025  658798.35819902807    52
8148    1217006.2961430568  658789.18047172867    0
8149    1216997.7557908264  658803.40651847131    0
8150    1216997.6430049865  658793.40747555532    0
8151    1216990.6475153058  658775.59971108218    52
8152    1217000.2555168306  658780.33481153019    0
8153    1217174.6189693753  658635.44682266191    59
8154    1217172.0675390628  658624.42285952938    0
8155    1217179.0340200348  658628.61774739448    0
8156    1217182.499703001  658614.9801754388    0
8157    1217190.12984014  658628.72060826502    0
8158    1217178.6458320478  658649.1772141637    0
8159    1217184.6202639034  658643.79447190976    0
8160    1217189.2680871659  658636.97599620465    59
8161    1217192.2377290702  658643.99359204341    0
8162    1217203.0072357799  658646.85103161621    0
8163    1217183.3404752517  658657.94735336653    0
8164    1217400.3338246967  658772.03674625652    57
8165    1217279.8242057709  658875.26175677369    0
8166    1217273.9934443482  658871.43211785308    0
8167    1217399.2888814276  658791.58714367647    0
8168    1217088.274411161  658742.63934899459    0
8169    1217092.5344888659  658737.84918236686    0
8170    1217090.4917109367  658748.81819752546    0
8171    1217099.9374188723  658752.64432496578    0
8172    1217086.2140633322  658754.37601974735    0
8173    1217101.4014109613  658796.2977215515    0
8174    1217074.3319950739  658837.61572194099    0
8175    1217081.2339891919  658832.58279196464    0
8176    1217076.2857541556  658844.48081198719    0
8177    1217082.2245207054  658847.84368858556    0
8178    1217069.4613277409  658848.29105328885    0
8179    1217088.3465561669  658844.70349140279    0
8180    1217092.7988268989  658849.72415385849    0
8181    1217114.1381077692  658836.10828303557    0
8182    1217116.4191759522  658842.32337123633    0
8183    1217218.827638794  658690.51026533032    0
8184    1217210.7949489581  658718.26316297229    0
8185    1217357.971703012  658720.51288726507    58
8186    1217357.7182488281  658727.44635594729    0
8187    1217349.6337049368  658727.19088362798    0
8188    1217364.2887313445  658707.52514716203    0
8189    1217338.3525563669  658723.26280583139    0
8190    1217351.196257649  658720.59753440111    0
8191    1217344.9113110937  658722.58989848883    0
8192    1217340.9578477333  658716.35610921634    0
8193    1217344.6109120655  658707.13156671368    58
8194    1217367.878782151  658717.30141090159    0
8195    1217125.4818691066  658647.08785843931    0
8196    1217099.1088025421  658676.77656376339    0
8197    1217108.2821508599  658854.199806466    0
8198    1217102.1671418624  658859.12709757639    0
8199    1217097.5778841251  658763.10039706843    0
8200    1217191.8829064677  658676.57999290654    0
8201    1217398.1460169735  658720.44297840609    0
8202    1217382.5282536319  658791.04563973879    0
8203    1217376.2595541608  658789.49201063428    0
8204    1217297.1170319582  658873.08083599387    0
8205    1217232.3118913195  658724.52687777497    0
8206    1217243.949331393  658732.4186068346    0
8207    1217290.0818650762  658778.98834043217    0
8208    1217297.1397751244  658777.29687792563    0
8209    1217289.8943093026  658786.94815379346    0
8210    1217320.5207325027  658747.06237828324    0
8211    1217322.4227560982  658738.06674123986    0
8212    1217330.146455745  658730.40522933425    0
8213    1217305.2348346401  658753.25264778349    0
8214    1217299.6149005021  658862.51947796287    0
8215    1217223.1479577774  658814.6532869027    0
8216    1217213.0163711696  658821.84077178058    0
8217    1217118.1044013412  658714.2489630481    0
8218    1217128.2486200756  658712.91582298116    0
8219    1217112.3994881418  658823.13445789856    0
8220    1217126.717308407  658793.23342506785    0
8221    1217113.0793211549  658796.11001158936    0
8222    1217113.9828314297  658787.69672020676    0
8223    1217200.9480677489  658674.07475168281    0
8224    1217206.5902517224  658664.42193918    0
8225    1217198.846563916  658656.85023916489    0
8226    1217210.3720737819  658658.13869701431    0
8227    1217005.0601397855  658681.6708089367    0
8228    1217127.5952678379  658919.07599891466    0
8229    1217007.1646934736  658661.95156934427    0
8230    1217011.8330060558  658656.32277815335    0
8231    1217008.7086551192  658646.42675997666    51
8232    1216983.6251900033  658661.89676602732    0
8233    1217019.8903382416  658644.15591169219    0
8234    1217303.6406864666  658786.9101905463    0
8235    1217302.5040218632  658780.67410310544    0
8236    1217326.6494197359  658804.90090563556    0
8237    1217326.357642014  658811.97624592658    0
8238    1217332.9473859407  658816.68241742265    0
8239    1217326.011671494  658819.42736511061    0
8240    1217319.0117131481  658821.2937251745    0
8241    1217317.1436849548  658827.9826906278    0
8242    1217232.3051602007  658648.34720271768    0
8243    1217313.1573739811  658727.05043177668    0
8244    1217314.2785041444  658733.32697031589    0
8245    1217324.965442515  658721.09376833367    0
8246    1217285.0501080505  658694.26119804918    0
8247    1217278.965572272  658689.88949448837    0
8248    1217291.2028829779  658698.2864331631    0
8249    1217290.0049033305  658678.41783125023    0
8250    1217284.4073332702  658667.07452353032    0
8251    1217289.2259205412  658671.74946771527    0
8252    1217283.5078012014  658675.79712642811    0
8253    1217291.5533349782  658664.52974669705    0
8254    1217291.1677482799  658653.60628450883    58
8255    1217285.6539672706  658659.26945166115    0
8256    1217298.9107755532  658639.19473323063    0
8257    1217301.564176386  658649.90620993671    0
8258    1217338.3527879305  658675.4352521766    0
8259    1217376.5357701846  658896.47834505478    0
8260    1217033.503658636  658791.91230901168    0
8261    1217088.8102220567  658859.65173915075    0
8262    1217090.8359927072  658650.28711746668    0
8263    1217016.1946019512  658761.29828070535    0
8264    1217013.3450300605  658768.44543216866    0
8265    1217003.4560485235  658770.70832526195    0
8266    1217007.4569681359  658755.05163851054    0
8267    1216999.7615855506  658760.32963270741    0
8268    1216997.6546040219  658766.92654486967    0
8269    1216997.3017512949  658773.80858545192    0
8270    1216992.2286901849  658747.15160115005    52
8271    1216998.3655870273  658744.63909679314    0
8272    1216996.7440595918  658750.25616929738    0
8273    1216999.6718377911  658754.86783217674    0
8274    1216991.5962202332  658758.53084512288    52
8275    1216982.6455894965  658749.4725619927    0
8276    1216993.1773951123  658730.08273519063    52
8277    1216986.38631119  658743.97327646031    0
8278    1216985.7538412383  658755.35252043325    0
8279    1216998.5375124807  658737.40366735368    0
8280    1216975.4062636399  658740.52633196593    0
8281    1216986.4891285726  658735.41819318302    0
8282    1216986.4147845104  658761.09645498032    0
8283    1216984.4244000998  658769.54662536271    0
8284    1216976.56935973  658759.31935468572    0
8285    1216982.6871722171  658723.79247928655    0
8286    1216979.636143049  658780.69488646265    0
8287    1217198.8241888892  658721.8181121021    0
8288    1217201.5836312447  658706.01654010662    0
8289    1217207.6678285301  658710.38992997468    0
8290    1217156.4351106691  658979.83743689524    0
8291    1217163.5040710776  658926.99241851771    0
8292    1217178.0978483078  658977.09171350207    0
8293    1217235.7481252158  658907.06655422028    0
8294    1217218.3203994033  658915.05798315117    0
8295    1217308.5557012358  658853.10625358066    0
8296    1217375.5929368956  658854.04565649398    0
8297    1217281.4317984325  658935.06410566089    0
8298    1217306.3349370782  658937.21419651608    0
8299    1217277.6162085652  658957.53877217195    54
8300    1217378.1032553094  658885.43948983669    0
8301    1217371.3824377346  658883.10899709992    0
8302    1217388.4523778297  658878.74087650038    0
8303    1217383.8418781173  658871.73350446101    0
8304    1217386.3400014807  658861.73006098566    0
8305    1217427.7503523899  658870.33692122658    0
8306    1217023.4095756938  658907.77935375553    0
8307    1217041.0866011782  658893.46165677917    0
8308    1217020.9811542782  658883.47754447849    0
8309    1217011.9963655223  658887.16565844195    0
8310    1217014.2942933859  658877.6334078582    0
8311    1217222.4708037036  658885.05658041302    0
8312    1217209.1544881461  658906.60937181395    0
8313    1217203.2242429287  658904.47714808653    0
8314    1217196.4599409872  658908.94027475675    0
8315    1217192.6164629336  658902.17903934815    0
8316    1217189.595301457  658895.83306197426    0
8317    1217201.2627552894  658890.93766645691    0
8318    1217194.964803766  658890.37389957358    0
8319    1217123.472739815  658687.51974007196    0
8320    1217122.443470733  658701.20173262397    0
8321    1217126.7131196114  658706.38129711978    0
8322    1217133.3538809158  658705.41388138826    0
8323    1217115.1959420596  658701.66243094462    0
8324    1217114.7927011286  658691.90432053455    0
8325    1217106.805067373  658688.38450549019    0
8326    1217268.7571589544  658676.00296134257    0
8327    1217151.4256594819  658734.59308596782    0
8328    1217149.2799479619  658723.55314009334    0
8329    1217136.1560673118  658726.31892702135    0
8330    1217136.3816400243  658718.14816163399    0
8331    1217142.8029688171  658715.34942828503    0
8332    1217214.4824306262  658840.79844789987    0
8333    1217194.1809955284  658866.07357623184    0
8334    1217199.5309417183  658872.44640192424    0
8335    1217191.4881050913  658843.11784688593    0
8336    1217416.5391445905  658944.36061867815    0
8337    1217419.9327904833  658963.85407604172    55
8338    1217418.7248447118  658954.02223798272    0
8339    1217427.0834583787  658936.98430458107    0
8340    1217442.7253820226  658953.57687395357    55
8341    1217069.3339351472  658939.31665071798    54
8342    1217064.3417939236  658932.07883845014    0
8343    1217064.3580769952  658925.50109251658    0
8344    1217025.8139316263  658952.49985529843    0
8345    1217394.221375207  658953.33202960552    0
8346    1217398.6417119317  658948.58685890166    0
8347    1217396.6346505182  658967.95141300268    54
8348    1217396.8565517957  658942.51575351949    0
8349    1217395.1288439964  658960.69110620755    0
8350    1217402.5855726157  658968.47204504418    54
8351    1217406.2398771131  658960.97305284708    0
8352    1217404.6985953061  658978.59019361204    0
8353    1217399.0610327809  658974.48780275928    0
8354    1217395.0841139143  658985.87774375046    0
8355    1217390.1006521091  658974.09545280249    0
8356    1217414.2346425983  658966.42337656382    55
8357    1217414.552473512  658959.52498163306    0
8358    1217421.3398190227  658974.5778328405    0
8359    1217414.0952528464  658973.7175150516    0
8360    1217416.2924007101  658986.14845618932    0
8361    1217377.7930332548  658977.69226934481    0
8362    1217354.9781958349  658964.30698871205    54
8363    1217357.0912185255  658974.42513727944    0
8364    1217351.4536559999  658970.32274642715    0
8365    1217347.4767371342  658981.71268741891    0
8366    1217342.4932753278  658969.93039647036    0
8367    1217327.9067394759  658975.22969841899    0
8368    1217031.7947907054  658708.92748033197    0
8369    1217023.5178663258  658719.70194155304    0
8370    1217449.2059355297  658888.512486547    0
8371    1217442.2805488971  658880.26329602359    0
8372    1217453.059947988  658896.91929145507    0
8373    1217451.1737887601  658906.30269020435    0
8374    1216988.1176354992  658821.11668697395    52
8375    1217312.0775277878  658917.05741351191    0
8376    1217002.4873455842  658717.98390822706    0
8377    1216994.7585699914  658701.63462525827    52
8378    1217001.948755156  658699.18066373747    0
8379    1216999.1879512006  658704.73441409413    0
8380    1216999.8290019433  658711.55193248834    0
8381    1216985.175469303  658703.95558610093    0
8382    1216988.9161909965  658698.45630056853    0
8383    1216977.9361434465  658695.00935607415    0
8384    1216989.0190083792  658689.90121729125    0
8385    1216985.2170520234  658678.27550339454    0
8386    1217009.6074320641  658702.55567823281    0
8387    1217130.6716160025  658630.8593020332    59
8388    1217126.2447620337  658637.8014501885    0
8389    1217128.2758912561  658618.34371671651    0
8390    1217135.1402583763  658623.51683092758    0
8391    1217115.1623365625  658637.57027191832    0
8392    1217136.0055165617  658615.22786389722    0
8393    1217120.6132782022  658642.01335555268    0
8394    1217144.7158091052  658609.72886803956    0
8395    1217126.9792255985  658603.98149701208    0
8396    1216987.7060426052  658899.021565801    0
8397    1216991.4023824967  658865.30664483458    53
8398    1217000.8719699753  658862.58229777694    0
8399    1216999.1756177754  658880.38498374727    53
8400    1217002.5835780571  658875.44716360467    0
8401    1216992.1452909773  658887.19021828892    0
8402    1217004.8369771868  658880.64735812624    0
8403    1216992.5793444756  658880.60457927641    0
8404    1216999.6558439124  658870.52558538457    0
8405    1217008.6788594129  658875.25512372504    0
8406    1216981.4530627348  658883.17837967398    0
8407    1216988.3645192161  658873.23460850073    0
8408    1216993.993460923  658870.33275780547    53
8409    1216979.2650673955  658865.20183945145    0
8410    1217023.7445568966  658811.31789854122    0
8411    1216999.9020649935  658787.06155706162    0
8412    1216990.33128033  658781.28933306865    52
8413    1216995.0496575474  658778.69798594853    0
8414    1216995.0488651656  658784.28787503066    0
8415    1216984.8255942017  658783.83692075883    0
8416    1216983.2415544789  658792.30967619224    0
8417    1216984.9610676698  658777.75664838229    0
8418    1216979.2555443032  658787.18001299899    0
8419    1216979.4132827329  658773.99674068205    0
8420    1216972.7511501727  658796.34775758907    0
8421    1216977.4677723551  658766.75949168031    0
8422    1216968.4290879783  658777.71498655784    0
8423    1216972.8767731474  658783.55192448467    0
8424    1216964.6938164635  658764.52766333648    0
8425    1216972.5985279167  658771.94855695218    0
8426    1216960.9839152868  658788.00114323385    0
8427    1216965.7141111956  658771.36133186449    0
8428    1216958.3567627326  658778.26209147787    0
8429    1216956.7748014231  658769.20300611097    0
8430    1216980.611265545  658801.12191747245    0
8431    1216952.9895014304  658753.74731319316    0
8432    1216968.7727076449  658811.75529047369    0
8433    1216942.5592091286  658776.3531022867    0
8434    1217203.0652071894  658626.27771176177    0
8435    1217203.917204957  658638.50516974751    59
8436    1217208.2925055407  658632.05689072527    0
8437    1217209.5936596808  658645.74231313274    0
8438    1217388.6851923969  658774.03231666912    0
8439    1217381.9349571534  658769.2119148362    0
8440    1217395.8537525374  658763.00146744982    57
8441    1217389.0306128887  658766.41207136854    0
8442    1217404.813896856  658781.07202506321    57
8443    1217413.7740411751  658799.14258267684    57
8444    1217403.9032386341  658799.36963360407    0
8445    1217093.5550242306  658754.82823312061    0
8446    1217375.3012872764  658709.02840687719    0
8447    1217128.5966241565  658653.3663125569    0
8448    1217121.3013374971  658652.28938425961    0
8449    1217103.3579287024  658758.91046727751    0
8450    1217392.0106701641  658728.80900719424    0
8451    1217475.7819357105  658886.59167267743    0
8452    1217245.3709446192  658726.08952642046    0
8453    1217250.7281431905  658729.22139887535    0
8454    1217242.8135348826  658739.30489514128    0
8455    1217236.1884599035  658737.95112630958    0
8456    1217283.5887871981  658787.4692182669    0
8457    1217323.8073802947  658752.99122399371    0
8458    1217337.6113413423  658730.696510282    0
8459    1217333.6421733492  658736.61761227262    0
8460    1217194.9605883181  658662.06356110028    0
8461    1217191.3706085773  658656.14789715991    0
8462    1217195.6864857133  658650.34771942685    0
8463    1217205.0485290668  658653.56564596924    0
8464    1216996.023509895  658678.87613731239    52
8465    1217001.7579021635  658676.34126134205    0
8466    1216990.4621634712  658681.42063134653    0
8467    1216984.8527930877  658684.82916066865    0
8468    1216990.5749522613  658675.28634936002    0
8469    1216982.7255297415  658690.8236109406    0
8470    1216974.1786460127  658680.94892914162    0
8471    1216984.1743798919  658670.11011566932    0
8472    1216978.4142832009  658685.91899131541    0
8473    1216991.1821398982  658667.99017387675    0
8474    1216968.6360160357  658689.9624260125    0
8475    1216970.2941917151  658666.91318590462    0
8476    1217132.2309464712  658923.89178143861    0
8477    1217126.4607313103  658928.18784897099    0
8478    1217120.900251403  658922.86894451617    0
8479    1216995.9941002517  658635.13701067807    0
8480    1216993.1169073114  658655.4583931563    0
8481    1217014.9355952581  658648.42349256144    0
8482    1217022.1490859399  658633.74234303203    50
8483    1217329.1797390559  658715.4322634876    0
8484    1217331.7314735355  658721.73098317231    0
8485    1217278.3677409638  658670.37948372832    0
8486    1217278.5930826231  658663.62032613542    0
8487    1217288.55298407  658637.17797577649    0
8488    1217317.9812712949  658640.15505509858    0
8489    1217312.0216729639  658659.50596727873    0
8490    1217345.9977229086  658659.63825950259    0
8491    1217099.2997768519  658656.78728910047    0
8492    1217088.6654400134  658658.869193575    0
8493    1217079.9134029767  658655.80949912849    0
8494    1217072.598762067  658648.41733880492    0
8495    1217009.5187152629  658774.46337625454    0
8496    1217147.1437241563  658968.77168085251    0
8497    1217296.7806969441  658934.82937938441    0
8498    1217283.7871986802  658948.45921204356    0
8499    1217421.5710966764  658871.85032910202    0
8500    1217423.1410487546  658864.88877755485    0
8501    1217426.0973456104  658876.95935980475    0
8502    1217415.016041524  658855.59007699997    0
8503    1217436.1744019717  658844.31897671032    57
8504    1217440.6544741311  658853.35425551701    57
8505    1217433.1804158727  658861.0690330927    0
8506    1217012.1310099061  658905.51554860175    53
8507    1217020.3056297631  658899.96429609554    0
8508    1217014.3704032048  658895.50845395541    0
8509    1217030.0427862345  658906.12352978694    0
8510    1217104.9927976446  658681.23072268185    0
8511    1217263.3427452373  658672.42272668588    0
8512    1217192.5951146304  658873.25999671256    0
8513    1217425.6309383682  658961.28477551974    55
8514    1217425.8481988714  658954.16333736514    0
8515    1217432.7361147925  658969.43923179607    0
8516    1217425.4915486162  658968.57891400752    0
8517    1217434.14365713  658949.75102992682    0
8518    1217428.399143138  658975.02732416114    0
8519    1217424.3613946224  658982.78214744874    0
8520    1217439.8244261283  658979.41756633413    0
8521    1217427.9324489918  658948.07769332838    0
8522    1217421.8485222736  658948.75737603009    0
8523    1217432.4191203385  658943.78801925108    0
8524    1217442.9222966144  658943.04961518967    0
8525    1217425.9032616853  658997.83176662959    0
8526    1217437.2163598901  658884.7033999383    0
8527    1217436.354709917  658873.33970507234    0
8528    1217449.6146184502  658871.42481313064    57
8529    1217443.1492624574  658873.52204041707    0
8530    1217439.9191216468  658867.2027294148    0
8531    1217461.938190286  658904.7691024706    56
8532    1217472.8306462467  658903.49962227105    0
8533    1217467.9591828815  658909.0659857702    0
8534    1217479.6157173857  658914.35248957924    0
8535    1217466.6915899261  658918.49658258772    0
8536    1217452.4421570748  658915.94602188794    0
8537    1216988.433870475  658815.42706498748    52
8538    1216994.0435772282  658818.5924575174    0
8539    1216978.8507697866  658817.74802583014    0
8540    1216994.1931126604  658827.16156682081    0
8541    1216982.5914914801  658812.24874029774    0
8542    1216975.697134776  658811.58096271346    0
8543    1216972.0515508982  658804.38452263712    0
8544    1216998.4054464481  658839.34335799271    0
8545    1216958.2022912193  658802.638431028    0
8546    1216994.152191587  658833.99490258342    0
8547    1217002.5526477289  658830.628417867    0
8548    1216986.8526955959  658843.87517491984    52
8549    1216965.5981457403  658799.77392208634    0
8550    1217318.4334083432  658914.52307178383    0
8551    1217318.1085594802  658922.9455161629    0
8552    1217312.963172162  658910.04138928698    0
8553    1217305.8766234829  658912.71075278556    0
8554    1217302.4306006799  658924.22322123393    0
8555    1217299.3851883227  658907.23251187592    0
8556    1217325.6748592628  658925.42550439609    0
8557    1217319.7245242361  658930.79746601335    0
8558    1217310.3716995392  658924.83741583093    0
8559    1217305.959159934  658930.24493682641    0
8560    1217312.8093527744  658931.33061965124    0
8561    1217316.9110470004  658939.41833391692    0
8562    1217297.2144265252  658916.3898832358    0
8563    1217290.5628973437  658909.65446498187    0
8564    1217325.2235853465  658961.70382850431    54
8565    1217295.5442434298  658923.15542742808    0
8566    1217284.0124116829  658910.12010693783    0
8567    1217286.891606854  658904.31582814746    0
8568    1217325.1229295845  658949.04832851561    0
8569    1217322.8646881632  658942.65772343858    0
8570    1217331.2626279942  658942.47183119564    0
8571    1217315.6670382021  658948.79544820625    0
8572    1217336.6712919001  658948.91785604763    0
8573    1217319.2726632487  658961.18319646269    54
8574    1217316.7992383104  658955.18451333046    0
8575    1217321.5465787433  658969.46231003851    0
8576    1217301.4198969558  658959.62130033807    54
8577    1217322.7016111473  658956.26007255097    0
8578    1217315.8015398353  658966.58839443978    0
8579    1217308.0091949112  658953.44733788795    0
8580    1217331.2677531436  658955.59763052349    0
8581    1217313.9133552739  658977.54213478148    0
8582    1217306.7812006208  658966.88138189423    0
8583    1217310.5741893875  658943.34873375855    0
8584    1217300.0909706457  658946.06109900179    0
8585    1217338.1990486817  658955.89116227906    0
8586    1217343.0763516393  658963.26572462881    54
8587    1217346.5164157164  658958.21554070816    0
8588    1217294.4845898731  658970.35237371142    0
8589    1217116.0224982118  658629.33012849046    59
8590    1217113.6267734654  658616.8145431733    0
8591    1217120.4911405854  658621.98765738495    0
8592    1217121.3563987711  658613.69869035517    0
8593    1217112.33010781  658602.45232346945    0
8594    1217101.3079224885  658640.69347902224    0
8595    1217152.0734048665  658593.4943229825    0
8596    1216988.8113040705  658860.28053186368    53
8597    1216992.5541578066  658855.17006633687    0
8598    1216985.3337249462  658865.25424214301    0
8599    1216994.5062383541  658860.52559761319    0
8600    1216983.1445116838  658860.02095831011    0
8601    1216986.5364606201  658849.56479690631    52
8602    1216982.2496312235  658870.9912261467    0
8603    1216994.3653964077  658847.14633779472    0
8604    1216976.7864919188  658852.54270118836    0
8605    1216983.4448184094  658877.18895431259    0
8606    1216971.167103688  658873.04052802513    0
8607    1216980.2280523374  658846.36056983494    0
8608    1216976.5873982834  658859.15389587171    0
8609    1216977.2900790272  658875.16174572334    0
8610    1216971.324393536  658865.10076880187    0
8611    1216970.9591193642  658883.53859178722    0
8612    1216966.5148392355  658855.54196939687    0
8613    1216980.8068818923  658837.83194379811    0
8614    1216968.7191229363  658844.00262368971    0
8615    1216958.093363889  658868.81009434187    0
8616    1217001.6803927587  658845.98635814781    0
8617    1217005.9082520891  658839.77329574362    0
8618    1216978.3678587752  658827.93227853219    0
8619    1216949.4200751695  658785.89667164488    0
8620    1217383.2931715262  658777.75043008453    0
8621    1217389.877991868  658781.53093888634    0
8622    1217405.8097411429  658752.43652482366    0
8623    1217410.8697251931  658806.211008718    0
8624    1217412.7280883675  658814.07940349355    0
8625    1217422.7341854938  658817.21314029023    57
8626    1217415.8796956544  658821.55796851381    0
8627    1217410.9619994338  658827.91844731744    0
8628    1217419.3154546439  658829.29570868739    0
8629    1217431.6943298124  658835.28369790362    57
8630    1217413.6465568058  658837.65748591977    0
8631    1217389.1149913839  658709.94974874111    0
8632    1217372.285191891  658690.03423737478    0
8633    1217402.1602038364  658729.81957626704    0
8634    1217465.8636828887  658880.25287311652    0
8635    1217328.6421259171  658742.06228343118    0
8636    1216964.9257297639  658707.89175540779    0
8637    1216958.7400448206  658677.66623900016    0
8638    1216998.7718509247  658647.24658443534    0
8639    1217029.8591656557  658639.41244844114    0
8640    1217011.2543815193  658620.1900148798    0
8641    1217282.5289451769  658626.33517601492    0
8642    1217096.5174148651  658662.78847596282    0
8643    1217106.7074329723  658651.8002205618    0
8644    1217099.1696199251  658648.59885769174    0
8645    1217109.0797729183  658643.78106529138    0
8646    1217093.6711665473  658642.86971634044    0
8647    1217082.3883668086  658642.80760919943    0
8648    1217094.0488215254  658627.03636817611    59
8649    1217095.5551411284  658634.99347468803    0
8650    1217088.0599020096  658637.36407633289    0
8651    1217079.7274507089  658634.3589305093    0
8652    1217101.3733804207  658627.80095494748    59
8653    1217104.4010400111  658634.26275519177    0
8654    1217098.9776556743  658615.28536963079    0
8655    1217105.8420227945  658620.45848384185    0
8656    1217064.7505859439  658623.9780210905    59
8657    1217106.70728098  658612.1695168115    0
8658    1217072.0751448392  658624.74260786187    59
8659    1217067.1463106903  658636.4936064072    0
8660    1217069.6794200928  658612.22702254518    0
8661    1217076.5437872128  658617.40013675625    0
8662    1217097.6809900168  658600.92314992636    0
8663    1217087.5805534439  658618.06871965725    0
8664    1217081.6809804321  658603.44260545576    0
8665    1217067.5188596619  658652.93510826083    0
8666    1217274.6694950168  658948.89915696671    0
8667    1217268.7063480113  658942.79854754417    0
8668    1217261.6509558233  658944.96377191495    0
8669    1217266.9296253263  658949.58671351813    0
8670    1217259.7634422723  658955.97687604732    54
8671    1217261.876464963  658966.09502461471    0
8672    1217256.2389024373  658961.99263376242    0
8673    1217252.2619835716  658973.38257475419    0
8674    1217247.2785217653  658961.60028380563    0
8675    1217234.9709029112  658965.19710034749    0
8676    1217282.6922237973  658942.23211537185    0
8677    1217288.6863476324  658944.38792523637    0
8678    1217293.4790560948  658940.2399838065    0
8679    1217290.3798505273  658951.40910616715    0
8680    1217295.4689748581  658959.10066829657    54
8681    1217298.9997835087  658953.01325683983    0
8682    1217297.9522434145  658964.98683702468    0
8683    1217301.290860645  658970.94783817697    0
8684    1217291.5538578939  658964.65498174098    0
8685    1217283.5813695348  658972.35849931801    0
8686    1217283.2651571101  658964.05406227557    0
8687    1217307.7600664115  658973.94262978656    0
8688    1217304.8740521304  658985.93543980061    0
8689    1217297.0805244313  658979.87656313623    0
8690    1217272.907856456  658968.6066814845    0
8691    1217283.567130663  658958.05940421356    54
8692    1217425.1124416217  658854.96713656757    0
8693    1217442.894510211  658857.87189492048    57
8694    1217440.0399844092  658862.10146102542    0
8695    1217449.2580606022  658851.90240648342    0
8696    1217437.86161571  658857.55324433499    0
8697    1217448.7790063508  658857.76828551001    0
8698    1217433.1980793404  658851.42310668412    0
8699    1217458.735490317  658855.62890983676    0
8700    1217452.4340645189  658864.39846917032    0
8701    1217425.4574186155  658844.00456515444    0
8702    1217460.0732438555  658871.54267492285    0
8703    1217014.7220883323  658910.54166157264    53
8704    1217017.9624180058  658905.69025891693    0
8705    1217009.9016777182  658916.20763279451    0
8706    1217008.8196440123  658910.4035720852    0
8707    1217003.8093121231  658903.44370352523    0
8708    1217004.2012966871  658924.17092541419    0
8709    1216997.1367019434  658896.21089950821    0
8710    1217443.4353283558  658931.72536517296    0
8711    1217448.4235299074  658951.00757343159    55
8712    1217456.3549670761  658935.96136706974    56
8713    1217455.5287063317  658959.16202970792    0
8714    1217449.0157571558  658944.71772969316    0
8715    1217448.2841401554  658958.30171191937    0
8716    1217447.6914223991  658937.59192863142    0
8717    1217455.238322434  658942.19981998962    56
8718    1217466.1307783946  658940.93033979007    0
8719    1217461.2593150293  658946.49670328898    0
8720    1217450.4812880196  658970.73265305685    0
8721    1217439.9046949011  658962.52775452868    0
8722    1217450.8963826839  658930.78963895736    0
8723    1217472.9158495332  658951.78320709849    0
8724    1217459.2549956117  658953.2189314866    0
8725    1217446.2935534394  658924.30216288217    0
8726    1217465.987180315  658951.56629856722    0
8727    1217444.9875209206  658916.90096108033    0
8728    1217469.0922012003  658963.15224485926    0
8729    1217462.7780728934  658959.56761155801    0
8730    1217461.0312432423  658969.99785908847    0
8731    1217433.5000275129  658889.9628918682    0
8732    1217451.8546545298  658875.94245253399    57
8733    1217448.184038749  658880.57667045679    0
8734    1217454.8420915527  658871.64698344213    0
8735    1217457.3617738399  658866.7856782953    0
8736    1217457.5517878551  658876.31502699945    0
8737    1217457.079892657  658861.08801460708    0
8738    1217462.7783275698  658876.02417410235    0
8739    1217456.3347266892  658884.97773134068    57
8740    1217466.597577753  658864.67256725335    0
8741    1217460.4325110794  658880.97565769427    0
8742    1217471.3259375892  658873.02756507532    0
8743    1217463.8903941626  658886.19205944566    0
8744    1217465.854642615  658871.11011627363    0
8745    1217462.9641997933  658859.89196334931    0
8746    1217469.8867379259  658884.88693390333    0
8747    1217460.8147988485  658894.01301014738    57
8748    1217468.7926440623  658892.87143001042    0
8749    1217457.9751317569  658898.23520867736    0
8750    1217454.3190931918  658902.05366056727    0
8751    1217449.134243791  658901.50428021816    0
8752    1217456.7394737534  658907.13398053742    0
8753    1217445.9365962171  658905.69608273578    0
8754    1217448.1334800576  658896.67431416316    0
8755    1217447.9173223616  658911.5064875941    0
8756    1217443.4355741292  658894.6538796589    0
8757    1217439.6919318484  658897.84026063187    0
8758    1217467.9116863925  658850.75548690243    0
8759    1217471.8611362069  658879.10952618567    0
8760    1217470.4006730639  658858.01108935988    0
8761    1217481.6684384339  658875.18197742035    0
8762    1217475.3339064345  658865.24386387388    0
8763    1217481.1752438124  658850.2602272986    0
8764    1217477.5744620417  658895.61610805977    0
8765    1217483.3581205129  658904.46538527892    0
8766    1217491.6273733685  658888.13453131472    0
8767    1216976.5801956519  658894.25715450698    0
8768    1216962.3034473297  658878.11601620552    0
8769    1216971.6583703991  658834.83561298728    0
8770    1216969.2655203622  658822.3970935588    0
8771    1217397.2807282237  658779.17894393776    0
8772    1217393.9434956135  658787.15791675425    0
8773    1217426.5011419575  658787.20360580308    0
8774    1217406.7019302403  658763.25082731759    0
8775    1217404.0266222807  658845.11763983918    0
8776    1217415.3663357692  658739.29152030859    0
8777    1216985.2357926439  658643.97817520099    0
8778    1217034.8169846707  658635.40288868884    0
8779    1217040.7840074152  658626.21334604244    50
8780    1217035.9542738325  658641.87909675983    0
8781    1217022.8376298831  658622.03353755316    0
8782    1217296.1292167846  658625.87395846925    0
8783    1217083.732349962  658649.79994677799    0
8784    1217067.2686431448  658643.64617370313    0
8785    1217058.794748127  658640.21377542091    0
8786    1217074.2044714668  658639.95021840697    0
8787    1217059.8725295963  658631.39886193781    0
8788    1217050.4475276552  658634.71983200975    0
8789    1217057.4260270484  658623.21343431901    59
8790    1217055.030302302  658610.69784900232    0
8791    1217061.8946694222  658615.87096321362    0
8792    1217062.7599276076  658607.58199618349    0
8793    1217071.4702201509  658602.08300032606    0
8794    1217053.7336366454  658596.33562929812    0
8795    1217290.9406266343  658995.81615047483    0
8796    1217448.9015027541  658832.37999983702    0
8797    1217419.6959813584  658849.30997435644    0
8798    1217411.6066509753  658848.16559553519    0
8799    1217406.4553860528  658855.02615659253    0
8800    1217410.2815937086  658862.20193637663    0
8801    1217397.8901827463  658855.01973177388    0
8802    1217421.6287443852  658836.96652579028    0
8803    1216993.8986902544  658908.00215934182    0
8804    1217440.209609719  658937.2529739649    0
8805    1217436.5520287133  658931.41352543107    0
8806    1217468.0341638126  658929.7540333363    0
8807    1217456.9734679027  658987.84148752992    0
8808    1217458.0940034804  658843.34538292862    0
8809    1217497.865123363  658915.60831002134    0
8810    1216957.6486683539  658895.16561394162    0
8811    1216955.0033930407  658834.5501906618    0
8812    1216954.3820735151  658817.75402072992    0
8813    1217416.5828891355  658780.86480624229    0
8814    1217435.4612862761  658805.27416341694    0
8815    1217410.4342855616  658772.65685565618    0
8816    1217407.1355512417  658839.19405892992    0
8817    1217399.0864027063  658838.74718296132    0
8818    1217392.2396405146  658836.42195352283    0
8819    1217397.6496113276  658831.73494878539    0
8820    1217424.1699641824  658756.36574532685    0
8821    1217415.6856497417  658718.48168904486    0
8822    1217035.3014227517  658648.78336443263    0
8823    1217032.8016337571  658619.86928947584    0
8824    1217044.4164065621  658631.82908454817    0
8825    1217078.8278159108  658585.84845526947    0
8826    1217438.9832499323  658826.04120027611    0
8827    1216990.7936993588  658921.34738593572    0
8828    1217434.0040280826  658925.49743577314    0
8829    1217476.4016318428  658979.92820505041    0
8830    1216944.7829426071  658880.437150529    0
8831    1217425.5430334543  658798.93536385603    0
8832    1217423.2106321345  658769.49299635168    0
8833    1217024.2345075677  658604.44582327595    0
8834    1217042.1819800078  658616.26043808763    0
8835    1217432.9513913917  658817.77536258055    0
8836    1216979.0875405998  658911.58992426167    0
8837    1216995.4842390688  658932.31913016108    0
8838    1217034.0392473484  658609.09076083405    0
8839    1217446.746363471  658814.042452964    0
8840    1217036.4774625918  658591.27346006327    0
8841    1217044.9133432778  658604.94961591589    0
8842    1217124.912764766  658876.755643529    0
8843    1217187.2520684146  658705.83220716729    0
8844    1217193.3480410217  658699.27701888885    0
8845    1217189.061768848  658693.93765742832    0
8846    1217287.0741986411  658711.79394640133    0
8847    1217346.9786903001  658838.45072594506    0
8848    1217055.311507358  658649.75584403053    0
8849    1217256.8533259383  658932.83200663095    0
8850    1217163.9883070919  658760.57215801429    0
8851    1217168.5007310309  658772.36357569182    0
8852    1217169.9453170521  658765.76562357717    0
8853    1217129.9407041033  658803.35470143799    0
8854    1217114.2561073836  658744.03843642829    0
8855    1217103.7566303427  658699.50112498226    0
8856    1217108.9818620763  658703.1986548811    0
8857    1217353.5181626864  658752.93657090992    0
8858    1217373.4910270772  658746.13006497512    0
8859    1217117.9694400451  658904.19812771189    0
8860    1217125.1243709822  658901.13072649704    0
8861    1217118.6566414665  658772.90368237963    0
8862    1217131.7099996258  658958.12548530393    0
8863    1217294.5598421316  658804.72406408854    0
8864    1217317.1707121991  658714.0282227312    0
8865    1217304.5285392264  658666.9876050601    58
8866    1217303.3091613033  658674.6384594884    0
8867    1217329.5811361384  658707.81738211797    0
8868    1217189.4096833589  658915.98255652015    0
8869    1217215.0229089938  658965.4143338867    0
8870    1217057.4320909516  658938.27538663486    54
8871    1217054.8894559732  658933.06778727064    0
8872    1217059.8997870928  658944.33955099375    0
8873    1217063.5345029596  658950.09208915581    0
8874    1217053.1223319164  658944.33051038289    0
8875    1217047.8888145862  658951.62413556641    0
8876    1217045.5302467565  658937.23412255186    54
8877    1217041.8326045955  658945.22847239114    0
8878    1217037.0490226764  658957.04428710521    0
8879    1217033.032729469  658943.00151387847    0
8880    1217024.2357319789  658943.80807780055    0
8881    1217010.7375093529  658950.74817092915    0
8882    1217258.5301025645  658603.58086854743    0
8883    1217215.9158753038  658830.02558711264    0
8884    1217084.8798935986  658980.76331451628    0
8885    1217165.3350227061  658615.39301079465    0
8886    1217165.4612100751  658600.3517001326    0
8887    1217279.679911914  658653.60160485539    0
8888    1217277.1627939111  658646.15103746171    59
8889    1217272.8814999056  658651.69875588757    0
8890    1217192.9988898195  658986.76488404127    0
8891    1217364.3559639477  658993.99551095453    0
8892    1217000.3110421635  658725.94063982379    0
8893    1216966.0007912978  658751.36475924554    0
8894    1217211.6737227754  658605.18886849331    0
8895    1217086.7242626301  658626.27178140474    59
8896    1217072.8517201771  658631.97750770091    0
8897    1217323.2973969509  658996.71259055485    0
8898    1217264.5895069102  658979.66032559425    0
8899    1217490.5379624688  658862.54069681035    0
8900    1217397.5493743431  658847.95607209043    0
8901    1217482.8470095303  658938.02697269421    0
8902    1217473.8764297301  658832.6439693654    0
8903    1216956.1388901907  658847.57971393783    0
8904    1216930.1805108769  658792.49006154679    0
8905    1217489.8370849539  658963.80168303032    0
8906    1217435.7679670248  658793.86541070906    0
8907    1216974.964035053  658934.60323961708    0
8908    1217126.3122493294  658907.81583517243    0
8909    1217131.5703984282  658903.99376532575    0
8910    1217137.7377406897  658906.30972642417    0
8911    1217132.9529597291  658972.83375942125    0
8912    1217221.0882677326  658987.86607694288    0
8913    1217023.9035265185  658973.38324513473    0
8914    1217000.3959163481  658943.78075535153    0
8915    1217279.968845041  658605.02558287932    0
8916    1217053.7858448813  658996.17167701991    0
8917    1216955.9384267991  658733.13254770532    0
8918    1216933.9874514728  658842.94592815172    0
8919    1217448.669741912  658799.92072398181    0
8920    1217442.1699799504  658775.18380995153    0
8921    1216994.0250366328  658964.39553802845    0
8922    1216986.2905939298  658943.04212351947    0
8923    1217435.2607072655  658763.77492976421    0
8924    1217441.9888117153  658741.69827917567    0
8925    1217457.0762670916  658758.35990633362    0
8926    1217405.4476332073  659004.86419173877    0
8927    1217122.1877761066  658578.9503263823    0
8928    1217382.9694836771  658698.07422091067    0
8929    1217390.9457462719  658676.3554662317    0
8930    1217405.4074800315  658693.9905989361    0
8931    1216949.3832343619  658695.32683227293    0
8932    1216972.2319021772  658651.84100716561    0
8933    1217308.9255262041  658630.15271620394    0
8934    1217230.4518838057  658602.87276807544    0
8935    1217170.1267026279  658574.74581956107    0
8936    1217506.199469348  658840.89091392339    0
8937    1216941.014929885  658806.33515055513    0
8938    1217116.9630406431  658985.1134212506    0
8939    1217248.0265137374  658996.94226207444    0
8940    1217288.9442198633  658614.75587554765    0
8941    1217300.5749749695  658595.02282461128    0
8942    1217306.0808089625  658611.56212660158    0
8943    1217469.495048715  658809.94897571695    0
8944    1216966.6481188261  658957.58537395555    0
8945    1217106.6182747651  658586.23820771684    0
8946    1217402.6299194226  658707.45099327737    0
8947    1216949.9496739232  658656.63700523146    0
8948    1217330.0224917878  658620.1528459423    0
8949    1217417.2050046984  658703.44179820642    0
8950    1216975.9693641404  658621.7362212016    0
8951    1217441.3592351782  658713.47858832579    0
8952    1216971.8398110587  658636.50793666556    0
8953    1217426.9623605672  658679.17334105691    0
8954    1216958.9962804727  658644.50791471789    0
8955    1216934.3808736103  658635.58655845909    0
8956    1216955.0413528567  658623.84870839282    0
8957    1217053.4911436194  658565.21931512677    0
8958    1217170.6202235143  659004.92436977255    0
8959    1217306.9163343916  659003.5799583192    0
8960    1216939.6851982463  658826.70726050704    0
8961    1216939.9895689236  658861.51751217083    0
8962    1217369.4778263618  658665.29175565753    0
8963    1217217.2261323165  658572.92438403168    0
8964    1217099.5045608045  658993.38841347338    0
8965    1217325.16911031  658596.02166560024    0
8966    1217008.5356774593  658577.57891903108    0
8967    1217102.330490686  658556.8030477151    0
8968    1217286.0675630956  659026.16216353909    0
8969    1216909.9366169155  658825.38815224171    0
8970    1217326.4828104991  659027.28186267009    0
8971    1216921.9425386759  658810.0984138588    0
8972    1217479.796075291  659016.06802457257    0
8973    1217344.3795202868  659003.70817166485    0
8974    1216920.3151544284  658738.55497110996    0
8975    1217466.7509308264  658781.94740952423    0
8976    1217383.5640746192  659004.48743943358    0
8977    1216946.0211427386  658715.38095590298    0
8978    1217188.0789311156  658591.24476235034    0
8979    1217138.6065303541  658996.74597658415    0
8980    1217271.6426746761  658568.7894801324    0
8981    1216926.8177838612  658909.11373819038    0
8982    1216933.7766451417  658675.7492835318    0
8983    1217475.1390746825  658726.84183410928    0
8984    1217077.2312350094  659004.40638414538    0
8985    1217002.0569741963  658599.38455624727    0
8986    1216906.2242752805  658862.17435892974    0
8987    1217427.3248133743  659035.23317493487    0
8988    1217509.8332946638  658994.12106582895    0
8989    1216914.3350105407  658767.51859863999    0
8990    1217363.6946298517  659018.03484923253    0
8991    1217117.8185835143  659009.4727777096    0
8992    1216922.105360524  658701.06256315392    0
8993    1216962.0059772856  658588.1247566021    0
8994    1216923.3782405462  658875.79309570021    0
8995    1217393.9630947995  659036.20183600404    0
8996    1216904.559526518  658791.23464434722    0
8997    1216893.5859119734  658895.70627240033    0
8998    1217514.8043449994  658943.19538144313    0
8999    1216956.1298906584  658919.35247351578    0
9000    1217145.4754870753  658569.07487282692    0
9001    1217528.802989644  658873.73203481175    0
9002    1217495.1405301192  658816.76840890129    0
9003    1217365.8877143289  658628.61667339818    0
9004    1217193.4278839955  658567.4084208518    0
9005    1217314.5266445735  658554.7815222661    0
9006    1217492.3801687052  658757.65747233992    0
9007    1217051.8675675746  659039.12683186529    0
9008    1217146.4304759819  659032.86651163502    0
9009    1216985.1930869608  658582.50883632223    0
9010    1216927.829106594  658600.00262208725    0
9011    1216870.161120363  658763.18331850984    0
9012    1217393.8323265263  658644.39444286504    0
9013    1217353.0072632895  658602.97637771175    0
9014    1217169.6227319483  658532.47820388793    0
9015    1217540.6294566405  658810.51028682233    0
9016    1216964.296637411  658546.90684239578    0
9017    1217214.464321747  658530.74408384855    0
9018    1216991.5430926215  658554.84818443214    0
9019    1217205.5617035418  659025.11535498872    0
9020    1217245.1106288354  658578.65648397722    0
9021    1216886.0090017696  658669.07218522986    0
9022    1216929.9910382819  658947.10679769854    0
9023    1216969.0553920669  659006.34091882082    0
9024    1216893.9306422516  658748.20651564782    0
9025    1217346.8491508875  658568.43362281926    0
9026    1217401.9211991318  658594.45977683086    0
9027    1216991.0748717037  658505.74316472781    0
9028    1217024.5501328465  658547.89030046493    0
9029    1217236.3692033915  658550.49039962422    0
9030    1217000.5951689526  658996.71144273481    0
9031    1216857.2364799611  658716.32018444908    0
9032    1216898.0964706296  658718.70511857048    0
9033    1217258.1269663223  658504.33132643346    0
9034    1217474.3502132527  658679.45968270884    0
9035    1217531.1703019149  659054.85185573017    0
9036    1217355.7516063037  659065.56792832981    0
9037    1217535.8306946629  658911.2905136398    0
9038    1217100.7109796065  659059.59023719269    0
9039    1216855.3312891156  658816.48511895759    0
9040    1216935.1502371733  658565.95965731773    0
9041    1216891.3546287718  658625.11348561768    0
9042    1216898.836678246  658930.57982265041    0
9043    1217067.7265298469  658508.6133907761    0
9044    1216999.6430844802  659050.0594786423    0
9045    1217353.302900743  658508.06463423709    0
9046    1217534.8064000781  658713.68940407143    0
9047    1217412.2485623239  659090.9819216032    0
9048    1216859.0435520511  658863.53937506035    0
9049    1216918.1620328636  658508.15160069871    0
9050    1216881.8854806204  658572.31348005589    0
9051    1216887.0365628034  658990.45118863392    0
9052    1216838.4424967559  658921.84105664212    0
9053    1216939.4525990828  658983.36533621838    0
9054    1216920.2426456704  659038.67490857106    0
9055    1217189.1709190931  658457.33007009258    0
9056    1217304.9635976711  659074.06347971666    0
9057    1217578.1686308139  658962.07355541235    0
9058    1216815.8632683896  658638.23768743488    0
9059    1217594.5332833915  658880.86972723063    0
9060    1216179.884171871  662863.29289599916    79
9061    1216208.0304889795  662868.14616958809    0
9062    1216133.0582863435  662842.14209876    0
9063    1216253.1900060419  662855.7908097714    137
9064    1216220.4437202537  662816.8051672295    79
9065    1216213.8506504658  662906.27263920382    137
9066    1216166.04737676  662831.51680273388    0
9067    1216226.59331943  662847.28639746329    0
9068    1216285.1672941626  662900.9945183805    0
9069    1216189.0302270083  662890.97641903278    0
9070    1216189.7581852085  662811.26644230471    0
9071    1216169.9420381151  662913.99761063361    0
9072    1216210.0677881239  662786.51864087547    0
9073    1216144.3576162439  662782.11414998653    0
9074    1216164.55200922  662969.53462105803    137
9075    1216140.8404589915  662908.04323486786    79
9076    1216150.2832050545  662935.98561438406    0
9077    1216094.0145734639  662886.8924376287    0
9078    1216127.0036638805  662876.26714160235    0
9079    1216100.2809106084  662954.53096363752    79
9080    1216130.6840882665  662959.82333778555    0
9081    1216049.8190829775  662931.73784670013    0
9082    1216110.6691863344  662984.82825951476    0
9083    1216245.8279385865  662951.47634781338    0
9084    1216250.3055390466  662914.3965885333    0
9085    1216289.6448946225  662863.91475910076    0
9086    1216242.6458439054  662686.60545935261    78
9087    1216177.470214721  662780.47459089535    0
9088    1216101.6824063982  662854.17488639534    0
9089    1216086.9398287558  662921.65740761301    0
9090    1216105.2940823049  663045.57675533392    137
9091    1216278.8698680231  662936.65612839197    0
9092    1216300.902870059  662815.13627425651    138
9093    1216262.5191041403  662768.58004855865    79
9094    1216298.0741874895  662778.36735015665    0
9095    1216265.0826957908  662718.33881496731    78
9096    1216273.633758083  662798.74085433886    0
9097    1216348.8295262335  662889.8718817865    0
9098    1216158.1979500058  662726.4426271948    0
9099    1216100.8172604488  662804.99578977318    0
9100    1216043.6511510804  662857.83172913117    0
9101    1216060.6415943312  662898.20331372065    0
9102    1216088.7055223319  663013.49693256489    0
9103    1216286.8989207586  662998.80091653822    0
9104    1216231.118165381  662762.41714920476    0
9105    1216378.2603597103  662772.61760317255    138
9106    1216317.6024660366  662700.80040110147    0
9107    1216322.3289948427  662925.94367427274    0
9108    1216335.8335216257  662845.47092262306    0
9109    1216003.7886545628  662898.3689412229    0
9110    1216069.1060022998  663043.96080064692    0
9111    1216198.9482395232  662755.56326081522    0
9112    1216336.7319126409  662755.47488260735    0
9113    1216043.2332681587  663092.67066501128    136
9114    1216007.1814087373  663035.87903798965    80
9115    1216042.1057921753  663148.0299553381    0
9116    1216030.9629266926  663060.62114990456    0
9117    1215977.2622771945  662990.71106589667    0
9118    1216000.0466357903  663066.53697384766    0
9119    1216012.6719075686  662999.74898944458    0
9120    1215905.4007751408  663119.19866062549    81
9121    1215943.7022583012  663172.89210581896    135
9122    1215941.2978789182  663082.04404748068    81
9123    1215959.2464308068  663063.46674090822    81
9124    1215978.0593431355  663137.09190628678    135
9125    1215919.49844041  663043.02322562085    0
9126    1215975.4041110601  663097.03675156517    0
9127    1215948.6283572044  663035.24884720205    0
9128    1215921.1849710022  662990.88169243757    0
9129    1216222.8341206554  662722.3752288149    0
9130    1216068.6094643502  663120.87861631135    0
9131    1216006.0111427405  662951.96060422703    0
9132    1216058.2055267221  663002.75608230813    79
9133    1216043.294330447  662968.512635055    0
9134    1215943.6726967322  663120.25687302556    0
9135    1216133.8937415828  663113.92606530851    0
9136    1216100.3344149112  663178.35819817451    0
9137    1216282.2664360486  662682.39057994925    0
9138    1216395.3329733508  662951.80648760195    0
9139    1216378.1519731937  662714.00722889439    0
9140    1216189.69575901  662680.64953516144    0
9141    1215923.7941195043  663146.58566214528    0
9142    1215869.5036713635  663156.35327377031    81
9143    1215909.345173467  663208.69230535114    135
9144    1215926.523715884  663190.79220558505    135
9145    1215895.3174171881  663178.03692582669    0
9146    1215964.7648936661  663210.29878675321    0
9147    1215936.8125856037  663217.85941397154    0
9148    1215963.3130839036  663260.38270972832    0
9149    1215912.2136571934  663245.83133079018    0
9150    1215872.0037936165  663207.24233653536    0
9151    1215891.3830785307  663306.82688593876    0
9152    1215831.5386362325  663270.71399028366    134
9153    1215842.8073073409  663228.32603877527    0
9154    1215798.359444374  663215.45130119123    82
9155    1216256.985472542  662633.07280377951    0
9156    1216366.0456659168  662743.33490410505    0
9157    1216340.6303853285  662723.42715385859    0
9158    1216402.9175114213  662759.06507802987    138
9159    1216402.8633181632  662729.7598908908    0
9160    1216437.6961414451  662793.13392629381    0
9161    1216555.38067393  662630.46160189062    60
9162    1216404.8819553209  662791.84573113383    0
9163    1216491.4776685312  662687.98707738891    60
9164    1216459.5261658318  662716.74981513806    60
9165    1216443.5504144821  662731.13118401263    60
9166    1216423.3968879946  662724.80747951474    0
9167    1216475.3613420862  662750.40468092926    0
9168    1216439.0802271897  662710.10128037445    0
9169    1216405.975422068  662697.61911758059    0
9170    1216450.7296893764  662755.17051674542    0
9171    1216458.8968860717  662683.92250759946    0
9172    1216468.813360292  662782.59801396308    0
9173    1216431.0986730419  662769.64985704469    0
9174    1216312.9695030223  662736.3233036194    0
9175    1216351.909606904  662688.91647898953    0
9176    1216419.1551249395  662846.84724537365    0
9177    1216368.7812142335  662813.78464283911    0
9178    1216481.9203260124  662631.98401410715    0
9179    1216525.4163111325  662777.34822243254    0
9180    1216320.1709249734  662652.75336143782    0
9181    1216468.8572102683  662833.94694806857    0
9182    1215797.5943138204  663253.50225812115    0
9183    1215744.3861373183  663168.03537819732    0
9184    1216260.1267258432  662662.60112569714    0
9185    1216222.1903678165  662657.67444441724    78
9186    1216288.0208517855  662644.70247400738    0
9187    1216363.0603564754  662427.32765776664    76
9188    1216285.6556556411  662490.992474664    76
9189    1216317.432359407  662595.47061865975    0
9190    1216283.7880067097  662608.7724745489    0
9191    1216204.9929232672  662591.70036052167    77
9192    1216246.953305224  662522.82488311268    76
9193    1216249.4369975424  662576.94451865007    0
9194    1216230.7921002067  662612.63427387399    0
9195    1216142.0012539725  662604.82489453314    0
9196    1216287.8750022592  662569.91048387415    0
9197    1216167.5548787757  662569.74277935142    0
9198    1215792.84062842  663167.30660797993    0
9199    1216264.2132179348  662549.14958970679    0
9200    1216266.3044804325  662506.90867888834    76
9201    1216301.3673105629  662529.81679156318    0
9202    1216230.2633525892  662482.8111362349    0
9203    1216259.194220454  662478.54207528802    0
9204    1216237.6569937379  662432.75199069083    0
9205    1216324.3580060583  662459.16006621532    76
9206    1216287.181647395  662453.40412780468    0
9207    1216313.4790902648  662406.48963470757    0
9208    1216165.7091799933  662502.32805698866    0
9209    1216323.9369889444  662498.0918588835    0
9210    1216096.6637756517  662544.95369883243    0
9211    1216373.2474331565  662479.15694023587    0
9212    1216362.7442027782  662549.59069796698    0
9213    1216335.1866218059  662529.98574731813    0
9214    1216367.1368001702  662514.24572055729    0
9215    1216331.6210308464  662564.16824810975    0
9216    1216428.3174483355  662506.82372752181    0
9217    1216366.9297845762  662599.03981489723    0
9218    1216400.8627957813  662536.38255435019    0
9219    1216396.607007276  662501.30142479797    0
9220    1216440.4650573097  662363.66284086928    76
9221    1216421.61004299  662451.53353732859    0
9222    1216462.6033288327  662566.19848017767    0
9223    1216436.3220277578  662541.78803946998    0
9224    1216489.1132213955  662511.30382731906    0
9225    1216416.9544620586  662588.99296460405    0
9226    1216467.4094458926  662534.67101946787    0
9227    1216459.0071448195  662505.10386301193    0
9228    1216516.217299721  662558.24145654752    0
9229    1216442.0451175319  662477.10644412949    0
9230    1216481.4382043283  662472.37730474537    0
9231    1216457.9815424955  662443.42060013604    0
9232    1216401.7627068926  662395.49524931796    76
9233    1216517.6772876147  662419.04247933277    0
9234    1216432.7839975741  662416.04215207335    0
9235    1216491.5085275045  662440.24073945149    0
9236    1216471.3323488177  662405.84888007806    0
9237    1216539.7082888575  662472.99073258543    0
9238    1216390.5732030764  662568.29591862857    0
9239    1216382.411531684  662411.4114535423    76
9240    1216406.8879241042  662421.44840622996    0
9241    1216349.2409847737  662390.80400901788    0
9242    1216386.5547193412  662436.17064324324    0
9243    1216376.2963432581  662384.25467382267    0
9244    1216366.6030546788  662453.54711756413    0
9245    1216390.6213947979  662460.98248529783    0
9246    1216347.579290577  662472.14960795175    0
9247    1216343.7091812668  662443.24386199098    76
9248    1216318.9185481616  662432.82485046145    0
9249    1216291.1892139842  662424.82289970049    0
9250    1216338.5505425942  662415.04056279769    0
9251    1216351.9195470912  662342.71154863841    0
9252    1216403.1918511416  662357.78915371606    0
9253    1216265.4598332283  662435.7867878559    0
9254    1216271.9646978835  662378.73259987019    0
9255    1216268.4938367365  662407.23479034659    0
9256    1216226.2983150063  662387.63399275392    0
9257    1216431.5583453986  662298.98211645219    0
9258    1216510.4237777588  662486.88220308244    0
9259    1216544.1004864639  662520.06286444643    0
9260    1216316.5415619034  662364.86195588147    0
9261    1216297.5379206731  662295.18234640441    0
9262    1215254.2669777912  663375.8724888562    131
9263    1215252.5742700319  663323.3196186797    86
9264    1215247.9705380036  663430.88409739092    0
9265    1215231.2796502281  663272.20737557707    0
9266    1215276.0255867036  663406.22904321167    0
9267    1215265.0683283387  663288.12223296484    0
9268    1215323.6295262978  663399.7304719619    0
9269    1215274.5372984582  663224.19312033243    0
9270    1215302.8396985813  663465.03037177923    0
9271    1215317.2423388823  663364.46617939707    131
9272    1215326.6589988684  663326.68161475426    0
9273    1215412.5940456134  663362.93269603525    132
9274    1215401.3105313072  663293.50882047159    84
9275    1215364.6966998382  663290.6380890595    84
9276    1215380.6620325204  663360.84786035132    132
9277    1215366.8331626488  663327.07237063674    0
9278    1215362.3786804159  663395.29865153239    0
9279    1215351.1452134443  663228.55111111596    0
9280    1215398.4592878895  663333.84228293505    0
9281    1215394.7659958173  663390.40993079147    0
9282    1215386.0312004953  663253.45908504515    0
9283    1215437.9243627763  663296.37955188379    84
9284    1215442.1361088888  663401.62277090189    0
9285    1215386.6706108954  663446.50458713772    0
9286    1215453.409741295  663333.80131731601    0
9287    1215422.151991074  663262.61814980675    0
9288    1215458.717867306  663266.10051104997    0
9289    1215419.2637867869  663198.20373820211    0
9290    1215538.3423783185  663304.2528920942    84
9291    1215443.7664766044  663229.37704630801    0
9292    1215509.5417181889  663262.19536008488    0
9293    1215347.16348386  663433.88166612689    0
9294    1215444.5260587065  663365.01753171918    132
9295    1215425.9266401259  663323.259149972    0
9296    1215481.909594225  663235.25301200664    0
9297    1215351.7817486038  663487.56347544992    0
9298    1215470.4002023723  663183.22614087421    0
9299    1215540.3562447806  663202.95096863853    0
9300    1217446.5801321794  658627.31652578723    0
9301    1217167.8391633832  659121.96371962561    0
9302    1216786.0689941237  658761.16170084861    0
9303    1217043.2576611107  659128.20057634031    0
9304    1217245.2385107833  659069.94603961287    0
9305    1217344.4306685794  659153.94715059083    0
9306    1216094.5328105523  662740.17118763179    0
9307    1216212.720256377  663037.62618030817    0
9308    1215949.0683187332  662939.75445761823    0
9309    1216042.7498253561  663237.62238183012    0
9310    1215837.1307017284  663329.08912675921    0
9311    1216462.5601789497  662911.88173256279    0
9312    1215833.9681161311  663014.15868423437    0
9313    1216185.2955850675  662450.59389581252    0
9314    1216340.3186412344  662623.08330828848    0
9315    1216387.0738847491  662648.08338690258    0
9316    1216453.2937549739  662604.66095495061    0
9317    1216491.297666413  662593.50164064195    0
9318    1216441.8597946658  662645.29806429474    0
9319    1216532.4644381823  662596.15978058311    0
9320    1216428.1976910958  662674.39408389397    0
9321    1216619.2836793289  662572.93612639233    60
9322    1216523.4291712306  662659.22433963977    60
9323    1216613.1112927224  662501.82291551738    0
9324    1216560.8416443036  662561.56086743786    0
9325    1216507.4534198809  662673.60570851434    60
9326    1216481.5262851052  662660.86830785125    0
9327    1216539.264347485  662692.87920543097    0
9328    1216502.1482480995  662651.64825029531    0
9329    1216514.6326947752  662697.64504124713    0
9330    1216522.9220486998  662626.97216271481    0
9331    1216534.7351384619  662735.50632420927    0
9332    1216491.6081781283  662720.26031888719    0
9333    1216583.2216096513  662528.40645656979    0
9334    1216607.6124970936  662721.69549857918    0
9335    1216575.5255514956  662489.657982782    0
9336    1216651.2351820283  662544.17338864319    60
9337    1216648.1489887249  662508.61678320577    0
9338    1216641.884331069  662447.17913998046    0
9339    1216635.7445753145  662478.84341510688    0
9340    1216602.9236945335  662469.15291680826    0
9341    1216679.6571051781  662470.93073587841    0
9342    1216570.2856192267  662454.09982359339    0
9343    1216541.0499461992  662440.97027830197    0
9344    1216603.5877113761  662424.80375815241    0
9345    1216568.6389634646  662418.65200962184    0
9346    1216594.671940092  662296.23160566611    75
9347    1216596.3038433436  662363.83451896335    0
9348    1216590.7443836699  662395.41840989934    0
9349    1216542.7986724332  662371.93366275786    0
9350    1216645.8435192914  662388.83583091514    0
9351    1216591.7991255918  662558.32716358977    0
9352    1216616.0236630302  662535.19276373391    0
9353    1216587.3321766295  662601.69886414148    60
9354    1216578.4905378912  662767.20998879429    0
9355    1216714.8570372367  662582.72038247634    0
9356    1216784.4225386828  662505.83340626955    61
9357    1216633.6484518156  662417.31426145206    0
9358    1216680.4079748518  662420.48737171711    0
9359    1216560.7565742456  662590.42770652846    0
9360    1216610.4468472833  662659.50439295045    0
9361    1216665.5937318169  662592.25205410889    0
9362    1216733.8046117052  662510.6220285818    61
9363    1216628.702301343  662615.52720173355    0
9364    1216708.4956482165  662513.01633973792    61
9365    1216693.7578425147  662492.19180868682    0
9366    1216724.4502140202  662546.70258131297    0
9367    1216668.9809497083  662494.92715445929    0
9368    1216721.9269057382  662458.20309263084    0
9369    1216719.0765726739  662489.90073570248    0
9370    1216698.1426380347  662538.54110185837    0
9371    1216756.3488704797  662479.00352470123    0
9372    1216761.8493331117  662537.14592927846    0
9373    1216751.1137949943  662573.0907542716    0
9374    1216816.0249524377  662572.9019953541    0
9375    1216748.9371057483  662637.96568020212    0
9376    1216695.1817112344  662445.93455527723    0
9377    1216727.8801385632  662409.9388560974    0
9378    1216814.8299899225  662445.9138203935    0
9379    1216798.8399844677  662540.01972273714    0
9380    1216835.0404656604  662501.0447839573    61
9381    1216838.2705939603  662540.34420539218    0
9382    1216682.5989510971  662660.07984879846    0
9383    1216757.5701828038  662438.1002981544    0
9384    1216790.5832828465  662471.2845626286    0
9385    1216881.0804640111  662593.47349186335    0
9386    1216789.3752050833  662374.83736979251    0
9387    1216763.9251398398  662401.66886377207    0
9388    1216733.0078240258  662349.60143420275    0
9389    1216800.5570234938  662410.92911533103    0
9390    1216740.1182187535  662380.59229573631    0
9391    1216696.209949452  662379.50674041233    0
9392    1216762.5752125352  662359.12875251239    0
9393    1216830.6282957881  662221.43292016932    74
9394    1216776.5732973784  662255.6974374858    74
9395    1216801.9968767371  662322.58828762663    0
9396    1216759.9191026858  662316.72795474844    0
9397    1216865.6464354387  662404.77798695443    0
9398    1216834.0300492975  662417.67675563577    0
9399    1216823.3863767958  662384.0781762012    0
9400    1216866.6692936178  662452.48224054812    0
9401    1216784.9800831554  662290.77908945607    0
9402    1216749.5457981734  662272.82969614409    74
9403    1216707.6520875785  662236.62418219715    0
9404    1216803.6007965831  662238.56517882762    74
9405    1216761.7070859883  662202.35966488067    0
9406    1216744.9912019235  662235.75931568828    0
9407    1216845.4945071784  662274.77069277491    0
9408    1216799.0462003332  662201.4947983718    0
9409    1216725.6031774434  662205.17316667712    0
9410    1216818.0816928407  662293.52719132032    0
9411    1216778.9439728821  662140.07417245011    0
9412    1216664.5283377569  662191.16230165039    0
9413    1216862.8586498825  662329.55886826478    0
9414    1216883.8906680464  662187.67083469604    74
9415    1216740.4748652761  662162.95604600094    0
9416    1216838.1914916944  662174.47060788947    0
9417    1216721.8050953255  662087.79019150976    0
9418    1216514.6703438135  662527.84032084676    0
9419    1216237.2893847967  662322.430235715    0
9420    1215516.4808933844  663441.2176510205    0
9421    1215420.0212771834  663106.0063492367    0
9422    1215566.4135778102  663254.13996376481    0
9423    1216779.2410167044  658846.16169171466    0
9424    1216160.2070591846  663057.81407820235    0
9425    1215836.9237544499  663088.95765004214    0
9426    1216381.2933383754  662678.66312309878    0
9427    1216357.7324106137  662658.37313358882    0
9428    1216396.285199194  662615.64117400383    0
9429    1216426.5035040881  662619.05017692654    0
9430    1216543.0314193221  662402.31033777015    0
9431    1216514.9513142738  662387.33625911654    0
9432    1216479.1674077269  662331.8304324206    76
9433    1216512.3366738344  662349.73425483017    0
9434    1216482.1628964171  662370.72428259894    0
9435    1216556.270849118  662298.11481481907    75
9436    1216546.7474167931  662334.51553956512    0
9437    1216533.9507265007  662235.44417271763    0
9438    1216573.4852890384  662256.67392718408    0
9439    1216588.4277678542  662181.42169472843    0
9440    1216658.5951195303  662293.09678023425    75
9441    1216624.6741675788  662254.71024135698    0
9442    1216944.7453807667  662465.5247598514    62
9443    1216860.3494291492  662498.65047280118    61
9444    1216845.1602375808  662473.05458678678    0
9445    1216871.0307344676  662476.59594035568    0
9446    1216876.4489256793  662533.86869840953    0
9447    1216915.2018867023  662480.89046074823    62
9448    1216894.9563789102  662459.81723660615    0
9449    1216817.6523883159  662478.93369149975    0
9450    1216888.0706594181  662428.16026714863    0
9451    1216955.4272531769  662522.14705406257    0
9452    1216915.5918057261  662379.32290981757    0
9453    1216922.7719052539  662437.18972840556    0
9454    1216916.6354050476  662519.73102829023    0
9455    1216974.2888748311  662450.15905895457    62
9456    1216965.6919757926  662397.54552417761    0
9457    1217014.5142413056  662491.41565226892    0
9458    1216975.7223931763  662488.99962649657    0
9459    1216932.7911727943  662572.9631765316    0
9460    1216993.1112612223  662522.43304573058    0
9461    1216973.9765454172  662560.85954123293    0
9462    1217055.1937415991  662542.37885339465    0
9463    1216973.4337955734  662635.13582897838    0
9464    1217015.9925413267  662557.80429744243    0
9465    1217061.1457267411  662615.02922064031    0
9466    1216997.8089786989  662598.17381585389    0
9467    1217020.6537682859  662639.75747927011    0
9468    1216857.7506893119  662367.40940055868    0
9469    1216827.2428263903  662348.27153978171    0
9470    1216890.9445281569  662352.61900861107    0
9471    1216915.101215617  662294.56406709587    0
9472    1216894.2612999922  662319.94584381953    0
9473    1216870.1004986905  662297.11797581078    0
9474    1216940.6616639744  662336.79696257901    0
9475    1216890.0253172533  662250.45915587933    0
9476    1216834.5407628028  662318.91157033329    0
9477    1216891.6296446039  662278.72793484537    0
9478    1216919.3356917882  662262.97562962375    0
9479    1216922.2309714796  662215.61869591987    0
9480    1217109.5039095134  662329.50895576924    63
9481    1216969.5453909244  662285.7843507065    0
9482    1216878.5704778498  662120.38395724352    0
9483    1215767.6187421528  663101.53929808957    0
9484    1216687.9256945106  662331.72095883288    0
9485    1216952.8140273613  662426.65886519104    0
9486    1216929.0665444925  662407.02982951747    0
9487    1216989.3879171882  662715.66757118993    0
9488    1216947.5293795029  662369.49816585972    0
9489    1217056.6681392044  662382.15115691349    63
9490    1216998.2657798484  662341.7710433125    0
9491    1216979.8969485206  662368.44238077244    0
9492    1217030.2502540499  662408.47225748561    63
9493    1216999.1790562377  662395.87202664523    0
9494    1217087.0606751258  662439.07351147465    0
9495    1217025.0071016378  662376.79176252813    0
9496    1217044.8005671462  662449.49413622729    0
9497    1217049.0972878835  662330.67683424451    0
9498    1217077.8974946674  662492.81463458657    0
9499    1217026.2744222437  662348.1040489875    0
9500    1217019.0443696175  662314.97735415841    0
9501    1217060.0773607166  662273.04377811216    0
9502    1216856.9606709655  662242.83423488971    0
9503    1216857.2594819171  662204.55187743274    74
9504    1216885.2318873703  662219.23364210268    0
9505    1216910.5218541757  662170.78979195934    74
9506    1216939.5577940412  662187.14936666365    0
9507    1216881.2305729482  662154.02739596972    0
9508    1216909.160463989  662139.19516341446    0
9509    1217050.2619020119  662051.17634314299    73
9510    1216993.7074711584  662102.54254618287    73
9511    1216965.4302557316  662128.22564770281    73
9512    1216935.2963793878  662123.45633255865    0
9513    1216907.7281725877  662107.24662246369    0
9514    1216956.1067724458  662089.5522245334    0
9515    1216871.3870429629  662065.51493110904    0
9516    1216977.2163178171  662229.57619353838    0
9517    1216848.0614326249  662139.72310698335    0
9518    1216975.6032674063  662167.83440561965    0
9519    1216813.5473817107  662148.69499344053    0
9520    1216842.4922996403  662097.2025609538    0
9521    1216804.8331398629  662109.91507263773    0
9522    1216992.6821652602  662044.59723102755    0
9523    1216969.0507575159  662198.8975598776    0
9524    1217023.7838065557  662194.2203586254    0
9525    1217001.8991553457  662139.96985322831    0
9526    1216762.9683524964  662100.16894830554    0
9527    1217051.6119093697  662109.47915613069    0
9528    1217005.7588009045  662169.95225870924    0
9529    1217042.2659468753  662150.01305151917    0
9530    1216762.892405153  662025.7917345413    0
9531    1217021.4534767168  662116.07990770449    0
9532    1217021.9846865851  662076.85944466293    73
9533    1217114.0842119379  662145.22789500735    0
9534    1216817.3007514619  662045.21352406417    0
9535    1217077.4529101697  662136.78175951587    0
9536    1217109.7597691347  662080.32427509245    0
9537    1217083.1185815504  662195.8684056421    0
9538    1217102.1268255208  662113.42872400768    0
9539    1217068.8917106835  662167.41762824275    0
9540    1217078.5037876165  662090.54972966621    0
9541    1217160.7815406465  662109.5206375093    0
9542    1217106.8163328655  661999.8101401031    73
9543    1217078.5391174387  662025.49324162304    73
9544    1217085.1639193848  662058.02509292774    0
9545    1217113.2985213706  662035.35528437153    0
9546    1217165.3965577651  662007.49079436925    0
9547    1217134.8730957813  662013.05720402894    0
9548    1217135.0935482923  661974.12703858316    73
9549    1217158.8009970121  662057.79502873181    0
9550    1217027.2385000263  661997.41924512584    0
9551    1217129.7860494214  662059.27647331601    0
9552    1217145.6039419034  662084.20105766051    0
9553    1217176.2709202815  662083.02683680074    0
9554    1217131.3527705341  662109.95262534905    0
9555    1217209.3330003012  662041.47162296344    0
9556    1217212.413790514  662121.93223313114    0
9557    1217146.5001247893  662139.23225573229    0
9558    1217181.3201293687  662137.68099109689    0
9559    1217140.2240758922  662195.9277436469    0
9560    1217292.4405515119  662193.81483739614    64
9561    1217165.3158704229  662170.01022720116    0
9562    1217218.7165611151  662172.94551211724    0
9563    1217162.3396798223  662276.86675462499    63
9564    1217178.5213585021  662207.89994172519    0
9565    1217106.6875368841  661914.44366230548    0
9566    1217067.4405103482  661984.86539880536    0
9567    1217192.5065463299  662246.81040747045    63
9568    1217241.2549591099  662273.06901518349    0
9569    1217148.341635196  662237.20063481329    0
9570    1217026.5437843199  661924.54681301827    0
9571    1217098.5350083951  661962.28413868509    0
9572    1217202.3704690773  662286.87767027353    0
9573    1217111.297451905  662272.57639868057    0
9574    1217111.6431841291  662222.98376539443    0
9575    1217061.9299630772  661944.57808732614    0
9576    1217244.6870531188  662344.3863505146    0
9577    1217168.7776353573  662336.16450917907    0
9578    1217073.1476589721  662234.91876149015    0
9579    1217064.0931622123  661899.48539196781    0
9580    1217027.1315958793  662240.44613285852    0
9581    1217053.0637794263  662208.99250344466    0
9582    1217110.1690513627  661836.40601434465    0
9583    1217003.8036814327  661849.81473715394    0
9584    1216944.7865465027  662305.44910394284    0
9585    1216975.1554883148  662318.266374217    0
9586    1216705.4568537204  662353.2926957421    0
9587    1216677.4437600248  662358.14911123225    0
9588    1216715.9387882059  662326.86454334296    0
9589    1216648.3571229107  662331.32001970778    0
9590    1216690.5567092495  662291.52936751826    75
9591    1216672.7893787781  662255.88328249846    0
9592    1216626.6335298112  662294.66419295012    75
9593    1216612.2469119043  662327.95524672384    0
9594    1216578.9404471035  662325.67699821177    0
9595    1217081.8626485139  662694.46916432376    0
9596    1217083.0860243589  662355.83005634136    63
9597    1217133.8089505434  662380.32143128209    0
9598    1217095.5594944754  662394.7674554023    0
9599    1217128.4711373879  662424.04874311166    0
9600    1217122.7310564267  662472.80727308255    0
9601    1217203.5752919265  662411.02729137801    0
9602    1216945.1070991026  662240.78425461799    0
9603    1217179.3074171001  662034.89919534314    0
9604    1217201.2497887006  662006.52820532292    0
9605    1217364.2773500979  661849.21726543456    72
9606    1217182.5267370443  661977.34490860964    0
9607    1217263.8240569085  661898.83060124889    72
9608    1217263.1759297142  662010.60989742121    0
9609    1217213.5974103138  661923.63726915605    72
9610    1217231.5968558521  662017.9148593687    0
9611    1217228.785042492  661968.26478617371    0
9612    1217259.4872219416  662066.57380459225    0
9613    1217216.95888728  662081.46891808428    0
9614    1217249.2783036933  662105.58616499021    0
9615    1217319.007590659  662102.9912810449    0
9616    1217244.2106182498  662143.89968329889    0
9617    1217283.7513308614  662093.76527497033    0
9618    1217314.3006154676  662042.08316028269    0
9619    1217290.5445047831  662139.78297899466    0
9620    1217307.9659573147  662073.20863994234    0
9621    1217286.0997743364  662052.55107931083    0
9622    1217433.6570135283  662099.92011364712    65
9623    1217291.0326633372  662022.61955569335    0
9624    1217362.8223700463  662069.8092534797    0
9625    1217296.9985579946  661970.4694383397    0
9626    1217329.2475322152  662000.57497562724    0
9627    1217253.8080008216  662209.01969543844    64
9628    1217352.1018881176  662032.24998195993    0
9629    1217362.9935257535  661932.10107619793    0
9630    1217262.517989838  662174.46878106508    0
9631    1217292.1633337121  662249.791763152    0
9632    1217417.2948076564  662033.95167335484    0
9633    1217335.7865422969  661961.24512699945    0
9634    1217384.4312936172  662043.33185284492    0
9635    1217385.6177762863  661987.17189150618    0
9636    1217410.0323273467  662070.7663780076    0
9637    1217456.3670834191  662077.37565256364    65
9638    1217482.3574410989  662126.26761034038    0
9639    1217401.6813332103  662131.66261747933    65
9640    1217447.6735830801  662045.90761269024    0
9641    1217491.4983832482  662090.05434439064    0
9642    1217452.289470244  661989.60653742822    0
9643    1217514.6902710572  662055.94240973145    66
9644    1217546.9159788711  662123.30314786441    0
9645    1217472.1265149682  662019.57264903875    0
9646    1217531.4732580234  662089.30218385253    0
9647    1217511.8475115728  661971.72909499356    0
9648    1217572.0565986191  662091.37725415197    0
9649    1217533.8496768086  662013.14101396699    0
9650    1217484.7665299228  661989.65623386134    0
9651    1217468.6103233113  661935.8324263118    0
9652    1217502.8384053935  662014.92028068262    0
9653    1217314.0507035032  661874.02393334173    72
9654    1217359.5530364804  662002.79126641271    0
9655    1217366.6468068727  661962.78289829695    0
9656    1217415.5392126734  661941.40287608083    0
9657    1217359.1437768694  662120.78912230011    0
9658    1217438.2756445669  662200.5022828565    0
9659    1217694.085581556  661984.41499372572    67
9660    1217306.1378576776  661922.73657307914    0
9661    1217331.0731022023  662178.60997935385    64
9662    1217346.8838784092  662094.28182154696    0
9663    1217335.2561902322  662069.28244833753    0
9664    1217376.9751018558  662096.45313684875    0
9665    1217612.3722296061  662148.98618721555    0
9666    1217622.1944851801  662020.73431085423    67
9667    1217303.9441617446  662166.36196451355    0
9668    1217326.6017342242  662138.27209113492    0
9669    1217375.4559851976  662234.69686515466    0
9670    1217325.8299103593  662221.96934278752    0
9671    1217586.2489369921  662038.89396941848    67
9672    1217339.3022206496  662272.55190453457    0
9673    1217628.8562883283  662078.57625646237    0
9674    1217580.8855702716  661983.62217175763    0
9675    1217594.3200702793  662010.21465782786    0
9676    1217564.3548678241  662017.25701340509    0
9677    1217621.7755993144  661979.65435760573    0
9678    1217552.4324550789  661990.51780009153    0
9679    1217555.2362535961  661939.93677859928    0
9680    1217658.140033368  662002.57465228997    67
9681    1217539.8577411028  661964.45254011522    0
9682    1217516.6955761013  661932.84184558503    0
9683    1217597.7141139221  661944.36897905485    0
9684    1217659.3593679646  661960.33276962256    0
9685    1217706.1946788589  662053.03940938052    0
9686    1217657.5045223997  662045.97216573614    0
9687    1217464.7306432873  661799.60392962024    72
9688    1217583.8172207053  661871.78737459611    0
9689    1217765.9766779318  661948.09567659721    67
9690    1217675.8320239945  662090.96420651104    0
9691    1217543.5882323647  661894.98380755051    0
9692    1217579.811751435  661910.17547682882    0
9693    1217709.3519660991  661925.32263421628    0
9694    1217643.4461178679  661897.41215796769    0
9695    1217690.8154821573  661952.05197191553    0
9696    1217666.8659648362  661924.96166078094    0
9697    1217730.0311297439  661966.25533516146    67
9698    1217632.7199445767  661936.19715134928    0
9699    1217688.4681365567  661882.86827955476    0
9700    1217609.6414828554  661893.88493419625    0
9701    1217632.2067152783  661841.37561522622    0
9702    1217778.0857752347  662016.72009225201    0
9703    1217731.2102373748  662013.24473664165    0
9704    1217135.9217946678  662303.18785519712    63
9705    1217085.937994445  662300.27203091863    0
9706    1217022.8814123478  662277.6893289882    0
9707    1217005.7122258402  662218.76326379471    0
9708    1217128.5028044961  662545.97731154144    0
9709    1217172.3327133297  662453.92947136669    0
9710    1217188.4840870164  661936.04060310964    72
9711    1217155.3810315265  661900.64150104637    0
9712    1217187.9597106029  661903.35344931553    0
9713    1217176.162772658  661848.03018109407    0
9714    1217224.8197518131  661883.1085361673    0
9715    1217265.3793817749  661838.72883129003    0
9716    1217238.7107336111  661911.23393520247    72
9717    1217268.5083037165  661939.94034291222    0
9718    1217237.4969796373  661940.40185533662    0
9719    1217262.746070707  661973.87608838291    0
9720    1217397.3334604248  661891.18113452964    0
9721    1217444.0831527235  661957.75205015705    0
9722    1217419.2182690108  661981.14200862008    0
9723    1217288.9373802058  661886.42726729531    72
9724    1217264.6017193417  661868.77971626946    0
9725    1217291.1260606621  661854.43061340821    0
9726    1217236.4523081854  661853.01575579541    0
9727    1217304.2630665512  661803.92978592892    0
9728    1217326.2039727487  661836.59647964826    0
9729    1217205.6556760767  661858.40583069192    0
9730    1217212.1252152335  661804.69549891574    0
9731    1217238.8825932448  661821.5082844561    0
9732    1217253.3546510281  661768.777710072    0
9733    1217269.1926332044  661803.86626621778    0
9734    1217286.7805362258  661774.80889730691    0
9735    1217280.0583871282  661716.42259414203    0
9736    1217343.7611899974  661760.40914795129    0
9737    1217358.1873597589  661803.85030827497    0
9738    1217338.5862385789  661903.00846617622    0
9739    1217339.1640268005  661861.62059938814    72
9740    1217365.0577885576  661882.68005126249    0
9741    1217292.5457017678  662309.19495056896    0
9742    1217420.0868031988  662313.51388616953    0
9743    1217489.5911906674  661885.10741409066    0
9744    1217514.957289882  661774.79726171307    72
9745    1217763.573404758  661872.28674229211    0
9746    1217657.9512992192  661865.35738386028    0
9747    1217659.6839115173  661728.98079330474    71
9748    1217702.2168994085  661823.56102353474    0
9749    1217686.3919485058  661851.13970717229    0
9750    1217664.0343339255  661819.98105596704    0
9751    1217726.5830647771  661855.87220319372    0
9752    1217612.433923997  661739.48569355533    71
9753    1217687.6752169584  661773.2467423206    0
9754    1217772.2692776194  661802.80416592513    0
9755    1217731.7891151051  661894.02664649009    0
9756    1217621.2107331429  661790.64598110621    0
9757    1217757.4351263656  661836.23308494117    0
9758    1217735.2249153471  661806.37145632703    0
9759    1217863.4522047639  661865.12028480321    68
9760    1217749.2656117601  661758.05004018557    0
9761    1217811.8492250342  661845.5182302912    0
9762    1217766.1427440064  661910.14785092568    0
9763    1217740.7603076841  661929.01104931289    0
9764    1217802.5115794344  661888.66204580246    0
9765    1217801.9222261198  661929.93601803295    67
9766    1217850.6599895358  661888.44832213596    68
9767    1217834.2479370818  661864.27716931223    0
9768    1217895.6995009617  661897.97488764324    0
9769    1217868.866536773  661913.60350817104    0
9770    1217848.0206703204  661825.08030789113    0
9771    1217908.1721704262  661950.23858967633    0
9772    1217850.340443772  661964.04006150214    0
9773    1217803.1013337506  661976.92541951314    0
9774    1217812.788426891  661804.95301244478    0
9775    1217878.2149705142  661790.2608544752    69
9776    1217810.7885961831  661735.01424580812    70
9777    1217919.5236133649  661758.23285248817    0
9778    1217843.2333324936  661787.50553371746    0
9779    1217913.3701579156  661792.94958410703    0
9780    1217812.9508818169  661769.95039228385    0
9781    1217973.9559105032  661785.78455176891    0
9782    1217943.4689323585  661846.01590941846    0
9783    1217782.9257558465  661754.2737346791    0
9784    1217753.8366069407  662122.29820948117    0
9785    1217751.7609371871  662053.923154013    0
9786    1217163.898772246  662506.37257070094    0
9787    1217391.9592289573  661921.54006373475    0
9788    1217420.9754695981  661911.02146218938    0
9789    1217414.5039966926  661824.4105975274    72
9790    1217438.4712667721  661866.16699142451    0
9791    1217514.2845678676  661902.64848434972    0
9792    1217487.6420953381  661914.00278651493    0
9793    1217520.726568609  661867.42824084114    0
9794    1217454.6685817859  661904.46650306205    0
9795    1217484.6642431268  661840.17404386215    0
9796    1217468.0723979112  661864.73014618538    0
9797    1217439.6173199899  661812.00726357382    72
9798    1217462.1697664859  661826.04429833801    0
9799    1217484.8565838058  661814.89742467157    0
9800    1217438.4152967394  661839.07381754264    0
9801    1217489.8439665847  661787.20059566665    72
9802    1217522.3295027642  661827.82161364378    0
9803    1217406.5142645  661776.60816151055    0
9804    1217413.6249875596  661852.67167498975    0
9805    1217512.8310056892  661802.11756035313    0
9806    1217439.0929435764  661779.32010977971    0
9807    1217389.3906733952  661836.81393148098    72
9808    1217554.5042298725  661791.61801248719    0
9809    1217466.3365082447  661771.2299258589    0
9810    1217387.6117900449  661864.83762081445    0
9811    1217389.5169206287  661805.44411075651    0
9812    1217491.657027805  661759.24610707385    0
9813    1217439.3131593876  661730.1454573794    0
9814    1217375.2283841844  661777.59422122082    0
9815    1217525.7491425201  661733.39690775634    0
9816    1217467.5319435277  661741.0140759896    0
9817    1217389.3774389073  661729.70292487857    0
9818    1217471.4266557824  661688.83473387035    0
9819    1217495.5663686362  661728.99569235626    0
9820    1217516.8282098197  661688.88039224292    0
9821    1217553.7007972302  661848.9270027281    0
9822    1217591.530759501  661830.35751559061    0
9823    1217587.6652794066  661777.94195958914    0
9824    1217561.7343041822  661703.03350696759    0
9825    1217563.1702033218  661820.39963038405    0
9826    1217706.9338990375  661718.47589305416    71
9827    1217641.9552075274  661760.75416332623    0
9828    1217721.0364248396  661776.04812121775    0
9829    1217842.8691546242  662029.68402207829    0
9830    1217887.1228493401  661673.79018157138    0
9831    1217960.9476649039  661910.02363678219    0
9832    1217259.0224016565  662484.23239580647    0
9833    1217414.8058344615  661677.9570188506    0
9834    1217562.7262009413  661621.5690226095    0
9835    1217622.288534228  661672.29543970223    0
9836    1217730.5588927977  661713.22344292887    71
9837    1217747.2568942714  661732.57172743522    0
9838    1217710.0455974622  661676.71434936603    0
9839    1217782.4862413704  661721.49261930585    70
9840    1217722.5821864186  661747.33542878996    0
9841    1217736.831951631  661685.68138122512    0
9842    1217819.0362886717  661681.36996309704    0
9843    1217782.5954968121  661684.88304265484    0
9844    1217738.2928588479  661636.82568404323    0
9845    1217795.5488833624  661628.4923878893    0
9846    1217683.3089052774  661723.72834317945    71
9847    1217699.5758517026  661741.13778531982    0
9848    1217662.7956099419  661687.21924961661    0
9849    1217676.0461619166  661746.81890315993    0
9850    1217689.5819641107  661696.1862814757    0
9851    1217683.6379357348  661669.45063812006    0
9852    1217705.0523663328  661643.23236162413    0
9853    1217652.1641549692  661653.64052582067    0
9854    1217711.0598111222  661584.96542031795    0
9855    1217612.531736484  661623.41986417631    0
9856    1217659.046816593  661788.11147430504    0
9857    1217802.7026811433  662062.05422424967    0
9858    1217211.8069073656  662584.80913548393    0
9859    1217494.1925148244  661624.1416120471    0
9860    1217590.6949282291  661539.99048497621    0
9861    1217660.6905218016  661601.36076273501    0
9862    1217876.40786542  662112.4057645573    0
9863    1217664.2434501441  661526.70676813938    0
9864    1212855.1888416954  664282.43006752408    0
9865    1212885.1600135928  664308.12625366449    120
9866    1212891.1182244457  664274.78373448714    0
9867    1212926.6611373799  664357.49979270215    0
9868    1212939.7445748998  664136.65498807351    96
9869    1212983.6878849296  664189.03249862767    121
9870    1212883.5564157534  664351.60290068283    0
9871    1212951.5476456026  664241.22136052838    121
9872    1212906.4897776151  664191.33696369198    96
9873    1212912.2730793345  664241.69017831236    0
9874    1212895.3404460258  664425.95526037156    0
9875    1212935.4775259392  664267.31579147873    121
9876    1212986.738581086  664280.88908053201    0
9877    1212954.9626671879  664297.31117974105    0
9878    1212998.0541904774  664341.73762615642    0
9879    1212934.0196429812  664324.2116706532    0
9880    1212967.2640749083  664328.4909830956    0
9881    1212967.1263927014  664371.21815805114    0
9882    1212777.8232683945  664331.00886267959    119
9883    1212934.0415154675  664402.26943680597    0
9884    1213031.4254371417  664407.71046522679    0
9885    1212821.338957822  664389.31484536326    0
9886    1212953.9270652747  664478.2215161561    0
9887    1212981.889284112  664420.09936416405    0
9888    1213021.980752205  664475.17443299515    0
9889    1215123.2537245308  663336.50578839355    86
9890    1215143.0545020879  663363.15336644498    0
9891    1215100.6341328006  663282.21329188277    0
9892    1215189.4977641029  663387.60370693821    131
9893    1215122.9346978168  663399.65983364312    131
9894    1215109.3334306506  663367.52979909314    0
9895    1215136.5251752802  663299.11838715442    0
9896    1215174.6147735449  663359.53934363986    0
9897    1215188.9043976066  663329.81171736517    86
9898    1215212.2023340764  663418.06853274792    0
9899    1214971.8241354963  663309.48999001808    87
9900    1214979.2270117064  663376.94502866    130
9901    1215205.3504071212  663356.0152845775    0
9902    1215169.9905779928  663302.04866405611    0
9903    1215178.1360994654  663419.76418179355    0
9904    1215034.4400881901  663391.31646282785    130
9905    1215158.1119443823  663245.14735443064    0
9906    1215202.0049816514  663300.562703392    0
9907    1215116.2795499673  663457.8054525326    0
9908    1215144.7962461382  663425.47025364928    0
9909    1215197.9780964833  663475.34781961981    0
9910    1215030.6310615819  663324.72190004855    87
9911    1215062.0466264319  663398.50217991171    130
9912    1215060.0345246247  663332.33785506373    87
9913    1215082.2020842356  663377.69080186286    0
9914    1215063.9465981175  663447.82587255316    0
9915    1215037.7721842455  663357.7196617244    0
9916    1215055.953077154  663287.52738621144    0
9917    1215081.8881232175  663308.53410709579    0
9918    1215040.6650207904  663424.02424957021    0
9919    1215184.5134471022  663269.32635344239    0
9920    1215167.0197103915  663455.06583270046    0
9921    1215002.1992473975  663348.14648970682    0
9922    1215012.8779006596  663474.49150285847    0
9923    1214998.7859826095  663415.04839430971    0
9924    1215211.3657361781  663213.50218752248    0
9925    1215148.9013487245  663516.49006949691    0
9926    1214917.290753999  663360.82361491281    130
9927    1214948.2588828527  663368.88432178646    130
9928    1214913.0172094104  663294.25807998748    87
9929    1214970.6148837663  663346.51363894576    0
9930    1214939.7564572799  663338.03147064231    0
9931    1214952.9123557585  663414.52432051278    0
9932    1214886.3226251453  663352.76290803927    130
9933    1214925.1098188341  663394.30184416787    0
9934    1214883.6137463674  663286.64212497219    87
9935    1214890.8005370162  663319.46357298724    0
9936    1214881.5280108198  663234.1266681503    0
9937    1214862.2601717969  663308.51539438218    0
9938    1214906.3475600537  663259.44006754411    0
9939    1214803.8427545177  663288.95766289113    88
9940    1214789.6231109221  663357.81494930689    129
9941    1214829.0265189211  663283.99191642413    88
9942    1214822.4888036069  663351.25857523631    129
9943    1214808.2087691415  663244.75733338541    0
9944    1214822.5147505698  663317.31006402569    0
9945    1214836.3813318973  663254.94926644501    0
9946    1214839.1782104366  663203.18483383465    0
9947    1214894.79537379  663383.72977386694    0
9948    1214935.8699849043  663205.66924196552    0
9949    1214950.9500801826  663268.94393963832    0
9950    1214785.8417156739  663321.13717266987    0
9951    1214847.6828097443  663391.89819738665    0
9952    1214756.7574182374  663364.37132337748    129
9953    1214812.2764494263  663385.71875120956    0
9954    1214892.4397307443  663439.23234993184    0
9955    1214703.1076969043  663308.82064875914    88
9956    1214778.891907762  663389.67424696987    0
9957    1214819.7432419052  663447.45988417696    0
9958    1214922.6741365783  663426.87366866134    0
9959    1214733.4516978341  663333.19727136765    0
9960    1214746.0026074739  663396.1122812028    0
9961    1214799.247666955  663418.61648667953    0
9962    1214957.7754858832  663469.62686810247    0
9963    1214661.1284131377  663383.44834498316    129
9964    1214761.7157359351  663466.98955338344    0
9965    1214767.6049972335  663419.24205952359    0
9966    1214783.9515384503  663445.49521409743    0
9967    1214724.2024675161  663438.12565681559    0
9968    1214799.781157878  663484.11947920546    0
9969    1214920.4166704582  663464.51320255839    0
9970    1214710.9512972618  663404.58723573235    0
9971    1214930.6251794079  663528.95572977653    0
9972    1214864.5499155652  663498.21718847996    0
9973    1214665.7531058888  663441.8322368284    0
9974    1215009.9511833286  663283.42617638374    0
9975    1215069.4906915515  663210.85519360378    0
9976    1214942.4206724535  663301.87403500278    87
9977    1214752.3723503081  663538.61071988428    0
9978    1215077.7532026286  663517.63087088836    0
9979    1214888.1355358937  663180.63020434428    0
9980    1214661.472197345  663230.35148268181    0
9981    1214692.5100693451  663377.18802121561    129
9982    1214670.6361576573  663349.32371531345    0
9983    1214602.3726392905  663328.68363462738    88
9984    1214702.7324073385  663346.64549489296    0
9985    1214632.9127328906  663350.88249139767    0
9986    1214601.2197062457  663362.37698966567    0
9987    1214535.6017883078  663408.48964005336    129
9988    1214566.9834445152  663402.22931628581    129
9989    1214501.6375816772  663348.54662049538    88
9990    1214561.6629795881  663457.34387770598    0
9991    1214545.0036276402  663373.83413046587    0
9992    1214589.2766533813  663432.19546873472    0
9993    1214510.5503966338  663383.09025525569    0
9994    1214629.2834035491  663422.97901933815    0
9995    1214617.1287057106  663490.51232751634    0
9996    1214629.7467569304  663389.70866875071    129
9997    1215036.5983119442  663244.5787851921    0
9998    1214709.1121523462  663496.54715080257    0
9999    1214754.8277354741  663172.66952708713    0
10000    1214717.8173228567  663250.7353488009    0
10001    1214560.7371397314  663250.2144685504    0
10002    1214474.8742273322  663385.32237466052    0
10003    1214379.7109832014  663409.46939144155    89
10004    1214414.8139661041  663463.25418082648    128
10005    1214415.4905180358  663383.97375243553    89
10006    1214444.7994594213  663401.50883408275    0
10007    1214443.8262209985  663442.13223420747    128
10008    1214413.9971260158  663419.73157316039    0
10009    1214493.3213147633  663479.63069536211    0
10010    1214451.5961193927  663483.29065913463    0
10011    1214355.3666672495  663337.45199031522    0
10012    1214478.5215270771  663550.57937552698    0
10013    1214409.4570104317  663516.86809340899    0
10014    1214406.4915936301  663333.49144486955    0
10015    1214989.1812456704  663240.61625319393    0
10016    1214617.0822652429  663270.59833466937    0
10017    1214516.3472076296  663290.46132053738    0
10018    1214374.3684003283  663250.78215940995    0
10019    1215017.0658527154  663192.62513452733    0
10020    1214467.6853877234  663309.04330970219    0
10021    1214461.2348264074  663219.14294665761    0
10022    1220979.2588075199  666311.13185187778    0
10023    1217472.4427346566  659077.34743397834    0
10024    1216123.9006528358  662669.12286073901    0
10025    1215540.7073105741  663371.29718923511    132
10026    1215572.8319299612  663373.39460015111    132
10027    1215559.0717628556  663337.08553924819    0
10028    1215585.4198326215  663427.65843989491    0
10029    1215590.7618932817  663345.83772267157    0
10030    1215554.5576091965  663406.22576687171    0
10031    1215653.0734141897  663362.43522877584    133
10032    1215647.3823185647  663295.26852245594    83
10033    1215552.4706235826  663442.16748862027    0
10034    1215515.2073031878  663401.61909017293    0
10035    1215629.014981769  663368.96361992147    133
10036    1215631.8431111535  663331.79157160781    0
10037    1215651.8586206282  663405.55274359079    0
10038    1215623.8708605969  663397.60077339318    0
10039    1215626.7061146169  663440.85066657816    0
10040    1215596.3416885785  663402.00721893425    0
10041    1215532.9023317352  663501.31034465879    0
10042    1215669.6362721703  663328.28414053738    0
10043    1215590.3329243916  663483.48318338394    0
10044    1215520.5537613847  663338.4442299644    0
10045    1215478.6727634922  663422.61389504443    0
10046    1215697.7541486928  663464.86738114676    0
10047    1215508.5826911868  663369.1997783191    132
10048    1215487.0493421028  663335.14530197717    0
10049    1215506.440286282  663301.75158769509    84
10050    1215470.9950165744  663485.93758438132    0
10051    1215438.7010276122  663449.89477303217    0
10052    1215612.707283031  663263.26755430154    0
10053    1215411.6592750307  663506.61285270972    0
10054    1215657.8869883216  663249.09929982491    0
10055    1215600.2058954397  663204.71163290192    0
10056    1215727.8651979498  663259.33812974347    82
10057    1215722.3463819958  663211.1934365324    0
10058    1215761.0040854125  663273.2882782137    0
10059    1215744.6397314314  663323.15696108423    134
10060    1215725.1013354652  663294.17857668817    0
10061    1215700.4808479557  663316.29240161018    0
10062    1215664.1257822509  663154.25500429352    0
10063    1215789.4616398532  663348.31864666927    0
10064    1215845.150290895  663417.66872979549    0
10065    1215745.6267485721  663373.90145321377    0
10066    1215792.1194905255  663403.21862157912    0
10067    1215702.2211387472  663400.03214851615    0
10068    1215746.3684062005  663424.24922188371    0
10069    1215799.6903606164  663479.96866321389    0
10070    1217546.8414520491  658607.38635787333    0
10071    1217270.3546235792  659140.8536015948    0
10072    1215956.5691248148  662812.06723826856    0
10073    1215856.1530127509  662922.24808984913    0
10074    1216089.8036135908  662444.01566822012    0
10075    1216568.7476301638  662860.19772248552    0
10076    1216823.7559579508  659069.56965078402    0
10077    1216213.023275815  663116.80758286244    0
10078    1216927.5321018419  662028.94749545387    0
10079    1217111.6893537978  662178.5511667945    0
10080    1216822.2691972284  661945.37401423079    0
10081    1216629.6628619714  662359.31585902988    0
10082    1216992.9679501627  662260.35339266981    0
10083    1217152.1038747909  661791.47472510533    0
10084    1217355.3080437027  662341.12750836834    0
10085    1217337.3240298899  661701.61011417035    0
10086    1217992.3797540953  661681.84041198413    0
10087    1212923.1171762575  664163.99597588275    96
10088    1212957.6393440627  664166.26413994934    0
10089    1212886.1399315761  664122.78183263866    0
10090    1213015.8281242566  664136.84363672696    121
10091    1212967.5350255775  664090.95822037489    96
10092    1212967.617765266  664215.12692957802    121
10093    1212933.5791335714  664212.1599804865    0
10094    1213018.8788204128  664228.70021863165    0
10095    1212987.1029065147  664245.12231784011    0
10096    1212885.9686085435  664160.13056892972    0
10097    1212999.7580045932  664162.93806767731    121
10098    1212977.7995647844  664131.41951135301    0
10099    1213051.01905974  664176.5113567306    0
10100    1213019.2431458419  664192.93345593964    0
10101    1213016.6331322801  664263.30835388147    0
10102    1212859.2421307862  664200.05627343024    0
10103    1213048.7733716082  664211.11949198146    0
10104    1213021.558385296  664305.89028542722    0
10105    1212824.1852719195  664141.17240043543    0
10106    1213050.4184259225  664248.12372074416    0
10107    1213107.2253482796  664197.53545583889    0
10108    1213083.5270723894  664228.11316731607    0
10109    1213055.7858581042  664353.96159726498    0
10110    1213100.1206683568  664292.96364068473    0
10111    1213140.7787429432  664248.01209025329    0
10112    1213007.4481003978  664083.93256971159    0
10113    1213031.8982439199  664110.74920577661    121
10114    1213083.1592990668  664124.32249483024    0
10115    1213051.3833851686  664140.7445940387    0
10116    1213080.913610934  664158.93063008005    0
10117    1213139.365587604  664145.34659393958    0
10118    1212905.7325562548  664022.0743474554    0
10119    1215289.9841447698  663557.37049939053    0
10120    1214981.4188926951  663516.32340242853    0
10121    1214976.9477624565  663606.78046255524    0
10122    1215141.4669298632  663156.50501576264    0
10123    1214661.0630295989  663589.24039897101    0
10124    1214826.2946363515  663110.80863922229    0
10125    1214364.2885477711  663598.42803848651    0
10126    1214605.8431150545  663213.59902704833    0
10127    1214953.4804735926  663114.07656485448    0
10128    1217539.0709354258  659163.3831438506    0
10129    1215647.7651282081  663495.65047457756    0
10130    1215475.576179767  663594.56617154088    0
10131    1215573.1950482705  663104.77745015849    0
10132    1215885.3559962276  663369.37586061878    0
10133    1217478.6785885775  658536.90965243452    0
10134    1216668.4472655179  662792.69390573562    0
10135    1216970.7863631826  661992.31458409957    0
10136    1216866.0276996417  661997.59500713542    0
10137    1217184.9719754406  661700.91143373086    0
10138    1217056.7068002168  661744.47441798623    0
10139    1217300.8172722452  662370.5823528578    0
10140    1213132.6418223963  664421.18960110925    0
10141    1215362.0518411244  663558.91230316518    0
10142    1215067.1905529373  663132.97475512838    0
10143    1214531.6980143217  663168.35125089437    0
10144    1214661.4084651791  663129.82446395338    0
10145    1217458.7849144486  659156.74151641829    0
10146    1215598.8936424507  663584.70453011803    0
10147    1215723.7525056624  663563.06683309632    0
10148    1215967.4562691636  663345.72199766128    0
10149    1216917.3011237625  661973.01462025836    0
10150    1217202.3190632015  661751.81699101161    0
10151    1217152.518374892  661740.37911019137    0
10152    1217105.6008663482  661765.54799262912    0
10153    1217103.3661063134  661666.8851731898    0
10154    1217060.0121288493  661804.06334345706    0
10155    1217284.154011623  661614.15456504724    0
10156    1217376.8552517779  662446.12008474569    0
10157    1213194.3259946187  664337.3079781956    0
10158    1215945.2513370744  663460.12392502045    0
10159    1216963.2908679915  661929.32579431811    0
10160    1216992.0312137308  661777.94803191943    0
10161    1216888.100069175  661896.22532682598    0
10162    1211881.5423078625  664327.80567640602    105
10163    1211800.6055794598  664245.70607906359    49
10164    1211905.8049297021  664306.94122861896    105
10165    1211900.5108885448  664401.92051894928    112
10166    1211816.8113218215  664307.62032552203    49
10167    1211915.4381230576  664342.68272223999    0
10168    1211861.0960586087  664279.49001409055    0
10169    1211936.3190974591  664317.88586110424    0
10170    1211924.4659724862  664380.70368710835    112
10171    1211884.7897362257  664366.45932881802    0
10172    1211896.6364363155  664271.74012023734    0
10173    1211979.3441736547  664243.70174337737    105
10174    1211980.9763481405  664330.65288618184    112
10175    1211971.5896602187  664409.77739141462    0
10176    1211866.0283788752  664216.74165455077    0
10177    1211931.1239830975  664237.46662286529    0
10178    1211966.9143091559  664295.35402202874    0
10179    1211934.8645259996  664416.57606560446    0
10180    1211954.7058625983  664264.88926210464    105
10181    1212075.2803346938  665295.10450290667    49
10182    1211963.940527678  664869.7293427689    49
10183    1211908.2706241701  664657.04176269996    49
10184    1211880.4356724161  664550.69797266554    49
10185    1211900.3173695195  664449.96559199062    0
10186    1211964.4892455293  664474.01271618507    0
10187    1211844.4978494814  664413.39705940185    49
10188    1211876.5558046035  664423.1373507902    112
10189    1211793.824810517  664496.41154986457    112
10190    1211823.2127655896  664470.38286624779    112
10191    1211819.4230121367  664436.49927634839    0
10192    1211741.1398264375  664448.54366845917    105
10193    1211785.5318816248  664457.44360305159    0
10194    1211857.2796860228  664348.67012419319    105
10195    1211824.9141930023  664338.5774487512    49
10196    1211849.8644608383  664315.50783724652    0
10197    1211988.2243656407  664371.63176482415    0
10198    1211757.1495893847  664483.85015483887    0
10199    1212022.2693389088  664344.47973614163    0
10200    1211764.4368554445  664522.44023348135    112
10201    1212079.3667984533  664310.55992672616    0
10202    1212043.0960772717  664418.26033129927    0
10203    1211728.2815676571  664509.28462394606    0
10204    1211963.6371447609  664175.59787506866    0
10205    1211993.5706375826  664274.44700323918    0
10206    1212046.0869315665  664272.98494801077    112
10207    1212003.9824847111  664222.51422465022    105
10208    1212037.8901748399  664237.02510531503    0
10209    1211971.4906592078  664209.64980922302    0
10210    1212111.2151693036  664204.89259293792    113
10211    1212057.1650381763  664168.12580643944    104
10212    1211997.186235457  664185.79194170749    0
10213    1211935.1430018048  664200.10118562903    0
10214    1212063.377980306  664211.35435536643    0
10215    1211997.2983843468  664125.12010623934    0
10216    1211902.2816641838  664215.46548797446    0
10217    1211908.799803677  664140.64835963666    0
10218    1211904.7828937492  664177.99090004701    0
10219    1211844.9326141847  664152.66553073341    0
10220    1212094.4997210351  664171.35323367303    0
10221    1212041.9323214365  664126.15877749026    0
10222    1212021.3359345249  664051.70234934101    0
10223    1212103.5816612842  664072.23202170338    103
10224    1211866.518196539  664497.52607764828    49
10225    1211837.0684997735  664385.013133595    49
10226    1211808.7544423433  664390.39901976741    105
10227    1211856.0470576433  664371.77608935849    0
10228    1211820.885753263  664379.96679587394    105
10229    1211824.5933658553  664396.54793934745    0
10230    1211808.4695213099  664414.60704453127    0
10231    1211857.9403298504  664394.7142974803    0
10232    1211795.0759463722  664434.99467753095    0
10233    1211762.8158234705  664429.90356800682    105
10234    1212192.5340169242  664239.22119710431    0
10235    1212136.3321159913  664258.87448080629    0
10236    1211921.6780944946  664511.49561414565    0
10237    1212196.989160547  664342.14751647064    0
10238    1212005.1749098906  664563.67177274136    0
10239    1211941.1334699264  664573.25893765176    0
10240    1212152.0086034541  663989.93363749364    102
10241    1212184.1614942069  664006.43100232305    0
10242    1212152.6151412162  664024.49082498602    0
10243    1212104.2543851039  663949.12208794814    0
10244    1212237.4602894075  663977.845645739    101
10245    1212214.0736090133  664044.00020111655    115
10246    1212163.089181314  664103.6195584595    114
10247    1212172.5987338701  664073.06520672073    114
10248    1212218.4579091906  664104.09516428597    0
10249    1212138.0128234248  664079.05791991856    0
10250    1212112.517851634  664040.88557907706    103
10251    1212146.6091629912  663947.90685993829    0
10252    1212124.0460179218  664118.39916818892    0
10253    1212066.7478297595  664044.78451763676    0
10254    1212087.4134916803  664016.7818927418    0
10255    1212036.860440355  664001.10107790446    0
10256    1212098.1278275244  663983.5229518268    0
10257    1212057.8214991232  663958.59869072458    0
10258    1212201.7275021037  663899.55890905077    0
10259    1212153.4386483207  664134.62688270514    114
10260    1212190.5560836904  664129.17364088516    0
10261    1212175.9245666985  664158.630713647    0
10262    1212246.0500411631  664162.85438648355    0
10263    1212168.5777282822  664202.15169437416    0
10264    1212211.1661536384  664157.77311538323    0
10265    1212222.3626922844  664203.18963874271    0
10266    1212094.6454709345  664103.57846432971    103
10267    1212069.5411109808  664079.4747779941    0
10268    1212123.4187222833  663878.3528584626    0
10269    1212242.5733265227  664016.86424330424    0
10270    1212210.0117271659  663974.08689213777    101
10271    1212220.4560762725  663999.91820290056    0
10272    1212201.0597340092  663937.35754720587    0
10273    1212227.2323295628  663950.43413718871    0
10274    1212226.6326270665  663918.90411204833    0
10275    1212269.1825647748  663950.39530899259    0
10276    1212246.2258162526  663867.97562660207    0
10277    1212169.0402196681  663917.88665813941    0
10278    1212132.4943244667  663913.96994107286    0
10279    1212166.3924737016  663874.85191196052    0
10280    1212087.2424297694  663906.53577323526    0
10281    1212264.9088516491  663981.60439934011    101
10282    1212274.6615558029  664012.48649596283    0
10283    1212371.1342088736  664027.95637488377    100
10284    1212345.0744901688  664088.52703084366    116
10285    1212331.7458113821  664006.65976391244    100
10286    1212306.7504371149  664067.52983338188    116
10287    1212299.8290372761  664034.68966133089    0
10288    1212336.3894847762  664044.13363933808    0
10289    1212139.1062035782  663805.41542654554    0
10290    1212205.0799935397  663857.14338016324    0
10291    1212338.6949872593  663929.48958678532    0
10292    1212298.011331311  664128.95353664923    0
10293    1212170.6733852499  663833.09010455385    0
10294    1212376.0706989204  663971.75324558315    0
10295    1212267.7122475326  664093.30917740182    0
10296    1212200.7335035261  663766.9610390258    0
10297    1212239.4129050903  663810.29273381562    0
10298    1212116.8971369546  664149.13024390826    0
10299    1211945.2760751199  664000.68503033661    0
10300    1212267.1354187098  664270.61727073707    0
10301    1212058.6449616037  663832.51749645593    0
10302    1211991.2894289242  663952.20673956373    0
10303    1212282.8623330875  664211.59579821595    0
10304    1212359.5719822405  664153.01243137801    0
10305    1212434.3466026988  664005.19015169388    0
10306    1212338.3723335678  663827.84844393248    0
10307    1212029.1069439664  663908.02760613    0
10308    1212372.7692353879  664267.15851194644    0
10309    1212427.3935178069  663888.70773275383    0
10310    1212291.8531039942  663724.55361216608    0
10311    1211937.0144861201  663867.47163245745    0
10312    1212601.2829984268  664206.34618767945    99
10313    1212574.9800343318  664267.00112787064    117
10314    1213032.4728259495  664016.99945762451    95
10315    1213074.5812642155  664065.46627505205    122
10316    1213043.2943756718  664050.12310817896    0
10317    1213112.4906846827  664089.99435924983    0
10318    1213067.1287503627  664024.00684567296    0
10319    1213183.6346567906  664005.67732656607    123
10320    1213157.3251725002  663945.7880686518    94
10321    1213113.4726740718  663967.26276561234    94
10322    1213142.4144108188  664025.97755092196    123
10323    1213101.4433162704  664008.70813422219    0
10324    1212967.1040703659  663969.6233596711    0
10325    1213149.3503393549  663985.01496705972    0
10326    1213196.65229923  664084.10967730486    0
10327    1213055.9731198878  663905.35749179416    0
10328    1213021.2481244449  663963.7017025993    0
10329    1213112.7508732243  663910.27686789457    0
10330    1212987.3232988901  663904.00468234275    0
10331    1213092.511050608  663813.76359023387    0
10332    1213177.1273127177  663875.20123299188    0
10333    1211705.298761579  664682.84198665642    107
10334    1211763.9464426604  664643.26099457254    110
10335    1212472.8084089616  664176.01465980161    117
10336    1212500.3683353802  664115.81512711069    99
10337    1212735.732260582  664257.10005679599    98
10338    1212665.3998814477  664325.83490118233    118
10339    1212655.8900699527  664289.2165259067    0
10340    1212600.5229406743  664289.74774488783    117
10341    1212683.6722312788  664253.69826476346    98
10342    1212671.1626910015  664199.75909875531    0
10343    1212696.716082785  664298.15802788921    0
10344    1212626.5116641885  664228.97895282169    99
10345    1212628.0508359587  664273.25725337898    0
10346    1212575.6141254967  664343.43343614147    0
10347    1212594.4027114122  664239.39315625723    0
10348    1212635.3462773273  664193.75350360898    0
10349    1212563.7620211146  664305.31297817221    0
10350    1212549.4371279893  664244.25451085344    117
10351    1212601.705006988  664155.12070375169    0
10352    1212576.0543326652  664183.71342253732    99
10353    1212569.2266157537  664216.91185050353    0
10354    1212542.1257889613  664278.17943131609    0
10355    1212663.2028838117  664137.42562895443    0
10356    1212543.8802213278  664194.20025799773    0
10357    1212516.9628622318  664255.00612299517    0
10358    1212507.9965915091  664327.58709629194    0
10359    1212498.3513153042  664198.76127681881    117
10360    1212507.3746051025  664290.66594981961    0
10361    1212525.5970011419  664138.44789225282    99
10362    1212518.6248470489  664171.61594559357    0
10363    1212491.4236199476  664232.25539148925    0
10364    1212446.5249120477  664310.15685713547    0
10365    1212550.4743384898  664085.3396733281    0
10366    1212493.3724951223  664148.99090249301    0
10367    1212484.7453016136  664265.46239101107    0
10368    1212465.8807139457  664209.50877408939    0
10369    1212562.0807277989  664123.15714336082    0
10370    1212447.2655026191  664153.26804278442    117
10371    1212475.6589212839  664296.38147035684    0
10372    1212458.9550371345  664243.00062140357    0
10373    1212475.1396696186  664093.18236196856    99
10374    1212440.3378076034  664186.76215707208    0
10375    1212473.9650581719  664330.49498539208    0
10376    1212455.043677177  664273.52846661163    0
10377    1212415.255735964  664252.91617017728    0
10378    1212468.153450567  664126.34741262498    0
10379    1212500.0170069668  664040.07414304349    0
10380    1212511.6233962756  664077.89161307656    0
10381    1212433.4101128245  664220.2562710935    0
10382    1212414.7949012606  664164.015540055    0
10383    1212495.7978067037  664385.41501977248    0
10384    1212442.9247871668  664103.71464485058    0
10385    1212377.4072445501  664210.50204707007    0
10386    1212383.3985432228  664109.52422830544    116
10387    1212426.5544310445  664365.78112318274    0
10388    1212408.2759463782  664197.05066692806    0
10389    1212390.5327762063  664141.70418851823    0
10390    1212352.3232362047  664120.76973111078    0
10391    1212410.5226063651  664049.2529858551    100
10392    1212381.4891384526  664177.72433803824    0
10393    1212327.929055992  664143.19016212085    0
10394    1212418.6555600094  664081.28398543107    0
10395    1212343.2088310784  664189.6002101429    0
10396    1212296.1924140719  664171.32971236855    0
10397    1212383.2604597593  664073.22309978108    0
10398    1212741.2785921367  664335.09215156955    119
10399    1212777.728225898  664259.84422621201    98
10400    1212765.4282338177  664385.65128100384    0
10401    1212755.3503946164  664295.45649417362    0
10402    1212727.0087385438  664372.95528833161    0
10403    1212627.8244371414  664371.96689636586    0
10404    1212618.9229989746  664085.02217072877    0
10405    1212405.8118781662  664295.23625033919    0
10406    1212537.2361665107  664049.34114584734    0
10407    1212338.4401181429  664235.83019248943    0
10408    1212814.3679446522  664326.92557378963    119
10409    1212792.5068456631  664296.84847588337    0
10410    1212836.125789366  664356.07856513141    0
10411    1212799.5811131082  664360.16185402148    0
10412    1212825.3087094894  664295.9901796981    0
10413    1212863.0615998162  664387.96978880675    0
10414    1212761.2760198675  664188.90490689164    0
10415    1212726.5277136893  664307.53938719572    0
10416    1212672.3860180443  664369.89422867785    0
10417    1212342.7791693269  664335.93324124441    0
10418    1212584.5465038687  664052.37652574701    0
10419    1212533.9775794677  663983.0532930193    0
10420    1212843.7617410349  664437.07769975101    0
10421    1212801.6203162784  664216.92573366    0
10422    1212725.1872967742  664442.94601847068    0
10423    1212653.2856252538  664439.30792397121    0
10424    1212709.7022459304  664255.39916077978    98
10425    1212721.132945752  664280.49538698827    0
10426    1212698.8295900708  664221.76279316482    0
10427    1212724.2948317616  664232.10680921853    0
10428    1212724.5695457421  664194.91291304131    0
10429    1212758.4879336338  664231.57296232542    0
10430    1212732.9703892779  664131.10383314395    0
10431    1212323.5483084216  664286.62125485414    0
10432    1212655.8129759945  664011.75393259642    0
10433    1212790.4021893016  664432.98317745351    0
10434    1212883.846245301  664497.80818018445    0
10435    1212280.2194605004  664331.9246428851    0
10436    1212811.969501093  664501.6557422356    0
10437    1212566.2785091514  664422.54942551814    0
10438    1212304.8589841002  664437.56046734261    0
10439    1214285.5491921846  663520.1192578515    127
10440    1214259.0918206347  663460.03976492956    90
10441    1213345.0193316177  663886.91078495141    93
10442    1213369.6583774746  663947.65245165827    124
10443    1213636.1931507792  663751.49718191277    92
10444    1213665.3025377446  663810.55318691942    125
10445    1214008.9857606397  663552.74069603451    91
10446    1214035.8361986638  663612.80939500767    126
10447    1229235.5917180162  651247.18490104552    0
10448    1216950.6288254475  658386.16567123972    0
10449    1216793.7382009553  658480.13963855116    0
10450    1216365.2424780861  662272.59221824876    0
10451    1216827.0020112845  662651.33988866804    0
10452    1215357.6803622786  663151.59596478532    0
10453    1216639.6469509336  661988.72893609374    0
10454    1217517.981541228  662197.62739207724    0
10455    1218036.1515888341  661855.09719204856    0
10456    1217526.2302843959  661563.47288324835    0
10457    1218001.1768662662  662017.5548735474    0
10458    1217784.158361549  661478.28376882407    0
10459    1214819.5389500738  663549.1783491635    0
10460    1214385.8017112096  663484.37612744549    128
10461    1214353.4742598459  663470.45844822598    0
10462    1214321.16932425  663512.808665958    127
10463    1214353.6504554362  663428.03949894244    89
10464    1214384.9523324955  663444.39607825666    0
10465    1214340.8372191817  663382.48673630331    0
10466    1214293.3408741527  663453.3246856865    90
10467    1214321.2975712072  663479.41020972899    0
10468    1214347.9736552145  663552.97703153768    0
10469    1214322.6945397675  663412.16842766467    0
10470    1214281.9343441909  663485.84583920345    0
10471    1214310.0846753556  663549.23288816307    0
10472    1214265.5903669398  663402.48632380355    0
10473    1214249.9290601192  663527.42984974501    127
10474    1214299.2117458882  663377.42914688215    0
10475    1214224.8427671166  663466.75484417262    90
10476    1214248.0204575623  663492.85239031049    0
10477    1214274.0818406115  663554.67879930849    0
10478    1214213.5414587152  663499.81266132765    0
10479    1214196.5945647943  663413.37807792891    0
10480    1214235.0629579334  663428.18298128957    0
10481    1214238.4501629106  663561.93313624035    0
10482    1214301.1045288481  663611.59532654099    0
10483    1214099.7897371191  663513.10530972504    91
10484    1214125.0725633588  663573.77491832315    126
10485    1214263.6370485411  663594.51089810149    0
10486    1214169.6907457062  663554.25767998095    126
10487    1214145.1917253588  663493.28761657036    91
10488    1214180.4140478226  663518.01289305685    0
10489    1214202.8255562042  663569.24764000822    0
10490    1214227.0415132747  663596.77878482232    0
10491    1214165.9895701455  663606.55568701867    0
10492    1214249.0960848387  663656.26614563935    0
10493    1214240.8932950732  663334.26318612369    0
10494    1214228.0910015295  663388.91887783317    0
10495    1214325.8447148327  663583.33010909683    0
10496    1214171.825583505  663348.97394189122    0
10497    1214394.5632487335  663561.90710131242    0
10498    1214134.3800158678  663534.29337039613    0
10499    1214148.4865143292  663438.91949357267    0
10500    1214102.5527122053  663643.81095207599    0
10501    1214439.923629059  663630.31827387377    0
10502    1214105.1984137916  663463.58006646356    0
10503    1214031.5466679318  663480.59448611131    0
10504    1214085.9916859663  663379.54209516395    0
10505    1214546.8385408188  663527.81225478754    0
10506    1216063.2553146302  662617.35377092264    0
10507    1216027.2655433039  662779.40936825029    0
10508    1216125.5411429692  662337.12162915885    0
10509    1216171.3099000978  663174.36989960854    0
10510    1212833.9037427395  664060.35967714584    0
10511    1215216.4574503712  663547.23286591913    0
10512    1215115.2170381204  663634.91892955767    0
10513    1216743.9934841243  662733.69357802276    0
10514    1217285.7028959317  659270.10896399908    0
10515    1217411.9482882617  662384.21076869243    0
10516    1216968.9192337326  661654.07470207708    0
10517    1216926.8969342355  661825.51523774886    0
10518    1211983.6015778158  664638.2530110568    0
10519    1211715.4349876614  663920.3107411674    49
10520    1212106.2193199811  663684.10126319842    0
10521    1211924.718868796  663935.09705973358    0
10522    1213201.1776709286  663924.31337169127    94
10523    1213224.8549027625  663985.37710221019    123
10524    1213236.2767491678  663940.47565607529    0
10525    1213295.0247504874  663894.87472984113    93
10526    1213317.8667631042  663956.36466475634    124
10527    1213271.0341015346  663928.72294267674    0
10528    1213303.8760049378  663926.57429750194    0
10529    1213343.7625702894  663952.00855820731    124
10530    1213351.6250865259  663919.59933199128    0
10531    1213363.9264596086  663992.72747563873    0
10532    1213335.4087859702  663981.49733621965    0
10533    1213331.0646513416  664034.35255573108    0
10534    1213296.8495310675  663989.72250483907    0
10535    1213421.4499918451  663938.9402385602    124
10536    1213381.8053684188  663881.05091047764    93
10537    1213387.3336126232  663916.46764151403    0
10538    1213353.7053398509  663823.04397358047    0
10539    1213413.4069311484  663876.01690282486    93
10540    1213434.27731255  663905.32489701791    0
10541    1213391.5507370948  663840.52035618853    0
10542    1213424.610672602  663844.64145158581    0
10543    1213569.2720719799  663870.39060619078    125
10544    1213540.6008223286  663811.24003854243    92
10545    1213414.9073894646  663787.81639800221    0
10546    1213521.2568390977  663900.30931582651    125
10547    1213492.8046581033  663841.11146685726    92
10548    1213467.1904087225  663896.7619346733    0
10549    1213468.9065759906  663856.04718101467    92
10550    1213457.0294551032  663810.4559661533    0
10551    1213497.5383326299  663875.27271821641    0
10552    1213532.0609534127  663853.08037440863    0
10553    1213259.8348589521  664004.40538968192    0
10554    1213291.2019140467  664029.48252771958    0
10555    1213222.1839733173  664031.95331280539    0
10556    1213303.0659748302  664097.95103748678    0
10557    1213190.2246066143  663967.05881048355    0
10558    1213416.4484106067  664067.97631946532    0
10559    1213313.5244462674  663850.10335790354    0
10560    1213473.4713618457  663729.36005952419    0
10561    1213459.19398558  664005.01821137394    0
10562    1213263.11820699  663855.48307136982    0
10563    1213288.7904313875  663770.01313713356    0
10564    1213251.4735579293  664078.61853806733    0
10565    1213538.3090563205  663981.16380781739    0
10566    1213245.2450584669  664173.74875422614    0
10567    1213573.9695989827  663931.41759441129    0
10568    1213651.1296151569  663894.78394509794    0
10569    1213638.545017652  664015.36316960328    0
10570    1212868.5149111552  663903.32042694755    0
10571    1213022.9406300716  663839.09576133825    0
10572    1212692.5035400477  664072.64953070797    0
10573    1212993.0014686077  664589.43039468548    0
10574    1212683.2098779439  664560.23366192437    0
10575    1212428.6521399601  664490.30123697442    0
10576    1213731.7854792299  663691.75432528311    92
10577    1213761.3330035093  663750.71576764807    125
10578    1213918.1817841602  663592.37608234398    91
10579    1213946.5998339688  663651.8438716922    126
10580    1229274.826582873  651358.82347738114    0
10581    1216435.8629367603  662191.64660571876    0
10582    1215259.2167767743  663122.73800016812    0
10583    1217409.7123240866  661540.73598198057    0
10584    1217605.4644218534  661411.51389217435    0
10585    1214768.4501412727  663655.15747535299    0
10586    1214054.3877488794  663532.92300287983    91
10587    1214080.4543810114  663593.29215666535    126
10588    1214090.0717283755  663552.75794861803    0
10589    1214044.7609892313  663572.78469185415    0
10590    1214181.990750771  663227.20638991764    0
10591    1214172.4164163903  663690.13565316191    0
10592    1214349.0984952208  663720.08386053913    0
10593    1214543.3278296974  663631.16027159116    0
10594    1216222.2769284307  662209.00327429781    0
10595    1216141.4143479723  663275.88228333124    0
10596    1215236.6086517845  663672.7870178126    0
10597    1217533.1284771215  662362.34395533893    0
10598    1211859.243570409  664052.99859707896    0
10599    1211823.3249917226  663881.73117700743    0
10600    1213588.3969865539  663781.3686102276    92
10601    1213617.2873048624  663840.47189655504    125
10602    1213628.3230261803  663792.07863625546    0
10603    1213601.7225363802  663811.46753040212    0
10604    1213593.2796884212  663855.43125137291    125
10605    1213564.5917228682  663836.13525197248    0
10606    1213622.204651789  663875.10759823537    0
10607    1213594.6958332118  663884.44802636886    0
10608    1213619.0155934473  663910.89419350517    0
10609    1213568.8820756825  663901.11491519597    0
10610    1213544.7305403587  663920.74813392712    0
10611    1213549.9469175378  663951.85167571064    0
10612    1213497.2492226567  663915.26867064426    125
10613    1213595.8077606384  663981.42873203009    0
10614    1213518.3173109265  663941.16708887555    0
10615    1213658.0211246065  663852.3556962919    0
10616    1213661.7595829719  663956.03664830257    0
10617    1213494.2578760455  663978.18747056287    0
10618    1213730.9086017883  663843.51626164664    0
10619    1213512.3335128881  664038.13679120189    0
10620    1213698.437625401  663880.6942521031    0
10621    1213776.2592675274  663915.89413910289    0
10622    1213534.2849181474  663747.9600458463    0
10623    1213566.8405492515  664028.58006934181    0
10624    1213748.4279797731  664024.15534389496    0
10625    1213534.6894239502  663637.92106723704    0
10626    1213586.1132927076  663724.54040769453    0
10627    1213555.4179497489  664123.65052757668    0
10628    1213540.6390247995  663692.96317089675    0
10629    1213649.5977752146  663666.59712669614    0
10630    1213485.3451424818  663671.09738355293    0
10631    1213592.1143914538  663667.36596122617    0
10632    1213382.8948557472  663680.5595443442    0
10633    1213619.5824921278  663571.75906212721    0
10634    1213455.0599899772  663572.769344436    0
10635    1213355.2355028968  663754.92440176848    0
10636    1212928.3467145031  663829.41601846786    0
10637    1212756.7653859386  663992.42962640827    0
10638    1212763.2392969467  664066.91483684117    0
10639    1212854.2814438455  664618.7973592754    0
10640    1212935.4256686245  664547.19121503411    0
10641    1213779.5816434552  663661.88289696828    92
10642    1213809.3482363916  663720.79705801234    125
10643    1213819.7437345579  663672.97062020574    0
10644    1213792.8332641351  663692.16438758338    0
10645    1213785.3406199506  663735.7564128302    125
10646    1213756.5180339301  663716.24436690996    0
10647    1213822.1249264507  663768.04587688204    0
10648    1213789.1135287392  663768.55545563088    0
10649    1213683.9893150046  663721.62575359794    92
10650    1213713.3177706269  663780.63447728381    125
10651    1213806.4633559322  663822.98476822185    0
10652    1213707.8873971172  663706.69003944052    92
10653    1213714.2121863021  663743.39717433439    0
10654    1213678.7425861659  663686.64358306827    0
10655    1213706.3737908727  663677.68109987606    0
10656    1213738.5960112936  663649.47745623556    0
10657    1213682.2395122887  663650.35001344723    0
10658    1213754.078957218  663792.56219688046    0
10659    1213678.4578239159  663761.16777103674    0
10660    1213643.3854106888  663709.8311014293    0
10661    1213644.7579600005  663615.96008076868    0
10662    1213775.3536619691  663601.9437119147    0
10663    1213656.5714379225  663781.78253632493    0
10664    1213689.3101541856  663795.59383210167    125
10665    1213717.1155482668  663813.47343102016    0
10666    1213690.5178945342  663824.27614789328    0
10667    1213593.3484082432  663615.9712208478    0
10668    1213707.5057321885  663585.19186734001    0
10669    1213537.2015093528  663552.76612966426    0
10670    1213905.3016157052  663821.45905649068    0
10671    1213843.2417022798  663544.52251983678    0
10672    1213901.9816516214  663671.3611100344    126
10673    1213872.7797959205  663612.19377549866    91
10674    1213911.4028355577  663632.13956249668    0
10675    1213956.621474772  663735.513485312    0
10676    1213866.8874612451  663651.89182935876    0
10677    1213900.2561985708  663728.17579846352    0
10678    1213991.2180163162  663632.32663334999    126
10679    1213963.5837723999  663572.55838918919    91
10680    1214000.4203440552  663592.60476063541    0
10681    1214041.81389113  663687.23417484853    0
10682    1213955.9137990989  663612.37721220951    0
10683    1213912.8176478751  663518.17051310383    0
10684    1213988.1022361759  663685.96290757286    0
10685    1213967.0044843599  663518.4787535572    0
10686    1214013.764145924  663737.04214054765    0
10687    1213940.4216731668  663428.56295412453    0
10688    1213983.2287572958  663809.69609265018    0
10689    1214105.6203532948  663755.96948223899    0
10690    1217527.8445708705  661467.67805693287    0
10691    1214343.6617253406  663657.62878802489    0
10692    1214403.1249557035  663683.9166347736    0
10693    1214295.8557391306  663693.25451594556    0
10694    1214278.0337213448  663794.86697763624    0
10695    1214233.3130556769  663724.26890894503    0
10696    1216307.0461621478  662210.92610853119    0
10697    1216287.5198240059  663214.68785999971    0
10698    1215324.1973442542  663643.24299418274    0
10699    1217489.8612597804  662469.27623863635    0
10700    1211877.3924971796  663985.94614478759    0
10701    1213613.8401528159  664082.4484491474    0
10702    1213306.578345611  663694.50054636667    0
10703    1213015.7625451232  663711.18475330074    0
10704    1212926.8451880042  664619.24726777314    0
10705    1213760.6508273843  663515.71881643194    0
10706    1213846.7509561321  663448.76280777261    0
10707    1214491.0224059832  663704.83231609047    0
10708    1214174.0550091022  663758.60129086464    0
10709    1211741.814541199  664021.09416365717    49
10710    1213689.2949912548  664072.14393884537    0
10711    1213009.3156303971  664713.92815627984    0
10712    1214427.1257831168  663778.20484758378    0
10713    1214135.4780326765  663870.64888993488    0
10714    1211809.6202755373  664003.58478919987    0
10715    1213652.8811949119  664199.82714489999    0
10716    1212889.8458898608  664734.73277828132    0
10717    1217301.5075513225  658366.60349859169    0
10718    1217684.1333211677  658756.39713963133    0
10719    1216947.6158078345  659130.34090609848    0
10720    1216641.8506623746  658792.35100242123    0
10721    1216636.4898683822  662108.07255280484    0
10722    1217689.5201180645  662169.64975729981    0
10723    1217143.6978746888  662635.92200180201    0
10724    1220895.2874992054  666251.51235037926    0
10725    1216280.5564800906  663076.9578588435    0
10726    1217180.79304522  661596.06221281143    0
10727    1215874.7862639728  663487.02984328615    0
10728    1215954.5890423162  663590.3038181708    0
10729    1215827.9708839098  663582.0586865478    0
10730    1227852.274451273  648726.45756526187    0
10731    1217032.4737014526  658425.11136266333    0
10732    1216902.9730538519  662668.13542154222    0
10733    1217480.5165412994  662265.27033296973    0
10734    1215960.0272429984  662525.81188885891    0
10735    1215937.8188584461  662678.62814055022    0
10736    1217487.9259239042  659293.05787900172    0
10737    1216790.3656933683  661796.6024271833    0
10738    1216906.889562095  661729.74079803936    0
10739    1212117.9336955301  664636.69908809185    0
10740    1211936.105575924  664763.38555273437    49
10741    1213203.040716707  663790.84736943454    0
10742    1212592.932564172  664518.40827027976    0
10743    1212500.335481867  664462.25557137211    0
10744    1216510.1645566167  662156.97890419327    0
10745    1215333.2026654668  663052.70582679473    0
10746    1215143.3071325319  663021.69944332493    0
10747    1214412.3288659845  663077.02328761248    0
10748    1212836.8126670455  663979.2939555276    0
10749    1213462.9949871087  663426.6985145231    0
10750    1213963.7507932503  663944.66558816668    0
10751    1216267.8467622316  662069.54260263673    0
10752    1216495.0828056608  663043.20744579914    0
10753    1213321.7240610714  663561.55368372798    0
10754    1213674.7578764972  663505.07676071441    0
10755    1214639.214470085  663754.64137166308    0
10756    1213798.3556421197  664146.1047295467    0
10757    1232741.849271398  659049.02478425729    0
10758    1217720.8668736683  658948.58004606096    0
10759    1217800.1172366079  662252.51565322548    0
10760    1217620.4000070244  662273.36275059718    0
10761    1217262.4219714524  662723.18967019173    0
10762    1216371.3162035025  663044.98720009485    0
10763    1216844.5760288883  662752.06477723585    0
10764    1216022.3437812217  662693.6935306919    0
10765    1213230.3577507893  663716.39722887788    0
10766    1212500.0480412364  664567.15326821152    0
10767    1212784.8329334522  663913.00272277184    0
10768    1216415.5859412469  662051.23049736919    0
10769    1213594.0272335792  663494.44548288849    0
10770    1213732.5319263982  663390.72315441875    0
10771    1217169.5463393868  662725.14969710936    0
10772    1213131.1763466585  663722.24248437048    0
10773    1213243.9280364758  663620.02707591164    0
10774    1212691.4717456878  663924.68378430593    0
10775    1212813.9222277133  663797.95145096316    0
10776    1213645.1160948742  663418.32986965112    0
10777    1221047.3570851749  666833.84952432755    17
10778    1216684.6573722591  658981.14673694689    0
10779    1215692.8086556005  662931.45362081099    0
10780    1217629.5062235517  658459.23473171692    0
10781    1214739.521906255  663082.77421430033    0
10782    1216723.1950487357  661934.35158629937    0
10783    1218082.0606336794  661751.34098813753    0
10784    1217952.2317168317  661514.63364885026    0
10785    1214887.5069113083  663607.31879898848    0
10786    1214933.1191029525  663755.21035594959    0
10787    1217203.8243905427  659214.29259125818    0
10788    1212207.9577664481  663663.38687536458    0
10789    1213398.8945750678  664231.00482893828    0
10790    1214099.4809619763  663281.6265351699    0
10791    1217627.9571852479  658670.40263405512    0
10792    1220748.8149615489  666150.02420140884    0
10793    1217262.4439054138  661433.88868852681    0
10794    1217048.6398517499  661529.32106108218    0
10795    1215329.3433190188  663803.10758983484    0
10796    1215744.4012743661  663745.20278168865    0
10797    1217056.0656526783  658270.0606906527    0
10798    1216812.5618558291  661589.15424297086    0
10799    1215239.7460056765  663028.07049949863    0
10800    1214391.7960708691  663163.56354090269    0
10801    1214284.4934486586  663187.47323868331    0
10802    1214321.5845446985  663101.19898529071    0
10803    1214538.0437686993  663810.28948811919    0
10804    1232756.2147205214  659201.91890828544    0
10805    1217659.5669371004  659061.6001936848    0
10806    1216354.5692688159  663142.25695207634    0
10807    1216774.5857748059  662850.73134806834    0
10808    1212337.0430208051  664646.99612383032    0
10809    1212594.2791246776  664633.84328066243    0
10810    1213860.1248154959  663283.49529046146    0
10811    1217074.8815206892  662855.05938148545    0
10812    1213185.9635963447  663461.91956439195    0
10813    1212727.9650800773  663837.42131739645    0
10814    1213553.5766194188  663412.09174870711    0
10815    1220985.7452594191  666616.49545502104    17
10816    1215666.6434482581  663041.33215092437    0
10817    1215464.9054519436  662935.53915978072    0
10818    1214622.5254186096  662976.9027163604    0
10819    1216591.3437311666  661823.14101075707    0
10820    1221036.0341609265  666142.22179322352    0
10821    1217877.9419237429  661577.138522528    0
10822    1217152.3026016001  659377.8343117371    0
10823    1217109.1986569355  659197.99595500843    0
10824    1211662.6758805867  662354.66115830687    48
10825    1213302.4356505855  664481.42996940564    0
10826    1213983.3935161163  663315.52077148738    0
10827    1217644.854620117  658564.93695376778    0
10828    1217473.6173296445  661311.01699456642    0
10829    1214189.9783644963  663095.72899454809    0
10830    1216441.0279287854  663289.54127712199    0
10831    1217218.8619083122  662860.53164705879    0
10832    1212351.2294718882  663554.99578309909    0
10833    1212570.8384412795  663822.97267500986    0
10834    1213484.0893763737  663269.34467750438    0
10835    1221097.4858373529  666446.45300567569    0
10836    1215321.6154790537  662907.07660403592    0
10837    1214829.3479090421  662953.05050243309    0
10838    1217142.931591172  659284.99558096228    0
10839    1216997.8508586693  659237.14725479099    0
10840    1217812.2784633993  658486.6608883033    0
10841    1217769.8583354156  658639.05119290389    0
10842    1214074.9827258531  663154.72402536473    0
10843    1214326.9091336369  662938.79118449567    0
10844    1211662.6758805865  663036.70252724737    48
10845    1212705.5609573047  663675.29649002664    0
10846    1213643.0928833482  663259.72027613339    0
10847    1215198.9655003999  662912.28163971682    0
10848    1217043.7332942516  659341.900830689    0
10849    1212122.7747069343  663505.21210862242    0
10850    1213604.5037461927  663339.5302168607    0
10851    1217359.1568958906  662592.6112457118    0
10852    1211960.2235656355  663719.13580410916    0
10853    1213134.0021241303  664564.39000463777    0
10854    1229867.7679154761  651898.92346417462    30
10855    1216102.8338413641  663431.35411959782    0
10856    1211689.0554341238  663819.52731867763    49
10857    1211810.2383050288  663733.96424327663    0
10858    1212984.0440712806  664922.23470418598    0
10859    1216691.5603687658  658673.18196824426    0
10860    1227747.4613457539  648603.15310928831    0
10861    1215930.6000657831  662331.36865002231    0
10862    1212083.8029770788  664781.54122569913    0
10863    1216539.7516466458  662045.79990038602    0
10864    1215026.9170044265  663023.75511856331    0
10865    1213860.0514761524  663995.14302245702    0
10866    1217688.6305333609  662487.48318837024    0
10867    1212898.099874462  663715.62097127945    0
10868    1218230.9805312315  661879.26842648874    0
10869    1218152.3494176255  661568.03236253187    0
10870    1215118.5070340533  663837.87557265593    0
10871    1213530.8162209839  664255.56429937982    0
10872    1215551.9371227701  663773.482984317    0
10873    1215883.0070079374  663713.22668920597    0
10874    1214429.4358674644  663977.98523572751    0
10875    1216674.1022555588  662908.42353561323    0
10876    1212728.8880081223  664705.94448249461    0
10877    1212469.2489492991  664710.58942715533    0
10878    1216924.3029698723  662882.77746625559    0
10879    1213086.8564513267  663576.98828288913    0
10880    1215579.3769355651  662962.49690333498    0
10881    1212453.1393151993  663755.5114094048    0
10882    1216806.127943174  659262.10487399646    0
10883    1229070.2774082334  651367.99760055519    0
10884    1213950.1786954394  663190.11893273436    0
10885    1217038.4933510341  659539.71500225039    0
10886    1229630.127827571  651622.58064691431    30
10887    1215251.668234335  662706.50675100682    0
10888    1216471.7300891667  661912.73206666927    0
10889    1215083.3388571218  662922.32995495351    0
10890    1213993.6402877017  664137.82675353985    0
10891    1214680.8114408155  663950.05690841156    0
10892    1216581.449635956  662971.64111060952    0
10893    1216813.4722385237  663034.81366925198    0
10894    1212952.3409871666  663591.65549646888    0
10895    1215566.7972852704  662759.3935164978    0
10896    1216913.3113980365  659336.60095884383    0
10897    1229511.3077836186  651484.40923828422    30
10898    1214953.8016462517  662916.67568955792    0
10899    1215129.6449073502  662784.89084665175    0
10900    1216656.817419549  663150.49282063846    0
10901    1216689.8835025376  663031.05808348174    0
10902    1229349.7681410904  651503.14956196689    0
10903    1212170.0412916075  664481.29662316991    0
10904    1229466.3999913079  650409.97649640986    33
10905    1217445.5326918927  658394.08223372931    0
10906    1228771.0661258339  649136.79602013424    34
10907    1215796.0147237109  662766.59072530654    0
10908    1233302.1094385316  657640.36612057942    25
10909    1217728.3074632394  659312.94334108382    0
10910    1217889.8330751271  658816.68204844731    0
10911    1214034.753986947  662934.73372064449    0
10912    1212005.1249049332  663584.53478901391    0
10913    1216469.2994053226  658650.42127000052    0
10914    1216014.0421939993  662063.78551258193    0
10915    1212222.9746893027  664737.89339667314    0
10916    1212019.6104311859  665082.41692283773    49
10917    1217468.1519269715  662864.01885547594    0
10918    1213684.1785228038  664429.89901989268    0
10919    1213437.5972895753  664389.70199363574    0
10920    1216122.4224481918  663770.34245847911    0
10921    1212600.4246690695  664784.07409873395    0
10922    1212570.4190364534  663687.29941636382    0
10923    1213769.728382899  663106.20231578348    0
10924    1216326.0908152102  661934.32218412368    0
10925    1217137.8067869502  663096.30217389949    0
10926    1212820.2119358033  663607.69175061712    0
10927    1212999.6855591952  663401.69497471338    0
10928    1215419.0506080235  662791.47172607027    0
10929    1216736.3152775099  659476.90465251869    0
10930    1214831.3191049357  662728.70275964658    0
10931    1229411.9513392639  650806.67381844379    33
10932    1217419.0392470709  658141.76207229763    0
10933    1228368.950541053  648896.90310403029    34
10934    1233091.1717997845  658330.52130754711    25
10935    1217877.4372506368  659106.63480486476    0
10936    1213980.237081632  663058.37639292912    0
10937    1211662.6758805863  663377.72321171768    48
10938    1212111.4994232128  664944.73599315598    0
10939    1215866.6732373731  663958.81816314382    0
10940    1212769.2471827874  664916.98106938286    0
10941    1212457.0776081139  663627.35472872353    0
10942    1216143.9082614132  661936.00399617886    0
10943    1216363.1459506475  661682.27248429309    0
10944    1212870.5866891793  663470.39937335474    0
10945    1215441.698872373  662539.49880151742    0
10946    1215060.8116028658  662543.56449014833    0
10947    1229384.727013242  651005.02247946081    33
10948    1228167.8927486627  648776.95664597838    34
10949    1232985.702980411  658675.59890103084    25
10950    1213838.5839845007  662922.07805951475    0
10951    1211662.6758805863  663548.23355395277    48
10952    1211874.2689247795  663615.67254084081    0
10953    1211932.550051806  663349.98397988151    0
10954    1212413.1078442787  664964.62721035362    0
10955    1212613.0480078  663469.5745187623    0
10956    1229246.9045760566  651087.14834096492    0
10957    1227996.6829680614  648835.4608010595    0
10958    1232932.9685707241  658848.13769777282    25
10959    1211912.2522915085  663484.76800716703    0
10960    1212474.3672266274  663488.46524814644    0
10961    1212821.325785903  663222.19207364495    0
10962    1232782.7088055112  658896.54082398338    0
10963    1211788.2936386997  663519.76297216001    0
10964    1212302.5890636963  663317.75013300439    0
10965    1211822.0408960362  663402.26226781821    0
10966    1211662.6758805863  663207.21286948258    48
10967    1211815.3230288499  663245.12184480834    0
10968    1212515.9016778583  663274.89068798278    0
10969    1218095.9149403197  662271.6628965073    0
10970    1214786.0568473372  663811.71413647616    0
10971    1216811.0168005698  658153.45477170253    0
10972    1233258.6555184578  659677.02326270426    22
10973    1217361.919854786  659500.95119196957    0
10974    1217928.409410092  661218.04152158939    0
10975    1213309.4406659158  663326.02263291646    0
10976    1221155.5712009533  666276.39842075994    0
10977    1216275.8148840361  663391.75673933222    0
10978    1227839.7095702307  647989.9386475326    37
10979    1232495.7595371155  659149.26852678473    0
10980    1214271.4511524627  663954.45820850704    0
10981    1216673.1582448231  659152.85592205066    0
10982    1227595.6113716562  648838.43053786852    0
10983    1229178.6942480102  651500.36015765823    0
10984    1229449.5533340024  651657.68992753001    0
10985    1215776.7136285359  662577.19327161205    0
10986    1217991.5351476357  658618.65896808379    0
10987    1217556.5877521387  662670.91421379906    0
10988    1213772.7825597224  664300.68129262875    0
10989    1213520.532654451  664657.35234498582    0
10990    1213550.8884123138  663054.67250109313    0
10991    1217023.2351861454  662997.35874728998    0
10992    1216950.6878735672  663197.17079245287    0
10993    1212248.9958256795  665136.0058990008    0
10994    1229217.4570551701  650881.02119115659    0
10995    1229039.9102563765  651152.93420452462    0
10996    1228156.7496408042  649024.11778343841    0
10997    1232807.2822798272  658715.39497577783    0
10998    1212047.6429594494  663103.36378613871    0
10999    1214939.2239844308  663990.73069877736    0
11000    1233084.1742937095  659436.85498863901    22
11001    1217682.4579837406  661173.76507704938    0
11002    1221318.0691976657  666011.29438700899    0
11003    1216231.0887384536  663594.00298574055    0
11004    1227854.679362521  648243.48950445501    37
11005    1232543.4442268072  658914.1439254107    0
11006    1214311.4704750527  664227.92685619369    0
11007    1214126.6398416406  664037.19483301358    0
11008    1216641.2336721178  659327.25702662556    0
11009    1216394.4677897124  659047.95277352072    0
11010    1227796.9832914129  648949.86631800584    0
11011    1229261.4939025498  651669.6327101374    0
11012    1232840.8247862114  659430.18329678208    0
11013    1221408.2276565996  666457.64538781578    0
11014    1227662.6137598576  648382.0465121814    0
11015    1213942.5325312819  664512.06468037365    0
11016    1214147.0339960002  664202.35361895594    0
11017    1216492.5880117205  659209.9245644703    0
11018    1228905.2243587261  651613.77374427847    0
11019    1214192.0362365085  664454.43993147055    0
11020    1214003.1793384259  664329.73817847762    0
11021    1216440.8799111014  659559.58559746633    0
11022    1221239.99334495  666661.83491218183    0
11023    1217766.3243714191  658170.18159915076    0
11024    1215672.9379423384  663927.90939995786    0
11025    1212867.9428661338  665275.42362821056    0
11026    1215867.3023523754  661784.76877472992    0
11027    1213957.6333650486  662603.44599258935    0
11028    1218102.4607821491  661353.31446805189    0
11029    1213137.4458086302  663293.79129726952    0
11030    1213272.1899789935  663049.78157106007    0
11031    1229589.8872105342  651897.53574268532    0
11032    1217832.2518999195  662913.96241230704    0
11033    1213283.4312531911  664852.86984705948    0
11034    1217211.3384019635  663456.70305376884    0
11035    1229212.7959645276  650577.25343379332    0
11036    1232840.0456637205  658442.42405735457    0
11037    1215281.5191001359  664169.74649634573    0
11038    1216484.1723895776  663543.90302048693    0
11039    1229081.6309391889  651652.72566505137    0
11040    1229143.5555310824  651959.1261183545    0
11041    1228947.9521567312  651839.20042337931    0
11042    1216175.2180881714  659291.47696174087    0
11043    1217594.5006152608  658265.75866899115    0
11044    1215464.3842277434  663966.70336064918    0
11045    1229368.3833776121  651866.16010901204    0
11046    1213289.1677378062  664666.95723875577    0
11047    1215718.6045479472  664264.29053298908    0
11048    1216408.2875465096  663824.85046770575    0
11049    1217599.5102920367  658072.52813493204    0
11050    1217394.5872387968  657808.19087238319    0
11051    1217844.6824299914  657845.02369785111    0
11052    1217164.4909704071  661022.63944788335    0
11053    1217591.9647561125  659498.25016339461    0
11054    1218268.7136729513  658886.14221466728    0
11055    1228433.6510711804  649245.41562874464    0
11056    1212350.1835913325  663002.36834078981    0
11057    1214581.6332581991  664202.62708825839    0
11058    1232581.3193060998  659396.56013082399    0
11059    1232954.8014101528  659714.30790476664    0
11060    1227626.6076227324  648129.73765347805    0
11061    1227462.2991299832  648585.74840715958    0
11062    1227511.7015256591  649227.72541517043    0
11063    1228715.9473410631  651308.35370302736    0
11064    1218100.2786032106  658283.26607974048    0
11065    1212186.6201417097  665720.47966304445    49
11066    1212546.9119610116  665257.0239422638    0
11067    1217781.5518502593  662693.61357231741    0
11068    1215133.1714315952  664036.64305540198    0
11069    1214960.1428855823  664334.96506316867    0
11070    1232130.1128397677  658952.71549519664    0
11071    1229427.1608709961  652248.77386734053    0
11072    1217441.8605812441  661035.18584680941    0
11073    1217275.5326074639  661213.48114602896    0
11074    1216843.5696682839  661215.84712509508    0
11075    1217967.1009117938  659631.4514271589    0
11076    1218089.7562067537  658794.2319930417    0
11077    1218331.4862312083  658543.74014894071    0
11078    1218086.6449003103  659020.46823666606    0
11079    1218483.0899860035  661378.03180001862    0
11080    1228336.4066980209  649083.20680485293    0
11081    1228570.0083334434  649016.84956208221    34
11082    1228167.2440640507  649294.87346273533    0
11083    1226998.803171067  647157.68527259526    38
11084    1227370.3903406344  648295.02513427765    0
11085    1227612.4082959029  649045.74153502437    0
11086    1227845.5363479541  649268.94432635198    0
11087    1227260.5946350018  648969.91050865571    0
11088    1228553.164035785  651797.26661528926    0
11089    1212320.1399998663  665388.07325189805    0
11090    1217952.2058046868  662492.67549348425    0
11091    1232342.5997015282  658995.80911452626    0
11092    1229320.7467408094  652069.29970163782    0
11093    1229049.6461867518  652307.73402245482    0
11094    1217481.4166183304  659880.6750857007    0
11095    1217080.0454317671  661312.46471896442    0
11096    1216892.2271099528  661407.83008426987    0
11097    1216588.6469101494  661382.61396207509    0
11098    1217799.6353854067  659508.23576281732    0
11099    1217974.3593827956  659333.74818865722    0
11100    1217733.3369711868  659773.75476354186    0
11101    1218289.0450783449  661423.11716976704    0
11102    1218311.3826315827  661079.13485337491    0
11103    1218449.9139165415  661675.36574928788    0
11104    1227532.2957686668  647753.65385757817    0
11105    1228756.8866888776  651758.65263931651    0
11106    1228718.9902576634  652115.43065569573    0
11107    1228610.8543674198  651544.91881639406    0
11108    1218049.2465352418  662748.02692588151    0
11109    1232164.9707481663  659326.2514365057    0
11110    1232307.7417931296  658622.2731732172    0
11111    1217478.9756441317  659672.77885169862    0
11112    1217206.263130323  659779.94330107153    0
11113    1218400.1932785495  659254.90612772002    0
11114    1217878.7785952163  660788.47938486724    0
11115    1227644.8895636604  647925.28567160328    0
11116    1227363.5356953694  648003.17059197603    0
11117    1227824.7397779401  647736.38779061008    37
11118    1228942.4539917351  652067.64926262153    0
11119    1218278.8001333808  659090.36689236562    0
11120    1218612.059546293  658971.54611131665    0
11121    1218185.7473757747  659286.06911910535    0
11122    1217838.7650760217  661010.7506675215    0
11123    1218344.5925036406  659625.72194932343    0
11124    1218119.8241998679  659486.23495431291    0
11125    1217630.1852642542  660858.46462182491    0
11126    1218090.0767197665  660941.2547842015    0
11127    1218410.1481244417  666009.89872040215    0
11128    1220412.9416166383  665825.4077878776    0
11129    1214511.6110768267  662671.67613102368    0
11130    1215636.2297069277  662318.17137279152    0
11131    1212113.238012166  663284.14165896142    0
11132    1212228.0634344323  663140.18789768522    0
11133    1212169.748970991  662965.50185559201    0
11134    1211662.6758805865  662695.68184277718    48
11135    1212321.0364198238  662685.04120514565    0
11136    1211904.1488584131  662853.26292656932    0
11137    1214162.7410401776  664896.5606479866    0
11138    1222270.0999364052  667554.35326719983    18
11139    1221720.3403365458  667411.45546507032    18
11140    1214183.7666290433  662725.42466299469    0
11141    1213021.8009922132  663070.72300136054    0
11142    1212704.0993224143  662858.63539026189    0
11143    1212826.0190976311  663020.00095302192    0
11144    1212645.9121386656  663116.97029595671    0
11145    1212996.7316627868  662764.27801510657    0
11146    1229439.1756652859  650608.32515742676    33
11147    1228711.928579163  650736.8585110195    0
11148    1229062.5000743303  650073.51435074699    0
11149    1232780.2393804102  657970.47674823634    0
11150    1216762.810068886  663431.59394619009    0
11151    1215506.2742009033  664188.29814668908    0
11152    1215486.5563252631  664578.02420143376    0
11153    1215377.5431238485  664377.1469339818    0
11154    1215574.415578234  664400.32566827536    0
11155    1215824.8474565619  664634.7157080766    0
11156    1215760.1973369035  664452.80969638599    0
11157    1216051.6870577766  664289.65075052867    0
11158    1215967.6724440393  664481.5136791711    0
11159    1216327.5048864859  664524.75425913453    0
11160    1216116.3277110909  664763.27630540938    0
11161    1215140.5761036163  664635.76410602406    0
11162    1215169.7136899917  664347.44034842122    0
11163    1217069.8964883881  657925.20537881798    0
11164    1214469.0731961508  664455.77028742956    0
11165    1232679.1206876738  659659.97409007407    0
11166    1228879.6292472754  651418.27567250852    0
11167    1229727.4474807414  652174.58061139821    0
11168    1228015.7998073802  649165.16218443878    0
11169    1227382.9504899499  648789.11993727973    0
11170    1227022.2890287605  648676.83007444639    0
11171    1227239.0932921842  648615.82642884145    0
11172    1227047.3320070398  648350.07350030297    0
11173    1212650.612026694  665698.20130814018    0
11174    1212130.9502382018  665507.79208297562    49
11175    1216569.6589287934  661603.00198185665    0
11176    1218271.6457755535  661703.44393328077    0
11177    1218959.0421382023  661581.65565897326    0
11178    1228163.9895562015  651575.52742033033    0
11179    1218246.6397786252  662526.89711775223    0
11180    1232378.7527337153  659328.19850295153    0
11181    1232394.5193782649  659615.77897278429    0
11182    1232579.7331429468  658549.63167468319    0
11183    1217209.6230557645  659598.89943004667    0
11184    1217176.9754710086  660286.1069613524    0
11185    1216810.6594711065  659877.52618996962    0
11186    1217784.492645781  660244.52649631456    0
11187    1227075.0331021941  647626.21390993334    0
11188    1217317.426017168  660713.87532717292    0
11189    1218429.1310244324  660643.59673793497    0
11190    1218117.9129398661  661143.12072564045    0
11191    1218333.4665888604  666252.21237283887    0
11192    1218099.6689275417  666164.5206293033    0
11193    1218786.6343648508  666449.10697119846    11
11194    1217827.925478901  665828.60547849105    0
11195    1218595.14476774  666472.79640589259    11
11196    1218656.1334741719  666180.00661054638    0
11197    1217913.1013508518  666037.57420126977    0
11198    1217577.0275118568  666236.96249649778    8
11199    1218150.2293515548  665819.07732887741    0
11200    1217671.9463248036  666014.02599536232    0
11201    1217444.5809944291  666048.89639563719    0
11202    1217510.4770821682  665719.87856715859    0
11203    1217089.689849939  665868.69915153168    0
11204    1217239.94030204  666012.35745681031    0
11205    1217076.2793702665  666275.55519011442    7
11206    1217301.3133781222  665797.76641117304    0
11207    1217040.3341617882  666070.72135914548    0
11208    1216730.3578025794  665887.95147896081    0
11209    1217077.9999789784  665482.67378065211    0
11210    1217142.1033322932  665673.92224685079    0
11211    1216901.1947017016  665713.53550397139    0
11212    1217351.1688870799  665497.47946715204    0
11213    1216526.8523766936  665517.74843343464    0
11214    1216684.4756238989  665672.13719732955    0
11215    1216349.9156378389  665856.0491701517    0
11216    1216796.0828373274  665400.53465597529    0
11217    1216489.4398889781  665713.601850971    0
11218    1216537.7490416234  665900.47392548935    0
11219    1216183.7106651703  665553.70053843444    0
11220    1216651.1337729951  666156.92695816676    0
11221    1216386.5087001806  666120.63304209802    0
11222    1220531.8876266086  666038.40553772345    0
11223    1220210.0959346325  666267.44437638216    13
11224    1220825.2500505496  665734.86999702721    0
11225    1220287.2698455651  666035.29851738538    0
11226    1220724.3780047414  665930.91162075428    0
11227    1220002.4171492876  665722.17511656019    0
11228    1220612.3196737333  665749.28031026397    0
11229    1220386.5238143094  665457.06993892428    0
11230    1220698.9503858914  665448.99599342851    0
11231    1220955.3270206242  665925.77269055729    0
11232    1220192.0996502473  665835.74723998411    0
11233    1221206.5230207099  665614.84599927394    0
11234    1220033.7933436781  666033.71681364637    0
11235    1220203.1205553501  665602.15548139391    0
11236    1221034.0003922277  665732.39919020736    0
11237    1220927.0852681021  665519.04229438992    0
11238    1221222.8421983214  665824.17109065864    0
11239    1221561.4341994135  665692.47547050216    0
11240    1221423.7900887716  665839.7009051987    0
11241    1221736.4942951368  665994.09866614244    0
11242    1221528.0884091854  666022.32512817264    0
11243    1221671.2566355919  666295.90627437097    0
11244    1221412.1667789882  666224.56866829377    0
11245    1219606.7745667135  665933.55634713895    0
11246    1219903.9537029378  665329.69571929274    0
11247    1220929.0510558093  665106.10872431053    0
11248    1219805.1678754028  666048.08166667004    0
11249    1220155.700316865  665353.74815782043    0
11250    1220012.4178767295  665511.0754500808    0
11251    1219683.5380691835  665601.28167764016    0
11252    1220865.7487957214  665312.27883537428    0
11253    1219538.3401923981  666327.48723855836    12
11254    1219802.405207519  665823.76548788894    0
11255    1220069.6704001287  664924.69816919765    0
11256    1220555.8746297401  665104.33220216748    0
11257    1221183.8851766724  665297.15591834381    0
11258    1219722.7035090609  666290.36680693249    12
11259    1219595.4000297685  666134.49005862582    0
11260    1219311.8954818628  666155.60510733014    0
11261    1220047.9337245508  665152.20668017294    0
11262    1220352.4532929568  665223.69066927256    0
11263    1219681.9292403855  665002.44514640898    0
11264    1220541.2501816533  665312.43153342651    0
11265    1220333.5109355133  664958.38379657874    0
11266    1219887.5332870844  665022.0890201322    0
11267    1219768.4489125265  665182.68750774418    0
11268    1219817.2717699888  664671.6794852399    0
11269    1219695.5746549864  665385.81420334405    0
11270    1219499.5798019439  665200.86295789166    0
11271    1219422.7154656742  665478.641498785    0
11272    1214488.2429944831  662852.93322963314    0
11273    1214656.7785793282  662782.52634235658    0
11274    1214691.8006031392  662586.18259131606    0
11275    1214460.0839224979  662330.44147174153    0
11276    1215616.1455724321  662496.67186381598    0
11277    1215247.3160707164  662172.49735372385    0
11278    1211859.4752939269  663045.10909436515    0
11279    1211662.6758805865  662866.19218501227    48
11280    1211946.101809392  662525.1715005422    0
11281    1212104.5895631392  662749.31881958887    0
11282    1212160.661769731  662541.56727194495    0
11283    1211662.675880587  661672.61978936638    48
11284    1212478.5168015829  662347.6401247445    0
11285    1212080.5417433153  662177.94612148439    0
11286    1214110.6643881276  664671.07909900602    0
11287    1214329.7160298605  664629.75547118357    0
11288    1213811.0670953093  664859.0278578935    0
11289    1214687.6048733538  664773.61107172898    0
11290    1214530.3709409083  664647.67117962148    0
11291    1214734.6138423043  664476.69067071541    0
11292    1214444.2117984963  664916.36145066633    0
11293    1221352.8349021424  666982.07662027574    0
11294    1212537.8680191007  662956.91403544729    0
11295    1212524.7382441256  662744.98245338863    0
11296    1212471.4977631327  662549.81617857213    0
11297    1212809.9163352584  662460.35534229304    0
11298    1212712.1485612143  662647.57693420351    0
11299    1213418.903393093  662632.59513066802    0
11300    1228986.4496504972  650732.64618905401    0
11301    1229213.6716287395  650302.70144331618    0
11302    1228382.3755508102  649711.45357692707    0
11303    1232881.3681605973  658197.42452080676    0
11304    1232620.6903555561  658279.4422393986    0
11305    1233196.640619158  657985.44371406327    25
11306    1233143.9062094714  658157.98251080513    25
11307    1232988.3609914193  658016.11376656417    0
11308    1232955.2750702167  657669.62364598981    0
11309    1233067.8969103906  657833.69425064314    0
11310    1216988.4306679969  663419.91831025342    0
11311    1217038.9498032019  663807.56221627363    0
11312    1216886.2081094165  663630.3541882314    0
11313    1217085.7616914052  663612.78276645788    0
11314    1217385.0121639627  663787.71740752086    0
11315    1216726.5302048104  663922.41673919465    0
11316    1216217.6496931664  664047.78504389804    0
11317    1216989.2542300338  658094.67613140994    0
11318    1216831.4016383651  657915.64025693922    0
11319    1217206.7717102815  658094.25922130293    0
11320    1216427.2642769406  658000.7795848836    0
11321    1216966.4938968702  657525.3508851215    0
11322    1216642.1820678816  658019.20177543839    0
11323    1216957.8497026069  657740.88350880833    0
11324    1216553.7913915992  658303.64930546621    0
11325    1216565.2399337895  657653.97466118715    0
11326    1217196.5645059226  657642.51779744704    0
11327    1216777.4212331611  657625.70755400497    0
11328    1216705.7145491308  657262.32621884486    0
11329    1216647.7100046659  657462.53802980343    0
11330    1216345.0570352501  657266.34632839088    0
11331    1216422.2046022625  657478.87347026286    0
11332    1216279.7252382678  657741.2323347932    0
11333    1216101.9942344925  657474.84426368261    0
11334    1232726.9558970931  660143.81214081473    0
11335    1227180.0534820715  648153.48771622067    0
11336    1226788.044095696  648031.92458347091    0
11337    1227118.8095310624  647891.59037019976    0
11338    1226965.7026481498  648151.86766706547    0
11339    1226678.1850318939  648386.19140117057    0
11340    1212532.180112818  665493.26289643219    0
11341    1212770.1778314034  665492.41586195061    0
11342    1212417.9732173686  665695.95148110786    0
11343    1213178.5127275882  665545.86966233561    0
11344    1212531.6798792405  665967.24177320697    0
11345    1212982.412453502  665457.51742144558    0
11346    1213204.5461182075  665190.85118279886    0
11347    1212958.1645457488  665773.13747883169    0
11348    1212242.2900452176  665933.16724311339    49
11349    1218690.3354294789  661551.67377343541    0
11350    1228369.3232072953  651295.99360509543    0
11351    1228392.0413702019  651627.66334082268    0
11352    1228191.651171172  651979.3681958688    0
11353    1228238.7674578798  651773.27315522823    0
11354    1228386.036712487  651915.3742725437    0
11355    1227873.8083742976  651798.27151661599    0
11356    1228566.0736817271  651992.83424871287    0
11357    1228439.4483414695  652307.44210312527    0
11358    1228345.8469428821  652120.52141222986    0
11359    1228034.9256683993  652305.37347073364    0
11360    1228237.2617467749  652291.79196189099    0
11361    1228158.5917738879  652633.756853375    0
11362    1228323.4900195154  652491.66058408446    0
11363    1228686.6311213693  652591.63883886638    0
11364    1228436.7384101222  652789.80952016416    0
11365    1218514.8145123932  662196.40916334803    0
11366    1232617.0909495621  658737.41331263178    0
11367    1232431.2171709363  658763.66671558248    0
11368    1232245.1169700059  658801.5725573668    0
11369    1231937.2433242626  658686.63717045705    0
11370    1232123.1771095304  658658.39565171476    0
11371    1231983.4275237171  658364.51303112379    0
11372    1232178.5762722502  658451.8829949518    0
11373    1232225.7321530441  658084.92984498013    0
11374    1232399.1109742369  658418.85757415183    0
11375    1217268.0088238365  660037.44518445828    0
11376    1216989.6605629325  659752.51604830241    0
11377    1217074.9993439151  659947.57255591359    0
11378    1216800.4282509557  659672.21594527515    0
11379    1216567.134147628  659786.7517327473    0
11380    1217675.6731335334  660543.53666257171    0
11381    1217687.8665863164  660016.86097395199    0
11382    1218000.5398621915  659949.53764848132    0
11383    1217488.1744306844  660235.95237746031    0
11384    1217444.5829062874  660849.38129618182    0
11385    1217272.1980155471  660883.73074534605    0
11386    1216988.2391905654  660774.76602177555    0
11387    1217156.0772079406  660761.8616292238    0
11388    1217052.9892277622  660518.99700122932    0
11389    1217196.2004723924  660601.51960574288    0
11390    1217191.8798168204  660443.4907355092    0
11391    1217346.8204593637  660349.42014314956    0
11392    1217370.7525622225  660534.76331007935    0
11393    1217545.6265601898  660685.50195985124    0
11394    1217520.651071775  660421.1912564931    0
11395    1218304.5260148894  660843.59537021804    0
11396    1218107.3376613033  660694.87470744317    0
11397    1218698.1306261728  660950.00697635266    0
11398    1217915.2102013123  660551.59199945047    0
11399    1218485.2688273466  660956.20343965315    0
11400    1218586.5636220826  660776.66900116473    0
11401    1218597.9467909178  661167.70525476895    0
11402    1218728.284436367  660449.34232993587    0
11403    1218880.9309699899  660709.77622666757    0
11404    1218216.9553060832  660347.43566189928    0
11405    1218970.454675765  661207.23059228377    0
11406    1218101.6378360796  660502.06459734286    0
11407    1217961.5788557229  660350.49696338386    0
11408    1218287.9238569241  660520.6763748239    0
11409    1217962.3840646204  660148.20263737044    0
11410    1218484.4538177603  660339.01072650368    0
11411    1218210.8864710547  660092.93364460615    0
11412    1218790.872702789  661124.58772102976    0
11413    1218931.5290671708  660937.94326619094    0
11414    1218795.4648855489  661351.04514039634    0
11415    1218226.1521060623  659844.56458758283    0
11416    1219284.1937074703  660740.04289233289    0
11417    1218647.8899192086  659931.34237624635    0
11418    1219077.9945351924  660785.76941698499    0
11419    1219105.3471336255  660421.33271809667    0
11420    1219245.4112754159  661052.93790398631    0
11421    1218417.8750793485  659981.00222352787    0
11422    1218494.8321672685  659779.93049684027    0
11423    1218572.0368841379  660137.52786290739    0
11424    1218646.9103172023  659481.47566304891    0
11425    1218910.2748067391  660144.91589060239    0
11426    1218719.1383091188  659706.25280698796    0
11427    1219055.3725659093  659474.21698744537    0
11428    1218901.4585826893  659887.78431776108    0
11429    1218852.2369108906  659539.49088581209    0
11430    1218833.7548844086  659212.55020320264    0
11431    1219014.0216066355  659694.25185950915    0
11432    1219399.1896619897  659652.73319148028    0
11433    1219236.7678777711  659953.3072018692    0
11434    1219200.3396940599  659615.36349253973    0
11435    1219361.6684012522  659304.64902311028    0
11436    1218514.2906287271  666303.20739212621    0
11437    1218950.6543520573  666203.37152311183    0
11438    1217799.2319556125  665344.78150938312    0
11439    1216484.2212643155  665052.02119141712    0
11440    1216834.8970029245  666064.89751315024    0
11441    1216657.4082587208  666422.14531039575    6
11442    1216486.1408459705  666303.57022530504    0
11443    1216238.7505740342  666551.73763098847    5
11444    1216067.5100448537  666252.17228595994    0
11445    1216274.0495328789  666300.48077076883    0
11446    1221102.5775151802  665462.60131014849    0
11447    1221285.0922402821  665449.59574236581    0
11448    1221487.0086094299  665205.72411701549    0
11449    1221395.023219493  665603.16631196381    0
11450    1221493.4467706946  665416.57999236835    0
11451    1221839.5150570676  665300.48709981353    0
11452    1219353.976875735  666364.60767018434    12
11453    1220686.459507037  664663.00767883263    0
11454    1218215.6249783312  663190.45102618739    0
11455    1219262.0710788667  664799.58822106256    0
11456    1219465.672221018  665725.9538355862    0
11457    1219378.3622278131  665937.04946202144    0
11458    1219103.9694436041  665972.98632248119    0
11459    1219150.8125499473  665653.25633995538    0
11460    1214192.9863646016  662437.7316316003    0
11461    1215414.1354355656  662319.11953449389    0
11462    1215250.2944826959  662451.52492060943    0
11463    1215066.3776879972  662313.95841614576    0
11464    1215523.9331568684  662025.98674861435    0
11465    1214860.0161700109  662423.82632619084    0
11466    1214922.5135369995  661943.49949849828    0
11467    1214658.5776998005  662383.43940567714    0
11468    1214635.7787193591  662070.61920049088    0
11469    1214796.892309766  662216.11783130129    0
11470    1215050.3547626291  662107.01717759855    0
11471    1215245.4396144631  661822.76294900128    0
11472    1211845.6779485489  662679.05830052507    0
11473    1211662.6758805867  662525.17150054197    48
11474    1211804.3888449895  662439.91632942448    0
11475    1211662.675880587  662013.64047383657    48
11476    1211965.2451276779  662332.94432641321    0
11477    1211808.8175143446  662272.14815869392    0
11478    1211662.6758805867  662184.15081607178    48
11479    1211813.5752694129  662098.89564495441    0
11480    1211858.5442900599  661843.13013160147    0
11481    1212153.4066499984  662352.52848975128    0
11482    1212313.4529536127  662183.23357045883    0
11483    1212317.3271728063  662440.89599695988    0
11484    1212204.3927747679  661854.82259990484    0
11485    1212668.3279288348  661992.00497500715    0
11486    1212519.7503977348  662141.1765157152    0
11487    1212379.265462474  661979.06417877122    0
11488    1212750.7402585696  662222.66784792091    0
11489    1212497.6380100364  661627.26295929193    0
11490    1213091.6321851644  661970.81858565693    0
11491    1213052.0422450269  662273.86409234954    0
11492    1212883.1774777297  662045.29627626599    0
11493    1212859.7198349198  661680.12820399972    0
11494    1213744.0000595194  664645.53464519896    0
11495    1214767.4482723235  664278.63450080168    0
11496    1214939.2451208502  664552.01613985095    0
11497    1214947.7765306742  664815.38141441764    0
11498    1214270.6759568362  665372.72351366421    0
11499    1221230.5717832036  666845.15621771791    0
11500    1221458.1905276664  666764.95163186244    0
11501    1221108.9689109307  667051.20359363419    17
11502    1221730.1932380041  667031.05895707442    0
11503    1221549.7031117259  666943.47967707587    0
11504    1221770.9109288547  666717.37118585338    0
11505    1221445.4605366162  667340.00656400551    18
11506    1221485.745904881  667138.63158700732    0
11507    1213414.8152556163  662865.54827090923    0
11508    1213198.4042435291  662845.33617433382    0
11509    1213645.472614977  662753.0836774467    0
11510    1213178.3248853497  662603.88396639854    0
11511    1212981.6284528647  662564.18446119851    0
11512    1213329.8217837119  662356.74236676598    0
11513    1229014.7580382901  650942.58946450741    0
11514    1228803.057906236  651074.57992812374    0
11515    1228549.3749528818  651113.16744188999    0
11516    1228832.2044015576  650885.55947462574    0
11517    1228655.0934956076  650955.00678882096    0
11518    1228340.2376449136  650858.96203823574    0
11519    1228951.4653894543  650439.14254668041    0
11520    1229520.8486433516  650013.27917437605    33
11521    1228337.6795050849  649470.69617185241    0
11522    1228699.0848647226  649491.57549855311    0
11523    1227971.323091289  649663.23693839426    0
11524    1228513.6786828903  649562.54989903141    0
11525    1228723.9524197576  649834.19209212949    0
11526    1228123.4360219773  649507.85718628601    0
11527    1228174.2241886761  649709.72481690801    0
11528    1228275.4361409794  650055.39647865319    0
11529    1228013.6839607107  649944.38382250152    0
11530    1227921.1971287432  649462.01758924429    0
11531    1227612.9358593284  649645.66201657138    0
11532    1227698.1040091044  649438.08097778924    0
11533    1227459.7331716507  649461.54240538948    0
11534    1227199.1578339587  649280.94295997627    0
11535    1227231.3363545602  649807.38581225555    0
11536    1227397.728974218  649668.93344220286    0
11537    1227543.8820420643  650013.79263917205    0
11538    1227156.1198822472  649547.7785033969    0
11539    1217239.1103763808  665037.56635593437    0
11540    1216611.7265043096  663729.07791083469    0
11541    1216499.3331990533  664095.68353892828    0
11542    1216297.5876076617  664280.50929379708    0
11543    1216566.5050374265  664371.524662629    0
11544    1216020.149851223  664090.13794327946    0
11545    1216731.7494531411  658313.06163644814    0
11546    1216596.0040120061  658497.61387177836    0
11547    1216375.8017455505  658443.96095638059    0
11548    1216339.764120498  658215.19762375776    0
11549    1216080.5445525325  658702.07203053904    0
11550    1216123.3612220944  658001.82483996009    0
11551    1216056.8105290085  658376.99217972555    0
11552    1216267.1269172141  658617.57630278089    0
11553    1216336.180411669  658831.17178535124    0
11554    1216106.5042125916  659009.15294229891    0
11555    1217570.0169427413  657397.32534896885    0
11556    1216457.4221194484  657811.92868950346    0
11557    1216649.1389294502  657827.01794918813    0
11558    1216261.037949976  657561.21621635125    0
11559    1216099.5517022531  657668.95795112208    0
11560    1215779.2194016441  657567.8549993519    0
11561    1232492.5905292861  659922.69927734951    0
11562    1232776.0584652806  659894.6738914561    0
11563    1233155.3348421131  660091.78706351272    0
11564    1232933.5329652838  660055.1184126212    0
11565    1233074.2941245725  659892.83379323618    0
11566    1233433.1367432061  659917.1915367695    22
11567    1232977.1675308591  660441.66470612108    0
11568    1232897.0132133118  660254.97682797024    0
11569    1233094.1016201875  660280.90809106722    0
11570    1232627.8378207777  660481.09814630193    0
11571    1233361.4095581935  660262.98301410046    0
11572    1233866.520584028  660922.11830754345    21
11573    1233243.9055714377  660512.78236802958    0
11574    1227404.2865783584  647320.26110314147    38
11575    1226882.3766345901  647794.29337259289    0
11576    1226441.5690695094  647756.84506516671    0
11577    1226742.7607684347  647439.80919712631    0
11578    1226656.3212050188  647842.0952900874    0
11579    1226875.6996610749  647592.1867515163    0
11580    1226672.6321809192  647635.17032505001    0
11581    1226962.6654325267  647382.13634342514    0
11582    1226419.0683258257  647433.88120491686    0
11583    1226454.5961382715  648122.68870242138    0
11584    1227201.5448747128  647238.97318786837    38
11585    1227229.6178509984  647462.43074221327    0
11586    1227441.8321040394  647544.77257192496    0
11587    1227607.0282820039  647401.54901841457    38
11588    1227295.3957562426  647732.2221157694    0
11589    1212745.2662487614  666551.81348203798    1
11590    1212762.3056915284  665908.38449070463    0
11591    1213084.2747504173  666165.20545842045    0
11592    1212521.6130987436  666348.83415261016    1
11593    1212962.0492880563  665988.20384719758    0
11594    1213290.2995165722  665874.70639639639    0
11595    1212795.4206656448  666233.96758419811    0
11596    1228540.1495633484  651371.88243535778    0
11597    1218319.342346983  662311.84239319072    0
11598    1218241.6814048782  662102.39437113563    0
11599    1218572.4478897047  662517.22510269668    0
11600    1218436.1274737157  661981.24937926931    0
11601    1218831.8878789512  661958.48247157584    0
11602    1218637.4436267172  662029.59354124742    0
11603    1218577.8583756515  661834.38481651142    0
11604    1218848.7187281658  662305.90148428991    0
11605    1232415.1489654726  658198.55655221746    0
11606    1232473.7675490458  657886.1456338102    0
11607    1232584.9332637063  658068.70883347746    0
11608    1216868.1113181049  660194.51932218741    0
11609    1216127.7013602327  659882.3115679347    0
11610    1216932.7397125633  661000.82835242525    0
11611    1216531.9713930085  660960.62561108067    0
11612    1216746.9370225919  660835.36895502836    0
11613    1216724.3095470308  661043.62612224056    0
11614    1216554.6712715265  661172.37698702386    0
11615    1216223.3969457119  661333.7768626638    0
11616    1216310.3030978781  661091.48099795415    0
11617    1216431.9638188358  660541.90201832366    0
11618    1216814.7722141573  660594.77091263141    0
11619    1216545.1607944125  660736.17080921005    0
11620    1216884.0820404731  660400.32752837241    0
11621    1216643.2921068184  660424.07188146724    0
11622    1216308.2753463138  660834.86587721366    0
11623    1216364.7521413283  660172.93425569008    0
11624    1216461.2290073747  660345.96546379558    0
11625    1216159.1258751822  660400.99698782351    0
11626    1216618.0883979099  660145.09363772662    0
11627    1216472.0837645838  659983.06103476451    0
11628    1216339.3974824303  659797.65035754733    0
11629    1216131.6998197101  659585.30511282128    0
11630    1218709.2561223723  660635.4471195857    0
11631    1218565.913184728  660526.76582666195    0
11632    1218922.4004775179  660510.5181169383    0
11633    1219066.3138568292  661055.91708246211    0
11634    1219158.6237097366  661220.41744569875    0
11635    1219051.6957136104  661397.09329382272    0
11636    1219479.4510146638  661280.44317463797    0
11637    1219311.1005184636  661642.85714954499    0
11638    1219280.7996889402  661415.05643472355    0
11639    1219485.8050360796  661503.70330711035    0
11640    1219852.4633154627  661381.54766549473    0
11641    1219628.9641592824  661862.68208094325    0
11642    1219650.6986144145  661387.28992326919    0
11643    1219742.0687894048  661050.19115635299    0
11644    1219758.5820635541  661630.41516456322    0
11645    1219503.2080150589  661704.79807192564    0
11646    1219304.5477747584  661992.05787847366    0
11647    1219051.3669273837  660011.36136384017    0
11648    1219211.8399044366  660198.7715860256    0
11649    1219630.9210095126  660117.3331267219    0
11650    1219438.435726699  660443.95321469102    0
11651    1219409.0898767491  660094.80521261622    0
11652    1219447.1238292458  659872.80657287547    0
11653    1219787.7131128844  659683.36588623771    0
11654    1219588.8283432922  659726.68496349221    0
11655    1219584.8925720877  659456.6512373148    0
11656    1219732.6504649331  659908.7798512365    0
11657    1220133.5849496643  659887.28534878336    0
11658    1219946.1988479351  660142.0336133911    0
11659    1219929.8737865631  659837.52411922661    0
11660    1220114.1599326958  659524.95273903408    0
11661    1218978.1239619614  666425.41753650433    11
11662    1219136.4132347309  666218.34766203328    0
11663    1217598.2453870331  665488.75155007315    0
11664    1217465.2738008704  665226.06946925633    0
11665    1217820.1797739924  665586.30201359035    0
11666    1218174.7912484696  665433.87677993451    0
11667    1217972.2764636127  665451.44151194906    0
11668    1218046.9827897141  665136.53529045195    0
11669    1218089.0707974189  665621.79426385148    0
11670    1218378.3444496586  665640.23948581703    0
11671    1216582.5336832784  665277.83677740989    0
11672    1216335.4998290194  665346.91986323649    0
11673    1216861.2330318808  665022.1918352308    0
11674    1216768.684337425  665201.03586178587    0
11675    1217031.1271854891  665223.47731367522    0
11676    1216157.3632684203  666017.50239591615    0
11677    1215723.7008537021  665985.9935118343    0
11678    1216124.6978804166  665782.99746597093    0
11679    1215935.7767836291  666067.19568882126    0
11680    1215774.3688997093  665570.59303419001    0
11681    1215630.9144713618  666638.28901696473    4
11682    1215901.3954525765  665839.44878926757    0
11683    1215981.5891746567  665623.92408233555    0
11684    1215966.3230842967  665253.99364280666    0
11685    1215753.1726663162  666336.63535556046    0
11686    1221716.5930692807  665507.91588435427    0
11687    1222121.6643793301  665607.82445202884    0
11688    1221814.1372574475  665747.42175229348    0
11689    1221934.2067878731  665496.73736342322    0
11690    1222211.9537743321  665241.75330949994    0
11691    1220554.5629785524  664863.9622504923    0
11692    1220287.6256018078  664544.99548186129    0
11693    1220806.2398060504  664885.38790288137    0
11694    1220469.2323160304  664664.19304456189    0
11695    1221114.7273590954  664575.77910704503    0
11696    1220742.6529077694  665065.29539067019    0
11697    1220279.6288644765  664755.12385551282    0
11698    1220061.4082905846  664641.60280737502    0
11699    1220575.8823272898  664303.75877102942    0
11700    1221097.9837982969  664867.58576608193    0
11701    1220913.7578491012  664684.02698791074    0
11702    1219889.5173559026  664252.22366291494    0
11703    1220823.155854403  664424.29006569576    0
11704    1220090.3442523023  664396.19897245406    0
11705    1219887.0298595617  664467.74479849357    0
11706    1220228.4290517729  663991.53717355686    0
11707    1220322.4002299921  664293.70899830759    0
11708    1219514.3285479995  664454.15634151991    0
11709    1220098.3156501288  664173.02850506245    0
11710    1220457.5765709542  664085.97329335264    0
11711    1219704.4377326511  664357.86243849411    0
11712    1219449.8701848991  664091.08936968807    0
11713    1219689.6951307892  664117.08376623772    0
11714    1220877.4958538637  663998.88996055967    0
11715    1219612.8429439876  663706.81130232487    0
11716    1219925.907714572  663912.04147652315    0
11717    1220680.6787091747  664105.80526735901    0
11718    1220499.4383082567  663659.16735857737    0
11719    1219589.3512816352  663923.54596057115    0
11720    1220866.7294277698  664213.68538210343    0
11721    1221227.9259522089  664124.12249151897    0
11722    1221041.840703272  664359.72543215984    0
11723    1220669.3389517791  663850.3152432869    0
11724    1220414.0944751785  663866.25261016958    0
11725    1219242.0714134281  663776.26417921425    0
11726    1221318.2917244737  664386.78462049831    0
11727    1220901.0292796895  663473.29717076919    0
11728    1220149.9119830066  663674.9631329847    0
11729    1220907.3889031848  663736.90517267585    0
11730    1218065.6657203068  662994.34858174261    0
11731    1218385.2937952399  662849.33491543878    0
11732    1217815.7973631353  663340.81059311493    0
11733    1218198.2406620628  662861.80340912391    0
11734    1218281.590577821  662702.89840099181    0
11735    1218411.4313505266  662585.64332519006    0
11736    1218569.7158095553  662734.47394221509    0
11737    1218302.7981852673  663021.05627315759    0
11738    1218628.5061732852  663071.8513756399    0
11739    1218441.7541016706  663199.69290442951    0
11740    1217888.4439716674  663129.86979876237    0
11741    1218877.4409876945  662629.70223679754    0
11742    1218746.9024246391  663445.13102921855    0
11743    1218026.9645981973  663295.55528441281    0
11744    1217585.5694373427  663143.54172270698    0
11745    1218631.3694472457  663276.35940178018    0
11746    1218968.7098262808  663169.36231280083    0
11747    1218409.5620456042  663552.12811819743    0
11748    1217996.3473888496  663667.98607993394    0
11749    1218220.3270190298  663420.76434801659    0
11750    1219441.3852715669  664964.38109978242    0
11751    1219078.7451691092  665179.02254058642    0
11752    1219506.6713445396  664713.38811949582    0
11753    1219227.6718294206  665016.97267488402    0
11754    1219287.5278735298  665221.4394614984    0
11755    1219140.0522001821  665412.29875352862    0
11756    1218884.7693541853  664851.29733926989    0
11757    1218766.2136483621  665549.71217078657    0
11758    1219081.2240854984  664882.3846373196    0
11759    1218957.2291796866  665029.67775750125    0
11760    1219034.4935086551  664541.40943121258    0
11761    1218812.4421770817  665271.59404738271    0
11762    1218690.293602844  665034.20238731243    0
11763    1218974.9612274608  665540.3902108639    0
11764    1218941.5373321387  665785.89222086687    0
11765    1219224.4440854879  665827.34041733446    0
11766    1214379.9452112936  662517.05027061969    0
11767    1214148.8066482923  661941.63360804296    0
11768    1212043.0641947326  661433.41465834703    0
11769    1212530.5734450968  661834.16028182732    0
11770    1214790.0976492246  664096.95182057563    0
11771    1215341.7163150816  665044.94946755702    0
11772    1214757.2159392098  665171.17065491853    0
11773    1214288.5703430346  665118.35269171267    0
11774    1214523.599757961  665138.49197169114    0
11775    1213923.9181445492  665220.51509615709    0
11776    1214664.5098266909  664982.52901928686    0
11777    1214866.0979033469  665000.56108345848    0
11778    1215106.408451634  664995.95356751396    0
11779    1214990.1165794074  665199.75770966406    0
11780    1214596.2379944499  665470.59656546102    0
11781    1214083.4646775892  665088.12591237831    0
11782    1215263.8896498149  664829.17696254747    0
11783    1214845.8819221589  665411.82502873801    0
11784    1215541.4596801526  664850.98248421471    0
11785    1221667.3393632937  667219.75679456431    0
11786    1221995.2201364755  667482.90436613513    18
11787    1221907.3218029067  667256.58250043995    0
11788    1222196.0722007658  667274.66812891536    0
11789    1213677.5290064332  662419.53709689539    0
11790    1213829.8285408276  662737.25075931568    0
11791    1213724.5278035144  662592.36776587495    0
11792    1213562.6469749131  662543.58325691882    0
11793    1213847.3415669547  662466.16468624223    0
11794    1213505.9021066083  662375.80997609627    0
11795    1213839.6749077647  662161.55267282238    0
11796    1214019.2624026309  662440.98835824162    0
11797    1213449.4478568493  662074.59526729223    0
11798    1213638.2775838771  662214.9197612945    0
11799    1213912.5869031812  662312.12006593589    0
11800    1214061.9946684479  662146.83216890844    0
11801    1213679.197453537  661962.6423325903    0
11802    1213938.8896457911  661973.78819038952    0
11803    1213990.5833784591  661609.97879561421    0
11804    1214310.6530484918  662131.06764150283    0
11805    1213380.8987756935  661642.19666817528    0
11806    1214429.4933471936  661865.67905862513    0
11807    1213481.1520376138  661847.93621894391    0
11808    1213295.257972375  661937.48093705066    0
11809    1213241.7098102581  662152.95086564566    0
11810    1213157.9929779086  661737.608935953    0
11811    1213685.476292711  661621.07700530882    0
11812    1213111.3933694365  661320.65447512898    0
11813    1213197.6193672055  661522.09895674756    0
11814    1212979.6198160944  661496.23489691678    0
11815    1213488.2035558643  661278.54146566265    0
11816    1212708.3599671717  661450.4057475304    0
11817    1212876.3935787911  661281.524938702    0
11818    1212512.6220212835  661087.61399211537    0
11819    1212665.2430267837  661239.46936834848    0
11820    1213058.712406609  660911.80741642218    0
11821    1212476.3649431386  661387.95233036764    0
11822    1213023.3502524621  661124.18148420088    0
11823    1212271.8902321497  661526.729553096    0
11824    1212808.5827894357  661070.89106484212    0
11825    1213302.224393192  661061.48539756192    0
11826    1212326.0408753515  661708.85931284423    0
11827    1212129.0112454782  661668.32508276938    0
11828    1212244.5836050147  661266.47051005904    0
11829    1213159.0743635367  662422.07914416515    0
11830    1228331.8382407289  651079.00468245673    0
11831    1228009.0113798669  651246.50545289856    0
11832    1228064.5072902637  650958.61857079633    0
11833    1228847.1278217379  650600.41589792888    0
11834    1228553.5080291179  650444.67670358205    0
11835    1228752.2466009893  650424.64360507717    0
11836    1228622.666090101  650134.9493681977    0
11837    1228867.7115362315  650214.03429991857    0
11838    1228860.9920645545  649999.45201756328    0
11839    1229173.1817106148  649376.68893623818    34
11840    1229078.4887048253  649718.85106131015    0
11841    1229493.6243173298  650211.62783539295    33
11842    1229297.1920653612  650083.62387929927    0
11843    1229187.4753316226  649901.45634193346    0
11844    1229374.2395030051  649496.63539429009    34
11845    1229302.4503477784  649709.00776803179    0
11846    1227783.2589169301  649835.33761429973    0
11847    1227797.2125012868  650103.83051615057    0
11848    1226763.6829360495  649802.17988850689    0
11849    1216623.6469505876  664723.65713441314    0
11850    1216142.6111688223  658198.72593783087    0
11851    1215804.4089221698  658145.72842325398    0
11852    1217420.294831292  657576.28250113328    0
11853    1217220.2489400273  657311.54229714023    0
11854    1217677.5881182393  657639.43341498589    0
11855    1232520.2253758316  659744.74039875763    0
11856    1232328.3106115218  659806.06348997657    0
11857    1232094.3557764785  659617.99900229147    0
11858    1232217.2408388662  660136.51465873397    0
11859    1233345.8961308319  659797.10739973688    22
11860    1233260.5291893478  659950.85815245891    0
11861    1233198.6083072426  659812.37933958962    0
11862    1233106.0739594663  659690.33164533041    0
11863    1233376.4291881961  660085.76363285584    0
11864    1233009.6208012886  659570.98056230182    0
11865    1233171.4149060836  659556.93912567163    22
11866    1232849.1696122475  659591.75894156843    0
11867    1233737.0692759913  660539.7390591891    21
11868    1232992.7285895064  660919.08093240717    0
11869    1212409.7865237347  666247.34448789619    1
11870    1212445.0629436397  666096.12210756016    0
11871    1212553.6520441498  666201.17898954614    0
11872    1212663.0563676222  666302.22164486849    0
11873    1212795.6489609312  666396.88360898301    0
11874    1212633.4396737525  666450.32381732413    1
11875    1212967.3660447048  666315.18480836705    0
11876    1212968.9193987793  666754.79281146568    1
11877    1212962.7522129342  666536.88215313596    0
11878    1213272.4343559227  666432.43038906716    0
11879    1213170.0086388325  666640.0590967224    0
11880    1213747.3564463996  666917.17819716653    2
11881    1213469.9644975984  666937.47516903002    2
11882    1213455.6860115267  666651.90888329782    0
11883    1218805.3847920105  661739.67291821819    0
11884    1219047.4693403898  661821.3605274749    0
11885    1219060.7583388733  662080.28158480034    0
11886    1215884.2006647713  660966.53245237842    0
11887    1216276.6562530641  659456.63752971974    0
11888    1215673.1852403402  659264.14098905993    0
11889    1219859.2739270304  659415.26739672082    0
11890    1217664.451616677  664757.17325580947    0
11891    1218342.5724425749  665829.51486826502    0
11892    1218616.2130376901  665783.21338930028    0
11893    1217248.0091818913  665256.81512110319    0
11894    1216136.0255400047  665359.59543558978    0
11895    1216195.0677750593  665075.5572337287    0
11896    1222102.2901346665  665973.67724911321    0
11897    1220703.4649672154  665238.99360831873    0
11898    1221146.7492669988  665081.20805757202    0
11899    1221402.1186608726  664910.53539457568    0
11900    1221708.2143970062  664105.76067878178    0
11901    1220078.528335948  661961.26351473352    0
11902    1220720.2774535154  663609.53857862065    0
11903    1220584.966496147  663241.9985232536    0
11904    1220708.0906142828  663405.34760742763    0
11905    1220491.852213775  663440.26011712942    0
11906    1220917.1198840947  663119.71527205396    0
11907    1220319.6474327433  663555.8128332739    0
11908    1220037.4046316803  663334.21750008361    0
11909    1220281.8574751194  663313.4033882888    0
11910    1220125.1520221981  662918.86896508874    0
11911    1220143.9621563558  663139.78594803007    0
11912    1219768.6032776078  663060.48685499677    0
11913    1220407.2928417556  663006.10517629178    0
11914    1219968.2504269935  663043.48775599513    0
11915    1219882.5170110988  663217.47019598144    0
11916    1219840.2674731901  662721.26743808773    0
11917    1219798.4494210607  663490.11960100278    0
11918    1219622.2530661807  663286.50671653473    0
11919    1221112.9105386655  663893.05347600498    0
11920    1217641.0349667703  662955.81977559032    0
11921    1217523.2498175213  663449.25477923895    0
11922    1217366.8499653116  663070.99504039553    0
11923    1217271.452959076  663256.7363755384    0
11924    1219647.9116716168  664587.83110610931    0
11925    1218518.7621886306  665365.67993296217    0
11926    1218818.8063172018  665997.41165323276    0
11927    1211888.970546907  661610.42490484507    0
11928    1211662.6758805872  661331.59910489607    48
11929    1211843.9883745427  661415.68924664764    0
11930    1211851.9122884166  661161.08876266098    0
11931    1211746.1648435169  659980.36196897156    47
11932    1211704.420362052  660485.47019469866    47
11933    1212035.4688473339  660767.10866508388    0
11934    1211883.316937475  660935.97045076021    0
11935    1211683.5481213196  660738.02430756227    47
11936    1212141.9139523732  661015.99907582009    0
11937    1211869.944604693  660626.28942989127    0
11938    1212020.4526248937  660281.68528586382    0
11939    1212101.2201646038  660522.13074784423    0
11940    1212459.1395588554  660268.11482167931    0
11941    1212403.5347642789  660734.58373778674    0
11942    1212241.8441276576  660341.1060822485    0
11943    1212213.5589951563  660683.59482739877    0
11944    1212358.4527297434  660523.14880710084    0
11945    1212265.6931547925  660868.75477241119    0
11946    1212445.0486005957  660915.12510426459    0
11947    1212723.3624027909  660756.08584364026    0
11948    1212325.3994495375  661061.47884647758    0
11949    1212642.3291119304  660937.31999965466    0
11950    1212229.5802244744  659944.65581992734    0
11951    1212574.0461648097  660587.7037467527    0
11952    1212295.5439041732  660141.03009969357    0
11953    1212099.791979538  660097.51872361277    0
11954    1212587.8603516603  659933.57268236903    0
11955    1211725.2926027845  660232.91608183505    47
11956    1211787.9093249817  659475.25374324434    47
11957    1211896.4274878518  660119.08192350576    0
11958    1211980.658381582  659864.83853988233    0
11959    1212927.632908266  660424.54918280453    0
11960    1212775.4625988419  660559.48928959528    0
11961    1212647.7411791668  660380.7555600435    0
11962    1213004.9506798577  660665.0098415683    0
11963    1212656.4310615042  660151.99126193055    0
11964    1213364.6201319722  660416.70093331451    0
11965    1213313.353182544  660727.08270447538    0
11966    1213147.3109671336  660486.57456860342    0
11967    1212983.9608584361  659929.19309228112    0
11968    1213167.9477306604  660177.89961445914    0
11969    1212786.5715667582  659991.16183080652    0
11970    1212782.6136425422  659633.19778478716    0
11971    1212944.9937110627  660150.4277215352    0
11972    1215269.2934007954  665544.71923202171    0
11973    1215641.8913426613  664688.78064144147    0
11974    1215804.2117296348  664901.47911668429    0
11975    1222071.7728345843  666945.09983770852    0
11976    1222819.8595362646  667697.25106932933    18
11977    1214233.4173628723  661697.69883081701    0
11978    1214691.1567121334  661808.58791848319    0
11979    1213816.5067867092  661794.32605309947    0
11980    1213294.920041075  661255.94782601984    0
11981    1213371.9554980863  661434.97214393388    0
11982    1213569.0690295326  661460.04383201303    0
11983    1213829.2989303493  661235.33722392039    0
11984    1213774.08532885  661434.4328394772    0
11985    1213991.5335075438  661387.53222918021    0
11986    1214162.5305722677  661042.68960284593    0
11987    1214024.9888652139  661189.30427428265    0
11988    1213850.8893103884  660888.15609405492    0
11989    1214336.6301270928  661343.83778307354    0
11990    1228150.5773194192  651124.50268734863    0
11991    1228184.2905159267  651306.75622283411    0
11992    1228285.4254725566  651449.54748850362    0
11993    1228043.4937016936  651431.27377769584    0
11994    1227966.2207152275  651618.27256833576    0
11995    1227621.842352011  651555.18897951546    0
11996    1227799.7334829504  651381.16365258442    0
11997    1227422.5111590824  651173.49576880212    0
11998    1227735.5055135046  651051.39146706124    0
11999    1227579.7813697297  651334.25958478509    0
12000    1227234.837488801  651514.39921878709    0
12001    1227380.1230035587  651372.27094589022    0
12002    1227425.2870743317  651563.75887502369    0
12003    1227072.041655085  651202.66645108128    0
12004    1227537.7609324257  651885.07204160583    0
12005    1227262.1232358806  651801.21545705677    0
12006    1229548.0729693735  649814.93051335914    33
12007    1228050.6709053051  650221.26750880445    0
12008    1226745.8005721883  649344.70945862844    0
12009    1226998.2953161541  649734.20523991156    0
12010    1226993.5906174819  650156.83310067235    0
12011    1226823.782561955  649570.74589181843    0
12012    1226932.1605515725  649944.80914364161    0
12013    1226410.3572741498  649586.90654602286    0
12014    1226978.320138253  649390.96081448137    0
12015    1227138.6173237383  649999.90316564881    0
12016    1227342.1917181085  649979.36135785235    0
12017    1227386.0007098841  650330.68142926181    0
12018    1227205.8516051609  650207.51582663925    0
12019    1226611.6532646872  650152.58136924752    0
12020    1226614.6309743556  649516.43264332355    0
12021    1226925.2366137838  649050.22896143293    0
12022    1227091.8996442766  650567.51955813251    0
12023    1226740.5502097185  650000.32473769912    0
12024    1226802.303726872  650183.29274091288    0
12025    1226455.3327096261  649889.55509754992    0
12026    1226928.3102749246  650389.56943944038    0
12027    1226668.5270525471  650406.63643665891    0
12028    1226395.7525638142  649213.28574469057    0
12029    1227025.5446916306  649209.10263683717    0
12030    1226569.8340145738  649717.87341079046    0
12031    1226815.4591235595  650657.48222470062    0
12032    1216518.7109165613  664559.98295825312    0
12033    1216759.8613593187  664520.85053292185    0
12034    1216382.49650783  664762.78955974465    0
12035    1216890.0580525489  664755.44401565101    0
12036    1216840.800883228  664216.19729415746    0
12037    1218101.7000720548  657465.43317618174    0
12038    1217624.3302303851  657853.41739427473    0
12039    1232243.5708071217  659499.69555414794    0
12040    1231646.3770417559  659355.14997509622    0
12041    1232060.3290836641  659899.88245695736    0
12042    1233672.3436219729  660348.54943501193    21
12043    1233491.0217483619  660516.48542178969    0
12044    1233588.0384198213  660803.29416858626    0
12045    1233364.3992710125  660719.1299987894    0
12046    1233340.8825085086  661120.82476996665    0
12047    1233125.4213738835  660720.3235805236    0
12048    1233415.0932726539  660923.6335879477    0
12049    1233641.2814889166  661064.25546021864    0
12050    1233203.531327269  660956.57434215874    0
12051    1233046.6398013064  661227.32560912624    0
12052    1232856.6409870707  660684.55490143818    0
12053    1213306.8737325137  666789.99673213752    0
12054    1213727.6311073985  666238.60926264222    0
12055    1219328.7975549889  662440.01226161874    0
12056    1216116.1089439043  660964.69993224309    0
12057    1216001.9911259026  661198.00554827333    0
12058    1215997.8361080277  660672.18156055943    0
12059    1215928.3271716407  659202.04286876088    0
12060    1215690.0907813276  659727.89007841609    0
12061    1219670.1378958696  659091.55347348715    0
12062    1217494.0975374023  664961.5617206234    0
12063    1218484.5452679771  664620.59652979404    0
12064    1218609.6780335037  665984.27562218532    0
12065    1216348.1555378172  665168.3518470542    0
12066    1221915.5406192029  665914.89677645185    0
12067    1222000.3507965007  665749.10907183937    0
12068    1221931.0008812752  666191.8266063449    0
12069    1222197.0212745764  665795.25447502558    0
12070    1222469.8247574221  665576.70911918778    0
12071    1222445.2169303666  666041.39006623102    0
12072    1221272.343209954  664731.20663318376    0
12073    1221634.2929489336  664605.89514243475    0
12074    1221472.2299172094  664723.17584440345    0
12075    1221454.395782341  664527.91909513867    0
12076    1221747.5394797351  664932.99644830113    0
12077    1221550.9649714995  664298.59818795498    0
12078    1221466.315213091  664069.03719926579    0
12079    1221850.5003617732  664382.32113545388    0
12080    1221648.0980516723  663686.68765275262    0
12081    1221614.9102998604  663905.29684188997    0
12082    1221365.637155571  663828.37590142037    0
12083    1221993.6350765494  663850.96848370938    0
12084    1221812.4718492702  663935.28928500391    0
12085    1221833.1619068859  663742.96688809432    0
12086    1222019.2747208406  664142.83023730828    0
12087    1221833.8577629332  663408.26494861371    0
12088    1222062.0527956178  663576.09106648585    0
12089    1219868.624021963  661844.12519085873    0
12090    1220069.436156892  661605.53851592098    0
12091    1219779.5339847165  662250.40543759358    0
12092    1219762.7637475103  662033.81996838539    0
12093    1219950.6715369455  662128.21224242414    0
12094    1220291.154153503  662256.53546118154    0
12095    1220033.2905016311  662424.86400521698    0
12096    1219520.1112021743  662161.55057750316    0
12097    1220412.121929164  663187.32604685123    0
12098    1220679.3303580934  662986.06603395334    0
12099    1219998.6851027505  663535.94855759142    0
12100    1219855.0341430421  663703.23879658908    0
12101    1219345.8161745402  662947.11938077991    0
12102    1217639.381801819  663313.71983240382    0
12103    1217703.222784403  663485.94227633672    0
12104    1217459.4088349375  663277.03233530628    0
12105    1217889.00112544  663513.81901396031    0
12106    1217572.6132570875  663666.87758218637    0
12107    1217770.2902291345  663671.96381514485    0
12108    1217663.026287026  663996.87692424294    0
12109    1217887.2031163047  663890.72254183539    0
12110    1218299.5822440118  663954.6852084765    0
12111    1217950.9617567458  664315.15355142963    0
12112    1218103.3469420944  663858.52690959466    0
12113    1217855.0278925388  664112.56041292136    0
12114    1218219.238345698  663668.13367704558    0
12115    1218103.3236444604  664106.88745857647    0
12116    1217567.3948618502  664372.77352542756    0
12117    1218411.150820958  663768.86412695539    0
12118    1218399.127009087  664285.67898530897    0
12119    1217671.9403722866  664199.25778794196    0
12120    1217763.490786456  664372.67100492062    0
12121    1217345.6797215696  664120.93435164937    0
12122    1217943.1445020039  664623.95204074495    0
12123    1217665.5367854154  664552.44650934264    0
12124    1217331.7297825788  664653.04339072888    0
12125    1218629.0643016482  663658.89289257827    0
12126    1218285.6411626195  664139.34361062187    0
12127    1218532.438492584  664065.1205165576    0
12128    1218177.6644312281  664340.25450069364    0
12129    1218940.6047669407  663691.27175019344    0
12130    1218358.0577661935  665456.67765218089    0
12131    1218296.2524722484  665205.52905195195    0
12132    1218632.1560202853  665214.23802982876    0
12133    1218468.0426436556  665061.83731550176    0
12134    1218231.7296600982  664953.85157271451    0
12135    1218553.814523218  664844.11623033311    0
12136    1218723.1664980028  664669.14047563251    0
12137    1218653.8615164687  664399.06224278058    0
12138    1212044.0331967494  661229.48455167259    0
12139    1212866.7728076628  660886.2010002106    0
12140    1211767.0370842493  659727.80785610795    47
12141    1211987.6576771345  659618.90141723957    0
12142    1212103.539275236  659247.05977166339    0
12143    1211983.7065202398  659413.69244087883    0
12144    1211808.7815657142  659222.69963038084    47
12145    1212293.9016495617  659510.36237480573    0
12146    1213238.6543854016  660891.98328545084    0
12147    1213475.4095660527  660899.86240421375    0
12148    1213605.0864802152  660615.84454883577    0
12149    1215077.6438717854  665414.37145260279    0
12150    1215214.7631345168  665233.29395005235    0
12151    1214957.5446901731  665797.01697673392    0
12152    1215544.7165430416  665318.73981693538    0
12153    1214959.8459449657  665587.56901142583    0
12154    1215132.3018770025  665694.20045079035    0
12155    1214726.3585651887  665689.74025471986    0
12156    1215432.2202470591  665831.54625596141    0
12157    1215182.8273307802  665980.0041391917    0
12158    1214664.2453925069  666126.34348568285    0
12159    1214325.9428630178  665779.29181803414    0
12160    1214761.1935377351  665917.41590476001    0
12161    1214511.5209668409  665669.10142711864    0
12162    1214960.9908323665  666022.94500536239    0
12163    1214517.2804701591  665931.19062495546    0
12164    1214328.3197594662  665571.92820575694    0
12165    1213983.6289543654  665671.67263096781    0
12166    1214127.1519157141  665522.19755392394    0
12167    1213905.0144911029  665452.54713683308    0
12168    1215136.607392543  666335.71204903675    0
12169    1214267.4879513357  666272.21766196261    0
12170    1213610.2496077456  665681.96312194795    0
12171    1213560.0272372006  665307.6549598726    0
12172    1214287.1455971554  666024.61987882911    0
12173    1213795.2518393178  665615.59087624075    0
12174    1213803.9398461734  665930.82581784541    0
12175    1213644.6478791197  665486.82442746754    0
12176    1213415.466447894  665547.02638046606    0
12177    1213755.7545591851  665324.7817839476    0
12178    1213678.6082091031  665079.45855202677    0
12179    1214452.2735573605  666162.30919555516    0
12180    1214767.1718308562  666779.0106825371    3
12181    1214533.6900664328  666509.48349256406    0
12182    1214109.1204583885  665870.73437897023    0
12183    1213426.5916320225  665739.0215552327    0
12184    1213579.1519538483  665905.9725369896    0
12185    1213297.8208948993  665376.15474193264    0
12186    1214040.8402152297  666129.64407708892    0
12187    1215935.9663796811  664777.49126583245    0
12188    1216040.1883602608  664948.54187893984    0
12189    1222059.6983279886  667137.87824119267    0
12190    1222279.7279781259  667054.8922659551    0
12191    1222601.9636109211  667303.35782141646    0
12192    1222357.6239638985  666655.51381048432    0
12193    1222403.347714761  667227.7564020179    0
12194    1222627.891066784  666936.54553782102    0
12195    1222544.9797363349  667625.80216826452    18
12196    1222439.0024482312  667432.78334058682    0
12197    1222258.4023240239  666843.44708322524    0
12198    1222043.1207504838  666670.3483232978    0
12199    1222458.5289948517  666828.94710720005    0
12200    1222721.449183332  666602.19434796018    0
12201    1214974.0893715105  661589.22317378211    0
12202    1214504.8938252055  661583.07803537755    0
12203    1227921.2362285035  651080.29264019802    0
12204    1227859.9449105079  650862.93441023759    0
12205    1227485.5419775513  650751.02635716565    0
12206    1228098.100866107  650620.29094659421    0
12207    1227655.8544346362  650863.48475919629    0
12208    1227543.6745094173  651021.87114689895    0
12209    1227756.9880074908  650525.12924984947    0
12210    1227281.3927357944  650936.50475623226    0
12211    1227261.0318186735  652299.74361932557    0
12212    1226773.3629936078  651703.00677444832    0
12213    1228303.8194648831  650329.07832261722    0
12214    1227605.3677180265  650242.20068913233    0
12215    1226219.242385597  650373.82157585106    0
12216    1216329.8778638123  664943.80036367208    0
12217    1217055.1219043424  664908.2123102044    0
12218    1217106.8427025776  664686.77010736871    0
12219    1217244.0983278388  664835.35177183617    0
12220    1217176.2176920071  664382.72905899223    0
12221    1216652.975405578  664204.36842547194    0
12222    1217915.9039717775  657616.43968811096    0
12223    1217847.2816903864  657342.20428920561    0
12224    1218258.9476100535  657848.71173391119    0
12225    1218052.3716133502  657784.34738490032    0
12226    1218209.0097274  657645.30350812199    0
12227    1218453.3140367002  657377.60755219485    0
12228    1218513.9514602404  657678.27269963117    0
12229    1218088.3198826632  658032.65497444745    0
12230    1218392.5254972626  658143.72969549848    0
12231    1217954.3245267475  658164.63987401535    0
12232    1217928.456692456  658345.56870245922    0
12233    1218066.2732825372  658457.56586454401    0
12234    1218231.7828886849  658399.38919388328    0
12235    1218166.0360670607  658601.7338788528    0
12236    1218447.7613841998  658356.82071523753    0
12237    1218298.5041235071  658714.64861860976    0
12238    1218587.4548874053  658681.77396346745    0
12239    1218458.0528955243  658830.6983865198    0
12240    1218773.1333732742  658158.7757511544    0
12241    1218580.558705251  658208.69354028953    0
12242    1218567.8408938507  657940.89807039418    0
12243    1218744.0252699105  658442.90113254404    0
12244    1231910.0352226433  659418.96615443088    0
12245    1233801.7949300096  660730.92868336628    21
12246    1233995.9718920647  661304.4975558978    21
12247    1232536.1872910559  661027.25000534439    0
12248    1232807.8790859208  660509.00952494459    0
12249    1232741.4250422027  660343.03846846439    0
12250    1232500.300590096  660260.41194815619    0
12251    1232198.4976938262  660582.02325792215    0
12252    1232397.9362783208  660466.76528088865    0
12253    1232496.3123529092  660739.79260138003    0
12254    1232202.6624703039  660359.04990142642    0
12255    1231831.2198426486  660463.63753639348    0
12256    1231966.3943039686  660231.8267452158    0
12257    1232032.7253784416  660467.40132920165    0
12258    1231925.7378054787  660799.31775791559    0
12259    1213529.2839493791  666404.21749327483    0
12260    1219249.0680057171  662219.69481351296    0
12261    1219079.641189096  662405.59299615503    0
12262    1219167.5583887252  662688.18648442067    0
12263    1215969.5074638696  661499.38927895983    0
12264    1215861.5913759125  659483.04478851636    0
12265    1215710.5816947117  658862.59280831006    0
12266    1215934.9783932702  659731.18688619928    0
12267    1215807.6548649436  660092.00533907744    0
12268    1215810.3731472271  659890.09072930901    0
12269    1215971.6612070948  659993.23767765425    0
12270    1215510.1530169232  659987.02460798842    0
12271    1216162.2474708913  660096.12187879707    0
12272    1215983.7348141398  660198.83851339144    0
12273    1215718.7233508292  660437.10221133078    0
12274    1219700.2317840948  659291.0806731917    0
12275    1219935.6331021681  659153.54296524997    0
12276    1217778.1190064799  665025.10071453638    0
12277    1222226.3833654739  666247.43653407169    0
12278    1221172.7867249267  663600.91729267279    0
12279    1221854.05409918  664205.61063054041    0
12280    1222331.6094495535  664542.15410172287    0
12281    1222225.9629123481  663114.16794737615    0
12282    1220369.592995113  662628.16425910615    0
12283    1219487.9801113063  661980.5905996795    0
12284    1219386.9097612861  661836.69332445471    0
12285    1219216.4304578213  661845.83187377756    0
12286    1219152.3996425376  661692.40202770545    0
12287    1219580.6062718763  662408.06364158727    0
12288    1219488.255936736  662688.49993919837    0
12289    1221019.6180056902  662658.9871049074    0
12290    1219538.8870562147  663072.13478500687    0
12291    1219283.4868279877  663294.85193810496    0
12292    1219643.4451162498  662863.17698282842    0
12293    1217476.5966672937  664773.7873122876    0
12294    1218834.2821692508  664496.69567985937    0
12295    1218905.8037657281  664149.00820584223    0
12296    1218973.4550094022  664344.12447892211    0
12297    1219182.3466380399  664162.4107586547    0
12298    1219192.1104995564  664384.55899929791    0
12299    1219239.655822492  664589.9555496648    0
12300    1215574.3131744331  665084.64373923535    0
12301    1215746.1397379788  665225.28665337607    0
12302    1215451.4420204705  666147.54199830932    0
12303    1213432.4875517518  665096.47151471174    0
12304    1213541.8647416786  664890.0157892612    0
12305    1213984.1232129615  666471.24306191364    0
12306    1222726.5784769014  667491.63774592627    0
12307    1222976.1608548162  667191.07053399121    0
12308    1223020.8619597277  667482.09567151067    0
12309    1222806.0084757889  667303.68751088833    0
12310    1222704.2724478578  667126.2668753576    0
12311    1222892.2520213544  666940.350570207    0
12312    1221868.6471217216  666471.74775838817    0
12313    1214876.8593539754  661755.96073727403    0
12314    1214728.8810801925  661587.7508791975    0
12315    1215067.3215435084  661755.30759311025    0
12316    1215249.1728380402  661544.01427955751    0
12317    1215102.2430177387  661931.98727016884    0
12318    1215265.4885769452  661997.52761510503    0
12319    1215407.8247716764  661892.66650018946    0
12320    1215400.7911935654  661685.4442068669    0
12321    1215631.9272085798  661814.71548139642    0
12322    1215559.2637821655  661363.57012278249    0
12323    1214622.3901800897  661321.64771252102    0
12324    1215776.447965702  662010.64561408071    0
12325    1215720.5394700498  661571.21598496963    0
12326    1214852.7140105458  661383.83491512469    0
12327    1215082.0858587718  661386.84417501267    0
12328    1214840.5665558942  660971.20485360362    0
12329    1215317.2153305365  661304.27870869904    0
12330    1214970.1741513924  661173.88315936155    0
12331    1215520.0400889707  660999.98580811825    0
12332    1214761.0471404248  661164.83501202404    0
12333    1214472.8239063921  661049.69019512821    0
12334    1215473.7678041796  661188.88558492612    0
12335    1215236.2911311532  661030.5968152954    0
12336    1215717.2928992196  661148.42146905139    0
12337    1214323.3731680296  661531.95391209784    0
12338    1214171.813310656  661426.74796612805    0
12339    1214187.6052624239  661252.86629115848    0
12340    1214341.8916159982  661167.67046240927    0
12341    1228162.1423827149  650797.48143910803    0
12342    1228315.5177640016  650641.87892974017    0
12343    1228503.8977363433  650730.37657427753    0
12344    1227850.3077319963  650321.46954020357    0
12345    1228027.9691441725  650426.29655831947    0
12346    1227241.6656689723  651120.67121585272    0
12347    1227072.8486439313  650987.88717022014    0
12348    1226716.6585755094  651093.9400159854    0
12349    1227132.2208327558  650779.96240901097    0
12350    1227298.4695155481  650638.36091047258    0
12351    1226929.1100999254  650834.40399026917    0
12352    1226695.2320289153  650859.67811822111    0
12353    1227492.7883190203  650527.35178667353    0
12354    1226317.8853474075  651012.30260993843    0
12355    1226556.8101443523  650640.52961294609    0
12356    1226529.5925664529  650992.93900605536    0
12357    1226455.8151900668  651353.31844443944    0
12358    1226405.7661750296  650806.11980035016    0
12359    1226020.2794298094  650763.63469304109    0
12360    1226327.838236162  650583.3545435277    0
12361    1226206.6110084804  650843.05437588668    0
12362    1225981.8847783317  651112.00686789397    0
12363    1226443.879125763  650390.30558704748    0
12364    1226109.6120512448  650563.54809716728    0
12365    1226348.9393245194  650145.23620937695    0
12366    1225733.4979204042  650515.60995481175    0
12367    1225946.6312601271  650342.8350419593    0
12368    1227336.8147115936  652050.64425337443    0
12369    1227032.5646339965  651678.34809248196    0
12370    1228430.1518683615  650177.66376283881    0
12371    1228481.4593909392  649953.71830270276    0
12372    1217617.3400760742  656910.46970337734    0
12373    1218171.4929917569  656997.08814072108    0
12374    1218975.9408449216  657720.31636016979    0
12375    1218567.4113870363  658497.88751909754    0
12376    1219229.2392270793  658349.05665139842    0
12377    1219015.1889935741  658791.38557353034    0
12378    1231781.1517763152  659723.18698734883    0
12379    1231846.714842635  659104.01257133763    0
12380    1233931.2462380463  661113.30793172063    21
12381    1233753.9353107368  661279.88604605256    0
12382    1233523.215900494  661263.18019139371    0
12383    1233846.9012985921  661568.06611802743    0
12384    1233273.6726360337  661394.85627191782    0
12385    1233623.4027504849  661481.08074492414    0
12386    1233222.2733207503  664912.12084292457    20
12387    1233673.8482604257  663299.49882358825    20
12388    1233899.6357302633  662493.1878139202    20
12389    1233591.0588524209  661894.80366227787    0
12390    1233669.6692948919  661692.82350019435    0
12391    1234012.5294651822  662090.03230908606    20
12392    1233362.1311512208  661689.41764204856    0
12393    1234068.9763326417  661888.45455666911    20
12394    1233830.5323475173  661930.37636317592    0
12395    1233730.165893967  662228.34767227189    0
12396    1233922.2534889842  661752.99537510623    0
12397    1232748.133212625  660904.26488427643    0
12398    1232769.0292942696  661184.3967068831    0
12399    1232669.2338382355  660664.92703990056    0
12400    1232227.099044756  660923.63113945606    0
12401    1213372.7011133744  666161.97376024874    0
12402    1218975.7974631265  662890.61577153043    0
12403    1216184.5410468869  661551.62626972201    0
12404    1216378.5281895692  661473.83616712783    0
12405    1216039.3090490368  659421.48453534045    0
12406    1215622.6504586223  659498.16586999642    0
12407    1215369.425749351  659697.26661325363    0
12408    1215260.250518233  659297.44145888044    0
12409    1215471.7435403732  659343.11076406692    0
12410    1215328.5688485897  659493.60476230306    0
12411    1215011.6269906547  659663.11603705504    0
12412    1215107.1844180385  659460.72856598359    0
12413    1215430.2210382321  659022.85687798925    0
12414    1214724.1464341597  659403.629334094    0
12415    1214907.0480885862  659489.98651553749    0
12416    1214672.5447024729  659749.78851375368    0
12417    1214953.4405108504  659154.86048096069    0
12418    1215889.4660805471  658987.4077874748    0
12419    1215938.6053756527  660415.15562185051    0
12420    1217869.5990243063  664828.2153545277    0
12421    1218085.5138223229  664790.58420961397    0
12422    1218170.929863011  664573.46961860976    0
12423    1218296.8953117991  664748.38551228691    0
12424    1217871.6672550349  665179.46001603245    0
12425    1217676.2467594887  665192.36633711425    0
12426    1222262.1673761478  666066.21093100251    0
12427    1222333.6134250038  665905.72337520088    0
12428    1222365.7386407196  665726.32040297741    0
12429    1222539.5791272696  665850.02733391162    0
12430    1222293.2998002633  665564.91141728102    0
12431    1222167.101419627  665424.86098547606    0
12432    1222395.153109415  665367.45534339419    0
12433    1222809.3945782522  666102.0217420765    0
12434    1222029.3540074078  665294.07251346426    0
12435    1221927.2037361227  665083.28522150603    0
12436    1222511.7816089694  665001.13062299369    0
12437    1222050.2962900617  664753.59783833649    0
12438    1222779.1223874807  665348.38701398345    0
12439    1222398.1821364216  665166.69157051225    0
12440    1222211.1367578902  664971.17890420579    0
12441    1222618.0874675242  665195.82583159755    0
12442    1222590.015514486  665415.86929382489    0
12443    1222783.1242275781  665658.31147518137    0
12444    1222951.3258612379  665005.34855752648    0
12445    1222813.453232503  665150.87907443312    0
12446    1222732.2006279735  664935.82791268395    0
12447    1223123.4640295433  665306.50283948833    0
12448    1222548.8830907249  664721.71462850331    0
12449    1222956.9257125659  664607.60249594448    0
12450    1222894.0984985533  664805.63040487794    0
12451    1222748.9749116465  664650.60747610603    0
12452    1223253.5496657612  664810.69110387773    0
12453    1222572.7011804327  664471.65993750643    0
12454    1222808.7599096547  664415.42206957669    0
12455    1222361.5241871851  664196.94639070786    0
12456    1223201.1938886112  664266.07239121164    0
12457    1222413.6936699753  664375.36727199366    0
12458    1222160.3658589283  664354.28417460539    0
12459    1222616.9965080365  664219.08490965364    0
12460    1223027.5165470992  664399.97282654187    0
12461    1222124.272877625  664559.16225556273    0
12462    1221910.8385068395  664589.24789716781    0
12463    1222898.9181838909  664135.54739553889    0
12464    1223269.55500023  664534.32655191189    0
12465    1222528.3257159041  666348.88686777127    0
12466    1221144.8578695427  663307.2361134697    0
12467    1221420.8598822167  663586.07212331763    0
12468    1221611.9576586287  663461.39580586634    0
12469    1221394.2104277203  663336.43430697429    0
12470    1221314.4505944927  662938.24878464441    0
12471    1221652.125237687  663139.20860536059    0
12472    1221289.6198148972  663150.3036301852    0
12473    1221112.6416527571  663022.09897523234    0
12474    1220918.7228486952  662878.30642940663    0
12475    1221146.9299037887  662819.84331022459    0
12476    1221349.7357752966  662528.52026522264    0
12477    1221333.5563593965  662733.51053123863    0
12478    1221681.2169242583  662657.81695436442    0
12479    1221542.3510863166  662856.25542076339    0
12480    1220694.6630030966  662642.36300391052    0
12481    1221827.8743597982  662908.25469219557    0
12482    1222074.2950524145  663320.39241764066    0
12483    1221885.7317644942  663177.32370472571    0
12484    1222491.7443256113  663468.52130807284    0
12485    1222260.6642806819  663457.45773279225    0
12486    1222385.3746440313  663271.45263204665    0
12487    1222359.5001476652  663811.88189032488    0
12488    1222566.2142967193  662928.74127130629    0
12489    1222242.9595994933  663653.38784100185    0
12490    1222709.806466761  663223.57884635252    0
12491    1222424.0729433545  663072.80488011311    0
12492    1222256.4991026993  662765.31281653396    0
12493    1220308.7051945755  662825.08860632125    0
12494    1220111.6107150447  662665.84358122165    0
12495    1220525.6190293639  662784.28179295664    0
12496    1219327.8286433162  662768.67691683758    0
12497    1219174.4533491833  662874.265433072    0
12498    1219180.9207200923  663097.01507622038    0
12499    1219674.5441572482  662594.42234889744    0
12500    1219860.3777371275  662523.31190954742    0
12501    1219054.2914003634  663944.91256086261    0
12502    1218792.0251288961  663910.16662923887    0
12503    1219276.8060650579  663979.32860667794    0
12504    1215360.3403133987  665994.50114988687    0
12505    1215541.7145161659  665977.17521736643    0
12506    1215257.5301113897  666159.33750780101    0
12507    1215642.1015497495  665787.71977328847    0
12508    1215625.4840042924  666130.66207892215    0
12509    1215555.6691776321  666316.50781085261    0
12510    1215494.7143880192  665606.36028199981    0
12511    1215347.2556923339  666350.49322861165    0
12512    1215431.5588945362  666659.86306429969    4
12513    1214084.0865461628  666312.33239705407    0
12514    1214223.6302238256  666511.00933840137    0
12515    1213899.3356677054  666307.01066532638    0
12516    1213749.220223828  666488.51275973942    0
12517    1214024.7483952008  666896.88122530305    2
12518    1213882.5383748685  666695.69668604888    0
12519    1214101.1101471293  666692.05007472821    0
12520    1213667.7125641555  666687.44665184326    0
12521    1227844.3712887617  667988.75687652803    19
12522    1223094.7393361945  667768.69997039414    18
12523    1222762.1527999979  666793.84933625348    0
12524    1223059.2816695089  666630.59541128518    0
12525    1222051.2278619576  666365.51310783392    0
12526    1222246.4336041417  666466.13083276642    0
12527    1215788.9162412551  662202.06016848073    0
12528    1215532.869384547  661550.52352515853    0
12529    1215157.3476313169  661202.74445482774    0
12530    1215335.3361500965  660618.28331524506    0
12531    1215831.965867212  661332.12236864166    0
12532    1225553.8591701235  650076.16246186406    0
12533    1227662.7202632136  652241.45355718501    0
12534    1226938.6297540592  652065.58271969645    0
12535    1226877.7864910816  651426.02406072337    0
12536    1217667.1540935677  657161.03946834302    0
12537    1217432.3646320363  657202.62698243256    0
12538    1217889.2794955273  656986.64380495623    0
12539    1217145.88618624  656905.71035894961    0
12540    1217244.3151608545  657097.40360356029    0
12541    1216973.6495861174  657175.40624645178    0
12542    1217381.6364893867  656905.77619816456    0
12543    1217263.8704019121  656515.21774769865    0
12544    1217263.810901681  656728.27006881696    0
12545    1216910.9148243652  656621.64534482418    0
12546    1217542.3866265714  656621.82169924269    0
12547    1218063.356659902  657220.34643043845    0
12548    1218299.4984611878  657196.9056125622    0
12549    1218566.4977367518  656884.95301822422    0
12550    1218549.0748641749  657140.27906526579    0
12551    1218385.9186426529  657000.63415209379    0
12552    1218284.5798625625  656643.66036817664    0
12553    1218980.7394790256  657041.47741104697    0
12554    1218820.3579799735  657387.72415625351    0
12555    1218749.9961618884  657025.73200841749    0
12556    1218638.7166730368  657314.43282034644    0
12557    1218659.4233824112  657524.84511817631    0
12558    1218740.5632039453  657747.45579172589    0
12559    1218891.4504241201  656651.37336065527    0
12560    1218854.4733937474  657193.25868724193    0
12561    1219159.5519874536  657347.00435045513    0
12562    1218882.3834221966  657943.17533343332    0
12563    1218877.2209850384  656859.90076716314    0
12564    1218711.4921749793  656743.84261196502    0
12565    1219229.7659120406  656779.20844081521    0
12566    1218502.6102323043  656674.25913291087    0
12567    1218685.832414624  656472.55835122545    0
12568    1219260.7754079001  657970.95892327954    0
12569    1219040.8112470689  658158.93467548466    0
12570    1218426.9286485559  656421.44240496878    0
12571    1219076.2473692482  657893.49303772883    0
12572    1219283.7803211238  657657.64898587379    0
12573    1219905.5724472653  658682.74960619095    0
12574    1218782.2078563869  658811.16808696487    0
12575    1218882.8493674132  658614.62049521599    0
12576    1218915.4076152216  658998.06305545196    0
12577    1218980.89129361  658393.38500894036    0
12578    1219227.7850453986  659021.44972537202    0
12579    1219142.322265056  658579.95177894307    0
12580    1219059.1815291506  659175.58178135694    0
12581    1219529.0169318146  658593.71026139113    0
12582    1219249.361386748  658788.25240992231    0
12583    1219337.983432678  658521.7986036347    0
12584    1219540.4001561934  658273.77438368823    0
12585    1219469.6072512767  658926.22725372063    0
12586    1231744.0757795  659528.06849189405    0
12587    1231408.7831074111  659603.44932834303    0
12588    1231596.9657006185  659657.1038309664    0
12589    1231579.5905452871  659995.25367000874    0
12590    1231449.0585080695  659819.02522813005    0
12591    1231222.3982602071  660123.36862225831    0
12592    1231075.3652036285  659777.29101441335    0
12593    1231914.0753566716  659600.08897507412    0
12594    1231947.4088572746  659769.39883866324    0
12595    1231827.7868232166  659987.02173741278    0
12596    1231711.1045323275  660214.72868536983    0
12597    1231457.7069899531  660217.42929129268    0
12598    1231586.6666152556  660428.21466930327    0
12599    1231673.7153459887  660689.13319421629    0
12600    1231200.4374792571  660519.66994276969    0
12601    1231278.1663000809  660325.21810354176    0
12602    1231396.2095141979  660485.16518167662    0
12603    1230950.6751749315  660307.07039499213    0
12604    1231355.4813877807  660826.71821784065    0
12605    1231989.0024823295  659239.24807867676    0
12606    1232147.8347711987  659139.45612558117    0
12607    1234060.6975460828  661495.68718007486    21
12608    1232896.2193878815  661668.77069827134    0
12609    1232925.8094852322  661089.62171937304    0
12610    1232407.3961768341  660898.62104442809    0
12611    1232342.4050369603  661092.48533040006    0
12612    1232294.3419685247  660745.99990569078    0
12613    1232520.6082049012  661301.40598405211    0
12614    1232005.0413822676  661199.06513169839    0
12615    1232110.822777177  660778.07121369406    0
12616    1232037.4728469211  660955.88655110099    0
12617    1232001.2640961201  660640.46134371811    0
12618    1232158.5615428321  661094.23033702571    0
12619    1231751.8738745123  661041.5495973716    0
12620    1232252.912464771  661349.28121547308    0
12621    1213227.1957054206  666048.25947558973    0
12622    1213118.9861626378  665910.66574459267    0
12623    1213170.8890954573  665731.88039942854    0
12624    1213423.7343909945  665991.88306962582    0
12625    1213586.2110675548  666102.27826297306    0
12626    1218825.6497885368  663026.26137297938    0
12627    1218689.6895769739  662887.37871055619    0
12628    1222273.0844187057  664757.14705029211    0
12629    1221781.0339216113  664738.24592691776    0
12630    1223135.3275242236  664665.19866359083    0
12631    1223073.4282811845  664836.27369324688    0
12632    1223196.1637191258  665053.53809553606    0
12633    1223627.138042961  665027.17567481252    0
12634    1223407.6723007802  664975.31483320578    0
12635    1223548.3850100264  664689.12041176041    0
12636    1223447.507486375  665297.0396713143    0
12637    1222404.4983158496  666217.37482745689    0
12638    1222589.2941527248  666167.42908005998    0
12639    1222755.6819547189  666324.30547570752    0
12640    1223097.3623488077  666289.23767484713    0
12641    1220960.6870587624  663298.85497272131    0
12642    1220789.497586393  663245.62096678989    0
12643    1220747.1306107275  662816.8971027988    0
12644    1222029.8295863287  663005.58362975297    0
12645    1222019.5140377022  662768.797536909    0
12646    1222132.2340547207  662374.48423586483    0
12647    1222135.3832670629  662588.652436262    0
12648    1221899.3006725493  662564.1403042305    0
12649    1222488.5829667433  662476.3515969743    0
12650    1221642.6075007953  662267.23930496792    0
12651    1221723.8622366805  662456.40423927002    0
12652    1221524.7400541948  662429.90233019053    0
12653    1221898.7233478825  662269.25990528148    0
12654    1221314.218920266  662153.32081560604    0
12655    1221357.9245738974  662338.46434313222    0
12656    1221117.3120162615  662423.30162165232    0
12657    1220867.0157408894  662457.64160846604    0
12658    1220577.8552634958  662360.60969823552    0
12659    1220944.1046625092  662090.17902921967    0
12660    1220971.2014103932  662287.68099993479    0
12661    1220766.1377990702  662278.89038334228    0
12662    1221121.5366709861  662166.44561347866    0
12663    1220540.4603363522  662016.6886613128    0
12664    1221159.157930823  661834.39232049719    0
12665    1222675.0094468109  663897.38430418598    0
12666    1222192.4997130462  663980.55558540509    0
12667    1218590.941051096  663868.21366496629    0
12668    1225606.9952124429  667914.45287399343    19
12669    1223294.5775208608  667564.3643533946    0
12670    1223280.5244181072  666949.80778443802    0
12671    1215359.4856617025  660842.13739199447    0
12672    1215070.4300118173  660787.67924065143    0
12673    1215609.3797529524  660701.94899781083    0
12674    1225978.5946659313  649841.15268518706    0
12675    1225709.9993562566  650268.77537531347    0
12676    1225312.8617613844  650431.11855027115    0
12677    1225806.3132020186  650031.10591140669    0
12678    1225486.9299502266  650290.01150340226    0
12679    1225516.8562133943  650504.84611033718    0
12680    1225166.1489479514  650072.21726674621    0
12681    1225607.3465232207  650869.09975620266    0
12682    1225359.4086556186  650132.70255757868    0
12683    1225212.6439474202  650262.6484003904    0
12684    1225362.9740083069  649782.32098159636    0
12685    1224983.6783682285  650512.89647500659    0
12686    1224927.2854348668  650231.42894160259    0
12687    1225313.3797540739  650748.76200851449    0
12688    1227534.8031706987  652086.20735949196    0
12689    1227743.759415328  651988.69072416937    0
12690    1227462.6563972665  652275.97617932386    0
12691    1227619.875808506  652590.12503575685    0
12692    1227388.0009055613  652509.75393971393    0
12693    1227968.0851165233  652002.27769775584    0
12694    1227370.8018794602  652934.04533343995    0
12695    1226976.6296753953  652615.07584759826    0
12696    1227443.4348658624  652724.49528993166    0
12697    1227166.4202530545  652500.33131361194    0
12698    1227754.2426006692  652949.58844147786    0
12699    1227190.2673420883  652754.10670068767    0
12700    1226940.807078239  652341.4926446263    0
12701    1227564.8679845438  652883.9485413963    0
12702    1227713.9626829955  652759.80026545713    0
12703    1227550.8213631792  653230.47168293328    0
12704    1227894.3433988958  652548.85333111102    0
12705    1227967.029226335  652805.25890472403    0
12706    1226853.14086127  653038.48673931533    0
12707    1226978.7858575326  652845.41805537429    0
12708    1227131.3048859541  653082.09208621923    0
12709    1226596.1408638125  652733.81871433265    0
12710    1226804.3057796713  652731.87012888875    0
12711    1226701.8384590109  652905.38749112084    0
12712    1226697.8151313479  652475.58049083396    0
12713    1226557.0078458469  653222.57285215554    0
12714    1226412.8409550968  652965.0861610896    0
12715    1226918.6657220831  651855.72925534414    0
12716    1227108.6566865731  651943.53115989361    0
12717    1226625.1188985098  651989.53165787156    0
12718    1227125.8139938875  652146.88845322235    0
12719    1227073.6391463235  651400.20691660105    0
12720    1226648.1972409189  651497.64344993501    0
12721    1226487.2280556012  651736.57661732007    0
12722    1226653.0380721013  651290.80770945561    0
12723    1226871.1582028472  651224.1082873866    0
12724    1217037.1748785155  657351.75069481216    0
12725    1216852.380706796  657377.70101291605    0
12726    1216743.082332721  656921.09285753581    0
12727    1217822.0195489053  656703.2648150149    0
12728    1219084.8523915361  656221.35512823099    0
12729    1217579.7202904248  656107.15150872828    0
12730    1219849.5512887398  658922.68299839739    0
12731    1219688.8209706503  658758.64788966684    0
12732    1220275.0167773343  658895.51657606033    0
12733    1220066.3839521173  658973.31045336265    0
12734    1220106.2188245803  658761.48260598944    0
12735    1220281.863577028  659232.53845522192    0
12736    1220136.3185712572  658389.74099577265    0
12737    1220375.103283847  658596.16467019753    0
12738    1219173.615596202  659326.38323240832    0
12739    1219469.3896740123  659130.77000645769    0
12740    1219428.3618480929  658747.29231877276    0
12741    1232875.4412467144  661415.34055919375    0
12742    1233080.7796091787  661526.07219471061    0
12743    1232632.373080136  661562.83599160775    0
12744    1233124.9726065518  661773.93000396795    0
12745    1233325.2163383148  661960.84058523516    0
12746    1232836.3973084611  662100.28505858104    0
12747    1232931.4319017015  661893.55614434218    0
12748    1233099.4787578373  662096.01680989377    0
12749    1232619.2679615431  661875.26086066687    0
12750    1231750.423061758  660856.99619853834    0
12751    1231544.5927755169  660950.89667532896    0
12752    1231498.0647779033  661339.5888081718    0
12753    1231579.9896585909  661152.26468313159    0
12754    1231781.4421143651  661276.23595916049    0
12755    1231267.8590652451  661127.3332725676    0
12756    1231986.8103723428  661508.76174792717    0
12757    1223574.3556604574  664313.814482469    0
12758    1223282.9637921639  665215.41259630618    0
12759    1223288.6633538906  665410.58039321715    0
12760    1223556.1681080586  665616.93881018984    0
12761    1223061.8592919218  665587.43313580705    0
12762    1222901.552155026  666483.32801892911    0
12763    1222189.7851052035  661935.05647995905    0
12764    1220738.4465018427  662074.50298270071    0
12765    1220735.2241063453  661717.62741073105    0
12766    1220855.5559428986  661894.99321285938    0
12767    1220971.8122101463  661686.61866132962    0
12768    1220802.1514869856  661310.209670073    0
12769    1220830.1747215127  661524.01912860177    0
12770    1221310.2753673499  661450.16320908058    0
12771    1220461.9830621453  661463.53549994295    0
12772    1221176.7293202586  661619.47132919321    0
12773    1221054.6516949877  661385.8565599682    0
12774    1221523.9649459859  661756.0392155702    0
12775    1222726.9998114137  664072.84093432897    0
12776    1222526.7863869607  664036.73603139375    0
12777    1222875.2228712637  663933.48920712119    0
12778    1222834.9247200324  663583.77884121693    0
12779    1223134.3855725515  664005.51572858624    0
12780    1223224.2398268057  667301.91149379965    0
12781    1224488.3071742835  667877.30087272613    19
12782    1223084.676561265  667015.35248600692    0
12783    1223127.9485279273  666819.279832887    0
12784    1223406.1749678985  666611.18947000196    0
12785    1215040.6839940578  660986.0722032073    0
12786    1214651.4840939792  660498.66820738639    0
12787    1215518.376895874  660509.38294163707    0
12788    1215246.4606734517  660260.62213163893    0
12789    1215537.2304763312  660247.8422114111    0
12790    1215798.866007329  660625.18456800142    0
12791    1226209.6588623025  649937.3025409712    0
12792    1226105.4046450101  650157.74930522055    0
12793    1226178.3940589724  649686.7191994437    0
12794    1225822.6719172746  649432.96387996338    0
12795    1226196.0002779805  649408.18984100933    0
12796    1225962.2365844536  649613.52663588466    0
12797    1225684.8727739723  649747.85986567033    0
12798    1224489.2247793516  650465.57883521426    0
12799    1224782.979571511  649756.1404729964    0
12800    1227735.7428333438  652427.39459285117    0
12801    1227848.4061960704  652275.84036249341    0
12802    1228204.5237815538  652877.79728143068    0
12803    1228008.3134532333  653095.14629643096    0
12804    1228466.3847458609  653218.47200942412    0
12805    1228386.8684249162  653008.61494899297    0
12806    1228774.2593936408  652981.82295527135    0
12807    1228228.8185539546  653188.49433804851    0
12808    1228584.6073201075  653053.68346411455    0
12809    1228619.8698481952  652860.5550057044    0
12810    1228798.4718607028  653331.91601545154    0
12811    1228818.1479658778  652767.0344602199    0
12812    1227963.9329319894  653507.09183700779    0
12813    1228938.5648245688  652539.73689621734    0
12814    1229152.0055172655  652947.13108709652    0
12815    1228048.2934467925  653307.81691392162    0
12816    1228309.3569983966  653506.56329315028    0
12817    1227792.1371289315  653316.87032034958    0
12818    1227341.6487997449  653154.62599392154    0
12819    1227320.5950395649  653539.0477624411    0
12820    1227160.9044014821  653337.51451639144    0
12821    1227389.1383240276  653350.01428269944    0
12822    1227601.7414005636  653468.45233257418    0
12823    1226579.19693311  653041.04628176021    0
12824    1226717.1991655643  653150.03456491826    0
12825    1226928.447688953  653268.87104961986    0
12826    1226725.7365896453  653382.03828165249    0
12827    1226965.1020024084  653572.66519260325    0
12828    1226377.2142477387  653581.80841955543    0
12829    1226521.3263843467  653429.32483830105    0
12830    1226686.3245057678  653677.12305980665    0
12831    1226196.677930278  653266.84172422707    0
12832    1226738.8005879344  652205.12321137218    0
12833    1226332.0757044065  652281.82171554072    0
12834    1226523.6231247417  652180.81852689513    0
12835    1226510.2435344278  652387.57638718758    0
12836    1226245.9746939498  652629.83795669023    0
12837    1226293.2606939236  651976.07944424008    0
12838    1216801.1584713086  657100.11537574593    0
12839    1216573.1612062778  657075.14785080601    0
12840    1216946.0416370665  656954.18286946369    0
12841    1216402.9263053781  656716.64229360188    0
12842    1216542.1489212476  656870.20345518913    0
12843    1216322.8646070291  657008.20425842574    0
12844    1216650.0630180771  656632.47364101443    0
12845    1218006.2966254514  656308.69518393325    0
12846    1218923.2536478597  656407.17628562567    0
12847    1218696.2362102699  656046.57385534688    0
12848    1219204.0035246969  656488.15199016081    0
12849    1218864.1665516838  656192.61391116213    0
12850    1218659.152166714  656258.78744741448    0
12851    1219022.1199259912  655841.41360160685    0
12852    1218374.6669297055  656099.727040097    0
12853    1218996.1459063333  656040.85186230438    0
12854    1218843.8231686642  655919.60346963594    0
12855    1219339.5067548924  655984.15926333237    0
12856    1218559.7004698596  655738.60763953847    0
12857    1218825.3503558284  655635.09938034753    0
12858    1217483.3801414887  656358.85225880472    0
12859    1232689.9147484009  661383.63064366055    0
12860    1233507.2509902425  662125.53618711804    0
12861    1233448.3989694035  662546.20534081827    0
12862    1233541.3117896938  662344.75262997777    0
12863    1233786.7419953444  662896.34331875423    20
12864    1233255.7566272269  662335.20328191691    0
12865    1233675.0626366516  662528.59310396388    0
12866    1233843.1888628039  662694.76556633716    20
12867    1233628.8882250136  662743.44812054897    0
12868    1233500.7755740548  663033.64979282313    0
12869    1232721.2362215468  661723.05077741353    0
12870    1232545.6546328  661715.6857505826    0
12871    1232318.1216388736  661917.41539393563    0
12872    1232399.9166660965  661531.97764831095    0
12873    1231695.8412856392  661558.79332769406    0
12874    1223378.3295501277  664363.76920739654    0
12875    1223413.2169733974  664091.08210175089    0
12876    1223517.0162265885  664498.39820423548    0
12877    1223848.6361244172  664541.79623248568    0
12878    1222891.7355692342  665501.92098499159    0
12879    1223305.2238886561  665665.67671480123    0
12880    1223511.4314027969  666057.0023477833    0
12881    1223089.1770255633  665920.06136424385    0
12882    1223467.3859718249  665830.2189769824    0
12883    1223865.0802987139  665870.64844310808    0
12884    1223303.1401267734  665979.78738467267    0
12885    1223660.1315758692  665910.45319066534    0
12886    1223729.6127054768  665720.67357515311    0
12887    1223828.5433717843  666230.05285662692    0
12888    1223814.7293126569  665381.4914254063    0
12889    1224003.7731708069  665609.20227526664    0
12890    1223331.809492507  666221.99593561911    0
12891    1223578.8043261948  666310.61893430015    0
12892    1223266.3788478572  666436.19963942561    0
12893    1222094.6917476568  662146.08483255852    0
12894    1221822.9178669134  661931.17741826305    0
12895    1222415.3700729574  662163.64892986801    0
12896    1221053.7123178013  660929.76100060251    0
12897    1223070.3015867088  663733.83269450034    0
12898    1223694.1675731882  667316.62199575477    0
12899    1214817.3399054129  660706.4004655045    0
12900    1225980.605415107  648987.62450147653    0
12901    1224743.5926868825  650414.61539980397    0
12902    1224926.8623849137  649972.00626495469    0
12903    1228769.8295973637  652358.08879328438    0
12904    1228590.3834174937  652425.75804323889    0
12905    1228490.4872534492  652594.58292582398    0
12906    1229282.7056797489  652561.91521523357    0
12907    1229046.8163634043  652742.63177406904    0
12908    1228958.7917077187  652917.21232439624    0
12909    1229017.3056679843  653178.17395520234    0
12910    1227719.7891365844  653138.73903309379    0
12911    1227578.1110929132  653969.47514059325    0
12912    1226366.4557239909  653160.16016110743    0
12913    1226151.1223559468  653005.90579808305    0
12914    1226396.6608475363  652763.98757534684    0
12915    1226210.8669059111  652820.97883604176    0
12916    1226434.3003616731  652570.0028856924    0
12917    1225911.7917547876  652667.25157799479    0
12918    1226003.7304403787  652856.17338681931    0
12919    1225829.3913856305  653175.19752269867    0
12920    1225690.1383399749  652891.95093778637    0
12921    1226461.9622577576  651914.41055418318    0
12922    1226326.1254556011  651804.39971852058    0
12923    1226317.0556397173  651557.60797624174    0
12924    1226025.3018560477  651835.79838521068    0
12925    1226177.6229722095  651313.63156386116    0
12926    1216044.7152701793  657162.14168240409    0
12927    1216387.0674487203  656265.17060011008    0
12928    1218198.6888204538  656431.93812522327    0
12929    1218046.0429279676  656617.14636725828    0
12930    1218199.1305420618  656219.45720620733    0
12931    1217954.8889228378  655944.64259669685    0
12932    1218174.7552321134  655995.17854060186    0
12933    1218147.0750824062  656794.46891863307    0
12934    1218148.5359733116  655605.69722087553    0
12935    1218368.298738275  655868.49979199981    0
12936    1218102.8656178331  655804.39485520159    0
12937    1217796.5538206173  655629.392095797    0
12938    1219087.1048397357  656645.16746992012    0
12939    1218478.4950008015  656247.96303804044    0
12940    1219358.0407926396  656259.35434382653    0
12941    1219265.4991586248  655412.30339645757    0
12942    1217114.6024210691  656073.41232097917    0
12943    1217742.9331058618  656313.91010152025    0
12944    1217868.9912261856  656491.01439345186    0
12945    1232972.0230722886  662349.93992224766    0
12946    1233367.4992372922  662801.43432952883    0
12947    1232510.8072890127  662197.1840899653    0
12948    1231906.4533947723  661912.54047959461    0
12949    1223862.7473747004  663935.51853437058    0
12950    1222958.2209851351  665763.38050623029    0
12951    1222768.068056904  665881.83570804121    0
12952    1224367.5180272185  665969.67313374998    0
12953    1223825.8804141497  665564.56069286074    0
12954    1223669.9409937041  665482.18501189048    0
12955    1223502.959312503  665456.6082939679    0
12956    1223642.7576209686  665288.65468533861    0
12957    1223830.6921578483  665146.22229596402    0
12958    1223870.3175753066  664844.91929149081    0
12959    1224160.4848227613  665286.77459528693    0
12960    1223827.1598649838  666653.11833527766    0
12961    1221771.8336718925  662120.17147715006    0
12962    1221536.2712316983  662043.49490056513    0
12963    1221347.0064974655  661940.22062881174    0
12964    1221248.0221485549  661157.40954595036    0
12965    1220985.3486921245  661157.95054979785    0
12966    1220641.5295283098  660930.60993478145    0
12967    1220847.7490430337  660992.39152715309    0
12968    1220693.4299570341  661132.43130260846    0
12969    1220598.5777068688  661312.57268719166    0
12970    1220280.207185013  661161.78207851131    0
12971    1220481.9966158862  661079.21950164752    0
12972    1220846.9818440317  660619.89359669911    0
12973    1220244.3351869888  660786.23218655458    0
12974    1220437.983200531  660872.03657431749    0
12975    1220483.2960378439  660508.3522126982    0
12976    1220595.6703606981  660707.01839439443    0
12977    1223346.2735886867  663812.13654711167    0
12978    1223201.1806416356  663268.89884267689    0
12979    1223456.9836112822  667380.18759367999    0
12980    1223404.790445751  667150.22246166097    0
12981    1223928.963155204  667858.7248720926    19
12982    1223649.2911456642  667849.43687177578    19
12983    1223601.6018982078  666889.45801889582    0
12984    1223542.4096881393  667619.20865009923    0
12985    1223796.1931631987  667641.31537646998    0
12986    1223680.7158955606  667499.22479925083    0
12987    1223917.374281612  667424.86168345634    0
12988    1224045.1330832879  667638.53550056648    0
12989    1223969.3705055995  667033.37461206806    0
12990    1224208.6351647438  667868.01287240931    19
12991    1223878.6191118236  667220.51779697277    0
12992    1223694.8456779316  667092.86365456367    0
12993    1224206.8535896577  667264.11298740748    0
12994    1224120.0043410494  667448.73747813166    0
12995    1224469.2634702816  667500.29291168542    0
12996    1224273.3229508563  667618.88495395717    0
12997    1214623.9005748834  660856.78833720856    0
12998    1214323.743215187  660777.32238070737    0
12999    1214964.6134916022  660418.73883169715    0
13000    1226153.3024071909  649164.61728704092    0
13001    1226002.4357161941  649316.59268198535    0
13002    1225777.597060194  649166.30453775381    0
13003    1226353.2521192238  648796.77143255109    0
13004    1226310.1288785932  649011.59715232789    0
13005    1226154.8912499857  648868.69433079741    0
13006    1225870.7379049049  648639.45112062839    0
13007    1226159.5862080965  648572.14520087244    0
13008    1226621.9821716498  648962.45626131597    0
13009    1224700.8307779769  650861.46311702591    0
13010    1224615.2515465794  650102.22610329825    0
13011    1225075.3270289446  649717.16429930483    0
13012    1229115.0924859107  652481.66318391415    0
13013    1229246.9196145087  652332.7814028603    0
13014    1228836.4803979374  653153.40354337485    0
13015    1228668.0610580961  653210.84660562233    0
13016    1228575.7815252095  653441.01736224594    0
13017    1228867.8554589665  653755.35809778771    0
13018    1228769.2583633894  653554.10833380348    0
13019    1229066.0069858877  653480.10774541332    0
13020    1228510.8630293936  653805.47984262463    0
13021    1226998.7499946456  654086.69514369592    0
13022    1227514.3125739177  653715.39748306642    0
13023    1226027.7904016718  653161.88237273286    0
13024    1225949.2651529463  653476.59150643635    0
13025    1226023.298678495  652165.68701456941    0
13026    1226168.909490465  651126.26652941981    0
13027    1226343.6189994249  651200.29617322329    0
13028    1226036.9051754775  651555.88300313218    0
13029    1216006.3241647894  656764.51028797938    0
13030    1216765.7432271622  656271.83824086934    0
13031    1216463.1323638437  656488.51305002964    0
13032    1216179.9067612221  656535.77557220857    0
13033    1216575.3990667721  656325.65364794584    0
13034    1216581.4247486957  655983.43668164115    0
13035    1216714.5467853383  656454.28701374307    0
13036    1216919.017724619  656413.25560243893    0
13037    1216962.6676820463  656212.17423707433    0
13038    1216804.2521592788  656044.12696085556    0
13039    1217179.9005303076  656297.4692466897    0
13040    1216793.3732282454  655644.66334442643    0
13041    1217344.4270015566  656127.97686484829    0
13042    1216738.5261943992  655846.03698594403    0
13043    1216432.3698719547  655654.49485461763    0
13044    1217015.1403663245  655813.22085663257    0
13045    1217429.6248638977  655750.94473430689    0
13046    1217447.5199472997  655953.13061789947    0
13047    1217235.5925933504  655870.00302860246    0
13048    1217660.2132786182  655832.42066903273    0
13049    1217192.288874096  655581.79111610819    0
13050    1217964.8600365848  656819.03321622883    0
13051    1218521.0617187184  655246.79866651027    0
13052    1219614.7886901733  656598.46039395791    0
13053    1219079.0488205666  655590.12804011267    0
13054    1217799.8986350023  656101.14373854618    0
13055    1233127.9018303966  662612.35284048831    0
13056    1232484.4764671468  662009.08023581456    0
13057    1232661.0860595508  662052.17776795616    0
13058    1232309.7256366289  662129.43672268593    0
13059    1232702.3444454456  662245.31093806319    0
13060    1232111.0984020834  662015.39421951433    0
13061    1232298.0414679092  662496.40655931004    0
13062    1232549.1689769847  662449.71775363386    0
13063    1232114.1911193281  661754.22584021604    0
13064    1231838.3964297832  662302.96627787396    0
13065    1232500.9462497053  662889.06036510982    0
13066    1231931.3474365608  662118.02444224979    0
13067    1232117.1870207647  662234.78496620723    0
13068    1231578.5117394796  662056.51998534915    0
13069    1232458.7526309197  662662.11135172122    0
13070    1232796.5422152726  662680.46699859085    0
13071    1232103.903438342  662845.48051032098    0
13072    1232772.9340015529  662457.80396770558    0
13073    1232253.6542135156  662700.24257912009    0
13074    1232299.1631777075  662896.98648817418    0
13075    1231981.3061164345  662569.25294827565    0
13076    1232413.184509834  663227.28149655065    0
13077    1232130.6400472273  663139.99064556416    0
13078    1231869.0852733809  661695.21837616002    0
13079    1231678.9349793685  661839.78809705586    0
13080    1231269.7022485284  661781.80074899178    0
13081    1231465.5672431644  661872.55526369216    0
13082    1231217.2979082768  662151.6326517266    0
13083    1231460.2589476872  661627.27788174071    0
13084    1231162.520151922  661454.86627329991    0
13085    1223661.4596135954  664081.14282770909    0
13086    1223619.4754709899  663811.18448520859    0
13087    1223929.9874417433  664240.38663243502    0
13088    1224131.2438330282  665844.33357775549    0
13089    1223675.096027096  664837.80268099229    0
13090    1224009.0692163939  665412.47870832926    0
13091    1224223.4664781129  665516.68362355442    0
13092    1224572.824981763  665297.39862049988    0
13093    1224365.0515389948  665354.31641734438    0
13094    1224374.652685636  664981.67626887793    0
13095    1224560.8066615423  665661.21508807549    0
13096    1224077.0468457367  665025.36412589718    0
13097    1223758.8463833793  666441.35993534722    0
13098    1224117.5715022865  666442.53303659649    0
13099    1223619.5516625545  666603.19475849916    0
13100    1221643.3821462994  661894.9181024729    0
13101    1221785.9656062468  661651.53464202932    0
13102    1221527.9720251318  660721.70679086004    0
13103    1223274.2900403216  663540.36734363949    0
13104    1214987.2910959173  660611.87954968307    0
13105    1215163.5546427001  660493.28187360126    0
13106    1225408.9925043236  649365.75103379122    0
13107    1225707.7644970233  648882.29929245519    0
13108    1226041.443404333  648718.58649726631    0
13109    1225888.2574551066  648825.34401383705    0
13110    1225903.6683290619  648127.31463205151    0
13111    1226436.7480886045  648528.98419736687    0
13112    1224654.7740897716  650631.5856899597    0
13113    1224868.3425002128  650708.34908311453    0
13114    1224297.0054506292  650822.81831434206    0
13115    1225092.6413684387  650708.95108290017    0
13116    1224447.0292056487  650673.20805139118    0
13117    1224496.0258042708  650872.36439298152    0
13118    1224124.1846569572  650499.49555303378    0
13119    1224616.4864930552  651206.17767115345    0
13120    1224328.3199884023  651121.52464107389    0
13121    1224979.7143172957  650998.38211266254    0
13122    1225171.012545597  650906.27493553807    0
13123    1225395.8885361804  650966.43250544276    0
13124    1225206.3824667188  651224.44314213376    0
13125    1225642.8400931002  651224.57590671303    0
13126    1224732.7682538014  649945.49283564324    0
13127    1224444.2075845329  649767.64050887304    0
13128    1224544.998000501  649927.12790845125    0
13129    1224290.0707859853  650131.05354075413    0
13130    1224346.8662195317  649940.74851633934    0
13131    1224003.2240695907  649941.81815128215    0
13132    1224174.3869922939  649729.83842764574    0
13133    1224744.3957018477  650231.72718651302    0
13134    1224592.8493028444  650322.50765493035    0
13135    1224400.1978970519  650292.03535527969    0
13136    1224303.7840080741  650451.10206614889    0
13137    1224257.3327960845  650636.17491978779    0
13138    1224165.8587581948  650296.69374356873    0
13139    1223964.3463675692  650788.39803960326    0
13140    1223809.0760767823  650329.06058857089    0
13141    1224095.2469064095  650114.34976486547    0
13142    1223982.914856273  650262.69386900472    0
13143    1223951.7210907659  650441.84307684028    0
13144    1223817.8422690867  650091.16534088331    0
13145    1223990.0545385673  650613.95401430933    0
13146    1223688.2301116786  650658.58987969602    0
13147    1223827.8274645002  650559.76169469359    0
13148    1223651.0179081135  650458.02016729373    0
13149    1223573.1641798625  650201.25834430265    0
13150    1223337.3758966825  650619.94785218989    0
13151    1223663.1362849118  649709.40274094895    0
13152    1223798.1043633078  649876.93602664699    0
13153    1223629.9201104592  650000.45552271546    0
13154    1223921.9840799123  649639.00301448395    0
13155    1223268.9078814865  650006.83949374419    0
13156    1225190.3509704857  649876.88390575303    0
13157    1229433.3732147333  653265.95769791072    0
13158    1228476.4067427295  653611.3295268513    0
13159    1228274.7902179658  653747.243532817    0
13160    1228136.7945729094  653604.602054446    0
13161    1227969.5036682556  653904.51559636614    0
13162    1227965.766509335  653705.81705805205    0
13163    1227752.5989316043  653809.2107670923    0
13164    1227786.7108315618  653608.09808103403    0
13165    1228296.9201503173  654165.13822379534    0
13166    1228349.2936670654  653952.83144501853    0
13167    1228672.7443512192  654145.23616635927    0
13168    1228148.3065702445  654015.8637032496    0
13169    1227975.3368537328  654336.68260772841    0
13170    1227958.8977257654  654120.78162281832    0
13171    1227687.0763307395  654250.05498771509    0
13172    1227780.5644933023  654014.77727779665    0
13173    1226904.3493055704  653834.75827684125    0
13174    1227265.1480181988  653913.01101457467    0
13175    1226109.3794014445  652001.25932458276    0
13176    1226222.1039337795  652140.44801822421    0
13177    1226143.2867997924  652315.21755855018    0
13178    1225906.9497084799  652000.03011393151    0
13179    1226264.4323647167  652449.7454422086    0
13180    1225886.4157294049  652398.43273588014    0
13181    1225694.0723333969  651721.86132984958    0
13182    1226064.5197538284  652520.24853098975    0
13183    1225806.0818766805  652194.56178746698    0
13184    1225639.0285167517  651984.52526632638    0
13185    1225508.5321202092  652429.57204487582    0
13186    1226520.0127286941  651171.42323744437    0
13187    1226163.3161474508  651701.32129829808    0
13188    1216214.4104357078  656821.64990927011    0
13189    1216064.656077012  656959.54738992918    0
13190    1215712.4068978489  656958.65692673461    0
13191    1215888.3156850848  657044.46918934362    0
13192    1215816.5842814054  657302.58035792829    0
13193    1217511.8364307636  655384.51791141229    0
13194    1216992.7239851046  655612.54791079625    0
13195    1216839.8486887969  655298.3767409022    0
13196    1217059.8966731769  655385.58171678241    0
13197    1217094.3296299051  654977.46493228641    0
13198    1217285.844999654  655375.89367625618    0
13199    1217015.5207279595  655176.32675008185    0
13200    1216725.506230471  654946.34717228368    0
13201    1217242.7896829424  655151.34650969226    0
13202    1217456.5982905913  654818.47839767369    0
13203    1217299.4579892997  654952.64475279942    0
13204    1217155.7786396926  654625.25523093063    0
13205    1217556.3819995392  655094.4558185573    0
13206    1218614.6042278104  655486.87184586585    0
13207    1219389.2241722688  656618.42586961808    0
13208    1219486.133934425  656429.11997672415    0
13209    1219703.307845644  656132.04807068617    0
13210    1219728.5965849946  656378.45362261613    0
13211    1219529.3012808843  656916.81292524422    0
13212    1220124.1283987197  656213.35949708417    0
13213    1219901.4467135875  656236.21344274143    0
13214    1220036.1386638409  656676.98227399285    0
13215    1219974.9294955661  655855.90939048631    0
13216    1219837.3140911025  656574.13177569176    0
13217    1219995.5830688768  656057.15133696399    0
13218    1219818.4515014244  655973.64963149745    0
13219    1220318.6179658766  655922.31726803235    0
13220    1219577.6794642708  655919.67618889653    0
13221    1219749.1640787544  655718.71537823905    0
13222    1220034.5172180799  656436.51348666905    0
13223    1219813.9511615587  656862.89889726858    0
13224    1219386.9509304978  655687.30236700736    0
13225    1220448.9822704773  656473.37937158078    0
13226    1220232.813141678  656555.41626658954    0
13227    1220279.3894361879  656352.32209553896    0
13228    1220329.5129130525  656140.10297967668    0
13229    1220476.7936160539  656872.48670657666    0
13230    1220684.8322317787  656013.16240568517    0
13231    1220246.438297601  656797.33662943612    0
13232    1220413.3325723647  656676.38624934189    0
13233    1220769.9077885363  656669.31187177741    0
13234    1220237.1282112014  657216.5002887809    0
13235    1220042.3185139475  656910.09334919613    0
13236    1220305.0428571354  657008.32352453808    0
13237    1219854.0637814265  657244.91560541838    0
13238    1220615.9348950523  657224.91400231933    0
13239    1219894.8580589639  657047.51780179352    0
13240    1220081.7056155622  657100.18377639935    0
13241    1219668.6320718436  657103.68006433907    0
13242    1220050.9763987754  657303.2406880561    0
13243    1220287.7396726045  657568.23503513436    0
13244    1219855.9033156771  657600.2682020478    0
13245    1219386.8700619  657168.38874064723    0
13246    1219588.6199532107  657401.07675440633    0
13247    1233274.2206729292  662511.78693050216    0
13248    1233117.7614064822  662440.87238495401    0
13249    1232956.9047001509  662536.42463056894    0
13250    1232977.4751238904  662720.61272606533    0
13251    1233160.9157626408  662816.86419209407    0
13252    1232820.5063944014  663000.25918079622    0
13253    1233278.9556890058  663006.60611589742    0
13254    1233448.0607905881  664105.80983325641    20
13255    1233049.5329092732  663017.74407134403    0
13256    1233353.4495332045  663318.82308989088    0
13257    1233173.2089907238  663196.83236510889    0
13258    1233061.248959545  663556.40012632601    0
13259    1232917.2832398308  663241.32270449388    0
13260    1232191.2224629759  661558.46788922639    0
13261    1232317.2249499003  661715.82723424886    0
13262    1232006.0628646747  662384.47515318182    0
13263    1232303.871715209  663080.18924061151    0
13264    1232479.342278183  663063.95134837937    0
13265    1232643.0711786032  662995.39664600953    0
13266    1232668.6825189474  662813.0180656584    0
13267    1232726.8563627643  663177.81339602568    0
13268    1232717.5290476799  663523.02397849644    0
13269    1231629.4092655201  663037.02535504522    0
13270    1231354.2702644668  661467.02107561543    0
13271    1223947.0734933268  663470.3662831689    0
13272    1224018.9598014134  666067.8511518765    0
13273    1224024.1418141944  666266.80494998884    0
13274    1224233.5301398896  666161.80677102448    0
13275    1224618.7976538991  666287.69381683331    0
13276    1224445.1625966376  666166.60625081055    0
13277    1224689.3545898225  665956.55601313803    0
13278    1224388.9322845801  666432.27530658827    0
13279    1224188.5063791613  664669.82330174593    0
13280    1224339.418471033  665737.27603179251    0
13281    1224242.4484308367  665116.59188412933    0
13282    1224429.2837749603  665167.4409523739    0
13283    1224716.3320965942  664994.64063943911    0
13284    1222008.1349896158  661764.43981123448    0
13285    1222084.0801789197  661339.95878627535    0
13286    1222330.6239539434  661603.1029865162    0
13287    1221982.0454920314  661540.73775527941    0
13288    1222199.0849532979  661743.14835752337    0
13289    1222455.0085457265  661851.72978484677    0
13290    1221700.4680841267  661271.32558138459    0
13291    1221881.9161026746  661363.53639335802    0
13292    1221714.7606905666  661467.82904050942    0
13293    1221943.9413192389  661016.85837804386    0
13294    1221515.8140944049  661383.5278343336    0
13295    1221493.3456471821  661138.50504340476    0
13296    1221352.8863428454  660916.99864053004    0
13297    1221706.7495358784  661033.62492400035    0
13298    1221807.2214208115  660768.84623761196    0
13299    1223044.2013152805  663456.75389610184    0
13300    1222852.0065099616  663376.01495563483    0
13301    1222966.523956866  663126.6436227815    0
13302    1225627.2877269944  649328.85142291791    0
13303    1225639.8969185713  649540.57974727952    0
13304    1225471.3022855972  649070.21227536071    0
13305    1225262.0520666766  649560.34532504424    0
13306    1224908.9154887558  649329.44070520834    0
13307    1225453.9339117643  649607.03570088639    0
13308    1225160.1845303969  649330.64857866371    0
13309    1225033.7068009712  649505.45392605616    0
13310    1225036.5508783604  648913.81198150909    0
13311    1224809.6354764926  649532.07347105467    0
13312    1225035.4592986684  649140.88890074217    0
13313    1224608.8381977123  649621.80487263016    0
13314    1224659.8472077162  649025.54221550305    0
13315    1225240.8594861478  649028.33519510692    0
13316    1224345.4957369261  649490.36515397043    0
13317    1224865.0612162212  649026.52869816695    0
13318    1224761.6365393742  649196.13258769817    0
13319    1224764.0883420669  648686.09396559908    0
13320    1224484.6325311754  649245.7542702686    0
13321    1225328.4153891508  648632.63191315369    0
13322    1224632.5902588572  649405.42257821735    0
13323    1225391.541825481  648854.13792001118    0
13324    1225198.1650490218  648789.49975305994    0
13325    1224992.631288995  648689.50288891851    0
13326    1225565.9990271814  648684.67167849978    0
13327    1224884.0067715314  648309.21203953505    0
13328    1225529.7623108998  648281.75267810433    0
13329    1224880.9260585227  648515.75092694408    0
13330    1224540.3302329236  648407.37821479363    0
13331    1225145.8819460412  648416.41056247149    0
13332    1225484.3842601581  648488.92275871977    0
13333    1225337.5119615919  648348.19740192138    0
13334    1225728.3585806596  648433.80753278395    0
13335    1225132.5182409154  648075.59017092688    0
13336    1225364.3875092561  648114.60901825211    0
13337    1225727.1151765203  648229.71248275356    0
13338    1225578.8759156433  648067.77467440476    0
13339    1225903.6505325907  648330.68829257763    0
13340    1226180.0056831276  648229.02564434544    0
13341    1225394.0495980291  647735.88711225474    0
13342    1225278.3646532029  647917.34903089458    0
13343    1224943.3115393138  647754.87183063361    0
13344    1225167.5741965803  647719.11181771383    0
13345    1224996.205624802  647365.49582984508    0
13346    1225302.4467016379  647435.41809587902    0
13347    1225028.5226723482  647568.16653284337    0
13348    1224676.6356985103  647520.3650770816    0
13349    1226687.8276685334  648678.00499359751    0
13350    1226480.4485152061  648327.36413344892    0
13351    1226292.8928608291  648392.25810465228    0
13352    1224503.3969029956  651058.34595076635    0
13353    1224681.3632225159  651039.37572133658    0
13354    1224855.873997259  651203.26846117026    0
13355    1224740.9994150919  651601.27370008349    0
13356    1224738.3703031407  651384.93436674401    0
13357    1225017.662908427  651436.7498306398    0
13358    1224381.314024084  651497.45921483554    0
13359    1224111.2569010623  650993.28562744393    0
13360    1224045.060735855  651353.15706543147    0
13361    1223732.6251288471  651109.66252295859    0
13362    1224144.1894991929  651185.36728909728    0
13363    1224293.363418757  651318.15480132506    0
13364    1223933.5203051497  651174.08283340116    0
13365    1224480.9795321734  651337.34975603584    0
13366    1224189.5984754586  651480.27507403097    0
13367    1223745.2990128021  651415.59557175322    0
13368    1223886.1901337798  650976.22565264185    0
13369    1224573.6428232917  651506.10593286017    0
13370    1224256.990344869  651806.44814179128    0
13371    1223943.1648036989  651614.74770247028    0
13372    1223674.4806020188  650887.6641425346    0
13373    1224468.0338893076  651711.8571884319    0
13374    1223335.807695193  651094.98101252504    0
13375    1223499.2640128757  650762.1975131355    0
13376    1224519.2040991643  652108.75091006013    0
13377    1223536.4321253742  651042.43462664238    0
13378    1223568.1701106245  651269.7044434027    0
13379    1223272.2994883549  650857.2521876113    0
13380    1224433.7203398605  651918.02658691164    0
13381    1224684.4250145692  651853.81214423501    0
13382    1224160.5232088263  652154.99446451792    0
13383    1222910.2505963563  651081.31933303713    0
13384    1223125.0909476457  651023.92568095564    0
13385    1223415.0627183004  651636.06790621893    0
13386    1222911.7378732248  650630.79952688201    0
13387    1223111.7995792357  651404.97272830713    0
13388    1223546.9074841852  651475.9929317974    0
13389    1223708.3301941177  651650.19555101253    0
13390    1223330.6977871698  651432.24719923257    0
13391    1223126.1946047673  650689.61039439391    0
13392    1223060.3608089976  651212.42315066175    0
13393    1222770.2880913317  651393.06040663074    0
13394    1223874.6103459219  651956.17780563072    0
13395    1223197.8232569413  651606.61668414786    0
13396    1222965.2076246212  650856.23840171518    0
13397    1223109.5645102113  650329.83389232645    0
13398    1222934.0339613161  651599.98095994815    0
13399    1223257.6563944321  651981.20421195845    0
13400    1222565.0283244823  650832.09277637966    0
13401    1222768.7619991051  650783.77107968368    0
13402    1222710.9499853037  650993.67563514994    0
13403    1222586.8492148647  650470.4426422331    0
13404    1222370.3236170055  651154.60662688327    0
13405    1223416.7028145893  650388.88366346702    0
13406    1223367.0941722845  650188.46537408489    0
13407    1223446.3802073805  649832.08739665977    0
13408    1223068.1633753881  649625.47665766708    0
13409    1223391.7119219201  649482.67903894617    0
13410    1223226.0903829348  649785.86199105298    0
13411    1223484.7743849177  649647.09939231374    0
13412    1223656.7556812426  649441.21040325298    0
13413    1222881.4450682525  649967.2788647752    0
13414    1223026.3885406258  649824.5570312253    0
13415    1223072.2156212463  650016.05822968797    0
13416    1222717.4949671468  649655.8159174301    0
13417    1222925.4428146428  650192.6393379122    0
13418    1222905.67543789  650411.31547504268    0
13419    1222598.5679281557  650139.48088582791    0
13420    1229239.8797215186  653153.14943602157    0
13421    1229506.8902341649  652917.50996743655    0
13422    1229245.5037215666  653365.85114879033    0
13423    1229504.9141532853  653627.11434576311    0
13424    1229269.410344695  653601.53106228472    0
13425    1229344.7829806365  654004.4399112612    0
13426    1229075.2463382906  653695.70850060298    0
13427    1229367.9031117845  653791.61035226309    0
13428    1229708.8998633204  653936.32413443353    0
13429    1229177.3614234512  653878.58197447343    0
13430    1229052.5857783966  654218.84841231792    0
13431    1227687.7060459328  654770.87865567277    0
13432    1226534.2107226157  654117.10351539857    0
13433    1227373.0390708731  654210.56500923412    0
13434    1227076.0299286344  653914.08397704782    0
13435    1227056.0701652761  653731.83917016606    0
13436    1227144.7153087703  653575.59713157441    0
13437    1227266.9141884239  653722.18072903994    0
13438    1225890.2424376314  651690.0015863931    0
13439    1225752.9490500793  651464.51384408434    0
13440    1225574.5368558678  652207.27048712014    0
13441    1225693.3111537546  652363.48608156154    0
13442    1225760.0004405205  652545.97326368513    0
13443    1225173.2870979209  652209.08297846152    0
13444    1225373.099178537  652028.23924196686    0
13445    1225374.1855155937  652268.73279417399    0
13446    1225174.9250830356  652571.70050699776    0
13447    1215714.2114060018  656362.59956444462    0
13448    1215920.7742368858  657452.52469394321    0
13449    1215358.4685988843  657373.32193848828    0
13450    1217393.5918603472  655550.42445516377    0
13451    1217598.6796090635  655571.50338803348    0
13452    1217761.452246598  655382.24619616242    0
13453    1217963.2619996243  655479.6492611306    0
13454    1218023.7074295422  655096.64546103077    0
13455    1218206.2199660265  655321.72111081588    0
13456    1217935.6823080534  655279.02501996537    0
13457    1217753.8272290223  655170.72109200875    0
13458    1217758.3007140302  654865.42128109396    0
13459    1217417.487212478  655221.57692925446    0
13460    1218387.4060711688  655569.17493564566    0
13461    1218915.0711461701  655231.5368024694    0
13462    1219499.662686001  656111.59462775139    0
13463    1220089.3116676221  655413.32703599602    0
13464    1219650.5775126158  656778.72504943877    0
13465    1219225.3780830819  655813.6992715965    0
13466    1219591.5050018816  655432.64345820982    0
13467    1219175.0900234848  657132.8212500622    0
13468    1219310.8452069268  656972.77840357646    0
13469    1219372.7787924418  657384.41309216002    0
13470    1219467.2993647354  657566.31260954018    0
13471    1219661.7222417279  657581.90675127646    0
13472    1219483.9709042031  657829.84760457533    0
13473    1219773.9163492697  657431.36003520119    0
13474    1219736.8412676912  657823.44665446272    0
13475    1219950.6539290368  657449.92478424404    0
13476    1220133.7822116036  657467.52362862264    0
13477    1220028.2694642905  657603.86920638173    0
13478    1219938.2118797009  657787.52652467566    0
13479    1220296.0264523749  657387.5340023184    0
13480    1220425.9445289739  657247.13645904139    0
13481    1220547.1348290741  657489.5901251788    0
13482    1220186.7688542565  657795.49926010729    0
13483    1219896.3053772424  658135.00443133339    0
13484    1220501.1184454889  657066.56378318265    0
13485    1220739.2823520841  656938.15036446869    0
13486    1219615.7723900222  658038.64366724156    0
13487    1220499.0791955346  657798.19288107764    0
13488    1220056.5066955891  657978.05906215822    0
13489    1219419.1216444951  658105.25218180206    0
13490    1220340.7996281576  658043.15803413326    0
13491    1233070.0806573525  663361.93548815721    0
13492    1233560.9545255068  663702.65432842239    20
13493    1232897.9496888171  663451.5509506847    0
13494    1233230.9801205557  663466.67567547527    0
13495    1232877.4036032089  663663.14213761489    0
13496    1233617.4013929663  663501.07657600532    20
13497    1233274.5339589899  663754.46808176278    0
13498    1232565.3575317662  663857.91875427915    0
13499    1233417.9552565971  663553.91876620287    0
13500    1233062.0266983805  663769.43217817624    0
13501    1233186.212874592  664016.6127638591    0
13502    1232837.3141467203  663946.26433211577    0
13503    1231564.1161090585  662621.65740592615    0
13504    1231813.3204253751  662809.12937493727    0
13505    1223834.7102962728  663690.21602697228    0
13506    1223585.6061827627  663498.95805994025    0
13507    1224255.0778015063  663766.42324734246    0
13508    1224033.392960046  663791.76092265674    0
13509    1224123.2335695201  663595.34266280883    0
13510    1224176.4523394066  664060.96527493361    0
13511    1224242.1796363837  663241.04145577026    0
13512    1224424.6324399055  663499.41144608997    0
13513    1224743.3673676893  666740.76157103421    0
13514    1224266.729858164  666793.95391993877    0
13515    1224206.3457702752  664870.6571244027    0
13516    1224405.546145177  664751.7536091425    0
13517    1224429.2533082333  664360.50871098007    0
13518    1224356.7940947111  664552.45881159988    0
13519    1224132.9056421046  664410.76274296502    0
13520    1224702.8113197936  664573.42544097663    0
13521    1223989.0845694295  664684.08732437808    0
13522    1221190.1378228646  660614.84902063897    0
13523    1221549.1068995278  660916.78592658765    0
13524    1221745.6842470234  660282.69378567056    0
13525    1222775.5150801649  663009.19234606531    0
13526    1222790.6346369365  662657.37440139696    0
13527    1223009.3176337432  662843.00627313275    0
13528    1225646.5073183009  649047.94950384961    0
13529    1224207.4537867096  648845.40130085871    0
13530    1225149.8751710074  648598.19727292331    0
13531    1225061.5139571133  648249.04647146433    0
13532    1224906.7715874736  648084.44178833184    0
13533    1224659.2151293328  648172.90711692453    0
13534    1225989.5734653124  648495.98284030566    0
13535    1226144.0186325877  647900.55417840881    0
13536    1226540.5503916291  648793.75955278752    0
13537    1226854.52795077  648526.4304680085    0
13538    1226816.6406802183  648857.6696291347    0
13539    1225365.665795621  651556.06001582835    0
13540    1224129.283809352  651662.78549896565    0
13541    1224056.0690542045  651856.461177347    0
13542    1225048.0066067453  651802.6565520264    0
13543    1223244.3732282275  651262.26749553287    0
13544    1223060.4615591168  651820.6299268927    0
13545    1222893.0641632767  652227.57462496695    0
13546    1222669.8956063648  651897.87190710928    0
13547    1223038.1783951083  652049.36566058523    0
13548    1222852.1625059112  651793.43649285217    0
13549    1222845.8099412064  651993.61884561495    0
13550    1222636.8385061834  651628.90946205624    0
13551    1222643.2630884305  652156.27919178782    0
13552    1223260.8283244858  652378.85504012159    0
13553    1223099.7772759872  652247.71237134747    0
13554    1223289.0039159874  652179.79222787835    0
13555    1222963.0621025253  652580.06828828121    0
13556    1223568.7769697413  652033.86134032579    0
13557    1223538.3116869871  652316.60496147885    0
13558    1227765.9931796945  654510.3717859434    0
13559    1226676.6688591733  653920.07009046013    0
13560    1226768.7562258218  654136.66704741702    0
13561    1226395.813383257  653867.023750038    0
13562    1226966.5326611747  654492.67080146645    0
13563    1226624.5560643275  654449.71568325034    0
13564    1226921.372040228  654284.82077694207    0
13565    1227149.165198308  654259.61258704192    0
13566    1227340.4723567639  654597.36803390295    0
13567    1227296.9985689812  654398.93529448973    0
13568    1227511.7268560762  654376.08288748353    0
13569    1227156.6844411623  654533.65473565843    0
13570    1226993.7177682368  654828.15334898664    0
13571    1227187.1078437127  654742.8298650923    0
13572    1227432.3125012529  654847.77687200485    0
13573    1227203.8584176111  655042.62193500332    0
13574    1227540.7299161868  654145.44104174909    0
13575    1227400.3143727088  654032.3378925717    0
13576    1227230.9857763217  654097.62501186109    0
13577    1227428.961877191  653863.67008958792    0
13578    1225848.0095257519  651275.6562235629    0
13579    1225544.1611896832  652682.43192019686    0
13580    1225270.0769319336  653029.00576963066    0
13581    1225374.4356242949  652577.40691543871    0
13582    1225348.3398360154  652809.23391760362    0
13583    1225487.3065232849  652982.54233137169    0
13584    1225066.7186685547  652832.76688638597    0
13585    1225455.6594288144  653365.61961739243    0
13586    1225413.6694791256  653169.30483842827    0
13587    1225621.9376416847  653143.52304555208    0
13588    1225109.4647310132  653337.01949750446    0
13589    1225693.4494474218  653370.35464627843    0
13590    1225566.7107592567  653761.89149594447    0
13591    1225570.9899007096  653546.99584267545    0
13592    1225787.4877465705  653658.79731917789    0
13593    1225246.4973954074  653648.02476886311    0
13594    1226090.8564326493  653765.23056196212    0
13595    1225827.0765528176  654031.52197041456    0
13596    1225743.2295545605  653851.9629666853    0
13597    1225933.0336722638  653872.68803123198    0
13598    1225523.9377707567  654063.71974018705    0
13599    1226166.5803603763  654046.07213774952    0
13600    1224848.9278437477  652141.43090001761    0
13601    1215920.9235987959  656519.46967057849    0
13602    1215598.2026621485  657407.08933668549    0
13603    1215422.3991972196  657787.33035416808    0
13604    1215512.6562134379  657146.54419973202    0
13605    1215452.9154785054  657570.67782839062    0
13606    1215617.2355903292  657704.29832888593    0
13607    1215869.5966668851  657839.52399671322    0
13608    1215613.7299204413  657966.18205990305    0
13609    1215078.7676927093  657628.45320421841    0
13610    1218308.4403043385  655052.29422997136    0
13611    1217857.4423147836  655019.55665913434    0
13612    1218068.274157729  654782.67926279246    0
13613    1219059.040595832  655382.48974131851    0
13614    1218857.5708521125  655430.50796534598    0
13615    1219205.3918917987  655098.77806299191    0
13616    1218719.7599354209  655282.88822213258    0
13617    1218680.1939649056  654935.69550464675    0
13618    1218776.2390987619  655100.60105344199    0
13619    1218989.8218867425  654865.78274911945    0
13620    1218955.7497410111  655049.3348701084    0
13621    1219965.3266616107  655617.35581321479    0
13622    1219839.5647897408  655401.24611111626    0
13623    1220246.6185425953  655648.60612906341    0
13624    1219663.5245039789  655006.02832328284    0
13625    1219979.1943353913  655102.23612277419    0
13626    1219691.8989221067  655230.20497491001    0
13627    1219440.4110372297  655231.59939712123    0
13628    1219423.2307660354  655506.96084224666    0
13629    1219576.8756702677  655627.18618329312    0
13630    1221019.9766456182  657471.22087706812    0
13631    1220825.729543023  658182.86902108719    0
13632    1220161.8781224121  658171.20837786025    0
13633    1220396.029478265  658309.35572501493    0
13634    1233504.5076580476  663904.23208083934    20
13635    1232134.5693972756  663628.18976870738    0
13636    1233335.1670556692  664508.96533809043    20
13637    1232738.4425447856  663787.86495394958    0
13638    1232588.58336292  663666.45255279506    0
13639    1232354.1736774701  663735.15926392598    0
13640    1232492.3621529425  663450.27050725534    0
13641    1232256.4118252245  664146.36968039721    0
13642    1232249.6509332145  663410.89952359186    0
13643    1232137.5892957218  663900.8943721028    0
13644    1232367.35206161  663955.51855639031    0
13645    1231939.2907874552  663385.64612578251    0
13646    1232607.0853164401  664192.22551217338    0
13647    1231762.6205795922  662515.12480465078    0
13648    1231539.8774693119  662338.28792122274    0
13649    1231935.8567307165  663009.20503567299    0
13650    1231603.8333580007  662828.22991675814    0
13651    1231270.7471037975  662974.99468581786    0
13652    1231376.9821698274  662764.74167293939    0
13653    1230975.575924675  662693.88747011393    0
13654    1231322.5221986822  662499.60128355806    0
13655    1231165.5858284503  662789.89424974355    0
13656    1230911.543547319  663056.64641930535    0
13657    1223482.3742687567  663668.10654269531    0
13658    1223408.5294223388  663358.63640277565    0
13659    1223453.5072620278  662970.28983467608    0
13660    1223683.3742426201  663193.69068030815    0
13661    1223372.4096124582  663157.6751250457    0
13662    1223176.9568474747  663044.19089564716    0
13663    1222804.6719764564  661521.37059024291    0
13664    1224612.7061487136  666533.02758374147    0
13665    1225022.1526493882  666420.45141179266    0
13666    1224502.7902860306  666747.12169030972    0
13667    1224834.419240026  666538.53260028467    0
13668    1224633.291969328  667130.26268898614    0
13669    1224830.411186947  666323.88413827016    0
13670    1225086.2477177978  666054.54385087115    0
13671    1225123.8900147963  666790.47650265414    0
13672    1224427.6098557906  666986.52449533262    0
13673    1224941.1316003192  666708.19108251017    0
13674    1225100.7152833648  666597.8495826585    0
13675    1224914.2879315992  667011.91038667771    0
13676    1225355.2979144859  666379.00977659947    0
13677    1225377.4359606886  666662.26514754281    0
13678    1224628.2002653929  666918.51919290132    0
13679    1224424.2208798169  667210.40341710707    0
13680    1224198.9142137514  667014.09700616752    0
13681    1224259.015014207  666589.863337541    0
13682    1224054.5551418131  666699.78324696457    0
13683    1224257.8597376212  664248.709101215    0
13684    1224528.7550205346  664020.69170957373    0
13685    1221339.8043545121  660729.13918679662    0
13686    1221171.8532624568  660793.93479691271    0
13687    1220985.6540583624  660751.27197116939    0
13688    1221423.5740890137  660464.29853579949    0
13689    1220802.0108412036  660806.23597454082    0
13690    1221703.0833747755  660535.05711723934    0
13691    1222142.4291865129  660479.44472762372    0
13692    1221931.149225967  660573.556387836    0
13693    1221958.7822343989  660351.3754999449    0
13694    1222153.7024360651  660788.96986842959    0
13695    1221966.0060018455  659964.03316822264    0
13696    1222226.8812717861  660162.63690544048    0
13697    1221903.9369463692  660156.61413304007    0
13698    1221615.9568959088  659957.50490335445    0
13699    1224406.4638782337  649003.74635082367    0
13700    1224153.278241066  649219.15362348454    0
13701    1224471.8984838754  648717.27555457165    0
13702    1224217.0340061046  649037.59250201413    0
13703    1223884.3961567937  649022.76024420944    0
13704    1224054.3182634148  648949.36907353927    0
13705    1223847.7831314977  648704.58497461921    0
13706    1224034.9965121206  648756.14824074705    0
13707    1224026.8054993653  648420.24355004239    0
13708    1224233.8032806306  648583.24813739175    0
13709    1224699.3583701821  647894.63495048601    0
13710    1226269.7196324547  648052.9895733454    0
13711    1226080.272498643  648073.74523794977    0
13712    1225938.1531555625  647923.10862253665    0
13713    1226003.7239643186  647570.81073739135    0
13714    1225216.6308793202  651423.58277843066    0
13715    1225424.5843479168  651313.04724813614    0
13716    1225167.5984233604  651628.81320787454    0
13717    1225340.1587595867  651792.60968970647    0
13718    1225550.2986348991  651472.17553053936    0
13719    1225503.7958228823  651690.60455191054    0
13720    1224856.5834144873  651759.7733688954    0
13721    1224914.0728644538  651951.83208118728    0
13722    1225120.8126725787  652002.73616252828    0
13723    1222207.8248863029  651818.15049368888    0
13724    1222498.1970909913  651394.78334438824    0
13725    1222694.4465297933  652450.2128743818    0
13726    1223553.6034831631  651811.12900004699    0
13727    1223773.4886226226  652198.93188223871    0
13728    1223502.6886218463  652807.38725679857    0
13729    1228158.3849374154  654770.30956930562    0
13730    1226504.8712016949  653716.69789846451    0
13731    1227560.6822716747  654590.88015578804    0
13732    1227687.3928500053  655232.39275371458    0
13733    1226003.6104185444  651374.54746992118    0
13734    1225013.6968186595  653091.19972990861    0
13735    1226271.4428719941  653731.91995939147    0
13736    1226146.188270157  653559.03946629085    0
13737    1226743.5161917272  655283.49022153136    0
13738    1226356.0409039466  654052.3696597385    0
13739    1226350.3385942567  654345.62359103153    0
13740    1224692.4946929668  652040.04958090745    0
13741    1224672.4419019369  652242.37159374647    0
13742    1224902.3487668287  652439.58812941832    0
13743    1224377.7407657427  652425.66057458089    0
13744    1215760.9672106779  656712.61906354723    0
13745    1215333.6277666856  656756.08647880168    0
13746    1215553.9308986396  656799.56754657847    0
13747    1215408.1844795481  656958.173495044    0
13748    1215492.8352649943  656529.27802145865    0
13749    1215278.5873363647  657153.20472933108    0
13750    1215080.6206767727  657349.60067585867    0
13751    1215161.0742341506  656934.54404442129    0
13752    1214951.7321417397  656559.47656280478    0
13753    1215113.0078562091  656715.41668306361    0
13754    1214774.0517807861  656904.60336957278    0
13755    1215216.83097022  656446.67419772397    0
13756    1214914.9780240746  656758.85524179053    0
13757    1214965.3221443193  656948.53979937721    0
13758    1212246.1134162261  656621.31331836176    46
13759    1215076.0397529046  657121.15087711194    0
13760    1214603.0799425847  656598.28190291044    0
13761    1214814.4255833847  657167.14334075712    0
13762    1216028.7547857219  656162.74713813246    0
13763    1215703.3403264016  657149.14310078847    0
13764    1216048.1264168527  657839.92130831163    0
13765    1215936.8636619842  658013.88555233984    0
13766    1215411.6469453832  658371.81917634199    0
13767    1218147.3160043894  654954.04522589978    0
13768    1218389.2366478471  654738.54847758322    0
13769    1218510.3337065848  655045.06077081989    0
13770    1220160.5996228852  655817.55856943119    0
13771    1220565.3941008449  655711.07781358645    0
13772    1219421.8469841504  654990.11074562324    0
13773    1219223.7974419056  654865.52742241207    0
13774    1219529.1972114216  654599.74568776297    0
13775    1219554.6323506136  654816.68350305781    0
13776    1219106.3867100517  654478.06946373952    0
13777    1219901.277014493  654666.08073130564    0
13778    1219106.6174539656  654689.51790917979    0
13779    1218764.8128775887  654589.86099392409    0
13780    1219304.936971725  654583.57714363758    0
13781    1219763.274334095  654822.67789012496    0
13782    1219982.3511282348  654876.63467896031    0
13783    1219443.8506383747  654220.16942612908    0
13784    1220290.6012885368  654637.05666337279    0
13785    1219429.2387977575  654422.83794432052    0
13786    1219243.3701856346  654307.57633476914    0
13787    1219767.8394201135  654345.38911857584    0
13788    1220100.3194239126  654710.32498110028    0
13789    1220062.4348538183  654410.91700958263    0
13790    1220316.830926246  654988.89689070475    0
13791    1218892.4528525833  654165.90677737957    0
13792    1219198.8189570552  653931.77262781712    0
13793    1220780.7834756959  657409.04486476141    0
13794    1220869.265312399  657163.97068699088    0
13795    1220823.3662758849  657736.40744086413    0
13796    1220604.3495755107  658039.82857208187    0
13797    1220677.9888639059  658474.09596774552    0
13798    1233391.6139231287  664307.38758567348    20
13799    1233060.4900020829  664323.3566667611    0
13800    1232101.2889203427  663314.47997772717    0
13801    1231954.3918181926  663200.05691769975    0
13802    1231713.9615446057  663273.902551468    0
13803    1231407.9486353945  663249.60363951977    0
13804    1231641.5204923719  663703.0371552885    0
13805    1231742.5054224438  663499.40255730855    0
13806    1231893.4329802236  663701.10655100038    0
13807    1231483.2481625977  663497.6907978059    0
13808    1231770.5293423752  664100.38734232914    0
13809    1231768.8504142999  663881.31451055757    0
13810    1231947.9959239739  663989.48442643695    0
13811    1231999.636301707  664269.56149409327    0
13812    1231423.2993405035  663993.50559062196    0
13813    1232664.5619012231  664015.29376505595    0
13814    1232824.5813268141  664165.07791053504    0
13815    1232758.2932209431  664518.8238866023    0
13816    1231676.4592917075  662213.48255923763    0
13817    1231761.1490427258  662051.59275661723    0
13818    1231417.3584483662  662177.95626008196    0
13819    1223260.8755151709  662803.82889370085    0
13820    1223089.0105080665  662527.49903570767    0
13821    1223632.9375762981  662567.9606644311    0
13822    1223482.5034543609  662742.04587340506    0
13823    1223317.1319527107  662577.22870277334    0
13824    1223805.3194814085  662868.96362358693    0
13825    1223285.4495110144  662174.47570926463    0
13826    1223240.5078042366  662380.63367652742    0
13827    1222921.4734780716  662203.10777315602    0
13828    1223505.4103550247  662330.40394438419    0
13829    1222579.9829059886  661633.77946368675    0
13830    1222506.1196850121  661205.37266984652    0
13831    1222836.9777283932  661866.71001757158    0
13832    1222607.7058593747  661408.42873108655    0
13833    1222753.7333575841  661700.31656725239    0
13834    1223009.4744077602  661676.39254852408    0
13835    1222646.0324457944  661858.21759867738    0
13836    1222732.1929285999  662071.84028347232    0
13837    1222544.8604133851  662021.62628665648    0
13838    1222597.5272808219  662199.68902190949    0
13839    1222388.6043137556  661391.10312368476    0
13840    1222893.2795766101  661138.62098187767    0
13841    1222266.8282951026  661184.01061284693    0
13842    1222791.2117322702  661316.62324896175    0
13843    1222694.703704752  661143.0204471316    0
13844    1223099.9668065552  661375.40137052746    0
13845    1222497.1238748839  660861.80300718779    0
13846    1222787.9361797303  660867.49921555526    0
13847    1222079.7885247031  661149.87868175271    0
13848    1222122.3201346777  660970.56596099108    0
13849    1222307.6620940911  660909.08590682538    0
13850    1222353.8921946501  660691.10261073953    0
13851    1222647.9128784155  660589.83684256463    0
13852    1225835.5856517509  666483.9653045804    0
13853    1225463.0479002902  667146.37522719253    0
13854    1221057.465786645  660152.8815002339    0
13855    1221977.0942162762  660836.89203909133    0
13856    1224312.7415221471  649309.85772215063    0
13857    1224135.9371221801  649435.16544397874    0
13858    1223894.6926627492  649307.09671474446    0
13859    1224631.8153098859  648831.20407685218    0
13860    1224605.4627500549  648584.26506656886    0
13861    1224716.5597642197  648442.92256718688    0
13862    1223461.9889623141  649064.11137254536    0
13863    1224276.3613997132  648126.16204292502    0
13864    1224413.8229427407  648541.94702921121    0
13865    1224276.5764037492  648356.7063475328    0
13866    1224751.9354295773  647703.61818608327    0
13867    1224446.112904802  647722.18528248649    0
13868    1222450.8916923574  651788.27612309798    0
13869    1222362.0265309371  652069.0118838856    0
13870    1222300.7735262259  651570.63913420541    0
13871    1222594.9655377066  651189.13327781588    0
13872    1222877.7375754158  652413.81506979256    0
13873    1223059.6205300905  652425.49079380487    0
13874    1223212.6956588048  652628.55760958279    0
13875    1223443.5015534563  652543.5574414552    0
13876    1223007.5552599125  653017.83639210451    0
13877    1223808.5051887291  652562.75903205306    0
13878    1223051.3760411155  652792.23749409884    0
13879    1223629.4336830005  652487.95133058412    0
13880    1223778.8504733676  652382.01449126028    0
13881    1223653.396099349  652682.32185553736    0
13882    1223979.2168681854  652284.52663928189    0
13883    1223929.0090748828  652879.48204116593    0
13884    1223706.3690317406  652899.49195955263    0
13885    1223275.2942432242  652851.59015654272    0
13886    1222668.1947350961  652834.86295785848    0
13887    1224174.5278140253  652366.25016603328    0
13888    1224190.4063196615  652689.18738637178    0
13889    1224006.7722863043  652492.92042863427    0
13890    1223850.8359205525  653258.29509891931    0
13891    1223457.0459004885  653179.58346385276    0
13892    1222852.7652992739  652750.44318690535    0
13893    1222829.0863317028  652942.64999885706    0
13894    1222692.1579211296  652643.27754491486    0
13895    1222793.7728917566  653275.88087653811    0
13896    1222362.8109033566  652699.37470986717    0
13897    1222614.8685462931  653088.43529305933    0
13898    1222505.8863286546  652544.52356213529    0
13899    1222177.834304614  652384.94156624842    0
13900    1222516.3556901673  652329.80110375071    0
13901    1223832.7525522567  653057.09078515077    0
13902    1224175.0935806541  653127.7374471355    0
13903    1223662.9704788246  653173.76484331687    0
13904    1223569.6468617741  653517.79271927953    0
13905    1223419.4298199515  652986.07386811613    0
13906    1223222.9564755487  653124.67693646986    0
13907    1223275.3093636371  653427.93842715386    0
13908    1223026.1791495041  653250.84423101891    0
13909    1222948.7745600655  653623.51556825871    0
13910    1222927.3557761214  653424.69263017236    0
13911    1223100.5836908827  653506.59631485201    0
13912    1222629.9552178981  653557.29614696302    0
13913    1223318.2450377583  653756.70426756795    0
13914    1223129.5188671453  653701.18091322982    0
13915    1223131.9063022044  654041.57161772891    0
13916    1222948.7796186437  653872.65230837883    0
13917    1222760.5244317702  654260.46531767235    0
13918    1222913.1802309712  654094.97002680518    0
13919    1223110.9988985558  654430.59534079686    0
13920    1222570.5123836731  653932.04096831637    0
13921    1222961.4374541682  654292.63720493088    0
13922    1223150.5684746725  654237.64826130657    0
13923    1222807.6875084215  654609.36807502829    0
13924    1223466.0426349218  654108.69564285374    0
13925    1223396.3576684422  654388.58569818002    0
13926    1222768.3474277845  653957.7690808404    0
13927    1222648.4641735626  654106.1199813321    0
13928    1222693.5454360738  653759.46985108429    0
13929    1222448.8178789024  654368.92291695275    0
13930    1222458.7650604667  653722.22848001984    0
13931    1222390.2992935411  654117.23230493162    0
13932    1222271.1461239171  653356.18207534833    0
13933    1222420.1988119357  653510.89008592803    0
13934    1222089.3952663566  653680.44511675544    0
13935    1222495.2725329772  653289.40461814927    0
13936    1222297.6866000234  653035.75183875195    0
13937    1227922.9596059425  654699.55990180152    0
13938    1228099.3150297422  654539.79613995878    0
13939    1227951.7643078761  655030.78328986187    0
13940    1228187.2430875045  654346.73166344815    0
13941    1228498.3642964775  654410.72209550918    0
13942    1228313.5776804786  654520.82362335688    0
13943    1228588.3565762679  654771.87592842302    0
13944    1227457.1209798204  655108.21730046882    0
13945    1226937.335794281  655093.58186292939    0
13946    1226525.237203334  654298.11698685621    0
13947    1226697.5120963997  654293.58564374654    0
13948    1226799.8973121776  654436.53830732452    0
13949    1226812.6850609987  654673.98022814142    0
13950    1226761.4469931677  654917.51724722621    0
13951    1226509.4255130875  654737.33559153392    0
13952    1224991.3948756806  652269.76937417034    0
13953    1225132.7713294553  652390.57845660287    0
13954    1224973.0414678662  652640.98188743938    0
13955    1224702.1840248771  652892.05271771399    0
13956    1224703.9589896328  652622.33044201403    0
13957    1215678.4880151872  656545.50409850315    0
13958    1215434.5721175803  656221.54405525606    0
13959    1214790.7420714307  657487.1068439068    0
13960    1214359.3354804784  657102.75344177405    0
13961    1216060.527516478  656367.01053518779    0
13962    1215329.9712380224  658077.97336040565    0
13963    1215573.9066284024  658199.49870266905    0
13964    1215754.6569810887  658453.3953878223    0
13965    1220390.8890511601  655756.98118085286    0
13966    1220430.7179907225  655553.74522618845    0
13967    1220522.5071354506  655902.68845661252    0
13968    1220758.6809162286  655409.31759933895    0
13969    1220512.5799064338  656091.76835954504    0
13970    1220722.0642714649  656322.78507423215    0
13971    1220464.3190277922  656279.83036994003    0
13972    1219376.7834395913  654756.90337808721    0
13973    1219892.0827276073  654481.79936826217    0
13974    1219724.2169022453  654582.54468557646    0
13975    1220023.6855209123  653890.14928804815    0
13976    1221154.7636626009  656849.31736461143    0
13977    1220679.5193095552  657863.33156403631    0
13978    1220644.2907257511  657678.43080833741    0
13979    1220892.1000573402  657959.28065536718    0
13980    1221135.3415580168  657762.23001617601    0
13981    1221229.2938158228  658181.01904610777    0
13982    1221027.2324837444  658121.03866881726    0
13983    1221181.4609097915  657971.81674282812    0
13984    1221032.0689191169  658475.08707891451    0
13985    1221505.586228342  657790.62566508027    0
13986    1221424.61902191  658026.28954734362    0
13987    1221855.4849979021  658042.58155367651    0
13988    1221583.2692160837  658427.21477057924    0
13989    1221642.5107770853  657969.40985024895    0
13990    1221443.4370359457  658250.69542797667    0
13991    1221870.2084138151  657653.19924938795    0
13992    1221679.942433262  658206.9891306957    0
13993    1221311.7921806937  658498.62432305457    0
13994    1221804.0816642528  657845.66836386081    0
13995    1221677.6118551635  657694.62287799525    0
13996    1222155.9743346914  657858.97421285952    0
13997    1221432.5683262465  657457.66006008605    0
13998    1221716.8943039307  657408.81954169227    0
13999    1221996.414411454  658477.24324824964    0
14000    1221797.3920427838  658389.87770498241    0
14001    1221980.9595356227  658242.07668341207    0
14002    1221752.1802948138  658763.24538111105    0
14003    1222065.9855505638  658049.39186362666    0
14004    1222426.4109438101  658103.25142637955    0
14005    1222222.6892525158  658233.64261487557    0
14006    1222540.5459523655  658505.91645578074    0
14007    1222422.7087958839  658321.80903953104    0
14008    1222786.6053338817  658218.66292192705    0
14009    1222265.2786237255  658552.33583078685    0
14010    1220496.6147263884  658460.86252252758    0
14011    1220600.7942505684  658282.55518154462    0
14012    1220573.8093397259  658652.40330872836    0
14013    1220854.4070166589  658696.75982188107    0
14014    1231034.6365979053  663498.38253158471    0
14015    1231384.7096627182  663737.3081302162    0
14016    1231604.8421413575  664564.49510481127    0
14017    1233020.5971190131  664127.86955648882    0
14018    1232867.4111809309  664356.18757328682    0
14019    1233002.1670052886  664564.52315197804    0
14020    1232770.6983810747  666524.7428622609    20
14021    1232996.4858509125  665718.43185259274    20
14022    1232807.1852990238  664931.47661772126    0
14023    1232847.2815786332  664717.50312457734    0
14024    1233055.9986933353  664773.92263826204    0
14025    1232485.2223824395  664760.40076018032    0
14026    1233278.7201882098  664710.5430905075    20
14027    1233109.3795858314  665315.27634775871    20
14028    1233165.8264532909  665113.69859534164    20
14029    1232919.968141462  665153.5442029041    0
14030    1233017.0521355979  664974.14967231161    0
14031    1232827.4244522811  665453.70608381764    0
14032    1232547.4798327773  665203.0484979623    0
14033    1232725.0294224974  665112.87528611836    0
14034    1232710.0095893447  665303.18421387149    0
14035    1232544.7213788019  664977.73441157071    0
14036    1232519.3742527149  665572.94543608429    0
14037    1232545.0974956399  665388.88371361233    0
14038    1232227.3336071617  665438.30346061173    0
14039    1232367.5653857698  665293.67494099354    0
14040    1232057.8691920196  665133.69219395588    0
14041    1232378.9804937278  665092.43745705986    0
14042    1222971.7069949976  662665.68804136699    0
14043    1222889.6368390811  662477.13993499253    0
14044    1222689.0950714527  662484.29102469981    0
14045    1222581.5783310141  662663.69168710115    0
14046    1223962.6918656048  662237.93067451811    0
14047    1223113.6664415749  661944.15935844032    0
14048    1222640.4444981988  660971.12501255353    0
14049    1222478.9926011013  661034.1803465829    0
14050    1223289.7270110287  660828.55645889172    0
14051    1222422.0550198753  660411.53944568301    0
14052    1225579.6020392457  666503.97190506221    0
14053    1225347.1807033636  666917.24062349752    0
14054    1221193.5213073057  660363.84257927584    0
14055    1221016.6430754629  660486.98434357916    0
14056    1221355.820335272  660109.81695624406    0
14057    1220742.5232888791  660311.80768358673    0
14058    1223834.8722227269  649479.0907120175    0
14059    1223685.8082027228  649172.30625646515    0
14060    1223493.4736908947  649284.58117427933    0
14061    1223662.5579649676  648934.80203115323    0
14062    1223131.450065495  649223.79781477002    0
14063    1223348.069712816  648667.20976435009    0
14064    1223464.9291821704  648848.46803205681    0
14065    1223204.3500871565  648952.7568439194    0
14066    1223601.9713673776  648631.81570974225    0
14067    1224485.3386843572  648005.79229619354    0
14068    1224279.3534035836  647889.76601617527    0
14069    1223886.2622155254  648003.00770973112    0
14070    1224099.8980901348  648005.71164419432    0
14071    1224085.1402289742  648216.8194560532    0
14072    1223997.5592793787  647650.46718041576    0
14073    1223830.8293243221  648253.96841584099    0
14074    1224224.6717607433  647668.59082828159    0
14075    1224141.1377389487  647283.31221410225    0
14076    1224398.3868357753  647435.10786368744    0
14077    1224124.7590315051  647488.55836082529    0
14078    1223792.9536563302  647358.80360053142    0
14079    1224459.3157950619  648218.92620250082    0
14080    1221844.2912284776  651540.42335998081    0
14081    1222777.8997032919  651209.18774926465    0
14082    1223991.7635999934  652691.00366436632    0
14083    1222041.0108882657  652093.51285591139    0
14084    1222331.7237389379  652263.00325258949    0
14085    1224654.3749559911  653372.7512540858    0
14086    1223894.8441469574  654364.07534086122    0
14087    1223323.2681748592  654882.29355998326    0
14088    1222002.6275852444  654340.01492685766    0
14089    1222648.9314648039  653379.95414399938    0
14090    1222478.6507531807  652927.39532189211    0
14091    1228373.5163739496  654731.12028924155    0
14092    1228413.4238678527  655107.38560055639    0
14093    1228298.4874110597  654929.32701178722    0
14094    1228171.2255631438  655137.59919460083    0
14095    1228342.374194527  655523.69918398338    0
14096    1227953.1657872375  655306.76156937575    0
14097    1228315.0695579918  655304.81967332994    0
14098    1228691.3005705432  655369.02870133391    0
14099    1228134.8294775127  655438.44698946993    0
14100    1228493.4947261075  655393.70445408393    0
14101    1228571.9444893268  655217.40990217973    0
14102    1228633.2735721881  655709.03628321551    0
14103    1228608.3955157876  654995.6833726936    0
14104    1228820.6268582009  655144.43289742828    0
14105    1227825.8578552373  655673.53415368183    0
14106    1228861.5885974793  654860.21251490479    0
14107    1227944.8646350123  655509.36099946115    0
14108    1228135.8779878975  655731.15218569699    0
14109    1227713.1455264625  655466.61085645168    0
14110    1227426.7287254743  655756.78294166678    0
14111    1227461.4647915401  655375.75875231624    0
14112    1227613.7294978164  655654.92252857878    0
14113    1227688.9631126781  656015.62360249844    0
14114    1227663.2217366605  655001.61919525196    0
14115    1226433.3998476451  654540.05090131785    0
14116    1226144.6062782174  654764.63142321503    0
14117    1226192.3623644349  654528.06853151927    0
14118    1225776.6127197722  654567.24097656051    0
14119    1226103.0943955567  654291.15574127797    0
14120    1225990.3993936111  654610.39911837562    0
14121    1225992.8412627426  654131.83155078674    0
14122    1225863.6275164848  654339.0580599017    0
14123    1225812.0136513023  654942.96234623529    0
14124    1225567.7291788955  654356.90328476601    0
14125    1224895.8278659028  652932.36134485819    0
14126    1224769.3238178357  653149.38861411007    0
14127    1224881.4049970286  653348.32814524835    0
14128    1224472.2379947943  653137.75899538375    0
14129    1225006.609477909  653568.03051551024    0
14130    1224787.9603185009  653547.10769951378    0
14131    1224994.0412072388  654005.40722167038    0
14132    1224432.3423738189  653681.21655008348    0
14133    1224875.6999541507  653783.13768652908    0
14134    1225095.1213318205  653808.95138351549    0
14135    1224572.3920954773  654087.26407632476    0
14136    1224654.2618056652  653731.1303254927    0
14137    1225339.0133233683  653886.7095945027    0
14138    1224770.668123808  653981.69750088255    0
14139    1224503.3259362723  653883.9096477353    0
14140    1224200.9979594208  654099.99646459636    0
14141    1224255.6200837826  653856.88092697307    0
14142    1225243.9631065193  654171.11097776168    0
14143    1224843.6887112772  654357.8305196343    0
14144    1223830.9733664773  653889.16707711422    0
14145    1224101.4034861508  653525.01010672376    0
14146    1224749.5178151629  654180.95795189531    0
14147    1224942.5139707604  654191.70812390815    0
14148    1224508.1584235353  654422.96869550098    0
14149    1225108.3675534457  654402.82995566749    0
14150    1224048.2354115075  653937.98055303912    0
14151    1224238.5934315866  653663.02625864162    0
14152    1224036.6385915708  653726.57971742842    0
14153    1224360.5871665755  653404.57039669796    0
14154    1223835.1282656293  653550.64449258382    0
14155    1223980.9762983406  654154.42503051076    0
14156    1224144.6636064327  654344.19217180216    0
14157    1223720.1160085162  654169.77221548534    0
14158    1224352.4290853625  654263.52647227456    0
14159    1224052.6907809039  654767.96515221195    0
14160    1224034.7219585411  654542.19824972516    0
14161    1224289.4536256557  654554.11118118523    0
14162    1223669.7185603024  654684.84744802583    0
14163    1224616.0464190142  654850.82921709784    0
14164    1223830.6918386875  654558.43703822757    0
14165    1223854.9838555653  654755.06925914017    0
14166    1223620.2915043824  654456.20781851897    0
14167    1223932.4749894463  655089.02304953581    0
14168    1223665.697316939  654974.95906303928    0
14169    1224497.5303000556  654653.18126413226    0
14170    1223450.9232416118  654612.48401478061    0
14171    1224706.4170570753  654547.47323185555    0
14172    1224322.1119229069  654892.72483858129    0
14173    1224943.0570184547  654574.26058485394    0
14174    1225309.6908708124  654762.38578529807    0
14175    1225154.7655410401  654612.99130853568    0
14176    1225346.1144581528  654460.54421019321    0
14177    1224984.7529892831  654944.32574247988    0
14178    1225542.2226755754  654591.12201859301    0
14179    1225678.4537125777  654766.0180840462    0
14180    1225491.2949511281  655046.16662729136    0
14181    1224460.1795957831  652755.59317802207    0
14182    1224710.6107829143  652430.49210983317    0
14183    1224542.8312313724  652520.70901765034    0
14184    1215384.0061709085  656390.50013767148    0
14185    1215246.1927106646  656257.20985221153    0
14186    1215546.6224476399  656347.12383365189    0
14187    1215650.0693485115  656142.0427424165    0
14188    1215005.0385165317  656316.84491507988    0
14189    1215281.301241782  655927.32234804868    0
14190    1215836.4014656437  656207.45913778828    0
14191    1215858.5117208117  655866.46565824864    0
14192    1214756.3136301616  656389.37140198972    0
14193    1215072.4176474689  656071.9037292992    0
14194    1214816.5706019276  656133.26259901898    0
14195    1214937.3572259156  655653.59279832663    0
14196    1215068.0183468338  655842.36513082392    0
14197    1214815.068818995  655877.84176946315    0
14198    1215315.3932818752  655531.53596141457    0
14199    1214392.7095225921  656008.03992049908    0
14200    1215238.6157249268  655724.28403094853    0
14201    1215117.2401001521  655564.2708603997    0
14202    1215561.0251822816  655741.04427503573    0
14203    1214879.3349202068  655310.95191580255    0
14204    1215171.2601009312  655275.16370621207    0
14205    1214623.5384966061  656006.68272886309    0
14206    1214504.7396995004  655563.14386450546    0
14207    1214509.6128877723  656260.58733348455    0
14208    1214707.398034066  655673.65837325715    0
14209    1214506.9062264538  655800.24272291339    0
14210    1214699.1797758066  655447.65700604301    0
14211    1214105.5872741041  655714.97198532522    0
14212    1214410.6532319726  655183.3061982526    0
14213    1214322.019823526  655683.37282290845    0
14214    1214515.0210437025  655359.02563115489    0
14215    1214299.704316285  655450.49827384262    0
14216    1214672.336555473  655146.73462434404    0
14217    1214968.8563716696  657488.29041918844    0
14218    1214878.5727790971  657672.26394199173    0
14219    1214880.8277527399  657332.91666206624    0
14220    1214678.1521293372  657317.91473058856    0
14221    1215042.8195794302  657943.49155689753    0
14222    1214527.9406445995  657725.17888025043    0
14223    1214591.4592091176  657102.58755975764    0
14224    1214572.4991565472  657510.28005179041    0
14225    1214475.2150802682  656847.62222518353    0
14226    1214194.2352933637  657543.91731689312    0
14227    1214447.2390442509  657316.28673359158    0
14228    1214198.2266983704  657293.93575050926    0
14229    1213782.1310663491  657412.31468405214    0
14230    1213962.0834156016  656931.46437660907    0
14231    1214008.0444681305  657415.9217975525    0
14232    1214134.8587380047  657077.06164423714    0
14233    1213889.112504872  657788.34872950625    0
14234    1213898.7959090683  657181.87743810029    0
14235    1214206.7118725192  656816.48404353356    0
14236    1213892.3723263592  657584.18621527485    0
14237    1214059.9679872692  657688.96946279623    0
14238    1213552.5427476307  657680.86750683479    0
14239    1214289.3465542635  657766.62515646103    0
14240    1214098.7088253049  657952.13302492874    0
14241    1214477.3002620242  658141.13834486087    0
14242    1214439.8444232382  657925.51603569428    0
14243    1214739.3168033513  657937.66767601238    0
14244    1214279.0829073768  658064.50637288007    0
14245    1214251.2490478761  658431.17374003865    0
14246    1214049.8567584185  658231.49585162033    0
14247    1219964.4666393641  654156.38114482176    0
14248    1220961.3317653583  656960.65743508039    0
14249    1220967.6535532104  656747.94498067384    0
14250    1220965.3563248373  656465.76092664385    0
14251    1221165.9899182182  656605.22896907269    0
14252    1221220.3558083577  657186.96640795248    0
14253    1221296.7049826975  656203.14101440704    0
14254    1221564.714553593  656745.86970468739    0
14255    1221170.6648895792  656384.45765406161    0
14256    1221344.1269295965  656735.72431023908    0
14257    1220970.4172280547  656178.66463977576    0
14258    1221467.5038491725  656456.33575465216    0
14259    1221442.2584897396  657005.23642899934    0
14260    1221182.3756428335  658362.72326457838    0
14261    1221017.014040326  658298.23549544252    0
14262    1220855.2346758714  658401.07390006213    0
14263    1222198.3716870127  657277.04122094368    0
14264    1221503.9838614983  658677.53701504227    0
14265    1222161.7972395616  658403.97244945378    0
14266    1222479.806997509  658985.11249074666    0
14267    1222057.6601571115  658776.82864503516    0
14268    1220653.8273196146  659055.91606791108    0
14269    1221149.6728251593  658751.37279245793    0
14270    1231258.8379847414  663430.33282460389    0
14271    1231080.9075462681  663247.47033513163    0
14272    1230800.7706454478  663325.53256446996    0
14273    1231100.9798353615  663059.08467870636    0
14274    1231008.3642765791  662894.50887630729    0
14275    1231254.1358800631  663154.87321321142    0
14276    1231407.3631586807  663078.31701566069    0
14277    1230728.360126147  662837.28099658771    0
14278    1230999.0855056318  663926.39768194885    0
14279    1231757.7282468067  664357.44650797604    0
14280    1232264.7331868191  664492.91598829452    0
14281    1222758.4074577338  662304.95896901737    0
14282    1222442.1964442064  662788.58228004002    0
14283    1222369.2423509492  662618.18281567923    0
14284    1222305.3074096933  662443.26241327776    0
14285    1222274.1456315762  662269.52796859399    0
14286    1222257.9892827778  662100.85408950353    0
14287    1223748.0070489675  662353.17960584676    0
14288    1223664.4370831037  661939.92504823569    0
14289    1224010.7634273495  662585.05907988281    0
14290    1223768.5898752664  662133.9400627783    0
14291    1223823.8632176472  662532.03463578003    0
14292    1223555.6989346102  662123.26238867652    0
14293    1223388.7309862121  661900.31779846305    0
14294    1224037.9035921027  661864.40117842366    0
14295    1223943.9251712486  662039.81507619284    0
14296    1223845.5178712648  661874.21159447997    0
14297    1224281.4913380228  662107.78543589881    0
14298    1223646.1217044876  661607.10403719358    0
14299    1223928.2075925726  661604.50506339187    0
14300    1223099.1666662344  662134.19509823504    0
14301    1223067.5053771324  662316.10528463591    0
14302    1222943.6068545461  662018.73773487099    0
14303    1223044.7087826333  660923.7574190608    0
14304    1222256.6826484741  660340.24130759598    0
14305    1222404.8189982085  660224.08208086505    0
14306    1222417.6354113303  659898.60175946855    0
14307    1222700.1634853019  660291.44730851159    0
14308    1225674.4524744393  666069.92615469359    0
14309    1225736.5310862847  666864.21938476572    0
14310    1225171.294660432  667150.04421963636    0
14311    1221563.8261304658  660166.77184702246    0
14312    1222718.9147829327  648967.51684980781    0
14313    1223807.1673660898  648480.48587419954    0
14314    1223544.0594914553  648338.50709968235    0
14315    1225239.9889297108  646133.68493967119    39
14316    1224659.8287552735  647078.53620790818    0
14317    1222067.9722542802  651624.42292738776    0
14318    1221955.0928008712  651853.25485782116    0
14319    1222065.6675415954  651290.74211590178    0
14320    1221600.059218494  652115.70904687536    0
14321    1221817.1852347797  652038.06313210411    0
14322    1221856.7415078424  652357.85893322062    0
14323    1221601.2896282298  651776.74538565008    0
14324    1222195.2190227942  651998.72286873322    0
14325    1222230.0854861636  654287.13049670693    0
14326    1222203.9607503461  654690.36169707216    0
14327    1222045.8229718294  654010.20523032302    0
14328    1222156.168020308  654484.80338770535    0
14329    1222350.4468991871  654547.96825720998    0
14330    1221839.5525521869  654666.75224448496    0
14331    1222581.7731378514  654558.51724424062    0
14332    1222454.7735076288  654801.83841363201    0
14333    1229128.011573391  655470.96262206533    0
14334    1228819.9124287753  654522.3878112291    0
14335    1228387.0000773491  655774.61766058521    0
14336    1228618.7738100444  656149.78439984273    0
14337    1228559.5065917876  655927.22205737687    0
14338    1228191.9623987817  656154.2866679338    0
14339    1228957.8195866069  655940.32578593714    0
14340    1228230.0997856539  655933.94764478551    0
14341    1228404.6886283075  656087.62174295727    0
14342    1228756.6854925125  655993.88677078974    0
14343    1228812.8570817837  655800.39089390461    0
14344    1228945.9774818553  656300.28930218762    0
14345    1228819.1633270853  655565.80559592787    0
14346    1229043.9705581858  655706.02674112271    0
14347    1227963.5301179786  656001.27844231378    0
14348    1228408.7574191184  656473.33985502552    0
14349    1228924.2169430435  655357.6131636611    0
14350    1229475.3799177024  655727.71046048729    0
14351    1228348.5109769555  656281.09485530225    0
14352    1228537.9816183907  656327.28047692019    0
14353    1228060.1761533618  656477.0169036435    0
14354    1228741.9260327555  656312.97592644917    0
14355    1228864.9674277348  656644.6483004851    0
14356    1228640.8185387102  656548.45858207182    0
14357    1229207.4765004676  655088.21089488955    0
14358    1229262.9477150356  655651.76089385001    0
14359    1228593.5526118844  656967.86097602709    0
14360    1229107.940104699  655267.17057645612    0
14361    1229011.1214839506  655096.15994915063    0
14362    1229444.0487013659  655336.95169885899    0
14363    1229100.473279376  654874.1754635782    0
14364    1229270.5907693121  655965.44613131601    0
14365    1228450.8183494173  656739.41047947947    0
14366    1228680.4812075305  656765.293087692    0
14367    1229424.4281778254  655535.16033786209    0
14368    1229762.5753831086  655468.55784452625    0
14369    1229610.6457501894  655588.90065914078    0
14370    1229772.9543043731  655882.3763683514    0
14371    1229802.1577316786  655674.60450349713    0
14372    1230123.6873523286  655506.01214830275    0
14373    1230083.3982302947  655820.07261330879    0
14374    1228992.4055938458  654672.59104363294    0
14375    1229508.5292608801  654803.94000431709    0
14376    1228972.5750450355  657010.57615087775    0
14377    1229036.6786873136  654447.60082878091    0
14378    1229315.1011090016  654900.6409812253    0
14379    1228789.510343876  656932.01701934449    0
14380    1228946.15853608  656819.55850126198    0
14381    1228750.9077757036  657274.54726452706    0
14382    1229195.3055531755  656597.60855499504    0
14383    1229222.2850888902  656878.70742112701    0
14384    1229378.301506093  654356.42746842781    0
14385    1229234.2635694714  654672.69234043639    0
14386    1229523.7483786789  655076.18720499543    0
14387    1227088.1326094663  655441.34428251034    0
14388    1225690.49230947  654188.70452195499    0
14389    1225182.501959916  653992.48582484713    0
14390    1225426.4243400448  654228.14707744389    0
14391    1224169.3560816329  653332.14391517988    0
14392    1224320.3532304324  653230.96736578795    0
14393    1224520.6955691497  653510.67105997284    0
14394    1223679.6428541148  653718.0229130995    0
14395    1223608.8857547031  653933.06578495679    0
14396    1223840.8479267634  654934.31685520813    0
14397    1224013.72932902  654936.41210103687    0
14398    1224198.852638839  655132.91344792361    0
14399    1223521.7459071109  654827.88007266039    0
14400    1223468.7439129369  655023.73966220487    0
14401    1223648.02674384  655325.60698191542    0
14402    1223161.6974834395  655194.00035143923    0
14403    1223205.9677404747  654661.69166055159    0
14404    1223000.228285569  654912.57627461373    0
14405    1223010.5859759317  654606.92179198551    0
14406    1224233.6960823112  654730.37056056398    0
14407    1224512.7361586702  652945.20801842702    0
14408    1224327.9112075414  653006.86919008475    0
14409    1224135.6121837855  652920.77959640638    0
14410    1224353.714065365  652606.92964044772    0
14411    1215038.4004990873  655399.93916481175    0
14412    1214885.7780682179  655486.09398998413    0
14413    1215668.012936655  655164.59006870934    0
14414    1213912.5692598748  655133.11293177633    0
14415    1214985.089026043  654965.07635436987    0
14416    1214643.62193901  656776.52786830033    0
14417    1214771.8710970674  656653.62401639239    0
14418    1213458.7391522413  657103.83819872222    0
14419    1213893.9302087559  656468.74182340759    0
14420    1214711.5807690185  657753.87940675218    0
14421    1214892.8259282154  657848.97781064734    0
14422    1214889.5350385543  658020.47756614944    0
14423    1214709.4028627991  658169.58583665662    0
14424    1215087.100584642  658222.75127964921    0
14425    1214558.7440832069  658437.72392382903    0
14426    1213851.24470964  658052.8118571511    0
14427    1213819.7821158592  658664.94552591746    0
14428    1219689.2857034279  654066.88797084847    0
14429    1220435.0949709313  654121.36258829304    0
14430    1220792.0379499835  656157.3208533962    0
14431    1220906.0432954163  655960.59712740069    0
14432    1221147.2877509152  656007.91672644753    0
14433    1221099.3724643444  655613.58289779176    0
14434    1221059.1693880337  655818.5459458587    0
14435    1220822.6551754253  655717.14990071522    0
14436    1221394.1982835582  655777.83676908514    0
14437    1221366.11536699  655995.2256787509    0
14438    1221740.2663064362  655933.05118912901    0
14439    1221589.9760498349  656185.50288953818    0
14440    1221256.4942361037  657004.75057982991    0
14441    1221835.9904975016  657032.53977438796    0
14442    1221540.4473489923  657233.65506059967    0
14443    1221636.4773216394  657057.06204427069    0
14444    1221715.3635643269  656874.99979055836    0
14445    1221757.0987454164  657214.55720364279    0
14446    1221853.9458690954  656560.88136803056    0
14447    1221983.5676152389  657204.60980122013    0
14448    1221974.3646084089  656801.63651096658    0
14449    1222019.6459253882  657452.3445833436    0
14450    1222172.6135648435  656998.7006822573    0
14451    1222318.532019201  657578.30657907994    0
14452    1222084.6426190236  657656.72135155241    0
14453    1222437.8568686738  658736.34783376846    0
14454    1222870.9160255759  658791.23885677778    0
14455    1222262.3742488048  658893.85956764256    0
14456    1222646.1023694577  658829.15003737959    0
14457    1222219.9281611708  659299.66813068232    0
14458    1222727.0854994224  658623.85162300372    0
14459    1222821.3098969532  659182.60318304971    0
14460    1222302.395274963  659103.16975430585    0
14461    1222542.2080201611  659271.21848953888    0
14462    1221985.6319692291  659085.78367074509    0
14463    1222727.358749513  658416.9258546785    0
14464    1223085.4089239913  658415.93765048857    0
14465    1222906.6714079035  658520.62570562086    0
14466    1223124.1635007609  658687.03105293331    0
14467    1222680.3634707828  659032.31868919334    0
14468    1222875.4040143557  658990.63371330348    0
14469    1223058.2892729058  658886.76938713528    0
14470    1223089.4311950675  659154.54955319443    0
14471    1223422.0973038836  658896.02231854119    0
14472    1220688.0476100433  658839.4397645283    0
14473    1220954.3939167077  658981.66511206352    0
14474    1220488.5054466843  658918.83930179931    0
14475    1220458.1115473609  659123.72783175856    0
14476    1220668.3011027221  659414.02940508118    0
14477    1220468.3930010139  659337.5271282834    0
14478    1220444.3749784005  659699.72969543806    0
14479    1230636.1468809126  663100.45198435045    0
14480    1230614.4335141066  662356.06585874816    0
14481    1230714.2326690434  663687.2536844936    0
14482    1231221.8074324559  663892.85024795693    0
14483    1231163.4680457143  664261.6350225542    0
14484    1231081.547457058  663717.76298284682    0
14485    1231134.3040207203  664068.01461503841    0
14486    1231307.2176788447  664140.97615465149    0
14487    1230842.869803048  664210.91843619826    0
14488    1231546.7040957937  664210.06602066557    0
14489    1231372.4115925834  664364.60547726671    0
14490    1231097.3670098986  664659.2398029773    0
14491    1231190.423494197  664470.4132901415    0
14492    1231381.3150658451  664589.33185740572    0
14493    1230928.5263232971  664458.68956909969    0
14494    1231534.2212272258  664947.19096818077    0
14495    1231511.7757511495  664745.18502530374    0
14496    1231857.6257495799  664809.00657494506    0
14497    1231268.8554724623  664874.42657685839    0
14498    1232182.5022442273  664321.51747811888    0
14499    1232412.635406659  664315.46177539299    0
14500    1232033.4123815228  664498.47052464751    0
14501    1232598.8908494986  664394.32153476402    0
14502    1232576.0140187659  664587.90500151587    0
14503    1232155.7250848468  664772.73087970668    0
14504    1223546.787522566  661779.4849280942    0
14505    1223299.0024430847  661619.15747960296    0
14506    1223782.8593916118  661138.52311004989    0
14507    1224413.5791884311  661552.73929964111    0
14508    1222982.0905801349  660595.45083377848    0
14509    1223264.328346784  661126.08961154509    0
14510    1222595.6371045327  660068.60341434553    0
14511    1222788.2477156115  659688.73889085348    0
14512    1222634.6137788484  659849.60262419155    0
14513    1222979.5091176273  660024.48208213551    0
14514    1222459.9209777399  659580.93879751535    0
14515    1222794.985586874  660111.03404672304    0
14516    1222816.8651782456  659917.70754493598    0
14517    1223000.8143329788  660309.875968521    0
14518    1223026.7924330456  659775.19726395071    0
14519    1223006.2241333094  659459.63665343786    0
14520    1223416.0965262312  659978.16551868571    0
14521    1223190.8127899012  659935.4346294119    0
14522    1223363.2970818926  659594.81319979834    0
14523    1223256.5279592806  660204.20475519798    0
14524    1223334.3115961025  659794.11761153303    0
14525    1223187.5440859958  659671.01280503732    0
14526    1223678.9564539948  659742.48049652355    0
14527    1223205.6614260504  659472.01478053548    0
14528    1223487.8975199552  659272.28708021878    0
14529    1225692.5328442776  666301.26372705109    0
14530    1225491.7423124618  666200.58133998245    0
14531    1226066.7084051988  666155.64441298379    0
14532    1225272.2326166781  666174.10586323484    0
14533    1225901.5972912572  666284.92413083732    0
14534    1225876.995889276  666083.42749999859    0
14535    1226198.3075270136  666493.79444161977    0
14536    1225798.0894555058  665741.15923290304    0
14537    1226071.2521132149  665858.41405514232    0
14538    1225377.2972544425  665806.23680627451    0
14539    1225479.484302748  665990.35965420736    0
14540    1225592.8476412119  665807.0256828462    0
14541    1225269.246643641  665974.31512418343    0
14542    1225044.8465410953  665711.28776636114    0
14543    1225486.3792391138  665449.56731676753    0
14544    1225639.1639156425  665598.64555005089    0
14545    1225809.722929785  665271.01527674031    0
14546    1225864.1874363991  665507.57888369309    0
14547    1226228.8279694847  665299.0754343716    0
14548    1226015.0406492536  665348.29611149395    0
14549    1226040.3991817115  664969.54240340297    0
14550    1226182.7806111677  665587.96835838247    0
14551    1225551.0203375244  666958.0271733402    0
14552    1225563.308889807  666751.99512301688    0
14553    1225779.4578618067  667179.44318728521    0
14554    1225743.864216656  666663.10094801174    0
14555    1226011.5744875513  666687.12503362657    0
14556    1225098.8442690892  666976.68720316887    0
14557    1225047.6511933631  667895.87687335978    19
14558    1224894.311630226  667357.23310801981    0
14559    1222963.8599948247  649033.39807505871    0
14560    1222814.1675828758  649334.11386552581    0
14561    1222942.1200862476  648625.93510333204    0
14562    1222803.5317322772  649141.20411358098    0
14563    1222489.2904363137  649255.27750857838    0
14564    1222619.2831967224  649123.51083089528    0
14565    1222410.6915499992  648880.4719397655    0
14566    1222434.4191500521  649071.14022935042    0
14567    1222156.827364749  649254.10435418831    0
14568    1222191.446610701  649004.56627193559    0
14569    1223027.968618498  648825.66615837533    0
14570    1221760.7716993652  649071.98777533718    0
14571    1222095.504106306  648579.33507102809    0
14572    1221986.2843155602  649103.27388868248    0
14573    1222207.6506662618  648777.47116072744    0
14574    1221821.701876766  649461.19741062808    0
14575    1222003.7693834954  648877.04916010215    0
14576    1222479.7941502887  648492.62988769508    0
14577    1221849.975770704  649257.39709444414    0
14578    1222004.7641778297  649382.73282729147    0
14579    1221498.2391447343  649312.46092913742    0
14580    1222293.8716489093  649570.31458409841    0
14581    1222021.2323392553  649673.93360868481    0
14582    1222386.7102612837  648676.122044374    0
14583    1222281.1598139736  648507.2208899036    0
14584    1222660.1319496192  648699.46998026746    0
14585    1222068.8732426316  648235.73524212767    0
14586    1222360.3938040617  648226.52341888042    0
14587    1223622.6307123597  648076.37849582685    0
14588    1224591.2418088443  647302.37931845104    0
14589    1224370.6190256828  647188.28745374305    0
14590    1224807.4009643807  647246.18255980383    0
14591    1224098.4677894611  646855.65906579746    0
14592    1225011.3247066296  646917.90279341978    0
14593    1224184.3435889322  647063.04594988353    0
14594    1224859.8193048481  647051.26678601361    0
14595    1224714.6516365604  646733.61277963268    0
14596    1225076.0219563874  647144.14004739432    0
14597    1223924.8669291132  647126.51947690803    0
14598    1224427.570874521  646902.43399681651    0
14599    1225713.9126430973  646483.10927558702    39
14600    1225418.4402884503  646923.84901184798    0
14601    1225213.9851024363  646982.31722608523    0
14602    1225219.3588203958  646614.39863377542    0
14603    1225382.4248011943  647184.61761295306    0
14604    1228762.1684327431  654700.9945400724    0
14605    1228609.3677349258  654574.85131921514    0
14606    1227818.9719751624  655869.21408539976    0
14607    1227636.7368752847  655838.3202431231    0
14608    1227458.0640691561  655987.29338746006    0
14609    1227526.5839703842  656383.94780821702    0
14610    1227060.5508047102  655923.9458463887    0
14611    1227552.1865591875  656175.27966862288    0
14612    1227834.4024470316  656278.63668074668    0
14613    1227209.4806827859  656239.13601444301    0
14614    1227268.8677606708  655895.62746199919    0
14615    1227134.2977094883  655686.07168979826    0
14616    1226727.2410582099  655690.24276950734    0
14617    1227295.93450299  655528.86273909453    0
14618    1226929.8447448821  655597.92149506859    0
14619    1226757.3035390952  655487.74376329931    0
14620    1226406.8282680737  655539.19410962623    0
14621    1226565.1329880955  655398.12339325761    0
14622    1226252.2939024977  655206.4235220541    0
14623    1226516.5123479848  655126.35414204176    0
14624    1228143.7522390035  657090.07815381873    0
14625    1228236.1735906207  656636.98206843401    0
14626    1228253.6295401605  656876.51666245051    0
14627    1228381.8473507077  657077.53133349738    0
14628    1227871.5121765814  656814.96409228165    0
14629    1228566.7628950395  657175.31747550482    0
14630    1228494.4590206111  657529.97239039489    0
14631    1228371.7979290339  657320.26755198254    0
14632    1228033.1425161071  656683.56078995753    0
14633    1227791.2022762916  656551.07335973356    0
14634    1228052.5264559081  656908.09586597292    0
14635    1227819.3403451412  657138.84598102118    0
14636    1228085.7478256717  657628.31075085909    0
14637    1228275.2623330855  657517.45943943923    0
14638    1228364.1327000468  657886.82001962361    0
14639    1228051.5272846934  657352.38104414602    0
14640    1229674.4417378334  656693.4657973547    0
14641    1229315.8735005541  657358.29193251522    0
14642    1229228.0131931037  654478.91334388743    0
14643    1229426.8902742965  654569.48882966419    0
14644    1229755.5366927797  654382.46979232633    0
14645    1229670.8759610076  654615.96927287546    0
14646    1230100.0033209145  654639.46188553493    0
14647    1229835.4626133917  654922.21281897742    0
14648    1229888.9851137397  654562.95226849138    0
14649    1229694.6113213114  654800.56227103027    0
14650    1229867.0283600322  654743.29831579304    0
14651    1229667.3825704448  654974.45524764666    0
14652    1229829.4735963887  655199.44824292313    0
14653    1230063.1928724218  654870.14927979745    0
14654    1230121.2340705229  654251.65080379613    0
14655    1230463.7368082807  654815.782895301    0
14656    1230052.0907808584  654442.3522291464    0
14657    1229928.5944383251  654289.69024773256    0
14658    1230402.5635056735  654461.53888733021    0
14659    1229746.5398153737  654157.89989379747    0
14660    1229977.4903031371  654030.50580231228    0
14661    1230255.2599404065  654782.51654786442    0
14662    1230304.3919425851  655144.4962106921    0
14663    1229573.2801180128  654277.30631467747    0
14664    1229561.8325364424  654075.29194745072    0
14665    1229369.0056304589  655171.45375161816    0
14666    1229273.3976437591  655314.56871972571    0
14667    1226946.0797547405  655296.36578842369    0
14668    1227146.4549859068  655242.1164667476    0
14669    1224507.2309055382  655139.44487668853    0
14670    1223746.5759782549  655154.80407276284    0
14671    1223928.6083282798  655373.66417068825    0
14672    1215436.3241400248  655294.84614193777    0
14673    1214154.0361472089  655233.3797127615    0
14674    1215009.1750023877  655161.54617160361    0
14675    1215217.8682202587  655036.25037845981    0
14676    1215219.3799499788  654615.05954245129    0
14677    1215155.0585436716  654825.42681228626    0
14678    1214838.7412655416  654613.69336170238    0
14679    1215524.9348581389  654823.50231586793    0
14680    1215028.8544256412  654671.8219186049    0
14681    1214885.6164333068  654800.3380281002    0
14682    1215030.0890708386  654327.8310344182    0
14683    1214781.9237276353  654975.35096745507    0
14684    1214507.3206500243  654920.4908843087    0
14685    1214663.5878629028  654756.89113998902    0
14686    1214314.4477035727  654579.8309578856    0
14687    1214462.2961041748  654721.05280139577    0
14688    1214167.2909500313  654892.45362871909    0
14689    1214586.5261480839  654442.98963747476    0
14690    1213704.1920978723  656999.49080608995    0
14691    1214168.1793377036  656265.30500085757    0
14692    1213997.8402632405  656689.81751180429    0
14693    1213784.6725305186  656781.74369337922    0
14694    1214125.7826832549  656494.72422109044    0
14695    1213469.8578214417  656789.13313040289    0
14696    1214341.0091108398  656415.87098916224    0
14697    1215269.7166150869  658252.99535670062    0
14698    1215128.3086250683  658540.38076474378    0
14699    1213670.5661608132  657891.99830038706    0
14700    1213494.51426293  658271.70304468274    0
14701    1213639.8447294387  658108.42018273077    0
14702    1213804.4498106032  658304.54894643789    0
14703    1213302.6192072749  657954.58882895019    0
14704    1213476.1841745998  657862.10572317289    0
14705    1213463.7568838762  658047.89121248538    0
14706    1213259.1911313825  657663.97841188277    0
14707    1213275.1481186931  658187.83013919462    0
14708    1213245.8938893396  658593.15140539187    0
14709    1212037.8836113364  657795.72941793944    46
14710    1213321.6915318228  658394.90578033589    0
14711    1213561.0321400922  658547.82602399949    0
14712    1212955.3944988637  658368.46814109175    0
14713    1212977.6570283014  658034.55330836587    0
14714    1214000.2350655932  658482.94323726045    0
14715    1219624.075666124  654235.60999955167    0
14716    1219604.5168550273  654410.24780175555    0
14717    1219453.9878507624  653963.26450314687    0
14718    1220205.0657575165  654209.89844681229    0
14719    1220246.6950450521  653974.96463903086    0
14720    1220407.0518166963  654391.5951734148    0
14721    1220275.6887660185  653563.13681162987    0
14722    1220542.3983757526  653788.84837228118    0
14723    1220199.0394164645  653764.67503285501    0
14724    1219903.5116219902  653536.93459908862    0
14725    1220913.2537290805  655537.75777418166    0
14726    1221048.7312800896  655217.48444318189    0
14727    1221071.4157713042  655415.87069596746    0
14728    1221388.7046903232  655279.10021397599    0
14729    1221289.6984325179  655485.83797282132    0
14730    1221638.3873067002  655525.74848848488    0
14731    1221558.4475021183  655995.77176638332    0
14732    1221592.4056420177  655799.31716801447    0
14733    1221819.5018396147  655696.83903786854    0
14734    1222012.3598083919  655311.27358009084    0
14735    1222171.1746653807  655946.20050636318    0
14736    1221857.7418156213  655474.95044968824    0
14737    1221957.704962773  655874.59375110804    0
14738    1221685.1566513053  655228.70249214605    0
14739    1222089.9104536606  655629.20148212579    0
14740    1221958.6650797217  656225.72633204551    0
14741    1221691.5798047611  656394.55645406037    0
14742    1222646.5698130159  657095.20205913344    0
14743    1221486.1042961075  659131.53401564248    0
14744    1223237.3893474056  659001.64159069979    0
14745    1223291.9096039278  659202.4352304677    0
14746    1223479.0429040641  658497.98190731811    0
14747    1221135.6877508408  659639.76525772549    0
14748    1230744.0211466178  662579.4797801323    0
14749    1230246.305009166  662816.11323388061    0
14750    1230425.8058532719  663427.03838938684    0
14751    1230834.3227991476  663524.77177531878    0
14752    1230625.2829297793  663495.89089833712    0
14753    1230444.4944160979  663696.27979287854    0
14754    1230582.3659746586  663296.84314409795    0
14755    1230310.4540590513  663129.09795714193    0
14756    1231240.2385739826  663617.25306469738    0
14757    1230680.7308199862  664838.65297439066    0
14758    1231281.002544929  665350.39294639963    0
14759    1231993.2779522419  664680.77365193225    0
14760    1231801.6629868064  664613.93909332389    0
14761    1232317.0258615129  664674.4284690452    0
14762    1232324.2615973847  664867.78875324805    0
14763    1232157.2860053906  664966.8989680293    0
14764    1231966.2896666769  664966.0811538659    0
14765    1231739.6712146956  665198.72540782683    0
14766    1231760.5022997032  664992.32044924877    0
14767    1223231.0374455315  661795.7455863175    0
14768    1223134.9110647477  661550.0060610486    0
14769    1222973.6243773683  661491.48583522299    0
14770    1223282.2159741954  661429.72630056564    0
14771    1223468.9337022183  661508.6396415903    0
14772    1223461.0905357774  661266.84333428985    0
14773    1223655.5038248019  661381.56249302102    0
14774    1223505.5206120515  660996.82813990838    0
14775    1224178.7058083417  661651.87379493273    0
14776    1224117.4416743997  661289.82018668402    0
14777    1224397.3620681956  661842.11996866309    0
14778    1224234.4849753417  661456.22509700176    0
14779    1224483.9099684386  661207.80871919158    0
14780    1223114.4435755771  660740.33193599933    0
14781    1223245.1098628256  660488.06991871726    0
14782    1222817.134321132  660465.69945613237    0
14783    1223080.5400306184  661183.75959018664    0
14784    1222746.8389901281  659431.88624824956    0
14785    1225891.7407633534  665899.79855321185    0
14786    1225993.1510641747  665667.98679495382    0
14787    1226684.3617343877  665519.80035206245    0
14788    1226725.6832506023  667951.60487526073    19
14789    1225322.3277792488  667558.24743263237    0
14790    1224984.6150733351  667189.2178432676    0
14791    1225120.0624839673  667370.29239086155    0
14792    1224802.2823897009  667199.49459635082    0
14793    1224666.8059996192  667384.25099203084    0
14794    1224992.3366761149  667620.47563525627    0
14795    1224767.9791838233  667886.58887304296    19
14796    1224685.2929095216  667641.88495773776    0
14797    1222119.6143910286  649522.30379845179    0
14798    1222246.1766595824  649403.18306211988    0
14799    1222323.055016085  649255.79175407055    0
14800    1222434.9337561382  649439.68791198335    0
14801    1222627.1170009449  649396.1194393785    0
14802    1222498.3084827622  649649.60442306427    0
14803    1222601.3553835712  649883.71248126449    0
14804    1222228.5839407078  650007.54927657614    0
14805    1222323.0936443927  649798.16971408308    0
14806    1222436.2913100673  650009.81294566602    0
14807    1222340.5302692372  650296.03261990624    0
14808    1221569.0649453411  649898.09208267031    0
14809    1222744.1431798853  648444.18739646126    0
14810    1222830.3097884173  648802.61887134402    0
14811    1222218.0062099276  648337.86254272726    0
14812    1222059.5575087254  648409.28919554711    0
14813    1221795.8460974384  648553.8584580021    0
14814    1221833.7200922538  648310.1400850733    0
14815    1221411.0582822049  648369.2601711693    0
14816    1221828.043418552  647883.40132935799    0
14817    1221631.3115092786  648403.48766694649    0
14818    1221895.2845812587  648095.91399143124    0
14819    1221464.4863007455  648751.22820462252    0
14820    1221568.4157445889  648082.44438405021    0
14821    1222206.6707630688  647880.49401964759    0
14822    1221495.418381528  648552.18090485025    0
14823    1221644.9380301938  648677.34343889961    0
14824    1221150.2261377266  648600.46488671948    0
14825    1221835.7971322427  648756.63474624488    0
14826    1221629.2270104277  648896.27641902003    0
14827    1222085.2474571874  648037.74044091068    0
14828    1222017.1861124688  647859.6806710338    0
14829    1222273.7985544796  648057.83291379362    0
14830    1221883.3209764434  647558.22199290746    0
14831    1222534.0004137016  647857.9648127798    0
14832    1222138.8257471572  647625.21433782578    0
14833    1222480.8713953057  648058.10612149595    0
14834    1222838.974357646  648046.04484755488    0
14835    1222592.1632577099  648265.01950909838    0
14836    1221543.0768941443  649097.8674485021    0
14837    1221165.1792275766  649130.889476732    0
14838    1223671.4127089384  647741.34119992924    0
14839    1224616.2560060646  646894.79211195896    0
14840    1224514.7691306651  646722.21351068653    0
14841    1224285.2854072  646722.38496316015    0
14842    1224633.5935218194  646396.80340454762    0
14843    1223971.1051338301  646479.55454670731    0
14844    1224399.8580864684  646495.85384935688    0
14845    1224091.5476381783  646648.38540950487    0
14846    1223751.6543709983  646763.48561953136    0
14847    1224186.7987319198  646453.05732630356    0
14848    1224035.0587080251  646109.00477602985    0
14849    1224766.0652163243  645784.26060375536    39
14850    1224353.6868197639  646173.96566294727    0
14851    1225215.33792847  647269.48746062093    0
14852    1225831.0910736998  647113.71277692483    0
14853    1228003.5016760854  656188.62534937321    0
14854    1226320.5735633224  654955.7596549053    0
14855    1226703.9408335418  655098.12548578996    0
14856    1226587.5392470979  654961.60372176161    0
14857    1227449.362301996  656799.27129007771    0
14858    1228203.8670791131  657258.57882326655    0
14859    1227664.2365592364  657540.49932613573    0
14860    1227992.0134978574  657184.09170332912    0
14861    1227862.9869148259  657324.38850984222    0
14862    1227932.1829270169  657507.2688712934    0
14863    1227605.5179056141  657287.049968026    0
14864    1227831.5670917206  657792.85364598618    0
14865    1229420.4070023792  656717.84774991206    0
14866    1229492.3073143035  656312.41483213578    0
14867    1229582.690053181  657073.08872763382    0
14868    1229530.3982192134  656528.26188584859    0
14869    1229427.6622577927  656929.22135301901    0
14870    1229372.6315865847  657143.98167049617    0
14871    1229868.9081298283  656357.23994231038    0
14872    1229543.6061698983  657303.93376123637    0
14873    1229133.261312685  657195.25773010042    0
14874    1229728.8803569498  656500.6013320249    0
14875    1229682.8941399581  656315.61791200947    0
14876    1230036.3755194494  656660.87970406353    0
14877    1229591.6903793071  656070.67750540318    0
14878    1229823.4733010838  656123.82304570964    0
14879    1229519.7853342642  657708.35699206835    0
14880    1229002.3769212365  657525.64709282434    0
14881    1228935.8388768055  657204.78436086397    0
14882    1229945.5479561652  657253.2545514988    0
14883    1230189.2654077201  656173.75166737114    0
14884    1229470.6607545365  657502.55036891392    0
14885    1229772.5857828888  657500.73406242894    0
14886    1229243.9824639049  657665.42302325671    0
14887    1229128.4256345453  657384.46180179645    0
14888    1229736.9286264286  657217.93365502253    0
14889    1229854.7377181898  656937.94109888782    0
14890    1229997.8769005847  656211.00562872528    0
14891    1229991.9232260096  656004.88226953684    0
14892    1230138.9518155996  656425.51726556697    0
14893    1229647.0224046309  655296.96247285686    0
14894    1229954.9324400937  655373.50612310483    0
14895    1230065.711161634  655161.41458302864    0
14896    1230196.6483908379  655316.56111904164    0
14897    1230535.5494488734  655409.00821369898    0
14898    1230334.5488231855  655478.44391106872    0
14899    1230550.0708866441  655776.68799287523    0
14900    1230253.9735581749  655682.34033199388    0
14901    1230322.1669023663  655941.28590091225    0
14902    1229999.2090749589  653538.48903320811    0
14903    1227331.4827470437  655244.0631559632    0
14904    1224482.4041755465  654965.26361115952    0
14905    1224653.4335766709  655029.74608632817    0
14906    1224354.3932569269  655072.36946061801    0
14907    1224349.7718945574  655290.56486144231    0
14908    1224798.2325777167  654906.12361292925    0
14909    1224762.0506854425  655326.78340235073    0
14910    1224753.2460973661  654726.56257209193    0
14911    1224852.3852964658  655116.16546196723    0
14912    1224921.2605296443  654779.88481504342    0
14913    1225112.4263289089  654800.55162094405    0
14914    1225253.071591489  654998.61771629681    0
14915    1224140.6798980185  655339.66504618549    0
14916    1224326.5614256854  655661.48041700409    0
14917    1224072.6237751206  655593.56501838064    0
14918    1224552.7656175091  655344.48159455368    0
14919    1224686.4521782559  655679.08458937961    0
14920    1224408.009229118  655480.39311856637    0
14921    1225293.4174607876  655417.01437479525    0
14922    1225081.6081378513  655155.8341196439    0
14923    1225336.38837416  655201.72710246406    0
14924    1225671.5309904476  655380.55299601075    0
14925    1215684.943746163  655465.88773150975    0
14926    1214042.815794473  655465.42393514456    0
14927    1215455.2345254731  655057.29985075013    0
14928    1214329.2493509403  655004.17910793796    0
14929    1214084.4980431001  655059.9554459916    0
14930    1213899.7741492852  654864.43762537499    0
14931    1213654.1775832216  657222.70245423168    0
14932    1213540.0003165968  657437.72985393147    0
14933    1214337.8435411537  656186.76800022298    0
14934    1214165.0099554975  656035.92608693941    0
14935    1213873.5281527843  656154.66491232067    0
14936    1214378.9628955489  656640.80737253581    0
14937    1213639.4420757378  658382.86356261815    0
14938    1213789.345423633  658485.71596031054    0
14939    1213496.3961127198  659035.01076630433    0
14940    1213101.1537616772  657836.14521007333    0
14941    1212710.738042803  657730.77422064217    0
14942    1212890.0434574969  657842.38071847078    0
14943    1212615.5121466871  658083.60080876062    0
14944    1212963.8458656801  657523.97280186962    0
14945    1214211.4993606063  658872.86863767321    0
14946    1220238.1386680859  654461.813963803    0
14947    1220868.7195785751  654302.9329788906    0
14948    1219685.2924620202  653756.99822436948    0
14949    1222203.1296278744  655030.12327296869    0
14950    1221555.0392656568  655360.42062133015    0
14951    1221463.5356795921  655510.22443163162    0
14952    1221471.2847865473  654867.75590015785    0
14953    1222399.9301943546  656571.76486639224    0
14954    1221782.6522723667  656129.24598104402    0
14955    1222395.0278339095  657118.48019554536    0
14956    1222398.7759548842  656845.13416055136    0
14957    1222546.0665739428  657379.8827424777    0
14958    1221231.0412835237  659018.31068302551    0
14959    1221563.5606814716  658907.23387475032    0
14960    1221776.872577345  658991.12797348481    0
14961    1221355.8035021503  658838.54547226883    0
14962    1221754.9503974647  659317.00960760948    0
14963    1223267.3686935497  658528.2421215747    0
14964    1223331.430205689  658220.88620213117    0
14965    1223398.4276721978  658689.54236264143    0
14966    1223752.3010488108  658753.57307826611    0
14967    1221174.4325238678  659908.19209328911    0
14968    1230937.5901468559  662317.91364544188    0
14969    1230449.227971578  662601.18022842938    0
14970    1230484.1379580339  662899.44821022137    0
14971    1230589.5278521837  663995.5192531104    0
14972    1229989.1458639619  663592.61710400134    0
14973    1230969.9151318781  664936.73523524054    0
14974    1230518.1759636716  664461.85941781872    0
14975    1230861.9721259703  664686.06822815898    0
14976    1230656.3185569504  664625.72364085156    0
14977    1230315.8025926505  664772.62775501201    0
14978    1230723.1115165574  664429.25377152336    0
14979    1230586.9453369321  664233.75276091124    0
14980    1230174.6969865351  664233.88811920385    0
14981    1230380.7812901253  664112.38713575562    0
14982    1230364.6125647018  664320.48828313861    0
14983    1230302.1310546338  664542.44753063109    0
14984    1230118.3111373938  663902.72328503302    0
14985    1230464.1215667115  664648.3222379185    0
14986    1230493.1982232681  664833.65439558506    0
14987    1230578.6842665626  665146.80553106847    0
14988    1230319.8453006386  665049.22124630481    0
14989    1229927.6682500257  664680.18484441738    0
14990    1230135.6867782113  664667.82959876617    0
14991    1230113.0492417486  664913.91750071547    0
14992    1230017.6894457373  664438.49774821126    0
14993    1229992.3136587734  665324.13156579365    0
14994    1230114.5903925423  665137.24578131514    0
14995    1230341.6649455803  665383.41826585704    0
14996    1229743.8716381919  665028.13459099608    0
14997    1229945.6979260822  665026.7418218269    0
14998    1229845.9392161903  665194.7273342493    0
14999    1229843.6176229413  664858.30507718562    0
15000    1229704.7654990454  665501.90191402647    0
15001    1229512.4183283264  664777.98842982401    0
15002    1229565.6057752543  665251.9176348031    0
15003    1229709.9782726436  664686.3530572661    0
15004    1229459.4023026181  664404.90837696032    0
15005    1229813.6332412851  664500.10157725925    0
15006    1229813.6132539827  664131.27609922341    0
15007    1231346.7611982969  665110.57654216571    0
15008    1231544.6268019725  665148.36346253008    0
15009    1231569.7065760286  665454.10332904093    0
15010    1231091.1061422483  665169.39871468907    0
15011    1223601.4756359905  661151.28021644917    0
15012    1223681.587830744  660994.4770617669    0
15013    1223589.6596090598  660703.9934040989    0
15014    1223970.8390391241  660898.74153145112    0
15015    1223889.1359337184  661349.10091710801    0
15016    1224222.0013655426  661923.737315704    0
15017    1224779.5073572514  662166.89509984199    0
15018    1226557.5163513308  666014.49739907181    0
15019    1226423.2833510574  665478.18642223976    0
15020    1226425.1973593079  666899.78709963057    0
15021    1225341.4879622455  667334.81839674688    0
15022    1225599.8157439199  667368.02992574952    0
15023    1225327.3232029029  667905.16487367661    19
15024    1224831.7868304923  667530.38812869706    0
15025    1222520.9141808744  650302.41966403415    0
15026    1222728.9402381256  650301.58762098791    0
15027    1222286.2817058417  650633.79066604946    0
15028    1221761.3189538275  649717.77236473258    0
15029    1222358.9203303449  647703.37571136991    0
15030    1222378.3490626989  647299.70353609836    0
15031    1222679.7027402304  647516.51132140192    0
15032    1222307.7130472492  647498.60746617964    0
15033    1222071.8489908364  647359.9235747935    0
15034    1222550.2741755154  647663.09580693406    0
15035    1222494.8547980736  647483.73007961526    0
15036    1222813.4204178848  647765.01149074151    0
15037    1222627.9912638813  647270.54974893376    0
15038    1222454.8762775261  646871.58887887304    0
15039    1223061.2877237722  647307.86934414017    0
15040    1222481.223145131  647097.1955894524    0
15041    1222839.0072718668  647354.60205208394    0
15042    1222173.7323569278  647068.37420172966    0
15043    1222841.772159352  646940.74807201116    0
15044    1223000.4870417486  647570.67178186658    0
15045    1222911.6554242871  647148.15117602865    0
15046    1222685.1084963151  647073.38539187261    0
15047    1222653.5003304707  646877.21185611119    0
15048    1221243.494478117  645560.58981863572    41
15049    1222852.8853755037  646597.10356374201    0
15050    1222561.9278171272  646601.01255168929    0
15051    1223220.2815676273  646928.68646794907    0
15052    1223115.0972593692  647107.50701804378    0
15053    1223463.9095638948  647192.33684904163    0
15054    1223263.9740489209  647254.89627730357    0
15055    1223453.5418159661  647509.97186644818    0
15056    1223215.0299519529  647481.87288394582    0
15057    1223290.5613030924  647867.06860032852    0
15058    1223175.380503969  647689.65073670086    0
15059    1223043.0180073311  647901.67829006002    0
15060    1223212.7085149258  648212.80475906562    0
15061    1223035.5951928927  648107.56516106904    0
15062    1223000.1971498502  648368.79493041569    0
15063    1223721.0336283629  647919.63610819564    0
15064    1223505.7500204921  647893.74088059075    0
15065    1223859.3365809657  647785.09286812413    0
15066    1223805.3725932918  647591.41628595756    0
15067    1224038.700456111  647830.97834400763    0
15068    1223399.6255997801  648090.37448745058    0
15069    1223419.2683445055  647710.07018078782    0
15070    1223645.0493134416  647483.33791114227    0
15071    1223616.4433566758  647299.26663224725    0
15072    1223678.5393451233  647048.42908195418    0
15073    1225596.0245177753  647081.24707164685    0
15074    1225950.8744997908  646657.82144354493    39
15075    1225666.6715780299  647436.95758609846    0
15076    1225747.9871514286  646848.19564120227    0
15077    1225692.9247397913  647246.87268683116    0
15078    1225917.9210901421  647342.06779595744    0
15079    1225516.888962554  647319.41528770851    0
15080    1225484.2249940308  647515.24272053328    0
15081    1225682.2068978031  647724.90529583837    0
15082    1226132.8427541377  647129.66000627796    0
15083    1226166.9587508922  647379.11631038471    0
15084    1226245.0931968344  647610.99803354207    0
15085    1226064.5000088515  655020.63788377692    0
15086    1227663.1474749518  656734.21002112841    0
15087    1227698.1157475561  656953.1758330845    0
15088    1227503.8559371955  656594.56266026653    0
15089    1227137.5047992142  656606.64707718836    0
15090    1227316.2993242631  656467.78915705963    0
15091    1228085.9584801367  657907.2328471028    0
15092    1229394.1994206461  656130.78285937069    0
15093    1229230.1856793857  656336.68663435488    0
15094    1229584.1541928789  655882.02753939212    0
15095    1230269.0220894888  657663.50992809189    0
15096    1229310.762841176  658143.76349169074    0
15097    1229662.0035291119  656891.35885865008    0
15098    1229861.4497071696  656744.27101797366    0
15099    1230017.5886391404  656846.63364526129    0
15100    1230029.2997707874  657058.400643214    0
15101    1230334.6875436231  656784.87755259092    0
15102    1230310.2036222171  657294.56430916174    0
15103    1230200.8620347676  656942.70558917266    0
15104    1230484.4355073804  657047.50247224059    0
15105    1229914.0951952287  653781.21965060011    0
15106    1230415.6937162001  653902.96361002233    0
15107    1223735.6482467446  655657.14487979491    0
15108    1215509.7155650407  655552.4546075809    0
15109    1216126.8548991163  655289.9309052364    0
15110    1215766.8877876233  655668.27381392883    0
15111    1215945.7770406096  655478.06120618794    0
15112    1215980.3947896759  655689.84445356461    0
15113    1216196.4987489383  655545.79954339447    0
15114    1216117.4045033008  655914.75759829022    0
15115    1212454.3432211159  655446.89721878397    46
15116    1214057.4760501501  654649.81599092169    0
15117    1213660.8197338383  655694.18028848001    0
15118    1213602.2393773892  658801.17317546916    0
15119    1214047.0202081741  658709.78965418821    0
15120    1214264.4321705103  658654.99619225308    0
15121    1213883.020942803  659039.68215313391    0
15122    1214598.8762342681  658851.61677172396    0
15123    1213902.5534785155  658843.68167221837    0
15124    1214401.9804950689  658803.78031992377    0
15125    1214460.1018328872  658612.07558500103    0
15126    1214421.1862365173  659153.86064211035    0
15127    1214700.2982883151  658632.8905356992    0
15128    1214811.4786977642  658403.33357541682    0
15129    1214900.0426557204  658858.38832969638    0
15130    1214893.7357649158  658228.25081415463    0
15131    1214994.8873434176  658382.63798045379    0
15132    1214924.0434397198  658577.85512945708    0
15133    1215057.6318889777  658730.57746147865    0
15134    1215356.3818525372  658733.36236838822    0
15135    1215122.3223129909  658971.39819124236    0
15136    1215139.243580238  659156.43584437948    0
15137    1220624.5049212298  654277.58981274627    0
15138    1220680.3583155724  654016.93917227583    0
15139    1220705.385879186  654687.53156880219    0
15140    1220600.0655825546  654495.36139166972    0
15141    1220810.2811465217  654505.09706140368    0
15142    1221174.3895847048  654500.81956035597    0
15143    1220995.0343289906  654732.69883673603    0
15144    1220496.1741276023  654677.24575221632    0
15145    1220588.2302446433  654937.64860883704    0
15146    1219365.4479642045  653631.15260913293    0
15147    1222278.5536148162  654860.42597012466    0
15148    1222433.0087762251  655030.68560178857    0
15149    1222048.6744664656  654859.8636413049    0
15150    1222710.3664605324  654941.60539856367    0
15151    1222317.3780615234  655312.94161127124    0
15152    1221975.7953473246  655081.16639682068    0
15153    1222658.2598913352  654745.96940565167    0
15154    1222843.9573173113  654799.0732494538    0
15155    1221813.2751563748  654904.99386760383    0
15156    1221655.2785205347  654766.99729939282    0
15157    1221438.9508189571  654590.33797149744    0
15158    1221654.857549876  654546.73138335149    0
15159    1221474.6689178767  654210.88045775821    0
15160    1221514.0770742886  654405.9997409716    0
15161    1221313.9391631733  654344.88224179286    0
15162    1221742.853546663  654258.25459108851    0
15163    1221094.6165934457  654289.01937234832    0
15164    1221256.3695152369  654112.43442998733    0
15165    1220965.5407926165  654034.13842531887    0
15166    1221528.5972136706  653800.03971119516    0
15167    1221439.6295455848  653997.32130027632    0
15168    1221185.5400611327  653796.24249186949    0
15169    1221703.3254180152  653997.53810295265    0
15170    1221508.9441521559  655089.27767492447    0
15171    1221252.8356279044  655060.04358661443    0
15172    1222126.7667268657  656574.91684001114    0
15173    1222785.1494240765  656710.07845053088    0
15174    1222354.1657817746  657389.49819492945    0
15175    1222690.6823211873  657775.38500303542    0
15176    1221241.7905639478  659338.00263197196    0
15177    1227329.8713779729  657943.86317110446    0
15178    1220789.2936727249  659874.38853327616    0
15179    1221417.1638808334  659736.14657861833    0
15180    1230922.7263708126  662509.32119950396    0
15181    1231120.7755507913  662428.41983061982    0
15182    1229991.7252682294  662372.50040785631    0
15183    1230583.4437769852  663813.70138157124    0
15184    1230785.3897327019  663891.7171212075    0
15185    1230404.9451687774  663910.68511588138    0
15186    1230232.4647704039  663575.72787147318    0
15187    1230262.5010985718  663769.63665295008    0
15188    1230092.5499648005  663321.17223766586    0
15189    1230406.5274888566  665211.37259611161    0
15190    1230563.7997769825  665368.91513486917    0
15191    1230829.7329984333  665275.18288986327    0
15192    1230476.7571148132  665744.13790463144    0
15193    1230463.6503417606  665543.39016093919    0
15194    1230802.4464134891  665621.87997979042    0
15195    1230137.6607023499  665665.47568887181    0
15196    1229502.8279969953  665019.01384450623    0
15197    1229148.4066660292  665239.45850171475    0
15198    1229173.8430743252  664885.22012427659    0
15199    1229358.8865358648  665182.72495272569    0
15200    1229362.4889288878  664892.72628810524    0
15201    1229278.5607893474  664627.73009171244    0
15202    1229356.993832113  665531.77189162525    0
15203    1229976.5846802101  664244.41112375422    0
15204    1229990.7543604556  664050.05165937927    0
15205    1229779.0283407958  663822.07605484501    0
15206    1223566.043259284  660358.81681466615    0
15207    1224539.4200967895  662062.18037547683    0
15208    1226290.6435563448  666010.41776176065    0
15209    1226622.7569271887  665066.51133777585    0
15210    1226515.394179509  665740.08609299688    0
15211    1226250.4805898257  666731.03267193364    0
15212    1226617.3843731573  666525.98773768242    0
15213    1226108.1962822773  667053.16619167326    0
15214    1226464.8775808441  666683.88281895965    0
15215    1226103.5436900363  666858.62137909629    0
15216    1225921.5456186386  666960.30195289536    0
15217    1226410.2554071588  666478.52593619772    0
15218    1226288.2841516184  666264.0954217508    0
15219    1226566.4199027093  666272.70410462795    0
15220    1226802.6876308529  666857.56611371215    0
15221    1226166.3392315228  667933.02887462708    19
15222    1225182.9928658151  667725.43781330995    0
15223    1225473.1449861645  667729.57043258683    0
15224    1225793.2060542167  667638.74760405696    0
15225    1222396.4185579219  650478.24459755421    0
15226    1222498.691520778  650646.60684071726    0
15227    1222183.1303106602  650443.98758684716    0
15228    1222383.2983532203  650792.48105881142    0
15229    1222438.532109339  650975.75527273887    0
15230    1222071.915924818  650873.84605967707    0
15231    1222253.3313274258  650931.60957619874    0
15232    1222105.2747774923  651082.84089085564    0
15233    1221741.0782353627  651121.18125126872    0
15234    1221913.106349994  651006.35427200561    0
15235    1221636.8788913165  650778.79942907405    0
15236    1221863.3576007239  650785.31113135756    0
15237    1222117.6043195853  650216.57718908996    0
15238    1222050.5119130148  650638.99223324528    0
15239    1221922.7211102247  649979.13216847857    0
15240    1221759.3929426398  650459.47890477371    0
15241    1221968.7348556397  650382.61793214944    0
15242    1221782.7087100926  650199.46586068103    0
15243    1221481.0796058024  649611.63457800471    0
15244    1222708.5528602763  647916.22540880251    0
15245    1222661.3377129303  648094.08241746272    0
15246    1222797.9034506227  648246.62732359825    0
15247    1221649.0993190673  647146.77200663055    0
15248    1222708.8377778353  646705.58513996867    0
15249    1222869.9628759716  646769.65778866212    0
15250    1223132.5656366271  646656.5461012664    0
15251    1223029.4042269755  646883.79674700228    0
15252    1222060.1864463252  646558.96749969712    0
15253    1222700.931272327  646117.08050169295    0
15254    1223227.5332498639  648455.75231949624    0
15255    1223418.9770567862  648486.70741595351    0
15256    1223145.4990723094  648642.59726398834    0
15257    1223458.7840406136  646952.68484937784    0
15258    1223360.3983894852  646733.31776910124    0
15259    1223373.6559591165  646317.52199946262    0
15260    1223553.7163237336  646778.36151623155    0
15261    1223509.6861051568  646529.96853736462    0
15262    1223295.6189214867  646517.26286647574    0
15263    1223043.6241062235  646387.34424543846    0
15264    1223712.5907341333  646250.27458260371    0
15265    1223556.3066632953  646350.34373501188    0
15266    1223506.8368053073  646101.0099171428    0
15267    1223745.4266205213  646473.63011712278    0
15268    1223773.2914581168  645950.15852971782    0
15269    1223139.1704509547  646024.06822308677    0
15270    1223309.1708996829  646128.63884737645    0
15271    1223137.1940702901  646217.75138940138    0
15272    1223511.751115757  645036.79795478005    40
15273    1222910.7531481872  646203.42571847374    0
15274    1223369.5837984704  645839.95544203231    0
15275    1222717.0408825276  646376.04342085856    0
15276    1222893.7471462456  645946.64106237376    0
15277    1225969.3519942798  646880.81203792803    0
15278    1225832.3935714441  646570.46535956603    39
15279    1225815.7297301092  646717.09229958884    0
15280    1225582.2942487118  646679.52689636906    0
15281    1225476.9507864041  646308.39710762911    39
15282    1225807.4499567412  647573.75526286277    0
15283    1225908.0318295765  647735.25127818214    0
15284    1226087.7567505287  647729.77466823591    0
15285    1225543.4521919019  647870.09379731491    0
15286    1225738.0409649005  647917.16242337169    0
15287    1226593.3197637754  646995.10944204906    38
15288    1225966.2039012103  655307.80127390428    0
15289    1227456.379639334  657065.90965483862    0
15290    1229346.7356670774  656485.05942772923    0
15291    1229111.4590036923  656135.9455983087    0
15292    1230045.3698458688  657507.20051092317    0
15293    1228915.1223167281  657955.16646983719    0
15294    1229349.5631378801  657894.51485482021    0
15295    1229743.0488052848  658083.41271295224    0
15296    1229141.4053819964  657989.75545718253    0
15297    1229517.7977667409  658048.34809940751    0
15298    1228970.9664356809  658347.30380786117    0
15299    1229056.9700145076  657784.66364593117    0
15300    1229659.4875307116  657879.17504595895    0
15301    1229572.3379871347  658439.01367570122    0
15302    1229002.2252037108  658142.80722125364    0
15303    1229156.0982961918  658270.96518220124    0
15304    1228647.8427535165  658193.27468197327    0
15305    1229361.1311831013  658362.63552354579    0
15306    1229158.7737042631  658540.10808159434    0
15307    1228788.9015258537  657705.90303368727    0
15308    1229995.8900002616  657860.75305961829    0
15309    1229604.0265881887  658235.44975253532    0
15310    1229925.3903764605  658389.72457450314    0
15311    1229393.4214906779  658603.55566778255    0
15312    1229755.4471458127  658817.66375938477    0
15313    1229606.7472168349  658655.97329982778    0
15314    1229170.9952839331  658960.53106247843    0
15315    1229763.5956669084  658519.8891262844    0
15316    1230022.4202233867  658675.97059679683    0
15317    1229228.3341519064  658748.47510804841    0
15318    1229472.8195006819  658928.36277039791    0
15319    1228848.3893936893  658759.51999699092    0
15320    1230233.7532334509  656606.86763557117    0
15321    1230479.8951765914  656362.74220056366    0
15322    1230464.678510807  656593.55011457414    0
15323    1230854.6251989088  656503.35289708956    0
15324    1230585.8277060117  656815.68355002115    0
15325    1230646.039414899  656489.60128819756    0
15326    1230773.1121476549  656150.9501815741    0
15327    1230738.5440420392  656675.28267737536    0
15328    1231081.3900600441  656781.60876121686    0
15329    1230843.5152434933  656942.71804819303    0
15330    1230302.3765281779  657104.0780710947    0
15331    1230144.9779362513  657205.94951821119    0
15332    1229704.5592784525  653717.29803354898    0
15333    1229721.6760345544  653413.33049396088    0
15334    1230215.8405018416  654032.86776233546    0
15335    1230183.6780654746  653764.70108938438    0
15336    1230455.7978262992  654183.34828366456    0
15337    1223767.4640110044  655471.38874686044    0
15338    1223547.9727783413  655529.39765565598    0
15339    1223387.4541091225  655324.13189946651    0
15340    1223430.1944430971  655904.15978387615    0
15341    1223545.6421954688  655734.55366406799    0
15342    1223768.8745644747  656010.59844955883    0
15343    1223208.1622843421  655628.93195932999    0
15344    1215892.4461484342  655245.51948369632    0
15345    1215902.6270665962  654865.62232829549    0
15346    1216049.0761550874  655059.63203598908    0
15347    1215834.739474199  655053.8879966453    0
15348    1215657.8082555067  654968.31790966273    0
15349    1215721.3549778643  654776.64575522824    0
15350    1215545.5260009789  654474.69981331716    0
15351    1215959.3826606174  654520.85286402015    0
15352    1216398.4979057172  655069.90549589368    0
15353    1216232.4857934932  654768.90573092317    0
15354    1216245.6993187822  655749.30358387588    0
15355    1216418.7731573826  655858.89785847371    0
15356    1216392.8423507491  656061.24774133228    0
15357    1216223.7632074971  656158.50277955737    0
15358    1213461.1051860624  655019.97065897903    0
15359    1213762.7319715167  652674.13699082204    45
15360    1213886.3413582514  655637.45243168867    0
15361    1213917.8998775487  655896.999204044    0
15362    1213700.4111782033  655374.93149987224    0
15363    1213348.2297756947  658827.07235728751    0
15364    1213077.8584239658  659176.48233811627    0
15365    1213265.7765733779  659042.58142009645    0
15366    1213393.627296556  659420.82240165328    0
15367    1212972.9101692582  658830.38295465766    0
15368    1213272.6183264584  659250.99696610495    0
15369    1213473.8871752308  659235.60815586802    0
15370    1213083.5171091051  659513.76601547422    0
15371    1213688.2495243067  659158.10009954788    0
15372    1213664.7594136642  659428.31668663502    0
15373    1213160.0523995603  658770.05085494171    0
15374    1213001.2948332787  658598.01711550832    0
15375    1213916.4592687122  659314.06782609492    0
15376    1212602.1834090089  658667.18021862092    0
15377    1212782.638306994  658522.37583441276    0
15378    1212797.622882654  658725.89301505336    0
15379    1212712.1766567654  659068.50520704011    0
15380    1212647.6562042141  658870.45295858406    0
15381    1212381.167782753  659066.80389533669    0
15382    1212403.6586427409  658818.31345470157    0
15383    1211933.7687088915  658382.93746772828    46
15384    1212731.2163014284  658290.74602412223    0
15385    1212122.9896507657  658918.17315904319    0
15386    1212292.7854225389  658466.71806483914    0
15387    1212804.0472959033  658114.17837119999    0
15388    1212735.0860420959  657942.85586499912    0
15389    1212498.0385918843  657862.63160338136    0
15390    1212573.9702066735  658447.17755316419    0
15391    1212411.4404356822  658622.58026538265    0
15392    1212207.9155184228  658712.50998117542    0
15393    1211985.8261601138  658089.33344283386    46
15394    1212141.9985137812  657208.5213681506    46
15395    1211881.7112576689  658676.54149262281    46
15396    1212300.875746262  658109.15977077361    0
15397    1212411.6055494717  657485.72458056675    0
15398    1212519.270224049  657659.39871765475    0
15399    1212281.32458335  657737.26613388257    0
15400    1212692.7978189562  657431.61588987324    0
15401    1212198.4100931003  657928.08584745857    0
15402    1212089.9410625589  657502.12539304502    46
15403    1214745.3155933602  659039.30119701207    0
15404    1215321.716135096  658543.06792858778    0
15405    1215549.6387392823  658553.52302131942    0
15406    1215515.6292871339  658846.90838128945    0
15407    1215291.8377557746  658903.98920283513    0
15408    1220992.8374379147  654545.69559124962    0
15409    1220503.8015681771  655234.7922868178    0
15410    1219342.7506636304  653815.06179259636    0
15411    1219126.0832581103  653694.96641497838    0
15412    1219506.5447989411  653741.92138365621    0
15413    1219612.9562552082  653461.12619671016    0
15414    1218922.1011771762  653887.19368322997    0
15415    1219140.0566467519  653266.54664370092    0
15416    1219197.7264748425  653482.86537392717    0
15417    1218810.5548552717  653470.2373397561    0
15418    1219397.0630853795  653313.87626659032    0
15419    1219006.046470599  653418.11994873174    0
15420    1218951.4995592774  653606.21710895328    0
15421    1218821.9670653744  653120.34250984632    0
15422    1218703.4483124132  653722.28993398917    0
15423    1222879.5113725881  655168.87264541839    0
15424    1221246.4481099101  654753.36807151628    0
15425    1221827.8278426284  654441.83426493942    0
15426    1221916.2274453102  654160.96553340077    0
15427    1220838.6361605732  653765.43766063615    0
15428    1221137.9736382766  653972.92688409926    0
15429    1220998.7270178043  653854.14664509066    0
15430    1221026.8518986758  653614.57993530505    0
15431    1220682.8449097392  653378.22531325254    0
15432    1221360.5544161606  653483.22083149478    0
15433    1220819.1780898515  653548.31968572421    0
15434    1221217.157294597  653608.48288963654    0
15435    1221113.4676970609  653345.07153304887    0
15436    1221395.3357075949  653667.74754501157    0
15437    1221674.7638029011  653519.53706310294    0
15438    1220604.4516241811  653580.74242885166    0
15439    1220896.9732367899  653346.28198716266    0
15440    1220449.055093053  653404.15790067858    0
15441    1220736.9942552892  653007.54539542634    0
15442    1220113.3894528577  653212.13223997073    0
15443    1221003.7836229689  653088.69158956513    0
15444    1220541.2197828104  653168.24149501754    0
15445    1220250.5694828259  653361.72691133816    0
15446    1220094.2852077829  653483.48960567266    0
15447    1220323.8800157055  653156.80514521513    0
15448    1220041.7486521369  653663.16737264639    0
15449    1219950.3751544643  653337.00679738482    0
15450    1219865.4522358864  653717.42109775299    0
15451    1219825.0248694438  653004.53276976221    0
15452    1219813.4004366  653910.31802583428    0
15453    1220448.6841556432  652855.90314971295    0
15454    1220145.5756232371  652906.51711257896    0
15455    1221024.3223474219  654974.82142563513    0
15456    1220792.2551597927  655120.72367623181    0
15457    1221997.8667048211  656421.91216184397    0
15458    1222286.3269250235  656262.26284847246    0
15459    1222190.9255457509  656782.34773051075    0
15460    1222568.0380954735  656709.16174748377    0
15461    1222677.8874701392  656403.21861284727    0
15462    1222675.8395789131  656888.23978339101    0
15463    1223025.6226441313  656980.23326507758    0
15464    1222829.3581344381  657015.50212371221    0
15465    1222985.9140246194  657322.98414520582    0
15466    1222809.4260434243  657219.24722755165    0
15467    1222781.2271892817  657469.22030580952    0
15468    1223125.8140038336  657735.17044286744    0
15469    1222603.4124895951  657583.10472576518    0
15470    1222457.8664267964  657765.10802403791    0
15471    1222993.6574253172  657550.19080640899    0
15472    1223366.1585261759  657423.76036327437    0
15473    1222907.869430626  657751.17974844994    0
15474    1223198.9886842668  657543.19293845294    0
15475    1223183.5787143877  657344.9134471002    0
15476    1223480.4162768992  657760.39714845666    0
15477    1223103.7166091776  657162.95627855859    0
15478    1223367.3542929615  656942.23041152034    0
15479    1223361.8230516666  657182.98313655914    0
15480    1223038.2387901482  658034.4666761104    0
15481    1223763.4008243938  657071.76939616224    0
15482    1222821.486796452  657962.57487292122    0
15483    1223545.8277133503  657066.77070143819    0
15484    1222603.5337469256  657975.57934377505    0
15485    1223662.894715958  656708.85543402948    0
15486    1223648.3466333712  657342.07505692996    0
15487    1221313.9032887898  659175.55123243551    0
15488    1221445.4045807384  659331.15634080966    0
15489    1221110.2892719994  659182.39752359793    0
15490    1221350.1007954353  659527.99039230798    0
15491    1220988.6767683805  659418.53997094452    0
15492    1221609.6882662626  659532.18906077847    0
15493    1220870.0584269504  659208.06573273556    0
15494    1227217.5231309324  657510.46643239923    0
15495    1227557.9290850924  657792.64318171784    0
15496    1227769.2911388553  658271.44814266113    0
15497    1220975.5327491253  659963.4147701778    0
15498    1220848.7068734122  660130.70831792383    0
15499    1220960.8950271299  659754.72105201939    0
15500    1220534.9090989169  660068.39884743374    0
15501    1220752.0421076303  659638.09974221152    0
15502    1221424.7637371984  659929.26462410588    0
15503    1230302.0089685752  662323.72461412475    0
15504    1230278.6853396278  663312.69790419016    0
15505    1230024.7316929563  663024.59301472409    0
15506    1230782.7223257839  665057.45652033889    0
15507    1231038.35639152  665414.85828164627    0
15508    1231266.4677053259  665784.57427158998    0
15509    1231208.209076927  665565.29003100062    0
15510    1231424.4869258977  665625.21121871332    0
15511    1231024.5570051796  665731.46312525298    0
15512    1231780.5407107649  665780.21679894032    0
15513    1230081.7473650805  668063.06087906263    19
15514    1230756.600843481  665994.68892649212    0
15515    1231625.9070472245  665648.97886151483    0
15516    1231873.4907968375  665472.03614320245    0
15517    1231524.7124036886  665924.93246327748    0
15518    1230844.6181976164  665816.28935123363    0
15519    1231056.0415736057  666031.51216015592    0
15520    1230650.6297705106  665831.49333055946    0
15521    1230433.278234743  666088.63452751632    0
15522    1230739.2144962521  665442.48101790447    0
15523    1229524.1693449612  665438.70964681194    0
15524    1229544.1447163699  665671.27989864582    0
15525    1229842.1214692474  665793.00345417229    0
15526    1229219.4712108518  665911.54542617977    0
15527    1229345.5474207806  665742.41338368366    0
15528    1229562.6802415769  666035.8274028087    0
15529    1229002.3383900556  665618.13140705472    0
15530    1223376.4778780669  660351.19180080236    0
15531    1223448.236433103  660170.19612165552    0
15532    1223463.8513508479  660539.20478619915    0
15533    1223699.2023619208  660029.48737936304    0
15534    1224826.4311700431  661721.02059391711    0
15535    1224486.0014969592  662512.24753311998    0
15536    1226585.1495764398  665302.45315765857    0
15537    1226408.3865509585  665153.31038713921    0
15538    1226994.7960343319  665246.77964636043    0
15539    1226209.332424589  665091.58427274856    0
15540    1226327.0308276571  664750.72172822931    0
15541    1226361.3086812517  664953.30938096356    0
15542    1226577.4913721827  664812.53751067317    0
15543    1226798.3749751088  665336.43968179543    0
15544    1226822.2683813833  665128.80080488592    0
15545    1226782.0036037108  664907.10819250275    0
15546    1227056.2283608075  664971.80513626721    0
15547    1227045.1093134603  665616.98544260638    0
15548    1226836.4058897905  664521.04386925569    0
15549    1226750.9404502786  664705.86571271706    0
15550    1226516.9115633171  664519.6837275431    0
15551    1227011.9782619446  664714.4035764673    0
15552    1225830.3520933758  667407.77775693568    0
15553    1225995.6070999731  667251.1042585657    0
15554    1226144.6747212019  667576.80107483012    0
15555    1226315.0928518898  667301.84102979559    0
15556    1221340.3335347271  650290.84930423985    0
15557    1221729.3298596586  650010.89322521444    0
15558    1221544.9475610671  650164.92716193886    0
15559    1221543.3053639543  650391.46100073657    0
15560    1221307.9323644983  650008.99754966772    0
15561    1221284.2592927129  650659.01355581137    0
15562    1221371.0702032566  650483.88312939485    0
15563    1221542.4858237219  650596.63098388654    0
15564    1221053.4066012944  650435.50052402378    0
15565    1221621.8954806032  649469.6323473556    0
15566    1221209.4296903429  649445.97477319138    0
15567    1221828.3056135634  647317.14858950721    0
15568    1221456.4699322076  647528.81944249896    0
15569    1221904.0193028622  647058.07596962899    0
15570    1221610.4426989935  647366.86708658771    0
15571    1221667.6948662614  647575.46771889785    0
15572    1221265.1786976219  647192.78401039133    0
15573    1221505.8039324987  647806.97433421423    0
15574    1221464.0830766435  647227.71878045681    0
15575    1221335.6742666818  647375.11862078635    0
15576    1221422.5010974491  646880.76194336114    0
15577    1221141.4633282511  647652.06969227898    0
15578    1221049.4595919799  647380.98200932017    0
15579    1222304.7117503299  646655.71214302047    0
15580    1223569.7230439153  645901.33803354064    0
15581    1223571.3350259005  645539.11170249805    0
15582    1223720.6363978351  645720.89287678665    0
15583    1223901.9463093474  645235.81711130985    40
15584    1224066.4601034697  645762.14754928404    0
15585    1223824.5769948787  645483.32085426571    0
15586    1221987.4276033468  645099.6747301782    41
15587    1223095.8697797328  645733.64316008904    0
15588    1225386.7364141892  646725.48173158348    0
15589    1225408.0105097494  646511.78438108857    0
15590    1225210.4040890499  646373.2148125876    0
15591    1224926.9663792613  646504.4965038579    0
15592    1225003.0270730176  645958.97277171328    39
15593    1224990.1977998756  646224.42468903447    0
15594    1226390.5780601297  646913.82152677595    38
15595    1226403.968860945  647173.89816844929    0
15596    1225776.5895896461  655172.93529240717    0
15597    1226175.5847432395  655444.31344161078    0
15598    1226134.0346049194  655874.81372968061    0
15599    1225901.964524643  655635.15999934438    0
15600    1226219.7801852224  655665.83427535149    0
15601    1226466.2757568676  655828.45381673472    0
15602    1227146.6194716569  656940.6503406649    0
15603    1230235.706407448  657473.02010675473    0
15604    1230568.5709447362  657507.19847279368    0
15605    1228252.7447794552  658274.49498352804    0
15606    1228653.8055605446  657930.90151231154    0
15607    1228788.261211978  657488.60830600525    0
15608    1229905.0939214609  657667.80746746331    0
15609    1230448.0780934272  658372.11552306428    0
15610    1230123.651505956  659189.06391734374    0
15611    1228942.2896687877  658563.10936811869    0
15612    1228610.4982225618  658525.13734124834    0
15613    1230296.9114044269  656326.17417481542    0
15614    1230399.3272074382  656139.62172687484    0
15615    1230521.8992810331  655977.75936688215    0
15616    1230755.330224803  655907.9555771189    0
15617    1230584.5969521583  656198.82814760471    0
15618    1230819.2257577905  655581.93112602364    0
15619    1231166.7470605713  655999.99673541484    0
15620    1230947.1479177182  656016.0666190458    0
15621    1230955.0494868187  655777.82385820348    0
15622    1231077.8233206421  656293.30534867954    0
15623    1231211.6382155372  655454.88251575956    0
15624    1231034.6059881167  655577.62916908797    0
15625    1230919.7895872453  655222.99808763131    0
15626    1231274.4140810012  655734.45776759088    0
15627    1230898.0070024077  656767.01062172779    0
15628    1231002.425541085  656614.43192182493    0
15629    1231318.8398896409  656567.21388963552    0
15630    1230808.6161745079  652938.18900638644    29
15631    1230305.0929914636  654298.69827216119    0
15632    1230900.2091125781  653976.72261175525    0
15633    1224115.0562361574  655943.60664208804    0
15634    1223186.8467992689  655411.26136665512    0
15635    1222836.9284465809  655555.40622999042    0
15636    1223358.4544712827  655512.20574532577    0
15637    1216424.3236120462  655361.68509163335    0
15638    1213703.9124991049  655008.4074585347    0
15639    1213590.9103719455  655190.60671921563    0
15640    1213340.3227464249  655464.15958888794    0
15641    1213360.5604775974  655231.14671513916    0
15642    1213563.3541482666  654611.97343673406    0
15643    1212964.4506927929  655314.12890791288    0
15644    1213693.4626007958  654788.97757472238    0
15645    1213175.0291435521  655332.41815523477    0
15646    1213039.4433801658  655672.10133867455    0
15647    1212558.4581235608  654859.68916899501    46
15648    1213102.3502164374  654978.68458023504    0
15649    1213481.6937508946  654808.31938362669    0
15650    1213293.5219254366  654896.8418261247    0
15651    1213062.361759603  654621.08308805153    0
15652    1213312.9755418461  654622.99510140589    0
15653    1213815.6255809064  654562.85984721791    0
15654    1213212.6524987612  653473.30905501405    45
15655    1212937.6127623834  653872.89508711011    45
15656    1213419.9072165848  654202.72663405165    0
15657    1213429.8677180542  654428.99884895131    0
15658    1213189.2388879729  654416.22301352804    0
15659    1213689.2696846274  654304.22463796695    0
15660    1212914.1161593385  654387.54952088429    0
15661    1213642.1616034317  655982.1686700579    0
15662    1213516.8884958629  659869.7411044077    0
15663    1214141.3556858764  659147.43022879446    0
15664    1212197.3307525464  659087.58815115108    0
15665    1212310.0525395777  659261.20125123905    0
15666    1211997.9186394496  659077.6231354737    0
15667    1212545.8006034917  659237.2370672517    0
15668    1212820.5216954846  659341.7300488262    0
15669    1212087.9113101065  658533.52513216354    0
15670    1212135.1840724018  658330.95183536701    0
15671    1211855.6825320576  658823.34350507008    46
15672    1212022.5209946325  658777.2162754013    0
15673    1211971.9832634844  658919.67271949071    0
15674    1212421.8293452095  658290.76721309894    0
15675    1212490.7046046879  657139.08195583301    0
15676    1212977.8588721748  657038.93471989012    0
15677    1212115.96978817  657355.32338059787    46
15678    1212310.7107945455  657314.14341046824    0
15679    1212238.2897251698  657452.7198300492    0
15680    1212205.9817613217  657603.13354861666    0
15681    1212063.9123369476  657648.92740549217    46
15682    1219735.0037820351  653588.0659988242    0
15683    1219777.5426395827  653425.02479271148    0
15684    1219641.2085652254  653196.70298783761    0
15685    1218664.9335194251  654000.77075037698    0
15686    1218339.4709514179  653418.83930719015    0
15687    1221780.6787538424  653753.06224110082    0
15688    1221004.8093836426  652606.17607269867    0
15689    1221438.0657719835  653054.55007472856    0
15690    1220811.9279482667  654889.93278029922    0
15691    1222261.8887151212  656446.83308770717    0
15692    1222449.8985967378  656377.82372433762    0
15693    1222559.5418780074  656049.08323639864    0
15694    1224153.6409650489  657397.51200915454    0
15695    1223554.8706982078  657547.4181240747    0
15696    1223878.9207356116  657570.98413735093    0
15697    1223705.2390870801  657719.48837522964    0
15698    1224038.0804278171  657932.94370390673    0
15699    1223652.9899726282  658070.57734658604    0
15700    1223903.8741419557  657775.98408238601    0
15701    1224118.3312466559  657645.86082674959    0
15702    1223834.5745442708  657971.09328497329    0
15703    1223999.523101062  658289.13043934084    0
15704    1223828.7431174279  658175.91122375836    0
15705    1223764.9569275819  658457.53834056493    0
15706    1223645.4584872539  658282.4358638284    0
15707    1224547.3813513084  657580.17773836968    0
15708    1224322.9434976582  657548.26763110259    0
15709    1224488.0222147524  657192.43647376855    0
15710    1224388.2161857362  657894.41628055123    0
15711    1224459.1844048763  657395.265505285    0
15712    1224305.4830310477  657269.94799793267    0
15713    1224809.5940345307  657341.62145200477    0
15714    1224052.1165204039  657122.51300221554    0
15715    1224296.22141559  656994.44183367374    0
15716    1221956.0085441917  659609.35990349681    0
15717    1221630.4034509999  659744.58786178147    0
15718    1227352.7347811945  657296.66832569812    0
15719    1227442.3898161631  657503.02335994493    0
15720    1227032.9913237197  657244.10878566629    0
15721    1227256.422094031  657114.75435887056    0
15722    1227336.7116686902  657710.82974810328    0
15723    1226947.2665638274  657816.01536849618    0
15724    1227125.1433115357  657701.05171176756    0
15725    1227130.4242275704  657904.31370521802    0
15726    1226877.64413344  657513.20139800024    0
15727    1227164.6332479469  658254.47700288205    0
15728    1226922.5611808442  658101.37344195892    0
15729    1227577.6643059116  658069.98529014539    0
15730    1227872.6579382201  658041.54949544359    0
15731    1228078.6032234433  658132.07587092824    0
15732    1228274.0453141565  658070.77548051253    0
15733    1228484.5966606904  658059.85080380517    0
15734    1228455.9630841762  658261.46335549478    0
15735    1228368.5784935642  658489.80036610458    0
15736    1228010.2595136501  658393.31694924866    0
15737    1228431.0018862418  658908.2141733258    0
15738    1228462.9366259864  658689.58641718165    0
15739    1228637.1343608182  658826.67752370052    0
15740    1228101.1614496887  658748.38849156245    0
15741    1228847.0286659568  659121.08707310911    0
15742    1228612.6654062595  659066.14732151281    0
15743    1228638.8381365605  659481.84506037366    0
15744    1228688.4883021936  659270.04623849771    0
15745    1228260.21393373  659288.11033964285    0
15746    1229014.5125979113  659458.19223420043    0
15747    1228402.9413167012  659123.93733928748    0
15748    1228476.5871316323  659332.09102049936    0
15749    1228132.0693138707  659032.57693225367    0
15750    1228309.6417932978  659675.74037704093    0
15751    1228334.7666769836  659475.57026292733    0
15752    1228484.3817337735  659596.0114595989    0
15753    1227986.9588444077  659505.33855026902    0
15754    1228750.7290712553  659794.78866774729    0
15755    1228497.5431015943  659856.20802104869    0
15756    1230449.5979246253  662423.19864164584    0
15757    1230282.5355670869  662511.84256322496    0
15758    1230469.0713261135  662235.08069254563    0
15759    1230238.6995534194  662002.66020595201    0
15760    1230742.16699276  662054.77763349924    0
15761    1229930.5201148232  662702.48001048481    0
15762    1230199.8309292961  662988.70484251622    0
15763    1230083.1969605912  662864.74569825735    0
15764    1230141.3656616611  663148.55215898296    0
15765    1229896.7864085583  662887.18043983006    0
15766    1230116.9306668565  662680.04526891198    0
15767    1229969.7035409678  663193.21976616315    0
15768    1229848.5288504155  663060.38462284335    0
15769    1229884.9742140099  663397.51620459522    0
15770    1229585.7411139391  662893.84283132316    0
15771    1229787.7796982962  663237.48760618828    0
15772    1229738.5292353469  662762.84555416577    0
15773    1229645.7260608084  663089.79048310628    0
15774    1229571.2860845348  663478.50674542377    0
15775    1229445.1353213233  662575.24732955801    0
15776    1229761.518019757  662500.46720999456    0
15777    1229594.286903413  663281.42561364779    0
15778    1229256.3172908309  663341.86482024717    0
15779    1229357.2381213934  663070.94920436025    0
15780    1229766.3891653684  663586.19420192926    0
15781    1229567.965523636  663715.10581376438    0
15782    1229554.3168802883  664003.74491035426    0
15783    1229334.2736587003  663593.50321869482    0
15784    1231726.8313246907  665374.42815864377    0
15785    1231883.7893263521  665297.5777042798    0
15786    1231891.6916960566  665131.57470284251    0
15787    1232044.6385143083  665394.60604825011    0
15788    1232072.1606938271  665683.30308030336    0
15789    1232170.9629415611  665270.21944792406    0
15790    1231892.3512188049  666276.35981439857    0
15791    1231301.6178519642  666027.65259624552    0
15792    1231547.828243291  666268.76301738981    0
15793    1231184.5485810237  666393.46244628378    0
15794    1231181.3635529021  666190.80552164349    0
15795    1231351.8971584865  666289.47884583625    0
15796    1230882.6712999297  666296.85336589045    0
15797    1231440.4739770638  666618.68722300511    0
15798    1223577.5863558059  659893.84882970457    0
15799    1223501.3724683428  659733.18151380809    0
15800    1223602.6403813853  659499.57659556915    0
15801    1223921.7790015843  659195.85777956131    0
15802    1223934.498588322  659528.75319163955    0
15803    1223716.3728656645  659299.55322611285    0
15804    1223629.8632053756  659053.57461810519    0
15805    1224736.8954533818  661937.00424208236    0
15806    1224604.5659769925  661755.59696772078    0
15807    1225139.4449464788  661977.33028997364    0
15808    1224677.651170694  661495.45447279874    0
15809    1224931.9005423654  662019.75330177089    0
15810    1225000.7062061697  661827.47639909701    0
15811    1225105.9473908662  662342.34363837796    0
15812    1225089.9150565986  661485.55808936735    0
15813    1225271.8266205727  661715.61683154374    0
15814    1224444.7872806976  662279.15209271153    0
15815    1224658.6017917714  662361.53830519051    0
15816    1224231.2901399382  662437.0923992513    0
15817    1224882.8768648109  662365.9773913183    0
15818    1225033.5619562375  662723.68171776435    0
15819    1224750.7748824197  662641.29004816629    0
15820    1225012.2036553002  662522.08836787334    0
15821    1225356.8265968601  662587.50455040613    0
15822    1227011.472013077  666314.9221617328    0
15823    1226816.4526548071  665834.31210968434    0
15824    1227481.0134847087  665211.05638308194    0
15825    1226039.2516966693  664320.66113831603    0
15826    1221373.8443453072  649801.31294529024    0
15827    1220996.8542675949  649795.97061037878    0
15828    1221102.2223777985  650175.43386673741    0
15829    1221389.4693145968  649456.30120719841    0
15830    1221289.776948222  649619.77733182744    0
15831    1221309.1220567178  649282.49864856235    0
15832    1221185.6384762654  649778.2360652358    0
15833    1221108.1540553414  649967.0856044807    0
15834    1221073.9758035254  649603.25816087914    0
15835    1220775.247805506  650061.86632812105    0
15836    1220912.3009173837  649327.0535208626    0
15837    1220772.4054407862  649594.36065673851    0
15838    1222047.8158916105  646829.08282463462    0
15839    1221686.8401768063  647761.21379715763    0
15840    1221697.7210777421  646875.8361741195    0
15841    1221339.1256757153  647693.08423391473    0
15842    1221243.9046606659  648011.3522029263    0
15843    1220646.398787094  647668.93205121055    0
15844    1220845.5650454119  646929.53959556215    0
15845    1222322.3790699984  646253.66216348775    0
15846    1223706.8487125523  645136.30753304495    40
15847    1223504.3228469228  645292.3698510963    0
15848    1223697.0957094312  645333.09335339    0
15849    1223272.7825624966  645487.72424836992    0
15850    1223121.5559221669  644837.77879825037    40
15851    1223205.2107035469  645155.78217225522    0
15852    1224097.0439061425  645335.32668957463    40
15853    1224110.0846150834  645550.76728956331    0
15854    1224529.103359631  645609.54843579745    39
15855    1224302.6829635794  645700.70733145368    0
15856    1224508.6040745494  645885.40317904274    0
15857    1224240.582859582  645946.77751735551    0
15858    1223903.3553177097  645659.31094882626    0
15859    1222515.0025521074  645712.45707177324    0
15860    1224823.1435409549  646333.88282538345    0
15861    1224647.7167595269  646122.37737780146    0
15862    1226634.7474010512  647228.64736083313    0
15863    1226796.0614674212  647076.39735732216    38
15864    1225846.031345298  655454.2015452733    0
15865    1225679.7060092227  655604.73524825985    0
15866    1225492.1702381631  655499.33373725147    0
15867    1225411.3382165437  655862.69159720244    0
15868    1225313.2592423754  655650.20328932768    0
15869    1225746.6224648778  655942.9304386836    0
15870    1225011.5454969388  655918.34584405669    0
15871    1224995.8311018036  655559.77427692828    0
15872    1225203.0129417351  655829.96954344958    0
15873    1225253.1614724654  656190.21190801356    0
15874    1226544.9600250523  655661.54438550433    0
15875    1226739.0255125384  656027.97210194194    0
15876    1227328.7638618012  656935.85669954342    0
15877    1227233.2941068844  656771.15906398301    0
15878    1227034.8284975011  656776.57502609619    0
15879    1226868.9825974253  657009.69382404885    0
15880    1226804.6772862268  656521.52551326586    0
15881    1230543.6323129525  657274.21543715545    0
15882    1230698.3027287768  657112.74469959852    0
15883    1231052.561851111  657268.27907898882    0
15884    1230799.1870002181  657364.68696363876    0
15885    1230898.9053244791  657137.04758998193    0
15886    1231048.5788759689  656989.32714657451    0
15887    1231409.0745142465  656939.82039759576    0
15888    1228533.6741215561  657746.51677417778    0
15889    1230189.3917687584  658459.80335985369    0
15890    1229995.6005267079  658947.7949429499    0
15891    1231124.5276090645  655828.28104230121    0
15892    1231706.1486646733  655490.6805482019    0
15893    1230528.7207788068  653449.49335222319    0
15894    1230646.8198073336  654012.9655078575    0
15895    1230644.8640962481  653719.26304869785    0
15896    1230832.1312426897  654404.65860141115    0
15897    1230676.5583197039  654238.57841461373    0
15898    1230890.0585179026  654194.49086493952    0
15899    1230619.3323099413  654448.08925204154    0
15900    1231255.8716872337  654102.42142032762    0
15901    1230789.0632724792  654736.6818451524    0
15902    1231129.6274557777  654373.58875961299    0
15903    1224164.1447100732  655760.06341052894    0
15904    1224368.062321126  655912.93694421393    0
15905    1223929.0215606689  655795.51588360278    0
15906    1224502.0364245654  655761.67262675904    0
15907    1224712.428318585  655984.27874776232    0
15908    1224292.364303635  656347.381903823    0
15909    1224264.6474768363  656118.73518337286    0
15910    1224506.5208222582  656111.39557598974    0
15911    1223971.9257227527  656270.22255533305    0
15912    1224820.0463752591  656388.92743084906    0
15913    1224705.1683244333  656202.84465834545    0
15914    1224894.7033829163  656099.73681817134    0
15915    1224551.6411444549  656426.12586282112    0
15916    1216299.7419109594  655225.6792161304    0
15917    1216223.684097999  655068.26971118152    0
15918    1216143.6938349581  654916.10651119228    0
15919    1216050.6494801859  654759.60169338563    0
15920    1216315.5353200214  654919.3816379226    0
15921    1216523.2771862294  654706.57032819779    0
15922    1216515.8361165081  654907.10876107472    0
15923    1215885.8075699559  654685.7972642401    0
15924    1215749.3038587729  654526.02677518036    0
15925    1216150.7645080155  654584.51183752785    0
15926    1216591.0505168119  655085.00569174241    0
15927    1215845.7725627522  654175.43969184905    0
15928    1216349.7741850694  654606.61892309552    0
15929    1216771.9065217401  655125.86045679578    0
15930    1215692.3907911058  654321.80052097805    0
15931    1216150.1990283171  654266.70093756064    0
15932    1216907.112341336  654995.15930758894    0
15933    1216642.8772979956  655276.31308439793    0
15934    1215365.6773757781  654154.96543171699    0
15935    1216602.0973732213  654369.18311130651    0
15936    1216269.1727826414  654425.39520108374    0
15937    1216885.780530323  654712.28467598034    0
15938    1216722.1527487868  655458.84271482204    0
15939    1215609.3081227504  654081.18220005557    0
15940    1216402.5678743061  654201.44364907825    0
15941    1215365.2692130548  653714.49415755772    0
15942    1215431.9486130609  653934.66819528071    0
15943    1215883.6799384537  653736.60243178159    0
15944    1215041.2074235976  653937.23959636735    0
15945    1215798.497535117  653950.30013283179    0
15946    1215623.1512390375  653756.57884641178    0
15947    1215236.168835728  653873.7759271051    0
15948    1215190.6568302501  654065.15644531953    0
15949    1215036.8652911054  653580.27744504879    0
15950    1215204.3407490645  654253.93438883673    0
15951    1215004.2820220888  654131.64246234554    0
15952    1215379.1136072299  654357.85669822013    0
15953    1215178.7044042081  654435.87775819772    0
15954    1214776.1238941911  654261.4464945012    0
15955    1214770.7473955362  653986.57598146668    0
15956    1216114.682723653  653952.50904579845    0
15957    1214086.5692284859  654249.87268302625    0
15958    1213722.7221129218  653807.27081921103    0
15959    1212610.5155747831  654566.08514410059    46
15960    1212800.0928941946  654072.68810315814    45
15961    1213096.2897647026  654129.33909682126    0
15962    1213560.8231842299  656332.67895053956    0
15963    1213345.3276555571  655818.33885467739    0
15964    1213523.6114755662  659626.51366848254    0
15965    1213919.6048769923  659759.16584030306    0
15966    1213259.8099582002  659740.92863844114    0
15967    1213701.4101967837  659753.1347838114    0
15968    1213815.492949147  659575.78548956465    0
15969    1214100.3096441722  659535.32863639889    0
15970    1213800.6051510805  660114.40394598898    0
15971    1212616.9883107878  659463.45767796645    0
15972    1212549.2582570638  659695.22105166595    0
15973    1212405.6782702859  659840.77616665489    0
15974    1212216.1950296359  659720.76347939181    0
15975    1212884.448897768  659158.28616549913    0
15976    1212995.7324840189  659012.42401166901    0
15977    1212834.1308751684  658940.23271769844    0
15978    1212904.2231977533  659500.81521006557    0
15979    1213005.1019271736  659346.17654979031    0
15980    1212980.4632463623  659692.8988997686    0
15981    1212527.4041392605  657329.80225017515    0
15982    1212725.8169836374  657192.73135067837    0
15983    1212682.8719689543  656838.93165471125    0
15984    1212640.7442862501  657023.55143893696    0
15985    1212194.0559650036  656914.91734325618    46
15986    1212812.297874152  656965.58122672071    0
15987    1212439.004353418  656880.40080544038    0
15988    1212957.3827062508  656687.85959939915    0
15989    1212956.3097876594  656864.0568644515    0
15990    1213205.9174623268  656777.47490210435    0
15991    1213119.9272531907  656932.6619320293    0
15992    1213326.0963214224  656945.48424155812    0
15993    1213202.1912385267  657190.73153692775    0
15994    1212519.9744520334  656618.77096458431    0
15995    1219829.4259660097  653192.74042687647    0
15996    1219978.7381254642  653095.09358594706    0
15997    1219975.7783452203  652924.38448188745    0
15998    1219767.6342163598  652714.73219760589    0
15999    1220033.6663644004  652658.7633327723    0
16000    1219342.6942960743  652887.6511837336    0
16001    1218612.203303651  654312.72339725087    0
16002    1218567.2559829894  653515.6336580707    0
16003    1218339.598137045  653813.87205205136    0
16004    1218555.0096239597  653228.03375214932    0
16005    1218390.0040667269  653616.33943034033    0
16006    1218037.5839957956  653631.60721676273    0
16007    1221877.7409281351  653918.2485930546    0
16008    1220931.4759254013  652847.27902474243    0
16009    1220688.2704156886  652750.28550793556    0
16010    1221242.3702792097  652810.13615028758    0
16011    1221325.6727210295  653255.57049627439    0
16012    1221220.3863618085  653064.77316965279    0
16013    1221588.612994676  653270.65332049632    0
16014    1224058.1580169639  658618.36097377725    0
16015    1223639.355776537  658600.4566209804    0
16016    1223566.1104857761  658772.70036137023    0
16017    1224203.3217961288  657824.37703724881    0
16018    1224227.1171654044  658040.62844807934    0
16019    1224549.8703273991  658234.38641325245    0
16020    1223917.8265417048  657328.33028671332    0
16021    1223955.9272583725  656823.07658480899    0
16022    1221798.0166864279  659502.70365154825    0
16023    1221989.3839209629  659360.48062888102    0
16024    1226462.2119854821  657917.76939823583    0
16025    1227463.9577320586  658370.0073135678    0
16026    1227726.5517723237  658655.12070693169    0
16027    1229359.0666859853  659293.10001499788    0
16028    1228242.590188476  658876.78190055117    0
16029    1228278.2220220633  658695.44203831314    0
16030    1228138.2041901734  658549.73348971433    0
16031    1227935.5254988817  658614.72159928887    0
16032    1227874.5103552009  658859.78867554781    0
16033    1227461.4940995392  659002.55131827237    0
16034    1227646.4566857596  658868.83815188147    0
16035    1227774.194140225  659209.8314335196    0
16036    1227373.4165173923  658685.93147365679    0
16037    1227646.2508295923  659063.33738929161    0
16038    1227453.1790090888  659338.99791604944    0
16039    1228104.6438499757  660077.23682391539    0
16040    1229622.8636300825  662620.51501377614    0
16041    1229497.1333562932  662742.6235671828    0
16042    1229405.835944847  662897.68951940478    0
16043    1229094.528577392  662903.8160049431    0
16044    1229279.023750392  662718.61759463151    0
16045    1229577.3163852619  662427.81192227732    0
16046    1229761.7997577786  662229.92374765826    0
16047    1229266.9958780727  662282.56880391622    0
16048    1229236.6405346065  662501.59640134894    0
16049    1229029.6354112646  662654.67274364468    0
16050    1228966.2939315112  662352.51139091351    0
16051    1227244.4966578663  664326.88425023144    0
16052    1229413.5984404541  663246.19961412845    0
16053    1229605.2272278864  664227.60025515396    0
16054    1229351.5400120397  664167.57830161939    0
16055    1229349.5894064817  663849.42188352789    0
16056    1231898.400826053  665647.6568575073    0
16057    1231954.3807303971  665816.10420413874    0
16058    1232233.2586768875  665944.80872641003    0
16059    1231819.148579692  666032.1864355451    0
16060    1232048.9604109561  666096.3490407503    0
16061    1231721.8126046841  666194.42722974683    0
16062    1231716.7640264258  666423.38572393067    0
16063    1232392.1393874227  666325.87299000763    0
16064    1232255.1893378056  666159.31891643628    0
16065    1232048.1092558629  666640.73679182155    0
16066    1232883.5921159936  666121.58735742676    20
16067    1232099.8787925967  666298.77828830981    0
16068    1231978.0036759044  666455.2254380337    0
16069    1232178.2740789885  666485.54463139398    0
16070    1231825.4999297946  666618.85957853135    0
16071    1232544.9109112369  667331.05387192906    20
16072    1232657.8046461558  666927.89836709504    20
16073    1232359.7355975686  666769.92530028359    0
16074    1232563.674178296  666045.24649510649    0
16075    1231900.5645107597  666998.55540023197    0
16076    1231920.3353912584  666797.37884610496    0
16077    1232144.1504029206  666849.51211396139    0
16078    1231620.2952829932  666869.45180590218    0
16079    1232352.9356037173  667083.28802183107    0
16080    1232303.1269657388  665657.94788157218    0
16081    1232489.2958670075  665813.99477305624    0
16082    1232734.5985213683  665722.20261757588    0
16083    1230893.8120434682  666114.82310135756    0
16084    1230702.8613135826  666194.49245531543    0
16085    1230623.2032206948  666543.53208378144    0
16086    1223997.9062074882  659864.1988194593    0
16087    1223442.1160269657  659085.3911217578    0
16088    1224517.4550117489  661394.28395415167    0
16089    1224712.4406306371  661262.95314967353    0
16090    1224881.7820372263  661407.1453698281    0
16091    1224689.523254134  660856.81489663199    0
16092    1224639.6881160487  661063.34268208221    0
16093    1224329.0082554617  660884.55671879742    0
16094    1225006.7234765566  661042.63178503246    0
16095    1225054.9841873175  661262.84311430797    0
16096    1225395.6387128832  661072.79252727574    0
16097    1225318.8883239531  661335.54887631768    0
16098    1225196.6292769993  661116.4067085057    0
16099    1225223.8861502919  660764.93613683875    0
16100    1225094.0543443668  661669.23481587751    0
16101    1224938.1323617608  661580.8636262588    0
16102    1224278.6075200399  662745.93105710472    0
16103    1224048.4737344966  662402.94406189164    0
16104    1224151.3944970975  662244.63745840336    0
16105    1224760.0743636419  663135.86292531237    0
16106    1225639.1698486868  662065.76669786777    0
16107    1226782.5744668033  666360.97978532256    0
16108    1226747.8652628525  666137.19059802976    0
16109    1226950.3320668433  666602.88560805272    0
16110    1226692.8274192652  665701.23900095071    0
16111    1226855.4843776189  665602.73282143776    0
16112    1226647.3502076415  665867.44806283154    0
16113    1226963.0339689963  665440.39723517501    0
16114    1227249.5921924475  665387.99177556369    0
16115    1227448.6212683087  664771.84425759793    0
16116    1226248.0454146655  664492.26020278397    0
16117    1220886.3319628793  650269.52499377821    0
16118    1220694.9271878731  650629.27554982505    0
16119    1220844.922634308  650478.28681708861    0
16120    1221002.8847242729  650718.65462486877    0
16121    1220531.2969027383  650316.72300039919    0
16122    1220925.9739993836  649504.47013489669    0
16123    1220765.1628391424  649828.16616694373    0
16124    1220414.1264885182  649960.38227485411    0
16125    1220517.7860646013  649703.48823549214    0
16126    1220611.3385436649  649951.87189585972    0
16127    1220603.1008437152  650141.2700818642    0
16128    1220707.9468067749  650286.59749982483    0
16129    1220645.9131199236  650455.82696536032    0
16130    1220358.1762524454  650576.13925225218    0
16131    1220529.7724131807  650582.29628025601    0
16132    1220433.775081327  650863.47055774555    0
16133    1220570.4305589923  650753.15225245722    0
16134    1220796.2025276332  650855.5558900513    0
16135    1220616.978212036  650950.61191912589    0
16136    1220402.5618649006  650161.61900117865    0
16137    1220864.0527599999  651199.97290136665    0
16138    1220318.6193013578  650362.2671438501    0
16139    1220381.025076573  651210.52122942661    0
16140    1220074.9911403521  650041.84358618164    0
16141    1221032.5382077422  650987.88946693181    0
16142    1219984.1139539129  650534.73015227541    0
16143    1222251.0461791402  646853.20790425315    0
16144    1221551.9514431653  646422.39114484936    0
16145    1221850.3649616835  646684.69917207374    0
16146    1221614.1262940553  646652.55660799518    0
16147    1221827.9319447533  646409.32159464457    0
16148    1221327.5638308048  646606.48563068185    0
16149    1221422.8582081152  647970.67770530866    0
16150    1221386.2196570549  648169.05893066642    0
16151    1221120.0756899472  648303.72042010736    0
16152    1220891.3862136637  647585.78641236073    0
16153    1221015.6433866331  647124.48931801505    0
16154    1222537.5799165545  646257.2248254671    0
16155    1222426.9603190124  646437.81523259485    0
16156    1222434.3962836054  645988.64944458811    0
16157    1222221.8219507714  646432.54153019714    0
16158    1222028.9141086782  646352.44742154528    0
16159    1221834.2097156604  646047.95315991738    0
16160    1223399.8910008741  645642.20912528841    0
16161    1223317.4564701775  645305.78151696303    0
16162    1223102.6820534691  645349.50211653789    0
16163    1222834.1543463711  645083.38829971862    0
16164    1222669.0321235326  645886.70868009992    0
16165    1222809.661725994  645607.19629106973    0
16166    1224884.5461446708  645871.61668773426    39
16167    1224835.3487308887  646062.36886426492    0
16168    1224744.6969127809  645937.26819895883    0
16169    1226651.1081315002  655861.96955514036    0
16170    1226861.9242956857  655852.69258571719    0
16171    1226524.1926246972  656035.46830707393    0
16172    1226318.2721438049  655981.47009612154    0
16173    1226640.6978539245  656292.19466591894    0
16174    1226049.4747717567  656233.33542364952    0
16175    1226353.2128222233  656267.85966427787    0
16176    1226755.7926558133  657263.46924865525    0
16177    1226782.678948381  656772.74285696202    0
16178    1226515.6064980663  657004.2100166725    0
16179    1226453.8260921622  656617.3743781012    0
16180    1226693.3416881266  656939.47427976294    0
16181    1226656.4693842323  657114.59780982661    0
16182    1226459.5222271509  657353.56469990336    0
16183    1226491.8633957447  657179.57751116308    0
16184    1226187.4792297962  657212.99725275289    0
16185    1226325.5608709306  657067.77067697269    0
16186    1226542.4568160309  656801.57062506094    0
16187    1226015.9490528109  656911.64870774525    0
16188    1226368.9754739059  656881.68240381067    0
16189    1226196.0946227945  656939.4575816025    0
16190    1226083.2899277427  657072.81020066305    0
16191    1225903.1616623781  657315.49558322364    0
16192    1225839.4777840923  657080.03657300107    0
16193    1226150.3092351498  656638.65988609998    0
16194    1226646.9644696394  656634.2869177222    0
16195    1226564.5055336822  656464.69391806074    0
16196    1226381.9617179164  656448.8227531811    0
16197    1226185.8148202263  656387.21868441859    0
16198    1225927.2807352545  656478.93896786438    0
16199    1225481.2767254733  657303.25981467485    0
16200    1225695.0145517895  656751.9731420168    0
16201    1225694.0657992796  657245.70740475005    0
16202    1225826.5952975738  656889.87037773652    0
16203    1225583.3376981649  657001.86890016275    0
16204    1225898.3717287455  656689.65631006972    0
16205    1225683.0080875601  657626.97336221708    0
16206    1225630.9968097089  657434.67156884528    0
16207    1225816.3969439259  657487.71152393671    0
16208    1225338.4503240385  657616.98028430075    0
16209    1226145.0587737255  657545.33120644453    0
16210    1225941.383680373  657740.93998604047    0
16211    1231085.5761941429  657736.20400080108    0
16212    1231250.9872712493  657125.94148872141    0
16213    1231638.3445489581  657294.75591710105    0
16214    1231470.1431513601  657151.8892755307    0
16215    1231790.9055651026  656944.693304174    0
16216    1231336.4962712163  657479.68368032528    0
16217    1231661.7940891441  657096.7003119922    0
16218    1231600.3547447734  656913.67930093524    0
16219    1231978.1527585718  657234.57279049081    0
16220    1231477.289135251  656726.07139524748    0
16221    1231734.2910099116  656691.65303175699    0
16222    1231237.3728922645  657316.43845834967    0
16223    1231107.7187166165  657506.8819089178    0
16224    1231283.2780097693  656781.91511725471    0
16225    1231573.9614293296  656471.19777644041    0
16226    1230877.5893748142  657600.39148867445    0
16227    1230756.6063891673  658012.83245771914    0
16228    1230879.3429055547  657824.87055892812    0
16229    1231129.3376417104  658122.16723084077    0
16230    1230606.609533045  657780.83301636414    0
16231    1230959.4726689628  658011.24775649328    0
16232    1231136.3437343878  657925.91035847622    0
16233    1230860.6646212884  658348.09253441158    0
16234    1231368.6337829912  657762.10078765196    0
16235    1231385.8156238282  658033.0696419545    0
16236    1230130.87693034  658147.92742302327    0
16237    1230463.9917496629  658844.47899336903    0
16238    1229726.0111899429  659158.65066776494    0
16239    1231453.4908503043  655547.41236855928    0
16240    1230403.7701401336  653659.17059234995    0
16241    1230252.7204925821  653427.08840036031    0
16242    1231041.4002161187  653181.47896023211    29
16243    1231002.4385419346  654595.55467000429    0
16244    1231433.7243817772  654695.26293104433    0
16245    1231065.6872230121  654923.05110652919    0
16246    1231233.1292954218  654580.3197349885    0
16247    1231434.1610019442  654350.3962082396    0
16248    1231242.1903333906  654797.01428199583    0
16249    1231506.5106948034  655063.41894476477    0
16250    1231274.674787641  655029.11249518325    0
16251    1231359.0889755203  655259.16166781017    0
16252    1231138.9736711977  655246.73590703413    0
16253    1231594.0935385746  655282.76708303147    0
16254    1231913.6571028589  655028.01011855796    0
16255    1231851.6911909482  655278.0874569352    0
16256    1231715.4277501628  655107.16050736571    0
16257    1231662.0334946469  654841.39817898301    0
16258    1231082.5960705003  654186.72220275667    0
16259    1231094.9174939976  653991.81857425801    0
16260    1231022.5700951838  653661.73190269945    0
16261    1231893.2396753742  653694.43582873687    28
16262    1231583.7119665518  653559.60237140732    28
16263    1231352.0230660823  653790.08236416196    0
16264    1225037.141003035  656290.74027298973    0
16265    1225311.6786719661  656598.31872049859    0
16266    1225220.8291535964  656403.09664948995    0
16267    1225583.897095344  656349.34071820334    0
16268    1225012.5625244216  656618.76677702181    0
16269    1224335.7773124587  656670.66458071268    0
16270    1217059.8510286435  654789.98428391502    0
16271    1216703.7389556661  654759.53686689935    0
16272    1216663.8565425554  654561.51181857882    0
16273    1216939.1482899257  654367.03199551173    0
16274    1216542.347364933  655504.95729533327    0
16275    1216613.4956000533  655672.49359823624    0
16276    1215563.9244331389  653308.34928843065    0
16277    1214868.587013721  654426.69877422939    0
16278    1214869.2962637423  653760.82326054946    0
16279    1214446.0575122992  653710.45126646513    0
16280    1214650.0748159811  653799.51187353395    0
16281    1214415.2702558616  654083.43538250867    0
16282    1214692.6419111518  653423.7918885689    0
16283    1214837.0868707311  653562.89354518685    0
16284    1214652.9411068333  653609.56530287745    0
16285    1214961.5573126413  653289.09424266673    0
16286    1214457.1305566037  653470.59065950359    0
16287    1214059.4340038504  653572.41709237255    0
16288    1214497.3630467646  653057.06156675483    0
16289    1214273.8525500703  653582.31561673665    0
16290    1214188.3963306013  653876.94581527764    0
16291    1214182.5281984899  653233.27246177988    0
16292    1214539.6560433803  653269.89794518775    0
16293    1214758.051122637  653115.88013412175    0
16294    1216241.0249267942  654097.33063218358    0
16295    1216417.7539489898  653815.63121754292    0
16296    1216412.5131339242  654008.6300198118    0
16297    1216734.8402765284  653920.81214340206    0
16298    1216614.8185122327  654115.72816166969    0
16299    1216861.0222484092  654132.92052882805    0
16300    1217149.2934397911  653817.84314125252    0
16301    1217196.9916198305  654150.89475109754    0
16302    1216957.6067982875  653931.87634347402    0
16303    1216864.5516266997  653557.32663028478    0
16304    1216967.6057398589  653730.55772841955    0
16305    1216772.4914448461  653729.36134298402    0
16306    1217203.0397843134  653473.23078805651    0
16307    1216533.5422733659  653490.8442828824    0
16308    1214142.4253453359  654454.96565902408    0
16309    1213942.7970808726  654399.18092249415    0
16310    1214317.0493830999  654297.25505095767    0
16311    1213876.1678698286  654191.14742563257    0
16312    1213664.9192657766  654052.98265652778    0
16313    1214033.1670338139  654034.92599677376    0
16314    1213375.851741384  653855.32565910649    0
16315    1213845.2079921826  653965.74006940832    0
16316    1213942.6816026159  653763.82841918583    0
16317    1213558.570571891  653898.30962253967    0
16318    1213432.4355392621  654024.64393764362    0
16319    1213272.4223487389  654102.86886466912    0
16320    1213154.3027470517  653916.12964503025    0
16321    1213522.8355245211  653640.36621485918    0
16322    1213783.2740049874  653535.28431921185    0
16323    1213075.1326305722  653673.10207106208    45
16324    1213283.1519274774  653669.05941016763    0
16325    1212835.5028898113  654601.27217510948    0
16326    1212930.9748946088  654816.81188520498    0
16327    1212852.1655247232  655071.90195017017    0
16328    1212737.28561966  654773.69114530599    0
16329    1212928.4393633169  654204.28576127556    0
16330    1213678.2119990014  656175.22714376391    0
16331    1213748.149392606  656349.85499308293    0
16332    1213439.6793454709  656119.87393432437    0
16333    1213688.0031161935  656572.42998799647    0
16334    1213194.4210764258  656400.37686399673    0
16335    1213365.8456150293  656302.78975334833    0
16336    1213428.7039863761  656543.64051306865    0
16337    1213139.8871947289  656105.22257961589    0
16338    1213532.2707425209  655830.45048389002    0
16339    1213450.7636069905  655639.72394358017    0
16340    1213251.5229513117  655642.53941436973    0
16341    1213264.863971442  659555.01777511428    0
16342    1213301.8765420213  659977.91344325314    0
16343    1213522.9444718917  660149.55205380986    0
16344    1214110.0325897997  659340.23660671909    0
16345    1214388.3081753664  659451.89353233424    0
16346    1214297.6317112655  659879.4880979025    0
16347    1212952.5779744848  657280.92580396775    0
16348    1212168.0272393925  657061.71935570333    46
16349    1212333.1045171618  657015.27985922492    0
16350    1212284.1905043491  657158.02419663663    0
16351    1213381.9719554156  657299.35581021465    0
16352    1213181.615799671  657427.8722406067    0
16353    1213358.9485709092  657500.40477737912    0
16354    1212743.3322384644  656623.852418739    0
16355    1212350.228318671  656034.10526857292    46
16356    1212921.7721856893  656417.03354199836    0
16357    1212637.7714076689  656352.38928523834    0
16358    1220267.2710573899  652702.39649455959    0
16359    1220222.7479972527  652293.60863293766    0
16360    1220489.4355727073  652623.79371126974    0
16361    1220183.3158257033  652504.72192272451    0
16362    1219853.3181318357  652333.84502363973    0
16363    1220387.2108314352  652433.56659275957    0
16364    1220741.3891156395  652447.26520086429    0
16365    1220536.8228343853  652091.15133273229    0
16366    1219595.1569211441  652899.47170159651    0
16367    1219481.7029014458  652620.66401733784    0
16368    1219440.6417795862  653091.73726561386    0
16369    1219226.3229552077  653069.04865494522    0
16370    1219024.6327616167  653098.54058725527    0
16371    1218887.1845521154  652773.72139228613    0
16372    1219095.2633198663  652877.1626491932    0
16373    1219140.2728570309  652525.62049157498    0
16374    1219226.0642400901  652715.25721794995    0
16375    1218540.0261247954  653841.59188768442    0
16376    1218405.5115449242  654075.74200574402    0
16377    1218736.2888590405  653292.68154552788    0
16378    1221865.0860026344  652917.55921137088    0
16379    1221932.7012761922  653290.89994624874    0
16380    1223871.8208512221  658610.39481210813    0
16381    1223971.4194766749  658463.97221953922    0
16382    1224236.0902705763  658416.83518904285    0
16383    1223956.9292426226  658802.91451777029    0
16384    1224313.2606099104  658878.32542341459    0
16385    1223812.4507817233  658953.10731505218    0
16386    1224018.1976084695  659006.43899272638    0
16387    1224283.7646662698  659260.86791623954    0
16388    1224111.1584920967  656938.37883689499    0
16389    1224141.3336994469  656735.60910021013    0
16390    1223938.5079134321  656545.91400845954    0
16391    1224179.746009798  656527.06146104191    0
16392    1223925.1609300321  656998.12764229951    0
16393    1223774.376126091  656881.3970442455    0
16394    1226720.0958528181  657940.09615293529    0
16395    1227373.6965579847  658164.24079053185    0
16396    1227592.9321714377  658247.32979242562    0
16397    1227656.0287356658  658442.8010888634    0
16398    1229337.0060828601  659086.1128289015    0
16399    1229532.4971845462  659117.08037345216    0
16400    1229109.8145418484  659214.99600100482    0
16401    1229654.0228588474  658974.85595895711    0
16402    1229585.2859515394  659342.54219038377    0
16403    1229904.4023107986  659440.95827324654    0
16404    1229390.274274389  659692.55826142081    0
16405    1229434.9561691161  659488.11933190655    0
16406    1229682.6321913498  659593.47384405544    0
16407    1229219.399172964  659548.10975950304    0
16408    1229091.1858394896  659873.07194834505    0
16409    1228017.0102201642  659250.174260673    0
16410    1227923.3202960701  659063.17258964875    0
16411    1226789.9778187564  658578.92289347097    0
16412    1228267.7361129734  659907.42660802428    0
16413    1228467.4843162894  660262.49761495693    0
16414    1227989.0286167671  659802.970357602    0
16415    1228314.0233868132  660115.10783549817    0
16416    1228512.9218204299  660061.6025209449    0
16417    1228146.5994598162  660443.01410968695    0
16418    1228822.9901833229  660237.31828686083    0
16419    1229128.7365304336  663140.08354377653    0
16420    1228858.2718150537  663452.31450063048    0
16421    1229040.6256391483  663337.01718491176    0
16422    1228739.160400063  663075.87808804668    0
16423    1229144.5395710396  663514.38747475389    0
16424    1229165.143202153  663732.04265272862    0
16425    1228944.1302096071  663046.20157110121    0
16426    1228866.5926442302  663233.34614887217    0
16427    1228805.4153670231  662810.80684344668    0
16428    1228583.3977920311  663332.2269755865    0
16429    1228967.2272418037  663640.97495655401    0
16430    1229117.8737331424  664009.92671258037    0
16431    1228600.2293589183  663727.13177485904    0
16432    1228992.9310494405  663845.71092039056    0
16433    1228783.3753416364  664134.78910338774    0
16434    1228802.8701267675  663765.5908447355    0
16435    1228664.1576406471  663943.38022691535    0
16436    1228406.6935029095  664236.57139303745    0
16437    1228342.7871864608  663920.81151888624    0
16438    1228579.6735791629  664128.83194339462    0
16439    1228671.6562946427  664469.24694601668    0
16440    1229996.4176808936  662108.25079281151    0
16441    1229505.8904834827  662176.28697119979    0
16442    1227069.7535763842  664485.55255696271    0
16443    1226894.2875984048  664116.75266909413    0
16444    1227304.5864134971  664568.61908624251    0
16445    1227037.6793590337  664274.67152905825    0
16446    1226835.0881992751  664314.56620289746    0
16447    1227227.5795224863  663958.18051293236    0
16448    1226537.0054557277  664117.59433718969    0
16449    1227674.9805760568  664348.21167442296    0
16450    1227225.8313829897  664777.09092040954    0
16451    1227456.5199114473  664402.51600295061    0
16452    1227342.5485894922  665000.46773306199    0
16453    1227432.9821130922  664133.4960514314    0
16454    1227619.2892423819  664590.74566073157    0
16455    1227600.8993943587  664981.41417171247    0
16456    1228048.8977595326  664561.73257926805    0
16457    1227829.7148866223  664511.40319369687    0
16458    1228022.6780505178  664173.48666598857    0
16459    1227873.4443597693  664823.39464126085    0
16460    1227977.1943659869  664371.56666503672    0
16461    1227835.7522923253  664234.82629458688    0
16462    1228196.194321621  664317.5920035477    0
16463    1227646.2738851628  664136.83417095372    0
16464    1227852.4764583735  663970.30370929756    0
16465    1227544.8681315593  663800.34272846824    0
16466    1228227.3039181398  664103.61558857909    0
16467    1228394.181472288  664518.02261859097    0
16468    1228065.6095756744  663964.64551831072    0
16469    1227949.6700999616  663614.41494572954    0
16470    1229200.3570549048  664379.46404419048    0
16471    1232392.2549024336  666549.08987405384    0
16472    1232575.0734458503  666437.386793321    0
16473    1232827.1452485342  666323.16510984383    20
16474    1232714.2515136153  666726.32061467797    20
16475    1232119.0456349209  667082.05413297925    0
16476    1232432.0171763182  667734.20937676309    20
16477    1231200.4354032399  668100.21288032993    19
16478    1232234.4571674746  667373.34474994638    0
16479    1231895.6170013449  667339.08700443478    0
16480    1232940.0389834531  665920.00960500981    20
16481    1232749.426619879  665975.32547494699    0
16482    1230493.9126724587  666330.41566537088    0
16483    1230205.5259405791  666651.14649412723    0
16484    1230129.9700663327  666293.19244925771    0
16485    1230398.1235618959  666534.30400852824    0
16486    1230318.6853642249  666245.86598666606    0
16487    1230159.0235747232  666009.12753856974    0
16488    1230495.3768829051  666911.76742138143    0
16489    1230389.7839634907  666737.71305234917    0
16490    1230586.8500517786  666737.21671562665    0
16491    1230154.255555924  666999.65721622354    0
16492    1230925.8694629939  666700.59421872394    0
16493    1230781.3665257473  666950.39650692418    0
16494    1223810.1517283046  659877.44330983749    0
16495    1223859.274290154  659698.44416279218    0
16496    1223918.2803807352  660072.84972099983    0
16497    1224048.6747049657  659680.88667540415    0
16498    1224168.418270946  659472.10787261976    0
16499    1224326.951030209  659856.64187334443    0
16500    1223769.4871957602  660249.49102744996    0
16501    1224091.194324296  659292.82806414715    0
16502    1224161.8339987223  659122.32548744872    0
16503    1224356.3531803046  659074.05646554986    0
16504    1224659.0396452465  658904.80715958495    0
16505    1224629.516175207  659287.70665123826    0
16506    1224166.740042503  660048.14851204841    0
16507    1223782.3652433725  660517.41264929133    0
16508    1224440.3996683815  659483.50968687749    0
16509    1224564.0804698621  660217.78819617559    0
16510    1224071.5874752565  660352.9757763783    0
16511    1224391.012043901  660073.00228352216    0
16512    1224717.3872863313  659858.70360882592    0
16513    1224328.358947739  660323.72483209637    0
16514    1224586.5413262444  660015.10904869658    0
16515    1224522.3234656493  659828.4511479577    0
16516    1224911.0533365854  660153.6555220458    0
16517    1224400.4886818405  659675.1877745986    0
16518    1224655.3588122777  659614.65597065096    0
16519    1225090.6432970238  659633.92826647509    0
16520    1224870.092506282  659689.98465408583    0
16521    1224838.728037474  659435.6661684413    0
16522    1225042.9939362381  659908.35516768054    0
16523    1224529.3050924193  662759.55221859401    0
16524    1224740.6608912041  662888.85409000714    0
16525    1224390.3563837789  663003.04830557562    0
16526    1224992.5940970902  662993.32090162928    0
16527    1224591.2335707664  663024.86552838632    0
16528    1224547.111593209  663275.89310360223    0
16529    1224885.5560299377  663558.65549922117    0
16530    1224660.9364434497  663483.58061137854    0
16531    1224832.2957419937  663344.44545752509    0
16532    1224688.3423572979  663775.14539825241    0
16533    1225213.7695028435  663363.32364708011    0
16534    1225020.1835520258  663411.45604741399    0
16535    1224988.4317310476  663203.57332211733    0
16536    1225196.7089008016  663708.06920672499    0
16537    1225228.9091196456  663103.16664027865    0
16538    1225402.6540985811  661946.13069925911    0
16539    1225792.5251546765  661331.30939888617    0
16540    1226761.0294902935  666663.27910984377    0
16541    1226621.3889873722  666794.82977181859    0
16542    1226633.4683156728  667053.25347069348    0
16543    1227457.9197839075  666560.1835423985    0
16544    1226055.6345020344  664692.36032642762    0
16545    1220484.0613449609  649273.19467267452    0
16546    1220175.7984216195  649714.85336290742    0
16547    1221299.616329331  651373.03101156512    0
16548    1220145.6583496986  650785.66510076018    0
16549    1221127.6171021399  646829.26347629481    0
16550    1220499.5613528872  646021.50490709324    41
16551    1221241.9738056613  648441.23901203519    0
16552    1221325.491940232  648595.40899851522    0
16553    1221243.9208858097  648808.07498492941    0
16554    1221397.7441303185  648948.58880752767    0
16555    1220853.1628455555  648859.47733426862    0
16556    1221040.7842938455  648774.80349381419    0
16557    1221021.1234914693  648981.44282005227    0
16558    1220806.7095019477  648506.34138338931    0
16559    1220804.4720928913  649103.16356423486    0
16560    1220699.2331648399  649291.75922334217    0
16561    1220499.5846407623  648915.53669847629    0
16562    1220574.4253627737  649482.08672779892    0
16563    1220686.7470215331  648952.93346558698    0
16564    1220621.9336743467  649124.96486034838    0
16565    1220639.7861522601  648700.91089478589    0
16566    1220341.1823481009  649540.36364891345    0
16567    1219969.4443591402  649353.64641626494    0
16568    1220127.1342457766  649503.10721840279    0
16569    1219800.7042163808  649689.59356177785    0
16570    1220216.9116487061  649250.47038110555    0
16571    1220941.0062198557  647903.47120813699    0
16572    1220724.2509266562  647293.3822609724    0
16573    1221680.9521022183  646226.0294821451    0
16574    1221291.1743857944  646110.51790171524    0
16575    1221548.6273440304  645957.15986293764    0
16576    1221468.6303952222  646227.09840859135    0
16577    1221342.7664693911  646396.21857027314    0
16578    1220986.8531679197  646476.16859731707    0
16579    1222107.1283026014  645743.2782610188    0
16580    1222912.351725792  645761.89545860107    0
16581    1226923.3454615423  656246.97192554502    0
16582    1226213.9691783558  656139.521712819    0
16583    1226050.7185526881  656044.39591888071    0
16584    1225850.6599330693  656137.55278754048    0
16585    1225935.7157653391  655882.63706853474    0
16586    1225628.2597098181  656131.32086923311    0
16587    1226655.8060288869  657466.84908130893    0
16588    1226723.1243779557  657698.69436446298    0
16589    1226427.4487844876  657635.82636573224    0
16590    1226082.9133262639  657368.52437251701    0
16591    1226272.0816814438  657382.79328845046    0
16592    1226207.0913728615  657813.76325066038    0
16593    1225623.4076801988  658111.96149192681    0
16594    1232181.7650304348  656724.38991965074    0
16595    1231359.5396499373  656288.41004514985    0
16596    1230700.6097212213  657628.30463770207    0
16597    1230439.9844311273  658053.0519488221    0
16598    1230458.7532683893  657661.92567808332    0
16599    1230424.1925300974  657856.28068635438    0
16600    1230245.274381246  657969.65910531138    0
16601    1231612.4611402224  657591.31748734997    0
16602    1231405.1687365063  658502.47982059594    0
16603    1230273.5263904196  658282.59053125884    0
16604    1230245.9831969766  658969.52230986161    0
16605    1230254.2307054638  658731.33482836501    0
16606    1230548.492823621  659281.93823404994    0
16607    1230455.9910705476  658608.29873553175    0
16608    1230350.0886288786  659171.38460858096    0
16609    1230661.5379640153  658483.18802132958    0
16610    1230544.4851509088  659055.82149554789    0
16611    1230271.8087636202  659545.17803013278    0
16612    1230647.8888092421  658248.7685051912    0
16613    1230984.8899200303  658745.49793871643    0
16614    1230664.5016436705  658719.46101718012    0
16615    1230249.7717683155  659345.46963943029    0
16616    1230423.3108993222  659427.39035476325    0
16617    1230096.5065950316  659463.45185870852    0
16618    1230726.8464791365  659562.0308885877    0
16619    1230048.77648976  659794.70681893767    0
16620    1230494.806506044  659675.67740020785    0
16621    1229981.2854637825  659615.91595782374    0
16622    1229818.8327161164  659779.37346193462    0
16623    1230862.8013938384  658565.54314772645    0
16624    1230921.0563076918  659162.24106734013    0
16625    1229590.8618631749  659803.55384711374    0
16626    1229908.4045618628  660167.94702823716    0
16627    1231124.7089691325  658454.23371492    0
16628    1230716.7100339499  659165.86288229527    0
16629    1230741.8867341771  658936.66445463651    0
16630    1230822.3804683199  659361.3728542499    0
16631    1229361.0346357594  659982.14463387115    0
16632    1229727.5006069846  660005.03742671479    0
16633    1231149.7713986714  659399.59065993782    0
16634    1229929.3380527964  659962.80355869106    0
16635    1230267.5131954129  660076.60757066729    0
16636    1229548.0892681638  660386.16358344129    0
16637    1230965.9601416695  659552.80268662272    0
16638    1229695.3139727495  660222.67701747792    0
16639    1229892.5206909261  660548.30124205933    0
16640    1229476.7459609017  660173.88324972254    0
16641    1229744.7745718956  660415.25129633583    0
16642    1229928.9296447779  660359.31293871487    0
16643    1229598.2474877385  660726.52094522316    0
16644    1230118.4615046461  660242.200896953    0
16645    1230146.3094563968  660499.19284886029    0
16646    1229168.3109117853  660395.67101235758    0
16647    1230395.9940275485  660342.1319390859    0
16648    1229248.0057399634  660181.1401618711    0
16649    1229357.0181618673  660343.70466892549    0
16650    1229404.4962833559  660581.19934958091    0
16651    1229037.5879990102  660225.04140028113    0
16652    1228941.8782458662  660433.75622708921    0
16653    1228918.5999816516  660026.85626748123    0
16654    1229260.6434855158  660974.81325302296    0
16655    1228660.8025015371  660469.67308090441    0
16656    1228717.3140495298  660062.36310246435    0
16657    1229391.9735531635  660799.71636762249    0
16658    1229616.3603377678  661104.81593836448    0
16659    1229090.6688205241  660710.52507269045    0
16660    1229927.5328346509  659138.53650176153    0
16661    1231673.7972581151  655937.57965119113    0
16662    1229993.3929699126  653181.09861315705    0
16663    1230421.5459333328  653058.56272408785    0
16664    1232296.9327248223  655255.69667545252    0
16665    1231704.7988018584  654523.17248831794    0
16666    1230803.3520140231  653491.14331171452    0
16667    1225455.3898543182  656794.78808454506    0
16668    1225258.1474274055  657059.72474971053    0
16669    1225540.9072175226  656581.44001853932    0
16670    1225213.7260524542  656820.76278676605    0
16671    1225724.8875442164  656495.48622371617    0
16672    1224908.4597733363  657001.11946971691    0
16673    1225093.9947589673  656966.62980005681    0
16674    1225052.7241878193  657230.67267860775    0
16675    1224969.3415334402  656812.34736255358    0
16676    1224637.3581685578  656809.48156310222    0
16677    1224804.5323077533  656673.93489437352    0
16678    1224387.8789737185  656499.11168567475    0
16679    1224543.9596276048  656629.10429065581    0
16680    1216982.6600809272  654550.50889794726    0
16681    1217143.6801321958  654415.42488829477    0
16682    1217446.6293882097  654503.22124420176    0
16683    1215735.5582247465  653513.69820550305    0
16684    1214618.0887565981  654127.0498408759    0
16685    1215260.5552757178  653367.09510993841    0
16686    1214312.8114442723  651874.96492663003    45
16687    1218131.166714597  652966.39200675127    0
16688    1213487.692235139  653073.72302291798    45
16689    1213950.0027349158  653340.7873467165    0
16690    1212506.4006723382  655153.29319388955    46
16691    1213132.7383159318  656590.98161440983    0
16692    1213295.3071754696  655999.51956411311    0
16693    1213103.9963035642  655885.33849728445    0
16694    1212799.7628468163  656047.86864667758    0
16695    1212882.1630632791  655836.10412009258    0
16696    1212402.2857698936  655740.50124367839    46
16697    1212749.855916363  655551.8021418784    0
16698    1212628.1076244421  655859.16172148346    0
16699    1212573.7700479073  656081.01493769477    0
16700    1212586.1724343817  655664.75809587224    0
16701    1212298.1708674487  656327.70929346734    46
16702    1213690.6879023537  660360.38370778656    0
16703    1214291.5713140233  659290.39187496097    0
16704    1214540.4309682387  659317.84529771283    0
16705    1214132.0237422357  659745.79205021833    0
16706    1214334.850543434  659663.96900073811    0
16707    1214055.3658001004  660010.16398196609    0
16708    1213049.8956149442  656274.4648733238    0
16709    1212860.0323797152  656232.6940576426    0
16710    1219869.253295148  652537.51104029804    0
16711    1219666.9289612523  652539.24263636372    0
16712    1219439.439633827  652273.12230958685    0
16713    1218575.6849306808  652894.55805025378    0
16714    1217997.6206223106  654039.17903200397    0
16715    1221672.6167222362  653051.64195276902    0
16716    1221551.7441910398  652762.97994191269    0
16717    1221857.4226269883  653111.74034200248    0
16718    1222068.768229374  653022.83933184028    0
16719    1222084.8429385531  652742.0711387964    0
16720    1221756.4720520284  653351.90148028068    0
16721    1221914.8443804325  653524.37040960894    0
16722    1222083.3486768708  653419.84027339343    0
16723    1222121.3155361116  653223.00711136987    0
16724    1222230.3434347708  653544.64928243042    0
16725    1222271.0679748009  653727.96489627205    0
16726    1222370.3831406476  653903.96606634604    0
16727    1222140.7898299568  653854.99478291976    0
16728    1222226.8304916397  654014.29787937854    0
16729    1224184.2709758952  658229.8607767286    0
16730    1224367.8154924531  658171.95232092112    0
16731    1224513.71697481  658043.15921154129    0
16732    1224407.9962899734  658351.43568533391    0
16733    1224628.723138666  657818.8069154087    0
16734    1224672.8279866828  658527.92849377228    0
16735    1224413.4398619172  658624.37613697338    0
16736    1224848.5656911233  658078.88399349095    0
16737    1224822.7659692075  657619.48520419642    0
16738    1223649.1059287731  656370.9631949804    0
16739    1226560.6930716794  658280.76900318719    0
16740    1226928.3406059544  658360.15746629762    0
16741    1228115.1736765741  659653.27002716926    0
16742    1227592.5078362322  660131.62275201292    0
16743    1227647.0366829764  659656.52551595075    0
16744    1228788.5315225583  662547.49511919613    0
16745    1228662.1124525738  663526.68310813722    0
16746    1228349.6651983911  663540.00018320745    0
16747    1228950.116403162  664644.19485611236    0
16748    1230172.8881559304  662182.41136409319    0
16749    1229709.5161121304  661842.06747090199    0
16750    1226402.221679206  664312.40547209803    0
16751    1226214.4113721533  664038.43342820939    0
16752    1226618.6319015112  664318.10106384056    0
16753    1227202.8429041128  665171.86703527276    0
16754    1227921.3637828354  665294.82890753727    0
16755    1227664.0724095881  663947.94472646201    0
16756    1227764.5029546744  663744.90035116591    0
16757    1227640.9346006941  663372.92422437307    0
16758    1227758.8569029318  663540.26352180657    0
16759    1227534.1120042915  663573.41999511351    0
16760    1227977.0969561865  663261.25300155452    0
16761    1227296.257999771  663698.41055078839    0
16762    1227255.3976752583  663296.21814357233    0
16763    1227436.5897618029  663392.7558862929    0
16764    1227263.9241701202  663498.52368804289    0
16765    1227505.9105997419  663044.33836256317    0
16766    1226948.9741271161  663652.02881507645    0
16767    1227024.5682365142  663407.27927786449    0
16768    1227417.9768460039  663943.09216204123    0
16769    1228171.3979726457  663735.32013792207    0
16770    1232637.2484414433  666239.34357216815    0
16771    1229865.3350144825  666122.60796383512    0
16772    1230338.813173213  665901.72005898692    0
16773    1231212.728119388  667033.22952024057    0
16774    1230574.3817796609  667404.83005949028    0
16775    1223811.4634518721  660740.27222850884    0
16776    1224020.4787100214  660599.65220865281    0
16777    1224570.9373173239  660548.2679176383    0
16778    1224907.4871320012  659116.55165571184    0
16779    1224866.7469865186  659971.69043945975    0
16780    1224742.8871725677  660098.2254203324    0
16781    1224762.6086260232  660321.20347539033    0
16782    1225080.007187471  660452.87958819664    0
16783    1224089.6014592969  662980.92017934844    0
16784    1224470.951017071  663808.49002258445    0
16785    1224996.4109433696  664150.00095696829    0
16786    1224952.5762088646  663817.78006072482    0
16787    1225396.9337543009  662251.04885138816    0
16788    1225680.1760269932  661691.0898142542    0
16789    1225555.0669232141  661261.9485187938    0
16790    1225788.6938531043  660903.2742073898    0
16791    1225621.5884266144  661475.36266689678    0
16792    1225726.0110217305  661117.87001789967    0
16793    1225471.7087561095  661631.88652199169    0
16794    1225579.4789485219  660958.61576790619    0
16795    1226112.8350887683  661114.40759311372    0
16796    1225592.4118960055  660584.37592459703    0
16797    1225919.945599634  661174.51776146668    0
16798    1225966.566420157  660984.58105461544    0
16799    1226115.9641521352  661463.98833276436    0
16800    1226012.3167064947  660649.27783523884    0
16801    1226218.3950931737  660848.16889907862    0
16802    1226426.3950066394  667116.21838533203    0
16803    1226611.648826184  667353.4799398852    0
16804    1227197.6813883814  666504.93013536453    0
16805    1225588.8586719346  664805.71372374368    0
16806    1220349.3077992464  649784.86630900728    0
16807    1220227.3858577721  649929.61940135586    0
16808    1220056.4615801568  649857.09717077448    0
16809    1219795.4812167811  649976.57522726466    0
16810    1219989.7513607796  649679.94866389036    0
16811    1219886.9521887335  649522.56322453485    0
16812    1219567.1387974932  649463.20674150239    0
16813    1219753.0845378984  649352.58631989185    0
16814    1219476.8665210444  649099.87334678869    0
16815    1219863.020521336  648994.71159438731    0
16816    1221107.9522365432  651220.76730188145    0
16817    1221376.8162545203  651005.04990790295    0
16818    1220951.5561192362  651614.39491636108    0
16819    1221296.434135023  651180.27484825288    0
16820    1221522.3629933959  651177.86713200377    0
16821    1220970.3484399109  651393.97802228527    0
16822    1221587.9731048923  650980.73000516824    0
16823    1221685.5401907102  651357.18016358418    0
16824    1221143.6507295927  651519.76298796502    0
16825    1221387.0736649209  651622.24803497037    0
16826    1221165.9085845801  651807.22817061795    0
16827    1220621.8244305062  651475.27308082755    0
16828    1221867.1121325674  651275.37542260031    0
16829    1221631.3266517818  651564.53539871448    0
16830    1220166.8115537351  650594.58110889315    0
16831    1220128.221584829  650403.60704692325    0
16832    1219868.4536728363  650262.8660286793    0
16833    1220185.9403317103  650210.31628372322    0
16834    1220239.2526457363  651011.43830610637    0
16835    1219980.3536465578  651345.82889870973    0
16836    1220160.2689142893  651217.70628314069    0
16837    1220281.3533102286  651543.05840456882    0
16838    1219877.4912821967  651011.00148573075    0
16839    1220058.4409262207  650954.10745221574    0
16840    1219899.8578058884  650765.93821635901    0
16841    1219482.7218810432  650851.41921559896    0
16842    1219635.9902794305  650538.82418698969    0
16843    1219704.1905182563  650871.63229581248    0
16844    1219810.8254724317  650602.53710271255    0
16845    1219777.5298294413  650422.16409871273    0
16846    1219513.5100679195  650246.03078408702    0
16847    1219690.3945317944  650266.83148006094    0
16848    1219622.9059432501  650078.24603757134    0
16849    1219290.2689050687  649980.92175186006    0
16850    1219592.5040692226  649829.34272893076    0
16851    1219559.9727904014  651228.39339473622    0
16852    1219578.2397601528  651028.24770421803    0
16853    1219735.0023949416  651143.46161692624    0
16854    1219237.5605635841  651098.060914753    0
16855    1219743.2809461162  651383.34092638269    0
16856    1219923.9567902212  651757.3010234324    0
16857    1219394.9528948057  651609.52112776833    0
16858    1219890.0564114775  651543.05362511007    0
16859    1219534.9821156729  651443.86183684203    0
16860    1220085.7038977956  651621.90204020997    0
16861    1220298.7953173171  651868.51300801407    0
16862    1219687.9193152436  651581.51753394178    0
16863    1219275.3227217342  651366.387697789    0
16864    1221251.4516713622  646990.19057456183    0
16865    1221002.5349123164  648465.5669799078    0
16866    1220851.8548336276  648232.53066865273    0
16867    1220365.1990486972  649088.86987370322    0
16868    1220119.6271592001  649012.36467759486    0
16869    1220291.5213520948  648892.98608325212    0
16870    1220416.7870922801  648708.34497036657    0
16871    1220013.8178251241  648676.56376226735    0
16872    1220519.0803528649  648428.46859023732    0
16873    1220814.1041910003  647760.57482660748    0
16874    1220678.3624229045  648008.9202065455    0
16875    1220820.2873404084  647123.25727764051    0
16876    1220512.0286177192  646984.52536567161    0
16877    1220632.2341070657  647129.26928842964    0
16878    1220406.385790199  647363.75364791614    0
16879    1220438.0519858073  647168.24623045605    0
16880    1219097.5717642508  647269.50450291648    42
16881    1220170.7026729581  646953.84189011157    0
16882    1220172.4531587504  647225.54556389176    0
16883    1220868.6354618757  647404.8220099227    0
16884    1220730.4558474103  647514.10618776525    0
16885    1220536.0168734395  647508.77342323726    0
16886    1220325.9015618295  647771.70279023226    0
16887    1220331.7265133606  647560.9380619406    0
16888    1219979.6776576892  647656.67126653681    0
16889    1220871.527915502  645791.04736286448    41
16890    1221124.9252541345  646625.73086075182    0
16891    1220933.4919619025  646730.04679599858    0
16892    1220639.6652349054  646719.66537756508    0
16893    1221131.2738242417  646286.90149558394    0
16894    1220802.2412487327  646185.56629551353    0
16895    1221029.149253289  646033.64972681471    0
16896    1222316.8551759482  645804.48668793077    0
16897    1222165.0370178123  646030.97542914702    0
16898    1222293.4510841283  645494.76708852325    0
16899    1221615.461040732  645330.13227440696    41
16900    1226926.1772813059  656057.52271338901    0
16901    1227070.7871414749  656402.77697778516    0
16902    1226554.8813114727  657763.22874908801    0
16903    1225726.4016251122  657878.46223854576    0
16904    1225995.9421041142  658063.02538145753    0
16905    1225436.494259699  657890.0516708314    0
16906    1225805.096277104  658052.63795462402    0
16907    1225883.3121909816  658373.97195253032    0
16908    1225763.4452110576  658232.96250873106    0
16909    1225589.7934747834  658502.02950326586    0
16910    1225579.2200263555  658304.6359719662    0
16911    1225257.5200507862  658420.8478860812    0
16912    1225351.7874344822  658151.07274635555    0
16913    1231953.0874140954  656775.55363919435    0
16914    1231982.67240236  656371.16230887535    0
16915    1232122.5820212679  656996.492101943    0
16916    1232028.9100913908  656577.8228997573    0
16917    1231834.4950774394  656512.81795207981    0
16918    1232348.1290334421  656397.89886164281    0
16919    1231740.333870224  656265.99420795159    0
16920    1231216.6728991005  656175.26700374437    0
16921    1231426.6630789102  656020.70534177707    0
16922    1231515.7536371176  657433.46669876156    0
16923    1231843.2067882861  657462.04627414746    0
16924    1231633.8571616288  657881.3124292756    0
16925    1231324.6494418758  658270.69547641231    0
16926    1231666.2384573244  658231.93717533234    0
16927    1231505.2603344433  658337.83119211777    0
16928    1231728.9953842363  658502.64408192539    0
16929    1230283.8505884157  659780.38023529528    0
16930    1230494.8230920876  659940.57987710601    0
16931    1231038.5912979075  658286.9678196985    0
16932    1231229.6012500818  658683.7780282821    0
16933    1231566.9135475494  658834.77003948845    0
16934    1231176.2074938128  658988.06288473448    0
16935    1231425.683699874  658698.00437764905    0
16936    1231609.2040983695  658649.79637156194    0
16937    1231367.0316853242  658899.87356598035    0
16938    1231760.4784588916  658781.70352657686    0
16939    1231544.2214281429  659104.4923090114    0
16940    1231933.7880743041  658892.08259669621    0
16941    1231707.6414134575  658968.53164639731    0
16942    1231343.4260113731  659099.34307777451    0
16943    1231438.9092656176  659293.55792509171    0
16944    1231160.0388551396  659193.63722958392    0
16945    1230951.9996937369  658953.72040177486    0
16946    1229267.0253731916  659826.38313075993    0
16947    1229140.6255995985  659704.80404839665    0
16948    1228942.9851222099  659738.13120246551    0
16949    1228798.1971836628  659601.34201675165    0
16950    1228815.9592827109  659411.64709811611    0
16951    1230531.3265724948  660834.27034439635    0
16952    1228400.4619449095  660518.81870096165    0
16953    1229218.3892062074  660575.02036001335    0
16954    1228829.5556550201  660672.51994052937    0
16955    1231504.7605447525  655775.74434981891    0
16956    1231723.4204283031  655716.55139030342    0
16957    1232060.532269177  655577.1775282115    0
16958    1231993.8855268408  655893.3582430695    0
16959    1230071.3801772892  653358.57199901796    0
16960    1229888.2629685474  653333.16760473419    0
16961    1230226.0450914104  653184.73585911747    0
16962    1229689.3190518606  653132.91522387427    0
16963    1230115.7173862043  652799.23954215972    0
16964    1230419.1381156081  653269.37930718344    0
16965    1230667.4566786829  653166.79340766801    0
16966    1230229.3199605376  652975.26274172182    0
16967    1230026.8182762752  652981.2838616767    0
16968    1230575.8321328969  652694.89905254077    29
16969    1229790.9014097995  652753.34819983155    0
16970    1230403.6522773134  652836.41105155658    0
16971    1230692.2241537024  652816.54402946355    29
16972    1230634.3232799016  652988.45002752391    0
16973    1232070.9327719517  655199.69682651677    0
16974    1232821.3504456887  654530.37190570682    27
16975    1232143.5719415995  655390.58184094774    0
16976    1232443.6925585547  655577.18474820186    0
16977    1232252.1129136025  655550.66043680534    0
16978    1232306.8367978402  655860.53341680428    0
16979    1232178.4031124422  655723.44629972824    0
16980    1232276.6977223519  654853.3228885096    0
16981    1232226.0895252943  655057.56362071226    0
16982    1232082.1032191077  654913.495294136    0
16983    1232589.7228615868  655039.27683937363    0
16984    1231884.6423588609  654804.18503201858    0
16985    1232104.2714633623  654640.44569779176    0
16986    1231033.4032974297  653421.66103504226    0
16987    1225265.2699287233  657277.183237875    0
16988    1225107.5737314573  657488.92425305303    0
16989    1224509.1435977796  656980.07814852952    0
16990    1224702.6913949486  657106.55815673026    0
16991    1217336.5028061375  654316.64789910545    0
16992    1217541.3209261596  654002.66799515428    0
16993    1217617.8371567708  654276.37605930341    0
16994    1215505.6165516255  653531.48545841977    0
16995    1215989.9062991699  653126.70861911273    0
16996    1215089.32961919  653411.37877035839    0
16997    1215135.196790095  653235.55776794686    0
16998    1215214.6881048128  653542.91611234995    0
16999    1214984.6892776354  653055.76194203994    0
17000    1215372.8929257069  653134.53081796004    0
17001    1215157.5354555035  653712.75390341785    0
17002    1214771.7831007196  652710.38997982908    0
17003    1214826.1131278435  652915.20746821363    0
17004    1214608.7180108724  652863.25929142465    0
17005    1215138.232761269  652722.79984639166    0
17006    1214232.0028230567  652775.69849673391    0
17007    1214407.145862306  652876.33223189588    0
17008    1214286.3962290219  653049.49066458107    0
17009    1214478.4721686949  652549.46945122385    0
17010    1213942.4643496282  652976.35301558336    0
17011    1218303.6015570599  653161.17866815894    0
17012    1213350.1723669502  653273.51603896602    45
17013    1213621.8079325606  653313.26119938784    0
17014    1213416.4666644288  653466.37195313792    0
17015    1212532.4293979495  655006.49118144228    46
17016    1212708.1043076839  654961.93069772387    0
17017    1212650.4289087469  655103.12159787933    0
17018    1212648.6868451294  655329.93827342929    0
17019    1212272.1421418374  656474.51130591449    46
17020    1212461.2643958025  656432.33510308806    0
17021    1212382.577522899  656569.8005645969    0
17022    1212404.2264674483  656726.29325420409    0
17023    1212549.8586922647  656767.00404243544    0
17024    1212468.8448267325  656241.08832741971    0
17025    1213919.5028233652  660579.12879923161    0
17026    1214347.4327677905  660261.72830915637    0
17027    1219642.515012014  652329.81933153339    0
17028    1219633.5304970557  651969.96715079679    0
17029    1219751.4451262942  652147.06139784108    0
17030    1219846.4031226737  651956.03287171305    0
17031    1220076.2681521762  651931.23773495283    0
17032    1219981.9388181262  652142.52155084221    0
17033    1220237.4260666214  652076.88441991748    0
17034    1218644.9379815061  653066.23048027838    0
17035    1218462.2806162476  653070.60386086535    0
17036    1218764.1031963124  652918.35432559508    0
17037    1218307.6081257111  652983.91457336186    0
17038    1218248.4139348022  652682.87423539138    0
17039    1218691.8989485749  652732.22210202552    0
17040    1218471.3213054764  652697.07963849104    0
17041    1218847.5233353176  652480.12445881753    0
17042    1218614.1886170465  652510.16644253838    0
17043    1218373.6098969057  652474.33682031673    0
17044    1218681.090773406  652108.6213889725    0
17045    1217965.565128983  652371.21567974263    0
17046    1218708.240322218  652319.49069714139    0
17047    1218469.7121636581  652243.01892502664    0
17048    1219043.9751665706  652169.08222193818    0
17049    1218154.024612295  652484.35780496907    0
17050    1218352.7690120174  651825.66686904163    0
17051    1217924.7980465549  652715.04701703542    0
17052    1218192.2292797356  652207.19233279256    0
17053    1218474.2267858854  652016.69399749255    0
17054    1218729.9385132405  651719.98297568783    0
17055    1218646.8618687242  651906.93014864472    0
17056    1218533.4440163304  651744.59625883261    0
17057    1218924.4162987689  651918.33873811248    0
17058    1218308.8112760922  651485.83946958813    0
17059    1218597.8133350036  651461.83294028183    0
17060    1218207.950366355  653986.23844064237    0
17061    1218178.5835726478  654313.84988342784    0
17062    1218059.1808130764  653839.46999433136    0
17063    1217782.0755000131  653863.39491294743    0
17064    1222243.8114052629  652850.8285694659    0
17065    1221822.0201678358  652638.28893146361    0
17066    1222202.5253081496  652582.04233424435    0
17067    1222004.8515498277  652559.96170259709    0
17068    1224234.4591034695  658700.50512742798    0
17069    1224594.2953735944  658713.74688950984    0
17070    1224877.9520756858  658724.12464716472    0
17071    1224858.030586614  657847.92859967577    0
17072    1225033.7725984175  657703.85586853407    0
17073    1225108.188431832  657973.85207983467    0
17074    1223833.1982378415  656393.27785730327    0
17075    1223759.1130984004  656557.03882099153    0
17076    1223569.7586838582  656543.42868388502    0
17077    1223762.2015577208  656208.46581009077    0
17078    1223437.2710679469  656726.95121510292    0
17079    1223323.7394537074  656325.75549363508    0
17080    1223553.9591139504  656102.39670466166    0
17081    1223174.1651576939  656760.49475908175    0
17082    1223331.5611965079  656103.49246317567    0
17083    1222981.3774095171  656202.43815659359    0
17084    1223160.3276769244  655894.6941101288    0
17085    1226577.9690884333  658081.22338750667    0
17086    1226744.1350884452  658196.13016342372    0
17087    1226297.0869207734  658157.4261728191    0
17088    1226723.5984275204  658392.73100181657    0
17089    1226469.2290344345  658588.34482359921    0
17090    1227145.9693245592  658529.75152190193    0
17091    1227840.3679936659  660027.13892542629    0
17092    1227849.9916922208  659655.11413901462    0
17093    1227749.7856750996  659838.65883450583    0
17094    1227747.0380108841  659443.54665576422    0
17095    1227469.3582047659  659876.81049967313    0
17096    1229118.177544951  664712.54305031965    0
17097    1228960.8627884756  664858.56718737038    0
17098    1229094.4790744667  664530.01855714398    0
17099    1229044.567423549  665053.96979972103    0
17100    1228679.9079908854  664765.19579949079    0
17101    1228893.8396098735  664424.686319803    0
17102    1228789.5493512866  665318.54228493501    0
17103    1228778.2228774338  665052.43425020541    0
17104    1229805.2240853109  662026.61798109068    0
17105    1230010.2750159183  661803.18612823007    0
17106    1229210.3850014745  661833.6937512632    0
17107    1225652.2950802578  663258.32424987655    0
17108    1227713.8314678988  665186.48558420152    0
17109    1227913.213296022  665057.50482941885    0
17110    1227638.1245417872  665584.43906238908    0
17111    1228242.4175975914  664881.14907381032    0
17112    1227615.9194134655  665374.03673817299    0
17113    1227801.4195830182  665460.83258455491    0
17114    1227437.2604883777  665499.26466678642    0
17115    1228136.3804028837  665576.52093512251    0
17116    1227889.9050573399  665747.39649062976    0
17117    1228048.2479823735  664914.13319599046    0
17118    1228118.2245307681  664738.06131549086    0
17119    1228192.212143274  665173.60864255624    0
17120    1228228.2649721596  664593.00407031993    0
17121    1228389.8462722173  664729.48785393115    0
17122    1228503.6631342301  664987.61606235779    0
17123    1227396.599266784  665874.58756011445    0
17124    1227252.7317713602  665596.58996268408    0
17125    1227169.4631668208  665815.90806598566    0
17126    1227215.8930575114  666105.12564407859    0
17127    1228315.6793668922  662994.05936326832    0
17128    1227107.6201520886  663787.50177176367    0
17129    1227028.9667097416  663970.27766304638    0
17130    1226769.0364613123  663866.43414690765    0
17131    1226956.0077590432  662969.37469931692    0
17132    1230041.0476839829  666140.57945318695    0
17133    1229935.5300569152  666304.27348808688    0
17134    1229970.8526415501  665958.91392893542    0
17135    1230044.1212488669  666498.26423904346    0
17136    1229647.4986120437  666311.17367543932    0
17137    1229923.1410784537  666787.63069493265    0
17138    1229796.3498842705  666509.5717812283    0
17139    1229393.2734487716  666656.94811478897    0
17140    1229572.5698330374  666522.42820696265    0
17141    1229696.3582075855  666723.10367815883    0
17142    1229261.5929972033  666294.68776880496    0
17143    1229702.85922912  667131.03796979948    0
17144    1229452.0746903997  666360.7750903453    0
17145    1229302.2837465762  666484.95969426108    0
17146    1229412.8970276234  666166.14203645906    0
17147    1229062.8760192608  666721.68033532158    0
17148    1229230.0712582404  666104.26663877536    0
17149    1229025.6693475705  666444.62834138598    0
17150    1228905.524332837  666025.46524270251    0
17151    1229055.4976683573  666230.9845955529    0
17152    1229761.1736003638  666926.08969875402    0
17153    1229953.2367115603  666986.79935051815    0
17154    1229460.3571993359  666951.26805491652    0
17155    1230032.4467981176  667326.22039349703    0
17156    1228749.0789992707  666297.10745356407    0
17157    1231011.4522883592  666916.79764529667    0
17158    1231192.7758362824  666719.98137350718    0
17159    1230944.7103713334  667264.36316945357    0
17160    1230609.2916662134  667146.37543012155    0
17161    1224145.2653791776  660774.0269695794    0
17162    1224261.584848942  660558.94851433567    0
17163    1224840.6356365192  660581.49792918703    0
17164    1225233.4484063492  660168.92947464634    0
17165    1223986.3098074498  663216.31669160083    0
17166    1224077.367966552  662777.57547512627    0
17167    1224783.048629455  664011.33088996529    0
17168    1224751.3508941033  664293.58022644569    0
17169    1225162.7782065074  663959.04737923655    0
17170    1225595.4943830096  663889.76522983203    0
17171    1225395.9133508538  664330.11517641577    0
17172    1225368.6803280967  663859.10137455782    0
17173    1225223.3447372885  664179.76571303641    0
17174    1225488.1065477084  663549.69482973556    0
17175    1225452.8727279033  664090.52772674686    0
17176    1225074.8601529463  664524.40427345596    0
17177    1225763.8087927729  664160.37621978263    0
17178    1225088.7356624627  664326.07647980633    0
17179    1225240.9009231767  664436.37162235635    0
17180    1224910.084133453  664413.22685061512    0
17181    1225455.3053789174  664582.95767209819    0
17182    1224896.9379175326  664610.40680447093    0
17183    1225249.706909922  664653.58415772975    0
17184    1224763.6065239673  664782.29855226399    0
17185    1225061.9666801244  664724.77445893432    0
17186    1225273.7650852471  665000.17510314786    0
17187    1224947.719254639  664934.72165914718    0
17188    1224911.7821164625  665272.67397716199    0
17189    1225287.0214078054  662096.47413338034    0
17190    1225114.5844756463  662159.09254787036    0
17191    1225589.3104765983  661870.72749906755    0
17192    1225873.8838629175  661901.87238024664    0
17193    1226606.6453078375  661156.15070102247    0
17194    1227039.8930860688  667233.69722908014    0
17195    1226423.0773725412  667559.0609577311    0
17196    1225839.3537257425  664819.48219111981    0
17197    1225827.2347897969  665045.4256829042    0
17198    1225727.3716544695  664571.25439091027    0
17199    1225541.1881242041  665136.69521147269    0
17200    1220849.0002666998  651943.94866342959    0
17201    1219377.7779384758  651215.14840970887    0
17202    1219403.5265018446  651041.81142936985    0
17203    1219251.7708583532  650867.02015693183    0
17204    1218861.9416448965  650959.00087190862    0
17205    1219349.2008904892  650592.08055733016    0
17206    1219070.7378545713  650971.84300294274    0
17207    1218974.9170399548  651271.84381965012    0
17208    1218987.6130205316  650619.54645164206    0
17209    1221029.511640585  648104.05632413377    0
17210    1219980.9038471829  649155.0039938651    0
17211    1219793.6474934709  649169.22385611304    0
17212    1219615.2520922429  649225.92754723539    0
17213    1219661.3042862297  649015.56919607695    0
17214    1219413.416805659  649308.51882544695    0
17215    1219429.4337350249  648752.19608144183    0
17216    1219734.6488399946  648739.05359463533    0
17217    1219248.7866703982  649625.84596148622    0
17218    1219099.5158667921  649099.09024551872    0
17219    1220000.8390844713  648865.22378065961    0
17220    1220695.3956419376  648347.36109873862    0
17221    1220514.7246296112  648186.80492376955    0
17222    1220149.4597512993  648314.25951047789    0
17223    1220451.9595351506  647964.85841719282    0
17224    1220353.0486139902  648310.59004391567    0
17225    1220330.5232242432  648518.18400728272    0
17226    1220247.3051147263  648093.3231087164    0
17227    1220215.9040844936  648684.82606271189    0
17228    1220121.8212003899  648510.4554007207    0
17229    1219811.3164102815  648426.73169881827    0
17230    1219877.7015393469  648061.77243749343    0
17231    1220057.0690371313  648141.20831980056    0
17232    1219958.5939450131  648304.97236734792    0
17233    1220060.035164024  647892.28547140711    0
17234    1219773.7895213044  648231.38838569541    0
17235    1219468.962497239  648391.224154216    0
17236    1219544.7730041847  647974.44788210455    0
17237    1219426.599995954  646875.96224923362    42
17238    1221300.0956375452  645832.71339556575    0
17239    1220668.8889413346  646896.93252553709    0
17240    1220361.1903335317  646748.65188226721    0
17241    1222145.013685338  646212.05250974302    0
17242    1221963.2452622924  646179.94083683717    0
17243    1221993.2806573426  645915.87054308038    0
17244    1221757.7211178094  645794.00752217602    0
17245    1226043.5565106403  657889.29636569123    0
17246    1226194.2422713954  658000.7431636469    0
17247    1225508.1710792447  657710.18011475692    0
17248    1231944.1694238707  657051.10851486051    0
17249    1232602.9167391965  656958.47895927134    0
17250    1231598.8566793436  656123.70999128767    0
17251    1232244.4353982399  657546.30613352475    0
17252    1231836.4605582838  657720.57743734936    0
17253    1231574.9172854847  658063.56334198348    0
17254    1231817.0227696423  658041.20414070005    0
17255    1231854.9545149379  658226.15905356046    0
17256    1232017.8121853818  658096.39205332391    0
17257    1231966.7320382462  657889.37761585077    0
17258    1232061.12947636  657681.85785102833    0
17259    1232271.85437889  657775.10239412147    0
17260    1232480.943157919  657634.00408340769    0
17261    1232476.0822069105  657284.3519785516    0
17262    1232410.9075568479  657460.1178943431    0
17263    1232220.8392056304  657296.8660079902    0
17264    1232670.7591680675  657456.50537225592    0
17265    1232057.6899459513  657438.13549920032    0
17266    1230703.5213013678  659808.11557114928    0
17267    1230884.3672944652  659731.47081314307    0
17268    1230916.2853304697  660019.41297767672    0
17269    1230389.3874490336  660608.6253432181    0
17270    1228554.4179186295  662155.53593859146    0
17271    1228572.2910110699  660714.92622834211    0
17272    1228913.5799556761  661011.2212100568    0
17273    1231899.6649116178  655467.04675455915    0
17274    1231942.8228421104  656131.19350991421    0
17275    1232169.0757479835  656055.37033448357    0
17276    1232465.2092557531  656118.63297177374    0
17277    1230925.0081953132  653059.83398330922    29
17278    1230851.5828742941  653246.59404135076    0
17279    1230684.2209636972  653350.41304909333    0
17280    1229705.8493252732  652933.96257082862    0
17281    1230280.2305287397  652658.67590747518    0
17282    1230105.408003381  652175.2662814348    30
17283    1229993.7645721957  652489.95474383701    0
17284    1231900.3454720068  654596.08051002736    0
17285    1231923.3458687237  654235.69916526042    0
17286    1232044.4940423924  654424.35577303369    0
17287    1232202.7673841966  653829.26928606641    28
17288    1232666.8227693541  654247.23732455145    27
17289    1232246.2569086745  654161.56455056183    0
17290    1232355.8327062547  654454.54262905335    0
17291    1224928.9560042985  657475.20726145676    0
17292    1217459.5026238253  654173.08989046165    0
17293    1217340.9847482278  654011.33919624216    0
17294    1217429.2579921167  653732.18955602194    0
17295    1217751.9895474252  654555.65617910447    0
17296    1216066.7432292481  653454.28918235528    0
17297    1215804.3283260455  653281.81755087757    0
17298    1215653.5434404088  653017.97161642089    0
17299    1214130.3203025595  652938.19859986065    0
17300    1214037.7717078945  652274.55095872609    45
17301    1213994.1224841899  652739.9110536779    0
17302    1213900.2518397057  652474.343974774    45
17303    1214168.8158370988  652511.97493889055    0
17304    1214006.2939509542  653157.32782151888    0
17305    1213797.1035854053  653193.50729558547    0
17306    1218049.4462761548  653327.88711590343    0
17307    1213942.9471206467  660325.55855352397    0
17308    1214173.7726155408  660474.76885897014    0
17309    1214249.478350319  660080.12619969714    0
17310    1214536.0049538761  660042.79541355919    0
17311    1214139.366133848  660256.73854824051    0
17312    1219557.2784879485  651761.25828011869    0
17313    1219305.6390482914  651971.47883039154    0
17314    1218976.9196935564  652612.12198432034    0
17315    1219014.8228538409  652368.22968487837    0
17316    1219221.7876282015  652296.81886884116    0
17317    1219349.710491467  652460.37453432276    0
17318    1217807.1889444508  651913.72988548072    0
17319    1218869.2532125919  652098.51707899699    0
17320    1219043.8350829647  651606.73897049832    0
17321    1218462.1017164032  651579.64732829214    0
17322    1218308.4074489714  651658.64844085963    0
17323    1218070.541242182  651811.22842152719    0
17324    1218084.7779762393  651571.7208968224    0
17325    1217867.4435471883  651678.97905940912    0
17326    1218054.5301645135  651157.66412444634    0
17327    1217448.4463705854  651696.54140579503    0
17328    1218132.1429487558  651360.12755250721    0
17329    1217660.595444039  651750.99470998987    0
17330    1217871.2231162074  651412.81886625534    0
17331    1218426.0506330116  651131.35247881163    0
17332    1217464.3178185192  652075.197635822    0
17333    1217704.3345765069  651543.55592206446    0
17334    1217571.2100553894  651201.73287982494    0
17335    1217770.30950695  654097.86421975563    0
17336    1217937.4675055686  654275.75789775944    0
17337    1218021.7623804763  654524.34378030361    0
17338    1221730.5770429405  652795.34593089786    0
17339    1221578.5313832234  652465.77695034654    0
17340    1224957.9832457379  658435.12442409189    0
17341    1224858.0336928864  658922.94870145433    0
17342    1225197.3492766747  658856.53191084915    0
17343    1225045.026217506  658978.30142000481    0
17344    1225322.9016009886  659169.74314284744    0
17345    1225110.3671273009  659180.84713497828    0
17346    1225229.0525472634  659412.98370913195    0
17347    1225224.8945134457  657796.43249573454    0
17348    1225115.4812027465  658219.85785614559    0
17349    1223496.7836470436  656273.79002165387    0
17350    1222973.2467299683  656784.75093747349    0
17351    1222979.9471763961  656493.63134033175    0
17352    1223281.5747037819  656554.34903138631    0
17353    1223138.004090043  656087.61412599892    0
17354    1222928.1360296032  655965.57782353461    0
17355    1222770.5888935383  656125.40516732249    0
17356    1222985.4559336226  655737.60545525723    0
17357    1222729.6670656272  655794.48380758846    0
17358    1226350.9026648977  658385.77075554489    0
17359    1226109.9797828165  658662.34229256865    0
17360    1226118.6181439802  658320.00117666146    0
17361    1226277.1163510557  658564.7154663587    0
17362    1226338.168997827  658861.1190862034    0
17363    1226033.568859308  658489.13465591345    0
17364    1225817.2726446262  658688.01243921439    0
17365    1227280.1987746728  658400.58245321282    0
17366    1227022.9796118701  658952.5706199063    0
17367    1227928.8084148662  660282.70045937551    0
17368    1227364.9550193134  659610.80164170312    0
17369    1227108.8309540923  660208.2166825193    0
17370    1228555.2342801802  664620.58250875096    0
17371    1228774.6069299167  664614.46592323855    0
17372    1229812.313770372  661454.56728526542    0
17373    1230454.920455083  661524.53292717179    0
17374    1229306.4340451055  662049.58764198539    0
17375    1229073.0005867044  662129.90146452037    0
17376    1229459.712287422  661852.08310001763    0
17377    1228813.6977415932  662142.48583376734    0
17378    1229364.6095508349  661442.09443027293    0
17379    1229590.698116442  661998.81669228885    0
17380    1229575.0807297709  661609.29718459747    0
17381    1229348.3991340979  661661.87922325684    0
17382    1229003.1999499432  661525.92855694529    0
17383    1225417.185926995  663244.64227170951    0
17384    1225526.4094064771  662903.26897121069    0
17385    1225543.7321961515  663096.97130425123    0
17386    1225865.2983199414  662997.81098626764    0
17387    1227950.5807727659  665571.71771843452    0
17388    1228047.425707933  665421.51287479652    0
17389    1228279.9656646324  665391.09314925293    0
17390    1228423.3015708674  665206.81185630069    0
17391    1228515.3382146552  665721.65916716657    0
17392    1228347.7633710515  665591.89825960621    0
17393    1228512.8177942073  665424.32323158556    0
17394    1228216.5990127993  665934.37010513979    0
17395    1228327.4368614785  665046.28309378237    0
17396    1227650.9062874233  665840.67826338951    0
17397    1226978.9749697389  666078.7678575149    0
17398    1227374.4872790286  666312.66686827492    0
17399    1228555.5874336162  662889.1778536184    0
17400    1226715.4876309971  664049.72324766009    0
17401    1226558.0241013588  663904.25265742117    0
17402    1226602.3192739119  663543.81014355051    0
17403    1227056.3759542531  663177.97993566422    0
17404    1226740.8611372146  663251.06847232115    0
17405    1227236.9879066912  662962.63224781735    0
17406    1229524.7888993865  666781.77716535516    0
17407    1228963.0593269211  668025.90887779533    19
17408    1229258.0996078253  666842.56311789888    0
17409    1229179.1562990313  667231.95970826282    0
17410    1229026.6094020174  666998.33302959392    0
17411    1229277.3951510689  667049.17542862461    0
17412    1229470.7810986557  667190.65411491401    0
17413    1229522.4033460007  668044.48487842898    19
17414    1229683.9271085639  667538.87112486118    0
17415    1229630.7986740924  667332.04883329989    0
17416    1229831.0609227729  667290.41906025517    0
17417    1229353.6821681077  667513.46937198541    0
17418    1229898.0539389695  667497.88496288494    0
17419    1230249.6164804637  667634.67738730845    0
17420    1229802.0753555405  668053.7728787458    19
17421    1229839.9345864204  667774.07988317451    0
17422    1228753.3093070032  666622.22923785658    0
17423    1231070.2604433817  666559.70526389044    0
17424    1230873.0825778153  666502.06072444597    0
17425    1231269.7375764509  666554.67906431912    0
17426    1231388.7279509152  666845.65040254197    0
17427    1231478.9109608508  667106.62362921552    0
17428    1230799.9186456681  667140.2184563108    0
17429    1230759.3403305905  667334.0541861353    0
17430    1230967.4700435982  667606.27820262697    0
17431    1230641.0913841603  668081.63687969628    19
17432    1230741.1663991299  667563.62423744937    0
17433    1230920.7633937001  668090.9248800131    19
17434    1230502.3727840972  667647.44816766737    0
17435    1230807.1136919805  667835.39820639545    0
17436    1230361.4193746205  668072.34887937945    19
17437    1230366.0415215727  667838.05242114316    0
17438    1230586.6683172318  667851.79939823761    0
17439    1230133.4004464443  667836.21910586488    0
17440    1230041.6385547533  667649.02799308882    0
17441    1230327.9460729372  667239.95860611799    0
17442    1225037.8658811352  660661.50674400292    0
17443    1224875.1324245771  660779.56085524184    0
17444    1225052.9139137624  660853.43816983735    0
17445    1225075.9037030428  660084.19032830419    0
17446    1225243.2581366978  659961.87051729276    0
17447    1225078.3135549561  660268.5309725157    0
17448    1225581.3509608593  660081.65002874087    0
17449    1225246.0490927361  660359.172053952    0
17450    1225438.9018726707  660250.85988948727    0
17451    1225251.596983036  660562.96239555755    0
17452    1225427.3885642723  660456.20604269905    0
17453    1225414.805753293  660688.24250367307    0
17454    1225630.8097844564  660364.61558474484    0
17455    1225818.7689147969  660510.69169723382    0
17456    1225823.5226009695  660708.49912294454    0
17457    1225643.3053392277  660776.77503239654    0
17458    1225936.3755290736  660165.40136371204    0
17459    1225817.9763285117  660317.74804375065    0
17460    1225753.6601060065  660145.58196748723    0
17461    1226070.9588370305  660392.17687905999    0
17462    1225773.4101875711  659828.18213235773    0
17463    1225862.6382319883  659993.04870093917    0
17464    1226091.1292847539  659762.80721047276    0
17465    1226095.310792062  659995.45463410404    0
17466    1226478.6055815176  659872.20416402142    0
17467    1226268.3573954273  659875.98307681968    0
17468    1226367.221636812  659525.81290396338    0
17469    1226379.5973513403  660214.36320137663    0
17470    1223844.9909057932  663069.12216070096    0
17471    1223663.7027862  663001.04276116914    0
17472    1224608.1360830388  664412.87164001178    0
17473    1224567.8224158408  664218.85955424118    0
17474    1225936.0230218379  661650.36747203267    0
17475    1226366.0400107135  661060.75398824783    0
17476    1226804.2283212433  667216.56987560971    0
17477    1226935.7699683737  667036.50016825704    0
17478    1226898.2525571743  667552.72305712407    0
17479    1227036.2348246234  666822.82228439301    0
17480    1227192.7809363417  667026.88222039898    0
17481    1226446.0112410625  667942.31687494391    19
17482    1225464.5039557565  664956.72686976579    0
17483    1225333.4739214608  664821.90003252123    0
17484    1225650.2879629713  664983.00659930287    0
17485    1225621.3726074921  665311.97867484542    0
17486    1225310.9115031189  665257.59214850888    0
17487    1220976.0283117881  651802.74493413791    0
17488    1221066.0923258625  652011.50687329459    0
17489    1220758.9362526252  651735.18672427267    0
17490    1221341.6579408373  652019.63004893868    0
17491    1220883.8448056311  652214.56069215538    0
17492    1219468.7029396982  650436.78875706589    0
17493    1219151.7076531493  650316.47690026986    0
17494    1219337.2867832019  650305.27906612109    0
17495    1219235.0620324765  650154.51082052442    0
17496    1218925.0844910026  650097.41550884605    0
17497    1219403.1672103952  650112.40033115214    0
17498    1219462.5036599222  649947.23801504157    0
17499    1219343.2742312548  649794.7683234287    0
17500    1219100.3123212713  650016.08279568492    0
17501    1219448.9561485504  649624.76739506063    0
17502    1218877.9689887853  649766.48042080062    0
17503    1219129.1089576257  649803.67550746095    0
17504    1219029.8146446629  649607.66551793041    0
17505    1218690.811458295  649435.53732093307    0
17506    1219159.1268757149  649377.96139208123    0
17507    1219512.3996124386  650672.09848609671    0
17508    1219174.412306339  650684.87381069129    0
17509    1219133.3673529895  650502.50534040632    0
17510    1218921.2920292479  650387.6788189722    0
17511    1218570.3587225545  650613.47480720025    0
17512    1218779.9021957682  650553.53918487742    0
17513    1218830.4324630774  650754.34570431337    0
17514    1218585.3412293245  650896.83371314511    0
17515    1218576.1692528648  650237.52452222572    0
17516    1219586.4377473942  648847.72621237312    0
17517    1219429.2407171687  648929.29661842273    0
17518    1219288.2718987663  649060.59279369703    0
17519    1219214.9206929291  648840.51266221865    0
17520    1219219.3258371146  648546.53761556058    0
17521    1219850.5330766218  648601.92943143367    0
17522    1219654.5296131  648553.81525974954    0
17523    1219780.0932251948  647092.21591736947    0
17524    1221057.5111968094  645675.8185907501    41
17525    1220127.5947902724  646251.962451322    41
17526    1221519.7034696459  645704.52941878035    0
17527    1221712.0173323066  645554.27223990357    0
17528    1221801.4443220394  645214.90350229258    41
17529    1221913.7528536301  645640.03702011448    0
17530    1222032.7919261071  645380.6004957807    0
17531    1232357.0124890432  656904.99407587782    0
17532    1232439.1878974077  656649.92908215954    0
17533    1232446.5754093197  657085.24806791637    0
17534    1232635.8869093813  657158.93086503691    0
17535    1233513.0470772786  656950.21093361173    25
17536    1232951.4547882334  657004.08910448803    0
17537    1232714.9414089804  657693.99696586013    0
17538    1231103.9747827582  659969.40879324463    0
17539    1231256.5904786692  659848.49262686784    0
17540    1231226.1299619609  659659.79016658152    0
17541    1231378.7749641121  660003.25593706931    0
17542    1231042.5786710724  660150.19881862798    0
17543    1230665.2814206644  660195.30522985314    0
17544    1230722.9182855927  660556.28700705292    0
17545    1230095.7490574138  660950.79984821822    0
17546    1228161.5200718117  660901.5110690716    0
17547    1228731.0877730548  660876.72056710464    0
17548    1228599.5306090203  661246.27317852236    0
17549    1228456.6747222999  660987.22501495352    0
17550    1228721.0815626793  661081.35129899799    0
17551    1228901.8974282094  661278.41126870411    0
17552    1228940.7261720328  660824.71391271753    0
17553    1229081.5969460146  660940.4469340439    0
17554    1229128.0709976044  661181.91403690865    0
17555    1229375.668718308  661194.42749131343    0
17556    1232290.9221025957  656209.73979912279    0
17557    1232167.9336401222  656349.90857434436    0
17558    1232215.115202419  656535.0465272303    0
17559    1232628.1595275516  655841.00582545355    0
17560    1232307.4115361001  654652.17581202823    0
17561    1232569.1899066418  654611.56457851792    0
17562    1232461.0567830047  654778.55484923522    0
17563    1232975.8781220233  654813.5064868622    27
17564    1232706.985604452  654819.29848151619    0
17565    1232846.1344054628  655034.71732966753    0
17566    1217253.3448310453  653657.57381449221    0
17567    1217418.2168266359  653513.54684196494    0
17568    1217377.4127301162  653136.943340456    0
17569    1217675.4441874912  653610.15734237141    0
17570    1217596.9788843635  653821.15431196545    0
17571    1215914.0263383118  653555.77082752273    0
17572    1216107.4457383938  653681.19176314818    0
17573    1216295.6189341231  653530.33469131077    0
17574    1216266.821812026  653234.55730027519    0
17575    1215414.3398724543  652838.17264083354    0
17576    1214357.2611588191  652253.08782848634    0
17577    1213625.2121033277  652873.93000687007    45
17578    1218159.6737040256  653484.2839273063    0
17579    1214412.3661948631  660491.95870917453    0
17580    1214527.0458305893  660669.2059366412    0
17581    1214114.6029196496  660692.54395387659    0
17582    1214495.8582121874  659845.77036331047    0
17583    1214582.5539695066  660273.56653897453    0
17584    1214868.7252589397  660095.76243396883    0
17585    1219109.5896881269  651983.9204543191    0
17586    1219071.8835340391  651796.17153322394    0
17587    1219218.8433779282  651677.61904476932    0
17588    1219365.1280856321  651794.15983533149    0
17589    1217955.4201633248  652118.57086675451    0
17590    1217695.8586108414  652255.51966675522    0
17591    1218131.3266112523  652009.22840144823    0
17592    1218830.0622400609  651505.85123281553    0
17593    1218749.8502652037  651294.36100636539    0
17594    1218441.6245987758  651333.13401187875    0
17595    1217468.0056035372  651438.76081060315    0
17596    1218259.9100066589  654538.10337725969    0
17597    1218395.5201198775  654362.05039618153    0
17598    1218547.4715678662  654528.95586845418    0
17599    1218607.0673259278  654734.53330389259    0
17600    1221368.1059621926  652596.61977777607    0
17601    1221335.1730280153  652309.02832983702    0
17602    1221672.6599568422  652295.86960565951    0
17603    1224762.1787914219  658317.97857721208    0
17604    1225103.6790198404  658631.05251448927    0
17605    1225359.5810219189  658656.94016291422    0
17606    1225035.1100495707  659445.31477614876    0
17607    1222804.1198106331  656531.27093855396    0
17608    1222857.7246216245  656352.18272926647    0
17609    1223122.0741738002  656348.72931127169    0
17610    1222519.9320531865  655556.7868490665    0
17611    1226637.041486647  658836.846171382    0
17612    1225769.7324673641  658514.05125097185    0
17613    1225994.3450160644  659025.45244793769    0
17614    1227154.2169201463  658761.44777073804    0
17615    1227243.8280860439  658963.60002857062    0
17616    1226932.2696594242  658749.66386417043    0
17617    1227319.6812049532  659167.37254179886    0
17618    1227191.9808982089  659404.43642068794    0
17619    1227525.5993758456  659512.72468306962    0
17620    1227121.2656904159  659859.93737172731    0
17621    1227339.1099445571  660096.9238677125    0
17622    1227408.3294300048  660534.03245690919    0
17623    1227307.7518604242  660325.92467181443    0
17624    1227530.5363603598  660346.61215024861    0
17625    1227013.3055497971  660596.58750708064    0
17626    1227725.1178955194  660286.27453461324    0
17627    1227832.8836889563  660621.9052951351    0
17628    1227680.3336070373  660485.7704065037    0
17629    1227586.0405820159  660744.97307485878    0
17630    1227119.6806424218  660416.81865738123    0
17631    1227215.4993251443  660594.87492869783    0
17632    1226768.7020666876  660330.49041585124    0
17633    1227369.5278687484  660747.05008012697    0
17634    1227116.5482219737  660849.07102066651    0
17635    1227481.2248300139  661104.66962016688    0
17636    1229840.0761410852  661669.3175898724    0
17637    1230088.9997864885  661527.96770048921    0
17638    1230274.6516932009  661730.96480558475    0
17639    1228693.5856018441  662338.30890342954    0
17640    1228457.0992075875  662571.78613625572    0
17641    1228931.1161153007  661884.12981436437    0
17642    1226028.0213758065  662372.62843467237    0
17643    1228627.9484750221  665192.12551020901    0
17644    1228727.5378552417  665571.18176933948    0
17645    1228091.2085565343  665774.56289131171    0
17646    1227957.1014221129  666008.88467149553    0
17647    1226996.3897634144  665890.93692803674    0
17648    1227556.3699738218  666102.24966645066    0
17649    1228511.1533232559  663114.36439353914    0
17650    1228338.8028666717  663292.42641216109    0
17651    1228145.1854077091  663424.94658224005    0
17652    1226813.6502628019  663476.18337665813    0
17653    1226753.0484108296  663670.30815940653    0
17654    1227334.6687677214  663124.54242853832    0
17655    1227085.3288145626  662500.55371653067    0
17656    1228715.8751500375  667367.8436386328    0
17657    1229341.2586425932  667326.31679758022    0
17658    1229171.4760362976  667431.57590849651    0
17659    1229136.5069175155  667753.02274515852    0
17660    1228954.3689049312  667323.26682987146    0
17661    1228965.931628851  667571.84092931123    0
17662    1228792.3561461137  667116.75025891152    0
17663    1229572.742276079  667781.95906201587    0
17664    1228931.7667120721  666598.26331728417    0
17665    1228867.7073110449  666797.66441662458    0
17666    1228822.1921003775  666458.74455905647    0
17667    1228600.5888471093  666461.62793999596    0
17668    1228537.3239194811  666888.0852662843    0
17669    1228444.7285323425  666171.68301725388    0
17670    1228541.4523491841  666670.7763807585    0
17671    1228179.4112149077  666772.59198946762    0
17672    1228294.7369816618  666488.08326332271    0
17673    1231695.4813405192  667074.99953605642    0
17674    1231623.2368640215  667337.62817691953    0
17675    1231264.631463913  667364.37626720755    0
17676    1231079.4871769729  667855.35172612348    0
17677    1230347.3151151438  667043.03591741261    0
17678    1230364.2567915828  667452.29566335643    0
17679    1230151.448158094  667184.60910203191    0
17680    1229978.2916277612  667159.90540934703    0
17681    1225414.2399046177  659682.81815532921    0
17682    1226282.4000066421  660575.64279043186    0
17683    1225927.7231117915  661462.30193907535    0
17684    1226334.7347055862  661855.25431839738    0
17685    1226388.9394879588  661354.1182412249    0
17686    1226661.0946871412  667588.1098312852    0
17687    1227285.0272696819  667970.18087589438    19
17688    1226521.1035466418  667745.50924881862    0
17689    1226311.4696343667  667778.25266611238    0
17690    1226806.4353664438  667749.77040973783    0
17691    1227005.3552601421  667960.89287557756    19
17692    1227033.1045890499  667735.47487843153    0
17693    1227179.2339243039  667486.51710172521    0
17694    1227282.110771283  666747.75160694588    0
17695    1225225.1467883403  665512.15963541495    0
17696    1225107.2078574982  665155.59876643703    0
17697    1225095.2791341448  665357.33005409071    0
17698    1224912.6979163843  665511.8872458355    0
17699    1224798.1686299809  665731.27885460097    0
17700    1224750.1715588449  665392.90107156604    0
17701    1224935.8739942787  665898.55608602101    0
17702    1224873.772946832  666108.89684912167    0
17703    1220500.8630324295  651705.20566078392    0
17704    1221403.3789933876  651825.39775481389    0
17705    1220676.6196344716  652247.65889594099    0
17706    1220943.0523612942  652410.76212993683    0
17707    1221111.3628925853  652252.93696352723    0
17708    1221142.7852458495  652455.10574779671    0
17709    1218923.7332491647  649396.69655508874    0
17710    1218833.4750143734  649573.25005601125    0
17711    1218535.6316781307  649743.57047969417    0
17712    1218753.8288904682  649095.62513249239    0
17713    1218217.1753073388  650818.12318249315    0
17714    1218780.023428773  650240.67663074634    0
17715    1218681.8522127846  649996.19961689424    0
17716    1219405.1169383449  648566.8829435712    0
17717    1219122.7036074002  648112.95757160836    0
17718    1219999.4070179232  647090.80296011025    0
17719    1219919.9705397349  647371.31144811015    0
17720    1219887.7593377263  646782.50762709382    0
17721    1221110.3867429493  645860.04910480487    0
17722    1220465.2731236459  646396.42592511454    0
17723    1222359.3941659615  644869.21718594944    41
17724    1222112.5192349153  645553.21623319341    0
17725    1221839.3341580038  645406.35465866397    0
17726    1232740.9836889687  656398.4248927834    0
17727    1232890.9991300839  657279.8652551102    0
17728    1230719.1547424064  660005.14273689897    0
17729    1230539.9228082437  660479.02863854391    0
17730    1230056.9692470795  660717.82440554397    0
17731    1230268.8546650195  660802.27038295369    0
17732    1229830.510150037  660875.23479910416    0
17733    1230366.7752010126  661091.53198180068    0
17734    1228217.005451492  660670.21418287721    0
17735    1228012.6894416611  660743.50478077249    0
17736    1227837.6218564226  661057.50298534147    0
17737    1227816.4726684147  660839.90841882164    0
17738    1227644.2549834717  660966.47226829536    0
17739    1228207.7306348202  661293.42292416643    0
17740    1228725.9966842665  661494.89187804249    0
17741    1232472.7019037898  655936.39617193956    0
17742    1232454.4286211969  655757.09480703913    0
17743    1232609.6342303003  655657.55760821083    0
17744    1232639.9213182663  656034.54381131893    0
17745    1232657.8367930062  655346.54427163303    0
17746    1233427.1952571915  655678.34840733081    26
17747    1232628.2167186846  656233.76938358543    0
17748    1232954.6403273949  655918.29115494492    0
17749    1232544.5378037195  656412.0211226762    0
17750    1232827.2411645334  655728.24232010485    0
17751    1232888.4903979278  656176.45966372988    0
17752    1232656.510281621  656603.88393436302    0
17753    1233278.8005277747  655387.49473767425    26
17754    1233030.0592969111  656637.37173281738    0
17755    1233124.1920351228  655666.90682613582    0
17756    1232551.8440343379  654411.67069655203    0
17757    1232417.0009414847  654264.68520560977    0
17758    1217645.7872314164  653298.37786382798    0
17759    1217865.2859625493  653472.78613735479    0
17760    1217852.7417629536  653684.57078252302    0
17761    1216234.3740203131  653813.56129911775    0
17762    1216091.3309643674  653275.7202369814    0
17763    1216307.0177536046  652721.91635904647    0
17764    1215206.18498884  652960.13865252363    0
17765    1215467.4038729989  652323.108778005    0
17766    1213756.6916151962  653009.22733839403    0
17767    1213823.039934733  652842.82372103247    0
17768    1217664.9297275182  652056.41871198872    0
17769    1217742.4608660138  652519.09534155275    0
17770    1218641.5569118415  651106.37303172506    0
17771    1217126.9658805032  651149.28641458636    0
17772    1225483.6686269983  658923.5290965254    0
17773    1226631.8305896774  658659.4527025806    0
17774    1226515.0062760736  659186.37165847002    0
17775    1225976.304209782  658819.73984136642    0
17776    1225745.1605178127  658943.65831477416    0
17777    1227077.3622801171  659189.76787465857    0
17778    1226794.4286683705  659478.76906682877    0
17779    1226796.539083974  659129.31990936946    0
17780    1226981.4801594296  659378.8961054018    0
17781    1227059.3795767946  659617.09008976817    0
17782    1226798.9183305174  659812.77389814658    0
17783    1227299.1042247168  659790.13928447978    0
17784    1227956.1820024913  660473.6073506847    0
17785    1226766.5748987391  660844.82794792508    0
17786    1227309.2087697587  660962.14300637483    0
17787    1227159.1183483906  661318.35467749659    0
17788    1227106.6906224827  661086.53789331391    0
17789    1227290.5109200226  661166.80198560643    0
17790    1227475.8649813894  661460.23299880989    0
17791    1226876.0454773933  661260.53756519826    0
17792    1226940.1825975096  660960.68786200054    0
17793    1230017.7091617291  661238.51065561024    0
17794    1230568.7025130074  661805.8209947932    0
17795    1228632.3480600617  662689.70694649394    0
17796    1228362.802375474  662775.02346301812    0
17797    1227976.4031141133  662806.48111927963    0
17798    1228174.3502909935  662849.0671360204    0
17799    1228097.3417017967  663065.50549393415    0
17800    1228139.3220090664  662530.54527490179    0
17801    1227826.7578032913  663034.09590244794    0
17802    1228672.658340093  661922.52552122239    0
17803    1229045.8181047924  661720.8586098064    0
17804    1228828.0340698613  661689.78610204684    0
17805    1228582.5634229972  661694.14482404583    0
17806    1228363.9166577465  661912.36107992602    0
17807    1228475.5132071034  661465.83211418428    0
17808    1228339.2343457926  661668.98288339388    0
17809    1228404.9962247624  661281.19579354289    0
17810    1228295.3981180068  661110.40123832517    0
17811    1228063.3656640584  661111.76479965297    0
17812    1227948.414198766  661831.55877098744    0
17813    1227871.7479586517  661412.23770212883    0
17814    1228168.360001544  661809.25286604406    0
17815    1228104.2212408495  662167.90146405238    0
17816    1228035.9219927734  661598.89021132316    0
17817    1227798.3463370565  661642.32717077772    0
17818    1228060.5559504656  661411.69533944235    0
17819    1227965.7178011369  661260.82847652317    0
17820    1227768.3160739657  661243.17917708133    0
17821    1228245.4203285782  661491.02897366462    0
17822    1227671.6547650401  661418.4872911236    0
17823    1227608.4452396142  661602.03651960718    0
17824    1227639.7350938316  661922.2324871897    0
17825    1227307.2544783591  661750.75685527176    0
17826    1225879.9067633492  662160.51262882433    0
17827    1228831.1180830754  665792.60838110559    0
17828    1229034.7534261497  665821.19210673554    0
17829    1228638.3054574511  665982.53522317612    0
17830    1227749.4160548309  666024.15056367614    0
17831    1227878.5470225941  666360.55296866188    0
17832    1227719.7729467768  666228.5145476117    0
17833    1227665.696053128  666455.02198739199    0
17834    1227888.2133314579  666669.35736777855    0
17835    1227654.0277957032  666689.80910473445    0
17836    1227804.9993129398  667067.51669572317    0
17837    1227786.5166642594  666855.8784865716    0
17838    1227989.6193481218  666845.63136870088    0
17839    1227502.8673874715  666987.27612020483    0
17840    1228205.5066099158  667123.50605542166    0
17841    1227091.4221044665  662754.48116368777    0
17842    1226667.7390922355  662637.61110803927    0
17843    1227495.6384080662  662617.7446832041    0
17844    1226897.2184663459  662632.10447860998    0
17845    1227315.9630595308  662752.42810709577    0
17846    1226787.0430966755  662825.06792280299    0
17847    1226773.3569272617  662254.72019350238    0
17848    1227296.2542203334  662538.94511496159    0
17849    1227254.3877082164  662170.34687008359    0
17850    1227494.1799294513  662329.78732418979    0
17851    1227514.9518099534  662830.70013947308    0
17852    1227739.6092781627  662702.97194048425    0
17853    1226752.3108888483  663036.80619279551    0
17854    1226391.6558630471  663124.97056867613    0
17855    1226525.5370558584  662890.88988527923    0
17856    1226892.2420138633  662424.71932300064    0
17857    1226691.8911359536  662438.26084850484    0
17858    1227013.9593389386  662213.0296586951    0
17859    1226350.7985671142  662498.07436963799    0
17860    1226480.3740673659  662234.52762676578    0
17861    1226824.5968508024  661835.31177138886    0
17862    1226862.2734310264  662052.74904120457    0
17863    1226638.5683303396  662074.82234238158    0
17864    1227085.0439318644  661902.16549048561    0
17865    1226437.1611137935  662033.52211330319    0
17866    1226218.2219026831  662185.73832537234    0
17867    1226579.1805290726  661833.36354556517    0
17868    1226436.2192644272  661612.73173770925    0
17869    1226703.7807659595  661595.99447868939    0
17870    1229242.7313364609  668035.19687811215    19
17871    1229512.5521634605  667607.45787463628    0
17872    1229355.1628181399  667759.37683773821    0
17873    1228515.0503519005  667169.47960886848    0
17874    1228157.9103479155  666219.09487756027    0
17875    1231759.7794223195  668118.78888096358    19
17876    1231313.519046284  667187.07272378332    0
17877    1231441.4531139871  667317.73936436977    0
17878    1231130.4271921094  667231.98075469024    0
17879    1231499.3987362299  667628.81252651929    0
17880    1231069.4172236633  667428.04085557314    0
17881    1231011.1992915426  667096.93994564342    0
17882    1231391.7789407186  667487.92603102734    0
17883    1231264.8249883836  667696.45042356045    0
17884    1231226.8717289369  667530.43540719897    0
17885    1231480.1074127797  668109.50088064675    19
17886    1231441.0991168795  667867.2040887014    0
17887    1231741.4816115091  667814.33935617376    0
17888    1225544.4900019567  659394.96326780389    0
17889    1226268.4294329579  660378.16959385655    0
17890    1226156.4396515496  660198.31541879405    0
17891    1226526.1030982477  660433.4154527504    0
17892    1226098.7909839044  661824.0112451727    0
17893    1226196.5449625056  661992.31566115073    0
17894    1226203.8887428744  661288.39695446531    0
17895    1227286.0195325483  667716.56168722606    0
17896    1227596.3572707765  667432.69739753241    0
17897    1227564.6992792217  667979.46887621121    19
17898    1227396.3052840398  667525.56058332603    0
17899    1227331.8438167777  667260.99795817386    0
17900    1227602.2665752957  667707.34178139525    0
17901    1227013.6179803163  667412.98722471297    0
17902    1226840.5890774424  667387.62572167895    0
17903    1225387.7643316325  665614.42271922296    0
17904    1225227.3233057617  665701.86026619212    0
17905    1225143.7107934586  665854.17879653943    0
17906    1220610.2119523808  651889.66535082588    0
17907    1218829.2597803599  648687.71309942007    0
17908    1218421.3653287247  650763.42833321961    0
17909    1218228.6671045357  650452.53052366839    0
17910    1218374.5575371061  650005.42986223078    0
17911    1218702.7552142015  649815.47061861819    0
17912    1218676.9887958034  649645.18196032464    0
17913    1218490.2221546588  649527.58972076746    0
17914    1218180.3543899613  649705.50281010673    0
17915    1217428.9728652753  648680.85727754817    43
17916    1218469.9271160001  649218.78925226047    0
17917    1219247.0405612725  648312.80542527197    0
17918    1218944.0394628062  648395.38638884726    0
17919    1219354.6030040993  648107.28203787841    0
17920    1218768.5435325475  647663.04675659921    42
17921    1219229.2516600543  647725.9733845992    0
17922    1219349.6527829112  647897.65105601354    0
17923    1219147.235333151  647911.55188303185    0
17924    1219573.8400371959  647612.36512822611    0
17925    1218834.3013789679  647975.63258814369    0
17926    1218993.67156924  647732.77166538127    0
17927    1218933.0576483991  647466.2756297579    42
17928    1220133.4715863308  647449.57201308932    0
17929    1220120.9768443827  646716.66464477859    0
17930    1220268.1155735289  646529.65707172314    0
17931    1219941.611508965  646367.19122343638    41
17932    1220067.6118311607  646523.28809519333    0
17933    1220485.8380288412  646593.99406949186    0
17934    1220715.1650471657  646470.26900254446    0
17935    1222267.8763365939  645198.51307228301    0
17936    1233407.5782579051  657295.28852709557    25
17937    1232872.977645955  657483.01635989279    0
17938    1233145.078388402  657404.77945619577    0
17939    1229781.1894957365  660696.53234368796    0
17940    1229641.942263291  660914.00994971767    0
17941    1229457.9990313821  660986.4660510557    0
17942    1228381.7909155833  660794.73548467201    0
17943    1232936.7480005741  655302.20011799247    0
17944    1233575.5899866084  655969.20207698748    26
17945    1232983.3780180241  656399.51242213196    0
17946    1233255.884060543  656151.87797469751    0
17947    1233076.4715049593  656228.20086142921    0
17948    1233102.0316504834  656039.25081435859    0
17949    1233275.6563497602  656447.39118147059    0
17950    1233130.6320581057  655854.12155149132    0
17951    1233270.5074760185  655970.50459800661    0
17952    1233296.8850471862  655796.5561800627    0
17953    1233501.3926219  655823.77524215914    26
17954    1233423.4938687275  656074.11548595363    0
17955    1233649.7873513168  656114.62891181582    26
17956    1233618.5158966519  656605.133340128    25
17957    1233503.2196579578  656281.04966377805    0
17958    1233352.9978924831  655532.92157250247    26
17959    1233193.387707287  655522.71402388532    0
17960    1232981.4899237915  655509.72719724558    0
17961    1233101.4832664016  655370.07588532346    0
17962    1216209.5527173162  652972.17051346402    0
17963    1215363.1391432334  652572.63236346876    0
17964    1217588.6799421366  652845.00188554905    0
17965    1217357.4269723678  652451.26470612665    0
17966    1217341.1728195744  651242.55436683667    0
17967    1217095.9590118334  651540.16391835082    0
17968    1217388.5697518557  650841.08191339998    0
17969    1217167.3479298884  651349.15835547936    0
17970    1217285.4371889317  651502.13827570889    0
17971    1216816.0646657411  651316.11613262433    0
17972    1217229.5152899174  651714.57347735344    0
17973    1217425.4609559951  651048.97121992405    0
17974    1217234.7007305988  650975.6048299293    0
17975    1217751.3885348132  650883.91548053303    0
17976    1216893.125963744  650883.98048790183    0
17977    1217126.4767683228  650696.55675761949    0
17978    1217354.1848970167  651890.15313578967    0
17979    1216873.8239036507  651848.60759214847    0
17980    1217102.7210982391  652165.11297787109    0
17981    1217117.4991264576  651926.16048642749    0
17982    1225317.0411476528  658990.3225738632    0
17983    1225570.021703192  658721.16119507328    0
17984    1226498.6180211788  658984.58301611221    0
17985    1226279.0184346121  659103.97759283124    0
17986    1226338.9077525833  659311.59413266159    0
17987    1226530.9273972362  659395.19491569244    0
17988    1226595.1767940053  659643.6163943297    0
17989    1226067.8740058271  659456.39795610018    0
17990    1226135.9169202771  659257.70297101804    0
17991    1225852.022058669  659271.48154660466    0
17992    1226820.4640966211  658926.54557508545    0
17993    1226876.3838696547  659644.70002304076    0
17994    1226555.7931781334  660933.28737050528    0
17995    1226574.0300348543  660681.38649997779    0
17996    1226790.3316120466  660621.70493142027    0
17997    1226410.9440881724  660796.19015529822    0
17998    1226789.0798918926  661085.15160021419    0
17999    1229796.3564976139  661233.73898963013    0
18000    1229590.9343987834  661359.57368728588    0
18001    1229921.8081393754  661058.05871758447    0
18002    1230176.2660722907  661127.0789630207    0
18003    1230312.3425739948  661328.08499880193    0
18004    1230599.5137522887  661269.62605836999    0
18005    1230917.619546579  661747.61790796334    0
18006    1230524.2594233097  662021.6978019278    0
18007    1227779.6260233195  663228.61703488475    0
18008    1225685.0193066574  662454.36723635101    0
18009    1228626.0640439799  666163.63594368822    0
18010    1228427.2558185542  665960.17237620719    0
18011    1227336.5795992615  666919.04256715253    0
18012    1227477.5908431679  666779.896635029    0
18013    1227363.3989245901  667090.42448003369    0
18014    1227558.3467386183  667208.15348559245    0
18015    1227767.4358693592  667288.24826611357    0
18016    1227988.9155987762  667212.37702630635    0
18017    1227854.1955590465  667564.53546122147    0
18018    1228403.7153078415  668007.33287716168    19
18019    1228237.245536675  667509.22507800313    0
18020    1228160.1782245676  667321.40123756311    0
18021    1228343.5303163591  667259.25961080729    0
18022    1228037.7061070716  667481.37656151387    0
18023    1228512.3509336519  667373.052575693    0
18024    1228124.0432983018  667998.04487684486    19
18025    1228622.7417599566  667707.59042081272    0
18026    1228046.7579783876  667745.4117503101    0
18027    1227307.1521485609  662351.03050959203    0
18028    1227477.9154333579  662094.20919284155    0
18029    1227308.861878373  661964.08489656169    0
18030    1227755.6140728602  662193.3871866999    0
18031    1227697.8669258815  662890.9884037954    0
18032    1227928.9607587992  662592.406595879    0
18033    1227718.5670478521  662449.51352737367    0
18034    1227975.8765782423  662363.34474164876    0
18035    1226179.9004824355  662848.53155600105    0
18036    1226457.2518748415  662685.99284875905    0
18037    1226511.7747292665  662413.59303251398    0
18038    1227024.3517430543  661597.86009429488    0
18039    1226214.1138570686  662371.7873591017    0
18040    1226125.3112110086  662605.01422303752    0
18041    1225950.8667459881  662771.99673618912    0
18042    1225732.7045772283  662818.44740141486    0
18043    1225556.6728079412  662683.59602055361    0
18044    1225805.2822725794  662623.77870025404    0
18045    1226615.7005107296  661384.79856831883    0
18046    1228379.4855011073  667017.17037479614    0
18047    1228319.6251354078  666306.12930331368    0
18048    1228086.5247562504  666424.7007431722    0
18049    1227971.0252852493  666196.60268218175    0
18050    1231258.391913604  667919.2839518073    0
18051    1231624.5930549207  667974.13913329784    0
18052    1231758.2550683138  667557.15835671965    0
18053    1225565.5727125844  659152.60283837467    0
18054    1226012.5265668943  662028.03408839065    0
18055    1227447.4278818485  667824.62285447179    0
18056    1219051.0432448415  648691.0364704004    0
18057    1219007.7365036665  648903.08678289002    0
18058    1219786.1789382624  647548.23157008877    0
18059    1219762.946244061  647816.54620598909    0
18060    1219602.1874872814  647322.63857580605    0
18061    1219168.7735812094  647496.19217816868    0
18062    1219347.8421612745  647315.42139457853    0
18063    1219367.7527986828  647566.67061229923    0
18064    1219262.0858801024  647072.73337607505    42
18065    1222173.4108846541  644984.44595806382    41
18066    1222587.4479834614  645320.1562864224    0
18067    1233123.1683665698  657589.51176021073    0
18068    1233187.5282459701  657137.13956409739    0
18069    1233470.571713282  656475.21529377112    0
18070    1233384.6097910127  656722.29918528802    0
18071    1215914.3187958766  652785.91363081569    0
18072    1216672.8367130151  653008.496399533    0
18073    1215001.9302340047  652275.1537665677    0
18074    1217730.7490732074  652712.80355278379    0
18075    1217824.9691159942  652956.49632506655    0
18076    1217515.0686121476  652623.45660830964    0
18077    1217261.5588838574  652830.69035177561    0
18078    1217487.0118002857  652284.87253777217    0
18079    1217283.8588299882  652260.3145788291    0
18080    1217066.6644800594  652453.64095533453    0
18081    1217270.1642435917  652066.44698793511    0
18082    1217078.4220378709  650875.70438353601    0
18083    1216992.5715758225  651032.03529218875    0
18084    1216957.9317799087  651207.38729123783    0
18085    1216985.9020391214  651390.79933921399    0
18086    1216748.5768399676  651081.14239176677    0
18087    1216856.1264035511  651601.65167874645    0
18088    1216393.081614404  651310.42432092875    0
18089    1216605.4321404621  651249.43420665816    0
18090    1216455.8872843906  651754.44593124453    0
18091    1215640.6606733671  650190.45920362603    44
18092    1216646.5781452295  651485.47392597655    0
18093    1216398.2254198496  650928.16597522062    0
18094    1216679.0663423256  651738.45234216354    0
18095    1216550.3141396062  651057.52873776364    0
18096    1216367.0439869596  651118.91016797232    0
18097    1216636.4043696609  650802.22957958013    0
18098    1216062.8154196523  651257.79914351611    0
18099    1216120.0927933981  650980.6196853033    0
18100    1216593.9705433038  652116.15012505138    0
18101    1216579.5168131019  651914.45869270375    0
18102    1216753.9210274098  652003.32404722727    0
18103    1216252.637411379  652039.24732892727    0
18104    1216949.8448632786  652031.34233940637    0
18105    1216865.4915137363  652281.98393261852    0
18106    1217496.9323400788  650334.65657871868    0
18107    1226705.0148345982  659303.49812170246    0
18108    1225801.9946825474  659548.31786136469    0
18109    1230583.7738827954  661049.07356716366    0
18110    1230872.9013140567  660864.67443186219    0
18111    1230845.8996652816  661141.20468169427    0
18112    1230756.9776633356  661859.54768355854    0
18113    1230719.4215108766  661634.40530671761    0
18114    1230955.1756990382  661972.76028480439    0
18115    1230924.8532614717  661504.85795899387    0
18116    1230732.7722644832  661427.9194811699    0
18117    1231005.2251014237  661297.01070795592    0
18118    1231055.3068003701  661086.43255815492    0
18119    1225703.6419404198  662255.16495624359    0
18120    1227807.4420845306  667775.67719226901    0
18121    1228309.097448569  667762.0832164007    0
18122    1227830.5387586162  662001.02983273461    0
18123    1226343.8244295416  662942.28697934654    0
18124    1226150.2374430625  663090.57677971385    0
18125    1226218.7222949867  663474.34922140627    0
18126    1226247.6658461117  663271.1873543323    0
18127    1226471.2338945866  663347.34366117348    0
18128    1225948.5230478132  663332.21249647485    0
18129    1226992.8694890051  661410.43827230181    0
18130    1226805.2832308209  661436.15892058436    0
18131    1232042.0459331532  667583.61921021447    0
18132    1225744.8893111851  659125.0753282879    0
18133    1225679.1318946327  659285.59361873707    0
18134    1218800.3598261278  648893.29927210626    0
18135    1218515.1392573514  648934.21772379044    0
18136    1218636.470895417  648765.43647311337    0
18137    1217934.2440830597  648368.72314391518    43
18138    1218615.3223261957  648435.01530962181    0
18139    1218296.2152449402  648648.83858758654    0
18140    1219772.796414397  647270.47261452349    0
18141    1219538.7130866232  647089.74053095409    0
18142    1219591.1141118058  646679.19112239219    42
18143    1219661.3946820491  646896.7803192673    0
18144    1222398.2951960915  645336.4852963842    0
18145    1222475.9621702346  645132.44462704065    0
18146    1222508.4174281876  645508.40143770981    0
18147    1233460.3126675917  657122.74973035371    25
18148    1233316.2421046228  656984.38807653845    0
18149    1233219.594147885  656628.65473359847    0
18150    1233220.4112102252  656819.42839412706    0
18151    1216116.8695386406  652791.96708375926    0
18152    1216025.621844393  652453.41062397265    0
18153    1216154.243812463  652600.31921079964    0
18154    1216305.9278127665  652337.75616221444    0
18155    1216335.1863434457  652529.7547944031    0
18156    1216578.7786873414  652394.40527674893    0
18157    1216568.088639545  652662.04086050054    0
18158    1215659.0586848978  652761.61712228891    0
18159    1216435.7124624215  653060.25163968944    0
18160    1216517.6049842946  652866.36683415319    0
18161    1216714.9045938265  652806.71486826881    0
18162    1216816.8051391167  652556.4738413234    0
18163    1216981.7007348104  652967.61311566585    0
18164    1216601.1361973917  653249.07738185697    0
18165    1216854.4768041132  653193.60568896122    0
18166    1216721.3540010662  653413.02074804285    0
18167    1216430.0801556876  653331.58552224596    0
18168    1215227.4297491577  652369.37991343066    0
18169    1215036.5781244112  652509.17815671675    0
18170    1215270.7676637208  651948.72196354356    0
18171    1214767.1766435311  652429.48666494363    0
18172    1215312.5838254462  652165.5914369236    0
18173    1215111.9176692821  652091.81714658916    0
18174    1214753.2228327594  652001.28886562551    0
18175    1214994.3852539193  651801.62708767212    0
18176    1215650.9247681824  651987.8873141997    0
18177    1215508.5731585098  652127.8013251106    0
18178    1215463.7774855855  651939.85237283108    0
18179    1215783.275319902  652264.91653692559    0
18180    1215352.5799037414  651624.56217891444    0
18181    1215623.4668238917  651706.27875087631    0
18182    1217626.7295097937  653070.49376715592    0
18183    1217213.3879916214  652616.69504656363    0
18184    1217055.7940470877  652764.58919612749    0
18185    1216846.3820375225  650586.80435633997    0
18186    1216308.6985023033  650470.64914024982    0
18187    1215251.7757951973  650633.12603303208    44
18188    1217366.322031256  650571.51531334256    0
18189    1225974.7593327537  659617.5521202496    0
18190    1225627.6583829613  659671.90357869584    0
18191    1225568.9549455198  659872.75915771944    0
18192    1231114.6644356148  660851.71118311258    0
18193    1230982.1032339637  660640.36882752425    0
18194    1228440.4299827798  667588.12614444701    0
18195    1228683.3873173813  668016.6208774785    19
18196    1225973.8584436034  663148.35000715428    0
18197    1225798.412332946  663160.45851449505    0
18198    1225697.2323180595  663023.77336317673    0
18199    1232262.7241090401  667592.38035191852    0
18200    1232488.4640437774  667532.63162434613    20
18201    1232167.8215237572  667877.61221653782    0
18202    1218112.8345232313  649016.17774238659    0
18203    1222545.3774472689  644753.98841383506    41
18204    1222745.7170223887  644869.63736060041    0
18205    1222926.4583253716  644738.26921998546    40
18206    1222645.2597346823  645036.37106464792    0
18207    1233029.0734474119  656828.94339793699    0
18208    1232796.8765457387  656830.81341360079    0
18209    1216093.9817317261  652221.58203395759    0
18210    1215957.8127010283  651942.90346436272    0
18211    1216403.3292228268  652166.35669342941    0
18212    1215601.441603567  652525.66271474015    0
18213    1217119.0279739851  653193.72938257584    0
18214    1214657.0292814032  652571.78236909048    0
18215    1214549.8640660499  652703.76228550507    0
18216    1214587.3178630152  652404.04165344546    0
18217    1214379.4421020499  652688.95412212552    0
18218    1214705.4841586195  652217.17079836922    0
18219    1214513.4627655193  652061.48921245395    0
18220    1214587.8511806498  651475.37889453408    45
18221    1214450.3313124611  651675.17191058211    45
18222    1214727.0095777211  651718.38802011358    0
18223    1215611.7297554528  651255.33909916109    0
18224    1216878.140674527  652727.31821234606    0
18225    1216422.5097723054  650685.8962785207    0
18226    1216139.3768219701  650697.88971462939    0
18227    1216592.7867650976  650458.15058558248    0
18228    1217099.6908498046  650352.63053069694    0
18229    1217673.4677191125  650586.44335338683    0
18230    1230890.6169036904  660480.86448836757    0
18231    1230739.3061257883  660368.57817008067    0
18232    1228483.443125335  667835.69698994607    0
18233    1228829.6599870212  667827.44974655414    0
18234    1232375.5703088588  667935.78712918016    20
18235    1232039.4514318593  668128.0768812804    19
18236    1218329.3434677636  649050.57623986329    0
18237    1218175.191700056  649322.26097507356    0
18238    1218249.4402071692  648854.93050754163    0
18239    1217925.9543309528  648719.36776396248    0
18240    1232840.9496341243  656646.67597482505    0
18241    1215784.9151912453  651832.67980958056    0
18242    1215891.8641048467  651529.76993394317    0
18243    1215972.7984625085  651728.68082431203    0
18244    1216187.0330639309  651525.59040498477    0
18245    1216151.7079358164  651848.83176151535    0
18246    1217173.7705852021  653005.72291742882    0
18247    1217000.6087470211  653381.70025705046    0
18248    1214949.3209850697  651429.73323719052    0
18249    1214563.969823184  651854.91833768657    0
18250    1215543.1291332841  651482.74721006816    0
18251    1215260.0560315168  651301.31985778466    0
18252    1215729.8006735111  651415.00792288128    0
18253    1215837.5163842123  651211.86538336903    0
18254    1215652.6079092517  650859.58175484312    0
18255    1215691.8959862278  651063.62970172847    0
18256    1215406.9673036584  651057.09846367908    0
18257    1215886.2735662616  650920.3972870768    0
18258    1215841.2716248075  650614.00062799372    0
18259    1216668.3999270704  650623.36950554606    0
18260    1216029.5455515368  649747.79237422009    44
18261    1217299.9788505882  650380.49149546924    0
18262    1217245.9871474053  650034.77956132416    0
18263    1217360.385337719  650193.98543227999    0
18264    1217566.914248172  649924.87939370866    0
18265    1217561.9865023093  650134.90219267784    0
18266    1217912.3577330047  650038.05371193925    0
18267    1217787.3983608  650318.78255556745    0
18268    1217029.7661173271  650531.08265467058    0
18269    1216880.5708202731  650369.6962000099    0
18270    1216969.8107993575  650100.25787510199    0
18271    1217514.2556188896  650695.00750910095    0
18272    1217569.1685643636  650869.36465036194    0
18273    1217647.6271783307  651035.07312181743    0
18274    1217859.2744598517  651069.16523369343    0
18275    1217987.0623452449  650870.70377541427    0
18276    1218053.1231588316  650629.98953386862    0
18277    1218002.3955427899  650404.25507035386    0
18278    1217869.669008462  650552.64876121585    0
18279    1218167.4185895417  650185.19233219896    0
18280    1231943.5477460856  667920.79463091295    0
18281    1216217.6603879381  651348.67818905413    0
18282    1216411.4706823581  651534.27588865079    0
18283    1214903.0330693091  651624.01943784498    0
18284    1215127.866082648  651574.92795403744    0
18285    1215057.3333561125  650854.45944773499    44
18286    1216047.5092762928  650452.73445399024    0
18287    1216430.6726379255  650008.21509709849    0
18288    1217750.3385948979  650134.11065443861    0
18289    1217750.2025786722  649949.21401472553    0
18290    1217698.8692451115  649633.42557790945    0
18291    1217943.4678894104  649788.86257502169    0
18292    1218129.2691373075  649938.59638425312    0
18293    1217980.7471645528  649516.53604835062    0
18294    1216999.4327151985  649610.02656022925    0
18295    1218371.7815921737  650211.45472547575    0
18296    1218448.9981241911  650420.31207788258    0
18297    1217979.8961772355  650215.61751927866    0
18298    1215191.2643985043  651764.9034226879    0
18299    1215287.3819301333  650860.48219198151    0
18300    1215469.6385201106  650715.4728690905    0
18301    1215166.8334370437  651068.47691260965    0
18302    1215446.2182342822  650411.79261832905    44
18303    1215056.0794541177  651247.90222534235    0
18304    1215814.5829147813  650367.36123813596    0
18305    1215644.9833129097  650510.47719601844    0
18306    1215835.103112452  649969.12578892312    44
18307    1216016.0619066255  650178.09660292848    0
18308    1216441.6805674378  650258.42191343021    0
18309    1216219.6576968315  650267.0789218297    0
18310    1216688.6368955651  650122.21143332496    0
18311    1216199.6872459876  650035.36266665021    0
18312    1216223.9879906217  649526.45895951707    44
18313    1216287.8315000692  649789.09436547582    0
18314    1217881.4522304358  649222.70989185397    0
18315    1217058.6067928013  649859.6127164471    0
18316    1215737.8818929095  650079.79249627457    44
18317    1215883.7132279561  650109.86800405558    0
18318    1216020.751252779  649983.77157006622    0
18319    1215894.7860712809  650250.8672507148    0
18320    1216017.0040407481  650317.10808790685    0
18321    1216689.1646384252  649772.14316304133    0
18322    1216704.2138023949  650308.29938674415    0
18323    1217342.5176375103  649660.49280720192    0
18324    1216884.9924274555  649768.96690166008    0
18325    1216789.945757881  649947.32962782006    0
18326    1216783.9151190461  649575.51933650277    0
18327    1216509.3967179046  649564.37389642186    0
18328    1216923.701647491  648992.99141118117    43
18329    1216937.8429254505  649304.4207537499    0
18330    1216489.8867207509  649813.4961880414    0
18331    1217254.8639306142  649837.47769619373    0
18332    1212606.1983880824  665053.08027004101    0
18333    1216139.434558481  664570.9894919442    0
18334    1229547.5454847915  652091.23318632797    0
18335    1227226.0124113208  648423.20353467483    0
18336    1218213.8748578567  666004.81449283112    0
18337    1220545.6931802267  665567.42040905519    0
18338    1220380.5732687623  665645.60371514945    0
18339    1213009.386859173  665126.24246394285    0
18340    1213160.3315816517  665002.33487476117    0
18341    1218447.0397439923  659451.50671861728    0
18342    1218738.80128676  660249.01803953573    0
18343    1218619.8643891374  659263.31378881971    0
18344    1212027.3011602808  661972.24198427401    0
18345    1221590.8914724016  666585.6619841014    0
18346    1228635.4748139002  649293.97776229412    0
18347    1228972.1239182244  649256.74247818626    34
18348    1228948.5383375562  649505.46666264173    0
18349    1228875.1598080862  649696.41579895525    0
18350    1227337.0861076103  649146.60340452311    0
18351    1226650.1824045698  648183.34051352693    0
18352    1218653.596404043  662337.0622977477    0
18353    1217052.6019849514  660138.94552115665    0
18354    1219493.6302997544  661031.72304659861    0
18355    1219641.6080423293  660721.35074350028    0
18356    1219264.4946216827  660541.5615535446    0
18357    1219766.0503495075  660416.9963924333    0
18358    1215941.9060128736  666411.87470683479    0
18359    1215830.2700481873  666616.71496962977    4
18360    1220102.6808671819  663854.70141882834    0
18361    1219677.4129771099  664807.52465879789    0
18362    1214462.242686416  665325.90809884632    0
18363    1216664.6360879715  664934.84400183242    0
18364    1221336.7625555487  665089.13103533722    0
18365    1217370.4299916299  663584.30025201687    0
18366    1218564.6622377152  665562.34118656139    0
18367    1221876.4410653361  666890.55586991715    0
18368    1227681.0569543606  651745.93871766143    0
18369    1227063.3990127991  648886.8274150684    0
18370    1216936.0612128035  664010.03026685142    0
18371    1217159.6133059869  663996.25660224969    0
18372    1217059.482402283  664192.14876778994    0
18373    1216218.8027858268  660620.04708039481    0
18374    1221568.2753773632  665022.55291076738    0
18375    1221734.5095830604  665131.10829823732    0
18376    1221650.5484711819  665300.39772573113    0
18377    1221675.7901888827  664429.69630508008    0
18378    1220100.5928969516  662246.28918546729    0
18379    1220204.2892996925  662094.89491137327    0
18380    1220325.6013189997  661854.73502115463    0
18381    1220383.3211310385  662102.84471870284    0
18382    1220534.0509815675  662191.37907280901    0
18383    1220147.5322452332  661781.52110876737    0
18384    1220293.5204166912  661611.41598274128    0
18385    1220187.2205077158  661389.54937363695    0
18386    1220508.975869501  661686.96378521936    0
18387    1220024.5099541894  661190.25761337625    0
18388    1220131.2552353262  660986.52159206127    0
18389    1219943.5437296445  660748.47670605499    0
18390    1219926.3129908803  660955.09696705756    0
18391    1219803.7939841603  660610.04648087826    0
18392    1220098.5911389221  660452.19534672867    0
18393    1220109.119850378  660646.41485844238    0
18394    1220282.278734721  660539.63271284907    0
18395    1220307.5629227892  660249.85265925818    0
18396    1220524.0330090516  660287.921639323    0
18397    1220109.4578782669  660254.33772504993    0
18398    1219941.8719945783  660344.36079301743    0
18399    1220204.5296979093  660076.26783395431    0
18400    1220359.460925736  659910.29835044616    0
18401    1217468.2174603711  663966.46868357924    0
18402    1219014.8468084773  663433.55826394376    0
18403    1219236.4726104478  663533.294935841    0
18404    1219456.8659652264  663452.89383802633    0
18405    1219621.6614085592  663526.52860346739    0
18406    1219411.3783862204  663655.70172119583    0
18407    1213668.0454060559  661051.04735304124    0
18408    1213486.1570923838  661092.09105396294    0
18409    1213660.6179562516  660812.81199828337    0
18410    1213426.7824781861  660586.3933918922    0
18411    1213538.1585213321  660449.3617274249    0
18412    1215355.6308604106  665369.11488669738    0
18413    1214881.7727843071  666273.11267038679    0
18414    1214999.6875742835  666730.22389708587    3
18415    1214836.0228434454  666528.67821653734    0
18416    1215080.5805715267  666537.28301752277    0
18417    1214675.6398268775  666344.03958010348    0
18418    1214534.6560874293  666827.79746798833    3
18419    1213857.5679736107  666107.47317149269    0
18420    1227901.6192360972  650665.64054843481    0
18421    1217370.4047936215  664322.68359843572    0
18422    1216983.6064664535  664498.71511607117    0
18423    1218373.5514669584  657550.14105391479    0
18424    1218271.7224291079  657398.36134825752    0
18425    1232404.6476469473  660093.65138099215    0
18426    1220240.9047295854  662461.23384486034    0
18427    1218699.7377337252  664193.33550290368    0
18428    1219381.0380090764  664290.56513671018    0
18429    1233431.2474097644  661508.09863058571    0
18430    1233956.0825977228  662291.61006150313    20
18431    1216074.5254359983  661734.33297819109    0
18432    1215521.1586449658  659802.62686018238    0
18433    1215351.4945726355  659885.02790428838    0
18434    1215336.1900830863  660083.23138071341    0
18435    1215181.5666679707  659774.06295551034    0
18436    1215102.1015457739  660076.21182915778    0
18437    1214988.1395512105  659884.71574025496    0
18438    1214789.8970747432  659911.85312363168    0
18439    1215636.4114830107  659058.20075515041    0
18440    1218345.6752967006  664477.6628737119    0
18441    1222527.904297113  666549.48126954655    0
18442    1214379.4402396316  666668.76569229667    0
18443    1219006.2899056242  657503.43336066208    0
18444    1219763.7206040414  658441.89050424274    0
18445    1219735.1472162926  658247.46236521436    0
18446    1219906.6752557913  658321.56806182989    0
18447    1219936.6398112027  658502.25200948142    0
18448    1231475.6520950343  660667.84303625848    0
18449    1220536.1586201938  662542.98547258414    0
18450    1222561.213154468  663692.42398695159    0
18451    1215693.5144167012  660889.57790331461    0
18452    1225840.3072188741  650920.10152465699    0
18453    1225691.9594555744  651040.16138277797    0
18454    1225761.025437681  650724.68880750856    0
18455    1225504.4218983431  650701.3020502656    0
18456    1220081.6096274806  659311.9873638592    0
18457    1220180.1338850886  658580.37808792887    0
18458    1225536.0945773113  649878.7805842699    0
18459    1233730.295127885  663097.92107117129    20
18460    1223011.3463511567  666106.46591178793    0
18461    1225859.5368243428  652984.52315511741    0
18462    1216164.5097626583  657301.79575052008    0
18463    1223420.2768261589  666809.04385399248    0
18464    1223820.3218881353  666872.39619952056    0
18465    1214319.7003260187  660956.51886993542    0
18466    1214166.6441934011  660863.77356011374    0
18467    1214014.4667476346  660949.78002169752    0
18468    1213878.0014871487  661064.10402920353    0
18469    1226735.865536737  649136.74753196887    0
18470    1223769.002942252  664358.61973054474    0
18471    1228708.8957655644  653919.56796147011    0
18472    1228947.9927499553  653991.97683714272    0
18473    1233508.1570586471  663218.1056001446    0
18474    1224523.9445004424  665852.90531986544    0
18475    1229317.4420865376  652788.48156566313    0
18476    1229544.2905958956  652637.75588822912    0
18477    1229456.325579972  652452.11781109148    0
18478    1229605.7775444777  652326.91913324548    0
18479    1229815.9222703706  652370.00079119683    0
18480    1229732.5164946935  652557.04719789268    0
18481    1218386.3904867196  655379.8592509873    0
18482    1223992.1756726946  664066.82162818871    0
18483    1224238.8101068197  663437.02713800163    0
18484    1225274.4068554018  653450.03576900542    0
18485    1223758.5399962824  663386.05382527283    0
18486    1224351.7449587013  652224.02816712367    0
18487    1218808.6143514654  654783.84790271579    0
18488    1220199.6025843408  655199.25253153022    0
18489    1220299.963601473  655386.40652527078    0
18490    1218890.6253760415  654396.54798247979    0
18491    1219049.4469407538  654282.47855639854    0
18492    1219073.7946364917  654085.68559178419    0
18493    1219266.2915482291  654114.31641586951    0
18494    1233220.9699452061  664209.99489636812    0
18495    1223454.394948117  653368.31495842466    0
18496    1223632.490229944  653350.16831418511    0
18497    1223389.7163866186  653580.18381325831    0
18498    1223497.799916354  653726.67498341587    0
18499    1223433.5529986259  653894.34493614628    0
18500    1223260.4261563348  653922.26156465919    0
18501    1223296.079846109  654089.54275622778    0
18502    1228487.9394412972  654213.86240498431    0
18503    1228523.859718354  654027.44734902307    0
18504    1215880.6285869521  658315.90979033359    0
18505    1215939.5579470487  658548.95910427463    0
18506    1215879.629178127  658745.60840092937    0
18507    1220647.0785404933  656509.70421967795    0
18508    1220987.3660348174  657652.52037662535    0
18509    1221149.7506933722  657588.14613749832    0
18510    1221209.1051594019  657391.78925770149    0
18511    1221327.0571137064  657690.46027677332    0
18512    1233052.932718372  665516.85410017567    20
18513    1220938.0915286534  660307.84103444463    0
18514    1220683.7342208403  660503.49214040244    0
18515    1223178.2649872354  649436.99876360467    0
18516    1225493.2774266128  654844.89923598035    0
18517    1215656.4409621239  655930.24225158908    0
18518    1215206.7811938191  657802.63059762481    0
18519    1221038.5182296222  657271.53761743731    0
18520    1221910.2168869665  658650.91812654305    0
18521    1221735.005212445  658571.74439714022    0
18522    1222192.6405024147  659936.97596810467    0
18523    1222059.435475993  659783.92206174775    0
18524    1221850.4689853149  659789.81236657023    0
18525    1222207.0287160359  659578.55306889745    0
18526    1222332.0991778765  659725.56974779209    0
18527    1222276.0898522874  651352.68288966827    0
18528    1222025.0968175121  652278.81748050044    0
18529    1221795.7848173932  651733.64192741911    0
18530    1228698.7955326077  654352.35975157854    0
18531    1228853.8243307562  654227.66074582993    0
18532    1229993.6695998409  655648.94734207063    0
18533    1229012.5547053341  656497.6597763201    0
18534    1229256.5005834168  654190.43643420655    0
18535    1223171.4893558857  655001.34806368861    0
18536    1214407.4388326386  658319.797849403    0
18537    1214236.7860406989  658245.68572463759    0
18538    1222813.5265263526  660680.45657308481    0
18539    1222390.8990925318  659396.80970236345    0
18540    1222883.2785758078  649530.25822489348    0
18541    1213076.1032507052  658208.81639609672    0
18542    1223896.4457214186  646917.2409914115    0
18543    1224171.3560665823  646254.3803345504    0
18544    1223986.2245407132  646291.37022840814    0
18545    1213985.132373207  656305.11633922637    0
18546    1221673.2599731537  659147.83608839731    0
18547    1231458.741489206  665309.30719329335    0
18548    1223996.2460241865  661112.23488257756    0
18549    1224223.4656364357  661087.3140945799    0
18550    1222208.2406095224  647244.00978963764    0
18551    1222041.172310872  647185.62694883521    0
18552    1222164.1549424925  655442.66914452985    0
18553    1222307.4022016607  655607.72684163356    0
18554    1222467.9446483543  655808.71140263008    0
18555    1222368.953152128  655984.07172512449    0
18556    1222280.7303992289  655793.64307176345    0
18557    1222165.4282060533  655209.83858856733    0
18558    1229933.6710367971  665550.71908618964    0
18559    1230149.136811346  665458.97204499214    0
18560    1229967.393084442  663783.63057946623    0
18561    1226293.954890663  665784.57739795011    0
18562    1225601.1996283694  667571.47547549591    0
18563    1225886.667221983  667923.74087431026    19
18564    1226032.0147983187  667762.42533065053    0
18565    1222087.6805134439  649863.87946858001    0
18566    1223848.372212881  646121.54079075577    0
18567    1229817.4739029559  653571.19068207464    0
18568    1229528.9390218828  653434.69125968742    0
18569    1215424.4921523219  654642.5637614833    0
18570    1213895.002628614  655331.67805163295    0
18571    1220566.2607378291  655416.9534328822    0
18572    1222604.8490363446  655265.89572450507    0
18573    1222603.8404885724  655086.25579738978    0
18574    1222790.6861444127  655354.69950120186    0
18575    1222995.147258942  655338.28924886521    0
18576    1223031.5260566694  655531.00700863532    0
18577    1220312.9477472913  652975.93750295311    0
18578    1222134.2409861851  656138.66481486172    0
18579    1222342.0001132605  657924.864425465    0
18580    1223289.0568094545  657945.39644386258    0
18581    1223487.7262870164  657959.42726964154    0
18582    1223128.0301299882  658217.01554108027    0
18583    1220578.8000496214  659862.16972976946    0
18584    1229645.4478841724  665848.87408344587    0
18585    1229151.1987905563  665458.04397453566    0
18586    1226138.4846218857  667382.67254985182    0
18587    1223965.8825509099  645927.89216048736    0
18588    1225020.0257113106  646700.81720887474    0
18589    1224744.4393617993  646548.28532730218    0
18590    1228760.0010767109  658373.92838796717    0
18591    1230619.8833773485  655589.80411261856    0
18592    1230883.9789056631  656310.93458437116    0
18593    1230708.184327946  656324.59143149096    0
18594    1230753.8367039352  655370.05656880024    0
18595    1230596.9673259351  655122.07454466168    0
18596    1230459.0566296095  655242.59494559129    0
18597    1230441.0605955177  655007.76865899668    0
18598    1230262.4157975407  654965.86948228814    0
18599    1230617.0382670471  654931.2220201235    0
18600    1230797.7170518783  655046.70468247612    0
18601    1230887.4904696038  654889.06660795608    0
18602    1231143.8287868199  656478.21753323637    0
18603    1227046.9375749044  657431.54723768949    0
18604    1228959.4103426307  658940.72391368554    0
18605    1230764.8087751397  662242.09770450741    0
18606    1221094.9288088554  649301.40532717516    0
18607    1220981.8150049809  649159.00359506777    0
18608    1223316.653518962  644937.28837651527    40
18609    1225604.7114227135  655795.29168779217    0
18610    1224977.1558339505  655344.73107598023    0
18611    1224889.2113067822  655744.07701348141    0
18612    1224802.7083912606  655519.76967291732    0
18613    1230597.0247075963  654655.41762590664    0
18614    1223960.0063877224  656070.32975396933    0
18615    1215966.1601594423  654327.23329587362    0
18616    1216027.8569056399  654121.42718140234    0
18617    1231632.9637933604  666670.51080493256    0
18618    1232466.3277870943  666928.99349950405    0
18619    1232601.3577786963  667129.47611951199    20
18620    1220622.259758801  651192.46383010398    0
18621    1223037.1638966391  645029.98408789583    0
18622    1223010.3868911862  645539.9962996653    0
18623    1222837.2722976359  645356.28734767821    0
18624    1229925.9334348571  658181.97315295564    0
18625    1230846.5286549525  653774.60848540382    0
18626    1231156.3326788375  653805.38600184268    0
18627    1231216.3360562136  653615.41111465369    0
18628    1231641.5769810656  653849.4629689384    0
18629    1231516.4967645926  653723.72668493935    0
18630    1231428.9481121406  653492.18564274255    28
18631    1231738.475820963  653627.0191000721    28
18632    1231887.0975477295  653966.24641949055    0
18633    1231460.9503552332  653994.58415353368    0
18634    1231680.8679878949  654083.33695620485    0
18635    1231514.9717710614  654177.56598845054    0
18636    1231695.975016891  654303.08379115991    0
18637    1232048.0035297854  653761.85255740164    28
18638    1232062.8651264173  653939.08445855195    0
18639    1232067.2718056967  654122.27756780968    0
18640    1214381.3087817975  653892.86940250173    0
18641    1214553.6349323387  653955.42473637557    0
18642    1216574.7082921145  653688.55324827926    0
18643    1213350.5693516873  660227.88434226892    0
18644    1214574.9902809048  659558.32042863849    0
18645    1220818.6523042256  652616.97518505575    0
18646    1227671.4010178158  664788.96579223685    0
18647    1232377.4697129054  667262.53497782745    0
18648    1232073.9109182693  667268.44561402034    0
18649    1224563.965870104  659090.06444456463    0
18650    1221130.956808449  647849.3110672679    0
18651    1225426.7915331558  656072.11089494789    0
18652    1231514.4831828966  654522.93153831654    0
18653    1225436.6431692895  657120.16933566448    0
18654    1217343.1785909671  654664.27870556235    0
18655    1214503.167942612  654275.11563222983    0
18656    1212938.4941602377  655506.40805118985    0
18657    1213122.0517675676  655508.17340930062    0
18658    1221410.6792306902  652875.92676763819    0
18659    1228401.872672573  663731.41090819321    0
18660    1226218.9209198102  664236.70094424055    0
18661    1224500.1733754894  660752.52705466829    0
18662    1225286.5198265424  662408.50530735007    0
18663    1225485.8389359375  662430.83351384127    0
18664    1221211.2836573045  650863.92953283142    0
18665    1221431.2952431424  650805.08136897662    0
18666    1220431.2019795375  651406.76676934003    0
18667    1220685.5446341946  645906.27613497886    41
18668    1220844.8222820621  646003.74961731781    0
18669    1231328.3140966087  659439.21645442373    0
18670    1231501.7351464713  659456.07561840734    0
18671    1231919.1044854086  655712.48089518398    0
18672    1218095.2114823309  652785.52055925643    0
18673    1229004.4471025507  664216.54513166915    0
18674    1230110.6492529942  666815.21554562775    0
18675    1225294.1528938347  663540.09654482442    0
18676    1225927.3079076826  663871.03364265687    0
18677    1224735.2999161754  665189.0215122673    0
18678    1225824.5436091977  664372.81698037311    0
18679    1225971.521470804  664509.8570115763    0
18680    1225606.4845105233  664389.04712805548    0
18681    1225589.5808974819  664208.96297945071    0
18682    1219558.9834254764  648192.31572223199    0
18683    1232150.428439684  657915.37311512837    0
18684    1229986.5879594286  652037.09487280471    30
18685    1229921.0014873571  652213.670897034    0
18686    1229967.0297355854  652679.18220193754    0
18687    1230224.2280473337  652313.43769006501    30
18688    1230169.4931888401  652480.68190523877    0
18689    1232357.5312386081  653896.68601473118    28
18690    1232377.9811789528  654061.08914726682    0
18691    1232222.3331772976  653995.7020934032    0
18692    1232589.5589311868  654105.67003397376    27
18693    1232209.5867150764  654342.25953951618    0
18694    1217627.4915236442  654713.13954980695    0
18695    1217882.2959950913  654707.94815329183    0
18696    1219470.0841122996  652079.03244583576    0
18697    1219092.6943438896  651422.14533321734    0
18698    1217777.8366661591  654371.38034370472    0
18699    1225269.5007496311  662842.24950171786    0
18700    1221429.4777594246  645445.36104652134    41
18701    1232263.8497285175  657116.53885359084    0
18702    1230463.6409564253  660145.84322336991    0
18703    1229161.8277468244  661388.83735195699    0
18704    1214335.2251961471  652435.07647001103    0
18705    1214175.2915760833  652074.75794267806    45
18706    1214793.4654890469  660293.82854685478    0
18707    1226625.5698927839  660100.13441307703    0
18708    1226653.310740209  659920.90296698641    0
18709    1226857.9245105125  660044.33494729677    0
18710    1227045.2264192677  660031.58415164566    0
18711    1226921.4278080247  660221.12247466214    0
18712    1226936.7626708865  660403.85680608521    0
18713    1228727.1579480581  666932.91400294751    0
18714    1228347.3089607325  666675.02138779359    0
18715    1225236.2327843956  659765.65752124134    0
18716    1218925.6723235187  649197.12529398885    0
18717    1220588.4967729845  646218.66687115538    0
18718    1220313.5780715798  646136.73367920762    41
18719    1232458.4885196057  655376.1882785979    0
18720    1217450.3060688612  653319.55778433511    0
18721    1217267.6551090044  653301.43215151725    0
18722    1228328.6191772951  662136.21886675979    0
18723    1228424.5122136441  662344.6657551364    0
18724    1227255.9128615668  661526.76994046534    0
18725    1227505.8884926229  661773.68528331222    0
18726    1225392.2263695346  659499.4617857167    0
18727    1226224.4337018474  661649.58339103765    0
18728    1218348.9223048515  649809.19178940624    0
18729    1218653.3460469239  649252.79388766875    0
18730    1218914.4032263486  648178.91276509105    0
18731    1218666.2648950296  648159.26879654417    0
18732    1218768.2877218109  648320.69585060212    0
18733    1218793.6884239581  648505.04929324333    0
18734    1218604.0294166957  647859.81788344064    42
18735    1219899.1069067991  646598.37816117541    0
18736    1232771.6212857557  655523.42123788269    0
18737    1226192.0506126385  659601.06055137573    0
18738    1226341.5688846493  659707.61166680523    0
18739    1231104.3137470537  661654.98515334667    0
18740    1228764.2898461488  667563.75388839678    0
18741    1228071.3469785552  666615.09908590477    0
18742    1215852.0600194423  652978.50253345177    0
18743    1217972.9241992761  653120.60384214402    0
18744    1217844.3243544954  653273.83959456871    0
18745    1217420.403423503  652945.6402585858    0
18746    1230710.7109284298  660752.88955249777    0
18747    1231159.5133268801  661954.81596851081    0
18748    1231026.7088781139  662149.42956985277    0
18749    1225748.2587727988  663504.34593952366    0
18750    1225989.4207979694  663582.35685281584    0
18751    1226211.4658073101  663756.35234103503    0
18752    1225646.0373602216  663686.81397918181    0
18753    1226390.4603242131  663619.86329583777    0
18754    1226356.7537643157  663895.8911287745    0
18755    1226103.627384891  663898.53434095019    0
18756    1225995.4531013123  664098.00956431043    0
18757    1225837.8616103036  663700.76737999998    0
18758    1218500.2228561495  648608.2696258293    0
18759    1218186.8796919519  648212.65607709857    43
18760    1218364.9301455261  648393.52985395526    0
18761    1218490.9550365403  648244.70119861152    0
18762    1218144.4060464054  648471.07852095936    0
18763    1214946.9053807359  651989.75377215515    0
18764    1214872.089012007  652152.18266585853    0
18765    1215923.173312674  652132.43611141643    0
18766    1215811.6479296705  652478.47722020617    0
18767    1218361.3409520113  649380.99292251479    0
18768    1218303.7344376461  649561.58956578514    0
18769    1217681.6084741675  648524.79021073168    43
18770    1217807.9262786135  648446.75667732349    43
18771    1217955.6620320892  648544.64979654376    0
18772    1217814.0544676357  648597.93283064349    0
18773    1217644.8617659414  648747.81812952971    0
18774    1218106.5290533907  648660.18668437086    0
18775    1218065.1381260881  648838.97119027132    0
18776    1217876.846999818  648984.67326638207    0
18777    1217425.9952004815  649071.96238700161    0
18778    1217486.5090778691  648876.85921734851    0
18779    1217676.7451682347  648948.62556984671    0
18780    1217176.3372563832  648836.92434436467    43
18781    1217639.6670341284  649189.8059258163    0
18782    1217733.7846780282  649403.00584988773    0
18783    1217401.6728837658  649368.6979605438    0
18784    1217164.2522459915  649099.87370960123    0
18785    1217512.806296977  649543.12157650723    0
18786    1217194.0342219246  649478.49726660235    0
18787    1217224.874267404  649285.58835181093    0
18788    1216271.7632463968  651698.40097840375    0
18789    1215963.1228700485  650752.6069079662    0
18790    1217765.4107961548  651244.46336452814    0
18791    1218057.3351575665  649186.87792977213    0
18792    1218007.7056771414  649349.0734668934    0
18793    1216671.0660385988  649149.05847799766    43
18794    1216797.3838430448  649071.02494458947    43
18795    1216932.5827465628  649148.62387370772    0
18796    1216801.9420831269  649219.65972249641    0
18797    1216634.8077919469  649372.87710036826    0
18798    1217068.9884493665  649222.00564011571    0
18799    1216795.8407213481  649380.77050282573    0
18800    1217075.3262409677  649377.64302425156    0
18801    1216932.4000508124  649464.52677937096    0
18802    1219468.0452309593  660829.06253369176    0
18803    1219447.5914607709  660636.94220443477    0
18804    1219608.3544338651  660532.60365190206    0
18805    1219595.6100494766  660349.86203525448    0
18806    1219439.8686242881  660268.02552109491    0
18807    1219288.9940036705  660354.76635815529    0
18808    1219780.6932191185  660230.09431471175    0
18809    1215468.1844501277  656017.00109546445    0
18810    1225766.5180886094  663971.04156730976    0
18811    1228218.2269543465  662339.88733213453    0
18812    1231338.1443648417  662008.94651763246    0
18813    1220232.7211385432  659700.28355536482    0
18814    1220330.9053293841  659506.13820135791    0
18815    1218232.4766339173  651034.17793246917    0
18816    1214725.3710488388  651275.58587848605    45
# Generated by C:\Users\lukem\mf6\modflow_exe\triangle.exe -a -q32 -A -p -V -D -e -n _triangle.0
