5483  2  0  1
   0    2000  0    1
   1    1990.0083305560515  199.66683329365631    1
   2    1960.1331556824832  397.33866159012246    2
   3    1910.672978251212  591.04041332267923    3
   4    1842.1219880057702  778.83668461730099    4
   5    1755.1651237807455  958.85107720840597    5
   6    1650.6712298193565  1129.284946790071    6
   7    1529.6843745689769  1288.4353744753823    7
   8    1393.4134186943309  1434.7121817990455    8
   9    1243.2199365413287  1566.6538192549667    9
  10    1080.6046117362796  1682.9419696157929    10
  11    907.19224285115467  1782.4147201228709    11
  12    724.71550895334678  1864.0781719344527    12
  13    534.99765724917472  1927.1163708343859    13
  14    339.93428580048163  1970.8994599769205    14
  15    141.47440333540581  1994.9899732081089    15
  16    -58.399044602577632  1999.1472060830101    16
  17    -257.68898859104974  1983.3296209049372    17
  18    -454.40418938617421  1947.6952617563902    18
  19    -646.57913372700716  1892.600175374829    19
  20    -832.29367309428483  1818.5948536513633    20
  21    -1009.6922091997152  1726.4187332977474    21
  22    -1177.0022345106916  1616.9928076391802    22
  23    -1332.552042559649  1491.41042435344    23
  24    -1474.7874310824916  1350.9263611023011    24
  25    -1602.2872310938674  1196.9442882079129    25
  26    -1713.7775067378946  1031.0027436429284    26
  27    -1808.1442840341224  854.75976046765959    27
  28    -1884.4446813373165  669.97630031180938    28
  29    -1941.9163302991813  478.49865842796396    29
  30    -1979.9849932008908  282.24001611973443    30
  31    -1998.2703005465589  83.161324866580983    31
  32    -1996.5895515895063  -116.74828685516017    32
  33    -1974.9595398177298  -315.49138828649728    33
  34    -1933.5963851589217  -511.08220405366336    34
  35    -1872.9133745815927  -701.56645537923964    35
  36    -1793.516832668294  -885.04088658970488    36
  37    -1696.2000634208162  -1059.6722818169867    37
  38    -1581.9354238288331  -1223.7157818854384    38
  39    -1451.8646084002798  -1375.5323183679482    39
  40    -1307.2872417272238  -1513.6049906158564    40
  41    -1149.6478930665371  -1636.5542221288217    41
  42    -980.52164268139882  -1743.1515448271764    42
  43    -801.5983441599509  -1832.3318734989098    43
  44    -614.66573995683871  -1903.2041477790322    44
  45    -421.59159886155942  -1955.060235330194    45
  46    -224.30505387010797  -1987.3820072669291    46
  47    -24.777326925781122  -1999.8465151282016    47
  48    174.99796687889454  -1992.3292176716811    48
  49    373.02473884515155  -1964.9052252486649    49
  50    567.3243709264525  -1917.848549326277    50
  51    755.95548542596214  -1851.6293646554643    51
  52    937.03334260075417  -1766.9093114403063    52
  53    1108.7486723583231  -1664.5348844478017    53
  54    1269.3857518852694  -1545.5289751119742    54
  55    1417.3395485825199  -1411.0806511407839    55
  56    1551.1317570205003  -1262.5332757446417    56
  57    1669.4255696783196  -1101.3710851952751    57
  58    1771.0390338826387  -929.20435882751315    58
  59    1854.9568614880718  -747.75332966047199    59
  60    1920.3405733007319  -558.83099639785178    60
  61    1966.5368768851695  -364.32500854419004    61
  62    1993.084194046435  -166.17880563499278    62
  63    100  0    64
  64    99.500416527802585  9.9833416646828148    64
  65    98.006657784124158  19.866933079506122    65
  66    95.533648912560594  29.552020666133959    66
  67    92.106099400288514  38.941834230865055    67
  68    87.758256189037269  47.942553860420304    68
  69    82.533561490967827  56.464247339503551    69
  70    76.484218728448838  64.421768723769119    70
  71    69.67067093471654  71.735609089952277    71
  72    62.160996827066441  78.332690962748345    72
  73    54.030230586813978  84.147098480789651    73
  74    45.359612142557729  89.120736006143545    74
  75    36.235775447667336  93.203908596722641    75
  76    26.749882862458733  96.355818541719302    76
  77    16.99671429002408  98.544972998846021    77
  78    7.0737201667702907  99.74949866040545    78
  79    -2.9199522301288816  99.957360304150512    79
  80    -12.884449429552486  99.166481045246854    80
  81    -22.72020946930871  97.384763087819522    81
  82    -32.328956686350359  94.630008768741448    82
  83    -41.614683654714241  90.929742682568175    83
  84    -50.48461045998576  86.32093666488737    84
  85    -58.850111725534582  80.849640381959006    85
  86    -66.627602127982442  74.57052121767201    86
  87    -73.739371554124574  67.546318055115066    87
  88    -80.114361554693375  59.847214410395644    88
  89    -85.688875336894739  51.550137182146415    89
  90    -90.407214201706125  42.737988023382975    90
  91    -94.222234066865823  33.498815015590466    91
  92    -97.095816514959068  23.924932921398199    92
  93    -98.999249660044541  14.112000805986721    93
  94    -99.913515027327946  4.1580662433290492    94
  95    -99.829477579475309  -5.8374143427580085    95
  96    -98.747976990886485  -15.774569414324866    96
  97    -96.679819257946093  -25.554110202683166    97
  98    -93.645668729079631  -35.078322768961982    98
  99    -89.675841633414706  -44.252044329485244    99
 100    -84.810003171040805  -52.983614090849343    100
 101    -79.096771191441647  -61.185789094271925    101
 102    -72.593230420013981  -68.776615918397411    102
 103    -65.364362086361197  -75.680249530792821    103
 104    -57.48239465332685  -81.827711106441086    104
 105    -49.026082134069945  -87.157577241358823    105
 106    -40.079917207997546  -91.616593674945491    106
 107    -30.733286997841937  -95.160207388951619    107
 108    -21.07957994307797  -97.753011766509701    108
 109    -11.215252693505398  -99.369100363346448    109
 110    -1.2388663462890561  -99.992325756410082    110
 111    8.7498983439447269  -99.616460883584054    111
 112    18.651236942257576  -98.245261262433246    112
 113    28.366218546322624  -95.892427466313848    113
 114    37.79777427129811  -92.581468232773219    114
 115    46.851667130037711  -88.345465572015314    115
 116    55.437433617916156  -83.226744222390082    116
 117    63.46928759426347  -77.276448755598722    117
 118    70.866977429125996  -70.554032557039193    118
 119    77.556587851025014  -63.126663787232083    119
 120    83.471278483915981  -55.068554259763758    120
 121    88.55195169413193  -46.46021794137566    121
 122    92.74784307440359  -37.387666483023601    122
 123    96.017028665036591  -27.941549819892586    123
 124    98.326843844258477  -18.216250427209502    124
 125    99.654209702321751  -8.3089402817496403    125
 126    85.097645889101841  -3.5414793350175136    0
 127    114.55656381321991  -4.7674609467321272    0
 128    -52.45760571495051  -105.24616792572377    0
 129    -112.04654546324616  -35.694928353304846    0
 130    -112.63087713148219  33.805942924104855    0
 131    -73.870003007010297  91.497425735040011    0
 132    -9.304211578859098  117.22622533925886    0
 133    16.131326303491807  -116.48320296113567    0
 134    79.085121942952625  -87.029303959431772    0
 135    105.88797070169969  51.149720635315887    0
 136    58.511808637635497  102.00453181279546    0
 137    82.139512940826478  -19.508612140758828    0
 138    90.351900045470288  -12.105205708782893    0
 139    91.045286254670813  4.5560616637236935    0
 140    73.976384887626097  35.734667455969472    0
 141    116.27441818361515  17.573159546782087    0
 142    109.85950451453905  5.4975572871977407    0
 143    109.02283225490214  -14.606707891428391    0
 144    -59.577850712437048  -94.525624489774657    0
 145    -19.012295575932217  -116.04778704192631    0
 146    -39.610917702505816  -104.47769704324762    0
 147    -109.31682079365964  -23.118102695987545    0
 148    -96.493580757779867  -67.212685803624041    0
 149    -102.54490446386295  -44.375179427158841    0
 150    -103.27652819616905  42.644726572475854    0
 151    -117.10196236713705  10.755773805751474    0
 152    -61.158773015384142  93.51052595268645    0
 153    -90.575253392453988  74.997864858191861    0
 154    -32.408002541384896  113.0410440135461    0
 155    -19.91624626064133  109.94524598899591    0
 156    2.3235011286220155  111.71040830289996    0
 157    38.951413747457764  -110.9564943005557    0
 158    26.300244153982238  -108.59517087852592    0
 159    4.2014603583704559  -111.65554939882013    0
 160    101.27182063073474  -59.771018115230206    0
 161    83.023974064708995  -74.777227223251927    0
 162    66.513080449225683  -89.780978552531693    0
 163    93.615380311195935  71.166823939143313    0
 164    95.25646030541516  58.402232412624393    0
 165    104.96040549915206  38.313538836146478    0
 166    37.080295981477391  111.59573428371219    0
 167    64.994109480853339  90.886631104283893    0
 168    66.229127936973839  -48.612494195822535    0
 169    85.511594931121564  -29.594518461961169    0
 170    73.716759720641065  11.050816778342288    0
 171    84.208730228042711  30.738586046723722    0
 172    76.4233477394651  46.855552915998132    0
 173    47.788273177150913  66.826289183052211    0
 174    123.96622299298205  5.7453513432781875    0
 175    106.6875523127473  -25.338914291051395    0
 176    -67.60455245483206  -86.679172243164118    0
 177    -28.513456715548841  -106.16325729511499    0
 178    -109.2803774404565  -11.893423386460974    0
 179    -84.851126813279507  -72.697319477488904    0
 180    -96.022375850786787  -53.510351796157124    0
 181    -96.908519510446595  51.888276707476479    0
 182    -109.69007285063603  21.276792491291687    0
 183    -50.68372763982547  97.543908912398251    0
 184    -78.517342987471238  79.496168655370582    0
 185    13.246348475386583  109.12464737833925    0
 186    47.350520210394635  -101.20544558718348    0
 187    -6.8537026637879199  -109.71180963403457    0
 188    101.4140135388119  -46.902151748560691    0
 189    88.616233144828314  -65.044735656313392    0
 190    81.754940638444594  76.162613281712794    0
 191    106.50835368755975  27.196047656671151    0
 192    45.642168279033214  101.98728575407691    0
 193    42.070469504347201  -70.56590943872753    0
 194    66.609340934106626  -59.993054757155519    0
 195    77.200368862505982  -45.563954682008585    0
 196    -78.687173450342698  23.61780501288381    0
 197    61.432944566360682  57.230713681962051    0
 198    44.604048604088497  77.758920818740947    0
 199    9.8999255186160386  81.556504669810224    0
 200    103.59975944725426  -35.854611249925924    0
 201    126.88043357516146  -24.112618203398625    0
 202    -75.729158639602787  -79.296809123977354    0
 203    -77.500796844303466  -104.8315262583838    0
 204    -36.851791321218734  -123.68678758128441    0
 205    -109.64506193140912  -0.92184573768126477    0
 206    -129.19685902092272  -17.441159029491921    0
 207    -114.40236070018457  -59.73755780064414    0
 208    -91.014487868382318  61.149426845741651    0
 209    -116.47878825772077  58.555224320100329    0
 210    -40.58993468967244  101.8594453518904    0
 211    -63.071325640317625  114.09658317030019    0
 212    24.013850455893337  106.98702908198081    0
 213    12.368765596680561  129.78072293980563    0
 214    56.29134264998104  -94.418955491154833    0
 215    -4.5430126490931393  -128.97998674922616    0
 216    101.92738809188296  -79.166176505671061    0
 217    72.549093968307574  82.585006979208572    0
 218    124.1338399965998  35.316649238834657    0
 219    19.337802491570795  -79.846862017413855    0
 220    37.988869837081673  -81.196161776726655    0
 221    53.362808780594854  -72.03042105816661    0
 222    67.080989504604744  -30.149876683219528    0
 223    -51.60771084650672  63.922735864591004    0
 224    -74.01805941566235  39.631908192512483    0
 225    -88.003297142827691  17.070167273998425    0
 226    -80.377470153414734  -16.99806668323901    0
 227    59.610974821533503  67.857122706788431    0
 228    26.474615145338454  79.6771988686003    0
 229    1.8641227498522497  89.624192967884497    0
 230    120.49445855603307  -14.582764777423208    0
 231    117.35834942077256  -34.183443112921786    0
 232    -79.718218722678827  -91.848860027856659    0
 233    -121.42855702445581  -6.8053672709223729    0
 234    -104.06191218758941  62.947008797845939    0
 235    -50.343447543586272  110.71018369671259    0
 236    20.961431717471662  119.79910627833351    0
 237    63.851506205822737  -113.66181225201365    0
 238    88.537149606376673  95.693236692789753    0
 239    -13.282537060651151  -81.07432508792985    0
 240    3.1570945960929588  -83.90109665762175    0
 241    -62.993713890597377  63.779016369341022    0
 242    -30.412269178849023  76.318843430860198    0
 243    -49.067099097403798  75.022601294121102    0
 244    -83.484807398014311  34.472370892268167    0
 245    -74.972066632221015  50.371089387777374    0
 246    -83.957507139258439  -0.70587647760267647    0
 247    -85.414033100802968  -27.210547003433149    0
 248    -62.388558900658623  -53.452218827004387    0
 249    19.781114398830344  88.129251298068084    0
 250    65.798992592574095  -101.79012796414374    0
 251    76.641503636993889  93.897909973625232    0
 252    -36.648393627116981  -73.528002990580546    0
 253    -23.252513253721002  -86.575351839635218    0
 254    12.390106363357052  -89.468109880126235    0
 255    -5.631440374759376  -90.146238415827284    0
 256    -14.965623397745111  82.61592693274784    0
 257    -57.189228432755144  46.538849803073369    0
 258    -89.791746137263274  -9.7723971899893556    0
 259    -73.341228994736966  -40.870837967697881    0
 260    -61.912434837155828  -64.829170373420951    0
 261    -47.798740242583655  -75.837005149156127    0
 262    -24.891852719189373  86.824265556489635    0
 263    -74.114533825484628  -51.624541615870434    0
 264    -22.715742743302371  125.39953016501335    0
 265    29.997097468539877  -123.8596838258877    0
 266    108.64603794398585  66.611452266558331    0
 267    74.283901425733177  23.388142281915197    0
 268    -125.10848900745144  24.267532059489916    0
 269    -89.554012380122032  90.670425170542458    0
 270    52.05778936977493  116.32297150570959    0
 271    49.848987465228369  -54.856369638156075    0
 272    63.301254193649754  43.913198642202055    0
 273    29.297169454475451  -71.760176768380518    0
 274    34.498967915265794  68.885695251336671    0
 275    140.58124722344894  -8.0271194574658296    0
 276    119.75399072489832  -53.540015756889687    0
 277    -98.525870815571267  -86.625981189280083    0
 278    -39.130774655493852  66.907619765871459    0
 279    -76.339695851312626  10.376349782445379    0
 280    85.870470642728563  -111.17832622572097    0
 281    -23.821463946688702  -73.758965308022596    0
 282    -2.7498689023443532  76.992571190332967    0
 283    -71.969072942321262  -27.493096175247544    0
 284    -45.585504672133325  -58.44745165508435    0
 285    -50.704234519129066  134.96640010504001    0
 286    85.41311069241462  16.694838790546605    0
 287    -144.16703275299861  1.6477932759856415    0
 288    -118.0557725559036  82.762812432355929    0
 289    34.359751405163856  140.02234121332197    0
 290    79.406707618934007  115.88327202783702    0
 291    60.516620859308489  29.222331065640283    0
 292    44.822950948559097  48.110693582749533    0
 293    34.356417995198058  -56.965805162340516    0
 294    16.270344941391542  63.710373129014727    0
 295    -92.299193507780984  -100.67837299725106    0
 296    -41.978843539230795  51.243171122052431    0
 297    -65.549164447406795  -5.2002700888480344    0
 298    -54.039987399908838  21.158507590539358    0
 299    -5.5838856758965392  -58.734035164901968    0
 300    -16.265808955546166  63.711531356355096    0
 301    -55.031661377295279  -35.98960981734659    0
 302    -29.978219325496923  -59.386638070587679    0
 303    54.858667337677282  49.518600800466494    0
 304    51.411191419156722  37.620790844755405    0
 305    39.69618152068314  58.515697772887137    0
 306    24.40252796440037  69.757306687174776    0
 307    27.186774887102242  57.521202563776384    0
 308    6.7827567546191876  70.383719168416775    0
 309    -73.900428130896884  0.54030488804535182    0
 310    -62.162311908561378  8.6717552775636904    0
 311    -68.796914114180453  -16.335798772541374    0
 312    -12.583770654354092  -68.818470957282358    0
 313    13.081925670059334  -61.966073684912359    0
 314    -12.0282013224774  72.916991025740032    0
 315    -3.7184939653399329  63.513638502094167    0
 316    -27.72910016815737  65.089171096431585    0
 317    -65.112763005869468  -34.955590411883676    0
 318    -58.900811380439173  -24.05210784673346    0
 319    41.075753803766474  17.280146439892416    0
 320    -3.8550019553901222  -75.46398802594949    0
 321    7.894201477283298  -72.831640881031817    0
 322    -17.817062677842816  -57.714274152454735    0
 323    19.427244953475789  -69.780816227030442    0
 324    23.787560708635162  -59.756911520656153    0
 325    24.124127751099419  -39.625689965084625    0
 326    26.794867681692239  -49.738765409832091    0
 327    40.360368736006166  -43.114663837748388    0
 328    12.929005224544394  -47.991377988058815    0
 329    -10.342960899057438  41.369656834265001    0
 330    49.112030107151952  25.992904346289141    0
 331    3.1362802564211805  -63.888775987946197    0
 332    3.5746460986576931  -53.193971303127576    0
 333    -0.97093706530249335  -34.009976468817179    0
 334    -7.2559117716053088  -45.629707874492453    0
 335    4.0072944763914409  -42.960928971282044    0
 336    13.329701066454453  -36.853990012411131    0
 337    23.640373805965961  -19.104299296553538    0
 338    20.988203380008226  -29.433216461836913    0
 339    34.502035863886995  -30.85406020993706    0
 340    7.6716758205521689  -20.508953832713896    0
 341    -10.153602171727321  53.375869018272361    0
 342    11.431122410301894  42.453215988461842    0
 343    35.238566637352911  34.777327385391146    0
 344    56.767243962912502  10.869523356950122    0
 345    -35.804338540720863  -23.161923244966836    0
 346    -23.427473744017249  52.501212541650652    0
 347    17.044833451265433  52.354653130674656    0
 348    2.830327719964429  52.24539352778487    0
 349    65.170710275096809  17.625373490673482    0
 350    -47.227035884181078  -26.864216201329029    0
 351    -26.416607824640412  -40.232941728295231    0
 352    -33.000630970244018  56.258787603742178    0
 353    -32.186846303453613  44.258530655028281    0
 354    24.324639740803054  41.685208686132398    0
 355    0.56064467711487076  41.578584988242156    0
 356    -4.5207861302284833  22.145036163169543    0
 357    -4.7207042601089109  32.578423881612309    0
 358    -23.116263398808133  27.007330328808671    0
 359    9.3989095570376566  27.630365985633809    0
 360    -46.99999396766146  -8.0923190041075266    0
 361    -38.102853594221067  -35.542697163254985    0
 362    -25.018337299666346  -50.400936089828321    0
 363    -35.797739006402246  -46.7031453674565    0
 364    -14.393727045322542  -34.259348583012098    0
 365    -21.425683672114381  41.598373827110194    0
 366    -45.557037944690428  35.87060092408916    0
 367    34.384151654602256  45.502944444730971    0
 368    23.235575898415867  27.889042944916564    0
 369    -51.129936329101874  -17.429689880213836    0
 370    -7.9443873649027381  -20.029182467991141    0
 371    -24.867754459995865  -28.26442335703328    0
 372    -59.719420798692681  -12.941930940606291    0
 373    -55.856921632150666  -3.967501139122934    0
 374    -44.953755236641207  7.8727576652386162    0
 375    -23.144595349762234  -10.299178505599849    0
 376    -27.192863583844122  -18.976145668944845    0
 377    -17.679528182124074  -21.529856408458233    0
 378    -35.145135754188345  -9.9831361563540106    0
 379    -28.741998505374138  5.1562301295505222    0
 380    -41.953312666622153  -16.248471423803768    0
 381    133.67861698248635  20.476423226017712    0
 382    -6.3657815027757945  137.13798563503039    0
 383    49.699539266376178  -127.97384918367091    0
 384    14.255388900840877  -136.72962689392503    0
 385    106.50587824746451  86.624754989039786    0
 386    125.7310469308452  55.586966286530256    0
 387    -130.12465307349541  43.759855354849719    0
 388    -82.687837596350533  109.59047308874277    0
 389    135.46740199757116  -41.768732578090166    0
 390    42.816685635213595  -61.154874010132524    0
 391    -120.323546254402  -104.69035822889509    0
 392    -51.230208446113679  54.213545855402486    0
 393    -38.099749432486384  -64.199659478549364    0
 394    -66.560208547726646  20.417540679355774    0
 395    -61.03325747424099  33.176322375229496    0
 396    41.550771184341038  -51.85747318967325    0
 397    54.191956829583546  -41.641973592599527    0
 398    7.3016485322292191  -29.788856964825115    0
 399    10.876486047078501  3.4767043047830377    0
 400    -48.188957958341121  -46.326979772511322    0
 401    -48.257482887751515  44.601893746715646    0
 402    -33.998191483863557  32.295905087641742    0
 403    -42.755665538732877  24.453669453203155    0
 404    16.19592084262478  34.249228884913308    0
 405    33.225384012852736  24.383460403418926    0
 406    23.429871602676151  12.456027143460583    0
 407    -53.39183275333923  11.851836902020972    0
 408    -92.262390192571914  -128.98842453167896    0
 409    -52.522481691700811  30.085186728525315    0
 410    -70.718437847343111  29.982140678295828    0
 411    63.619098239832134  -39.241106815630985    0
 412    56.592884058360234  -31.360812655148269    0
 413    59.69028135980583  -12.162827028934817    0
 414    46.427523191721249  -34.407848820165157    0
 415    47.66983975324078  -20.072311942391387    0
 416    6.2120092417793842  15.313385009774143    0
 417    -9.0524566640464226  3.1789521795092739    0
 418    15.739381925051237  19.419049383272089    0
 419    -3.5140214653929309  11.880053909320219    0
 420    -16.106263538074465  15.826898873039219    0
 421    -27.482764746510309  16.48177529122723    0
 422    25.221128646372016  -3.3128906933202904    0
 423    57.305201526837507  -21.626878350402446    0
 424    67.955939254859445  -19.278457352225093    0
 425    71.885868439831157  -6.354781769801674    0
 426    44.635304131850397  -2.3717987258739495    0
 427    0.24034384897514727  -8.0078839314456225    0
 428    -18.704483137381409  6.0869216463741154    0
 429    19.937947920871309  4.0731678991425966    0
 430    15.943141400113841  -4.3668159010105754    0
 431    29.215935167129487  5.1270931068328833    0
 432    34.923240023431546  -2.73968520348431    0
 433    30.592037425629655  -11.825353336617106    0
 434    39.434839275487207  6.537153966936712    0
 435    79.739197553391662  -10.806336408963876    0
 436    77.032906291693862  1.9028972021749069    0
 437    65.967911938587505  3.0668216502355303    0
 438    55.405911634086763  -0.061612104754015462    0
 439    50.022271016601813  -10.558642949381749    0
 440    40.440476254896474  -13.237041970923705    0
 441    -11.532399963653955  -8.334253061320215    0
 442    0.93156284251565857  2.0194446965320751    0
 443    9.2354949281344112  -11.119998996606597    0
 444    71.42873521603326  55.656073770167801    0
 445    28.313344358521348  -85.359369975225164    0
 446    76.451612050091313  -35.026777865331113    0
 447    36.001669299617603  83.087559656747175    0
 448    -40.075913447489626  80.509556405937929    0
 449    -90.264729063149602  7.2070416419461498    0
 450    -33.334775680995577  -83.526404457688045    0
 451    -8.2398608634564514  90.176313159406931    0
 452    -64.991452563315534  53.509188538775604    0
 453    -82.669992000512167  -36.950442280273258    0
 454    56.704264641279565  -62.400266472646358    0
 455    -51.854463895339912  -66.485197288512566    0
 456    -37.920312304120962  0.11438857056972918    0
 457    152.78850130582327  43.256879649744917    0
 458    -37.785941563381783  15.358692167256457    0
 459    -29.308135517840629  151.83756128698383    0
 460    12.624230326511096  157.96271253248159    0
 461    78.197262679097264  -141.99998367806543    0
 462    35.51462939079066  -146.67049111411785    0
 463    -8.8817859853121544  -166.17918692215736    0
 464    111.09488979670149  118.05393985858063    0
 465    128.65713054569724  78.872457956940593    0
 466    -152.13857201155568  27.703189913713842    0
 467    -142.65293445256702  69.005289898875631    0
 468    -109.92298420882595  108.76832888178831    0
 469    -78.773229809236881  137.50042911706632    0
 470    148.47793413567607  -75.509917551664216    0
 471    -140.30624163902644  -45.062636063373979    0
 472    -64.117030508416889  -130.93694058953614    0
 473    15.585291688677049  -161.58816184203218    0
 474    -155.7127748552918  -22.821274408137999    0
 475    51.994875456134515  -189.45854438918087    0
 476    11.098315726367542  -205.16764740630515    0
 477    66.20235993372296  145.34363709667724    0
 478    165.58602965818665  13.115792459522883    0
 479    -147.30110344511846  106.18325299528736    0
 480    -61.617272184361312  170.80927978704531    0
 481    136.67216266408883  -140.19163589111741    0
 482    -142.3776532832286  -78.919020263997041    0
 483    -81.643891790955635  -179.85664092142702    0
 484    -42.382803206163679  -157.77912066963628    0
 485    -181.71618701093192  4.4069149181102487    0
 486    44.893601819466248  174.92148663210892    0
 487    -184.67442477125536  -59.33964729509551    0
 488    181.91181825072499  -31.549470774260637    0
 489    212.61909815690933  50.872823415237463    0
 490    -132.56011491628274  164.56172512724572    0
 491    -16.488044454925852  210.66772375835299    0
 492    -149.36673675812864  -166.58407994767495    0
 493    -36.392007789735558  -204.89087927131857    0
 494    -202.29872252213983  60.963518073387171    0
 495    107.98134856790243  197.90711163047888    0
 496    -165.66922840649627  -121.17323464711026    0
 497    59.394501626840679  -269.81141431171909    0
 498    189.33396872826091  129.59620692351473    0
 499    175.42708274258072  84.578579550254176    0
 500    -103.39674827937327  -272.59286695598689    0
 501    -238.01888397358243  -172.7784776801883    0
 502    -13.046291366305457  -273.56962536094329    0
 503    -79.442111153548467  -229.29246990141309    0
 504    -194.56638082376298  -157.17903078568648    0
 505    -138.55400074909664  -224.86689033028793    0
 506    -222.82274970566468  -104.90244793235195    0
 507    -180.41603258849824  -202.48880808948601    0
 508    -199.15518312064555  -287.88768333292558    0
 509    108.94519305292425  -189.93884200722684    0
 510    243.12462111913194  -112.79874741353544    0
 511    -105.77137545922541  266.27993991251805    0
 512    -237.68504079334235  160.05619355746484    0
 513    -274.06227151218798  -23.249572693538525    0
 514    -152.58922535266777  -272.01816343160363    0
 515    -129.01177762335698  -359.51020649295384    0
 516    -128.46185818146617  -312.43915439456515    0
 517    -176.05362768869827  -335.42188987567658    0
 518    -55.996389512924253  -336.82448885040469    0
 519    -271.86944051430629  -352.60747144210171    0
 520    -195.23464286115774  -430.85827108411348    0
 521    -226.38514605001953  -330.50217030691374    0
 522    -172.18513460474409  -385.84510023014218    0
 523    -288.31389408490037  -260.92371437811528    0
 524    -227.582234460259  -385.88634993682484    0
 525    -103.91395443047124  -449.2121052107745    0
 526    -267.16188379205261  -304.44649919736548    0
 527    -129.11315619585011  -407.90059872360774    0
 528    -354.89177994883278  -320.1817859079261    0
 529    -67.18121395176999  -398.46459959039498    0
 530    -308.80774904582853  -324.68632930384342    0
 531    -339.83507728610027  -404.12833136098817    0
 532    80.152221421987207  -227.38270633832337    0
 533    160.92634919225571  -259.70276986085969    0
 534    110.53707692701904  -268.54020312981623    0
 535    87.219296017985158  -359.83748620960455    0
 536    146.65268704745637  -326.39069011205208    0
 537    86.002905802825865  -310.90043384662539    0
 538    25.720745847015813  -320.77788363085665    0
 539    201.05996807381976  -80.806699143916532    0
 540    192.32823926282504  -135.93790619292736    0
 541    278.80537064717237  -22.233697653991499    0
 542    231.67235965128955  -40.556083749079093    0
 543    239.61410263573714  8.7986790406724893    0
 544    314.22157973090339  62.75779732340996    0
 545    263.75169183731771  53.982634714548624    0
 546    274.90103252721497  139.38282501281884    0
 547    235.26914467378691  100.3777261872422    0
 548    282.62718684393212  94.946253339550012    0
 549    350.0922373323715  129.56630872253254    0
 550    -69.43553663036009  225.13913806816228    0
 551    -184.44990745806683  146.61393545840878    0
 552    -235.21488033186057  -55.775292817719063    0
 553    -228.29890493809569  -8.0534059187995091    0
 554    -304.83310267631697  -99.462724662795125    0
 555    -272.29198231087611  47.925627262570046    0
 556    -87.93806096766977  -362.86337437656442    0
 557    -274.1973794465332  -453.5354025391153    0
 558    4.4137437418850709  -488.95536794026839    0
 559    -17.503911651325186  -316.75190358450499    0
 560    -55.402919115359012  -291.01845005312731    0
 561    -10.622320962219021  -376.89259930719675    0
 562    168.51063564460762  -190.53755978158981    0
 563    -18.738210750092776  306.53179674324269    0
 564    -121.2700019571644  215.97501434921776    0
 565    -202.69744429296833  268.60226636134269    0
 566    -174.08302128387774  200.62622928494764    0
 567    -154.56191803216214  253.77201794244363    0
 568    -152.33974188317057  346.51815123773065    0
 569    -166.5304360195513  300.45846896090922    0
 570    -241.08619930921  348.64449606735013    0
 571    -210.60379505892541  314.03718958541913    0
 572    -287.19420458331297  277.30394916189971    0
 573    -222.06839195396603  109.7683272021689    0
 574    -292.33332534341696  115.51666854683171    0
 575    -238.77657562139927  -428.05777856804337    0
 576    -270.60800794425029  -397.03669891895868    0
 577    -220.91560361725308  -490.25044302918644    0
 578    -44.145276316426859  -453.80672644751866    0
 579    138.40630171254486  -222.23491093023472    0
 580    249.07521193715874  -193.18693440651279    0
 581    -56.243075370068851  273.40724265006997    0
 582    -81.549480331154157  339.85459052711138    0
 583    -82.174611324554519  -557.46279395499721    0
 584    9.1620566200282774  -431.27814207605496    0
 585    231.26588694863386  -154.09090324370868    0
 586    293.13759806162818  -149.51096121719235    0
 587    -48.541754568272346  -510.99788104553187    0
 588    109.03371042927007  -468.53420384110711    0
 589    41.826434889066888  -388.60413894404843    0
 590    63.231072496173667  -438.82640771942511    0
 591    302.75851859103494  -83.982002871694391    0
 592    -104.78134635856352  -505.69453435555988    0
 593    17.011289533595743  -593.85211435387691    0
 594    348.53185673035949  -249.4594030784906    0
 595    59.766084269220826  -494.33113080512658    0
 596    113.78721209949684  -411.04288725407451    0
 597    -156.93237730220025  -476.64578426546234    0
 598    -171.87007087271871  -565.81178821667424    0
 599    -4.0806404623536121  -543.18032126365313    0
 600    306.73940935310759  -207.29720681921373    0
 601    130.13073235095595  -568.77057722198322    0
 602    213.32670565037915  -448.21519267748698    0
 603    -128.40071004866067  -546.82910790539927    0
 604    -121.39013161919431  -622.14561121356223    0
 605    -36.527167095103799  -586.41166946985174    0
 606    51.554851474260715  -549.74788363817606    0
 607    255.21278742402731  -292.98737197959883    0
 608    402.37757587593165  -154.2918248811896    0
 609    105.44629754820238  -521.62761684029124    0
 610    178.70127289075481  -513.3046850154085    0
 611    158.31470139125042  -443.66668570891858    0
 612    -79.318827746965539  -603.42326854599071    0
 613    -67.164930998836425  -687.36525558589437    0
 614    -39.782162476338343  -640.54965498999695    0
 615    79.275564534454645  -607.03927149183266    0
 616    296.35172973392474  -259.38785850025101    0
 617    248.91044786232197  -243.28601172371913    0
 618    340.04220576762111  -346.92460121001398    0
 619    207.93004557276947  -218.10142723129715    0
 620    209.04150907108098  -273.59182086235217    0
 621    330.54191486505289  -296.99474155504817    0
 622    209.43273410605795  -337.31384693336872    0
 623    290.99428195538746  -330.38833077942678    0
 624    423.80392751371699  -305.11827642337329    0
 625    290.02795376282359  -414.26274081707948    0
 626    378.31854993025536  -287.9041505819946    0
 627    304.11404196490423  -372.48225688945172    0
 628    252.88868508783349  -365.35655021104031    0
 629    361.47467705192139  -415.08588798377281    0
 630    427.09733915790088  -227.71527985836113    0
 631    204.26460124163026  -393.01434607506815    0
 632    347.08336141199499  -167.30705822631535    0
 633    33.128718240560268  -671.33890725206822    0
 634    244.3879648326714  -414.77172055027381    0
 635    267.80064158859454  -467.66279116325103    0
 636    384.25555030404342  -201.26601592341015    0
 637    361.83374965375481  -106.00872618077157    0
 638    42.083828932246881  -629.05659659654043    0
 639    85.748308671456357  -660.39391307126721    0
 640    134.43639051571176  -627.41735205274188    0
 641    78.840968782373494  -759.14642801841319    0
 642    68.367977342372754  -708.79605678424696    0
 643    -6.6734747218215702  -744.08927777455108    0
 644    160.31438925252274  -715.93538312634621    0
 645    37.882620099630358  -741.40146885507079    0
 646    20.369316426959589  -821.7310379035556    0
 647    115.4276866160592  -698.37279164696281    0
 648    -15.973109709136484  -685.89172022467642    0
 649    325.22634987251809  -460.23975983070505    0
 650    226.60643225431201  -497.03409523388609    0
 651    231.49711974606589  -590.09202225215006    0
 652    215.92819895078992  -544.2527723029383    0
 653    180.2903636088318  -581.92041963541101    0
 654    295.99820194496516  -542.62121267971702    0
 655    196.60431095315758  -644.21776598123847    0
 656    322.82424267458777  -120.39878781478052    0
 657    467.69827707583414  -58.277256318637086    0
 658    357.57508218908384  -27.197731755010345    0
 659    300.91337410699106  -497.98940908562122    0
 660    379.98957625869917  -522.2147833572285    0
 661    421.49738641906259  -97.072630528572006    0
 662    342.53649458080594  -67.53092273171184    0
 663    386.84947662881183  -69.385077121749688    0
 664    420.53219716849532  -14.761531451789203    0
 665    379.96364149193164  -467.05486914272512    0
 666    510.71746148102625  -158.68958704993383    0
 667    477.75992001040743  -494.58885106302887    0
 668    475.42607902902358  -114.38788951064684    0
 669    447.77151561676737  -413.65752103345778    0
 670    424.9787764248756  -494.61366739329526    0
 671    451.41334072521204  -588.16766626098865    0
 672    451.35230490632415  -458.35232749012425    0
 673    528.79347231364579  -429.65717267087456    0
 674    451.38959459888628  -537.6627088500137    0
 675    540.93282453068309  -562.87309222428405    0
 676    499.71652633637137  -537.63998677509665    0
 677    554.47283994558597  -494.47819171956201    0
 678    456.16394829179467  -165.94005093246787    0
 679    571.03085166321341  -72.633311892578789    0
 680    404.86394158116843  -428.9227156333838    0
 681    406.58872056925043  -365.83560924461221    0
 682    491.12263429661579  -220.11473968426361    0
 683    517.33998884450591  -80.0278524806169    0
 684    471.6213147463115  -351.47514049335086    0
 685    550.53473109452227  -122.432158515871    0
 686    531.0769396965951  18.848506085675083    0
 687    594.90051487221126  -211.14590756061432    0
 688    510.26433772930415  -28.652407467321797    0
 689    471.34536012928714  16.70999976023781    0
 690    643.29532208280125  -131.49309558222279    0
 691    560.20668750227401  -173.0457572144561    0
 692    543.64605742145909  -222.97189086133878    0
 693    607.86480971725462  -164.49458077671463    0
 694    513.62871251273987  -290.58366600121172    0
 695    684.08259514878876  -210.80236251551685    0
 696    584.12123853603612  -281.41073572308068    0
 697    652.50429860154213  -176.89979056439563    0
 698    728.39335436386637  -137.87146815282563    0
 699    497.42016813999243  123.66686555968623    0
 700    405.02942431329967  67.025475019199746    0
 701    598.28216504442435  -112.96666060642804    0
 702    651.48549938083875  -47.646835432593534    0
 703    499.46645140617989  66.511209634033051    0
 704    428.51047922805452  29.113539249809115    0
 705    452.26583106942542  70.054158515306682    0
 706    375.7915999629343  22.689243384146785    0
 707    424.11756194004937  139.19230611983176    0
 708    599.764520403956  98.716533327002196    0
 709    545.07370144427114  96.758496001757166    0
 710    574.08040803211907  51.335079838062356    0
 711    568.94805090317152  194.68924932029992    0
 712    587.40925335573536  -11.014507249472182    0
 713    657.46553142663151  36.786454856808916    0
 714    543.20010445483967  149.0907740596237    0
 715    477.67239092437842  216.16084356485837    0
 716    500.18757156447896  172.61281317725684    0
 717    453.3311028415846  175.98151426864976    0
 718    394.27488016792319  239.22156774391632    0
 719    401.71523261256385  186.97506244061447    0
 720    433.32989480285039  218.13030048225488    0
 721    458.99244667115926  295.75258504204169    0
 722    326.28746638257144  202.88653653376426    0
 723    552.22396132623044  -34.648294463136764    0
 724    607.94065696512178  -49.457903760804903    0
 725    618.21592771644066  58.06252720182313    0
 726    669.51724624318263  105.86059268003871    0
 727    51.0561642977719  256.07739134906916    0
 728    21.916436171856013  -247.44852398327561    0
 729    -233.12760214231329  -233.99100224311181    0
 730    -238.33055206962194  -274.92572204048145    0
 731    -265.73501873965472  -130.93429393294508    0
 732    -341.0744710752943  -184.50862626972275    0
 733    -289.7410114891544  -176.93622485332949    0
 734    -320.99907641345476  -142.81865366557082    0
 735    -309.71972907688729  -219.28157326281291    0
 736    -389.77419122254719  -92.48287737729234    0
 737    -377.96124859939027  -249.29215574894044    0
 738    -373.9417804253552  -143.00315764332478    0
 739    -348.22649153080221  -107.20333660258882    0
 740    -337.47685285849798  -41.964517279930902    0
 741    -471.41650588754112  -145.80951422348429    0
 742    -397.38929994757638  -195.3369566442517    0
 743    -423.0749120929363  -130.65987594917397    0
 744    -474.10183837434636  -52.538385110176499    0
 745    -459.60552806618068  -98.795248260910128    0
 746    -548.85434087198018  -101.36477581691369    0
 747    -503.86756455668007  -112.66640536351741    0
 748    -546.3956241605473  -186.76473465699769    0
 749    -475.51054631374831  -253.94205834090511    0
 750    -427.44997966505798  -236.63653130796831    0
 751    -447.63667152204079  -190.35335865369831    0
 752    -428.02834669828064  -310.41949188828909    0
 753    -496.99896412622132  -188.08615071958491    0
 754    -522.91583364728729  -232.97641131723213    0
 755    -616.57628337341373  -251.49376428173099    0
 756    -536.37949843582157  -327.4957317452488    0
 757    -572.35748470656074  -229.02653944850718    0
 758    -516.31799468480415  -282.13479685084633    0
 759    -634.29507571675276  -161.87242030980096    0
 760    -571.90360772345537  -284.66799396005814    0
 761    -481.29227997636252  -324.74211270815499    0
 762    -612.79674968094082  -204.18428382247521    0
 763    -698.55317428515104  -221.13895346172015    0
 764    -653.04870311263585  -347.27320935784718    0
 765    -503.9544822843086  -423.77336384241693    0
 766    -594.3647094315379  -339.44556301597498    0
 767    -435.93142469404722  -387.23106307202721    0
 768    -506.58935153395095  -371.06178100837815    0
 769    -566.77153710851155  -400.49172519061096    0
 770    -629.2920954192615  -301.48563166303575    0
 771    -668.17894433191475  -264.98135011585993    0
 772    -653.72496759963713  -222.52465637020293    0
 773    -674.91701032184915  -182.29751098855704    0
 774    -761.08653393198074  -296.90528226626276    0
 775    -690.81409419640261  -100.07348182139793    0
 776    -719.1348400998038  -267.84094060997722    0
 777    -755.59025475932663  -159.81783394177972    0
 778    -709.29104061799649  -326.85842560730794    0
 779    -778.07847529234039  -227.57011441534036    0
 780    -788.28744735269629  -403.70097494595495    0
 781    -707.00342334905304  -408.23675611532519    0
 782    -759.62603295357746  -354.13916165056656    0
 783    -692.0700675608656  -367.09564746632032    0
 784    -647.47540787875289  -406.56337064125984    0
 785    -861.81616268661185  -328.11128728996954    0
 786    -747.00577277120249  -394.50571364152    0
 787    -751.34594843286322  -472.28436509957561    0
 788    -814.39170198621082  -355.53667854205662    0
 789    -675.26650563454098  -477.58318471712727    0
 790    -814.83485437472791  -301.58669101431798    0
 791    -886.72158528227703  -425.89446892235151    0
 792    -676.43037742061063  -436.1803048903509    0
 793    -716.33877731237624  -449.14733416771287    0
 794    -627.03473061007344  -455.50954796265125    0
 795    -606.03477881306424  -417.99838532221816    0
 796    -616.81385879587776  -376.25372585845804    0
 797    -560.03391317172952  -468.38494967008796    0
 798    -612.02014953143316  -552.04799793189795    0
 799    -633.14186096960168  -505.89621761817631    0
 800    -704.39538002103632  -566.41507538431256    0
 801    -584.14902612928483  -511.38342175949361    0
 802    -660.23389467148206  -546.2042374947747    0
 803    -525.9975122671168  -581.12352293109461    0
 804    -646.4863972592949  -634.59578729410987    0
 805    -521.49907931156247  -518.25824526926931    0
 806    -564.90842908714569  -554.45434138635471    0
 807    -640.89464891987939  -588.46125932626092    0
 808    -581.00498691167354  -619.66009828978417    0
 809    -885.34630048238728  -231.56409007978954    0
 810    -840.63437357443422  -400.91595995210849    0
 811    -828.83533560140245  -477.69249052831879    0
 812    -412.30550091305759  -557.66536476385318    0
 813    -512.05815030200495  -471.1399604253757    0
 814    -455.70536707315  -506.93613987332282    0
 815    -462.42244331717927  -455.25533462055461    0
 816    -383.77133440143763  -471.3097841032743    0
 817    -859.96557709820684  -276.51933004268426    0
 818    -817.89323574094965  -253.93307483417806    0
 819    -952.34917760408439  -299.03473093247783    0
 820    -833.28065600479715  -187.44748900871809    0
 821    -902.98212288499656  -300.80551003991229    0
 822    -930.10523568557926  -367.93263963892997    0
 823    -481.70119753368863  -552.69963645941175    0
 824    -453.46164538147991  -645.43672585253069    0
 825    -480.65975209511009  -603.05068915270851    0
 826    -526.19563019134841  -639.36811176620074    0
 827    -432.19742804974095  -601.87277994247222    0
 828    -365.60267844621313  -661.35034414348877    0
 829    -372.56575491957392  -602.12605726949084    0
 830    -407.28792971925736  -641.00314592530583    0
 831    -422.51527341515373  -725.07319598110359    0
 832    -588.53717966637441  -726.67597443294198    0
 833    -265.77226167322306  -619.59167972135356    0
 834    -340.5204630604029  -533.49302702064108    0
 835    -569.67907403119864  -674.23027055391969    0
 836    -321.67208026523605  -626.1638941328381    0
 837    -371.23762099863461  -560.94856100613322    0
 838    -332.32080788748158  -582.81394599566124    0
 839    -382.98440863259628  -516.89540215029831    0
 840    -269.06724735186833  -546.95591418374545    0
 841    -623.587466634169  -684.45951336597045    0
 842    -505.51618367454091  -726.91486360151202    0
 843    -282.25747708380084  -720.39047721433565    0
 844    -723.43156254530027  -700.12113728272345    0
 845    -525.07242983944764  -685.31852553529484    0
 846    -476.68713759344462  -687.96578660408522    0
 847    -288.46076990067218  -667.628512764378    0
 848    -329.86001179846335  -699.24152233428697    0
 849    -194.46185801515327  -683.32258520717778    0
 850    -377.29547009464989  -708.18370854892999    0
 851    -239.13610319808487  -661.54880803788615    0
 852    -369.96496977983452  -796.79068892770306    0
 853    -192.58570172890171  -622.75621525117765    0
 854    -327.18218859047693  -757.36111437290606    0
 855    -386.12609827211202  -753.52098907488016    0
 856    -454.75077520849385  -803.80506150568522    0
 857    -675.71820905323671  -678.20972276202951    0
 858    -705.90118284811399  -626.37674600866364    0
 859    -665.72445864161932  -762.87666374053219    0
 860    -654.1184840802066  -718.58345861604323    0
 861    -156.71579775065743  -654.17959613478365    0
 862    -132.07623612659452  -725.1086903193268    0
 863    -111.2271117735181  -668.84772736980187    0
 864    -157.15124936902242  -603.40655122377655    0
 865    -224.8155893541194  -578.79115754514282    0
 866    -811.44378204104976  -593.72653768449163    0
 867    -239.181092111749  -818.51491607630828    0
 868    -207.43801434460858  -535.20034472763439    0
 869    -754.06795773238719  -595.16740278298357    0
 870    -274.55737099294475  -775.52758220643432    0
 871    -756.5237784366243  -533.64133660013226    0
 872    -784.42663547753943  -660.97752406576319    0
 873    -310.08097947642727  -840.81167447959842    0
 874    -205.42769376339723  -754.68761215871587    0
 875    -708.90503560930176  -515.7445423289447    0
 876    -788.34089507345755  -500.05937340348635    0
 877    -835.74861816738178  -538.04904977114006    0
 878    -747.64976466900782  -638.03555875612255    0
 879    -311.64371430429048  -797.65439659008018    0
 880    -795.15548882730275  -553.47259949388319    0
 881    -900.92347806217163  -500.00966993922054    0
 882    -859.97281096060829  -504.70018802855537    0
 883    -868.34173654886706  -463.59834059108209    0
 884    -885.78173711194677  -548.91997166806118    0
 885    -980.05707984319884  -551.30695041075148    0
 886    -933.25603428096974  -536.8181968546661    0
 887    -982.3411201566704  -461.09723068705591    0
 888    -930.97199396749829  -627.02791657836121    0
 889    -968.47719392130193  -505.87998172918009    0
 890    -919.39210804560128  -581.6009478967901    0
 891    -1054.7966205801461  -508.06552283193957    0
 892    -868.89984689050345  -618.66144948332771    0
 893    -885.10448229670476  -732.88147617830509    0
 894    -826.08226620832943  -638.65971894561631    0
 895    -869.96110067797986  -676.77039337676297    0
 896    -931.69939155356519  -690.20733440774904    0
 897    -817.56770273449183  -721.00944394268186    0
 898    -1043.3353714931834  -657.32815023751539    0
 899    -982.88056528852781  -658.02417881153872    0
 900    -984.05141792226345  -794.14432543534281    0
 901    -979.50292200288845  -604.71757769009878    0
 902    -1045.7826355235786  -578.69706929065808    0
 903    -943.21759799603819  -749.5588210729278    0
 904    -1013.8925515169404  -725.82253467241276    0
 905    -884.5967083673828  -844.23867130423594    0
 906    -983.81937787068046  -753.36517604974495    0
 907    -967.01673293933732  -714.14677847667315    0
 908    -1029.9028102960649  -773.49318862305279    0
 909    -1101.522670394829  -722.91569259099685    0
 910    -1043.5858827224874  -865.10062684917932    0
 911    -1058.142684994333  -737.48492406862078    0
 912    -1023.8253259338159  -821.22657521329313    0
 913    -1104.1678778044848  -802.65853147679525    0
 914    -961.32336996337244  -875.76403794840144    0
 915    -1013.4230763260977  -685.04542761166567    0
 916    -1052.3919785424875  -697.10118862037041    0
 917    -1100.4836107778183  -665.23273139970695    0
 918    -900.55484296645864  -788.63168301195446    0
 919    -1077.7512845996259  -619.04566532714421    0
 920    -1120.4945479123439  -552.3408351093326    0
 921    -1144.5979449506287  -614.83283605185238    0
 922    -935.76753499367521  -828.83038017258593    0
 923    -824.72189544915261  -796.96242046260238    0
 924    -1182.6029004046286  -692.60433226945156    0
 925    -860.11453303990015  -769.8231029366026    0
 926    -1136.7060017983551  -693.43108618261601    0
 927    -1160.8239978679858  -757.94461008774829    0
 928    -233.34823409725914  33.25466688146517    0
 929    -229.47232387899177  217.32079584914453    0
 930    -246.4041975376449  258.79173173504279    0
 931    -290.07053495029987  216.77154807137515    0
 932    -395.93961804444473  252.13668887438791    0
 933    -338.01767601401428  249.38440021946025    0
 934    -362.09959850801886  353.44016904897126    0
 935    -371.1319343969443  163.35457071573234    0
 936    -364.73319474820983  298.01611006344865    0
 937    -336.85108646428961  199.54734243549018    0
 938    -323.66428470520276  152.72580058694541    0
 939    -363.15282923645884  87.680256331576047    0
 940    -316.39184417477713  323.49366436971883    0
 941    -461.66796357355503  330.39677916934193    0
 942    -272.92114579267303  318.64942168085207    0
 943    -289.42104764729646  368.05278791219655    0
 944    -230.84807613303474  444.03299413236391    0
 945    -249.41938562835296  397.78258554041832    0
 946    -195.89828794221003  381.58342832534191    0
 947    -322.12294638027527  453.82959837120768    0
 948    -293.67524591283347  415.55300753984216    0
 949    -347.04319970266954  405.59885483398568    0
 950    -417.76709186472635  300.53613249784331    0
 951    -492.65221671846587  237.64232106948469    0
 952    -446.33999851204663  258.5284853469991    0
 953    -441.18179376106184  185.30227729975687    0
 954    -111.95795196827839  441.26807560471434    0
 955    -420.0828760911474  473.89096108251141    0
 956    -145.51103940837882  399.58799131417965    0
 957    -93.023204933048973  391.67991354302785    0
 958    -171.12618666894184  454.55397486329502    0
 959    -19.608322962349682  380.75064073587657    0
 960    -48.756670370753305  436.99175353903911    0
 961    -421.74381866096434  398.90985359460802    0
 962    -416.32240189144756  349.86177315114338    0
 963    -373.9320827817964  450.04539338126074    0
 964    -354.73586609318625  543.78080231593719    0
 965    -377.55309397762164  499.62026140620208    0
 966    -444.42893665871009  562.14918239354995    0
 967    -419.80921209824447  521.45349661590308    0
 968    -504.26129868971941  498.15735961392227    0
 969    -458.74989692216849  497.89549737738167    0
 970    -481.88067862479824  432.83774734905569    0
 971    -196.24804451217244  422.39226392031168    0
 972    65.517481299865693  460.54317604275252    0
 973    -219.63792785180013  555.16391925473295    0
 974    11.701765801647866  432.65185076147793    0
 975    -209.57066428680568  498.0175355467116    0
 976    -72.776571840667614  551.1683517339568    0
 977    81.033952012941143  355.43157915767233    0
 978    -281.13710224971015  514.86989307883266    0
 979    -146.60435745080579  538.57002092826292    0
 980    -76.86847756932147  490.69262463589865    0
 981    59.661840770711493  405.9777106107295    0
 982    -250.85033981028542  483.10206520634574    0
 983    -186.60747403719043  531.5228222786692    0
 984    -159.87834971146071  496.85768566401453    0
 985    -174.99155704814709  582.64714969714805    0
 986    -117.17096999433667  588.70587816351747    0
 987    -246.03492832440162  648.05123347701715    0
 988    -219.73691186022879  605.33023687073694    0
 989    -157.15337839712291  673.30986362560066    0
 990    -293.53784644645191  589.35487027014472    0
 991    -198.03203254485209  648.14594880128743    0
 992    -222.20138457578207  733.19448297001577    0
 993    -222.11075384871788  687.26171148656147    0
 994    -303.5822017438835  710.06743395117655    0
 995    -14.633826832064798  489.06322597099268    0
 996    -105.96502567885618  523.03765058304043    0
 997    29.54587636470135  363.45257660797176    0
 998    47.784584004084721  311.26415353972112    0
 999    159.31917846749138  422.88000804305108    0
1000    -150.18635612066876  624.85286344436656    0
1001    -74.976722413092119  660.39566056316141    0
1002    -119.81082941557085  482.94801579552649    0
1003    124.48737254615999  288.12089241714625    0
1004    107.10684806793236  428.48312414567334    0
1005    128.28351601623905  379.7463160507013    0
1006    143.14579240616632  518.23962426490743    0
1007    121.88183350408528  334.12019385026974    0
1008    112.46832985684259  478.44379843239568    0
1009    204.72867480414169  315.7394450746184    0
1010    57.26004026185889  552.72438956730116    0
1011    185.96096701961972  370.97836648317627    0
1012    74.388698528874741  507.79829578275394    0
1013    26.346236430730055  515.20979041201588    0
1014    -8.034556295306956  575.03570728099135    0
1015    -64.505645544760569  605.97076493714496    0
1016    81.882439186070314  285.59518779412099    0
1017    94.455609783356252  241.60939160853604    0
1018    154.02070347811616  236.10039883738821    0
1019    165.11532425521597  333.0882787416798    0
1020    169.21421952494845  288.54760094709241    0
1021    233.37577541535126  241.53621617667184    0
1022    293.26819000660078  376.62887430078229    0
1023    24.992133906015503  472.87216837569321    0
1024    -6.1921333052784924  645.40973127369398    0
1025    161.99806552636679  179.63897709556935    0
1026    192.7049977055494  253.31820051357681    0
1027    201.19600620097094  206.54104291356572    0
1028    253.90570126616512  190.36492716470295    0
1029    236.66624228807547  429.79465393318048    0
1030    240.41144641129617  358.67052368598559    0
1031    124.77680359364223  158.5746946564785    0
1032    217.18892887734347  164.6887669821233    0
1033    199.39401813622044  410.66233586235973    0
1034    194.42839038723508  466.20772929433576    0
1035    269.56955749562019  298.14068953032125    0
1036    280.09765380879662  522.87725102959848    0
1037    245.25489187929037  482.46090597776896    0
1038    304.87986752873258  445.70401801446286    0
1039    210.71045957854824  547.46858864644628    0
1040    -259.16912133769438  88.583410488512641    0
1041    -119.90767834969034  311.70825967372559    0
1042    260.66682997012703  -72.988804235431388    0
1043    156.55500934427894  -668.99273152225578    0
1044    310.00072750695676  -679.01021835280619    0
1045    516.08414791067867  -472.18912712641821    0
1046    668.94812297769909  -552.67835406717268    0
1047    380.46580654443443  -331.21854692026346    0
1048    367.84428051107756  -375.6328143914252    0
1049    493.44574220443064  -395.51074786776542    0
1050    563.64086917556517  -358.21494793711963    0
1051    464.28571509513779  -267.51421834343842    0
1052    639.65718737920554  -253.9712307991368    0
1053    647.31716691032705  -339.39508447536861    0
1054    626.94664917143007  -298.16635115120852    0
1055    690.36354140253513  -292.47974166788146    0
1056    752.00831458715641  -392.2467599977399    0
1057    707.1161953670844  -351.05675988145225    0
1058    657.54550516583004  -446.09626634578609    0
1059    802.58076224605327  -292.07041678994079    0
1060    697.56658872048979  -406.52316707878481    0
1061    746.52987722981322  -308.10061275621933    0
1062    645.06586029828463  -393.45172735825685    0
1063    741.53389032780069  -491.01181645100189    0
1064    788.15614228415723  -347.64189788083206    0
1065    755.54774053667097  -233.62396692374591    0
1066    609.09412746997407  -364.87840448424782    0
1067    579.25664704348844  -410.0517362503702    0
1068    735.55332419984506  -440.43959854122437    0
1069    829.21342734599341  -445.51333784714626    0
1070    783.09890437798651  -429.76796871996106    0
1071    791.60226466352026  -480.2656438868014    0
1072    822.09799422746573  -390.95074691340164    0
1073    785.61807694399749  -574.3961456837111    0
1074    775.33533294080189  -526.48696938167609    0
1075    872.0140976193403  -529.56370664676979    0
1076    722.88899040179217  -542.61797915138914    0
1077    838.76048435456312  -493.57452489709175    0
1078    823.25351913803729  -541.26037213987934    0
1079    919.18618202295056  -452.61963300821822    0
1080    868.36876958091455  -621.85109363519405    0
1081    873.19763307942651  -461.75497329952123    0
1082    857.1765226447975  -575.1933145072752    0
1083    884.74807366949358  -399.5774826340014    0
1084    821.02140198261009  -608.53747361320484    0
1085    945.48401719287267  -578.68143781842286    0
1086    742.79658348970179  -654.22713835392233    0
1087    901.82218561584671  -564.48373308402142    0
1088    775.4655670678801  -620.35058127659204    0
1089    821.21861258832359  -698.68391336919819    0
1090    942.5325047452535  -513.52324808892854    0
1091    739.19196296739085  -588.23812230378178    0
1092    833.90062636906362  -653.58273372221129    0
1093    788.27715433555761  -665.39598935325193    0
1094    907.08845034709589  -698.49605855471248    0
1095    745.73757720158915  -740.43606940172231    0
1096    727.4262962788282  -268.00321356690461    0
1097    850.08806157953006  -334.05965800388634    0
1098    687.13018039420115  -500.52739381509087    0
1099    995.99622791238278  -365.04929202756955    0
1100    697.72733923727264  -459.51200557150435    0
1101    620.62287538334863  -501.42020457146822    0
1102    945.2415196273073  -398.00225737754084    0
1103    900.76975316410392  -228.84770134652729    0
1104    998.74372321276633  -457.04916523399442    0
1105    929.65287264502274  -318.42925471977185    0
1106    860.59129746632345  -274.30624897461217    0
1107    989.93147935486707  -411.27137277794554    0
1108    1074.9028516848034  -398.91145853485244    0
1109    1035.4931154877022  -426.23781561090783    0
1110    1071.7384424157199  -506.79002500318757    0
1111    1083.3286279786319  -453.14430654885825    0
1112    914.05757926512763  -362.79786892959953    0
1113    886.61653584791043  -309.68068500139958    0
1114    916.43062041061125  -273.24534570785454    0
1115    1003.1403524834133  -272.39789457738868    0
1116    959.39754589631013  -233.12821482134845    0
1117    827.27530564696053  -204.37486764876974    0
1118    1041.828194206485  -472.25300815836579    0
1119    1001.991513881321  -516.49366896120773    0
1120    1172.6325949652198  -500.51336743624387    0
1121    1050.8832582119499  -175.21912579122301    0
1122    821.44028159822858  -250.05645230262434    0
1123    1161.7352528458  -413.19186968887135    0
1124    1121.3003474661386  -489.423008484631    0
1125    1127.3063242519213  -585.96610193374136    0
1126    1154.8693319037811  -458.38942594179139    0
1127    1137.9184116087624  -536.84755698312802    0
1128    1238.4250911238689  -447.96203156860497    0
1129    1219.6859979713756  -580.21913282372736    0
1130    1184.9187199063606  -547.00199820189914    0
1131    1247.1632045071194  -516.65619964532027    0
1132    1013.307082917311  -217.07552437679183    0
1133    937.67181907120198  -127.05705500813762    0
1134    1115.9755763131939  -420.30122890308996    0
1135    1128.0248604480003  -347.03525200564695    0
1136    933.57590268787067  -183.15652489251508    0
1137    990.87312176527735  -159.14063114874142    0
1138    1099.468389769916  -256.63097825465519    0
1139    871.77855747940498  -150.4453372711063    0
1140    1021.1478001347277  -48.78760985394787    0
1141    1062.5313081636723  -223.47107199871826    0
1142    1134.3749530967091  -180.59607486923704    0
1143    990.44782782459492  -99.694607017025589    0
1144    1059.3249953603745  -106.5212089678985    0
1145    915.55375153981015  -19.818526620609489    0
1146    1022.301220968611  -129.19125209160217    0
1147    941.73619429442192  -70.3185706390191    0
1148    971.49174401808966  -22.854050536263401    0
1149    867.976555468735  -76.522924516616797    0
1150    1042.2928185488911  52.205658862017074    0
1151    906.78337163420861  -96.329593091205055    0
1152    1017.4776436610609  4.6910195608852838    0
1153    1114.1155788931642  -15.542120191591323    0
1154    947.51061432029906  71.469617535267815    0
1155    1068.65000783344  8.2029005813065368    0
1156    972.50458160928235  27.61380718161594    0
1157    1133.4761647401378  76.928305260118819    0
1158    1091.3710248745838  51.707769442587924    0
1159    1067.7145423014213  138.95883493942313    0
1160    1067.2381243571435  91.997125664037185    0
1161    1001.4739912839046  116.14756198007966    0
1162    546.08047739815311  -264.52192241646736    0
1163    358.8289181520002  81.841384823684564    0
1164    456.68606815689066  112.15286058619586    0
1165    633.94265216767405  -3.9759394856002102    0
1166    687.6089035474107  -7.776879872127779    0
1167    716.42395106235563  -70.183632399739011    0
1168    737.45790882315191  58.418210246417516    0
1169    701.17387697489551  33.875094685229534    0
1170    755.07075818158614  -6.712597102890089    0
1171    315.68819524547644  158.92084274071738    0
1172    628.63577542060011  160.92086496119475    0
1173    28.295427794493545  216.99379572319103    0
1174    0.35080934971674083  259.43690662819904    0
1175    -335.68380954202757  -274.73243474241366    0
1176    -298.34529771414566  -57.763765118708001    0
1177    -319.37286701688595  13.487020471827471    0
1178    -319.6856201721796  63.315934192608225    0
1179    -407.41322094217753  11.549610715565336    0
1180    -363.05301809193963  -2.9332425450059532    0
1181    -372.80892823770807  42.362815689025183    0
1182    -399.92503469618111  -40.692364209901811    0
1183    -437.12508321985774  79.75456758449296    0
1184    -388.33194785032128  -291.86561167519591    0
1185    -396.42326681856628  -352.48366810965348    0
1186    -388.81353501893534  -400.97030962182492    0
1187    -740.07710598472295  -202.5751976291904    0
1188    -542.87510438287779  -432.40120647892456    0
1189    -845.86076075346239  -225.38245250317445    0
1190    -790.04016772602233  -185.99154401503071    0
1191    -813.94850203834426  -118.76493255950938    0
1192    -881.25005730950215  -373.249034814742    0
1193    -326.51889836087076  -477.62143692443169    0
1194    -299.85172602491963  -513.99450832392074    0
1195    -313.38147149863795  -437.28814447130748    0
1196    -289.69662525435854  -584.28434553720376    0
1197    -72.215681978623451  -753.36802875833655    0
1198    -164.9442901600612  -520.79403128106981    0
1199    -403.66468579355876  -905.37624508631586    0
1200    -233.28221490757528  -713.88252119425579    0
1201    -175.67313850108411  -722.73463961229561    0
1202    -156.41117407208031  -770.50153170821307    0
1203    -929.91458860350644  -456.03613969287363    0
1204    -960.61836739085004  -412.05062327382763    0
1205    -999.7474094002655  -352.37714686662275    0
1206    -1026.1546039125653  -412.3584198956288    0
1207    -771.19133978781508  -707.44801346303336    0
1208    -780.16276424654859  -762.84612818910398    0
1209    -741.96355518583198  -858.89532158074496    0
1210    -774.60858277037494  -816.25780236878063    0
1211    -821.31307763720588  -862.83314479333274    0
1212    -713.45677789115484  -803.25342425059875    0
1213    -618.01376047379779  -867.68127828168861    0
1214    -716.30784415385062  -751.48065883409561    0
1215    -656.64927367842324  -822.0074147186856    0
1216    -681.3187707124099  -882.05315666261595    0
1217    -585.39993821831331  -800.9154330214792    0
1218    -701.68700772750697  -844.40670751107905    0
1219    -628.15565725145996  -787.37252251547284    0
1220    -616.38700241550885  -827.12738520966855    0
1221    -571.09025342460541  -849.25396976174125    0
1222    -561.88547241868616  -941.65005740074355    0
1223    -520.19790318897481  -807.90095761811187    0
1224    -579.51810348304889  -896.75012602179049    0
1225    -636.61784086508442  -932.34270112926686    0
1226    -494.50982929369945  -889.27878324123276    0
1227    -1023.3620639994242  -539.94480525587232    0
1228    -1022.7028220136802  -617.33237179495688    0
1229    -1076.5094922803623  -546.72747034447218    0
1230    -1104.081479179767  -505.81477433969854    0
1231    -1076.8084991051021  -449.33872247146269    0
1232    -1194.7658843135034  -499.98196167591942    0
1233    -1150.2462593481414  -515.68721701922027    0
1234    -1139.3040216123497  -453.98212068393445    0
1235    -1193.6940741528138  -567.89613540467599    0
1236    -1030.8680777159163  -465.60804001506466    0
1237    -1116.1878841056291  -342.21685209660188    0
1238    -1111.790632478712  -401.39948633243336    0
1239    -1064.0093532440187  -368.09467755224404    0
1240    -1217.6312230635256  -379.50873550549557    0
1241    -1051.9396684511796  -278.21429362916984    0
1242    -1167.8359946834369  -405.56363960675105    0
1243    -1073.2128027385945  -321.10819504456282    0
1244    -1125.8267684425384  -268.29228430713641    0
1245    -1170.7270982753785  -350.47810832379298    0
1246    -1218.6743345738416  -442.11320213943304    0
1247    -1149.1266199644017  -308.92098963146026    0
1248    -1209.5001806486275  -247.30242786730605    0
1249    -1206.9953732215015  -305.23436828237931    0
1250    -1180.8289505019961  -460.35066200308955    0
1251    -1329.1332276915211  -408.96181987409608    0
1252    -1269.2285779190117  -409.95994721322882    0
1253    -1310.9451258148649  -280.70873065091752    0
1254    -1300.8886572198442  -511.95525083714074    0
1255    -1298.1558232961145  -347.93864426898443    0
1256    -1255.5114996249156  -278.31194301359221    0
1257    -1249.7609452164738  -488.82988257352326    0
1258    -1299.9618583605441  -456.33152538726563    0
1259    -1259.4254346305727  -367.63107666795707    0
1260    -1261.0108857969453  -322.81628222193399    0
1261    -1287.4771560076795  -181.24180987263577    0
1262    -1252.7299959879886  -550.34726067653571    0
1263    -1395.595141399252  -482.55767376360058    0
1264    -1285.1837298080347  -234.28486160800469    0
1265    -1380.3611408386851  -211.82894771304998    0
1266    -1335.9393005830736  -236.47938383071039    0
1267    -1401.8486437203032  -302.9018340517141    0
1268    -1359.5266869432598  -278.98553276609988    0
1269    -1354.8706079647729  -336.62919192247506    0
1270    -1245.8818389359749  -635.38486532395791    0
1271    -1343.9464155545525  -483.41824144061292    0
1272    -1371.2431740238849  -571.35678201005976    0
1273    -1344.7454850821928  -531.37603031228457    0
1274    -1307.7668521330208  -584.65522681822745    0
1275    -1431.5642264126959  -393.87293751531143    0
1276    -1232.8488466378606  -591.54075984657766    0
1277    -1194.9223333066489  -626.67383363255988    0
1278    -1402.2893784138098  -353.09669701348309    0
1279    -1481.2509512827151  -327.30401055842361    0
1280    -1380.1260199054511  -399.90552944622908    0
1281    -1410.547552870358  -436.98552266207162    0
1282    -1497.4826097928674  -452.68599448508604    0
1283    -1448.6187306149714  -474.71588332482094    0
1284    -1458.0819203751587  -430.49917432058368    0
1285    -1485.7942870273041  -382.52256331899804    0
1286    -1512.1035858105374  -550.32311678469057    0
1287    -1431.1906618812393  -540.05792376074885    0
1288    -1491.0237356588193  -503.56649180146172    0
1289    -1584.4502582479088  -489.57604519655479    0
1290    -1539.7100121478566  -509.74682706711076    0
1291    -1597.8373670133021  -578.97355013638469    0
1292    -1559.0109292958082  -552.55765059877592    0
1293    -1531.5960455336092  -634.59416353091308    0
1294    -1581.4098802558806  -346.85920601725201    0
1295    -1528.5726269108632  -351.20661046316724    0
1296    -1547.2845048035988  -255.36703408261275    0
1297    -1560.5426671858606  -416.50338414987124    0
1298    -1551.4444274857101  -305.92568152037859    0
1299    -1638.9910006195132  -273.2719624690269    0
1300    -1599.8227338682341  -301.94515545328954    0
1301    -1670.2365284343089  -357.04309070224542    0
1302    -1627.2593957541239  -339.42429117776271    0
1303    -1625.3871983128863  -405.21706504251159    0
1304    -1109.6297226133656  -592.42582399502237    0
1305    -1118.2694456987076  -762.27546567703575    0
1306    -1211.7613853902781  -880.73724213470825    0
1307    -281.97938048178162  171.69422087080309    0
1308    -396.85258588487761  204.02461921100681    0
1309    -39.421645010745948  343.40383480627719    0
1310    -439.99314110584692  436.82305302479807    0
1311    -608.86464171626994  425.82288816757784    0
1312    -471.05945581562708  381.7583139397338    0
1313    -543.37258481110973  393.12467356065179    0
1314    -513.50064390355931  347.45852545406677    0
1315    -609.39009719421131  317.33688894321443    0
1316    -502.83520627434433  292.59621925146558    0
1317    -565.69330116877302  345.92060276279432    0
1318    -613.68969560666437  371.60198633101288    0
1319    -559.77711543379326  289.18417897788623    0
1320    -707.3958698924431  407.26592672669506    0
1321    -634.49059469564611  215.3104038542379    0
1322    -679.71174158846406  339.06796281343924    0
1323    -655.51324378748279  402.64895322658259    0
1324    -673.26993649214398  496.93102338719893    0
1325    -677.68780306627218  447.28583490138465    0
1326    -763.48609352489427  479.94008783925244    0
1327    -725.19204340302713  451.51318103328765    0
1328    -794.73213220235664  397.84184761213129    0
1329    -752.39304019906001  414.87056135672577    0
1330    -749.02697899091766  345.3524583064866    0
1331    -607.55197000483543  262.78382638023731    0
1332    -656.84138161477176  288.43055270359429    0
1333    -560.10853861824535  204.48239542834025    0
1334    -719.02800515892568  290.82739463750988    0
1335    -567.57237368499159  246.86314027755486    0
1336    -689.91128171606192  238.34592801315864    0
1337    -830.68538832673244  264.9100215769347    0
1338    -527.98773223643514  259.51503538346924    0
1339    -703.03656781238851  128.58257655217994    0
1340    -764.09528907318531  231.50634658292807    0
1341    -778.51171736468029  293.61529002763609    0
1342    -680.9944503523817  181.61324711954393    0
1343    -728.50830584651249  251.2500087826441    0
1344    -724.85232369382084  202.71655273138373    0
1345    -795.51016874536697  147.54449785531489    0
1346    -767.96193440317722  185.09511083044674    0
1347    -815.34799730276302  212.4096598475947    0
1348    -748.48186319943773  141.92355347965395    0
1349    -781.96039972073277  61.36581346412585    0
1350    -738.84340205019942  90.68251177705983    0
1351    -780.60252406986183  105.73385958195394    0
1352    -859.93376800883675  85.956975459760116    0
1353    -824.68875090400888  113.57784092533964    0
1354    -851.29517227025701  165.9497707076398    0
1355    -708.43148226879782  -0.4103797181303932    0
1356    -736.48389832389444  40.847197952777009    0
1357    -795.43207761815211  -29.147489375050895    0
1358    -660.7095824553669  62.203026478695094    0
1359    -775.87373575629954  14.200706340611756    0
1360    -834.52554211457141  30.606978160540628    0
1361    -836.86521114467087  337.90938178662327    0
1362    -876.91971706446691  222.91267758690233    0
1363    -609.78758925593854  132.28148533875887    0
1364    -945.34993106846059  13.240201575547275    0
1365    -792.4546734346419  335.83148920864534    0
1366    -900.87206983169608  295.7295676414513    0
1367    -636.72486183333694  169.45634390585377    0
1368    -656.27372300820093  126.94410728526347    0
1369    -892.38690172892689  37.552698037447747    0
1370    -965.08696441196764  149.00597517818349    0
1371    -872.65334324800688  264.6639392593284    0
1372    -921.5802447113839  248.56994784084898    0
1373    -925.06551197280487  190.80530711683605    0
1374    -994.82715342324263  308.85963911308295    0
1375    -949.70129165240962  289.04450402297584    0
1376    -937.13745435314365  378.94777577846668    0
1377    -1005.0611171137293  224.26228901470799    0
1378    -956.09806198372394  335.76796624712881    0
1379    -966.50768949010046  247.36140354594031    0
1380    -1023.1636486086815  390.96979774715658    0
1381    -883.03339565260057  -52.667572048779064    0
1382    -945.12323396413638  82.590686326046949    0
1383    -970.58560717892408  194.33000274128239    0
1384    -1026.6921866570897  164.52767970290358    0
1385    -868.21173077462061  -5.5359559096426878    0
1386    -902.33203414187062  79.301915259412851    0
1387    -888.49054147488698  129.50373144858332    0
1388    -1121.7696354233267  232.74090337379715    0
1389    -1010.3994758857459  99.177428385323921    0
1390    -1064.6110804108716  212.04267344115283    0
1391    -1045.9105367903751  272.12164041617262    0
1392    -1129.8826096414007  121.06543849546604    0
1393    -1003.8033084632317  267.45662351274905    0
1394    -1052.3460606131118  334.9542582703159    0
1395    -1084.4166994296554  157.34908041774906    0
1396    -1137.0549532978478  414.69439404550872    0
1397    -1107.2791577963517  297.58194668416866    0
1398    -1137.9345168138066  177.78281885671231    0
1399    -1072.716840887073  96.060564948056253    0
1400    -1083.4550832790003  386.77047320349635    0
1401    -1227.2775988781686  233.91773647286263    0
1402    -1042.9658732164667  125.76430384747322    0
1403    -1145.6264680592269  7.2238638354410369    0
1404    -1037.2394839303392  11.273085843993904    0
1405    -1060.753609907186  495.75021676448006    0
1406    -1135.215660055947  352.82056759767465    0
1407    -1174.6895810868114  218.4499653955524    0
1408    -1121.6999293791343  61.924359508186967    0
1409    -1039.6800080649527  60.067983776573485    0
1410    -1081.3116790527743  33.527253826677921    0
1411    -991.84584789451321  38.001974123596668    0
1412    -1089.675174187392  -37.803239340683852    0
1413    -990.69265551220235  -15.866911511611267    0
1414    -1087.4733120028388  444.46184048765889    0
1415    -1094.9411934138495  338.50542073058642    0
1416    -1245.820532058855  380.49692130291555    0
1417    -1182.4090996390178  294.26920846656839    0
1418    -1227.7995720408067  135.01367945138122    0
1419    -940.33909099691118  -44.436369841679422    0
1420    -1030.597829212742  447.43569275148519    0
1421    -1165.033603353846  517.47268937350736    0
1422    -1186.6150136233182  382.25689504615133    0
1423    -1157.1264340125504  258.54075514529484    0
1424    -1145.5921095552599  312.88911442470061    0
1425    -1175.5485380747225  341.98740922096903    0
1426    -1230.2700638110532  325.50257564667345    0
1427    -1199.0599373156492  63.179292965626573    0
1428    -1176.6594130072442  143.35498599399278    0
1429    -1169.5061022123118  98.139280381071089    0
1430    -1213.2763321761788  184.39043791075267    0
1431    -1306.1408655681219  184.88053705988028    0
1432    -1259.7792725978729  171.24415111188017    0
1433    -1306.6010370734184  97.686726999790935    0
1434    -1272.5829598918981  127.71360415409212    0
1435    -1255.0380382912895  73.553261332562286    0
1436    -910.83835932474346  -12.817445416626249    0
1437    -1016.1616415200115  -119.41461970544576    0
1438    -974.39941068643498  426.1123261977915    0
1439    -1136.549877677118  470.02925575572789    0
1440    -1218.4559475473475  456.6691074716976    0
1441    -1225.9720860687009  279.80170095480383    0
1442    -1309.1361184325651  295.0330094312157    0
1443    -1272.9094760719815  258.17663155531631    0
1444    -1266.1448211139395  301.05772650733957    0
1445    -1295.0287997984051  350.76716200310244    0
1446    -1328.8959846267619  239.37874204652491    0
1447    -1160.6423527112297  46.375060888231452    0
1448    -1199.941309809283  8.8473419778336293    0
1449    -1323.6015146979419  -5.7869781754441618    0
1450    -988.82424073261666  -71.232552046861159    0
1451    -876.15537033302883  465.42768110202053    0
1452    -971.78921691139362  517.70962910523417    0
1453    -1110.5383510387483  517.91799455233684    0
1454    -1217.1638672432973  413.20352478579258    0
1455    -1177.5222842471117  436.13392677031777    0
1456    -1273.0854864398293  433.29316578852115    0
1457    -1400.8837364451467  347.90846992025206    0
1458    -1414.1287083148859  171.79109083511889    0
1459    -1175.6347168495292  -87.341269150640159    0
1460    -1300.5088044438062  43.552366911944738    0
1461    -1036.13281299045  -45.114719520291622    0
1462    -922.06406631975392  -140.9570858962463    0
1463    -919.454567634623  431.21951448590244    0
1464    -1012.681588079842  492.1864266682224    0
1465    -1031.2675611060401  567.48397028432362    0
1466    -1287.2098129608696  541.82423863199051    0
1467    -1374.8573745923566  287.03215544171394    0
1468    -1361.9807377548173  193.56489566138094    0
1469    -1174.0937364074725  -35.786458115802354    0
1470    -1255.3156367060662  -53.021209524114447    0
1471    -1132.5064404320385  -62.829943729091653    0
1472    -1211.294500090477  -60.474957713931836    0
1473    -1244.664636510023  -123.83662578692622    0
1474    -1110.6187605195989  -151.54014288551718    0
1475    -1083.3684244130179  -97.761302766401897    0
1476    -1134.0730353307495  -110.27177286347762    0
1477    -1184.9223212928141  -153.30576615791082    0
1478    -1399.5202073430703  59.819699145878062    0
1479    -1252.3550659340813  20.027559518430387    0
1480    -917.65874229723056  -90.132556374856634    0
1481    -870.05880221543146  -119.86156742815412    0
1482    -965.88652330779121  -116.09322827479161    0
1483    -985.47978370400426  -201.67666506524643    0
1484    -962.86565807341299  -161.81935238044679    0
1485    -932.12516652191198  -205.60482728032275    0
1486    -962.07032834700351  -248.02665713149682    0
1487    -1013.1753710944469  -244.75112333214798    0
1488    -1052.9168151443728  -188.75761832491847    0
1489    -1003.5058529760379  -295.13664624037995    0
1490    -875.25096209550998  387.13915708103627    0
1491    -927.24330071211955  485.58534724804002    0
1492    -1070.1860039774581  541.55436201854616    0
1493    -1096.6928248891629  623.51082907154421    0
1494    -1115.2594600172804  572.24117767376049    0
1495    -1264.8419584781964  489.55059793917491    0
1496    -1409.736822428813  234.60633052777902    0
1497    -1365.143254281393  127.80533283925143    0
1498    -1352.3086209119074  37.722861740316375    0
1499    -1415.0860110724575  -34.921838208741534    0
1500    -1373.4525324733659  -7.4527256007667937    0
1501    -1345.5741129243104  -94.991954182883703    0
1502    -1347.1680250121951  -47.290760942127648    0
1503    -1302.4595172907138  -69.674074497628297    0
1504    -1299.3738956570119  -124.29819944058524    0
1505    -880.31017807899309  -169.23976542586286    0
1506    -1063.4007258357333  -141.67260177387203    0
1507    -1031.7961398747341  -325.7378435205394    0
1508    -901.17320637935165  345.10942571953012    0
1509    -833.36079140576578  380.22194764065296    0
1510    -834.17586970725461  433.16222975753573    0
1511    -789.84964675943445  442.97874276930577    0
1512    -822.59438867846359  494.21759047397313    0
1513    -971.00370207586036  471.85140273465032    0
1514    -1196.8630908070866  630.78952554392288    0
1515    -1216.39804059173  508.73138576017612    0
1516    -1200.1824383066637  568.72845692549652    0
1517    -1368.6926301265721  476.03538282740192    0
1518    -1369.8410113797763  245.87897411962535    0
1519    -1442.4038370162318  294.1557784580898    0
1520    -1352.2583646723529  -156.59902497880833    0
1521    -892.56876908909351  580.61510887620034    0
1522    -1147.8044425016642  613.02357632967119    0
1523    -1140.8396397260444  708.87400074937909    0
1524    -1157.8394325967181  661.93100605487746    0
1525    -1232.5565157595565  715.53844649009136    0
1526    -1202.7580112165138  678.19768306496246    0
1527    -1283.8521359786307  644.04353662902804    0
1528    -1238.4884546735286  649.68423866756484    0
1529    -1254.4233687877129  592.60372230284906    0
1530    -1157.3059379183624  560.45157146067845    0
1531    -1241.3425046822399  547.66306386512247    0
1532    -1314.8612990525251  468.14735690875568    0
1533    -1523.2868567325963  210.98431278368668    0
1534    -1425.7051699609651  -117.4640344293036    0
1535    -923.30769168228426  537.99023477070818    0
1536    -867.00534659390041  529.7839278319093    0
1537    -964.37520012042137  600.00218544023846    0
1538    -767.73016761364022  591.86154047101434    0
1539    -1335.0843676315822  517.76457204884514    0
1540    -1343.8408157400249  594.84923645120728    0
1541    -1414.9966067102191  547.7266024726033    0
1542    -1379.9934610437549  519.53542671152741    0
1543    -1440.1292616923324  480.69487247279113    0
1544    -1351.8008417637948  403.68405777534258    0
1545    -1463.1805234869555  206.78182692298284    0
1546    -1403.9240802792565  -165.07459641534462    0
1547    -1495.7200725313937  -178.28229599416821    0
1548    -1443.6721917591462  -214.42129933849262    0
1549    -1451.7651655903276  -158.1736114901874    0
1550    -1507.9136527303203  -93.534623866531405    0
1551    -1381.13235433201  -122.30010140885436    0
1552    -1389.1063393521597  -75.112623176565506    0
1553    -829.62584950747521  580.42600601710342    0
1554    -781.39195312105608  535.30228982634526    0
1555    -1299.3354776440499  585.62757630108263    0
1556    -1451.8428159821212  250.24305298565534    0
1557    -1518.8934644373003  287.62630656248285    0
1558    -1500.61603379395  103.29660881036777    0
1559    -1495.8335692359196  -233.99528762161989    0
1560    -1410.3915156123892  -252.81495451099926    0
1561    -1450.6611794859482  -285.45537203642249    0
1562    -818.95005646756522  695.86774230259266    0
1563    -724.88787257383194  523.00071129378387    0
1564    -824.52084866989264  537.54179027328257    0
1565    -1466.9436584875709  149.62942266035731    0
1566    -1505.5164868416184  -283.30244138542668    0
1567    -860.91400336515255  641.53396921127671    0
1568    -652.86453962568953  601.47022835887503    0
1569    -1522.8380540406745  154.84857072148131    0
1570    -1443.382443284698  97.104200732750058    0
1571    -806.89662865903915  630.62766660926286    0
1572    -677.80997255868101  552.07831514230179    0
1573    -1622.5756400975829  182.12083838939162    0
1574    -1480.6692580307827  20.067387202039356    0
1575    -1400.5655166212377  103.0324344494546    0
1576    -1360.1793934879911  82.39035783789204    0
1577    -718.59175076507017  680.67593426283429    0
1578    -589.01293207943536  531.62806173122533    0
1579    -710.54326625219039  599.60561034785803    0
1580    -1568.8607512284013  182.55028647068818    0
1581    -1580.9953080277437  252.7392862732155    0
1582    -1594.9883135233022  91.042715335039134    0
1583    -1567.5266567347967  132.685569008843    0
1584    -1445.2491847164797  50.465670531092961    0
1585    -1416.5499470308648  12.582357099018992    0
1586    -755.68608818555401  643.19852637319707    0
1587    -768.1160660379295  692.59774799045692    0
1588    -722.21982149031646  774.42979001062156    0
1589    -789.41005190460362  758.32735747260847    0
1590    -733.62750714607409  727.04121023098435    0
1591    -643.91678528603018  730.51282045037328    0
1592    -689.26173313958941  741.42854980110621    0
1593    -647.23868235697182  816.35476852236081    0
1594    -636.66990285695385  527.70467113005736    0
1595    -624.64487448658599  476.25135026281214    0
1596    -561.04407664957239  468.470280659678    0
1597    -734.91027175662384  564.5229449205666    0
1598    -683.0852102161723  643.26626604954845    0
1599    -611.20838159978962  663.41332204913806    0
1600    -671.02537610883837  690.2675339439777    0
1601    -328.51304560349695  502.40049933895489    0
1602    -264.12090067998423  555.97762809113738    0
1603    -310.50014263982973  548.25610977603321    0
1604    -307.21162113852438  648.99126254868179    0
1605    -413.66811447400448  685.9633076017476    0
1606    -354.13277092097314  606.84711476314772    0
1607    -355.22585221968757  682.49040687431523    0
1608    -394.92622350437682  575.70117750748227    0
1609    -404.6822599368079  630.76678642250988    0
1610    -378.29048841374629  787.82886595815967    0
1611    -504.60876768558563  642.82870062946381    0
1612    -381.61362033958801  731.90692555207124    0
1613    -452.90143248354354  651.2465244833046    0
1614    -493.30933381271603  736.43846663187367    0
1615    -471.82928935759492  604.49511903034977    0
1616    -485.42363322175169  687.99975244163886    0
1617    -538.34254909558251  580.80072160178293    0
1618    -553.41482398105688  701.79220112910753    0
1619    -332.50507434574934  757.04838389661154    0
1620    -437.36106987145678  736.64758359023756    0
1621    -273.98870870938174  760.67943605633525    0
1622    -465.68081902257774  829.01128492149894    0
1623    -308.42487900440102  842.30997330102059    0
1624    -465.49219455831604  778.54569191145401    0
1625    -424.09991370517184  803.93355221198556    0
1626    -548.99330509325569  803.46674012011704    0
1627    -378.57315572696695  860.22911870994039    0
1628    -511.01239301397112  778.37555177171419    0
1629    -555.18496975885705  752.80258817993115    0
1630    -601.49242456972058  784.17223856226565    0
1631    -595.5836351559791  725.86477986283001    0
1632    -334.43256591530741  803.62400627212139    0
1633    -199.37180699573102  838.74159881912567    0
1634    -593.65491704943315  843.91751992770673    0
1635    -225.67147181481084  789.18760240831716    0
1636    -525.22735074622585  874.58745594519564    0
1637    -669.30795430774469  925.12537815460973    0
1638    -131.03731156531558  766.94832219723094    0
1639    -254.04633847681606  836.00289714668463    0
1640    -552.71277153675328  844.24086674128444    0
1641    -510.79231915837198  827.50819195972747    0
1642    -573.55232274117952  890.73590249736856    0
1643    -520.76309582059332  968.32852333204949    0
1644    -629.01059067791959  886.82328205309227    0
1645    -536.21514081179851  922.08756516605933    0
1646    -446.97543866241239  917.70970490555044    0
1647    -601.71002555113478  969.67580611570361    0
1648    -490.96875570759812  932.67010485270339    0
1649    -442.45143515045061  1003.1779197220335    0
1650    -174.64291039475887  793.8613203759254    0
1651    -105.13078960126143  857.70551869140365    0
1652    -149.93780402409251  836.72667121173504    0
1653    -171.08289471284314  925.36698510347162    0
1654    -173.0109285916952  878.06482290816462    0
1655    -129.444816859951  899.97944465052456    0
1656    -238.11898941311392  904.40899874941726    0
1657    -42.347794461055244  921.94454457733514    0
1658    -105.25875013283296  986.48604036333654    0
1659    -82.798657877841123  898.67905944817221    0
1660    -129.55145321282018  946.64360411093924    0
1661    -21.329939201180423  838.60358020905346    0
1662    -82.787648641310952  945.45789236586506    0
1663    -188.03474995868024  1009.629083257294    0
1664    -21.291611275237983  1005.8070302870893    0
1665    -285.31554077023657  803.97995347637971    0
1666    -688.47299913065717  864.61263716231997    0
1667    -624.97555745661123  931.41784515722304    0
1668    -653.79514495123533  975.14681727748666    0
1669    -618.05399172952343  1064.7438598583419    0
1670    -750.22576195977786  977.63602924219401    0
1671    -623.28906560155986  1014.904910598275    0
1672    -702.36149679010305  962.79220960032774    0
1673    -560.43551346787763  1017.1303777849267    0
1674    -702.05478741221657  1048.372867445755    0
1675    -746.04004406499428  906.54131473362145    0
1676    -715.31049917584392  1005.6294955795585    0
1677    -778.47935738886781  1048.646762656459    0
1678    -668.47128452083791  1017.9902930802654    0
1679    -696.33529026509086  816.14921240178853    0
1680    -744.06998538010566  848.7627484595215    0
1681    -499.55864189449221  1026.0925743861148    0
1682    -704.56601463554102  903.00073044857515    0
1683    -847.48047356117763  874.15966102127061    0
1684    -541.37103170727721  1098.8705197485688    0
1685    -792.19360725423928  876.04476094935728    0
1686    -534.80132552487089  1054.2449466509861    0
1687    -481.4517128275595  1084.8953695414884    0
1688    -800.63810032272841  938.99741625293268    0
1689    -817.8404904968861  816.546700823685    0
1690    -486.63728622470887  1198.1033672916917    0
1691    -805.04351354410971  996.95136814671594    0
1692    -500.00975824924541  1140.7680683091908    0
1693    -898.93103391575914  960.67002135779137    0
1694    -391.68385402380079  1145.7300139167185    0
1695    -594.96319045015343  1193.141421684164    0
1696    -846.51677092106547  964.65433096292372    0
1697    -879.33006475617265  1049.5673528341238    0
1698    -869.45400529666836  919.64612954492759    0
1699    -875.72660641258221  1002.1632522421223    0
1700    -956.91656267687665  887.90343543162032    0
1701    -956.12644040607347  1019.8906085122243    0
1702    -917.66182569900877  916.10926755037269    0
1703    -959.13184589293257  959.75794531426061    0
1704    -905.17700764379799  857.31504682508807    0
1705    -446.5465689356937  1158.5257982479964    0
1706    -554.87247316113826  1153.5638526404687    0
1707    -828.97032364687675  1041.9191964182967    0
1708    -815.65095954862306  1134.7895339514921    0
1709    -847.13806040662314  1091.9150869343659    0
1710    -800.13348003516398  1090.3941320591941    0
1711    -907.3990769194321  1169.1702540308524    0
1712    -740.10030246723829  1095.0433794935821    0
1713    -909.16858489567187  1105.6598376935299    0
1714    -866.37358990795656  1139.0410340140227    0
1715    -833.47553796346028  1226.8325149401771    0
1716    -862.30543573386399  1187.5762515566182    0
1717    -917.48101234346677  1258.3118387950749    0
1718    -899.86877323692102  1215.1628603366546    0
1719    -985.16612824341519  1205.5157082550418    0
1720    -1064.2277664178862  995.15203175103704    0
1721    -985.271559850926  780.88928325973779    0
1722    -429.97179691360992  1105.5796261055932    0
1723    -396.43181578741155  1249.3843648412242    0
1724    -541.33823649024362  1207.367613195408    0
1725    -616.91234848599072  1130.8136349799997    0
1726    -927.47111288873873  1059.9411923623124    0
1727    -999.36639482613475  1115.2458481070328    0
1728    -979.39968219463412  1066.8185360502025    0
1729    -954.81682927355064  1105.2839342728209    0
1730    -1051.0599774451046  1065.602622205836    0
1731    -1013.2185279938518  1020.8115766180553    0
1732    -966.78145697729212  1156.3717876062053    0
1733    -1019.4920275068496  1164.663637754413    0
1734    -1054.9686035884858  1121.408606186694    0
1735    -1074.7485291589303  1245.9400230363758    0
1736    -1035.658203701299  1213.0944277607859    0
1737    -998.03094947386001  1291.793055223787    0
1738    -1098.1683634056051  1178.3835588912107    0
1739    -1030.466815944867  1258.9567834596912    0
1740    -1075.6827978955371  1330.9476649395458    0
1741    -956.00229513066074  830.39757061190369    0
1742    -439.4537719971816  1054.7738926338006    0
1743    -349.48717719680138  1023.661876361728    0
1744    -398.85807440488929  1026.5302653280064    0
1745    -389.95527528937652  957.54535332531248    0
1746    -370.7954930038178  1083.2234999140269    0
1747    -434.30260264792361  1211.0225592472245    0
1748    -497.56480906439771  1299.705184909855    0
1749    -676.97627245425133  1107.6592101981014    0
1750    -1016.3665558994396  963.53858813342413    0
1751    -1151.9429051186901  1086.5766983026917    0
1752    -1058.4014632929445  857.52975887802222    0
1753    -893.29280017571409  759.91763317446737    0
1754    -262.52745401587487  1088.3642917014424    0
1755    -382.81912861189721  1198.0719863679935    0
1756    -308.65426631510587  1158.5896405363435    0
1757    -310.37670359737251  1244.7521220309159    0
1758    -352.31003341066702  1165.9832554466036    0
1759    -337.76412209173748  1119.2898776429265    0
1760    -323.8605023298328  1201.3841161822718    0
1761    -318.38395441767523  1068.3814927202961    0
1762    -251.99677522241021  1202.8207131867377    0
1763    -506.42953447630123  1247.3632124585802    0
1764    -452.2684439594679  1265.1120568259389    0
1765    -592.74078228377687  1288.9026907836524    0
1766    -555.79913410750248  1255.221475105076    0
1767    -990.31299925054384  922.83522292530381    0
1768    -1047.8620254910122  914.68894467808752    0
1769    -1007.6834100103154  872.79811279531884    0
1770    -1019.7946731702239  821.15783159222622    0
1771    -1094.6085816300731  780.4224539616622    0
1772    -1063.8743462349676  813.04514580192927    0
1773    -1129.0299273885412  843.64011783098397    0
1774    -1039.8502675062857  759.62287386175501    0
1775    -1098.5435535176123  1090.3167649912243    0
1776    -1128.4672699119494  1134.4784448707467    0
1777    -1121.0400541292711  1028.4352803966081    0
1778    -1191.1494718711035  1210.1426046663205    0
1779    -1149.1377653582615  1181.1503381341965    0
1780    -1121.240037904668  1224.2195432594401    0
1781    -1211.5315879057589  1135.672573978592    0
1782    -1122.6818459030969  1287.9221712389349    0
1783    -1170.1414169989182  1125.19873497295    0
1784    -1201.9228653787752  1086.6249317776947    0
1785    -1176.9817324160413  1035.984941297844    0
1786    -1293.6751656677411  1094.1151385615394    0
1787    -1246.7427024396407  1103.3094850465257    0
1788    -1286.507973960262  1181.9106220175563    0
1789    -1255.6302017905743  1024.2952972866531    0
1790    -1277.7101335555071  1137.0021206948015    0
1791    -1361.7194378563247  1143.8602273471508    0
1792    -911.15592888948549  807.16176406412183    0
1793    -863.13691814075048  798.31876371885267    0
1794    -841.48684849871779  750.27619454922149    0
1795    -876.95252959818299  703.71401698234627    0
1796    -270.06855703044647  1001.6011379447898    0
1797    -413.59255350102427  1362.7065804535464    0
1798    -1084.9192301948474  723.45134234458965    0
1799    -981.17708546188157  689.71174438136688    0
1800    -1163.8347496778545  1255.1231099915292    0
1801    -1201.4019852230194  1344.4753863042665    0
1802    -1170.0173830926051  1305.0972010037908    0
1803    -1129.6028519335612  1342.6648901017302    0
1804    -1250.4689153593222  1273.1728764784448    0
1805    -1209.649349779203  1252.1605625773511    0
1806    -1215.0962101078935  1301.365091841378    0
1807    -1279.1459535003451  1345.4410197710206    0
1808    -1251.577661206622  1220.8637560353982    0
1809    -1321.5973139293662  1248.5142056391157    0
1810    -1239.2350752815325  1174.6577926033626    0
1811    -1079.918629423237  1288.3921564701377    0
1812    -1039.6300667069304  1305.8705334770934    0
1813    -993.87502265059697  1372.5755534057607    0
1814    -1034.6431141089452  1351.4947404343402    0
1815    -1051.6295342900153  1434.3057265288812    0
1816    -1077.5069839804232  1385.850027989876    0
1817    -1161.7755486466701  937.62622771445058    0
1818    -1218.7903832397242  1046.8553867744306    0
1819    -1210.6729291577044  992.24077762485069    0
1820    -868.51249400018958  838.96497830000442    0
1821    -278.90220702715084  1046.0782211278386    0
1822    -231.66736316707272  1032.3438206604094    0
1823    -169.58409338009594  1098.3350384051946    0
1824    -191.31925800923614  1056.5840811102209    0
1825    -135.79372004592184  1036.8757247240087    0
1826    -446.6938533574658  1319.3636205423188    0
1827    -1102.1000273953605  674.81158694721682    0
1828    -1038.3527241528634  655.59533631572231    0
1829    -931.9516837542775  718.20106341330722    0
1830    -998.67032605899885  734.60688613413959    0
1831    -1150.4668453455283  1455.9514568414609    0
1832    -1154.8350646869949  989.05401048587134    0
1833    -1107.1308191525384  956.43381883603729    0
1834    -1289.9753860694188  928.57119527884356    0
1835    -73.418228533381594  1040.2272324782555    0
1836    -387.75044086369627  1308.6594725228422    0
1837    -506.97831448532816  1399.7145736068185    0
1838    -940.53171892930629  764.92315317715509    0
1839    -927.29085314485542  653.37599711183827    0
1840    -1104.1007982161075  1431.1899718539141    0
1841    -1083.3885397597383  1525.764925073425    0
1842    -1152.1095478066184  1397.0843754421956    0
1843    -1107.0821860086487  1481.39841316199    0
1844    -1254.7771385351703  1554.20161599631    23
1845    -1168.1169248085473  1535.7500301982184    0
1846    -1118.2933750999337  900.07832303749501    0
1847    -1065.1681684386906  953.06486572586755    0
1848    -1259.3032171777929  971.58968607674069    0
1849    -1350.899218451882  1004.4537347016858    0
1850    -1224.5525176528774  914.36858122632907    0
1851    -1309.7358995459276  975.1043027201016    0
1852    -1382.3460053799704  916.80780986743207    0
1853    -1337.8196376306123  935.71615144083512    0
1854    -1326.5635480718579  847.32901396351099    0
1855    -1319.7267180573679  893.10998275859447    0
1856    -1262.634005367303  861.1828985480746    0
1857    13.662603203197406  1115.4232437988646    0
1858    -352.00029653467897  1273.1502542449205    0
1859    -280.846445741232  1332.7383358648249    0
1860    -335.40451835843436  1325.6095945660968    0
1861    -488.16764865018854  1351.0374272454337    0
1862    -559.22014749963125  1351.5532350277874    0
1863    -1238.8519302168208  1428.9614067538103    0
1864    -1172.5783979442028  881.16492402298786    0
1865    -19.27322818751378  1065.5445862753775    0
1866    -355.0710951380122  1230.5462488122696    0
1867    -303.17459390044587  1291.2835573783698    0
1868    -255.15607062140202  1260.0281900966445    0
1869    -320.76277379224535  1425.8903772264159    0
1870    -1190.1231905182799  1427.6016175689908    0
1871    -1202.1717978047382  1486.3664402901611    0
1872    -1215.5912867394261  1388.7289141013619    0
1873    -1262.0837040160429  1388.6894424563538    0
1874    -1300.6420108372772  1437.7695185775394    0
1875    -1403.6697368210703  1421.1683927278705    24
1876    -1316.8874994405498  1385.3205986500172    0
1877    -1217.077247700478  868.79000531959537    0
1878    -1227.7450955578533  792.45999194547335    0
1879    -1181.4426379448532  826.84580860958499    0
1880    85.615787451057983  1032.0977718707843    0
1881    -81.262989917920819  1142.2910197849769    0
1882    -313.94145937523808  1373.6851208266285    0
1883    -224.80659866331234  1411.880057716392    0
1884    -366.53942043371626  1393.3607704419114    0
1885    -274.76050401641726  1405.352912400574    0
1886    -261.3543793646985  1497.1709786452634    0
1887    -281.00616626995355  1453.1525561934761    0
1888    -349.21279262039889  1509.9989643345859    0
1889    -323.12629478939755  1471.9568600276873    0
1890    -387.13888477271166  1456.0268591456197    0
1891    -1214.3765956678303  1531.2167541047781    0
1892    -1215.8896865229308  1585.5972118177451    23
1893    -1293.6645905474097  1522.8060201748749    23
1894    -1250.8586133715521  1497.2034018662307    0
1895    -1368.1108896903597  1456.2894085406551    24
1896    -1357.4960557403222  1409.9806700089871    0
1897    -1397.8805922279289  1344.1839261337125    0
1898    -1171.0295011789187  764.45657327428216    0
1899    37.888146426037601  1063.6132459337393    0
1900    -107.31423096514584  1088.95531283425    0
1901    -38.070421080126984  1113.7701406112865    0
1902    -14.804192167447727  1195.9712346046774    0
1903    -39.501930602848653  1158.5685037487181    0
1904    -85.986469059716782  1216.1186933335653    0
1905    -371.75873536952997  1349.9326704674368    0
1906    -1266.0422298829142  1459.3547129908429    0
1907    -1338.3271360192496  1327.2315303911319    0
1908    -1212.0238351865228  752.86538250910462    0
1909    -1261.889258095573  755.9844501478359    0
1910    -1181.3969266879153  722.83532247272854    0
1911    -1281.3802550262649  808.44832498915218    0
1912    -1291.4795838218026  703.66506872044954    0
1913    -1128.4624942992625  751.58683769243112    0
1914    -1137.9547409355584  797.02161393396659    0
1915    35.012657507018552  1007.360983601591    0
1916    117.62020839164181  1132.4634499868848    0
1917    -65.670822551790863  1081.769777869335    0
1918    -171.11505719758901  1235.9783985626102    0
1919    -1359.5034469576715  1365.920836476995    0
1920    -1385.0533995341771  1276.1643203477222    0
1921    -1296.5448629639493  1296.7130802445774    0
1922    -1351.7419237834317  665.65698170493272    0
1923    -1330.5916776151382  760.31314136743629    0
1924    8.317370334066613  953.79817574761057    0
1925    68.044516053703717  1109.2826330206026    0
1926    -217.30669266108259  1233.4274554119177    0
1927    -190.53383361492024  1168.1202781604657    0
1928    -197.88791624375131  1301.2855758140618    0
1929    -1324.8315358284287  803.64766466568858    0
1930    -1403.1325240383956  822.41795941099053    0
1931    -1370.0759988258126  787.61159234677496    0
1932    -1448.3063483296128  746.41467586173815    0
1933    -1385.6241046299697  722.91873014755856    0
1934    -1415.001005421301  778.04563882696584    0
1935    -1487.7266482927719  821.27134249558003    0
1936    12.21220345517883  891.38335332038594    0
1937    98.066029225411242  942.50190739444974    0
1938    112.50013039582105  1078.8105367462908    0
1939    62.120577780972894  1186.5548498216053    0
1940    77.164035094549661  985.26034125349622    0
1941    152.87039652895129  995.78049761588989    0
1942    50.289029052472614  925.088372280709    0
1943    105.0469230862779  849.09969860022818    0
1944    88.384346462321005  894.81631622235659    0
1945    51.985851990120146  855.65510768291051    0
1946    177.7585861393907  901.49615912046033    0
1947    66.895455651738772  758.31476185499889    0
1948    132.1294355060592  910.76031943225917    0
1949    73.16816279753742  809.08757490611197    0
1950    163.47639162061662  948.15312610739818    0
1951    15.485086243825926  790.44012173886529    0
1952    160.03800025086446  772.58138904022303    0
1953    253.3274202581037  950.14303351806143    0
1954    121.75139890394064  803.08537817961064    0
1955    207.65252469458895  982.98516958058633    0
1956    178.99249273262851  835.65122841921323    0
1957    44.693019975092341  1146.3556142841267    0
1958    131.56003020172861  1036.748414389494    0
1959    192.67017777146469  1042.5097195942803    0
1960    158.83174304108417  1074.4556670022953    0
1961    232.3823123470261  1118.46890318792    0
1962    19.012234806790609  831.28819498249709    0
1963    -56.90469824201837  773.25906022614026    0
1964    5.8058829078161107  717.75163380649224    0
1965    208.76444199397335  936.34952190215427    0
1966    248.38374958999228  869.88561848704421    0
1967    277.73769564340529  1032.2734335233711    0
1968    -24.542079612318943  797.99629185698097    0
1969    -68.449220978770981  821.90014752371439    0
1970    -17.234936860477156  754.89878010930067    0
1971    -59.422246519570443  715.78360452828554    0
1972    27.143889406251084  751.89894921334337    0
1973    54.086351468148877  711.32260376822728    0
1974    120.67079557292432  718.41487124100865    0
1975    233.24035384331125  1021.0734393721767    0
1976    244.6151377680425  1069.8751612794442    0
1977    327.83390696379195  1109.7914551134677    0
1978    279.22577417292922  1104.4245228255804    0
1979    294.01575017825144  1193.2767990568875    0
1980    267.95009210440719  1151.9585021138926    0
1981    207.73697899142869  1218.8248717109348    0
1982    218.94436353403353  1168.3729974116754    0
1983    249.57248147891994  1201.6474726068673    0
1984    259.10552017935163  1284.3989770595595    0
1985    279.82239914154337  1240.0875172114918    0
1986    157.38421439021349  1181.1687614800803    0
1987    369.90156444348816  1241.8430540535508    0
1988    179.03830672516682  1130.8659727449106    0
1989    323.9508376375843  1287.7174260488453    0
1990    325.10955793941724  1228.2617911075076    0
1991    355.77105893764616  1169.7003917029149    0
1992    -91.91910499774059  745.99990151112661    0
1993    -132.65085828547984  716.93718881601649    0
1994    -174.11464058525434  743.30656215992587    0
1995    -34.894840204687668  679.01758952616444    0
1996    115.80670130726365  1289.2583775973208    0
1997    109.51513229866002  1179.6653258039241    0
1998    131.7867598567569  1233.3638663863023    0
1999    -96.352934195406618  696.27673245521692    0
2000    -117.21416562542946  659.54062322759648    0
2001    179.55490872195054  1277.252203360704    0
2002    72.335626571372359  1246.5985601088221    0
2003    18.447075942689096  1344.9906921507072    0
2004    27.582477422727823  1223.3214912091864    0
2005    24.320148746449568  1284.2541041415298    0
2006    -20.489014081881468  1251.3013851655394    0
2007    68.291050865887101  1319.1582275448984    0
2008    -28.954443078051106  1309.7548368624305    0
2009    145.05306167952196  1388.440442832012    0
2010    -67.717134605077874  1411.4025812437078    0
2011    -74.51314372484633  1273.3171478066538    0
2012    116.44264239692623  1342.9739042374538    0
2013    176.14416159391988  1337.1409468014224    0
2014    68.695573076293826  1404.7543887708166    0
2015    77.108735295536647  1361.9155921954023    0
2016    -34.000825147139018  1366.0452521536604    0
2017    -122.23085578293356  1253.1388165889841    0
2018    -126.55127259824246  1329.8663187920567    0
2019    216.76196833787162  1309.4126922023804    0
2020    282.27616076316644  1371.9692708825019    0
2021    225.50770070219363  1365.8375791464568    0
2022    258.34116178135724  1331.4517841986858    0
2023    305.40606085644731  1330.9773505331666    0
2024    391.3663613978789  1342.2221616430636    0
2025    342.8249255865062  1379.1126779860058    0
2026    10.989799063655955  1402.2666405677264    0
2027    -77.055259249939994  1323.1958783597941    0
2028    -95.972544021834409  1369.7962310712992    0
2029    -146.19299795829227  1434.2990712372341    0
2030    -150.02334563841535  1379.5151736341566    0
2031    243.02213281242669  1469.5382441916022    0
2032    432.49235211411496  1446.7179945567182    0
2033    35.432594792048796  1505.8069329092664    0
2034    -181.55172426972857  1409.2454086699447    0
2035    -199.43896865475449  1471.9680920962367    0
2036    -206.39363173639126  1357.7885286164098    0
2037    248.88939541700333  1415.217923279647    0
2038    397.19273883934886  1400.2699075737569    0
2039    37.813058884167113  1450.5897196984008    0
2040    -236.58426012372055  1324.352075517605    0
2041    -250.51829980972298  1367.2816478911443    0
2042    -169.76564984838774  1334.4106664483068    0
2043    -152.46139914948282  1291.2197960566327    0
2044    306.67796770487763  1425.3179486267825    0
2045    188.12524641274791  1436.1316767148335    0
2046    497.18219023075699  1360.9174747064817    0
2047    -31.391086349403402  1475.2661848810305    0
2048    365.3128613800161  1461.1355162577236    0
2049    116.65192793709309  1481.648453364088    0
2050    452.7371764334668  1394.6947925885188    0
2051    -4.1523239567929497  1442.2778475691932    0
2052    349.31099622934278  1421.4285543951401    0
2053    71.875139975045016  1479.7180854641904    0
2054    95.967982025052265  1441.1469148253429    0
2055    91.465754082079627  1545.5805339142134    0
2056    142.28529943073445  1443.0252442909289    0
2057    172.96940336181103  1491.207362926121    0
2058    446.30131212022008  1340.0967539871997    0
2059    534.83754990971613  1456.5948822239288    0
2060    416.63529325600757  1284.3341807124955    0
2061    485.05784789305346  1437.2231157068841    0
2062    526.38367756062598  1404.6734021606774    0
2063    475.60690088624784  1535.1546780935228    0
2064    589.35012248158569  1331.0292571070459    0
2065    466.52148857122017  1484.8560686801072    0
2066    615.18977717536791  1416.8629351649763    0
2067    547.48116886615787  1358.9714306513195    0
2068    404.42185490784846  1522.042945438448    0
2069    568.91599890155101  1424.3972468633408    0
2070    518.8818802868318  1270.7782393567352    0
2071    590.16517892373179  1377.5901564559574    0
2072    604.32614719380445  1496.0092491361684    0
2073    545.61904793718304  1310.8415948572194    0
2074    672.29728066037183  1352.8648365562669    0
2075    603.27174128052081  1243.4122947492185    0
2076    583.95467171944915  1285.2574672362855    0
2077    650.06419492069949  1290.3944621893936    0
2078    370.75816522366654  1298.767273579226    0
2079    487.90701781683526  1311.0030562168561    0
2080    465.67565103744101  1261.8455290708498    0
2081    508.11399676433962  1171.9919175657976    0
2082    499.56650950078432  1222.9036288265529    0
2083    429.43375430390438  1196.0860279272456    0
2084    556.72528295736686  1206.3265578150044    0
2085    426.29446727354815  1240.6828876983807    0
2086    593.28548524893188  1102.9848374909177    0
2087    560.43152594247465  1149.499762558675    0
2088    494.40037535571673  1068.0012934780843    0
2089    639.21773550731325  1170.2872511649664    0
2090    538.90934484620993  1099.438426189422    0
2091    601.92306003515  1197.3518375755434    0
2092    646.17763312774514  1219.1060075687928    0
2093    729.23987196669839  1182.3586508877881    0
2094    682.52642383845671  1189.0184030080702    0
2095    694.07724459519159  1102.8784700875467    0
2096    715.84636885390466  1255.573471116139    0
2097    603.70107562422584  1145.2014771515612    0
2098    643.69192886970643  1112.9418527318489    0
2099    636.13974827549339  1018.6066260161296    0
2100    676.15663704940039  1144.3198423432418    0
2101    660.14538004480676  1064.1547261141482    0
2102    745.75782780480517  1023.3647629144962    0
2103    708.70404481882804  1055.8333162192396    0
2104    691.89143906235734  999.26887611225857    0
2105    784.78872433805793  1105.2851749071092    0
2106    739.77239215758368  1091.2891552650474    0
2107    749.75093751545649  1138.5870205741617    0
2108    817.09043016485111  1196.8332966350117    0
2109    775.20645087561434  1177.2067705383377    0
2110    815.38832836378754  1145.9611594895796    0
2111    772.73008330177379  1236.9959683952345    0
2112    872.19582587801494  1071.3785106634762    0
2113    833.27399263546522  1100.6585071381226    0
2114    906.42164450959262  1168.3798711217144    0
2115    803.60095309854717  1046.0637863798827    0
2116    857.74336765922862  1170.0085698033288    0
2117    880.53606771099692  1122.974526099888    0
2118    884.9697395436632  1255.4873766169908    0
2119    967.83144855598448  1082.3915704043345    0
2120    859.3018287300265  1216.5875965571406    0
2121    933.55091178202463  1122.8321288493107    0
2122    825.45657629882885  1266.8386310098349    0
2123    920.04278711317909  1076.6319075683439    0
2124    1022.3811341004817  1163.3817844786195    0
2125    905.43212997221042  989.18574621513972    0
2126    964.6747702708152  1172.2234784021282    0
2127    900.40528574490918  1034.9693078295368    0
2128    850.25283452308247  1025.2445214042209    0
2129    962.30897156549611  1018.5983304230774    0
2130    798.92972440830727  972.9179992432064    0
2131    489.98201940279324  1121.483502713038    0
2132    461.48101491520833  1160.2238563915967    0
2133    410.89890998866542  1088.0265524516187    0
2134    455.94329796466928  1091.7478299120401    0
2135    439.07739905310535  1021.4202862977775    0
2136    407.49392113061481  1144.2299187790613    0
2137    570.20753170664818  1038.1923536105712    0
2138    629.73509772490468  910.10538331758221    0
2139    765.03552155121724  1059.2894074927192    0
2140    875.33580053001947  1366.6634245641226    0
2141    765.50746434206656  1311.2573432754987    0
2142    987.43740253502199  1128.0519369351941    0
2143    1058.5776592435614  1070.4658058889675    0
2144    1035.8455885445401  1115.1186400862473    0
2145    1126.3687807089946  1133.0899133223552    0
2146    1075.5295510589026  1152.1994032239002    0
2147    1009.2018363857146  1270.1000952632498    0
2148    932.20799116539263  1220.9254824555778    0
2149    784.14868850874495  1010.5839945585304    0
2150    751.29901874303403  975.95978644038632    0
2151    769.72212200196884  890.00279140879604    0
2152    772.63273216330174  935.57942347212111    0
2153    701.05114285302227  923.58719368409538    0
2154    851.97222266928088  907.63139856397629    0
2155    373.30854378400113  1113.9540277071646    0
2156    356.31671482640655  1049.105296440621    0
2157    648.23890739959324  963.45278311799598    0
2158    864.47406884467409  1309.7167657596954    0
2159    752.86476323118654  1272.5458000371377    0
2160    714.96975855894573  1306.342074839413    0
2161    734.56385137239897  1367.1463403648543    0
2162    1087.5793912988408  1107.0754701888709    0
2163    1153.0905171686857  1051.3198050208107    0
2164    1106.1708663869467  1062.5552867519289    0
2165    1068.351094631759  982.1409194221726    0
2166    1117.8974917095156  1007.9394109659768    0
2167    1075.920472727317  1027.6816700869097    0
2168    1018.617380965401  1029.3605843413313    0
2169    1000.7414404050164  1214.8823176712076    0
2170    1134.8250198131113  1232.7685876072353    0
2171    944.2454902486038  1286.9409291809393    0
2172    712.06111674324018  963.31486116527606    0
2173    588.5790563634738  979.26916040246192    0
2174    815.58329656065541  1348.5511430342151    0
2175    688.55722298538126  1424.8525456141479    0
2176    1138.8579017406912  907.20807136164399    0
2177    1012.9913228622969  1074.8061583183119    0
2178    1002.2483026358726  962.3193510944393    0
2179    1059.8155394232149  1209.4077098252369    0
2180    1116.5396264309275  1184.1217991168755    0
2181    1211.9196591007822  1176.0302352211756    0
2182    1165.3707627718325  1193.5270712363633    0
2183    1219.6622744019885  1267.2970051433203    0
2184    1182.1130479468754  1238.0685469778236    0
2185    1149.0736679966774  1319.2471959953828    0
2186    1154.1450666839319  1273.9984634991924    0
2187    1081.2246957249051  1288.7342390279071    0
2188    913.37352201042597  1329.8991059773498    0
2189    997.22220933389326  1357.5849253549777    0
2190    959.64403337154351  1330.5793040443625    0
2191    939.02006374323707  1398.925171151815    0
2192    510.10139765500628  987.12639862817286    0
2193    808.19482412511559  1306.2056502016997    0
2194    697.70804637825154  1384.9554591796773    0
2195    734.68309466353719  1414.4340446923507    0
2196    654.57392244877803  1396.060149438362    0
2197    782.60636842834435  1390.6691962051725    0
2198    730.08928684441321  1501.4117410602323    0
2199    787.5477362199855  1460.8363011344836    0
2200    1114.171969830637  954.61778066861109    0
2201    1054.7041966342883  907.5182278097335    0
2202    1207.6715395490587  973.17064967216754    0
2203    1158.0547800577485  978.34270259535469    0
2204    551.01060114475354  999.88138354469902    0
2205    525.77452472716095  1036.4918240901816    0
2206    545.55547660138802  945.39590279071649    0
2207    483.50642109968732  1022.7408494753158    0
2208    462.56159522139899  979.36328615475122    0
2209    376.26403799709203  958.76078492064585    0
2210    493.82272275997929  937.37001827394772    0
2211    416.50733052096143  981.23222541508358    0
2212    533.91677885700778  849.67505930032621    0
2213    392.89988143573237  1020.9222682839594    0
2214    428.55209980691097  912.39083139460274    0
2215    526.23701051231581  899.17683876213005    0
2216    347.46157335261466  999.77579622583653    0
2217    475.07057347482112  888.60371778345871    0
2218    580.35292240634647  882.22583522505226    0
2219    315.34598529853332  946.60222437876712    0
2220    409.6433462738197  818.0328536599128    0
2221    432.40464090007276  862.54521871722045    0
2222    357.5443041695425  881.83098957831294    0
2223    477.49384719421874  811.41330752751458    0
2224    589.95553745010443  933.26135802122928    0
2225    614.83839668068913  783.63197492168467    0
2226    301.15081015055824  991.46109287429806    0
2227    282.03706418127706  908.09361918271929    0
2228    305.40080937193642  853.59021991854524    0
2229    351.52173940185395  924.03897567726051    0
2230    633.62971222995793  845.53264523624443    0
2231    260.28685525373589  990.42337527634595    0
2232    252.72693006636069  777.18416211411841    0
2233    354.13189092869476  825.87262062061689    0
2234    266.18316247580032  824.26707355710164    0
2235    220.234457673983  811.93480900970883    0
2236    310.87019561492986  786.03123769357671    0
2237    373.36177908380546  761.58337131281178    0
2238    297.48198723209191  678.53572985986364    0
2239    289.01644167929152  734.1715677894997    0
2240    209.8910211493357  704.22878183103728    0
2241    342.26047418631066  713.81119898101133    0
2242    244.17370982378102  733.15291552510041    0
2243    206.96122440055578  763.22793752730297    0
2244    252.75415987420629  688.20377243692883    0
2245    205.00428932034072  625.82099890182553    0
2246    263.66545501671624  630.38583629592472    0
2247    382.40490614415268  616.79355993081526    0
2248    237.39367142841019  588.79583340150191    0
2249    296.70092958468246  580.42507239081613    0
2250    348.65069119940318  659.64097518027654    0
2251    369.3960802873641  528.28256171595012    0
2252    312.44842345000967  626.7401406001112    0
2253    434.73793079570805  692.73942863491277    0
2254    323.78675535972616  541.44142997218421    0
2255    318.70511972247613  492.70934898615366    0
2256    358.21152135999205  575.13788185238843    0
2257    388.95208717431581  446.51243121177231    0
2258    422.41674891881144  565.70137518933416    0
2259    391.36503295585305  715.85255378872819    0
2260    441.34852650249348  757.3967648024327    0
2261    396.81705508055461  662.86622899544295    0
2262    443.08669313547978  623.10197422298802    0
2263    362.9784829237081  483.52418381326675    0
2264    422.68253679616265  497.80290492462666    0
2265    496.74117255954724  412.36288598653391    0
2266    447.66259990113821  444.63871037908052    0
2267    534.50714821692611  557.75956575320629    0
2268    415.81051121371308  367.34070070265489    0
2269    479.58194931779104  577.5381188771712    0
2270    494.08025164493341  498.89954253512929    0
2271    451.92649332279223  397.67006456966971    0
2272    463.46162156696056  347.26611511211269    0
2273    552.5463120809577  313.58673588203231    0
2274    503.25430236802146  317.86317766486093    0
2275    502.51769089878815  263.97989566971319    0
2276    532.37870556943858  367.34480007495267    0
2277    542.1064672178062  665.01606794620272    0
2278    497.13059353312383  540.11770999703731    0
2279    458.01369598208851  522.29059415498864    0
2280    489.93305047499689  455.46278131035211    0
2281    569.74133611323225  445.98175597218801    0
2282    532.5209148222807  473.31299133781346    0
2283    591.17488809887038  514.18006108264115    0
2284    526.95501839641202  220.91906574676045    0
2285    578.41508671303791  256.57525494665373    0
2286    498.50755257907338  630.09466924245237    0
2287    541.51988534427869  411.19606485194237    0
2288    614.68549081570222  373.06564246705597    0
2289    541.83969850601636  274.35396790879895    0
2290    621.69483747577374  218.28740366208035    0
2291    549.93607668182642  610.56386191176568    0
2292    490.07906851372729  685.29456247132316    0
2293    574.75707665204357  352.58123653506226    0
2294    611.37111212041896  305.90362140192116    0
2295    726.86035406407086  201.90850251621805    0
2296    589.31922752161779  570.4002249635688    0
2297    543.59299483684265  745.71110875174224    0
2298    671.9677466462681  195.2668924357618    0
2299    689.90989911664269  545.57971731216185    0
2300    630.21983944527778  649.89676369674191    0
2301    527.97372705015187  705.63762737977549    0
2302    590.12811675784576  704.4926472667164    0
2303    491.48624673763425  742.93986298337802    0
2304    705.33933443702108  149.61549209146511    0
2305    689.92489169446515  277.01516533051671    0
2306    636.11422911864338  543.80408207471203    0
2307    583.71869526480191  643.2104267220202    0
2308    587.73389740791504  748.6676168008031    0
2309    562.37304074467818  796.31537927487534    0
2310    648.18743501150766  729.79174457929912    0
2311    717.90530190936579  102.78654641605249    0
2312    806.33442566163637  115.26375648200437    0
2313    763.87947344916699  96.554355503337533    0
2314    803.03589518089552  41.205126071263592    0
2315    763.49417240438208  154.95228416291204    0
2316    662.16634386387443  240.26631164005335    0
2317    662.9841600534578  454.14439388844767    0
2318    661.23898695109506  598.41006889895198    0
2319    520.73640099067063  808.37849549389034    0
2320    630.16721246857003  691.8764572082963    0
2321    704.61194176578692  670.97990356420712    0
2322    691.81847053882677  794.06556797610131    0
2323    855.27110987981609  211.05197116092398    0
2324    664.37441999069677  503.41717985182521    0
2325    751.02634682882831  476.31623952742234    0
2326    711.94026023277502  503.42319488432946    0
2327    775.6569643709754  563.55520892063112    0
2328    735.31844145962054  542.47490685942955    0
2329    774.40710305458003  516.8115607213557    0
2330    726.70589829346795  608.09090461163328    0
2331    834.50375811987976  455.11626930129233    0
2332    857.84401569403849  537.96910551675171    0
2333    616.62722359135284  606.62024358784845    0
2334    673.0367066464421  640.60521936624741    0
2335    655.6571869734023  771.66700050998918    0
2336    698.82609503537333  742.36262647735396    0
2337    786.97733495979116  780.63668229092877    0
2338    737.50408218373434  773.93126151548336    0
2339    756.55161190422905  711.11565953104878    0
2340    754.8767086213079  831.61628648752401    0
2341    790.54287262440528  213.82326677738774    0
2342    825.99112938209737  840.79902393350881    0
2343    718.36063751949041  871.98145822376978    0
2344    788.10439349545322  854.24833839446671    0
2345    819.246412666938  881.88729713834221    0
2346    812.97924045580817  923.526621369228    0
2347    851.00657644979697  961.03750488310743    0
2348    898.86578241624375  935.19107333765135    0
2349    922.1603727129085  841.87948339100751    0
2350    948.51158380975914  956.55020307363088    0
2351    896.75846862723188  885.10153578133963    0
2352    874.06061607464619  842.68638323511436    0
2353    960.43242924855883  893.44770512089474    0
2354    852.41341732094133  780.93390956043015    0
2355    897.39840604784695  799.83494377092654    0
2356    908.41223117924994  710.63845149998394    0
2357    890.32630383897583  753.68346313569896    0
2358    984.31275945079551  776.96107767853209    0
2359    830.44748612898093  710.37437729394287    0
2360    944.08139008997114  800.65518483262053    0
2361    941.18153246676195  749.72892994045515    0
2362    994.1514844382981  839.66917073253273    0
2363    1011.0222314636982  686.88523682332402    0
2364    984.96446976529558  728.15643016876015    0
2365    955.53994419659284  680.71664737852313    0
2366    1071.1557910802255  753.71405652627334    0
2367    1024.4558434001542  753.09045121115196    0
2368    1047.0554672932583  809.59373013383174    0
2369    1009.607539273441  886.82025650989124    0
2370    1049.840917381086  858.63712696477739    0
2371    1123.3000414140215  829.8641714370807    0
2372    1096.675260875171  878.65996287649273    0
2373    886.10645378723643  623.43154001057724    0
2374    1091.5771380783779  795.65851840420407    0
2375    1155.722424420974  738.4848728010918    0
2376    1138.6082024343605  783.85411694386312    0
2377    1227.5924674425314  791.5082892158531    0
2378    1180.0457473039601  823.19258509466476    0
2379    1184.179771401082  775.13211784406008    0
2380    1234.9165536284752  706.36146955284573    0
2381    911.48110480029879  663.39735443822849    0
2382    860.03055211141691  668.0255649003052    0
2383    960.06071590285524  604.5155242984282    0
2384    792.9167710601896  652.64989025138163    0
2385    1256.6410581208577  886.61716660938032    0
2386    1156.0218560981043  863.51881668759404    0
2387    1208.1281358921974  867.24144187240836    0
2388    1248.2572945025781  837.18725847805297    0
2389    1215.0877921768511  920.23702866914448    0
2390    1318.9010921814106  777.71473620103666    0
2391    1278.485555099624  956.1056941346942    0
2392    1275.1920279125372  797.48839284569704    0
2393    1256.8400550723932  751.13567483442182    0
2394    1327.4763247041965  854.86563019370885    0
2395    1318.3466739073269  693.26473960235671    0
2396    1278.6545503915138  712.69982106809448    0
2397    1267.0443605605853  638.73940975042046    0
2398    987.66309544238118  644.38774929172916    0
2399    1044.5443611783812  575.5202324407062    0
2400    1049.8848041468921  637.85553922117333    0
2401    1006.3916254025031  601.93225969862749    0
2402    978.64675515315025  521.09197059708617    0
2403    1157.7178853674322  597.22075369657171    0
2404    1070.3361188361368  693.98266705225285    0
2405    1098.0707879329891  602.33089012708126    0
2406    1109.3366505488041  723.31879563762573    0
2407    1125.858269673048  660.76190840613015    0
2408    1118.8354744738822  494.03797279088383    0
2409    1123.7252363330381  551.11278987462345    0
2410    1072.8552169555524  526.72410062973381    0
2411    1222.4582610683381  513.90718247749487    0
2412    1025.2831055160229  531.73425865295201    0
2413    1020.8307712078921  443.73973083395259    0
2414    1044.5846065172077  486.64774092418264    0
2415    1087.2165895521255  435.01765809896943    0
2416    1178.3387026248829  546.43389893611482    0
2417    1172.801183629193  492.73729369787895    0
2418    1236.5766854024041  579.24301219926781    0
2419    1144.5861224599275  442.26287626189122    0
2420    1128.7451290966003  336.93991166168462    0
2421    1229.8617380838036  427.71732027084556    0
2422    1121.8123608787496  391.83538416126703    0
2423    1212.0076904880784  469.59660614204881    0
2424    1284.6976284526199  475.84047602648843    0
2425    1044.2729650705473  365.1636271391767    0
2426    1188.2683523123983  372.34262721726577    0
2427    1089.4531149219081  359.86321669346756    0
2428    1068.4624259576478  278.74766239253381    0
2429    -29.471174247838455  533.44166624183924    0
2430    -25.208188487818155  610.69645026669639    0
2431    18.051350205700341  609.56389646196828    0
2432    48.269822271887612  656.12261719138382    0
2433    74.091039739570206  606.27775531820907    0
2434    112.02811905567035  564.93316951218526    0
2435    110.65812422156162  656.83119872657255    0
2436    162.95413105888304  565.15591176168584    0
2437    137.28894674252558  611.26897855515642    0
2438    89.833317254868774  691.82282904199064    0
2439    160.35740656523558  680.35656696654644    0
2440    168.63920677953138  726.49821383620076    0
2441    230.68655951685463  283.12941344831808    0
2442    289.52285589173323  245.50856895961692    0
2443    342.60489100396222  254.12859967435364    0
2444    385.70859995305511  306.53101535186408    0
2445    276.07108520432757  415.03328954523016    0
2446    186.8174198519603  509.99435544048265    0
2447    258.2091558172466  -645.62216151429936    0
2448    226.056222296681  -704.16112774822921    0
2449    318.3192799409116  -609.24289003011859    0
2450    267.14244366036166  -688.6284259388683    0
2451    274.1345283359135  -769.2293130131809    0
2452    298.15923912102357  -726.54145857826666    0
2453    361.82067349664067  -790.47457040713368    0
2454    369.57381878628593  -719.09235973484647    0
2455    320.97373226454073  -767.48592498214941    0
2456    300.64467633705766  -851.39060620033058    0
2457    273.98728700651066  -603.84249628994598    0
2458    552.53457633849553  -314.12065735874529    0
2459    518.26440431080835  -346.19834017572151    0
2460    730.41337497992424  -189.02520823935089    0
2461    784.45824404327789  -161.27426468442204    0
2462    785.08057167399556  -203.47402534982038    0
2463    828.65494747191929  -160.18630767160084    0
2464    841.10191607641877  -114.96412915925288    0
2465    801.13995915153203  -58.411546314893826    0
2466    774.26470844051119  -106.83709862182542    0
2467    901.50028585704376  -496.16366396773088    0
2468    676.58526973663561  -624.75094337101234    0
2469    607.17313803609068  -452.46112600547985    0
2470    583.5779954573818  -535.77778349733148    0
2471    601.1371492496902  -610.52121286356578    0
2472    957.97144525155727  -472.67849623748867    0
2473    1046.8415976910396  -583.35084344345523    0
2474    1214.818260472015  -485.86773611942539    0
2475    1346.1041468867099  -597.14717338421701    0
2476    1246.4172641807393  -328.37483494485417    0
2477    1058.2882634030973  -328.76090479885625    0
2478    871.13773706193433  -195.24358093968493    0
2479    1094.7009948788291  -145.73590957082391    0
2480    1176.3354303133847  -92.835009011946298    0
2481    1116.7329209716722  -90.296790666974474    0
2482    1144.8258338394198  -131.68122659231054    0
2483    1229.4442594800048  -168.11593991137266    0
2484    1192.2732845598714  -137.96519440174279    0
2485    1183.5337180411277  -186.72792310645454    0
2486    1264.3077262307465  -87.146682846374688    0
2487    1152.5541632728286  -234.97190643102658    0
2488    1235.3129817011611  -248.52263627866432    0
2489    1221.1237795364602  -102.39721732251245    0
2490    1215.6807623675281  -18.218725595592815    0
2491    1148.2288766762017  -51.770885990072671    0
2492    1165.3030072706822  -1.5186861237994762    0
2493    1215.0998197597116  64.364203707424792    0
2494    1132.475135435323  30.842423321244986    0
2495    1201.3791785669252  22.974175680882716    0
2496    1269.2287632059169  23.451474257865996    0
2497    1171.9854004645567  55.687289312124285    0
2498    1181.7062053356401  118.83924808786209    0
2499    1075.5672574881339  -54.314945273379735    0
2500    1144.8621827403369  -292.0044812363584    0
2501    1196.04818110621  -228.83265253118657    0
2502    1194.8614480900017  -280.19413972586329    0
2503    1180.9744026278238  -333.14462210677885    0
2504    1294.9722383995477  150.7993920951684    0
2505    1125.7113495413589  134.57027562714148    0
2506    1098.9252207804586  -304.14103340083801    0
2507    1056.4607989560766  -279.8974171848925    0
2508    1242.8464296448255  118.84587688659376    0
2509    1181.5955496036311  225.96819408120803    0
2510    1102.1540329288457  208.67099470726393    0
2511    1264.5289506084791  73.497049609604005    0
2512    1355.5958561128818  56.805733148587834    0
2513    1307.7084955889218  52.30859991219797    0
2514    1339.6243524710433  -30.333913164606017    0
2515    1326.927938014423  104.86283206989205    0
2516    1335.3211580507236  15.488305519749531    0
2517    1418.7029081775181  0.20557277802465634    0
2518    1166.54292243547  172.38811576136152    0
2519    1237.136663317074  186.65343138414534    0
2520    1098.9910352608345  166.87054198496941    0
2521    1048.7468929153908  191.69236181025531    0
2522    1392.3829367781382  184.47975199573915    0
2523    1212.2728943549369  150.4155922785084    0
2524    1064.7541971496642  233.82731788097175    0
2525    986.97693274859841  262.8611568375585    0
2526    1018.0679391908731  227.45557702029123    0
2527    939.75811016373427  190.04258947094021    0
2528    994.47488365568199  176.17626306295182    0
2529    1348.4273903447099  153.90214153771961    0
2530    1386.652275648946  107.91139889276943    0
2531    1316.1994955548191  247.11200473463242    0
2532    1319.168438965434  195.96210556633054    0
2533    1275.0033602887663  219.05970311481624    0
2534    1247.0316571968197  304.41286558118446    0
2535    1273.3418033707715  265.77516820643177    0
2536    1327.0840611433418  330.64741870475518    0
2537    1221.7939574826441  258.95065087941242    0
2538    1184.7471183008292  309.25295673622134    0
2539    1027.0197469054563  149.54847999953904    0
2540    1412.7578413459955  57.058122735462739    0
2541    1132.0670383021206  273.17841765755173    0
2542    1489.8538884139107  128.76272714643125    0
2543    1102.6859462491395  303.61497359709051    0
2544    1062.0561223063328  323.54794287654954    0
2545    1001.1401788457858  322.12480463396543    0
2546    1174.3427351073308  267.94465735687317    0
2547    1441.1936591717888  103.78296365225211    0
2548    1024.9296327010402  285.11519223080074    0
2549    978.20882291355201  388.23911382533436    0
2550    889.44264224497158  317.4948323668392    0
2551    1497.9464454657002  37.229176026558292    0
2552    1443.0638199304071  160.02452078924699    0
2553    945.94711634679379  303.9909931322793    0
2554    1483.0968096403342  82.040817821583346    0
2555    1569.3004052549277  93.423335869484276    0
2556    1528.2574401719562  72.139851745696816    0
2557    1574.9889401862615  0.95148205707067746    0
2558    1567.3885758920826  46.89483104004605    0
2559    1652.6336415594799  37.396505756964707    0
2560    1612.9283486558129  68.327158502456243    0
2561    1687.6125096974324  123.24836309150785    0
2562    1658.0157409750336  85.255360460930547    0
2563    1740.1652380072039  51.784955585586808    0
2564    1618.8980640459574  146.25278526065816    0
2565    1703.8106831525351  80.105364017149697    0
2566    1772.1922320797746  130.39175655835078    0
2567    1451.9242059791409  32.416633938494272    0
2568    1481.8948781237498  -31.731149293200307    0
2569    1404.605323905846  145.06635437832335    0
2570    1461.0757569066723  262.0953610684395    0
2571    962.76966684693252  345.85017715329872    0
2572    902.90958411517533  391.65892014200898    0
2573    904.15001944514847  254.06679499114432    0
2574    1437.6751572482367  213.60009038511194    0
2575    1498.7212853816638  192.6813640439421    0
2576    1387.2712803970405  267.81508038090175    0
2577    997.32451501650735  68.498861781122912    0
2578    672.46598217009307  -92.01936963780777    0
2579    721.69713280189592  -29.893091028709573    0
2580    757.49958661401593  -55.069221603529812    0
2581    587.70260497748382  142.11715649082777    0
2582    632.70070795179504  121.23192756695599    0
2583    -404.198940459033  121.61016731073357    0
2584    -460.12020800861126  131.72256777082282    0
2585    -502.23176753791006  176.74428557953735    0
2586    -535.19503075595799  67.431478844987581    0
2587    -488.00939461694048  88.310473367829474    0
2588    -533.08524432230195  126.42171032990564    0
2589    -484.89208475563345  17.507227440673702    0
2590    -573.80518951998465  98.345215712553824    0
2591    -619.5787576352858  85.855891267531007    0
2592    -598.21416580549237  1.1158530798781143    0
2593    -581.87869313452313  48.693470070638227    0
2594    -541.39228532493178  8.1995701419137781    0
2595    -563.57197506382624  -45.326127118601001    0
2596    -507.43043097041567  -21.818618042951329    0
2597    -518.0923088012197  -66.82530595357315    0
2598    -632.42362801231184  -60.543020094121189    0
2599    -591.44195455893305  -82.597718488631131    0
2600    -633.26496714086875  -111.20946338877616    0
2601    -587.42126182223899  -137.48353499308229    0
2602    -418.02075248553859  -438.41445315657495    0
2603    -754.40004474582599  -96.120230339471135    0
2604    -724.49970225764787  -128.53884929106735    0
2605    -719.85418823794396  -53.818223476092761    0
2606    -796.24467591119389  -75.70121245605705    0
2607    -836.33035105309557  -51.717560845694045    0
2608    -674.47882520420126  -35.597518526860313    0
2609    -660.10317377849128  12.248099206772665    0
2610    -633.85540016727305  -19.429194983277604    0
2611    -262.81566137501687  -494.03740787990063    0
2612    -43.172486131925773  -722.3958736833282    0
2613    -92.415906814418463  -718.62760390759684    0
2614    -32.657564839537017  -796.67000301808719    0
2615    -102.36838925168141  -820.63371766403861    0
2616    -41.562422471073802  -884.14243348761124    0
2617    -21.636709089760533  -841.98142766922001    0
2618    27.985805934818416  -891.2225737004278    0
2619    -368.03766454238291  -856.91099224390553    0
2620    -410.05225974633464  -828.16683023127746    0
2621    -454.22778901983628  -856.03237874489878    0
2622    -496.94344962337067  -845.3036736148124    0
2623    -315.78432899706996  -932.65006650415194    0
2624    -328.81381320619175  -885.74461846373197    0
2625    -255.17826678070804  -890.55239831350377    0
2626    -960.34781430795738  -339.6568434307095    0
2627    -846.36436429810817  -831.10598632624112    0
2628    -883.25119221980447  -956.6450287935088    0
2629    -624.28799292752421  -746.61869938273855    0
2630    -489.6166855043445  -771.62108350879623    0
2631    -536.51357709738386  -763.11929049323624    0
2632    -615.75103172430079  -1069.476252370665    0
2633    -1153.8535969661825  -575.36851128267017    0
2634    -1009.5199013309224  -500.99978380293459    0
2635    -1363.0794871291757  -690.53201214193666    0
2636    -1388.8965416156757  -526.47226648243611    0
2637    -1440.436514099825  -630.82562860909309    0
2638    -1516.8536943860452  -413.40374411231056    0
2639    -1544.6853117371425  -461.90945918483277    0
2640    -1588.8166680159115  -387.02674274321924    0
2641    -1733.2110302977842  -460.63556775420318    0
2642    -1598.8080296519672  -444.431212211755    0
2643    -1665.0251395105713  -460.69817209128627    0
2644    -1168.9757513167767  -826.52441655920154    0
2645    -712.25078826255856  365.57713367691514    0
2646    -930.9092410650951  123.07134872537274    0
2647    -972.78067998666711  110.48523889222697    0
2648    -1087.2890168347217  259.07494583085469    0
2649    -1105.2068177606259  0.17340092008697638    0
2650    -1347.5610647289939  334.70377042859036    0
2651    -1042.7190988903799  -86.719045583588908    0
2652    -1204.1355366487826  -116.96452073153806    0
2653    -1233.6210982238658  -176.74012639221283    0
2654    -1191.5862913132555  -201.77488826018191    0
2655    -1163.0237291920362  -239.30159711852687    0
2656    -1110.9624274125229  -210.8619372662929    0
2657    -1147.0917047505757  -180.99073811044317    0
2658    -1085.5041317175296  -248.08994644891192    0
2659    -1279.8024814247462  -15.444411287623234    0
2660    -919.42657882707431  -259.75046320386519    0
2661    -1013.459260135588  -165.25953098881172    0
2662    -1321.1500866290128  141.361629962683    0
2663    -1329.2174711123564  -193.4990341326768    0
2664    -986.53104446666737  560.51802576321086    0
2665    -1546.3916996885814  558.76400150081156    0
2666    -1407.6442556666168  428.79387083035101    0
2667    -1514.1079788095626  398.27461602402769    0
2668    -1391.7935400186686  389.39346919302983    0
2669    -1453.4111504766195  387.49336662308713    0
2670    -1475.7071574547476  438.21784444221339    0
2671    -1492.810976392472  341.92589132124931    0
2672    -1507.2100593458611  500.74221046847242    0
2673    -1569.2568412692451  345.23213783733291    0
2674    -1531.7417744821091  327.21199485974898    0
2675    -1568.7728736604126  298.17941365115416    0
2676    -1655.4369012805907  297.12635433643618    0
2677    -1612.3917341627291  321.25961659709111    0
2678    -1633.3209546616877  409.71214284953589    0
2679    -1660.4833765748097  356.58274844806942    0
2680    -1610.3822481080845  368.43744168694974    0
2681    -1566.7155633587472  397.7806286077506    0
2682    -1540.9143028123679  451.54514019084763    0
2683    -1741.0859252770269  431.29892650108957    0
2684    -1690.2477353623149  405.3078837022897    0
2685    -1763.3599236659411  317.90854284859893    0
2686    -1669.5918814929323  508.42549127179672    0
2687    -1706.4675858265368  322.73738895719151    0
2688    -1739.3055689553291  372.06629590192631    0
2689    -1694.4620608874545  459.77969767824129    0
2690    -1726.3535427121196  219.46854559833091    0
2691    -1845.1988608756453  398.52653058363541    0
2692    -1640.7534391835984  463.00148645680059    0
2693    -1602.175551527281  519.35988510857044    0
2694    -1768.2625434913805  528.19056169453097    0
2695    -1701.8469836475897  268.29853249449167    0
2696    -1788.52063674996  400.23010906063445    0
2697    -1592.4484278090938  443.20286242250711    0
2698    -1572.6795448159337  484.4275424327015    0
2699    -1741.0100052245123  483.57735088914973    0
2700    -1813.7051281096633  469.80100758251916    0
2701    -1755.5300740259725  264.67613333261858    0
2702    -1853.8113758843588  277.4121746714145    0
2703    -1814.5841611497704  194.54429119708698    0
2704    -1802.8746133806922  284.90436214098185    0
2705    -1774.2939789638597  220.54717746249327    0
2706    -1818.5057250815285  343.77574785072568    0
2707    -1822.5112514352634  241.51028583396399    0
2708    -1752.0808328748356  141.91374733739141    0
2709    -1989.1276468737249  182.7006704931577    31
2710    -1901.8054584436122  203.97474425724414    0
2711    -1856.8648717536762  211.55997887068108    0
2712    -1865.8886366404226  128.10009896078503    0
2713    -1667.3936609277887  220.44265405850737    0
2714    -1781.9547571809242  441.95075177242671    0
2715    -1960.950661750036  380.36933727384917    30
2716    -1695.9879658815264  166.35069609501363    0
2717    -1621.3347397604148  228.94072255951028    0
2718    -1893.4957565198556  341.09755347843782    0
2719    -1688.0724028532672  71.584621036038186    0
2720    -1856.5954236339151  359.08790078319822    0
2721    -1895.300776629847  391.6385135355826    0
2722    -1859.4504606935436  318.1052698629781    0
2723    -1902.2469136876766  291.43744182642689    0
2724    -1878.6088818256276  455.88450192404076    0
2725    -1970.4678274754633  331.30467669679183    30
2726    -1888.6420613521493  247.77364746453452    0
2727    -1937.5257514147279  256.49378031652049    0
2728    -1984.5563200373078  232.47034330644607    31
2729    -1948.0701046880076  204.02432355481318    0
2730    -1937.3480492827548  133.19071859677035    0
2731    -1708.1290800347497  117.62295980849714    0
2732    -1765.8518586300918  65.087906002498883    0
2733    -1648.7983498160211  116.08245754022867    0
2734    -1538.7858676990186  250.31969068617735    0
2735    -1495.3192393164986  244.72534001269611    0
2736    -567.23152370202888  427.27395075994372    0
2737    -524.65739231866894  431.60969552631531    0
2738    -547.72393753453059  512.14075309218481    0
2739    -561.66436615349232  633.67125237451535    0
2740    -606.43660984510439  615.22611215772099    0
2741    -616.12827070522769  569.5913916424181    0
2742    -475.80732171613693  877.46841151312151    0
2743    -428.3883156453328  862.09129473239761    0
2744    -218.59365514759844  959.64500357860811    0
2745    -764.44647310116409  802.39517672536192    0
2746    -586.5828043937687  1097.2448089628176    0
2747    -434.00953183472359  959.87723321488261    0
2748    -475.82732672352324  974.19769463206512    0
2749    -397.31990618032603  907.36024072452221    0
2750    -329.2240329932485  907.15198521318098    0
2751    -661.96502820127353  1066.361994438206    0
2752    -672.45026896283196  1185.4003617097267    0
2753    -252.5774587770951  1145.1614859463668    0
2754    -217.82079679622018  1109.8025128914828    0
2755    -1079.3679670421373  1034.4377372346871    0
2756    -1340.7937973336316  1195.8557553421715    0
2757    -1427.3726211033602  1200.4909359239139    0
2758    -1384.8747926260294  1183.3876519300125    0
2759    -1374.1976085348347  1229.7967129992394    0
2760    -1431.1611220941222  1129.7269270905517    0
2761    -1051.3836837309152  610.20695076394782    0
2762    -1005.9304530022466  621.72215463361044    0
2763    -922.9434682258269  610.78533062093516    0
2764    -1202.2675640587734  950.56962754606479    0
2765    -1261.7554907886454  900.78008008382892    0
2766    -546.29229538259563  1304.3435631845189    0
2767    -618.47599819777838  1468.2442624850094    0
2768    -1343.4483524913621  1285.0066563552057    0
2769    -1440.4205565779971  1300.9424208683065    0
2770    -1538.5373310881796  1273.935324655107    25
2771    -1429.4089156876739  1251.2995953113164    0
2772    -1483.4031294124004  1265.3654403284565    0
2773    -1506.6623810853357  1312.430842878704    25
2774    -1522.45953926125  1195.7341129155732    0
2775    -1515.9158493513985  1237.8328280722719    0
2776    -1570.4122810910235  1235.4398064315101    25
2777    -1475.5104847179878  1209.9944244479843    0
2778    -1483.8410364781996  1153.0059376999143    0
2779    -1658.0323689158811  1113.9735159254205    26
2780    -1498.768343199597  1047.9794768108491    0
2781    -1563.5337936678434  1119.794313264221    0
2782    -1476.4932396393594  1098.3875705284499    0
2783    -1529.5626623335456  1150.4980403331965    0
2784    -1524.8045498678616  1089.6104356612027    0
2785    -1597.6768600402072  1036.0461093025913    0
2786    -1548.6707618209341  1045.7273238260427    0
2787    -1556.0116883023356  954.01242355767397    0
2788    -1521.4876792945283  997.40033373156689    0
2789    -1419.8282240733436  1043.2218826334645    0
2790    -1568.4144483523582  999.31080196368771    0
2791    -1648.1672200709945  965.80427222689093    0
2792    -1601.3157167810989  965.95525233105695    0
2793    -1624.4738223516988  882.82497170176021    0
2794    -1589.7466721939604  917.94160638583162    0
2795    -1556.7571789384367  850.58869509472129    0
2796    -1536.7193810691663  902.15881126940985    0
2797    -1458.4140204641792  1060.2727676634611    0
2798    -1462.4969791550948  1001.2948131291835    0
2799    -1423.6697369880378  1086.7134870426687    0
2800    -1359.1194505897154  1070.4996064900204    0
2801    -1510.9681758776414  862.47512022543583    0
2802    -1446.1081012550699  871.90355817594184    0
2803    -1484.4529023696969  907.8781599442143    0
2804    -1434.3217720033504  922.88931571945943    0
2805    -1402.0738185506771  973.35043430529618    0
2806    -1470.9483038441992  953.99264545723679    0
2807    -1391.3024403814914  1013.2788827098585    0
2808    -1413.6047597856978  622.90929798199647    0
2809    -1324.811449575122  632.81733184173277    0
2810    -138.11728865068369  1145.8186760415399    0
2811    -107.60436957635841  1177.6706441923227    0
2812    -150.87556404452442  1188.5816623326757    0
2813    -1338.8252786018043  711.95488889235992    0
2814    146.6112459567527  867.6217474283003    0
2815    205.63849013711416  869.08459011770969    0
2816    -112.82958436885878  809.32906573045091    0
2817    110.49392192387609  760.88690215221618    0
2818    313.92099695085693  1152.747811873897    0
2819    -184.60039561217002  703.71236973879581    0
2820    171.96026901369788  1237.5785833498292    0
2821    221.08667935731719  1261.2744104447597    0
2822    -237.98044876979884  1452.8405192231403    0
2823    -185.71890878800451  1594.3284781777274    0
2824    189.3735066206392  1391.7084449118058    0
2825    -93.659118622521049  1468.421609008793    0
2826    -74.322444445159135  1579.1693592619993    0
2827    -67.927388145960208  1520.9907986820658    0
2828    -14.345422098146763  1526.3460337274578    0
2829    -135.98080481360145  1542.9510428756926    0
2830    32.501449313474851  1569.292974307692    0
2831    -144.32866540003403  1488.9297502869877    0
2832    -20.381388536545856  1579.9540590165452    0
2833    104.01921704973478  1661.9642001949219    0
2834    81.329375359544485  1605.5427303516187    0
2835    -48.742972683362353  1675.1843207400798    0
2836    181.02749623111652  1591.5584581544133    0
2837    18.949098481728804  1638.5579582905532    0
2838    -47.992113096178088  1623.5694722108351    0
2839    -125.20151962542526  1648.2591652469957    0
2840    -91.827332103625707  1619.557492592849    0
2841    -137.0903348739443  1600.6803788496175    0
2842    133.79658506122777  1617.2161750061857    0
2843    137.0763555264223  1566.9532400013702    0
2844    202.89609452226182  1688.1146926628533    0
2845    180.40763308222085  1541.1091565223103    0
2846    156.25946308914178  1664.4456131481461    0
2847    270.1502591829223  1565.234960974788    0
2848    125.74047944184194  1755.8124515705426    0
2849    221.87658306952284  1565.8280925329341    0
2850    128.11488149166763  1705.8250655056008    0
2851    223.62794748019684  1515.7459592284483    0
2852    246.83401824149044  1632.3181254737954    0
2853    174.05201016934174  1733.0571653412824    0
2854    39.952038908773488  1726.6874134556967    0
2855    277.89085543237547  1511.3471530299321    0
2856    268.14465828629676  1761.7185334459455    0
2857    80.941831565472341  1703.191230244772    0
2858    190.23508987106842  1830.0778249074783    0
2859    225.14032919498536  1734.1183498795908    0
2860    40.42339112478254  1680.0076517126149    0
2861    168.46112508341716  1783.8497283544468    0
2862    260.78588870313854  1688.5028587546474    0
2863    -5.5278145505912164  1702.8859167711573    0
2864    221.48496046407678  1787.1168345846845    0
2865    97.39844506751399  1845.5630094940843    0
2866    -76.242681440373431  1765.6436725147155    0
2867    289.83899075614835  1857.1324564110246    0
2868    124.22661463144406  1804.6846911757116    0
2869    -49.735716400890766  1724.2921675503094    0
2870    265.53599104481293  1812.4849574893424    0
2871    58.720171343130097  1790.9359804692915    0
2872    -5.7792622572253132  1758.7185385603716    0
2873    -113.79190641115719  1712.4025855296561    0
2874    356.83518974361306  1791.7261928431415    0
2875    236.30834623900574  1857.3326414381411    0
2876    314.11311366938003  1814.9811259877956    0
2877    240.70434456794374  1982.9447165925146    15
2878    171.55825567272652  1914.2202940308534    0
2879    437.46597152482821  1949.0079154056532    14
2880    263.30566881022628  1919.2707864650226    0
2881    194.64096194991035  1875.1998352881571    0
2882    376.69873291716829  1879.0881147095522    0
2883    217.52398028668807  1915.0739373854085    0
2884    142.81937721332423  1870.8821347808625    0
2885    336.36517810528153  1855.8608130514353    0
2886    191.08937395167476  1988.9673449003119    15
2887    41.537679366414082  1997.0685896455595    16
2888    329.94926411057395  1913.6345584294424    0
2889    97.025959323749674  1932.4470722005476    0
2890    138.87031188200217  1521.4262230827485    0
2891    288.48985336125622  1467.0628148834771    0
2892    329.6972132687211  1500.3359192149419    0
2893    353.40998609889124  1635.6776746380635    0
2894    299.64821875677069  1649.0278708559063    0
2895    315.13936745135919  1596.4858602386055    0
2896    344.30558319218278  1713.9393627431277    0
2897    315.87362716527838  1547.4199770262401    0
2898    371.05326276328145  1572.7841632660018    0
2899    334.16408758602915  1673.0991594695258    0
2900    393.61569062590746  1680.0153321285939    0
2901    302.08155977553906  1702.7452137507091    0
2902    312.65783095745564  1748.0828129620984    0
2903    361.54110602025378  1530.1861643317625    0
2904    431.27517795997488  1576.0448942708942    0
2905    401.71952594291707  1744.5938690698686    0
2906    525.92811246866336  1634.1877012974689    0
2907    408.12086612387412  1626.4636965957168    0
2908    486.80128636613455  1591.7677833826874    0
2909    464.39399129708767  1670.4463018934941    0
2910    550.36819678137033  1549.7850752236695    0
2911    484.08801979168703  1633.5250656896421    0
2912    509.99368288541041  1557.7685248119917    0
2913    519.15805790766035  1506.3817881657319    0
2914    537.71129474255883  1591.8598887325713    0
2915    618.62678308571287  1593.2596776788721    0
2916    577.59458163687214  1625.7665685892678    0
2917    560.63203368653387  1492.0808318929278    0
2918    655.73643238629791  1682.2518968969705    0
2919    566.68969223680404  1721.5675317355053    0
2920    624.63140075066701  1642.989208636076    0
2921    558.63172077412332  1672.1291784211767    0
2922    709.7858315983957  1607.4799125097977    0
2923    605.86899111062451  1689.8058243110618    0
2924    510.90575997703809  1705.2839087369971    0
2925    672.2163462907597  1637.2435400348215    0
2926    644.19374117884729  1774.4300772340446    0
2927    743.76378976152614  1688.9620595639069    0
2928    612.35904796294847  1737.8570079615602    0
2929    700.69641774111574  1673.1928417459449    0
2930    560.64762247032331  1810.6714389100139    0
2931    700.79037471950221  1739.6315778722173    0
2932    576.23461523244123  1766.9715735935706    0
2933    629.85658310126075  1895.5972713844194    13
2934    512.61557222069098  1768.9094908491625    0
2935    606.72671267163355  1802.4773211942033    0
2936    677.28604602730377  1879.8377216594361    13
2937    592.38263570383606  1855.4727818487354    0
2938    655.61909734092626  1828.7415527805915    0
2939    457.47116598344826  1728.1567696874235    0
2940    480.70813700624183  1854.1102244184624    0
2941    582.42712017521774  1911.3568211094025    13
2942    544.25561733478423  1875.7279352524672    0
2943    431.78644425697308  1695.805227328294    0
2944    512.56818707430511  1817.4667344262041    0
2945    449.44670721152602  1794.7573954850147    0
2946    404.30662496791507  1479.1071712597695    0
2947    633.58695768438872  1331.4502224876755    0
2948    386.03503645992851  1201.2278136655575    0
2949    557.61176752668041  1250.1829586803265    0
2950    672.59712280371582  1253.4158210755534    0
2951    612.45689752663168  1059.6500901981258    0
2952    311.77151093040874  1065.2254074630589    0
2953    968.89902679005195  1248.3403084901411    0
2954    647.43588022533982  1461.6077664779377    0
2955    693.4716198231722  1471.7313862767692    0
2956    668.39436214190346  1540.098465628007    0
2957    646.00943586943879  1504.0321562840261    0
2958    620.31199276394864  1544.9614111237179    0
2959    1029.6252316251578  991.15387056314671    0
2960    1041.1173434284426  952.8289174834689    0
2961    1051.7542420570207  1254.1356301744102    0
2962    1035.1741915405405  1318.2192103628392    0
2963    1091.7881553614056  1355.9365725425571    0
2964    742.82386225234188  1458.4741681910555    0
2965    840.15665063231745  1421.8738861553973    0
2966    492.16789660645202  850.50721924260972    0
2967    347.32996882881196  403.05452073275569    0
2968    346.74650970310313  444.92435682012729    0
2969    342.16457341794836  345.1091115600745    0
2970    390.86475782361777  403.01966447098482    0
2971    299.13055761283073  332.03693639947682    0
2972    313.98641939427722  289.24286904050933    0
2973    546.88504688694729  515.22178435285855    0
2974    667.32409345304711  336.80518880063698    0
2975    652.7305134330021  297.12217959940875    0
2976    623.90062806853132  263.12663458920355    0
2977    779.95370475509299  345.21290630964057    0
2978    669.02934599344701  395.61812104750618    0
2979    724.87915750629134  324.3945714376087    0
2980    715.86942423633604  430.031578927292    0
2981    753.56594211369168  266.64733207750186    0
2982    718.71723112501456  377.07174529549769    0
2983    772.95654266701058  406.54483781104273    0
2984    836.05174034583013  382.67805767681483    0
2985    587.68936952154763  835.85371788550231    0
2986    871.30786421468861  75.267102859042865    0
2987    614.67637727992917  469.32669749130707    0
2988    611.14995444161616  421.19583568293945    0
2989    821.01128265228772  168.16017873957986    0
2990    859.57304816640772  128.97631263512301    0
2991    911.34191330634872  112.15062379048865    0
2992    898.57917850043304  160.9359847990163    0
2993    669.33606808360912  880.09004237420402    0
2994    687.71323615017877  838.94278231686883    0
2995    819.82439866229481  752.38033703504561    0
2996    793.32602211369544  693.44671885782236    0
2997    749.69746958489679  666.31016911253903    0
2998    773.37461120136618  610.21651907515354    0
2999    828.82332438199649  589.54221843527705    0
3000    1173.1460392855852  936.11245603491011    0
3001    1269.2773839835913  1073.3548235537016    0
3002    1308.9210973711947  908.36014559165403    0
3003    1413.029729498614  914.5061871902393    0
3004    1357.352267471015  972.80612722240517    0
3005    1361.8421644259513  896.75115381007777    0
3006    1321.0508225284598  949.66566291142829    0
3007    1308.353306828041  1009.6288574775052    0
3008    1418.9107231280836  814.88723855587386    0
3009    1398.1293297376105  1078.0791324028373    0
3010    1252.9179481683684  1005.4684853986594    0
3011    1401.921375346288  863.86734050794655    0
3012    1497.2442580335792  869.49471635874181    0
3013    1448.7892109979721  880.12402287348448    0
3014    1491.8595626978408  960.70680089062523    0
3015    1458.9601287986698  926.48944659558356    0
3016    1426.732753212978  990.4003625854059    0
3017    1362.8945792764737  1031.1932513410675    0
3018    1202.7686369438368  1027.8812065169307    0
3019    1409.0992636542935  1033.1528224364554    0
3020    1489.2204803531706  1041.1865180558291    0
3021    1446.2660167053239  1066.0305106917044    0
3022    1511.7847938497252  1129.754928727943    0
3023    1488.0121980938159  1088.6528758019726    0
3024    1572.7610971339461  1067.061648050254    0
3025    1435.6604529938618  1146.3578865346742    0
3026    1333.1718927440795  1090.2122592350731    0
3027    1204.7251128913488  1096.3936556850003    0
3028    1200.72474496976  648.67352994054477    0
3029    1083.2235293049935  475.13658731535412    0
3030    1389.3538853547232  575.05722569735576    0
3031    1278.6992719747363  535.94739876821075    0
3032    1349.1800126149001  512.62824433744026    0
3033    1308.7469549743953  508.59323668514844    0
3034    1333.4935546792869  465.21686942652508    0
3035    1324.4334129100084  556.00461159606357    0
3036    1295.5253386246789  408.19832802022449    0
3037    1425.3840721586037  461.11479432889507    0
3038    1380.0173122135252  476.12477395700523    0
3039    1374.0075056434284  397.08829063691087    0
3040    1420.4338937407654  522.21731844494036    0
3041    1382.387737584964  535.39933453277786    0
3042    1531.2269020737817  500.44135713382184    0
3043    1472.7594235663653  495.70465509998826    0
3044    1510.3900288290997  394.42629593634854    0
3045    1493.6414564136498  601.16228877178901    0
3046    1505.8575970128097  450.37236514492844    0
3047    1445.4125753709027  572.47003712804747    0
3048    1498.1531144372404  545.47264086003111    0
3049    1460.6563608033805  418.55378798046661    0
3050    1607.3007599867926  430.43408180525057    0
3051    1421.6961530034812  667.21518583172201    0
3052    1594.088724514065  581.27237583840451    0
3053    1415.1277636967836  416.71851617602505    0
3054    1427.7998555922495  337.29047423854786    0
3055    1559.3909926678693  454.70933589431985    0
3056    1562.749532787647  401.92265846348312    0
3057    1616.0931969638568  507.20199062799253    0
3058    1549.8587635744036  305.35552090952473    0
3059    1574.3272512004403  495.44628498984707    0
3060    1584.8261260589366  538.21700397870347    0
3061    1628.8005537820075  551.2807146719706    0
3062    1543.8101437103774  569.56489169860197    0
3063    1542.6856815899894  355.45702189729582    0
3064    1700.5862932637758  506.71471454424022    0
3065    1664.6115807043841  627.81104271970594    0
3066    1553.7024769231687  640.89772046945473    0
3067    1486.0334055715841  341.37373462170717    0
3068    1633.131599079798  342.84201517253359    0
3069    1606.5156942320648  382.59778497055208    0
3070    1586.0895195981161  336.10695362374292    0
3071    1683.3668343718846  405.26113236466665    0
3072    1621.2869210300712  257.9191295211092    0
3073    1419.3456949073284  616.28592486815978    0
3074    1361.0122808456158  644.49696417940618    0
3075    1454.5020188219778  373.76816811664236    0
3076    1459.2368717290194  306.24191028988264    0
3077    1504.3542572774991  286.00966161719236    0
3078    1552.3618976335399  236.27794508804115    0
3079    1050.1235659559018  409.69397438358169    0
3080    1184.4184727836071  418.54266136088836    0
3081    166.55944775396952  639.89060256089056    0
3082    418.73124426682568  276.53388576411118    0
3083    425.79248302449582  324.54409911451523    0
3084    345.44911356448029  -563.1031580011221    0
3085    337.10606506794323  -521.02214738597593    0
3086    388.11761246855235  -619.23787171558945    0
3087    204.05098194446771  -770.71701500902452    0
3088    593.79182901022887  -325.03867870677573    0
3089    849.41587283267882  -12.638031373066795    0
3090    717.24074495521393  -622.53015619931341    0
3091    696.62625629162324  -585.16250051511065    0
3092    699.08062094677098  -663.32258782811562    0
3093    729.06851201556742  -697.85009881036785    0
3094    627.21420764688105  -679.39019202338795    0
3095    667.66195860211542  -746.44124574573027    0
3096    564.50751394304916  -453.00582151705618    0
3097    643.73568183720147  -591.7909100355148    0
3098    1040.6735207443514  -539.01652698909288    0
3099    998.17606325016766  -567.52527784604399    0
3100    1088.0371637203762  -555.02322015028835    0
3101    994.45446840827856  -661.70862802239253    0
3102    1009.5975566819653  -615.14179416181832    0
3103    961.43853106395522  -625.22655093161075    0
3104    1084.485287488993  -665.24017736612666    0
3105    915.21097002994179  -615.06525281858671    0
3106    947.1001045212397  -671.38328762045944    0
3107    1054.127651448988  -629.59839568282871    0
3108    975.1577407979571  -755.86929806715648    0
3109    979.17177567786985  -707.63429719027522    0
3110    1052.5969311549779  -738.02913499063618    0
3111    1364.5699574023336  -466.81885113038311    0
3112    1285.2823644277926  -570.85492104581363    0
3113    1040.5931222467573  -369.99464704989924    0
3114    1087.667327433282  -358.84550429607185    0
3115    1011.2497590342468  -319.62432303604152    0
3116    1269.363957886939  -31.963099893946968    0
3117    1217.5968196286879  -384.28238954548198    0
3118    1202.911711036091  -424.33164545385841    0
3119    1301.4206404399781  -392.11144664088835    0
3120    1261.0851626292031  -371.31843557055811    0
3121    1307.0690498724221  -331.63529295288163    0
3122    1279.2641514221323  -283.10894952798606    0
3123    1402.1413283601673  -371.01679882487952    0
3124    1306.8090504758784  -202.88676148302181    0
3125    1348.5231473420822  -366.00891685911392    0
3126    1279.0293179725575  -238.18834824814442    0
3127    1343.4637926346966  -260.31241570881997    0
3128    1346.5534847013114  -418.00456907944078    0
3129    1297.5293628938218  -451.17493492683849    0
3130    1400.7421661068145  -425.73642121909336    0
3131    1357.8365288990144  -312.5937767919097    0
3132    1266.3604037349992  -479.31141402604584    0
3133    1299.8264840695269  -520.12133492551959    0
3134    1455.4838767250515  -510.40098351061454    0
3135    1443.3305912960545  -260.97419980880943    0
3136    1416.1731261035395  -475.78870086614597    0
3137    1379.2354742344601  -535.36910459934438    0
3138    1497.1865301769637  -423.40772585188284    0
3139    1449.2927544803429  -438.17322588660898    0
3140    1458.1444483603439  -381.8272960030111    0
3141    1393.3038632731882  -274.72711199670539    0
3142    1432.5641051898829  -319.67420253812173    0
3143    1395.3433093014776  -184.28217739724542    0
3144    1379.4753577396732  -229.16983146644168    0
3145    1551.3761207470118  -333.40667026532589    0
3146    1393.7572625484127  -331.36414231538424    0
3147    1494.9476648201924  -300.77893861710817    0
3148    1511.5888464291634  -370.76506277891093    0
3149    1597.7086075892428  -422.61772791534145    0
3150    1561.9612952979967  -384.5462793180713    0
3151    1647.32512717293  -340.21188040684984    0
3152    1598.3909131379996  -350.34056943418972    0
3153    1604.9026486750186  -258.52936274228523    0
3154    1588.6990237016551  -303.51664278377996    0
3155    1543.0060365238239  -261.64706453167054    0
3156    1568.427517396025  -150.36259548877217    0
3157    1571.4107683336986  -209.5899169944895    0
3158    1674.9128450662497  -174.68777530784632    0
3159    1486.861042907248  -184.15985172224055    0
3160    1618.23970107942  -177.54237358515149    0
3161    1523.0833665298946  -216.99832929500616    0
3162    1478.2700203239199  -230.03280566431016    0
3163    1441.1223778482395  -199.33491288409903    0
3164    1441.0196886157571  -122.50814841193198    0
3165    1648.9982574760236  -224.19941328570843    0
3166    1641.6037453191004  -77.394079760011408    0
3167    1502.9659883018141  -261.54984990926596    0
3168    1658.8669781423864  -282.36003834013917    0
3169    1615.12467411434  -124.01615678469669    0
3170    1667.4391741073184  -122.89779672969291    0
3171    1572.2749681225371  -68.849158247085043    0
3172    1762.9853544906559  -135.54402914332243    0
3173    1713.4288181081829  -142.69539813313591    0
3174    1750.8844906959062  -226.96978166082857    0
3175    1726.2725672470256  -56.417586469329962    0
3176    1744.041524406716  -179.5503703065375    0
3177    1687.5302181646671  -81.404712579082258    0
3178    1732.7754796785046  -101.48054112341902    0
3179    1831.5245424599416  -191.12938449745721    0
3180    1675.6025223163572  -20.382488917662016    0
3181    1804.7270638376147  -68.096717564473565    0
3182    1789.4159742236475  -173.00250685526095    0
3183    1834.5942704417162  -126.026089850441    0
3184    1700.1091751903234  -219.4133523035797    0
3185    1717.6538162403729  -275.89260192475336    0
3186    1727.1531345458545  -1.5375008478689978    0
3187    1625.9416514032346  -6.6692660311645611    0
3188    1820.9958176335401  -310.34001037576093    0
3189    1770.3497550856364  -29.677710766868579    0
3190    1855.6447100004987  12.054270707014879    0
3191    1818.8825224033189  -20.840517023551218    0
3192    1881.2947379908805  -65.284129842347696    0
3193    1799.8117868105244  37.461871901155874    0
3194    1698.1760891448494  33.782550721881321    0
3195    1774.1827933979  -278.54240835156497    0
3196    1865.3911828410844  107.52195402494993    0
3197    1778.9211875039746  81.82233352514038    0
3198    1827.2632347189344  77.488755776482947    0
3199    1873.1111299460101  58.502450905063768    0
3200    1928.2590243757088  11.256446678966631    0
3201    1995.0041652780258  99.833416646828155    1
3202    1929.5349868751241  92.506137592457861    0
3203    1741.4508673670782  -372.52245538841396    0
3204    1827.2192809203902  -250.81940556648436    0
3205    1772.901966088988  -330.78637205919182    0
3206    1722.9211025767579  -325.84060511547437    0
3207    1833.1946506616987  -405.82032252804947    0
3208    1691.2810369853498  -365.41822739483291    0
3209    1813.6300380769471  -359.8005177458511    0
3210    1645.1039771999617  -395.0144916899647    0
3211    1783.4680216708264  -399.79213490638551    0
3212    1890.3111017239401  -354.36944181818353    0
3213    1706.3444035559528  -439.74219653127136    0
3214    1797.6450224874989  -490.95782401167241    0
3215    1803.4132445913669  -443.37565529064852    0
3216    1754.9674803555793  -439.19044917671357    0
3217    1943.4387250929508  -461.57800247102091    61
3218    1731.366929766464  -502.12256331911129    0
3219    1870.4150917529275  -475.63877318289326    0
3220    1795.4159703749497  -218.52525519979338    0
3221    1979.8105354658021  -265.25190708959144    62
3222    1682.0898113798103  -317.07041895612235    0
3223    1884.5282633519093  -286.89728651414305    0
3224    1648.2785770838707  -454.95641939292693    0
3225    1883.5579017752468  -224.88266738499999    0
3226    1686.8540921124818  -483.76911492943685    0
3227    1616.489373866674  -537.74651361826579    0
3228    1644.0595222589438  -500.83456720563674    0
3229    1600.6606537410239  -473.7104416662346    0
3230    1686.8273095983989  -561.53081588033592    0
3231    1547.6686243252659  -451.14058803569696    0
3232    1927.4298137924714  -255.21109159136543    0
3233    1973.1737061754857  -314.78845781689074    62
3234    1986.4473647561185  -215.71535636229211    62
3235    1928.5908893308679  -301.66952353018371    0
3236    1931.6941985717551  -183.16674177587237    0
3237    1499.9349083275031  -478.2175338921333    0
3238    1946.7274501963873  -220.20495830758503    0
3239    1996.5420970232176  -83.089402817496392    63
3240    1529.0081266866014  -565.1618764399301    0
3241    1948.0033447064391  -122.68603691394712    0
3242    1553.6241114214752  -510.65286542359172    0
3243    1500.8348804934865  -526.24964447848561    0
3244    1452.8974425699128  -590.61244025974815    0
3245    1940.501295583068  -63.94134531413755    0
3246    1891.7583172665231  -139.95838161688778    0
3247    1572.9852973062964  -552.20900645748929    0
3248    1573.9585772136427  -636.64483313347762    0
3249    1611.0322807541361  -593.9939669948177    0
3250    1998.2710485116088  -41.544701408748196    63
3251    1960.2411296760647  -19.15369611983169    0
3252    1910.1196361039702  -30.292085404542874    0
3253    1874.9351082927039  -181.19197255701596    0
3254    1910.0545998568548  -99.324431950175992    0
3255    1668.1036487066308  -681.04084905213472    0
3256    1645.140294034926  -568.91465674600465    0
3257    1659.6349588734554  -624.36069546384988    0
3258    1620.8999888653307  -659.12089954072144    0
3259    1557.5854176910768  -731.09703963707454    0
3260    1620.2240359672317  -722.3620258237388    0
3261    1579.0922040081368  -686.17997579139058    0
3262    1491.9248422896062  -670.18007158495243    0
3263    1533.0216887258462  -691.72827953327328    0
3264    1475.5136020627324  -754.95737473293025    0
3265    1764.3475799518792  -637.68812141078979    0
3266    1604.389496623342  -837.77052304360473    0
3267    1710.1117572970525  -645.79159909800921    0
3268    1717.4148896285078  -786.57878244826259    0
3269    1596.0311801743644  -777.8331944180328    0
3270    1730.2289751991107  -594.88487012131088    0
3271    1677.8756881021261  -740.76397742535312    0
3272    1530.8628450325423  -792.26043878887197    0
3273    1655.4337220247269  -800.1009063141405    0
3274    1805.5021135338002  -569.88406603538806    0
3275    1731.3504685321932  -548.51049466896666    0
3276    1752.95378500162  -715.93891062343062    0
3277    1569.4347329963132  -812.09354564383125    0
3278    1514.9901618484687  -870.55430888805915    0
3279    1561.6045908040262  -859.38385107569616    0
3280    1558.0995164735305  -947.60360316515414    0
3281    1611.7810694381344  -905.55692788868009    0
3282    1547.4107845183341  -902.99942089081071    0
3283    1473.6842401189242  -944.24968512248915    0
3284    1703.8215074559621  -873.08315103336076    0
3285    1772.4611687661911  -596.22110589154511    0
3286    1887.648717394402  -653.29216302916188    60
3287    1824.8008855210544  -627.98936250879899    0
3288    1742.1102484728258  -674.40512735642994    0
3289    1707.8678312723978  -705.52744558826805    0
3290    1796.6548408248282  -682.34715461465214    0
3291    1693.8091333277721  -827.18957358159037    0
3292    1650.8546779253461  -847.3146260428914    0
3293    1812.9979476853553  -838.47884424399263    59
3294    1753.2392831100497  -834.56839041356534    0
3295    1903.9946453475668  -606.06157971350683    60
3296    1863.0254117686311  -565.43877376490298    0
3297    1802.7969826454478  -735.55998034540789    0
3298    1762.4362633825842  -764.96928122676763    0
3299    1833.9774045867134  -793.11608695223231    59
3300    1871.3027894412369  -700.52274634481694    60
3301    1660.0583334852529  -895.71718306608568    0
3302    1720.2323017804792  -1015.2877220113941    58
3303    1708.5126898053234  -935.77893710701267    0
3304    1647.955495156772  -959.68891106002957    0
3305    1792.0184907839969  -883.84160153575294    59
3306    1746.4746680256383  -890.3110939416913    0
3307    1931.8896491968412  -510.20449943443634    61
3308    1831.1582929108433  -527.47579178728779    0
3309    1861.8004094034616  -607.64493357066021    0
3310    1785.2864044636863  -803.39595867797038    0
3311    1839.217385553583  -669.9199130943116    0
3312    1745.635667831559  -972.24604041945361    58
3313    1138.9390916262603  230.80249569285834    0
3314    949.03109945394021  454.76244459191258    0
3315    1524.9351704970943  -5.4011474942987636    0
3316    918.84054417768368  350.4613995604837    0
3317    899.79873582884716  209.73265000258988    0
3318    947.89731552518185  236.48344800697492    0
3319    1548.3188699001184  153.22631573744715    0
3320    1530.0833922148402  114.71300667409042    0
3321    1581.795376880727  131.38924170567327    0
3322    1586.0546322746013  174.49722185454652    0
3323    1638.0168484102419  201.70250503561323    0
3324    1541.2141146392078  195.19640537127486    0
3325    1662.4625788354313  162.2528499814652    0
3326    1725.792889155503  175.47744174492067    0
3327    1686.6749109919324  204.5554417919264    0
3328    1757.7811725137276  259.36182571643582    0
3329    1729.957160864747  221.93080988493836    0
3330    1788.210657731835  193.29539059372792    0
3331    1689.295461094966  281.2131949332412    0
3332    1361.3662478525671  224.40167229786246    0
3333    1343.4101537401236  286.04331816588757    0
3334    1382.1451418581521  317.36432047304584    0
3335    1362.2388101010577  355.60972870409722    0
3336    1322.6983761145161  374.05943881091446    0
3337    1267.5501910360301  358.047645461461    0
3338    1224.0762790482386  343.9368578474668    0
3339    630.54303278085376  -85.38411785566305    0
3340    -448.24646005293181  -12.701564101007747    0
3341    -444.50425119737287  35.965898688164216    0
3342    -714.71093554192669  -169.25535989493787    0
3343    -683.51843006906302  -141.31172292792377    0
3344    -111.41286312204343  -776.18840309705843    0
3345    -171.09928984620771  -840.53071442165947    0
3346    110.19720426395217  -847.04878407964839    0
3347    -19.339443692625586  -1010.9723265379371    0
3348    -268.28356387459371  -849.84717295212715    0
3349    -748.11779493228903  -986.44034603044202    0
3350    -866.67648865368983  -900.23539608434953    0
3351    -913.01743052843074  -884.19974625421037    0
3352    -947.79588332985054  -940.82727979291042    0
3353    -810.36591603191482  -947.42086160423617    0
3354    -823.70339318954302  -906.1447318654383    0
3355    -766.65719667513167  -910.5044247380597    0
3356    -769.52979612138131  -951.43687149096161    0
3357    -793.98156894356941  -990.44499622963349    0
3358    -708.55666767771834  -938.18966696455061    0
3359    -842.71580179614421  -984.37205807475948    0
3360    -763.95054188321558  -1069.7464901775916    0
3361    -912.1358709677487  -1042.3666083028611    0
3362    -825.8820690890177  -1047.8625721259182    0
3363    -885.60456948669696  -1003.5793060977345    0
3364    -939.72806099041532  -995.02536534613193    0
3365    -721.80316657289018  -897.08607556506479    0
3366    -670.50224476589904  -1009.7343860074794    0
3367    -1039.840226414987  -982.22834593619666    0
3368    -704.45157120780266  -981.89905499087342    0
3369    -721.02462330466426  -1034.7471562425285    0
3370    -999.07726293461064  -1061.327713556007    0
3371    -987.97943264142873  -974.50844833693009    0
3372    -1001.1511424847107  -917.98263557005941    0
3373    -1008.3036858981984  -1016.0293965115407    0
3374    -1083.9918942523773  -1055.034457688083    0
3375    -689.7645381453824  -1116.9104855932123    0
3376    -958.67457790977573  -1037.7795662534502    0
3377    -942.49250250533794  -1111.9784139361884    0
3378    -674.96469461081608  -1064.2513831626725    0
3379    -719.03027755948324  -1081.0166954553306    0
3380    -758.4678623467355  -1143.0495403544123    0
3381    -1350.3545375914621  -629.79310585984149    0
3382    -1395.5937804962173  -613.01273063386941    0
3383    -1402.3262056981248  -661.41500055220615    0
3384    -1475.6078777740518  -713.67937802310007    0
3385    -1415.5983465431286  -720.313236466278    0
3386    -1446.3376721235838  -677.21257620725999    0
3387    -1485.3560765767434  -648.6799797379557    0
3388    -1480.8299251940391  -594.63378523358324    0
3389    -1522.4385085819658  -687.47205419496333    0
3390    -1620.7551899715586  -677.26689562140632    0
3391    -1570.1576576986483  -668.50427733931679    0
3392    -1545.4815486050918  -783.59350553370871    0
3393    -1577.184736089695  -621.63264617398988    0
3394    -1520.4044152979898  -738.78244510925947    0
3395    -1633.3733127751136  -622.50648365445852    0
3396    -1585.231599967289  -731.92625662960427    0
3397    -1454.7105772401642  -804.96833720758548    0
3398    -1477.8354459208165  -762.22561866280012    0
3399    -1300.2274625790317  -671.99725795046402    0
3400    -1436.1527228563498  -585.40723095920703    0
3401    -1680.5408317905474  -547.73315676533571    0
3402    -1724.1393552327609  -672.25514045246257    0
3403    -1336.5450217483794  -798.52407385611605    0
3404    -1306.4688700947138  -628.53960134750412    0
3405    -1644.4250109503864  -577.21451138129362    0
3406    -1619.3173817239096  -530.05585851357898    0
3407    -1701.5107897382813  -610.28451035012358    0
3408    -1628.8438418756232  -486.59404604284293    0
3409    -1671.7404853652224  -660.18117404119505    0
3410    -1677.4585163742934  -755.10381274718202    0
3411    -1659.5927685078357  -708.54648175945181    0
3412    -1365.0419311362966  -748.27008961501372    0
3413    -1411.9302510157925  -773.3708041138442    0
3414    -1393.3633745910017  -843.2679454066398    0
3415    -1295.2509837488253  -741.90128283786214    0
3416    -1332.3920960946666  -720.47742686102106    0
3417    -1678.1784038877693  -409.40092367276907    0
3418    -1767.0234602506337  -369.14325290515052    0
3419    -1716.9235581895482  -376.74263507636658    0
3420    -1726.7649748189158  -288.24607516321106    0
3421    -1748.2303674697823  -414.19208483630592    0
3422    -1736.0781850929843  -334.0772632377753    0
3423    -1837.486065414842  -424.98263798823746    0
3424    -1812.6676331270714  -294.65191658640498    0
3425    -1788.8224949002943  -452.96944459864096    0
3426    -1794.6028502121223  -406.71874120689404    0
3427    -1826.5302096671587  -354.37591822244934    0
3428    -1851.6330513344046  -505.8830814764753    0
3429    -1893.5202610785625  -307.35598757372725    0
3430    -1829.8492064237003  -468.00524540724797    0
3431    -1954.2779624883258  -413.28679617008032    34
3432    -1788.6632835188843  -516.89454668276699    0
3433    -1892.8189742392206  -456.99378020095634    0
3434    -1850.5279155627336  -317.33496862029148    0
3435    -1859.672945942194  -259.13317333644318    0
3436    -1884.3752306991021  -365.55778285757566    0
3437    -1903.2548798702574  -606.32432971645153    35
3438    -1893.208922367854  -499.11511006661561    0
3439    -1918.4256325145896  -558.70326688505747    35
3440    -1878.5954475603776  -540.42901104495058    0
3441    -1827.3588200150145  -552.62339192931654    0
3442    -1764.5877803603573  -581.78782713506507    0
3443    -1776.6733526523681  -198.15462031102243    0
3444    -1985.7745457036181  -216.11983757082874    33
3445    -1964.6187511530279  -364.3890922282888    34
3446    -1932.1856300356492  -331.9879239936601    0
3447    -1980.3670427606739  -265.80561292866298    33
3448    -1939.195749711952  -286.46192320612664    0
3449    -1939.7711860028346  -236.25025458299979    0
3450    -1903.5079976438928  -260.94380243386433    0
3451    -1884.3264217602693  -193.80156037889603    0
3452    -1941.2179565074698  -176.92634232770303    0
3453    -1881.9886776390608  -411.88604276215841    0
3454    -1809.0723380532079  -241.03126245293444    0
3455    -1771.2787733268594  -270.49620261081452    0
3456    -1830.3108676376639  -191.30355404074481    0
3457    -1729.7446676542895  -231.02703501919908    0
3458    -1882.8570828348381  -84.510954709666379    0
3459    -1991.1820486465622  -166.43406221299446    33
3460    -1686.8492941611096  -257.48035407732573    0
3461    -1680.0943454183437  -307.52059044082921    0
3462    -1634.925982086058  -180.53660631930433    0
3463    -1650.0365775581176  -226.33101153455672    0
3464    -1598.1044087197351  -238.88099282059699    0
3465    -1692.347349244036  -186.97970281342347    0
3466    -1555.4899157121808  -194.08926064708567    0
3467    -1899.004557313016  -138.94904271350387    0
3468    -1792.1871157787425  -106.22143292061273    0
3469    -1537.5421347596871  -141.04864797203774    0
3470    -1596.9189219937052  -197.3414466451398    0
3471    -1579.2843338133705  -156.48087679932161    0
3472    -1584.2267162631679  -78.942605457024086    0
3473    -1997.4299260680327  -16.793480994289595    32
3474    -1947.6726834942901  -127.30198343701139    0
3475    -1997.0097388287695  -66.770883924724885    32
3476    -1934.5897095110747  -41.255616913706831    0
3477    -1844.7222674944428  -125.43642101279016    0
3478    -1798.3585993885749  -154.53844395873253    0
3479    -1739.803543561138  -152.62469411981883    0
3480    -1548.8886348591577  -100.97849337731658    0
3481    -1538.0359667446037  -44.221413713322349    0
3482    -1627.7975845417081  -120.64651724457292    0
3483    -1477.1006137350637  -40.856380514019541    0
3484    -1610.9539355793629  4.6986348204990662    0
3485    -1686.1380757364852  -128.44829597326785    0
3486    -1461.0207943139494  -85.61277898572159    0
3487    -1583.0180038892299  -32.465458877428581    0
3488    -1545.2830498338467  19.984728596525045    0
3489    -1650.1411932668034  -53.839739381623602    0
3490    -1734.1650698063575  -93.490616679655389    0
3491    -1660.9723733756143  -94.602053433254923    0
3492    -1697.1000474013601  -63.182205743556146    0
3493    -1686.0095639105884  3.7606559081272906    0
3494    -1765.3977377323865  -17.477150616369229    0
3495    -1770.9990914357159  -64.201878331867334    0
3496    -1834.4555804128172  -32.896614871859839    0
3497    -1831.5374322810985  -80.059778356295482    0
3498    -1143.8850188210085  -794.73244867535493    0
3499    -1124.644165629026  -905.50158529479529    0
3500    -1243.694496699846  -219.58748366662837    0
3501    -1050.1488501316887  -228.89306907246717    0
3502    -1446.5446779806168  340.26627751030128    0
3503    -1462.7105961235236  527.38888550083686    0
3504    -1459.5682224652696  586.15598196869166    0
3505    -1487.8720473457324  668.67002960508944    0
3506    -1498.6637132608425  558.77892021130765    0
3507    -1509.0950712152433  615.2787567571919    0
3508    -1458.9369040515085  632.48392388198454    0
3509    -1425.2080493631622  680.07460042452658    0
3510    -1593.1315571813229  679.59695978248988    0
3511    -1391.5603488877234  657.14408142188984    0
3512    -1462.0141742833403  704.4506600569423    0
3513    -1529.5508848662093  749.73286184663584    0
3514    -1507.2864186525258  709.93414059512315    0
3515    -1555.3087046557134  709.1962216675704    0
3516    -1614.2900751012562  775.12605052675349    0
3517    -1544.3681917213864  656.25085931320427    0
3518    -1600.5632560522233  728.05865097721573    0
3519    -1690.8641806637741  727.25848734626948    0
3520    -1645.4365260475424  696.37656512988417    0
3521    -1597.1604839373217  608.58222483581608    0
3522    -1647.2147506060051  742.61403314687482    0
3523    -1688.3872506948087  817.23640869487372    0
3524    -1722.8954821604548  631.28682656725482    0
3525    -1693.3453424636878  674.75541413120777    0
3526    -1846.2944826857195  762.36803038973449    28
3527    -1659.9647524763243  620.2846880176603    0
3528    -1779.5484392913743  701.57821166022643    0
3529    -1740.5277439138265  675.05176890946791    0
3530    -1803.6266132144083  624.19578516740353    0
3531    -1701.6157219445956  567.52549011696112    0
3532    -1721.9503398483284  525.85056853361755    0
3533    -1637.5684434099296  566.10138687160986    0
3534    -1622.7449653484894  645.65538182004684    0
3535    -1545.979562692024  516.80189829125538    0
3536    -1951.4334960246088  429.43399785090656    30
3537    -1841.1124846762095  439.31613746547868    0
3538    -1899.6292976701693  158.56656934616188    0
3539    -1993.6989737101419  132.93099767986934    31
3540    -1611.2279732294958  139.38938944931002    0
3541    -1655.5794101044673  157.00058523898934    0
3542    -339.17322503678832  868.20377307976253    0
3543    -284.27266014451283  885.81404255776749    0
3544    -280.96220228782369  944.17272142765296    0
3545    -318.55043286990872  981.05028559506184    0
3546    -657.06982823951512  1145.502604330504    0
3547    -708.70977109491753  1148.5090244454068    0
3548    -748.41348854340345  1223.7976521680364    0
3549    -716.55518169827008  1192.4849801252967    0
3550    -683.39637661950565  1258.0846503406317    0
3551    -769.86889681202149  1170.1053147475227    0
3552    -815.25614026513631  1183.2376376971383    0
3553    -772.17202653008826  1125.758035534637    0
3554    -970.55282673087265  647.34286186231964    0
3555    -463.85349210597536  1550.245410591464    0
3556    -668.2330906242355  1369.5869367561049    0
3557    -572.39161675864136  1418.2553578834445    0
3558    -1312.1452941898369  1042.8116348009617    0
3559    -1335.6888293935813  1108.0563991906915    0
3560    -1384.4312304345615  1106.3289107838348    0
3561    -1445.5266364309534  829.0047426083712    0
3562    -1459.8474357756902  788.14492255589357    0
3563    -1397.5477617289309  870.67181112904723    0
3564    -1388.3924049357083  584.83831382634048    0
3565    -209.83492116142997  1535.083168800878    0
3566    -174.64128519269275  1555.28838369603    0
3567    -294.17428681093156  1603.9447140684822    0
3568    -264.03670455421042  1554.7774186715751    0
3569    -239.55024084578037  1603.6068528568796    0
3570    -318.59419538493972  1555.1560755141363    0
3571    -200.14408666550938  1671.4350575435819    0
3572    -392.87303810847868  1622.8401560606424    0
3573    -266.48595001250851  1664.6166922982079    0
3574    -207.25086869355468  1630.2028852673814    0
3575    -167.39950364492449  1644.5626483625044    0
3576    -149.74317626883177  1685.7110132928451    0
3577    -179.0843356077894  1762.7884831213446    0
3578    -185.59736055813704  1716.1857637521459    0
3579    -264.67103822371382  1750.9932885234973    0
3580    -236.41403611686854  1707.9646596973996    0
3581    -220.79239827494442  1749.0159605396996    0
3582    -224.35325010233419  1829.8391110860896    0
3583    -240.99174985799038  1788.6160472148274    0
3584    -305.74962016548585  1838.7230492141284    0
3585    -289.46915974566349  1792.8640141100313    0
3586    -378.90480822799782  1786.932766569819    0
3587    -330.8816725957077  1740.058509994863    0
3588    -335.02344345446699  1802.5111323322385    0
3589    -356.04658898861197  1965.5124413306637    18
3590    -384.58027079024686  1872.5115038001618    0
3591    -379.17446594342647  1563.2733199900556    0
3592    -345.638827146898  1602.3440503005952    0
3593    -321.45874128430984  1653.050210876662    0
3594    -425.69474941713429  1583.9336074971684    0
3595    -478.25447135617111  1661.5707215216541    0
3596    -441.02576722584007  1630.1644461136057    0
3597    -405.11366819573078  1704.3150190142539    0
3598    -496.08130366702721  1602.6705458477572    0
3599    -302.44948015008362  1699.1232967494611    0
3600    -354.19602597286132  1693.5235427552761    0
3601    -386.75548818940013  1665.4161813397047    0
3602    -591.58165040171411  1663.7226895477154    0
3603    -553.0001523837218  1531.5618451297405    0
3604    -535.2215440866903  1646.6646391632371    0
3605    -511.7797303103589  1556.9016747468304    0
3606    -548.80019025650404  1595.1761179020637    0
3607    -497.08936374473154  1486.8081414614151    0
3608    -533.16237965555445  1755.1045849921109    0
3609    -653.67367416892284  1570.1543270183395    0
3610    -549.48480182487049  1701.1750075757823    0
3611    -597.36496379087498  1566.436695098429    0
3612    -495.56703143330759  1714.2910343651017    0
3613    -636.92585414072937  1757.0749479822225    0
3614    -593.32423018759721  1615.0113837046645    0
3615    -660.07107788533108  1641.7859822423109    0
3616    -628.59009234278074  1521.7843739549285    0
3617    -451.41178824759646  1699.5882050534417    0
3618    -434.08416629966899  1758.9713384805559    0
3619    -601.08866687167028  1716.7935254877593    0
3620    -726.87846639222835  1501.5030796264214    0
3621    -587.57863615902238  1501.8063526161523    0
3622    -543.73902610599282  1485.8302498090945    0
3623    -519.55329587385836  1445.250586465228    0
3624    -456.673099704962  1438.1109184301397    0
3625    -433.52189249432752  1826.2882006718644    0
3626    -483.84845463099379  1762.807813878263    0
3627    -550.49166155659066  1920.1477185656097    19
3628    -521.13369565321943  1839.7989199141552    0
3629    -514.23218679729803  1795.6173831446756    0
3630    -478.75494841207575  1823.7890148670849    0
3631    -585.25642539282376  1807.1526336930583    0
3632    -459.41457060379889  1884.3340321726955    0
3633    -658.83047613846611  1701.5047025256215    0
3634    -672.39812912580453  1485.7833688448281    0
3635    -436.85789655948264  1495.6769000770612    0
3636    -418.18049131501863  1538.1488278882368    0
3637    -424.07023493827296  1865.3022579314152    0
3638    -405.22538918739309  1956.6038515435271    18
3639    -421.52103443186439  1912.3717026518348    0
3640    -373.17869819420116  1919.8910675106422    0
3641    -332.54858295340608  1885.0520665413765    0
3642    -350.24772043347781  1844.2751779187179    0
3643    -258.18972149394159  1897.1494359014273    0
3644    -502.44792547138246  1933.9214901609998    19
3645    -515.14288688467627  1887.525679085169    0
3646    -564.51983945800487  1869.4842532718421    0
3647    -598.53539764179891  1906.3739469702193    19
3648    -631.69232846924433  1671.0686860258106    0
3649    -739.43640341064599  1855.597514513096    20
3650    -765.31559368554554  1673.8445870408141    0
3651    -688.12727206055058  1533.5373782088143    0
3652    -722.22056729086432  1600.1339253774336    0
3653    -735.45517778296073  1551.333528687823    0
3654    -810.60978475290813  1597.9101739630894    0
3655    -766.08339965693949  1585.8346704151502    0
3656    -811.47249141394627  1512.5962623769444    0
3657    -767.45462194922663  1520.1725248739699    0
3658    -777.25381660747894  1445.4461513204649    0
3659    -661.37785850634907  1428.0055247593882    0
3660    -392.60035413282083  1500.1759706937632    0
3661    -730.81141091841027  1761.9803664761848    0
3662    -708.17224248742389  1672.6574862291793    0
3663    -620.12549962156061  1393.5531803909109    0
3664    -622.04628174113338  1337.1423221434104    0
3665    -723.97953510751893  1405.7401151315357    0
3666    -684.6903636315451  1743.8004196600868    0
3667    -678.99851395413043  1815.890538674242    0
3668    -735.91491983844469  1713.1564411011448    0
3669    -806.68746468312406  1745.2329086944521    0
3670    -737.42012367833183  1640.7005967411501    0
3671    -781.4232230996339  1631.9766480686055    0
3672    -839.68868741877463  1678.425280941231    0
3673    -673.16083207407928  1313.4748873332032    0
3674    -711.06060155503769  1454.0565567827189    0
3675    -723.04333100850681  1346.1279527546649    0
3676    -639.82990089651355  1278.6748449686193    0
3677    -642.11995537740336  1227.1344211359212    0
3678    -788.38764994996393  1374.9151583016053    0
3679    -598.09085250933936  1238.5081691157122    0
3680    79.916867432604718  1749.8785203393736    0
3681    -16.868710686260584  1885.4625937781777    0
3682    -91.789972659834405  1675.4024947449943    0
3683    290.31931518421266  1976.9220882847176    15
3684    361.35782831060789  1751.0951777159516    0
3685    824.76633909362158  1574.5120390289228    0
3686    656.79435245770492  1727.7990181075174    0
3687    815.95387590225073  1823.2464460286619    12
3688    423.79869001622876  1846.1755231694251    0
3689    445.92108921108047  1895.5597159374277    0
3690    379.24247126577472  1832.5705880859473    0
3691    486.23181438700146  1938.0621431200195    14
3692    502.14560635412806  1894.8574071048147    0
3693    403.21574135672245  1790.956667482523    0
3694    720.42682356059095  1554.5394812383574    0
3695    777.76500525291567  1537.5251699166467    0
3696    769.00253251013942  1597.0172246439838    0
3697    770.47203679334382  1497.6264544040516    0
3698    836.89969914927042  1506.1002258903056    0
3699    827.90240446969858  1662.6215853844024    0
3700    746.09346051592252  1640.165132090606    0
3701    791.11057449481405  1636.4109884298655    0
3702    666.15496105917373  1587.8779184941689    0
3703    1108.4504731506138  1318.886045487166    0
3704    1185.4710549307797  1439.14329502289    0
3705    1041.4059879513768  1481.4313963689751    0
3706    890.72117418362461  1415.2797214932507    0
3707    943.86272504779186  1492.723053470708    0
3708    871.52731410218462  1465.2631009718791    0
3709    928.21346449072666  1446.5070529353525    0
3710    892.75086071679777  1518.3592003888316    0
3711    993.352033995601  1436.2829382938673    0
3712    963.75260921644519  1596.1483623423676    0
3713    939.22202082206559  1547.2406965384005    0
3714    996.9897874255164  1524.7017241442643    0
3715    891.71512932689961  1601.6744285124162    0
3716    987.21569262906496  1480.8196272974201    0
3717    1161.9122741388042  1624.7978944353799    10
3718    1083.1286860407156  1568.6903561783679    0
3719    1047.5024510193439  1532.1206771385353    0
3720    1119.3463304101811  1497.768669093304    0
3721    1025.0906129573866  1589.5927274456803    0
3722    991.50762475917236  1565.6057403268103    0
3723    1070.831681731818  1625.5723757310836    0
3724    1121.258442937542  1653.8699320255864    10
3725    1116.8364160314409  1604.7254229257867    0
3726    1137.4072006657927  1551.7003233511273    0
3727    993.89842729371719  1732.6783448693318    11
3728    1185.3800183080098  1505.644995508859    0
3729    1006.3721083862366  1660.4548608496393    0
3730    1037.2515195149983  1707.8101572425624    11
3731    997.33880154937572  1620.1653290483121    0
3732    949.09426897491176  1652.1396685588334    0
3733    1047.3056039369749  1659.0972590885974    0
3734    972.57810422247428  1691.807219184705    0
3735    950.54533507243593  1757.5465324961015    11
3736    892.26046712941275  1706.1607783863024    0
3737    717.1757428111697  243.7811390765545    0
3738    825.70504477163092  277.79083173681624    0
3739    788.73196305618501  449.83548380274982    0
3740    873.30064953452745  358.73067290196633    0
3741    829.56966167613461  331.65246102560627    0
3742    865.13292083212616  419.5351592919863    0
3743    891.82472719676434  473.48592638997769    0
3744    910.6919039737403  434.3774865983695    0
3745    932.76027800679094  501.80360069728414    0
3746    937.13348484385949  555.62535696569125    0
3747    853.49249189863781  494.48098218091019    0
3748    818.00105880588239  519.99411187784563    0
3749    918.07316889532513  594.38475510480225    0
3750    875.42264597855115  579.56026342331916    0
3751    900.89939221840223  531.48095697913845    0
3752    827.70594989326491  77.209108032649311    0
3753    847.75989074097038  37.014082444725219    0
3754    900.41553677268087  30.97446934423467    0
3755    832.62774001001458  633.47559102800005    0
3756    1398.4535606110862  956.32213591516404    0
3757    1470.5752465921034  1000.2919766922986    0
3758    1521.1102128920049  1001.9491139443694    0
3759    1579.5961314705842  929.47462389495092    0
3760    1533.8529416996141  1044.8833169845684    0
3761    1580.90235272679  1007.561106814337    0
3762    1533.8098570065501  1090.1769780377865    0
3763    1540.1323926651899  957.46384015559556    0
3764    1590.1778021941668  1208.8601606327265    7
3765    1513.1147213429051  916.19661212041365    0
3766    1584.8515070726955  1131.8106806410688    0
3767    1555.7794761304931  875.65053296734379    0
3768    1702.918176800051  1044.0680119992385    6
3769    1537.4244317460912  768.80583087738398    0
3770    1663.1030687567311  860.34221872824855    0
3771    1636.0462971280633  1045.4135048595219    0
3772    1531.5340846537929  824.81671840648914    0
3773    1611.6001410951108  883.13178109674732    0
3774    1475.4500114624157  817.27038002948507    0
3775    1607.6003057296352  804.50100013465476    0
3776    1670.2032901979869  945.97967042855271    0
3777    1450.3189306467002  741.61737246730502    0
3778    1624.6580623574625  843.05041988511346    0
3779    1580.7837007484015  839.41575481067218    0
3780    1666.4546489337574  801.50716387257864    0
3781    1626.7100732193981  927.78886606402421    0
3782    1629.425634068969  982.38646087820916    0
3783    1448.523456177996  784.21444436046818    0
3784    1393.3214569076579  760.55129413129384    0
3785    1490.9209277328273  764.66512990068998    0
3786    1504.3722669013862  693.6815696345808    0
3787    1632.5512968917537  715.00906931936345    0
3788    1798.6435558932578  868.84388091285348    5
3789    1729.0416502903981  1001.4595446038222    6
3790    1677.8094652111436  999.36127743435998    0
3791    1364.8769149570321  807.140668520688    0
3792    1409.6818583778634  714.54386030927731    0
3793    1359.643935339066  722.66282741732857    0
3794    1635.0396857671406  763.92707286969221    0
3795    1585.9278096840023  760.27897008780155    0
3796    1706.9343644958715  735.74760122378973    0
3797    1553.314943635083  716.98148188394998    0
3798    1732.7422897212048  834.79627582167143    0
3799    1692.393981920143  832.49780616044086    0
3800    1715.22321763074  787.03861281968045    0
3801    1709.9130540106078  880.25546916243195    0
3802    1776.5957708461817  750.8052748389922    0
3803    1308.6466174341172  1053.652115257592    0
3804    1375.1774098510555  1135.1495655575168    0
3805    1385.5496703291701  1247.9734762986291    0
3806    1296.3409448684288  1166.7414456943422    0
3807    1396.2746326006402  1190.0987636550224    0
3808    1329.6223841181145  1135.6313463101867    0
3809    1352.8215231528791  1175.2575341429256    0
3810    1283.6477502947689  1119.8051113815479    0
3811    1252.1628057395071  1153.5042249604553    0
3812    1258.6282422698973  1212.265429891183    0
3813    1475.6982738818463  1222.0119709961623    0
3814    1316.8715064205844  1222.1321050073298    0
3815    1441.8289720564239  1191.5148633394131    0
3816    1479.2508320710508  1163.4031708067102    0
3817    1431.2833403828165  1237.2823108163118    0
3818    1535.1998042831328  1184.9469498190956    0
3819    1461.5488966316539  1361.573778137214    8
3820    1423.0261375221467  1305.1236147393274    0
3821    1469.5523415842499  1276.3633235829989    0
3822    1358.1625052379193  1216.5768018822284    0
3823    1342.6794902748959  1257.7257419846301    0
3824    1374.0207564434388  1296.3963672494435    0
3825    1282.1032429267248  1274.4947870234641    0
3826    1387.0680628953421  1365.0844487640545    0
3827    1323.2890511535477  1305.4768970976261    0
3828    1247.7734128019658  1362.9969182658585    0
3829    1277.4194197563625  1323.5872475174124    0
3830    1322.3955251477782  1370.3579293612725    0
3831    1227.5790409978208  1316.9501893563702    0
3832    1189.5835217641911  1361.0652142086753    0
3833    1620.4245160067617  1169.0725537113988    7
3834    1559.9310883815717  1248.6477675540546    7
3835    1514.5792047513828  1245.5617120198863    0
3836    1495.6166356003155  1325.0045763062981    8
3837    1217.3624017215329  1401.6757060774778    0
3838    1318.3166776178298  1500.6830005270062    9
3839    1254.0663666102475  1465.223376227425    0
3840    1271.3782432865307  1412.850752402662    0
3841    1573.8335050480321  1171.2811744602943    0
3842    1228.6328027064844  1061.4267760340149    0
3843    1157.7502940496308  1098.0938440278628    0
3844    1182.7317796633388  1138.5238579041318    0
3845    1237.2262906551525  666.01571998814563    0
3846    1184.9960615017987  696.97272787253746    0
3847    1160.6659080508794  638.45669926190703    0
3848    1200.9256478333959  604.80555149404006    0
3849    1286.7185624810922  591.11505625525319    0
3850    1333.8414572033321  603.92196591050811    0
3851    1268.8335527919269  438.61337081386091    0
3852    1337.428181766654  421.44618611845658    0
3853    1609.2358239918426  635.02216777749993    0
3854    1641.8073831549546  668.91942458038636    0
3855    1701.9847975224134  675.42253636953342    0
3856    1593.1107839492308  683.11405166573047    0
3857    1674.5777694388228  708.03681962383234    0
3858    1761.0646252740892  590.57308650151117    0
3859    1750.7329171604399  701.78842179894139    0
3860    1718.5377171272423  623.9550965359366    0
3861    1876.3974831284911  684.93854896999005    4
3862    1687.6078478467466  570.40660667477391    0
3863    1771.4859147062602  647.62877223535088    0
3864    1814.3922065467568  699.53121149443257    0
3865    1835.8200983651438  606.3984830533152    0
3866    1859.2597355671305  731.88761679364552    4
3867    1795.1965099231795  613.81843020638257    0
3868    1806.4641756813369  560.59261171737262    0
3869    1823.2584260385415  652.53972409274388    0
3870    1754.6352095303703  531.47240115096315    0
3871    1935.4030669668477  494.18953745640084    3
3872    1728.8134400850313  564.18154957101012    0
3873    1761.9576810077233  444.11020613021878    0
3874    1864.4307919363473  555.75285044164389    0
3875    1742.5535108196138  486.47177190894848    0
3876    1701.2265890833874  454.41794015384124    0
3877    1810.9001841183492  492.15377251722759    0
3878    1658.1845243818582  480.04326134647374    0
3879    1923.0380226090299  542.61497538954006    3
3880    1884.260657209348  506.92211235077122    0
3881    1892.6893449332622  431.70018149439619    0
3882    1505.5275008347678  239.10470661467048    0
3883    1579.0593409140749  271.82950912467317    0
3884    402.80702113918301  -569.15527332168892    0
3885    348.35496473648345  -648.20371441815598    0
3886    396.43602988024975  -672.43178069723012    0
3887    465.72125888077744  -743.38136010403719    0
3888    421.07291674610212  -717.67758153647401    0
3889    417.5908773162617  -775.35574071862288    0
3890    481.91516198067723  -663.62225913279292    0
3891    440.19661949672934  -677.93405148989416    0
3892    448.21670070558952  -633.35221441651447    0
3893    496.01873835718493  -614.02868283808323    0
3894    550.04340359655396  -656.19458388433145    0
3895    416.50728966699012  -881.78034180944462    0
3896    488.10790013961775  -829.29154368079082    0
3897    402.04045932473639  -828.41522735058606    0
3898    462.13085200338088  -790.18882410702895    0
3899    531.92713675606331  -772.00117366903169    0
3900    351.70202668951737  -841.48929376884882    0
3901    319.40150345568202  -811.52007232155893    0
3902    274.15348537526171  -814.58072271175251    0
3903    342.19291929501628  -929.04684582660877    0
3904    222.14531204112922  -879.94723800169675    0
3905    333.41816479756636  -883.79873172724638    0
3906    276.87017946738905  -908.20868012141852    0
3907    444.90531539264447  -845.43840287474086    0
3908    495.13053474101014  -913.95123789241791    0
3909    199.40800525842397  -991.09005225588726    0
3910    226.45067303079375  -938.72519407115226    0
3911    151.12560259850005  -914.69593886831422    0
3912    290.25501968119539  -1004.8407531578046    0
3913    181.74108123308278  -948.80114018356107    0
3914    105.97422846312996  -986.02133736303119    0
3915    152.84562925095412  -985.70750222394463    0
3916    129.96627198207099  -1068.9544831454778    0
3917    170.69574344268491  -1035.3809138588283    0
3918    127.67341490794556  -1024.6808450307437    0
3919    51.934047182975725  -1041.7730582688869    0
3920    209.84768423775259  -1124.369815508961    0
3921    237.385157846369  -1047.1613739302809    0
3922    177.7219747178579  -1085.3968020092366    0
3923    124.6964278879116  -1161.8333293338858    0
3924    161.9887306549264  -1131.0930406459311    0
3925    197.83663090224036  -1212.5721501023352    0
3926    191.4033447674521  -1166.777113310123    0
3927    275.8019547552816  -1178.2701901167663    0
3928    272.58871922764769  -958.04474648425696    0
3929    245.26642557499468  -995.09205411020196    0
3930    238.56716417245394  -745.2133135348588    0
3931    197.02329270230086  -731.47774611194984    0
3932    164.3258292375827  -757.58276694591882    0
3933    124.87653558132021  -740.3656076632227    0
3934    165.85080378185836  -819.61283249092389    0
3935    126.89817981745344  -789.53668291621295    0
3936    154.38499140463603  -866.51893505813598    0
3937    220.26501278968612  -822.75431160197854    0
3938    880.08119603769342  -38.367430658525073    0
3939    802.46246300602047  -6.1860348087646742    0
3940    635.2108561425365  -636.99078755987887    0
3941    669.46792699213506  -699.62647749499456    0
3942    1269.0843454103883  -691.82128882821632    0
3943    1325.0355160720096  -484.76996602858577    0
3944    1334.9866322445098  -551.41176290951933    0
3945    1472.6300064152297  -339.52487963926586    0
3946    1427.1067294570905  -61.652235140771751    0
3947    1387.0901530644346  -35.589007161515795    0
3948    1354.6102444938438  -111.96742100060241    0
3949    1399.9319650469959  -99.883321795015746    0
3950    1795.9334086979952  -109.29469576744982    0
3951    1610.1258342430174  -47.26829901176432    0
3952    1843.6717831137832  -84.681760474766136    0
3953    1997.5020826390128  49.916708323414085    1
3954    1915.4319630023128  52.09275004092941    0
3955    1992.5062479170385  149.75012497024224    1
3956    1915.7483641560916  170.92988352332299    0
3957    1897.1351969287002  -417.7558161878469    0
3958    1954.9878009890601  -412.95150550760548    61
3959    1860.641942881869  -436.01847646106546    0
3960    1861.6986363460833  -322.83783877078656    0
3961    1930.5170748641053  -343.32130986702083    0
3962    1923.5317819072843  -384.89128472109343    0
3963    1399.0029266243155  -585.74344155219376    0
3964    1392.7692073871883  -685.22025094679634    0
3965    1429.4256646413098  -549.70815976392851    0
3966    1421.5314147659162  -637.08891324981676    0
3967    1371.7126223175671  -639.97781448952458    0
3968    1310.9660328402417  -647.22726536005428    0
3969    1443.0954957949175  -682.63461790460792    0
3970    1420.6148126662233  -736.13836594956251    0
3971    1466.2260261698452  -633.43001475830022    0
3972    1520.4554290974838  -622.86857419800708    0
3973    1251.1589112987488  -633.02195743562208    0
3974    1332.0177605198958  -708.96274020521275    0
3975    1415.714654157719  -839.91794737413511    0
3976    1494.8656752149454  -589.58877649610224    0
3977    1287.6051650241404  -612.57859586415714    0
3978    1177.1216474328965  -641.37050908475294    0
3979    1433.2579005562025  -788.74081044582886    0
3980    1212.2499663082187  -620.43241451451865    0
3981    1174.5427477504545  -592.66563399334552    0
3982    1217.804036315521  -669.68744268492765    0
3983    1149.2312890467913  -724.82231167617533    0
3984    1175.4251882906572  -687.19004504598263    0
3985    1133.2206533484784  -662.68625708185982    0
3986    1219.4720687379563  -745.78108062649676    0
3987    1359.0782545960653  -778.74939957700485    0
3988    1472.8590354197793  -830.91129936518587    0
3989    1452.5326180350742  -887.73149083470355    0
3990    1362.9172620758184  -953.48657891132291    0
3991    1416.9981099230081  -933.24712027233431    0
3992    1368.9504479435066  -887.23445666296561    0
3993    1425.8366627796504  -1039.2372737358323    0
3994    1436.3647421545897  -984.99573221450589    0
3995    1385.0794571612546  -1003.1839522045904    0
3996    1516.390102003209  -1028.6708549159932    0
3997    1285.8986266052709  -1017.6227236393547    0
3998    1484.6204182397528  -991.72975880218382    0
3999    1530.309063289603  -984.5687609330439    0
4000    1601.5304289920648  -1031.2942865114869    0
4001    1577.1319880851941  -990.84126793641769    0
4002    1333.452801280293  -996.41627294717046    0
4003    1272.0825270128501  -922.7190651936487    0
4004    1346.4406620687841  -1089.4626562964258    0
4005    1292.3744497771058  -968.2224666647453    0
4006    1353.8657309247421  -1040.9965838985549    0
4007    1201.5635104464934  -981.44274713044319    0
4008    1248.833381940482  -987.63930050683075    0
4009    1214.2136664780546  -1068.3374658079747    0
4010    1242.9040548530131  -1032.8706593681147    0
4011    1278.4056896251388  -1090.9269736608592    0
4012    1518.7342790056898  -750.54210454112945    0
4013    1493.2068130904092  -714.40533659067694    0
4014    1690.5940800137532  -979.03827315318074    0
4015    1649.9898113666927  -1011.860295150444    0
4016    1641.4055269820367  -1060.5896962895999    0
4017    1610.27866334941  -1181.9521804699584    57
4018    1694.8289357293993  -1058.3294036033346    58
4019    1639.8521165138648  -1141.6616328326168    57
4020    1581.7544555602112  -1099.9975792995149    0
4021    1603.4836434328383  -950.25480921502583    0
4022    1884.7879007571651  -522.02556794256805    0
4023    981.90170580195922  429.51931470109855    0
4024    988.4299806996695  472.04314368438082    0
4025    1595.4307283495154  219.68826586179506    0
4026    1729.399774353634  132.77093955672032    0
4027    1826.4270111312028  150.07222193378772    0
4028    1872.7512429517672  153.37700335633011    0
4029    1863.1333892677962  238.37547787385117    0
4030    1846.6115298734176  193.46259281552784    0
4031    1664.1510976942307  243.69908816889571    0
4032    1747.7505607426701  346.17258346182973    0
4033    1645.616083683135  297.81326792561936    0
4034    1683.8533750461086  332.65985346149847    0
4035    -142.71257188622928  -809.92966918057914    0
4036    -195.79399988373436  -800.62059130502564    0
4037    -215.50275230173571  -861.56806929217794    0
4038    -183.95928998905333  -946.39397583252162    0
4039    -172.94275425142382  -894.01950583172504    0
4040    -214.91430866293032  -912.5369906789881    0
4041    -103.73100464697127  -935.92347730311826    0
4042    -125.64890387053424  -868.87330195347658    0
4043    -260.31762602342189  -947.82820478563531    0
4044    -145.67995286833829  -927.09986367553154    0
4045    -137.2936837441799  -991.35812132764454    0
4046    -80.75373113124806  -860.80239489384473    0
4047    -314.95762954487691  -1038.5662986172372    0
4048    -300.43404829200051  -985.49159653406377    0
4049    -378.50289907942971  -979.51995959006524    0
4050    -220.57000763401339  -1035.8704208240688    0
4051    -341.02904165341272  -1002.9075119511729    0
4052    -391.20652729680035  -1066.954326725913    0
4053    -380.17612478658731  -1023.9169107320229    0
4054    -458.04305868040456  -998.75226756901384    0
4055    -426.73091858161627  -1034.9172543217101    0
4056    -506.49753343866632  -1072.3425473729985    0
4057    -447.7184487444004  -1093.9035250382294    0
4058    -471.89216129939962  -1042.3807429347696    0
4059    -526.85680671494072  -1000.9208534323697    0
4060    -251.87959102605029  -997.01211775497507    0
4061    -203.95522647611205  -990.44047145491959    0
4062    -171.1378703816184  -1028.195715293248    0
4063    -182.24880329509318  -1119.6626107411703    0
4064    -89.617519144335233  -1069.1259490720824    0
4065    -189.59253724333087  -1072.362233805987    0
4066    -124.54250902637884  -1037.0389491181165    0
4067    -265.80879812530725  -1105.6672088727428    0
4068    -139.02276947163384  -1088.7311757274845    0
4069    -73.730493315902876  -1016.7832725714236    0
4070    -105.80288504787055  -1180.8247265927769    0
4071    -95.946213110894618  -1125.2309432008065    0
4072    -515.32965654259567  -1187.3221381937765    0
4073    -371.68899379131358  -1180.608972868069    0
4074    -51.999894371612299  -962.72553410159412    0
4075    -140.61600900860611  -1145.9817497246966    0
4076    -208.08897900339338  -1206.6256394135942    0
4077    -156.26383662094969  -1196.4293072771791    0
4078    -189.39031582848753  -1164.8611697101587    0
4079    -164.101123759796  -1293.3991539737528    0
4080    -227.87308019248232  -1135.6173035063512    0
4081    -173.85773919696061  -1243.8089702256214    0
4082    -293.15235407644531  -1179.301729385694    0
4083    -256.88914699811221  -1285.8998497473565    0
4084    -100.25134379791405  -1255.0821617849845    0
4085    -209.43753932039715  -1276.5639882321404    0
4086    -216.6134361433283  -1365.350529097926    0
4087    -200.50428671936791  -1321.9692459064404    0
4088    -131.65581377147296  -1372.2169654577292    0
4089    -2.3221075825716468  -1170.5009951163995    0
4090    -494.69849577668975  -1131.0779008113614    0
4091    -397.47600825449678  -1126.5341273449083    0
4092    12.417687562331409  -954.29640902193864    0
4093    -63.313794077493142  -921.23810556181888    0
4094    -18.757137971837036  -922.43940089636806    0
4095    -55.518409742574292  -1161.0693920367085    0
4096    -562.25731141001188  -1114.0966374291695    0
4097    -443.61416308996587  -1181.7223531052146    0
4098    -333.26715406488097  -1129.1004752215301    0
4099    -63.358307863492911  -1214.9877746181364    0
4100    -16.228903159893939  -1094.2031755000851    0
4101    -534.92308334801919  -1148.2289838130539    0
4102    -609.09743154995886  -1179.6188563798019    0
4103    -562.46142642521625  -1186.4878319368697    0
4104    -597.95622773067737  -1265.7261159374373    0
4105    -539.90903219103632  -1244.1592731534197    0
4106    -440.35744075408644  -1137.5648248619354    0
4107    -10.728538078321591  -1300.4361433641043    0
4108    -59.506944423959851  -1100.9318873317238    0
4109    -44.27528505655981  -1056.3563676533711    0
4110    -475.26644949950128  -1238.3808593361769    0
4111    -49.093855286717215  -1265.1341191552112    0
4112    -86.732355469348462  -1321.4839305338694    0
4113    12.495048331256459  -1236.6991325661152    0
4114    -530.70056727217502  -1357.8443589660708    0
4115    -551.33734022369129  -1302.3004480273974    0
4116    -639.48298514318219  -1366.6557089474118    0
4117    -481.64692120004361  -1308.0133310501856    0
4118    -586.33440468753565  -1346.908896578193    0
4119    -514.37836001110304  -1279.3713859202905    0
4120    -629.66288129288671  -1311.6883804625643    0
4121    -577.9030440668688  -1451.0000740028527    0
4122    -692.79155626738907  -1234.2222267767027    0
4123    -567.43917336133768  -1397.7654451487315    0
4124    -649.95718330271677  -1263.7711325622925    0
4125    -622.46697843682034  -1225.1231048311149    0
4126    -722.15149647248688  -1322.6036821888481    0
4127    -662.95504871463197  -1188.5111858086598    0
4128    -677.49518353388407  -1303.6904778389726    0
4129    -617.83803879294214  -1415.5046866619025    0
4130    -715.25627366399476  -1429.4507165701013    0
4131    -668.51390751874328  -1408.7392082677052    0
4132    -690.38962371062973  -1362.5933331729386    0
4133    -655.97820832231071  -1500.1307138306238    0
4134    -750.98138309146941  -1378.1101822330436    0
4135    -624.62526744895013  -1463.3534701501928    0
4136    -675.42497938780502  -1456.242645409211    0
4137    -581.5192439046607  -1531.8547125605755    0
4138    -741.78894021416932  -1511.9009272240498    0
4139    -478.3007974014206  -1442.9323157063066    0
4140    -579.26571651820802  -1226.3044159411488    0
4141    -643.24997007473257  -1140.313506392336    0
4142    -599.61806589347145  -1136.8919091837888    0
4143    -719.48236637486377  -1184.2076409434221    0
4144    -834.96415198172747  -1299.2494964326618    0
4145    -797.40065700456114  -1448.5107076964114    0
4146    -516.5002872284615  -1407.7780615574759    0
4147    -450.82957784988139  -1374.7500164730131    0
4148    -648.07730664920427  -1097.6833853291996    0
4149    -781.8513690761896  -1326.8360945421821    0
4150    -773.69651417692273  -1245.2688002707698    0
4151    -760.13416808802594  -1422.5789675672477    0
4152    -811.23570872791618  -1388.8846677487279    0
4153    -755.99337209129408  -1468.2733981516258    0
4154    -799.72329941496639  -1506.6373027367513    0
4155    -735.28848998402327  -1224.7719539357188    0
4156    -766.16193286374596  -1189.3803038734493    0
4157    -733.51369500203384  -1274.3315236394294    0
4158    -844.44656022333038  -1152.575457622843    0
4159    -793.56887117038696  -1284.4733174411556    0
4160    -832.79625305829347  -1239.9505677098232    0
4161    -824.74831531593213  -1344.5034466163142    0
4162    -910.07900327990626  -1339.9863317268102    0
4163    -869.53871500767673  -1382.388314811838    0
4164    -780.0870739733848  -1611.9707517000277    0
4165    -900.97797840790031  -1267.1470164899315    0
4166    -964.97587787091629  -1433.0540706724125    0
4167    -775.05044322802041  -1556.5348110344594    0
4168    -924.40247979021933  -1394.2620818383766    0
4169    -875.84138848710791  -1575.3242244929284    0
4170    -685.04312164419889  -1592.6591953693244    0
4171    -1013.4566736268193  -1341.7326342957774    0
4172    -885.08820624295788  -1475.9960501380865    0
4173    -822.79612208785295  -1580.143650598716    0
4174    -845.22971237263732  -1532.7276720746379    0
4175    -857.862268255289  -1671.7685614647689    0
4176    -897.76576715476142  -1527.2707469505297    0
4177    -827.40771050150124  -1630.9013405302878    0
4178    -943.44130259269559  -1488.7729683706893    0
4179    -770.1886805548728  -1705.3224805056373    0
4180    -971.98913716352058  -1590.1633608999584    0
4181    -788.30288797229309  -1660.0425458517038    0
4182    -926.00796525512419  -1569.1844707954353    0
4183    -716.33613416407047  -1657.5155499493869    0
4184    -968.76144137947927  -1536.3579517622177    0
4185    -921.439975201999  -1640.0763305907981    0
4186    -724.1040556089381  -1559.7901370236414    0
4187    -677.59884986861869  -1544.1684241752157    0
4188    -624.54557637582161  -1577.1299338344559    0
4189    -976.33758883898906  -1380.5563050781936    0
4190    -961.95718102796309  -1329.6507757646198    0
4191    -1063.7207893836487  -1426.946367107339    0
4192    -1009.1247295242576  -1244.3973116322979    0
4193    -1013.4869892915614  -1416.0746297864446    0
4194    -997.56390099516898  -1293.6758892397945    0
4195    -1024.1098406927895  -1488.4815004733423    0
4196    -949.0389352308714  -1281.2561312669447    0
4197    -1090.7016390537674  -1289.5307601739178    0
4198    -944.76868808736583  -1206.8907867176756    0
4199    -1044.7173405432704  -1304.7381571793103    0
4200    -1088.6605752132336  -1360.4865869525793    0
4201    -836.92269740960353  -1476.0411744487485    0
4202    -841.50687415413972  -1427.3265932803331    0
4203    -918.04471988910166  -1441.5261044686936    0
4204    -625.8949143883242  -1532.765434157023    0
4205    -636.53088159993752  -1656.0437911068041    0
4206    -983.71664374877957  -1472.3179698252168    0
4207    -1036.9581413766539  -1559.2664632848259    0
4208    -647.3131641739509  -1614.039113250541    0
4209    -592.52166580132609  -1622.3607547768979    0
4210    -554.81554230584265  -1717.2184718886494    0
4211    -587.04599810408627  -1675.1071529855753    0
4212    -645.58252152196837  -1753.2985192674328    0
4213    -496.27901888796055  -1639.027105606792    0
4214    -605.28725273391694  -1722.4580014831076    0
4215    -546.75072931603484  -1644.2666352012502    0
4216    -570.7631569590975  -1809.3106558255545    0
4217    -528.23055448228979  -1576.955590515058    0
4218    -575.77673190358178  -1761.0155372952374    0
4219    -487.65602227780573  -1776.2754112607204    0
4220    -529.56433977192955  -1756.2181727091977    0
4221    -480.21302510919946  -1706.9127504125408    0
4222    60.169983303044845  -852.53192384892702    0
4223    88.445435876614738  -908.78365439748165    0
4224    80.609740039141201  -808.05930176790343    0
4225    49.504994526303427  -929.99222784813685    0
4226    55.828224836943939  -980.0902893714574    0
4227    116.8419039432418  -942.9470733333053    0
4228    23.791048869123948  -1009.0320161516805    0
4229    4.1047976482245438  -1051.7697065968289    0
4230    37.901703935863658  -1094.0534407087491    0
4231    10.931945679325732  -1128.6688753251515    0
4232    61.287616876884577  -1167.6392847444076    0
4233    83.016668456084616  -1078.1391758167595    0
4234    114.53593586421729  -1114.6679084474997    0
4235    30.777502659647006  -1197.8496296806632    0
4236    90.505726838669545  -1249.6841291326793    0
4237    72.790484475756728  -1209.7678937460933    0
4238    122.54593599919197  -1211.57512697825    0
4239    159.35735940013092  -1275.047826147563    0
4240    -909.75488582546166  -925.19703642131128    0
4241    -785.66878390994952  -1032.6340285603853    0
4242    -606.08034715070221  -991.82658026152956    0
4243    -1063.2585293419838  -924.35349446107318    0
4244    -1084.5715763982341  -884.38510455531559    0
4245    -1126.0063997149362  -854.33551536434811    0
4246    -1164.7486006062754  -880.96814799346828    0
4247    -1188.6643253866891  -964.1933932382077    0
4248    -1113.4216278991482  -978.32671824956515    0
4249    -1075.7185386355591  -963.07065550117341    0
4250    -1079.0202976369833  -1009.1276685412538    0
4251    -1126.2247173375567  -1027.2381422549493    0
4252    -1154.3835049883082  -1116.0034446844709    0
4253    -1127.7859053198299  -1075.5919115806882    0
4254    -1210.947118773619  -1048.7048154323297    0
4255    -1069.4462051454113  -1142.9478849605948    0
4256    -1173.3746510253995  -1074.5454516605753    0
4257    -1089.1171190891689  -1101.0424900872681    0
4258    -1237.3726627707358  -1128.9405110771061    0
4259    -1035.21965007721  -1101.3119306390067    0
4260    -1001.475100077161  -1163.9372414639201    0
4261    -988.88197901702051  -1106.8703529592301    0
4262    -1243.9671157113128  -696.86715909826751    0
4263    -1210.2707751151893  -738.12621091106394    0
4264    -1699.1537526023792  -499.51455823815388    0
4265    -1744.546060595429  -504.92111338276055    0
4266    -1617.6537933100731  -797.99459816825322    0
4267    -1308.7950074457522  -892.21019419642607    0
4268    -1379.6654560846823  -802.21480449630201    0
4269    -1491.9316156772877  -932.86980797183935    0
4270    -1256.8088932201274  -813.30536046931775    0
4271    -1943.9371738236237  -462.18450011187184    34
4272    -1720.8410648812119  -569.01345233575887    0
4273    -1826.8958043613395  -633.76056669190018    0
4274    -1747.7271227762726  -628.52534741887416    0
4275    -1784.3130318600331  -676.48621257660488    0
4276    -1831.0354373872015  -680.469368282544    0
4277    -1888.0841272259249  -653.94539254784559    35
4278    -1833.2151036249434  -793.30367098447232    36
4279    -1802.6462549875143  -737.4559777974622    0
4280    -1853.0642391032679  -747.43506318185598    36
4281    -1748.1308178874385  -803.58554564573183    0
4282    -1788.6162984298001  -781.42537293154555    0
4283    -1813.3659681466188  -839.17227878708854    36
4284    -1740.6772130421402  -741.90568031715452    0
4285    -1752.2576243874867  -702.36737345353993    0
4286    -1711.7828349490935  -711.97772699705979    0
4287    -1954.2430772308344  -82.285196013224322    0
4288    -1907.6186831031403  46.415823221362629    0
4289    -1512.939179552015  -8.8766183055305277    0
4290    -1513.0225817123235  56.31840632086265    0
4291    -1547.3125579552498  89.478934206616088    0
4292    -1585.6426886090062  44.666526542870393    0
4293    -1636.7604240180431  58.495144871895405    0
4294    -1648.6749802317913  19.691651396006343    0
4295    -1724.3062076067868  36.539231488375407    0
4296    -1720.8903277857655  -24.850732848308262    0
4297    -1810.8103214911605  23.556850153097109    0
4298    -1824.2818137553675  83.239984264346518    0
4299    -1864.4433128902408  12.842184140010666    0
4300    -1784.5294088877206  108.08300363933657    0
4301    -1872.685778722484  80.071102559513719    0
4302    -1917.4139323341908  91.540075717165706    0
4303    -1954.982984101139  59.759587808439235    0
4304    -1997.8501133072957  33.183921936145694    32
4305    -1943.5820066904898  9.4951215053998723    0
4306    -1903.1380499965644  -9.510815780774486    0
4307    -1536.6929397339284  801.90368582566236    0
4308    -1583.3091282972457  811.16903382143346    0
4309    -1635.2546104857897  824.48264778179703    0
4310    -1591.5566541098228  563.51512614385467    0
4311    -1552.474760203778  603.34272550254173    0
4312    -1913.180505818249  574.23747936988661    29
4313    -1756.6235097477318  584.59877679091687    0
4314    -1811.9573060977357  566.61123731980729    0
4315    -1898.8125935777828  622.106889840848    29
4316    -1861.4849209397494  584.8121041408931    0
4317    -1851.4573362216356  633.98425563837861    0
4318    -1875.3725177413874  521.05564300196522    0
4319    -1818.887103448702  671.38148479189454    0
4320    -1865.3695820115181  716.17216535077193    28
4321    -1819.819055877377  724.3996954516125    0
4322    -1761.2100003144194  780.87943513450887    0
4323    -1815.7347132076441  518.2585424734666    0
4324    -1910.3666513708406  429.84418592015891    0
4325    -347.06042678947159  947.44818673739439    0
4326    -545.36640346074  1388.9404193468404    0
4327    -303.69282901145783  1512.6213094798402    0
4328    -127.60209865147789  1762.004142982667    0
4329    -108.37427188232058  1854.8699861262016    0
4330    -104.89169701703322  1805.7254431570652    0
4331    -39.606370281530424  1822.1095279013173    0
4332    -162.90105915811566  1826.3103384069864    0
4333    -158.04401659681369  1991.2384134939737    17
4334    -190.11660868555623  1889.2095042657045    0
4335    -150.52043798559211  1869.0047203266893    0
4336    -105.5746856264338  1933.1195538743082    0
4337    -150.93016863063968  1917.1032920526955    0
4338    -207.86650259393173  1987.2840171994553    17
4339    -229.18750851780567  1940.0724714912806    0
4340    -184.29674773959971  1948.2196627901778    0
4341    -376.98847756877353  1740.858851091537    0
4342    -634.90766139272637  1607.9318173420495    0
4343    -426.86930311135973  1667.7710701679111    0
4344    -577.12813066308217  1460.1256709292031    0
4345    -455.84122202782896  1388.5774807131661    0
4346    -580.5565708572816  1759.7625756244931    0
4347    -390.42469531080735  1828.5218237702431    0
4348    -263.05834518973762  1852.542158100774    0
4349    -306.86778878983085  1974.4210311178003    18
4350    -324.41459995758731  1931.0889696835522    0
4351    -275.58258033466103  1940.1610505710878    0
4352    -613.92619932905188  1851.3056919214757    0
4353    -679.73155954953597  1603.9286071446072    0
4354    -892.3231116776127  1429.102303026795    0
4355    -726.39849286214826  1809.5928170752429    0
4356    -785.86503825246541  1837.0961840822297    20
4357    -771.65686816023594  1789.7768207236884    0
4358    -632.78247120312835  1804.4945915513458    0
4359    -693.00776856882658  1874.0988449439624    20
4360    -800.97939256030395  1700.8585853836846    0
4361    -920.99294114700001  1772.5067934745553    21
4362    -739.53637196991144  1285.7525381219705    0
4363    -770.62213686250152  1326.6848340711895    0
4364    -857.77278332031665  1321.9702247763216    0
4365    -797.57716927608158  1273.9439221449479    0
4366    -814.92377050798223  1337.7535459554547    0
4367    -847.20906493197867  1388.8627930627226    0
4368    -790.72422906371264  1231.4892752850683    0
4369    -846.68468647464897  1274.1305218799846    0
4370    -810.06992159988692  1414.482138577253    0
4371    -825.14807615515247  1463.3336789618636    0
4372    -890.17554967881642  1507.9151938520863    0
4373    -909.51245219186887  1364.4213861426538    0
4374    -850.67054643732729  1430.3912870977779    0
4375    -868.16539404559194  1470.3037066061584    0
4376    -913.34461587450096  1469.1108199323553    0
4377    -970.54953291321863  1529.5853696901759    0
4378    -954.77512012816499  1421.815288949407    0
4379    -950.73089878427402  1378.4599458796024    0
4380    -966.18386697863662  1330.6528057440596    0
4381    -952.72909415341007  1287.1462552782973    0
4382    -906.43229698586345  1307.7795103969511    0
4383    -967.73073364419713  1474.9584615808112    0
4384    -1004.1305127998659  1420.8630920316446    0
4385    -1026.0095915269844  1499.3373986934225    0
4386    -1036.137988298701  1393.5471455149827    0
4387    -1028.3909080783189  1569.6709387902006    0
4388    -1007.275561608421  1462.2733932340493    0
4389    -764.28463361134061  1407.2545958448566    0
4390    34.524739633415024  1849.0738321231597    0
4391    68.282417768119132  1888.8810142774969    0
4392    39.467493934476316  1939.1572925802252    0
4393    -6.2941617578153419  1845.9104976142282    0
4394    -0.32849358809312434  1802.3482271453979    0
4395    -8.4306826180817769  1998.107897864285    16
4396    -34.563003538067562  1943.4267265742014    0
4397    25.286829341547431  1897.6343947368021    0
4398    -108.22153059969564  1995.192809788492    17
4399    -64.875124052076387  1902.4907931264538    0
4400    3.4641657769958911  1958.8383597389293    0
4401    -73.201611588928529  1959.8564648868398    0
4402    774.78680269926247  1758.8309308697528    0
4403    980.88545778319315  1396.2256933022118    0
4404    1041.8420336042161  1399.2233882584042    0
4405    869.7452890674673  1559.7372590383864    0
4406    846.1633715763827  1617.8610426019982    0
4407    884.64133418960625  1653.9559463004575    0
4408    1155.8643422184718  1472.3536778600242    0
4409    1100.9923876018518  1432.4531642451791    0
4410    1202.5661053400663  1595.7258568451734    10
4411    1200.2258666372284  1549.4924841234013    0
4412    1280.7683070795792  1533.6684098909864    9
4413    1234.9411783190801  1513.3016089494849    0
4414    935.44669093598884  1715.92432930526    0
4415    792.37844759089614  254.46216020975163    0
4416    785.50711889254092  299.7473149959211    0
4417    861.19773527397933  253.59601261218319    0
4418    1616.298856795172  1092.4352820507841    0
4419    1676.7947033097039  1086.6764793946547    6
4420    1458.0798137249001  695.92500007241756    0
4421    1468.2132247773952  645.6737975323141    0
4422    1511.3767926056169  650.78459473674991    0
4423    1820.3827719495139  823.84028276507729    5
4424    1423.4996767720938  1346.169907267167    0
4425    1427.4811576629922  1398.1429799681298    8
4426    1352.3346753814726  1338.3235753086201    0
4427    1357.5981270740058  1402.8731212854095    0
4428    1355.8650481560803  1467.6975911630259    9
4429    1317.5404564131552  1434.2375833171061    0
4430    1212.0706505519806  1472.4306207419604    0
4431    1313.5163323655779  646.41198719012073    0
4432    1651.381191175657  436.12125128567732    0
4433    1947.7681113246654  445.76409952326168    3
4434    1854.4333205192956  465.49674477013195    0
4435    1822.8942614476514  391.24586488121719    0
4436    553.5868662532414  -608.74319143212085    0
4437    593.09354245224108  -652.93839796493307    0
4438    575.79768156911598  -710.48099323088536    0
4439    621.74888188516184  -728.41242410071209    0
4440    582.34306970885507  -761.55087587744526    0
4441    574.35617419176685  -849.85656239760442    0
4442    564.95294175825563  -804.49204309279628    0
4443    637.57521044410169  -813.09559780155723    0
4444    318.67200467031608  -1094.5258905059386    0
4445    1285.2710549793828  -756.49125809656175    0
4446    1373.0525413900173  -733.19090434901841    0
4447    1489.7960149886073  -793.47989120133491    0
4448    1361.6085774400863  -833.21085471720494    0
4449    1309.8996561022605  -808.32378465175134    0
4450    1243.0647612499267  -808.31337738800448    0
4451    1313.3692428698873  -867.27732189343658    0
4452    1310.3069504764546  -1057.1527456995912    0
4453    1206.2647123147497  -1193.4269683515558    0
4454    1625.1464786813094  -1100.8290090867595    0
4455    1558.1583533128467  -1056.0076691941688    0
4456    1488.8135972514956  -1116.3828491697457    0
4457    1533.4173640664299  -1097.6020944555489    0
4458    1537.9323219333651  -1170.6817192959961    0
4459    1809.2979858362655  243.04894915896588    0
4460    1842.6396520178757  314.71218004024001    0
4461    1839.0026726128619  272.81650087672159    0
4462    1975.0707431192673  298.50274744188937    2
4463    1793.1214706237636  297.905168337909    0
4464    1898.409267130754  288.76509577814363    0
4465    1804.5141407924953  345.68990673856791    0
4466    1925.1450854780919  232.50588691208711    0
4467    1897.7806209718478  360.32193055357652    0
4468    1948.1610012551973  197.48858617266055    0
4469    1982.5395368376594  249.08479036777283    2
4470    1939.2718303804077  273.70165583115624    0
4471    1967.6019494008751  347.92070451600591    2
4472    1932.666639034471  318.73938309812746    0
4473    1733.1793515955837  300.50406654791959    0
4474    1605.8569220597617  301.42176925417357    0
4475    1709.5173426916683  369.13411141162419    0
4476    1751.4449613188983  395.63593753148643    0
4477    -494.02277443277416  -949.92701498240035    0
4478    -439.20503322136358  -947.20088204835304    0
4479    -450.0171753879215  -902.16053068827864    0
4480    -524.79025779700203  -919.84803142129033    0
4481    -537.05840389090645  -877.41400244737633    0
4482    -560.55312661836183  -1049.1388609053472    0
4483    -567.823297058859  -1008.1751794452364    0
4484    -95.417586539056984  -978.834317972691    0
4485    -246.12317945195738  -1178.9623415955259    0
4486    -269.26603514098872  -1230.6431149341347    0
4487    -331.61392974260258  -1228.4229692459342    0
4488    -402.48890656430598  -1247.1251234111787    0
4489    -371.44888902890796  -1221.1090865801714    0
4490    -407.34344790349104  -1201.0711187430013    0
4491    -359.30777476915841  -1267.1198928298879    0
4492    -307.77432763703655  -1274.7421738185212    0
4493    -408.92709350337083  -1317.6540023802277    0
4494    -299.20801960832966  -1357.2862040286868    0
4495    -289.84777273797619  -1314.5982951970684    0
4496    -339.77768718707131  -1313.0962790349943    0
4497    -256.25251079568653  -1344.3349553226883    0
4498    -261.98397346667571  -1403.0364297661304    0
4499    -369.99059408359693  -1381.5519573148326    0
4500    -181.04800815146132  -1454.3222373964159    0
4501    -339.90796918939424  -1353.9338499741214    0
4502    -323.38887453180911  -1402.1196216695785    0
4503    -383.15052928104706  -1474.447782408696    0
4504    -363.46984520120441  -1429.8557614452393    0
4505    -413.25691757209086  -1411.9847086627835    0
4506    -294.26083551342282  -1487.0401955609677    0
4507    -320.80085459892399  -1448.6877162637356    0
4508    -213.22101768823589  -1415.5887401438424    0
4509    -249.61809937100708  -1455.9905540941618    0
4510    -164.86272618245317  -1408.1497372599943    0
4511    -91.104261866694202  -1459.9280272837093    0
4512    -117.28887296503403  -1418.8043346375184    0
4513    -31.295604999409385  -1392.9480889377817    0
4514    -81.402577440754584  -1382.2284924902917    0
4515    -216.89701867452925  -1550.6546305769486    0
4516    -246.60764473108432  -1507.9371118871841    0
4517    -307.47870801145712  -1581.9646150667445    0
4518    -195.21790287098577  -1503.8856698321395    0
4519    -266.60338179513622  -1553.5352593971745    0
4520    -123.1489953572669  -1565.7012419844912    0
4521    -138.33333077286329  -1493.3413743282188    0
4522    -236.64364000528846  -1640.210614484208    0
4523    -167.90104523933178  -1544.9570377860491    0
4524    -239.40004174271147  -1592.6478376680413    0
4525    -172.68996576457002  -1613.9328338578459    0
4526    -140.25800218670378  -1452.5586517500769    0
4527    -84.210775020016541  -1519.757152389099    0
4528    -1.3319654525694062  -1479.8961956174362    0
4529    -49.677917854258695  -1485.466596093527    0
4530    -17.467586926404067  -1552.4382420167854    0
4531    -30.280351223740752  -1441.2352332722826    0
4532    44.364277953516954  -1415.511559138522    0
4533    -68.631146070847564  -1572.4334646634184    0
4534    -69.101288349975803  -1423.219901604466    0
4535    -104.02048162479868  -1634.907795301001    0
4536    -10.048139526728352  -1646.8790354869234    0
4537    -28.063124467066039  -1600.7824871378389    0
4538    -56.736656326032779  -1638.5568766103254    0
4539    57.024673862830255  -1594.097828730532    0
4540    -86.847383477906334  -1720.5535141914856    0
4541    13.468227245596413  -1584.5516259898513    0
4542    49.094738731280131  -1526.139161213136    0
4543    -41.914266896490858  -1690.5268754014248    0
4544    -84.437985601240328  -1675.5258221096726    0
4545    -157.00658478197582  -1685.4826124930569    0
4546    -11.151877953311498  -1785.1942149579779    0
4547    -39.883618311101827  -1742.1988384821102    0
4548    -101.7366896439888  -1814.6299762524902    0
4549    45.136940774551235  -1716.481399347713    0
4550    -60.595488255208011  -1787.1372918478432    0
4551    -1.7639746244471013  -1714.8248978121246    0
4552    -32.429143808164383  -1873.8156346371586    0
4553    -34.288425530809704  -1826.5042794275944    0
4554    50.511196503601965  -1846.8639634514907    0
4555    -292.49782705231434  -1137.6506231661956    0
4556    -310.21629019951661  -1086.6437180298981    0
4557    -120.45491388382945  -1293.7725588300802    0
4558    -20.718161224944375  -1209.3759249823047    0
4559    -487.57706554403745  -1351.2354088666521    0
4560    -805.67718720888979  -1109.7239848036243    0
4561    -865.11918694184794  -1094.9083316825474    0
4562    -869.41218933439609  -1051.4427246880211    0
4563    -896.06283161419071  -1138.5400166230338    0
4564    -938.89379445707846  -1159.5481981378318    0
4565    -884.58261761323593  -1198.2496257966959    0
4566    -910.97155871841858  -1228.3693867727368    0
4567    -840.50178015491304  -1196.5137354294    0
4568    -879.46016257052509  -1306.8238231248888    0
4569    -730.89977125391988  -1610.5110616688123    0
4570    -875.54856793187992  -1623.9617989367916    0
4571    -1065.0847678739678  -1689.8528834779991    42
4572    -891.0599934206748  -1787.7417091630432    43
4573    -966.87442990549732  -1242.9266953211738    0
4574    -988.05870784970068  -1205.1332971047439    0
4575    -1043.8070591468972  -1200.5062632691277    0
4576    -1136.6221388237946  -1207.3607478771582    0
4577    -1059.9162199537982  -1248.8839475913496    0
4578    -1089.6096117878565  -1212.125505139777    0
4579    -1108.9816345958504  -1168.9517299192617    0
4580    -1156.5938034566186  -1163.8383659774802    0
4581    -1223.7611478853134  -1221.0038088099964    0
4582    -1182.1156681752079  -1201.8934219713235    0
4583    -1202.9949414383091  -1160.3048766646596    0
4584    -1170.7687574611841  -1281.5529278446879    0
4585    -1250.5714118018216  -1177.9298167334875    0
4586    -1330.8165617114189  -1130.0374229646245    0
4587    -1313.5245851278839  -1246.9940146445929    0
4588    -1283.9399192650624  -1142.6669761044293    0
4589    -1272.3081584352822  -1221.3399430330901    0
4590    -1279.9177696758184  -1070.4588630743426    0
4591    -1321.4015565692534  -1188.4020200281789    0
4592    -1251.1160846642267  -1301.3242899975787    0
4593    -1429.5733889024596  -1175.9099283298415    0
4594    -1373.7257643767275  -1166.9009451698116    0
4595    -1417.6200185065313  -1072.4030049490975    0
4596    -1390.2615126250148  -1242.0012311767625    0
4597    -1408.9995476356005  -1125.8422013470586    0
4598    -1350.4377991849672  -1222.1310630978962    0
4599    -1396.8464091536332  -1201.1807720485137    0
4600    -1445.1542351266501  -1229.9148292705684    0
4601    -1367.9692876241966  -1091.8085631433855    0
4602    -1322.9513429121359  -1085.2257359487069    0
4603    -1327.6121482160952  -1001.5556456806673    0
4604    -1374.3141857408666  -1034.82197491683    0
4605    -1508.0427362056657  -1114.4043199039318    0
4606    -1516.9000161145564  -1299.6240501266934    39
4607    -1332.7166077331096  -1043.8048465174052    0
4608    -1291.2959054981206  -1027.3762531314787    0
4609    -1267.5950958868148  -955.59207899353407    0
4610    -1401.4518948050886  -947.30853839387657    0
4611    -1499.9292276695819  -1184.8617555550395    0
4612    -1460.1341793394797  -1134.0909145166279    0
4613    -1432.5701871004849  -1303.4580887113057    0
4614    -1437.0223253025983  -1006.3032323736072    0
4615    -1373.4676899696453  -986.5950907227417    0
4616    -1334.2426822577868  -944.12276776272427    0
4617    -1367.2806537100837  -895.73392657828686    0
4618    -1340.6454639034862  -850.69149769441515    0
4619    -1292.2438197287197  -846.53704182495574    0
4620    -1260.5891646859443  -883.84367341168252    0
4621    -1427.489458092786  -892.94956398985062    0
4622    -1439.1731169887078  -848.36277349534032    0
4623    -1513.3185362923887  -850.43185485785239    0
4624    -1475.3453550980453  -881.66566345449064    0
4625    -1445.9096421049871  -935.18809281183417    0
4626    -1470.9558204481891  -974.4310314637263    0
4627    -1555.1203019685508  -990.83471814175732    0
4628    -1501.6423460047972  -1041.1023201468136    0
4629    -1044.1306155747418  -1378.8911298017708    0
4630    -1194.0055384922161  -1437.9278372567603    0
4631    -1009.6262681921595  -1527.66897871212    0
4632    -1121.1442198828738  -1507.427162963952    0
4633    -705.72620948743293  -1723.7020025207428    0
4634    -575.29556677249764  -1578.5330767971486    0
4635    -513.8940127112985  -1505.9844149347257    0
4636    -521.39246438722603  -1683.9916872123147    0
4637    70.91704401070389  -1124.0700131011765    0
4638    44.623688311189397  -1284.5051555383345    0
4639    33.501304099383901  -1349.9865903505456    0
4640    105.0124619657164  -1316.4377975231052    0
4641    159.9233240697985  -1232.308723873537    0
4642    287.66311732498622  -1310.984690224527    0
4643    -601.08028643861655  -951.67915617128779    0
4644    -645.58870614462251  -974.52863416157004    0
4645    -630.67181988110735  -1028.1909383678264    0
4646    -1146.3206173030362  -946.11925873025359    0
4647    -1585.1245753758665  -772.96833663734162    0
4648    -1626.7205868927788  -752.5556261578289    0
4649    -1576.0577817931608  -818.40730864776572    0
4650    -1633.0418920507407  -881.93920688534456    0
4651    -1293.135874746846  -786.81271097964805    0
4652    -1249.8541877831506  -765.61671806539425    0
4653    -1209.2759166312514  -795.88592098794743    0
4654    -1807.9962623316376  -593.08280647361062    0
4655    -1856.758158751197  -591.55580957620475    0
4656    -1681.8802353163474  -824.40895218511002    0
4657    -1876.0208373772073  -42.420167293755583    0
4658    -1927.5484180587152  526.36806889892523    29
4659    -1902.2142423942025  489.7226601273029    0
4660    -1851.3792451079069  487.19822129258768    0
4661    -39.096532446213125  1781.6605765505994    0
4662    -412.3711058068215  1413.0138261738718    0
4663    -869.59467165444141  1734.7527406561758    0
4664    -876.64330712064248  1795.5508235629593    21
4665    -937.58896232317556  1696.0492515962073    0
4666    -888.37974696347294  1688.6764310779818    0
4667    -925.74268578085309  1607.2085285439009    0
4668    -918.83094191277974  1653.3403300267053    0
4669    -1093.3472218552033  1671.7057704684639    22
4670    -996.42757286999836  1641.3826435774286    0
4671    -866.61159558310032  1621.9328333348105    0
4672    -912.22882008264185  1730.5744834042746    0
4673    -965.34257517335755  1749.4627633861514    21
4674    -884.10868010982449  1566.1051512743816    0
4675    -932.09820698011492  1559.1335292978997    0
4676    -977.48805130904202  1589.591672655939    0
4677    -852.19862179310871  1533.3669732154235    0
4678    -1063.4859966384913  1476.5391755725952    0
4679    -64.48021354510287  1858.4525467530186    0
4680    742.42021671900284  1731.3804482273133    0
4681    787.0509317122702  1711.5636224681614    0
4682    730.15608770599499  1778.6477566289047    0
4683    841.81954590947385  1750.998764121051    0
4684    770.3346924277987  1843.6623089815573    12
4685    686.3218693988332  1793.9251966305753    0
4686    831.69632000193735  1707.3085268667478    0
4687    1049.6742478170088  1357.8021612092657    0
4688    1083.965950663892  1472.4741891297842    0
4689    1082.6474447767091  1395.8480022543501    0
4690    1139.1500485257786  1387.7860646092254    0
4691    1143.6688603688187  1430.2783182834442    0
4692    1294.591560971958  1467.7329168780766    0
4693    517.22839051050732  -715.11706454246769    0
4694    711.53970164483565  -806.36450676064442    0
4695    287.16452350822527  -1055.1645544622456    0
4696    254.91684253024297  -1096.9293290606518    0
4697    353.93463991808682  -1034.0082575345214    0
4698    251.03092300208294  -1141.2787447615224    0
4699    297.85376418952023  -1136.7137821758943    0
4700    360.49590673471278  -1196.5837609198479    0
4701    355.61364042800608  -1138.9857687517483    0
4702    460.16012434437789  -1159.1298535272604    0
4703    405.04604488731695  -1163.8015721589281    0
4704    440.88475297957126  -1259.1677715975104    0
4705    425.75583033859283  -1080.6859942741726    0
4706    436.41450215701968  -1206.4304861460644    0
4707    532.13828622837377  -1224.8746073554264    0
4708    486.87749281540744  -1202.1530148358136    0
4709    549.78700493512486  -1133.2789103067871    0
4710    508.6192169342296  -1158.8440925877665    0
4711    494.73570484747654  -1090.5584015224094    0
4712    372.21501169122701  -1087.6144084727223    0
4713    429.57788278190702  -1125.7762316489079    0
4714    1255.8960726937285  -729.48300436104387    0
4715    1327.1951389549765  -750.97258322736764    0
4716    1164.3635007439748  -802.28965813886145    0
4717    1254.263527558282  -866.35579657076846    0
4718    1200.5518510104162  -846.61742421913641    0
4719    1103.8767751583287  -888.60550305131642    0
4720    1206.8849633562224  -912.3326547037118    0
4721    1146.2929068660476  -853.97777494955039    0
4722    1088.5672209896172  -804.793523830921    0
4723    1153.955732186015  -906.65611682437134    0
4724    1096.9174950104712  -986.40698564610125    0
4725    1114.1896762843153  -938.4876830305617    0
4726    1020.6058814357741  -931.82852175435676    0
4727    1148.9639093495605  -978.09428534168228    0
4728    1066.4586647093986  -948.35584042104165    0
4729    1134.8778421985751  -1056.9899275022165    0
4730    1014.2338964085355  -1021.3765165893639    0
4731    1172.5113786035931  -1023.0037499961575    0
4732    1050.6440864590074  -992.23122297421264    0
4733    1070.1917595057032  -1053.9670748803926    0
4734    1103.8680760235727  -845.30283905594797    0
4735    1024.4140086750383  -852.16927884708161    0
4736    1065.7161184553825  -866.96183632932048    0
4737    1324.1690564440812  -918.41349779267182    0
4738    1314.6372343230771  -1193.0641867896127    0
4739    1227.8800479164881  -1132.0032254212019    0
4740    1578.670747781666  -1147.0120703459297    0
4741    1580.7052101849551  -1222.2427281073001    57
4742    1867.8845459679765  394.0602009297661    0
4743    1917.8016236145429  397.62069194752576    0
4744    -229.82289931804763  -1241.1887391087123    0
4745    -442.92672126572324  -1276.4527304561466    0
4746    -447.95224915888832  -1332.9376530822365    0
4747    -409.0104584134998  -1361.5168420687389    0
4748    -428.14062377738873  -1564.6932802408976    0
4749    -430.80502253660637  -1458.9296472455535    0
4750    -421.60695018476957  -1511.6133065733759    0
4751    -363.84986781062355  -1545.6647961765152    0
4752    -466.74718628405856  -1492.3495898363797    0
4753    -477.23377374717762  -1544.4189434769896    0
4754    -469.47311965356454  -1595.2022617820173    0
4755    -418.5321702546882  -1656.4712660080647    0
4756    -425.98943936889782  -1610.8600263779233    0
4757    -360.12778930211255  -1623.5071277819563    0
4758    -387.05373650400986  -1585.9122881262811    0
4759    -132.59395462020197  -1605.5586171976515    0
4760    -145.19543690909916  -1645.3999117840826    0
4761    -187.58312490058151  -1654.6910971996388    0
4762    -226.87971711188717  -1724.2906254364425    0
4763    8.2273034871186326  -1520.0880330134053    0
4764    53.675170712109619  -1470.5283621138685    0
4765    149.96756037348158  -1506.4536039782101    0
4766    123.48782648058281  -1430.4171833738619    0
4767    96.754976308351871  -1502.0707030707906    0
4768    118.28001525415448  -1565.9533970061443    0
4769    81.172994974658451  -1437.5784293376837    0
4770    92.671606229875195  -1376.9252400823134    0
4771    178.71678692778707  -1362.9778401531453    0
4772    133.05367963769734  -1353.6614962034796    0
4773    -907.71621755330943  -1085.7188822984908    0
4774    -993.9558740255402  -1662.9633029009378    0
4775    -917.11802827955262  -1711.0237401705249    0
4776    -1116.8770703580121  -1129.7822306265675    0
4777    -1134.7969547518035  -1326.3064433080222    0
4778    -1198.7724922139439  -1340.8950524219779    0
4779    -1147.1817997817861  -1391.2510439556529    0
4780    -1237.6064150609168  -1084.3940642833384    0
4781    -1242.0413461194883  -1003.8338065905492    0
4782    -1639.0677436248247  -1141.6940318512125    38
4783    -1501.9913297723911  -1243.1927647453379    0
4784    -1473.7933614615592  -1280.8274579797883    0
4785    -1484.3823122574181  -1337.5781842473207    39
4786    -1536.9206039612384  -1212.7560004321595    0
4787    -1551.390747449143  -1155.0919217503763    0
4788    -1549.4177199716946  -1261.6699160060659    39
4789    -1584.2638420845542  -1076.6343906503378    0
4790    -1553.1965959203276  -1109.7330073029791    0
4791    -1539.8524263051418  -1066.0782309801612    0
4792    -1598.0104918695299  -1120.6669456169675    0
4793    -1667.6339035228204  -1100.6831568340995    38
4794    -1610.5015837268288  -1182.7049068683255    38
4795    -1637.3499616787901  -1049.1345223641063    0
4796    -1626.8758112549658  -1089.9578731396246    0
4797    -1591.8140473741539  -1026.2203919623439    0
4798    -1623.0476085860007  -957.11432413866862    0
4799    -1744.8584480445552  -972.35658420334573    37
4800    -1720.5292557326857  -1016.0144330101662    37
4801    -1683.685360082105  -966.8745655653039    0
4802    -1671.6541810688855  -1014.2775244018325    0
4803    -1659.5283542272207  -923.71240663174467    0
4804    -1686.1639941122096  -877.54045121753938    0
4805    -1711.536133146984  -922.94586082304659    0
4806    -1740.127786512769  -877.17753161276198    0
4807    -1769.1876403564247  -928.69873539652531    37
4808    -1379.5759250637518  -1444.5686544919022    40
4809    -1356.2030041975893  -1310.7397764358946    0
4810    -1502.3881055324853  -804.01437505490776    0
4811    -1510.2917618438701  -996.72366223666631    0
4812    -1468.6323436673756  -1080.9150263037918    0
4813    -1068.9269292289209  -1516.9052134505434    0
4814    -1087.5089312951764  -1470.6997580220852    0
4815    -1107.0309326688252  -1578.2520464717841    0
4816    -1113.6067470433991  -1428.167374548163    0
4817    -732.10530373856602  -1693.9870348292905    0
4818    -755.58105547185812  -1776.3235050405401    0
4819    -658.22104097269755  -1703.0736449910278    0
4820    -527.61762724887967  -1457.210862270515    0
4821    -557.84982739756754  -1492.4051342117377    0
4822    -540.58883977272524  -1537.5255381451418    0
4823    -14.340110479084222  -1348.1754129161388    0
4824    -55.902885629148095  -1349.3850279322542    0
4825    11.588461508175797  -1387.282319736637    0
4826    119.00906831694923  -1278.442973778089    0
4827    63.732271631198813  -1321.4361708738127    0
4828    228.65661157498474  -1274.6421086172245    0
4829    -1569.0036221988107  -882.05597298857413    0
4830    -1658.0187458565065  -791.13770860595821    0
4831    -1706.8414202717393  -788.02278601847945    0
4832    -1638.9632837647309  -837.47102155236462    0
4833    -1096.1920029915107  1598.2014468928455    0
4834    883.77903135644272  1747.4104974619538    0
4835    861.57305937670276  1802.8305830757663    12
4836    811.33203426186367  1780.8377878853191    0
4837    845.51157141959413  -834.02368739832627    0
4838    708.18836502642046  -762.79248412072275    0
4839    672.65382397723408  -788.81202035572733    0
4840    676.58071509106856  -831.96260344397297    0
4841    631.50541859793066  -875.39758486182029    0
4842    739.4385721325923  -881.13619425220236    0
4843    573.11710341159903  -929.33662017731888    0
4844    685.06742825774586  -885.87608557647593    0
4845    590.7590347050467  -889.86196544497375    0
4846    539.33604725103623  -887.58079951076331    0
4847    628.01630411953829  -930.19248260812265    0
4848    599.04949577944535  -1027.0856894027722    0
4849    720.65551993632744  -979.89117883245717    0
4850    599.86844915334018  -974.55401605700797    0
4851    520.4360409770544  -991.02555549809574    0
4852    659.17816559565199  -1001.7508574282856    0
4853    563.77570285539139  -1000.2635610266508    0
4854    531.18374897114268  -1046.8851765939196    0
4855    716.12003636770874  -927.86478987528722    0
4856    810.61621344020489  -945.8378231742571    0
4857    765.90278793448135  -923.52489898034912    0
4858    812.94546467011321  -885.21254193068808    0
4859    467.68261738955334  -1030.1393840130881    0
4860    914.31889728946783  -919.46474197975374    0
4861    779.26120493102485  -827.82914677852068    0
4862    858.5693065287245  -917.32281702398097    0
4863    882.82137519602475  -1012.6853797502437    0
4864    888.30384723376653  -869.98870326885151    0
4865    884.79103929118673  -961.41935992753065    0
4866    950.34124315685597  -989.60867656528887    0
4867    956.93499978120781  -865.47920216986154    0
4868    912.22640873363002  -798.08462078060541    0
4869    338.98792886383194  -982.54284008135619    0
4870    409.37769453937227  -990.00321275013653    0
4871    1205.121639712559  -786.91209662511437    0
4872    1234.9410735947456  -946.04111268527151    0
4873    1125.3474101853417  -769.69931946377255    0
4874    1100.3947013253683  -727.62520807623275    0
4875    1103.809575325022  -1028.1995771801469    0
4876    1097.4893345964949  -1163.4465328050246    0
4877    1030.3518451602379  -793.08595402964568    0
4878    1313.4091476825777  -1136.0049435038302    0
4879    1269.170977078036  -1165.4999197772056    0
4880    1260.5772059750543  -1230.9546365219981    0
4881    1400.2971807171575  -1162.6776892386395    0
4882    1361.2633192565124  -1134.9749777100715    0
4883    1414.537329992281  -1101.2617049039839    0
4884    1390.4553774382509  -1064.8331162799568    0
4885    1445.1805829338455  -1140.7256492501763    0
4886    1461.6537928946975  -1231.2675595517917    0
4887    1488.1052776347194  -1166.3894138663995    0
4888    1440.6484343634877  -1188.3197535092779    0
4889    1509.2037157422567  -1212.8228067767243    0
4890    1379.4984734373832  -1239.9773737525966    0
4891    1458.1212261347221  -1077.1601772196759    0
4892    1167.5382426852116  -1111.6564119178322    0
4893    1110.9448591697837  -1108.378341806628    0
4894    1187.4391987798706  -1152.2870257698785    0
4895    1141.4420647115421  -1149.627443205919    0
4896    1139.9531667704664  -1221.6990311670138    0
4897    1038.8181691873622  -1119.9326699896476    0
4898    -315.47888402932341  -1532.4681407457026    0
4899    -340.46044793422527  -1493.1308579138354    0
4900    -461.65226882368722  -1666.6761810137543    0
4901    -429.61247917874238  -1705.8550758855229    0
4902    -357.68355998426642  -1696.058903458061    0
4903    -300.2059726140057  -1645.3155230127618    0
4904    -277.08985646623921  -1610.5688622875796    0
4905    -339.15872298626624  -1659.1177517070562    0
4906    -302.5398298934835  -1700.5963762817742    0
4907    -338.15538251900375  -1796.0822610183093    0
4908    -333.81358815557303  -1743.3166036163595    0
4909    -388.178248162351  -1741.1190784195983    0
4910    -273.03841822316434  -1774.8789163388135    0
4911    -438.19441591873482  -1757.9126559914823    0
4912    -430.37311967318925  -1854.7758169052131    0
4913    -396.57069627212354  -1799.0020724179178    0
4914    -447.94398134499363  -1807.4472417182205    0
4915    -518.12866940919912  -1929.132191554613    45
4916    -508.81147542379955  -1844.1087978412436    0
4917    -364.40993236078725  -1856.6236108162277    0
4918    77.210971779583971  -1557.3003412967009    0
4919    125.55706376390968  -1662.5238682251227    0
4920    -963.74325107477603  -1632.3655889143695    0
4921    -1007.80949702521  -1619.068990006678    0
4922    -949.8896280751062  -1676.2599018086291    0
4923    -1022.8032052776833  -1716.5022141525878    42
4924    -898.81363116706905  -1674.303333832406    0
4925    -876.14112248161041  -1708.5275248336452    0
4926    -935.79081805103681  -1765.4466269951099    43
4927    -823.01068418019372  -1712.0231235944691    0
4928    -894.41693352455002  -1746.0975056833165    0
4929    -846.32916879031291  -1810.0367913309765    43
4930    -851.76929649792737  -1743.6132294786526    0
4931    -803.29674961223327  -1758.8555619860631    0
4932    -1208.8725454510723  -1299.8502181846445    0
4933    -1231.2969843849833  -1263.2557195429656    0
4934    -1274.3687279974715  -1265.0252419995763    0
4935    -1311.6342645672453  -1294.4192960818432    0
4936    -1304.9869249869239  -1381.5876166055014    0
4937    -1285.7578809026913  -1336.2836165362708    0
4938    -1244.4887792519235  -1380.5329024984151    0
4939    -1273.5679807318168  -1448.1637990070012    0
4940    -1196.7340849245841  -1389.4283971579173    0
4941    -1274.2717779794918  -1407.7941593371918    0
4942    -1318.6972138583496  -1428.7596194017092    0
4943    -1235.8106323457066  -1427.3145892152886    0
4944    -1228.4675673968804  -1575.0796063723392    41
4945    -1228.3275064119316  -1485.4796927399884    0
4946    -1361.0262198957698  -1390.8785092333553    0
4947    -1343.4315833954879  -1479.0868225538793    40
4948    -1270.8624010919209  -1490.9655747355796    0
4949    -1267.8774045620521  -1544.3422984940978    41
4950    -1173.2275430782179  -1489.0873532883309    0
4951    -1338.6806835036211  -1352.0088827571201    0
4952    -1388.9195420013089  -1348.9852156425286    0
4953    -1415.7202667320157  -1410.0504864299253    40
4954    -1135.841804208055  -1466.0411526492408    0
4955    -1203.5952271711167  -1530.3184200838286    0
4956    -1189.0577302317088  -1605.8169142505803    41
4957    -1428.4367309624974  -1343.1843167228581    0
4958    -1628.9109524933531  -1001.3756341100745    0
4959    -1722.5612261191563  -838.03603881294339    0
4960    -1768.91197376065  -843.07662146253313    0
4961    -1392.3603024933871  -1285.8480487283796    0
4962    -1352.6908616714602  -1266.931497559231    0
4963    -1107.3663304702525  -1663.2035528034103    42
4964    -1060.2020038308822  -1635.2395203209287    0
4965    -744.37326823101114  -1737.0144490079981    0
4966    -712.28480564472238  -1767.4158112555801    0
4967    -708.13204205839475  -1867.768010638971    44
4968    -754.86519310917288  -1850.0499420689403    44
4969    -725.49182366196737  -1812.8980412316616    0
4970    -669.59736388292492  -1804.4699112325807    0
4971    -619.67995402859094  -1796.6754530284975    0
4972    -661.39889100761673  -1885.4860792090017    44
4973    -607.22697285785284  -1849.4716566593991    0
4974    -566.39720468301891  -1916.1681696668225    45
4975    -532.03950153696564  -1884.585584471964    0
4976    -474.9002153425559  -1891.1876744545953    0
4977    -563.05506228759214  -1852.9431459922939    0
4978    -469.86013413537927  -1942.0962134424035    45
4979    -426.48491332141043  -1904.9620328433125    0
4980    -322.94832636583368  -1971.2211212985617    46
4981    -372.26996261369652  -1963.140678314378    46
4982    -338.58155667500063  -1912.0780541744946    0
4983    -381.71611223499639  -1898.4262241770916    0
4984    -264.59247778871952  -1924.1582837520302    0
4985    -304.28625868550756  -1934.6505028535414    0
4986    -273.62669011797084  -1979.3015642827454    46
4987    -296.1786307022021  -1884.9928434036801    0
4988    -210.9560329370567  -1848.5820280206958    0
4989    -248.43246414719292  -1878.8060284743212    0
4990    -124.54119039794455  -1993.6142611975654    47
4991    -183.24501991812897  -1921.289028749246    0
4992    -259.6261175932176  -1826.5798271275992    0
4993    -212.29430002161317  -1786.7107894748181    0
4994    -161.02607926582286  -1816.5519568745133    0
4995    -161.17926277153467  -1871.2447614044195    0
4996    -133.13666741036877  -1761.4438779557802    0
4997    -111.49498567428276  -1923.0385930702653    0
4998    -92.205866018442748  -1761.1332340902143    0
4999    -129.73851416885438  -1718.6449985492852    0
5000    -177.79200156721942  -1730.3655100038616    0
5001    194.23309198723274  -1313.4654611191879    0
5002    242.10123595022407  -1355.6539494379706    0
5003    245.43129262426203  -1313.4797503900909    0
5004    220.41960373557222  -1445.9523427959969    0
5005    214.744524850929  -1396.8374990263219    0
5006    167.96932121595395  -1410.5106308249412    0
5007    284.71423431171786  -1413.6379918178145    0
5008    163.08861573967789  -1459.2551850015325    0
5009    201.68628882576257  -1495.4082737378826    0
5010    189.67859220612678  -1565.7900802295251    0
5011    287.70942208493176  -1499.7168641211795    0
5012    245.39279135677478  -1483.6878307119366    0
5013    236.41128144733773  -1537.5478415598488    0
5014    293.51246889933844  -1362.5217288866754    0
5015    379.72838452275698  -1403.6767031387521    0
5016    362.6476496862536  -1328.5745588911261    0
5017    330.81650980822269  -1395.2578923106109    0
5018    328.00845237173451  -1455.2230787855926    0
5019    263.1106349032234  -1634.5131269403871    0
5020    236.08634243234971  -1589.7957843537695    0
5021    184.76408375959798  -1632.1513012129335    0
5022    312.82704153863205  -1573.9431754937002    0
5023    270.74184670297961  -1563.8863311204063    0
5024    353.5069746159399  -1518.8144339966741    0
5025    288.19364160852388  -1244.049988396617    0
5026    -1601.0846516135985  -915.94250946376019    0
5027    -1548.0058695404132  -934.06407429651711    0
5028    -1520.7591429524725  -896.35536174360675    0
5029    -1581.500255691846  -958.69770417932773    0
5030    -1599.8375637194124  -853.2580509182543    0
5031    -1070.0618652296646  1565.4702656546435    0
5032    -1053.0822753277753  1605.8212745600315    0
5033    -1113.1715928934002  1557.8504379874573    0
5034    -1140.0160255984922  1592.8944850460191    0
5035    -1135.1747281829475  1644.3492890538221    22
5036    -1129.1054377014932  1518.112783435188    0
5037    -1176.622581185213  1575.4142675546848    0
5038    674.02549874930094  -1121.0098175196968    0
5039    578.23574483266475  -1081.9532159739133    0
5040    537.15282005730398  -1092.7289378862822    0
5041    612.63952756591141  -1134.5696131181921    0
5042    637.69203643329467  -1073.1261294451976    0
5043    580.13106014834398  -1186.6237545213974    0
5044    710.01412855712692  -1055.9756548665475    0
5045    539.60599615712192  -1185.0108966601942    0
5046    623.94288313784114  -1290.8271295045222    0
5047    659.25189501996681  -1199.857668641831    0
5048    677.64415673240353  -1080.5375296668749    0
5049    721.60806380346401  -1104.8662933802559    0
5050    672.52501557814992  -1040.1799898695899    0
5051    802.48071098042612  -1059.8681253088798    0
5052    717.14123884006483  -1169.8963287004772    0
5053    755.69848065741598  -1070.9620722388656    0
5054    792.87101203760199  -1142.4296764171943    0
5055    766.97861392114896  -1014.344118521752    0
5056    771.19457304736204  -968.87819534966559    0
5057    813.32237942863617  -995.71304803228986    0
5058    587.3415978666053  -1244.9040433755761    0
5059    649.84846040056811  -1157.2877816270627    0
5060    524.23327743226901  -1332.7495681609719    0
5061    636.42209212425894  -1243.333652182383    0
5062    714.37532106836329  -1289.2025857818537    0
5063    688.97398864108652  -1243.1972301217465    0
5064    669.05483290186862  -1284.2105706073567    0
5065    765.94641964988614  -1230.7129860527198    0
5066    682.86561121001148  -1367.0473013136668    0
5067    652.6582628031515  -1329.5139057153735    0
5068    588.84256901754759  -1346.8808744837518    0
5069    631.44808505837602  -1377.506447867501    0
5070    555.8546339953981  -1437.7214876854812    0
5071    585.15947989981566  -1396.9533340052246    0
5072    675.69802964698488  -1463.4259640893513    0
5073    530.04008282032726  -1388.2490579530736    0
5074    665.68993366095287  -1414.225818127037    0
5075    615.90566911887208  -1449.970709483001    0
5076    757.91226777777069  -1421.0842978224177    0
5077    712.76832392761571  -1404.6493211585616    0
5078    759.11573887817997  -1347.5599163376946    0
5079    543.39894426789238  -1279.9268986650818    0
5080    452.0506676303329  -1368.3554188259704    0
5081    564.16566045891113  -1550.3000177949975    0
5082    493.79252839381002  -1261.3958314021293    0
5083    465.16702123185627  -1311.8493375970947    0
5084    494.72144878737254  -1363.890856667588    0
5085    479.42622490712438  -1423.853016330745    0
5086    575.88663471553764  -1492.8386828301489    0
5087    411.37755329423175  -1304.7053266499613    0
5088    429.53757234328219  -1413.9611905316592    0
5089    392.58689536705742  -1467.1597849355048    0
5090    445.45230737547735  -1464.4471432378793    0
5091    422.32757089738163  -1530.2709431726346    0
5092    508.25748996830561  -1482.4961331753912    0
5093    642.97755645944255  -1536.4499928507073    0
5094    381.24590703160652  -1252.8520293635283    0
5095    405.0892041602421  -1353.5439829495003    0
5096    537.88990843077283  -1515.0141940133333    0
5097    481.90761759475851  -1536.2681802115651    0
5098    638.20261327452749  -1490.4677657880859    0
5099    600.84431047104147  -1527.8556451579454    0
5100    610.99977428475631  -1585.6440867775841    0
5101    396.67914366821879  -1215.2006141631862    0
5102    335.73925819462806  -1237.6733625992845    0
5103    454.98627130738686  -1504.7704524917358    0
5104    441.48614741226686  -1638.8885483532699    0
5105    714.19622290662392  -1617.7348260140629    0
5106    447.22475367690515  -1581.8778904443768    0
5107    534.44618454051817  -1638.3828029035635    0
5108    667.12362368144397  -1587.1360853063554    0
5109    379.74772165956358  -1582.6222600119186    0
5110    563.95311468168541  -1599.2834302319127    0
5111    517.69628574227465  -1574.5905481250802    0
5112    607.9819335828372  -1663.1940520041742    0
5113    737.82080506030729  -1529.8839311482645    0
5114    663.01490866695826  -1644.9640912843145    0
5115    691.18911952929329  -1544.5772049247894    0
5116    702.86651423280819  -1500.2939085588446    0
5117    753.05881987527607  -1476.4429464803632    0
5118    625.88471916820788  -1625.0570332329212    0
5119    667.81511244748594  -1751.63735471941    0
5120    840.17593571167242  -1530.1762354248904    0
5121    722.84969255784267  -1695.7162124244717    0
5122    650.3713185617346  -1698.9776760158081    0
5123    826.42487076190241  -1454.9830717923362    0
5124    789.03959285697204  -1515.5953598133062    0
5125    781.86775220485572  -1588.8308665741922    0
5126    703.0212056295486  -1658.4457238416283    0
5127    759.80764058261923  -1652.1442240339547    0
5128    565.74213219936507  -1756.2305497703412    0
5129    846.49441401335821  -1809.2693380478852    52
5130    616.13086289996465  -1739.5390192835482    0
5131    661.63992817620738  -1884.7389569908705    51
5132    614.72902867739924  -1819.7101599548982    0
5133    601.36903071104098  -1779.3787271830479    0
5134    550.55958195246603  -1818.5881236995974    0
5135    643.85094326199123  -1787.6848725201855    0
5136    662.98255552059379  -1834.3355592089583    0
5137    693.37910132161346  -1794.6215134393894    0
5138    708.79770680108481  -1868.1841608231673    51
5139    721.10333308855854  -1749.0391471725895    0
5140    748.52338401399754  -1796.9390829704066    0
5141    801.51756275529704  -1724.9826989408916    0
5142    757.27869192793037  -1723.533848247569    0
5143    778.1213014947549  -1763.2445776823986    0
5144    801.22494971966012  -1830.4493513516747    52
5145    825.84695825212975  -1766.1436441964929    0
5146    891.76387830705619  -1788.0893247440958    52
5147    881.86202811251133  -1705.2635010743452    0
5148    719.61733973224045  -1827.5192038034356    0
5149    777.04986026010567  -867.70530257028099    0
5150    818.16901649197655  -769.08143636112106    0
5151    754.92807351459578  -787.03693459564738    0
5152    738.49001084898578  -838.899454251257    0
5153    944.2282505982115  -1082.0389051021236    0
5154    997.36156293999011  -975.17522475767134    0
5155    966.85034138903848  -930.90818896778615    0
5156    996.97729639574368  -890.77830654031141    0
5157    920.85541345935599  -840.88707097990402    0
5158    967.68402410235115  -810.94651147617992    0
5159    923.95386134955766  -747.55276027028845    0
5160    867.25586123494111  -739.61773921948986    0
5161    402.36005015943232  -1038.0910741716164    0
5162    465.08190229877437  -971.50016733332995    0
5163    422.53885375761718  -936.5239742701275    0
5164    452.69631406433768  -905.49718433149405    0
5165    481.334579285838  -872.47451524493135    0
5166    384.20308749656533  -913.04365626344088    0
5167    377.24392528866565  -957.91737200168529    0
5168    1318.4760016206928  -1256.0513064660106    0
5169    1245.0371313152489  -1346.1415638411254    0
5170    1371.0025437540476  -1331.5924182065407    0
5171    1269.0515076734582  -1290.7396530528324    0
5172    1358.5278924640324  -1284.2341226145281    0
5173    1316.2048466089664  -1320.7045605827082    0
5174    1484.23565280151  -1336.8069634427129    56
5175    1426.2595527928263  -1289.2313203296255    0
5176    1196.8775038706967  -1270.4769387019428    0
5177    1343.3626502338948  -1478.304813126379    55
5178    1237.4223466189871  -1264.7298594218669    0
5179    1222.7574219761336  -1307.1635063967678    0
5180    1144.7822989920242  -1334.6981779503312    0
5181    1193.8696068290585  -1349.5321988966948    0
5182    1143.0293259806656  -1429.1334436794414    0
5183    1224.5786593988742  -1425.1818076123088    0
5184    1157.2236299543099  -1382.1630253952794    0
5185    1066.8608839100921  -1380.4856493236946    0
5186    1111.8057034775775  -1394.0678241112801    0
5187    1065.2558446611736  -1466.9515030448513    0
5188    1329.0016356244926  -1399.6394611674584    0
5189    1337.3174661163339  -1357.7865662688062    0
5190    1290.1520048162365  -1360.0889636892102    0
5191    1375.5314255147262  -1387.1319612728212    0
5192    1380.3510994082073  -1444.6927321335816    55
5193    1450.7876006920151  -1373.9438072917483    56
5194    1276.7229440976816  -1412.135891405024    0
5195    1265.6030175066905  -1478.4225780959543    0
5196    1311.8331655818176  -1443.4172455803275    0
5197    1408.9388615663702  -1356.4533845193421    0
5198    1500.7302792240403  -1069.1077546998654    0
5199    1472.1814546717035  -1034.8010695370376    0
5200    1071.8443937326538  -1095.1965979138545    0
5201    1031.804992347357  -1076.1536441805731    0
5202    989.78003463350251  -1105.3370787504346    0
5203    985.04436613907546  -1058.4163702840565    0
5204    925.70290792080414  -1174.4387388139569    0
5205    947.99634811416865  -1130.8513749106303    0
5206    868.62639926802785  -1112.4266940803529    0
5207    1000.6038322192539  -1185.2531434995124    0
5208    -270.47799881620699  -1730.8625094093209    0
5209    -255.10259221070143  -1684.9611200967993    0
5210    -525.74615657351865  -1801.7120287193995    0
5211    103.99253259756262  -1615.5894432747755    0
5212    57.155464887954373  -1655.879676148129    0
5213    148.93421952296526  -1601.6513659212092    0
5214    88.025250037290022  -1693.4943845285704    0
5215    106.38831834264047  -1779.2587140363246    0
5216    146.28386869760214  -1725.8686159701524    0
5217    84.825451306718548  -1739.027526241648    0
5218    40.792475476232006  -1770.3344720085115    0
5219    24.412835446963769  -1811.2964252677111    0
5220    6.3108314547091879  -1851.9379714921959    0
5221    69.440735370393355  -1805.6151976935364    0
5222    75.11031997655671  -1996.0878663999415    48
5223    37.170118134716866  -1925.7026993712034    0
5224    133.09864847713925  -1859.7964309595034    0
5225    -1154.6024882872925  -1430.6309640447978    0
5226    -1153.533393060487  -1550.6999796892262    0
5227    -1065.6929765490731  -1592.0173200922068    0
5228    -650.29473057469556  -1843.4394796384172    0
5229    -317.84054606045777  -1840.8555458352275    0
5230    -223.23005321655339  -1942.2491565117334    0
5231    -174.42312213402624  -1990.4981342322474    47
5232    -74.659258661862836  -1996.7303881628836    47
5233    -45.944820246420122  -1937.8839488404819    0
5234    -106.80963710056243  -1868.8168399934586    0
5235    153.93557522405945  -1546.754577655787    0
5236    313.95166359128751  -1532.1996505232464    0
5237    246.67171875522055  -1217.8148636016338    0
5238    -1051.5197155274593  1699.0622518831055    22
5239    748.93045941022547  -1139.4114594284595    0
5240    761.47504748881204  -1184.309915927452    0
5241    827.8153750155418  -1201.3343659742809    0
5242    840.94687367220047  -1033.374969235726    0
5243    881.84360686364403  -1063.4269826556902    0
5244    715.25417874901405  -1334.8578791699433    0
5245    774.01540895853759  -1289.8078063590003    0
5246    868.94413304363536  -1345.0968660824039    0
5247    813.68258210468537  -1330.83974409287    0
5248    827.33110470207396  -1392.164445086951    0
5249    858.78730138180811  -1270.2381393122764    0
5250    911.66605122450096  -1424.7969278224875    0
5251    799.51836248593781  -1423.1790630715861    0
5252    785.10594906482311  -1382.2765338519985    0
5253    810.56004802372888  -1254.7195959387625    0
5254    875.54284783747391  -1392.8599572341527    0
5255    936.71067505708777  -1360.0719411056357    0
5256    581.26943133248426  -1303.1220372945374    0
5257    390.91937464755608  -1506.5087099044304    0
5258    515.51124973182982  -1442.5210483622145    0
5259    348.91771203588621  -1558.0013734009747    0
5260    337.63533783277234  -1644.9948982901899    0
5261    487.84586549842641  -1616.5234907243896    0
5262    488.17178614853236  -1676.4302990848073    0
5263    398.27779924118738  -1740.4201821991242    0
5264    545.18694676199664  -1698.609847943676    0
5265    434.20056242946873  -1695.7478610649989    0
5266    492.40708499482366  -1749.9148514571161    0
5267    566.86702218878543  -1663.6722049398982    0
5268    587.86014317333934  -1700.8946566901077    0
5269    390.69765769878109  -1661.2772596589152    0
5270    530.51739982733318  -1736.3196580001663    0
5271    525.05671523343392  -1781.2255494640217    0
5272    453.22667011757562  -1823.4489879375135    0
5273    502.05747553281969  -1824.3094552134792    0
5274    470.17455488580202  -1941.3768872874709    50
5275    532.35518003235666  -1872.7087668979104    0
5276    476.7619213613736  -1873.8270883525352    0
5277    471.27229450705113  -1714.2686325103487    0
5278    444.42370059712852  -1754.2758365391587    0
5279    407.29899090662525  -1794.1470323063847    0
5280    402.62237692866319  -1619.5274667410251    0
5281    348.16426758169064  -1705.2854839268607    0
5282    614.48214955132994  -1901.2937531585737    51
5283    518.74946290612729  -1929.6127183068738    50
5284    392.52174038674798  -1882.4952059313248    0
5285    294.19979670177747  -1683.6449839644674    0
5286    333.96904929060884  -1778.8389563447213    0
5287    433.13545616549652  -1863.5216043678954    0
5288    396.34506816172251  -1837.7247820136095    0
5289    421.59964686547676  -1953.141056268068    50
5290    322.06340721373653  -1853.9297036016462    0
5291    429.45608167570703  -1908.6001657675945    0
5292    222.08204185682587  -1694.8768588489647    0
5293    357.52620257233622  -1745.2387774661847    0
5294    308.20998500519374  -1735.7211510286586    0
5295    244.6535430764568  -1802.9437686042759    0
5296    285.91189356318995  -1778.2955636525728    0
5297    255.65133859571358  -1735.3203291137766    0
5298    285.72686977933529  -1824.8408991948152    0
5299    199.4815892100178  -1747.7894124113598    0
5300    226.37263457356096  -1886.7040113927792    0
5301    275.69082076311975  -1874.6169744776287    0
5302    274.01135286202305  -1978.6172214601729    49
5303    323.8668524561657  -1920.2903368553741    0
5304    262.2450071035891  -1926.4135262770619    0
5305    224.50465987045877  -1985.4732195659271    49
5306    192.35083092680978  -1935.4628414657357    0
5307    175.61448007898491  -1887.5360525017259    0
5308    200.17379586765659  -1837.1109899447199    0
5309    115.71964793662075  -1932.8840874494899    0
5310    242.64804770449283  -1846.3690012559332    0
5311    125.05414342772562  -1994.2085420358114    48
5312    153.34646235590799  -1954.6414120800368    0
5313    717.9062743396214  -1448.9682111123946    0
5314    736.66753476865802  -1576.6757684181969    0
5315    868.19894180045014  -1748.9017231364955    0
5316    836.25181524988841  -1643.2796198604422    0
5317    814.44822801441728  -808.87512170343791    0
5318    853.45618585933244  -792.45164988109923    0
5319    790.70604368902445  -732.62693476135598    0
5320    927.99703511294763  -1034.5481731017517    0
5321    1421.7493742494671  -1246.6890627686153    0
5322    1517.6837049110052  -1299.6701195936773    56
5323    1499.233743879327  -1257.6339599039006    0
5324    1182.5175064546977  -1229.6306011709635    0
5325    1140.844270220415  -1278.2637112681759    0
5326    1057.7749201843151  -1251.2830024049581    0
5327    1103.9273784468596  -1250.5559300568461    0
5328    1080.183172118524  -1208.5181979281585    0
5329    1081.8334508505045  -1313.2731380617979    0
5330    1048.1484475712964  -1170.3594728933576    0
5331    1187.1611864596316  -1496.4395406392885    0
5332    1306.374201059582  -1511.9168941191767    55
5333    1442.0225127847393  -1329.1353536914805    0
5334    1470.0285021408286  -1295.007007052187    0
5335    27.049698713797071  -1625.2760781246127    0
5336    20.02988354454952  -1677.6897783772692    0
5337    -148.09693828699346  -1951.9756021828478    0
5338    25.166496525387792  -1997.9671907640716    48
5339    -7.2006680701501011  -1912.5975370989561    0
5340    -1.3002448941177533  -1959.1811346253835    0
5341    -84.401327357671263  -1955.5477905965781    0
5342    -71.482373810726401  -1899.0368441652918    0
5343    231.71225747188421  -1178.5706287611063    0
5344    -1042.7568740594461  1652.281820020549    0
5345    841.12293735381684  -1153.6223792426997    0
5346    877.17189520475029  -1189.3887833973276    0
5347    919.82465255503075  -1241.602674188277    0
5348    994.06961066429369  -1419.4742168719622    0
5349    343.04963593870968  -1603.2475791039058    0
5350    301.78477510059031  -1615.5684068975031    0
5351    353.66838638411053  -1820.4514810453823    0
5352    223.38552716041187  -1651.6376067672841    0
5353    172.80386080599681  -1681.7306753128832    0
5354    368.63309930738887  -1920.3548658415282    0
5355    323.5180458535873  -1971.7612233544189    49
5356    153.11045544008601  -1808.4614177500057    0
5357    195.08664895009682  -1792.4869423779483    0
5358    160.75914767909956  -1766.2507046841367    0
5359    86.482127615390709  -1887.3218593403546    0
5360    74.458428941913326  -1951.0210919188485    0
5361    795.88474812217021  -1629.2146256407673    0
5362    800.91064449502039  -1676.9687062223913    0
5363    830.5999577890002  -1594.5406609088845    0
5364    919.82661529917709  -1608.8909562641065    0
5365    873.18952335904658  -1614.2990774408011    0
5366    901.82716633871451  -1657.4644062707825    0
5367    890.409270347595  -1559.0018445598125    0
5368    1022.8910074795386  -1715.722097944054    53
5369    976.37493931983693  -1657.4672623716806    0
5370    939.09938103489924  -1701.1017393875234    0
5371    989.11895659374079  -1534.41481498282    0
5372    895.98680407556606  -1491.099378583787    0
5373    979.96217504014635  -1741.3157046921801    53
5374    943.41473924881848  -1561.3645176623716    0
5375    995.37151885878177  -1597.24851165373    0
5376    943.87480941542867  -1509.9148282757253    0
5377    990.99786982457567  -1476.9188275415881    0
5378    960.08863092778745  -1619.2238894784609    0
5379    1065.8198399189309  -1690.1284911959278    53
5380    1055.8201250653481  -1624.5560699111631    0
5381    1032.8421756515575  -1507.064953217066    0
5382    1036.4358250758205  -1561.4342712568309    0
5383    1102.002267153505  -1529.7971016364174    0
5384    1025.174802503353  -1449.9419406685547    0
5385    1060.0009458489612  -1423.6061341748605    0
5386    1100.5624897561179  -1440.6799460351683    0
5387    1106.2312737033362  -1485.1585694490893    0
5388    1143.8466772224685  -1511.2418041999465    0
5389    1189.0672121217963  -1605.0319297798878    54
5390    1181.5690700076498  -1550.8506160449251    0
5391    954.41954513214182  -1446.1584384190246    0
5392    1014.1345586425648  -1636.2731930981688    0
5393    1129.799026099319  -1585.6245530945482    0
5394    1229.226482003533  -1575.2804524459309    54
5395    1224.6269459213117  -1527.0921666926743    0
5396    1082.967397113521  -1574.1084520841885    0
5397    1148.9079422400596  -1634.7834071138448    54
5398    768.61733469596913  -699.76559808873412    0
5399    1000.4153853816891  -1309.2080415629557    0
5400    1104.1271168797764  -1350.9596168310823    0
5401    1222.2424388979439  -1469.407890837336    0
5402    1184.6806445592163  -1445.2489615833606    0
5403    958.63216688174589  -1211.1599438771825    0
5404    969.19720419654448  -1264.584663632681    0
5405    921.86218009943116  -1301.7503135667291    0
5406    1014.6952868266217  -1265.9862374934412    0
5407    959.45347928366027  -1323.2306949813722    0
5408    989.04082917234564  -1366.9359372174488    0
5409    1025.1159057259426  -1389.9927648647813    0
5410    1036.237478324183  -1342.4237185739364    0
5411    878.14214010602689  -1232.1243542657187    0
5412    872.8458935833487  -1450.6218561377943    0
5413    852.92487627846344  -1488.9907980482885    0
5414    1100.7250741853704  -1620.1315925951633    0
5415    880.63339171284815  -1305.3924647077006    0
5416    154.24693812353408  -378.04505678391365    0
5417    320.39750104488093  10.309505127774884    0
5418    359.39873666781477  173.11228018863972    0
5419    -791.84456292751202  -449.85767626646481    0
5420    -1304.5392878248872  397.47627904641377    0
5421    -495.63833654446364  550.06243322025364    0
5422    -1038.7191707840227  705.2501064310834    0
5423    -1439.2285839517808  1386.0473769150858    24
5424    -569.27833438854248  157.60011939603712    0
5425    -1630.1598000048743  1155.4589020666667    26
5426    -1609.0985742720063  1089.5365420431922    0
5427    -1685.9049378268878  1072.4881297841744    26
5428    -1656.7410049981602  1022.7879196678149    0
5429    -1621.0818403260237  1002.1213224309653    0
5430    -1643.6926166752492  1063.8514332348363    0
5431    197.83663812796198  1637.9222625624875    0
5432    140.47870131476262  1948.6316836416865    0
5433    91.506041350909953  1996.0292814268341    16
5434    955.24998430269238  140.26159611623299    0
5435    1038.4894312550828  -688.46921666795458    0
5436    1286.4730108048641  -144.68086041453208    0
5437    1335.7989085538875  -160.10278988280308    0
5438    1308.4655310444971  -103.17142576358447    0
5439    1305.1321347427895  -58.662047538288562    0
5440    1508.2285994340461  -120.40331848463694    0
5441    1473.9650737886673  -82.332488269129186    0
5442    1522.7484520735777  -72.881633653620725    0
5443    1475.3566543297588  -144.84537605750714    0
5444    1525.2903831436136  -161.58031628782936    0
5445    1551.5971108713422  -108.72067804919382    0
5446    1775.9866198958121  -532.96812040880775    0
5447    -1760.9608953860084  942.881252055294    27
5448    1776.9043398370018  913.84747906062967    5
5449    1716.2410983602867  928.93697569954793    0
5450    1893.5352306898517  637.98948114633458    4
5451    1947.4321796373442  136.07609525894887    0
5452    -364.16212546619602  -933.31182899621763    0
5453    -267.25099384334777  -1055.1732938663461    0
5454    -1174.9097279646819  -1013.0133329168565    0
5455    -1818.6698952131819  144.66975154206767    0
5456    -1741.0026658952572  734.43548380452785    0
5457    -1709.9272199694258  772.80631183557898    0
5458    -1746.3282760437248  842.18165299214797    0
5459    -1693.1878356695963  885.84920637512903    0
5460    -1784.5525897100654  898.82050626147679    27
5461    -1737.5017067519359  901.97407594272102    0
5462    -1698.1107428634398  941.27366831899076    0
5463    -1659.9366869801318  859.21075214667428    0
5464    -1656.02193031243  918.68920311277543    0
5465    -1737.3692010619516  986.9419978491112    27
5466    -1689.8545697783325  988.66880652334669    0
5467    -1827.2193833599208  808.56389542869704    28
5468    1773.2074712981639  802.48008815674086    0
5469    1811.6552331547675  439.84355272460692    0
5470    -1127.8277707138266  -1256.3623205759227    0
5471    -1224.7924319040601  -929.26788341871918    0
5472    -1181.9765735212591  -921.02280964305419    0
5473    -983.8939932257806  1686.8903445377928    0
5474    529.4416211566803  -945.37740167964114    0
5475    672.70926212471932  -953.29411881239685    0
5476    1363.2440401024876  -1194.155906971253    0
5477    723.82240910950475  -1214.52604262816    0
5478    332.60195581954798  -1288.0353430490884    0
5479    821.4360740235702  -1103.9144556039219    0
5480    582.67560189501137  -1860.4053336080453    0
5481    388.70012866265495  1959.9536876912869    14
5482    371.65002413210004  1921.1607622335339    0
# Generated by C:\Users\lukem\mf6\modflow_exe\triangle.exe -a -q30 -A -p -V -D -e -n _triangle.0
